# Blender 4.3.2
# www.blender.org
mtllib 游创.mtl
o Cube.024
v -1.824002 0.840199 3.301110
v -1.824002 0.736227 3.301110
v -1.824002 0.840199 -3.301110
v -1.824002 0.736227 -3.301110
v 1.824002 0.840199 3.301110
v 1.824002 0.736227 3.301110
v 1.824002 0.840199 -3.301110
v 1.824002 0.736227 -3.301110
vn 1.0000 -0.0000 -0.0000
vn -0.0000 -0.0000 1.0000
vn -1.0000 -0.0000 -0.0000
vn -0.0000 -0.0000 -1.0000
vn -0.0000 -1.0000 -0.0000
vn -0.0000 1.0000 -0.0000
vt 0.375000 0.000000
vt 0.625000 0.000000
vt 0.625000 0.250000
vt 0.375000 0.250000
vt 0.625000 0.500000
vt 0.375000 0.500000
vt 0.625000 0.750000
vt 0.375000 0.750000
vt 0.625000 1.000000
vt 0.375000 1.000000
vt 0.125000 0.500000
vt 0.125000 0.750000
vt 0.875000 0.500000
vt 0.875000 0.750000
s 0
f 1/1/1 2/2/1 4/3/1 3/4/1
f 3/4/2 4/3/2 8/5/2 7/6/2
f 7/6/3 8/5/3 6/7/3 5/8/3
f 5/8/4 6/7/4 2/9/4 1/10/4
f 3/11/5 7/6/5 5/8/5 1/12/5
f 8/5/6 4/13/6 2/14/6 6/7/6
o Cube.025
v -1.060385 0.952950 1.277266
v -1.060385 0.806453 1.277266
v -1.060385 0.952950 -1.277266
v -1.060385 0.806453 -1.277266
v 1.060385 0.952950 1.277266
v 1.060385 0.806453 1.277266
v 1.060385 0.952950 -1.277266
v 1.060385 0.806453 -1.277266
vn 1.0000 -0.0000 -0.0000
vn -0.0000 -0.0000 1.0000
vn -1.0000 -0.0000 -0.0000
vn -0.0000 -0.0000 -1.0000
vn -0.0000 -1.0000 -0.0000
vn -0.0000 1.0000 -0.0000
vt 0.375000 0.000000
vt 0.625000 0.000000
vt 0.625000 0.250000
vt 0.375000 0.250000
vt 0.625000 0.500000
vt 0.375000 0.500000
vt 0.625000 0.750000
vt 0.375000 0.750000
vt 0.625000 1.000000
vt 0.375000 1.000000
vt 0.125000 0.500000
vt 0.125000 0.750000
vt 0.875000 0.500000
vt 0.875000 0.750000
s 0
f 9/15/7 10/16/7 12/17/7 11/18/7
f 11/18/8 12/17/8 16/19/8 15/20/8
f 15/20/9 16/19/9 14/21/9 13/22/9
f 13/22/10 14/21/10 10/23/10 9/24/10
f 11/25/11 15/20/11 13/22/11 9/26/11
f 16/19/12 12/27/12 10/28/12 14/21/12
o Cube.026
v -4.053864 -2.065181 4.821033
v -4.053864 4.822807 4.821033
v -4.053864 -2.065181 -4.821033
v -4.053864 4.822807 -4.821033
v -3.979244 -2.065181 4.821033
v -3.979244 4.822807 4.821033
v -3.979244 -2.065181 -4.821033
v -3.979244 4.822807 -4.821033
vn -1.0000 -0.0000 -0.0000
vn -0.0000 -0.0000 -1.0000
vn 1.0000 -0.0000 -0.0000
vn -0.0000 -0.0000 1.0000
vn -0.0000 -1.0000 -0.0000
vn -0.0000 1.0000 -0.0000
vt 0.375000 0.000000
vt 0.625000 0.000000
vt 0.625000 0.250000
vt 0.375000 0.250000
vt 0.625000 0.500000
vt 0.375000 0.500000
vt 0.625000 0.750000
vt 0.375000 0.750000
vt 0.625000 1.000000
vt 0.375000 1.000000
vt 0.125000 0.500000
vt 0.125000 0.750000
vt 0.875000 0.500000
vt 0.875000 0.750000
s 0
f 17/29/13 18/30/13 20/31/13 19/32/13
f 19/32/14 20/31/14 24/33/14 23/34/14
f 23/34/15 24/33/15 22/35/15 21/36/15
f 21/36/16 22/35/16 18/37/16 17/38/16
f 19/39/17 23/34/17 21/36/17 17/40/17
f 24/33/18 20/41/18 18/42/18 22/35/18
o Cube.027
v -4.012844 -2.065181 4.701660
v -4.012844 4.822807 4.701660
v 5.629223 -2.065181 4.701661
v 5.629223 4.822807 4.701661
v -4.012844 -2.065181 4.776281
v -4.012844 4.822807 4.776281
v 5.629223 -2.065181 4.776281
v 5.629223 4.822807 4.776281
vn -0.0000 -0.0000 -1.0000
vn 1.0000 -0.0000 -0.0000
vn -0.0000 -0.0000 1.0000
vn -1.0000 -0.0000 -0.0000
vn -0.0000 -1.0000 -0.0000
vn -0.0000 1.0000 -0.0000
vt 0.375000 0.000000
vt 0.625000 0.000000
vt 0.625000 0.250000
vt 0.375000 0.250000
vt 0.625000 0.500000
vt 0.375000 0.500000
vt 0.625000 0.750000
vt 0.375000 0.750000
vt 0.625000 1.000000
vt 0.375000 1.000000
vt 0.125000 0.500000
vt 0.125000 0.750000
vt 0.875000 0.500000
vt 0.875000 0.750000
s 0
f 25/43/19 26/44/19 28/45/19 27/46/19
f 27/46/20 28/45/20 32/47/20 31/48/20
f 31/48/21 32/47/21 30/49/21 29/50/21
f 29/50/22 30/49/22 26/51/22 25/52/22
f 27/53/23 31/48/23 29/50/23 25/54/23
f 32/47/24 28/55/24 26/56/24 30/49/24
o Cube.028
v -4.029827 -2.065181 -4.774051
v -4.029827 4.822807 -4.774051
v 5.612240 -2.065181 -4.774051
v 5.612240 4.822807 -4.774051
v -4.029827 -2.065181 -4.699430
v -4.029827 4.822807 -4.699430
v 5.612240 -2.065181 -4.699430
v 5.612240 4.822807 -4.699430
vn -0.0000 -0.0000 -1.0000
vn 1.0000 -0.0000 -0.0000
vn -0.0000 -0.0000 1.0000
vn -1.0000 -0.0000 -0.0000
vn -0.0000 -1.0000 -0.0000
vn -0.0000 1.0000 -0.0000
vt 0.375000 0.000000
vt 0.625000 0.000000
vt 0.625000 0.250000
vt 0.375000 0.250000
vt 0.625000 0.500000
vt 0.375000 0.500000
vt 0.625000 0.750000
vt 0.375000 0.750000
vt 0.625000 1.000000
vt 0.375000 1.000000
vt 0.125000 0.500000
vt 0.125000 0.750000
vt 0.875000 0.500000
vt 0.875000 0.750000
s 0
f 33/57/25 34/58/25 36/59/25 35/60/25
f 35/60/26 36/59/26 40/61/26 39/62/26
f 39/62/27 40/61/27 38/63/27 37/64/27
f 37/64/28 38/63/28 34/65/28 33/66/28
f 35/67/29 39/62/29 37/64/29 33/68/29
f 40/61/30 36/69/30 34/70/30 38/63/30
o Cube.029
v -4.936717 -0.559522 4.936717
v -4.936717 -0.424387 4.936717
v -4.936717 -0.559522 -4.936717
v -4.936717 -0.424387 -4.936717
v 4.936717 -0.559522 4.936717
v 4.936717 -0.424387 4.936717
v 4.936717 -0.559522 -4.936717
v 4.936717 -0.424387 -4.936717
vn -1.0000 -0.0000 -0.0000
vn -0.0000 -0.0000 -1.0000
vn 1.0000 -0.0000 -0.0000
vn -0.0000 -0.0000 1.0000
vn -0.0000 -1.0000 -0.0000
vn -0.0000 1.0000 -0.0000
vt 0.375000 0.000000
vt 0.625000 0.000000
vt 0.625000 0.250000
vt 0.375000 0.250000
vt 0.625000 0.500000
vt 0.375000 0.500000
vt 0.625000 0.750000
vt 0.375000 0.750000
vt 0.625000 1.000000
vt 0.375000 1.000000
vt 0.125000 0.500000
vt 0.125000 0.750000
vt 0.875000 0.500000
vt 0.875000 0.750000
s 0
f 41/71/31 42/72/31 44/73/31 43/74/31
f 43/74/32 44/73/32 48/75/32 47/76/32
f 47/76/33 48/75/33 46/77/33 45/78/33
f 45/78/34 46/77/34 42/79/34 41/80/34
f 43/81/35 47/76/35 45/78/35 41/82/35
f 48/75/36 44/83/36 42/84/36 46/77/36
o Cube.030
v 0.779977 0.684272 -1.053401
v 0.779977 1.019349 -1.053401
v 0.779977 0.684272 -1.878769
v 0.709034 1.064408 -1.712794
v 0.000000 0.684272 -1.963929
v 0.000000 1.019349 -1.963929
v 0.000000 0.684272 -1.202139
v 0.000000 1.019349 -1.202139
v 0.384050 1.064408 -1.705135
v 0.355048 0.684272 -1.202139
v 0.355048 0.684272 -1.867944
v 0.392545 1.064408 -1.253221
v 1.026911 0.684272 -1.090662
v 0.838245 1.064408 -1.182645
v 1.026911 0.684272 -1.737130
v 0.865537 1.064408 -1.623025
v 0.355048 1.019349 -1.867944
v 0.779977 1.019349 -1.878769
v 0.355048 1.019349 -1.202139
v 0.000000 1.064408 -1.834907
v 0.000000 1.064408 -1.249195
v 0.725648 1.064408 -1.150296
v 1.026911 1.019349 -1.737130
v 1.026911 1.019349 -1.090662
v 0.700869 0.684272 -1.280306
v 0.642119 1.064408 -1.307268
v 0.000000 1.064408 -1.405013
v 0.000000 0.684272 -1.404799
v 0.390285 1.064408 -1.373445
v 0.355048 0.684272 -1.379264
v 0.954395 0.684272 -1.306623
v 0.954395 1.019349 -1.306623
v 0.778188 1.064408 -1.304263
v -0.779977 0.684272 -1.053401
v -0.779977 1.019349 -1.053401
v -0.779977 0.684272 -1.878769
v -0.709034 1.064408 -1.712794
v -0.384050 1.064408 -1.705135
v -0.355048 0.684272 -1.202139
v -0.355048 0.684272 -1.867944
v -0.392545 1.064408 -1.253221
v -1.026911 0.684272 -1.090662
v -0.838245 1.064408 -1.182645
v -1.026911 0.684272 -1.737130
v -0.865537 1.064408 -1.623025
v -0.355048 1.019349 -1.867944
v -0.779977 1.019349 -1.878769
v -0.355048 1.019349 -1.202139
v -0.725648 1.064408 -1.150296
v -1.026911 1.019349 -1.737130
v -1.026911 1.019349 -1.090662
v -0.700869 0.684272 -1.280306
v -0.642119 1.064408 -1.307268
v -0.390285 1.064408 -1.373445
v -0.355048 0.684272 -1.379264
v -0.954395 0.684272 -1.306623
v -0.954395 1.019349 -1.306623
v -0.778188 1.064408 -1.304263
vn -0.0255 -0.0000 -0.9997
vn 0.1492 -0.0000 0.9888
vn -0.0000 -1.0000 -0.0000
vn -0.0000 1.0000 -0.0000
vn -0.0000 -0.0000 1.0000
vn -0.3304 -0.0000 0.9438
vn 0.2610 -0.0000 -0.9653
vn 0.9480 -0.0000 -0.3183
vn 0.4976 -0.0000 -0.8674
vn -0.0065 0.9642 -0.2651
vn 0.0036 0.7359 0.6771
vn 0.0923 0.9488 -0.3022
vn -0.1748 0.8320 0.5266
vn 0.2623 0.9595 -0.1030
vn 0.0689 0.9319 0.3560
vn 0.1213 0.9698 -0.2115
vn 0.2764 0.9592 0.0590
vn 0.9861 -0.0000 0.1661
vn 0.0255 -0.0000 -0.9997
vn -0.1492 -0.0000 0.9888
vn 0.3304 -0.0000 0.9438
vn -0.2610 -0.0000 -0.9653
vn -0.9480 -0.0000 -0.3183
vn -0.4976 -0.0000 -0.8674
vn 0.0065 0.9642 -0.2651
vn -0.0036 0.7359 0.6771
vn -0.0923 0.9488 -0.3022
vn 0.1748 0.8320 0.5266
vn -0.2623 0.9595 -0.1030
vn -0.0689 0.9319 0.3560
vn -0.1213 0.9698 -0.2115
vn -0.2764 0.9592 0.0590
vn -0.9861 -0.0000 0.1661
vt 0.375000 0.421250
vt 0.625000 0.421250
vt 0.625000 0.500000
vt 0.375000 0.500000
vt 0.625000 0.750000
vt 0.375000 0.750000
vt 0.296250 0.683492
vt 0.375000 0.683492
vt 0.296250 0.750000
vt 0.704153 0.678513
vt 0.742752 0.678945
vt 0.742752 0.739724
vt 0.703750 0.738735
vt 0.375000 0.828750
vt 0.625000 0.828750
vt 0.625000 0.875000
vt 0.375000 0.875000
vt 0.625000 0.679571
vt 0.625000 0.738916
vt 0.250000 0.683492
vt 0.250000 0.750000
vt 0.375000 0.375000
vt 0.625000 0.375000
vt 0.625000 0.683492
vt 0.625000 0.736985
vt 0.625000 0.678614
vt 0.705263 0.512363
vt 0.625000 0.515842
vt 0.703750 0.500000
vt 0.750000 0.750000
vt 0.703750 0.750000
vt 0.742752 0.511257
vt 0.750000 0.500000
vt 0.625000 0.517572
vt 0.250000 0.500000
vt 0.296250 0.500000
s 0
f 59/85/37 65/86/37 66/87/37 51/88/37
f 50/89/38 49/90/38 61/90/38 72/89/38
f 78/91/39 73/92/39 49/90/39 58/93/39
f 77/94/40 75/95/40 69/96/40 60/97/40
f 58/98/41 67/99/41 56/100/41 55/101/41
f 49/90/42 50/89/42 67/99/42 58/98/42
f 74/102/40 77/94/40 60/97/40 70/103/40
f 76/104/39 78/91/39 58/93/39 55/105/39
f 53/106/43 54/107/43 65/86/43 59/85/43
f 79/92/44 80/108/44 72/89/44 61/90/44
f 73/92/39 51/88/39 63/88/39 79/92/39
f 74/102/40 70/103/40 62/109/40 81/110/40
f 51/88/45 66/87/45 71/87/45 63/88/45
f 57/111/46 52/112/46 66/87/46 65/113/46
f 60/97/47 69/96/47 56/114/47 67/115/47
f 68/116/48 57/111/48 65/113/48 54/117/48
f 70/103/49 60/97/49 67/115/49 50/89/49
f 81/110/50 62/109/50 72/89/50 80/108/50
f 62/109/51 70/103/51 50/89/51 72/89/51
f 52/112/52 64/118/52 71/87/52 66/87/52
f 64/118/53 81/110/53 80/108/53 71/87/53
f 52/112/40 74/102/40 81/110/40 64/118/40
f 49/90/39 73/92/39 79/92/39 61/90/39
f 63/88/54 71/87/54 80/108/54 79/92/54
f 53/119/39 59/120/39 78/91/39 76/104/39
f 52/112/40 57/111/40 77/94/40 74/102/40
f 57/111/40 68/116/40 75/95/40 77/94/40
f 59/120/39 51/88/39 73/92/39 78/91/39
f 88/85/55 84/88/55 95/87/55 94/86/55
f 83/89/56 99/89/56 90/90/56 82/90/56
f 103/91/39 87/93/39 82/90/39 100/92/39
f 102/94/40 89/97/40 69/96/40 75/95/40
f 87/98/41 55/101/41 56/100/41 96/99/41
f 82/90/57 87/98/57 96/99/57 83/89/57
f 101/102/40 97/103/40 89/97/40 102/94/40
f 76/104/39 55/105/39 87/93/39 103/91/39
f 53/106/58 88/85/58 94/86/58 54/107/58
f 104/92/59 90/90/59 99/89/59 105/108/59
f 100/92/39 104/92/39 92/88/39 84/88/39
f 101/102/40 106/110/40 91/109/40 97/103/40
f 84/88/60 92/88/60 98/87/60 95/87/60
f 86/111/61 94/113/61 95/87/61 85/112/61
f 89/97/62 96/115/62 56/114/62 69/96/62
f 68/116/63 54/117/63 94/113/63 86/111/63
f 97/103/64 83/89/64 96/115/64 89/97/64
f 106/110/65 105/108/65 99/89/65 91/109/65
f 91/109/66 99/89/66 83/89/66 97/103/66
f 85/112/67 95/87/67 98/87/67 93/118/67
f 93/118/68 98/87/68 105/108/68 106/110/68
f 85/112/40 93/118/40 106/110/40 101/102/40
f 82/90/39 90/90/39 104/92/39 100/92/39
f 92/88/69 104/92/69 105/108/69 98/87/69
f 53/119/39 76/104/39 103/91/39 88/120/39
f 85/112/40 101/102/40 102/94/40 86/111/40
f 86/111/40 102/94/40 75/95/40 68/116/40
f 88/120/39 103/91/39 100/92/39 84/88/39
o Cube.031
v 0.708858 0.793864 -1.873038
v 0.708858 0.984382 -1.873038
v 1.435233 0.793864 -1.825540
v 1.435233 0.984382 -1.825540
v 0.889352 0.793864 -1.305656
v 0.889352 0.984382 -1.305656
v 1.435233 0.793864 -1.276629
v 1.435233 0.984382 -1.276629
v 0.984349 0.793864 -1.124805
v 1.435233 0.984382 -1.124805
v 0.984349 0.984382 -1.124805
v 1.435233 0.793864 -1.124805
v 0.951717 0.984382 -1.703503
v 1.435233 0.793864 -1.693533
v 0.951717 0.793864 -1.703503
v 1.435233 0.984382 -1.693533
v 0.708858 0.793864 -1.936370
v 0.708858 0.984382 -1.936370
v 1.294637 0.793864 -1.936370
v 1.294637 0.984382 -1.936370
v 0.451135 0.793864 -1.759570
v 0.451135 0.984382 -1.759570
v 0.433983 0.793864 -1.857206
v 0.433983 0.984382 -1.857206
v 0.984349 0.793864 0.000000
v 1.435233 0.984382 0.000000
v 0.984349 0.984382 0.000000
v 1.435233 0.793864 0.000000
v 0.708858 0.793864 1.873038
v 0.708858 0.984382 1.873038
v 1.435233 0.793864 1.825540
v 1.435233 0.984382 1.825540
v 0.889352 0.793864 1.305656
v 0.889352 0.984382 1.305656
v 1.435233 0.793864 1.276629
v 1.435233 0.984382 1.276629
v 0.984349 0.793864 1.124805
v 1.435233 0.984382 1.124805
v 0.984349 0.984382 1.124805
v 1.435233 0.793864 1.124805
v 0.951717 0.984382 1.703503
v 1.435233 0.793864 1.693533
v 0.951717 0.793864 1.703503
v 1.435233 0.984382 1.693533
v 0.708858 0.793864 1.936370
v 0.708858 0.984382 1.936370
v 1.294637 0.793864 1.936370
v 1.294637 0.984382 1.936370
v 0.451135 0.793864 1.759570
v 0.451135 0.984382 1.759570
v 0.433983 0.793864 1.857206
v 0.433983 0.984382 1.857206
vn -0.5724 -0.0000 0.8200
vn -0.0000 -1.0000 -0.0000
vn -0.0000 1.0000 -0.0000
vn 1.0000 -0.0000 -0.0000
vn -0.8853 -0.0000 0.4650
vn -1.0000 -0.0000 -0.0000
vn -0.9879 -0.0000 -0.1549
vn -0.0000 -0.0000 -1.0000
vn 0.6191 -0.0000 -0.7853
vn -0.9849 -0.0000 0.1730
vn 0.4029 -0.0000 0.9152
vn -0.2768 -0.0000 -0.9609
vn -0.5724 -0.0000 -0.8200
vn -0.8853 -0.0000 -0.4650
vn -0.9879 -0.0000 0.1549
vn -0.0000 -0.0000 1.0000
vn 0.6191 -0.0000 0.7853
vn -0.9849 -0.0000 -0.1730
vn 0.4029 -0.0000 -0.9152
vn -0.2768 -0.0000 0.9609
vt 0.375000 0.235736
vt 0.625000 0.235736
vt 0.625000 0.250000
vt 0.375000 0.250000
vt 0.375000 0.500000
vt 0.125000 0.500000
vt 0.625000 0.514264
vt 0.875000 0.514263
vt 0.875000 0.541524
vt 0.625000 0.541524
vt 0.125000 0.514263
vt 0.375000 0.514264
vt 0.375000 0.541524
vt 0.125000 0.541524
vt 0.375000 0.198549
vt 0.625000 0.198549
vt 0.625000 0.208476
vt 0.375000 0.208476
vt 0.375000 0.099274
vt 0.625000 0.099274
vt 0.875000 0.551451
vt 0.625000 0.551451
vt 0.375000 0.551451
vt 0.125000 0.551451
vt 0.625000 0.500000
vt 0.875000 0.500000
vt 0.875000 0.650726
vt 0.625000 0.650726
vt 0.375000 0.650726
vt 0.125000 0.650726
s 0
f 121/121/70 119/122/70 108/123/70 107/124/70
f 109/125/71 107/126/71 123/126/71 125/125/71
f 122/127/72 119/128/72 112/129/72 114/130/72
f 121/131/71 120/132/71 113/133/71 111/134/71
f 120/132/73 122/127/73 114/130/73 113/133/73
f 115/135/74 117/136/74 112/137/74 111/138/74
f 131/139/75 133/140/75 117/136/75 115/135/75
f 114/130/72 112/129/72 117/141/72 116/142/72
f 111/134/71 113/133/71 118/143/71 115/144/71
f 113/133/73 114/130/73 116/142/73 118/143/73
f 109/125/73 110/145/73 122/127/73 120/132/73
f 107/126/71 109/125/71 120/132/71 121/131/71
f 110/145/72 108/146/72 119/128/72 122/127/72
f 111/138/76 112/137/76 119/122/76 121/121/76
f 123/124/77 124/123/77 126/145/77 125/125/77
f 108/146/72 110/145/72 126/145/72 124/146/72
f 123/126/71 107/126/71 127/126/71 129/126/71
f 110/145/78 109/125/78 125/125/78 126/145/78
f 127/124/79 128/123/79 130/123/79 129/124/79
f 107/124/80 108/123/80 128/123/80 127/124/80
f 124/123/81 123/124/81 129/124/81 130/123/81
f 108/146/72 124/146/72 130/146/72 128/146/72
f 116/142/72 117/141/72 133/147/72 132/148/72
f 115/144/71 118/143/71 134/149/71 131/150/71
f 118/143/73 116/142/73 132/148/73 134/149/73
f 149/121/82 135/124/82 136/123/82 147/122/82
f 137/125/71 153/125/71 151/126/71 135/126/71
f 150/127/72 142/130/72 140/129/72 147/128/72
f 149/131/71 139/134/71 141/133/71 148/132/71
f 148/132/73 141/133/73 142/130/73 150/127/73
f 143/135/83 139/138/83 140/137/83 145/136/83
f 131/139/75 143/135/75 145/136/75 133/140/75
f 142/130/72 144/142/72 145/141/72 140/129/72
f 139/134/71 143/144/71 146/143/71 141/133/71
f 141/133/73 146/143/73 144/142/73 142/130/73
f 137/125/73 148/132/73 150/127/73 138/145/73
f 135/126/71 149/131/71 148/132/71 137/125/71
f 138/145/72 150/127/72 147/128/72 136/146/72
f 139/138/84 149/121/84 147/122/84 140/137/84
f 151/124/85 153/125/85 154/145/85 152/123/85
f 136/146/72 152/146/72 154/145/72 138/145/72
f 151/126/71 157/126/71 155/126/71 135/126/71
f 138/145/86 154/145/86 153/125/86 137/125/86
f 155/124/87 157/124/87 158/123/87 156/123/87
f 135/124/88 155/124/88 156/123/88 136/123/88
f 152/123/89 158/123/89 157/124/89 151/124/89
f 136/146/72 156/146/72 158/146/72 152/146/72
f 144/142/72 132/148/72 133/147/72 145/141/72
f 143/144/71 131/150/71 134/149/71 146/143/71
f 146/143/73 134/149/73 132/148/73 144/142/73
o Cube.032
v -0.066801 0.926199 -0.195964
v -0.066801 0.980138 -0.195964
v -0.066801 0.926199 -1.268143
v -0.066801 0.980138 -1.268143
v 0.066801 0.926199 -0.195964
v 0.066801 0.980138 -0.195964
v 0.066801 0.926199 -1.268143
v 0.066801 0.980138 -1.268143
v 0.030247 0.926199 -1.268143
v -0.030247 0.926199 -1.268143
v -0.030247 0.980138 -1.268143
v 0.030247 0.980138 -1.268143
v -0.030247 0.926199 -0.195964
v 0.030247 0.926199 -0.195964
v 0.030247 0.980138 -0.195964
v -0.030247 0.980138 -0.195964
v -0.030247 0.964079 -1.268143
v 0.030247 0.964079 -1.268143
v 0.030247 0.964079 -0.195964
v -0.030247 0.964079 -0.195964
vn -1.0000 -0.0000 -0.0000
vn -0.0000 -0.0000 -1.0000
vn 1.0000 -0.0000 -0.0000
vn -0.0000 -0.0000 1.0000
vn -0.0000 -1.0000 -0.0000
vn -0.0000 1.0000 -0.0000
vt 0.375000 0.000000
vt 0.625000 0.000000
vt 0.625000 0.250000
vt 0.375000 0.250000
vt 0.375000 0.416667
vt 0.550569 0.416667
vt 0.625000 0.416667
vt 0.625000 0.500000
vt 0.375000 0.500000
vt 0.625000 0.750000
vt 0.375000 0.750000
vt 0.375000 0.916667
vt 0.550569 0.916667
vt 0.625000 0.916667
vt 0.625000 1.000000
vt 0.375000 1.000000
vt 0.291667 0.500000
vt 0.291667 0.750000
vt 0.791667 0.500000
vt 0.875000 0.500000
vt 0.875000 0.750000
vt 0.791667 0.750000
vt 0.708333 0.500000
vt 0.708333 0.750000
vt 0.125000 0.500000
vt 0.208333 0.500000
vt 0.208333 0.750000
vt 0.125000 0.750000
vt 0.625000 0.833333
vt 0.550569 0.833333
vt 0.375000 0.833333
vt 0.625000 0.333333
vt 0.550569 0.333333
vt 0.375000 0.333333
s 0
f 159/151/90 160/152/90 162/153/90 161/154/90
f 167/155/91 176/156/91 170/157/91 166/158/91 165/159/91
f 165/159/92 166/158/92 164/160/92 163/161/92
f 171/162/93 178/163/93 174/164/93 160/165/93 159/166/93
f 167/167/94 165/159/94 163/161/94 172/168/94
f 169/169/95 162/170/95 160/171/95 174/172/95
f 166/158/95 170/173/95 173/174/95 164/160/95
f 173/174/90 170/173/90 176/173/90 177/174/90
f 161/175/94 168/176/94 171/177/94 159/178/94
f 168/176/94 167/167/94 172/168/94 171/177/94
f 163/161/93 164/160/93 173/179/93 177/180/93 172/181/93
f 161/154/91 162/153/91 169/182/91 175/183/91 168/184/91
f 176/173/95 175/169/95 178/172/95 177/174/95
f 169/169/92 174/172/92 178/172/92 175/169/92
f 172/181/93 177/179/93 178/163/93 171/162/93
f 168/184/91 175/182/91 176/156/91 167/155/91
o Cube.033
v -0.040693 0.967592 -0.357048
v -0.040693 0.987480 -0.357048
v -0.046256 0.967592 -0.378790
v -0.046256 0.987480 -0.378790
v 0.046256 0.967592 -0.379295
v 0.046256 0.987480 -0.379295
v 0.040693 0.967592 -0.401037
v 0.040693 0.987480 -0.401037
vn -0.9688 -0.0000 0.2479
vn -0.2479 -0.0000 -0.9688
vn 0.9688 -0.0000 -0.2479
vn 0.2479 -0.0000 0.9688
vn -0.0000 -1.0000 -0.0000
vn -0.0000 1.0000 -0.0000
vt 0.375000 0.000000
vt 0.625000 0.000000
vt 0.625000 0.250000
vt 0.375000 0.250000
vt 0.625000 0.500000
vt 0.375000 0.500000
vt 0.625000 0.750000
vt 0.375000 0.750000
vt 0.625000 1.000000
vt 0.375000 1.000000
vt 0.125000 0.500000
vt 0.125000 0.750000
vt 0.875000 0.500000
vt 0.875000 0.750000
s 0
f 179/185/96 180/186/96 182/187/96 181/188/96
f 181/188/97 182/187/97 186/189/97 185/190/97
f 185/190/98 186/189/98 184/191/98 183/192/98
f 183/192/99 184/191/99 180/193/99 179/194/99
f 181/195/100 185/190/100 183/192/100 179/196/100
f 186/189/101 182/197/101 180/198/101 184/191/101
o Cube.034
v -0.046001 0.967592 -0.441408
v -0.046001 0.987480 -0.441408
v -0.042876 0.967592 -0.463632
v -0.042876 0.987480 -0.463632
v 0.042876 0.967592 -0.428912
v 0.042876 0.987480 -0.428912
v 0.046001 0.967592 -0.451135
v 0.046001 0.987480 -0.451135
vn -0.9903 -0.0000 -0.1392
vn 0.1392 -0.0000 -0.9903
vn 0.9903 -0.0000 0.1392
vn -0.1392 -0.0000 0.9903
vn -0.0000 -1.0000 -0.0000
vn -0.0000 1.0000 -0.0000
vt 0.375000 0.000000
vt 0.625000 0.000000
vt 0.625000 0.250000
vt 0.375000 0.250000
vt 0.625000 0.500000
vt 0.375000 0.500000
vt 0.625000 0.750000
vt 0.375000 0.750000
vt 0.625000 1.000000
vt 0.375000 1.000000
vt 0.125000 0.500000
vt 0.125000 0.750000
vt 0.875000 0.500000
vt 0.875000 0.750000
s 0
f 187/199/102 188/200/102 190/201/102 189/202/102
f 189/202/103 190/201/103 194/203/103 193/204/103
f 193/204/104 194/203/104 192/205/104 191/206/104
f 191/206/105 192/205/105 188/207/105 187/208/105
f 189/209/106 193/204/106 191/206/106 187/210/106
f 194/203/107 190/211/107 188/212/107 192/205/107
o Cube.035
v 0.271151 0.990814 -0.212249
v 0.271151 1.006544 -0.212249
v 0.326612 0.990814 -0.280932
v 0.326612 1.006544 -0.280932
v 0.301963 0.990814 -0.187369
v 0.301963 1.006544 -0.187369
v 0.357424 0.990814 -0.256052
v 0.357424 1.006544 -0.256052
vn -0.7780 -0.0000 -0.6282
vn 0.6282 -0.0000 -0.7780
vn 0.7780 -0.0000 0.6282
vn -0.6282 -0.0000 0.7780
vn -0.0000 -1.0000 -0.0000
vn -0.0000 1.0000 -0.0000
vt 0.375000 0.000000
vt 0.625000 0.000000
vt 0.625000 0.250000
vt 0.375000 0.250000
vt 0.625000 0.500000
vt 0.375000 0.500000
vt 0.625000 0.750000
vt 0.375000 0.750000
vt 0.625000 1.000000
vt 0.375000 1.000000
vt 0.125000 0.500000
vt 0.125000 0.750000
vt 0.875000 0.500000
vt 0.875000 0.750000
s 0
f 195/213/108 196/214/108 198/215/108 197/216/108
f 197/216/109 198/215/109 202/217/109 201/218/109
f 201/218/110 202/217/110 200/219/110 199/220/110
f 199/220/111 200/219/111 196/221/111 195/222/111
f 197/223/112 201/218/112 199/220/112 195/224/112
f 202/217/113 198/225/113 196/226/113 200/219/113
o Cube.036
o Cube.037
v -0.160119 0.990814 0.301782
v -0.160119 1.006544 0.301782
v -0.215580 0.990814 0.370465
v -0.215580 1.006544 0.370465
v -0.129308 0.990814 0.326662
v -0.129308 1.006544 0.326662
v -0.184768 0.990814 0.395345
v -0.184768 1.006544 0.395345
vn -0.7780 -0.0000 -0.6282
vn -0.6282 -0.0000 0.7780
vn 0.7780 -0.0000 0.6282
vn 0.6282 -0.0000 -0.7780
vn -0.0000 -1.0000 -0.0000
vn -0.0000 1.0000 -0.0000
vt 0.375000 0.000000
vt 0.375000 0.250000
vt 0.625000 0.250000
vt 0.625000 0.000000
vt 0.375000 0.500000
vt 0.625000 0.500000
vt 0.375000 0.750000
vt 0.625000 0.750000
vt 0.375000 1.000000
vt 0.625000 1.000000
vt 0.125000 0.500000
vt 0.125000 0.750000
vt 0.875000 0.750000
vt 0.875000 0.500000
s 0
f 203/227/114 205/228/114 206/229/114 204/230/114
f 205/228/115 209/231/115 210/232/115 206/229/115
f 209/231/116 207/233/116 208/234/116 210/232/116
f 207/233/117 203/235/117 204/236/117 208/234/117
f 205/237/118 203/238/118 207/233/118 209/231/118
f 210/232/119 208/234/119 204/239/119 206/240/119
o Cube.038
v -0.019895 1.095477 -1.261207
v -0.019895 1.158454 -1.261207
v -0.019895 1.095477 -1.324185
v -0.019895 1.158454 -1.324185
v 0.043082 1.095477 -1.261207
v 0.043082 1.158454 -1.261207
v 0.043082 1.095477 -1.324185
v 0.043082 1.158454 -1.324185
vn -1.0000 -0.0000 -0.0000
vn -0.0000 -0.0000 -1.0000
vn 1.0000 -0.0000 -0.0000
vn -0.0000 -0.0000 1.0000
vn -0.0000 -1.0000 -0.0000
vn -0.0000 1.0000 -0.0000
vt 0.375000 0.000000
vt 0.625000 0.000000
vt 0.625000 0.250000
vt 0.375000 0.250000
vt 0.625000 0.500000
vt 0.375000 0.500000
vt 0.625000 0.750000
vt 0.375000 0.750000
vt 0.625000 1.000000
vt 0.375000 1.000000
vt 0.125000 0.500000
vt 0.125000 0.750000
vt 0.875000 0.500000
vt 0.875000 0.750000
s 0
f 211/241/120 212/242/120 214/243/120 213/244/120
f 213/244/121 214/243/121 218/245/121 217/246/121
f 217/246/122 218/245/122 216/247/122 215/248/122
f 215/248/123 216/247/123 212/249/123 211/250/123
f 213/251/124 217/246/124 215/248/124 211/252/124
f 218/245/125 214/253/125 212/254/125 216/247/125
o Cube.039
v -0.380295 0.887429 -2.357613
v -0.684152 0.887429 -2.357613
v -0.380295 0.887429 -2.811007
v -0.684152 0.887429 -2.811007
v -0.380295 0.907243 -2.357613
v -0.684152 0.907243 -2.357613
v -0.380295 0.907243 -2.811007
v -0.684152 0.907243 -2.811007
vn -0.0000 -1.0000 -0.0000
vn -0.0000 -0.0000 -1.0000
vn -0.0000 1.0000 -0.0000
vn -0.0000 -0.0000 1.0000
vn 1.0000 -0.0000 -0.0000
vn -1.0000 -0.0000 -0.0000
vt 0.375000 0.000000
vt 0.625000 0.000000
vt 0.625000 0.250000
vt 0.375000 0.250000
vt 0.625000 0.500000
vt 0.375000 0.500000
vt 0.625000 0.750000
vt 0.375000 0.750000
vt 0.625000 1.000000
vt 0.375000 1.000000
vt 0.125000 0.500000
vt 0.125000 0.750000
vt 0.875000 0.500000
vt 0.875000 0.750000
s 0
f 219/255/126 220/256/126 222/257/126 221/258/126
f 221/258/127 222/257/127 226/259/127 225/260/127
f 225/260/128 226/259/128 224/261/128 223/262/128
f 223/262/129 224/261/129 220/263/129 219/264/129
f 221/265/130 225/260/130 223/262/130 219/266/130
f 226/259/131 222/267/131 220/268/131 224/261/131
o Cube.040
v -0.764708 0.792696 -2.244908
v -0.764708 0.874319 -2.244908
v -0.764708 0.792696 -2.932250
v -0.764708 0.874319 -2.932250
v 0.461066 0.792696 -2.244908
v 0.461066 0.874319 -2.244908
v 0.461066 0.792696 -2.932250
v 0.461066 0.874319 -2.932250
v -0.812144 0.792696 -2.985595
v -0.812144 0.792696 -2.191563
v -0.812144 0.874319 -2.191563
v -0.812144 0.874319 -2.985595
v 0.508502 0.792696 -2.985595
v 0.508502 0.874319 -2.985595
v 0.508502 0.792696 -2.191563
v 0.508502 0.874319 -2.191563
vn -1.0000 -0.0000 -0.0000
vn -0.0000 -0.0000 -1.0000
vn 1.0000 -0.0000 -0.0000
vn -0.0000 -0.0000 1.0000
vn -0.0000 -1.0000 -0.0000
vn -0.0000 1.0000 -0.0000
vt 0.375000 0.000000
vt 0.625000 0.000000
vt 0.625000 0.250000
vt 0.375000 0.250000
vt 0.625000 0.500000
vt 0.375000 0.500000
vt 0.625000 0.750000
vt 0.375000 0.750000
vt 0.625000 1.000000
vt 0.375000 1.000000
vt 0.635819 0.727868
vt 0.635819 0.522132
vt 0.364181 0.522132
vt 0.364181 0.727868
vt 0.864181 0.727868
vt 0.135819 0.727868
vt 0.135819 0.522132
vt 0.125000 0.750000
vt 0.125000 0.500000
vt 0.864181 0.522132
vt 0.875000 0.500000
vt 0.875000 0.750000
s 0
f 236/269/132 237/270/132 238/271/132 235/272/132
f 235/272/133 238/271/133 240/273/133 239/274/133
f 239/274/134 240/273/134 242/275/134 241/276/134
f 241/276/135 242/275/135 237/277/135 236/278/135
f 232/279/132 234/280/132 233/281/132 231/282/132
f 228/283/133 232/279/133 231/282/133 227/284/133
f 229/285/136 227/284/136 236/286/136 235/287/136
f 228/283/137 230/288/137 238/289/137 237/290/137
f 233/281/136 229/285/136 235/287/136 239/274/136
f 230/288/137 234/280/137 240/273/137 238/289/137
f 231/282/136 233/281/136 239/274/136 241/276/136
f 234/280/137 232/279/137 242/275/137 240/273/137
f 227/284/136 231/282/136 241/276/136 236/286/136
f 232/279/137 228/283/137 237/290/137 242/275/137
f 234/280/135 230/288/135 229/285/135 233/281/135
f 230/288/134 228/283/134 227/284/134 229/285/134
o Cube.041
v -0.441528 0.836617 -2.809711
v -0.441528 1.012197 -2.809711
v -0.441528 0.836617 -2.864696
v -0.441528 1.012197 -2.864696
v 0.076714 0.836617 -2.809711
v 0.076714 1.012197 -2.809711
v 0.076714 0.836617 -2.864696
v 0.076714 1.012197 -2.864696
v -0.096033 0.836617 -2.864696
v -0.268780 0.836617 -2.864696
v -0.268780 1.160691 -2.864696
v -0.096033 1.160691 -2.864696
v -0.268780 0.836617 -2.809711
v -0.096033 0.836617 -2.809711
v -0.096033 1.160691 -2.809711
v -0.268780 1.160691 -2.809711
vn -1.0000 -0.0000 -0.0000
vn -0.0000 -0.0000 -1.0000
vn 1.0000 -0.0000 -0.0000
vn -0.0000 -0.0000 1.0000
vn -0.0000 -1.0000 -0.0000
vn -0.6519 0.7583 -0.0000
vn 0.6519 0.7583 -0.0000
vn -0.0000 1.0000 -0.0000
vt 0.375000 0.000000
vt 0.625000 0.000000
vt 0.625000 0.250000
vt 0.375000 0.250000
vt 0.375000 0.416667
vt 0.625000 0.416667
vt 0.625000 0.500000
vt 0.375000 0.500000
vt 0.625000 0.750000
vt 0.375000 0.750000
vt 0.375000 0.916667
vt 0.625000 0.916667
vt 0.625000 1.000000
vt 0.375000 1.000000
vt 0.291667 0.500000
vt 0.291667 0.750000
vt 0.791667 0.500000
vt 0.875000 0.500000
vt 0.875000 0.750000
vt 0.791667 0.750000
vt 0.708333 0.500000
vt 0.708333 0.750000
vt 0.125000 0.500000
vt 0.208333 0.500000
vt 0.208333 0.750000
vt 0.125000 0.750000
vt 0.625000 0.833333
vt 0.375000 0.833333
vt 0.625000 0.333333
vt 0.375000 0.333333
s 0
f 243/291/138 244/292/138 246/293/138 245/294/138
f 251/295/139 254/296/139 250/297/139 249/298/139
f 249/298/140 250/297/140 248/299/140 247/300/140
f 255/301/141 258/302/141 244/303/141 243/304/141
f 251/305/142 249/298/142 247/300/142 256/306/142
f 253/307/143 246/308/143 244/309/143 258/310/143
f 250/297/144 254/311/144 257/312/144 248/299/144
f 254/311/145 253/307/145 258/310/145 257/312/145
f 245/313/142 252/314/142 255/315/142 243/316/142
f 252/314/142 251/305/142 256/306/142 255/315/142
f 247/300/141 248/299/141 257/317/141 256/318/141
f 256/318/141 257/317/141 258/302/141 255/301/141
f 245/294/139 246/293/139 253/319/139 252/320/139
f 252/320/139 253/319/139 254/296/139 251/295/139
o Cube.042
v -0.294256 0.871396 -2.863443
v -0.294256 1.004168 -2.863443
v -0.294256 0.871396 -2.891782
v -0.294256 1.004168 -2.891782
v -0.070558 0.871396 -2.863443
v -0.070558 1.004168 -2.863443
v -0.070558 0.871396 -2.891782
v -0.070558 1.004168 -2.891782
v -0.145124 0.871396 -2.891782
v -0.219690 0.871396 -2.891782
v -0.219690 1.068265 -2.891782
v -0.145124 1.068265 -2.891782
v -0.219690 0.871396 -2.863443
v -0.145124 0.871396 -2.863443
v -0.145124 1.068265 -2.863443
v -0.219690 1.068265 -2.863443
v -0.270966 0.871396 -2.919333
v -0.270966 0.995961 -2.919333
v -0.093848 0.871396 -2.919333
v -0.093848 0.995961 -2.919333
v -0.152887 0.871396 -2.919333
v -0.211927 0.871396 -2.919333
v -0.211927 1.046712 -2.919333
v -0.152887 1.046712 -2.919333
vn -1.0000 -0.0000 -0.0000
vn -0.7637 -0.0000 -0.6456
vn 1.0000 -0.0000 -0.0000
vn -0.0000 -0.0000 1.0000
vn -0.0000 -1.0000 -0.0000
vn -0.6519 0.7583 -0.0000
vn 0.6519 0.7583 -0.0000
vn -0.0000 1.0000 -0.0000
vn -0.5148 0.5988 -0.6135
vn 0.5148 0.5988 -0.6135
vn -0.0000 -0.0000 -1.0000
vn 0.7637 -0.0000 -0.6456
vn -0.0000 0.7876 -0.6162
vt 0.375000 0.000000
vt 0.625000 0.000000
vt 0.625000 0.250000
vt 0.375000 0.250000
vt 0.375000 0.500000
vt 0.625000 0.500000
vt 0.625000 0.750000
vt 0.375000 0.750000
vt 0.375000 0.916667
vt 0.625000 0.916667
vt 0.625000 1.000000
vt 0.375000 1.000000
vt 0.291667 0.500000
vt 0.291667 0.750000
vt 0.791667 0.500000
vt 0.875000 0.500000
vt 0.875000 0.750000
vt 0.791667 0.750000
vt 0.708333 0.500000
vt 0.708333 0.750000
vt 0.125000 0.500000
vt 0.208333 0.500000
vt 0.208333 0.750000
vt 0.125000 0.750000
vt 0.625000 0.833333
vt 0.375000 0.833333
vt 0.375000 0.416667
vt 0.625000 0.416667
vt 0.625000 0.333333
vt 0.375000 0.333333
s 0
f 259/321/146 260/322/146 262/323/146 261/324/146
f 261/324/147 262/323/147 276/323/147 275/324/147
f 265/325/148 266/326/148 264/327/148 263/328/148
f 271/329/149 274/330/149 260/331/149 259/332/149
f 267/333/150 265/325/150 263/328/150 272/334/150
f 269/335/151 262/336/151 260/337/151 274/338/151
f 266/326/152 270/339/152 273/340/152 264/327/152
f 270/339/153 269/335/153 274/338/153 273/340/153
f 261/341/150 268/342/150 271/343/150 259/344/150
f 268/342/150 267/333/150 272/334/150 271/343/150
f 263/328/149 264/327/149 273/345/149 272/346/149
f 272/346/149 273/345/149 274/330/149 271/329/149
f 262/336/154 269/335/154 281/335/154 276/336/154
f 270/339/155 266/326/155 278/326/155 282/339/155
f 279/347/156 282/348/156 278/326/156 277/325/156
f 275/324/156 276/323/156 281/349/156 280/350/156
f 280/350/156 281/349/156 282/348/156 279/347/156
f 265/325/150 267/333/150 279/333/150 277/325/150
f 266/326/157 265/325/157 277/325/157 278/326/157
f 269/335/158 270/339/158 282/339/158 281/335/158
f 268/342/150 261/341/150 275/341/150 280/342/150
f 267/333/150 268/342/150 280/342/150 279/333/150
o Cube.043
v -0.381853 0.829650 -2.360336
v -0.685710 0.829650 -2.360336
v -0.381853 0.829650 -2.813730
v -0.685710 0.829650 -2.813730
v -0.381853 0.849464 -2.360336
v -0.685710 0.849464 -2.360336
v -0.381853 0.849464 -2.813730
v -0.685710 0.849464 -2.813730
vn -0.0000 -1.0000 -0.0000
vn -0.0000 -0.0000 -1.0000
vn -0.0000 1.0000 -0.0000
vn -0.0000 -0.0000 1.0000
vn 1.0000 -0.0000 -0.0000
vn -1.0000 -0.0000 -0.0000
vt 0.375000 0.000000
vt 0.625000 0.000000
vt 0.625000 0.250000
vt 0.375000 0.250000
vt 0.625000 0.500000
vt 0.375000 0.500000
vt 0.625000 0.750000
vt 0.375000 0.750000
vt 0.625000 1.000000
vt 0.375000 1.000000
vt 0.125000 0.500000
vt 0.125000 0.750000
vt 0.875000 0.500000
vt 0.875000 0.750000
s 0
f 283/351/159 284/352/159 286/353/159 285/354/159
f 285/354/160 286/353/160 290/355/160 289/356/160
f 289/356/161 290/355/161 288/357/161 287/358/161
f 287/358/162 288/357/162 284/359/162 283/360/162
f 285/361/163 289/356/163 287/358/163 283/362/163
f 290/355/164 286/363/164 284/364/164 288/357/164
o Cylinder.005
v 0.125325 1.000506 -0.358200
v 0.125325 0.945066 -0.358200
v 0.329853 1.000506 -0.187646
v 0.329853 0.945066 -0.187646
v 0.302886 1.014548 0.094481
v 0.367194 0.931023 0.114541
v 0.147364 1.014548 0.280980
v 0.178653 0.931023 0.340638
v -0.125325 1.000506 0.358200
v -0.125325 0.945066 0.358200
v -0.329853 1.000506 0.187646
v -0.329853 0.945066 0.187646
v -0.302886 1.014548 -0.094481
v -0.367194 0.931023 -0.114541
v -0.147364 1.014548 -0.280980
v -0.178653 0.931023 -0.340638
v 0.094481 1.014548 -0.302886
v 0.280980 1.014548 -0.147364
v 0.340638 0.931023 -0.178653
v 0.114541 0.931023 -0.367194
v -0.114541 0.931023 0.367194
v -0.094481 1.014548 0.302886
v -0.280980 1.014548 0.147364
v -0.340638 0.931023 0.178653
v 0.193782 1.000506 -0.440293
v 0.398310 1.000506 -0.269739
v 0.398310 0.945066 -0.269739
v 0.193782 0.945066 -0.440293
v -0.193782 0.945066 0.440293
v -0.193782 1.000506 0.440293
v -0.398310 1.000506 0.269739
v -0.398310 0.945066 0.269739
v 0.114541 1.014548 -0.367194
v 0.340638 1.014548 -0.178653
v 0.367194 1.014548 0.114541
v 0.178653 1.014548 0.340638
v -0.114541 1.014548 0.367194
v -0.340638 1.014548 0.178653
v -0.367194 1.014548 -0.114541
v -0.178653 1.014548 -0.340638
v 0.094481 0.986496 -0.302886
v 0.280980 0.986496 -0.147364
v 0.302886 0.986496 0.094481
v 0.147364 0.986496 0.280980
v -0.094481 0.986496 0.302886
v -0.280980 0.986496 0.147364
v -0.302886 0.986496 -0.094481
v -0.147364 0.986496 -0.280980
vn -0.7680 -0.0000 -0.6404
vn -0.9959 -0.0000 0.0902
vn -0.0902 -0.0000 -0.9959
vn -0.0000 1.0000 -0.0000
vn 0.9959 -0.0000 -0.0902
vn 0.7680 -0.0000 0.6404
vn 0.0902 -0.0000 0.9959
vn -0.6404 -0.0000 0.7680
vn 0.6404 -0.0000 -0.7680
vn -0.0000 -1.0000 -0.0000
vt 0.494038 0.584061
vt 0.494038 0.915939
vt 0.875000 0.500000
vt 0.875000 1.000000
vt 0.750000 1.000000
vt 0.750000 0.500000
vt 0.625000 1.000000
vt 0.625000 0.500000
vt 0.500000 1.000000
vt 0.500000 0.500000
vt 0.380962 0.915939
vt 0.375000 0.500000
vt 0.375000 1.000000
vt 0.250000 1.000000
vt 0.250000 0.500000
vt 0.419706 0.419706
vt 0.250000 0.490000
vt 0.080294 0.419706
vt 0.010000 0.250000
vt 0.080294 0.080294
vt 0.250000 0.010000
vt 0.419706 0.080294
vt 0.490000 0.250000
vt 0.125000 1.000000
vt 0.125000 0.500000
vt 0.000000 1.000000
vt 0.000000 0.500000
vt 0.530796 0.250000
vt 0.595000 0.405000
vt 0.994038 0.584061
vt 0.880962 0.584061
vt 1.000000 0.500000
vt 0.880962 0.915939
vt 0.994038 0.915939
vt 1.000000 1.000000
vt 0.380962 0.584061
vt 0.905000 0.405000
vt 0.750000 0.469204
vt 0.750000 0.490000
vt 0.919706 0.419706
vt 0.969204 0.250000
vt 0.990000 0.250000
vt 0.905000 0.095000
vt 0.919706 0.080294
vt 0.750000 0.030796
vt 0.750000 0.010000
vt 0.595000 0.095000
vt 0.580294 0.080294
vt 0.510000 0.250000
vt 0.580294 0.419706
s 0
f 299/365/165 300/366/165 319/366/165 320/365/165
f 324/367/166 309/368/166 296/369/166 325/370/166
f 325/370/165 296/369/165 298/371/165 326/372/165
f 326/372/167 298/371/167 311/373/167 327/374/167
f 300/366/168 302/375/168 322/375/168 319/366/168
f 328/376/169 314/377/169 304/378/169 329/379/169
f 309/380/168 310/381/168 306/382/168 304/383/168 314/384/168 311/385/168 298/386/168 296/387/168
f 329/379/170 304/378/170 306/388/170 330/389/170
f 330/389/171 306/388/171 310/390/171 323/391/171
f 303/392/165 305/393/165 338/393/165 337/392/165
f 291/394/172 293/395/172 324/367/172 323/396/172
f 294/397/172 292/398/172 310/399/172 309/368/172
f 292/398/172 291/394/172 323/396/172 310/399/172
f 293/395/172 294/397/172 309/368/172 324/367/172
f 300/366/173 299/365/173 327/374/173 311/373/173
f 299/365/173 301/400/173 328/376/173 327/374/173
f 302/375/173 300/366/173 311/373/173 314/377/173
f 301/400/173 302/375/173 314/377/173 328/376/173
f 315/394/172 318/398/172 317/397/172 316/395/172
f 320/365/173 319/366/173 322/375/173 321/400/173
f 291/394/170 292/398/170 318/398/170 315/394/170
f 293/395/174 291/394/174 315/394/174 316/395/174
f 302/375/170 301/400/170 321/400/170 322/375/170
f 301/400/174 299/365/174 320/365/174 321/400/174
f 294/397/165 293/395/165 316/395/165 317/397/165
f 292/398/168 294/397/168 317/397/168 318/398/168
f 308/401/174 307/402/174 323/403/174 324/404/174
f 295/405/174 308/401/174 324/404/174 325/406/174
f 297/407/174 295/405/174 325/406/174 326/408/174
f 312/409/174 297/407/174 326/408/174 327/410/174
f 313/411/174 312/409/174 327/410/174 328/412/174
f 303/392/174 313/411/174 328/412/174 329/413/174
f 305/393/174 303/392/174 329/413/174 330/414/174
f 307/402/174 305/393/174 330/414/174 323/403/174
f 331/402/174 332/401/174 333/405/174 334/407/174 335/409/174 336/411/174 337/392/174 338/393/174
f 312/409/172 313/411/172 336/411/172 335/409/172
f 295/405/170 297/407/170 334/407/170 333/405/170
f 307/402/173 308/401/173 332/401/173 331/402/173
f 305/393/167 307/402/167 331/402/167 338/393/167
f 313/411/166 303/392/166 337/392/166 336/411/166
f 297/407/171 312/409/171 335/409/171 334/407/171
f 308/401/169 295/405/169 333/405/169 332/401/169
o Cylinder.006
v 0.000000 0.978642 -0.056115
v 0.000000 0.989054 -0.056115
v 0.039679 0.978642 -0.039679
v 0.039679 0.989054 -0.039679
v 0.056115 0.978642 0.000000
v 0.056115 0.989054 0.000000
v 0.039679 0.978642 0.039679
v 0.039679 0.989054 0.039679
v 0.000000 0.978642 0.056115
v 0.000000 0.989054 0.056115
v -0.039679 0.978642 0.039679
v -0.039679 0.989054 0.039679
v -0.056115 0.978642 0.000000
v -0.056115 0.989054 0.000000
v -0.039679 0.978642 -0.039679
v -0.039679 0.989054 -0.039679
v 0.000000 0.978642 -0.259088
v 0.183203 0.978642 -0.183203
v 0.183203 0.989054 -0.183203
v 0.000000 0.989054 -0.259088
v 0.259088 0.978642 0.000000
v 0.259088 0.989054 0.000000
v 0.183203 0.978642 0.183203
v 0.183203 0.989054 0.183203
v 0.000000 0.978642 0.259088
v 0.000000 0.989054 0.259088
v -0.183203 0.978642 0.183203
v -0.183203 0.989054 0.183203
v -0.259088 0.978642 0.000000
v -0.259088 0.989054 0.000000
v -0.183203 0.978642 -0.183203
v -0.183203 0.989054 -0.183203
v 0.000000 0.989054 -0.140086
v 0.099056 0.989054 -0.099056
v 0.140086 0.989054 0.000000
v 0.099056 0.989054 0.099056
v 0.000000 0.989054 0.140086
v -0.099056 0.989054 0.099056
v -0.140086 0.989054 0.000000
v -0.099056 0.989054 -0.099056
v 0.039679 0.989054 -0.039679
v 0.000000 0.989054 -0.056115
v 0.056115 0.989054 0.000000
v 0.039679 0.989054 0.039679
v 0.000000 0.989054 0.056115
v -0.039679 0.989054 0.039679
v -0.056115 0.989054 0.000000
v -0.039679 0.989054 -0.039679
v 0.000000 0.989054 -0.140086
v 0.099056 0.989054 -0.099056
v 0.140086 0.989054 0.000000
v 0.099056 0.989054 0.099056
v 0.000000 0.989054 0.140086
v -0.099056 0.989054 0.099056
v -0.140086 0.989054 0.000000
v -0.099056 0.989054 -0.099056
v 0.000000 0.989054 -0.067455
v 0.047698 0.989054 -0.047698
v 0.067455 0.989054 0.000000
v 0.047698 0.989054 0.047698
v 0.000000 0.989054 0.067455
v -0.047698 0.989054 0.047698
v -0.067455 0.989054 0.000000
v -0.047698 0.989054 -0.047698
v 0.047698 0.987378 -0.047698
v 0.099056 0.987378 -0.099056
v 0.067455 0.987378 0.000000
v 0.140086 0.987378 0.000000
v 0.047698 0.987378 0.047698
v 0.099056 0.987378 0.099056
v 0.000000 0.987378 0.067455
v 0.000000 0.987378 0.140086
v -0.047698 0.987378 0.047698
v -0.099056 0.987378 0.099056
v -0.067455 0.987378 0.000000
v -0.140086 0.987378 0.000000
v -0.047698 0.987378 -0.047698
v -0.099056 0.987378 -0.099056
v 0.000000 0.987378 -0.140086
v 0.000000 0.987378 -0.067455
vn 0.3827 -0.0000 -0.9239
vn 0.9239 -0.0000 -0.3827
vn 0.9239 -0.0000 0.3827
vn 0.3827 -0.0000 0.9239
vn -0.3827 -0.0000 0.9239
vn -0.9239 -0.0000 0.3827
vn -0.9239 -0.0000 -0.3827
vn -0.3827 -0.0000 -0.9239
vn -0.0000 -1.0000 -0.0000
vn -0.0000 1.0000 -0.0000
vt 1.000000 0.500000
vt 1.000000 1.000000
vt 0.875000 1.000000
vt 0.875000 0.500000
vt 0.750000 1.000000
vt 0.750000 0.500000
vt 0.625000 1.000000
vt 0.625000 0.500000
vt 0.500000 1.000000
vt 0.500000 0.500000
vt 0.375000 1.000000
vt 0.375000 0.500000
vt 0.250000 1.000000
vt 0.250000 0.500000
vt 0.213244 0.286756
vt 0.198019 0.250000
vt 0.698019 0.250000
vt 0.713244 0.286756
vt 0.125000 1.000000
vt 0.125000 0.500000
vt 0.000000 1.000000
vt 0.000000 0.500000
vt 0.250000 0.301981
vt 0.750000 0.301981
vt 0.786756 0.286756
vt 0.750000 0.490000
vt 0.919706 0.419706
vt 0.250000 0.379765
vt 0.341758 0.341758
vt 0.419706 0.419706
vt 0.250000 0.490000
vt 0.801981 0.250000
vt 0.990000 0.250000
vt 0.379765 0.250000
vt 0.490000 0.250000
vt 0.786756 0.213244
vt 0.919706 0.080294
vt 0.341758 0.158242
vt 0.419706 0.080294
vt 0.750000 0.198019
vt 0.750000 0.010000
vt 0.250000 0.120235
vt 0.250000 0.010000
vt 0.713244 0.213244
vt 0.580294 0.080294
vt 0.158242 0.158242
vt 0.080294 0.080294
vt 0.510000 0.250000
vt 0.120235 0.250000
vt 0.010000 0.250000
vt 0.580294 0.419706
vt 0.158242 0.341758
vt 0.080294 0.419706
vt 0.213244 0.213244
vt 0.250000 0.198019
vt 0.286756 0.213244
vt 0.301981 0.250000
vt 0.286756 0.286756
vt 0.205816 0.205816
vt 0.187514 0.250000
vt 0.250000 0.187514
vt 0.294184 0.205816
vt 0.312486 0.250000
vt 0.294184 0.294184
vt 0.250000 0.312486
vt 0.205816 0.294184
s 0
f 355/415/175 358/416/175 357/417/175 356/418/175
f 356/418/176 357/417/176 360/419/176 359/420/176
f 359/420/177 360/419/177 362/421/177 361/422/177
f 361/422/178 362/421/178 364/423/178 363/424/178
f 363/424/179 364/423/179 366/425/179 365/426/179
f 365/426/180 366/425/180 368/427/180 367/428/180
f 354/429/177 352/430/177 351/431/177 353/432/177
f 367/428/181 368/427/181 370/433/181 369/434/181
f 369/434/182 370/433/182 358/435/182 355/436/182
f 340/437/178 354/429/178 353/432/178 339/438/178
f 341/439/183 339/438/183 355/440/183 356/441/183
f 371/442/184 372/443/184 357/444/184 358/445/184
f 343/446/183 341/439/183 356/441/183 359/447/183
f 372/443/184 373/448/184 360/449/184 357/444/184
f 345/450/183 343/446/183 359/447/183 361/451/183
f 373/448/184 374/452/184 362/453/184 360/449/184
f 347/454/183 345/450/183 361/451/183 363/455/183
f 374/452/184 375/456/184 364/457/184 362/453/184
f 349/458/183 347/454/183 363/455/183 365/459/183
f 375/456/184 376/460/184 366/461/184 364/457/184
f 351/431/183 349/458/183 365/459/183 367/462/183
f 376/460/184 377/463/184 368/464/184 366/461/184
f 353/432/183 351/431/183 367/462/183 369/465/183
f 377/463/184 378/466/184 370/467/184 368/464/184
f 339/438/183 353/432/183 369/465/183 355/440/183
f 378/466/184 371/442/184 358/445/184 370/467/184
f 352/430/176 350/468/176 349/458/176 351/431/176
f 350/468/175 348/469/175 347/454/175 349/458/175
f 348/469/182 346/470/182 345/450/182 347/454/182
f 346/470/181 344/471/181 343/446/181 345/450/181
f 344/471/180 342/472/180 341/439/180 343/446/180
f 342/472/179 340/437/179 339/438/179 341/439/179
f 373/448/184 372/443/184 388/443/184 389/448/184
f 348/469/184 350/468/184 384/468/184 383/469/184
f 374/452/184 373/448/184 389/448/184 390/452/184
f 340/437/184 342/472/184 379/472/184 380/437/184
f 375/456/184 374/452/184 390/452/184 391/456/184
f 354/429/184 340/437/184 380/437/184 386/429/184
f 346/470/184 348/469/184 383/469/184 382/470/184
f 376/460/184 375/456/184 391/456/184 392/460/184
f 388/443/179 387/442/179 417/442/179 404/443/179
f 400/473/180 401/474/180 413/474/180 411/473/180
f 389/448/180 388/443/180 404/443/180 406/448/180
f 399/475/179 400/473/179 411/473/179 409/475/179
f 390/452/181 389/448/181 406/448/181 408/452/181
f 398/476/178 399/475/178 409/475/178 407/476/178
f 391/456/182 390/452/182 408/452/182 410/456/182
f 397/477/177 398/476/177 407/476/177 405/477/177
f 342/472/184 344/471/184 381/471/184 379/472/184
f 372/443/184 371/442/184 387/442/184 388/443/184
f 350/468/184 352/430/184 385/430/184 384/468/184
f 371/442/184 378/466/184 394/466/184 387/442/184
f 378/466/184 377/463/184 393/463/184 394/466/184
f 344/471/184 346/470/184 382/470/184 381/471/184
f 377/463/184 376/460/184 392/460/184 393/463/184
f 352/430/184 354/429/184 386/429/184 385/430/184
f 380/437/184 379/472/184 396/478/184 395/479/184
f 379/472/184 381/471/184 397/477/184 396/478/184
f 381/471/184 382/470/184 398/476/184 397/477/184
f 382/470/184 383/469/184 399/475/184 398/476/184
f 383/469/184 384/468/184 400/473/184 399/475/184
f 384/468/184 385/430/184 401/474/184 400/473/184
f 385/430/184 386/429/184 402/480/184 401/474/184
f 386/429/184 380/437/184 395/479/184 402/480/184
f 415/480/184 418/479/184 417/442/184 416/466/184
f 413/474/184 415/480/184 416/466/184 414/463/184
f 411/473/184 413/474/184 414/463/184 412/460/184
f 409/475/184 411/473/184 412/460/184 410/456/184
f 407/476/184 409/475/184 410/456/184 408/452/184
f 405/477/184 407/476/184 408/452/184 406/448/184
f 403/478/184 405/477/184 406/448/184 404/443/184
f 418/479/184 403/478/184 404/443/184 417/442/184
f 387/442/178 394/466/178 416/466/178 417/442/178
f 401/474/181 402/480/181 415/480/181 413/474/181
f 394/466/177 393/463/177 414/463/177 416/466/177
f 402/480/182 395/479/182 418/479/182 415/480/182
f 395/479/175 396/478/175 403/478/175 418/479/175
f 393/463/176 392/460/176 412/460/176 414/463/176
f 396/478/176 397/477/176 405/477/176 403/478/176
f 392/460/175 391/456/175 410/456/175 412/460/175
o Cylinder.007
v 0.668988 0.982127 -1.114349
v 0.668988 0.992538 -1.114193
v 0.708667 0.981881 -1.097915
v 0.708667 0.992292 -1.097759
v 0.725103 0.981288 -1.058240
v 0.725103 0.991699 -1.058084
v 0.708667 0.980695 -1.018565
v 0.708667 0.991106 -1.018410
v 0.668988 0.980450 -1.002131
v 0.668988 0.990861 -1.001976
v 0.629309 0.980695 -1.018565
v 0.629309 0.991106 -1.018410
v 0.612873 0.981288 -1.058240
v 0.612873 0.991699 -1.058084
v 0.629309 0.981881 -1.097915
v 0.629309 0.992292 -1.097759
v 0.668988 0.985160 -1.317299
v 0.852191 0.984026 -1.241423
v 0.852191 0.994437 -1.241267
v 0.668988 0.995571 -1.317144
v 0.928076 0.981288 -1.058240
v 0.928076 0.991699 -1.058084
v 0.852191 0.978551 -0.875057
v 0.852191 0.988961 -0.874902
v 0.668988 0.977417 -0.799181
v 0.668988 0.987827 -0.799025
v 0.485785 0.978551 -0.875057
v 0.485785 0.988961 -0.874902
v 0.409899 0.981288 -1.058240
v 0.409899 0.991699 -1.058084
v 0.485785 0.984026 -1.241423
v 0.485785 0.994437 -1.241267
v 0.668988 0.993792 -1.198155
v 0.768044 0.993179 -1.157129
v 0.809074 0.991699 -1.058084
v 0.768044 0.990219 -0.959040
v 0.668988 0.989606 -0.918014
v 0.569932 0.990219 -0.959040
v 0.528902 0.991699 -1.058084
v 0.569932 0.993179 -1.157129
v 0.708667 0.992292 -1.097759
v 0.668988 0.992538 -1.114193
v 0.725103 0.991699 -1.058084
v 0.708667 0.991106 -1.018410
v 0.668988 0.990861 -1.001976
v 0.629309 0.991106 -1.018410
v 0.612873 0.991699 -1.058084
v 0.629309 0.992292 -1.097759
v 0.668988 0.993792 -1.198155
v 0.768044 0.993179 -1.157129
v 0.809074 0.991699 -1.058084
v 0.768044 0.990219 -0.959040
v 0.668988 0.989606 -0.918014
v 0.569932 0.990219 -0.959040
v 0.528902 0.991699 -1.058084
v 0.569932 0.993179 -1.157129
v 0.668988 0.992707 -1.125532
v 0.716686 0.992412 -1.105777
v 0.736443 0.991699 -1.058084
v 0.716686 0.990986 -1.010392
v 0.668988 0.990691 -0.990637
v 0.621290 0.990986 -1.010392
v 0.601533 0.991699 -1.058084
v 0.621290 0.992412 -1.105777
v 0.716686 0.990736 -1.105802
v 0.768044 0.991503 -1.157154
v 0.736443 0.990023 -1.058110
v 0.809074 0.990023 -1.058110
v 0.716686 0.989311 -1.010417
v 0.768044 0.988543 -0.959065
v 0.668988 0.989015 -0.990662
v 0.668988 0.987930 -0.918039
v 0.621290 0.989311 -1.010417
v 0.569932 0.988543 -0.959065
v 0.601533 0.990023 -1.058110
v 0.528902 0.990023 -1.058110
v 0.621290 0.990736 -1.105802
v 0.569932 0.991503 -1.157154
v 0.668988 0.992117 -1.198180
v 0.668988 0.991031 -1.125557
vn 0.3827 0.0138 -0.9238
vn 0.9239 0.0057 -0.3826
vn 0.9239 -0.0057 0.3826
vn 0.3827 -0.0138 0.9238
vn -0.3827 -0.0138 0.9238
vn -0.9239 -0.0057 0.3826
vn -0.9239 0.0057 -0.3826
vn -0.3827 0.0138 -0.9238
vn -0.0000 -0.9999 -0.0149
vn -0.0000 0.9999 0.0149
vt 1.000000 0.500000
vt 1.000000 1.000000
vt 0.875000 1.000000
vt 0.875000 0.500000
vt 0.750000 1.000000
vt 0.750000 0.500000
vt 0.625000 1.000000
vt 0.625000 0.500000
vt 0.500000 1.000000
vt 0.500000 0.500000
vt 0.375000 1.000000
vt 0.375000 0.500000
vt 0.250000 1.000000
vt 0.250000 0.500000
vt 0.213244 0.286756
vt 0.198019 0.250000
vt 0.698019 0.250000
vt 0.713244 0.286756
vt 0.125000 1.000000
vt 0.125000 0.500000
vt 0.000000 1.000000
vt 0.000000 0.500000
vt 0.250000 0.301981
vt 0.750000 0.301981
vt 0.786756 0.286756
vt 0.750000 0.490000
vt 0.919706 0.419706
vt 0.250000 0.379765
vt 0.341758 0.341758
vt 0.419706 0.419706
vt 0.250000 0.490000
vt 0.801981 0.250000
vt 0.990000 0.250000
vt 0.379765 0.250000
vt 0.490000 0.250000
vt 0.786756 0.213244
vt 0.919706 0.080294
vt 0.341758 0.158242
vt 0.419706 0.080294
vt 0.750000 0.198019
vt 0.750000 0.010000
vt 0.250000 0.120235
vt 0.250000 0.010000
vt 0.713244 0.213244
vt 0.580294 0.080294
vt 0.158242 0.158242
vt 0.080294 0.080294
vt 0.510000 0.250000
vt 0.120235 0.250000
vt 0.010000 0.250000
vt 0.580294 0.419706
vt 0.158242 0.341758
vt 0.080294 0.419706
vt 0.213244 0.213244
vt 0.250000 0.198019
vt 0.286756 0.213244
vt 0.301981 0.250000
vt 0.286756 0.286756
vt 0.205816 0.205816
vt 0.187514 0.250000
vt 0.250000 0.187514
vt 0.294184 0.205816
vt 0.312486 0.250000
vt 0.294184 0.294184
vt 0.250000 0.312486
vt 0.205816 0.294184
s 0
f 435/481/185 438/482/185 437/483/185 436/484/185
f 436/484/186 437/483/186 440/485/186 439/486/186
f 439/486/187 440/485/187 442/487/187 441/488/187
f 441/488/188 442/487/188 444/489/188 443/490/188
f 443/490/189 444/489/189 446/491/189 445/492/189
f 445/492/190 446/491/190 448/493/190 447/494/190
f 434/495/187 432/496/187 431/497/187 433/498/187
f 447/494/191 448/493/191 450/499/191 449/500/191
f 449/500/192 450/499/192 438/501/192 435/502/192
f 420/503/188 434/495/188 433/498/188 419/504/188
f 421/505/193 419/504/193 435/506/193 436/507/193
f 451/508/194 452/509/194 437/510/194 438/511/194
f 423/512/193 421/505/193 436/507/193 439/513/193
f 452/509/194 453/514/194 440/515/194 437/510/194
f 425/516/193 423/512/193 439/513/193 441/517/193
f 453/514/194 454/518/194 442/519/194 440/515/194
f 427/520/193 425/516/193 441/517/193 443/521/193
f 454/518/194 455/522/194 444/523/194 442/519/194
f 429/524/193 427/520/193 443/521/193 445/525/193
f 455/522/194 456/526/194 446/527/194 444/523/194
f 431/497/193 429/524/193 445/525/193 447/528/193
f 456/526/194 457/529/194 448/530/194 446/527/194
f 433/498/193 431/497/193 447/528/193 449/531/193
f 457/529/194 458/532/194 450/533/194 448/530/194
f 419/504/193 433/498/193 449/531/193 435/506/193
f 458/532/194 451/508/194 438/511/194 450/533/194
f 432/496/186 430/534/186 429/524/186 431/497/186
f 430/534/185 428/535/185 427/520/185 429/524/185
f 428/535/192 426/536/192 425/516/192 427/520/192
f 426/536/191 424/537/191 423/512/191 425/516/191
f 424/537/190 422/538/190 421/505/190 423/512/190
f 422/538/189 420/503/189 419/504/189 421/505/189
f 453/514/194 452/509/194 468/509/194 469/514/194
f 428/535/194 430/534/194 464/534/194 463/535/194
f 454/518/194 453/514/194 469/514/194 470/518/194
f 420/503/194 422/538/194 459/538/194 460/503/194
f 455/522/194 454/518/194 470/518/194 471/522/194
f 434/495/194 420/503/194 460/503/194 466/495/194
f 426/536/194 428/535/194 463/535/194 462/536/194
f 456/526/194 455/522/194 471/522/194 472/526/194
f 468/509/189 467/508/189 497/508/189 484/509/189
f 480/539/190 481/540/190 493/540/190 491/539/190
f 469/514/190 468/509/190 484/509/190 486/514/190
f 479/541/189 480/539/189 491/539/189 489/541/189
f 470/518/191 469/514/191 486/514/191 488/518/191
f 478/542/188 479/541/188 489/541/188 487/542/188
f 471/522/192 470/518/192 488/518/192 490/522/192
f 477/543/187 478/542/187 487/542/187 485/543/187
f 422/538/194 424/537/194 461/537/194 459/538/194
f 452/509/194 451/508/194 467/508/194 468/509/194
f 430/534/194 432/496/194 465/496/194 464/534/194
f 451/508/194 458/532/194 474/532/194 467/508/194
f 458/532/194 457/529/194 473/529/194 474/532/194
f 424/537/194 426/536/194 462/536/194 461/537/194
f 457/529/194 456/526/194 472/526/194 473/529/194
f 432/496/194 434/495/194 466/495/194 465/496/194
f 460/503/194 459/538/194 476/544/194 475/545/194
f 459/538/194 461/537/194 477/543/194 476/544/194
f 461/537/194 462/536/194 478/542/194 477/543/194
f 462/536/194 463/535/194 479/541/194 478/542/194
f 463/535/194 464/534/194 480/539/194 479/541/194
f 464/534/194 465/496/194 481/540/194 480/539/194
f 465/496/194 466/495/194 482/546/194 481/540/194
f 466/495/194 460/503/194 475/545/194 482/546/194
f 495/546/194 498/545/194 497/508/194 496/532/194
f 493/540/194 495/546/194 496/532/194 494/529/194
f 491/539/194 493/540/194 494/529/194 492/526/194
f 489/541/194 491/539/194 492/526/194 490/522/194
f 487/542/194 489/541/194 490/522/194 488/518/194
f 485/543/194 487/542/194 488/518/194 486/514/194
f 483/544/194 485/543/194 486/514/194 484/509/194
f 498/545/194 483/544/194 484/509/194 497/508/194
f 467/508/188 474/532/188 496/532/188 497/508/188
f 481/540/191 482/546/191 495/546/191 493/540/191
f 474/532/187 473/529/187 494/529/187 496/532/187
f 482/546/192 475/545/192 498/545/192 495/546/192
f 475/545/185 476/544/185 483/544/185 498/545/185
f 473/529/186 472/526/186 492/526/186 494/529/186
f 476/544/186 477/543/186 485/543/186 483/544/186
f 472/526/185 471/522/185 490/522/185 492/526/185
o Cylinder.008
v -0.714869 0.955934 1.075715
v -0.714869 0.966344 1.075559
v -0.754549 0.955688 1.059281
v -0.754549 0.966099 1.059125
v -0.770984 0.955095 1.019606
v -0.770984 0.965506 1.019451
v -0.754549 0.954502 0.979931
v -0.754549 0.964913 0.979776
v -0.714869 0.954257 0.963498
v -0.714869 0.964667 0.963342
v -0.675190 0.954502 0.979931
v -0.675190 0.964913 0.979776
v -0.658755 0.955095 1.019606
v -0.658755 0.965506 1.019451
v -0.675190 0.955688 1.059281
v -0.675190 0.966099 1.059125
v -0.714870 0.958967 1.278666
v -0.898073 0.957833 1.202789
v -0.898073 0.968244 1.202633
v -0.714870 0.969377 1.278510
v -0.973958 0.955095 1.019606
v -0.973958 0.965506 1.019451
v -0.898073 0.952358 0.836423
v -0.898073 0.962768 0.836268
v -0.714869 0.951224 0.760547
v -0.714869 0.961634 0.760391
v -0.531666 0.952358 0.836424
v -0.531666 0.962768 0.836268
v -0.455781 0.955095 1.019606
v -0.455781 0.965506 1.019451
v -0.531666 0.957833 1.202789
v -0.531666 0.968244 1.202633
v -0.714870 0.967599 1.159521
v -0.813925 0.966986 1.118495
v -0.854956 0.965506 1.019451
v -0.813925 0.964026 0.920406
v -0.714869 0.963413 0.879380
v -0.615814 0.964026 0.920406
v -0.574783 0.965506 1.019451
v -0.615814 0.966986 1.118495
v -0.754549 0.966099 1.059125
v -0.714869 0.966344 1.075559
v -0.770984 0.965506 1.019451
v -0.754549 0.964913 0.979776
v -0.714869 0.964667 0.963342
v -0.675190 0.964913 0.979776
v -0.658755 0.965506 1.019451
v -0.675190 0.966099 1.059125
v -0.714870 0.967599 1.159521
v -0.813925 0.966986 1.118495
v -0.854956 0.965506 1.019451
v -0.813925 0.964026 0.920406
v -0.714869 0.963413 0.879380
v -0.615814 0.964026 0.920406
v -0.574783 0.965506 1.019451
v -0.615814 0.966986 1.118495
v -0.714869 0.966514 1.086898
v -0.762568 0.966219 1.067143
v -0.782325 0.965506 1.019451
v -0.762568 0.964793 0.971758
v -0.714869 0.964498 0.952003
v -0.667171 0.964793 0.971758
v -0.647414 0.965506 1.019451
v -0.667171 0.966219 1.067143
v -0.762568 0.964543 1.067168
v -0.813925 0.965310 1.118520
v -0.782325 0.963830 1.019476
v -0.854956 0.963830 1.019476
v -0.762568 0.963117 0.971783
v -0.813925 0.962350 0.920431
v -0.714869 0.962822 0.952028
v -0.714869 0.961737 0.879405
v -0.667171 0.963117 0.971783
v -0.615814 0.962350 0.920431
v -0.647414 0.963830 1.019476
v -0.574783 0.963830 1.019476
v -0.667171 0.964543 1.067168
v -0.615814 0.965310 1.118520
v -0.714870 0.965923 1.159546
v -0.714869 0.964838 1.086923
vn -0.3827 0.0138 0.9238
vn -0.9239 0.0057 0.3826
vn -0.9239 -0.0057 -0.3826
vn -0.3827 -0.0138 -0.9238
vn 0.3827 -0.0138 -0.9238
vn 0.9239 -0.0057 -0.3826
vn 0.9239 0.0057 0.3826
vn 0.3827 0.0138 0.9238
vn -0.0000 -0.9999 0.0149
vn -0.0000 0.9999 -0.0149
vt 1.000000 0.500000
vt 1.000000 1.000000
vt 0.875000 1.000000
vt 0.875000 0.500000
vt 0.750000 1.000000
vt 0.750000 0.500000
vt 0.625000 1.000000
vt 0.625000 0.500000
vt 0.500000 1.000000
vt 0.500000 0.500000
vt 0.375000 1.000000
vt 0.375000 0.500000
vt 0.250000 1.000000
vt 0.250000 0.500000
vt 0.213244 0.286756
vt 0.198019 0.250000
vt 0.698019 0.250000
vt 0.713244 0.286756
vt 0.125000 1.000000
vt 0.125000 0.500000
vt 0.000000 1.000000
vt 0.000000 0.500000
vt 0.250000 0.301981
vt 0.750000 0.301981
vt 0.786756 0.286756
vt 0.750000 0.490000
vt 0.919706 0.419706
vt 0.250000 0.379765
vt 0.341758 0.341758
vt 0.419706 0.419706
vt 0.250000 0.490000
vt 0.801981 0.250000
vt 0.990000 0.250000
vt 0.379765 0.250000
vt 0.490000 0.250000
vt 0.786756 0.213244
vt 0.919706 0.080294
vt 0.341758 0.158242
vt 0.419706 0.080294
vt 0.750000 0.198019
vt 0.750000 0.010000
vt 0.250000 0.120235
vt 0.250000 0.010000
vt 0.713244 0.213244
vt 0.580294 0.080294
vt 0.158242 0.158242
vt 0.080294 0.080294
vt 0.510000 0.250000
vt 0.120235 0.250000
vt 0.010000 0.250000
vt 0.580294 0.419706
vt 0.158242 0.341758
vt 0.080294 0.419706
vt 0.213244 0.213244
vt 0.250000 0.198019
vt 0.286756 0.213244
vt 0.301981 0.250000
vt 0.286756 0.286756
vt 0.205816 0.205816
vt 0.187514 0.250000
vt 0.250000 0.187514
vt 0.294184 0.205816
vt 0.312486 0.250000
vt 0.294184 0.294184
vt 0.250000 0.312486
vt 0.205816 0.294184
s 0
f 515/547/195 518/548/195 517/549/195 516/550/195
f 516/550/196 517/549/196 520/551/196 519/552/196
f 519/552/197 520/551/197 522/553/197 521/554/197
f 521/554/198 522/553/198 524/555/198 523/556/198
f 523/556/199 524/555/199 526/557/199 525/558/199
f 525/558/200 526/557/200 528/559/200 527/560/200
f 514/561/197 512/562/197 511/563/197 513/564/197
f 527/560/201 528/559/201 530/565/201 529/566/201
f 529/566/202 530/565/202 518/567/202 515/568/202
f 500/569/198 514/561/198 513/564/198 499/570/198
f 501/571/203 499/570/203 515/572/203 516/573/203
f 531/574/204 532/575/204 517/576/204 518/577/204
f 503/578/203 501/571/203 516/573/203 519/579/203
f 532/575/204 533/580/204 520/581/204 517/576/204
f 505/582/203 503/578/203 519/579/203 521/583/203
f 533/580/204 534/584/204 522/585/204 520/581/204
f 507/586/203 505/582/203 521/583/203 523/587/203
f 534/584/204 535/588/204 524/589/204 522/585/204
f 509/590/203 507/586/203 523/587/203 525/591/203
f 535/588/204 536/592/204 526/593/204 524/589/204
f 511/563/203 509/590/203 525/591/203 527/594/203
f 536/592/204 537/595/204 528/596/204 526/593/204
f 513/564/203 511/563/203 527/594/203 529/597/203
f 537/595/204 538/598/204 530/599/204 528/596/204
f 499/570/203 513/564/203 529/597/203 515/572/203
f 538/598/204 531/574/204 518/577/204 530/599/204
f 512/562/196 510/600/196 509/590/196 511/563/196
f 510/600/195 508/601/195 507/586/195 509/590/195
f 508/601/202 506/602/202 505/582/202 507/586/202
f 506/602/201 504/603/201 503/578/201 505/582/201
f 504/603/200 502/604/200 501/571/200 503/578/200
f 502/604/199 500/569/199 499/570/199 501/571/199
f 533/580/204 532/575/204 548/575/204 549/580/204
f 508/601/204 510/600/204 544/600/204 543/601/204
f 534/584/204 533/580/204 549/580/204 550/584/204
f 500/569/204 502/604/204 539/604/204 540/569/204
f 535/588/204 534/584/204 550/584/204 551/588/204
f 514/561/204 500/569/204 540/569/204 546/561/204
f 506/602/204 508/601/204 543/601/204 542/602/204
f 536/592/204 535/588/204 551/588/204 552/592/204
f 548/575/199 547/574/199 577/574/199 564/575/199
f 560/605/200 561/606/200 573/606/200 571/605/200
f 549/580/200 548/575/200 564/575/200 566/580/200
f 559/607/199 560/605/199 571/605/199 569/607/199
f 550/584/201 549/580/201 566/580/201 568/584/201
f 558/608/198 559/607/198 569/607/198 567/608/198
f 551/588/202 550/584/202 568/584/202 570/588/202
f 557/609/197 558/608/197 567/608/197 565/609/197
f 502/604/204 504/603/204 541/603/204 539/604/204
f 532/575/204 531/574/204 547/574/204 548/575/204
f 510/600/204 512/562/204 545/562/204 544/600/204
f 531/574/204 538/598/204 554/598/204 547/574/204
f 538/598/204 537/595/204 553/595/204 554/598/204
f 504/603/204 506/602/204 542/602/204 541/603/204
f 537/595/204 536/592/204 552/592/204 553/595/204
f 512/562/204 514/561/204 546/561/204 545/562/204
f 540/569/204 539/604/204 556/610/204 555/611/204
f 539/604/204 541/603/204 557/609/204 556/610/204
f 541/603/204 542/602/204 558/608/204 557/609/204
f 542/602/204 543/601/204 559/607/204 558/608/204
f 543/601/204 544/600/204 560/605/204 559/607/204
f 544/600/204 545/562/204 561/606/204 560/605/204
f 545/562/204 546/561/204 562/612/204 561/606/204
f 546/561/204 540/569/204 555/611/204 562/612/204
f 575/612/204 578/611/204 577/574/204 576/598/204
f 573/606/204 575/612/204 576/598/204 574/595/204
f 571/605/204 573/606/204 574/595/204 572/592/204
f 569/607/204 571/605/204 572/592/204 570/588/204
f 567/608/204 569/607/204 570/588/204 568/584/204
f 565/609/204 567/608/204 568/584/204 566/580/204
f 563/610/204 565/609/204 566/580/204 564/575/204
f 578/611/204 563/610/204 564/575/204 577/574/204
f 547/574/198 554/598/198 576/598/198 577/574/198
f 561/606/201 562/612/201 575/612/201 573/606/201
f 554/598/197 553/595/197 574/595/197 576/598/197
f 562/612/202 555/611/202 578/611/202 575/612/202
f 555/611/195 556/610/195 563/610/195 578/611/195
f 553/595/196 552/592/196 572/592/196 574/595/196
f 556/610/196 557/609/196 565/609/196 563/610/196
f 552/592/195 551/588/195 570/588/195 572/592/195
o Cylinder.009
v -0.180630 0.901086 -2.338442
v -0.180630 0.901086 -2.835325
v -0.141250 0.917397 -2.338442
v -0.141250 0.917397 -2.835325
v -0.124939 0.956777 -2.338442
v -0.124939 0.956777 -2.835325
v -0.141250 0.996157 -2.338442
v -0.141250 0.996157 -2.835325
v -0.180630 1.012468 -2.338442
v -0.180630 1.012468 -2.835325
v -0.220010 0.996157 -2.338442
v -0.220010 0.996157 -2.835325
v -0.236322 0.956777 -2.338442
v -0.236322 0.956777 -2.835325
v -0.220010 0.917397 -2.338442
v -0.220010 0.917397 -2.835325
vn 0.3827 -0.9239 -0.0000
vn 0.9239 -0.3827 -0.0000
vn 0.9239 0.3827 -0.0000
vn 0.3827 0.9239 -0.0000
vn -0.3827 0.9239 -0.0000
vn -0.9239 0.3827 -0.0000
vn -0.0000 -0.0000 -1.0000
vn -0.9239 -0.3827 -0.0000
vn -0.3827 -0.9239 -0.0000
vn -0.0000 -0.0000 1.0000
vt 1.000000 0.500000
vt 1.000000 1.000000
vt 0.875000 1.000000
vt 0.875000 0.500000
vt 0.750000 1.000000
vt 0.750000 0.500000
vt 0.625000 1.000000
vt 0.625000 0.500000
vt 0.500000 1.000000
vt 0.500000 0.500000
vt 0.375000 1.000000
vt 0.375000 0.500000
vt 0.250000 1.000000
vt 0.250000 0.500000
vt 0.419706 0.419706
vt 0.250000 0.490000
vt 0.080294 0.419706
vt 0.010000 0.250000
vt 0.080294 0.080294
vt 0.250000 0.010000
vt 0.419706 0.080294
vt 0.490000 0.250000
vt 0.125000 1.000000
vt 0.125000 0.500000
vt 0.000000 1.000000
vt 0.000000 0.500000
vt 0.750000 0.490000
vt 0.919706 0.419706
vt 0.990000 0.250000
vt 0.919706 0.080294
vt 0.750000 0.010000
vt 0.580294 0.080294
vt 0.510000 0.250000
vt 0.580294 0.419706
s 0
f 579/613/205 580/614/205 582/615/205 581/616/205
f 581/616/206 582/615/206 584/617/206 583/618/206
f 583/618/207 584/617/207 586/619/207 585/620/207
f 585/620/208 586/619/208 588/621/208 587/622/208
f 587/622/209 588/621/209 590/623/209 589/624/209
f 589/624/210 590/623/210 592/625/210 591/626/210
f 582/627/211 580/628/211 594/629/211 592/630/211 590/631/211 588/632/211 586/633/211 584/634/211
f 591/626/212 592/625/212 594/635/212 593/636/212
f 593/636/213 594/635/213 580/637/213 579/638/213
f 579/639/214 581/640/214 583/641/214 585/642/214 587/643/214 589/644/214 591/645/214 593/646/214
o Plane.006
v 0.001660 1.107569 -1.125642
v 0.282113 1.107569 -1.340193
v -0.093740 1.107569 -1.328465
v 0.027078 1.107569 -1.491550
v -0.404215 1.107569 -1.102934
v -0.428218 1.107569 -1.160138
v -0.326199 1.107569 -1.633706
v -0.264004 1.107569 -1.689944
v 0.308696 1.107569 -1.170020
v 0.198832 1.107569 -1.066193
v 0.331252 1.107569 -1.713362
v 0.286896 1.107569 -1.725860
v 0.983235 1.107569 -1.022663
v 0.967602 1.107569 -0.973704
v 0.949238 1.107569 -0.930601
v 0.094458 1.107569 -0.895749
v 0.173556 1.107569 -0.910609
v 0.001660 1.038569 -1.125642
v 0.282113 1.038569 -1.340193
v -0.093740 1.038569 -1.328465
v 0.027078 1.038569 -1.491550
v -0.404215 1.038569 -1.102934
v -0.428218 1.038569 -1.160138
v -0.326199 1.038569 -1.633706
v -0.264004 1.038569 -1.689944
v 0.308696 1.038569 -1.170020
v 0.198832 1.038569 -1.066193
v 0.331252 1.038569 -1.713362
v 0.286896 1.038569 -1.725860
v 0.983235 1.038569 -1.022663
v 0.967602 1.038569 -0.973704
v 0.949238 1.038569 -0.930601
v 0.094458 1.038569 -0.895749
v 0.173556 1.038569 -0.910609
vn -0.0000 1.0000 -0.0000
vn -0.0000 -1.0000 -0.0000
vn -0.9221 -0.0000 0.3869
vn -0.4495 -0.0000 -0.8933
vn 0.0559 -0.0000 0.9984
vn -0.6707 -0.0000 -0.7417
vn 0.5632 -0.0000 -0.8263
vn -0.7956 -0.0000 0.6059
vn 0.2712 -0.0000 -0.9625
vn 0.9914 -0.0000 0.1306
vn -0.6697 -0.0000 -0.7426
vn 0.9526 -0.0000 0.3042
vn 0.9200 -0.0000 0.3919
vn -0.1778 -0.0000 0.9841
vn 0.4126 -0.0000 -0.9109
vn 0.1846 -0.0000 0.9828
vn -0.9273 -0.0000 0.3743
vn 0.9871 -0.0000 0.1604
vt 0.000000 0.000000
vt 1.000000 0.000000
vt 1.000000 1.000000
vt 0.000000 1.000000
s 0
f 595/647/215 596/648/215 598/649/215 597/650/215
f 595/647/215 597/650/215 600/650/215 599/647/215
f 597/650/215 598/649/215 602/649/215 601/650/215
f 596/648/215 595/647/215 604/647/215 603/648/215
f 598/649/215 596/648/215 605/648/215 606/649/215
f 603/648/215 604/647/215 609/647/215 608/648/215
f 596/648/215 603/648/215 608/648/215 607/648/215
f 604/647/215 595/647/215 610/647/215 611/647/215
f 612/647/216 614/650/216 615/649/216 613/648/216
f 612/647/216 616/647/216 617/650/216 614/650/216
f 614/650/216 618/650/216 619/649/216 615/649/216
f 613/648/216 620/648/216 621/647/216 612/647/216
f 615/649/216 623/649/216 622/648/216 613/648/216
f 620/648/216 625/648/216 626/647/216 621/647/216
f 613/648/216 624/648/216 625/648/216 620/648/216
f 621/647/216 628/647/216 627/647/216 612/647/216
f 599/647/217 600/650/217 617/650/217 616/647/217
f 600/650/218 597/650/218 614/650/218 617/650/218
f 595/647/219 599/647/219 616/647/219 612/647/219
f 601/650/220 602/649/220 619/649/220 618/650/220
f 602/649/221 598/649/221 615/649/221 619/649/221
f 597/650/222 601/650/222 618/650/222 614/650/222
f 606/649/223 605/648/223 622/648/223 623/649/223
f 605/648/224 596/648/224 613/648/224 622/648/224
f 598/649/225 606/649/225 623/649/225 615/649/225
f 607/648/226 608/648/226 625/648/226 624/648/226
f 608/648/227 609/647/227 626/647/227 625/648/227
f 609/647/228 604/647/228 621/647/228 626/647/228
f 596/648/229 607/648/229 624/648/229 613/648/229
f 611/647/230 610/647/230 627/647/230 628/647/230
f 610/647/231 595/647/231 612/647/231 627/647/231
f 604/647/232 611/647/232 628/647/232 621/647/232
o Plane.007
v 0.042098 0.968185 0.443109
v 0.078422 0.968185 0.443109
v 0.042098 0.968185 0.291923
v 0.196932 0.968185 0.339358
v 0.033414 0.968185 0.237081
v 0.137639 0.968185 0.187932
v 0.334676 0.968185 0.175161
v 0.226123 0.968185 0.084852
v 0.292087 0.968185 0.362528
v 0.311243 0.968185 0.347021
v 0.353070 0.968185 -0.091113
v 0.247793 0.968185 -0.088265
v 0.441509 0.968185 0.114333
v 0.452797 0.968185 0.084434
v 0.289581 0.968185 -0.213714
v 0.222616 0.968185 -0.201014
v 0.401673 0.968185 -0.187661
v 0.398498 0.968185 -0.204738
v 0.042098 0.950421 0.443109
v 0.078422 0.950421 0.443109
v 0.042098 0.950421 0.291923
v 0.196932 0.950421 0.339358
v 0.033414 0.950421 0.237081
v 0.137639 0.950421 0.187932
v 0.334676 0.950421 0.175161
v 0.226123 0.950421 0.084852
v 0.292087 0.950421 0.362528
v 0.311243 0.950421 0.347021
v 0.353070 0.950421 -0.091113
v 0.247793 0.950421 -0.088265
v 0.441509 0.950421 0.114333
v 0.452797 0.950421 0.084434
v 0.289581 0.950421 -0.213714
v 0.222616 0.950421 -0.201014
v 0.401673 0.950421 -0.187661
v 0.398498 0.950421 -0.204738
vn -0.0000 1.0000 -0.0000
vn -0.0000 -1.0000 -0.0000
vn -1.0000 -0.0000 -0.0000
vn -0.0000 -0.0000 1.0000
vn 0.6587 -0.0000 0.7524
vn -0.4265 -0.0000 -0.9045
vn -0.9877 -0.0000 0.1564
vn -0.7588 -0.0000 -0.6513
vn 0.6292 -0.0000 0.7772
vn -0.2366 -0.0000 0.9716
vn 0.9908 -0.0000 0.1351
vn -0.9923 -0.0000 -0.1242
vn 0.9356 -0.0000 0.3532
vn 0.4948 -0.0000 0.8690
vn 0.8695 -0.0000 -0.4939
vn -0.1863 -0.0000 -0.9825
vn -0.9760 -0.0000 0.2179
vn 0.9832 -0.0000 -0.1828
vn 0.8932 -0.0000 0.4496
vn 0.0821 -0.0000 -0.9966
vt 0.000000 0.000000
vt 1.000000 0.000000
vt 1.000000 1.000000
vt 0.000000 1.000000
s 0
f 629/651/233 630/652/233 632/653/233 631/654/233
f 631/654/233 632/653/233 634/653/233 633/654/233
f 634/653/233 632/653/233 635/653/233 636/653/233
f 635/653/233 632/653/233 637/653/233 638/653/233
f 636/653/233 635/653/233 639/653/233 640/653/233
f 639/653/233 635/653/233 641/653/233 642/653/233
f 640/653/233 639/653/233 643/653/233 644/653/233
f 643/653/233 639/653/233 645/653/233 646/653/233
f 647/651/234 649/654/234 650/653/234 648/652/234
f 649/654/234 651/654/234 652/653/234 650/653/234
f 652/653/234 654/653/234 653/653/234 650/653/234
f 653/653/234 656/653/234 655/653/234 650/653/234
f 654/653/234 658/653/234 657/653/234 653/653/234
f 657/653/234 660/653/234 659/653/234 653/653/234
f 658/653/234 662/653/234 661/653/234 657/653/234
f 661/653/234 664/653/234 663/653/234 657/653/234
f 629/651/235 631/654/235 649/654/235 647/651/235
f 630/652/236 629/651/236 647/651/236 648/652/236
f 632/653/237 630/652/237 648/652/237 650/653/237
f 633/654/238 634/653/238 652/653/238 651/654/238
f 631/654/239 633/654/239 651/654/239 649/654/239
f 634/653/240 636/653/240 654/653/240 652/653/240
f 638/653/241 637/653/241 655/653/241 656/653/241
f 637/653/242 632/653/242 650/653/242 655/653/242
f 635/653/243 638/653/243 656/653/243 653/653/243
f 636/653/244 640/653/244 658/653/244 654/653/244
f 642/653/245 641/653/245 659/653/245 660/653/245
f 641/653/246 635/653/246 653/653/246 659/653/246
f 639/653/247 642/653/247 660/653/247 657/653/247
f 644/653/248 643/653/248 661/653/248 662/653/248
f 640/653/249 644/653/249 662/653/249 658/653/249
f 646/653/250 645/653/250 663/653/250 664/653/250
f 645/653/251 639/653/251 657/653/251 663/653/251
f 643/653/252 646/653/252 664/653/252 661/653/252
o Plane.008
v 1.762653 1.970422 0.441141
v 1.943984 1.638631 0.441141
v 1.762653 1.970422 0.226829
v 1.943984 1.638631 0.226829
v 1.746949 1.982473 0.459248
v 1.945647 1.618906 0.459248
v 1.746949 1.982474 0.208723
v 1.945647 1.618906 0.208723
v 1.753969 1.986310 0.208723
v 1.753969 1.986310 0.459248
v 1.952667 1.622743 0.459248
v 1.952667 1.622743 0.208723
v 1.759134 1.968499 0.226829
v 1.759134 1.968498 0.441141
v 1.940465 1.636708 0.441141
v 1.940465 1.636708 0.226829
vn -0.4796 0.8775 -0.0000
vn -0.8775 -0.4796 -0.0000
vn -0.0000 -0.0000 1.0000
vn 0.4796 -0.8775 -0.0000
vn -0.0000 -0.0000 -1.0000
vn 0.8775 0.4796 -0.0000
vt 0.956298 0.072274
vt 0.956298 0.927726
vt 0.000000 0.000000
vt 0.000000 1.000000
vt 1.000000 1.000000
vt 1.000000 0.000000
vt 0.043702 0.072274
vt 0.043702 0.927726
s 0
f 666/655/253 668/656/253 680/656/253 679/655/253
f 669/657/254 671/658/254 672/659/254 670/660/254
f 674/657/253 673/658/253 671/658/253 669/657/253
f 675/660/255 674/657/255 669/657/255 670/660/255
f 676/659/256 675/660/256 670/660/256 672/659/256
f 673/658/257 676/659/257 672/659/257 671/658/257
f 665/661/258 667/662/258 673/658/258 674/657/258
f 666/655/258 665/661/258 674/657/258 675/660/258
f 668/656/258 666/655/258 675/660/258 676/659/258
f 667/662/258 668/656/258 676/659/258 673/658/258
f 678/661/258 679/655/258 680/656/258 677/662/258
f 667/662/256 665/661/256 678/661/256 677/662/256
f 668/656/255 667/662/255 677/662/255 680/656/255
f 665/661/257 666/655/257 679/655/257 678/661/257
o Plane.009
v -1.519639 1.346452 -0.402836
v -1.700905 1.014662 -0.407678
v -1.525361 1.346452 -0.188600
v -1.706628 1.014662 -0.193442
v -1.503458 1.358504 -0.420517
v -1.702085 0.994937 -0.425822
v -1.510147 1.358504 -0.170081
v -1.708774 0.994937 -0.175386
v -1.517164 1.362341 -0.170268
v -1.510475 1.362341 -0.420704
v -1.709102 0.998773 -0.426010
v -1.715791 0.998773 -0.175574
v -1.521844 1.344529 -0.188506
v -1.516121 1.344529 -0.402742
v -1.697388 1.012739 -0.407584
v -1.703110 1.012739 -0.193348
vn 0.4794 0.8775 0.0128
vn 0.8772 -0.4796 0.0234
vn 0.0267 -0.0000 -0.9996
vn -0.4794 -0.8775 -0.0128
vn -0.0267 -0.0000 0.9996
vn -0.8772 0.4796 -0.0234
vt 0.956298 0.072274
vt 0.956298 0.927726
vt 0.000000 0.000000
vt 0.000000 1.000000
vt 1.000000 1.000000
vt 1.000000 0.000000
vt 0.043702 0.072274
vt 0.043702 0.927726
s 0
f 682/663/259 684/664/259 696/664/259 695/663/259
f 685/665/260 687/666/260 688/667/260 686/668/260
f 690/665/259 689/666/259 687/666/259 685/665/259
f 691/668/261 690/665/261 685/665/261 686/668/261
f 692/667/262 691/668/262 686/668/262 688/667/262
f 689/666/263 692/667/263 688/667/263 687/666/263
f 681/669/264 683/670/264 689/666/264 690/665/264
f 682/663/264 681/669/264 690/665/264 691/668/264
f 684/664/264 682/663/264 691/668/264 692/667/264
f 683/670/264 684/664/264 692/667/264 689/666/264
f 694/669/264 695/663/264 696/664/264 693/670/264
f 683/670/262 681/669/262 694/669/262 693/670/262
f 684/664/261 683/670/261 693/670/261 696/664/261
f 681/669/263 682/663/263 695/663/263 694/669/263
o Plane.010
v 0.359380 1.091338 -1.328252
v 0.484809 1.091338 -1.277176
v 0.319879 1.091338 -1.402617
v 0.531690 1.091338 -1.434167
v 0.606166 1.091338 -1.237655
v 0.655613 1.091338 -1.314988
v 0.327820 1.091338 -1.521933
v 0.480686 1.091338 -1.527074
v 0.358362 1.091338 -1.670060
v 0.446785 1.091338 -1.654128
v 0.359380 1.056718 -1.328252
v 0.484809 1.056718 -1.277176
v 0.319879 1.056718 -1.402617
v 0.531690 1.056718 -1.434167
v 0.606166 1.056718 -1.237655
v 0.655613 1.056718 -1.314988
v 0.327820 1.056718 -1.521933
v 0.480686 1.056718 -1.527074
v 0.358362 1.056718 -1.670060
v 0.446785 1.056718 -1.654128
vn -0.0000 1.0000 -0.0000
vn -0.0000 -1.0000 -0.0000
vn -0.8831 -0.0000 0.4691
vn -0.3771 -0.0000 0.9262
vn 0.8425 -0.0000 0.5387
vn -0.3097 -0.0000 0.9509
vn 0.6932 -0.0000 -0.7208
vn 0.8766 -0.0000 -0.4812
vn -0.9978 -0.0000 -0.0664
vn 0.1773 -0.0000 -0.9842
vn 0.9662 -0.0000 -0.2578
vn -0.9794 -0.0000 -0.2019
vt 0.000000 0.000000
vt 1.000000 0.000000
vt 1.000000 1.000000
vt 0.000000 1.000000
s 0
f 697/671/265 698/672/265 700/673/265 699/674/265
f 700/673/265 698/672/265 701/672/265 702/673/265
f 699/674/265 700/673/265 704/673/265 703/674/265
f 703/674/265 704/673/265 706/673/265 705/674/265
f 707/671/266 709/674/266 710/673/266 708/672/266
f 710/673/266 712/673/266 711/672/266 708/672/266
f 709/674/266 713/674/266 714/673/266 710/673/266
f 713/674/266 715/674/266 716/673/266 714/673/266
f 697/671/267 699/674/267 709/674/267 707/671/267
f 698/672/268 697/671/268 707/671/268 708/672/268
f 702/673/269 701/672/269 711/672/269 712/673/269
f 701/672/270 698/672/270 708/672/270 711/672/270
f 700/673/271 702/673/271 712/673/271 710/673/271
f 704/673/272 700/673/272 710/673/272 714/673/272
f 699/674/273 703/674/273 713/674/273 709/674/273
f 705/674/274 706/673/274 716/673/274 715/674/274
f 706/673/275 704/673/275 714/673/275 716/673/275
f 703/674/276 705/674/276 715/674/276 713/674/276
o Cube.044
v -0.926691 1.170826 3.119239
v -0.926691 2.054552 3.119239
v -1.549010 1.170826 2.491791
v -1.549010 2.054552 2.491791
v -0.369956 1.271242 2.425624
v -0.369956 1.954135 2.425624
v -0.850848 1.271242 1.940768
v -0.850848 1.954135 1.940768
v -1.214646 1.384606 3.103743
v -1.214646 1.840772 3.103743
v -1.535877 1.384606 2.779863
v -1.535877 1.840772 2.779863
v -0.921562 2.054552 1.869472
v -0.921562 1.170826 1.869472
v -0.299243 1.170826 2.496920
v -0.299243 2.054552 2.496920
v -0.894813 1.954135 1.984374
v -0.894813 1.271242 1.984374
v -0.413921 1.271242 2.469229
v -0.413921 1.954135 2.469229
vn -0.5264 0.6711 0.5220
vn -0.7042 -0.0000 -0.7100
vn 0.7042 -0.0000 0.7100
vn -0.0000 -1.0000 -0.0000
vn -0.0000 1.0000 -0.0000
vn -0.7100 -0.0000 0.7042
vn -0.5264 -0.6711 0.5220
vn -0.9990 -0.0000 0.0455
vn -0.0537 -0.0000 0.9986
vn 0.7100 -0.0000 -0.7042
vt 0.875000 0.750000
vt 0.875000 0.500000
vt 0.375000 0.250000
vt 0.625000 0.250000
vt 0.625000 0.500000
vt 0.375000 0.500000
vt 0.605307 0.730307
vt 0.394693 0.730307
vt 0.375000 0.750000
vt 0.625000 0.750000
vt 0.625000 1.000000
vt 0.375000 1.000000
vt 0.125000 0.500000
vt 0.125000 0.750000
vt 0.375000 0.000000
vt 0.625000 0.000000
vt 0.605307 0.519693
vt 0.394693 0.519693
s 0
f 718/675/277 720/676/277 728/676/277 726/675/277
f 719/677/278 720/678/278 729/679/278 730/680/278
f 722/681/278 721/682/278 735/682/278 736/681/278
f 731/683/279 732/684/279 718/685/279 717/686/279
f 719/687/280 730/680/280 731/683/280 717/688/280
f 729/679/281 720/676/281 718/675/281 732/684/281
f 725/689/282 726/690/282 728/678/282 727/677/282
f 719/687/283 717/688/283 725/688/283 727/687/283
f 720/678/284 719/677/284 727/677/284 728/678/284
f 717/686/285 718/685/285 726/685/285 725/686/285
f 724/691/286 723/692/286 730/680/286 729/679/286
f 723/692/286 721/682/286 731/683/286 730/680/286
f 722/681/286 724/691/286 729/679/286 732/684/286
f 721/682/286 722/681/286 732/684/286 731/683/286
f 734/692/286 733/691/286 736/681/286 735/682/286
f 721/682/281 723/692/281 734/692/281 735/682/281
f 724/691/280 722/681/280 736/681/280 733/691/280
f 723/692/279 724/691/279 733/691/279 734/692/279
o Cube.045
v -1.385431 1.039082 2.504563
v -1.279901 1.127495 2.504526
v -0.929519 1.039082 2.048335
v -0.929482 1.127495 2.153864
v -0.929202 1.039082 2.960475
v -0.929239 1.127495 2.854945
v -0.473290 1.039082 2.504247
v -0.578820 1.127495 2.504283
v -1.385431 1.127495 2.504563
v -0.929519 1.127495 2.048335
v -0.473290 1.127495 2.504247
v -0.929202 1.127495 2.960475
v -1.279901 1.191682 2.504526
v -0.929482 1.191682 2.153864
v -0.578820 1.191682 2.504283
v -0.929239 1.191682 2.854945
vn -0.7074 -0.0000 -0.7069
vn 0.7069 -0.0000 -0.7074
vn 0.7074 -0.0000 0.7069
vn -0.7069 -0.0000 0.7074
vn -0.0000 -1.0000 -0.0000
vn -0.0000 1.0000 -0.0000
vt 0.375000 0.000000
vt 0.625000 0.000000
vt 0.625000 0.250000
vt 0.375000 0.250000
vt 0.625000 0.500000
vt 0.375000 0.500000
vt 0.625000 0.750000
vt 0.375000 0.750000
vt 0.625000 1.000000
vt 0.375000 1.000000
vt 0.125000 0.500000
vt 0.125000 0.750000
vt 0.846076 0.721076
vt 0.653924 0.721076
vt 0.846076 0.528924
vt 0.875000 0.500000
vt 0.875000 0.750000
vt 0.653924 0.528924
s 0
f 737/693/287 745/694/287 746/695/287 739/696/287
f 739/696/288 746/695/288 747/697/288 743/698/288
f 743/698/289 747/697/289 748/699/289 741/700/289
f 741/700/290 748/699/290 745/701/290 737/702/290
f 739/703/291 743/698/291 741/700/291 737/704/291
f 738/705/290 742/706/290 752/706/290 749/705/290
f 738/705/292 740/707/292 746/708/292 745/709/292
f 740/707/292 744/710/292 747/697/292 746/708/292
f 744/710/292 742/706/292 748/699/292 747/697/292
f 742/706/292 738/705/292 745/709/292 748/699/292
f 751/710/292 750/707/292 749/705/292 752/706/292
f 744/710/288 740/707/288 750/707/288 751/710/288
f 742/706/289 744/710/289 751/710/289 752/706/289
f 740/707/287 738/705/287 749/705/287 750/707/287
o Cube.046
v -1.542834 0.816234 2.515632
v -1.542834 1.068441 2.515632
v -0.957505 0.816234 1.918790
v -0.957505 1.068441 1.918790
v -0.945992 0.816234 3.100961
v -0.945992 1.068441 3.100961
v -0.360663 0.816234 2.504118
v -0.360663 1.068441 2.504118
vn -0.7140 -0.0000 -0.7002
vn 0.7002 -0.0000 -0.7140
vn 0.7140 -0.0000 0.7002
vn -0.7002 -0.0000 0.7140
vn -0.0000 -1.0000 -0.0000
vn -0.0000 1.0000 -0.0000
vt 0.375000 0.000000
vt 0.625000 0.000000
vt 0.625000 0.250000
vt 0.375000 0.250000
vt 0.625000 0.500000
vt 0.375000 0.500000
vt 0.625000 0.750000
vt 0.375000 0.750000
vt 0.625000 1.000000
vt 0.375000 1.000000
vt 0.125000 0.500000
vt 0.125000 0.750000
vt 0.875000 0.500000
vt 0.875000 0.750000
s 0
f 753/711/293 754/712/293 756/713/293 755/714/293
f 755/714/294 756/713/294 760/715/294 759/716/294
f 759/716/295 760/715/295 758/717/295 757/718/295
f 757/718/296 758/717/296 754/719/296 753/720/296
f 755/721/297 759/716/297 757/718/297 753/722/297
f 760/715/298 756/723/298 754/724/298 758/717/298
o Cylinder.010
v 0.000000 0.994260 -0.056115
v 0.039679 0.994260 -0.039679
v -0.039679 0.994260 -0.039679
v 0.000000 0.994260 -0.259088
v 0.000000 1.004671 -0.056115
v 0.039679 1.004671 -0.039679
v -0.039679 1.004671 -0.039679
v 0.000000 1.004671 -0.056115
v 0.039679 1.004671 -0.039679
v -0.039679 1.004671 -0.039679
v 0.000000 1.004671 -0.067455
v 0.047698 1.004671 -0.047698
v -0.047698 1.004671 -0.047698
v 0.000000 1.002995 -0.067455
v 0.000000 1.002995 -0.140086
v 0.047698 1.002995 -0.047698
v -0.047698 1.002995 -0.047698
v -0.099056 1.002995 -0.099056
v -0.067455 1.002995 0.000000
v -0.140086 1.002995 0.000000
v -0.047698 1.002995 0.047698
v -0.067455 1.004671 0.000000
v -0.056115 1.004671 0.000000
v -0.047698 1.004671 0.047698
v -0.039679 1.004671 0.039679
v 0.000000 1.004671 0.067455
v 0.000000 1.002995 0.067455
v 0.000000 1.004671 0.056115
v 0.047698 1.004671 0.047698
v 0.047698 1.002995 0.047698
v 0.039679 1.004671 0.039679
v 0.067455 1.004671 0.000000
v 0.067455 1.002995 0.000000
v 0.056115 1.004671 0.000000
v 0.056115 1.004671 0.000000
v 0.039679 1.004671 0.039679
v 0.056115 0.994260 0.000000
v 0.039679 0.994260 0.039679
v 0.259088 0.994260 0.000000
v 0.183203 0.994260 -0.183203
v 0.259088 1.004671 0.000000
v 0.183203 0.994260 0.183203
v 0.183203 1.004671 0.183203
v 0.000000 0.994260 0.259088
v 0.000000 1.004671 0.259088
v -0.183203 0.994260 0.183203
v 0.000000 0.994260 0.056115
v -0.039679 0.994260 0.039679
v 0.000000 1.004671 0.056115
v -0.039679 1.004671 0.039679
v -0.056115 1.004671 0.000000
v -0.056115 0.994260 0.000000
v -0.259088 0.994260 0.000000
v -0.259088 1.004671 0.000000
v -0.183203 0.994260 -0.183203
v -0.183203 1.004671 -0.183203
v 0.000000 1.004671 -0.259088
v -0.099056 1.004671 -0.099056
v 0.000000 1.004671 -0.140086
v -0.140086 1.004671 0.000000
v -0.099056 1.004671 -0.099056
v 0.000000 1.004671 -0.140086
v -0.140086 1.004671 0.000000
v -0.099056 1.004671 0.099056
v -0.099056 1.004671 0.099056
v 0.000000 1.004671 0.140086
v -0.099056 1.002995 0.099056
v 0.000000 1.002995 0.140086
v 0.099056 1.002995 0.099056
v 0.099056 1.004671 0.099056
v 0.140086 1.002995 0.000000
v 0.140086 1.004671 0.000000
v 0.099056 1.002995 -0.099056
v 0.099056 1.004671 -0.099056
v 0.099056 1.004671 -0.099056
v 0.183203 1.004671 -0.183203
v 0.140086 1.004671 0.000000
v 0.099056 1.004671 0.099056
v 0.000000 1.004671 0.140086
v -0.183203 1.004671 0.183203
vn -0.3827 -0.0000 0.9239
vn -0.0000 -1.0000 -0.0000
vn 0.3827 -0.0000 0.9239
vn -0.0000 1.0000 -0.0000
vn 0.3827 -0.0000 -0.9239
vn -0.3827 -0.0000 -0.9239
vn -0.9239 -0.0000 -0.3827
vn -0.9239 -0.0000 0.3827
vn 0.9239 -0.0000 0.3827
vn 0.9239 -0.0000 -0.3827
vt 0.286756 0.286756
vt 0.250000 0.301981
vt 0.750000 0.301981
vt 0.786756 0.286756
vt 0.750000 0.490000
vt 0.919706 0.419706
vt 0.713244 0.286756
vt 0.580294 0.419706
vt 0.213244 0.286756
vt 0.294184 0.294184
vt 0.250000 0.312486
vt 0.205816 0.294184
vt 0.341758 0.341758
vt 0.250000 0.379765
vt 0.158242 0.341758
vt 0.187514 0.250000
vt 0.120235 0.250000
vt 0.205816 0.205816
vt 0.158242 0.158242
vt 0.198019 0.250000
vt 0.213244 0.213244
vt 0.250000 0.187514
vt 0.250000 0.198019
vt 0.294184 0.205816
vt 0.286756 0.213244
vt 0.312486 0.250000
vt 0.301981 0.250000
vt 0.801981 0.250000
vt 0.786756 0.213244
vt 0.990000 0.250000
vt 0.919706 0.080294
vt 0.875000 0.500000
vt 0.875000 1.000000
vt 0.750000 1.000000
vt 0.750000 0.500000
vt 0.625000 1.000000
vt 0.625000 0.500000
vt 0.500000 1.000000
vt 0.500000 0.500000
vt 0.750000 0.198019
vt 0.750000 0.010000
vt 0.375000 1.000000
vt 0.375000 0.500000
vt 0.713244 0.213244
vt 0.580294 0.080294
vt 0.698019 0.250000
vt 0.510000 0.250000
vt 0.250000 1.000000
vt 0.250000 0.500000
vt 0.125000 1.000000
vt 0.125000 0.500000
vt 0.000000 1.000000
vt 0.000000 0.500000
vt 0.080294 0.419706
vt 0.010000 0.250000
vt 0.250000 0.490000
vt 0.250000 0.120235
vt 0.341758 0.158242
vt 0.379765 0.250000
vt 0.490000 0.250000
vt 0.419706 0.419706
vt 0.419706 0.080294
vt 0.250000 0.010000
vt 0.080294 0.080294
vt 1.000000 0.500000
vt 1.000000 1.000000
s 0
f 766/725/299 765/726/299 761/727/299 762/728/299
f 762/728/300 761/727/300 764/729/300 800/730/300
f 761/727/300 763/731/300 815/732/300 764/729/300
f 765/726/301 767/733/301 763/731/301 761/727/301
f 765/726/302 766/725/302 769/725/302 768/726/302
f 767/733/302 765/726/302 768/726/302 770/733/302
f 768/726/302 769/725/302 772/734/302 771/735/302
f 770/733/302 768/726/302 771/735/302 773/736/302
f 771/735/303 772/734/303 776/734/303 774/735/303
f 773/736/304 771/735/304 774/735/304 777/736/304
f 774/735/302 776/734/302 833/737/302 775/738/302
f 777/736/302 774/735/302 775/738/302 778/739/302
f 779/740/302 777/736/302 778/739/302 780/741/302
f 782/740/305 773/736/305 777/736/305 779/740/305
f 781/742/302 779/740/302 780/741/302 827/743/302
f 784/742/306 782/740/306 779/740/306 781/742/306
f 783/744/302 770/733/302 773/736/302 782/740/302
f 785/745/302 783/744/302 782/740/302 784/742/302
f 786/746/299 784/742/299 781/742/299 787/746/299
f 788/747/302 785/745/302 784/742/302 786/746/302
f 789/748/301 786/746/301 787/746/301 790/748/301
f 791/749/302 788/747/302 786/746/302 789/748/302
f 792/750/307 789/748/307 790/748/307 793/750/307
f 794/751/302 791/749/302 789/748/302 792/750/302
f 772/734/308 792/750/308 793/750/308 776/734/308
f 769/725/302 794/751/302 792/750/302 772/734/302
f 766/725/302 795/751/302 794/751/302 769/725/302
f 795/751/302 796/749/302 791/749/302 794/751/302
f 795/751/306 766/725/306 762/728/306 797/752/306
f 796/749/305 795/751/305 797/752/305 798/753/305
f 797/752/300 762/728/300 800/730/300 799/754/300
f 798/753/300 797/752/300 799/754/300 802/755/300
f 800/756/308 836/757/308 801/758/308 799/759/308
f 799/759/307 801/758/307 803/760/307 802/761/307
f 802/761/301 803/760/301 805/762/301 804/763/301
f 807/764/300 798/753/300 802/755/300 804/765/300
f 804/763/299 805/762/299 840/766/299 806/767/299
f 808/768/300 807/764/300 804/765/300 806/769/300
f 809/747/304 796/749/304 798/753/304 807/764/304
f 810/745/303 809/747/303 807/764/303 808/768/303
f 796/749/302 809/747/302 788/747/302 791/749/302
f 809/747/302 810/745/302 785/745/302 788/747/302
f 810/745/302 811/744/302 783/744/302 785/745/302
f 811/744/308 810/745/308 808/768/308 812/770/308
f 811/744/302 767/733/302 770/733/302 783/744/302
f 767/733/307 811/744/307 812/770/307 763/731/307
f 812/770/300 808/768/300 806/769/300 813/771/300
f 763/731/300 812/770/300 813/771/300 815/732/300
f 806/767/306 840/766/306 814/772/306 813/773/306
f 813/773/305 814/772/305 816/774/305 815/775/305
f 815/775/304 816/774/304 817/776/304 764/777/304
f 820/741/302 818/739/302 816/778/302 814/779/302
f 818/739/302 819/738/302 817/780/302 816/778/302
f 819/738/302 818/739/302 821/739/302 822/738/302
f 818/739/302 820/741/302 823/741/302 821/739/302
f 822/738/301 821/739/301 778/739/301 775/738/301
f 821/739/307 823/741/307 780/741/307 778/739/307
f 823/741/308 824/743/308 827/743/308 780/741/308
f 820/741/302 825/743/302 824/743/302 823/741/302
f 825/743/302 839/781/302 826/781/302 824/743/302
f 824/743/303 826/781/303 828/781/303 827/743/303
f 787/746/302 781/742/302 827/743/302 828/781/302
f 826/781/304 830/782/304 829/782/304 828/781/304
f 790/748/302 787/746/302 828/781/302 829/782/302
f 830/782/305 832/783/305 831/783/305 829/782/305
f 793/750/302 790/748/302 829/782/302 831/783/302
f 832/783/306 834/737/306 833/737/306 831/783/306
f 776/734/302 793/750/302 831/783/302 833/737/302
f 834/737/299 822/738/299 775/738/299 833/737/299
f 837/783/302 835/737/302 834/737/302 832/783/302
f 835/737/302 819/738/302 822/738/302 834/737/302
f 835/737/302 837/783/302 801/784/302 836/785/302
f 819/738/302 835/737/302 836/785/302 817/780/302
f 837/783/302 838/782/302 803/786/302 801/784/302
f 838/782/302 837/783/302 832/783/302 830/782/302
f 838/782/302 839/781/302 805/787/302 803/786/302
f 839/781/302 838/782/302 830/782/302 826/781/302
f 839/781/302 825/743/302 840/788/302 805/787/302
f 764/789/303 817/790/303 836/757/303 800/756/303
f 825/743/302 820/741/302 814/779/302 840/788/302
o Cylinder.011
v 0.000000 1.009877 -0.056115
v 0.039679 1.009877 -0.039679
v -0.039679 1.009877 -0.039679
v 0.000000 1.009877 -0.259088
v 0.000000 1.020289 -0.056115
v 0.039679 1.020289 -0.039679
v -0.039679 1.020289 -0.039679
v 0.000000 1.020289 -0.056115
v 0.039679 1.020289 -0.039679
v -0.039679 1.020289 -0.039679
v 0.000000 1.020289 -0.067455
v 0.047698 1.020289 -0.047698
v -0.047698 1.020289 -0.047698
v 0.000000 1.018613 -0.067455
v 0.000000 1.018613 -0.140086
v 0.047698 1.018613 -0.047698
v -0.047698 1.018613 -0.047698
v -0.099056 1.018613 -0.099056
v -0.067455 1.018613 0.000000
v -0.140086 1.018613 0.000000
v -0.047698 1.018613 0.047698
v -0.067455 1.020289 0.000000
v -0.056115 1.020289 0.000000
v -0.047698 1.020289 0.047698
v -0.039679 1.020289 0.039679
v 0.000000 1.020289 0.067455
v 0.000000 1.018613 0.067455
v 0.000000 1.020289 0.056115
v 0.047698 1.020289 0.047698
v 0.047698 1.018613 0.047698
v 0.039679 1.020289 0.039679
v 0.067455 1.020289 0.000000
v 0.067455 1.018613 0.000000
v 0.056115 1.020289 0.000000
v 0.056115 1.020289 0.000000
v 0.039679 1.020289 0.039679
v 0.056115 1.009877 0.000000
v 0.039679 1.009877 0.039679
v 0.259088 1.009877 0.000000
v 0.183203 1.009877 -0.183203
v 0.259088 1.020289 0.000000
v 0.183203 1.009877 0.183203
v 0.183203 1.020289 0.183203
v 0.000000 1.009877 0.259088
v 0.000000 1.020289 0.259088
v -0.183203 1.009877 0.183203
v 0.000000 1.009877 0.056115
v -0.039679 1.009877 0.039679
v 0.000000 1.020289 0.056115
v -0.039679 1.020289 0.039679
v -0.056115 1.020289 0.000000
v -0.056115 1.009877 0.000000
v -0.259088 1.009877 0.000000
v -0.259088 1.020289 0.000000
v -0.183203 1.009877 -0.183203
v -0.183203 1.020289 -0.183203
v 0.000000 1.020289 -0.259088
v -0.099056 1.020289 -0.099056
v 0.000000 1.020289 -0.140086
v -0.140086 1.020289 0.000000
v -0.099056 1.020289 -0.099056
v 0.000000 1.020289 -0.140086
v -0.140086 1.020289 0.000000
v -0.099056 1.020289 0.099056
v -0.099056 1.020289 0.099056
v 0.000000 1.020289 0.140086
v -0.099056 1.018613 0.099056
v 0.000000 1.018613 0.140086
v 0.099056 1.018613 0.099056
v 0.099056 1.020289 0.099056
v 0.140086 1.018613 0.000000
v 0.140086 1.020289 0.000000
v 0.099056 1.018613 -0.099056
v 0.099056 1.020289 -0.099056
v 0.099056 1.020289 -0.099056
v 0.183203 1.020289 -0.183203
v 0.140086 1.020289 0.000000
v 0.099056 1.020289 0.099056
v 0.000000 1.020289 0.140086
v -0.183203 1.020289 0.183203
vn -0.3827 -0.0000 0.9239
vn -0.0000 -1.0000 -0.0000
vn 0.3827 -0.0000 0.9239
vn -0.0000 1.0000 -0.0000
vn 0.3827 -0.0000 -0.9239
vn -0.3827 -0.0000 -0.9239
vn -0.9239 -0.0000 -0.3827
vn -0.9239 -0.0000 0.3827
vn 0.9239 -0.0000 0.3827
vn 0.9239 -0.0000 -0.3827
vt 0.286756 0.286756
vt 0.250000 0.301981
vt 0.750000 0.301981
vt 0.786756 0.286756
vt 0.750000 0.490000
vt 0.919706 0.419706
vt 0.713244 0.286756
vt 0.580294 0.419706
vt 0.213244 0.286756
vt 0.294184 0.294184
vt 0.250000 0.312486
vt 0.205816 0.294184
vt 0.341758 0.341758
vt 0.250000 0.379765
vt 0.158242 0.341758
vt 0.187514 0.250000
vt 0.120235 0.250000
vt 0.205816 0.205816
vt 0.158242 0.158242
vt 0.198019 0.250000
vt 0.213244 0.213244
vt 0.250000 0.187514
vt 0.250000 0.198019
vt 0.294184 0.205816
vt 0.286756 0.213244
vt 0.312486 0.250000
vt 0.301981 0.250000
vt 0.801981 0.250000
vt 0.786756 0.213244
vt 0.990000 0.250000
vt 0.919706 0.080294
vt 0.875000 0.500000
vt 0.875000 1.000000
vt 0.750000 1.000000
vt 0.750000 0.500000
vt 0.625000 1.000000
vt 0.625000 0.500000
vt 0.500000 1.000000
vt 0.500000 0.500000
vt 0.750000 0.198019
vt 0.750000 0.010000
vt 0.375000 1.000000
vt 0.375000 0.500000
vt 0.713244 0.213244
vt 0.580294 0.080294
vt 0.698019 0.250000
vt 0.510000 0.250000
vt 0.250000 1.000000
vt 0.250000 0.500000
vt 0.125000 1.000000
vt 0.125000 0.500000
vt 0.000000 1.000000
vt 0.000000 0.500000
vt 0.080294 0.419706
vt 0.010000 0.250000
vt 0.250000 0.490000
vt 0.250000 0.120235
vt 0.341758 0.158242
vt 0.379765 0.250000
vt 0.490000 0.250000
vt 0.419706 0.419706
vt 0.419706 0.080294
vt 0.250000 0.010000
vt 0.080294 0.080294
vt 1.000000 0.500000
vt 1.000000 1.000000
s 0
f 846/791/309 845/792/309 841/793/309 842/794/309
f 842/794/310 841/793/310 844/795/310 880/796/310
f 841/793/310 843/797/310 895/798/310 844/795/310
f 845/792/311 847/799/311 843/797/311 841/793/311
f 845/792/312 846/791/312 849/791/312 848/792/312
f 847/799/312 845/792/312 848/792/312 850/799/312
f 848/792/312 849/791/312 852/800/312 851/801/312
f 850/799/312 848/792/312 851/801/312 853/802/312
f 851/801/313 852/800/313 856/800/313 854/801/313
f 853/802/314 851/801/314 854/801/314 857/802/314
f 854/801/312 856/800/312 913/803/312 855/804/312
f 857/802/312 854/801/312 855/804/312 858/805/312
f 859/806/312 857/802/312 858/805/312 860/807/312
f 862/806/315 853/802/315 857/802/315 859/806/315
f 861/808/312 859/806/312 860/807/312 907/809/312
f 864/808/316 862/806/316 859/806/316 861/808/316
f 863/810/312 850/799/312 853/802/312 862/806/312
f 865/811/312 863/810/312 862/806/312 864/808/312
f 866/812/309 864/808/309 861/808/309 867/812/309
f 868/813/312 865/811/312 864/808/312 866/812/312
f 869/814/311 866/812/311 867/812/311 870/814/311
f 871/815/312 868/813/312 866/812/312 869/814/312
f 872/816/317 869/814/317 870/814/317 873/816/317
f 874/817/312 871/815/312 869/814/312 872/816/312
f 852/800/318 872/816/318 873/816/318 856/800/318
f 849/791/312 874/817/312 872/816/312 852/800/312
f 846/791/312 875/817/312 874/817/312 849/791/312
f 875/817/312 876/815/312 871/815/312 874/817/312
f 875/817/316 846/791/316 842/794/316 877/818/316
f 876/815/315 875/817/315 877/818/315 878/819/315
f 877/818/310 842/794/310 880/796/310 879/820/310
f 878/819/310 877/818/310 879/820/310 882/821/310
f 880/822/318 916/823/318 881/824/318 879/825/318
f 879/825/317 881/824/317 883/826/317 882/827/317
f 882/827/311 883/826/311 885/828/311 884/829/311
f 887/830/310 878/819/310 882/821/310 884/831/310
f 884/829/309 885/828/309 920/832/309 886/833/309
f 888/834/310 887/830/310 884/831/310 886/835/310
f 889/813/314 876/815/314 878/819/314 887/830/314
f 890/811/313 889/813/313 887/830/313 888/834/313
f 876/815/312 889/813/312 868/813/312 871/815/312
f 889/813/312 890/811/312 865/811/312 868/813/312
f 890/811/312 891/810/312 863/810/312 865/811/312
f 891/810/318 890/811/318 888/834/318 892/836/318
f 891/810/312 847/799/312 850/799/312 863/810/312
f 847/799/317 891/810/317 892/836/317 843/797/317
f 892/836/310 888/834/310 886/835/310 893/837/310
f 843/797/310 892/836/310 893/837/310 895/798/310
f 886/833/316 920/832/316 894/838/316 893/839/316
f 893/839/315 894/838/315 896/840/315 895/841/315
f 895/841/314 896/840/314 897/842/314 844/843/314
f 900/807/312 898/805/312 896/844/312 894/845/312
f 898/805/312 899/804/312 897/846/312 896/844/312
f 899/804/312 898/805/312 901/805/312 902/804/312
f 898/805/312 900/807/312 903/807/312 901/805/312
f 902/804/311 901/805/311 858/805/311 855/804/311
f 901/805/317 903/807/317 860/807/317 858/805/317
f 903/807/318 904/809/318 907/809/318 860/807/318
f 900/807/312 905/809/312 904/809/312 903/807/312
f 905/809/312 919/847/312 906/847/312 904/809/312
f 904/809/313 906/847/313 908/847/313 907/809/313
f 867/812/312 861/808/312 907/809/312 908/847/312
f 906/847/314 910/848/314 909/848/314 908/847/314
f 870/814/312 867/812/312 908/847/312 909/848/312
f 910/848/315 912/849/315 911/849/315 909/848/315
f 873/816/312 870/814/312 909/848/312 911/849/312
f 912/849/316 914/803/316 913/803/316 911/849/316
f 856/800/312 873/816/312 911/849/312 913/803/312
f 914/803/309 902/804/309 855/804/309 913/803/309
f 917/849/312 915/803/312 914/803/312 912/849/312
f 915/803/312 899/804/312 902/804/312 914/803/312
f 915/803/312 917/849/312 881/850/312 916/851/312
f 899/804/312 915/803/312 916/851/312 897/846/312
f 917/849/312 918/848/312 883/852/312 881/850/312
f 918/848/312 917/849/312 912/849/312 910/848/312
f 918/848/312 919/847/312 885/853/312 883/852/312
f 919/847/312 918/848/312 910/848/312 906/847/312
f 919/847/312 905/809/312 920/854/312 885/853/312
f 844/855/313 897/856/313 916/823/313 880/822/313
f 905/809/312 900/807/312 894/845/312 920/854/312
o Cylinder.012
v 0.000000 1.025495 -0.056115
v 0.039679 1.025495 -0.039679
v -0.039679 1.025495 -0.039679
v 0.000000 1.025495 -0.259088
v 0.000000 1.035907 -0.056115
v 0.039679 1.035907 -0.039679
v -0.039679 1.035907 -0.039679
v 0.000000 1.035907 -0.056115
v 0.039679 1.035907 -0.039679
v -0.039679 1.035907 -0.039679
v 0.000000 1.035907 -0.067455
v 0.047698 1.035907 -0.047698
v -0.047698 1.035907 -0.047698
v 0.000000 1.034231 -0.067455
v 0.000000 1.034231 -0.140086
v 0.047698 1.034231 -0.047698
v -0.047698 1.034231 -0.047698
v -0.099056 1.034231 -0.099056
v -0.067455 1.034231 0.000000
v -0.140086 1.034231 0.000000
v -0.047698 1.034231 0.047698
v -0.067455 1.035907 0.000000
v -0.056115 1.035907 0.000000
v -0.047698 1.035907 0.047698
v -0.039679 1.035907 0.039679
v 0.000000 1.035907 0.067455
v 0.000000 1.034231 0.067455
v 0.000000 1.035907 0.056115
v 0.047698 1.035907 0.047698
v 0.047698 1.034231 0.047698
v 0.039679 1.035907 0.039679
v 0.067455 1.035907 0.000000
v 0.067455 1.034231 0.000000
v 0.056115 1.035907 0.000000
v 0.056115 1.035907 0.000000
v 0.039679 1.035907 0.039679
v 0.056115 1.025495 0.000000
v 0.039679 1.025495 0.039679
v 0.259088 1.025495 0.000000
v 0.183203 1.025495 -0.183203
v 0.259088 1.035907 0.000000
v 0.183203 1.025495 0.183203
v 0.183203 1.035907 0.183203
v 0.000000 1.025495 0.259088
v 0.000000 1.035907 0.259088
v -0.183203 1.025495 0.183203
v 0.000000 1.025495 0.056115
v -0.039679 1.025495 0.039679
v 0.000000 1.035907 0.056115
v -0.039679 1.035907 0.039679
v -0.056115 1.035907 0.000000
v -0.056115 1.025495 0.000000
v -0.259088 1.025495 0.000000
v -0.259088 1.035907 0.000000
v -0.183203 1.025495 -0.183203
v -0.183203 1.035907 -0.183203
v 0.000000 1.035907 -0.259088
v -0.099056 1.035907 -0.099056
v 0.000000 1.035907 -0.140086
v -0.140086 1.035907 0.000000
v -0.099056 1.035907 -0.099056
v 0.000000 1.035907 -0.140086
v -0.140086 1.035907 0.000000
v -0.099056 1.035907 0.099056
v -0.099056 1.035907 0.099056
v 0.000000 1.035907 0.140086
v -0.099056 1.034231 0.099056
v 0.000000 1.034231 0.140086
v 0.099056 1.034231 0.099056
v 0.099056 1.035907 0.099056
v 0.140086 1.034231 0.000000
v 0.140086 1.035907 0.000000
v 0.099056 1.034231 -0.099056
v 0.099056 1.035907 -0.099056
v 0.099056 1.035907 -0.099056
v 0.183203 1.035907 -0.183203
v 0.140086 1.035907 0.000000
v 0.099056 1.035907 0.099056
v 0.000000 1.035907 0.140086
v -0.183203 1.035907 0.183203
vn -0.3827 -0.0000 0.9239
vn -0.0000 -1.0000 -0.0000
vn 0.3827 -0.0000 0.9239
vn -0.0000 1.0000 -0.0000
vn 0.3827 -0.0000 -0.9239
vn -0.3827 -0.0000 -0.9239
vn -0.9239 -0.0000 -0.3827
vn -0.9239 -0.0000 0.3827
vn 0.9239 -0.0000 0.3827
vn 0.9239 -0.0000 -0.3827
vt 0.286756 0.286756
vt 0.250000 0.301981
vt 0.750000 0.301981
vt 0.786756 0.286756
vt 0.750000 0.490000
vt 0.919706 0.419706
vt 0.713244 0.286756
vt 0.580294 0.419706
vt 0.213244 0.286756
vt 0.294184 0.294184
vt 0.250000 0.312486
vt 0.205816 0.294184
vt 0.341758 0.341758
vt 0.250000 0.379765
vt 0.158242 0.341758
vt 0.187514 0.250000
vt 0.120235 0.250000
vt 0.205816 0.205816
vt 0.158242 0.158242
vt 0.198019 0.250000
vt 0.213244 0.213244
vt 0.250000 0.187514
vt 0.250000 0.198019
vt 0.294184 0.205816
vt 0.286756 0.213244
vt 0.312486 0.250000
vt 0.301981 0.250000
vt 0.801981 0.250000
vt 0.786756 0.213244
vt 0.990000 0.250000
vt 0.919706 0.080294
vt 0.875000 0.500000
vt 0.875000 1.000000
vt 0.750000 1.000000
vt 0.750000 0.500000
vt 0.625000 1.000000
vt 0.625000 0.500000
vt 0.500000 1.000000
vt 0.500000 0.500000
vt 0.750000 0.198019
vt 0.750000 0.010000
vt 0.375000 1.000000
vt 0.375000 0.500000
vt 0.713244 0.213244
vt 0.580294 0.080294
vt 0.698019 0.250000
vt 0.510000 0.250000
vt 0.250000 1.000000
vt 0.250000 0.500000
vt 0.125000 1.000000
vt 0.125000 0.500000
vt 0.000000 1.000000
vt 0.000000 0.500000
vt 0.080294 0.419706
vt 0.010000 0.250000
vt 0.250000 0.490000
vt 0.250000 0.120235
vt 0.341758 0.158242
vt 0.379765 0.250000
vt 0.490000 0.250000
vt 0.419706 0.419706
vt 0.419706 0.080294
vt 0.250000 0.010000
vt 0.080294 0.080294
vt 1.000000 0.500000
vt 1.000000 1.000000
s 0
f 926/857/319 925/858/319 921/859/319 922/860/319
f 922/860/320 921/859/320 924/861/320 960/862/320
f 921/859/320 923/863/320 975/864/320 924/861/320
f 925/858/321 927/865/321 923/863/321 921/859/321
f 925/858/322 926/857/322 929/857/322 928/858/322
f 927/865/322 925/858/322 928/858/322 930/865/322
f 928/858/322 929/857/322 932/866/322 931/867/322
f 930/865/322 928/858/322 931/867/322 933/868/322
f 931/867/323 932/866/323 936/866/323 934/867/323
f 933/868/324 931/867/324 934/867/324 937/868/324
f 934/867/322 936/866/322 993/869/322 935/870/322
f 937/868/322 934/867/322 935/870/322 938/871/322
f 939/872/322 937/868/322 938/871/322 940/873/322
f 942/872/325 933/868/325 937/868/325 939/872/325
f 941/874/322 939/872/322 940/873/322 987/875/322
f 944/874/326 942/872/326 939/872/326 941/874/326
f 943/876/322 930/865/322 933/868/322 942/872/322
f 945/877/322 943/876/322 942/872/322 944/874/322
f 946/878/319 944/874/319 941/874/319 947/878/319
f 948/879/322 945/877/322 944/874/322 946/878/322
f 949/880/321 946/878/321 947/878/321 950/880/321
f 951/881/322 948/879/322 946/878/322 949/880/322
f 952/882/327 949/880/327 950/880/327 953/882/327
f 954/883/322 951/881/322 949/880/322 952/882/322
f 932/866/328 952/882/328 953/882/328 936/866/328
f 929/857/322 954/883/322 952/882/322 932/866/322
f 926/857/322 955/883/322 954/883/322 929/857/322
f 955/883/322 956/881/322 951/881/322 954/883/322
f 955/883/326 926/857/326 922/860/326 957/884/326
f 956/881/325 955/883/325 957/884/325 958/885/325
f 957/884/320 922/860/320 960/862/320 959/886/320
f 958/885/320 957/884/320 959/886/320 962/887/320
f 960/888/328 996/889/328 961/890/328 959/891/328
f 959/891/327 961/890/327 963/892/327 962/893/327
f 962/893/321 963/892/321 965/894/321 964/895/321
f 967/896/320 958/885/320 962/887/320 964/897/320
f 964/895/319 965/894/319 1000/898/319 966/899/319
f 968/900/320 967/896/320 964/897/320 966/901/320
f 969/879/324 956/881/324 958/885/324 967/896/324
f 970/877/323 969/879/323 967/896/323 968/900/323
f 956/881/322 969/879/322 948/879/322 951/881/322
f 969/879/322 970/877/322 945/877/322 948/879/322
f 970/877/322 971/876/322 943/876/322 945/877/322
f 971/876/328 970/877/328 968/900/328 972/902/328
f 971/876/322 927/865/322 930/865/322 943/876/322
f 927/865/327 971/876/327 972/902/327 923/863/327
f 972/902/320 968/900/320 966/901/320 973/903/320
f 923/863/320 972/902/320 973/903/320 975/864/320
f 966/899/326 1000/898/326 974/904/326 973/905/326
f 973/905/325 974/904/325 976/906/325 975/907/325
f 975/907/324 976/906/324 977/908/324 924/909/324
f 980/873/322 978/871/322 976/910/322 974/911/322
f 978/871/322 979/870/322 977/912/322 976/910/322
f 979/870/322 978/871/322 981/871/322 982/870/322
f 978/871/322 980/873/322 983/873/322 981/871/322
f 982/870/321 981/871/321 938/871/321 935/870/321
f 981/871/327 983/873/327 940/873/327 938/871/327
f 983/873/328 984/875/328 987/875/328 940/873/328
f 980/873/322 985/875/322 984/875/322 983/873/322
f 985/875/322 999/913/322 986/913/322 984/875/322
f 984/875/323 986/913/323 988/913/323 987/875/323
f 947/878/322 941/874/322 987/875/322 988/913/322
f 986/913/324 990/914/324 989/914/324 988/913/324
f 950/880/322 947/878/322 988/913/322 989/914/322
f 990/914/325 992/915/325 991/915/325 989/914/325
f 953/882/322 950/880/322 989/914/322 991/915/322
f 992/915/326 994/869/326 993/869/326 991/915/326
f 936/866/322 953/882/322 991/915/322 993/869/322
f 994/869/319 982/870/319 935/870/319 993/869/319
f 997/915/322 995/869/322 994/869/322 992/915/322
f 995/869/322 979/870/322 982/870/322 994/869/322
f 995/869/322 997/915/322 961/916/322 996/917/322
f 979/870/322 995/869/322 996/917/322 977/912/322
f 997/915/322 998/914/322 963/918/322 961/916/322
f 998/914/322 997/915/322 992/915/322 990/914/322
f 998/914/322 999/913/322 965/919/322 963/918/322
f 999/913/322 998/914/322 990/914/322 986/913/322
f 999/913/322 985/875/322 1000/920/322 965/919/322
f 924/921/323 977/922/323 996/889/323 960/888/323
f 985/875/322 980/873/322 974/911/322 1000/920/322
o Cylinder.013
v 0.000000 1.041113 -0.056115
v 0.039679 1.041113 -0.039679
v -0.039679 1.041113 -0.039679
v 0.000000 1.041113 -0.259088
v 0.000000 1.051525 -0.056115
v 0.039679 1.051525 -0.039679
v -0.039679 1.051525 -0.039679
v 0.000000 1.051525 -0.056115
v 0.039679 1.051525 -0.039679
v -0.039679 1.051525 -0.039679
v 0.000000 1.051525 -0.067455
v 0.047698 1.051525 -0.047698
v -0.047698 1.051525 -0.047698
v 0.000000 1.049849 -0.067455
v 0.000000 1.049849 -0.140086
v 0.047698 1.049849 -0.047698
v -0.047698 1.049849 -0.047698
v -0.099056 1.049849 -0.099056
v -0.067455 1.049849 0.000000
v -0.140086 1.049849 0.000000
v -0.047698 1.049849 0.047698
v -0.067455 1.051525 0.000000
v -0.056115 1.051525 0.000000
v -0.047698 1.051525 0.047698
v -0.039679 1.051525 0.039679
v 0.000000 1.051525 0.067455
v 0.000000 1.049849 0.067455
v 0.000000 1.051525 0.056115
v 0.047698 1.051525 0.047698
v 0.047698 1.049849 0.047698
v 0.039679 1.051525 0.039679
v 0.067455 1.051525 0.000000
v 0.067455 1.049849 0.000000
v 0.056115 1.051525 0.000000
v 0.056115 1.051525 0.000000
v 0.039679 1.051525 0.039679
v 0.056115 1.041113 0.000000
v 0.039679 1.041113 0.039679
v 0.259088 1.041113 0.000000
v 0.183203 1.041113 -0.183203
v 0.259088 1.051525 0.000000
v 0.183203 1.041113 0.183203
v 0.183203 1.051525 0.183203
v 0.000000 1.041113 0.259088
v 0.000000 1.051525 0.259088
v -0.183203 1.041113 0.183203
v 0.000000 1.041113 0.056115
v -0.039679 1.041113 0.039679
v 0.000000 1.051525 0.056115
v -0.039679 1.051525 0.039679
v -0.056115 1.051525 0.000000
v -0.056115 1.041113 0.000000
v -0.259088 1.041113 0.000000
v -0.259088 1.051525 0.000000
v -0.183203 1.041113 -0.183203
v -0.183203 1.051525 -0.183203
v 0.000000 1.051525 -0.259088
v -0.099056 1.051525 -0.099056
v 0.000000 1.051525 -0.140086
v -0.140086 1.051525 0.000000
v -0.099056 1.051525 -0.099056
v 0.000000 1.051525 -0.140086
v -0.140086 1.051525 0.000000
v -0.099056 1.051525 0.099056
v -0.099056 1.051525 0.099056
v 0.000000 1.051525 0.140086
v -0.099056 1.049849 0.099056
v 0.000000 1.049849 0.140086
v 0.099056 1.049849 0.099056
v 0.099056 1.051525 0.099056
v 0.140086 1.049849 0.000000
v 0.140086 1.051525 0.000000
v 0.099056 1.049849 -0.099056
v 0.099056 1.051525 -0.099056
v 0.099056 1.051525 -0.099056
v 0.183203 1.051525 -0.183203
v 0.140086 1.051525 0.000000
v 0.099056 1.051525 0.099056
v 0.000000 1.051525 0.140086
v -0.183203 1.051525 0.183203
vn -0.3827 -0.0000 0.9239
vn -0.0000 -1.0000 -0.0000
vn 0.3827 -0.0000 0.9239
vn -0.0000 1.0000 -0.0000
vn 0.3827 -0.0000 -0.9239
vn -0.3827 -0.0000 -0.9239
vn -0.9239 -0.0000 -0.3827
vn -0.9239 -0.0000 0.3827
vn 0.9239 -0.0000 0.3827
vn 0.9239 -0.0000 -0.3827
vt 0.286756 0.286756
vt 0.250000 0.301981
vt 0.750000 0.301981
vt 0.786756 0.286756
vt 0.750000 0.490000
vt 0.919706 0.419706
vt 0.713244 0.286756
vt 0.580294 0.419706
vt 0.213244 0.286756
vt 0.294184 0.294184
vt 0.250000 0.312486
vt 0.205816 0.294184
vt 0.341758 0.341758
vt 0.250000 0.379765
vt 0.158242 0.341758
vt 0.187514 0.250000
vt 0.120235 0.250000
vt 0.205816 0.205816
vt 0.158242 0.158242
vt 0.198019 0.250000
vt 0.213244 0.213244
vt 0.250000 0.187514
vt 0.250000 0.198019
vt 0.294184 0.205816
vt 0.286756 0.213244
vt 0.312486 0.250000
vt 0.301981 0.250000
vt 0.801981 0.250000
vt 0.786756 0.213244
vt 0.990000 0.250000
vt 0.919706 0.080294
vt 0.875000 0.500000
vt 0.875000 1.000000
vt 0.750000 1.000000
vt 0.750000 0.500000
vt 0.625000 1.000000
vt 0.625000 0.500000
vt 0.500000 1.000000
vt 0.500000 0.500000
vt 0.750000 0.198019
vt 0.750000 0.010000
vt 0.375000 1.000000
vt 0.375000 0.500000
vt 0.713244 0.213244
vt 0.580294 0.080294
vt 0.698019 0.250000
vt 0.510000 0.250000
vt 0.250000 1.000000
vt 0.250000 0.500000
vt 0.125000 1.000000
vt 0.125000 0.500000
vt 0.000000 1.000000
vt 0.000000 0.500000
vt 0.080294 0.419706
vt 0.010000 0.250000
vt 0.250000 0.490000
vt 0.250000 0.120235
vt 0.341758 0.158242
vt 0.379765 0.250000
vt 0.490000 0.250000
vt 0.419706 0.419706
vt 0.419706 0.080294
vt 0.250000 0.010000
vt 0.080294 0.080294
vt 1.000000 0.500000
vt 1.000000 1.000000
s 0
f 1006/923/329 1005/924/329 1001/925/329 1002/926/329
f 1002/926/330 1001/925/330 1004/927/330 1040/928/330
f 1001/925/330 1003/929/330 1055/930/330 1004/927/330
f 1005/924/331 1007/931/331 1003/929/331 1001/925/331
f 1005/924/332 1006/923/332 1009/923/332 1008/924/332
f 1007/931/332 1005/924/332 1008/924/332 1010/931/332
f 1008/924/332 1009/923/332 1012/932/332 1011/933/332
f 1010/931/332 1008/924/332 1011/933/332 1013/934/332
f 1011/933/333 1012/932/333 1016/932/333 1014/933/333
f 1013/934/334 1011/933/334 1014/933/334 1017/934/334
f 1014/933/332 1016/932/332 1073/935/332 1015/936/332
f 1017/934/332 1014/933/332 1015/936/332 1018/937/332
f 1019/938/332 1017/934/332 1018/937/332 1020/939/332
f 1022/938/335 1013/934/335 1017/934/335 1019/938/335
f 1021/940/332 1019/938/332 1020/939/332 1067/941/332
f 1024/940/336 1022/938/336 1019/938/336 1021/940/336
f 1023/942/332 1010/931/332 1013/934/332 1022/938/332
f 1025/943/332 1023/942/332 1022/938/332 1024/940/332
f 1026/944/329 1024/940/329 1021/940/329 1027/944/329
f 1028/945/332 1025/943/332 1024/940/332 1026/944/332
f 1029/946/331 1026/944/331 1027/944/331 1030/946/331
f 1031/947/332 1028/945/332 1026/944/332 1029/946/332
f 1032/948/337 1029/946/337 1030/946/337 1033/948/337
f 1034/949/332 1031/947/332 1029/946/332 1032/948/332
f 1012/932/338 1032/948/338 1033/948/338 1016/932/338
f 1009/923/332 1034/949/332 1032/948/332 1012/932/332
f 1006/923/332 1035/949/332 1034/949/332 1009/923/332
f 1035/949/332 1036/947/332 1031/947/332 1034/949/332
f 1035/949/336 1006/923/336 1002/926/336 1037/950/336
f 1036/947/335 1035/949/335 1037/950/335 1038/951/335
f 1037/950/330 1002/926/330 1040/928/330 1039/952/330
f 1038/951/330 1037/950/330 1039/952/330 1042/953/330
f 1040/954/338 1076/955/338 1041/956/338 1039/957/338
f 1039/957/337 1041/956/337 1043/958/337 1042/959/337
f 1042/959/331 1043/958/331 1045/960/331 1044/961/331
f 1047/962/330 1038/951/330 1042/953/330 1044/963/330
f 1044/961/329 1045/960/329 1080/964/329 1046/965/329
f 1048/966/330 1047/962/330 1044/963/330 1046/967/330
f 1049/945/334 1036/947/334 1038/951/334 1047/962/334
f 1050/943/333 1049/945/333 1047/962/333 1048/966/333
f 1036/947/332 1049/945/332 1028/945/332 1031/947/332
f 1049/945/332 1050/943/332 1025/943/332 1028/945/332
f 1050/943/332 1051/942/332 1023/942/332 1025/943/332
f 1051/942/338 1050/943/338 1048/966/338 1052/968/338
f 1051/942/332 1007/931/332 1010/931/332 1023/942/332
f 1007/931/337 1051/942/337 1052/968/337 1003/929/337
f 1052/968/330 1048/966/330 1046/967/330 1053/969/330
f 1003/929/330 1052/968/330 1053/969/330 1055/930/330
f 1046/965/336 1080/964/336 1054/970/336 1053/971/336
f 1053/971/335 1054/970/335 1056/972/335 1055/973/335
f 1055/973/334 1056/972/334 1057/974/334 1004/975/334
f 1060/939/332 1058/937/332 1056/976/332 1054/977/332
f 1058/937/332 1059/936/332 1057/978/332 1056/976/332
f 1059/936/332 1058/937/332 1061/937/332 1062/936/332
f 1058/937/332 1060/939/332 1063/939/332 1061/937/332
f 1062/936/331 1061/937/331 1018/937/331 1015/936/331
f 1061/937/337 1063/939/337 1020/939/337 1018/937/337
f 1063/939/338 1064/941/338 1067/941/338 1020/939/338
f 1060/939/332 1065/941/332 1064/941/332 1063/939/332
f 1065/941/332 1079/979/332 1066/979/332 1064/941/332
f 1064/941/333 1066/979/333 1068/979/333 1067/941/333
f 1027/944/332 1021/940/332 1067/941/332 1068/979/332
f 1066/979/334 1070/980/334 1069/980/334 1068/979/334
f 1030/946/332 1027/944/332 1068/979/332 1069/980/332
f 1070/980/335 1072/981/335 1071/981/335 1069/980/335
f 1033/948/332 1030/946/332 1069/980/332 1071/981/332
f 1072/981/336 1074/935/336 1073/935/336 1071/981/336
f 1016/932/332 1033/948/332 1071/981/332 1073/935/332
f 1074/935/329 1062/936/329 1015/936/329 1073/935/329
f 1077/981/332 1075/935/332 1074/935/332 1072/981/332
f 1075/935/332 1059/936/332 1062/936/332 1074/935/332
f 1075/935/332 1077/981/332 1041/982/332 1076/983/332
f 1059/936/332 1075/935/332 1076/983/332 1057/978/332
f 1077/981/332 1078/980/332 1043/984/332 1041/982/332
f 1078/980/332 1077/981/332 1072/981/332 1070/980/332
f 1078/980/332 1079/979/332 1045/985/332 1043/984/332
f 1079/979/332 1078/980/332 1070/980/332 1066/979/332
f 1079/979/332 1065/941/332 1080/986/332 1045/985/332
f 1004/987/333 1057/988/333 1076/955/333 1040/954/333
f 1065/941/332 1060/939/332 1054/977/332 1080/986/332
o Cylinder.014
v 0.000000 1.056730 -0.056115
v 0.039679 1.056730 -0.039679
v -0.039679 1.056730 -0.039679
v 0.000000 1.056730 -0.259088
v 0.000000 1.067142 -0.056115
v 0.039679 1.067142 -0.039679
v -0.039679 1.067142 -0.039679
v 0.000000 1.067142 -0.056115
v 0.039679 1.067142 -0.039679
v -0.039679 1.067142 -0.039679
v 0.000000 1.067142 -0.067455
v 0.047698 1.067142 -0.047698
v -0.047698 1.067142 -0.047698
v 0.000000 1.065466 -0.067455
v 0.000000 1.065466 -0.140086
v 0.047698 1.065466 -0.047698
v -0.047698 1.065466 -0.047698
v -0.099056 1.065466 -0.099056
v -0.067455 1.065466 0.000000
v -0.140086 1.065466 0.000000
v -0.047698 1.065466 0.047698
v -0.067455 1.067142 0.000000
v -0.056115 1.067142 0.000000
v -0.047698 1.067142 0.047698
v -0.039679 1.067142 0.039679
v 0.000000 1.067142 0.067455
v 0.000000 1.065466 0.067455
v 0.000000 1.067142 0.056115
v 0.047698 1.067142 0.047698
v 0.047698 1.065466 0.047698
v 0.039679 1.067142 0.039679
v 0.067455 1.067142 0.000000
v 0.067455 1.065466 0.000000
v 0.056115 1.067142 0.000000
v 0.056115 1.067142 0.000000
v 0.039679 1.067142 0.039679
v 0.056115 1.056730 0.000000
v 0.039679 1.056730 0.039679
v 0.259088 1.056730 0.000000
v 0.183203 1.056730 -0.183203
v 0.259088 1.067142 0.000000
v 0.183203 1.056730 0.183203
v 0.183203 1.067142 0.183203
v 0.000000 1.056730 0.259088
v 0.000000 1.067142 0.259088
v -0.183203 1.056730 0.183203
v 0.000000 1.056730 0.056115
v -0.039679 1.056730 0.039679
v 0.000000 1.067142 0.056115
v -0.039679 1.067142 0.039679
v -0.056115 1.067142 0.000000
v -0.056115 1.056730 0.000000
v -0.259088 1.056730 0.000000
v -0.259088 1.067142 0.000000
v -0.183203 1.056730 -0.183203
v -0.183203 1.067142 -0.183203
v 0.000000 1.067142 -0.259088
v -0.099056 1.067142 -0.099056
v 0.000000 1.067142 -0.140086
v -0.140086 1.067142 0.000000
v -0.099056 1.067142 -0.099056
v 0.000000 1.067142 -0.140086
v -0.140086 1.067142 0.000000
v -0.099056 1.067142 0.099056
v -0.099056 1.067142 0.099056
v 0.000000 1.067142 0.140086
v -0.099056 1.065466 0.099056
v 0.000000 1.065466 0.140086
v 0.099056 1.065466 0.099056
v 0.099056 1.067142 0.099056
v 0.140086 1.065466 0.000000
v 0.140086 1.067142 0.000000
v 0.099056 1.065466 -0.099056
v 0.099056 1.067142 -0.099056
v 0.099056 1.067142 -0.099056
v 0.183203 1.067142 -0.183203
v 0.140086 1.067142 0.000000
v 0.099056 1.067142 0.099056
v 0.000000 1.067142 0.140086
v -0.183203 1.067142 0.183203
vn -0.3827 -0.0000 0.9239
vn -0.0000 -1.0000 -0.0000
vn 0.3827 -0.0000 0.9239
vn -0.0000 1.0000 -0.0000
vn 0.3827 -0.0000 -0.9239
vn -0.3827 -0.0000 -0.9239
vn -0.9239 -0.0000 -0.3827
vn -0.9239 -0.0000 0.3827
vn 0.9239 -0.0000 0.3827
vn 0.9239 -0.0000 -0.3827
vt 0.286756 0.286756
vt 0.250000 0.301981
vt 0.750000 0.301981
vt 0.786756 0.286756
vt 0.750000 0.490000
vt 0.919706 0.419706
vt 0.713244 0.286756
vt 0.580294 0.419706
vt 0.213244 0.286756
vt 0.294184 0.294184
vt 0.250000 0.312486
vt 0.205816 0.294184
vt 0.341758 0.341758
vt 0.250000 0.379765
vt 0.158242 0.341758
vt 0.187514 0.250000
vt 0.120235 0.250000
vt 0.205816 0.205816
vt 0.158242 0.158242
vt 0.198019 0.250000
vt 0.213244 0.213244
vt 0.250000 0.187514
vt 0.250000 0.198019
vt 0.294184 0.205816
vt 0.286756 0.213244
vt 0.312486 0.250000
vt 0.301981 0.250000
vt 0.801981 0.250000
vt 0.786756 0.213244
vt 0.990000 0.250000
vt 0.919706 0.080294
vt 0.875000 0.500000
vt 0.875000 1.000000
vt 0.750000 1.000000
vt 0.750000 0.500000
vt 0.625000 1.000000
vt 0.625000 0.500000
vt 0.500000 1.000000
vt 0.500000 0.500000
vt 0.750000 0.198019
vt 0.750000 0.010000
vt 0.375000 1.000000
vt 0.375000 0.500000
vt 0.713244 0.213244
vt 0.580294 0.080294
vt 0.698019 0.250000
vt 0.510000 0.250000
vt 0.250000 1.000000
vt 0.250000 0.500000
vt 0.125000 1.000000
vt 0.125000 0.500000
vt 0.000000 1.000000
vt 0.000000 0.500000
vt 0.080294 0.419706
vt 0.010000 0.250000
vt 0.250000 0.490000
vt 0.250000 0.120235
vt 0.341758 0.158242
vt 0.379765 0.250000
vt 0.490000 0.250000
vt 0.419706 0.419706
vt 0.419706 0.080294
vt 0.250000 0.010000
vt 0.080294 0.080294
vt 1.000000 0.500000
vt 1.000000 1.000000
s 0
f 1086/989/339 1085/990/339 1081/991/339 1082/992/339
f 1082/992/340 1081/991/340 1084/993/340 1120/994/340
f 1081/991/340 1083/995/340 1135/996/340 1084/993/340
f 1085/990/341 1087/997/341 1083/995/341 1081/991/341
f 1085/990/342 1086/989/342 1089/989/342 1088/990/342
f 1087/997/342 1085/990/342 1088/990/342 1090/997/342
f 1088/990/342 1089/989/342 1092/998/342 1091/999/342
f 1090/997/342 1088/990/342 1091/999/342 1093/1000/342
f 1091/999/343 1092/998/343 1096/998/343 1094/999/343
f 1093/1000/344 1091/999/344 1094/999/344 1097/1000/344
f 1094/999/342 1096/998/342 1153/1001/342 1095/1002/342
f 1097/1000/342 1094/999/342 1095/1002/342 1098/1003/342
f 1099/1004/342 1097/1000/342 1098/1003/342 1100/1005/342
f 1102/1004/345 1093/1000/345 1097/1000/345 1099/1004/345
f 1101/1006/342 1099/1004/342 1100/1005/342 1147/1007/342
f 1104/1006/346 1102/1004/346 1099/1004/346 1101/1006/346
f 1103/1008/342 1090/997/342 1093/1000/342 1102/1004/342
f 1105/1009/342 1103/1008/342 1102/1004/342 1104/1006/342
f 1106/1010/339 1104/1006/339 1101/1006/339 1107/1010/339
f 1108/1011/342 1105/1009/342 1104/1006/342 1106/1010/342
f 1109/1012/341 1106/1010/341 1107/1010/341 1110/1012/341
f 1111/1013/342 1108/1011/342 1106/1010/342 1109/1012/342
f 1112/1014/347 1109/1012/347 1110/1012/347 1113/1014/347
f 1114/1015/342 1111/1013/342 1109/1012/342 1112/1014/342
f 1092/998/348 1112/1014/348 1113/1014/348 1096/998/348
f 1089/989/342 1114/1015/342 1112/1014/342 1092/998/342
f 1086/989/342 1115/1015/342 1114/1015/342 1089/989/342
f 1115/1015/342 1116/1013/342 1111/1013/342 1114/1015/342
f 1115/1015/346 1086/989/346 1082/992/346 1117/1016/346
f 1116/1013/345 1115/1015/345 1117/1016/345 1118/1017/345
f 1117/1016/340 1082/992/340 1120/994/340 1119/1018/340
f 1118/1017/340 1117/1016/340 1119/1018/340 1122/1019/340
f 1120/1020/348 1156/1021/348 1121/1022/348 1119/1023/348
f 1119/1023/347 1121/1022/347 1123/1024/347 1122/1025/347
f 1122/1025/341 1123/1024/341 1125/1026/341 1124/1027/341
f 1127/1028/340 1118/1017/340 1122/1019/340 1124/1029/340
f 1124/1027/339 1125/1026/339 1160/1030/339 1126/1031/339
f 1128/1032/340 1127/1028/340 1124/1029/340 1126/1033/340
f 1129/1011/344 1116/1013/344 1118/1017/344 1127/1028/344
f 1130/1009/343 1129/1011/343 1127/1028/343 1128/1032/343
f 1116/1013/342 1129/1011/342 1108/1011/342 1111/1013/342
f 1129/1011/342 1130/1009/342 1105/1009/342 1108/1011/342
f 1130/1009/342 1131/1008/342 1103/1008/342 1105/1009/342
f 1131/1008/348 1130/1009/348 1128/1032/348 1132/1034/348
f 1131/1008/342 1087/997/342 1090/997/342 1103/1008/342
f 1087/997/347 1131/1008/347 1132/1034/347 1083/995/347
f 1132/1034/340 1128/1032/340 1126/1033/340 1133/1035/340
f 1083/995/340 1132/1034/340 1133/1035/340 1135/996/340
f 1126/1031/346 1160/1030/346 1134/1036/346 1133/1037/346
f 1133/1037/345 1134/1036/345 1136/1038/345 1135/1039/345
f 1135/1039/344 1136/1038/344 1137/1040/344 1084/1041/344
f 1140/1005/342 1138/1003/342 1136/1042/342 1134/1043/342
f 1138/1003/342 1139/1002/342 1137/1044/342 1136/1042/342
f 1139/1002/342 1138/1003/342 1141/1003/342 1142/1002/342
f 1138/1003/342 1140/1005/342 1143/1005/342 1141/1003/342
f 1142/1002/341 1141/1003/341 1098/1003/341 1095/1002/341
f 1141/1003/347 1143/1005/347 1100/1005/347 1098/1003/347
f 1143/1005/348 1144/1007/348 1147/1007/348 1100/1005/348
f 1140/1005/342 1145/1007/342 1144/1007/342 1143/1005/342
f 1145/1007/342 1159/1045/342 1146/1045/342 1144/1007/342
f 1144/1007/343 1146/1045/343 1148/1045/343 1147/1007/343
f 1107/1010/342 1101/1006/342 1147/1007/342 1148/1045/342
f 1146/1045/344 1150/1046/344 1149/1046/344 1148/1045/344
f 1110/1012/342 1107/1010/342 1148/1045/342 1149/1046/342
f 1150/1046/345 1152/1047/345 1151/1047/345 1149/1046/345
f 1113/1014/342 1110/1012/342 1149/1046/342 1151/1047/342
f 1152/1047/346 1154/1001/346 1153/1001/346 1151/1047/346
f 1096/998/342 1113/1014/342 1151/1047/342 1153/1001/342
f 1154/1001/339 1142/1002/339 1095/1002/339 1153/1001/339
f 1157/1047/342 1155/1001/342 1154/1001/342 1152/1047/342
f 1155/1001/342 1139/1002/342 1142/1002/342 1154/1001/342
f 1155/1001/342 1157/1047/342 1121/1048/342 1156/1049/342
f 1139/1002/342 1155/1001/342 1156/1049/342 1137/1044/342
f 1157/1047/342 1158/1046/342 1123/1050/342 1121/1048/342
f 1158/1046/342 1157/1047/342 1152/1047/342 1150/1046/342
f 1158/1046/342 1159/1045/342 1125/1051/342 1123/1050/342
f 1159/1045/342 1158/1046/342 1150/1046/342 1146/1045/342
f 1159/1045/342 1145/1007/342 1160/1052/342 1125/1051/342
f 1084/1053/343 1137/1054/343 1156/1021/343 1120/1020/343
f 1145/1007/342 1140/1005/342 1134/1043/342 1160/1052/342
o Cylinder.015
v 0.000000 1.072348 -0.056115
v 0.039679 1.072348 -0.039679
v -0.039679 1.072348 -0.039679
v 0.000000 1.072348 -0.259088
v 0.000000 1.082760 -0.056115
v 0.039679 1.082760 -0.039679
v -0.039679 1.082760 -0.039679
v 0.000000 1.082760 -0.056115
v 0.039679 1.082760 -0.039679
v -0.039679 1.082760 -0.039679
v 0.000000 1.082760 -0.067455
v 0.047698 1.082760 -0.047698
v -0.047698 1.082760 -0.047698
v 0.000000 1.081084 -0.067455
v 0.000000 1.081084 -0.140086
v 0.047698 1.081084 -0.047698
v -0.047698 1.081084 -0.047698
v -0.099056 1.081084 -0.099056
v -0.067455 1.081084 0.000000
v -0.140086 1.081084 0.000000
v -0.047698 1.081084 0.047698
v -0.067455 1.082760 0.000000
v -0.056115 1.082760 0.000000
v -0.047698 1.082760 0.047698
v -0.039679 1.082760 0.039679
v 0.000000 1.082760 0.067455
v 0.000000 1.081084 0.067455
v 0.000000 1.082760 0.056115
v 0.047698 1.082760 0.047698
v 0.047698 1.081084 0.047698
v 0.039679 1.082760 0.039679
v 0.067455 1.082760 0.000000
v 0.067455 1.081084 0.000000
v 0.056115 1.082760 0.000000
v 0.056115 1.082760 0.000000
v 0.039679 1.082760 0.039679
v 0.056115 1.072348 0.000000
v 0.039679 1.072348 0.039679
v 0.259088 1.072348 0.000000
v 0.183203 1.072348 -0.183203
v 0.259088 1.082760 0.000000
v 0.183203 1.072348 0.183203
v 0.183203 1.082760 0.183203
v 0.000000 1.072348 0.259088
v 0.000000 1.082760 0.259088
v -0.183203 1.072348 0.183203
v 0.000000 1.072348 0.056115
v -0.039679 1.072348 0.039679
v 0.000000 1.082760 0.056115
v -0.039679 1.082760 0.039679
v -0.056115 1.082760 0.000000
v -0.056115 1.072348 0.000000
v -0.259088 1.072348 0.000000
v -0.259088 1.082760 0.000000
v -0.183203 1.072348 -0.183203
v -0.183203 1.082760 -0.183203
v 0.000000 1.082760 -0.259088
v -0.099056 1.082760 -0.099056
v 0.000000 1.082760 -0.140086
v -0.140086 1.082760 0.000000
v -0.099056 1.082760 -0.099056
v 0.000000 1.082760 -0.140086
v -0.140086 1.082760 0.000000
v -0.099056 1.082760 0.099056
v -0.099056 1.082760 0.099056
v 0.000000 1.082760 0.140086
v -0.099056 1.081084 0.099056
v 0.000000 1.081084 0.140086
v 0.099056 1.081084 0.099056
v 0.099056 1.082760 0.099056
v 0.140086 1.081084 0.000000
v 0.140086 1.082760 0.000000
v 0.099056 1.081084 -0.099056
v 0.099056 1.082760 -0.099056
v 0.099056 1.082760 -0.099056
v 0.183203 1.082760 -0.183203
v 0.140086 1.082760 0.000000
v 0.099056 1.082760 0.099056
v 0.000000 1.082760 0.140086
v -0.183203 1.082760 0.183203
vn -0.3827 -0.0000 0.9239
vn -0.0000 -1.0000 -0.0000
vn 0.3827 -0.0000 0.9239
vn -0.0000 1.0000 -0.0000
vn 0.3827 -0.0000 -0.9239
vn -0.3827 -0.0000 -0.9239
vn -0.9239 -0.0000 -0.3827
vn -0.9239 -0.0000 0.3827
vn 0.9239 -0.0000 0.3827
vn 0.9239 -0.0000 -0.3827
vt 0.286756 0.286756
vt 0.250000 0.301981
vt 0.750000 0.301981
vt 0.786756 0.286756
vt 0.750000 0.490000
vt 0.919706 0.419706
vt 0.713244 0.286756
vt 0.580294 0.419706
vt 0.213244 0.286756
vt 0.294184 0.294184
vt 0.250000 0.312486
vt 0.205816 0.294184
vt 0.341758 0.341758
vt 0.250000 0.379765
vt 0.158242 0.341758
vt 0.187514 0.250000
vt 0.120235 0.250000
vt 0.205816 0.205816
vt 0.158242 0.158242
vt 0.198019 0.250000
vt 0.213244 0.213244
vt 0.250000 0.187514
vt 0.250000 0.198019
vt 0.294184 0.205816
vt 0.286756 0.213244
vt 0.312486 0.250000
vt 0.301981 0.250000
vt 0.801981 0.250000
vt 0.786756 0.213244
vt 0.990000 0.250000
vt 0.919706 0.080294
vt 0.875000 0.500000
vt 0.875000 1.000000
vt 0.750000 1.000000
vt 0.750000 0.500000
vt 0.625000 1.000000
vt 0.625000 0.500000
vt 0.500000 1.000000
vt 0.500000 0.500000
vt 0.750000 0.198019
vt 0.750000 0.010000
vt 0.375000 1.000000
vt 0.375000 0.500000
vt 0.713244 0.213244
vt 0.580294 0.080294
vt 0.698019 0.250000
vt 0.510000 0.250000
vt 0.250000 1.000000
vt 0.250000 0.500000
vt 0.125000 1.000000
vt 0.125000 0.500000
vt 0.000000 1.000000
vt 0.000000 0.500000
vt 0.080294 0.419706
vt 0.010000 0.250000
vt 0.250000 0.490000
vt 0.250000 0.120235
vt 0.341758 0.158242
vt 0.379765 0.250000
vt 0.490000 0.250000
vt 0.419706 0.419706
vt 0.419706 0.080294
vt 0.250000 0.010000
vt 0.080294 0.080294
vt 1.000000 0.500000
vt 1.000000 1.000000
s 0
f 1166/1055/349 1165/1056/349 1161/1057/349 1162/1058/349
f 1162/1058/350 1161/1057/350 1164/1059/350 1200/1060/350
f 1161/1057/350 1163/1061/350 1215/1062/350 1164/1059/350
f 1165/1056/351 1167/1063/351 1163/1061/351 1161/1057/351
f 1165/1056/352 1166/1055/352 1169/1055/352 1168/1056/352
f 1167/1063/352 1165/1056/352 1168/1056/352 1170/1063/352
f 1168/1056/352 1169/1055/352 1172/1064/352 1171/1065/352
f 1170/1063/352 1168/1056/352 1171/1065/352 1173/1066/352
f 1171/1065/353 1172/1064/353 1176/1064/353 1174/1065/353
f 1173/1066/354 1171/1065/354 1174/1065/354 1177/1066/354
f 1174/1065/352 1176/1064/352 1233/1067/352 1175/1068/352
f 1177/1066/352 1174/1065/352 1175/1068/352 1178/1069/352
f 1179/1070/352 1177/1066/352 1178/1069/352 1180/1071/352
f 1182/1070/355 1173/1066/355 1177/1066/355 1179/1070/355
f 1181/1072/352 1179/1070/352 1180/1071/352 1227/1073/352
f 1184/1072/356 1182/1070/356 1179/1070/356 1181/1072/356
f 1183/1074/352 1170/1063/352 1173/1066/352 1182/1070/352
f 1185/1075/352 1183/1074/352 1182/1070/352 1184/1072/352
f 1186/1076/349 1184/1072/349 1181/1072/349 1187/1076/349
f 1188/1077/352 1185/1075/352 1184/1072/352 1186/1076/352
f 1189/1078/351 1186/1076/351 1187/1076/351 1190/1078/351
f 1191/1079/352 1188/1077/352 1186/1076/352 1189/1078/352
f 1192/1080/357 1189/1078/357 1190/1078/357 1193/1080/357
f 1194/1081/352 1191/1079/352 1189/1078/352 1192/1080/352
f 1172/1064/358 1192/1080/358 1193/1080/358 1176/1064/358
f 1169/1055/352 1194/1081/352 1192/1080/352 1172/1064/352
f 1166/1055/352 1195/1081/352 1194/1081/352 1169/1055/352
f 1195/1081/352 1196/1079/352 1191/1079/352 1194/1081/352
f 1195/1081/356 1166/1055/356 1162/1058/356 1197/1082/356
f 1196/1079/355 1195/1081/355 1197/1082/355 1198/1083/355
f 1197/1082/350 1162/1058/350 1200/1060/350 1199/1084/350
f 1198/1083/350 1197/1082/350 1199/1084/350 1202/1085/350
f 1200/1086/358 1236/1087/358 1201/1088/358 1199/1089/358
f 1199/1089/357 1201/1088/357 1203/1090/357 1202/1091/357
f 1202/1091/351 1203/1090/351 1205/1092/351 1204/1093/351
f 1207/1094/350 1198/1083/350 1202/1085/350 1204/1095/350
f 1204/1093/349 1205/1092/349 1240/1096/349 1206/1097/349
f 1208/1098/350 1207/1094/350 1204/1095/350 1206/1099/350
f 1209/1077/354 1196/1079/354 1198/1083/354 1207/1094/354
f 1210/1075/353 1209/1077/353 1207/1094/353 1208/1098/353
f 1196/1079/352 1209/1077/352 1188/1077/352 1191/1079/352
f 1209/1077/352 1210/1075/352 1185/1075/352 1188/1077/352
f 1210/1075/352 1211/1074/352 1183/1074/352 1185/1075/352
f 1211/1074/358 1210/1075/358 1208/1098/358 1212/1100/358
f 1211/1074/352 1167/1063/352 1170/1063/352 1183/1074/352
f 1167/1063/357 1211/1074/357 1212/1100/357 1163/1061/357
f 1212/1100/350 1208/1098/350 1206/1099/350 1213/1101/350
f 1163/1061/350 1212/1100/350 1213/1101/350 1215/1062/350
f 1206/1097/356 1240/1096/356 1214/1102/356 1213/1103/356
f 1213/1103/355 1214/1102/355 1216/1104/355 1215/1105/355
f 1215/1105/354 1216/1104/354 1217/1106/354 1164/1107/354
f 1220/1071/352 1218/1069/352 1216/1108/352 1214/1109/352
f 1218/1069/352 1219/1068/352 1217/1110/352 1216/1108/352
f 1219/1068/352 1218/1069/352 1221/1069/352 1222/1068/352
f 1218/1069/352 1220/1071/352 1223/1071/352 1221/1069/352
f 1222/1068/351 1221/1069/351 1178/1069/351 1175/1068/351
f 1221/1069/357 1223/1071/357 1180/1071/357 1178/1069/357
f 1223/1071/358 1224/1073/358 1227/1073/358 1180/1071/358
f 1220/1071/352 1225/1073/352 1224/1073/352 1223/1071/352
f 1225/1073/352 1239/1111/352 1226/1111/352 1224/1073/352
f 1224/1073/353 1226/1111/353 1228/1111/353 1227/1073/353
f 1187/1076/352 1181/1072/352 1227/1073/352 1228/1111/352
f 1226/1111/354 1230/1112/354 1229/1112/354 1228/1111/354
f 1190/1078/352 1187/1076/352 1228/1111/352 1229/1112/352
f 1230/1112/355 1232/1113/355 1231/1113/355 1229/1112/355
f 1193/1080/352 1190/1078/352 1229/1112/352 1231/1113/352
f 1232/1113/356 1234/1067/356 1233/1067/356 1231/1113/356
f 1176/1064/352 1193/1080/352 1231/1113/352 1233/1067/352
f 1234/1067/349 1222/1068/349 1175/1068/349 1233/1067/349
f 1237/1113/352 1235/1067/352 1234/1067/352 1232/1113/352
f 1235/1067/352 1219/1068/352 1222/1068/352 1234/1067/352
f 1235/1067/352 1237/1113/352 1201/1114/352 1236/1115/352
f 1219/1068/352 1235/1067/352 1236/1115/352 1217/1110/352
f 1237/1113/352 1238/1112/352 1203/1116/352 1201/1114/352
f 1238/1112/352 1237/1113/352 1232/1113/352 1230/1112/352
f 1238/1112/352 1239/1111/352 1205/1117/352 1203/1116/352
f 1239/1111/352 1238/1112/352 1230/1112/352 1226/1111/352
f 1239/1111/352 1225/1073/352 1240/1118/352 1205/1117/352
f 1164/1119/353 1217/1120/353 1236/1087/353 1200/1086/353
f 1225/1073/352 1220/1071/352 1214/1109/352 1240/1118/352
o Cylinder.016
v 0.000000 1.087966 -0.056115
v 0.039679 1.087966 -0.039679
v -0.039679 1.087966 -0.039679
v 0.000000 1.087966 -0.259088
v 0.000000 1.098378 -0.056115
v 0.039679 1.098378 -0.039679
v -0.039679 1.098378 -0.039679
v 0.000000 1.098378 -0.056115
v 0.039679 1.098378 -0.039679
v -0.039679 1.098378 -0.039679
v 0.000000 1.098378 -0.067455
v 0.047698 1.098378 -0.047698
v -0.047698 1.098378 -0.047698
v 0.000000 1.096702 -0.067455
v 0.000000 1.096702 -0.140086
v 0.047698 1.096702 -0.047698
v -0.047698 1.096702 -0.047698
v -0.099056 1.096702 -0.099056
v -0.067455 1.096702 0.000000
v -0.140086 1.096702 0.000000
v -0.047698 1.096702 0.047698
v -0.067455 1.098378 0.000000
v -0.056115 1.098378 0.000000
v -0.047698 1.098378 0.047698
v -0.039679 1.098378 0.039679
v 0.000000 1.098378 0.067455
v 0.000000 1.096702 0.067455
v 0.000000 1.098378 0.056115
v 0.047698 1.098378 0.047698
v 0.047698 1.096702 0.047698
v 0.039679 1.098378 0.039679
v 0.067455 1.098378 0.000000
v 0.067455 1.096702 0.000000
v 0.056115 1.098378 0.000000
v 0.056115 1.098378 0.000000
v 0.039679 1.098378 0.039679
v 0.056115 1.087966 0.000000
v 0.039679 1.087966 0.039679
v 0.259088 1.087966 0.000000
v 0.183203 1.087966 -0.183203
v 0.259088 1.098378 0.000000
v 0.183203 1.087966 0.183203
v 0.183203 1.098378 0.183203
v 0.000000 1.087966 0.259088
v 0.000000 1.098378 0.259088
v -0.183203 1.087966 0.183203
v 0.000000 1.087966 0.056115
v -0.039679 1.087966 0.039679
v 0.000000 1.098378 0.056115
v -0.039679 1.098378 0.039679
v -0.056115 1.098378 0.000000
v -0.056115 1.087966 0.000000
v -0.259088 1.087966 0.000000
v -0.259088 1.098378 0.000000
v -0.183203 1.087966 -0.183203
v -0.183203 1.098378 -0.183203
v 0.000000 1.098378 -0.259088
v -0.099056 1.098378 -0.099056
v 0.000000 1.098378 -0.140086
v -0.140086 1.098378 0.000000
v -0.099056 1.098378 -0.099056
v 0.000000 1.098378 -0.140086
v -0.140086 1.098378 0.000000
v -0.099056 1.098378 0.099056
v -0.099056 1.098378 0.099056
v 0.000000 1.098378 0.140086
v -0.099056 1.096702 0.099056
v 0.000000 1.096702 0.140086
v 0.099056 1.096702 0.099056
v 0.099056 1.098378 0.099056
v 0.140086 1.096702 0.000000
v 0.140086 1.098378 0.000000
v 0.099056 1.096702 -0.099056
v 0.099056 1.098378 -0.099056
v 0.099056 1.098378 -0.099056
v 0.183203 1.098378 -0.183203
v 0.140086 1.098378 0.000000
v 0.099056 1.098378 0.099056
v 0.000000 1.098378 0.140086
v -0.183203 1.098378 0.183203
vn -0.3827 -0.0000 0.9239
vn -0.0000 -1.0000 -0.0000
vn 0.3827 -0.0000 0.9239
vn -0.0000 1.0000 -0.0000
vn 0.3827 -0.0000 -0.9239
vn -0.3827 -0.0000 -0.9239
vn -0.9239 -0.0000 -0.3827
vn -0.9239 -0.0000 0.3827
vn 0.9239 -0.0000 0.3827
vn 0.9239 -0.0000 -0.3827
vt 0.286756 0.286756
vt 0.250000 0.301981
vt 0.750000 0.301981
vt 0.786756 0.286756
vt 0.750000 0.490000
vt 0.919706 0.419706
vt 0.713244 0.286756
vt 0.580294 0.419706
vt 0.213244 0.286756
vt 0.294184 0.294184
vt 0.250000 0.312486
vt 0.205816 0.294184
vt 0.341758 0.341758
vt 0.250000 0.379765
vt 0.158242 0.341758
vt 0.187514 0.250000
vt 0.120235 0.250000
vt 0.205816 0.205816
vt 0.158242 0.158242
vt 0.198019 0.250000
vt 0.213244 0.213244
vt 0.250000 0.187514
vt 0.250000 0.198019
vt 0.294184 0.205816
vt 0.286756 0.213244
vt 0.312486 0.250000
vt 0.301981 0.250000
vt 0.801981 0.250000
vt 0.786756 0.213244
vt 0.990000 0.250000
vt 0.919706 0.080294
vt 0.875000 0.500000
vt 0.875000 1.000000
vt 0.750000 1.000000
vt 0.750000 0.500000
vt 0.625000 1.000000
vt 0.625000 0.500000
vt 0.500000 1.000000
vt 0.500000 0.500000
vt 0.750000 0.198019
vt 0.750000 0.010000
vt 0.375000 1.000000
vt 0.375000 0.500000
vt 0.713244 0.213244
vt 0.580294 0.080294
vt 0.698019 0.250000
vt 0.510000 0.250000
vt 0.250000 1.000000
vt 0.250000 0.500000
vt 0.125000 1.000000
vt 0.125000 0.500000
vt 0.000000 1.000000
vt 0.000000 0.500000
vt 0.080294 0.419706
vt 0.010000 0.250000
vt 0.250000 0.490000
vt 0.250000 0.120235
vt 0.341758 0.158242
vt 0.379765 0.250000
vt 0.490000 0.250000
vt 0.419706 0.419706
vt 0.419706 0.080294
vt 0.250000 0.010000
vt 0.080294 0.080294
vt 1.000000 0.500000
vt 1.000000 1.000000
s 0
f 1246/1121/359 1245/1122/359 1241/1123/359 1242/1124/359
f 1242/1124/360 1241/1123/360 1244/1125/360 1280/1126/360
f 1241/1123/360 1243/1127/360 1295/1128/360 1244/1125/360
f 1245/1122/361 1247/1129/361 1243/1127/361 1241/1123/361
f 1245/1122/362 1246/1121/362 1249/1121/362 1248/1122/362
f 1247/1129/362 1245/1122/362 1248/1122/362 1250/1129/362
f 1248/1122/362 1249/1121/362 1252/1130/362 1251/1131/362
f 1250/1129/362 1248/1122/362 1251/1131/362 1253/1132/362
f 1251/1131/363 1252/1130/363 1256/1130/363 1254/1131/363
f 1253/1132/364 1251/1131/364 1254/1131/364 1257/1132/364
f 1254/1131/362 1256/1130/362 1313/1133/362 1255/1134/362
f 1257/1132/362 1254/1131/362 1255/1134/362 1258/1135/362
f 1259/1136/362 1257/1132/362 1258/1135/362 1260/1137/362
f 1262/1136/365 1253/1132/365 1257/1132/365 1259/1136/365
f 1261/1138/362 1259/1136/362 1260/1137/362 1307/1139/362
f 1264/1138/366 1262/1136/366 1259/1136/366 1261/1138/366
f 1263/1140/362 1250/1129/362 1253/1132/362 1262/1136/362
f 1265/1141/362 1263/1140/362 1262/1136/362 1264/1138/362
f 1266/1142/359 1264/1138/359 1261/1138/359 1267/1142/359
f 1268/1143/362 1265/1141/362 1264/1138/362 1266/1142/362
f 1269/1144/361 1266/1142/361 1267/1142/361 1270/1144/361
f 1271/1145/362 1268/1143/362 1266/1142/362 1269/1144/362
f 1272/1146/367 1269/1144/367 1270/1144/367 1273/1146/367
f 1274/1147/362 1271/1145/362 1269/1144/362 1272/1146/362
f 1252/1130/368 1272/1146/368 1273/1146/368 1256/1130/368
f 1249/1121/362 1274/1147/362 1272/1146/362 1252/1130/362
f 1246/1121/362 1275/1147/362 1274/1147/362 1249/1121/362
f 1275/1147/362 1276/1145/362 1271/1145/362 1274/1147/362
f 1275/1147/366 1246/1121/366 1242/1124/366 1277/1148/366
f 1276/1145/365 1275/1147/365 1277/1148/365 1278/1149/365
f 1277/1148/360 1242/1124/360 1280/1126/360 1279/1150/360
f 1278/1149/360 1277/1148/360 1279/1150/360 1282/1151/360
f 1280/1152/368 1316/1153/368 1281/1154/368 1279/1155/368
f 1279/1155/367 1281/1154/367 1283/1156/367 1282/1157/367
f 1282/1157/361 1283/1156/361 1285/1158/361 1284/1159/361
f 1287/1160/360 1278/1149/360 1282/1151/360 1284/1161/360
f 1284/1159/359 1285/1158/359 1320/1162/359 1286/1163/359
f 1288/1164/360 1287/1160/360 1284/1161/360 1286/1165/360
f 1289/1143/364 1276/1145/364 1278/1149/364 1287/1160/364
f 1290/1141/363 1289/1143/363 1287/1160/363 1288/1164/363
f 1276/1145/362 1289/1143/362 1268/1143/362 1271/1145/362
f 1289/1143/362 1290/1141/362 1265/1141/362 1268/1143/362
f 1290/1141/362 1291/1140/362 1263/1140/362 1265/1141/362
f 1291/1140/368 1290/1141/368 1288/1164/368 1292/1166/368
f 1291/1140/362 1247/1129/362 1250/1129/362 1263/1140/362
f 1247/1129/367 1291/1140/367 1292/1166/367 1243/1127/367
f 1292/1166/360 1288/1164/360 1286/1165/360 1293/1167/360
f 1243/1127/360 1292/1166/360 1293/1167/360 1295/1128/360
f 1286/1163/366 1320/1162/366 1294/1168/366 1293/1169/366
f 1293/1169/365 1294/1168/365 1296/1170/365 1295/1171/365
f 1295/1171/364 1296/1170/364 1297/1172/364 1244/1173/364
f 1300/1137/362 1298/1135/362 1296/1174/362 1294/1175/362
f 1298/1135/362 1299/1134/362 1297/1176/362 1296/1174/362
f 1299/1134/362 1298/1135/362 1301/1135/362 1302/1134/362
f 1298/1135/362 1300/1137/362 1303/1137/362 1301/1135/362
f 1302/1134/361 1301/1135/361 1258/1135/361 1255/1134/361
f 1301/1135/367 1303/1137/367 1260/1137/367 1258/1135/367
f 1303/1137/368 1304/1139/368 1307/1139/368 1260/1137/368
f 1300/1137/362 1305/1139/362 1304/1139/362 1303/1137/362
f 1305/1139/362 1319/1177/362 1306/1177/362 1304/1139/362
f 1304/1139/363 1306/1177/363 1308/1177/363 1307/1139/363
f 1267/1142/362 1261/1138/362 1307/1139/362 1308/1177/362
f 1306/1177/364 1310/1178/364 1309/1178/364 1308/1177/364
f 1270/1144/362 1267/1142/362 1308/1177/362 1309/1178/362
f 1310/1178/365 1312/1179/365 1311/1179/365 1309/1178/365
f 1273/1146/362 1270/1144/362 1309/1178/362 1311/1179/362
f 1312/1179/366 1314/1133/366 1313/1133/366 1311/1179/366
f 1256/1130/362 1273/1146/362 1311/1179/362 1313/1133/362
f 1314/1133/359 1302/1134/359 1255/1134/359 1313/1133/359
f 1317/1179/362 1315/1133/362 1314/1133/362 1312/1179/362
f 1315/1133/362 1299/1134/362 1302/1134/362 1314/1133/362
f 1315/1133/362 1317/1179/362 1281/1180/362 1316/1181/362
f 1299/1134/362 1315/1133/362 1316/1181/362 1297/1176/362
f 1317/1179/362 1318/1178/362 1283/1182/362 1281/1180/362
f 1318/1178/362 1317/1179/362 1312/1179/362 1310/1178/362
f 1318/1178/362 1319/1177/362 1285/1183/362 1283/1182/362
f 1319/1177/362 1318/1178/362 1310/1178/362 1306/1177/362
f 1319/1177/362 1305/1139/362 1320/1184/362 1285/1183/362
f 1244/1185/363 1297/1186/363 1316/1153/363 1280/1152/363
f 1305/1139/362 1300/1137/362 1294/1175/362 1320/1184/362
o Cylinder.017
v 0.000000 1.103584 -0.056115
v 0.039679 1.103584 -0.039679
v -0.039679 1.103584 -0.039679
v 0.000000 1.103584 -0.259088
v 0.000000 1.113995 -0.056115
v 0.039679 1.113995 -0.039679
v -0.039679 1.113995 -0.039679
v 0.000000 1.113995 -0.056115
v 0.039679 1.113995 -0.039679
v -0.039679 1.113995 -0.039679
v 0.000000 1.113995 -0.067455
v 0.047698 1.113995 -0.047698
v -0.047698 1.113995 -0.047698
v 0.000000 1.112319 -0.067455
v 0.000000 1.112319 -0.140086
v 0.047698 1.112319 -0.047698
v -0.047698 1.112319 -0.047698
v -0.099056 1.112319 -0.099056
v -0.067455 1.112319 0.000000
v -0.140086 1.112319 0.000000
v -0.047698 1.112319 0.047698
v -0.067455 1.113995 0.000000
v -0.056115 1.113995 0.000000
v -0.047698 1.113995 0.047698
v -0.039679 1.113995 0.039679
v 0.000000 1.113995 0.067455
v 0.000000 1.112319 0.067455
v 0.000000 1.113995 0.056115
v 0.047698 1.113995 0.047698
v 0.047698 1.112319 0.047698
v 0.039679 1.113995 0.039679
v 0.067455 1.113995 0.000000
v 0.067455 1.112319 0.000000
v 0.056115 1.113995 0.000000
v 0.056115 1.113995 0.000000
v 0.039679 1.113995 0.039679
v 0.056115 1.103584 0.000000
v 0.039679 1.103584 0.039679
v 0.259088 1.103584 0.000000
v 0.183203 1.103584 -0.183203
v 0.259088 1.113995 0.000000
v 0.183203 1.103584 0.183203
v 0.183203 1.113995 0.183203
v 0.000000 1.103584 0.259088
v 0.000000 1.113995 0.259088
v -0.183203 1.103584 0.183203
v 0.000000 1.103584 0.056115
v -0.039679 1.103584 0.039679
v 0.000000 1.113995 0.056115
v -0.039679 1.113995 0.039679
v -0.056115 1.113995 0.000000
v -0.056115 1.103584 0.000000
v -0.259088 1.103584 0.000000
v -0.259088 1.113995 0.000000
v -0.183203 1.103584 -0.183203
v -0.183203 1.113995 -0.183203
v 0.000000 1.113995 -0.259088
v -0.099056 1.113995 -0.099056
v 0.000000 1.113995 -0.140086
v -0.140086 1.113995 0.000000
v -0.099056 1.113995 -0.099056
v 0.000000 1.113995 -0.140086
v -0.140086 1.113995 0.000000
v -0.099056 1.113995 0.099056
v -0.099056 1.113995 0.099056
v 0.000000 1.113995 0.140086
v -0.099056 1.112319 0.099056
v 0.000000 1.112319 0.140086
v 0.099056 1.112319 0.099056
v 0.099056 1.113995 0.099056
v 0.140086 1.112319 0.000000
v 0.140086 1.113995 0.000000
v 0.099056 1.112319 -0.099056
v 0.099056 1.113995 -0.099056
v 0.099056 1.113995 -0.099056
v 0.183203 1.113995 -0.183203
v 0.140086 1.113995 0.000000
v 0.099056 1.113995 0.099056
v 0.000000 1.113995 0.140086
v -0.183203 1.113995 0.183203
vn -0.3827 -0.0000 0.9239
vn -0.0000 -1.0000 -0.0000
vn 0.3827 -0.0000 0.9239
vn -0.0000 1.0000 -0.0000
vn 0.3827 -0.0000 -0.9239
vn -0.3827 -0.0000 -0.9239
vn -0.9239 -0.0000 -0.3827
vn -0.9239 -0.0000 0.3827
vn 0.9239 -0.0000 0.3827
vn 0.9239 -0.0000 -0.3827
vt 0.286756 0.286756
vt 0.250000 0.301981
vt 0.750000 0.301981
vt 0.786756 0.286756
vt 0.750000 0.490000
vt 0.919706 0.419706
vt 0.713244 0.286756
vt 0.580294 0.419706
vt 0.213244 0.286756
vt 0.294184 0.294184
vt 0.250000 0.312486
vt 0.205816 0.294184
vt 0.341758 0.341758
vt 0.250000 0.379765
vt 0.158242 0.341758
vt 0.187514 0.250000
vt 0.120235 0.250000
vt 0.205816 0.205816
vt 0.158242 0.158242
vt 0.198019 0.250000
vt 0.213244 0.213244
vt 0.250000 0.187514
vt 0.250000 0.198019
vt 0.294184 0.205816
vt 0.286756 0.213244
vt 0.312486 0.250000
vt 0.301981 0.250000
vt 0.801981 0.250000
vt 0.786756 0.213244
vt 0.990000 0.250000
vt 0.919706 0.080294
vt 0.875000 0.500000
vt 0.875000 1.000000
vt 0.750000 1.000000
vt 0.750000 0.500000
vt 0.625000 1.000000
vt 0.625000 0.500000
vt 0.500000 1.000000
vt 0.500000 0.500000
vt 0.750000 0.198019
vt 0.750000 0.010000
vt 0.375000 1.000000
vt 0.375000 0.500000
vt 0.713244 0.213244
vt 0.580294 0.080294
vt 0.698019 0.250000
vt 0.510000 0.250000
vt 0.250000 1.000000
vt 0.250000 0.500000
vt 0.125000 1.000000
vt 0.125000 0.500000
vt 0.000000 1.000000
vt 0.000000 0.500000
vt 0.080294 0.419706
vt 0.010000 0.250000
vt 0.250000 0.490000
vt 0.250000 0.120235
vt 0.341758 0.158242
vt 0.379765 0.250000
vt 0.490000 0.250000
vt 0.419706 0.419706
vt 0.419706 0.080294
vt 0.250000 0.010000
vt 0.080294 0.080294
vt 1.000000 0.500000
vt 1.000000 1.000000
s 0
f 1326/1187/369 1325/1188/369 1321/1189/369 1322/1190/369
f 1322/1190/370 1321/1189/370 1324/1191/370 1360/1192/370
f 1321/1189/370 1323/1193/370 1375/1194/370 1324/1191/370
f 1325/1188/371 1327/1195/371 1323/1193/371 1321/1189/371
f 1325/1188/372 1326/1187/372 1329/1187/372 1328/1188/372
f 1327/1195/372 1325/1188/372 1328/1188/372 1330/1195/372
f 1328/1188/372 1329/1187/372 1332/1196/372 1331/1197/372
f 1330/1195/372 1328/1188/372 1331/1197/372 1333/1198/372
f 1331/1197/373 1332/1196/373 1336/1196/373 1334/1197/373
f 1333/1198/374 1331/1197/374 1334/1197/374 1337/1198/374
f 1334/1197/372 1336/1196/372 1393/1199/372 1335/1200/372
f 1337/1198/372 1334/1197/372 1335/1200/372 1338/1201/372
f 1339/1202/372 1337/1198/372 1338/1201/372 1340/1203/372
f 1342/1202/375 1333/1198/375 1337/1198/375 1339/1202/375
f 1341/1204/372 1339/1202/372 1340/1203/372 1387/1205/372
f 1344/1204/376 1342/1202/376 1339/1202/376 1341/1204/376
f 1343/1206/372 1330/1195/372 1333/1198/372 1342/1202/372
f 1345/1207/372 1343/1206/372 1342/1202/372 1344/1204/372
f 1346/1208/369 1344/1204/369 1341/1204/369 1347/1208/369
f 1348/1209/372 1345/1207/372 1344/1204/372 1346/1208/372
f 1349/1210/371 1346/1208/371 1347/1208/371 1350/1210/371
f 1351/1211/372 1348/1209/372 1346/1208/372 1349/1210/372
f 1352/1212/377 1349/1210/377 1350/1210/377 1353/1212/377
f 1354/1213/372 1351/1211/372 1349/1210/372 1352/1212/372
f 1332/1196/378 1352/1212/378 1353/1212/378 1336/1196/378
f 1329/1187/372 1354/1213/372 1352/1212/372 1332/1196/372
f 1326/1187/372 1355/1213/372 1354/1213/372 1329/1187/372
f 1355/1213/372 1356/1211/372 1351/1211/372 1354/1213/372
f 1355/1213/376 1326/1187/376 1322/1190/376 1357/1214/376
f 1356/1211/375 1355/1213/375 1357/1214/375 1358/1215/375
f 1357/1214/370 1322/1190/370 1360/1192/370 1359/1216/370
f 1358/1215/370 1357/1214/370 1359/1216/370 1362/1217/370
f 1360/1218/378 1396/1219/378 1361/1220/378 1359/1221/378
f 1359/1221/377 1361/1220/377 1363/1222/377 1362/1223/377
f 1362/1223/371 1363/1222/371 1365/1224/371 1364/1225/371
f 1367/1226/370 1358/1215/370 1362/1217/370 1364/1227/370
f 1364/1225/369 1365/1224/369 1400/1228/369 1366/1229/369
f 1368/1230/370 1367/1226/370 1364/1227/370 1366/1231/370
f 1369/1209/374 1356/1211/374 1358/1215/374 1367/1226/374
f 1370/1207/373 1369/1209/373 1367/1226/373 1368/1230/373
f 1356/1211/372 1369/1209/372 1348/1209/372 1351/1211/372
f 1369/1209/372 1370/1207/372 1345/1207/372 1348/1209/372
f 1370/1207/372 1371/1206/372 1343/1206/372 1345/1207/372
f 1371/1206/378 1370/1207/378 1368/1230/378 1372/1232/378
f 1371/1206/372 1327/1195/372 1330/1195/372 1343/1206/372
f 1327/1195/377 1371/1206/377 1372/1232/377 1323/1193/377
f 1372/1232/370 1368/1230/370 1366/1231/370 1373/1233/370
f 1323/1193/370 1372/1232/370 1373/1233/370 1375/1194/370
f 1366/1229/376 1400/1228/376 1374/1234/376 1373/1235/376
f 1373/1235/375 1374/1234/375 1376/1236/375 1375/1237/375
f 1375/1237/374 1376/1236/374 1377/1238/374 1324/1239/374
f 1380/1203/372 1378/1201/372 1376/1240/372 1374/1241/372
f 1378/1201/372 1379/1200/372 1377/1242/372 1376/1240/372
f 1379/1200/372 1378/1201/372 1381/1201/372 1382/1200/372
f 1378/1201/372 1380/1203/372 1383/1203/372 1381/1201/372
f 1382/1200/371 1381/1201/371 1338/1201/371 1335/1200/371
f 1381/1201/377 1383/1203/377 1340/1203/377 1338/1201/377
f 1383/1203/378 1384/1205/378 1387/1205/378 1340/1203/378
f 1380/1203/372 1385/1205/372 1384/1205/372 1383/1203/372
f 1385/1205/372 1399/1243/372 1386/1243/372 1384/1205/372
f 1384/1205/373 1386/1243/373 1388/1243/373 1387/1205/373
f 1347/1208/372 1341/1204/372 1387/1205/372 1388/1243/372
f 1386/1243/374 1390/1244/374 1389/1244/374 1388/1243/374
f 1350/1210/372 1347/1208/372 1388/1243/372 1389/1244/372
f 1390/1244/375 1392/1245/375 1391/1245/375 1389/1244/375
f 1353/1212/372 1350/1210/372 1389/1244/372 1391/1245/372
f 1392/1245/376 1394/1199/376 1393/1199/376 1391/1245/376
f 1336/1196/372 1353/1212/372 1391/1245/372 1393/1199/372
f 1394/1199/369 1382/1200/369 1335/1200/369 1393/1199/369
f 1397/1245/372 1395/1199/372 1394/1199/372 1392/1245/372
f 1395/1199/372 1379/1200/372 1382/1200/372 1394/1199/372
f 1395/1199/372 1397/1245/372 1361/1246/372 1396/1247/372
f 1379/1200/372 1395/1199/372 1396/1247/372 1377/1242/372
f 1397/1245/372 1398/1244/372 1363/1248/372 1361/1246/372
f 1398/1244/372 1397/1245/372 1392/1245/372 1390/1244/372
f 1398/1244/372 1399/1243/372 1365/1249/372 1363/1248/372
f 1399/1243/372 1398/1244/372 1390/1244/372 1386/1243/372
f 1399/1243/372 1385/1205/372 1400/1250/372 1365/1249/372
f 1324/1251/373 1377/1252/373 1396/1219/373 1360/1218/373
f 1385/1205/372 1380/1203/372 1374/1241/372 1400/1250/372
o Cylinder.018
v 0.000000 1.119201 -0.056115
v 0.039679 1.119201 -0.039679
v -0.039679 1.119201 -0.039679
v 0.000000 1.119201 -0.259088
v 0.000000 1.129613 -0.056115
v 0.039679 1.129613 -0.039679
v -0.039679 1.129613 -0.039679
v 0.000000 1.129613 -0.056115
v 0.039679 1.129613 -0.039679
v -0.039679 1.129613 -0.039679
v 0.000000 1.129613 -0.067455
v 0.047698 1.129613 -0.047698
v -0.047698 1.129613 -0.047698
v 0.000000 1.127937 -0.067455
v 0.000000 1.127937 -0.140086
v 0.047698 1.127937 -0.047698
v -0.047698 1.127937 -0.047698
v -0.099056 1.127937 -0.099056
v -0.067455 1.127937 0.000000
v -0.140086 1.127937 0.000000
v -0.047698 1.127937 0.047698
v -0.067455 1.129613 0.000000
v -0.056115 1.129613 0.000000
v -0.047698 1.129613 0.047698
v -0.039679 1.129613 0.039679
v 0.000000 1.129613 0.067455
v 0.000000 1.127937 0.067455
v 0.000000 1.129613 0.056115
v 0.047698 1.129613 0.047698
v 0.047698 1.127937 0.047698
v 0.039679 1.129613 0.039679
v 0.067455 1.129613 0.000000
v 0.067455 1.127937 0.000000
v 0.056115 1.129613 0.000000
v 0.056115 1.129613 0.000000
v 0.039679 1.129613 0.039679
v 0.056115 1.119201 0.000000
v 0.039679 1.119201 0.039679
v 0.259088 1.119201 0.000000
v 0.183203 1.119201 -0.183203
v 0.259088 1.129613 0.000000
v 0.183203 1.119201 0.183203
v 0.183203 1.129613 0.183203
v 0.000000 1.119201 0.259088
v 0.000000 1.129613 0.259088
v -0.183203 1.119201 0.183203
v 0.000000 1.119201 0.056115
v -0.039679 1.119201 0.039679
v 0.000000 1.129613 0.056115
v -0.039679 1.129613 0.039679
v -0.056115 1.129613 0.000000
v -0.056115 1.119201 0.000000
v -0.259088 1.119201 0.000000
v -0.259088 1.129613 0.000000
v -0.183203 1.119201 -0.183203
v -0.183203 1.129613 -0.183203
v 0.000000 1.129613 -0.259088
v -0.099056 1.129613 -0.099056
v 0.000000 1.129613 -0.140086
v -0.140086 1.129613 0.000000
v -0.099056 1.129613 -0.099056
v 0.000000 1.129613 -0.140086
v -0.140086 1.129613 0.000000
v -0.099056 1.129613 0.099056
v -0.099056 1.129613 0.099056
v 0.000000 1.129613 0.140086
v -0.099056 1.127937 0.099056
v 0.000000 1.127937 0.140086
v 0.099056 1.127937 0.099056
v 0.099056 1.129613 0.099056
v 0.140086 1.127937 0.000000
v 0.140086 1.129613 0.000000
v 0.099056 1.127937 -0.099056
v 0.099056 1.129613 -0.099056
v 0.099056 1.129613 -0.099056
v 0.183203 1.129613 -0.183203
v 0.140086 1.129613 0.000000
v 0.099056 1.129613 0.099056
v 0.000000 1.129613 0.140086
v -0.183203 1.129613 0.183203
vn -0.3827 -0.0000 0.9239
vn -0.0000 -1.0000 -0.0000
vn 0.3827 -0.0000 0.9239
vn -0.0000 1.0000 -0.0000
vn 0.3827 -0.0000 -0.9239
vn -0.3827 -0.0000 -0.9239
vn -0.9239 -0.0000 -0.3827
vn -0.9239 -0.0000 0.3827
vn 0.9239 -0.0000 0.3827
vn 0.9239 -0.0000 -0.3827
vt 0.286756 0.286756
vt 0.250000 0.301981
vt 0.750000 0.301981
vt 0.786756 0.286756
vt 0.750000 0.490000
vt 0.919706 0.419706
vt 0.713244 0.286756
vt 0.580294 0.419706
vt 0.213244 0.286756
vt 0.294184 0.294184
vt 0.250000 0.312486
vt 0.205816 0.294184
vt 0.341758 0.341758
vt 0.250000 0.379765
vt 0.158242 0.341758
vt 0.187514 0.250000
vt 0.120235 0.250000
vt 0.205816 0.205816
vt 0.158242 0.158242
vt 0.198019 0.250000
vt 0.213244 0.213244
vt 0.250000 0.187514
vt 0.250000 0.198019
vt 0.294184 0.205816
vt 0.286756 0.213244
vt 0.312486 0.250000
vt 0.301981 0.250000
vt 0.801981 0.250000
vt 0.786756 0.213244
vt 0.990000 0.250000
vt 0.919706 0.080294
vt 0.875000 0.500000
vt 0.875000 1.000000
vt 0.750000 1.000000
vt 0.750000 0.500000
vt 0.625000 1.000000
vt 0.625000 0.500000
vt 0.500000 1.000000
vt 0.500000 0.500000
vt 0.750000 0.198019
vt 0.750000 0.010000
vt 0.375000 1.000000
vt 0.375000 0.500000
vt 0.713244 0.213244
vt 0.580294 0.080294
vt 0.698019 0.250000
vt 0.510000 0.250000
vt 0.250000 1.000000
vt 0.250000 0.500000
vt 0.125000 1.000000
vt 0.125000 0.500000
vt 0.000000 1.000000
vt 0.000000 0.500000
vt 0.080294 0.419706
vt 0.010000 0.250000
vt 0.250000 0.490000
vt 0.250000 0.120235
vt 0.341758 0.158242
vt 0.379765 0.250000
vt 0.490000 0.250000
vt 0.419706 0.419706
vt 0.419706 0.080294
vt 0.250000 0.010000
vt 0.080294 0.080294
vt 1.000000 0.500000
vt 1.000000 1.000000
s 0
f 1406/1253/379 1405/1254/379 1401/1255/379 1402/1256/379
f 1402/1256/380 1401/1255/380 1404/1257/380 1440/1258/380
f 1401/1255/380 1403/1259/380 1455/1260/380 1404/1257/380
f 1405/1254/381 1407/1261/381 1403/1259/381 1401/1255/381
f 1405/1254/382 1406/1253/382 1409/1253/382 1408/1254/382
f 1407/1261/382 1405/1254/382 1408/1254/382 1410/1261/382
f 1408/1254/382 1409/1253/382 1412/1262/382 1411/1263/382
f 1410/1261/382 1408/1254/382 1411/1263/382 1413/1264/382
f 1411/1263/383 1412/1262/383 1416/1262/383 1414/1263/383
f 1413/1264/384 1411/1263/384 1414/1263/384 1417/1264/384
f 1414/1263/382 1416/1262/382 1473/1265/382 1415/1266/382
f 1417/1264/382 1414/1263/382 1415/1266/382 1418/1267/382
f 1419/1268/382 1417/1264/382 1418/1267/382 1420/1269/382
f 1422/1268/385 1413/1264/385 1417/1264/385 1419/1268/385
f 1421/1270/382 1419/1268/382 1420/1269/382 1467/1271/382
f 1424/1270/386 1422/1268/386 1419/1268/386 1421/1270/386
f 1423/1272/382 1410/1261/382 1413/1264/382 1422/1268/382
f 1425/1273/382 1423/1272/382 1422/1268/382 1424/1270/382
f 1426/1274/379 1424/1270/379 1421/1270/379 1427/1274/379
f 1428/1275/382 1425/1273/382 1424/1270/382 1426/1274/382
f 1429/1276/381 1426/1274/381 1427/1274/381 1430/1276/381
f 1431/1277/382 1428/1275/382 1426/1274/382 1429/1276/382
f 1432/1278/387 1429/1276/387 1430/1276/387 1433/1278/387
f 1434/1279/382 1431/1277/382 1429/1276/382 1432/1278/382
f 1412/1262/388 1432/1278/388 1433/1278/388 1416/1262/388
f 1409/1253/382 1434/1279/382 1432/1278/382 1412/1262/382
f 1406/1253/382 1435/1279/382 1434/1279/382 1409/1253/382
f 1435/1279/382 1436/1277/382 1431/1277/382 1434/1279/382
f 1435/1279/386 1406/1253/386 1402/1256/386 1437/1280/386
f 1436/1277/385 1435/1279/385 1437/1280/385 1438/1281/385
f 1437/1280/380 1402/1256/380 1440/1258/380 1439/1282/380
f 1438/1281/380 1437/1280/380 1439/1282/380 1442/1283/380
f 1440/1284/388 1476/1285/388 1441/1286/388 1439/1287/388
f 1439/1287/387 1441/1286/387 1443/1288/387 1442/1289/387
f 1442/1289/381 1443/1288/381 1445/1290/381 1444/1291/381
f 1447/1292/380 1438/1281/380 1442/1283/380 1444/1293/380
f 1444/1291/379 1445/1290/379 1480/1294/379 1446/1295/379
f 1448/1296/380 1447/1292/380 1444/1293/380 1446/1297/380
f 1449/1275/384 1436/1277/384 1438/1281/384 1447/1292/384
f 1450/1273/383 1449/1275/383 1447/1292/383 1448/1296/383
f 1436/1277/382 1449/1275/382 1428/1275/382 1431/1277/382
f 1449/1275/382 1450/1273/382 1425/1273/382 1428/1275/382
f 1450/1273/382 1451/1272/382 1423/1272/382 1425/1273/382
f 1451/1272/388 1450/1273/388 1448/1296/388 1452/1298/388
f 1451/1272/382 1407/1261/382 1410/1261/382 1423/1272/382
f 1407/1261/387 1451/1272/387 1452/1298/387 1403/1259/387
f 1452/1298/380 1448/1296/380 1446/1297/380 1453/1299/380
f 1403/1259/380 1452/1298/380 1453/1299/380 1455/1260/380
f 1446/1295/386 1480/1294/386 1454/1300/386 1453/1301/386
f 1453/1301/385 1454/1300/385 1456/1302/385 1455/1303/385
f 1455/1303/384 1456/1302/384 1457/1304/384 1404/1305/384
f 1460/1269/382 1458/1267/382 1456/1306/382 1454/1307/382
f 1458/1267/382 1459/1266/382 1457/1308/382 1456/1306/382
f 1459/1266/382 1458/1267/382 1461/1267/382 1462/1266/382
f 1458/1267/382 1460/1269/382 1463/1269/382 1461/1267/382
f 1462/1266/381 1461/1267/381 1418/1267/381 1415/1266/381
f 1461/1267/387 1463/1269/387 1420/1269/387 1418/1267/387
f 1463/1269/388 1464/1271/388 1467/1271/388 1420/1269/388
f 1460/1269/382 1465/1271/382 1464/1271/382 1463/1269/382
f 1465/1271/382 1479/1309/382 1466/1309/382 1464/1271/382
f 1464/1271/383 1466/1309/383 1468/1309/383 1467/1271/383
f 1427/1274/382 1421/1270/382 1467/1271/382 1468/1309/382
f 1466/1309/384 1470/1310/384 1469/1310/384 1468/1309/384
f 1430/1276/382 1427/1274/382 1468/1309/382 1469/1310/382
f 1470/1310/385 1472/1311/385 1471/1311/385 1469/1310/385
f 1433/1278/382 1430/1276/382 1469/1310/382 1471/1311/382
f 1472/1311/386 1474/1265/386 1473/1265/386 1471/1311/386
f 1416/1262/382 1433/1278/382 1471/1311/382 1473/1265/382
f 1474/1265/379 1462/1266/379 1415/1266/379 1473/1265/379
f 1477/1311/382 1475/1265/382 1474/1265/382 1472/1311/382
f 1475/1265/382 1459/1266/382 1462/1266/382 1474/1265/382
f 1475/1265/382 1477/1311/382 1441/1312/382 1476/1313/382
f 1459/1266/382 1475/1265/382 1476/1313/382 1457/1308/382
f 1477/1311/382 1478/1310/382 1443/1314/382 1441/1312/382
f 1478/1310/382 1477/1311/382 1472/1311/382 1470/1310/382
f 1478/1310/382 1479/1309/382 1445/1315/382 1443/1314/382
f 1479/1309/382 1478/1310/382 1470/1310/382 1466/1309/382
f 1479/1309/382 1465/1271/382 1480/1316/382 1445/1315/382
f 1404/1317/383 1457/1318/383 1476/1285/383 1440/1284/383
f 1465/1271/382 1460/1269/382 1454/1307/382 1480/1316/382
o Cylinder.019
v 0.000000 1.134819 -0.056115
v 0.039679 1.134819 -0.039679
v -0.039679 1.134819 -0.039679
v 0.000000 1.134819 -0.259088
v 0.000000 1.145231 -0.056115
v 0.039679 1.145231 -0.039679
v -0.039679 1.145231 -0.039679
v 0.000000 1.145231 -0.056115
v 0.039679 1.145231 -0.039679
v -0.039679 1.145231 -0.039679
v 0.000000 1.145231 -0.067455
v 0.047698 1.145231 -0.047698
v -0.047698 1.145231 -0.047698
v 0.000000 1.143555 -0.067455
v 0.000000 1.143555 -0.140086
v 0.047698 1.143555 -0.047698
v -0.047698 1.143555 -0.047698
v -0.099056 1.143555 -0.099056
v -0.067455 1.143555 0.000000
v -0.140086 1.143555 0.000000
v -0.047698 1.143555 0.047698
v -0.067455 1.145231 0.000000
v -0.056115 1.145231 0.000000
v -0.047698 1.145231 0.047698
v -0.039679 1.145231 0.039679
v 0.000000 1.145231 0.067455
v 0.000000 1.143555 0.067455
v 0.000000 1.145231 0.056115
v 0.047698 1.145231 0.047698
v 0.047698 1.143555 0.047698
v 0.039679 1.145231 0.039679
v 0.067455 1.145231 0.000000
v 0.067455 1.143555 0.000000
v 0.056115 1.145231 0.000000
v 0.056115 1.145231 0.000000
v 0.039679 1.145231 0.039679
v 0.056115 1.134819 0.000000
v 0.039679 1.134819 0.039679
v 0.259088 1.134819 0.000000
v 0.183203 1.134819 -0.183203
v 0.259088 1.145231 0.000000
v 0.183203 1.134819 0.183203
v 0.183203 1.145231 0.183203
v 0.000000 1.134819 0.259088
v 0.000000 1.145231 0.259088
v -0.183203 1.134819 0.183203
v 0.000000 1.134819 0.056115
v -0.039679 1.134819 0.039679
v 0.000000 1.145231 0.056115
v -0.039679 1.145231 0.039679
v -0.056115 1.145231 0.000000
v -0.056115 1.134819 0.000000
v -0.259088 1.134819 0.000000
v -0.259088 1.145231 0.000000
v -0.183203 1.134819 -0.183203
v -0.183203 1.145231 -0.183203
v 0.000000 1.145231 -0.259088
v -0.099056 1.145231 -0.099056
v 0.000000 1.145231 -0.140086
v -0.140086 1.145231 0.000000
v -0.099056 1.145231 -0.099056
v 0.000000 1.145231 -0.140086
v -0.140086 1.145231 0.000000
v -0.099056 1.145231 0.099056
v -0.099056 1.145231 0.099056
v 0.000000 1.145231 0.140086
v -0.099056 1.143555 0.099056
v 0.000000 1.143555 0.140086
v 0.099056 1.143555 0.099056
v 0.099056 1.145231 0.099056
v 0.140086 1.143555 0.000000
v 0.140086 1.145231 0.000000
v 0.099056 1.143555 -0.099056
v 0.099056 1.145231 -0.099056
v 0.099056 1.145231 -0.099056
v 0.183203 1.145231 -0.183203
v 0.140086 1.145231 0.000000
v 0.099056 1.145231 0.099056
v 0.000000 1.145231 0.140086
v -0.183203 1.145231 0.183203
vn -0.3827 -0.0000 0.9239
vn -0.0000 -1.0000 -0.0000
vn 0.3827 -0.0000 0.9239
vn -0.0000 1.0000 -0.0000
vn 0.3827 -0.0000 -0.9239
vn -0.3827 -0.0000 -0.9239
vn -0.9239 -0.0000 -0.3827
vn -0.9239 -0.0000 0.3827
vn 0.9239 -0.0000 0.3827
vn 0.9239 -0.0000 -0.3827
vt 0.286756 0.286756
vt 0.250000 0.301981
vt 0.750000 0.301981
vt 0.786756 0.286756
vt 0.750000 0.490000
vt 0.919706 0.419706
vt 0.713244 0.286756
vt 0.580294 0.419706
vt 0.213244 0.286756
vt 0.294184 0.294184
vt 0.250000 0.312486
vt 0.205816 0.294184
vt 0.341758 0.341758
vt 0.250000 0.379765
vt 0.158242 0.341758
vt 0.187514 0.250000
vt 0.120235 0.250000
vt 0.205816 0.205816
vt 0.158242 0.158242
vt 0.198019 0.250000
vt 0.213244 0.213244
vt 0.250000 0.187514
vt 0.250000 0.198019
vt 0.294184 0.205816
vt 0.286756 0.213244
vt 0.312486 0.250000
vt 0.301981 0.250000
vt 0.801981 0.250000
vt 0.786756 0.213244
vt 0.990000 0.250000
vt 0.919706 0.080294
vt 0.875000 0.500000
vt 0.875000 1.000000
vt 0.750000 1.000000
vt 0.750000 0.500000
vt 0.625000 1.000000
vt 0.625000 0.500000
vt 0.500000 1.000000
vt 0.500000 0.500000
vt 0.750000 0.198019
vt 0.750000 0.010000
vt 0.375000 1.000000
vt 0.375000 0.500000
vt 0.713244 0.213244
vt 0.580294 0.080294
vt 0.698019 0.250000
vt 0.510000 0.250000
vt 0.250000 1.000000
vt 0.250000 0.500000
vt 0.125000 1.000000
vt 0.125000 0.500000
vt 0.000000 1.000000
vt 0.000000 0.500000
vt 0.080294 0.419706
vt 0.010000 0.250000
vt 0.250000 0.490000
vt 0.250000 0.120235
vt 0.341758 0.158242
vt 0.379765 0.250000
vt 0.490000 0.250000
vt 0.419706 0.419706
vt 0.419706 0.080294
vt 0.250000 0.010000
vt 0.080294 0.080294
vt 1.000000 0.500000
vt 1.000000 1.000000
s 0
f 1486/1319/389 1485/1320/389 1481/1321/389 1482/1322/389
f 1482/1322/390 1481/1321/390 1484/1323/390 1520/1324/390
f 1481/1321/390 1483/1325/390 1535/1326/390 1484/1323/390
f 1485/1320/391 1487/1327/391 1483/1325/391 1481/1321/391
f 1485/1320/392 1486/1319/392 1489/1319/392 1488/1320/392
f 1487/1327/392 1485/1320/392 1488/1320/392 1490/1327/392
f 1488/1320/392 1489/1319/392 1492/1328/392 1491/1329/392
f 1490/1327/392 1488/1320/392 1491/1329/392 1493/1330/392
f 1491/1329/393 1492/1328/393 1496/1328/393 1494/1329/393
f 1493/1330/394 1491/1329/394 1494/1329/394 1497/1330/394
f 1494/1329/392 1496/1328/392 1553/1331/392 1495/1332/392
f 1497/1330/392 1494/1329/392 1495/1332/392 1498/1333/392
f 1499/1334/392 1497/1330/392 1498/1333/392 1500/1335/392
f 1502/1334/395 1493/1330/395 1497/1330/395 1499/1334/395
f 1501/1336/392 1499/1334/392 1500/1335/392 1547/1337/392
f 1504/1336/396 1502/1334/396 1499/1334/396 1501/1336/396
f 1503/1338/392 1490/1327/392 1493/1330/392 1502/1334/392
f 1505/1339/392 1503/1338/392 1502/1334/392 1504/1336/392
f 1506/1340/389 1504/1336/389 1501/1336/389 1507/1340/389
f 1508/1341/392 1505/1339/392 1504/1336/392 1506/1340/392
f 1509/1342/391 1506/1340/391 1507/1340/391 1510/1342/391
f 1511/1343/392 1508/1341/392 1506/1340/392 1509/1342/392
f 1512/1344/397 1509/1342/397 1510/1342/397 1513/1344/397
f 1514/1345/392 1511/1343/392 1509/1342/392 1512/1344/392
f 1492/1328/398 1512/1344/398 1513/1344/398 1496/1328/398
f 1489/1319/392 1514/1345/392 1512/1344/392 1492/1328/392
f 1486/1319/392 1515/1345/392 1514/1345/392 1489/1319/392
f 1515/1345/392 1516/1343/392 1511/1343/392 1514/1345/392
f 1515/1345/396 1486/1319/396 1482/1322/396 1517/1346/396
f 1516/1343/395 1515/1345/395 1517/1346/395 1518/1347/395
f 1517/1346/390 1482/1322/390 1520/1324/390 1519/1348/390
f 1518/1347/390 1517/1346/390 1519/1348/390 1522/1349/390
f 1520/1350/398 1556/1351/398 1521/1352/398 1519/1353/398
f 1519/1353/397 1521/1352/397 1523/1354/397 1522/1355/397
f 1522/1355/391 1523/1354/391 1525/1356/391 1524/1357/391
f 1527/1358/390 1518/1347/390 1522/1349/390 1524/1359/390
f 1524/1357/389 1525/1356/389 1560/1360/389 1526/1361/389
f 1528/1362/390 1527/1358/390 1524/1359/390 1526/1363/390
f 1529/1341/394 1516/1343/394 1518/1347/394 1527/1358/394
f 1530/1339/393 1529/1341/393 1527/1358/393 1528/1362/393
f 1516/1343/392 1529/1341/392 1508/1341/392 1511/1343/392
f 1529/1341/392 1530/1339/392 1505/1339/392 1508/1341/392
f 1530/1339/392 1531/1338/392 1503/1338/392 1505/1339/392
f 1531/1338/398 1530/1339/398 1528/1362/398 1532/1364/398
f 1531/1338/392 1487/1327/392 1490/1327/392 1503/1338/392
f 1487/1327/397 1531/1338/397 1532/1364/397 1483/1325/397
f 1532/1364/390 1528/1362/390 1526/1363/390 1533/1365/390
f 1483/1325/390 1532/1364/390 1533/1365/390 1535/1326/390
f 1526/1361/396 1560/1360/396 1534/1366/396 1533/1367/396
f 1533/1367/395 1534/1366/395 1536/1368/395 1535/1369/395
f 1535/1369/394 1536/1368/394 1537/1370/394 1484/1371/394
f 1540/1335/392 1538/1333/392 1536/1372/392 1534/1373/392
f 1538/1333/392 1539/1332/392 1537/1374/392 1536/1372/392
f 1539/1332/392 1538/1333/392 1541/1333/392 1542/1332/392
f 1538/1333/392 1540/1335/392 1543/1335/392 1541/1333/392
f 1542/1332/391 1541/1333/391 1498/1333/391 1495/1332/391
f 1541/1333/397 1543/1335/397 1500/1335/397 1498/1333/397
f 1543/1335/398 1544/1337/398 1547/1337/398 1500/1335/398
f 1540/1335/392 1545/1337/392 1544/1337/392 1543/1335/392
f 1545/1337/392 1559/1375/392 1546/1375/392 1544/1337/392
f 1544/1337/393 1546/1375/393 1548/1375/393 1547/1337/393
f 1507/1340/392 1501/1336/392 1547/1337/392 1548/1375/392
f 1546/1375/394 1550/1376/394 1549/1376/394 1548/1375/394
f 1510/1342/392 1507/1340/392 1548/1375/392 1549/1376/392
f 1550/1376/395 1552/1377/395 1551/1377/395 1549/1376/395
f 1513/1344/392 1510/1342/392 1549/1376/392 1551/1377/392
f 1552/1377/396 1554/1331/396 1553/1331/396 1551/1377/396
f 1496/1328/392 1513/1344/392 1551/1377/392 1553/1331/392
f 1554/1331/389 1542/1332/389 1495/1332/389 1553/1331/389
f 1557/1377/392 1555/1331/392 1554/1331/392 1552/1377/392
f 1555/1331/392 1539/1332/392 1542/1332/392 1554/1331/392
f 1555/1331/392 1557/1377/392 1521/1378/392 1556/1379/392
f 1539/1332/392 1555/1331/392 1556/1379/392 1537/1374/392
f 1557/1377/392 1558/1376/392 1523/1380/392 1521/1378/392
f 1558/1376/392 1557/1377/392 1552/1377/392 1550/1376/392
f 1558/1376/392 1559/1375/392 1525/1381/392 1523/1380/392
f 1559/1375/392 1558/1376/392 1550/1376/392 1546/1375/392
f 1559/1375/392 1545/1337/392 1560/1382/392 1525/1381/392
f 1484/1383/393 1537/1384/393 1556/1351/393 1520/1350/393
f 1545/1337/392 1540/1335/392 1534/1373/392 1560/1382/392
o Cylinder.020
v 0.000000 1.150437 -0.056115
v 0.039679 1.150437 -0.039679
v -0.039679 1.150437 -0.039679
v 0.000000 1.150437 -0.259088
v 0.000000 1.160848 -0.056115
v 0.039679 1.160848 -0.039679
v -0.039679 1.160848 -0.039679
v 0.000000 1.160848 -0.056115
v 0.039679 1.160848 -0.039679
v -0.039679 1.160848 -0.039679
v 0.000000 1.160848 -0.067455
v 0.047698 1.160848 -0.047698
v -0.047698 1.160848 -0.047698
v 0.000000 1.159173 -0.067455
v 0.000000 1.159173 -0.140086
v 0.047698 1.159173 -0.047698
v -0.047698 1.159173 -0.047698
v -0.099056 1.159173 -0.099056
v -0.067455 1.159173 0.000000
v -0.140086 1.159173 0.000000
v -0.047698 1.159173 0.047698
v -0.067455 1.160848 0.000000
v -0.056115 1.160848 0.000000
v -0.047698 1.160848 0.047698
v -0.039679 1.160848 0.039679
v 0.000000 1.160848 0.067455
v 0.000000 1.159173 0.067455
v 0.000000 1.160848 0.056115
v 0.047698 1.160848 0.047698
v 0.047698 1.159173 0.047698
v 0.039679 1.160848 0.039679
v 0.067455 1.160848 0.000000
v 0.067455 1.159173 0.000000
v 0.056115 1.160848 0.000000
v 0.056115 1.160848 0.000000
v 0.039679 1.160848 0.039679
v 0.056115 1.150437 0.000000
v 0.039679 1.150437 0.039679
v 0.259088 1.150437 0.000000
v 0.183203 1.150437 -0.183203
v 0.259088 1.160848 0.000000
v 0.183203 1.150437 0.183203
v 0.183203 1.160848 0.183203
v 0.000000 1.150437 0.259088
v 0.000000 1.160848 0.259088
v -0.183203 1.150437 0.183203
v 0.000000 1.150437 0.056115
v -0.039679 1.150437 0.039679
v 0.000000 1.160848 0.056115
v -0.039679 1.160848 0.039679
v -0.056115 1.160848 0.000000
v -0.056115 1.150437 0.000000
v -0.259088 1.150437 0.000000
v -0.259088 1.160848 0.000000
v -0.183203 1.150437 -0.183203
v -0.183203 1.160848 -0.183203
v 0.000000 1.160848 -0.259088
v -0.099056 1.160848 -0.099056
v 0.000000 1.160848 -0.140086
v -0.140086 1.160848 0.000000
v -0.099056 1.160848 -0.099056
v 0.000000 1.160848 -0.140086
v -0.140086 1.160848 0.000000
v -0.099056 1.160848 0.099056
v -0.099056 1.160848 0.099056
v 0.000000 1.160848 0.140086
v -0.099056 1.159173 0.099056
v 0.000000 1.159173 0.140086
v 0.099056 1.159173 0.099056
v 0.099056 1.160848 0.099056
v 0.140086 1.159173 0.000000
v 0.140086 1.160848 0.000000
v 0.099056 1.159173 -0.099056
v 0.099056 1.160848 -0.099056
v 0.099056 1.160848 -0.099056
v 0.183203 1.160848 -0.183203
v 0.140086 1.160848 0.000000
v 0.099056 1.160848 0.099056
v 0.000000 1.160848 0.140086
v -0.183203 1.160848 0.183203
vn -0.3827 -0.0000 0.9239
vn -0.0000 -1.0000 -0.0000
vn 0.3827 -0.0000 0.9239
vn -0.0000 1.0000 -0.0000
vn 0.3827 -0.0000 -0.9239
vn -0.3827 -0.0000 -0.9239
vn -0.9239 -0.0000 -0.3827
vn -0.9239 -0.0000 0.3827
vn 0.9239 -0.0000 0.3827
vn 0.9239 -0.0000 -0.3827
vt 0.286756 0.286756
vt 0.250000 0.301981
vt 0.750000 0.301981
vt 0.786756 0.286756
vt 0.750000 0.490000
vt 0.919706 0.419706
vt 0.713244 0.286756
vt 0.580294 0.419706
vt 0.213244 0.286756
vt 0.294184 0.294184
vt 0.250000 0.312486
vt 0.205816 0.294184
vt 0.341758 0.341758
vt 0.250000 0.379765
vt 0.158242 0.341758
vt 0.187514 0.250000
vt 0.120235 0.250000
vt 0.205816 0.205816
vt 0.158242 0.158242
vt 0.198019 0.250000
vt 0.213244 0.213244
vt 0.250000 0.187514
vt 0.250000 0.198019
vt 0.294184 0.205816
vt 0.286756 0.213244
vt 0.312486 0.250000
vt 0.301981 0.250000
vt 0.801981 0.250000
vt 0.786756 0.213244
vt 0.990000 0.250000
vt 0.919706 0.080294
vt 0.875000 0.500000
vt 0.875000 1.000000
vt 0.750000 1.000000
vt 0.750000 0.500000
vt 0.625000 1.000000
vt 0.625000 0.500000
vt 0.500000 1.000000
vt 0.500000 0.500000
vt 0.750000 0.198019
vt 0.750000 0.010000
vt 0.375000 1.000000
vt 0.375000 0.500000
vt 0.713244 0.213244
vt 0.580294 0.080294
vt 0.698019 0.250000
vt 0.510000 0.250000
vt 0.250000 1.000000
vt 0.250000 0.500000
vt 0.125000 1.000000
vt 0.125000 0.500000
vt 0.000000 1.000000
vt 0.000000 0.500000
vt 0.080294 0.419706
vt 0.010000 0.250000
vt 0.250000 0.490000
vt 0.250000 0.120235
vt 0.341758 0.158242
vt 0.379765 0.250000
vt 0.490000 0.250000
vt 0.419706 0.419706
vt 0.419706 0.080294
vt 0.250000 0.010000
vt 0.080294 0.080294
vt 1.000000 0.500000
vt 1.000000 1.000000
s 0
f 1566/1385/399 1565/1386/399 1561/1387/399 1562/1388/399
f 1562/1388/400 1561/1387/400 1564/1389/400 1600/1390/400
f 1561/1387/400 1563/1391/400 1615/1392/400 1564/1389/400
f 1565/1386/401 1567/1393/401 1563/1391/401 1561/1387/401
f 1565/1386/402 1566/1385/402 1569/1385/402 1568/1386/402
f 1567/1393/402 1565/1386/402 1568/1386/402 1570/1393/402
f 1568/1386/402 1569/1385/402 1572/1394/402 1571/1395/402
f 1570/1393/402 1568/1386/402 1571/1395/402 1573/1396/402
f 1571/1395/403 1572/1394/403 1576/1394/403 1574/1395/403
f 1573/1396/404 1571/1395/404 1574/1395/404 1577/1396/404
f 1574/1395/402 1576/1394/402 1633/1397/402 1575/1398/402
f 1577/1396/402 1574/1395/402 1575/1398/402 1578/1399/402
f 1579/1400/402 1577/1396/402 1578/1399/402 1580/1401/402
f 1582/1400/405 1573/1396/405 1577/1396/405 1579/1400/405
f 1581/1402/402 1579/1400/402 1580/1401/402 1627/1403/402
f 1584/1402/406 1582/1400/406 1579/1400/406 1581/1402/406
f 1583/1404/402 1570/1393/402 1573/1396/402 1582/1400/402
f 1585/1405/402 1583/1404/402 1582/1400/402 1584/1402/402
f 1586/1406/399 1584/1402/399 1581/1402/399 1587/1406/399
f 1588/1407/402 1585/1405/402 1584/1402/402 1586/1406/402
f 1589/1408/401 1586/1406/401 1587/1406/401 1590/1408/401
f 1591/1409/402 1588/1407/402 1586/1406/402 1589/1408/402
f 1592/1410/407 1589/1408/407 1590/1408/407 1593/1410/407
f 1594/1411/402 1591/1409/402 1589/1408/402 1592/1410/402
f 1572/1394/408 1592/1410/408 1593/1410/408 1576/1394/408
f 1569/1385/402 1594/1411/402 1592/1410/402 1572/1394/402
f 1566/1385/402 1595/1411/402 1594/1411/402 1569/1385/402
f 1595/1411/402 1596/1409/402 1591/1409/402 1594/1411/402
f 1595/1411/406 1566/1385/406 1562/1388/406 1597/1412/406
f 1596/1409/405 1595/1411/405 1597/1412/405 1598/1413/405
f 1597/1412/400 1562/1388/400 1600/1390/400 1599/1414/400
f 1598/1413/400 1597/1412/400 1599/1414/400 1602/1415/400
f 1600/1416/408 1636/1417/408 1601/1418/408 1599/1419/408
f 1599/1419/407 1601/1418/407 1603/1420/407 1602/1421/407
f 1602/1421/401 1603/1420/401 1605/1422/401 1604/1423/401
f 1607/1424/400 1598/1413/400 1602/1415/400 1604/1425/400
f 1604/1423/399 1605/1422/399 1640/1426/399 1606/1427/399
f 1608/1428/400 1607/1424/400 1604/1425/400 1606/1429/400
f 1609/1407/404 1596/1409/404 1598/1413/404 1607/1424/404
f 1610/1405/403 1609/1407/403 1607/1424/403 1608/1428/403
f 1596/1409/402 1609/1407/402 1588/1407/402 1591/1409/402
f 1609/1407/402 1610/1405/402 1585/1405/402 1588/1407/402
f 1610/1405/402 1611/1404/402 1583/1404/402 1585/1405/402
f 1611/1404/408 1610/1405/408 1608/1428/408 1612/1430/408
f 1611/1404/402 1567/1393/402 1570/1393/402 1583/1404/402
f 1567/1393/407 1611/1404/407 1612/1430/407 1563/1391/407
f 1612/1430/400 1608/1428/400 1606/1429/400 1613/1431/400
f 1563/1391/400 1612/1430/400 1613/1431/400 1615/1392/400
f 1606/1427/406 1640/1426/406 1614/1432/406 1613/1433/406
f 1613/1433/405 1614/1432/405 1616/1434/405 1615/1435/405
f 1615/1435/404 1616/1434/404 1617/1436/404 1564/1437/404
f 1620/1401/402 1618/1399/402 1616/1438/402 1614/1439/402
f 1618/1399/402 1619/1398/402 1617/1440/402 1616/1438/402
f 1619/1398/402 1618/1399/402 1621/1399/402 1622/1398/402
f 1618/1399/402 1620/1401/402 1623/1401/402 1621/1399/402
f 1622/1398/401 1621/1399/401 1578/1399/401 1575/1398/401
f 1621/1399/407 1623/1401/407 1580/1401/407 1578/1399/407
f 1623/1401/408 1624/1403/408 1627/1403/408 1580/1401/408
f 1620/1401/402 1625/1403/402 1624/1403/402 1623/1401/402
f 1625/1403/402 1639/1441/402 1626/1441/402 1624/1403/402
f 1624/1403/403 1626/1441/403 1628/1441/403 1627/1403/403
f 1587/1406/402 1581/1402/402 1627/1403/402 1628/1441/402
f 1626/1441/404 1630/1442/404 1629/1442/404 1628/1441/404
f 1590/1408/402 1587/1406/402 1628/1441/402 1629/1442/402
f 1630/1442/405 1632/1443/405 1631/1443/405 1629/1442/405
f 1593/1410/402 1590/1408/402 1629/1442/402 1631/1443/402
f 1632/1443/406 1634/1397/406 1633/1397/406 1631/1443/406
f 1576/1394/402 1593/1410/402 1631/1443/402 1633/1397/402
f 1634/1397/399 1622/1398/399 1575/1398/399 1633/1397/399
f 1637/1443/402 1635/1397/402 1634/1397/402 1632/1443/402
f 1635/1397/402 1619/1398/402 1622/1398/402 1634/1397/402
f 1635/1397/402 1637/1443/402 1601/1444/402 1636/1445/402
f 1619/1398/402 1635/1397/402 1636/1445/402 1617/1440/402
f 1637/1443/402 1638/1442/402 1603/1446/402 1601/1444/402
f 1638/1442/402 1637/1443/402 1632/1443/402 1630/1442/402
f 1638/1442/402 1639/1441/402 1605/1447/402 1603/1446/402
f 1639/1441/402 1638/1442/402 1630/1442/402 1626/1441/402
f 1639/1441/402 1625/1403/402 1640/1448/402 1605/1447/402
f 1564/1449/403 1617/1450/403 1636/1417/403 1600/1416/403
f 1625/1403/402 1620/1401/402 1614/1439/402 1640/1448/402
o Cylinder.021
v 0.000000 1.166054 -0.056115
v 0.039679 1.166054 -0.039679
v -0.039679 1.166054 -0.039679
v 0.000000 1.166054 -0.259088
v 0.000000 1.176466 -0.056115
v 0.039679 1.176466 -0.039679
v -0.039679 1.176466 -0.039679
v 0.000000 1.176466 -0.056115
v 0.039679 1.176466 -0.039679
v -0.039679 1.176466 -0.039679
v 0.000000 1.176466 -0.067455
v 0.047698 1.176466 -0.047698
v -0.047698 1.176466 -0.047698
v 0.000000 1.174790 -0.067455
v 0.000000 1.174790 -0.140086
v 0.047698 1.174790 -0.047698
v -0.047698 1.174790 -0.047698
v -0.099056 1.174790 -0.099056
v -0.067455 1.174790 0.000000
v -0.140086 1.174790 0.000000
v -0.047698 1.174790 0.047698
v -0.067455 1.176466 0.000000
v -0.056115 1.176466 0.000000
v -0.047698 1.176466 0.047698
v -0.039679 1.176466 0.039679
v 0.000000 1.176466 0.067455
v 0.000000 1.174790 0.067455
v 0.000000 1.176466 0.056115
v 0.047698 1.176466 0.047698
v 0.047698 1.174790 0.047698
v 0.039679 1.176466 0.039679
v 0.067455 1.176466 0.000000
v 0.067455 1.174790 0.000000
v 0.056115 1.176466 0.000000
v 0.056115 1.176466 0.000000
v 0.039679 1.176466 0.039679
v 0.056115 1.166054 0.000000
v 0.039679 1.166054 0.039679
v 0.259088 1.166054 0.000000
v 0.183203 1.166054 -0.183203
v 0.259088 1.176466 0.000000
v 0.183203 1.166054 0.183203
v 0.183203 1.176466 0.183203
v 0.000000 1.166054 0.259088
v 0.000000 1.176466 0.259088
v -0.183203 1.166054 0.183203
v 0.000000 1.166054 0.056115
v -0.039679 1.166054 0.039679
v 0.000000 1.176466 0.056115
v -0.039679 1.176466 0.039679
v -0.056115 1.176466 0.000000
v -0.056115 1.166054 0.000000
v -0.259088 1.166054 0.000000
v -0.259088 1.176466 0.000000
v -0.183203 1.166054 -0.183203
v -0.183203 1.176466 -0.183203
v 0.000000 1.176466 -0.259088
v -0.099056 1.176466 -0.099056
v 0.000000 1.176466 -0.140086
v -0.140086 1.176466 0.000000
v -0.099056 1.176466 -0.099056
v 0.000000 1.176466 -0.140086
v -0.140086 1.176466 0.000000
v -0.099056 1.176466 0.099056
v -0.099056 1.176466 0.099056
v 0.000000 1.176466 0.140086
v -0.099056 1.174790 0.099056
v 0.000000 1.174790 0.140086
v 0.099056 1.174790 0.099056
v 0.099056 1.176466 0.099056
v 0.140086 1.174790 0.000000
v 0.140086 1.176466 0.000000
v 0.099056 1.174790 -0.099056
v 0.099056 1.176466 -0.099056
v 0.099056 1.176466 -0.099056
v 0.183203 1.176466 -0.183203
v 0.140086 1.176466 0.000000
v 0.099056 1.176466 0.099056
v 0.000000 1.176466 0.140086
v -0.183203 1.176466 0.183203
vn -0.3827 -0.0000 0.9239
vn -0.0000 -1.0000 -0.0000
vn 0.3827 -0.0000 0.9239
vn -0.0000 1.0000 -0.0000
vn 0.3827 -0.0000 -0.9239
vn -0.3827 -0.0000 -0.9239
vn -0.9239 -0.0000 -0.3827
vn -0.9239 -0.0000 0.3827
vn 0.9239 -0.0000 0.3827
vn 0.9239 -0.0000 -0.3827
vt 0.286756 0.286756
vt 0.250000 0.301981
vt 0.750000 0.301981
vt 0.786756 0.286756
vt 0.750000 0.490000
vt 0.919706 0.419706
vt 0.713244 0.286756
vt 0.580294 0.419706
vt 0.213244 0.286756
vt 0.294184 0.294184
vt 0.250000 0.312486
vt 0.205816 0.294184
vt 0.341758 0.341758
vt 0.250000 0.379765
vt 0.158242 0.341758
vt 0.187514 0.250000
vt 0.120235 0.250000
vt 0.205816 0.205816
vt 0.158242 0.158242
vt 0.198019 0.250000
vt 0.213244 0.213244
vt 0.250000 0.187514
vt 0.250000 0.198019
vt 0.294184 0.205816
vt 0.286756 0.213244
vt 0.312486 0.250000
vt 0.301981 0.250000
vt 0.801981 0.250000
vt 0.786756 0.213244
vt 0.990000 0.250000
vt 0.919706 0.080294
vt 0.875000 0.500000
vt 0.875000 1.000000
vt 0.750000 1.000000
vt 0.750000 0.500000
vt 0.625000 1.000000
vt 0.625000 0.500000
vt 0.500000 1.000000
vt 0.500000 0.500000
vt 0.750000 0.198019
vt 0.750000 0.010000
vt 0.375000 1.000000
vt 0.375000 0.500000
vt 0.713244 0.213244
vt 0.580294 0.080294
vt 0.698019 0.250000
vt 0.510000 0.250000
vt 0.250000 1.000000
vt 0.250000 0.500000
vt 0.125000 1.000000
vt 0.125000 0.500000
vt 0.000000 1.000000
vt 0.000000 0.500000
vt 0.080294 0.419706
vt 0.010000 0.250000
vt 0.250000 0.490000
vt 0.250000 0.120235
vt 0.341758 0.158242
vt 0.379765 0.250000
vt 0.490000 0.250000
vt 0.419706 0.419706
vt 0.419706 0.080294
vt 0.250000 0.010000
vt 0.080294 0.080294
vt 1.000000 0.500000
vt 1.000000 1.000000
s 0
f 1646/1451/409 1645/1452/409 1641/1453/409 1642/1454/409
f 1642/1454/410 1641/1453/410 1644/1455/410 1680/1456/410
f 1641/1453/410 1643/1457/410 1695/1458/410 1644/1455/410
f 1645/1452/411 1647/1459/411 1643/1457/411 1641/1453/411
f 1645/1452/412 1646/1451/412 1649/1451/412 1648/1452/412
f 1647/1459/412 1645/1452/412 1648/1452/412 1650/1459/412
f 1648/1452/412 1649/1451/412 1652/1460/412 1651/1461/412
f 1650/1459/412 1648/1452/412 1651/1461/412 1653/1462/412
f 1651/1461/413 1652/1460/413 1656/1460/413 1654/1461/413
f 1653/1462/414 1651/1461/414 1654/1461/414 1657/1462/414
f 1654/1461/412 1656/1460/412 1713/1463/412 1655/1464/412
f 1657/1462/412 1654/1461/412 1655/1464/412 1658/1465/412
f 1659/1466/412 1657/1462/412 1658/1465/412 1660/1467/412
f 1662/1466/415 1653/1462/415 1657/1462/415 1659/1466/415
f 1661/1468/412 1659/1466/412 1660/1467/412 1707/1469/412
f 1664/1468/416 1662/1466/416 1659/1466/416 1661/1468/416
f 1663/1470/412 1650/1459/412 1653/1462/412 1662/1466/412
f 1665/1471/412 1663/1470/412 1662/1466/412 1664/1468/412
f 1666/1472/409 1664/1468/409 1661/1468/409 1667/1472/409
f 1668/1473/412 1665/1471/412 1664/1468/412 1666/1472/412
f 1669/1474/411 1666/1472/411 1667/1472/411 1670/1474/411
f 1671/1475/412 1668/1473/412 1666/1472/412 1669/1474/412
f 1672/1476/417 1669/1474/417 1670/1474/417 1673/1476/417
f 1674/1477/412 1671/1475/412 1669/1474/412 1672/1476/412
f 1652/1460/418 1672/1476/418 1673/1476/418 1656/1460/418
f 1649/1451/412 1674/1477/412 1672/1476/412 1652/1460/412
f 1646/1451/412 1675/1477/412 1674/1477/412 1649/1451/412
f 1675/1477/412 1676/1475/412 1671/1475/412 1674/1477/412
f 1675/1477/416 1646/1451/416 1642/1454/416 1677/1478/416
f 1676/1475/415 1675/1477/415 1677/1478/415 1678/1479/415
f 1677/1478/410 1642/1454/410 1680/1456/410 1679/1480/410
f 1678/1479/410 1677/1478/410 1679/1480/410 1682/1481/410
f 1680/1482/418 1716/1483/418 1681/1484/418 1679/1485/418
f 1679/1485/417 1681/1484/417 1683/1486/417 1682/1487/417
f 1682/1487/411 1683/1486/411 1685/1488/411 1684/1489/411
f 1687/1490/410 1678/1479/410 1682/1481/410 1684/1491/410
f 1684/1489/409 1685/1488/409 1720/1492/409 1686/1493/409
f 1688/1494/410 1687/1490/410 1684/1491/410 1686/1495/410
f 1689/1473/414 1676/1475/414 1678/1479/414 1687/1490/414
f 1690/1471/413 1689/1473/413 1687/1490/413 1688/1494/413
f 1676/1475/412 1689/1473/412 1668/1473/412 1671/1475/412
f 1689/1473/412 1690/1471/412 1665/1471/412 1668/1473/412
f 1690/1471/412 1691/1470/412 1663/1470/412 1665/1471/412
f 1691/1470/418 1690/1471/418 1688/1494/418 1692/1496/418
f 1691/1470/412 1647/1459/412 1650/1459/412 1663/1470/412
f 1647/1459/417 1691/1470/417 1692/1496/417 1643/1457/417
f 1692/1496/410 1688/1494/410 1686/1495/410 1693/1497/410
f 1643/1457/410 1692/1496/410 1693/1497/410 1695/1458/410
f 1686/1493/416 1720/1492/416 1694/1498/416 1693/1499/416
f 1693/1499/415 1694/1498/415 1696/1500/415 1695/1501/415
f 1695/1501/414 1696/1500/414 1697/1502/414 1644/1503/414
f 1700/1467/412 1698/1465/412 1696/1504/412 1694/1505/412
f 1698/1465/412 1699/1464/412 1697/1506/412 1696/1504/412
f 1699/1464/412 1698/1465/412 1701/1465/412 1702/1464/412
f 1698/1465/412 1700/1467/412 1703/1467/412 1701/1465/412
f 1702/1464/411 1701/1465/411 1658/1465/411 1655/1464/411
f 1701/1465/417 1703/1467/417 1660/1467/417 1658/1465/417
f 1703/1467/418 1704/1469/418 1707/1469/418 1660/1467/418
f 1700/1467/412 1705/1469/412 1704/1469/412 1703/1467/412
f 1705/1469/412 1719/1507/412 1706/1507/412 1704/1469/412
f 1704/1469/413 1706/1507/413 1708/1507/413 1707/1469/413
f 1667/1472/412 1661/1468/412 1707/1469/412 1708/1507/412
f 1706/1507/414 1710/1508/414 1709/1508/414 1708/1507/414
f 1670/1474/412 1667/1472/412 1708/1507/412 1709/1508/412
f 1710/1508/415 1712/1509/415 1711/1509/415 1709/1508/415
f 1673/1476/412 1670/1474/412 1709/1508/412 1711/1509/412
f 1712/1509/416 1714/1463/416 1713/1463/416 1711/1509/416
f 1656/1460/412 1673/1476/412 1711/1509/412 1713/1463/412
f 1714/1463/409 1702/1464/409 1655/1464/409 1713/1463/409
f 1717/1509/412 1715/1463/412 1714/1463/412 1712/1509/412
f 1715/1463/412 1699/1464/412 1702/1464/412 1714/1463/412
f 1715/1463/412 1717/1509/412 1681/1510/412 1716/1511/412
f 1699/1464/412 1715/1463/412 1716/1511/412 1697/1506/412
f 1717/1509/412 1718/1508/412 1683/1512/412 1681/1510/412
f 1718/1508/412 1717/1509/412 1712/1509/412 1710/1508/412
f 1718/1508/412 1719/1507/412 1685/1513/412 1683/1512/412
f 1719/1507/412 1718/1508/412 1710/1508/412 1706/1507/412
f 1719/1507/412 1705/1469/412 1720/1514/412 1685/1513/412
f 1644/1515/413 1697/1516/413 1716/1483/413 1680/1482/413
f 1705/1469/412 1700/1467/412 1694/1505/412 1720/1514/412
o Cylinder.022
v 0.000000 1.181672 -0.056115
v 0.039679 1.181672 -0.039679
v -0.039679 1.181672 -0.039679
v 0.000000 1.181672 -0.259088
v 0.000000 1.192084 -0.056115
v 0.039679 1.192084 -0.039679
v -0.039679 1.192084 -0.039679
v 0.000000 1.192084 -0.056115
v 0.039679 1.192084 -0.039679
v -0.039679 1.192084 -0.039679
v 0.000000 1.192084 -0.067455
v 0.047698 1.192084 -0.047698
v -0.047698 1.192084 -0.047698
v 0.000000 1.190408 -0.067455
v 0.000000 1.190408 -0.140086
v 0.047698 1.190408 -0.047698
v -0.047698 1.190408 -0.047698
v -0.099056 1.190408 -0.099056
v -0.067455 1.190408 0.000000
v -0.140086 1.190408 0.000000
v -0.047698 1.190408 0.047698
v -0.067455 1.192084 0.000000
v -0.056115 1.192084 0.000000
v -0.047698 1.192084 0.047698
v -0.039679 1.192084 0.039679
v 0.000000 1.192084 0.067455
v 0.000000 1.190408 0.067455
v 0.000000 1.192084 0.056115
v 0.047698 1.192084 0.047698
v 0.047698 1.190408 0.047698
v 0.039679 1.192084 0.039679
v 0.067455 1.192084 0.000000
v 0.067455 1.190408 0.000000
v 0.056115 1.192084 0.000000
v 0.056115 1.192084 0.000000
v 0.039679 1.192084 0.039679
v 0.056115 1.181672 0.000000
v 0.039679 1.181672 0.039679
v 0.259088 1.181672 0.000000
v 0.183203 1.181672 -0.183203
v 0.259088 1.192084 0.000000
v 0.183203 1.181672 0.183203
v 0.183203 1.192084 0.183203
v 0.000000 1.181672 0.259088
v 0.000000 1.192084 0.259088
v -0.183203 1.181672 0.183203
v 0.000000 1.181672 0.056115
v -0.039679 1.181672 0.039679
v 0.000000 1.192084 0.056115
v -0.039679 1.192084 0.039679
v -0.056115 1.192084 0.000000
v -0.056115 1.181672 0.000000
v -0.259088 1.181672 0.000000
v -0.259088 1.192084 0.000000
v -0.183203 1.181672 -0.183203
v -0.183203 1.192084 -0.183203
v 0.000000 1.192084 -0.259088
v -0.099056 1.192084 -0.099056
v 0.000000 1.192084 -0.140086
v -0.140086 1.192084 0.000000
v -0.099056 1.192084 -0.099056
v 0.000000 1.192084 -0.140086
v -0.140086 1.192084 0.000000
v -0.099056 1.192084 0.099056
v -0.099056 1.192084 0.099056
v 0.000000 1.192084 0.140086
v -0.099056 1.190408 0.099056
v 0.000000 1.190408 0.140086
v 0.099056 1.190408 0.099056
v 0.099056 1.192084 0.099056
v 0.140086 1.190408 0.000000
v 0.140086 1.192084 0.000000
v 0.099056 1.190408 -0.099056
v 0.099056 1.192084 -0.099056
v 0.099056 1.192084 -0.099056
v 0.183203 1.192084 -0.183203
v 0.140086 1.192084 0.000000
v 0.099056 1.192084 0.099056
v 0.000000 1.192084 0.140086
v -0.183203 1.192084 0.183203
vn -0.3827 -0.0000 0.9239
vn -0.0000 -1.0000 -0.0000
vn 0.3827 -0.0000 0.9239
vn -0.0000 1.0000 -0.0000
vn 0.3827 -0.0000 -0.9239
vn -0.3827 -0.0000 -0.9239
vn -0.9239 -0.0000 -0.3827
vn -0.9239 -0.0000 0.3827
vn 0.9239 -0.0000 0.3827
vn 0.9239 -0.0000 -0.3827
vt 0.286756 0.286756
vt 0.250000 0.301981
vt 0.750000 0.301981
vt 0.786756 0.286756
vt 0.750000 0.490000
vt 0.919706 0.419706
vt 0.713244 0.286756
vt 0.580294 0.419706
vt 0.213244 0.286756
vt 0.294184 0.294184
vt 0.250000 0.312486
vt 0.205816 0.294184
vt 0.341758 0.341758
vt 0.250000 0.379765
vt 0.158242 0.341758
vt 0.187514 0.250000
vt 0.120235 0.250000
vt 0.205816 0.205816
vt 0.158242 0.158242
vt 0.198019 0.250000
vt 0.213244 0.213244
vt 0.250000 0.187514
vt 0.250000 0.198019
vt 0.294184 0.205816
vt 0.286756 0.213244
vt 0.312486 0.250000
vt 0.301981 0.250000
vt 0.801981 0.250000
vt 0.786756 0.213244
vt 0.990000 0.250000
vt 0.919706 0.080294
vt 0.875000 0.500000
vt 0.875000 1.000000
vt 0.750000 1.000000
vt 0.750000 0.500000
vt 0.625000 1.000000
vt 0.625000 0.500000
vt 0.500000 1.000000
vt 0.500000 0.500000
vt 0.750000 0.198019
vt 0.750000 0.010000
vt 0.375000 1.000000
vt 0.375000 0.500000
vt 0.713244 0.213244
vt 0.580294 0.080294
vt 0.698019 0.250000
vt 0.510000 0.250000
vt 0.250000 1.000000
vt 0.250000 0.500000
vt 0.125000 1.000000
vt 0.125000 0.500000
vt 0.000000 1.000000
vt 0.000000 0.500000
vt 0.080294 0.419706
vt 0.010000 0.250000
vt 0.250000 0.490000
vt 0.250000 0.120235
vt 0.341758 0.158242
vt 0.379765 0.250000
vt 0.490000 0.250000
vt 0.419706 0.419706
vt 0.419706 0.080294
vt 0.250000 0.010000
vt 0.080294 0.080294
vt 1.000000 0.500000
vt 1.000000 1.000000
s 0
f 1726/1517/419 1725/1518/419 1721/1519/419 1722/1520/419
f 1722/1520/420 1721/1519/420 1724/1521/420 1760/1522/420
f 1721/1519/420 1723/1523/420 1775/1524/420 1724/1521/420
f 1725/1518/421 1727/1525/421 1723/1523/421 1721/1519/421
f 1725/1518/422 1726/1517/422 1729/1517/422 1728/1518/422
f 1727/1525/422 1725/1518/422 1728/1518/422 1730/1525/422
f 1728/1518/422 1729/1517/422 1732/1526/422 1731/1527/422
f 1730/1525/422 1728/1518/422 1731/1527/422 1733/1528/422
f 1731/1527/423 1732/1526/423 1736/1526/423 1734/1527/423
f 1733/1528/424 1731/1527/424 1734/1527/424 1737/1528/424
f 1734/1527/422 1736/1526/422 1793/1529/422 1735/1530/422
f 1737/1528/422 1734/1527/422 1735/1530/422 1738/1531/422
f 1739/1532/422 1737/1528/422 1738/1531/422 1740/1533/422
f 1742/1532/425 1733/1528/425 1737/1528/425 1739/1532/425
f 1741/1534/422 1739/1532/422 1740/1533/422 1787/1535/422
f 1744/1534/426 1742/1532/426 1739/1532/426 1741/1534/426
f 1743/1536/422 1730/1525/422 1733/1528/422 1742/1532/422
f 1745/1537/422 1743/1536/422 1742/1532/422 1744/1534/422
f 1746/1538/419 1744/1534/419 1741/1534/419 1747/1538/419
f 1748/1539/422 1745/1537/422 1744/1534/422 1746/1538/422
f 1749/1540/421 1746/1538/421 1747/1538/421 1750/1540/421
f 1751/1541/422 1748/1539/422 1746/1538/422 1749/1540/422
f 1752/1542/427 1749/1540/427 1750/1540/427 1753/1542/427
f 1754/1543/422 1751/1541/422 1749/1540/422 1752/1542/422
f 1732/1526/428 1752/1542/428 1753/1542/428 1736/1526/428
f 1729/1517/422 1754/1543/422 1752/1542/422 1732/1526/422
f 1726/1517/422 1755/1543/422 1754/1543/422 1729/1517/422
f 1755/1543/422 1756/1541/422 1751/1541/422 1754/1543/422
f 1755/1543/426 1726/1517/426 1722/1520/426 1757/1544/426
f 1756/1541/425 1755/1543/425 1757/1544/425 1758/1545/425
f 1757/1544/420 1722/1520/420 1760/1522/420 1759/1546/420
f 1758/1545/420 1757/1544/420 1759/1546/420 1762/1547/420
f 1760/1548/428 1796/1549/428 1761/1550/428 1759/1551/428
f 1759/1551/427 1761/1550/427 1763/1552/427 1762/1553/427
f 1762/1553/421 1763/1552/421 1765/1554/421 1764/1555/421
f 1767/1556/420 1758/1545/420 1762/1547/420 1764/1557/420
f 1764/1555/419 1765/1554/419 1800/1558/419 1766/1559/419
f 1768/1560/420 1767/1556/420 1764/1557/420 1766/1561/420
f 1769/1539/424 1756/1541/424 1758/1545/424 1767/1556/424
f 1770/1537/423 1769/1539/423 1767/1556/423 1768/1560/423
f 1756/1541/422 1769/1539/422 1748/1539/422 1751/1541/422
f 1769/1539/422 1770/1537/422 1745/1537/422 1748/1539/422
f 1770/1537/422 1771/1536/422 1743/1536/422 1745/1537/422
f 1771/1536/428 1770/1537/428 1768/1560/428 1772/1562/428
f 1771/1536/422 1727/1525/422 1730/1525/422 1743/1536/422
f 1727/1525/427 1771/1536/427 1772/1562/427 1723/1523/427
f 1772/1562/420 1768/1560/420 1766/1561/420 1773/1563/420
f 1723/1523/420 1772/1562/420 1773/1563/420 1775/1524/420
f 1766/1559/426 1800/1558/426 1774/1564/426 1773/1565/426
f 1773/1565/425 1774/1564/425 1776/1566/425 1775/1567/425
f 1775/1567/424 1776/1566/424 1777/1568/424 1724/1569/424
f 1780/1533/422 1778/1531/422 1776/1570/422 1774/1571/422
f 1778/1531/422 1779/1530/422 1777/1572/422 1776/1570/422
f 1779/1530/422 1778/1531/422 1781/1531/422 1782/1530/422
f 1778/1531/422 1780/1533/422 1783/1533/422 1781/1531/422
f 1782/1530/421 1781/1531/421 1738/1531/421 1735/1530/421
f 1781/1531/427 1783/1533/427 1740/1533/427 1738/1531/427
f 1783/1533/428 1784/1535/428 1787/1535/428 1740/1533/428
f 1780/1533/422 1785/1535/422 1784/1535/422 1783/1533/422
f 1785/1535/422 1799/1573/422 1786/1573/422 1784/1535/422
f 1784/1535/423 1786/1573/423 1788/1573/423 1787/1535/423
f 1747/1538/422 1741/1534/422 1787/1535/422 1788/1573/422
f 1786/1573/424 1790/1574/424 1789/1574/424 1788/1573/424
f 1750/1540/422 1747/1538/422 1788/1573/422 1789/1574/422
f 1790/1574/425 1792/1575/425 1791/1575/425 1789/1574/425
f 1753/1542/422 1750/1540/422 1789/1574/422 1791/1575/422
f 1792/1575/426 1794/1529/426 1793/1529/426 1791/1575/426
f 1736/1526/422 1753/1542/422 1791/1575/422 1793/1529/422
f 1794/1529/419 1782/1530/419 1735/1530/419 1793/1529/419
f 1797/1575/422 1795/1529/422 1794/1529/422 1792/1575/422
f 1795/1529/422 1779/1530/422 1782/1530/422 1794/1529/422
f 1795/1529/422 1797/1575/422 1761/1576/422 1796/1577/422
f 1779/1530/422 1795/1529/422 1796/1577/422 1777/1572/422
f 1797/1575/422 1798/1574/422 1763/1578/422 1761/1576/422
f 1798/1574/422 1797/1575/422 1792/1575/422 1790/1574/422
f 1798/1574/422 1799/1573/422 1765/1579/422 1763/1578/422
f 1799/1573/422 1798/1574/422 1790/1574/422 1786/1573/422
f 1799/1573/422 1785/1535/422 1800/1580/422 1765/1579/422
f 1724/1581/423 1777/1582/423 1796/1549/423 1760/1548/423
f 1785/1535/422 1780/1533/422 1774/1571/422 1800/1580/422
o Cylinder.023
v 0.000000 1.197290 -0.056115
v 0.039679 1.197290 -0.039679
v -0.039679 1.197290 -0.039679
v 0.000000 1.197290 -0.259088
v 0.000000 1.207702 -0.056115
v 0.039679 1.207702 -0.039679
v -0.039679 1.207702 -0.039679
v 0.000000 1.207702 -0.056115
v 0.039679 1.207702 -0.039679
v -0.039679 1.207702 -0.039679
v 0.000000 1.207702 -0.067455
v 0.047698 1.207702 -0.047698
v -0.047698 1.207702 -0.047698
v 0.000000 1.206026 -0.067455
v 0.000000 1.206026 -0.140086
v 0.047698 1.206026 -0.047698
v -0.047698 1.206026 -0.047698
v -0.099056 1.206026 -0.099056
v -0.067455 1.206026 0.000000
v -0.140086 1.206026 0.000000
v -0.047698 1.206026 0.047698
v -0.067455 1.207702 0.000000
v -0.056115 1.207702 0.000000
v -0.047698 1.207702 0.047698
v -0.039679 1.207702 0.039679
v 0.000000 1.207702 0.067455
v 0.000000 1.206026 0.067455
v 0.000000 1.207702 0.056115
v 0.047698 1.207702 0.047698
v 0.047698 1.206026 0.047698
v 0.039679 1.207702 0.039679
v 0.067455 1.207702 0.000000
v 0.067455 1.206026 0.000000
v 0.056115 1.207702 0.000000
v 0.056115 1.207702 0.000000
v 0.039679 1.207702 0.039679
v 0.056115 1.197290 0.000000
v 0.039679 1.197290 0.039679
v 0.259088 1.197290 0.000000
v 0.183203 1.197290 -0.183203
v 0.259088 1.207702 0.000000
v 0.183203 1.197290 0.183203
v 0.183203 1.207702 0.183203
v 0.000000 1.197290 0.259088
v 0.000000 1.207702 0.259088
v -0.183203 1.197290 0.183203
v 0.000000 1.197290 0.056115
v -0.039679 1.197290 0.039679
v 0.000000 1.207702 0.056115
v -0.039679 1.207702 0.039679
v -0.056115 1.207702 0.000000
v -0.056115 1.197290 0.000000
v -0.259088 1.197290 0.000000
v -0.259088 1.207702 0.000000
v -0.183203 1.197290 -0.183203
v -0.183203 1.207702 -0.183203
v 0.000000 1.207702 -0.259088
v -0.099056 1.207702 -0.099056
v 0.000000 1.207702 -0.140086
v -0.140086 1.207702 0.000000
v -0.099056 1.207702 -0.099056
v 0.000000 1.207702 -0.140086
v -0.140086 1.207702 0.000000
v -0.099056 1.207702 0.099056
v -0.099056 1.207702 0.099056
v 0.000000 1.207702 0.140086
v -0.099056 1.206026 0.099056
v 0.000000 1.206026 0.140086
v 0.099056 1.206026 0.099056
v 0.099056 1.207702 0.099056
v 0.140086 1.206026 0.000000
v 0.140086 1.207702 0.000000
v 0.099056 1.206026 -0.099056
v 0.099056 1.207702 -0.099056
v 0.099056 1.207702 -0.099056
v 0.183203 1.207702 -0.183203
v 0.140086 1.207702 0.000000
v 0.099056 1.207702 0.099056
v 0.000000 1.207702 0.140086
v -0.183203 1.207702 0.183203
vn -0.3827 -0.0000 0.9239
vn -0.0000 -1.0000 -0.0000
vn 0.3827 -0.0000 0.9239
vn -0.0000 1.0000 -0.0000
vn 0.3827 -0.0000 -0.9239
vn -0.3827 -0.0000 -0.9239
vn -0.9239 -0.0000 -0.3827
vn -0.9239 -0.0000 0.3827
vn 0.9239 -0.0000 0.3827
vn 0.9239 -0.0000 -0.3827
vt 0.286756 0.286756
vt 0.250000 0.301981
vt 0.750000 0.301981
vt 0.786756 0.286756
vt 0.750000 0.490000
vt 0.919706 0.419706
vt 0.713244 0.286756
vt 0.580294 0.419706
vt 0.213244 0.286756
vt 0.294184 0.294184
vt 0.250000 0.312486
vt 0.205816 0.294184
vt 0.341758 0.341758
vt 0.250000 0.379765
vt 0.158242 0.341758
vt 0.187514 0.250000
vt 0.120235 0.250000
vt 0.205816 0.205816
vt 0.158242 0.158242
vt 0.198019 0.250000
vt 0.213244 0.213244
vt 0.250000 0.187514
vt 0.250000 0.198019
vt 0.294184 0.205816
vt 0.286756 0.213244
vt 0.312486 0.250000
vt 0.301981 0.250000
vt 0.801981 0.250000
vt 0.786756 0.213244
vt 0.990000 0.250000
vt 0.919706 0.080294
vt 0.875000 0.500000
vt 0.875000 1.000000
vt 0.750000 1.000000
vt 0.750000 0.500000
vt 0.625000 1.000000
vt 0.625000 0.500000
vt 0.500000 1.000000
vt 0.500000 0.500000
vt 0.750000 0.198019
vt 0.750000 0.010000
vt 0.375000 1.000000
vt 0.375000 0.500000
vt 0.713244 0.213244
vt 0.580294 0.080294
vt 0.698019 0.250000
vt 0.510000 0.250000
vt 0.250000 1.000000
vt 0.250000 0.500000
vt 0.125000 1.000000
vt 0.125000 0.500000
vt 0.000000 1.000000
vt 0.000000 0.500000
vt 0.080294 0.419706
vt 0.010000 0.250000
vt 0.250000 0.490000
vt 0.250000 0.120235
vt 0.341758 0.158242
vt 0.379765 0.250000
vt 0.490000 0.250000
vt 0.419706 0.419706
vt 0.419706 0.080294
vt 0.250000 0.010000
vt 0.080294 0.080294
vt 1.000000 0.500000
vt 1.000000 1.000000
s 0
f 1806/1583/429 1805/1584/429 1801/1585/429 1802/1586/429
f 1802/1586/430 1801/1585/430 1804/1587/430 1840/1588/430
f 1801/1585/430 1803/1589/430 1855/1590/430 1804/1587/430
f 1805/1584/431 1807/1591/431 1803/1589/431 1801/1585/431
f 1805/1584/432 1806/1583/432 1809/1583/432 1808/1584/432
f 1807/1591/432 1805/1584/432 1808/1584/432 1810/1591/432
f 1808/1584/432 1809/1583/432 1812/1592/432 1811/1593/432
f 1810/1591/432 1808/1584/432 1811/1593/432 1813/1594/432
f 1811/1593/433 1812/1592/433 1816/1592/433 1814/1593/433
f 1813/1594/434 1811/1593/434 1814/1593/434 1817/1594/434
f 1814/1593/432 1816/1592/432 1873/1595/432 1815/1596/432
f 1817/1594/432 1814/1593/432 1815/1596/432 1818/1597/432
f 1819/1598/432 1817/1594/432 1818/1597/432 1820/1599/432
f 1822/1598/435 1813/1594/435 1817/1594/435 1819/1598/435
f 1821/1600/432 1819/1598/432 1820/1599/432 1867/1601/432
f 1824/1600/436 1822/1598/436 1819/1598/436 1821/1600/436
f 1823/1602/432 1810/1591/432 1813/1594/432 1822/1598/432
f 1825/1603/432 1823/1602/432 1822/1598/432 1824/1600/432
f 1826/1604/429 1824/1600/429 1821/1600/429 1827/1604/429
f 1828/1605/432 1825/1603/432 1824/1600/432 1826/1604/432
f 1829/1606/431 1826/1604/431 1827/1604/431 1830/1606/431
f 1831/1607/432 1828/1605/432 1826/1604/432 1829/1606/432
f 1832/1608/437 1829/1606/437 1830/1606/437 1833/1608/437
f 1834/1609/432 1831/1607/432 1829/1606/432 1832/1608/432
f 1812/1592/438 1832/1608/438 1833/1608/438 1816/1592/438
f 1809/1583/432 1834/1609/432 1832/1608/432 1812/1592/432
f 1806/1583/432 1835/1609/432 1834/1609/432 1809/1583/432
f 1835/1609/432 1836/1607/432 1831/1607/432 1834/1609/432
f 1835/1609/436 1806/1583/436 1802/1586/436 1837/1610/436
f 1836/1607/435 1835/1609/435 1837/1610/435 1838/1611/435
f 1837/1610/430 1802/1586/430 1840/1588/430 1839/1612/430
f 1838/1611/430 1837/1610/430 1839/1612/430 1842/1613/430
f 1840/1614/438 1876/1615/438 1841/1616/438 1839/1617/438
f 1839/1617/437 1841/1616/437 1843/1618/437 1842/1619/437
f 1842/1619/431 1843/1618/431 1845/1620/431 1844/1621/431
f 1847/1622/430 1838/1611/430 1842/1613/430 1844/1623/430
f 1844/1621/429 1845/1620/429 1880/1624/429 1846/1625/429
f 1848/1626/430 1847/1622/430 1844/1623/430 1846/1627/430
f 1849/1605/434 1836/1607/434 1838/1611/434 1847/1622/434
f 1850/1603/433 1849/1605/433 1847/1622/433 1848/1626/433
f 1836/1607/432 1849/1605/432 1828/1605/432 1831/1607/432
f 1849/1605/432 1850/1603/432 1825/1603/432 1828/1605/432
f 1850/1603/432 1851/1602/432 1823/1602/432 1825/1603/432
f 1851/1602/438 1850/1603/438 1848/1626/438 1852/1628/438
f 1851/1602/432 1807/1591/432 1810/1591/432 1823/1602/432
f 1807/1591/437 1851/1602/437 1852/1628/437 1803/1589/437
f 1852/1628/430 1848/1626/430 1846/1627/430 1853/1629/430
f 1803/1589/430 1852/1628/430 1853/1629/430 1855/1590/430
f 1846/1625/436 1880/1624/436 1854/1630/436 1853/1631/436
f 1853/1631/435 1854/1630/435 1856/1632/435 1855/1633/435
f 1855/1633/434 1856/1632/434 1857/1634/434 1804/1635/434
f 1860/1599/432 1858/1597/432 1856/1636/432 1854/1637/432
f 1858/1597/432 1859/1596/432 1857/1638/432 1856/1636/432
f 1859/1596/432 1858/1597/432 1861/1597/432 1862/1596/432
f 1858/1597/432 1860/1599/432 1863/1599/432 1861/1597/432
f 1862/1596/431 1861/1597/431 1818/1597/431 1815/1596/431
f 1861/1597/437 1863/1599/437 1820/1599/437 1818/1597/437
f 1863/1599/438 1864/1601/438 1867/1601/438 1820/1599/438
f 1860/1599/432 1865/1601/432 1864/1601/432 1863/1599/432
f 1865/1601/432 1879/1639/432 1866/1639/432 1864/1601/432
f 1864/1601/433 1866/1639/433 1868/1639/433 1867/1601/433
f 1827/1604/432 1821/1600/432 1867/1601/432 1868/1639/432
f 1866/1639/434 1870/1640/434 1869/1640/434 1868/1639/434
f 1830/1606/432 1827/1604/432 1868/1639/432 1869/1640/432
f 1870/1640/435 1872/1641/435 1871/1641/435 1869/1640/435
f 1833/1608/432 1830/1606/432 1869/1640/432 1871/1641/432
f 1872/1641/436 1874/1595/436 1873/1595/436 1871/1641/436
f 1816/1592/432 1833/1608/432 1871/1641/432 1873/1595/432
f 1874/1595/429 1862/1596/429 1815/1596/429 1873/1595/429
f 1877/1641/432 1875/1595/432 1874/1595/432 1872/1641/432
f 1875/1595/432 1859/1596/432 1862/1596/432 1874/1595/432
f 1875/1595/432 1877/1641/432 1841/1642/432 1876/1643/432
f 1859/1596/432 1875/1595/432 1876/1643/432 1857/1638/432
f 1877/1641/432 1878/1640/432 1843/1644/432 1841/1642/432
f 1878/1640/432 1877/1641/432 1872/1641/432 1870/1640/432
f 1878/1640/432 1879/1639/432 1845/1645/432 1843/1644/432
f 1879/1639/432 1878/1640/432 1870/1640/432 1866/1639/432
f 1879/1639/432 1865/1601/432 1880/1646/432 1845/1645/432
f 1804/1647/433 1857/1648/433 1876/1615/433 1840/1614/433
f 1865/1601/432 1860/1599/432 1854/1637/432 1880/1646/432
o Cylinder.024
v 0.000000 1.212908 -0.056115
v 0.039679 1.212908 -0.039679
v -0.039679 1.212908 -0.039679
v 0.000000 1.212908 -0.259088
v 0.000000 1.223319 -0.056115
v 0.039679 1.223319 -0.039679
v -0.039679 1.223319 -0.039679
v 0.000000 1.223319 -0.056115
v 0.039679 1.223319 -0.039679
v -0.039679 1.223319 -0.039679
v 0.000000 1.223319 -0.067455
v 0.047698 1.223319 -0.047698
v -0.047698 1.223319 -0.047698
v 0.000000 1.221643 -0.067455
v 0.000000 1.221643 -0.140086
v 0.047698 1.221643 -0.047698
v -0.047698 1.221643 -0.047698
v -0.099056 1.221643 -0.099056
v -0.067455 1.221643 0.000000
v -0.140086 1.221643 0.000000
v -0.047698 1.221643 0.047698
v -0.067455 1.223319 0.000000
v -0.056115 1.223319 0.000000
v -0.047698 1.223319 0.047698
v -0.039679 1.223319 0.039679
v 0.000000 1.223319 0.067455
v 0.000000 1.221643 0.067455
v 0.000000 1.223319 0.056115
v 0.047698 1.223319 0.047698
v 0.047698 1.221643 0.047698
v 0.039679 1.223319 0.039679
v 0.067455 1.223319 0.000000
v 0.067455 1.221643 0.000000
v 0.056115 1.223319 0.000000
v 0.056115 1.223319 0.000000
v 0.039679 1.223319 0.039679
v 0.056115 1.212908 0.000000
v 0.039679 1.212908 0.039679
v 0.259088 1.212908 0.000000
v 0.183203 1.212908 -0.183203
v 0.259088 1.223319 0.000000
v 0.183203 1.212908 0.183203
v 0.183203 1.223319 0.183203
v 0.000000 1.212908 0.259088
v 0.000000 1.223319 0.259088
v -0.183203 1.212908 0.183203
v 0.000000 1.212908 0.056115
v -0.039679 1.212908 0.039679
v 0.000000 1.223319 0.056115
v -0.039679 1.223319 0.039679
v -0.056115 1.223319 0.000000
v -0.056115 1.212908 0.000000
v -0.259088 1.212908 0.000000
v -0.259088 1.223319 0.000000
v -0.183203 1.212908 -0.183203
v -0.183203 1.223319 -0.183203
v 0.000000 1.223319 -0.259088
v -0.099056 1.223319 -0.099056
v 0.000000 1.223319 -0.140086
v -0.140086 1.223319 0.000000
v -0.099056 1.223319 -0.099056
v 0.000000 1.223319 -0.140086
v -0.140086 1.223319 0.000000
v -0.099056 1.223319 0.099056
v -0.099056 1.223319 0.099056
v 0.000000 1.223319 0.140086
v -0.099056 1.221643 0.099056
v 0.000000 1.221643 0.140086
v 0.099056 1.221643 0.099056
v 0.099056 1.223319 0.099056
v 0.140086 1.221643 0.000000
v 0.140086 1.223319 0.000000
v 0.099056 1.221643 -0.099056
v 0.099056 1.223319 -0.099056
v 0.099056 1.223319 -0.099056
v 0.183203 1.223319 -0.183203
v 0.140086 1.223319 0.000000
v 0.099056 1.223319 0.099056
v 0.000000 1.223319 0.140086
v -0.183203 1.223319 0.183203
vn -0.3827 -0.0000 0.9239
vn -0.0000 -1.0000 -0.0000
vn 0.3827 -0.0000 0.9239
vn -0.0000 1.0000 -0.0000
vn 0.3827 -0.0000 -0.9239
vn -0.3827 -0.0000 -0.9239
vn -0.9239 -0.0000 -0.3827
vn -0.9239 -0.0000 0.3827
vn 0.9239 -0.0000 0.3827
vn 0.9239 -0.0000 -0.3827
vt 0.286756 0.286756
vt 0.250000 0.301981
vt 0.750000 0.301981
vt 0.786756 0.286756
vt 0.750000 0.490000
vt 0.919706 0.419706
vt 0.713244 0.286756
vt 0.580294 0.419706
vt 0.213244 0.286756
vt 0.294184 0.294184
vt 0.250000 0.312486
vt 0.205816 0.294184
vt 0.341758 0.341758
vt 0.250000 0.379765
vt 0.158242 0.341758
vt 0.187514 0.250000
vt 0.120235 0.250000
vt 0.205816 0.205816
vt 0.158242 0.158242
vt 0.198019 0.250000
vt 0.213244 0.213244
vt 0.250000 0.187514
vt 0.250000 0.198019
vt 0.294184 0.205816
vt 0.286756 0.213244
vt 0.312486 0.250000
vt 0.301981 0.250000
vt 0.801981 0.250000
vt 0.786756 0.213244
vt 0.990000 0.250000
vt 0.919706 0.080294
vt 0.875000 0.500000
vt 0.875000 1.000000
vt 0.750000 1.000000
vt 0.750000 0.500000
vt 0.625000 1.000000
vt 0.625000 0.500000
vt 0.500000 1.000000
vt 0.500000 0.500000
vt 0.750000 0.198019
vt 0.750000 0.010000
vt 0.375000 1.000000
vt 0.375000 0.500000
vt 0.713244 0.213244
vt 0.580294 0.080294
vt 0.698019 0.250000
vt 0.510000 0.250000
vt 0.250000 1.000000
vt 0.250000 0.500000
vt 0.125000 1.000000
vt 0.125000 0.500000
vt 0.000000 1.000000
vt 0.000000 0.500000
vt 0.080294 0.419706
vt 0.010000 0.250000
vt 0.250000 0.490000
vt 0.250000 0.120235
vt 0.341758 0.158242
vt 0.379765 0.250000
vt 0.490000 0.250000
vt 0.419706 0.419706
vt 0.419706 0.080294
vt 0.250000 0.010000
vt 0.080294 0.080294
vt 1.000000 0.500000
vt 1.000000 1.000000
s 0
f 1886/1649/439 1885/1650/439 1881/1651/439 1882/1652/439
f 1882/1652/440 1881/1651/440 1884/1653/440 1920/1654/440
f 1881/1651/440 1883/1655/440 1935/1656/440 1884/1653/440
f 1885/1650/441 1887/1657/441 1883/1655/441 1881/1651/441
f 1885/1650/442 1886/1649/442 1889/1649/442 1888/1650/442
f 1887/1657/442 1885/1650/442 1888/1650/442 1890/1657/442
f 1888/1650/442 1889/1649/442 1892/1658/442 1891/1659/442
f 1890/1657/442 1888/1650/442 1891/1659/442 1893/1660/442
f 1891/1659/443 1892/1658/443 1896/1658/443 1894/1659/443
f 1893/1660/444 1891/1659/444 1894/1659/444 1897/1660/444
f 1894/1659/442 1896/1658/442 1953/1661/442 1895/1662/442
f 1897/1660/442 1894/1659/442 1895/1662/442 1898/1663/442
f 1899/1664/442 1897/1660/442 1898/1663/442 1900/1665/442
f 1902/1664/445 1893/1660/445 1897/1660/445 1899/1664/445
f 1901/1666/442 1899/1664/442 1900/1665/442 1947/1667/442
f 1904/1666/446 1902/1664/446 1899/1664/446 1901/1666/446
f 1903/1668/442 1890/1657/442 1893/1660/442 1902/1664/442
f 1905/1669/442 1903/1668/442 1902/1664/442 1904/1666/442
f 1906/1670/439 1904/1666/439 1901/1666/439 1907/1670/439
f 1908/1671/442 1905/1669/442 1904/1666/442 1906/1670/442
f 1909/1672/441 1906/1670/441 1907/1670/441 1910/1672/441
f 1911/1673/442 1908/1671/442 1906/1670/442 1909/1672/442
f 1912/1674/447 1909/1672/447 1910/1672/447 1913/1674/447
f 1914/1675/442 1911/1673/442 1909/1672/442 1912/1674/442
f 1892/1658/448 1912/1674/448 1913/1674/448 1896/1658/448
f 1889/1649/442 1914/1675/442 1912/1674/442 1892/1658/442
f 1886/1649/442 1915/1675/442 1914/1675/442 1889/1649/442
f 1915/1675/442 1916/1673/442 1911/1673/442 1914/1675/442
f 1915/1675/446 1886/1649/446 1882/1652/446 1917/1676/446
f 1916/1673/445 1915/1675/445 1917/1676/445 1918/1677/445
f 1917/1676/440 1882/1652/440 1920/1654/440 1919/1678/440
f 1918/1677/440 1917/1676/440 1919/1678/440 1922/1679/440
f 1920/1680/448 1956/1681/448 1921/1682/448 1919/1683/448
f 1919/1683/447 1921/1682/447 1923/1684/447 1922/1685/447
f 1922/1685/441 1923/1684/441 1925/1686/441 1924/1687/441
f 1927/1688/440 1918/1677/440 1922/1679/440 1924/1689/440
f 1924/1687/439 1925/1686/439 1960/1690/439 1926/1691/439
f 1928/1692/440 1927/1688/440 1924/1689/440 1926/1693/440
f 1929/1671/444 1916/1673/444 1918/1677/444 1927/1688/444
f 1930/1669/443 1929/1671/443 1927/1688/443 1928/1692/443
f 1916/1673/442 1929/1671/442 1908/1671/442 1911/1673/442
f 1929/1671/442 1930/1669/442 1905/1669/442 1908/1671/442
f 1930/1669/442 1931/1668/442 1903/1668/442 1905/1669/442
f 1931/1668/448 1930/1669/448 1928/1692/448 1932/1694/448
f 1931/1668/442 1887/1657/442 1890/1657/442 1903/1668/442
f 1887/1657/447 1931/1668/447 1932/1694/447 1883/1655/447
f 1932/1694/440 1928/1692/440 1926/1693/440 1933/1695/440
f 1883/1655/440 1932/1694/440 1933/1695/440 1935/1656/440
f 1926/1691/446 1960/1690/446 1934/1696/446 1933/1697/446
f 1933/1697/445 1934/1696/445 1936/1698/445 1935/1699/445
f 1935/1699/444 1936/1698/444 1937/1700/444 1884/1701/444
f 1940/1665/442 1938/1663/442 1936/1702/442 1934/1703/442
f 1938/1663/442 1939/1662/442 1937/1704/442 1936/1702/442
f 1939/1662/442 1938/1663/442 1941/1663/442 1942/1662/442
f 1938/1663/442 1940/1665/442 1943/1665/442 1941/1663/442
f 1942/1662/441 1941/1663/441 1898/1663/441 1895/1662/441
f 1941/1663/447 1943/1665/447 1900/1665/447 1898/1663/447
f 1943/1665/448 1944/1667/448 1947/1667/448 1900/1665/448
f 1940/1665/442 1945/1667/442 1944/1667/442 1943/1665/442
f 1945/1667/442 1959/1705/442 1946/1705/442 1944/1667/442
f 1944/1667/443 1946/1705/443 1948/1705/443 1947/1667/443
f 1907/1670/442 1901/1666/442 1947/1667/442 1948/1705/442
f 1946/1705/444 1950/1706/444 1949/1706/444 1948/1705/444
f 1910/1672/442 1907/1670/442 1948/1705/442 1949/1706/442
f 1950/1706/445 1952/1707/445 1951/1707/445 1949/1706/445
f 1913/1674/442 1910/1672/442 1949/1706/442 1951/1707/442
f 1952/1707/446 1954/1661/446 1953/1661/446 1951/1707/446
f 1896/1658/442 1913/1674/442 1951/1707/442 1953/1661/442
f 1954/1661/439 1942/1662/439 1895/1662/439 1953/1661/439
f 1957/1707/442 1955/1661/442 1954/1661/442 1952/1707/442
f 1955/1661/442 1939/1662/442 1942/1662/442 1954/1661/442
f 1955/1661/442 1957/1707/442 1921/1708/442 1956/1709/442
f 1939/1662/442 1955/1661/442 1956/1709/442 1937/1704/442
f 1957/1707/442 1958/1706/442 1923/1710/442 1921/1708/442
f 1958/1706/442 1957/1707/442 1952/1707/442 1950/1706/442
f 1958/1706/442 1959/1705/442 1925/1711/442 1923/1710/442
f 1959/1705/442 1958/1706/442 1950/1706/442 1946/1705/442
f 1959/1705/442 1945/1667/442 1960/1712/442 1925/1711/442
f 1884/1713/443 1937/1714/443 1956/1681/443 1920/1680/443
f 1945/1667/442 1940/1665/442 1934/1703/442 1960/1712/442
o Cube.047
v 0.779977 0.684272 1.053401
v 0.779977 1.019349 1.053401
v 0.355048 0.684272 1.202139
v 1.026911 0.684272 1.090662
v 0.700869 0.684272 1.280306
v 0.779977 0.684272 1.878769
v 0.954395 0.684272 1.306623
v 0.355048 0.684272 1.379264
v 0.355048 0.684272 1.867944
v 0.000000 0.684272 1.404799
v 0.000000 0.684272 1.202139
v 0.000000 0.684272 1.963929
v -0.355048 0.684272 1.379264
v -0.355048 0.684272 1.202139
v -0.355048 0.684272 1.867944
v -0.700869 0.684272 1.280306
v -0.779977 0.684272 1.878769
v -0.779977 0.684272 1.053401
v -0.954395 0.684272 1.306623
v -1.026911 0.684272 1.737130
v -1.026911 0.684272 1.090662
v -0.954395 1.019349 1.306623
v -1.026911 1.019349 1.090662
v -1.026911 1.019349 1.737130
v -0.778188 1.064408 1.304263
v -0.838245 1.064408 1.182645
v -0.865537 1.064408 1.623025
v -0.642119 1.064408 1.307268
v -0.725648 1.064408 1.150296
v -0.709034 1.064408 1.712794
v -0.390285 1.064408 1.373445
v -0.392545 1.064408 1.253221
v -0.384050 1.064408 1.705135
v 0.000000 1.064408 1.405013
v 0.000000 1.064408 1.249195
v 0.000000 1.064408 1.834907
v 0.390285 1.064408 1.373445
v 0.392545 1.064408 1.253221
v 0.384050 1.064408 1.705135
v 0.642119 1.064408 1.307268
v 0.725648 1.064408 1.150296
v 0.709034 1.064408 1.712794
v 0.778188 1.064408 1.304263
v 0.838245 1.064408 1.182645
v 0.865537 1.064408 1.623025
v 0.954395 1.019349 1.306623
v 1.026911 1.019349 1.090662
v 1.026911 1.019349 1.737130
v 1.026911 0.684272 1.737130
v 0.779977 1.019349 1.878769
v 0.355048 1.019349 1.867944
v 0.000000 1.019349 1.963929
v -0.355048 1.019349 1.867944
v -0.779977 1.019349 1.878769
v 0.355048 1.019349 1.202139
v 0.000000 1.019349 1.202139
v -0.355048 1.019349 1.202139
v -0.779977 1.019349 1.053401
vn -0.3304 -0.0000 -0.9438
vn 0.1492 -0.0000 -0.9888
vn -0.0000 -1.0000 -0.0000
vn -0.9861 -0.0000 -0.1661
vn -0.9480 -0.0000 0.3183
vn -0.2623 0.9595 0.1030
vn -0.2764 0.9592 -0.0590
vn -0.0000 1.0000 -0.0000
vn 0.2623 0.9595 0.1030
vn 0.2764 0.9592 -0.0590
vn 0.9480 -0.0000 0.3183
vn 0.9861 -0.0000 -0.1661
vn 0.4976 -0.0000 0.8674
vn 0.1213 0.9698 0.2115
vn -0.0065 0.9642 0.2651
vn -0.0255 -0.0000 0.9997
vn 0.0923 0.9488 0.3022
vn 0.2610 -0.0000 0.9653
vn -0.2610 -0.0000 0.9653
vn -0.0923 0.9488 0.3022
vn 0.0065 0.9642 0.2651
vn 0.0255 -0.0000 0.9997
vn -0.4976 -0.0000 0.8674
vn -0.1213 0.9698 0.2115
vn 0.0689 0.9319 -0.3560
vn -0.1748 0.8320 -0.5266
vn 0.0036 0.7359 -0.6771
vn -0.0000 -0.0000 -1.0000
vn -0.0036 0.7359 -0.6771
vn 0.1748 0.8320 -0.5266
vn 0.3304 -0.0000 -0.9438
vn -0.1492 -0.0000 -0.9888
vn -0.0689 0.9319 -0.3560
vt 0.375000 0.750000
vt 0.375000 0.828750
vt 0.625000 0.828750
vt 0.625000 0.750000
vt 0.296250 0.683492
vt 0.296250 0.750000
vt 0.375000 0.683492
vt 0.296250 0.500000
vt 0.375000 0.500000
vt 0.250000 0.683492
vt 0.250000 0.750000
vt 0.250000 0.500000
vt 0.625000 0.500000
vt 0.625000 0.683492
vt 0.625000 0.678614
vt 0.625000 0.736985
vt 0.625000 0.517572
vt 0.625000 0.679571
vt 0.625000 0.738916
vt 0.625000 0.515842
vt 0.704153 0.678513
vt 0.703750 0.738735
vt 0.705263 0.512363
vt 0.742752 0.678945
vt 0.742752 0.739724
vt 0.742752 0.511257
vt 0.703750 0.500000
vt 0.375000 0.421250
vt 0.625000 0.421250
vt 0.750000 0.500000
vt 0.375000 0.375000
vt 0.625000 0.375000
vt 0.703750 0.750000
vt 0.750000 0.750000
vt 0.375000 0.875000
vt 0.625000 0.875000
s 0
f 1961/1715/449 1963/1716/449 2015/1717/449 1962/1718/449
f 1962/1718/450 2007/1718/450 1964/1715/450 1961/1715/450
f 1968/1719/451 1963/1720/451 1961/1715/451 1965/1721/451
f 1961/1715/451 1964/1715/451 1967/1721/451 1965/1721/451
f 1969/1722/451 1968/1719/451 1965/1721/451 1966/1723/451
f 1965/1721/451 1967/1721/451 2009/1723/451 1966/1723/451
f 1970/1724/451 1971/1725/451 1963/1720/451 1968/1719/451
f 1972/1726/451 1970/1724/451 1968/1719/451 1969/1722/451
f 1970/1724/451 1973/1719/451 1974/1720/451 1971/1725/451
f 1972/1726/451 1975/1722/451 1973/1719/451 1970/1724/451
f 1973/1719/451 1976/1721/451 1978/1715/451 1974/1720/451
f 1975/1722/451 1977/1723/451 1976/1721/451 1973/1719/451
f 1976/1721/451 1977/1723/451 1980/1723/451 1979/1721/451
f 1978/1715/451 1976/1721/451 1979/1721/451 1981/1715/451
f 1980/1723/452 1984/1727/452 1982/1728/452 1979/1721/452
f 1979/1721/453 1982/1728/453 1983/1718/453 1981/1715/453
f 1985/1729/454 1986/1730/454 1983/1718/454 1982/1728/454
f 1987/1731/455 1985/1729/455 1982/1728/455 1984/1727/455
f 1988/1732/456 1989/1733/456 1986/1730/456 1985/1729/456
f 1990/1734/456 1988/1732/456 1985/1729/456 1987/1731/456
f 1988/1732/456 1991/1735/456 1992/1736/456 1989/1733/456
f 1990/1734/456 1993/1737/456 1991/1735/456 1988/1732/456
f 1991/1735/456 1994/1738/456 1995/1739/456 1992/1736/456
f 1993/1737/456 1996/1740/456 1994/1738/456 1991/1735/456
f 1997/1735/456 1998/1736/456 1995/1739/456 1994/1738/456
f 1999/1737/456 1997/1735/456 1994/1738/456 1996/1740/456
f 2000/1732/456 2001/1733/456 1998/1736/456 1997/1735/456
f 2002/1734/456 2000/1732/456 1997/1735/456 1999/1737/456
f 2000/1732/456 2003/1729/456 2004/1730/456 2001/1733/456
f 2002/1734/456 2005/1731/456 2003/1729/456 2000/1732/456
f 2003/1729/457 2006/1728/457 2007/1718/457 2004/1730/457
f 2005/1731/458 2008/1727/458 2006/1728/458 2003/1729/458
f 1967/1721/459 1964/1715/459 2007/1718/459 2006/1728/459
f 2009/1723/460 1967/1721/460 2006/1728/460 2008/1727/460
f 1966/1723/461 2009/1723/461 2008/1727/461 2010/1727/461
f 2002/1734/462 2010/1727/462 2008/1727/462 2005/1731/462
f 1999/1737/463 2011/1741/463 2010/1727/463 2002/1734/463
f 1969/1742/464 1966/1723/464 2010/1727/464 2011/1743/464
f 1996/1740/465 2012/1744/465 2011/1741/465 1999/1737/465
f 1972/1745/466 1969/1742/466 2011/1743/466 2012/1746/466
f 1972/1745/467 2012/1746/467 2013/1743/467 1975/1742/467
f 1996/1740/468 1993/1737/468 2013/1741/468 2012/1744/468
f 1993/1737/469 1990/1734/469 2014/1727/469 2013/1741/469
f 1975/1742/470 2013/1743/470 2014/1727/470 1977/1723/470
f 1977/1723/471 2014/1727/471 1984/1727/471 1980/1723/471
f 1990/1734/472 1987/1731/472 1984/1727/472 2014/1727/472
f 2004/1730/473 2007/1718/473 1962/1718/473 2001/1733/473
f 2001/1733/474 1962/1718/474 2015/1747/474 1998/1736/474
f 1998/1736/475 2015/1747/475 2016/1748/475 1995/1739/475
f 1963/1716/476 1971/1749/476 2016/1750/476 2015/1717/476
f 1974/1716/476 2017/1717/476 2016/1750/476 1971/1749/476
f 1992/1736/477 1995/1739/477 2016/1748/477 2017/1747/477
f 1989/1733/478 1992/1736/478 2017/1747/478 2018/1718/478
f 1978/1715/479 2018/1718/479 2017/1717/479 1974/1716/479
f 2018/1718/480 1978/1715/480 1981/1715/480 1983/1718/480
f 1986/1730/481 1989/1733/481 2018/1718/481 1983/1718/481
o Cube.048
v -0.708858 0.793864 -1.873038
v -0.708858 0.984382 -1.873038
v -1.435232 0.793864 -1.825540
v -0.951717 0.793864 -1.703503
v -0.708858 0.793864 -1.936370
v -0.451135 0.793864 -1.759570
v -0.451135 0.984382 -1.759570
v -0.433983 0.793864 -1.857206
v -0.433983 0.984382 -1.857206
v -0.708858 0.984382 -1.936370
v -1.294637 0.984382 -1.936370
v -1.294637 0.793864 -1.936370
v -1.435232 0.984382 -1.825540
v -1.435232 0.984382 -1.693533
v -1.435232 0.984382 -1.276629
v -1.435232 0.793864 -1.693533
v -0.951717 0.984382 -1.703503
v -0.889352 0.984382 -1.305656
v -0.984349 0.984382 -1.124805
v -0.889352 0.793864 -1.305656
v -1.435232 0.793864 -1.276629
v -0.984349 0.793864 -1.124805
v -1.435232 0.793864 -1.124805
v -0.984349 0.793864 0.000000
v -0.984349 0.984382 0.000000
v -1.435232 0.793864 0.000000
v -0.984349 0.793864 1.124805
v -0.889352 0.793864 1.305656
v -0.984349 0.984382 1.124805
v -1.435232 0.793864 1.124805
v -1.435232 0.793864 1.276629
v -1.435232 0.984382 1.124805
v -1.435232 0.984382 1.276629
v -1.435232 0.984382 0.000000
v -1.435232 0.984382 -1.124805
v -1.435232 0.984382 1.693533
v -0.889352 0.984382 1.305656
v -0.951717 0.984382 1.703503
v -0.708858 0.984382 1.873038
v -0.951717 0.793864 1.703503
v -0.708858 0.793864 1.873038
v -1.435232 0.793864 1.693533
v -1.435232 0.793864 1.825540
v -1.435232 0.984382 1.825540
v -1.294637 0.793864 1.936370
v -0.708858 0.793864 1.936370
v -1.294637 0.984382 1.936370
v -0.708858 0.984382 1.936370
v -0.433983 0.984382 1.857206
v -0.433983 0.793864 1.857206
v -0.451135 0.984382 1.759570
v -0.451135 0.793864 1.759570
vn -0.4029 -0.0000 0.9152
vn 0.5724 -0.0000 0.8200
vn -0.0000 -1.0000 -0.0000
vn 0.9849 -0.0000 0.1730
vn 0.2768 -0.0000 -0.9609
vn -0.0000 1.0000 -0.0000
vn -0.0000 -0.0000 -1.0000
vn -0.6191 -0.0000 -0.7853
vn -1.0000 -0.0000 -0.0000
vn 0.9879 -0.0000 -0.1549
vn 0.8853 -0.0000 0.4650
vn 1.0000 -0.0000 -0.0000
vn 0.8853 -0.0000 -0.4650
vn 0.9879 -0.0000 0.1549
vn 0.5724 -0.0000 -0.8200
vn -0.6191 -0.0000 0.7853
vn -0.0000 -0.0000 1.0000
vn 0.2768 -0.0000 0.9609
vn 0.9849 -0.0000 -0.1730
vn -0.4029 -0.0000 -0.9152
vt 0.375000 0.250000
vt 0.625000 0.250000
vt 0.375000 0.235736
vt 0.625000 0.235736
vt 0.125000 0.500000
vt 0.125000 0.514263
vt 0.375000 0.514264
vt 0.375000 0.500000
vt 0.875000 0.500000
vt 0.625000 0.500000
vt 0.625000 0.514264
vt 0.875000 0.514263
vt 0.375000 0.541524
vt 0.625000 0.541524
vt 0.875000 0.541524
vt 0.375000 0.208476
vt 0.625000 0.208476
vt 0.625000 0.551451
vt 0.875000 0.551451
vt 0.375000 0.198549
vt 0.625000 0.198549
vt 0.125000 0.541524
vt 0.125000 0.551451
vt 0.375000 0.551451
vt 0.375000 0.099274
vt 0.625000 0.099274
vt 0.125000 0.650726
vt 0.375000 0.650726
vt 0.625000 0.650726
vt 0.875000 0.650726
s 0
f 2019/1751/482 2024/1751/482 2025/1752/482 2020/1752/482
f 2022/1753/483 2019/1751/483 2020/1752/483 2035/1754/483
f 2019/1755/484 2022/1756/484 2034/1757/484 2021/1758/484
f 2021/1758/484 2030/1758/484 2023/1755/484 2019/1755/484
f 2023/1755/484 2026/1755/484 2024/1755/484 2019/1755/484
f 2024/1751/485 2026/1751/485 2027/1752/485 2025/1752/485
f 2028/1752/486 2027/1752/486 2026/1751/486 2023/1751/486
f 2020/1759/487 2025/1759/487 2027/1759/487 2028/1759/487
f 2023/1751/488 2030/1758/488 2029/1760/488 2028/1752/488
f 2020/1759/487 2028/1759/487 2029/1760/487 2031/1760/487
f 2031/1760/489 2029/1760/489 2030/1758/489 2021/1758/489
f 2031/1760/487 2032/1761/487 2035/1762/487 2020/1759/487
f 2021/1758/490 2034/1757/490 2032/1761/490 2031/1760/490
f 2034/1757/490 2039/1763/490 2033/1764/490 2032/1761/490
f 2032/1761/487 2033/1764/487 2036/1765/487 2035/1762/487
f 2038/1766/491 2022/1753/491 2035/1754/491 2036/1767/491
f 2033/1764/487 2053/1768/487 2037/1769/487 2036/1765/487
f 2040/1770/492 2038/1766/492 2036/1767/492 2037/1771/492
f 2022/1756/484 2038/1772/484 2039/1763/484 2034/1757/484
f 2038/1772/484 2040/1773/484 2041/1774/484 2039/1763/484
f 2042/1775/493 2040/1770/493 2037/1771/493 2043/1776/493
f 2040/1773/484 2042/1777/484 2044/1778/484 2041/1774/484
f 2042/1775/493 2043/1776/493 2047/1771/493 2045/1770/493
f 2045/1773/484 2048/1774/484 2044/1778/484 2042/1777/484
f 2046/1772/484 2049/1763/484 2048/1774/484 2045/1773/484
f 2045/1770/494 2047/1771/494 2055/1767/494 2046/1766/494
f 2049/1763/490 2051/1764/490 2050/1768/490 2048/1774/490
f 2048/1774/490 2050/1768/490 2052/1779/490 2044/1778/490
f 2051/1764/487 2055/1765/487 2047/1769/487 2050/1768/487
f 2050/1768/487 2047/1769/487 2043/1780/487 2052/1779/487
f 2041/1774/490 2044/1778/490 2052/1779/490 2053/1768/490
f 2053/1768/487 2052/1779/487 2043/1780/487 2037/1769/487
f 2039/1763/490 2041/1774/490 2053/1768/490 2033/1764/490
f 2060/1757/490 2054/1761/490 2051/1764/490 2049/1763/490
f 2054/1761/487 2056/1762/487 2055/1765/487 2051/1764/487
f 2046/1766/495 2055/1767/495 2056/1754/495 2058/1753/495
f 2062/1760/487 2057/1759/487 2056/1762/487 2054/1761/487
f 2058/1753/496 2056/1754/496 2057/1752/496 2059/1751/496
f 2058/1756/484 2060/1757/484 2049/1763/484 2046/1772/484
f 2059/1755/484 2061/1758/484 2060/1757/484 2058/1756/484
f 2061/1758/490 2062/1760/490 2054/1761/490 2060/1757/490
f 2061/1758/484 2059/1755/484 2064/1755/484 2063/1758/484
f 2062/1760/497 2061/1758/497 2063/1758/497 2065/1760/497
f 2064/1751/498 2066/1752/498 2065/1760/498 2063/1758/498
f 2057/1759/487 2062/1760/487 2065/1760/487 2066/1759/487
f 2066/1752/499 2064/1751/499 2068/1751/499 2067/1752/499
f 2057/1759/487 2066/1759/487 2067/1759/487 2069/1759/487
f 2070/1751/500 2069/1752/500 2067/1752/500 2068/1751/500
f 2059/1751/501 2057/1752/501 2069/1752/501 2070/1751/501
f 2064/1755/484 2059/1755/484 2070/1755/484 2068/1755/484
o Cube.049
v -0.066801 0.926199 0.195964
v -0.066801 0.926199 1.268143
v -0.066801 0.980138 0.195964
v -0.030247 0.926199 0.195964
v 0.030247 0.926199 0.195964
v -0.030247 0.926199 1.268143
v -0.030247 0.964079 0.195964
v 0.030247 0.964079 0.195964
v -0.030247 0.964079 1.268143
v -0.030247 0.980138 0.195964
v -0.030247 0.980138 1.268143
v -0.066801 0.980138 1.268143
v 0.030247 0.964079 1.268143
v 0.030247 0.980138 1.268143
v 0.030247 0.926199 1.268143
v 0.066801 0.926199 1.268143
v 0.066801 0.980138 1.268143
v 0.066801 0.926199 0.195964
v 0.066801 0.980138 0.195964
v 0.030247 0.980138 0.195964
vn -0.0000 -1.0000 -0.0000
vn -1.0000 -0.0000 -0.0000
vn -0.0000 -0.0000 -1.0000
vn -0.0000 1.0000 -0.0000
vn 1.0000 -0.0000 -0.0000
vn -0.0000 -0.0000 1.0000
vt 0.125000 0.500000
vt 0.125000 0.750000
vt 0.208333 0.750000
vt 0.208333 0.500000
vt 0.375000 0.000000
vt 0.375000 0.250000
vt 0.625000 0.250000
vt 0.625000 0.000000
vt 0.375000 0.916667
vt 0.375000 1.000000
vt 0.625000 1.000000
vt 0.625000 0.916667
vt 0.550569 0.916667
vt 0.375000 0.833333
vt 0.625000 0.833333
vt 0.291667 0.750000
vt 0.291667 0.500000
vt 0.708333 0.500000
vt 0.708333 0.750000
vt 0.791667 0.750000
vt 0.791667 0.500000
vt 0.875000 0.750000
vt 0.875000 0.500000
vt 0.375000 0.333333
vt 0.550569 0.333333
vt 0.625000 0.333333
vt 0.375000 0.416667
vt 0.550569 0.416667
vt 0.375000 0.500000
vt 0.625000 0.500000
vt 0.625000 0.416667
vt 0.375000 0.750000
vt 0.625000 0.750000
vt 0.550569 0.833333
s 0
f 2072/1781/502 2071/1782/502 2074/1783/502 2076/1784/502
f 2071/1785/503 2072/1786/503 2082/1787/503 2073/1788/503
f 2074/1789/504 2071/1790/504 2073/1791/504 2080/1792/504 2077/1793/504
f 2075/1794/504 2074/1789/504 2077/1793/504 2078/1795/504
f 2076/1784/502 2074/1783/502 2075/1796/502 2085/1797/502
f 2083/1798/505 2078/1799/505 2077/1800/505 2079/1801/505
f 2081/1801/506 2079/1801/506 2077/1800/506 2080/1800/506
f 2081/1801/505 2080/1800/505 2073/1802/505 2082/1803/505
f 2072/1786/507 2076/1804/507 2079/1805/507 2081/1806/507 2082/1787/507
f 2076/1804/507 2085/1807/507 2083/1808/507 2079/1806/507
f 2090/1799/503 2078/1799/503 2083/1798/503 2084/1798/503
f 2085/1807/507 2086/1809/507 2087/1810/507 2084/1811/507 2083/1808/507
f 2085/1797/502 2075/1796/502 2088/1812/502 2086/1809/502
f 2086/1809/506 2088/1812/506 2089/1813/506 2087/1810/506
f 2088/1812/504 2075/1794/504 2078/1814/504 2090/1795/504 2089/1813/504
f 2087/1810/505 2089/1813/505 2090/1799/505 2084/1798/505
o Cube.050
v -0.040693 0.967592 -0.560717
v -0.046256 0.967592 -0.582458
v -0.040693 0.987480 -0.560717
v 0.046256 0.967592 -0.582964
v 0.040693 0.967592 -0.604706
v 0.046256 0.987480 -0.582964
v 0.040693 0.987480 -0.604706
v -0.046256 0.987480 -0.582458
vn -0.0000 -1.0000 -0.0000
vn -0.9688 -0.0000 0.2479
vn 0.2479 -0.0000 0.9688
vn 0.9688 -0.0000 -0.2479
vn -0.0000 1.0000 -0.0000
vn -0.2479 -0.0000 -0.9688
vt 0.125000 0.500000
vt 0.375000 0.500000
vt 0.375000 0.750000
vt 0.125000 0.750000
vt 0.375000 0.000000
vt 0.625000 0.000000
vt 0.625000 0.250000
vt 0.375000 0.250000
vt 0.625000 0.750000
vt 0.625000 1.000000
vt 0.375000 1.000000
vt 0.625000 0.500000
vt 0.875000 0.500000
vt 0.875000 0.750000
s 0
f 2092/1815/508 2095/1816/508 2094/1817/508 2091/1818/508
f 2091/1819/509 2093/1820/509 2098/1821/509 2092/1822/509
f 2094/1817/510 2096/1823/510 2093/1824/510 2091/1825/510
f 2095/1816/511 2097/1826/511 2096/1823/511 2094/1817/511
f 2097/1826/512 2098/1827/512 2093/1828/512 2096/1823/512
f 2092/1822/513 2098/1821/513 2097/1826/513 2095/1816/513
o Cube.051
v -0.040693 0.967592 -0.764386
v -0.046256 0.967592 -0.786127
v -0.040693 0.987480 -0.764386
v 0.046256 0.967592 -0.786633
v 0.040693 0.967592 -0.808375
v 0.046256 0.987480 -0.786633
v 0.040693 0.987480 -0.808375
v -0.046256 0.987480 -0.786127
vn -0.0000 -1.0000 -0.0000
vn -0.9688 -0.0000 0.2479
vn 0.2479 -0.0000 0.9688
vn 0.9688 -0.0000 -0.2479
vn -0.0000 1.0000 -0.0000
vn -0.2479 -0.0000 -0.9688
vt 0.125000 0.500000
vt 0.375000 0.500000
vt 0.375000 0.750000
vt 0.125000 0.750000
vt 0.375000 0.000000
vt 0.625000 0.000000
vt 0.625000 0.250000
vt 0.375000 0.250000
vt 0.625000 0.750000
vt 0.625000 1.000000
vt 0.375000 1.000000
vt 0.625000 0.500000
vt 0.875000 0.500000
vt 0.875000 0.750000
s 0
f 2100/1829/514 2103/1830/514 2102/1831/514 2099/1832/514
f 2099/1833/515 2101/1834/515 2106/1835/515 2100/1836/515
f 2102/1831/516 2104/1837/516 2101/1838/516 2099/1839/516
f 2103/1830/517 2105/1840/517 2104/1837/517 2102/1831/517
f 2105/1840/518 2106/1841/518 2101/1842/518 2104/1837/518
f 2100/1836/519 2106/1835/519 2105/1840/519 2103/1830/519
o Cube.052
v -0.040693 0.967592 -0.968055
v -0.046256 0.967592 -0.989796
v -0.040693 0.987480 -0.968055
v 0.046256 0.967592 -0.990302
v 0.040693 0.967592 -1.012044
v 0.046256 0.987480 -0.990302
v 0.040693 0.987480 -1.012044
v -0.046256 0.987480 -0.989796
vn -0.0000 -1.0000 -0.0000
vn -0.9688 -0.0000 0.2479
vn 0.2479 -0.0000 0.9688
vn 0.9688 -0.0000 -0.2479
vn -0.0000 1.0000 -0.0000
vn -0.2479 -0.0000 -0.9688
vt 0.125000 0.500000
vt 0.375000 0.500000
vt 0.375000 0.750000
vt 0.125000 0.750000
vt 0.375000 0.000000
vt 0.625000 0.000000
vt 0.625000 0.250000
vt 0.375000 0.250000
vt 0.625000 0.750000
vt 0.625000 1.000000
vt 0.375000 1.000000
vt 0.625000 0.500000
vt 0.875000 0.500000
vt 0.875000 0.750000
s 0
f 2108/1843/520 2111/1844/520 2110/1845/520 2107/1846/520
f 2107/1847/521 2109/1848/521 2114/1849/521 2108/1850/521
f 2110/1845/522 2112/1851/522 2109/1852/522 2107/1853/522
f 2111/1844/523 2113/1854/523 2112/1851/523 2110/1845/523
f 2113/1854/524 2114/1855/524 2109/1856/524 2112/1851/524
f 2108/1850/525 2114/1849/525 2113/1854/525 2111/1844/525
o Cube.053
v -0.040693 0.967592 0.357048
v -0.046256 0.967592 0.378790
v -0.040693 0.987480 0.357048
v 0.046256 0.967592 0.379295
v 0.040693 0.967592 0.401037
v 0.046256 0.987480 0.379295
v 0.040693 0.987480 0.401037
v -0.046256 0.987480 0.378790
vn -0.0000 -1.0000 -0.0000
vn -0.9688 -0.0000 -0.2479
vn 0.2479 -0.0000 -0.9688
vn 0.9688 -0.0000 0.2479
vn -0.0000 1.0000 -0.0000
vn -0.2479 -0.0000 0.9688
vt 0.125000 0.500000
vt 0.125000 0.750000
vt 0.375000 0.750000
vt 0.375000 0.500000
vt 0.375000 0.000000
vt 0.375000 0.250000
vt 0.625000 0.250000
vt 0.625000 0.000000
vt 0.375000 1.000000
vt 0.625000 1.000000
vt 0.625000 0.750000
vt 0.625000 0.500000
vt 0.875000 0.750000
vt 0.875000 0.500000
s 0
f 2116/1857/526 2115/1858/526 2118/1859/526 2119/1860/526
f 2115/1861/527 2116/1862/527 2122/1863/527 2117/1864/527
f 2118/1859/528 2115/1865/528 2117/1866/528 2120/1867/528
f 2119/1860/529 2118/1859/529 2120/1867/529 2121/1868/529
f 2121/1868/530 2120/1867/530 2117/1869/530 2122/1870/530
f 2116/1862/531 2119/1860/531 2121/1868/531 2122/1863/531
o Cube.054
v -0.040693 0.967592 0.560717
v -0.046256 0.967592 0.582458
v -0.040693 0.987480 0.560717
v 0.046256 0.967592 0.582964
v 0.040693 0.967592 0.604706
v 0.046256 0.987480 0.582964
v 0.040693 0.987480 0.604706
v -0.046256 0.987480 0.582458
vn -0.0000 -1.0000 -0.0000
vn -0.9688 -0.0000 -0.2479
vn 0.2479 -0.0000 -0.9688
vn 0.9688 -0.0000 0.2479
vn -0.0000 1.0000 -0.0000
vn -0.2479 -0.0000 0.9688
vt 0.125000 0.500000
vt 0.125000 0.750000
vt 0.375000 0.750000
vt 0.375000 0.500000
vt 0.375000 0.000000
vt 0.375000 0.250000
vt 0.625000 0.250000
vt 0.625000 0.000000
vt 0.375000 1.000000
vt 0.625000 1.000000
vt 0.625000 0.750000
vt 0.625000 0.500000
vt 0.875000 0.750000
vt 0.875000 0.500000
s 0
f 2124/1871/532 2123/1872/532 2126/1873/532 2127/1874/532
f 2123/1875/533 2124/1876/533 2130/1877/533 2125/1878/533
f 2126/1873/534 2123/1879/534 2125/1880/534 2128/1881/534
f 2127/1874/535 2126/1873/535 2128/1881/535 2129/1882/535
f 2129/1882/536 2128/1881/536 2125/1883/536 2130/1884/536
f 2124/1876/537 2127/1874/537 2129/1882/537 2130/1877/537
o Cube.055
v -0.040693 0.967592 0.764386
v -0.046256 0.967592 0.786127
v -0.040693 0.987480 0.764386
v 0.046256 0.967592 0.786633
v 0.040693 0.967592 0.808375
v 0.046256 0.987480 0.786633
v 0.040693 0.987480 0.808375
v -0.046256 0.987480 0.786127
vn -0.0000 -1.0000 -0.0000
vn -0.9688 -0.0000 -0.2479
vn 0.2479 -0.0000 -0.9688
vn 0.9688 -0.0000 0.2479
vn -0.0000 1.0000 -0.0000
vn -0.2479 -0.0000 0.9688
vt 0.125000 0.500000
vt 0.125000 0.750000
vt 0.375000 0.750000
vt 0.375000 0.500000
vt 0.375000 0.000000
vt 0.375000 0.250000
vt 0.625000 0.250000
vt 0.625000 0.000000
vt 0.375000 1.000000
vt 0.625000 1.000000
vt 0.625000 0.750000
vt 0.625000 0.500000
vt 0.875000 0.750000
vt 0.875000 0.500000
s 0
f 2132/1885/538 2131/1886/538 2134/1887/538 2135/1888/538
f 2131/1889/539 2132/1890/539 2138/1891/539 2133/1892/539
f 2134/1887/540 2131/1893/540 2133/1894/540 2136/1895/540
f 2135/1888/541 2134/1887/541 2136/1895/541 2137/1896/541
f 2137/1896/542 2136/1895/542 2133/1897/542 2138/1898/542
f 2132/1890/543 2135/1888/543 2137/1896/543 2138/1891/543
o Cube.056
v -0.040693 0.967592 0.968055
v -0.046256 0.967592 0.989796
v -0.040693 0.987480 0.968055
v 0.046256 0.967592 0.990302
v 0.040693 0.967592 1.012044
v 0.046256 0.987480 0.990302
v 0.040693 0.987480 1.012044
v -0.046256 0.987480 0.989796
vn -0.0000 -1.0000 -0.0000
vn -0.9688 -0.0000 -0.2479
vn 0.2479 -0.0000 -0.9688
vn 0.9688 -0.0000 0.2479
vn -0.0000 1.0000 -0.0000
vn -0.2479 -0.0000 0.9688
vt 0.125000 0.500000
vt 0.125000 0.750000
vt 0.375000 0.750000
vt 0.375000 0.500000
vt 0.375000 0.000000
vt 0.375000 0.250000
vt 0.625000 0.250000
vt 0.625000 0.000000
vt 0.375000 1.000000
vt 0.625000 1.000000
vt 0.625000 0.750000
vt 0.625000 0.500000
vt 0.875000 0.750000
vt 0.875000 0.500000
s 0
f 2140/1899/544 2139/1900/544 2142/1901/544 2143/1902/544
f 2139/1903/545 2140/1904/545 2146/1905/545 2141/1906/545
f 2142/1901/546 2139/1907/546 2141/1908/546 2144/1909/546
f 2143/1902/547 2142/1901/547 2144/1909/547 2145/1910/547
f 2145/1910/548 2144/1909/548 2141/1911/548 2146/1912/548
f 2140/1904/549 2143/1902/549 2145/1910/549 2146/1905/549
o Cube.057
v -0.046001 0.967592 -0.674032
v -0.042876 0.967592 -0.696256
v -0.046001 0.987480 -0.674032
v 0.042876 0.967592 -0.661536
v 0.046001 0.967592 -0.683759
v 0.042876 0.987480 -0.661536
v 0.046001 0.987480 -0.683759
v -0.042876 0.987480 -0.696256
vn -0.0000 -1.0000 -0.0000
vn -0.9903 -0.0000 -0.1392
vn -0.1392 -0.0000 0.9903
vn 0.9903 -0.0000 0.1392
vn -0.0000 1.0000 -0.0000
vn 0.1392 -0.0000 -0.9903
vt 0.125000 0.500000
vt 0.375000 0.500000
vt 0.375000 0.750000
vt 0.125000 0.750000
vt 0.375000 0.000000
vt 0.625000 0.000000
vt 0.625000 0.250000
vt 0.375000 0.250000
vt 0.625000 0.750000
vt 0.625000 1.000000
vt 0.375000 1.000000
vt 0.625000 0.500000
vt 0.875000 0.500000
vt 0.875000 0.750000
s 0
f 2148/1913/550 2151/1914/550 2150/1915/550 2147/1916/550
f 2147/1917/551 2149/1918/551 2154/1919/551 2148/1920/551
f 2150/1915/552 2152/1921/552 2149/1922/552 2147/1923/552
f 2151/1914/553 2153/1924/553 2152/1921/553 2150/1915/553
f 2153/1924/554 2154/1925/554 2149/1926/554 2152/1921/554
f 2148/1920/555 2154/1919/555 2153/1924/555 2151/1914/555
o Cube.058
v -0.046001 0.967592 -0.906656
v -0.042876 0.967592 -0.928880
v -0.046001 0.987480 -0.906656
v 0.042876 0.967592 -0.894160
v 0.046001 0.967592 -0.916383
v 0.042876 0.987480 -0.894160
v 0.046001 0.987480 -0.916383
v -0.042876 0.987480 -0.928880
vn -0.0000 -1.0000 -0.0000
vn -0.9903 -0.0000 -0.1392
vn -0.1392 -0.0000 0.9903
vn 0.9903 -0.0000 0.1392
vn -0.0000 1.0000 -0.0000
vn 0.1392 -0.0000 -0.9903
vt 0.125000 0.500000
vt 0.375000 0.500000
vt 0.375000 0.750000
vt 0.125000 0.750000
vt 0.375000 0.000000
vt 0.625000 0.000000
vt 0.625000 0.250000
vt 0.375000 0.250000
vt 0.625000 0.750000
vt 0.625000 1.000000
vt 0.375000 1.000000
vt 0.625000 0.500000
vt 0.875000 0.500000
vt 0.875000 0.750000
s 0
f 2156/1927/556 2159/1928/556 2158/1929/556 2155/1930/556
f 2155/1931/557 2157/1932/557 2162/1933/557 2156/1934/557
f 2158/1929/558 2160/1935/558 2157/1936/558 2155/1937/558
f 2159/1928/559 2161/1938/559 2160/1935/559 2158/1929/559
f 2161/1938/560 2162/1939/560 2157/1940/560 2160/1935/560
f 2156/1934/561 2162/1933/561 2161/1938/561 2159/1928/561
o Cube.059
v -0.046001 0.967592 -1.139280
v -0.042876 0.967592 -1.161504
v -0.046001 0.987480 -1.139280
v 0.042876 0.967592 -1.126784
v 0.046001 0.967592 -1.149007
v 0.042876 0.987480 -1.126784
v 0.046001 0.987480 -1.149007
v -0.042876 0.987480 -1.161504
vn -0.0000 -1.0000 -0.0000
vn -0.9903 -0.0000 -0.1392
vn -0.1392 -0.0000 0.9903
vn 0.9903 -0.0000 0.1392
vn -0.0000 1.0000 -0.0000
vn 0.1392 -0.0000 -0.9903
vt 0.125000 0.500000
vt 0.375000 0.500000
vt 0.375000 0.750000
vt 0.125000 0.750000
vt 0.375000 0.000000
vt 0.625000 0.000000
vt 0.625000 0.250000
vt 0.375000 0.250000
vt 0.625000 0.750000
vt 0.625000 1.000000
vt 0.375000 1.000000
vt 0.625000 0.500000
vt 0.875000 0.500000
vt 0.875000 0.750000
s 0
f 2164/1941/562 2167/1942/562 2166/1943/562 2163/1944/562
f 2163/1945/563 2165/1946/563 2170/1947/563 2164/1948/563
f 2166/1943/564 2168/1949/564 2165/1950/564 2163/1951/564
f 2167/1942/565 2169/1952/565 2168/1949/565 2166/1943/565
f 2169/1952/566 2170/1953/566 2165/1954/566 2168/1949/566
f 2164/1948/567 2170/1947/567 2169/1952/567 2167/1942/567
o Cube.060
v -0.046001 0.967592 0.441408
v -0.042876 0.967592 0.463632
v -0.046001 0.987480 0.441408
v 0.042876 0.967592 0.428912
v 0.046001 0.967592 0.451136
v 0.042876 0.987480 0.428912
v 0.046001 0.987480 0.451136
v -0.042876 0.987480 0.463632
vn -0.0000 -1.0000 -0.0000
vn -0.9903 -0.0000 0.1392
vn -0.1392 -0.0000 -0.9903
vn 0.9903 -0.0000 -0.1392
vn -0.0000 1.0000 -0.0000
vn 0.1392 -0.0000 0.9903
vt 0.125000 0.500000
vt 0.125000 0.750000
vt 0.375000 0.750000
vt 0.375000 0.500000
vt 0.375000 0.000000
vt 0.375000 0.250000
vt 0.625000 0.250000
vt 0.625000 0.000000
vt 0.375000 1.000000
vt 0.625000 1.000000
vt 0.625000 0.750000
vt 0.625000 0.500000
vt 0.875000 0.750000
vt 0.875000 0.500000
s 0
f 2172/1955/568 2171/1956/568 2174/1957/568 2175/1958/568
f 2171/1959/569 2172/1960/569 2178/1961/569 2173/1962/569
f 2174/1957/570 2171/1963/570 2173/1964/570 2176/1965/570
f 2175/1958/571 2174/1957/571 2176/1965/571 2177/1966/571
f 2177/1966/572 2176/1965/572 2173/1967/572 2178/1968/572
f 2172/1960/573 2175/1958/573 2177/1966/573 2178/1961/573
o Cube.061
v -0.046001 0.967592 0.674033
v -0.042876 0.967592 0.696256
v -0.046001 0.987480 0.674033
v 0.042876 0.967592 0.661536
v 0.046001 0.967592 0.683760
v 0.042876 0.987480 0.661536
v 0.046001 0.987480 0.683760
v -0.042876 0.987480 0.696256
vn -0.0000 -1.0000 -0.0000
vn -0.9903 -0.0000 0.1392
vn -0.1392 -0.0000 -0.9903
vn 0.9903 -0.0000 -0.1392
vn -0.0000 1.0000 -0.0000
vn 0.1392 -0.0000 0.9903
vt 0.125000 0.500000
vt 0.125000 0.750000
vt 0.375000 0.750000
vt 0.375000 0.500000
vt 0.375000 0.000000
vt 0.375000 0.250000
vt 0.625000 0.250000
vt 0.625000 0.000000
vt 0.375000 1.000000
vt 0.625000 1.000000
vt 0.625000 0.750000
vt 0.625000 0.500000
vt 0.875000 0.750000
vt 0.875000 0.500000
s 0
f 2180/1969/574 2179/1970/574 2182/1971/574 2183/1972/574
f 2179/1973/575 2180/1974/575 2186/1975/575 2181/1976/575
f 2182/1971/576 2179/1977/576 2181/1978/576 2184/1979/576
f 2183/1972/577 2182/1971/577 2184/1979/577 2185/1980/577
f 2185/1980/578 2184/1979/578 2181/1981/578 2186/1982/578
f 2180/1974/579 2183/1972/579 2185/1980/579 2186/1975/579
o Cube.062
v -0.046001 0.967592 0.906656
v -0.042876 0.967592 0.928880
v -0.046001 0.987480 0.906656
v 0.042876 0.967592 0.894160
v 0.046001 0.967592 0.916383
v 0.042876 0.987480 0.894160
v 0.046001 0.987480 0.916383
v -0.042876 0.987480 0.928880
vn -0.0000 -1.0000 -0.0000
vn -0.9903 -0.0000 0.1392
vn -0.1392 -0.0000 -0.9903
vn 0.9903 -0.0000 -0.1392
vn -0.0000 1.0000 -0.0000
vn 0.1392 -0.0000 0.9903
vt 0.125000 0.500000
vt 0.125000 0.750000
vt 0.375000 0.750000
vt 0.375000 0.500000
vt 0.375000 0.000000
vt 0.375000 0.250000
vt 0.625000 0.250000
vt 0.625000 0.000000
vt 0.375000 1.000000
vt 0.625000 1.000000
vt 0.625000 0.750000
vt 0.625000 0.500000
vt 0.875000 0.750000
vt 0.875000 0.500000
s 0
f 2188/1983/580 2187/1984/580 2190/1985/580 2191/1986/580
f 2187/1987/581 2188/1988/581 2194/1989/581 2189/1990/581
f 2190/1985/582 2187/1991/582 2189/1992/582 2192/1993/582
f 2191/1986/583 2190/1985/583 2192/1993/583 2193/1994/583
f 2193/1994/584 2192/1993/584 2189/1995/584 2194/1996/584
f 2188/1988/585 2191/1986/585 2193/1994/585 2194/1989/585
o Cube.063
v -0.046001 0.967592 1.139280
v -0.042876 0.967592 1.161504
v -0.046001 0.987480 1.139280
v 0.042876 0.967592 1.126784
v 0.046001 0.967592 1.149007
v 0.042876 0.987480 1.126784
v 0.046001 0.987480 1.149007
v -0.042876 0.987480 1.161504
vn -0.0000 -1.0000 -0.0000
vn -0.9903 -0.0000 0.1392
vn -0.1392 -0.0000 -0.9903
vn 0.9903 -0.0000 -0.1392
vn -0.0000 1.0000 -0.0000
vn 0.1392 -0.0000 0.9903
vt 0.125000 0.500000
vt 0.125000 0.750000
vt 0.375000 0.750000
vt 0.375000 0.500000
vt 0.375000 0.000000
vt 0.375000 0.250000
vt 0.625000 0.250000
vt 0.625000 0.000000
vt 0.375000 1.000000
vt 0.625000 1.000000
vt 0.625000 0.750000
vt 0.625000 0.500000
vt 0.875000 0.750000
vt 0.875000 0.500000
s 0
f 2196/1997/586 2195/1998/586 2198/1999/586 2199/2000/586
f 2195/2001/587 2196/2002/587 2202/2003/587 2197/2004/587
f 2198/1999/588 2195/2005/588 2197/2006/588 2200/2007/588
f 2199/2000/589 2198/1999/589 2200/2007/589 2201/2008/589
f 2201/2008/590 2200/2007/590 2197/2009/590 2202/2010/590
f 2196/2002/591 2199/2000/591 2201/2008/591 2202/2003/591
o Cube.064
v 0.236026 0.990814 -0.240612
v 0.291487 0.990814 -0.309295
v 0.236026 1.006544 -0.240612
v 0.266838 0.990814 -0.215732
v 0.322298 0.990814 -0.284415
v 0.266838 1.006544 -0.215732
v 0.322298 1.006544 -0.284415
v 0.291487 1.006544 -0.309295
vn -0.0000 -1.0000 -0.0000
vn -0.7780 -0.0000 -0.6282
vn -0.6282 -0.0000 0.7780
vn 0.7780 -0.0000 0.6282
vn -0.0000 1.0000 -0.0000
vn 0.6282 -0.0000 -0.7780
vt 0.125000 0.500000
vt 0.375000 0.500000
vt 0.375000 0.750000
vt 0.125000 0.750000
vt 0.375000 0.000000
vt 0.625000 0.000000
vt 0.625000 0.250000
vt 0.375000 0.250000
vt 0.625000 0.750000
vt 0.625000 1.000000
vt 0.375000 1.000000
vt 0.625000 0.500000
vt 0.875000 0.500000
vt 0.875000 0.750000
s 0
f 2204/2011/592 2207/2012/592 2206/2013/592 2203/2014/592
f 2203/2015/593 2205/2016/593 2210/2017/593 2204/2018/593
f 2206/2013/594 2208/2019/594 2205/2020/594 2203/2021/594
f 2207/2012/595 2209/2022/595 2208/2019/595 2206/2013/595
f 2209/2022/596 2210/2023/596 2205/2024/596 2208/2019/596
f 2204/2018/597 2210/2017/597 2209/2022/597 2207/2012/597
o Cube.065
v 0.200900 0.990814 -0.268976
v 0.256361 0.990814 -0.337659
v 0.200900 1.006544 -0.268976
v 0.231712 0.990814 -0.244096
v 0.287173 0.990814 -0.312779
v 0.231712 1.006544 -0.244096
v 0.287173 1.006544 -0.312779
v 0.256361 1.006544 -0.337659
vn -0.0000 -1.0000 -0.0000
vn -0.7780 -0.0000 -0.6282
vn -0.6282 -0.0000 0.7780
vn 0.7780 -0.0000 0.6282
vn -0.0000 1.0000 -0.0000
vn 0.6282 -0.0000 -0.7780
vt 0.125000 0.500000
vt 0.375000 0.500000
vt 0.375000 0.750000
vt 0.125000 0.750000
vt 0.375000 0.000000
vt 0.625000 0.000000
vt 0.625000 0.250000
vt 0.375000 0.250000
vt 0.625000 0.750000
vt 0.625000 1.000000
vt 0.375000 1.000000
vt 0.625000 0.500000
vt 0.875000 0.500000
vt 0.875000 0.750000
s 0
f 2212/2025/598 2215/2026/598 2214/2027/598 2211/2028/598
f 2211/2029/599 2213/2030/599 2218/2031/599 2212/2032/599
f 2214/2027/600 2216/2033/600 2213/2034/600 2211/2035/600
f 2215/2026/601 2217/2036/601 2216/2033/601 2214/2027/601
f 2217/2036/602 2218/2037/602 2213/2038/602 2216/2033/602
f 2212/2032/603 2218/2031/603 2217/2036/603 2215/2026/603
o Cube.066
v 0.165775 0.990814 -0.297339
v 0.221236 0.990814 -0.366022
v 0.165775 1.006544 -0.297339
v 0.196587 0.990814 -0.272459
v 0.252048 0.990814 -0.341142
v 0.196587 1.006544 -0.272459
v 0.252048 1.006544 -0.341142
v 0.221236 1.006544 -0.366022
vn -0.0000 -1.0000 -0.0000
vn -0.7780 -0.0000 -0.6282
vn -0.6282 -0.0000 0.7780
vn 0.7780 -0.0000 0.6282
vn -0.0000 1.0000 -0.0000
vn 0.6282 -0.0000 -0.7780
vt 0.125000 0.500000
vt 0.375000 0.500000
vt 0.375000 0.750000
vt 0.125000 0.750000
vt 0.375000 0.000000
vt 0.625000 0.000000
vt 0.625000 0.250000
vt 0.375000 0.250000
vt 0.625000 0.750000
vt 0.625000 1.000000
vt 0.375000 1.000000
vt 0.625000 0.500000
vt 0.875000 0.500000
vt 0.875000 0.750000
s 0
f 2220/2039/604 2223/2040/604 2222/2041/604 2219/2042/604
f 2219/2043/605 2221/2044/605 2226/2045/605 2220/2046/605
f 2222/2041/606 2224/2047/606 2221/2048/606 2219/2049/606
f 2223/2040/607 2225/2050/607 2224/2047/607 2222/2041/607
f 2225/2050/608 2226/2051/608 2221/2052/608 2224/2047/608
f 2220/2046/609 2226/2045/609 2225/2050/609 2223/2040/609
o Cube.067
v 0.130650 0.990814 -0.325703
v 0.186110 0.990814 -0.394386
v 0.130650 1.006544 -0.325703
v 0.161461 0.990814 -0.300823
v 0.216922 0.990814 -0.369505
v 0.161461 1.006544 -0.300823
v 0.216922 1.006544 -0.369505
v 0.186110 1.006544 -0.394386
vn -0.0000 -1.0000 -0.0000
vn -0.7780 -0.0000 -0.6282
vn -0.6282 -0.0000 0.7780
vn 0.7780 -0.0000 0.6282
vn -0.0000 1.0000 -0.0000
vn 0.6282 -0.0000 -0.7780
vt 0.125000 0.500000
vt 0.375000 0.500000
vt 0.375000 0.750000
vt 0.125000 0.750000
vt 0.375000 0.000000
vt 0.625000 0.000000
vt 0.625000 0.250000
vt 0.375000 0.250000
vt 0.625000 0.750000
vt 0.625000 1.000000
vt 0.375000 1.000000
vt 0.625000 0.500000
vt 0.875000 0.500000
vt 0.875000 0.750000
s 0
f 2228/2053/610 2231/2054/610 2230/2055/610 2227/2056/610
f 2227/2057/611 2229/2058/611 2234/2059/611 2228/2060/611
f 2230/2055/612 2232/2061/612 2229/2062/612 2227/2063/612
f 2231/2054/613 2233/2064/613 2232/2061/613 2230/2055/613
f 2233/2064/614 2234/2065/614 2229/2066/614 2232/2061/614
f 2228/2060/615 2234/2059/615 2233/2064/615 2231/2054/615
o Cube.068
v -0.195245 0.990814 0.273419
v -0.250706 0.990814 0.342102
v -0.195245 1.006544 0.273419
v -0.164433 0.990814 0.298299
v -0.219894 0.990814 0.366982
v -0.164433 1.006544 0.298299
v -0.219894 1.006544 0.366982
v -0.250706 1.006544 0.342102
vn -0.0000 -1.0000 -0.0000
vn -0.7780 -0.0000 -0.6282
vn 0.6282 -0.0000 -0.7780
vn 0.7780 -0.0000 0.6282
vn -0.0000 1.0000 -0.0000
vn -0.6282 -0.0000 0.7780
vt 0.125000 0.500000
vt 0.125000 0.750000
vt 0.375000 0.750000
vt 0.375000 0.500000
vt 0.375000 0.000000
vt 0.375000 0.250000
vt 0.625000 0.250000
vt 0.625000 0.000000
vt 0.375000 1.000000
vt 0.625000 1.000000
vt 0.625000 0.750000
vt 0.625000 0.500000
vt 0.875000 0.750000
vt 0.875000 0.500000
s 0
f 2236/2067/616 2235/2068/616 2238/2069/616 2239/2070/616
f 2235/2071/617 2236/2072/617 2242/2073/617 2237/2074/617
f 2238/2069/618 2235/2075/618 2237/2076/618 2240/2077/618
f 2239/2070/619 2238/2069/619 2240/2077/619 2241/2078/619
f 2241/2078/620 2240/2077/620 2237/2079/620 2242/2080/620
f 2236/2072/621 2239/2070/621 2241/2078/621 2242/2073/621
o Cube.069
v -0.230370 0.990814 0.245055
v -0.285831 0.990814 0.313738
v -0.230370 1.006544 0.245055
v -0.199558 0.990814 0.269936
v -0.255019 0.990814 0.338618
v -0.199558 1.006544 0.269936
v -0.255019 1.006544 0.338618
v -0.285831 1.006544 0.313738
vn -0.0000 -1.0000 -0.0000
vn -0.7780 -0.0000 -0.6282
vn 0.6282 -0.0000 -0.7780
vn 0.7780 -0.0000 0.6282
vn -0.0000 1.0000 -0.0000
vn -0.6282 -0.0000 0.7780
vt 0.125000 0.500000
vt 0.125000 0.750000
vt 0.375000 0.750000
vt 0.375000 0.500000
vt 0.375000 0.000000
vt 0.375000 0.250000
vt 0.625000 0.250000
vt 0.625000 0.000000
vt 0.375000 1.000000
vt 0.625000 1.000000
vt 0.625000 0.750000
vt 0.625000 0.500000
vt 0.875000 0.750000
vt 0.875000 0.500000
s 0
f 2244/2081/622 2243/2082/622 2246/2083/622 2247/2084/622
f 2243/2085/623 2244/2086/623 2250/2087/623 2245/2088/623
f 2246/2083/624 2243/2089/624 2245/2090/624 2248/2091/624
f 2247/2084/625 2246/2083/625 2248/2091/625 2249/2092/625
f 2249/2092/626 2248/2091/626 2245/2093/626 2250/2094/626
f 2244/2086/627 2247/2084/627 2249/2092/627 2250/2087/627
o Cube.070
v -0.265496 0.990814 0.216692
v -0.320956 0.990814 0.285375
v -0.265496 1.006544 0.216692
v -0.234684 0.990814 0.241572
v -0.290145 0.990814 0.310255
v -0.234684 1.006544 0.241572
v -0.290145 1.006544 0.310255
v -0.320956 1.006544 0.285375
vn -0.0000 -1.0000 -0.0000
vn -0.7780 -0.0000 -0.6282
vn 0.6282 -0.0000 -0.7780
vn 0.7780 -0.0000 0.6282
vn -0.0000 1.0000 -0.0000
vn -0.6282 -0.0000 0.7780
vt 0.125000 0.500000
vt 0.125000 0.750000
vt 0.375000 0.750000
vt 0.375000 0.500000
vt 0.375000 0.000000
vt 0.375000 0.250000
vt 0.625000 0.250000
vt 0.625000 0.000000
vt 0.375000 1.000000
vt 0.625000 1.000000
vt 0.625000 0.750000
vt 0.625000 0.500000
vt 0.875000 0.750000
vt 0.875000 0.500000
s 0
f 2252/2095/628 2251/2096/628 2254/2097/628 2255/2098/628
f 2251/2099/629 2252/2100/629 2258/2101/629 2253/2102/629
f 2254/2097/630 2251/2103/630 2253/2104/630 2256/2105/630
f 2255/2098/631 2254/2097/631 2256/2105/631 2257/2106/631
f 2257/2106/632 2256/2105/632 2253/2107/632 2258/2108/632
f 2252/2100/633 2255/2098/633 2257/2106/633 2258/2101/633
o Cube.071
v -0.300621 0.990814 0.188328
v -0.356082 0.990814 0.257011
v -0.300621 1.006544 0.188328
v -0.269809 0.990814 0.213209
v -0.325270 0.990814 0.281891
v -0.269809 1.006544 0.213209
v -0.325270 1.006544 0.281891
v -0.356082 1.006544 0.257011
vn -0.0000 -1.0000 -0.0000
vn -0.7780 -0.0000 -0.6282
vn 0.6282 -0.0000 -0.7780
vn 0.7780 -0.0000 0.6282
vn -0.0000 1.0000 -0.0000
vn -0.6282 -0.0000 0.7780
vt 0.125000 0.500000
vt 0.125000 0.750000
vt 0.375000 0.750000
vt 0.375000 0.500000
vt 0.375000 0.000000
vt 0.375000 0.250000
vt 0.625000 0.250000
vt 0.625000 0.000000
vt 0.375000 1.000000
vt 0.625000 1.000000
vt 0.625000 0.750000
vt 0.625000 0.500000
vt 0.875000 0.750000
vt 0.875000 0.500000
s 0
f 2260/2109/634 2259/2110/634 2262/2111/634 2263/2112/634
f 2259/2113/635 2260/2114/635 2266/2115/635 2261/2116/635
f 2262/2111/636 2259/2117/636 2261/2118/636 2264/2119/636
f 2263/2112/637 2262/2111/637 2264/2119/637 2265/2120/637
f 2265/2120/638 2264/2119/638 2261/2121/638 2266/2122/638
f 2260/2114/639 2263/2112/639 2265/2120/639 2266/2115/639
o Cube.072
v -0.367670 0.963349 -2.357613
v -0.367670 0.963349 -2.811007
v -0.648669 1.078971 -2.357613
v -0.360130 0.981673 -2.357613
v -0.360130 0.981673 -2.811007
v -0.641130 1.097295 -2.357613
v -0.641130 1.097295 -2.811007
v -0.648669 1.078971 -2.811007
vn 0.9248 -0.3805 -0.0000
vn -0.3805 -0.9248 -0.0000
vn -0.0000 -0.0000 1.0000
vn 0.3805 0.9248 -0.0000
vn -0.9248 0.3805 -0.0000
vn -0.0000 -0.0000 -1.0000
vt 0.125000 0.500000
vt 0.375000 0.500000
vt 0.375000 0.750000
vt 0.125000 0.750000
vt 0.375000 0.000000
vt 0.625000 0.000000
vt 0.625000 0.250000
vt 0.375000 0.250000
vt 0.625000 0.750000
vt 0.625000 1.000000
vt 0.375000 1.000000
vt 0.625000 0.500000
vt 0.875000 0.500000
vt 0.875000 0.750000
s 0
f 2268/2123/640 2271/2124/640 2270/2125/640 2267/2126/640
f 2267/2127/641 2269/2128/641 2274/2129/641 2268/2130/641
f 2270/2125/642 2272/2131/642 2269/2132/642 2267/2133/642
f 2271/2124/643 2273/2134/643 2272/2131/643 2270/2125/643
f 2273/2134/644 2274/2135/644 2269/2136/644 2272/2131/644
f 2268/2130/645 2274/2129/645 2273/2134/645 2271/2124/645
o Cube.073
v -0.327105 1.028755 -2.357613
v -0.327105 1.028754 -2.811007
v -0.542971 1.242603 -2.357613
v -0.313160 1.042831 -2.357613
v -0.313160 1.042831 -2.811007
v -0.529026 1.256679 -2.357613
v -0.529026 1.256679 -2.811007
v -0.542971 1.242603 -2.811007
vn 0.7104 -0.7038 -0.0000
vn -0.7038 -0.7104 -0.0000
vn -0.0000 -0.0000 1.0000
vn 0.7038 0.7104 -0.0000
vn -0.7104 0.7038 -0.0000
vn -0.0000 -0.0000 -1.0000
vt 0.125000 0.500000
vt 0.375000 0.500000
vt 0.375000 0.750000
vt 0.125000 0.750000
vt 0.375000 0.000000
vt 0.625000 0.000000
vt 0.625000 0.250000
vt 0.375000 0.250000
vt 0.625000 0.750000
vt 0.625000 1.000000
vt 0.375000 1.000000
vt 0.625000 0.500000
vt 0.875000 0.500000
vt 0.875000 0.750000
s 0
f 2276/2137/646 2279/2138/646 2278/2139/646 2275/2140/646
f 2275/2141/647 2277/2142/647 2282/2143/647 2276/2144/647
f 2278/2139/648 2280/2145/648 2277/2146/648 2275/2147/648
f 2279/2138/649 2281/2148/649 2280/2145/649 2278/2139/649
f 2281/2148/650 2282/2149/650 2277/2150/650 2280/2145/650
f 2276/2144/651 2282/2143/651 2281/2148/651 2279/2138/651
o Cube.074
v -0.264705 1.073804 -2.357613
v -0.264705 1.073804 -2.811007
v -0.382959 1.353706 -2.357613
v -0.246453 1.081516 -2.357613
v -0.246453 1.081516 -2.811007
v -0.364707 1.361417 -2.357613
v -0.364707 1.361417 -2.811007
v -0.382959 1.353706 -2.811007
vn 0.3892 -0.9212 -0.0000
vn -0.9212 -0.3892 -0.0000
vn -0.0000 -0.0000 1.0000
vn 0.9212 0.3892 -0.0000
vn -0.3892 0.9212 -0.0000
vn -0.0000 -0.0000 -1.0000
vt 0.125000 0.500000
vt 0.375000 0.500000
vt 0.375000 0.750000
vt 0.125000 0.750000
vt 0.375000 0.000000
vt 0.625000 0.000000
vt 0.625000 0.250000
vt 0.375000 0.250000
vt 0.625000 0.750000
vt 0.625000 1.000000
vt 0.375000 1.000000
vt 0.625000 0.500000
vt 0.875000 0.500000
vt 0.875000 0.750000
s 0
f 2284/2151/652 2287/2152/652 2286/2153/652 2283/2154/652
f 2283/2155/653 2285/2156/653 2290/2157/653 2284/2158/653
f 2286/2153/654 2288/2159/654 2285/2160/654 2283/2161/654
f 2287/2152/655 2289/2162/655 2288/2159/655 2286/2153/655
f 2289/2162/656 2290/2163/656 2285/2164/656 2288/2159/656
f 2284/2158/657 2290/2157/657 2289/2162/657 2287/2152/657
o Cube.075
v -0.189856 1.091721 -2.357613
v -0.189856 1.091721 -2.811007
v -0.192708 1.395565 -2.357613
v -0.170043 1.091907 -2.357613
v -0.170043 1.091907 -2.811007
v -0.172895 1.395751 -2.357613
v -0.172895 1.395751 -2.811007
v -0.192709 1.395565 -2.811007
vn 0.0094 -1.0000 -0.0000
vn -1.0000 -0.0094 -0.0000
vn -0.0000 -0.0000 1.0000
vn 1.0000 0.0094 -0.0000
vn -0.0094 1.0000 -0.0000
vn -0.0000 -0.0000 -1.0000
vt 0.125000 0.500000
vt 0.375000 0.500000
vt 0.375000 0.750000
vt 0.125000 0.750000
vt 0.375000 0.000000
vt 0.625000 0.000000
vt 0.625000 0.250000
vt 0.375000 0.250000
vt 0.625000 0.750000
vt 0.625000 1.000000
vt 0.375000 1.000000
vt 0.625000 0.500000
vt 0.875000 0.500000
vt 0.875000 0.750000
s 0
f 2292/2165/658 2295/2166/658 2294/2167/658 2291/2168/658
f 2291/2169/659 2293/2170/659 2298/2171/659 2292/2172/659
f 2294/2167/660 2296/2173/660 2293/2174/660 2291/2175/660
f 2295/2166/661 2297/2176/661 2296/2173/661 2294/2167/661
f 2297/2176/662 2298/2177/662 2293/2178/662 2296/2173/662
f 2292/2172/663 2298/2171/663 2297/2176/663 2295/2166/663
o Cube.076
v -0.113820 1.079809 -2.357613
v -0.113820 1.079809 -2.811007
v -0.000841 1.361882 -2.357613
v -0.095427 1.072442 -2.357613
v -0.095427 1.072442 -2.811007
v 0.017552 1.354514 -2.357613
v 0.017552 1.354514 -2.811007
v -0.000841 1.361882 -2.811007
vn -0.3718 -0.9283 -0.0000
vn -0.9283 0.3718 -0.0000
vn -0.0000 -0.0000 1.0000
vn 0.9283 -0.3718 -0.0000
vn 0.3718 0.9283 -0.0000
vn -0.0000 -0.0000 -1.0000
vt 0.125000 0.500000
vt 0.375000 0.500000
vt 0.375000 0.750000
vt 0.125000 0.750000
vt 0.375000 0.000000
vt 0.625000 0.000000
vt 0.625000 0.250000
vt 0.375000 0.250000
vt 0.625000 0.750000
vt 0.625000 1.000000
vt 0.375000 1.000000
vt 0.625000 0.500000
vt 0.875000 0.500000
vt 0.875000 0.750000
s 0
f 2300/2179/664 2303/2180/664 2302/2181/664 2299/2182/664
f 2299/2183/665 2301/2184/665 2306/2185/665 2300/2186/665
f 2302/2181/666 2304/2187/666 2301/2188/666 2299/2189/666
f 2303/2180/667 2305/2190/667 2304/2187/667 2302/2181/667
f 2305/2190/668 2306/2191/668 2301/2192/668 2304/2187/668
f 2300/2186/669 2306/2185/669 2305/2190/669 2303/2180/669
o Cube.077
v -0.048037 1.039860 -2.357613
v -0.048037 1.039860 -2.811007
v 0.163776 1.257724 -2.357613
v -0.033830 1.026048 -2.357613
v -0.033830 1.026048 -2.811007
v 0.177982 1.243912 -2.357613
v 0.177982 1.243912 -2.811007
v 0.163776 1.257724 -2.811007
vn -0.6971 -0.7170 -0.0000
vn -0.7170 0.6971 -0.0000
vn -0.0000 -0.0000 1.0000
vn 0.7170 -0.6971 -0.0000
vn 0.6971 0.7170 -0.0000
vn -0.0000 -0.0000 -1.0000
vt 0.125000 0.500000
vt 0.375000 0.500000
vt 0.375000 0.750000
vt 0.125000 0.750000
vt 0.375000 0.000000
vt 0.625000 0.000000
vt 0.625000 0.250000
vt 0.375000 0.250000
vt 0.625000 0.750000
vt 0.625000 1.000000
vt 0.375000 1.000000
vt 0.625000 0.500000
vt 0.875000 0.500000
vt 0.875000 0.750000
s 0
f 2308/2193/670 2311/2194/670 2310/2195/670 2307/2196/670
f 2307/2197/671 2309/2198/671 2314/2199/671 2308/2200/671
f 2310/2195/672 2312/2201/672 2309/2202/672 2307/2203/672
f 2311/2194/673 2313/2204/673 2312/2201/673 2310/2195/673
f 2313/2204/674 2314/2205/674 2309/2206/674 2312/2201/674
f 2308/2200/675 2314/2199/675 2313/2204/675 2311/2194/675
o Cube.078
v -0.002403 0.977885 -2.357613
v -0.002403 0.977886 -2.811007
v 0.276376 1.098763 -2.357613
v 0.005479 0.959707 -2.357613
v 0.005479 0.959707 -2.811007
v 0.284258 1.080584 -2.357613
v 0.284258 1.080584 -2.811007
v 0.276376 1.098763 -2.811007
vn -0.9175 -0.3978 -0.0000
vn -0.3978 0.9175 -0.0000
vn -0.0000 -0.0000 1.0000
vn 0.3978 -0.9175 -0.0000
vn 0.9175 0.3978 -0.0000
vn -0.0000 -0.0000 -1.0000
vt 0.125000 0.500000
vt 0.375000 0.500000
vt 0.375000 0.750000
vt 0.125000 0.750000
vt 0.375000 0.000000
vt 0.625000 0.000000
vt 0.625000 0.250000
vt 0.375000 0.250000
vt 0.625000 0.750000
vt 0.625000 1.000000
vt 0.375000 1.000000
vt 0.625000 0.500000
vt 0.875000 0.500000
vt 0.875000 0.750000
s 0
f 2316/2207/676 2319/2208/676 2318/2209/676 2315/2210/676
f 2315/2211/677 2317/2212/677 2322/2213/677 2316/2214/677
f 2318/2209/678 2320/2215/678 2317/2216/678 2315/2217/678
f 2319/2208/679 2321/2218/679 2320/2215/679 2318/2209/679
f 2321/2218/680 2322/2219/680 2317/2220/680 2320/2215/680
f 2316/2214/681 2322/2213/681 2321/2218/681 2319/2208/681
o Cube.079
v 0.016215 0.903208 -2.357613
v 0.016215 0.903208 -2.811007
v 0.320019 0.908913 -2.357613
v 0.016587 0.883398 -2.357613
v 0.016587 0.883398 -2.811007
v 0.320391 0.889102 -2.357613
v 0.320391 0.889103 -2.811007
v 0.320019 0.908913 -2.811007
vn -0.9998 -0.0188 -0.0000
vn -0.0188 0.9998 -0.0000
vn -0.0000 -0.0000 1.0000
vn 0.0188 -0.9998 -0.0000
vn 0.9998 0.0188 -0.0000
vn -0.0000 -0.0000 -1.0000
vt 0.125000 0.500000
vt 0.375000 0.500000
vt 0.375000 0.750000
vt 0.125000 0.750000
vt 0.375000 0.000000
vt 0.625000 0.000000
vt 0.625000 0.250000
vt 0.375000 0.250000
vt 0.625000 0.750000
vt 0.625000 1.000000
vt 0.375000 1.000000
vt 0.625000 0.500000
vt 0.875000 0.500000
vt 0.875000 0.750000
s 0
f 2324/2221/682 2327/2222/682 2326/2223/682 2323/2224/682
f 2323/2225/683 2325/2226/683 2330/2227/683 2324/2228/683
f 2326/2223/684 2328/2229/684 2325/2230/684 2323/2231/684
f 2327/2222/685 2329/2232/685 2328/2229/685 2326/2223/685
f 2329/2232/686 2330/2233/686 2325/2234/686 2328/2229/686
f 2324/2228/687 2330/2227/687 2329/2232/687 2327/2222/687
o Cube.080
v -0.441528 0.836617 -2.358910
v -0.441528 0.836617 -2.303924
v -0.441528 1.012197 -2.358910
v -0.268781 0.836617 -2.358910
v -0.096033 0.836617 -2.358910
v -0.268781 0.836617 -2.303924
v -0.268781 1.160691 -2.358910
v -0.096033 1.160691 -2.358910
v -0.268781 1.160691 -2.303924
v -0.441528 1.012197 -2.303924
v -0.096033 1.160691 -2.303924
v 0.076714 1.012197 -2.303924
v -0.096033 0.836617 -2.303924
v 0.076714 0.836617 -2.303924
v 0.076714 0.836617 -2.358910
v 0.076714 1.012197 -2.358910
vn -0.0000 -1.0000 -0.0000
vn -1.0000 -0.0000 -0.0000
vn -0.0000 -0.0000 -1.0000
vn -0.6519 0.7583 -0.0000
vn -0.0000 1.0000 -0.0000
vn -0.0000 -0.0000 1.0000
vn 0.6519 0.7583 -0.0000
vn 1.0000 -0.0000 -0.0000
vt 0.125000 0.500000
vt 0.125000 0.750000
vt 0.208333 0.750000
vt 0.208333 0.500000
vt 0.375000 0.000000
vt 0.375000 0.250000
vt 0.625000 0.250000
vt 0.625000 0.000000
vt 0.375000 0.916667
vt 0.375000 1.000000
vt 0.625000 1.000000
vt 0.625000 0.916667
vt 0.375000 0.833333
vt 0.625000 0.833333
vt 0.291667 0.750000
vt 0.291667 0.500000
vt 0.791667 0.500000
vt 0.791667 0.750000
vt 0.875000 0.750000
vt 0.875000 0.500000
vt 0.708333 0.500000
vt 0.708333 0.750000
vt 0.375000 0.333333
vt 0.625000 0.333333
vt 0.375000 0.416667
vt 0.625000 0.416667
vt 0.625000 0.500000
vt 0.625000 0.750000
vt 0.375000 0.500000
vt 0.375000 0.750000
s 0
f 2332/2235/688 2331/2236/688 2334/2237/688 2336/2238/688
f 2331/2239/689 2332/2240/689 2340/2241/689 2333/2242/689
f 2334/2243/690 2331/2244/690 2333/2245/690 2337/2246/690
f 2335/2247/690 2334/2243/690 2337/2246/690 2338/2248/690
f 2336/2238/688 2334/2237/688 2335/2249/688 2343/2250/688
f 2339/2251/691 2337/2252/691 2333/2253/691 2340/2254/691
f 2341/2255/692 2338/2256/692 2337/2252/692 2339/2251/692
f 2332/2240/693 2336/2257/693 2339/2258/693 2340/2241/693
f 2336/2257/693 2343/2259/693 2341/2260/693 2339/2258/693
f 2342/2261/694 2346/2262/694 2338/2256/694 2341/2255/694
f 2343/2259/693 2344/2263/693 2342/2261/693 2341/2260/693
f 2343/2250/688 2335/2249/688 2345/2264/688 2344/2263/688
f 2344/2263/695 2345/2264/695 2346/2262/695 2342/2261/695
f 2345/2264/690 2335/2247/690 2338/2248/690 2346/2262/690
o Cube.081
v -0.294256 0.871396 -2.305177
v -0.294256 0.871396 -2.276838
v -0.294256 1.004168 -2.305177
v -0.219690 0.871396 -2.305177
v -0.145124 0.871396 -2.305177
v -0.219690 0.871396 -2.276838
v -0.219690 1.068265 -2.305177
v -0.145124 1.068265 -2.305177
v -0.219690 1.068265 -2.276838
v -0.294256 1.004168 -2.276838
v -0.145124 1.068265 -2.276838
v -0.211927 1.046712 -2.249288
v -0.270966 0.995961 -2.249288
v -0.152887 1.046712 -2.249287
v -0.211927 0.871396 -2.249288
v -0.270966 0.871396 -2.249288
v -0.152887 0.871396 -2.249287
v -0.093848 0.871396 -2.249287
v -0.145124 0.871396 -2.276838
v -0.070558 0.871396 -2.276838
v -0.070558 1.004168 -2.276838
v -0.070558 0.871396 -2.305177
v -0.070558 1.004168 -2.305177
v -0.093848 0.995961 -2.249287
vn -0.0000 -1.0000 -0.0000
vn -1.0000 -0.0000 -0.0000
vn -0.0000 -0.0000 -1.0000
vn -0.6519 0.7583 -0.0000
vn -0.0000 1.0000 -0.0000
vn -0.5148 0.5988 0.6135
vn -0.0000 0.7876 0.6162
vn -0.0000 -0.0000 1.0000
vn 0.7637 -0.0000 0.6456
vn 1.0000 -0.0000 -0.0000
vn 0.6519 0.7583 -0.0000
vn 0.5148 0.5988 0.6135
vn -0.7637 -0.0000 0.6456
vt 0.125000 0.500000
vt 0.125000 0.750000
vt 0.208333 0.750000
vt 0.208333 0.500000
vt 0.375000 0.000000
vt 0.375000 0.250000
vt 0.625000 0.250000
vt 0.625000 0.000000
vt 0.375000 0.916667
vt 0.375000 1.000000
vt 0.625000 1.000000
vt 0.625000 0.916667
vt 0.375000 0.833333
vt 0.625000 0.833333
vt 0.291667 0.750000
vt 0.291667 0.500000
vt 0.791667 0.500000
vt 0.791667 0.750000
vt 0.875000 0.750000
vt 0.875000 0.500000
vt 0.708333 0.500000
vt 0.708333 0.750000
vt 0.375000 0.333333
vt 0.625000 0.333333
vt 0.375000 0.416667
vt 0.625000 0.416667
vt 0.375000 0.500000
vt 0.625000 0.500000
vt 0.375000 0.750000
vt 0.625000 0.750000
s 0
f 2348/2265/696 2347/2266/696 2350/2267/696 2352/2268/696
f 2347/2269/697 2348/2270/697 2356/2271/697 2349/2272/697
f 2350/2273/698 2347/2274/698 2349/2275/698 2353/2276/698
f 2351/2277/698 2350/2273/698 2353/2276/698 2354/2278/698
f 2352/2268/696 2350/2267/696 2351/2279/696 2365/2280/696
f 2355/2281/699 2353/2282/699 2349/2283/699 2356/2284/699
f 2357/2285/700 2354/2286/700 2353/2282/700 2355/2281/700
f 2356/2284/701 2359/2284/701 2358/2281/701 2355/2281/701
f 2355/2281/702 2358/2281/702 2360/2285/702 2357/2285/702
f 2362/2270/703 2361/2287/703 2358/2288/703 2359/2271/703
f 2361/2287/703 2363/2289/703 2360/2290/703 2358/2288/703
f 2352/2268/696 2361/2268/696 2362/2265/696 2348/2265/696
f 2365/2280/696 2363/2280/696 2361/2268/696 2352/2268/696
f 2366/2291/696 2364/2291/696 2363/2280/696 2365/2280/696
f 2363/2289/703 2364/2291/703 2370/2292/703 2360/2290/703
f 2365/2280/696 2351/2279/696 2368/2293/696 2366/2291/696
f 2367/2292/704 2370/2292/704 2364/2291/704 2366/2291/704
f 2366/2291/705 2368/2293/705 2369/2294/705 2367/2292/705
f 2368/2293/698 2351/2277/698 2354/2278/698 2369/2294/698
f 2367/2292/706 2369/2294/706 2354/2286/706 2357/2285/706
f 2357/2285/707 2360/2285/707 2370/2292/707 2367/2292/707
f 2348/2270/708 2362/2270/708 2359/2271/708 2356/2271/708
o Cube.082
v -0.381853 0.851842 -2.360336
v -0.381853 0.851842 -2.813730
v -0.685710 0.851842 -2.360336
v -0.381853 0.871656 -2.360336
v -0.381853 0.871656 -2.813730
v -0.685710 0.871656 -2.360336
v -0.685710 0.871656 -2.813730
v -0.685710 0.851842 -2.813730
vn 1.0000 -0.0000 -0.0000
vn -0.0000 -1.0000 -0.0000
vn -0.0000 -0.0000 1.0000
vn -0.0000 1.0000 -0.0000
vn -1.0000 -0.0000 -0.0000
vn -0.0000 -0.0000 -1.0000
vt 0.125000 0.500000
vt 0.375000 0.500000
vt 0.375000 0.750000
vt 0.125000 0.750000
vt 0.375000 0.000000
vt 0.625000 0.000000
vt 0.625000 0.250000
vt 0.375000 0.250000
vt 0.625000 0.750000
vt 0.625000 1.000000
vt 0.375000 1.000000
vt 0.625000 0.500000
vt 0.875000 0.500000
vt 0.875000 0.750000
s 0
f 2372/2295/709 2375/2296/709 2374/2297/709 2371/2298/709
f 2371/2299/710 2373/2300/710 2378/2301/710 2372/2302/710
f 2374/2297/711 2376/2303/711 2373/2304/711 2371/2305/711
f 2375/2296/712 2377/2306/712 2376/2303/712 2374/2297/712
f 2377/2306/713 2378/2307/713 2373/2308/713 2376/2303/713
f 2372/2302/714 2378/2301/714 2377/2306/714 2375/2296/714
o Cube.083
v -0.381853 0.874034 -2.360336
v -0.381853 0.874034 -2.813730
v -0.685710 0.874034 -2.360336
v -0.381853 0.893848 -2.360336
v -0.381853 0.893848 -2.813730
v -0.685710 0.893848 -2.360336
v -0.685710 0.893848 -2.813730
v -0.685710 0.874034 -2.813730
vn 1.0000 -0.0000 -0.0000
vn -0.0000 -1.0000 -0.0000
vn -0.0000 -0.0000 1.0000
vn -0.0000 1.0000 -0.0000
vn -1.0000 -0.0000 -0.0000
vn -0.0000 -0.0000 -1.0000
vt 0.125000 0.500000
vt 0.375000 0.500000
vt 0.375000 0.750000
vt 0.125000 0.750000
vt 0.375000 0.000000
vt 0.625000 0.000000
vt 0.625000 0.250000
vt 0.375000 0.250000
vt 0.625000 0.750000
vt 0.625000 1.000000
vt 0.375000 1.000000
vt 0.625000 0.500000
vt 0.875000 0.500000
vt 0.875000 0.750000
s 0
f 2380/2309/715 2383/2310/715 2382/2311/715 2379/2312/715
f 2379/2313/716 2381/2314/716 2386/2315/716 2380/2316/716
f 2382/2311/717 2384/2317/717 2381/2318/717 2379/2319/717
f 2383/2310/718 2385/2320/718 2384/2317/718 2382/2311/718
f 2385/2320/719 2386/2321/719 2381/2322/719 2384/2317/719
f 2380/2316/720 2386/2315/720 2385/2320/720 2383/2310/720
o Cube.084
v -0.381853 0.896226 -2.360336
v -0.381853 0.896226 -2.813730
v -0.685710 0.896226 -2.360336
v -0.381853 0.916040 -2.360336
v -0.381853 0.916040 -2.813730
v -0.685710 0.916040 -2.360336
v -0.685710 0.916040 -2.813730
v -0.685710 0.896226 -2.813730
vn 1.0000 -0.0000 -0.0000
vn -0.0000 -1.0000 -0.0000
vn -0.0000 -0.0000 1.0000
vn -0.0000 1.0000 -0.0000
vn -1.0000 -0.0000 -0.0000
vn -0.0000 -0.0000 -1.0000
vt 0.125000 0.500000
vt 0.375000 0.500000
vt 0.375000 0.750000
vt 0.125000 0.750000
vt 0.375000 0.000000
vt 0.625000 0.000000
vt 0.625000 0.250000
vt 0.375000 0.250000
vt 0.625000 0.750000
vt 0.625000 1.000000
vt 0.375000 1.000000
vt 0.625000 0.500000
vt 0.875000 0.500000
vt 0.875000 0.750000
s 0
f 2388/2323/721 2391/2324/721 2390/2325/721 2387/2326/721
f 2387/2327/722 2389/2328/722 2394/2329/722 2388/2330/722
f 2390/2325/723 2392/2331/723 2389/2332/723 2387/2333/723
f 2391/2324/724 2393/2334/724 2392/2331/724 2390/2325/724
f 2393/2334/725 2394/2335/725 2389/2336/725 2392/2331/725
f 2388/2330/726 2394/2329/726 2393/2334/726 2391/2324/726
o Cube.085
v -0.381853 0.918417 -2.360336
v -0.381853 0.918417 -2.813730
v -0.685710 0.918417 -2.360336
v -0.381853 0.938232 -2.360336
v -0.381853 0.938232 -2.813730
v -0.685710 0.938232 -2.360336
v -0.685710 0.938232 -2.813730
v -0.685710 0.918417 -2.813730
vn 1.0000 -0.0000 -0.0000
vn -0.0000 -1.0000 -0.0000
vn -0.0000 -0.0000 1.0000
vn -0.0000 1.0000 -0.0000
vn -1.0000 -0.0000 -0.0000
vn -0.0000 -0.0000 -1.0000
vt 0.125000 0.500000
vt 0.375000 0.500000
vt 0.375000 0.750000
vt 0.125000 0.750000
vt 0.375000 0.000000
vt 0.625000 0.000000
vt 0.625000 0.250000
vt 0.375000 0.250000
vt 0.625000 0.750000
vt 0.625000 1.000000
vt 0.375000 1.000000
vt 0.625000 0.500000
vt 0.875000 0.500000
vt 0.875000 0.750000
s 0
f 2396/2337/727 2399/2338/727 2398/2339/727 2395/2340/727
f 2395/2341/728 2397/2342/728 2402/2343/728 2396/2344/728
f 2398/2339/729 2400/2345/729 2397/2346/729 2395/2347/729
f 2399/2338/730 2401/2348/730 2400/2345/730 2398/2339/730
f 2401/2348/731 2402/2349/731 2397/2350/731 2400/2345/731
f 2396/2344/732 2402/2343/732 2401/2348/732 2399/2338/732
o Cube.086
v -0.381853 0.940609 -2.360336
v -0.381853 0.940609 -2.813730
v -0.685710 0.940609 -2.360336
v -0.381853 0.960423 -2.360336
v -0.381853 0.960423 -2.813730
v -0.685710 0.960423 -2.360336
v -0.685710 0.960423 -2.813730
v -0.685710 0.940609 -2.813730
vn 1.0000 -0.0000 -0.0000
vn -0.0000 -1.0000 -0.0000
vn -0.0000 -0.0000 1.0000
vn -0.0000 1.0000 -0.0000
vn -1.0000 -0.0000 -0.0000
vn -0.0000 -0.0000 -1.0000
vt 0.125000 0.500000
vt 0.375000 0.500000
vt 0.375000 0.750000
vt 0.125000 0.750000
vt 0.375000 0.000000
vt 0.625000 0.000000
vt 0.625000 0.250000
vt 0.375000 0.250000
vt 0.625000 0.750000
vt 0.625000 1.000000
vt 0.375000 1.000000
vt 0.625000 0.500000
vt 0.875000 0.500000
vt 0.875000 0.750000
s 0
f 2404/2351/733 2407/2352/733 2406/2353/733 2403/2354/733
f 2403/2355/734 2405/2356/734 2410/2357/734 2404/2358/734
f 2406/2353/735 2408/2359/735 2405/2360/735 2403/2361/735
f 2407/2352/736 2409/2362/736 2408/2359/736 2406/2353/736
f 2409/2362/737 2410/2363/737 2405/2364/737 2408/2359/737
f 2404/2358/738 2410/2357/738 2409/2362/738 2407/2352/738
o Cube.087
v 0.017039 0.829650 -2.360336
v 0.017039 0.829650 -2.813730
v 0.320896 0.829650 -2.360336
v 0.017039 0.849464 -2.360336
v 0.017039 0.849464 -2.813730
v 0.320896 0.849464 -2.360336
v 0.320896 0.849464 -2.813730
v 0.320896 0.829650 -2.813730
vn -1.0000 -0.0000 -0.0000
vn -0.0000 -1.0000 -0.0000
vn -0.0000 -0.0000 1.0000
vn -0.0000 1.0000 -0.0000
vn 1.0000 -0.0000 -0.0000
vn -0.0000 -0.0000 -1.0000
vt 0.125000 0.500000
vt 0.125000 0.750000
vt 0.375000 0.750000
vt 0.375000 0.500000
vt 0.375000 0.000000
vt 0.375000 0.250000
vt 0.625000 0.250000
vt 0.625000 0.000000
vt 0.375000 1.000000
vt 0.625000 1.000000
vt 0.625000 0.750000
vt 0.625000 0.500000
vt 0.875000 0.750000
vt 0.875000 0.500000
s 0
f 2412/2365/739 2411/2366/739 2414/2367/739 2415/2368/739
f 2411/2369/740 2412/2370/740 2418/2371/740 2413/2372/740
f 2414/2367/741 2411/2373/741 2413/2374/741 2416/2375/741
f 2415/2368/742 2414/2367/742 2416/2375/742 2417/2376/742
f 2417/2376/743 2416/2375/743 2413/2377/743 2418/2378/743
f 2412/2370/744 2415/2368/744 2417/2376/744 2418/2371/744
o Cube.088
v 0.017039 0.851842 -2.360336
v 0.017039 0.851842 -2.813730
v 0.320896 0.851842 -2.360336
v 0.017039 0.871656 -2.360336
v 0.017039 0.871656 -2.813730
v 0.320896 0.871656 -2.360336
v 0.320896 0.871656 -2.813730
v 0.320896 0.851842 -2.813730
vn -1.0000 -0.0000 -0.0000
vn -0.0000 -1.0000 -0.0000
vn -0.0000 -0.0000 1.0000
vn -0.0000 1.0000 -0.0000
vn 1.0000 -0.0000 -0.0000
vn -0.0000 -0.0000 -1.0000
vt 0.125000 0.500000
vt 0.125000 0.750000
vt 0.375000 0.750000
vt 0.375000 0.500000
vt 0.375000 0.000000
vt 0.375000 0.250000
vt 0.625000 0.250000
vt 0.625000 0.000000
vt 0.375000 1.000000
vt 0.625000 1.000000
vt 0.625000 0.750000
vt 0.625000 0.500000
vt 0.875000 0.750000
vt 0.875000 0.500000
s 0
f 2420/2379/745 2419/2380/745 2422/2381/745 2423/2382/745
f 2419/2383/746 2420/2384/746 2426/2385/746 2421/2386/746
f 2422/2381/747 2419/2387/747 2421/2388/747 2424/2389/747
f 2423/2382/748 2422/2381/748 2424/2389/748 2425/2390/748
f 2425/2390/749 2424/2389/749 2421/2391/749 2426/2392/749
f 2420/2384/750 2423/2382/750 2425/2390/750 2426/2385/750
o Cube.089
v 0.017039 0.874034 -2.360336
v 0.017039 0.874034 -2.813730
v 0.320896 0.874034 -2.360336
v 0.017039 0.893848 -2.360336
v 0.017039 0.893848 -2.813730
v 0.320896 0.893848 -2.360336
v 0.320896 0.893848 -2.813730
v 0.320896 0.874034 -2.813730
vn -1.0000 -0.0000 -0.0000
vn -0.0000 -1.0000 -0.0000
vn -0.0000 -0.0000 1.0000
vn -0.0000 1.0000 -0.0000
vn 1.0000 -0.0000 -0.0000
vn -0.0000 -0.0000 -1.0000
vt 0.125000 0.500000
vt 0.125000 0.750000
vt 0.375000 0.750000
vt 0.375000 0.500000
vt 0.375000 0.000000
vt 0.375000 0.250000
vt 0.625000 0.250000
vt 0.625000 0.000000
vt 0.375000 1.000000
vt 0.625000 1.000000
vt 0.625000 0.750000
vt 0.625000 0.500000
vt 0.875000 0.750000
vt 0.875000 0.500000
s 0
f 2428/2393/751 2427/2394/751 2430/2395/751 2431/2396/751
f 2427/2397/752 2428/2398/752 2434/2399/752 2429/2400/752
f 2430/2395/753 2427/2401/753 2429/2402/753 2432/2403/753
f 2431/2396/754 2430/2395/754 2432/2403/754 2433/2404/754
f 2433/2404/755 2432/2403/755 2429/2405/755 2434/2406/755
f 2428/2398/756 2431/2396/756 2433/2404/756 2434/2399/756
o Cube.090
v 0.017039 0.896226 -2.360336
v 0.017039 0.896226 -2.813730
v 0.320896 0.896226 -2.360336
v 0.017039 0.916040 -2.360336
v 0.017039 0.916040 -2.813730
v 0.320896 0.916040 -2.360336
v 0.320896 0.916040 -2.813730
v 0.320896 0.896226 -2.813730
vn -1.0000 -0.0000 -0.0000
vn -0.0000 -1.0000 -0.0000
vn -0.0000 -0.0000 1.0000
vn -0.0000 1.0000 -0.0000
vn 1.0000 -0.0000 -0.0000
vn -0.0000 -0.0000 -1.0000
vt 0.125000 0.500000
vt 0.125000 0.750000
vt 0.375000 0.750000
vt 0.375000 0.500000
vt 0.375000 0.000000
vt 0.375000 0.250000
vt 0.625000 0.250000
vt 0.625000 0.000000
vt 0.375000 1.000000
vt 0.625000 1.000000
vt 0.625000 0.750000
vt 0.625000 0.500000
vt 0.875000 0.750000
vt 0.875000 0.500000
s 0
f 2436/2407/757 2435/2408/757 2438/2409/757 2439/2410/757
f 2435/2411/758 2436/2412/758 2442/2413/758 2437/2414/758
f 2438/2409/759 2435/2415/759 2437/2416/759 2440/2417/759
f 2439/2410/760 2438/2409/760 2440/2417/760 2441/2418/760
f 2441/2418/761 2440/2417/761 2437/2419/761 2442/2420/761
f 2436/2412/762 2439/2410/762 2441/2418/762 2442/2413/762
o Cube.091
v 0.017039 0.918417 -2.360336
v 0.017039 0.918417 -2.813730
v 0.320896 0.918417 -2.360336
v 0.017039 0.938232 -2.360336
v 0.017039 0.938232 -2.813730
v 0.320896 0.938232 -2.360336
v 0.320896 0.938232 -2.813730
v 0.320896 0.918417 -2.813730
vn -1.0000 -0.0000 -0.0000
vn -0.0000 -1.0000 -0.0000
vn -0.0000 -0.0000 1.0000
vn -0.0000 1.0000 -0.0000
vn 1.0000 -0.0000 -0.0000
vn -0.0000 -0.0000 -1.0000
vt 0.125000 0.500000
vt 0.125000 0.750000
vt 0.375000 0.750000
vt 0.375000 0.500000
vt 0.375000 0.000000
vt 0.375000 0.250000
vt 0.625000 0.250000
vt 0.625000 0.000000
vt 0.375000 1.000000
vt 0.625000 1.000000
vt 0.625000 0.750000
vt 0.625000 0.500000
vt 0.875000 0.750000
vt 0.875000 0.500000
s 0
f 2444/2421/763 2443/2422/763 2446/2423/763 2447/2424/763
f 2443/2425/764 2444/2426/764 2450/2427/764 2445/2428/764
f 2446/2423/765 2443/2429/765 2445/2430/765 2448/2431/765
f 2447/2424/766 2446/2423/766 2448/2431/766 2449/2432/766
f 2449/2432/767 2448/2431/767 2445/2433/767 2450/2434/767
f 2444/2426/768 2447/2424/768 2449/2432/768 2450/2427/768
o Cube.092
v 0.017039 0.940609 -2.360336
v 0.017039 0.940609 -2.813730
v 0.320896 0.940609 -2.360336
v 0.017039 0.960423 -2.360336
v 0.017039 0.960423 -2.813730
v 0.320896 0.960423 -2.360336
v 0.320896 0.960423 -2.813730
v 0.320896 0.940609 -2.813730
vn -1.0000 -0.0000 -0.0000
vn -0.0000 -1.0000 -0.0000
vn -0.0000 -0.0000 1.0000
vn -0.0000 1.0000 -0.0000
vn 1.0000 -0.0000 -0.0000
vn -0.0000 -0.0000 -1.0000
vt 0.125000 0.500000
vt 0.125000 0.750000
vt 0.375000 0.750000
vt 0.375000 0.500000
vt 0.375000 0.000000
vt 0.375000 0.250000
vt 0.625000 0.250000
vt 0.625000 0.000000
vt 0.375000 1.000000
vt 0.625000 1.000000
vt 0.625000 0.750000
vt 0.625000 0.500000
vt 0.875000 0.750000
vt 0.875000 0.500000
s 0
f 2452/2435/769 2451/2436/769 2454/2437/769 2455/2438/769
f 2451/2439/770 2452/2440/770 2458/2441/770 2453/2442/770
f 2454/2437/771 2451/2443/771 2453/2444/771 2456/2445/771
f 2455/2438/772 2454/2437/772 2456/2445/772 2457/2446/772
f 2457/2446/773 2456/2445/773 2453/2447/773 2458/2448/773
f 2452/2440/774 2455/2438/774 2457/2446/774 2458/2441/774
o Cylinder.025
v 0.668988 0.983971 -0.938121
v 0.708667 0.983725 -0.921687
v 0.629309 0.983725 -0.921687
v 0.668988 0.987004 -1.141072
v 0.668988 0.994381 -0.937966
v 0.708667 0.994136 -0.921532
v 0.629309 0.994136 -0.921532
v 0.668988 0.994381 -0.937966
v 0.708667 0.994136 -0.921532
v 0.629309 0.994136 -0.921532
v 0.668988 0.994551 -0.949305
v 0.716686 0.994256 -0.929550
v 0.621290 0.994256 -0.929550
v 0.668988 0.992875 -0.949330
v 0.668988 0.993960 -1.021953
v 0.716686 0.992580 -0.929575
v 0.621290 0.992580 -0.929575
v 0.569932 0.993347 -0.980927
v 0.601533 0.991867 -0.881882
v 0.528902 0.991867 -0.881882
v 0.621290 0.991154 -0.834189
v 0.601533 0.993543 -0.881857
v 0.612873 0.993543 -0.881857
v 0.621290 0.992830 -0.834164
v 0.629309 0.992950 -0.842182
v 0.668988 0.992535 -0.814409
v 0.668988 0.990859 -0.814434
v 0.668988 0.992704 -0.825748
v 0.716686 0.992830 -0.834164
v 0.716686 0.991154 -0.834189
v 0.708667 0.992950 -0.842182
v 0.736443 0.993543 -0.881857
v 0.736443 0.991867 -0.881882
v 0.725103 0.993543 -0.881857
v 0.725103 0.993543 -0.881857
v 0.708667 0.992950 -0.842182
v 0.725103 0.983132 -0.882013
v 0.708667 0.982539 -0.842338
v 0.928076 0.983132 -0.882013
v 0.852191 0.985870 -1.065195
v 0.928076 0.993543 -0.881857
v 0.852191 0.980395 -0.698830
v 0.852191 0.990805 -0.698674
v 0.668988 0.979261 -0.622953
v 0.668988 0.989671 -0.622797
v 0.485785 0.980395 -0.698830
v 0.668988 0.982294 -0.825904
v 0.629309 0.982539 -0.842338
v 0.668988 0.992704 -0.825748
v 0.629309 0.992950 -0.842182
v 0.612873 0.993543 -0.881857
v 0.612873 0.983132 -0.882013
v 0.409899 0.983132 -0.882013
v 0.409899 0.993543 -0.881857
v 0.485785 0.985870 -1.065195
v 0.485785 0.996281 -1.065040
v 0.668988 0.997415 -1.140917
v 0.569932 0.995023 -0.980902
v 0.668988 0.995636 -1.021927
v 0.528902 0.993543 -0.881857
v 0.569932 0.995023 -0.980902
v 0.668988 0.995636 -1.021927
v 0.528902 0.993543 -0.881857
v 0.569932 0.992063 -0.782812
v 0.569932 0.992063 -0.782812
v 0.668988 0.991450 -0.741787
v 0.569932 0.990387 -0.782837
v 0.668988 0.989774 -0.741812
v 0.768044 0.990387 -0.782837
v 0.768044 0.992063 -0.782812
v 0.809074 0.991867 -0.881882
v 0.809074 0.993543 -0.881857
v 0.768044 0.993347 -0.980927
v 0.768044 0.995023 -0.980902
v 0.768044 0.995023 -0.980902
v 0.852191 0.996281 -1.065040
v 0.809074 0.993543 -0.881857
v 0.768044 0.992063 -0.782812
v 0.668988 0.991450 -0.741787
v 0.485785 0.990805 -0.698674
vn -0.3827 -0.0138 0.9238
vn -0.0000 -0.9999 -0.0149
vn 0.3827 -0.0138 0.9238
vn -0.0000 0.9999 0.0149
vn 0.3827 0.0138 -0.9238
vn -0.3827 0.0138 -0.9238
vn -0.9239 0.0057 -0.3826
vn -0.9239 -0.0057 0.3826
vn 0.9239 -0.0057 0.3826
vn 0.9239 0.0057 -0.3826
vt 0.286756 0.286756
vt 0.250000 0.301981
vt 0.750000 0.301981
vt 0.786756 0.286756
vt 0.750000 0.490000
vt 0.919706 0.419706
vt 0.713244 0.286756
vt 0.580294 0.419706
vt 0.213244 0.286756
vt 0.294184 0.294184
vt 0.250000 0.312486
vt 0.205816 0.294184
vt 0.341758 0.341758
vt 0.250000 0.379765
vt 0.158242 0.341758
vt 0.187514 0.250000
vt 0.120235 0.250000
vt 0.205816 0.205816
vt 0.158242 0.158242
vt 0.198019 0.250000
vt 0.213244 0.213244
vt 0.250000 0.187514
vt 0.250000 0.198019
vt 0.294184 0.205816
vt 0.286756 0.213244
vt 0.312486 0.250000
vt 0.301981 0.250000
vt 0.801981 0.250000
vt 0.786756 0.213244
vt 0.990000 0.250000
vt 0.919706 0.080294
vt 0.875000 0.500000
vt 0.875000 1.000000
vt 0.750000 1.000000
vt 0.750000 0.500000
vt 0.625000 1.000000
vt 0.625000 0.500000
vt 0.500000 1.000000
vt 0.500000 0.500000
vt 0.750000 0.198019
vt 0.750000 0.010000
vt 0.375000 1.000000
vt 0.375000 0.500000
vt 0.713244 0.213244
vt 0.580294 0.080294
vt 0.698019 0.250000
vt 0.510000 0.250000
vt 0.250000 1.000000
vt 0.250000 0.500000
vt 0.125000 1.000000
vt 0.125000 0.500000
vt 0.000000 1.000000
vt 0.000000 0.500000
vt 0.080294 0.419706
vt 0.010000 0.250000
vt 0.250000 0.490000
vt 0.250000 0.120235
vt 0.341758 0.158242
vt 0.379765 0.250000
vt 0.490000 0.250000
vt 0.419706 0.419706
vt 0.419706 0.080294
vt 0.250000 0.010000
vt 0.080294 0.080294
vt 1.000000 0.500000
vt 1.000000 1.000000
s 0
f 2464/2449/775 2463/2450/775 2459/2451/775 2460/2452/775
f 2460/2452/776 2459/2451/776 2462/2453/776 2498/2454/776
f 2459/2451/776 2461/2455/776 2513/2456/776 2462/2453/776
f 2463/2450/777 2465/2457/777 2461/2455/777 2459/2451/777
f 2463/2450/778 2464/2449/778 2467/2449/778 2466/2450/778
f 2465/2457/778 2463/2450/778 2466/2450/778 2468/2457/778
f 2466/2450/778 2467/2449/778 2470/2458/778 2469/2459/778
f 2468/2457/778 2466/2450/778 2469/2459/778 2471/2460/778
f 2469/2459/779 2470/2458/779 2474/2458/779 2472/2459/779
f 2471/2460/780 2469/2459/780 2472/2459/780 2475/2460/780
f 2472/2459/778 2474/2458/778 2531/2461/778 2473/2462/778
f 2475/2460/778 2472/2459/778 2473/2462/778 2476/2463/778
f 2477/2464/778 2475/2460/778 2476/2463/778 2478/2465/778
f 2480/2464/781 2471/2460/781 2475/2460/781 2477/2464/781
f 2479/2466/778 2477/2464/778 2478/2465/778 2525/2467/778
f 2482/2466/782 2480/2464/782 2477/2464/782 2479/2466/782
f 2481/2468/778 2468/2457/778 2471/2460/778 2480/2464/778
f 2483/2469/778 2481/2468/778 2480/2464/778 2482/2466/778
f 2484/2470/775 2482/2466/775 2479/2466/775 2485/2470/775
f 2486/2471/778 2483/2469/778 2482/2466/778 2484/2470/778
f 2487/2472/777 2484/2470/777 2485/2470/777 2488/2472/777
f 2489/2473/778 2486/2471/778 2484/2470/778 2487/2472/778
f 2490/2474/783 2487/2472/783 2488/2472/783 2491/2474/783
f 2492/2475/778 2489/2473/778 2487/2472/778 2490/2474/778
f 2470/2458/784 2490/2474/784 2491/2474/784 2474/2458/784
f 2467/2449/778 2492/2475/778 2490/2474/778 2470/2458/778
f 2464/2449/778 2493/2475/778 2492/2475/778 2467/2449/778
f 2493/2475/778 2494/2473/778 2489/2473/778 2492/2475/778
f 2493/2475/782 2464/2449/782 2460/2452/782 2495/2476/782
f 2494/2473/781 2493/2475/781 2495/2476/781 2496/2477/781
f 2495/2476/776 2460/2452/776 2498/2454/776 2497/2478/776
f 2496/2477/776 2495/2476/776 2497/2478/776 2500/2479/776
f 2498/2480/784 2534/2481/784 2499/2482/784 2497/2483/784
f 2497/2483/783 2499/2482/783 2501/2484/783 2500/2485/783
f 2500/2485/777 2501/2484/777 2503/2486/777 2502/2487/777
f 2505/2488/776 2496/2477/776 2500/2479/776 2502/2489/776
f 2502/2487/775 2503/2486/775 2538/2490/775 2504/2491/775
f 2506/2492/776 2505/2488/776 2502/2489/776 2504/2493/776
f 2507/2471/780 2494/2473/780 2496/2477/780 2505/2488/780
f 2508/2469/779 2507/2471/779 2505/2488/779 2506/2492/779
f 2494/2473/778 2507/2471/778 2486/2471/778 2489/2473/778
f 2507/2471/778 2508/2469/778 2483/2469/778 2486/2471/778
f 2508/2469/778 2509/2468/778 2481/2468/778 2483/2469/778
f 2509/2468/784 2508/2469/784 2506/2492/784 2510/2494/784
f 2509/2468/778 2465/2457/778 2468/2457/778 2481/2468/778
f 2465/2457/783 2509/2468/783 2510/2494/783 2461/2455/783
f 2510/2494/776 2506/2492/776 2504/2493/776 2511/2495/776
f 2461/2455/776 2510/2494/776 2511/2495/776 2513/2456/776
f 2504/2491/782 2538/2490/782 2512/2496/782 2511/2497/782
f 2511/2497/781 2512/2496/781 2514/2498/781 2513/2499/781
f 2513/2499/780 2514/2498/780 2515/2500/780 2462/2501/780
f 2518/2465/778 2516/2463/778 2514/2502/778 2512/2503/778
f 2516/2463/778 2517/2462/778 2515/2504/778 2514/2502/778
f 2517/2462/778 2516/2463/778 2519/2463/778 2520/2462/778
f 2516/2463/778 2518/2465/778 2521/2465/778 2519/2463/778
f 2520/2462/777 2519/2463/777 2476/2463/777 2473/2462/777
f 2519/2463/783 2521/2465/783 2478/2465/783 2476/2463/783
f 2521/2465/784 2522/2467/784 2525/2467/784 2478/2465/784
f 2518/2465/778 2523/2467/778 2522/2467/778 2521/2465/778
f 2523/2467/778 2537/2505/778 2524/2505/778 2522/2467/778
f 2522/2467/779 2524/2505/779 2526/2505/779 2525/2467/779
f 2485/2470/778 2479/2466/778 2525/2467/778 2526/2505/778
f 2524/2505/780 2528/2506/780 2527/2506/780 2526/2505/780
f 2488/2472/778 2485/2470/778 2526/2505/778 2527/2506/778
f 2528/2506/781 2530/2507/781 2529/2507/781 2527/2506/781
f 2491/2474/778 2488/2472/778 2527/2506/778 2529/2507/778
f 2530/2507/782 2532/2461/782 2531/2461/782 2529/2507/782
f 2474/2458/778 2491/2474/778 2529/2507/778 2531/2461/778
f 2532/2461/775 2520/2462/775 2473/2462/775 2531/2461/775
f 2535/2507/778 2533/2461/778 2532/2461/778 2530/2507/778
f 2533/2461/778 2517/2462/778 2520/2462/778 2532/2461/778
f 2533/2461/778 2535/2507/778 2499/2508/778 2534/2509/778
f 2517/2462/778 2533/2461/778 2534/2509/778 2515/2504/778
f 2535/2507/778 2536/2506/778 2501/2510/778 2499/2508/778
f 2536/2506/778 2535/2507/778 2530/2507/778 2528/2506/778
f 2536/2506/778 2537/2505/778 2503/2511/778 2501/2510/778
f 2537/2505/778 2536/2506/778 2528/2506/778 2524/2505/778
f 2537/2505/778 2523/2467/778 2538/2512/778 2503/2511/778
f 2462/2513/779 2515/2514/779 2534/2481/779 2498/2480/779
f 2523/2467/778 2518/2465/778 2512/2503/778 2538/2512/778
o Cylinder.026
v 0.668988 0.985815 -0.761894
v 0.708667 0.985569 -0.745460
v 0.629309 0.985569 -0.745460
v 0.668988 0.988848 -0.964845
v 0.668988 0.996225 -0.761738
v 0.708667 0.995980 -0.745304
v 0.629309 0.995980 -0.745304
v 0.668988 0.996225 -0.761738
v 0.708667 0.995980 -0.745304
v 0.629309 0.995980 -0.745304
v 0.668988 0.996395 -0.773077
v 0.716686 0.996100 -0.753322
v 0.621290 0.996100 -0.753322
v 0.668988 0.994719 -0.773103
v 0.668988 0.995804 -0.845725
v 0.716686 0.994424 -0.753348
v 0.621290 0.994424 -0.753348
v 0.569932 0.995191 -0.804699
v 0.601533 0.993711 -0.705655
v 0.528902 0.993711 -0.705655
v 0.621290 0.992998 -0.657962
v 0.601533 0.995387 -0.705630
v 0.612873 0.995387 -0.705630
v 0.621290 0.994674 -0.657937
v 0.629309 0.994794 -0.665955
v 0.668988 0.994379 -0.638182
v 0.668988 0.992703 -0.638207
v 0.668988 0.994548 -0.649521
v 0.716686 0.994674 -0.657937
v 0.716686 0.992998 -0.657962
v 0.708667 0.994794 -0.665955
v 0.736443 0.995387 -0.705630
v 0.736443 0.993711 -0.705655
v 0.725103 0.995387 -0.705630
v 0.725103 0.995387 -0.705630
v 0.708667 0.994794 -0.665955
v 0.725103 0.984976 -0.705785
v 0.708667 0.984383 -0.666110
v 0.928076 0.984976 -0.705785
v 0.852191 0.987714 -0.888968
v 0.928076 0.995387 -0.705630
v 0.852191 0.982239 -0.522602
v 0.852191 0.992649 -0.522447
v 0.668988 0.981105 -0.446726
v 0.668988 0.991515 -0.446570
v 0.485785 0.982239 -0.522602
v 0.668988 0.984138 -0.649677
v 0.629309 0.984383 -0.666110
v 0.668988 0.994548 -0.649521
v 0.629309 0.994794 -0.665955
v 0.612873 0.995387 -0.705630
v 0.612873 0.984976 -0.705785
v 0.409899 0.984976 -0.705785
v 0.409899 0.995387 -0.705630
v 0.485785 0.987714 -0.888968
v 0.485785 0.998124 -0.888812
v 0.668988 0.999258 -0.964689
v 0.569932 0.996867 -0.804674
v 0.668988 0.997480 -0.845700
v 0.528902 0.995387 -0.705630
v 0.569932 0.996867 -0.804674
v 0.668988 0.997480 -0.845700
v 0.528902 0.995387 -0.705630
v 0.569932 0.993907 -0.606585
v 0.569932 0.993907 -0.606585
v 0.668988 0.993294 -0.565559
v 0.569932 0.992231 -0.606610
v 0.668988 0.991618 -0.565584
v 0.768044 0.992231 -0.606610
v 0.768044 0.993907 -0.606585
v 0.809074 0.993711 -0.705655
v 0.809074 0.995387 -0.705630
v 0.768044 0.995191 -0.804699
v 0.768044 0.996867 -0.804674
v 0.768044 0.996867 -0.804674
v 0.852191 0.998124 -0.888812
v 0.809074 0.995387 -0.705630
v 0.768044 0.993907 -0.606585
v 0.668988 0.993294 -0.565559
v 0.485785 0.992649 -0.522447
vn -0.3827 -0.0138 0.9238
vn -0.0000 -0.9999 -0.0149
vn 0.3827 -0.0138 0.9238
vn -0.0000 0.9999 0.0149
vn 0.3827 0.0138 -0.9238
vn -0.3827 0.0138 -0.9238
vn -0.9239 0.0057 -0.3826
vn -0.9239 -0.0057 0.3826
vn 0.9239 -0.0057 0.3826
vn 0.9239 0.0057 -0.3826
vt 0.286756 0.286756
vt 0.250000 0.301981
vt 0.750000 0.301981
vt 0.786756 0.286756
vt 0.750000 0.490000
vt 0.919706 0.419706
vt 0.713244 0.286756
vt 0.580294 0.419706
vt 0.213244 0.286756
vt 0.294184 0.294184
vt 0.250000 0.312486
vt 0.205816 0.294184
vt 0.341758 0.341758
vt 0.250000 0.379765
vt 0.158242 0.341758
vt 0.187514 0.250000
vt 0.120235 0.250000
vt 0.205816 0.205816
vt 0.158242 0.158242
vt 0.198019 0.250000
vt 0.213244 0.213244
vt 0.250000 0.187514
vt 0.250000 0.198019
vt 0.294184 0.205816
vt 0.286756 0.213244
vt 0.312486 0.250000
vt 0.301981 0.250000
vt 0.801981 0.250000
vt 0.786756 0.213244
vt 0.990000 0.250000
vt 0.919706 0.080294
vt 0.875000 0.500000
vt 0.875000 1.000000
vt 0.750000 1.000000
vt 0.750000 0.500000
vt 0.625000 1.000000
vt 0.625000 0.500000
vt 0.500000 1.000000
vt 0.500000 0.500000
vt 0.750000 0.198019
vt 0.750000 0.010000
vt 0.375000 1.000000
vt 0.375000 0.500000
vt 0.713244 0.213244
vt 0.580294 0.080294
vt 0.698019 0.250000
vt 0.510000 0.250000
vt 0.250000 1.000000
vt 0.250000 0.500000
vt 0.125000 1.000000
vt 0.125000 0.500000
vt 0.000000 1.000000
vt 0.000000 0.500000
vt 0.080294 0.419706
vt 0.010000 0.250000
vt 0.250000 0.490000
vt 0.250000 0.120235
vt 0.341758 0.158242
vt 0.379765 0.250000
vt 0.490000 0.250000
vt 0.419706 0.419706
vt 0.419706 0.080294
vt 0.250000 0.010000
vt 0.080294 0.080294
vt 1.000000 0.500000
vt 1.000000 1.000000
s 0
f 2544/2515/785 2543/2516/785 2539/2517/785 2540/2518/785
f 2540/2518/786 2539/2517/786 2542/2519/786 2578/2520/786
f 2539/2517/786 2541/2521/786 2593/2522/786 2542/2519/786
f 2543/2516/787 2545/2523/787 2541/2521/787 2539/2517/787
f 2543/2516/788 2544/2515/788 2547/2515/788 2546/2516/788
f 2545/2523/788 2543/2516/788 2546/2516/788 2548/2523/788
f 2546/2516/788 2547/2515/788 2550/2524/788 2549/2525/788
f 2548/2523/788 2546/2516/788 2549/2525/788 2551/2526/788
f 2549/2525/789 2550/2524/789 2554/2524/789 2552/2525/789
f 2551/2526/790 2549/2525/790 2552/2525/790 2555/2526/790
f 2552/2525/788 2554/2524/788 2611/2527/788 2553/2528/788
f 2555/2526/788 2552/2525/788 2553/2528/788 2556/2529/788
f 2557/2530/788 2555/2526/788 2556/2529/788 2558/2531/788
f 2560/2530/791 2551/2526/791 2555/2526/791 2557/2530/791
f 2559/2532/788 2557/2530/788 2558/2531/788 2605/2533/788
f 2562/2532/792 2560/2530/792 2557/2530/792 2559/2532/792
f 2561/2534/788 2548/2523/788 2551/2526/788 2560/2530/788
f 2563/2535/788 2561/2534/788 2560/2530/788 2562/2532/788
f 2564/2536/785 2562/2532/785 2559/2532/785 2565/2536/785
f 2566/2537/788 2563/2535/788 2562/2532/788 2564/2536/788
f 2567/2538/787 2564/2536/787 2565/2536/787 2568/2538/787
f 2569/2539/788 2566/2537/788 2564/2536/788 2567/2538/788
f 2570/2540/793 2567/2538/793 2568/2538/793 2571/2540/793
f 2572/2541/788 2569/2539/788 2567/2538/788 2570/2540/788
f 2550/2524/794 2570/2540/794 2571/2540/794 2554/2524/794
f 2547/2515/788 2572/2541/788 2570/2540/788 2550/2524/788
f 2544/2515/788 2573/2541/788 2572/2541/788 2547/2515/788
f 2573/2541/788 2574/2539/788 2569/2539/788 2572/2541/788
f 2573/2541/792 2544/2515/792 2540/2518/792 2575/2542/792
f 2574/2539/791 2573/2541/791 2575/2542/791 2576/2543/791
f 2575/2542/786 2540/2518/786 2578/2520/786 2577/2544/786
f 2576/2543/786 2575/2542/786 2577/2544/786 2580/2545/786
f 2578/2546/794 2614/2547/794 2579/2548/794 2577/2549/794
f 2577/2549/793 2579/2548/793 2581/2550/793 2580/2551/793
f 2580/2551/787 2581/2550/787 2583/2552/787 2582/2553/787
f 2585/2554/786 2576/2543/786 2580/2545/786 2582/2555/786
f 2582/2553/785 2583/2552/785 2618/2556/785 2584/2557/785
f 2586/2558/786 2585/2554/786 2582/2555/786 2584/2559/786
f 2587/2537/790 2574/2539/790 2576/2543/790 2585/2554/790
f 2588/2535/789 2587/2537/789 2585/2554/789 2586/2558/789
f 2574/2539/788 2587/2537/788 2566/2537/788 2569/2539/788
f 2587/2537/788 2588/2535/788 2563/2535/788 2566/2537/788
f 2588/2535/788 2589/2534/788 2561/2534/788 2563/2535/788
f 2589/2534/794 2588/2535/794 2586/2558/794 2590/2560/794
f 2589/2534/788 2545/2523/788 2548/2523/788 2561/2534/788
f 2545/2523/793 2589/2534/793 2590/2560/793 2541/2521/793
f 2590/2560/786 2586/2558/786 2584/2559/786 2591/2561/786
f 2541/2521/786 2590/2560/786 2591/2561/786 2593/2522/786
f 2584/2557/792 2618/2556/792 2592/2562/792 2591/2563/792
f 2591/2563/791 2592/2562/791 2594/2564/791 2593/2565/791
f 2593/2565/790 2594/2564/790 2595/2566/790 2542/2567/790
f 2598/2531/788 2596/2529/788 2594/2568/788 2592/2569/788
f 2596/2529/788 2597/2528/788 2595/2570/788 2594/2568/788
f 2597/2528/788 2596/2529/788 2599/2529/788 2600/2528/788
f 2596/2529/788 2598/2531/788 2601/2531/788 2599/2529/788
f 2600/2528/787 2599/2529/787 2556/2529/787 2553/2528/787
f 2599/2529/793 2601/2531/793 2558/2531/793 2556/2529/793
f 2601/2531/794 2602/2533/794 2605/2533/794 2558/2531/794
f 2598/2531/788 2603/2533/788 2602/2533/788 2601/2531/788
f 2603/2533/788 2617/2571/788 2604/2571/788 2602/2533/788
f 2602/2533/789 2604/2571/789 2606/2571/789 2605/2533/789
f 2565/2536/788 2559/2532/788 2605/2533/788 2606/2571/788
f 2604/2571/790 2608/2572/790 2607/2572/790 2606/2571/790
f 2568/2538/788 2565/2536/788 2606/2571/788 2607/2572/788
f 2608/2572/791 2610/2573/791 2609/2573/791 2607/2572/791
f 2571/2540/788 2568/2538/788 2607/2572/788 2609/2573/788
f 2610/2573/792 2612/2527/792 2611/2527/792 2609/2573/792
f 2554/2524/788 2571/2540/788 2609/2573/788 2611/2527/788
f 2612/2527/785 2600/2528/785 2553/2528/785 2611/2527/785
f 2615/2573/788 2613/2527/788 2612/2527/788 2610/2573/788
f 2613/2527/788 2597/2528/788 2600/2528/788 2612/2527/788
f 2613/2527/788 2615/2573/788 2579/2574/788 2614/2575/788
f 2597/2528/788 2613/2527/788 2614/2575/788 2595/2570/788
f 2615/2573/788 2616/2572/788 2581/2576/788 2579/2574/788
f 2616/2572/788 2615/2573/788 2610/2573/788 2608/2572/788
f 2616/2572/788 2617/2571/788 2583/2577/788 2581/2576/788
f 2617/2571/788 2616/2572/788 2608/2572/788 2604/2571/788
f 2617/2571/788 2603/2533/788 2618/2578/788 2583/2577/788
f 2542/2579/789 2595/2580/789 2614/2547/789 2578/2546/789
f 2603/2533/788 2598/2531/788 2592/2569/788 2618/2578/788
o Cylinder.027
v 0.668988 0.987659 -0.585666
v 0.708667 0.987413 -0.569233
v 0.629309 0.987413 -0.569233
v 0.668988 0.990692 -0.788617
v 0.668988 0.998069 -0.585511
v 0.708667 0.997824 -0.569077
v 0.629309 0.997824 -0.569077
v 0.668988 0.998069 -0.585511
v 0.708667 0.997824 -0.569077
v 0.629309 0.997824 -0.569077
v 0.668988 0.998239 -0.596850
v 0.716686 0.997944 -0.577095
v 0.621290 0.997944 -0.577095
v 0.668988 0.996563 -0.596875
v 0.668988 0.997648 -0.669498
v 0.716686 0.996268 -0.577120
v 0.621290 0.996268 -0.577120
v 0.569932 0.997035 -0.628472
v 0.601533 0.995555 -0.529427
v 0.528902 0.995555 -0.529427
v 0.621290 0.994842 -0.481734
v 0.601533 0.997231 -0.529402
v 0.612873 0.997231 -0.529402
v 0.621290 0.996518 -0.481709
v 0.629309 0.996638 -0.489727
v 0.668988 0.996223 -0.461954
v 0.668988 0.994547 -0.461979
v 0.668988 0.996392 -0.473294
v 0.716686 0.996518 -0.481709
v 0.716686 0.994842 -0.481734
v 0.708667 0.996638 -0.489727
v 0.736443 0.997231 -0.529402
v 0.736443 0.995555 -0.529427
v 0.725103 0.997231 -0.529402
v 0.725103 0.997231 -0.529402
v 0.708667 0.996638 -0.489727
v 0.725103 0.986820 -0.529558
v 0.708667 0.986227 -0.489883
v 0.928076 0.986820 -0.529558
v 0.852191 0.989558 -0.712741
v 0.928076 0.997231 -0.529402
v 0.852191 0.984083 -0.346375
v 0.852191 0.994493 -0.346220
v 0.668988 0.982949 -0.270498
v 0.668988 0.993359 -0.270343
v 0.485785 0.984083 -0.346375
v 0.668988 0.985982 -0.473449
v 0.629309 0.986227 -0.489883
v 0.668988 0.996392 -0.473294
v 0.629309 0.996638 -0.489727
v 0.612873 0.997231 -0.529402
v 0.612873 0.986820 -0.529558
v 0.409899 0.986820 -0.529558
v 0.409899 0.997231 -0.529402
v 0.485785 0.989558 -0.712741
v 0.485785 0.999968 -0.712585
v 0.668988 1.001102 -0.788462
v 0.569932 0.998711 -0.628447
v 0.668988 0.999324 -0.669473
v 0.528902 0.997231 -0.529402
v 0.569932 0.998711 -0.628447
v 0.668988 0.999324 -0.669473
v 0.528902 0.997231 -0.529402
v 0.569932 0.995751 -0.430357
v 0.569932 0.995751 -0.430357
v 0.668988 0.995137 -0.389332
v 0.569932 0.994075 -0.430382
v 0.668988 0.993462 -0.389357
v 0.768044 0.994075 -0.430382
v 0.768044 0.995751 -0.430357
v 0.809074 0.995555 -0.529427
v 0.809074 0.997231 -0.529402
v 0.768044 0.997035 -0.628472
v 0.768044 0.998711 -0.628447
v 0.768044 0.998711 -0.628447
v 0.852191 0.999968 -0.712585
v 0.809074 0.997231 -0.529402
v 0.768044 0.995751 -0.430357
v 0.668988 0.995137 -0.389332
v 0.485785 0.994493 -0.346220
vn -0.3827 -0.0138 0.9238
vn -0.0000 -0.9999 -0.0149
vn 0.3827 -0.0138 0.9238
vn -0.0000 0.9999 0.0149
vn 0.3827 0.0138 -0.9238
vn -0.3827 0.0138 -0.9238
vn -0.9239 0.0057 -0.3826
vn -0.9239 -0.0057 0.3826
vn 0.9239 -0.0057 0.3826
vn 0.9239 0.0057 -0.3826
vt 0.286756 0.286756
vt 0.250000 0.301981
vt 0.750000 0.301981
vt 0.786756 0.286756
vt 0.750000 0.490000
vt 0.919706 0.419706
vt 0.713244 0.286756
vt 0.580294 0.419706
vt 0.213244 0.286756
vt 0.294184 0.294184
vt 0.250000 0.312486
vt 0.205816 0.294184
vt 0.341758 0.341758
vt 0.250000 0.379765
vt 0.158242 0.341758
vt 0.187514 0.250000
vt 0.120235 0.250000
vt 0.205816 0.205816
vt 0.158242 0.158242
vt 0.198019 0.250000
vt 0.213244 0.213244
vt 0.250000 0.187514
vt 0.250000 0.198019
vt 0.294184 0.205816
vt 0.286756 0.213244
vt 0.312486 0.250000
vt 0.301981 0.250000
vt 0.801981 0.250000
vt 0.786756 0.213244
vt 0.990000 0.250000
vt 0.919706 0.080294
vt 0.875000 0.500000
vt 0.875000 1.000000
vt 0.750000 1.000000
vt 0.750000 0.500000
vt 0.625000 1.000000
vt 0.625000 0.500000
vt 0.500000 1.000000
vt 0.500000 0.500000
vt 0.750000 0.198019
vt 0.750000 0.010000
vt 0.375000 1.000000
vt 0.375000 0.500000
vt 0.713244 0.213244
vt 0.580294 0.080294
vt 0.698019 0.250000
vt 0.510000 0.250000
vt 0.250000 1.000000
vt 0.250000 0.500000
vt 0.125000 1.000000
vt 0.125000 0.500000
vt 0.000000 1.000000
vt 0.000000 0.500000
vt 0.080294 0.419706
vt 0.010000 0.250000
vt 0.250000 0.490000
vt 0.250000 0.120235
vt 0.341758 0.158242
vt 0.379765 0.250000
vt 0.490000 0.250000
vt 0.419706 0.419706
vt 0.419706 0.080294
vt 0.250000 0.010000
vt 0.080294 0.080294
vt 1.000000 0.500000
vt 1.000000 1.000000
s 0
f 2624/2581/795 2623/2582/795 2619/2583/795 2620/2584/795
f 2620/2584/796 2619/2583/796 2622/2585/796 2658/2586/796
f 2619/2583/796 2621/2587/796 2673/2588/796 2622/2585/796
f 2623/2582/797 2625/2589/797 2621/2587/797 2619/2583/797
f 2623/2582/798 2624/2581/798 2627/2581/798 2626/2582/798
f 2625/2589/798 2623/2582/798 2626/2582/798 2628/2589/798
f 2626/2582/798 2627/2581/798 2630/2590/798 2629/2591/798
f 2628/2589/798 2626/2582/798 2629/2591/798 2631/2592/798
f 2629/2591/799 2630/2590/799 2634/2590/799 2632/2591/799
f 2631/2592/800 2629/2591/800 2632/2591/800 2635/2592/800
f 2632/2591/798 2634/2590/798 2691/2593/798 2633/2594/798
f 2635/2592/798 2632/2591/798 2633/2594/798 2636/2595/798
f 2637/2596/798 2635/2592/798 2636/2595/798 2638/2597/798
f 2640/2596/801 2631/2592/801 2635/2592/801 2637/2596/801
f 2639/2598/798 2637/2596/798 2638/2597/798 2685/2599/798
f 2642/2598/802 2640/2596/802 2637/2596/802 2639/2598/802
f 2641/2600/798 2628/2589/798 2631/2592/798 2640/2596/798
f 2643/2601/798 2641/2600/798 2640/2596/798 2642/2598/798
f 2644/2602/795 2642/2598/795 2639/2598/795 2645/2602/795
f 2646/2603/798 2643/2601/798 2642/2598/798 2644/2602/798
f 2647/2604/797 2644/2602/797 2645/2602/797 2648/2604/797
f 2649/2605/798 2646/2603/798 2644/2602/798 2647/2604/798
f 2650/2606/803 2647/2604/803 2648/2604/803 2651/2606/803
f 2652/2607/798 2649/2605/798 2647/2604/798 2650/2606/798
f 2630/2590/804 2650/2606/804 2651/2606/804 2634/2590/804
f 2627/2581/798 2652/2607/798 2650/2606/798 2630/2590/798
f 2624/2581/798 2653/2607/798 2652/2607/798 2627/2581/798
f 2653/2607/798 2654/2605/798 2649/2605/798 2652/2607/798
f 2653/2607/802 2624/2581/802 2620/2584/802 2655/2608/802
f 2654/2605/801 2653/2607/801 2655/2608/801 2656/2609/801
f 2655/2608/796 2620/2584/796 2658/2586/796 2657/2610/796
f 2656/2609/796 2655/2608/796 2657/2610/796 2660/2611/796
f 2658/2612/804 2694/2613/804 2659/2614/804 2657/2615/804
f 2657/2615/803 2659/2614/803 2661/2616/803 2660/2617/803
f 2660/2617/797 2661/2616/797 2663/2618/797 2662/2619/797
f 2665/2620/796 2656/2609/796 2660/2611/796 2662/2621/796
f 2662/2619/795 2663/2618/795 2698/2622/795 2664/2623/795
f 2666/2624/796 2665/2620/796 2662/2621/796 2664/2625/796
f 2667/2603/800 2654/2605/800 2656/2609/800 2665/2620/800
f 2668/2601/799 2667/2603/799 2665/2620/799 2666/2624/799
f 2654/2605/798 2667/2603/798 2646/2603/798 2649/2605/798
f 2667/2603/798 2668/2601/798 2643/2601/798 2646/2603/798
f 2668/2601/798 2669/2600/798 2641/2600/798 2643/2601/798
f 2669/2600/804 2668/2601/804 2666/2624/804 2670/2626/804
f 2669/2600/798 2625/2589/798 2628/2589/798 2641/2600/798
f 2625/2589/803 2669/2600/803 2670/2626/803 2621/2587/803
f 2670/2626/796 2666/2624/796 2664/2625/796 2671/2627/796
f 2621/2587/796 2670/2626/796 2671/2627/796 2673/2588/796
f 2664/2623/802 2698/2622/802 2672/2628/802 2671/2629/802
f 2671/2629/801 2672/2628/801 2674/2630/801 2673/2631/801
f 2673/2631/800 2674/2630/800 2675/2632/800 2622/2633/800
f 2678/2597/798 2676/2595/798 2674/2634/798 2672/2635/798
f 2676/2595/798 2677/2594/798 2675/2636/798 2674/2634/798
f 2677/2594/798 2676/2595/798 2679/2595/798 2680/2594/798
f 2676/2595/798 2678/2597/798 2681/2597/798 2679/2595/798
f 2680/2594/797 2679/2595/797 2636/2595/797 2633/2594/797
f 2679/2595/803 2681/2597/803 2638/2597/803 2636/2595/803
f 2681/2597/804 2682/2599/804 2685/2599/804 2638/2597/804
f 2678/2597/798 2683/2599/798 2682/2599/798 2681/2597/798
f 2683/2599/798 2697/2637/798 2684/2637/798 2682/2599/798
f 2682/2599/799 2684/2637/799 2686/2637/799 2685/2599/799
f 2645/2602/798 2639/2598/798 2685/2599/798 2686/2637/798
f 2684/2637/800 2688/2638/800 2687/2638/800 2686/2637/800
f 2648/2604/798 2645/2602/798 2686/2637/798 2687/2638/798
f 2688/2638/801 2690/2639/801 2689/2639/801 2687/2638/801
f 2651/2606/798 2648/2604/798 2687/2638/798 2689/2639/798
f 2690/2639/802 2692/2593/802 2691/2593/802 2689/2639/802
f 2634/2590/798 2651/2606/798 2689/2639/798 2691/2593/798
f 2692/2593/795 2680/2594/795 2633/2594/795 2691/2593/795
f 2695/2639/798 2693/2593/798 2692/2593/798 2690/2639/798
f 2693/2593/798 2677/2594/798 2680/2594/798 2692/2593/798
f 2693/2593/798 2695/2639/798 2659/2640/798 2694/2641/798
f 2677/2594/798 2693/2593/798 2694/2641/798 2675/2636/798
f 2695/2639/798 2696/2638/798 2661/2642/798 2659/2640/798
f 2696/2638/798 2695/2639/798 2690/2639/798 2688/2638/798
f 2696/2638/798 2697/2637/798 2663/2643/798 2661/2642/798
f 2697/2637/798 2696/2638/798 2688/2638/798 2684/2637/798
f 2697/2637/798 2683/2599/798 2698/2644/798 2663/2643/798
f 2622/2645/799 2675/2646/799 2694/2613/799 2658/2612/799
f 2683/2599/798 2678/2597/798 2672/2635/798 2698/2644/798
o Cylinder.028
v 0.668988 0.989503 -0.409439
v 0.708667 0.989257 -0.393005
v 0.629309 0.989257 -0.393005
v 0.668988 0.992536 -0.612390
v 0.668988 0.999913 -0.409284
v 0.708667 0.999668 -0.392850
v 0.629309 0.999668 -0.392850
v 0.668988 0.999913 -0.409284
v 0.708667 0.999668 -0.392850
v 0.629309 0.999668 -0.392850
v 0.668988 1.000083 -0.420623
v 0.716686 0.999787 -0.400868
v 0.621290 0.999787 -0.400868
v 0.668988 0.998407 -0.420648
v 0.668988 0.999492 -0.493270
v 0.716686 0.998112 -0.400893
v 0.621290 0.998112 -0.400893
v 0.569932 0.998879 -0.452245
v 0.601533 0.997399 -0.353200
v 0.528902 0.997399 -0.353200
v 0.621290 0.996686 -0.305507
v 0.601533 0.999075 -0.353175
v 0.612873 0.999075 -0.353175
v 0.621290 0.998362 -0.305482
v 0.629309 0.998482 -0.313500
v 0.668988 0.998067 -0.285727
v 0.668988 0.996391 -0.285752
v 0.668988 0.998236 -0.297066
v 0.716686 0.998362 -0.305482
v 0.716686 0.996686 -0.305507
v 0.708667 0.998482 -0.313500
v 0.736443 0.999075 -0.353175
v 0.736443 0.997399 -0.353200
v 0.725103 0.999075 -0.353175
v 0.725103 0.999075 -0.353175
v 0.708667 0.998482 -0.313500
v 0.725103 0.988664 -0.353330
v 0.708667 0.988071 -0.313656
v 0.928076 0.988664 -0.353330
v 0.852191 0.991402 -0.536513
v 0.928076 0.999075 -0.353175
v 0.852191 0.985926 -0.170148
v 0.852191 0.996337 -0.169992
v 0.668988 0.984792 -0.094271
v 0.668988 0.995203 -0.094115
v 0.485785 0.985926 -0.170148
v 0.668988 0.987826 -0.297222
v 0.629309 0.988071 -0.313656
v 0.668988 0.998236 -0.297066
v 0.629309 0.998482 -0.313500
v 0.612873 0.999075 -0.353175
v 0.612873 0.988664 -0.353330
v 0.409899 0.988664 -0.353330
v 0.409899 0.999075 -0.353175
v 0.485785 0.991402 -0.536513
v 0.485785 1.001812 -0.536358
v 0.668988 1.002946 -0.612234
v 0.569932 1.000555 -0.452220
v 0.668988 1.001168 -0.493245
v 0.528902 0.999075 -0.353175
v 0.569932 1.000555 -0.452220
v 0.668988 1.001168 -0.493245
v 0.528902 0.999075 -0.353175
v 0.569932 0.997594 -0.254130
v 0.569932 0.997594 -0.254130
v 0.668988 0.996981 -0.213104
v 0.569932 0.995919 -0.254155
v 0.668988 0.995306 -0.213129
v 0.768044 0.995919 -0.254155
v 0.768044 0.997594 -0.254130
v 0.809074 0.997399 -0.353200
v 0.809074 0.999075 -0.353175
v 0.768044 0.998879 -0.452245
v 0.768044 1.000555 -0.452220
v 0.768044 1.000555 -0.452220
v 0.852191 1.001812 -0.536358
v 0.809074 0.999075 -0.353175
v 0.768044 0.997594 -0.254130
v 0.668988 0.996981 -0.213104
v 0.485785 0.996337 -0.169992
vn -0.3827 -0.0138 0.9238
vn -0.0000 -0.9999 -0.0149
vn 0.3827 -0.0138 0.9238
vn -0.0000 0.9999 0.0149
vn 0.3827 0.0138 -0.9238
vn -0.3827 0.0138 -0.9238
vn -0.9239 0.0057 -0.3826
vn -0.9239 -0.0057 0.3826
vn 0.9239 -0.0057 0.3826
vn 0.9239 0.0057 -0.3826
vt 0.286756 0.286756
vt 0.250000 0.301981
vt 0.750000 0.301981
vt 0.786756 0.286756
vt 0.750000 0.490000
vt 0.919706 0.419706
vt 0.713244 0.286756
vt 0.580294 0.419706
vt 0.213244 0.286756
vt 0.294184 0.294184
vt 0.250000 0.312486
vt 0.205816 0.294184
vt 0.341758 0.341758
vt 0.250000 0.379765
vt 0.158242 0.341758
vt 0.187514 0.250000
vt 0.120235 0.250000
vt 0.205816 0.205816
vt 0.158242 0.158242
vt 0.198019 0.250000
vt 0.213244 0.213244
vt 0.250000 0.187514
vt 0.250000 0.198019
vt 0.294184 0.205816
vt 0.286756 0.213244
vt 0.312486 0.250000
vt 0.301981 0.250000
vt 0.801981 0.250000
vt 0.786756 0.213244
vt 0.990000 0.250000
vt 0.919706 0.080294
vt 0.875000 0.500000
vt 0.875000 1.000000
vt 0.750000 1.000000
vt 0.750000 0.500000
vt 0.625000 1.000000
vt 0.625000 0.500000
vt 0.500000 1.000000
vt 0.500000 0.500000
vt 0.750000 0.198019
vt 0.750000 0.010000
vt 0.375000 1.000000
vt 0.375000 0.500000
vt 0.713244 0.213244
vt 0.580294 0.080294
vt 0.698019 0.250000
vt 0.510000 0.250000
vt 0.250000 1.000000
vt 0.250000 0.500000
vt 0.125000 1.000000
vt 0.125000 0.500000
vt 0.000000 1.000000
vt 0.000000 0.500000
vt 0.080294 0.419706
vt 0.010000 0.250000
vt 0.250000 0.490000
vt 0.250000 0.120235
vt 0.341758 0.158242
vt 0.379765 0.250000
vt 0.490000 0.250000
vt 0.419706 0.419706
vt 0.419706 0.080294
vt 0.250000 0.010000
vt 0.080294 0.080294
vt 1.000000 0.500000
vt 1.000000 1.000000
s 0
f 2704/2647/805 2703/2648/805 2699/2649/805 2700/2650/805
f 2700/2650/806 2699/2649/806 2702/2651/806 2738/2652/806
f 2699/2649/806 2701/2653/806 2753/2654/806 2702/2651/806
f 2703/2648/807 2705/2655/807 2701/2653/807 2699/2649/807
f 2703/2648/808 2704/2647/808 2707/2647/808 2706/2648/808
f 2705/2655/808 2703/2648/808 2706/2648/808 2708/2655/808
f 2706/2648/808 2707/2647/808 2710/2656/808 2709/2657/808
f 2708/2655/808 2706/2648/808 2709/2657/808 2711/2658/808
f 2709/2657/809 2710/2656/809 2714/2656/809 2712/2657/809
f 2711/2658/810 2709/2657/810 2712/2657/810 2715/2658/810
f 2712/2657/808 2714/2656/808 2771/2659/808 2713/2660/808
f 2715/2658/808 2712/2657/808 2713/2660/808 2716/2661/808
f 2717/2662/808 2715/2658/808 2716/2661/808 2718/2663/808
f 2720/2662/811 2711/2658/811 2715/2658/811 2717/2662/811
f 2719/2664/808 2717/2662/808 2718/2663/808 2765/2665/808
f 2722/2664/812 2720/2662/812 2717/2662/812 2719/2664/812
f 2721/2666/808 2708/2655/808 2711/2658/808 2720/2662/808
f 2723/2667/808 2721/2666/808 2720/2662/808 2722/2664/808
f 2724/2668/805 2722/2664/805 2719/2664/805 2725/2668/805
f 2726/2669/808 2723/2667/808 2722/2664/808 2724/2668/808
f 2727/2670/807 2724/2668/807 2725/2668/807 2728/2670/807
f 2729/2671/808 2726/2669/808 2724/2668/808 2727/2670/808
f 2730/2672/813 2727/2670/813 2728/2670/813 2731/2672/813
f 2732/2673/808 2729/2671/808 2727/2670/808 2730/2672/808
f 2710/2656/814 2730/2672/814 2731/2672/814 2714/2656/814
f 2707/2647/808 2732/2673/808 2730/2672/808 2710/2656/808
f 2704/2647/808 2733/2673/808 2732/2673/808 2707/2647/808
f 2733/2673/808 2734/2671/808 2729/2671/808 2732/2673/808
f 2733/2673/812 2704/2647/812 2700/2650/812 2735/2674/812
f 2734/2671/811 2733/2673/811 2735/2674/811 2736/2675/811
f 2735/2674/806 2700/2650/806 2738/2652/806 2737/2676/806
f 2736/2675/806 2735/2674/806 2737/2676/806 2740/2677/806
f 2738/2678/814 2774/2679/814 2739/2680/814 2737/2681/814
f 2737/2681/813 2739/2680/813 2741/2682/813 2740/2683/813
f 2740/2683/807 2741/2682/807 2743/2684/807 2742/2685/807
f 2745/2686/806 2736/2675/806 2740/2677/806 2742/2687/806
f 2742/2685/805 2743/2684/805 2778/2688/805 2744/2689/805
f 2746/2690/806 2745/2686/806 2742/2687/806 2744/2691/806
f 2747/2669/810 2734/2671/810 2736/2675/810 2745/2686/810
f 2748/2667/809 2747/2669/809 2745/2686/809 2746/2690/809
f 2734/2671/808 2747/2669/808 2726/2669/808 2729/2671/808
f 2747/2669/808 2748/2667/808 2723/2667/808 2726/2669/808
f 2748/2667/808 2749/2666/808 2721/2666/808 2723/2667/808
f 2749/2666/814 2748/2667/814 2746/2690/814 2750/2692/814
f 2749/2666/808 2705/2655/808 2708/2655/808 2721/2666/808
f 2705/2655/813 2749/2666/813 2750/2692/813 2701/2653/813
f 2750/2692/806 2746/2690/806 2744/2691/806 2751/2693/806
f 2701/2653/806 2750/2692/806 2751/2693/806 2753/2654/806
f 2744/2689/812 2778/2688/812 2752/2694/812 2751/2695/812
f 2751/2695/811 2752/2694/811 2754/2696/811 2753/2697/811
f 2753/2697/810 2754/2696/810 2755/2698/810 2702/2699/810
f 2758/2663/808 2756/2661/808 2754/2700/808 2752/2701/808
f 2756/2661/808 2757/2660/808 2755/2702/808 2754/2700/808
f 2757/2660/808 2756/2661/808 2759/2661/808 2760/2660/808
f 2756/2661/808 2758/2663/808 2761/2663/808 2759/2661/808
f 2760/2660/807 2759/2661/807 2716/2661/807 2713/2660/807
f 2759/2661/813 2761/2663/813 2718/2663/813 2716/2661/813
f 2761/2663/814 2762/2665/814 2765/2665/814 2718/2663/814
f 2758/2663/808 2763/2665/808 2762/2665/808 2761/2663/808
f 2763/2665/808 2777/2703/808 2764/2703/808 2762/2665/808
f 2762/2665/809 2764/2703/809 2766/2703/809 2765/2665/809
f 2725/2668/808 2719/2664/808 2765/2665/808 2766/2703/808
f 2764/2703/810 2768/2704/810 2767/2704/810 2766/2703/810
f 2728/2670/808 2725/2668/808 2766/2703/808 2767/2704/808
f 2768/2704/811 2770/2705/811 2769/2705/811 2767/2704/811
f 2731/2672/808 2728/2670/808 2767/2704/808 2769/2705/808
f 2770/2705/812 2772/2659/812 2771/2659/812 2769/2705/812
f 2714/2656/808 2731/2672/808 2769/2705/808 2771/2659/808
f 2772/2659/805 2760/2660/805 2713/2660/805 2771/2659/805
f 2775/2705/808 2773/2659/808 2772/2659/808 2770/2705/808
f 2773/2659/808 2757/2660/808 2760/2660/808 2772/2659/808
f 2773/2659/808 2775/2705/808 2739/2706/808 2774/2707/808
f 2757/2660/808 2773/2659/808 2774/2707/808 2755/2702/808
f 2775/2705/808 2776/2704/808 2741/2708/808 2739/2706/808
f 2776/2704/808 2775/2705/808 2770/2705/808 2768/2704/808
f 2776/2704/808 2777/2703/808 2743/2709/808 2741/2708/808
f 2777/2703/808 2776/2704/808 2768/2704/808 2764/2703/808
f 2777/2703/808 2763/2665/808 2778/2710/808 2743/2709/808
f 2702/2711/809 2755/2712/809 2774/2679/809 2738/2678/809
f 2763/2665/808 2758/2663/808 2752/2701/808 2778/2710/808
o Cylinder.029
v 0.668988 0.991346 -0.233212
v 0.708667 0.991101 -0.216778
v 0.629309 0.991101 -0.216778
v 0.668988 0.994380 -0.436163
v 0.668988 1.001757 -0.233056
v 0.708667 1.001512 -0.216622
v 0.629309 1.001512 -0.216622
v 0.668988 1.001757 -0.233056
v 0.708667 1.001512 -0.216622
v 0.629309 1.001512 -0.216622
v 0.668988 1.001927 -0.244395
v 0.716686 1.001631 -0.224640
v 0.621290 1.001631 -0.224640
v 0.668988 1.000251 -0.244420
v 0.668988 1.001336 -0.317043
v 0.716686 0.999956 -0.224665
v 0.621290 0.999956 -0.224665
v 0.569932 1.000723 -0.276017
v 0.601533 0.999243 -0.176973
v 0.528902 0.999243 -0.176973
v 0.621290 0.998530 -0.129280
v 0.601533 1.000919 -0.176948
v 0.612873 1.000919 -0.176948
v 0.621290 1.000206 -0.129255
v 0.629309 1.000326 -0.137273
v 0.668988 0.999911 -0.109500
v 0.668988 0.998235 -0.109525
v 0.668988 1.000080 -0.120839
v 0.716686 1.000206 -0.129255
v 0.716686 0.998530 -0.129280
v 0.708667 1.000326 -0.137273
v 0.736443 1.000919 -0.176948
v 0.736443 0.999243 -0.176973
v 0.725103 1.000919 -0.176948
v 0.725103 1.000919 -0.176948
v 0.708667 1.000326 -0.137273
v 0.725103 0.990508 -0.177103
v 0.708667 0.989915 -0.137428
v 0.928076 0.990508 -0.177103
v 0.852191 0.993246 -0.360286
v 0.928076 1.000919 -0.176948
v 0.852191 0.987770 0.006080
v 0.852191 0.998181 0.006235
v 0.668988 0.986636 0.081956
v 0.668988 0.997047 0.082112
v 0.485785 0.987770 0.006080
v 0.668988 0.989669 -0.120994
v 0.629309 0.989915 -0.137428
v 0.668988 1.000080 -0.120839
v 0.629309 1.000326 -0.137273
v 0.612873 1.000919 -0.176948
v 0.612873 0.990508 -0.177103
v 0.409899 0.990508 -0.177103
v 0.409899 1.000919 -0.176948
v 0.485785 0.993246 -0.360286
v 0.485785 1.003656 -0.360130
v 0.668988 1.004790 -0.436007
v 0.569932 1.002399 -0.275992
v 0.668988 1.003012 -0.317018
v 0.528902 1.000919 -0.176948
v 0.569932 1.002399 -0.275992
v 0.668988 1.003012 -0.317018
v 0.528902 1.000919 -0.176948
v 0.569932 0.999438 -0.077903
v 0.569932 0.999438 -0.077903
v 0.668988 0.998825 -0.036877
v 0.569932 0.997763 -0.077928
v 0.668988 0.997150 -0.036902
v 0.768044 0.997763 -0.077928
v 0.768044 0.999438 -0.077903
v 0.809074 0.999243 -0.176973
v 0.809074 1.000919 -0.176948
v 0.768044 1.000723 -0.276017
v 0.768044 1.002399 -0.275992
v 0.768044 1.002399 -0.275992
v 0.852191 1.003656 -0.360130
v 0.809074 1.000919 -0.176948
v 0.768044 0.999438 -0.077903
v 0.668988 0.998825 -0.036877
v 0.485785 0.998181 0.006235
vn -0.3827 -0.0138 0.9238
vn -0.0000 -0.9999 -0.0149
vn 0.3827 -0.0138 0.9238
vn -0.0000 0.9999 0.0149
vn 0.3827 0.0138 -0.9238
vn -0.3827 0.0138 -0.9238
vn -0.9239 0.0057 -0.3826
vn -0.9239 -0.0057 0.3826
vn 0.9239 -0.0057 0.3826
vn 0.9239 0.0057 -0.3826
vt 0.286756 0.286756
vt 0.250000 0.301981
vt 0.750000 0.301981
vt 0.786756 0.286756
vt 0.750000 0.490000
vt 0.919706 0.419706
vt 0.713244 0.286756
vt 0.580294 0.419706
vt 0.213244 0.286756
vt 0.294184 0.294184
vt 0.250000 0.312486
vt 0.205816 0.294184
vt 0.341758 0.341758
vt 0.250000 0.379765
vt 0.158242 0.341758
vt 0.187514 0.250000
vt 0.120235 0.250000
vt 0.205816 0.205816
vt 0.158242 0.158242
vt 0.198019 0.250000
vt 0.213244 0.213244
vt 0.250000 0.187514
vt 0.250000 0.198019
vt 0.294184 0.205816
vt 0.286756 0.213244
vt 0.312486 0.250000
vt 0.301981 0.250000
vt 0.801981 0.250000
vt 0.786756 0.213244
vt 0.990000 0.250000
vt 0.919706 0.080294
vt 0.875000 0.500000
vt 0.875000 1.000000
vt 0.750000 1.000000
vt 0.750000 0.500000
vt 0.625000 1.000000
vt 0.625000 0.500000
vt 0.500000 1.000000
vt 0.500000 0.500000
vt 0.750000 0.198019
vt 0.750000 0.010000
vt 0.375000 1.000000
vt 0.375000 0.500000
vt 0.713244 0.213244
vt 0.580294 0.080294
vt 0.698019 0.250000
vt 0.510000 0.250000
vt 0.250000 1.000000
vt 0.250000 0.500000
vt 0.125000 1.000000
vt 0.125000 0.500000
vt 0.000000 1.000000
vt 0.000000 0.500000
vt 0.080294 0.419706
vt 0.010000 0.250000
vt 0.250000 0.490000
vt 0.250000 0.120235
vt 0.341758 0.158242
vt 0.379765 0.250000
vt 0.490000 0.250000
vt 0.419706 0.419706
vt 0.419706 0.080294
vt 0.250000 0.010000
vt 0.080294 0.080294
vt 1.000000 0.500000
vt 1.000000 1.000000
s 0
f 2784/2713/815 2783/2714/815 2779/2715/815 2780/2716/815
f 2780/2716/816 2779/2715/816 2782/2717/816 2818/2718/816
f 2779/2715/816 2781/2719/816 2833/2720/816 2782/2717/816
f 2783/2714/817 2785/2721/817 2781/2719/817 2779/2715/817
f 2783/2714/818 2784/2713/818 2787/2713/818 2786/2714/818
f 2785/2721/818 2783/2714/818 2786/2714/818 2788/2721/818
f 2786/2714/818 2787/2713/818 2790/2722/818 2789/2723/818
f 2788/2721/818 2786/2714/818 2789/2723/818 2791/2724/818
f 2789/2723/819 2790/2722/819 2794/2722/819 2792/2723/819
f 2791/2724/820 2789/2723/820 2792/2723/820 2795/2724/820
f 2792/2723/818 2794/2722/818 2851/2725/818 2793/2726/818
f 2795/2724/818 2792/2723/818 2793/2726/818 2796/2727/818
f 2797/2728/818 2795/2724/818 2796/2727/818 2798/2729/818
f 2800/2728/821 2791/2724/821 2795/2724/821 2797/2728/821
f 2799/2730/818 2797/2728/818 2798/2729/818 2845/2731/818
f 2802/2730/822 2800/2728/822 2797/2728/822 2799/2730/822
f 2801/2732/818 2788/2721/818 2791/2724/818 2800/2728/818
f 2803/2733/818 2801/2732/818 2800/2728/818 2802/2730/818
f 2804/2734/815 2802/2730/815 2799/2730/815 2805/2734/815
f 2806/2735/818 2803/2733/818 2802/2730/818 2804/2734/818
f 2807/2736/817 2804/2734/817 2805/2734/817 2808/2736/817
f 2809/2737/818 2806/2735/818 2804/2734/818 2807/2736/818
f 2810/2738/823 2807/2736/823 2808/2736/823 2811/2738/823
f 2812/2739/818 2809/2737/818 2807/2736/818 2810/2738/818
f 2790/2722/824 2810/2738/824 2811/2738/824 2794/2722/824
f 2787/2713/818 2812/2739/818 2810/2738/818 2790/2722/818
f 2784/2713/818 2813/2739/818 2812/2739/818 2787/2713/818
f 2813/2739/818 2814/2737/818 2809/2737/818 2812/2739/818
f 2813/2739/822 2784/2713/822 2780/2716/822 2815/2740/822
f 2814/2737/821 2813/2739/821 2815/2740/821 2816/2741/821
f 2815/2740/816 2780/2716/816 2818/2718/816 2817/2742/816
f 2816/2741/816 2815/2740/816 2817/2742/816 2820/2743/816
f 2818/2744/824 2854/2745/824 2819/2746/824 2817/2747/824
f 2817/2747/823 2819/2746/823 2821/2748/823 2820/2749/823
f 2820/2749/817 2821/2748/817 2823/2750/817 2822/2751/817
f 2825/2752/816 2816/2741/816 2820/2743/816 2822/2753/816
f 2822/2751/815 2823/2750/815 2858/2754/815 2824/2755/815
f 2826/2756/816 2825/2752/816 2822/2753/816 2824/2757/816
f 2827/2735/820 2814/2737/820 2816/2741/820 2825/2752/820
f 2828/2733/819 2827/2735/819 2825/2752/819 2826/2756/819
f 2814/2737/818 2827/2735/818 2806/2735/818 2809/2737/818
f 2827/2735/818 2828/2733/818 2803/2733/818 2806/2735/818
f 2828/2733/818 2829/2732/818 2801/2732/818 2803/2733/818
f 2829/2732/824 2828/2733/824 2826/2756/824 2830/2758/824
f 2829/2732/818 2785/2721/818 2788/2721/818 2801/2732/818
f 2785/2721/823 2829/2732/823 2830/2758/823 2781/2719/823
f 2830/2758/816 2826/2756/816 2824/2757/816 2831/2759/816
f 2781/2719/816 2830/2758/816 2831/2759/816 2833/2720/816
f 2824/2755/822 2858/2754/822 2832/2760/822 2831/2761/822
f 2831/2761/821 2832/2760/821 2834/2762/821 2833/2763/821
f 2833/2763/820 2834/2762/820 2835/2764/820 2782/2765/820
f 2838/2729/818 2836/2727/818 2834/2766/818 2832/2767/818
f 2836/2727/818 2837/2726/818 2835/2768/818 2834/2766/818
f 2837/2726/818 2836/2727/818 2839/2727/818 2840/2726/818
f 2836/2727/818 2838/2729/818 2841/2729/818 2839/2727/818
f 2840/2726/817 2839/2727/817 2796/2727/817 2793/2726/817
f 2839/2727/823 2841/2729/823 2798/2729/823 2796/2727/823
f 2841/2729/824 2842/2731/824 2845/2731/824 2798/2729/824
f 2838/2729/818 2843/2731/818 2842/2731/818 2841/2729/818
f 2843/2731/818 2857/2769/818 2844/2769/818 2842/2731/818
f 2842/2731/819 2844/2769/819 2846/2769/819 2845/2731/819
f 2805/2734/818 2799/2730/818 2845/2731/818 2846/2769/818
f 2844/2769/820 2848/2770/820 2847/2770/820 2846/2769/820
f 2808/2736/818 2805/2734/818 2846/2769/818 2847/2770/818
f 2848/2770/821 2850/2771/821 2849/2771/821 2847/2770/821
f 2811/2738/818 2808/2736/818 2847/2770/818 2849/2771/818
f 2850/2771/822 2852/2725/822 2851/2725/822 2849/2771/822
f 2794/2722/818 2811/2738/818 2849/2771/818 2851/2725/818
f 2852/2725/815 2840/2726/815 2793/2726/815 2851/2725/815
f 2855/2771/818 2853/2725/818 2852/2725/818 2850/2771/818
f 2853/2725/818 2837/2726/818 2840/2726/818 2852/2725/818
f 2853/2725/818 2855/2771/818 2819/2772/818 2854/2773/818
f 2837/2726/818 2853/2725/818 2854/2773/818 2835/2768/818
f 2855/2771/818 2856/2770/818 2821/2774/818 2819/2772/818
f 2856/2770/818 2855/2771/818 2850/2771/818 2848/2770/818
f 2856/2770/818 2857/2769/818 2823/2775/818 2821/2774/818
f 2857/2769/818 2856/2770/818 2848/2770/818 2844/2769/818
f 2857/2769/818 2843/2731/818 2858/2776/818 2823/2775/818
f 2782/2777/819 2835/2778/819 2854/2745/819 2818/2744/819
f 2843/2731/818 2838/2729/818 2832/2767/818 2858/2776/818
o Cylinder.030
v -0.714869 0.957778 0.899487
v -0.754549 0.957532 0.883054
v -0.675190 0.957532 0.883054
v -0.714869 0.960811 1.102438
v -0.714869 0.968188 0.899332
v -0.754549 0.967943 0.882898
v -0.675190 0.967943 0.882898
v -0.714869 0.968188 0.899332
v -0.754549 0.967943 0.882898
v -0.675190 0.967943 0.882898
v -0.714869 0.968358 0.910671
v -0.762568 0.968063 0.890916
v -0.667171 0.968063 0.890916
v -0.714869 0.966682 0.910696
v -0.714869 0.967767 0.983319
v -0.762568 0.966387 0.890941
v -0.667171 0.966387 0.890941
v -0.615814 0.967154 0.942293
v -0.647414 0.965674 0.843248
v -0.574783 0.965674 0.843248
v -0.667171 0.964961 0.795555
v -0.647414 0.967350 0.843223
v -0.658755 0.967350 0.843223
v -0.667171 0.966637 0.795530
v -0.675190 0.966757 0.803548
v -0.714869 0.966342 0.775775
v -0.714869 0.964666 0.775800
v -0.714869 0.966511 0.787115
v -0.762568 0.966637 0.795530
v -0.762568 0.964961 0.795555
v -0.754549 0.966757 0.803548
v -0.782325 0.967350 0.843223
v -0.782325 0.965674 0.843248
v -0.770984 0.967350 0.843223
v -0.770984 0.967350 0.843223
v -0.754549 0.966757 0.803548
v -0.770984 0.956939 0.843379
v -0.754549 0.956346 0.803704
v -0.973958 0.956939 0.843379
v -0.898073 0.959677 1.026561
v -0.973958 0.967350 0.843223
v -0.898073 0.954202 0.660196
v -0.898073 0.964612 0.660040
v -0.714869 0.953068 0.584319
v -0.714869 0.963478 0.584164
v -0.531666 0.954202 0.660196
v -0.714869 0.956101 0.787270
v -0.675190 0.956346 0.803704
v -0.714869 0.966511 0.787115
v -0.675190 0.966757 0.803548
v -0.658755 0.967350 0.843223
v -0.658755 0.956939 0.843379
v -0.455781 0.956939 0.843379
v -0.455781 0.967350 0.843223
v -0.531666 0.959677 1.026562
v -0.531666 0.970087 1.026406
v -0.714869 0.971221 1.102283
v -0.615814 0.968830 0.942268
v -0.714869 0.969443 0.983294
v -0.574783 0.967350 0.843223
v -0.615814 0.968830 0.942268
v -0.714869 0.969443 0.983294
v -0.574783 0.967350 0.843223
v -0.615814 0.965870 0.744178
v -0.615814 0.965870 0.744178
v -0.714869 0.965257 0.703153
v -0.615814 0.964194 0.744204
v -0.714869 0.963581 0.703178
v -0.813925 0.964194 0.744203
v -0.813925 0.965870 0.744178
v -0.854956 0.965674 0.843248
v -0.854956 0.967350 0.843223
v -0.813925 0.967154 0.942293
v -0.813925 0.968830 0.942268
v -0.813925 0.968830 0.942268
v -0.898073 0.970087 1.026406
v -0.854956 0.967350 0.843223
v -0.813925 0.965870 0.744178
v -0.714869 0.965257 0.703153
v -0.531666 0.964612 0.660040
vn 0.3827 -0.0138 -0.9238
vn -0.0000 -0.9999 0.0149
vn -0.3827 -0.0138 -0.9238
vn -0.0000 0.9999 -0.0149
vn -0.3827 0.0138 0.9238
vn 0.3827 0.0138 0.9238
vn 0.9239 0.0057 0.3826
vn 0.9239 -0.0057 -0.3826
vn -0.9239 -0.0057 -0.3826
vn -0.9239 0.0057 0.3826
vt 0.286756 0.286756
vt 0.250000 0.301981
vt 0.750000 0.301981
vt 0.786756 0.286756
vt 0.750000 0.490000
vt 0.919706 0.419706
vt 0.713244 0.286756
vt 0.580294 0.419706
vt 0.213244 0.286756
vt 0.294184 0.294184
vt 0.250000 0.312486
vt 0.205816 0.294184
vt 0.341758 0.341758
vt 0.250000 0.379765
vt 0.158242 0.341758
vt 0.187514 0.250000
vt 0.120235 0.250000
vt 0.205816 0.205816
vt 0.158242 0.158242
vt 0.198019 0.250000
vt 0.213244 0.213244
vt 0.250000 0.187514
vt 0.250000 0.198019
vt 0.294184 0.205816
vt 0.286756 0.213244
vt 0.312486 0.250000
vt 0.301981 0.250000
vt 0.801981 0.250000
vt 0.786756 0.213244
vt 0.990000 0.250000
vt 0.919706 0.080294
vt 0.875000 0.500000
vt 0.875000 1.000000
vt 0.750000 1.000000
vt 0.750000 0.500000
vt 0.625000 1.000000
vt 0.625000 0.500000
vt 0.500000 1.000000
vt 0.500000 0.500000
vt 0.750000 0.198019
vt 0.750000 0.010000
vt 0.375000 1.000000
vt 0.375000 0.500000
vt 0.713244 0.213244
vt 0.580294 0.080294
vt 0.698019 0.250000
vt 0.510000 0.250000
vt 0.250000 1.000000
vt 0.250000 0.500000
vt 0.125000 1.000000
vt 0.125000 0.500000
vt 0.000000 1.000000
vt 0.000000 0.500000
vt 0.080294 0.419706
vt 0.010000 0.250000
vt 0.250000 0.490000
vt 0.250000 0.120235
vt 0.341758 0.158242
vt 0.379765 0.250000
vt 0.490000 0.250000
vt 0.419706 0.419706
vt 0.419706 0.080294
vt 0.250000 0.010000
vt 0.080294 0.080294
vt 1.000000 0.500000
vt 1.000000 1.000000
s 0
f 2864/2779/825 2863/2780/825 2859/2781/825 2860/2782/825
f 2860/2782/826 2859/2781/826 2862/2783/826 2898/2784/826
f 2859/2781/826 2861/2785/826 2913/2786/826 2862/2783/826
f 2863/2780/827 2865/2787/827 2861/2785/827 2859/2781/827
f 2863/2780/828 2864/2779/828 2867/2779/828 2866/2780/828
f 2865/2787/828 2863/2780/828 2866/2780/828 2868/2787/828
f 2866/2780/828 2867/2779/828 2870/2788/828 2869/2789/828
f 2868/2787/828 2866/2780/828 2869/2789/828 2871/2790/828
f 2869/2789/829 2870/2788/829 2874/2788/829 2872/2789/829
f 2871/2790/830 2869/2789/830 2872/2789/830 2875/2790/830
f 2872/2789/828 2874/2788/828 2931/2791/828 2873/2792/828
f 2875/2790/828 2872/2789/828 2873/2792/828 2876/2793/828
f 2877/2794/828 2875/2790/828 2876/2793/828 2878/2795/828
f 2880/2794/831 2871/2790/831 2875/2790/831 2877/2794/831
f 2879/2796/828 2877/2794/828 2878/2795/828 2925/2797/828
f 2882/2796/832 2880/2794/832 2877/2794/832 2879/2796/832
f 2881/2798/828 2868/2787/828 2871/2790/828 2880/2794/828
f 2883/2799/828 2881/2798/828 2880/2794/828 2882/2796/828
f 2884/2800/825 2882/2796/825 2879/2796/825 2885/2800/825
f 2886/2801/828 2883/2799/828 2882/2796/828 2884/2800/828
f 2887/2802/827 2884/2800/827 2885/2800/827 2888/2802/827
f 2889/2803/828 2886/2801/828 2884/2800/828 2887/2802/828
f 2890/2804/833 2887/2802/833 2888/2802/833 2891/2804/833
f 2892/2805/828 2889/2803/828 2887/2802/828 2890/2804/828
f 2870/2788/834 2890/2804/834 2891/2804/834 2874/2788/834
f 2867/2779/828 2892/2805/828 2890/2804/828 2870/2788/828
f 2864/2779/828 2893/2805/828 2892/2805/828 2867/2779/828
f 2893/2805/828 2894/2803/828 2889/2803/828 2892/2805/828
f 2893/2805/832 2864/2779/832 2860/2782/832 2895/2806/832
f 2894/2803/831 2893/2805/831 2895/2806/831 2896/2807/831
f 2895/2806/826 2860/2782/826 2898/2784/826 2897/2808/826
f 2896/2807/826 2895/2806/826 2897/2808/826 2900/2809/826
f 2898/2810/834 2934/2811/834 2899/2812/834 2897/2813/834
f 2897/2813/833 2899/2812/833 2901/2814/833 2900/2815/833
f 2900/2815/827 2901/2814/827 2903/2816/827 2902/2817/827
f 2905/2818/826 2896/2807/826 2900/2809/826 2902/2819/826
f 2902/2817/825 2903/2816/825 2938/2820/825 2904/2821/825
f 2906/2822/826 2905/2818/826 2902/2819/826 2904/2823/826
f 2907/2801/830 2894/2803/830 2896/2807/830 2905/2818/830
f 2908/2799/829 2907/2801/829 2905/2818/829 2906/2822/829
f 2894/2803/828 2907/2801/828 2886/2801/828 2889/2803/828
f 2907/2801/828 2908/2799/828 2883/2799/828 2886/2801/828
f 2908/2799/828 2909/2798/828 2881/2798/828 2883/2799/828
f 2909/2798/834 2908/2799/834 2906/2822/834 2910/2824/834
f 2909/2798/828 2865/2787/828 2868/2787/828 2881/2798/828
f 2865/2787/833 2909/2798/833 2910/2824/833 2861/2785/833
f 2910/2824/826 2906/2822/826 2904/2823/826 2911/2825/826
f 2861/2785/826 2910/2824/826 2911/2825/826 2913/2786/826
f 2904/2821/832 2938/2820/832 2912/2826/832 2911/2827/832
f 2911/2827/831 2912/2826/831 2914/2828/831 2913/2829/831
f 2913/2829/830 2914/2828/830 2915/2830/830 2862/2831/830
f 2918/2795/828 2916/2793/828 2914/2832/828 2912/2833/828
f 2916/2793/828 2917/2792/828 2915/2834/828 2914/2832/828
f 2917/2792/828 2916/2793/828 2919/2793/828 2920/2792/828
f 2916/2793/828 2918/2795/828 2921/2795/828 2919/2793/828
f 2920/2792/827 2919/2793/827 2876/2793/827 2873/2792/827
f 2919/2793/833 2921/2795/833 2878/2795/833 2876/2793/833
f 2921/2795/834 2922/2797/834 2925/2797/834 2878/2795/834
f 2918/2795/828 2923/2797/828 2922/2797/828 2921/2795/828
f 2923/2797/828 2937/2835/828 2924/2835/828 2922/2797/828
f 2922/2797/829 2924/2835/829 2926/2835/829 2925/2797/829
f 2885/2800/828 2879/2796/828 2925/2797/828 2926/2835/828
f 2924/2835/830 2928/2836/830 2927/2836/830 2926/2835/830
f 2888/2802/828 2885/2800/828 2926/2835/828 2927/2836/828
f 2928/2836/831 2930/2837/831 2929/2837/831 2927/2836/831
f 2891/2804/828 2888/2802/828 2927/2836/828 2929/2837/828
f 2930/2837/832 2932/2791/832 2931/2791/832 2929/2837/832
f 2874/2788/828 2891/2804/828 2929/2837/828 2931/2791/828
f 2932/2791/825 2920/2792/825 2873/2792/825 2931/2791/825
f 2935/2837/828 2933/2791/828 2932/2791/828 2930/2837/828
f 2933/2791/828 2917/2792/828 2920/2792/828 2932/2791/828
f 2933/2791/828 2935/2837/828 2899/2838/828 2934/2839/828
f 2917/2792/828 2933/2791/828 2934/2839/828 2915/2834/828
f 2935/2837/828 2936/2836/828 2901/2840/828 2899/2838/828
f 2936/2836/828 2935/2837/828 2930/2837/828 2928/2836/828
f 2936/2836/828 2937/2835/828 2903/2841/828 2901/2840/828
f 2937/2835/828 2936/2836/828 2928/2836/828 2924/2835/828
f 2937/2835/828 2923/2797/828 2938/2842/828 2903/2841/828
f 2862/2843/829 2915/2844/829 2934/2811/829 2898/2810/829
f 2923/2797/828 2918/2795/828 2912/2833/828 2938/2842/828
o Cylinder.031
v -0.714869 0.959622 0.723260
v -0.754549 0.959376 0.706826
v -0.675190 0.959376 0.706826
v -0.714869 0.962655 0.926211
v -0.714869 0.970032 0.723104
v -0.754549 0.969787 0.706671
v -0.675190 0.969787 0.706671
v -0.714869 0.970032 0.723104
v -0.754549 0.969787 0.706671
v -0.675190 0.969787 0.706671
v -0.714869 0.970202 0.734444
v -0.762568 0.969907 0.714689
v -0.667171 0.969907 0.714689
v -0.714869 0.968526 0.734469
v -0.714869 0.969611 0.807091
v -0.762568 0.968231 0.714714
v -0.667171 0.968231 0.714714
v -0.615814 0.968998 0.766066
v -0.647414 0.967518 0.667021
v -0.574783 0.967518 0.667021
v -0.667171 0.966805 0.619328
v -0.647414 0.969194 0.666996
v -0.658754 0.969194 0.666996
v -0.667171 0.968481 0.619303
v -0.675190 0.968601 0.627321
v -0.714869 0.968186 0.599548
v -0.714869 0.966510 0.599573
v -0.714869 0.968355 0.610887
v -0.762568 0.968481 0.619303
v -0.762568 0.966805 0.619328
v -0.754549 0.968601 0.627321
v -0.782325 0.969194 0.666996
v -0.782325 0.967518 0.667021
v -0.770984 0.969194 0.666996
v -0.770984 0.969194 0.666996
v -0.754549 0.968601 0.627321
v -0.770984 0.958783 0.667151
v -0.754549 0.958190 0.627477
v -0.973958 0.958783 0.667151
v -0.898073 0.961521 0.850334
v -0.973958 0.969194 0.666996
v -0.898073 0.956046 0.483969
v -0.898073 0.966456 0.483813
v -0.714869 0.954912 0.408092
v -0.714869 0.965322 0.407936
v -0.531666 0.956046 0.483969
v -0.714869 0.957945 0.611043
v -0.675190 0.958190 0.627477
v -0.714869 0.968355 0.610887
v -0.675190 0.968601 0.627321
v -0.658754 0.969194 0.666996
v -0.658754 0.958783 0.667151
v -0.455781 0.958783 0.667152
v -0.455781 0.969194 0.666996
v -0.531666 0.961521 0.850334
v -0.531666 0.971931 0.850179
v -0.714869 0.973065 0.926055
v -0.615814 0.970674 0.766041
v -0.714869 0.971287 0.807066
v -0.574783 0.969194 0.666996
v -0.615814 0.970674 0.766041
v -0.714869 0.971287 0.807066
v -0.574783 0.969194 0.666996
v -0.615813 0.967714 0.567951
v -0.615813 0.967714 0.567951
v -0.714869 0.967100 0.526925
v -0.615813 0.966038 0.567976
v -0.714869 0.965425 0.526950
v -0.813925 0.966038 0.567976
v -0.813925 0.967714 0.567951
v -0.854955 0.967518 0.667021
v -0.854955 0.969194 0.666996
v -0.813925 0.968998 0.766066
v -0.813925 0.970674 0.766041
v -0.813925 0.970674 0.766041
v -0.898073 0.971931 0.850178
v -0.854955 0.969194 0.666996
v -0.813925 0.967714 0.567951
v -0.714869 0.967100 0.526925
v -0.531666 0.966456 0.483813
vn 0.3827 -0.0138 -0.9238
vn -0.0000 -0.9999 0.0149
vn -0.3827 -0.0138 -0.9238
vn -0.0000 0.9999 -0.0149
vn -0.3827 0.0138 0.9238
vn 0.3827 0.0138 0.9238
vn 0.9239 0.0057 0.3826
vn 0.9239 -0.0057 -0.3826
vn -0.9239 -0.0057 -0.3826
vn -0.9239 0.0057 0.3826
vt 0.286756 0.286756
vt 0.250000 0.301981
vt 0.750000 0.301981
vt 0.786756 0.286756
vt 0.750000 0.490000
vt 0.919706 0.419706
vt 0.713244 0.286756
vt 0.580294 0.419706
vt 0.213244 0.286756
vt 0.294184 0.294184
vt 0.250000 0.312486
vt 0.205816 0.294184
vt 0.341758 0.341758
vt 0.250000 0.379765
vt 0.158242 0.341758
vt 0.187514 0.250000
vt 0.120235 0.250000
vt 0.205816 0.205816
vt 0.158242 0.158242
vt 0.198019 0.250000
vt 0.213244 0.213244
vt 0.250000 0.187514
vt 0.250000 0.198019
vt 0.294184 0.205816
vt 0.286756 0.213244
vt 0.312486 0.250000
vt 0.301981 0.250000
vt 0.801981 0.250000
vt 0.786756 0.213244
vt 0.990000 0.250000
vt 0.919706 0.080294
vt 0.875000 0.500000
vt 0.875000 1.000000
vt 0.750000 1.000000
vt 0.750000 0.500000
vt 0.625000 1.000000
vt 0.625000 0.500000
vt 0.500000 1.000000
vt 0.500000 0.500000
vt 0.750000 0.198019
vt 0.750000 0.010000
vt 0.375000 1.000000
vt 0.375000 0.500000
vt 0.713244 0.213244
vt 0.580294 0.080294
vt 0.698019 0.250000
vt 0.510000 0.250000
vt 0.250000 1.000000
vt 0.250000 0.500000
vt 0.125000 1.000000
vt 0.125000 0.500000
vt 0.000000 1.000000
vt 0.000000 0.500000
vt 0.080294 0.419706
vt 0.010000 0.250000
vt 0.250000 0.490000
vt 0.250000 0.120235
vt 0.341758 0.158242
vt 0.379765 0.250000
vt 0.490000 0.250000
vt 0.419706 0.419706
vt 0.419706 0.080294
vt 0.250000 0.010000
vt 0.080294 0.080294
vt 1.000000 0.500000
vt 1.000000 1.000000
s 0
f 2944/2845/835 2943/2846/835 2939/2847/835 2940/2848/835
f 2940/2848/836 2939/2847/836 2942/2849/836 2978/2850/836
f 2939/2847/836 2941/2851/836 2993/2852/836 2942/2849/836
f 2943/2846/837 2945/2853/837 2941/2851/837 2939/2847/837
f 2943/2846/838 2944/2845/838 2947/2845/838 2946/2846/838
f 2945/2853/838 2943/2846/838 2946/2846/838 2948/2853/838
f 2946/2846/838 2947/2845/838 2950/2854/838 2949/2855/838
f 2948/2853/838 2946/2846/838 2949/2855/838 2951/2856/838
f 2949/2855/839 2950/2854/839 2954/2854/839 2952/2855/839
f 2951/2856/840 2949/2855/840 2952/2855/840 2955/2856/840
f 2952/2855/838 2954/2854/838 3011/2857/838 2953/2858/838
f 2955/2856/838 2952/2855/838 2953/2858/838 2956/2859/838
f 2957/2860/838 2955/2856/838 2956/2859/838 2958/2861/838
f 2960/2860/841 2951/2856/841 2955/2856/841 2957/2860/841
f 2959/2862/838 2957/2860/838 2958/2861/838 3005/2863/838
f 2962/2862/842 2960/2860/842 2957/2860/842 2959/2862/842
f 2961/2864/838 2948/2853/838 2951/2856/838 2960/2860/838
f 2963/2865/838 2961/2864/838 2960/2860/838 2962/2862/838
f 2964/2866/835 2962/2862/835 2959/2862/835 2965/2866/835
f 2966/2867/838 2963/2865/838 2962/2862/838 2964/2866/838
f 2967/2868/837 2964/2866/837 2965/2866/837 2968/2868/837
f 2969/2869/838 2966/2867/838 2964/2866/838 2967/2868/838
f 2970/2870/843 2967/2868/843 2968/2868/843 2971/2870/843
f 2972/2871/838 2969/2869/838 2967/2868/838 2970/2870/838
f 2950/2854/844 2970/2870/844 2971/2870/844 2954/2854/844
f 2947/2845/838 2972/2871/838 2970/2870/838 2950/2854/838
f 2944/2845/838 2973/2871/838 2972/2871/838 2947/2845/838
f 2973/2871/838 2974/2869/838 2969/2869/838 2972/2871/838
f 2973/2871/842 2944/2845/842 2940/2848/842 2975/2872/842
f 2974/2869/841 2973/2871/841 2975/2872/841 2976/2873/841
f 2975/2872/836 2940/2848/836 2978/2850/836 2977/2874/836
f 2976/2873/836 2975/2872/836 2977/2874/836 2980/2875/836
f 2978/2876/844 3014/2877/844 2979/2878/844 2977/2879/844
f 2977/2879/843 2979/2878/843 2981/2880/843 2980/2881/843
f 2980/2881/837 2981/2880/837 2983/2882/837 2982/2883/837
f 2985/2884/836 2976/2873/836 2980/2875/836 2982/2885/836
f 2982/2883/835 2983/2882/835 3018/2886/835 2984/2887/835
f 2986/2888/836 2985/2884/836 2982/2885/836 2984/2889/836
f 2987/2867/840 2974/2869/840 2976/2873/840 2985/2884/840
f 2988/2865/839 2987/2867/839 2985/2884/839 2986/2888/839
f 2974/2869/838 2987/2867/838 2966/2867/838 2969/2869/838
f 2987/2867/838 2988/2865/838 2963/2865/838 2966/2867/838
f 2988/2865/838 2989/2864/838 2961/2864/838 2963/2865/838
f 2989/2864/844 2988/2865/844 2986/2888/844 2990/2890/844
f 2989/2864/838 2945/2853/838 2948/2853/838 2961/2864/838
f 2945/2853/843 2989/2864/843 2990/2890/843 2941/2851/843
f 2990/2890/836 2986/2888/836 2984/2889/836 2991/2891/836
f 2941/2851/836 2990/2890/836 2991/2891/836 2993/2852/836
f 2984/2887/842 3018/2886/842 2992/2892/842 2991/2893/842
f 2991/2893/841 2992/2892/841 2994/2894/841 2993/2895/841
f 2993/2895/840 2994/2894/840 2995/2896/840 2942/2897/840
f 2998/2861/838 2996/2859/838 2994/2898/838 2992/2899/838
f 2996/2859/838 2997/2858/838 2995/2900/838 2994/2898/838
f 2997/2858/838 2996/2859/838 2999/2859/838 3000/2858/838
f 2996/2859/838 2998/2861/838 3001/2861/838 2999/2859/838
f 3000/2858/837 2999/2859/837 2956/2859/837 2953/2858/837
f 2999/2859/843 3001/2861/843 2958/2861/843 2956/2859/843
f 3001/2861/844 3002/2863/844 3005/2863/844 2958/2861/844
f 2998/2861/838 3003/2863/838 3002/2863/838 3001/2861/838
f 3003/2863/838 3017/2901/838 3004/2901/838 3002/2863/838
f 3002/2863/839 3004/2901/839 3006/2901/839 3005/2863/839
f 2965/2866/838 2959/2862/838 3005/2863/838 3006/2901/838
f 3004/2901/840 3008/2902/840 3007/2902/840 3006/2901/840
f 2968/2868/838 2965/2866/838 3006/2901/838 3007/2902/838
f 3008/2902/841 3010/2903/841 3009/2903/841 3007/2902/841
f 2971/2870/838 2968/2868/838 3007/2902/838 3009/2903/838
f 3010/2903/842 3012/2857/842 3011/2857/842 3009/2903/842
f 2954/2854/838 2971/2870/838 3009/2903/838 3011/2857/838
f 3012/2857/835 3000/2858/835 2953/2858/835 3011/2857/835
f 3015/2903/838 3013/2857/838 3012/2857/838 3010/2903/838
f 3013/2857/838 2997/2858/838 3000/2858/838 3012/2857/838
f 3013/2857/838 3015/2903/838 2979/2904/838 3014/2905/838
f 2997/2858/838 3013/2857/838 3014/2905/838 2995/2900/838
f 3015/2903/838 3016/2902/838 2981/2906/838 2979/2904/838
f 3016/2902/838 3015/2903/838 3010/2903/838 3008/2902/838
f 3016/2902/838 3017/2901/838 2983/2907/838 2981/2906/838
f 3017/2901/838 3016/2902/838 3008/2902/838 3004/2901/838
f 3017/2901/838 3003/2863/838 3018/2908/838 2983/2907/838
f 2942/2909/839 2995/2910/839 3014/2877/839 2978/2876/839
f 3003/2863/838 2998/2861/838 2992/2899/838 3018/2908/838
o Cylinder.032
v -0.714869 0.961466 0.547033
v -0.754549 0.961220 0.530599
v -0.675190 0.961220 0.530599
v -0.714869 0.964499 0.749984
v -0.714869 0.971876 0.546877
v -0.754549 0.971631 0.530443
v -0.675190 0.971631 0.530443
v -0.714869 0.971876 0.546877
v -0.754549 0.971631 0.530443
v -0.675190 0.971631 0.530443
v -0.714869 0.972046 0.558216
v -0.762567 0.971750 0.538461
v -0.667171 0.971750 0.538461
v -0.714869 0.970370 0.558241
v -0.714869 0.971455 0.630864
v -0.762567 0.970075 0.538486
v -0.667171 0.970075 0.538486
v -0.615813 0.970842 0.589838
v -0.647414 0.969362 0.490793
v -0.574783 0.969362 0.490794
v -0.667171 0.968649 0.443101
v -0.647414 0.971038 0.490768
v -0.658754 0.971038 0.490768
v -0.667171 0.970325 0.443076
v -0.675190 0.970445 0.451094
v -0.714869 0.970030 0.423321
v -0.714869 0.968354 0.423346
v -0.714869 0.970199 0.434660
v -0.762567 0.970325 0.443076
v -0.762567 0.968649 0.443101
v -0.754549 0.970445 0.451094
v -0.782325 0.971038 0.490768
v -0.782325 0.969362 0.490793
v -0.770984 0.971038 0.490768
v -0.770984 0.971038 0.490768
v -0.754549 0.970445 0.451094
v -0.770984 0.960627 0.490924
v -0.754549 0.960034 0.451249
v -0.973958 0.960627 0.490924
v -0.898073 0.963365 0.674107
v -0.973958 0.971038 0.490768
v -0.898072 0.957889 0.307741
v -0.898072 0.968300 0.307586
v -0.714869 0.956755 0.231864
v -0.714869 0.967166 0.231709
v -0.531666 0.957889 0.307741
v -0.714869 0.959789 0.434815
v -0.675190 0.960034 0.451249
v -0.714869 0.970199 0.434660
v -0.675190 0.970445 0.451094
v -0.658754 0.971038 0.490768
v -0.658754 0.960627 0.490924
v -0.455781 0.960627 0.490924
v -0.455781 0.971038 0.490768
v -0.531666 0.963365 0.674107
v -0.531666 0.973775 0.673951
v -0.714869 0.974909 0.749828
v -0.615813 0.972518 0.589813
v -0.714869 0.973131 0.630839
v -0.574783 0.971038 0.490768
v -0.615813 0.972518 0.589813
v -0.714869 0.973131 0.630839
v -0.574783 0.971038 0.490768
v -0.615813 0.969557 0.391724
v -0.615813 0.969557 0.391724
v -0.714869 0.968944 0.350698
v -0.615813 0.967882 0.391749
v -0.714869 0.967269 0.350723
v -0.813925 0.967882 0.391749
v -0.813925 0.969557 0.391724
v -0.854955 0.969362 0.490793
v -0.854955 0.971038 0.490768
v -0.813925 0.970842 0.589838
v -0.813925 0.972518 0.589813
v -0.813925 0.972518 0.589813
v -0.898073 0.973775 0.673951
v -0.854955 0.971038 0.490768
v -0.813925 0.969557 0.391724
v -0.714869 0.968944 0.350698
v -0.531666 0.968300 0.307586
vn 0.3827 -0.0138 -0.9238
vn -0.0000 -0.9999 0.0149
vn -0.3827 -0.0138 -0.9238
vn -0.0000 0.9999 -0.0149
vn -0.3827 0.0138 0.9238
vn 0.3827 0.0138 0.9238
vn 0.9239 0.0057 0.3826
vn 0.9239 -0.0057 -0.3826
vn -0.9239 -0.0057 -0.3826
vn -0.9239 0.0057 0.3826
vt 0.286756 0.286756
vt 0.250000 0.301981
vt 0.750000 0.301981
vt 0.786756 0.286756
vt 0.750000 0.490000
vt 0.919706 0.419706
vt 0.713244 0.286756
vt 0.580294 0.419706
vt 0.213244 0.286756
vt 0.294184 0.294184
vt 0.250000 0.312486
vt 0.205816 0.294184
vt 0.341758 0.341758
vt 0.250000 0.379765
vt 0.158242 0.341758
vt 0.187514 0.250000
vt 0.120235 0.250000
vt 0.205816 0.205816
vt 0.158242 0.158242
vt 0.198019 0.250000
vt 0.213244 0.213244
vt 0.250000 0.187514
vt 0.250000 0.198019
vt 0.294184 0.205816
vt 0.286756 0.213244
vt 0.312486 0.250000
vt 0.301981 0.250000
vt 0.801981 0.250000
vt 0.786756 0.213244
vt 0.990000 0.250000
vt 0.919706 0.080294
vt 0.875000 0.500000
vt 0.875000 1.000000
vt 0.750000 1.000000
vt 0.750000 0.500000
vt 0.625000 1.000000
vt 0.625000 0.500000
vt 0.500000 1.000000
vt 0.500000 0.500000
vt 0.750000 0.198019
vt 0.750000 0.010000
vt 0.375000 1.000000
vt 0.375000 0.500000
vt 0.713244 0.213244
vt 0.580294 0.080294
vt 0.698019 0.250000
vt 0.510000 0.250000
vt 0.250000 1.000000
vt 0.250000 0.500000
vt 0.125000 1.000000
vt 0.125000 0.500000
vt 0.000000 1.000000
vt 0.000000 0.500000
vt 0.080294 0.419706
vt 0.010000 0.250000
vt 0.250000 0.490000
vt 0.250000 0.120235
vt 0.341758 0.158242
vt 0.379765 0.250000
vt 0.490000 0.250000
vt 0.419706 0.419706
vt 0.419706 0.080294
vt 0.250000 0.010000
vt 0.080294 0.080294
vt 1.000000 0.500000
vt 1.000000 1.000000
s 0
f 3024/2911/845 3023/2912/845 3019/2913/845 3020/2914/845
f 3020/2914/846 3019/2913/846 3022/2915/846 3058/2916/846
f 3019/2913/846 3021/2917/846 3073/2918/846 3022/2915/846
f 3023/2912/847 3025/2919/847 3021/2917/847 3019/2913/847
f 3023/2912/848 3024/2911/848 3027/2911/848 3026/2912/848
f 3025/2919/848 3023/2912/848 3026/2912/848 3028/2919/848
f 3026/2912/848 3027/2911/848 3030/2920/848 3029/2921/848
f 3028/2919/848 3026/2912/848 3029/2921/848 3031/2922/848
f 3029/2921/849 3030/2920/849 3034/2920/849 3032/2921/849
f 3031/2922/850 3029/2921/850 3032/2921/850 3035/2922/850
f 3032/2921/848 3034/2920/848 3091/2923/848 3033/2924/848
f 3035/2922/848 3032/2921/848 3033/2924/848 3036/2925/848
f 3037/2926/848 3035/2922/848 3036/2925/848 3038/2927/848
f 3040/2926/851 3031/2922/851 3035/2922/851 3037/2926/851
f 3039/2928/848 3037/2926/848 3038/2927/848 3085/2929/848
f 3042/2928/852 3040/2926/852 3037/2926/852 3039/2928/852
f 3041/2930/848 3028/2919/848 3031/2922/848 3040/2926/848
f 3043/2931/848 3041/2930/848 3040/2926/848 3042/2928/848
f 3044/2932/845 3042/2928/845 3039/2928/845 3045/2932/845
f 3046/2933/848 3043/2931/848 3042/2928/848 3044/2932/848
f 3047/2934/847 3044/2932/847 3045/2932/847 3048/2934/847
f 3049/2935/848 3046/2933/848 3044/2932/848 3047/2934/848
f 3050/2936/853 3047/2934/853 3048/2934/853 3051/2936/853
f 3052/2937/848 3049/2935/848 3047/2934/848 3050/2936/848
f 3030/2920/854 3050/2936/854 3051/2936/854 3034/2920/854
f 3027/2911/848 3052/2937/848 3050/2936/848 3030/2920/848
f 3024/2911/848 3053/2937/848 3052/2937/848 3027/2911/848
f 3053/2937/848 3054/2935/848 3049/2935/848 3052/2937/848
f 3053/2937/852 3024/2911/852 3020/2914/852 3055/2938/852
f 3054/2935/851 3053/2937/851 3055/2938/851 3056/2939/851
f 3055/2938/846 3020/2914/846 3058/2916/846 3057/2940/846
f 3056/2939/846 3055/2938/846 3057/2940/846 3060/2941/846
f 3058/2942/854 3094/2943/854 3059/2944/854 3057/2945/854
f 3057/2945/853 3059/2944/853 3061/2946/853 3060/2947/853
f 3060/2947/847 3061/2946/847 3063/2948/847 3062/2949/847
f 3065/2950/846 3056/2939/846 3060/2941/846 3062/2951/846
f 3062/2949/845 3063/2948/845 3098/2952/845 3064/2953/845
f 3066/2954/846 3065/2950/846 3062/2951/846 3064/2955/846
f 3067/2933/850 3054/2935/850 3056/2939/850 3065/2950/850
f 3068/2931/849 3067/2933/849 3065/2950/849 3066/2954/849
f 3054/2935/848 3067/2933/848 3046/2933/848 3049/2935/848
f 3067/2933/848 3068/2931/848 3043/2931/848 3046/2933/848
f 3068/2931/848 3069/2930/848 3041/2930/848 3043/2931/848
f 3069/2930/854 3068/2931/854 3066/2954/854 3070/2956/854
f 3069/2930/848 3025/2919/848 3028/2919/848 3041/2930/848
f 3025/2919/853 3069/2930/853 3070/2956/853 3021/2917/853
f 3070/2956/846 3066/2954/846 3064/2955/846 3071/2957/846
f 3021/2917/846 3070/2956/846 3071/2957/846 3073/2918/846
f 3064/2953/852 3098/2952/852 3072/2958/852 3071/2959/852
f 3071/2959/851 3072/2958/851 3074/2960/851 3073/2961/851
f 3073/2961/850 3074/2960/850 3075/2962/850 3022/2963/850
f 3078/2927/848 3076/2925/848 3074/2964/848 3072/2965/848
f 3076/2925/848 3077/2924/848 3075/2966/848 3074/2964/848
f 3077/2924/848 3076/2925/848 3079/2925/848 3080/2924/848
f 3076/2925/848 3078/2927/848 3081/2927/848 3079/2925/848
f 3080/2924/847 3079/2925/847 3036/2925/847 3033/2924/847
f 3079/2925/853 3081/2927/853 3038/2927/853 3036/2925/853
f 3081/2927/854 3082/2929/854 3085/2929/854 3038/2927/854
f 3078/2927/848 3083/2929/848 3082/2929/848 3081/2927/848
f 3083/2929/848 3097/2967/848 3084/2967/848 3082/2929/848
f 3082/2929/849 3084/2967/849 3086/2967/849 3085/2929/849
f 3045/2932/848 3039/2928/848 3085/2929/848 3086/2967/848
f 3084/2967/850 3088/2968/850 3087/2968/850 3086/2967/850
f 3048/2934/848 3045/2932/848 3086/2967/848 3087/2968/848
f 3088/2968/851 3090/2969/851 3089/2969/851 3087/2968/851
f 3051/2936/848 3048/2934/848 3087/2968/848 3089/2969/848
f 3090/2969/852 3092/2923/852 3091/2923/852 3089/2969/852
f 3034/2920/848 3051/2936/848 3089/2969/848 3091/2923/848
f 3092/2923/845 3080/2924/845 3033/2924/845 3091/2923/845
f 3095/2969/848 3093/2923/848 3092/2923/848 3090/2969/848
f 3093/2923/848 3077/2924/848 3080/2924/848 3092/2923/848
f 3093/2923/848 3095/2969/848 3059/2970/848 3094/2971/848
f 3077/2924/848 3093/2923/848 3094/2971/848 3075/2966/848
f 3095/2969/848 3096/2968/848 3061/2972/848 3059/2970/848
f 3096/2968/848 3095/2969/848 3090/2969/848 3088/2968/848
f 3096/2968/848 3097/2967/848 3063/2973/848 3061/2972/848
f 3097/2967/848 3096/2968/848 3088/2968/848 3084/2967/848
f 3097/2967/848 3083/2929/848 3098/2974/848 3063/2973/848
f 3022/2975/849 3075/2976/849 3094/2943/849 3058/2942/849
f 3083/2929/848 3078/2927/848 3072/2965/848 3098/2974/848
o Plane.011
v 0.001660 1.107569 1.125642
v -0.093740 1.107569 1.328465
v 0.282113 1.107569 1.340193
v -0.404215 1.107569 1.102934
v 0.198832 1.107569 1.066193
v 0.094458 1.107569 0.895749
v 0.001660 1.038569 1.125642
v -0.093740 1.038569 1.328465
v 0.282113 1.038569 1.340193
v -0.404215 1.038569 1.102934
v 0.198832 1.038569 1.066193
v 0.094458 1.038569 0.895749
v 0.173556 1.038569 0.910609
v 0.173556 1.107569 0.910609
v 0.308696 1.038569 1.170020
v 0.949238 1.038569 0.930601
v 0.967602 1.038569 0.973704
v 0.949238 1.107569 0.930601
v 0.967602 1.107569 0.973704
v 0.983235 1.107569 1.022663
v 0.308696 1.107569 1.170020
v 0.983235 1.038569 1.022663
v -0.428218 1.038569 1.160138
v -0.428218 1.107569 1.160138
v 0.027078 1.038569 1.491550
v 0.331252 1.038569 1.713362
v 0.286896 1.038569 1.725860
v 0.331252 1.107569 1.713362
v 0.286896 1.107569 1.725860
v 0.027078 1.107569 1.491550
v -0.264004 1.107569 1.689944
v -0.326199 1.107569 1.633706
v -0.264004 1.038569 1.689944
v -0.326199 1.038569 1.633706
vn -0.0000 1.0000 -0.0000
vn 0.0559 -0.0000 -0.9984
vn -0.9273 -0.0000 -0.3743
vn -0.0000 -1.0000 -0.0000
vn 0.1846 -0.0000 -0.9828
vn 0.9871 -0.0000 -0.1604
vn -0.1778 -0.0000 -0.9841
vn 0.9200 -0.0000 -0.3919
vn 0.9526 -0.0000 -0.3042
vn 0.4126 -0.0000 0.9109
vn -0.9221 -0.0000 -0.3869
vn -0.4495 -0.0000 0.8933
vn 0.9914 -0.0000 -0.1306
vn 0.2712 -0.0000 0.9625
vn -0.6697 -0.0000 0.7426
vn 0.5632 -0.0000 0.8263
vn -0.6707 -0.0000 0.7417
vn -0.7956 -0.0000 -0.6059
vt 0.000000 0.000000
vt 0.000000 1.000000
vt 1.000000 1.000000
vt 1.000000 0.000000
s 0
f 3099/2977/855 3102/2977/855 3122/2978/855 3100/2978/855
f 3099/2977/855 3100/2978/855 3128/2979/855 3101/2980/855
f 3101/2980/855 3119/2980/855 3103/2977/855 3099/2977/855
f 3099/2977/856 3105/2977/856 3108/2977/856 3102/2977/856
f 3103/2977/855 3112/2977/855 3104/2977/855 3099/2977/855
f 3104/2977/857 3110/2977/857 3105/2977/857 3099/2977/857
f 3105/2977/858 3106/2978/858 3121/2978/858 3108/2977/858
f 3105/2977/858 3107/2980/858 3123/2979/858 3106/2978/858
f 3107/2980/858 3105/2977/858 3109/2977/858 3113/2980/858
f 3109/2977/858 3105/2977/858 3110/2977/858 3111/2977/858
f 3112/2977/859 3111/2977/859 3110/2977/859 3104/2977/859
f 3103/2977/860 3109/2977/860 3111/2977/860 3112/2977/860
f 3113/2980/858 3109/2977/858 3114/2977/858 3115/2980/858
f 3116/2977/861 3114/2977/861 3109/2977/861 3103/2977/861
f 3117/2980/862 3115/2980/862 3114/2977/862 3116/2977/862
f 3119/2980/855 3117/2980/855 3116/2977/855 3103/2977/855
f 3118/2980/863 3120/2980/863 3115/2980/863 3117/2980/863
f 3101/2980/855 3118/2980/855 3117/2980/855 3119/2980/855
f 3101/2980/864 3107/2980/864 3120/2980/864 3118/2980/864
f 3107/2980/858 3113/2980/858 3115/2980/858 3120/2980/858
f 3102/2977/865 3108/2977/865 3121/2978/865 3122/2978/865
f 3122/2978/866 3121/2978/866 3106/2978/866 3100/2978/866
f 3123/2979/858 3107/2980/858 3124/2980/858 3125/2979/858
f 3126/2980/867 3124/2980/867 3107/2980/867 3101/2980/867
f 3127/2979/868 3125/2979/868 3124/2980/868 3126/2980/868
f 3128/2979/855 3127/2979/855 3126/2980/855 3101/2980/855
f 3128/2979/869 3123/2979/869 3125/2979/869 3127/2979/869
f 3100/2978/855 3130/2978/855 3129/2979/855 3128/2979/855
f 3129/2979/870 3131/2979/870 3123/2979/870 3128/2979/870
f 3130/2978/871 3132/2978/871 3131/2979/871 3129/2979/871
f 3106/2978/858 3123/2979/858 3131/2979/858 3132/2978/858
f 3100/2978/872 3106/2978/872 3132/2978/872 3130/2978/872
o Plane.012
v -0.286561 0.968185 0.340588
v -0.200605 0.968185 0.216216
v -0.316442 0.968185 0.319937
v -0.286561 0.950421 0.340588
v -0.200605 0.950421 0.216216
v -0.316442 0.950421 0.319937
v -0.354948 0.950421 0.167207
v -0.220077 0.950421 0.076347
v -0.374908 0.950421 -0.046183
v -0.446400 0.950421 0.132168
v -0.354948 0.968185 0.167207
v -0.220077 0.968185 0.076347
v -0.374908 0.968185 -0.046183
v -0.446400 0.968185 0.132168
v -0.453342 0.968185 0.108520
v -0.453342 0.950421 0.108520
v -0.234263 0.968185 -0.058758
v -0.238651 0.968185 -0.275692
v -0.428211 0.968185 -0.156964
v -0.420498 0.968185 -0.187978
v -0.428211 0.950421 -0.156964
v -0.420498 0.950421 -0.187978
v -0.238651 0.950421 -0.275692
v -0.153663 0.950421 -0.213494
v -0.116716 0.950421 -0.340452
v -0.223741 0.950421 -0.382750
v -0.211421 0.950421 -0.394993
v -0.223741 0.968185 -0.382750
v -0.211421 0.968185 -0.394993
v -0.116716 0.968185 -0.340452
v -0.068848 0.968185 -0.291932
v -0.153663 0.968185 -0.213494
v -0.068848 0.950421 -0.291932
v -0.234263 0.950421 -0.058758
v -0.162280 0.968185 0.176037
v -0.162280 0.950421 0.176037
vn 0.8226 -0.0000 0.5685
vn -0.0000 1.0000 -0.0000
vn -0.5685 -0.0000 0.8226
vn -0.0000 -1.0000 -0.0000
vn -0.9697 -0.0000 0.2445
vn -0.3578 -0.0000 0.9338
vn -0.9595 -0.0000 0.2817
vn -0.8919 -0.0000 -0.4522
vn -0.9011 -0.0000 0.4336
vn -0.9704 -0.0000 -0.2414
vn -0.4345 -0.0000 -0.9007
vn -0.9904 -0.0000 -0.1379
vn -0.7049 -0.0000 -0.7093
vn 0.4991 -0.0000 -0.8666
vn 0.7119 -0.0000 -0.7023
vn 0.6790 -0.0000 0.7342
vn 0.8869 -0.0000 0.4620
vn 0.9945 -0.0000 -0.1044
vn 0.8651 -0.0000 -0.5016
vn 0.7236 -0.0000 0.6902
vt 0.000000 0.000000
vt 0.000000 1.000000
vt 1.000000 1.000000
vt 1.000000 0.000000
s 0
f 3133/2981/873 3136/2981/873 3137/2982/873 3134/2982/873
f 3133/2981/874 3134/2982/874 3143/2983/874 3135/2984/874
f 3135/2984/875 3138/2984/875 3136/2981/875 3133/2981/875
f 3136/2981/876 3138/2984/876 3139/2983/876 3137/2982/876
f 3143/2983/877 3139/2983/877 3138/2984/877 3135/2984/877
f 3137/2982/876 3139/2983/876 3140/2983/876 3168/2982/876
f 3140/2983/876 3139/2983/876 3141/2983/876 3166/2983/876
f 3141/2983/876 3139/2983/876 3142/2983/876 3148/2983/876
f 3146/2983/878 3142/2983/878 3139/2983/878 3143/2983/878
f 3134/2982/874 3167/2982/874 3144/2983/874 3143/2983/874
f 3144/2983/874 3149/2983/874 3145/2983/874 3143/2983/874
f 3145/2983/874 3147/2983/874 3146/2983/874 3143/2983/874
f 3147/2983/879 3148/2983/879 3142/2983/879 3146/2983/879
f 3145/2983/880 3141/2983/880 3148/2983/880 3147/2983/880
f 3149/2983/874 3164/2983/874 3150/2983/874 3145/2983/874
f 3150/2983/874 3152/2983/874 3151/2983/874 3145/2983/874
f 3151/2983/881 3153/2983/881 3141/2983/881 3145/2983/881
f 3152/2983/882 3154/2983/882 3153/2983/882 3151/2983/882
f 3155/2983/876 3141/2983/876 3153/2983/876 3154/2983/876
f 3150/2983/883 3155/2983/883 3154/2983/883 3152/2983/883
f 3156/2983/876 3155/2983/876 3157/2983/876 3165/2983/876
f 3166/2983/876 3141/2983/876 3155/2983/876 3156/2983/876
f 3157/2983/876 3155/2983/876 3158/2983/876 3159/2983/876
f 3160/2983/884 3158/2983/884 3155/2983/884 3150/2983/884
f 3161/2983/885 3159/2983/885 3158/2983/885 3160/2983/885
f 3162/2983/874 3161/2983/874 3160/2983/874 3150/2983/874
f 3162/2983/886 3157/2983/886 3159/2983/886 3161/2983/886
f 3163/2983/887 3165/2983/887 3157/2983/887 3162/2983/887
f 3164/2983/874 3163/2983/874 3162/2983/874 3150/2983/874
f 3164/2983/888 3156/2983/888 3165/2983/888 3163/2983/888
f 3149/2983/889 3166/2983/889 3156/2983/889 3164/2983/889
f 3144/2983/890 3140/2983/890 3166/2983/890 3149/2983/890
f 3167/2982/891 3168/2982/891 3140/2983/891 3144/2983/891
f 3134/2982/892 3137/2982/892 3168/2982/892 3167/2982/892
o Plane.013
v 1.753316 1.965319 0.270784
v 1.753316 1.965319 0.056472
v 1.934647 1.633529 0.270784
v 1.744633 1.981207 0.288891
v 1.749797 1.963396 0.270784
v 1.749797 1.963396 0.056472
v 1.931128 1.631606 0.270784
v 1.931128 1.631606 0.056472
v 1.934647 1.633529 0.056472
v 1.943331 1.617640 0.038365
v 1.943331 1.617640 0.288891
v 1.744633 1.981207 0.038365
v 1.936311 1.613804 0.038365
v 1.936311 1.613804 0.288891
v 1.737613 1.977371 0.038365
v 1.737613 1.977371 0.288891
vn 0.4796 -0.8775 -0.0000
vn 0.8775 0.4796 -0.0000
vn -0.0000 -0.0000 -1.0000
vn -0.4796 0.8775 -0.0000
vn -0.0000 -0.0000 1.0000
vn -0.8775 -0.4796 -0.0000
vt 0.043702 0.927726
vt 0.043702 0.072274
vt 0.000000 1.000000
vt 0.000000 0.000000
vt 0.956298 0.072274
vt 1.000000 0.000000
vt 0.956298 0.927726
vt 1.000000 1.000000
s 0
f 3170/2985/893 3169/2986/893 3173/2986/893 3174/2985/893
f 3169/2986/894 3170/2985/894 3180/2987/894 3172/2988/894
f 3169/2986/895 3171/2989/895 3175/2989/895 3173/2986/895
f 3171/2989/894 3169/2986/894 3172/2988/894 3179/2990/894
f 3173/2986/894 3175/2989/894 3176/2991/894 3174/2985/894
f 3171/2989/896 3177/2991/896 3176/2991/896 3175/2989/896
f 3177/2991/897 3170/2985/897 3174/2985/897 3176/2991/897
f 3177/2991/894 3171/2989/894 3179/2990/894 3178/2992/894
f 3170/2985/894 3177/2991/894 3178/2992/894 3180/2987/894
f 3178/2992/893 3179/2990/893 3182/2990/893 3181/2992/893
f 3180/2987/895 3178/2992/895 3181/2992/895 3183/2987/895
f 3184/2988/898 3183/2987/898 3181/2992/898 3182/2990/898
f 3172/2988/896 3180/2987/896 3183/2987/896 3184/2988/896
f 3179/2990/897 3172/2988/897 3184/2988/897 3182/2990/897
o Plane.014
v 1.743979 1.960216 0.100427
v 1.743979 1.960216 -0.113885
v 1.925310 1.628426 0.100427
v 1.735296 1.976105 0.118534
v 1.740461 1.958293 0.100427
v 1.740461 1.958293 -0.113885
v 1.921792 1.626503 0.100427
v 1.921792 1.626503 -0.113885
v 1.925310 1.628426 -0.113885
v 1.933994 1.612537 -0.131992
v 1.933994 1.612537 0.118534
v 1.735296 1.976105 -0.131992
v 1.926974 1.608701 -0.131992
v 1.926974 1.608701 0.118534
v 1.728276 1.972268 -0.131992
v 1.728276 1.972268 0.118534
vn 0.4796 -0.8775 -0.0000
vn 0.8775 0.4796 -0.0000
vn -0.0000 -0.0000 -1.0000
vn -0.4796 0.8775 -0.0000
vn -0.0000 -0.0000 1.0000
vn -0.8775 -0.4796 -0.0000
vt 0.043702 0.927726
vt 0.043702 0.072274
vt 0.000000 1.000000
vt 0.000000 0.000000
vt 0.956298 0.072274
vt 1.000000 0.000000
vt 0.956298 0.927726
vt 1.000000 1.000000
s 0
f 3186/2993/899 3185/2994/899 3189/2994/899 3190/2993/899
f 3185/2994/900 3186/2993/900 3196/2995/900 3188/2996/900
f 3185/2994/901 3187/2997/901 3191/2997/901 3189/2994/901
f 3187/2997/900 3185/2994/900 3188/2996/900 3195/2998/900
f 3189/2994/900 3191/2997/900 3192/2999/900 3190/2993/900
f 3187/2997/902 3193/2999/902 3192/2999/902 3191/2997/902
f 3193/2999/903 3186/2993/903 3190/2993/903 3192/2999/903
f 3193/2999/900 3187/2997/900 3195/2998/900 3194/3000/900
f 3186/2993/900 3193/2999/900 3194/3000/900 3196/2995/900
f 3194/3000/899 3195/2998/899 3198/2998/899 3197/3000/899
f 3196/2995/901 3194/3000/901 3197/3000/901 3199/2995/901
f 3200/2996/904 3199/2995/904 3197/3000/904 3198/2998/904
f 3188/2996/902 3196/2995/902 3199/2995/902 3200/2996/902
f 3195/2998/903 3188/2996/903 3200/2996/903 3198/2998/903
o Plane.015
v 1.734643 1.955114 -0.069930
v 1.734643 1.955114 -0.284242
v 1.915974 1.623323 -0.069930
v 1.725959 1.971002 -0.051824
v 1.731124 1.953191 -0.069930
v 1.731124 1.953191 -0.284242
v 1.912455 1.621400 -0.069930
v 1.912455 1.621400 -0.284242
v 1.915974 1.623323 -0.284242
v 1.924657 1.607435 -0.302349
v 1.924657 1.607435 -0.051824
v 1.725959 1.971002 -0.302349
v 1.917637 1.603598 -0.302349
v 1.917637 1.603598 -0.051824
v 1.718939 1.967166 -0.302349
v 1.718939 1.967166 -0.051824
vn 0.4796 -0.8775 -0.0000
vn 0.8775 0.4796 -0.0000
vn -0.0000 -0.0000 -1.0000
vn -0.4796 0.8775 -0.0000
vn -0.0000 -0.0000 1.0000
vn -0.8775 -0.4796 -0.0000
vt 0.043702 0.927726
vt 0.043702 0.072274
vt 0.000000 1.000000
vt 0.000000 0.000000
vt 0.956298 0.072274
vt 1.000000 0.000000
vt 0.956298 0.927726
vt 1.000000 1.000000
s 0
f 3202/3001/905 3201/3002/905 3205/3002/905 3206/3001/905
f 3201/3002/906 3202/3001/906 3212/3003/906 3204/3004/906
f 3201/3002/907 3203/3005/907 3207/3005/907 3205/3002/907
f 3203/3005/906 3201/3002/906 3204/3004/906 3211/3006/906
f 3205/3002/906 3207/3005/906 3208/3007/906 3206/3001/906
f 3203/3005/908 3209/3007/908 3208/3007/908 3207/3005/908
f 3209/3007/909 3202/3001/909 3206/3001/909 3208/3007/909
f 3209/3007/906 3203/3005/906 3211/3006/906 3210/3008/906
f 3202/3001/906 3209/3007/906 3210/3008/906 3212/3003/906
f 3210/3008/905 3211/3006/905 3214/3006/905 3213/3008/905
f 3212/3003/907 3210/3008/907 3213/3008/907 3215/3003/907
f 3216/3004/910 3215/3003/910 3213/3008/910 3214/3006/910
f 3204/3004/908 3212/3003/908 3215/3003/908 3216/3004/908
f 3211/3006/909 3204/3004/909 3216/3004/909 3214/3006/909
o Plane.016
v 1.725306 1.950011 -0.240287
v 1.725306 1.950011 -0.454599
v 1.906637 1.618221 -0.240287
v 1.716623 1.965899 -0.222181
v 1.721787 1.948088 -0.240287
v 1.721787 1.948088 -0.454599
v 1.903118 1.616297 -0.240287
v 1.903118 1.616297 -0.454599
v 1.906637 1.618221 -0.454599
v 1.915321 1.602332 -0.472706
v 1.915321 1.602332 -0.222181
v 1.716623 1.965899 -0.472706
v 1.908301 1.598495 -0.472706
v 1.908301 1.598495 -0.222181
v 1.709603 1.962063 -0.472706
v 1.709603 1.962063 -0.222181
vn 0.4796 -0.8775 -0.0000
vn 0.8775 0.4796 -0.0000
vn -0.0000 -0.0000 -1.0000
vn -0.4796 0.8775 -0.0000
vn -0.0000 -0.0000 1.0000
vn -0.8775 -0.4796 -0.0000
vt 0.043702 0.927726
vt 0.043702 0.072274
vt 0.000000 1.000000
vt 0.000000 0.000000
vt 0.956298 0.072274
vt 1.000000 0.000000
vt 0.956298 0.927726
vt 1.000000 1.000000
s 0
f 3218/3009/911 3217/3010/911 3221/3010/911 3222/3009/911
f 3217/3010/912 3218/3009/912 3228/3011/912 3220/3012/912
f 3217/3010/913 3219/3013/913 3223/3013/913 3221/3010/913
f 3219/3013/912 3217/3010/912 3220/3012/912 3227/3014/912
f 3221/3010/912 3223/3013/912 3224/3015/912 3222/3009/912
f 3219/3013/914 3225/3015/914 3224/3015/914 3223/3013/914
f 3225/3015/915 3218/3009/915 3222/3009/915 3224/3015/915
f 3225/3015/912 3219/3013/912 3227/3014/912 3226/3016/912
f 3218/3009/912 3225/3015/912 3226/3016/912 3228/3011/912
f 3226/3016/911 3227/3014/911 3230/3014/911 3229/3016/911
f 3228/3011/913 3226/3016/913 3229/3016/913 3231/3011/913
f 3232/3012/916 3231/3011/916 3229/3016/916 3230/3014/916
f 3220/3012/914 3228/3011/914 3231/3011/914 3232/3012/914
f 3227/3014/915 3220/3012/915 3232/3012/915 3230/3014/915
o Plane.017
v -1.514854 1.341350 -0.232290
v -1.520577 1.341350 -0.018055
v -1.696121 1.009559 -0.237132
v -1.505691 1.357238 -0.250159
v -1.511337 1.339426 -0.232196
v -1.517059 1.339427 -0.017961
v -1.692603 1.007636 -0.237038
v -1.698326 1.007636 -0.022802
v -1.701843 1.009559 -0.022896
v -1.711007 0.993671 -0.005028
v -1.704318 0.993671 -0.255464
v -1.512380 1.357238 0.000277
v -1.703989 0.989834 -0.004841
v -1.697300 0.989834 -0.255277
v -1.505362 1.353401 0.000465
v -1.498673 1.353401 -0.249971
vn -0.4794 -0.8775 -0.0128
vn -0.8772 0.4796 -0.0234
vn -0.0267 -0.0000 0.9996
vn 0.4794 0.8775 0.0128
vn 0.0267 -0.0000 -0.9996
vn 0.8772 -0.4796 0.0234
vt 0.043702 0.927726
vt 0.043702 0.072274
vt 0.000000 1.000000
vt 0.000000 0.000000
vt 0.956298 0.072274
vt 1.000000 0.000000
vt 0.956298 0.927726
vt 1.000000 1.000000
s 0
f 3234/3017/917 3233/3018/917 3237/3018/917 3238/3017/917
f 3233/3018/918 3234/3017/918 3244/3019/918 3236/3020/918
f 3233/3018/919 3235/3021/919 3239/3021/919 3237/3018/919
f 3235/3021/918 3233/3018/918 3236/3020/918 3243/3022/918
f 3237/3018/918 3239/3021/918 3240/3023/918 3238/3017/918
f 3235/3021/920 3241/3023/920 3240/3023/920 3239/3021/920
f 3241/3023/921 3234/3017/921 3238/3017/921 3240/3023/921
f 3241/3023/918 3235/3021/918 3243/3022/918 3242/3024/918
f 3234/3017/918 3241/3023/918 3242/3024/918 3244/3019/918
f 3242/3024/917 3243/3022/917 3246/3022/917 3245/3024/917
f 3244/3019/919 3242/3024/919 3245/3024/919 3247/3019/919
f 3248/3020/922 3247/3019/922 3245/3024/922 3246/3022/922
f 3236/3020/920 3244/3019/920 3247/3019/920 3248/3020/920
f 3243/3022/921 3236/3020/921 3248/3020/921 3246/3022/921
o Plane.018
v -1.510070 1.336247 -0.061745
v -1.515792 1.336247 0.152491
v -1.691336 1.004457 -0.066586
v -1.500906 1.352135 -0.079613
v -1.506552 1.334324 -0.061651
v -1.512275 1.334324 0.152585
v -1.687819 1.002533 -0.066492
v -1.693541 1.002533 0.147743
v -1.697058 1.004457 0.147649
v -1.706222 0.988568 0.165518
v -1.699533 0.988568 -0.084918
v -1.507595 1.352135 0.170823
v -1.699205 0.984731 0.165705
v -1.692515 0.984731 -0.084731
v -1.500578 1.348299 0.171010
v -1.493888 1.348299 -0.079425
vn -0.4794 -0.8775 -0.0128
vn -0.8772 0.4796 -0.0234
vn -0.0267 -0.0000 0.9996
vn 0.4794 0.8775 0.0128
vn 0.0267 -0.0000 -0.9996
vn 0.8772 -0.4796 0.0234
vt 0.043702 0.927726
vt 0.043702 0.072274
vt 0.000000 1.000000
vt 0.000000 0.000000
vt 0.956298 0.072274
vt 1.000000 0.000000
vt 0.956298 0.927726
vt 1.000000 1.000000
s 0
f 3250/3025/923 3249/3026/923 3253/3026/923 3254/3025/923
f 3249/3026/924 3250/3025/924 3260/3027/924 3252/3028/924
f 3249/3026/925 3251/3029/925 3255/3029/925 3253/3026/925
f 3251/3029/924 3249/3026/924 3252/3028/924 3259/3030/924
f 3253/3026/924 3255/3029/924 3256/3031/924 3254/3025/924
f 3251/3029/926 3257/3031/926 3256/3031/926 3255/3029/926
f 3257/3031/927 3250/3025/927 3254/3025/927 3256/3031/927
f 3257/3031/924 3251/3029/924 3259/3030/924 3258/3032/924
f 3250/3025/924 3257/3031/924 3258/3032/924 3260/3027/924
f 3258/3032/923 3259/3030/923 3262/3030/923 3261/3032/923
f 3260/3027/925 3258/3032/925 3261/3032/925 3263/3027/925
f 3264/3028/928 3263/3027/928 3261/3032/928 3262/3030/928
f 3252/3028/926 3260/3027/926 3263/3027/926 3264/3028/926
f 3259/3030/927 3252/3028/927 3264/3028/927 3262/3030/927
o Plane.019
v -1.505285 1.331144 0.108801
v -1.511007 1.331144 0.323037
v -1.686552 0.999354 0.103959
v -1.496121 1.347033 0.090933
v -1.501768 1.329221 0.108895
v -1.507490 1.329221 0.323131
v -1.683034 0.997431 0.104053
v -1.688756 0.997431 0.318289
v -1.692274 0.999354 0.318195
v -1.701438 0.983465 0.336063
v -1.694748 0.983465 0.085627
v -1.502811 1.347033 0.341369
v -1.694420 0.979629 0.336251
v -1.687731 0.979629 0.085815
v -1.495793 1.343196 0.341556
v -1.489104 1.343196 0.091120
vn -0.4794 -0.8775 -0.0128
vn -0.8772 0.4796 -0.0234
vn -0.0267 -0.0000 0.9996
vn 0.4794 0.8775 0.0128
vn 0.0267 -0.0000 -0.9996
vn 0.8772 -0.4796 0.0234
vt 0.043702 0.927726
vt 0.043702 0.072274
vt 0.000000 1.000000
vt 0.000000 0.000000
vt 0.956298 0.072274
vt 1.000000 0.000000
vt 0.956298 0.927726
vt 1.000000 1.000000
s 0
f 3266/3033/929 3265/3034/929 3269/3034/929 3270/3033/929
f 3265/3034/930 3266/3033/930 3276/3035/930 3268/3036/930
f 3265/3034/931 3267/3037/931 3271/3037/931 3269/3034/931
f 3267/3037/930 3265/3034/930 3268/3036/930 3275/3038/930
f 3269/3034/930 3271/3037/930 3272/3039/930 3270/3033/930
f 3267/3037/932 3273/3039/932 3272/3039/932 3271/3037/932
f 3273/3039/933 3266/3033/933 3270/3033/933 3272/3039/933
f 3273/3039/930 3267/3037/930 3275/3038/930 3274/3040/930
f 3266/3033/930 3273/3039/930 3274/3040/930 3276/3035/930
f 3274/3040/929 3275/3038/929 3278/3038/929 3277/3040/929
f 3276/3035/931 3274/3040/931 3277/3040/931 3279/3035/931
f 3280/3036/934 3279/3035/934 3277/3040/934 3278/3038/934
f 3268/3036/932 3276/3035/932 3279/3035/932 3280/3036/932
f 3275/3038/933 3268/3036/933 3280/3036/933 3278/3038/933
o Plane.020
v -1.500501 1.326042 0.279347
v -1.506223 1.326042 0.493583
v -1.681767 0.994251 0.274505
v -1.491337 1.341930 0.261479
v -1.496983 1.324118 0.279441
v -1.502705 1.324118 0.493676
v -1.678249 0.992328 0.274599
v -1.683972 0.992328 0.488835
v -1.687489 0.994251 0.488741
v -1.696653 0.978363 0.506609
v -1.689964 0.978363 0.256173
v -1.498026 1.341930 0.511914
v -1.689636 0.974526 0.506796
v -1.682946 0.974526 0.256361
v -1.491009 1.338094 0.512102
v -1.484319 1.338094 0.261666
vn -0.4794 -0.8775 -0.0128
vn -0.8772 0.4796 -0.0234
vn -0.0267 -0.0000 0.9996
vn 0.4794 0.8775 0.0128
vn 0.0267 -0.0000 -0.9996
vn 0.8772 -0.4796 0.0234
vt 0.043702 0.927726
vt 0.043702 0.072274
vt 0.000000 1.000000
vt 0.000000 0.000000
vt 0.956298 0.072274
vt 1.000000 0.000000
vt 0.956298 0.927726
vt 1.000000 1.000000
s 0
f 3282/3041/935 3281/3042/935 3285/3042/935 3286/3041/935
f 3281/3042/936 3282/3041/936 3292/3043/936 3284/3044/936
f 3281/3042/937 3283/3045/937 3287/3045/937 3285/3042/937
f 3283/3045/936 3281/3042/936 3284/3044/936 3291/3046/936
f 3285/3042/936 3287/3045/936 3288/3047/936 3286/3041/936
f 3283/3045/938 3289/3047/938 3288/3047/938 3287/3045/938
f 3289/3047/939 3282/3041/939 3286/3041/939 3288/3047/939
f 3289/3047/936 3283/3045/936 3291/3046/936 3290/3048/936
f 3282/3041/936 3289/3047/936 3290/3048/936 3292/3043/936
f 3290/3048/935 3291/3046/935 3294/3046/935 3293/3048/935
f 3292/3043/937 3290/3048/937 3293/3048/937 3295/3043/937
f 3296/3044/940 3295/3043/940 3293/3048/940 3294/3046/940
f 3284/3044/938 3292/3043/938 3295/3043/938 3296/3044/938
f 3291/3046/939 3284/3044/939 3296/3044/939 3294/3046/939
o Plane.021
v 0.359380 1.091338 1.328252
v 0.319879 1.091338 1.402617
v 0.484809 1.091338 1.277176
v 0.359380 1.056718 1.328252
v 0.319879 1.056718 1.402617
v 0.484809 1.056718 1.277176
v 0.531690 1.056718 1.434166
v 0.606166 1.056718 1.237655
v 0.655613 1.056718 1.314988
v 0.606166 1.091338 1.237655
v 0.655613 1.091338 1.314988
v 0.531690 1.091338 1.434166
v 0.480686 1.091338 1.527074
v 0.327820 1.091338 1.521933
v 0.446785 1.091338 1.654127
v 0.480686 1.056718 1.527074
v 0.327820 1.056718 1.521933
v 0.446785 1.056718 1.654127
v 0.358362 1.056718 1.670060
v 0.358362 1.091338 1.670060
vn -0.8831 -0.0000 -0.4691
vn -0.0000 1.0000 -0.0000
vn -0.3771 -0.0000 -0.9262
vn -0.0000 -1.0000 -0.0000
vn -0.3097 -0.0000 -0.9508
vn 0.8425 -0.0000 -0.5387
vn 0.6932 -0.0000 0.7208
vn 0.8766 -0.0000 0.4812
vn 0.9662 -0.0000 0.2578
vn 0.1773 -0.0000 0.9842
vn -0.9794 -0.0000 0.2019
vn -0.9978 -0.0000 0.0664
vt 0.000000 0.000000
vt 0.000000 1.000000
vt 1.000000 1.000000
vt 1.000000 0.000000
s 0
f 3297/3049/941 3300/3049/941 3301/3050/941 3298/3050/941
f 3297/3049/942 3298/3050/942 3308/3051/942 3299/3052/942
f 3299/3052/943 3302/3052/943 3300/3049/943 3297/3049/943
f 3300/3049/944 3302/3052/944 3303/3051/944 3301/3050/944
f 3303/3051/944 3302/3052/944 3304/3052/944 3305/3051/944
f 3306/3052/945 3304/3052/945 3302/3052/945 3299/3052/945
f 3307/3051/946 3305/3051/946 3304/3052/946 3306/3052/946
f 3308/3051/942 3307/3051/942 3306/3052/942 3299/3052/942
f 3308/3051/947 3303/3051/947 3305/3051/947 3307/3051/947
f 3298/3050/942 3310/3050/942 3309/3051/942 3308/3051/942
f 3309/3051/948 3312/3051/948 3303/3051/948 3308/3051/948
f 3310/3050/942 3316/3050/942 3311/3051/942 3309/3051/942
f 3311/3051/949 3314/3051/949 3312/3051/949 3309/3051/949
f 3313/3050/944 3312/3051/944 3314/3051/944 3315/3050/944
f 3301/3050/944 3303/3051/944 3312/3051/944 3313/3050/944
f 3316/3050/950 3315/3050/950 3314/3051/950 3311/3051/950
f 3310/3050/951 3313/3050/951 3315/3050/951 3316/3050/951
f 3298/3050/952 3301/3050/952 3313/3050/952 3310/3050/952
