# Blender 4.4.3
# www.blender.org
mtllib 角色.mtl
o Plane.034
v -0.990485 0.397759 -0.331569
v -0.834738 0.195536 0.000000
v -0.715995 0.379029 -0.731966
v -0.902105 0.471936 -0.640043
v -0.422571 0.195536 -0.656633
v 0.763555 0.465261 -0.000001
v 0.718432 0.419776 -0.096095
v 0.169685 0.203830 -0.582169
v 0.342698 0.195536 -0.303975
v 0.072863 0.294008 -0.854048
v -0.198025 0.286911 -0.959472
v -0.324729 0.577194 -0.463519
v -0.453455 0.578699 -0.359256
v -0.534386 0.579740 -0.241297
v -0.578204 0.581891 -0.115785
v -0.581741 0.579110 -0.000000
v 0.288713 0.596477 -0.165901
v 0.225440 0.595968 -0.295566
v 0.324090 0.597886 -0.000000
v 0.124651 0.595156 -0.395108
v -0.011282 0.593344 -0.463214
v -0.195608 0.582616 -0.499584
v -0.033789 0.314037 -0.957848
v -0.103027 0.588503 -0.481295
v -0.382795 0.174563 -0.816256
v -0.260282 0.579645 -0.481604
v -0.933089 0.271292 -0.209378
v -0.579973 0.580501 -0.057893
v -0.341266 0.666187 -0.264117
v -0.421613 0.670465 -0.095001
v -0.425926 0.666736 -0.000000
v 0.077650 0.689333 -0.228239
v -0.070245 0.685815 -0.337965
v -0.265424 0.652442 -0.324855
v -0.390524 0.667581 -0.181155
v 0.122300 0.690014 -0.131978
v 0.150819 0.691903 -0.000000
v 0.019582 0.688244 -0.298054
v -0.190020 0.660801 -0.348612
v -0.130132 0.680050 -0.349279
v -0.227722 0.656623 -0.336733
v -0.423769 0.668601 -0.052137
v -0.994358 0.482781 -0.498186
v 0.530565 0.294039 -0.231622
v 0.257076 0.596222 -0.230733
v -0.556295 0.580816 -0.178541
v -0.406068 0.669023 -0.138078
v 0.099975 0.689673 -0.180109
v -0.990485 0.397759 0.331569
v -0.715995 0.379029 0.731966
v -0.902104 0.471936 0.640042
v -0.422571 0.195536 0.656633
v 0.718432 0.419776 0.096094
v 0.169685 0.203830 0.582168
v 0.342698 0.195536 0.303975
v 0.072863 0.294007 0.854048
v -0.198024 0.286911 0.959472
v -0.324729 0.577194 0.463519
v -0.453455 0.578700 0.359256
v -0.534386 0.579740 0.241297
v -0.578204 0.581891 0.115785
v 0.288713 0.596477 0.165900
v 0.225440 0.595968 0.295565
v 0.124651 0.595156 0.395107
v -0.011282 0.593343 0.463213
v -0.195608 0.582616 0.499583
v -0.033789 0.314038 0.957848
v -0.103027 0.588504 0.481295
v -0.382795 0.174563 0.816256
v -0.260282 0.579645 0.481604
v -0.933089 0.271292 0.209377
v -0.579973 0.580501 0.057893
v -0.341266 0.666187 0.264117
v -0.421613 0.670465 0.095000
v 0.077650 0.689333 0.228239
v -0.070245 0.685815 0.337964
v -0.265424 0.665922 0.336836
v -0.390524 0.667581 0.181154
v 0.122300 0.690014 0.131978
v 0.019582 0.688244 0.298053
v -0.190020 0.674281 0.360593
v -0.130132 0.680050 0.349279
v -0.227722 0.670103 0.348714
v -0.423769 0.668601 0.052137
v -0.994357 0.482781 0.498186
v 0.530565 0.294039 0.231621
v 0.257076 0.596222 0.230733
v -0.556295 0.580816 0.178541
v -0.406068 0.669023 0.138077
v 0.099975 0.689673 0.180109
v 0.174327 1.139461 -0.083802
v 0.065039 0.801729 -0.083802
v 0.174327 1.139461 -0.000000
v 0.065039 0.801729 -0.000000
v 0.174327 1.286295 -0.083802
v 0.174327 1.286295 -0.000000
v 0.125934 1.376877 -0.083802
v 0.125934 1.376877 -0.000000
v 0.102690 1.128294 -0.256086
v 0.016388 0.783573 -0.229734
v 0.115198 1.275127 -0.256086
v 0.086087 1.331698 -0.284411
v 0.099623 0.985058 -0.083802
v 0.099623 0.985058 -0.000000
v 0.040577 0.969098 -0.242910
v -0.012971 1.066162 -0.365579
v -0.071485 0.778304 -0.304888
v 0.000048 1.165054 -0.367767
v 0.009396 1.238508 -0.384190
v -0.031341 0.965158 -0.330819
v -0.328978 1.066275 -0.304830
v -0.322469 0.751150 -0.248893
v -0.328978 1.180070 -0.328861
v -0.332326 1.251544 -0.343620
v -0.292465 0.897489 -0.293932
v -0.371729 1.017106 -0.000000
v -0.382361 0.722108 -0.000000
v -0.382276 1.162530 -0.000000
v -0.385624 1.240905 -0.000000
v -0.377661 0.874198 -0.000000
v -0.343415 0.728567 -0.127897
v -0.356530 0.881544 -0.146966
v -0.362095 1.037589 -0.164492
v -0.376238 1.182324 -0.174638
v -0.387192 1.260002 -0.169510
v 0.160626 0.684564 -0.079973
v 0.174106 0.690555 -0.000000
v 0.073218 0.676245 -0.279264
v -0.046786 0.670547 -0.398372
v -0.389538 0.631967 -0.305427
v -0.471329 0.592307 -0.000000
v -0.418144 0.601126 -0.140191
v 0.174327 1.139461 0.083802
v 0.065039 0.801729 0.083802
v 0.174327 1.286295 0.083802
v 0.125934 1.376877 0.083802
v 0.102690 1.128294 0.256086
v 0.016388 0.783573 0.229734
v 0.123706 1.275127 0.256086
v 0.094595 1.335986 0.295132
v 0.099623 0.985058 0.083802
v 0.040577 0.969098 0.242910
v -0.012970 1.066162 0.365578
v -0.071485 0.778304 0.304888
v -0.030044 1.161438 0.373975
v -0.020850 1.234245 0.391977
v -0.031341 0.965158 0.330818
v -0.328978 1.066275 0.304830
v -0.322469 0.751150 0.248893
v -0.328978 1.180070 0.328861
v -0.332325 1.251544 0.343620
v -0.292465 0.897489 0.293932
v -0.343415 0.728567 0.127897
v -0.356530 0.881544 0.146966
v -0.362095 1.037589 0.164491
v -0.376238 1.182324 0.174638
v -0.387192 1.260002 0.169509
v 0.160626 0.684564 0.079973
v 0.073218 0.676245 0.279264
v -0.046785 0.669049 0.381896
v -0.389538 0.631967 0.305427
v -0.418144 0.601126 0.140191
v -0.196977 0.764727 -0.276890
v -0.161903 0.931323 -0.312375
v -0.170974 1.066219 -0.350053
v -0.166087 1.146068 -0.385218
v -0.163048 1.206781 -0.379280
v -0.218162 0.651257 -0.351899
v -0.196977 0.764727 0.276890
v -0.161903 0.931323 0.312375
v -0.170974 1.066219 0.335204
v -0.164465 1.145286 0.365395
v -0.162739 1.214247 0.390706
v -0.218161 0.650508 0.343661
v -0.814635 3.086804 -0.469216
v -0.795143 3.109034 -0.460217
v -0.817308 3.090653 -0.498752
v -0.797020 3.112157 -0.489754
v -0.193675 2.327949 -0.524702
v -0.115731 2.430717 -0.485124
v -0.214187 2.323761 -0.611059
v -0.101144 2.462039 -0.556254
v 0.049736 2.040377 -0.413573
v 0.127679 2.149006 -0.395466
v 0.042139 1.987379 -0.488113
v 0.155181 2.133852 -0.462232
v -0.140077 2.251325 -0.476309
v -0.062134 2.354093 -0.436730
v -0.149731 2.240961 -0.585908
v -0.036689 2.379238 -0.531103
v -0.022250 2.114432 -0.479381
v -0.030876 2.090787 -0.576018
v 0.055692 2.217200 -0.439803
v 0.082167 2.229065 -0.521213
v 0.045187 2.013899 -0.373217
v 0.131552 2.100211 -0.315820
v 0.060888 1.954081 -0.441026
v 0.183036 2.068636 -0.358199
v -0.814635 3.086805 0.469075
v -0.795143 3.109034 0.460076
v -0.817308 3.090654 0.498611
v -0.797019 3.112158 0.489613
v -0.193674 2.327949 0.524561
v -0.115731 2.430717 0.484983
v -0.214187 2.323761 0.610917
v -0.101144 2.462039 0.556113
v 0.049736 2.040378 0.413432
v 0.127679 2.149006 0.395325
v 0.042140 1.987379 0.487972
v 0.155182 2.133853 0.462090
v -0.140077 2.251325 0.476168
v -0.062134 2.354093 0.436589
v -0.149731 2.240962 0.585767
v -0.036688 2.379239 0.530962
v -0.022250 2.114433 0.479240
v -0.030876 2.090787 0.575876
v 0.055692 2.217201 0.439662
v 0.082168 2.229065 0.521072
v 0.045187 2.013899 0.373075
v 0.131553 2.100211 0.315679
v 0.060889 1.954081 0.440884
v 0.183036 2.068636 0.358058
v 0.416585 2.094821 -0.301799
v 0.410069 2.285424 -0.310599
v 0.515842 2.098607 -0.030095
v 0.526387 2.274194 0.006817
v 0.308144 2.599981 -0.241478
v 0.393610 2.599981 0.006817
v 0.184270 2.682660 -0.165879
v 0.225933 2.684970 0.006817
v 0.478418 2.094711 -0.146505
v 0.489989 2.278370 -0.157649
v 0.369921 2.599981 -0.124463
v 0.206635 2.699404 -0.083950
v 0.267428 2.094225 -0.426670
v 0.302818 2.292966 -0.411657
v 0.212031 2.607279 -0.320718
v 0.152055 2.667542 -0.262570
v 0.007442 2.720270 -0.128744
v 0.009561 2.739000 0.006817
v 0.003274 2.737984 -0.069518
v 0.005248 2.716390 -0.165402
v 0.095222 2.097121 -0.462860
v 0.129545 2.282910 -0.468413
v 0.051584 2.608646 -0.358217
v 0.017716 2.644300 -0.295743
v 0.000935 2.697249 -0.216161
v -0.117770 2.720400 -0.131107
v -0.115652 2.740088 0.006817
v -0.121938 2.739071 -0.071881
v -0.119965 2.716390 -0.167765
v -0.027917 2.097121 -0.479202
v 0.003836 2.282910 -0.473988
v -0.073628 2.608646 -0.360579
v -0.107496 2.644300 -0.298105
v -0.124279 2.697249 -0.218524
v 0.414178 2.096447 -0.318372
v 0.349677 2.096447 -0.384440
v 0.369532 2.442703 -0.284727
v 0.470424 2.437088 0.006817
v 0.440381 2.439176 -0.149745
v 0.267850 2.450122 -0.374876
v 0.100990 2.445778 -0.422003
v -0.024470 2.445778 -0.425972
v 0.416585 2.094821 0.315435
v 0.410069 2.285424 0.324234
v 0.515842 2.098607 0.043729
v 0.308144 2.599981 0.255113
v 0.184270 2.682660 0.179514
v 0.478418 2.094711 0.160140
v 0.489989 2.278370 0.171284
v 0.369921 2.599981 0.138098
v 0.206635 2.699404 0.097586
v 0.267428 2.094225 0.440305
v 0.302818 2.292966 0.425292
v 0.212031 2.607279 0.334353
v 0.152055 2.667542 0.276205
v 0.007442 2.720270 0.142380
v 0.003274 2.737984 0.083154
v 0.005248 2.716390 0.179037
v 0.095222 2.097121 0.476495
v 0.129545 2.282910 0.482048
v 0.051584 2.608646 0.371852
v 0.017716 2.644300 0.309377
v 0.000935 2.697249 0.229797
v -0.117770 2.720400 0.144742
v -0.121938 2.739071 0.085516
v -0.119965 2.716390 0.181400
v -0.027917 2.097121 0.492837
v 0.003836 2.282910 0.487623
v -0.073628 2.608646 0.374215
v -0.107496 2.644300 0.311741
v -0.124279 2.697249 0.232159
v 0.414178 2.096447 0.332008
v 0.349677 2.096447 0.398076
v 0.369532 2.442703 0.298361
v 0.440381 2.439176 0.163380
v 0.267850 2.450122 0.388510
v 0.100990 2.445778 0.435637
v -0.024470 2.445778 0.439607
v -0.268672 1.544819 -0.074759
v -0.235394 1.745408 -0.087906
v -0.126671 1.513150 -0.074759
v -0.080338 1.731927 -0.087906
v -0.291578 1.549928 -0.002014
v -0.260405 1.747582 -0.002015
v -0.108220 1.509036 -0.002014
v -0.046214 1.726034 -0.002015
v -0.195127 1.528418 -0.097575
v -0.155087 1.738426 -0.114844
v -0.268672 1.544819 0.070730
v -0.235394 1.745408 0.083877
v -0.126671 1.513150 0.070730
v -0.080338 1.731927 0.083877
v -0.195127 1.528418 0.093547
v -0.155087 1.738426 0.110816
v -0.176153 2.412433 -0.541164
v -0.254251 2.308648 -0.536790
v -0.199185 2.428757 -0.565075
v -0.277284 2.324972 -0.560700
v -0.520802 2.690688 -0.004454
v -0.606031 2.592577 -0.004454
v -0.548731 2.714950 -0.004454
v -0.633961 2.616838 -0.004454
v -0.480886 2.638162 -0.251891
v -0.594043 2.564312 -0.251891
v -0.566113 2.540051 -0.251891
v -0.508813 2.662423 -0.251891
v -0.387177 2.547477 -0.444030
v -0.490558 2.463583 -0.467107
v -0.466348 2.444448 -0.446702
v -0.411388 2.566611 -0.464434
v -0.601091 2.577777 -0.086548
v -0.543791 2.700150 -0.086548
v -0.515862 2.675888 -0.086548
v -0.629020 2.602038 -0.086548
v -0.448509 2.773650 -0.084688
v -0.446444 2.787763 -0.004454
v -0.430319 2.754466 -0.004454
v -0.432384 2.740354 -0.084688
v -0.176153 2.412433 0.532256
v -0.254251 2.308648 0.527881
v -0.199185 2.428757 0.556165
v -0.277284 2.324972 0.551792
v -0.487571 2.638162 0.252708
v -0.600729 2.564312 0.252708
v -0.572799 2.540051 0.252708
v -0.515499 2.662423 0.252708
v -0.387177 2.547477 0.435120
v -0.490558 2.463583 0.458199
v -0.466348 2.444448 0.437794
v -0.411388 2.566611 0.455525
v -0.601091 2.577777 0.077639
v -0.543791 2.700150 0.077639
v -0.515862 2.675888 0.077639
v -0.629020 2.602038 0.077639
v -0.448509 2.773650 0.075780
v -0.432384 2.740354 0.075780
v -0.196045 2.409883 -0.539832
v -0.188888 2.427195 -0.589879
v -0.188187 2.358577 -0.556456
v -0.181029 2.375889 -0.606503
v -0.142611 2.415016 -0.530414
v -0.135453 2.432328 -0.580462
v -0.134752 2.363711 -0.547037
v -0.127595 2.381023 -0.597085
v -0.159876 2.350746 -0.555116
v -0.152718 2.368058 -0.605163
v -0.170920 2.422849 -0.531754
v -0.163763 2.440159 -0.581801
v -0.201356 2.425262 -0.563869
v -0.191216 2.359060 -0.585319
v -0.122267 2.365684 -0.573167
v -0.132407 2.431886 -0.551718
v -0.168937 2.441993 -0.553446
v -0.154685 2.348954 -0.583591
v -0.201273 2.383350 -0.549758
v -0.194116 2.400662 -0.599805
v -0.129523 2.390243 -0.537112
v -0.122367 2.407555 -0.587160
v -0.156509 2.408298 -0.605593
v -0.167343 2.382094 -0.529839
v -0.115521 2.399920 -0.560360
v -0.208103 2.391026 -0.576677
v -0.196045 2.409882 0.525802
v -0.188888 2.427194 0.575849
v -0.188187 2.358577 0.542425
v -0.181029 2.375889 0.592472
v -0.142611 2.415016 0.516384
v -0.135453 2.432328 0.566432
v -0.134752 2.363710 0.533007
v -0.127595 2.381022 0.583055
v -0.159876 2.350746 0.541085
v -0.152718 2.368057 0.591132
v -0.170920 2.422847 0.517724
v -0.163763 2.440159 0.567771
v -0.201356 2.425262 0.549839
v -0.191216 2.359060 0.571289
v -0.122266 2.365684 0.559137
v -0.132407 2.431886 0.537687
v -0.168937 2.441992 0.539415
v -0.154685 2.348954 0.569560
v -0.201273 2.383350 0.535727
v -0.194116 2.400662 0.585775
v -0.129523 2.390243 0.523082
v -0.122367 2.407555 0.573129
v -0.156509 2.408298 0.591563
v -0.167343 2.382093 0.515809
v -0.115520 2.399920 0.546329
v -0.208103 2.391026 0.562646
v -0.468233 2.729540 -0.096737
v -0.474239 2.753514 -0.096737
v -0.444259 2.735548 -0.096737
v -0.450265 2.759521 -0.096737
v -0.468233 2.729540 -0.000071
v -0.474239 2.753514 -0.000071
v -0.444259 2.735548 -0.000071
v -0.450265 2.759521 -0.000071
v -0.397789 2.666970 -0.289933
v -0.407802 2.689174 -0.294130
v -0.377245 2.677826 -0.281513
v -0.387257 2.700030 -0.285709
v -0.256719 2.564471 -0.423667
v -0.262346 2.584607 -0.436848
v -0.243364 2.578345 -0.408175
v -0.248992 2.598481 -0.421356
v -0.035835 2.456516 -0.485758
v -0.040163 2.474012 -0.502669
v -0.028541 2.473836 -0.469706
v -0.032869 2.491332 -0.486617
v 0.251258 2.378410 -0.446470
v 0.253916 2.388053 -0.469070
v 0.251666 2.401122 -0.436730
v 0.254323 2.410765 -0.459331
v 0.430244 2.355006 -0.283814
v 0.446045 2.364650 -0.300189
v 0.424671 2.377718 -0.275816
v 0.440472 2.387362 -0.292192
v 0.349230 2.389420 -0.364443
v 0.358459 2.399064 -0.383931
v 0.351812 2.366708 -0.373311
v 0.361042 2.376351 -0.392799
v 0.425815 2.340994 -0.280185
v 0.455303 2.358991 -0.310745
v 0.415414 2.383378 -0.265260
v 0.444902 2.401375 -0.295820
v 0.453341 2.338167 -0.243995
v 0.492754 2.356163 -0.259806
v 0.437742 2.380551 -0.234636
v 0.477156 2.398547 -0.250447
v -0.468233 2.729540 0.096594
v -0.474239 2.753514 0.096594
v -0.444259 2.735548 0.096594
v -0.450265 2.759521 0.096594
v -0.397789 2.666970 0.289792
v -0.407802 2.689174 0.293988
v -0.377245 2.677826 0.281372
v -0.387257 2.700030 0.285568
v -0.283462 2.564471 0.435682
v -0.289089 2.584607 0.448863
v -0.270108 2.578345 0.420190
v -0.275735 2.598481 0.433370
v -0.055285 2.456516 0.509929
v -0.059613 2.474012 0.526840
v -0.047991 2.473836 0.493876
v -0.052319 2.491332 0.510788
v 0.251258 2.378410 0.446328
v 0.253916 2.388053 0.468929
v 0.251666 2.401122 0.436589
v 0.254323 2.410765 0.459190
v 0.430244 2.355006 0.283672
v 0.446045 2.364650 0.300048
v 0.424671 2.377718 0.275675
v 0.440472 2.387362 0.292050
v 0.349230 2.389420 0.364302
v 0.358459 2.399064 0.383790
v 0.351812 2.366708 0.373170
v 0.361042 2.376351 0.392658
v 0.425815 2.340994 0.280043
v 0.455303 2.358991 0.310603
v 0.415414 2.383378 0.265119
v 0.444902 2.401375 0.295679
v 0.453341 2.338167 0.243853
v 0.492754 2.356163 0.259664
v 0.437742 2.380551 0.234495
v 0.477156 2.398547 0.250305
v 0.060775 1.897025 -0.325634
v 0.060775 1.934649 -0.409231
v 0.124615 1.909723 -0.325634
v 0.110218 1.944483 -0.409231
v 0.178737 1.945887 -0.325634
v 0.152133 1.972491 -0.409231
v 0.214900 2.000009 -0.325634
v 0.180141 2.014407 -0.409231
v 0.227599 2.063849 -0.325634
v 0.189976 2.063849 -0.409231
v 0.214900 2.127690 -0.325634
v 0.180141 2.113292 -0.409232
v 0.178737 2.181812 -0.325634
v 0.152133 2.155209 -0.409232
v 0.124615 2.217975 -0.325634
v 0.110218 2.183215 -0.409232
v 0.060775 2.230674 -0.325634
v 0.060775 2.193050 -0.409232
v -0.003067 2.217975 -0.325634
v 0.011331 2.183215 -0.409232
v -0.057189 2.181812 -0.325634
v -0.030585 2.155209 -0.409232
v -0.093352 2.127690 -0.325634
v -0.058592 2.113292 -0.409232
v -0.106050 2.063849 -0.325634
v -0.068427 2.063849 -0.409231
v -0.093352 2.000009 -0.325634
v -0.058592 2.014407 -0.409231
v -0.057189 1.945887 -0.325634
v -0.030585 1.972491 -0.409231
v -0.003067 1.909723 -0.325634
v 0.011331 1.944483 -0.409231
v 0.124615 1.909723 -0.409231
v 0.060775 1.897025 -0.409231
v 0.178737 1.945887 -0.409231
v 0.214900 2.000009 -0.409231
v 0.227599 2.063849 -0.409231
v 0.214900 2.127690 -0.409232
v 0.178737 2.181812 -0.409232
v 0.124615 2.217975 -0.409232
v 0.060775 2.230674 -0.409232
v -0.003067 2.217975 -0.409232
v -0.057189 2.181812 -0.409232
v -0.093352 2.127690 -0.409232
v -0.106050 2.063849 -0.409231
v -0.093352 2.000009 -0.409231
v -0.057189 1.945887 -0.409231
v -0.003067 1.909723 -0.409231
v 0.110218 1.944483 -0.373217
v 0.060775 1.934649 -0.373217
v 0.152133 1.972491 -0.373217
v 0.180141 2.014407 -0.373217
v 0.189976 2.063849 -0.373217
v 0.180141 2.113292 -0.373217
v 0.152133 2.155209 -0.373217
v 0.110218 2.183215 -0.373217
v 0.060775 2.193050 -0.373217
v 0.011331 2.183215 -0.373217
v -0.030585 2.155209 -0.373217
v -0.058592 2.113292 -0.373217
v -0.068427 2.063849 -0.373217
v -0.058592 2.014407 -0.373217
v -0.030585 1.972491 -0.373217
v 0.011331 1.944483 -0.373217
v 0.060775 1.915836 -0.419671
v 0.117416 1.927104 -0.419671
v 0.165435 1.959188 -0.419671
v 0.197520 2.007207 -0.419671
v 0.208788 2.063849 -0.419671
v 0.197520 2.120492 -0.419671
v 0.165435 2.168510 -0.419671
v 0.117416 2.200596 -0.419671
v 0.060775 2.211862 -0.419671
v 0.004133 2.200596 -0.419671
v -0.043886 2.168510 -0.419671
v -0.075972 2.120492 -0.419671
v -0.087238 2.063849 -0.419671
v -0.075972 2.007207 -0.419671
v -0.043886 1.959188 -0.419671
v 0.004133 1.927104 -0.419671
v 0.060774 1.897025 0.325492
v 0.060774 1.934649 0.409090
v 0.124614 1.909723 0.325492
v 0.110218 1.944483 0.409090
v 0.178737 1.945887 0.325492
v 0.152133 1.972491 0.409090
v 0.214900 2.000009 0.325492
v 0.180140 2.014407 0.409090
v 0.227599 2.063849 0.325492
v 0.189976 2.063849 0.409090
v 0.214900 2.127690 0.325492
v 0.180140 2.113293 0.409091
v 0.178737 2.181813 0.325492
v 0.152133 2.155209 0.409091
v 0.124614 2.217975 0.325492
v 0.110218 2.183216 0.409091
v 0.060774 2.230674 0.325492
v 0.060774 2.193051 0.409091
v -0.003067 2.217975 0.325492
v 0.011331 2.183216 0.409091
v -0.057189 2.181813 0.325492
v -0.030585 2.155209 0.409091
v -0.093352 2.127690 0.325492
v -0.058592 2.113293 0.409091
v -0.106051 2.063849 0.325492
v -0.068427 2.063849 0.409090
v -0.093352 2.000009 0.325492
v -0.058592 2.014407 0.409090
v -0.057189 1.945887 0.325492
v -0.030585 1.972491 0.409090
v -0.003067 1.909723 0.325492
v 0.011331 1.944483 0.409090
v 0.124614 1.909723 0.409090
v 0.060774 1.897025 0.409090
v 0.178737 1.945887 0.409090
v 0.214900 2.000009 0.409090
v 0.227599 2.063849 0.409090
v 0.214900 2.127690 0.409091
v 0.178737 2.181813 0.409091
v 0.124614 2.217975 0.409091
v 0.060774 2.230674 0.409091
v -0.003067 2.217975 0.409091
v -0.057189 2.181813 0.409091
v -0.093352 2.127690 0.409091
v -0.106051 2.063849 0.409090
v -0.093352 2.000009 0.409090
v -0.057189 1.945887 0.409090
v -0.003067 1.909723 0.409090
v 0.110218 1.944483 0.373076
v 0.060774 1.934649 0.373076
v 0.152133 1.972491 0.373076
v 0.180140 2.014407 0.373076
v 0.189976 2.063849 0.373076
v 0.180140 2.113293 0.373076
v 0.152133 2.155209 0.373076
v 0.110218 2.183216 0.373076
v 0.060774 2.193051 0.373076
v 0.011331 2.183216 0.373076
v -0.030585 2.155209 0.373076
v -0.058592 2.113293 0.373076
v -0.068427 2.063849 0.373076
v -0.058592 2.014407 0.373076
v -0.030585 1.972491 0.373076
v 0.011331 1.944483 0.373076
v 0.060774 1.915836 0.419530
v 0.117416 1.927104 0.419530
v 0.165435 1.959189 0.419530
v 0.197520 2.007207 0.419530
v 0.208787 2.063849 0.419530
v 0.197520 2.120492 0.419530
v 0.165435 2.168510 0.419530
v 0.117416 2.200596 0.419530
v 0.060774 2.211862 0.419530
v 0.004132 2.200596 0.419530
v -0.043887 2.168510 0.419530
v -0.075973 2.120492 0.419530
v -0.087239 2.063849 0.419530
v -0.075973 2.007207 0.419530
v -0.043887 1.959189 0.419530
v 0.004132 1.927104 0.419530
v -0.203260 2.791119 -0.136733
v 0.072988 2.766298 -0.131413
v -0.193291 2.663389 -0.359791
v 0.100634 2.672956 -0.314005
v 0.060561 2.775038 -0.028575
v -0.201305 2.775164 -0.028762
v -0.194049 2.491925 -0.500948
v 0.150298 2.532030 -0.423748
v 0.286602 1.569336 -0.471243
v 0.190474 2.277459 -0.481311
v -0.202964 2.235681 -0.590214
v 0.060706 2.760970 0.006817
v -0.201141 2.772460 0.006817
v -0.378789 2.740966 -0.136733
v -0.347490 2.609877 -0.361705
v -0.377778 2.759731 -0.028762
v -0.377935 2.764902 0.006817
v -0.352151 2.429025 -0.502252
v -0.401996 2.223543 -0.551414
v -0.471126 2.681920 -0.137368
v -0.480993 2.564927 -0.361705
v -0.501986 2.685852 -0.028762
v -0.502223 2.691022 0.006817
v -0.474955 2.380465 -0.454510
v -0.522696 2.203530 -0.485789
v -0.571324 2.620935 -0.140478
v -0.604930 2.479013 -0.298964
v -0.610844 2.581268 -0.059918
v -0.603250 2.600196 0.006817
v -0.647413 2.336781 -0.349100
v -0.639851 2.180784 -0.380836
v -0.711214 2.446046 0.006817
v -0.733503 2.339143 0.006817
v -0.737277 2.147969 0.006817
v -0.688982 2.145607 -0.172896
v -0.695878 2.336781 -0.171141
v -0.678450 2.446047 -0.134035
v -0.376585 1.854993 -0.551414
v -0.499303 1.834980 -0.485789
v -0.593140 1.878735 -0.405117
v -0.622802 1.484168 -0.377861
v -0.675249 1.448991 -0.169921
v -0.726792 1.557415 0.006817
v -0.693344 1.555053 -0.136258
v -0.235768 1.973840 -0.568367
v -0.363775 1.970302 -0.546690
v -0.066422 2.791056 -0.134073
v -0.047658 2.668173 -0.336899
v -0.065043 2.775102 -0.028669
v -0.023494 2.511962 -0.462325
v -0.008387 1.599136 -0.537135
v -0.034727 2.253235 -0.523185
v -0.064711 2.762188 0.006817
v -0.181160 1.763449 -0.567033
v 0.045717 1.728333 -0.496372
v 0.131518 2.734055 -0.131413
v 0.151668 2.655341 -0.264494
v 0.119091 2.740995 -0.028575
v 0.211495 2.522005 -0.402490
v 0.119236 2.735762 0.006817
v 0.269334 2.303349 -0.416473
v -0.203260 2.791119 0.150369
v 0.072988 2.766298 0.145049
v -0.193291 2.663389 0.373426
v 0.100634 2.672956 0.327641
v 0.060561 2.775038 0.042210
v -0.201305 2.775164 0.042397
v -0.194049 2.491925 0.514583
v 0.150298 2.532030 0.437383
v 0.395131 1.588924 0.438083
v 0.190474 2.277459 0.494945
v -0.202964 2.235681 0.578375
v -0.378789 2.740966 0.150369
v -0.347490 2.609877 0.375340
v -0.377778 2.759731 0.042397
v -0.352151 2.429025 0.515887
v -0.401996 2.223543 0.565049
v -0.471126 2.681920 0.151004
v -0.480993 2.564927 0.375340
v -0.501986 2.685852 0.042397
v -0.474955 2.380465 0.468145
v -0.522696 2.203530 0.499424
v -0.571324 2.620935 0.154114
v -0.604930 2.479013 0.312599
v -0.610844 2.581268 0.073553
v -0.647413 2.336781 0.362735
v -0.639851 2.180784 0.394471
v -0.688982 2.145607 0.186530
v -0.695878 2.336781 0.184777
v -0.678450 2.446047 0.147671
v -0.376585 1.854993 0.565049
v -0.499303 1.834980 0.499424
v -0.593140 1.878735 0.418752
v -0.622802 1.484168 0.391497
v -0.675249 1.448991 0.183556
v -0.693344 1.555053 0.149894
v -0.235768 1.973840 0.582001
v -0.363775 1.970302 0.560325
v -0.066422 2.791056 0.147709
v -0.047658 2.668173 0.350533
v -0.065043 2.775102 0.042304
v -0.023494 2.511962 0.475960
v 0.100142 1.618723 0.503975
v -0.034727 2.253235 0.529784
v -0.181160 1.763449 0.580668
v 0.045717 1.728333 0.510007
v 0.131518 2.734055 0.145049
v 0.151668 2.655341 0.278129
v 0.119091 2.740995 0.042210
v 0.211496 2.522005 0.416125
v 0.269334 2.303349 0.430108
v -0.364396 2.690854 -0.136376
v -0.220314 2.728785 -0.182576
v -0.403238 2.610027 -0.321135
v -0.225114 2.635213 -0.351715
v -0.365576 2.725744 0.006817
v -0.218220 2.748693 0.006817
v -0.386365 2.423263 -0.403619
v -0.229554 2.484632 -0.463886
v -0.431874 1.710495 -0.435820
v -0.220266 1.688805 -0.539137
v -0.234677 2.293769 -0.546734
v -0.412898 2.262967 -0.452403
v -0.487641 2.587959 -0.134783
v -0.517351 2.499897 -0.251353
v -0.521483 2.594959 0.006817
v -0.542922 2.380552 -0.274939
v -0.598892 1.765881 -0.279812
v -0.549948 2.229789 -0.287094
v -0.589478 2.479758 0.006817
v -0.640847 2.365842 0.006817
v -0.660470 2.210649 0.006817
v -0.629315 1.765881 0.006817
v -0.324939 0.957305 -0.610477
v -0.521306 0.974518 -0.528896
v -0.749279 0.570251 0.006817
v -0.692519 0.570251 -0.265406
v -0.123584 2.728785 -0.182576
v -0.127572 2.635213 -0.351715
v -0.121843 2.748692 0.006817
v -0.131975 2.484514 -0.463886
v -0.136563 2.293768 -0.546734
v -0.225657 1.991286 -0.542935
v -0.436643 1.983885 -0.444111
v -0.593769 1.993375 -0.283452
v -0.655191 1.999109 0.006817
v -0.132943 1.985322 -0.546734
v -0.496689 0.706116 -0.456423
v -0.662050 0.674688 -0.259209
v -0.364396 2.690854 0.150011
v -0.220314 2.728785 0.196212
v -0.403238 2.610027 0.334770
v -0.225114 2.635213 0.365350
v -0.386365 2.423263 0.417254
v -0.229554 2.484632 0.477521
v -0.431874 1.710495 0.449455
v -0.220266 1.688805 0.552771
v -0.234677 2.293769 0.560370
v -0.412898 2.262967 0.466039
v -0.487641 2.587959 0.148417
v -0.517351 2.499897 0.264988
v -0.542922 2.380552 0.288574
v -0.598892 1.765881 0.293446
v -0.549948 2.229789 0.300729
v -0.324939 0.957305 0.624113
v -0.521306 0.974518 0.542532
v -0.692519 0.570251 0.279042
v -0.123584 2.728785 0.196212
v -0.127572 2.635213 0.365350
v -0.131975 2.484514 0.477520
v -0.136563 2.293768 0.560370
v -0.225657 1.991286 0.556570
v -0.436644 1.983885 0.457747
v -0.593769 1.993375 0.297088
v -0.132943 1.985322 0.560370
v -0.496689 0.706116 0.470058
v -0.662050 0.674688 0.272844
v -0.000099 2.167838 -0.501677
v 0.135703 2.165959 -0.444402
v 0.281890 0.876273 -0.563088
v 0.420213 0.876273 -0.437159
v 0.045912 1.558660 -0.511839
v 0.201935 1.579543 -0.425554
v -0.102494 2.169690 -0.501677
v -0.104583 1.610504 -0.511766
v 0.021589 1.324538 -0.574731
v -0.113208 1.316585 -0.606930
v 0.022906 1.937471 -0.506758
v 0.168819 1.946973 -0.434977
v -0.103539 1.964318 -0.506722
v -0.037238 2.286609 -0.496558
v 0.098564 2.284730 -0.439283
v -0.139633 2.288461 -0.496558
v -0.042624 2.388575 -0.444583
v 0.093178 2.386696 -0.387308
v -0.145020 2.390427 -0.444583
v -0.000099 2.167838 0.487647
v 0.135703 2.165959 0.430371
v 0.281890 0.876273 0.549058
v 0.420213 0.876273 0.423129
v 0.045912 1.558660 0.497808
v 0.201935 1.579543 0.411522
v -0.102494 2.169690 0.487647
v -0.104583 1.610504 0.497736
v 0.021589 1.324537 0.560701
v -0.113208 1.316585 0.592900
v 0.022906 1.937471 0.492727
v 0.168819 1.946973 0.420947
v -0.103538 1.964318 0.492691
v -0.037238 2.286609 0.482528
v 0.098564 2.284730 0.425252
v -0.139633 2.288461 0.482528
v -0.042624 2.388575 0.430552
v 0.093178 2.386696 0.373277
v -0.145020 2.390427 0.430553
v 0.147097 2.686418 -0.315015
v 0.204738 2.615838 -0.363730
v 0.114857 2.591981 -0.421383
v 0.203810 2.610401 -0.369505
v 0.058431 2.697257 -0.337593
v 0.040533 2.635056 -0.406396
v -0.047544 2.685729 -0.353585
v -0.051049 2.676599 -0.364013
v 0.016020 2.537449 -0.477592
v 0.002838 2.542737 -0.477281
v 0.080146 2.756906 -0.234476
v 0.065342 2.755678 -0.241277
v 0.257589 2.653874 -0.279337
v 0.262644 2.642436 -0.288848
v 0.223329 2.491827 -0.445040
v 0.241778 2.501923 -0.428018
v 0.129641 2.640169 -0.268663
v 0.187281 2.569589 -0.317378
v 0.097401 2.545732 -0.375031
v 0.186354 2.564151 -0.323153
v 0.040974 2.651008 -0.291241
v 0.023076 2.588808 -0.360044
v -0.058759 2.656014 -0.323805
v -0.062263 2.646886 -0.334234
v 0.004806 2.507737 -0.447813
v -0.008377 2.513025 -0.447502
v 0.068931 2.727192 -0.204697
v 0.054127 2.725964 -0.211498
v 0.246374 2.624162 -0.249558
v 0.251429 2.612723 -0.259068
v 0.212114 2.462114 -0.415260
v 0.230562 2.472210 -0.398239
v 0.286311 2.618622 -0.260984
v 0.290147 2.628786 -0.271169
v 0.269754 2.661445 -0.246321
v 0.265898 2.651227 -0.236081
v 0.035307 2.669045 -0.295818
v 0.039319 2.679674 -0.306471
v -0.074227 2.696859 -0.331894
v -0.078171 2.686410 -0.321421
v 0.207373 2.568672 -0.332128
v 0.211045 2.578403 -0.341882
v 0.211656 2.587306 -0.333093
v 0.207868 2.577271 -0.323036
v 0.141030 2.667224 -0.280463
v 0.137061 2.656712 -0.269927
v -0.026305 2.513308 -0.474084
v -0.022177 2.524242 -0.485043
v 0.007416 2.503571 -0.494615
v 0.003256 2.492550 -0.483571
v 0.108193 2.555480 -0.404031
v 0.104327 2.545243 -0.393769
v 0.222410 2.449043 -0.445266
v 0.226280 2.459298 -0.455543
v 0.264487 2.472298 -0.428270
v 0.260586 2.461963 -0.417912
v 0.014866 2.597598 -0.374583
v 0.018957 2.608434 -0.385443
v 0.078983 2.752979 -0.195722
v 0.082960 2.763515 -0.206281
v 0.054365 2.765696 -0.214896
v 0.050380 2.755141 -0.204317
v -0.082730 2.665333 -0.366579
v -0.086684 2.654858 -0.356082
v 0.366258 2.118290 -0.145266
v 0.366258 2.093185 -0.145021
v 0.358823 2.111872 -0.214794
v 0.358823 2.088482 -0.213914
v 0.314768 2.097331 -0.326491
v 0.317022 2.076136 -0.322319
v 0.338903 2.082407 -0.271043
v 0.337777 2.105141 -0.273606
v 0.366258 2.118290 0.145125
v 0.366258 2.093185 0.144880
v 0.358823 2.111872 0.214653
v 0.358823 2.088482 0.213773
v 0.314768 2.097331 0.326349
v 0.317022 2.076136 0.322178
v 0.338903 2.082407 0.270902
v 0.337777 2.105141 0.273465
v 0.370789 2.065794 -0.121826
v 0.372201 2.026517 -0.109078
v 0.363362 2.069400 -0.174302
v 0.363210 2.031731 -0.179289
v 0.339443 2.063878 -0.277726
v 0.341068 2.030252 -0.280168
v 0.315362 1.999438 -0.331981
v 0.318986 1.979696 -0.309813
v 0.365046 2.034326 -0.225282
v 0.364033 2.069559 -0.221701
v 0.329871 2.006415 -0.297789
v 0.327262 2.040802 -0.310486
v 0.297503 2.021560 -0.362277
v 0.298042 2.031345 -0.354286
v 0.367926 2.069313 -0.144382
v 0.367687 2.028333 -0.141321
v 0.363210 1.948496 -0.179289
v 0.341068 1.968850 -0.280168
v 0.365046 1.947153 -0.225282
v 0.367687 1.979400 -0.141321
v 0.370789 2.065794 0.121685
v 0.372201 2.026517 0.108937
v 0.363362 2.069400 0.174161
v 0.363210 2.031731 0.179148
v 0.339443 2.063878 0.277585
v 0.341068 2.030252 0.280027
v 0.315362 1.999438 0.331840
v 0.318986 1.979696 0.309672
v 0.365046 2.034326 0.225141
v 0.364033 2.069559 0.221559
v 0.329871 2.006415 0.297648
v 0.327262 2.040802 0.310344
v 0.297503 2.021560 0.362135
v 0.298042 2.031345 0.354144
v 0.367926 2.069313 0.144241
v 0.367687 2.028333 0.141180
v 0.363210 1.948496 0.179148
v 0.341068 1.968850 0.280027
v 0.365046 1.947153 0.225141
v 0.367687 1.979400 0.141180
v -0.118254 2.060085 -0.520266
v -0.100075 1.868889 -0.554729
v -0.277494 2.050293 -0.558397
v -0.256773 1.917772 -0.620413
v -0.141778 2.240636 -0.497863
v -0.272631 2.240636 -0.528173
v -0.100075 1.715723 -0.639822
v -0.256773 1.784303 -0.705505
v 0.355883 2.427708 -0.171456
v 0.355883 2.442671 -0.000071
v 0.305778 2.404174 -0.282152
v -0.492503 2.402928 -0.387473
v 0.193886 2.409194 -0.340826
v -0.515113 1.740845 -0.093487
v -0.516908 1.708667 -0.000071
v -0.509492 1.776871 -0.147519
v -0.502552 1.839257 -0.244539
v -0.507555 1.813904 -0.212807
v 0.092521 1.761994 -0.241159
v 0.033494 1.795761 -0.301572
v -0.503252 1.854101 -0.320383
v 0.120223 1.706202 -0.000071
v 0.127391 1.738380 -0.158756
v 0.287396 1.736654 -0.187995
v 0.355884 1.796058 -0.197985
v 0.287719 1.704450 -0.000071
v 0.355884 1.764249 -0.000071
v 0.238563 1.775638 -0.282573
v 0.305778 1.835839 -0.298567
v -0.491813 1.945576 -0.403632
v -0.495278 1.887475 -0.377834
v 0.193886 1.872797 -0.357149
v 0.136202 1.824685 -0.338667
v -0.549585 2.402928 -0.000071
v -0.549585 1.945576 -0.000071
v -0.549585 1.839257 -0.000071
v -0.549585 1.854101 -0.000071
v -0.549585 1.887475 -0.000071
v -0.549585 1.813904 -0.000071
v -0.549585 1.776871 -0.000071
v -0.536543 1.718993 -0.000071
v 0.355883 2.427708 0.171314
v 0.305778 2.404174 0.282011
v -0.492503 2.402928 0.387332
v 0.193886 2.409194 0.340684
v -0.515113 1.740845 0.093346
v -0.509492 1.776871 0.147378
v -0.502552 1.839257 0.244397
v -0.507555 1.813904 0.212666
v 0.092521 1.761994 0.241017
v 0.033494 1.795761 0.301430
v -0.503252 1.854101 0.320242
v 0.127391 1.738380 0.158614
v 0.287396 1.736654 0.187854
v 0.355884 1.796058 0.197843
v 0.238563 1.775638 0.282432
v 0.305778 1.835839 0.298425
v -0.491812 1.945576 0.403491
v -0.495278 1.887475 0.377693
v 0.193886 1.872797 0.357007
v 0.136202 1.824685 0.338525
v 0.008822 1.963112 0.535307
v 0.027979 1.901277 0.531337
v 0.282380 2.029550 0.471913
v 0.301537 1.967715 0.467944
v 0.056422 1.852377 0.530045
v 0.075579 1.790542 0.526076
v 0.329981 1.918815 0.466652
v 0.349138 1.856980 0.462682
v 0.362259 1.793463 0.022628
v 0.362259 1.829815 0.015141
v 0.362259 1.800999 -0.046406
v 0.362259 1.825019 -0.017894
v -0.136699 2.397016 -0.574032
v 0.050189 2.138919 -0.547900
v -0.163069 2.370945 -0.590578
v 0.023399 2.117597 -0.565014
v -0.066439 2.289288 -0.561129
v -0.093019 2.265999 -0.571852
v 0.086015 2.054242 -0.491719
v 0.056397 2.033485 -0.492437
v -0.136699 2.397016 0.573890
v 0.050189 2.138919 0.547758
v -0.163069 2.370945 0.590437
v 0.023399 2.117597 0.564873
v -0.066439 2.289288 0.560987
v -0.093019 2.265999 0.571711
v 0.086015 2.054242 0.491578
v 0.056397 2.033485 0.492295
v 0.017647 1.582222 0.030830
v 0.041898 1.511011 -0.031593
v -0.105636 1.643345 -0.114682
v -0.109768 1.571387 -0.163283
v -0.278116 1.632248 -0.090190
v -0.282248 1.560290 -0.138791
v -0.315709 1.632468 0.038639
v -0.351224 1.553134 0.040018
v -0.152800 1.628307 0.111649
v -0.156933 1.555480 0.158937
v 0.016040 1.550846 0.006774
v 0.057042 1.488023 0.050698
v 0.050873 1.464767 -0.110660
v 0.095824 1.406037 -0.066737
v 0.039882 1.557197 0.059368
v 0.070517 1.489010 -0.003055
v 0.012101 1.535802 0.059648
v 0.046657 1.476856 -0.002775
v 0.029773 1.546617 -0.000382
v -0.107702 1.607366 -0.138983
v -0.280182 1.596269 -0.114490
v -0.333467 1.592801 0.039329
v -0.154866 1.591894 0.135293
v 0.036541 1.519434 0.028736
v 0.071374 1.433356 -0.088699
v 0.055199 1.523104 0.028157
v 0.029379 1.506329 0.028437
v 0.148034 1.367094 -0.101391
v 0.127534 1.393198 -0.129456
v 0.050873 1.451854 -0.155972
v 0.071374 1.415889 -0.142725
v -0.094831 1.198662 -0.413115
v -0.106143 1.153672 -0.438789
v -0.115711 1.333748 -0.472751
v -0.126073 1.221837 -0.526145
v -0.211576 1.348479 -0.514796
v -0.229507 1.233354 -0.560289
v -0.293468 1.308216 -0.467132
v -0.311399 1.193092 -0.512624
v -0.312050 1.255023 -0.392104
v -0.329981 1.139899 -0.437597
v -0.260913 1.178446 -0.367770
v -0.271317 1.126071 -0.399422
v -0.114813 1.020040 -0.507455
v -0.134743 1.088204 -0.594810
v -0.238177 1.099721 -0.628955
v -0.320068 1.059459 -0.581290
v -0.338651 1.006266 -0.506263
v -0.295498 0.998643 -0.468088
v -0.127240 0.909781 -0.620184
v -0.147170 0.960756 -0.684284
v -0.250604 0.972274 -0.718428
v -0.309324 0.929905 -0.670764
v -0.327906 0.893901 -0.618992
v -0.286821 0.884209 -0.580818
v -0.094405 1.247749 -0.393025
v -0.109690 1.398363 -0.439806
v -0.211576 1.443599 -0.471816
v -0.296813 1.390058 -0.434186
v -0.312050 1.322649 -0.359158
v -0.268863 1.232060 -0.337132
v -0.001437 1.284059 -0.356732
v -0.087516 1.447973 -0.360271
v -0.211576 1.481530 -0.416826
v -0.293468 1.439261 -0.374179
v -0.355263 1.365999 -0.294134
v -0.147885 1.181919 -0.378379
v -0.325862 1.236915 -0.267335
v -0.158743 1.131685 -0.407042
v -0.167413 0.998053 -0.475708
v -0.179840 0.887794 -0.588437
v -0.163538 1.224330 -0.362673
v -0.399599 1.346344 -0.000071
v -0.370199 1.217260 -0.000071
v -0.366563 1.227087 -0.133667
v -0.395963 1.356171 -0.147067
v -0.325862 1.050060 -0.240533
v -0.370199 1.030406 -0.000071
v -0.366563 1.040233 -0.106865
v -0.268863 1.051272 -0.292896
v -0.309351 1.456581 -0.294134
v -0.353688 1.436926 -0.000071
v -0.350052 1.446753 -0.147067
v -0.293468 1.459942 -0.340055
v -0.080618 1.087281 -0.349611
v -0.159230 1.074676 -0.331142
v -0.030158 1.118367 -0.341803
v 0.076597 1.290043 -0.300178
v 0.004803 1.396902 -0.311884
v 0.086354 1.132025 -0.261173
v 0.162925 1.307754 -0.000071
v 0.098355 1.416557 -0.000071
v 0.155634 1.148923 -0.000071
v 0.133626 1.139095 -0.151897
v 0.134478 1.297927 -0.166560
v 0.073431 1.406729 -0.155942
v 0.001845 1.482261 -0.000071
v -0.023080 1.472433 -0.156513
v -0.094831 1.198662 0.412973
v -0.106143 1.153672 0.438648
v -0.115711 1.333748 0.472610
v -0.126073 1.221837 0.526003
v -0.211576 1.348479 0.514655
v -0.229507 1.233354 0.560147
v -0.293468 1.308216 0.466990
v -0.311398 1.193092 0.512483
v -0.312050 1.255023 0.391963
v -0.329981 1.139899 0.437455
v -0.260913 1.178446 0.367629
v -0.271317 1.126071 0.399281
v -0.114813 1.020040 0.507314
v -0.134743 1.088204 0.594669
v -0.238177 1.099722 0.628813
v -0.320068 1.059459 0.581149
v -0.338651 1.006266 0.506121
v -0.295498 0.998643 0.467947
v -0.127240 0.925352 0.629548
v -0.147170 0.969250 0.669582
v -0.250604 0.980767 0.703727
v -0.312273 0.937134 0.656062
v -0.330855 0.908208 0.628355
v -0.289770 0.898517 0.590181
v -0.094405 1.247749 0.392884
v -0.109690 1.398363 0.439664
v -0.211576 1.443599 0.471674
v -0.296813 1.390058 0.434045
v -0.312050 1.322649 0.359017
v -0.268863 1.232060 0.336991
v -0.001437 1.284059 0.356591
v -0.087516 1.447973 0.360130
v -0.211576 1.481530 0.416685
v -0.293468 1.439261 0.374037
v -0.355263 1.365999 0.293992
v -0.147885 1.181919 0.378237
v -0.325862 1.236915 0.267194
v -0.158743 1.131685 0.406901
v -0.167413 0.998053 0.475567
v -0.179840 0.903365 0.597801
v -0.163538 1.224330 0.362532
v -0.366563 1.227087 0.133526
v -0.395963 1.356171 0.146926
v -0.325862 1.050061 0.240391
v -0.366563 1.040233 0.106724
v -0.268863 1.056890 0.295563
v -0.309351 1.456581 0.293992
v -0.350052 1.446753 0.146926
v -0.293468 1.459942 0.339914
v -0.080618 1.094921 0.350846
v -0.159230 1.082400 0.325383
v -0.030158 1.118367 0.341662
v 0.076597 1.290043 0.300037
v 0.004803 1.396902 0.311742
v 0.086354 1.132025 0.261031
v 0.133626 1.139095 0.151755
v 0.134478 1.297927 0.166418
v 0.073431 1.406729 0.155800
v -0.023080 1.472433 0.156371
v 0.030007 1.575502 0.046331
v 0.064335 1.517849 0.052611
v 0.023814 1.578344 -0.030954
v 0.055645 1.523161 -0.042502
v -0.010087 1.641613 0.026622
v -0.011053 1.642007 0.014086
v 0.081247 1.484348 0.004361
v 0.025083 1.579209 -0.000535
v 0.021001 1.575202 -0.110710
v 0.025104 1.567665 -0.116479
v 0.036799 1.569680 0.103826
v 0.043649 1.558024 0.103562
v -0.010570 1.641810 0.020354
v 0.100159 1.443305 -0.085669
v 0.101951 1.441213 -0.076100
v 0.105272 1.447883 0.047885
v 0.104766 1.447639 0.036765
v -0.029274 1.480702 -0.227786
v 0.031771 1.445056 -0.197964
v -0.041818 1.461042 -0.308435
v 0.035383 1.400800 -0.275129
v -0.182203 1.548934 -0.232012
v -0.182203 1.535770 -0.316383
v -0.299177 1.511667 -0.217515
v -0.304833 1.489389 -0.309716
v -0.029274 1.504284 -0.154087
v 0.023341 1.464806 -0.122872
v -0.182203 1.574129 -0.152738
v -0.293545 1.529316 -0.152477
v -0.045546 1.527434 -0.000071
v 0.006709 1.480525 -0.000071
v -0.170602 1.584511 -0.000071
v -0.284523 1.562247 -0.000071
v -0.033697 1.529707 -0.077044
v 0.013319 1.481745 -0.061436
v -0.172689 1.586089 -0.076369
v -0.288468 1.550067 -0.077917
v -0.383564 1.396683 -0.187501
v -0.353726 1.386162 -0.285340
v -0.389474 1.405915 -0.108228
v -0.382497 1.422806 -0.000071
v -0.388124 1.412433 -0.054114
v -0.039409 1.449603 -0.400620
v 0.026954 1.361665 -0.372131
v -0.179794 1.512867 -0.406305
v -0.301472 1.469904 -0.382342
v -0.339653 1.366265 -0.358641
v -0.039409 1.399188 -0.484870
v 0.026954 1.340223 -0.413681
v -0.179794 1.436931 -0.514337
v -0.284999 1.422791 -0.472700
v -0.318032 1.329813 -0.419167
v -0.029274 1.480702 0.227645
v 0.031771 1.445056 0.197823
v -0.041818 1.461042 0.308294
v 0.035383 1.400800 0.274988
v -0.182203 1.548933 0.231871
v -0.182202 1.535770 0.316242
v -0.299177 1.511667 0.217373
v -0.304833 1.489389 0.309575
v -0.029274 1.504284 0.153946
v 0.023342 1.464806 0.122730
v -0.182203 1.574129 0.152597
v -0.293545 1.529316 0.152335
v -0.033697 1.529707 0.076902
v 0.013319 1.481745 0.061295
v -0.172689 1.586089 0.076228
v -0.288468 1.550067 0.077775
v -0.383564 1.396683 0.187360
v -0.347659 1.386162 0.285199
v -0.389474 1.405914 0.108086
v -0.388124 1.412433 0.053973
v -0.039409 1.449603 0.400479
v 0.026954 1.361665 0.371989
v -0.179794 1.512867 0.406163
v -0.301472 1.469904 0.382201
v -0.342012 1.364074 0.358500
v -0.039409 1.399188 0.484729
v 0.026954 1.340223 0.413540
v -0.179794 1.436931 0.514196
v -0.284999 1.422791 0.472559
v -0.318032 1.329813 0.419026
v -0.092456 0.989526 -0.495163
v -0.109383 1.068662 -0.635236
v -0.236863 1.106076 -0.679616
v -0.345761 1.034579 -0.627264
v -0.382909 0.959863 -0.525329
v -0.212709 0.909387 -0.457631
v 0.066339 0.299412 -1.047732
v 0.043284 0.405596 -1.232451
v -0.130343 0.455903 -1.290427
v -0.278662 0.359354 -1.222273
v -0.314031 0.262542 -1.086386
v -0.097445 0.191392 -1.000838
v -0.173953 0.662066 -0.654168
v -0.125511 0.338710 -0.896628
v 0.028679 0.440403 -0.940775
v -0.038852 0.751246 -0.693166
v -0.323434 0.801572 -0.840493
v -0.276814 0.524707 -1.105091
v -0.308211 0.471507 -0.977164
v -0.359566 0.719304 -0.726481
v -0.057869 0.839889 -0.849540
v 0.006975 0.540366 -1.114673
v -0.156481 0.587726 -1.169253
v -0.201089 0.881473 -0.897707
v -0.115021 0.986898 -0.517858
v -0.352159 0.962722 -0.542444
v -0.233109 1.082352 -0.669242
v -0.213357 0.921352 -0.487113
v -0.322159 1.023850 -0.626295
v -0.128863 1.051729 -0.632843
v -0.092456 1.028763 -0.462550
v -0.109383 1.107740 -0.602025
v -0.236863 1.145140 -0.646354
v -0.345761 1.073590 -0.593803
v -0.382909 0.998919 -0.492037
v -0.212709 0.948505 -0.424570
v -0.115831 1.062485 -0.460894
v -0.129881 1.128070 -0.576772
v -0.235699 1.159151 -0.613705
v -0.326092 1.099695 -0.569842
v -0.356928 1.037610 -0.484987
v -0.215649 0.995780 -0.429047
v 0.020680 0.287432 -1.093620
v 0.003322 0.367384 -1.232705
v -0.127411 0.405262 -1.276357
v -0.239088 0.332565 -1.225041
v -0.265720 0.259671 -1.122724
v -0.102641 0.206099 -1.058311
v 0.020680 0.261702 -1.106485
v 0.003322 0.341654 -1.245570
v -0.127411 0.379532 -1.289222
v -0.239088 0.306835 -1.237906
v -0.265720 0.233941 -1.135589
v -0.102641 0.180368 -1.071177
v 0.041026 0.253559 -1.107900
v 0.021289 0.344460 -1.266034
v -0.127349 0.387526 -1.315666
v -0.254322 0.304873 -1.257321
v -0.284601 0.221995 -1.140991
v -0.099186 0.161085 -1.067755
v 0.060696 0.229461 -1.112600
v 0.038506 0.331664 -1.290395
v -0.128612 0.380085 -1.346197
v -0.292100 0.279972 -1.300156
v -0.305415 0.193974 -1.149805
v -0.096948 0.125490 -1.067465
v 0.085373 0.150417 -1.174483
v 0.063183 0.252620 -1.352278
v 0.038506 0.269782 -1.364971
v -0.128612 0.318203 -1.420774
v 0.060696 0.149808 -1.150999
v -0.096948 0.045837 -1.105864
v -0.106817 0.297670 -1.406913
v -0.249576 0.204740 -1.341314
v -0.272834 0.211760 -1.304887
v -0.302198 0.131386 -1.192072
v -0.306770 0.107923 -1.168061
v -0.109964 0.043270 -1.090327
v -0.092456 0.989526 0.495021
v -0.109383 1.068663 0.635094
v -0.236863 1.106076 0.679474
v -0.345761 1.034579 0.627123
v -0.382909 0.959863 0.525188
v -0.212709 0.909388 0.457490
v 0.066339 0.299412 1.047590
v 0.043285 0.405596 1.232310
v -0.130342 0.455903 1.290286
v -0.278662 0.359354 1.222131
v -0.314031 0.262542 1.086245
v -0.097445 0.191392 1.000697
v -0.173953 0.662066 0.654026
v -0.125510 0.338710 0.896487
v 0.028679 0.440403 0.940633
v -0.038852 0.751246 0.693025
v -0.323433 0.801572 0.840352
v -0.276814 0.524707 1.104950
v -0.308211 0.471507 0.977023
v -0.359566 0.719304 0.726340
v -0.057869 0.839890 0.849399
v 0.006975 0.540366 1.114532
v -0.156481 0.587726 1.169111
v -0.201089 0.881473 0.897566
v -0.115021 0.986898 0.517717
v -0.352159 0.962722 0.542302
v -0.233109 1.082352 0.669101
v -0.213357 0.921352 0.486972
v -0.322159 1.023850 0.626154
v -0.128863 1.051729 0.632701
v -0.092456 1.028763 0.462408
v -0.109383 1.107740 0.601884
v -0.236863 1.145140 0.646213
v -0.345761 1.073590 0.593662
v -0.382909 0.998919 0.491896
v -0.212709 0.948505 0.424429
v -0.115831 1.062486 0.460752
v -0.129881 1.128070 0.576631
v -0.235699 1.159151 0.613564
v -0.326092 1.099695 0.569700
v -0.356928 1.037610 0.484846
v -0.215649 0.995780 0.428905
v 0.020681 0.287433 1.093478
v 0.003322 0.367384 1.232563
v -0.127411 0.405262 1.276216
v -0.239088 0.332565 1.224899
v -0.265719 0.259671 1.122583
v -0.102641 0.206099 1.058170
v 0.020681 0.261702 1.106343
v 0.003322 0.341654 1.245428
v -0.127411 0.379532 1.289081
v -0.239088 0.306835 1.237764
v -0.265719 0.233941 1.135448
v -0.102641 0.180369 1.071035
v 0.041026 0.253559 1.107758
v 0.021290 0.344461 1.265893
v -0.127349 0.387527 1.315525
v -0.254322 0.304873 1.257179
v -0.284601 0.221995 1.140849
v -0.099186 0.161085 1.067614
v 0.060697 0.229461 1.112459
v 0.038507 0.331665 1.290254
v -0.128612 0.380085 1.346056
v -0.292100 0.279972 1.300015
v -0.305414 0.193974 1.149664
v -0.096948 0.125491 1.067324
v 0.085373 0.150417 1.174341
v 0.063183 0.252620 1.352136
v 0.038507 0.269782 1.364830
v -0.128612 0.318203 1.420632
v 0.060697 0.149808 1.150857
v -0.096948 0.045837 1.105722
v -0.106817 0.297670 1.406772
v -0.249576 0.204740 1.341173
v -0.272833 0.211760 1.304746
v -0.302197 0.131386 1.191931
v -0.306770 0.107923 1.167920
v -0.109964 0.043270 1.090185
v 0.492106 0.188874 -0.323665
v -0.152587 0.307750 0.526725
v -0.449999 0.327488 0.453167
v -0.313414 0.327405 0.497507
v -0.594892 0.297325 0.397577
v -0.296808 0.219096 0.651381
v -0.490206 0.235125 0.572288
v -0.385029 0.231499 0.629265
v -0.594115 0.157299 0.513991
v -0.064669 0.262108 0.536106
v -0.128484 0.222926 0.655704
v -0.171469 0.419536 0.407217
v -0.468881 0.439275 0.333658
v -0.339000 0.439191 0.397107
v -0.513573 0.425509 0.283486
v -0.117882 0.391717 0.412934
v -0.296245 0.189935 0.860510
v -0.572593 0.168788 0.746210
v -0.448665 0.202338 0.859716
v -0.712611 0.080910 0.596467
v -0.133391 0.193764 0.826166
v 0.105098 0.262108 0.387932
v 0.134910 0.113882 0.520171
v -0.015655 0.391717 0.329436
v 0.151002 0.086312 0.639542
v 0.311422 0.378251 0.266349
v 0.405915 0.339069 0.357132
v 0.170148 0.507859 0.229205
v 0.512262 0.309907 0.431919
v 0.341986 0.471988 0.185353
v 0.482138 0.432806 0.237037
v 0.230927 0.561728 0.144399
v 0.597121 0.395819 0.279440
v -0.809345 0.478781 0.098551
v -1.011725 0.409706 0.203440
v -0.660780 0.509024 0.110044
v -1.118632 0.310631 0.257991
v -0.690738 0.282136 -0.195484
v -0.755417 0.167996 -0.219336
v -0.599720 0.425509 -0.161920
v -0.858399 0.087176 -0.257313
v -0.802920 0.353283 0.358715
v -0.877345 0.289166 0.482684
v -0.587176 0.520729 0.196765
v -0.702118 0.441515 0.248064
v -0.907140 0.293745 0.000625
v -0.990424 0.170899 -0.008998
v -0.635613 0.461191 -0.010651
v -0.772819 0.381977 -0.039601
v 0.331632 0.154367 0.535730
v 0.270412 0.182733 0.438651
v 0.208260 0.276437 0.327141
v 0.077246 0.406046 0.279320
v 0.187461 0.307750 -0.395386
v -0.086502 0.327488 -0.532534
v 0.046169 0.327405 -0.477581
v -0.232795 0.297325 -0.584325
v 0.158702 0.219096 -0.583833
v -0.039743 0.235125 -0.649239
v 0.077245 0.231498 -0.624289
v -0.156622 0.157299 -0.672362
v 0.260420 0.262108 -0.345441
v 0.289532 0.222926 -0.477836
v 0.095508 0.419536 -0.316751
v -0.178454 0.439275 -0.453898
v -0.038475 0.439191 -0.417831
v -0.245020 0.425509 -0.444754
v 0.139978 0.391717 -0.286308
v 0.294907 0.189935 -0.742524
v 0.010514 0.168788 -0.835010
v 0.178464 0.202337 -0.840879
v -0.193201 0.080910 -0.812026
v 0.396472 0.193764 -0.610671
v 0.293338 0.262108 -0.122522
v 0.401869 0.113882 -0.203745
v 0.163518 0.391717 -0.156431
v 0.491610 0.086312 -0.284088
v 0.371326 0.378251 0.103906
v 0.502136 0.339069 0.096209
v 0.239760 0.507859 0.040436
v 0.631576 0.309907 0.108373
v -0.590045 0.478781 -0.496127
v -0.675872 0.409705 -0.707297
v -0.469588 0.509024 -0.408412
v -0.721766 0.310631 -0.818197
v -0.416247 0.353283 -0.689829
v -0.392367 0.289166 -0.832438
v -0.357304 0.520729 -0.426583
v -0.411420 0.441515 -0.540226
v -0.728005 0.293745 -0.485140
v -0.797596 0.170899 -0.531893
v -0.528808 0.461191 -0.300275
v -0.651960 0.381977 -0.367337
v 0.561593 0.154367 -0.087857
v 0.452002 0.182733 -0.053768
v 0.332332 0.276437 -0.009308
v 0.201639 0.406046 -0.057997
v 0.021632 0.342257 0.492679
v -0.283362 0.361996 0.521718
v -0.139800 0.361912 0.518345
v -0.438487 0.331832 0.517225
v -0.073194 0.253604 0.658048
v -0.281870 0.269632 0.647433
v -0.163762 0.266007 0.666382
v -0.399218 0.191807 0.626819
v 0.107700 0.296616 0.472428
v 0.087071 0.257434 0.606407
v -0.035745 0.454044 0.386158
v -0.340740 0.473782 0.415197
v -0.197178 0.473698 0.432076
v -0.399521 0.460016 0.382648
v 0.016713 0.426224 0.373815
v -0.003435 0.224442 0.855200
v -0.302040 0.203296 0.838822
v -0.147526 0.236845 0.904905
v -0.483733 0.115417 0.743870
v 0.138868 0.228272 0.768883
v 0.218846 0.296616 0.276410
v 0.290751 0.148389 0.391326
v 0.085537 0.426224 0.261185
v 0.345451 0.120819 0.498640
v 0.373290 0.412758 0.093385
v 0.492508 0.373576 0.147770
v 0.227685 0.542367 0.105099
v 0.617615 0.344415 0.183137
v 0.375320 0.506496 0.006838
v 0.524679 0.467314 0.009214
v 0.256966 0.596235 0.004955
v 0.647216 0.430326 0.011163
v -0.739835 0.513288 0.306046
v -0.896084 0.444213 0.472014
v -0.595841 0.543532 0.267714
v -0.978907 0.345140 0.558879
v -0.725247 0.316644 -0.010673
v -0.794176 0.202504 -0.011770
v -0.628250 0.460016 -0.009130
v -0.903923 0.121683 -0.013517
v -0.647651 0.387791 0.549417
v -0.676845 0.323673 0.691033
v -0.497681 0.555237 0.325181
v -0.589161 0.476023 0.411636
v -0.864532 0.328252 0.246014
v -0.946306 0.205407 0.264503
v -0.612046 0.495699 0.145493
v -0.751100 0.416485 0.163592
v 0.481533 0.188874 0.340888
v 0.391629 0.217240 0.269548
v 0.296068 0.310945 0.184898
v 0.156611 0.440553 0.183142
v 0.037268 0.342257 -0.490010
v -0.266648 0.361996 -0.528738
v -0.123266 0.361912 -0.520800
v -0.421839 0.331832 -0.529182
v -0.052249 0.253604 -0.658312
v -0.261158 0.269632 -0.654341
v -0.142507 0.266007 -0.669523
v -0.379102 0.191807 -0.637471
v 0.122647 0.296616 -0.467031
v 0.106292 0.257433 -0.601599
v -0.023470 0.454044 -0.385369
v -0.327386 0.473782 -0.424096
v -0.183360 0.473698 -0.436399
v -0.387172 0.460016 -0.393433
v 0.028570 0.426224 -0.371363
v 0.023746 0.224442 -0.853145
v -0.275229 0.203295 -0.846275
v -0.118691 0.236845 -0.907409
v -0.459851 0.115417 -0.757152
v 0.163232 0.228272 -0.762345
v 0.227501 0.296616 -0.267577
v 0.303025 0.148389 -0.380147
v 0.093776 0.426224 -0.256600
v 0.361112 0.120819 -0.485666
v 0.376045 0.412758 -0.079731
v 0.496933 0.373576 -0.130295
v 0.230886 0.542367 -0.096071
v 0.623101 0.344415 -0.161664
v -0.729752 0.513288 -0.327697
v -0.880641 0.444213 -0.498552
v -0.587051 0.543532 -0.284803
v -0.960659 0.345139 -0.588007
v -0.629872 0.387791 -0.568011
v -0.654545 0.323673 -0.710485
v -0.487111 0.555237 -0.339118
v -0.575795 0.476023 -0.428440
v -0.856296 0.328252 -0.271663
v -0.937440 0.205407 -0.292743
v -0.607135 0.495699 -0.163159
v -0.745543 0.416485 -0.185674
v 0.399979 0.217240 -0.255221
v 0.301773 0.310945 -0.173654
v 0.162331 0.440553 -0.176335
v 0.036793 0.322884 -0.248405
v 0.011355 0.443488 -0.201749
v -0.030645 0.322168 -0.380255
v -0.029397 0.443104 -0.332536
v -0.185184 0.322248 -0.441077
v -0.182425 0.443181 -0.409987
v -0.351476 0.323178 -0.341352
v -0.400601 0.444406 -0.293947
v -0.376922 0.324131 -0.156120
v -0.450450 0.440250 -0.000071
v 0.011313 0.702488 -0.130261
v -0.064821 0.702568 -0.246479
v -0.167755 0.702940 -0.271111
v -0.324668 0.703639 -0.222424
v -0.362867 0.699947 -0.000071
v -0.419004 0.577712 -0.237654
v -0.175902 0.576449 -0.354694
v -0.455685 0.573378 -0.000071
v -0.039640 0.576196 -0.272284
v 0.022476 0.576247 -0.148420
v -0.007133 0.322905 -0.131952
v 0.010026 0.440500 -0.000071
v 0.039966 0.699947 -0.000071
v 0.028561 0.573379 -0.000071
v 0.030417 -0.647560 -0.266085
v -0.027844 -0.647556 -0.344793
v -0.126726 -0.647538 -0.381770
v -0.231409 -0.647498 -0.315035
v -0.254878 -0.647469 -0.179099
v 0.010951 -0.647541 -0.175383
v -0.190558 0.289144 -0.029188
v -0.139147 -0.647488 -0.086785
v -0.190794 0.319740 -0.000071
v -0.286778 0.289611 -0.062548
v -0.222767 -0.647469 -0.115793
v -0.325345 0.350428 -0.000071
v -0.082727 0.288610 -0.059765
v -0.045506 -0.647517 -0.113926
v -0.090639 0.380157 -0.000071
v -0.273158 -0.193758 -0.169053
v 0.002949 -0.194105 -0.156511
v -0.027098 -0.194198 -0.355448
v -0.147401 -0.194114 -0.401718
v 0.032261 -0.194199 -0.255851
v -0.260617 -0.193914 -0.322207
v -0.154962 -0.210206 -0.064805
v -0.240317 -0.210115 -0.094418
v -0.059330 -0.210337 -0.092378
v 0.015612 0.852374 -0.129924
v -0.063766 0.852428 -0.246138
v -0.166437 0.852693 -0.270662
v -0.289018 0.853163 -0.221769
v -0.326934 0.850351 -0.000071
v 0.048058 0.850350 -0.000071
v 0.036793 0.322884 0.248264
v 0.011355 0.443488 0.201608
v -0.030645 0.322168 0.380114
v -0.029397 0.443104 0.332394
v -0.185184 0.322248 0.440936
v -0.182425 0.443181 0.409846
v -0.351476 0.323178 0.341211
v -0.400601 0.444406 0.293806
v -0.376922 0.324131 0.155979
v 0.011313 0.702488 0.130120
v -0.064821 0.702568 0.246338
v -0.167755 0.702940 0.270969
v -0.324668 0.703639 0.222283
v -0.419004 0.577712 0.237513
v -0.175902 0.576449 0.354553
v -0.039640 0.576196 0.272143
v 0.022476 0.576247 0.148278
v -0.007133 0.322905 0.131811
v 0.030417 -0.647560 0.265944
v -0.027844 -0.647556 0.344652
v -0.126726 -0.647538 0.381629
v -0.231409 -0.647498 0.314893
v -0.254878 -0.647469 0.178957
v 0.010951 -0.647541 0.175242
v -0.190558 0.289144 0.029047
v -0.139147 -0.647488 0.086644
v -0.286778 0.289611 0.062407
v -0.222767 -0.647469 0.115652
v -0.082727 0.288610 0.059624
v -0.045506 -0.647517 0.113784
v -0.273158 -0.193758 0.168911
v 0.002949 -0.194105 0.156369
v -0.027098 -0.194198 0.355307
v -0.147401 -0.194114 0.401577
v 0.032261 -0.194199 0.255710
v -0.260617 -0.193914 0.322065
v -0.154962 -0.210206 0.064664
v -0.240317 -0.210115 0.094276
v -0.059330 -0.210337 0.092237
v 0.015612 0.852374 0.129783
v -0.063766 0.852428 0.245997
v -0.166437 0.852693 0.270520
v -0.289018 0.853163 0.221628
v -0.002092 0.064400 -0.144231
v -0.166293 0.064067 -0.421398
v 0.034527 0.064342 -0.252128
v -0.306047 0.064632 -0.331779
v -0.325040 0.065186 -0.162586
v -0.028871 0.063985 -0.367852
v -0.172760 0.039469 -0.046997
v -0.263548 0.039748 -0.078483
v -0.071029 0.039137 -0.076072
v -0.264018 -0.420614 -0.174076
v -0.027471 -0.420877 -0.350121
v -0.147055 -0.428847 -0.075795
v -0.231542 -0.428792 -0.105105
v -0.052418 -0.428927 -0.103152
v 0.006950 -0.420823 -0.165947
v -0.137064 -0.420826 -0.391744
v 0.031339 -0.420879 -0.260968
v -0.246013 -0.420706 -0.318621
v -0.264018 -0.420614 0.173934
v -0.027471 -0.420877 0.349979
v -0.147055 -0.428847 0.075654
v -0.231542 -0.428792 0.104964
v -0.052418 -0.428927 0.103011
v 0.006950 -0.420823 0.165805
v -0.137064 -0.420826 0.391603
v 0.031339 -0.420879 0.260827
v -0.246013 -0.420706 0.318479
v -0.002092 0.064400 0.144090
v -0.166293 0.064067 0.421256
v 0.034527 0.064342 0.251987
v -0.306047 0.064632 0.331638
v -0.325040 0.065186 0.162445
v -0.028871 0.063985 0.367711
v -0.172760 0.039469 0.046855
v -0.263548 0.039748 0.078342
v -0.071029 0.039137 0.075930
v -0.022978 0.333176 -1.122037
v -0.040078 0.374422 -1.168177
v -0.128827 0.383900 -1.197607
v -0.199092 0.349920 -1.156238
v -0.015700 0.123338 -1.309069
v -0.179784 0.313509 -1.087985
v -0.068110 0.314687 -1.094540
v -0.022978 0.198762 -1.224299
v -0.040078 0.240009 -1.270440
v -0.128827 0.249486 -1.299870
v -0.178635 0.225400 -1.270545
v -0.032800 0.132053 -1.322678
v -0.163751 0.190355 -1.207455
v -0.113618 0.191364 -1.200797
v -0.084452 0.379161 -1.182892
v -0.045544 0.323931 -1.108288
v -0.077798 0.237354 -1.277022
v -0.045544 0.192475 -1.215726
v -0.210636 0.329251 -1.130616
v -0.205044 0.319144 -1.111535
v -0.205044 0.184730 -1.213797
v -0.210636 0.194837 -1.232879
v -0.061448 0.126438 -1.333290
v -0.056698 0.111578 -1.308963
v -0.087245 0.100010 -1.312361
v -0.113692 0.100777 -1.311427
v -0.128077 0.113479 -1.330732
v -0.098576 0.115776 -1.333894
v -0.169852 0.106611 -1.309847
v -0.152771 0.114871 -1.319903
v -0.147556 0.094939 -1.285928
v -0.164748 0.094593 -1.288211
v -0.181296 0.118411 -1.260323
v -0.188506 0.135388 -1.290886
v -0.204009 0.120582 -1.272640
v -0.201299 0.115686 -1.263396
v -0.022978 0.237166 -1.195081
v -0.040078 0.278413 -1.241222
v -0.168332 0.225542 -1.173320
v -0.100616 0.226599 -1.170438
v -0.184480 0.260977 -1.237885
v -0.128827 0.287890 -1.270652
v -0.045544 0.230034 -1.185030
v -0.079699 0.277870 -1.250127
v -0.205044 0.223134 -1.184579
v -0.210636 0.233241 -1.203661
v 0.031115 0.275409 -1.185068
v 0.030655 0.260978 -1.170148
v 0.018318 0.247123 -1.208689
v 0.017858 0.232691 -1.193769
v -0.046862 0.386871 -1.086932
v -0.059685 0.417799 -1.121530
v -0.126232 0.424906 -1.143598
v -0.178920 0.399427 -1.112578
v -0.164442 0.372124 -1.061399
v -0.080704 0.373008 -1.066314
v -0.092958 0.421353 -1.132564
v -0.063783 0.379939 -1.076623
v -0.187576 0.383928 -1.093366
v -0.183383 0.376349 -1.079057
v -0.046862 0.590140 -0.911967
v -0.059685 0.621068 -0.946565
v -0.126232 0.628175 -0.968633
v -0.178920 0.602695 -0.937612
v -0.164442 0.575393 -0.886434
v -0.080704 0.576276 -0.891348
v -0.092958 0.624621 -0.957599
v -0.063783 0.583208 -0.901658
v -0.187576 0.587197 -0.918400
v -0.183383 0.579618 -0.904092
v -0.022977 0.333176 1.121895
v -0.040077 0.374422 1.168035
v -0.128827 0.383900 1.197466
v -0.199092 0.349920 1.156096
v -0.015700 0.123338 1.308928
v -0.179784 0.313509 1.087844
v -0.068110 0.314687 1.094398
v -0.022977 0.198762 1.224157
v -0.040077 0.240009 1.270298
v -0.128826 0.249486 1.299728
v -0.178634 0.225400 1.270403
v -0.032800 0.132053 1.322537
v -0.163751 0.190355 1.207313
v -0.113618 0.191364 1.200655
v -0.084452 0.379161 1.182751
v -0.045543 0.323931 1.108147
v -0.077798 0.237354 1.276880
v -0.045543 0.192475 1.215585
v -0.210636 0.329251 1.130475
v -0.205043 0.319144 1.111393
v -0.205043 0.184730 1.213656
v -0.210636 0.194837 1.232738
v -0.061448 0.126438 1.333149
v -0.056698 0.111578 1.308822
v -0.087245 0.100010 1.312220
v -0.113691 0.100777 1.311286
v -0.128076 0.113479 1.330590
v -0.098575 0.115776 1.333753
v -0.169852 0.106611 1.309705
v -0.152771 0.114871 1.319762
v -0.147555 0.094939 1.285786
v -0.164748 0.094593 1.288069
v -0.181296 0.118411 1.260182
v -0.188506 0.135388 1.290745
v -0.204008 0.120582 1.272498
v -0.201299 0.115686 1.263254
v -0.022977 0.237166 1.194939
v -0.040077 0.278412 1.241080
v -0.168332 0.225542 1.173179
v -0.100616 0.226599 1.170296
v -0.184479 0.260977 1.237744
v -0.128826 0.287890 1.270510
v -0.045543 0.230034 1.184888
v -0.079699 0.277870 1.249986
v -0.205043 0.223134 1.184438
v -0.210636 0.233241 1.203520
v 0.031116 0.275409 1.184927
v 0.030656 0.260978 1.170006
v 0.018318 0.247123 1.208547
v 0.017858 0.232691 1.193627
v -0.046862 0.386871 1.086791
v -0.059684 0.417799 1.121389
v -0.126232 0.424906 1.143457
v -0.178919 0.399427 1.112436
v -0.164442 0.372124 1.061257
v -0.080704 0.373008 1.066172
v -0.092958 0.421353 1.132423
v -0.063783 0.379939 1.076482
v -0.187576 0.383928 1.093224
v -0.183382 0.376349 1.078916
v -0.046862 0.590140 0.911825
v -0.059684 0.621068 0.946424
v -0.126232 0.628175 0.968491
v -0.178919 0.602695 0.937471
v -0.164442 0.575393 0.886292
v -0.080704 0.576276 0.891207
v -0.092958 0.624621 0.957457
v -0.063783 0.583208 0.901516
v -0.187576 0.587197 0.918259
v -0.183382 0.579618 0.903951
v 0.123547 1.045822 -0.138919
v 0.141357 0.947241 -0.053080
v 0.077077 0.965966 -0.259460
v 0.053814 0.767060 -0.212494
v 0.106058 1.161369 -0.268502
v 0.098537 1.148295 -0.287967
v 0.112495 0.781878 -0.055410
v 0.094883 1.001028 -0.214642
v -0.021126 0.766930 -0.423699
v -0.022701 0.746788 -0.422434
v 0.159025 1.098445 -0.044334
v 0.161717 1.076826 -0.029297
v 0.102298 1.154832 -0.278234
v 0.207623 0.648519 -0.084919
v 0.213802 0.655221 -0.067691
v 0.079927 0.796497 0.146766
v 0.066647 0.761449 0.123055
v 0.078990 0.815091 -0.095810
v 0.078990 0.803625 -0.006573
v 0.026757 0.823982 -0.252630
v 0.116119 0.926914 -0.081442
v 0.116119 0.915449 0.007795
v 0.052727 0.938948 -0.252121
v -0.067584 0.831051 -0.333071
v -0.024485 0.948573 -0.346039
v -0.337043 0.806827 -0.275572
v -0.304830 0.902250 -0.312063
v -0.401344 0.755059 -0.012813
v -0.396297 0.847828 -0.000894
v -0.359531 0.776497 -0.148499
v -0.373611 0.872417 -0.156815
v 0.078990 0.792159 0.082664
v 0.026757 0.761118 0.236638
v 0.116119 0.903983 0.097032
v 0.052727 0.872479 0.265208
v -0.067584 0.747622 0.316253
v -0.024485 0.858048 0.358509
v -0.337042 0.738720 0.254498
v -0.304830 0.821819 0.313927
v -0.359531 0.741500 0.123885
v -0.373611 0.832201 0.156180
v 0.005733 1.035014 0.329057
v -0.008357 1.014282 0.342585
v 0.020780 1.017180 0.306015
v 0.005622 0.974001 0.304477
v 0.029385 1.059782 0.309647
v 0.031811 1.056863 0.305923
v -0.015828 0.978042 0.332991
v 0.015302 1.024966 0.314682
v 0.036159 0.973639 0.268310
v 0.035546 0.969314 0.268163
v -0.006291 1.046849 0.346951
v -0.008854 1.042282 0.349240
v 0.030598 1.058322 0.307785
v -0.018578 0.929745 0.320641
v -0.020830 0.931280 0.323847
v -0.047816 0.979345 0.359327
v -0.045548 0.971691 0.354037
v 0.067715 -0.588803 -0.271439
v -0.004277 -0.600928 -0.374257
v -0.128467 -0.579313 -0.420177
v -0.262116 -0.527263 -0.331223
v -0.294571 -0.512376 -0.156439
v 0.041245 -0.572985 -0.153559
v -0.150246 -0.545015 -0.039328
v -0.255306 -0.525844 -0.076082
v -0.031364 -0.560424 -0.074148
v -0.046624 -1.827701 -0.487979
v -0.144634 -1.750686 -0.620660
v -0.313705 -1.761207 -0.686874
v -0.495654 -1.753129 -0.576294
v -0.539838 -1.768477 -0.320796
v -0.082661 -1.839181 -0.326501
v -0.343355 -1.734320 -0.109379
v -0.486382 -1.769612 -0.171216
v -0.181510 -1.815858 -0.174474
v 0.029602 -0.974653 -0.340439
v -0.008511 -1.402837 -0.421534
v -0.097848 -1.373699 -0.556501
v -0.051063 -0.949842 -0.452228
v -0.376327 -0.932657 -0.216789
v -0.458083 -1.363918 -0.309628
v -0.409357 -1.385742 -0.220427
v -0.332331 -0.949684 -0.126873
v -0.000057 -0.986051 -0.211590
v -0.041359 -1.422117 -0.300595
v -0.251959 -1.345065 -0.630761
v -0.190213 -0.923988 -0.504728
v -0.214616 -0.971164 -0.085692
v -0.278986 -1.409532 -0.174819
v -0.131461 -1.425061 -0.217548
v -0.081413 -0.985186 -0.124274
v -0.417808 -1.334821 -0.506534
v -0.339962 -0.914438 -0.409898
v -0.156841 -1.862290 -0.402001
v -0.209832 -1.844431 -0.478495
v -0.301245 -1.825704 -0.516515
v -0.399621 -1.821970 -0.449751
v -0.423510 -1.830269 -0.311610
v -0.176325 -1.868497 -0.314694
v -0.317276 -1.834631 -0.182310
v -0.394608 -1.830882 -0.230735
v -0.229771 -1.855887 -0.232497
v -0.156841 -1.891613 -0.402001
v -0.209833 -1.873755 -0.478495
v -0.301245 -1.855027 -0.516515
v -0.399620 -1.851294 -0.449751
v -0.423510 -1.859592 -0.311610
v -0.176325 -1.897820 -0.314694
v -0.317276 -1.863955 -0.182310
v -0.394608 -1.860206 -0.230735
v -0.229771 -1.885210 -0.232497
v 0.067716 -0.588803 0.271297
v -0.004277 -0.600928 0.374115
v -0.128467 -0.579313 0.420036
v -0.262116 -0.527263 0.331082
v -0.294571 -0.512376 0.156298
v 0.041245 -0.572985 0.153418
v -0.150246 -0.545015 0.039187
v -0.255306 -0.525844 0.075941
v -0.031364 -0.560424 0.074007
v -0.046624 -1.827701 0.487838
v -0.144634 -1.750686 0.620518
v -0.313705 -1.761207 0.686733
v -0.495654 -1.753129 0.576153
v -0.539838 -1.768477 0.320655
v -0.082661 -1.839181 0.326360
v -0.343355 -1.734320 0.109238
v -0.486382 -1.769612 0.171075
v -0.181510 -1.815858 0.174333
v 0.029602 -0.974653 0.340298
v -0.008511 -1.402837 0.421393
v -0.097848 -1.373699 0.556359
v -0.051062 -0.949842 0.452087
v -0.376327 -0.932657 0.216648
v -0.458083 -1.363918 0.309487
v -0.409357 -1.385742 0.220286
v -0.332331 -0.949684 0.126731
v -0.000057 -0.986051 0.211449
v -0.041359 -1.422117 0.300453
v -0.251959 -1.345066 0.630620
v -0.190213 -0.923988 0.504587
v -0.214616 -0.971164 0.085550
v -0.278986 -1.409532 0.174677
v -0.131461 -1.425061 0.217407
v -0.081413 -0.985186 0.124132
v -0.417808 -1.334821 0.506393
v -0.339962 -0.914439 0.409756
v -0.156841 -1.862290 0.401860
v -0.209832 -1.844431 0.478354
v -0.301245 -1.825704 0.516374
v -0.399620 -1.821971 0.449610
v -0.423510 -1.830269 0.311468
v -0.176325 -1.868497 0.314553
v -0.317276 -1.834631 0.182169
v -0.394608 -1.830882 0.230594
v -0.229770 -1.855887 0.232356
v -0.156841 -1.891613 0.401860
v -0.209832 -1.873755 0.478354
v -0.301245 -1.855027 0.516374
v -0.399620 -1.851294 0.449610
v -0.423510 -1.859592 0.311468
v -0.176325 -1.897820 0.314553
v -0.317276 -1.863955 0.182168
v -0.394608 -1.860206 0.230594
v -0.229770 -1.885210 0.232356
v -0.170733 -1.866935 -0.323114
v -0.122595 -1.958930 -0.303780
v -0.159192 -1.863895 -0.449078
v -0.112195 -1.946742 -0.420256
v -0.232596 -1.841298 -0.536397
v -0.167785 -1.936942 -0.538374
v -0.365839 -1.820273 -0.545722
v -0.378704 -1.948510 -0.620510
v -0.427008 -1.806839 -0.424004
v -0.530635 -1.967423 -0.406679
v -0.433521 -1.832995 -0.262209
v -0.424774 -1.951815 -0.188162
v -0.283795 -1.853108 -0.204589
v -0.261560 -1.945647 -0.191035
v -0.391307 -1.812066 -0.485218
v -0.449816 -1.956834 -0.531442
v -0.161584 -2.046174 -0.534851
v -0.376481 -2.043264 -0.596051
v -0.548963 -2.081401 -0.406347
v -0.415283 -2.054635 -0.191046
v -0.255275 -2.046600 -0.191695
v 0.012218 -2.007885 -0.259381
v 0.028436 -2.009353 -0.392527
v -0.027974 -1.993981 -0.488381
v -0.086895 -1.990570 -0.180000
v 0.034835 -2.097291 -0.264606
v 0.050487 -2.103255 -0.378698
v 0.013490 -2.085476 -0.484081
v -0.070430 -2.070468 -0.181693
v -0.132362 -2.278508 -0.286120
v -0.102815 -2.276873 -0.413559
v -0.120871 -2.201616 -0.493116
v -0.370749 -2.098870 -0.567651
v -0.456545 -2.132865 -0.363860
v -0.410177 -2.123859 -0.196081
v -0.215367 -2.181867 -0.218788
v -0.021844 -2.208483 -0.280777
v -0.000925 -2.208790 -0.380024
v -0.008288 -2.196314 -0.456771
v -0.100766 -2.201122 -0.212784
v -0.467687 -2.064291 -0.534288
v -0.403518 -2.115437 -0.498170
v -0.276329 -1.939362 -0.579327
v -0.301871 -1.830876 -0.542580
v -0.344821 -1.946276 -0.192707
v -0.363662 -1.841567 -0.231601
v -0.274785 -2.042531 -0.581319
v -0.332725 -2.045489 -0.199185
v -0.264406 -2.119276 -0.538783
v -0.324978 -2.172011 -0.216611
v -0.315841 -2.175164 -0.359337
v -0.274697 -2.165926 -0.469260
v -0.170733 -1.866935 0.322973
v -0.122595 -1.958931 0.303638
v -0.159192 -1.863895 0.448936
v -0.112195 -1.946742 0.420115
v -0.232596 -1.841298 0.536256
v -0.167784 -1.936942 0.538232
v -0.365839 -1.820273 0.545580
v -0.378703 -1.948510 0.620369
v -0.427008 -1.806839 0.423863
v -0.530634 -1.967423 0.406538
v -0.433521 -1.832995 0.262068
v -0.424774 -1.951815 0.188021
v -0.283795 -1.853108 0.204448
v -0.261560 -1.945647 0.190894
v -0.391307 -1.812066 0.485077
v -0.449816 -1.956834 0.531301
v -0.161584 -2.046174 0.534710
v -0.376481 -2.043264 0.595910
v -0.548963 -2.081401 0.406206
v -0.415283 -2.054636 0.190905
v -0.255275 -2.046600 0.191553
v 0.012218 -2.007885 0.259240
v 0.028436 -2.009353 0.392386
v -0.027974 -1.993981 0.488240
v -0.086895 -1.990570 0.179859
v 0.034835 -2.097291 0.264465
v 0.050487 -2.103255 0.378556
v 0.013490 -2.085476 0.483939
v -0.070430 -2.070468 0.181551
v -0.132362 -2.278508 0.285979
v -0.102815 -2.276873 0.413417
v -0.120871 -2.201616 0.492975
v -0.370749 -2.098871 0.567510
v -0.456545 -2.132865 0.363719
v -0.410177 -2.123859 0.195940
v -0.215367 -2.181867 0.218647
v -0.021844 -2.208483 0.280635
v -0.000925 -2.208790 0.379883
v -0.008288 -2.196314 0.456629
v -0.100766 -2.201122 0.212643
v -0.467686 -2.064291 0.534146
v -0.403518 -2.115437 0.498029
v -0.276329 -1.939363 0.579186
v -0.301871 -1.830876 0.542439
v -0.344821 -1.946276 0.192566
v -0.363662 -1.841567 0.231460
v -0.274785 -2.042531 0.581178
v -0.332725 -2.045489 0.199044
v -0.264406 -2.119276 0.538641
v -0.324978 -2.172011 0.216469
v -0.315841 -2.175164 0.359195
v -0.274697 -2.165926 0.469119
v 0.060516 -0.544195 -0.299908
v 0.074839 -0.606116 -0.277494
v 0.038152 -0.561594 -0.372134
v 0.026817 -0.668200 -0.387694
v 0.045541 -0.462925 -0.342858
v 0.041928 -0.465821 -0.354554
v 0.055441 -0.688157 -0.310233
v 0.046522 -0.552558 -0.344277
v -0.006491 -0.629545 -0.487388
v -0.006473 -0.639392 -0.490547
v 0.077960 -0.535342 -0.245108
v 0.080424 -0.548268 -0.241994
v 0.043734 -0.464373 -0.348706
v 0.039532 -0.790991 -0.366137
v 0.042680 -0.790756 -0.356694
v 0.067150 -0.723050 -0.219323
v 0.061412 -0.735813 -0.237141
v -0.005423 -0.805679 0.434475
v -0.011097 -0.857509 0.456005
v 0.026355 -0.820242 0.379744
v 0.029505 -0.909476 0.363940
v 0.012524 -0.737652 0.400897
v 0.017675 -0.740076 0.392039
v -0.001945 -0.926181 0.425495
v 0.013954 -0.812678 0.400696
v 0.071985 -0.877120 0.286893
v 0.073940 -0.885362 0.285113
v -0.029264 -0.798268 0.476295
v -0.029783 -0.809088 0.479578
v 0.015099 -0.738864 0.396468
v 0.023446 -1.012258 0.383994
v 0.019418 -1.012061 0.391288
v -0.051268 -0.955388 0.484265
v -0.043554 -0.966071 0.470627
v -0.021926 -1.685233 -0.519837
v -0.145293 -1.616052 -0.628107
v -0.313591 -1.623323 -0.694449
v -0.494709 -1.620618 -0.584114
v -0.538691 -1.648184 -0.330821
v -0.013227 -1.718208 -0.339899
v -0.343106 -1.624407 -0.118971
v -0.485479 -1.656518 -0.182153
v -0.182000 -1.702049 -0.170027
v -0.016943 -1.579790 -0.506031
v -0.139176 -1.516845 -0.614903
v -0.528002 -1.545042 -0.324362
v -0.475409 -1.555696 -0.183711
v -0.007827 -1.613526 -0.331436
v -0.305518 -1.518952 -0.682047
v -0.334690 -1.531198 -0.123022
v -0.175457 -1.600361 -0.170739
v -0.484530 -1.516051 -0.569916
v -0.021926 -1.685234 0.519696
v -0.145293 -1.616052 0.627966
v -0.313591 -1.623323 0.694308
v -0.494708 -1.620618 0.583972
v -0.538691 -1.648185 0.330679
v -0.013227 -1.718208 0.339758
v -0.343106 -1.624407 0.118830
v -0.485479 -1.656518 0.182012
v -0.182000 -1.702049 0.169885
v -0.016943 -1.579790 0.505890
v -0.139175 -1.516845 0.614762
v -0.528002 -1.545043 0.324221
v -0.475409 -1.555696 0.183570
v -0.007826 -1.613527 0.331295
v -0.305518 -1.518952 0.681906
v -0.334690 -1.531198 0.122881
v -0.175457 -1.600361 0.170597
v -0.484530 -1.516051 0.569775
v -0.007297 -1.470619 -0.504221
v -0.124445 -1.419955 -0.605253
v -0.279373 -1.434812 -0.661669
v -0.460514 -1.427765 -0.572697
v -0.502406 -1.434388 -0.360954
v 0.010934 -1.491615 -0.329801
v -0.310746 -1.401800 -0.165975
v -0.445789 -1.428216 -0.233609
v -0.151047 -1.478448 -0.191624
v -0.003331 -1.372385 -0.491469
v -0.119508 -1.326715 -0.593560
v -0.490553 -1.334668 -0.356398
v -0.434618 -1.331054 -0.236993
v 0.014246 -1.394473 -0.321297
v -0.269135 -1.335829 -0.647267
v -0.304390 -1.315695 -0.168927
v -0.146771 -1.383160 -0.192994
v -0.449242 -1.327781 -0.558400
v -0.007297 -1.470619 0.504079
v -0.124445 -1.419955 0.605112
v -0.279373 -1.434812 0.661528
v -0.460514 -1.427765 0.572555
v -0.502406 -1.434388 0.360813
v 0.010934 -1.491615 0.329659
v -0.310746 -1.401799 0.165834
v -0.445789 -1.428216 0.233468
v -0.151047 -1.478448 0.191483
v -0.003331 -1.372385 0.491327
v -0.119508 -1.326714 0.593419
v -0.490553 -1.334668 0.356257
v -0.434618 -1.331053 0.236852
v 0.014246 -1.394472 0.321156
v -0.269135 -1.335829 0.647126
v -0.304390 -1.315695 0.168786
v -0.146771 -1.383160 0.192853
v -0.449242 -1.327781 0.558259
v -0.007660 -1.539981 -0.498629
v -0.125080 -1.498448 -0.601164
v -0.275528 -1.490387 -0.653821
v -0.454995 -1.480717 -0.562257
v -0.498197 -1.494952 -0.343169
v 0.009645 -1.564386 -0.319368
v -0.314570 -1.492857 -0.129147
v -0.444541 -1.500975 -0.207953
v -0.152021 -1.548497 -0.157938
v -0.010826 -1.492472 -0.493674
v -0.126928 -1.453552 -0.597309
v -0.493623 -1.445999 -0.344831
v -0.440363 -1.452173 -0.217112
v 0.005963 -1.516626 -0.317562
v -0.272606 -1.443183 -0.647556
v -0.314348 -1.451340 -0.142629
v -0.154507 -1.498542 -0.162999
v -0.451127 -1.432912 -0.555633
v -0.007660 -1.539981 0.498487
v -0.125079 -1.498448 0.601022
v -0.275528 -1.490387 0.653680
v -0.454995 -1.480717 0.562115
v -0.498197 -1.494952 0.343027
v 0.009645 -1.564386 0.319227
v -0.314570 -1.492856 0.129006
v -0.444541 -1.500974 0.207811
v -0.152021 -1.548496 0.157797
v -0.010826 -1.492472 0.493533
v -0.126928 -1.453552 0.597168
v -0.493623 -1.445999 0.344690
v -0.440363 -1.452173 0.216970
v 0.005964 -1.516625 0.317420
v -0.272606 -1.443182 0.647414
v -0.314347 -1.451340 0.142487
v -0.154507 -1.498542 0.162858
v -0.451127 -1.432912 0.555492
v 0.379982 1.942042 0.377438
v 0.379982 1.921456 0.377438
v 0.379982 1.942042 0.356851
v 0.379982 1.921456 0.356851
v 0.379982 1.876803 0.347069
v 0.379982 1.888084 0.329848
v 0.379982 1.863329 0.190838
v 0.379982 1.883199 0.185453
v 0.379982 1.873714 0.108371
v 0.379982 1.893468 0.114165
v 0.379982 1.931678 0.077509
v 0.379982 1.938772 0.096834
v 0.379982 1.902696 0.092940
v 0.379982 1.916120 0.105500
v 0.379982 1.930084 -0.000071
v 0.379982 1.901102 -0.000071
v 0.379982 1.942042 -0.377579
v 0.379982 1.921456 -0.377579
v 0.379982 1.942042 -0.356993
v 0.379982 1.921456 -0.356993
v 0.379982 1.876803 -0.347210
v 0.379982 1.888084 -0.329990
v 0.379982 1.863329 -0.190979
v 0.379982 1.883199 -0.185595
v 0.379982 1.873714 -0.108512
v 0.379982 1.893468 -0.114306
v 0.379982 1.931678 -0.077650
v 0.379982 1.938772 -0.096976
v 0.379982 1.902696 -0.093081
v 0.379982 1.916120 -0.105641
v 0.042847 0.571135 -0.085363
v 0.058056 0.482282 -0.094714
v 0.041894 0.570865 -0.000000
v 0.054635 0.481273 -0.000000
v 0.003078 0.568958 -0.235904
v 0.018485 0.479400 -0.249853
v -0.092399 0.582774 -0.357695
v -0.092002 0.492082 -0.395100
v -0.279160 0.519139 -0.367706
v -0.278980 0.424764 -0.394987
v -0.459606 0.567122 0.000000
v -0.465555 0.466067 0.000000
v -0.419426 0.447142 -0.269815
v -0.419814 0.545169 -0.256205
v -0.447117 0.456093 -0.150912
v -0.447191 0.556002 -0.143765
v -0.395175 0.339207 0.000000
v -0.388197 0.330978 -0.105183
v -0.216456 0.268416 0.000000
v -0.216104 0.266233 -0.031329
v -0.131169 0.257936 0.000000
v -0.128761 0.255979 -0.036618
v -0.007768 0.333227 0.000000
v -0.002438 0.333569 -0.083218
v 0.042989 0.408465 -0.000000
v 0.049609 0.409772 -0.074219
v 0.033885 0.430030 -0.168818
v -0.302241 0.298577 -0.059762
v -0.305816 0.303811 0.000000
v 0.042847 0.571135 0.085363
v 0.058056 0.482282 0.094714
v 0.003078 0.568958 0.235904
v 0.018485 0.479400 0.249853
v -0.092399 0.582774 0.357695
v -0.092001 0.492082 0.395100
v -0.279159 0.519139 0.367706
v -0.278980 0.424764 0.394987
v -0.419426 0.447142 0.269815
v -0.419814 0.545169 0.256205
v -0.447117 0.456093 0.150912
v -0.447191 0.556002 0.143765
v -0.388197 0.330978 0.105183
v -0.216104 0.266233 0.031329
v -0.128761 0.255979 0.036618
v -0.002438 0.333569 0.083218
v 0.049609 0.409772 0.074219
v 0.033885 0.430030 0.168818
v -0.302241 0.298577 0.059763
vn -0.1063 0.8690 -0.4832
vn -0.2612 0.7738 -0.5771
vn -0.3871 0.6315 -0.6718
vn 0.1090 0.8154 -0.5686
vn -0.4046 0.9137 -0.0384
vn -0.2474 0.9394 -0.2374
vn -0.0542 0.9626 -0.2655
vn -0.2721 0.9617 0.0330
vn -0.6178 0.7426 0.2585
vn -0.5496 0.8071 0.2157
vn -0.5370 0.7380 0.4086
vn -0.6694 0.5419 0.5082
vn 0.4763 0.6679 -0.5719
vn 0.4463 0.7959 -0.4092
vn 0.3846 0.8013 -0.4582
vn 0.4239 0.3913 -0.8168
vn 0.4095 0.9123 -0.0000
vn 0.3549 0.9349 -0.0000
vn 0.3963 0.7620 -0.5121
vn 0.5967 0.6327 -0.4936
vn 0.7814 0.4052 -0.4746
vn 0.5223 0.7156 -0.4638
vn 0.5755 0.6023 -0.5532
vn 0.6224 0.2816 -0.7303
vn -0.6472 0.5970 -0.4741
vn -0.4390 0.7657 -0.4701
vn -0.2568 0.8245 -0.5042
vn -0.3377 0.7842 -0.5205
vn 0.1107 0.8513 -0.5128
vn 0.0692 0.8463 -0.5282
vn 0.3919 0.7494 -0.5337
vn 0.5358 0.7731 -0.3394
vn 0.1619 0.7141 -0.6810
vn 0.5765 0.7909 -0.2053
vn 0.5953 0.8035 -0.0000
vn 0.5649 0.7815 -0.2648
vn -0.5921 0.8059 0.0033
vn -0.5693 0.8144 -0.1127
vn -0.5261 0.8076 -0.2663
vn -0.4487 0.8058 -0.3864
vn -0.5465 0.8063 -0.2263
vn -0.3099 0.8190 -0.4829
vn -0.5887 0.8084 -0.0000
vn -0.6560 0.7548 -0.0000
vn -0.8005 0.5993 -0.0000
vn -0.2711 0.7981 -0.5381
vn -0.1761 0.7919 -0.5847
vn -0.0066 0.7246 -0.6892
vn -0.1252 0.8662 0.4839
vn 0.1090 0.8154 0.5686
vn -0.3871 0.6315 0.6718
vn -0.2848 0.7517 0.5949
vn -0.4046 0.9137 0.0384
vn -0.2721 0.9617 -0.0330
vn -0.0542 0.9626 0.2655
vn -0.2474 0.9394 0.2374
vn -0.6178 0.7426 -0.2585
vn -0.6694 0.5419 -0.5082
vn -0.5370 0.7380 -0.4086
vn -0.5496 0.8071 -0.2157
vn 0.4763 0.6679 0.5719
vn 0.4239 0.3913 0.8168
vn 0.3846 0.8013 0.4582
vn 0.4463 0.7959 0.4092
vn 0.3963 0.7620 0.5121
vn 0.5223 0.7156 0.4638
vn 0.7814 0.4052 0.4746
vn 0.5967 0.6327 0.4936
vn 0.6224 0.2816 0.7303
vn 0.5755 0.6023 0.5532
vn -0.6472 0.5970 0.4741
vn -0.3377 0.7842 0.5205
vn -0.2349 0.8113 0.5354
vn -0.4474 0.7333 0.5119
vn 0.1107 0.8513 0.5128
vn 0.1013 0.8376 0.5368
vn 0.3920 0.7494 0.5337
vn 0.5358 0.7731 0.3394
vn 0.1619 0.7141 0.6810
vn 0.5765 0.7909 0.2053
vn 0.5649 0.7815 0.2648
vn -0.5921 0.8059 -0.0033
vn -0.5693 0.8144 0.1127
vn -0.5261 0.8076 0.2663
vn -0.4806 0.7903 0.3800
vn -0.5465 0.8063 0.2263
vn -0.3622 0.7720 0.5224
vn -0.2890 0.7320 0.6170
vn 0.0580 0.7157 0.6960
vn -0.1195 0.7453 0.6560
vn 0.9497 -0.3132 -0.0000
vn 0.9636 0.2674 -0.0000
vn 0.9467 0.2427 -0.2120
vn 0.9383 -0.3063 -0.1608
vn 0.9747 -0.2234 -0.0000
vn 0.9618 -0.2162 -0.1680
vn 0.9624 0.2166 -0.1637
vn 0.9701 0.2429 -0.0000
vn 0.8854 0.4424 -0.1424
vn 0.8820 0.4712 -0.0000
vn 0.8065 0.2500 -0.5358
vn 0.8288 -0.2754 -0.4871
vn 0.8792 0.0914 -0.4676
vn 0.8594 0.1354 -0.4931
vn 0.3600 -0.2820 -0.8893
vn 0.3810 -0.2668 -0.8853
vn 0.8398 -0.2038 -0.5032
vn 0.2214 0.2846 -0.9327
vn 0.4325 -0.1190 -0.8938
vn 0.5510 -0.0977 -0.8288
vn -0.1446 -0.1983 -0.9694
vn -0.2178 0.2060 -0.9540
vn -0.7284 0.2980 -0.6169
vn -0.5791 -0.1811 -0.7949
vn -0.1327 -0.1645 -0.9774
vn -0.1508 -0.2406 -0.9588
vn -0.7121 -0.1899 -0.6759
vn -0.7052 -0.1466 -0.6937
vn -0.1171 -0.0745 -0.9903
vn -0.7142 -0.1001 -0.6928
vn -0.9705 -0.0469 -0.2364
vn -0.9419 0.2656 -0.2056
vn -0.9576 0.2879 -0.0000
vn -0.9997 -0.0234 -0.0000
vn -0.9815 -0.0950 -0.1664
vn -0.9766 -0.0891 -0.1956
vn -0.9991 -0.0426 -0.0000
vn -0.9961 -0.0885 -0.0000
vn -0.9829 -0.1008 -0.1543
vn -0.9959 -0.0905 -0.0000
vn -0.6737 0.5977 -0.4346
vn -0.8373 0.5223 -0.1618
vn 0.7505 0.6300 -0.1997
vn 0.6396 0.5967 -0.4846
vn 0.1290 0.6454 -0.7528
vn -0.2591 0.5645 -0.7837
vn -0.8381 0.5456 -0.0000
vn 0.7454 0.6666 -0.0000
vn 0.9383 -0.3063 0.1608
vn 0.9467 0.2427 0.2120
vn 0.9673 0.2075 0.1459
vn 0.9613 -0.2233 0.1614
vn 0.8920 0.4363 0.1184
vn 0.8288 -0.2754 0.4871
vn 0.8019 0.2414 0.5465
vn 0.8386 0.0563 0.5419
vn 0.8767 0.0715 0.4756
vn 0.8273 -0.1972 0.5260
vn 0.3599 -0.2424 0.9010
vn 0.3430 -0.2635 0.9016
vn 0.2159 0.2465 0.9448
vn 0.3120 -0.1977 0.9293
vn 0.4638 -0.2463 0.8510
vn -0.1452 -0.1706 0.9746
vn -0.5709 -0.1676 0.8037
vn -0.7230 0.2898 0.6271
vn -0.2045 0.1798 0.9622
vn -0.1579 -0.2585 0.9530
vn -0.6883 -0.2076 0.6951
vn -0.6891 -0.1771 0.7027
vn -0.1593 -0.2106 0.9645
vn -0.1400 -0.2826 0.9490
vn -0.7062 -0.2101 0.6761
vn -0.9705 -0.0469 0.2364
vn -0.9419 0.2656 0.2056
vn -0.9815 -0.0950 0.1664
vn -0.9766 -0.0891 0.1956
vn -0.9829 -0.1008 0.1543
vn -0.8373 0.5223 0.1618
vn -0.6726 0.5902 0.4464
vn 0.6353 0.5822 0.5073
vn 0.7505 0.6300 0.1997
vn 0.1413 0.5915 0.7939
vn -0.2391 0.5227 0.8183
vn -0.8070 -0.0758 0.5857
vn -0.0624 0.6029 0.7954
vn -0.0516 0.9581 -0.2818
vn -0.8263 0.1399 -0.5455
vn 0.6612 0.5783 -0.4779
vn -0.4437 -0.4148 -0.7944
vn 0.2583 0.4637 0.8475
vn -0.7129 -0.3550 0.6048
vn -0.9107 0.0553 0.4094
vn 0.1913 0.7690 0.6099
vn -0.7260 -0.3853 0.5696
vn 0.2623 0.4582 0.8493
vn 0.9089 0.1944 -0.3690
vn 0.0458 0.3038 0.9516
vn 0.9178 -0.2490 0.3093
vn -0.3074 -0.5724 -0.7602
vn -0.2438 -0.7769 -0.5806
vn 0.7589 0.4197 -0.4979
vn 0.7536 0.5372 -0.3789
vn -0.4814 -0.4823 -0.7318
vn 0.1445 0.3933 0.9080
vn -0.6600 -0.3514 0.6640
vn -0.1336 -0.9851 -0.1084
vn -0.6541 -0.3036 0.6928
vn -0.8070 -0.0758 -0.5857
vn -0.8263 0.1399 0.5455
vn -0.0516 0.9581 0.2818
vn -0.0624 0.6029 -0.7954
vn -0.4437 -0.4148 0.7944
vn 0.6612 0.5783 0.4779
vn 0.2583 0.4637 -0.8475
vn 0.1913 0.7690 -0.6099
vn -0.9107 0.0553 -0.4094
vn -0.7129 -0.3550 -0.6048
vn -0.7260 -0.3853 -0.5696
vn 0.2623 0.4582 -0.8493
vn 0.9089 0.1944 0.3690
vn 0.9178 -0.2490 -0.3093
vn 0.0458 0.3038 -0.9516
vn -0.2438 -0.7769 0.5806
vn -0.3074 -0.5724 0.7602
vn 0.7589 0.4197 0.4979
vn -0.4814 -0.4823 0.7318
vn 0.7536 0.5372 0.3789
vn 0.1445 0.3933 -0.9080
vn -0.6600 -0.3514 -0.6640
vn -0.1336 -0.9851 0.1084
vn -0.6541 -0.3036 -0.6928
vn 0.9410 -0.0381 -0.3363
vn 0.9352 0.1309 -0.3291
vn 0.9893 0.1456 -0.0000
vn 0.9663 -0.0413 -0.2540
vn 0.8805 0.3613 -0.3070
vn 0.7423 0.3621 -0.5638
vn 0.6069 0.6516 -0.4551
vn 0.7074 0.6671 -0.2336
vn 0.3051 0.9164 -0.2591
vn 0.3294 0.9366 -0.1196
vn 0.7453 0.6667 -0.0000
vn 0.3747 0.9271 -0.0000
vn 0.9301 0.3674 -0.0000
vn 0.9077 -0.0345 -0.4182
vn 0.7990 0.1552 -0.5810
vn 0.3653 0.6479 -0.6685
vn 0.2071 0.8865 -0.4139
vn 0.4907 0.1744 -0.8537
vn 0.4547 0.3642 -0.8128
vn 0.6976 0.0562 -0.7143
vn 0.0682 0.9643 -0.2557
vn 0.0911 0.9725 -0.2142
vn 0.0955 0.9873 -0.1267
vn 0.1187 0.9929 -0.0000
vn 0.0864 0.6297 -0.7720
vn 0.0289 0.8510 -0.5244
vn 0.2602 -0.0234 -0.9653
vn 0.1655 -0.0197 -0.9860
vn 0.1754 0.1320 -0.9756
vn 0.1425 0.3396 -0.9297
vn 0.0157 0.8832 -0.4687
vn 0.0877 -0.0165 -0.9960
vn 0.0629 0.1346 -0.9889
vn 0.0064 0.9797 -0.2001
vn 0.0096 0.9875 -0.1572
vn 0.0100 0.8488 -0.5286
vn 0.0086 0.8912 -0.4536
vn 0.0291 0.3356 -0.9416
vn 0.0048 0.9710 -0.2390
vn 0.0088 1.0000 -0.0000
vn 0.0157 0.7126 -0.7014
vn 0.9410 -0.0381 0.3363
vn 0.9663 -0.0413 0.2540
vn 0.9352 0.1309 0.3291
vn 0.8805 0.3613 0.3070
vn 0.7074 0.6671 0.2336
vn 0.6069 0.6516 0.4551
vn 0.7423 0.3621 0.5638
vn 0.3294 0.9366 0.1196
vn 0.3051 0.9164 0.2591
vn 0.7990 0.1552 0.5810
vn 0.9077 -0.0345 0.4182
vn 0.2071 0.8865 0.4139
vn 0.3653 0.6479 0.6685
vn 0.4547 0.3642 0.8128
vn 0.4907 0.1744 0.8537
vn 0.6976 0.0562 0.7143
vn 0.0911 0.9725 0.2142
vn 0.0682 0.9643 0.2557
vn 0.0955 0.9873 0.1267
vn 0.0289 0.8510 0.5244
vn 0.0864 0.6297 0.7720
vn 0.1754 0.1320 0.9756
vn 0.1655 -0.0197 0.9860
vn 0.2602 -0.0234 0.9653
vn 0.1425 0.3396 0.9297
vn 0.0157 0.8832 0.4687
vn 0.0629 0.1346 0.9889
vn 0.0877 -0.0165 0.9960
vn 0.0096 0.9875 0.1572
vn 0.0064 0.9797 0.2002
vn 0.0086 0.8912 0.4536
vn 0.0100 0.8488 0.5286
vn 0.0291 0.3356 0.9416
vn 0.0048 0.9710 0.2390
vn 0.0157 0.7126 0.7014
vn -0.8668 -0.4987 -0.0000
vn -0.6848 0.7288 -0.0000
vn -0.4899 0.6603 -0.5692
vn -0.6684 -0.5182 -0.5336
vn -0.1301 -0.6586 -0.7412
vn 0.0788 0.6108 -0.7879
vn 0.6322 0.5382 -0.5574
vn 0.4197 -0.7253 -0.5457
vn 0.8738 0.4862 -0.0000
vn 0.5865 -0.8100 -0.0000
vn -0.6684 -0.5182 0.5336
vn -0.4899 0.6603 0.5692
vn -0.1301 -0.6586 0.7412
vn 0.4197 -0.7253 0.5458
vn 0.6321 0.5382 0.5574
vn 0.0788 0.6108 0.7879
vn -0.4912 0.3927 -0.7775
vn -0.2886 0.2118 -0.9337
vn -0.4893 0.3910 -0.7796
vn 0.5013 -0.4093 -0.7623
vn 0.5995 0.8001 0.0182
vn 0.5612 0.8253 0.0621
vn 0.6171 0.7869 -0.0030
vn -0.6174 -0.7866 0.0026
vn -0.5602 -0.8259 -0.0636
vn -0.5983 -0.8010 -0.0202
vn 0.6916 -0.6929 0.2040
vn 0.6738 -0.7389 -0.0000
vn 0.7549 -0.6558 -0.0000
vn 0.7344 -0.6379 0.2318
vn 0.4800 -0.3839 0.7888
vn 0.6872 -0.5811 0.4360
vn 0.6863 -0.5803 0.4385
vn 0.4792 -0.3831 0.7897
vn -0.6542 -0.7531 0.0697
vn -0.6508 -0.7584 0.0362
vn -0.6536 -0.7558 0.0397
vn -0.6546 -0.7536 0.0605
vn 0.6554 0.7545 -0.0335
vn 0.6539 0.7555 -0.0399
vn 0.6508 0.7584 -0.0363
vn -0.6921 0.6924 -0.2038
vn -0.6878 0.5885 -0.4250
vn -0.6874 0.5876 -0.4268
vn -0.7344 0.6379 -0.2318
vn 0.2821 -0.2068 0.9368
vn -0.6747 0.7381 -0.0000
vn -0.7549 0.6558 -0.0000
vn 0.0131 0.0100 -0.9999
vn -0.6558 -0.7549 -0.0000
vn 0.9000 0.4358 -0.0000
vn 0.8956 0.4337 -0.0993
vn -0.5942 0.8043 -0.0000
vn -0.5873 0.7950 -0.1520
vn 0.5854 -0.7963 0.1522
vn 0.5923 -0.8057 -0.0000
vn -0.4785 0.3825 0.7904
vn -0.4784 0.3824 0.7905
vn -0.2886 0.2118 0.9337
vn 0.5013 -0.4093 0.7623
vn 0.5972 0.8017 -0.0257
vn 0.6151 0.7884 -0.0068
vn 0.5612 0.8253 -0.0621
vn -0.6154 -0.7882 0.0072
vn -0.5961 -0.8025 0.0276
vn -0.5602 -0.8259 0.0636
vn 0.6935 -0.6949 -0.1899
vn 0.7380 -0.6411 -0.2106
vn 0.4659 -0.3726 -0.8026
vn 0.4670 -0.3735 -0.8015
vn 0.6839 -0.5796 -0.4431
vn 0.6878 -0.5838 -0.4313
vn -0.6537 -0.7526 -0.0791
vn -0.6540 -0.7529 -0.0739
vn -0.6492 -0.7599 -0.0341
vn -0.6509 -0.7575 -0.0491
vn 0.6548 0.7537 0.0566
vn 0.6515 0.7570 0.0496
vn 0.6497 0.7594 0.0347
vn -0.6940 0.6945 0.1898
vn -0.7380 0.6411 0.2106
vn -0.6866 0.5861 0.4303
vn -0.6906 0.5904 0.4178
vn 0.2821 -0.2068 -0.9368
vn 0.0131 0.0100 0.9999
vn 0.8956 0.4337 0.0993
vn -0.5873 0.7950 0.1520
vn 0.5854 -0.7963 -0.1522
vn -0.9803 -0.0939 -0.1735
vn -0.5976 0.1628 -0.7851
vn -0.3595 -0.3038 -0.8823
vn -0.6109 -0.7168 -0.3361
vn 0.1443 -0.9411 -0.3057
vn 0.1967 -0.4329 -0.8797
vn 0.6867 -0.2033 -0.6979
vn 0.8099 -0.5803 -0.0857
vn 0.9805 0.0944 0.1721
vn 0.7872 0.2959 -0.5410
vn 0.5416 0.7442 -0.3909
vn 0.6111 0.7173 0.3347
vn -0.1441 0.9416 0.3043
vn -0.0064 0.8929 -0.4502
vn -0.5047 0.6437 -0.5753
vn -0.8097 0.5808 0.0843
vn -0.1339 -0.3240 0.9365
vn 0.6078 -0.1590 0.7780
vn 0.3674 0.3151 0.8750
vn -0.1967 0.4439 0.8742
vn 0.1339 0.3240 -0.9365
vn -0.7950 -0.2937 0.5308
vn -0.6937 0.2132 0.6880
vn -0.5464 -0.7481 0.3766
vn 0.0089 -0.8983 0.4394
vn 0.5147 -0.6461 0.5636
vn -0.9803 -0.0939 0.1735
vn -0.6109 -0.7168 0.3361
vn -0.3595 -0.3038 0.8823
vn -0.5976 0.1628 0.7851
vn 0.1443 -0.9411 0.3057
vn 0.8099 -0.5803 0.0857
vn 0.6867 -0.2033 0.6979
vn 0.1966 -0.4329 0.8797
vn 0.9805 0.0944 -0.1721
vn 0.6111 0.7173 -0.3347
vn 0.5416 0.7442 0.3909
vn 0.7872 0.2959 0.5410
vn -0.1441 0.9416 -0.3043
vn -0.8097 0.5808 -0.0843
vn -0.5047 0.6437 0.5753
vn -0.0064 0.8929 0.4501
vn -0.1339 -0.3240 -0.9365
vn -0.1967 0.4439 -0.8742
vn 0.3674 0.3151 -0.8750
vn 0.6078 -0.1590 -0.7780
vn 0.1339 0.3240 0.9365
vn -0.7950 -0.2937 -0.5308
vn -0.6937 0.2132 -0.6880
vn -0.5464 -0.7481 -0.3766
vn 0.0089 -0.8983 -0.4394
vn 0.5147 -0.6461 -0.5636
vn -0.9700 -0.2430 -0.0000
vn -0.9538 -0.2859 -0.0925
vn -0.9475 -0.2973 -0.1179
vn -0.8734 -0.3863 -0.2966
vn -0.8319 -0.4216 -0.3607
vn -0.2600 0.9440 -0.2032
vn -0.2583 0.9499 -0.1757
vn -0.2431 0.9700 -0.0000
vn 0.2577 -0.9500 0.1762
vn 0.2594 -0.9433 0.2072
vn 0.2431 -0.9700 -0.0000
vn 0.9474 0.2972 0.1184
vn 0.9536 0.2862 0.0935
vn 0.9700 0.2430 -0.0000
vn -0.1790 0.8327 -0.5240
vn -0.1831 0.8359 -0.5175
vn 0.0036 0.7193 -0.6947
vn 0.0199 0.7125 -0.7014
vn 0.8333 0.4209 0.3584
vn 0.8739 0.3859 0.2958
vn 0.1728 -0.8297 0.5308
vn 0.1753 -0.8316 0.5270
vn 0.1712 0.5877 -0.7908
vn 0.1735 0.5843 -0.7928
vn -0.6649 -0.5353 -0.5209
vn -0.6083 -0.5668 -0.5556
vn 0.6102 0.5667 0.5536
vn 0.6674 0.5349 0.5181
vn -0.0273 -0.7078 0.7059
vn -0.0130 -0.7136 0.7004
vn 0.3690 0.7076 0.6026
vn 0.2935 0.7534 0.5884
vn -0.0310 0.8897 0.4555
vn 0.0339 0.8703 0.4914
vn -0.3693 -0.7067 -0.6035
vn -0.2912 -0.7542 -0.5886
vn -0.1787 -0.5837 0.7920
vn -0.1780 -0.5847 0.7915
vn -0.1947 0.9148 0.3539
vn -0.2089 0.9151 0.3448
vn -0.2376 0.9150 0.3262
vn -0.4196 -0.4203 0.8045
vn -0.4182 -0.4210 0.8049
vn 0.4079 0.4236 -0.8088
vn 0.4121 0.4217 -0.8077
vn -0.0344 -0.8700 -0.4918
vn 0.0313 -0.8898 -0.4552
vn -0.7351 0.0574 -0.6755
vn -0.7351 0.0575 -0.6755
vn -0.6648 -0.3427 0.6638
vn -0.6576 -0.3418 0.6714
vn -0.7314 -0.3489 0.5860
vn 0.6445 0.3445 -0.6826
vn 0.6514 0.3454 -0.6756
vn 0.7154 0.3525 -0.6034
vn 0.2064 -0.9151 -0.3464
vn 0.1929 -0.9148 -0.3548
vn 0.2347 -0.9150 -0.3282
vn 0.7587 0.3835 -0.5266
vn 0.3942 -0.0575 0.9172
vn 0.2918 -0.9155 -0.2770
vn -0.2915 0.9154 0.2775
vn -0.7554 -0.3838 0.5311
vn -0.9475 -0.2973 0.1179
vn -0.9538 -0.2859 0.0925
vn -0.8669 -0.4053 0.2901
vn -0.8893 -0.3777 0.2579
vn -0.2600 0.9440 0.2032
vn -0.2583 0.9499 0.1757
vn 0.2577 -0.9500 -0.1762
vn 0.2594 -0.9433 -0.2072
vn 0.9474 0.2972 -0.1184
vn 0.9536 0.2862 -0.0935
vn -0.1935 0.8371 0.5117
vn -0.0088 0.7268 0.6868
vn -0.0345 0.7383 0.6736
vn -0.2021 0.8442 0.4964
vn 0.8905 0.3767 -0.2550
vn 0.8697 0.4037 -0.2841
vn 0.1953 -0.8406 -0.5052
vn 0.1872 -0.8342 -0.5187
vn 0.1802 0.5885 0.7881
vn 0.1791 0.5897 0.7875
vn -0.6545 -0.5602 0.5078
vn -0.7125 -0.5297 0.4602
vn 0.7170 0.5288 -0.4541
vn 0.6584 0.5596 -0.5034
vn 0.0258 -0.7333 -0.6795
vn 0.0021 -0.7229 -0.6910
vn 0.3598 0.7115 -0.6036
vn 0.0023 0.8691 -0.4946
vn -0.0565 0.8891 -0.4542
vn 0.2678 0.7596 -0.5926
vn -0.2660 -0.7602 0.5927
vn -0.3606 -0.7105 0.6043
vn -0.1864 -0.5867 -0.7881
vn -0.1848 -0.5882 -0.7873
vn -0.1947 0.9148 -0.3539
vn -0.2376 0.9150 -0.3262
vn -0.2089 0.9151 -0.3448
vn -0.4422 -0.4112 -0.7971
vn -0.4392 -0.4127 -0.7980
vn 0.4312 0.4144 0.8015
vn 0.4319 0.4140 0.8013
vn 0.0560 -0.8892 0.4540
vn -0.0034 -0.8690 0.4948
vn -0.7351 0.0574 0.6755
vn -0.7351 0.0575 0.6755
vn -0.6648 -0.3427 -0.6638
vn -0.7314 -0.3489 -0.5860
vn -0.6576 -0.3418 -0.6714
vn 0.6445 0.3445 0.6826
vn 0.7154 0.3525 0.6033
vn 0.6514 0.3454 0.6756
vn 0.2064 -0.9151 0.3464
vn 0.2347 -0.9150 0.3282
vn 0.1929 -0.9148 0.3548
vn 0.7587 0.3835 0.5266
vn 0.3942 -0.0575 -0.9172
vn 0.2918 -0.9155 0.2770
vn -0.2915 0.9154 -0.2775
vn -0.7554 -0.3838 -0.5311
vn -0.0000 -0.7461 0.6658
vn -0.0004 -0.7698 -0.6383
vn 0.2946 -0.7112 -0.6383
vn 0.2855 -0.6893 0.6658
vn 0.5443 -0.5443 -0.6383
vn 0.5276 -0.5275 0.6658
vn 0.7112 -0.2946 -0.6383
vn 0.6893 -0.2855 0.6658
vn 0.7698 0.0001 -0.6383
vn 0.7461 -0.0000 0.6658
vn 0.7112 0.2946 -0.6383
vn 0.6893 0.2855 0.6658
vn 0.5443 0.5443 -0.6383
vn 0.5275 0.5276 0.6658
vn 0.2946 0.7112 -0.6383
vn 0.2855 0.6893 0.6658
vn -0.0000 0.7698 -0.6383
vn -0.0000 0.7461 0.6658
vn -0.2946 0.7112 -0.6383
vn -0.2855 0.6893 0.6658
vn -0.5443 0.5443 -0.6383
vn -0.5276 0.5275 0.6658
vn -0.7112 0.2946 -0.6383
vn -0.6894 0.2854 0.6658
vn -0.7698 -0.0001 -0.6383
vn -0.7461 -0.0000 0.6658
vn -0.7111 -0.2947 -0.6383
vn -0.6892 -0.2857 0.6658
vn -0.5442 -0.5444 -0.6383
vn -0.5275 -0.5276 0.6658
vn -0.7554 -0.0004 -0.6553
vn -0.6979 0.2891 -0.6552
vn -0.1920 0.0796 -0.9782
vn -0.2078 -0.0000 -0.9782
vn -0.2945 -0.7112 -0.6383
vn -0.2855 -0.6893 0.6658
vn -0.0000 -0.0197 -0.9998
vn 0.0076 -0.0181 -0.9998
vn 0.0139 -0.0139 -0.9998
vn 0.0181 -0.0076 -0.9998
vn 0.0197 -0.0000 -0.9998
vn 0.0181 0.0075 -0.9998
vn 0.0139 0.0139 -0.9998
vn 0.0075 0.0182 -0.9998
vn -0.0000 0.0197 -0.9998
vn -0.0075 0.0181 -0.9998
vn -0.0140 0.0140 -0.9998
vn -0.0182 0.0075 -0.9998
vn -0.0197 -0.0000 -0.9998
vn -0.0182 -0.0075 -0.9998
vn -0.0139 -0.0139 -0.9998
vn -0.0076 -0.0181 -0.9998
vn -0.0796 0.1920 -0.9782
vn -0.0000 0.2078 -0.9782
vn 0.0795 0.1920 -0.9782
vn 0.1469 0.1469 -0.9782
vn 0.1920 0.0796 -0.9782
vn 0.2078 -0.0000 -0.9782
vn 0.1920 -0.0795 -0.9782
vn 0.1469 -0.1469 -0.9782
vn 0.0796 -0.1920 -0.9782
vn -0.0000 -0.2078 -0.9782
vn -0.0795 -0.1920 -0.9782
vn -0.1469 -0.1469 -0.9782
vn -0.1920 -0.0796 -0.9782
vn -0.1469 0.1469 -0.9782
vn 0.7554 0.0004 -0.6552
vn 0.6979 -0.2890 -0.6553
vn -0.6978 -0.2894 -0.6552
vn 0.6978 0.2894 -0.6552
vn -0.5339 -0.5344 -0.6553
vn 0.5339 0.5345 -0.6552
vn -0.2887 -0.6981 -0.6553
vn 0.2887 0.6981 -0.6552
vn 0.0004 -0.7554 -0.6553
vn -0.2894 0.6978 -0.6552
vn -0.0000 0.7554 -0.6553
vn 0.2894 -0.6978 -0.6553
vn -0.5345 0.5339 -0.6552
vn 0.5344 -0.5339 -0.6553
vn -0.0000 -0.7461 -0.6659
vn 0.2855 -0.6893 -0.6659
vn 0.2946 -0.7112 0.6383
vn -0.0005 -0.7698 0.6382
vn 0.5276 -0.5274 -0.6659
vn 0.5443 -0.5443 0.6383
vn 0.6893 -0.2855 -0.6659
vn 0.7112 -0.2946 0.6383
vn 0.7461 -0.0000 -0.6659
vn 0.7698 -0.0000 0.6382
vn 0.6893 0.2855 -0.6659
vn 0.7112 0.2946 0.6383
vn 0.5275 0.5276 -0.6659
vn 0.5443 0.5443 0.6383
vn 0.2855 0.6893 -0.6659
vn 0.2946 0.7112 0.6383
vn -0.0000 0.7461 -0.6659
vn -0.0000 0.7698 0.6382
vn -0.2856 0.6892 -0.6659
vn -0.2946 0.7112 0.6383
vn -0.5276 0.5275 -0.6659
vn -0.5443 0.5443 0.6383
vn -0.6893 0.2855 -0.6659
vn -0.7112 0.2946 0.6383
vn -0.7461 -0.0000 -0.6659
vn -0.7698 -0.0001 0.6382
vn -0.6893 -0.2855 -0.6659
vn -0.7112 -0.2946 0.6383
vn -0.5275 -0.5276 -0.6659
vn -0.5443 -0.5444 0.6383
vn -0.7554 -0.0004 0.6552
vn -0.2077 -0.0000 0.9782
vn -0.1919 0.0795 0.9782
vn -0.6980 0.2891 0.6552
vn -0.2855 -0.6893 -0.6659
vn -0.2946 -0.7112 0.6383
vn -0.0000 -0.0197 0.9998
vn 0.0076 -0.0181 0.9998
vn 0.0139 -0.0139 0.9998
vn 0.0181 -0.0076 0.9998
vn 0.0197 -0.0000 0.9998
vn 0.0181 0.0075 0.9998
vn 0.0139 0.0139 0.9998
vn 0.0075 0.0182 0.9998
vn -0.0000 0.0197 0.9998
vn -0.0075 0.0181 0.9998
vn -0.0140 0.0140 0.9998
vn -0.0182 0.0075 0.9998
vn -0.0197 -0.0000 0.9998
vn -0.0182 -0.0075 0.9998
vn -0.0139 -0.0139 0.9998
vn -0.0076 -0.0181 0.9998
vn -0.0796 0.1919 0.9782
vn -0.1469 0.1469 0.9782
vn -0.1919 -0.0796 0.9782
vn -0.1469 -0.1469 0.9782
vn -0.0795 -0.1919 0.9782
vn -0.0000 -0.2077 0.9782
vn 0.0795 -0.1920 0.9782
vn 0.1469 -0.1468 0.9782
vn 0.1919 -0.0795 0.9782
vn 0.2077 0.0001 0.9782
vn 0.1920 0.0795 0.9782
vn 0.1469 0.1469 0.9782
vn 0.0794 0.1920 0.9782
vn -0.0000 0.2077 0.9782
vn 0.7555 0.0004 0.6552
vn 0.6980 -0.2890 0.6552
vn -0.6978 -0.2895 0.6552
vn 0.6978 0.2895 0.6552
vn -0.5339 -0.5345 0.6552
vn 0.5339 0.5345 0.6552
vn -0.2887 -0.6981 0.6552
vn 0.2887 0.6981 0.6552
vn 0.0004 -0.7554 0.6552
vn -0.2895 0.6978 0.6552
vn -0.0000 0.7554 0.6552
vn 0.2894 -0.6978 0.6552
vn -0.5345 0.5339 0.6552
vn 0.5345 -0.5339 0.6552
vn 0.0572 0.9770 -0.2053
vn 0.3061 0.9288 -0.2091
vn 0.2969 0.7655 -0.5708
vn 0.0836 0.7630 -0.6410
vn -0.1065 0.9681 -0.2267
vn -0.0533 0.9953 0.0802
vn 0.0338 0.9811 0.1903
vn 0.3340 0.4828 -0.8096
vn 0.1575 0.4496 -0.8792
vn 0.2456 0.1250 -0.9613
vn 0.2796 0.1577 -0.9471
vn 0.2030 0.0210 -0.9789
vn -0.0140 0.9999 -0.0000
vn 0.0215 0.9998 -0.0000
vn -0.3246 0.9421 -0.0839
vn -0.2900 0.9570 -0.0000
vn -0.3457 0.8928 -0.2886
vn -0.0851 0.7567 -0.6482
vn -0.2971 0.7066 -0.6423
vn -0.2795 0.4257 -0.8606
vn -0.0005 0.4744 -0.8803
vn -0.3417 0.1363 -0.9299
vn 0.0652 0.1297 -0.9894
vn -0.4965 0.3529 -0.7930
vn -0.4698 0.6196 -0.6288
vn -0.5150 0.8074 -0.2881
vn -0.5842 0.8024 -0.1219
vn -0.5638 0.1072 -0.8189
vn -0.5900 0.8074 -0.0000
vn -0.8190 0.2187 -0.5306
vn -0.7352 0.4786 -0.4800
vn -0.6815 0.6888 -0.2471
vn -0.7704 0.6179 -0.1572
vn -0.8418 0.0393 -0.5384
vn -0.7453 0.6667 -0.0000
vn -0.9587 0.1316 -0.2522
vn -0.9703 -0.0148 -0.2414
vn -0.9999 -0.0100 -0.0000
vn -0.9945 0.1050 -0.0000
vn -0.8952 0.3830 -0.2277
vn -0.9253 0.3793 -0.0000
vn -0.5593 -0.0363 -0.8282
vn -0.6623 -0.0422 -0.7480
vn -0.4704 -0.0311 -0.8819
vn -0.9703 -0.0225 -0.2408
vn -0.9694 -0.0126 -0.2453
vn -0.9999 -0.0130 -0.0000
vn -0.1792 -0.0526 -0.9824
vn 0.2513 0.9545 0.1607
vn 0.2500 0.9682 -0.0000
vn 0.3285 -0.0137 -0.9444
vn 0.4516 0.8922 -0.0000
vn 0.4700 0.8755 0.1127
vn 0.5122 0.7434 -0.4302
vn 0.5152 0.4354 -0.7382
vn 0.5130 0.8331 -0.2067
vn 0.4909 0.2288 -0.8407
vn 0.0572 0.9770 0.2053
vn 0.0836 0.7630 0.6410
vn 0.2969 0.7655 0.5708
vn 0.3061 0.9288 0.2091
vn 0.0338 0.9811 -0.1903
vn -0.0533 0.9953 -0.0802
vn -0.1065 0.9681 0.2267
vn 0.1451 0.4355 0.8884
vn 0.3307 0.4802 0.8124
vn 0.2182 0.1087 0.9698
vn 0.1900 -0.0126 0.9817
vn 0.2679 0.1358 0.9538
vn -0.3246 0.9421 0.0839
vn -0.3457 0.8928 0.2886
vn -0.2971 0.7066 0.6423
vn -0.0851 0.7567 0.6482
vn -0.2536 0.4090 0.8766
vn 0.0028 0.4493 0.8934
vn -0.3084 0.1361 0.9415
vn 0.0830 0.1204 0.9892
vn -0.4698 0.6196 0.6288
vn -0.4965 0.3529 0.7930
vn -0.5842 0.8024 0.1219
vn -0.5150 0.8074 0.2881
vn -0.5638 0.1072 0.8189
vn -0.7352 0.4786 0.4800
vn -0.8190 0.2187 0.5306
vn -0.7704 0.6179 0.1572
vn -0.6815 0.6888 0.2471
vn -0.8418 0.0393 0.5384
vn -0.9587 0.1316 0.2522
vn -0.9703 -0.0148 0.2414
vn -0.8952 0.3830 0.2277
vn -0.6623 -0.0422 0.7480
vn -0.5593 -0.0363 0.8282
vn -0.4704 -0.0311 0.8819
vn -0.9703 -0.0225 0.2408
vn -0.9694 -0.0126 0.2453
vn -0.1063 -0.0032 0.9943
vn 0.2513 0.9545 -0.1607
vn 0.2894 0.0129 0.9571
vn 0.4700 0.8755 -0.1126
vn 0.5152 0.4354 0.7382
vn 0.5122 0.7434 0.4302
vn 0.5130 0.8331 0.2067
vn 0.4909 0.2288 0.8407
vn -0.4470 0.8594 -0.2481
vn -0.1241 0.9452 -0.3019
vn -0.1573 0.7353 -0.6592
vn -0.5216 0.6351 -0.5698
vn -0.4348 0.9005 -0.0000
vn -0.1133 0.9936 -0.0000
vn -0.2013 0.4659 -0.8616
vn -0.5505 0.3276 -0.7679
vn -0.5935 0.0085 -0.8048
vn -0.2994 -0.0136 -0.9540
vn -0.4150 0.0671 -0.9073
vn -0.5740 0.0401 -0.8179
vn -0.2412 0.1953 -0.9506
vn -0.6002 0.1530 -0.7851
vn -0.8329 0.2260 -0.5052
vn -0.7931 0.4297 -0.4317
vn -0.7339 0.6460 -0.2101
vn -0.7630 0.6465 -0.0000
vn -0.8919 0.0157 -0.4519
vn -0.8838 0.0255 -0.4671
vn -0.8544 0.1164 -0.5064
vn -0.9055 0.4243 -0.0000
vn -0.9773 0.2118 -0.0000
vn -0.9958 0.0915 -0.0000
vn -0.9998 0.0191 -0.0000
vn -0.9998 0.0209 -0.0000
vn -0.9843 0.0870 -0.1536
vn -0.9961 0.0880 -0.0000
vn -0.3957 0.1538 -0.9054
vn 0.0002 0.7551 -0.6556
vn 0.0003 0.5025 -0.8646
vn -0.0000 1.0000 -0.0000
vn -0.0000 0.9544 -0.2985
vn -0.0101 0.2008 -0.9796
vn -0.0201 -0.0066 -0.9998
vn -0.7260 0.0443 -0.6862
vn -0.4470 0.8594 0.2481
vn -0.5216 0.6351 0.5698
vn -0.1573 0.7353 0.6592
vn -0.1241 0.9452 0.3019
vn -0.5505 0.3276 0.7679
vn -0.2013 0.4659 0.8616
vn -0.5935 0.0085 0.8048
vn -0.5740 0.0401 0.8179
vn -0.4150 0.0671 0.9073
vn -0.2994 -0.0136 0.9540
vn -0.6002 0.1530 0.7851
vn -0.2412 0.1953 0.9506
vn -0.7931 0.4297 0.4317
vn -0.8329 0.2260 0.5052
vn -0.7339 0.6460 0.2101
vn -0.8838 0.0255 0.4671
vn -0.8919 0.0157 0.4519
vn -0.8544 0.1164 0.5064
vn -0.9843 0.0870 0.1536
vn -0.3957 0.1538 0.9054
vn 0.0003 0.5025 0.8646
vn 0.0002 0.7551 0.6556
vn -0.0000 0.9544 0.2985
vn -0.0101 0.2008 0.9796
vn -0.0201 -0.0066 0.9998
vn -0.7261 0.0443 0.6862
vn 0.3004 0.1044 -0.9481
vn 0.5159 0.1288 -0.8469
vn 0.5602 0.2199 -0.7986
vn 0.2320 0.0283 -0.9723
vn 0.4452 0.0343 -0.8948
vn 0.0505 0.0981 -0.9939
vn 0.0032 0.0188 -0.9998
vn 0.1493 0.2750 -0.9498
vn 0.2161 0.0723 -0.9737
vn 0.0016 0.0356 -0.9994
vn 0.4083 0.0724 -0.9100
vn 0.0047 0.2583 -0.9661
vn 0.1117 0.1620 -0.9805
vn 0.3796 0.2454 -0.8920
vn 0.0082 0.4545 -0.8907
vn 0.1903 0.4538 -0.8705
vn 0.3542 0.4395 -0.8255
vn 0.2878 0.0981 0.9526
vn 0.5602 0.2199 0.7986
vn 0.5199 0.1365 0.8433
vn 0.2141 0.0275 0.9764
vn 0.4460 0.0340 0.8944
vn 0.0032 0.0189 0.9998
vn 0.0570 0.1098 0.9923
vn 0.1493 0.2750 0.9498
vn 0.2055 0.0715 0.9760
vn 0.0016 0.0354 0.9994
vn 0.4082 0.0725 0.9100
vn 0.0973 0.1649 0.9815
vn 0.0042 0.2315 0.9728
vn 0.3786 0.2563 0.8894
vn 0.2168 0.4524 0.8651
vn 0.0082 0.4545 0.8907
vn 0.3542 0.4395 0.8255
vn 0.3846 0.8304 -0.4032
vn 0.6101 0.4881 -0.6242
vn 0.6328 0.5390 -0.5559
vn 0.2499 0.4359 -0.8646
vn -0.0490 0.6198 -0.7832
vn 0.0145 0.8482 -0.5294
vn -0.1844 0.5368 -0.8233
vn -0.0649 0.9017 -0.4275
vn 0.3239 0.2907 -0.9003
vn -0.2337 0.6059 -0.7605
vn -0.2216 0.8672 -0.4459
vn 0.4600 0.8574 -0.2309
vn 0.4222 0.8535 -0.3053
vn 0.6513 0.4416 -0.6171
vn 0.6686 0.4900 -0.5593
vn 0.1587 0.2876 -0.9445
vn -0.1357 -0.5570 0.8193
vn -0.2431 -0.7975 0.5522
vn 0.0162 -0.6837 0.7296
vn -0.0041 -0.7539 0.6570
vn -0.3946 -0.5516 0.7349
vn -0.4284 -0.6803 0.5947
vn -0.4207 -0.4439 0.7912
vn -0.5140 -0.7116 0.4790
vn -0.5858 -0.6073 0.5368
vn -0.1534 -0.8664 0.4753
vn -0.0452 -0.4471 0.8933
vn -0.5875 -0.4308 0.6850
vn 0.0728 -0.7629 0.6424
vn -0.0859 -0.4751 0.8757
vn -0.3122 -0.8662 0.3903
vn 0.0731 -0.7028 0.7077
vn 0.9676 0.0322 -0.2504
vn 0.9119 -0.2595 -0.3179
vn -0.5551 0.8245 0.1099
vn -0.5032 0.8627 0.0495
vn 0.9895 0.1115 0.0915
vn 0.9406 -0.0192 -0.3390
vn -0.7234 0.1582 0.6720
vn -0.7166 0.2453 0.6529
vn -0.6957 0.2514 -0.6729
vn -0.7502 0.1607 -0.6414
vn 0.4928 0.7966 0.3502
vn 0.0765 -0.3296 -0.9410
vn 0.1016 -0.3943 -0.9134
vn 0.1963 -0.3374 -0.9207
vn 0.5059 0.7775 0.3734
vn 0.6659 -0.6753 0.3171
vn -0.1533 -0.9462 -0.2850
vn -0.4568 0.8849 0.0910
vn 0.7210 -0.3683 0.5870
vn -0.9155 -0.4021 -0.0146
vn -0.8914 -0.4525 0.0270
vn -0.6756 0.1482 -0.7222
vn 0.2644 0.1733 0.9487
vn 0.2769 0.0567 0.9592
vn -0.8843 -0.4593 -0.0846
vn -0.6770 0.2377 0.6965
vn -0.1628 -0.9705 -0.1780
vn 0.5197 0.7360 0.4338
vn -0.0624 -0.9664 -0.2495
vn 0.2585 0.1453 0.9550
vn 0.6141 -0.7541 0.2330
vn 0.7109 -0.5851 0.3902
vn 0.9943 -0.0025 -0.1066
vn 0.9744 -0.0022 -0.2247
vn 0.9762 -0.0022 -0.2167
vn 0.9309 0.0040 -0.3652
vn 0.9311 0.0039 -0.3648
vn 0.9178 0.0098 -0.3969
vn 0.9943 -0.0025 0.1066
vn 0.9674 0.0206 0.2525
vn 0.9820 -0.0231 0.1874
vn 0.9309 0.0040 0.3652
vn 0.9178 0.0098 0.3969
vn 0.9311 0.0039 0.3648
vn 0.9911 -0.0063 -0.1332
vn 0.9918 -0.0048 -0.1278
vn 0.9991 0.0018 -0.0425
vn 0.9982 0.0030 -0.0592
vn 0.9840 0.0377 -0.1743
vn 0.9803 0.0220 -0.1962
vn 0.9125 0.0158 -0.4089
vn 0.9151 0.0357 -0.4017
vn 0.9125 -0.0210 -0.4086
vn 0.9198 -0.0899 -0.3820
vn 0.9221 -0.1289 -0.3649
vn 0.8964 -0.0251 -0.4425
vn 0.8475 0.0950 -0.5223
vn 0.9908 -0.0120 -0.1346
vn 0.9999 -0.0000 -0.0163
vn 0.9873 -0.0000 -0.1588
vn 0.9164 -0.0000 -0.4003
vn 0.9931 -0.0000 -0.1171
vn 0.9911 -0.0063 0.1332
vn 0.9982 0.0030 0.0592
vn 0.9991 0.0018 0.0425
vn 0.9918 -0.0048 0.1278
vn 0.9840 0.0377 0.1743
vn 0.9151 0.0357 0.4017
vn 0.9125 0.0158 0.4089
vn 0.9803 0.0220 0.1962
vn 0.9125 -0.0210 0.4086
vn 0.8964 -0.0251 0.4425
vn 0.9221 -0.1289 0.3649
vn 0.9198 -0.0899 0.3820
vn 0.8475 0.0950 0.5223
vn 0.9908 -0.0120 0.1346
vn 0.9873 -0.0000 0.1588
vn 0.9999 -0.0000 0.0163
vn 0.9164 -0.0000 0.4003
vn 0.9931 -0.0000 0.1171
vn 0.2787 0.2288 -0.9327
vn 0.4196 0.3880 -0.8206
vn 0.4045 0.3740 -0.8345
vn 0.2806 0.2316 -0.9314
vn 0.2224 0.1479 -0.9637
vn 0.4831 0.4470 -0.7529
vn 0.9811 0.0069 -0.1932
vn 0.8672 -0.3995 -0.2973
vn 0.6349 -0.3040 -0.7102
vn 0.7356 0.0215 -0.6771
vn 0.1994 -0.7785 -0.5952
vn 0.3314 -0.8922 -0.3069
vn -0.0345 -0.9597 -0.2789
vn -0.0522 -0.8984 -0.4360
vn -0.5994 -0.4537 -0.6594
vn 0.0418 -0.6285 -0.7767
vn -0.0665 -0.8452 -0.5302
vn -0.6796 -0.6083 -0.4101
vn -0.6339 -0.6647 -0.3955
vn -0.6870 -0.6143 -0.3882
vn -0.6706 -0.6865 -0.2813
vn -0.0220 -0.9998 -0.0000
vn -0.2370 -0.9715 -0.0000
vn -0.5637 -0.7479 -0.3507
vn 0.2459 -0.2169 -0.9447
vn 0.2735 0.0301 -0.9614
vn 1.0000 -0.0000 -0.0000
vn 0.8926 -0.4508 -0.0000
vn -0.5859 -0.1251 -0.8007
vn -0.6334 0.0233 -0.7735
vn 0.3237 -0.9461 -0.0000
vn -1.0000 -0.0001 -0.0000
vn -1.0000 0.0018 -0.0000
vn -0.9776 -0.2103 -0.0000
vn -1.0000 -0.0033 -0.0000
vn -0.9754 -0.2202 -0.0000
vn -0.9952 -0.0978 -0.0000
vn -0.9795 -0.2015 -0.0000
vn -0.7836 -0.6212 -0.0000
vn 0.9811 0.0069 0.1932
vn 0.7356 0.0215 0.6771
vn 0.6349 -0.3040 0.7102
vn 0.8672 -0.3995 0.2973
vn 0.1994 -0.7785 0.5952
vn -0.0522 -0.8984 0.4360
vn -0.0345 -0.9597 0.2789
vn 0.3314 -0.8922 0.3069
vn -0.5994 -0.4537 0.6594
vn -0.6796 -0.6083 0.4101
vn -0.0665 -0.8452 0.5302
vn 0.0418 -0.6285 0.7767
vn -0.6870 -0.6143 0.3882
vn -0.6339 -0.6647 0.3955
vn -0.6706 -0.6865 0.2813
vn -0.5637 -0.7479 0.3507
vn 0.2735 0.0301 0.9614
vn 0.2459 -0.2169 0.9447
vn -0.6334 0.0233 0.7735
vn -0.5859 -0.1251 0.8007
vn 0.2242 0.0069 0.9745
vn 0.3500 0.1481 -0.9250
vn 0.4459 -0.1005 -0.8894
vn 0.4414 -0.0878 -0.8930
vn 0.3479 0.1516 -0.9252
vn 0.3729 0.1090 -0.9214
vn 0.5210 -0.3731 -0.7677
vn 0.3500 0.1481 0.9250
vn 0.3479 0.1516 0.9252
vn 0.4414 -0.0878 0.8930
vn 0.4459 -0.1005 0.8894
vn 0.3729 0.1090 0.9214
vn 0.5210 -0.3731 0.7677
vn 0.7648 0.5200 -0.3804
vn 0.7421 0.5361 -0.4024
vn 0.6940 0.4996 -0.5185
vn 0.7152 0.4883 -0.5000
vn -0.1517 0.5592 -0.8150
vn -0.8931 0.3296 -0.3061
vn -0.8889 0.3316 -0.3161
vn -0.8945 0.3289 -0.3027
vn -0.4419 0.3757 0.8146
vn -0.4635 0.3772 0.8018
vn -0.4395 0.3755 0.8160
vn 0.5549 0.5628 0.6126
vn 0.5298 0.5677 0.6301
vn 0.5490 0.5640 0.6169
vn 0.8497 0.5147 -0.1145
vn 0.8312 0.5413 -0.1268
vn 0.7454 0.6641 0.0571
vn 0.8297 0.5547 -0.0633
vn 0.7848 0.5053 -0.3588
vn 0.8163 0.5290 -0.2318
vn 0.7949 0.5474 -0.2617
vn 0.3656 -0.5499 0.7509
vn 0.3895 -0.5359 0.7491
vn 0.3633 -0.5512 0.7511
vn 0.3378 -0.5656 0.7523
vn 0.7759 0.5621 -0.2865
vn 0.8646 0.4916 -0.1039
vn 0.8712 0.4752 -0.1232
vn 0.5804 0.5571 0.5939
vn -0.4071 0.3728 0.8339
vn -0.9013 0.3255 -0.2860
vn 0.7406 0.4736 -0.4766
vn 0.6600 0.7282 0.1846
vn 0.8767 0.4600 -0.1407
vn 0.9269 -0.2169 0.3063
vn 0.9288 -0.2603 0.2638
vn 0.7527 0.2194 -0.6208
vn 0.7677 0.2179 -0.6027
vn -0.1572 0.4332 -0.8875
vn -0.0815 0.3979 -0.9138
vn -0.8536 0.2939 -0.4302
vn -0.8377 0.2536 -0.4837
vn -0.9286 -0.0704 0.3644
vn -0.9664 -0.0868 0.2421
vn -0.2930 -0.4086 0.8644
vn -0.2765 -0.4094 0.8694
vn 0.3748 -0.4228 0.8251
vn 0.3384 -0.4905 0.8031
vn -0.1759 0.5068 -0.8439
vn -0.8624 0.2732 -0.4262
vn -0.3112 -0.5428 0.7801
vn 0.3322 -0.5782 0.7452
vn 0.9107 -0.2942 0.2900
vn 0.7632 0.2905 -0.5772
vn -0.9268 -0.2349 0.2929
vn -0.3178 -0.6850 0.6556
vn 0.3303 -0.6881 0.6461
vn -0.8594 0.2735 -0.4319
vn -0.9681 -0.2228 0.1148
vn 0.7314 0.3517 -0.5843
vn -0.2564 0.5448 -0.7984
vn 0.9384 -0.2993 0.1728
vn -0.0781 0.6373 -0.7666
vn 0.6230 0.3771 -0.6853
vn -0.8714 -0.4653 -0.1556
vn -0.9586 -0.1191 -0.2586
vn 0.8059 -0.1293 -0.5777
vn -0.7987 0.3152 -0.5126
vn 0.0578 -0.9868 -0.1515
vn 0.6035 0.4985 -0.6223
vn 0.5703 0.0320 -0.8208
vn -0.9401 0.0760 -0.3323
vn -0.8291 0.4006 -0.3901
vn -0.0670 0.8002 -0.5960
vn -0.8712 -0.2114 -0.4431
vn -0.9837 0.1082 -0.1436
vn -0.9764 -0.1347 -0.1688
vn -0.9941 -0.1089 -0.0000
vn -0.9943 0.1064 -0.0000
vn -0.8745 -0.0841 -0.4777
vn -0.9892 -0.0196 -0.1451
vn -1.0000 -0.0022 -0.0000
vn -0.5491 -0.1744 -0.8173
vn -0.8920 0.4521 -0.0000
vn -0.8865 0.4493 -0.1109
vn -0.8655 0.4388 -0.2417
vn -0.8600 0.4361 -0.2650
vn -0.0005 -0.2271 -0.9739
vn -0.2577 -0.2286 -0.9388
vn 0.4497 -0.1763 -0.8756
vn 0.7716 0.1534 -0.6174
vn 0.7925 -0.1024 -0.6012
vn 0.6432 0.5424 -0.5404
vn 0.9607 -0.0370 -0.2749
vn 0.9290 0.2329 -0.2876
vn 0.9685 0.2488 -0.0000
vn 0.9995 -0.0328 -0.0000
vn 0.7140 0.6557 -0.2453
vn 0.7362 0.6768 -0.0000
vn 0.5583 0.8007 -0.2173
vn 0.5631 0.8264 -0.0000
vn 0.9269 -0.2169 -0.3063
vn 0.7677 0.2179 0.6027
vn 0.7527 0.2194 0.6208
vn 0.9288 -0.2603 -0.2638
vn -0.0815 0.3979 0.9138
vn -0.1572 0.4332 0.8875
vn -0.8377 0.2536 0.4837
vn -0.8536 0.2939 0.4302
vn -0.9664 -0.0868 -0.2421
vn -0.9286 -0.0704 -0.3644
vn -0.2766 -0.4094 -0.8694
vn -0.2930 -0.4086 -0.8644
vn 0.3748 -0.4228 -0.8251
vn 0.3384 -0.4905 -0.8031
vn -0.8533 0.2809 0.4393
vn -0.1697 0.4864 0.8571
vn 0.3281 -0.6191 -0.7135
vn -0.3028 -0.5795 -0.7566
vn 0.7555 0.2860 0.5895
vn 0.9043 -0.3240 -0.2781
vn -0.9204 -0.2628 -0.2894
vn 0.3270 -0.7578 -0.5647
vn -0.3098 -0.7504 -0.5839
vn -0.9713 -0.2238 -0.0807
vn -0.8593 0.2725 0.4328
vn -0.2559 0.5060 0.8237
vn 0.7439 0.3222 0.5855
vn 0.9398 -0.3203 -0.1191
vn 0.6230 0.3771 0.6853
vn -0.0781 0.6373 0.7666
vn -0.9586 -0.1191 0.2586
vn -0.8669 -0.4730 0.1574
vn 0.8043 -0.1359 0.5784
vn -0.7987 0.3152 0.5126
vn 0.0550 -0.9890 0.1374
vn 0.5702 0.0319 0.8209
vn 0.6035 0.4985 0.6223
vn -0.8291 0.4006 0.3901
vn -0.9401 0.0760 0.3323
vn -0.0670 0.8002 0.5960
vn -0.8722 -0.2103 0.4417
vn -0.9837 0.1082 0.1436
vn -0.9764 -0.1347 0.1688
vn -0.9892 -0.0196 0.1451
vn -0.8789 -0.0810 0.4701
vn -0.5438 -0.1802 0.8196
vn -0.8865 0.4493 0.1109
vn -0.8655 0.4388 0.2417
vn -0.8600 0.4361 0.2650
vn -0.2497 -0.2494 0.9357
vn -0.0057 -0.2417 0.9703
vn 0.4522 -0.1764 0.8743
vn 0.7925 -0.1024 0.6012
vn 0.7716 0.1534 0.6174
vn 0.6432 0.5424 0.5404
vn 0.9607 -0.0370 0.2749
vn 0.9290 0.2329 0.2876
vn 0.7140 0.6557 0.2453
vn 0.5583 0.8007 0.2173
vn 0.8605 0.5069 -0.0503
vn 0.5313 0.8068 -0.2583
vn 0.6231 0.7409 -0.2508
vn 0.6900 0.6752 -0.2609
vn 0.5749 0.7889 -0.2171
vn 0.0447 0.9758 -0.2141
vn 0.0417 0.9679 -0.2479
vn -0.6721 0.7071 -0.2200
vn -0.6218 0.7594 -0.1915
vn -0.5986 0.7840 -0.1642
vn 0.0153 0.9688 -0.2475
vn 0.5267 0.8222 -0.2157
vn 0.6558 0.7368 -0.1649
vn 0.6895 0.7242 -0.0146
vn 0.5453 0.8356 -0.0667
vn 0.5360 0.8442 -0.0000
vn 0.6819 0.7315 -0.0000
vn 0.0659 0.9919 -0.1089
vn -0.5760 0.8119 -0.0950
vn -0.5422 0.8403 -0.0000
vn 0.0849 0.9964 -0.0000
vn -0.8116 0.5809 -0.0618
vn -0.8157 0.5784 -0.0000
vn -0.8318 0.5359 -0.1446
vn -0.8083 0.5811 -0.0946
vn -0.8883 0.4150 -0.1966
vn 0.0280 0.9223 -0.3855
vn -0.6956 0.6262 -0.3522
vn -0.9232 0.2671 -0.2763
vn 0.5900 0.7446 -0.3123
vn 0.7758 0.5796 -0.2492
vn 0.5720 0.6949 -0.4358
vn 0.0273 0.8354 -0.5489
vn -0.6487 0.5868 -0.4846
vn 0.8000 0.5209 -0.2976
vn -0.9186 0.1984 -0.3418
vn 0.5313 0.8068 0.2583
vn 0.5749 0.7889 0.2171
vn 0.6900 0.6752 0.2609
vn 0.6231 0.7409 0.2508
vn 0.0417 0.9679 0.2479
vn 0.0447 0.9758 0.2141
vn -0.6254 0.7547 0.1983
vn -0.6795 0.7017 0.2144
vn 0.0153 0.9688 0.2475
vn -0.5986 0.7840 0.1642
vn 0.5267 0.8222 0.2157
vn 0.6557 0.7368 0.1649
vn 0.6895 0.7242 0.0146
vn 0.5452 0.8356 0.0667
vn 0.0659 0.9919 0.1089
vn -0.5760 0.8119 0.0950
vn -0.8116 0.5809 0.0618
vn -0.8083 0.5811 0.0946
vn -0.8360 0.5265 0.1546
vn -0.8982 0.3979 0.1868
vn -0.6997 0.6273 0.3420
vn 0.0280 0.9223 0.3855
vn -0.9280 0.2663 0.2608
vn 0.5900 0.7446 0.3123
vn 0.7758 0.5796 0.2492
vn 0.0273 0.8354 0.5489
vn 0.5720 0.6949 0.4358
vn -0.6453 0.5869 0.4891
vn 0.8001 0.5209 0.2976
vn -0.9137 0.2009 0.3533
vn 0.8860 -0.1333 0.4442
vn -0.0248 -0.5665 0.8237
vn 0.0912 -0.9106 0.4031
vn 0.8810 -0.4493 0.1482
vn -0.9399 -0.2556 0.2263
vn -0.8279 0.3204 -0.4603
vn -0.7291 -0.0959 -0.6776
vn -0.8070 -0.5889 0.0433
vn -0.1202 0.6607 -0.7409
vn 0.7826 0.5083 -0.3595
vn 0.7735 0.0399 -0.6325
vn -0.0541 0.3011 -0.9521
vn 0.7288 -0.0614 -0.6820
vn 0.7757 -0.6237 -0.0967
vn 0.8823 -0.1114 0.4573
vn 0.7806 0.5259 -0.3377
vn -0.6375 -0.1434 -0.7570
vn -0.0473 0.0588 -0.9971
vn -0.1212 0.7037 -0.7001
vn -0.8417 0.3294 -0.4279
vn 0.1423 -0.9665 0.2137
vn -0.5775 -0.7742 -0.2591
vn -0.9155 -0.2845 0.2844
vn 0.0039 -0.5888 0.8083
vn 0.8406 -0.5392 0.0523
vn 0.1039 -0.9489 0.2979
vn -0.7841 -0.6182 -0.0546
vn -0.6810 -0.1318 -0.7203
vn -0.0875 0.2363 -0.9677
vn 0.7283 -0.0593 -0.6827
vn 0.0312 -0.3590 0.9328
vn -0.8627 -0.0013 0.5056
vn -0.8223 0.5005 -0.2707
vn -0.1281 0.7960 -0.5915
vn 0.7862 0.5517 -0.2784
vn 0.8089 0.0434 0.5863
vn 0.6475 0.4150 0.6391
vn -0.0482 0.0927 0.9945
vn -0.7177 0.3753 0.5866
vn -0.7314 0.6694 -0.1303
vn -0.1229 0.9143 -0.3860
vn 0.6345 0.7660 -0.1027
vn 0.1155 -0.9261 0.3592
vn 0.7815 -0.6104 -0.1289
vn -0.6395 -0.1369 -0.7565
vn -0.6978 -0.6963 -0.1678
vn 0.6548 -0.1609 -0.7385
vn -0.0352 -0.0001 -0.9994
vn -0.7655 0.6434 -0.0041
vn -0.6988 0.1875 0.6903
vn 0.6098 0.7921 0.0271
vn -0.1849 0.9334 -0.3077
vn -0.0812 -0.0716 0.9941
vn 0.6097 0.2191 0.7617
vn -0.1139 0.9934 0.0092
vn -0.6075 0.7749 0.1744
vn 0.5024 0.4855 0.7154
vn 0.4897 0.8615 0.1343
vn -0.0611 0.0605 0.9963
vn -0.6108 0.4094 0.6777
vn -0.8259 0.0952 0.5557
vn 0.0181 -0.1975 0.9801
vn -0.0952 0.8407 -0.5330
vn -0.8259 0.4753 -0.3033
vn 0.7670 0.1651 0.6200
vn 0.7210 0.6722 -0.1681
vn 0.9617 0.2718 0.0362
vn 0.3998 0.7054 -0.5853
vn 0.4781 -0.3814 0.7912
vn -0.4958 0.3195 -0.8075
vn -0.9725 -0.0900 -0.2146
vn -0.4125 -0.1828 0.8924
vn 0.8860 -0.1333 -0.4442
vn 0.8810 -0.4493 -0.1482
vn 0.0912 -0.9106 -0.4031
vn -0.0248 -0.5665 -0.8237
vn -0.9399 -0.2556 -0.2263
vn -0.8070 -0.5889 -0.0433
vn -0.7291 -0.0959 0.6776
vn -0.8279 0.3204 0.4603
vn -0.1202 0.6607 0.7409
vn -0.0541 0.3011 0.9521
vn 0.7735 0.0399 0.6325
vn 0.7826 0.5083 0.3595
vn 0.7288 -0.0614 0.6820
vn 0.7806 0.5259 0.3377
vn 0.8823 -0.1114 -0.4573
vn 0.7757 -0.6237 0.0967
vn -0.6375 -0.1434 0.7570
vn -0.8417 0.3294 0.4279
vn -0.1212 0.7037 0.7001
vn -0.0473 0.0588 0.9971
vn 0.1423 -0.9665 -0.2137
vn 0.0039 -0.5888 -0.8083
vn -0.9155 -0.2845 -0.2844
vn -0.5775 -0.7742 0.2591
vn 0.8406 -0.5392 -0.0523
vn 0.1039 -0.9489 -0.2979
vn -0.7841 -0.6182 0.0546
vn -0.6810 -0.1318 0.7203
vn -0.0875 0.2363 0.9677
vn 0.7283 -0.0593 0.6827
vn -0.8627 -0.0013 -0.5056
vn 0.0312 -0.3590 -0.9328
vn -0.1281 0.7960 0.5915
vn -0.8223 0.5005 0.2707
vn 0.8089 0.0434 -0.5863
vn 0.7862 0.5517 0.2784
vn -0.0482 0.0927 -0.9945
vn 0.6475 0.4150 -0.6391
vn -0.7314 0.6694 0.1303
vn -0.7177 0.3753 -0.5866
vn 0.6345 0.7660 0.1027
vn -0.1229 0.9143 0.3860
vn 0.7815 -0.6104 0.1289
vn 0.1155 -0.9261 -0.3592
vn -0.6978 -0.6963 0.1678
vn -0.6395 -0.1369 0.7565
vn -0.0352 -0.0001 0.9994
vn 0.6548 -0.1609 0.7385
vn -0.6988 0.1875 -0.6903
vn -0.7655 0.6434 0.0041
vn -0.1849 0.9334 0.3077
vn 0.6098 0.7921 -0.0271
vn -0.0812 -0.0716 -0.9941
vn 0.6097 0.2191 -0.7617
vn -0.6075 0.7749 -0.1744
vn -0.1139 0.9934 -0.0092
vn 0.4897 0.8615 -0.1343
vn 0.5024 0.4855 -0.7154
vn -0.0611 0.0605 -0.9963
vn -0.6108 0.4094 -0.6777
vn 0.0181 -0.1975 -0.9801
vn -0.8259 0.0952 -0.5557
vn -0.8259 0.4753 0.3033
vn -0.0952 0.8407 0.5330
vn 0.7210 0.6722 0.1681
vn 0.7670 0.1651 -0.6200
vn 0.9617 0.2718 -0.0362
vn 0.3998 0.7054 0.5853
vn 0.4781 -0.3814 -0.7912
vn -0.4958 0.3195 0.8075
vn -0.9725 -0.0900 0.2146
vn -0.4125 -0.1828 -0.8924
vn -0.1065 0.7600 0.6412
vn -0.3695 0.7057 0.6046
vn -0.4027 0.8482 0.3441
vn -0.1011 0.9328 0.3460
vn -0.2175 0.7019 0.6782
vn -0.3025 0.8305 0.4677
vn 0.1338 0.7785 0.6132
vn 0.0343 0.9369 0.3479
vn 0.2498 0.9055 0.3429
vn 0.3972 0.7220 0.5665
vn -0.4093 0.6675 0.6220
vn -0.2498 0.6860 0.6833
vn 0.1143 0.7164 0.6883
vn -0.1786 0.6717 0.7190
vn 0.3780 0.7115 0.5924
vn -0.3863 0.9182 0.0877
vn -0.0612 0.9875 0.1452
vn 0.0426 0.9881 0.1475
vn 0.1615 0.9743 0.1573
vn -0.1611 0.8827 0.4414
vn 0.2076 0.9512 0.2281
vn 0.1984 0.8781 0.4354
vn 0.3437 0.6802 0.6475
vn 0.4112 0.6662 0.6222
vn -0.1735 0.7914 0.5862
vn -0.2900 0.8415 0.4558
vn -0.1994 0.7941 0.5741
vn -0.2159 0.7573 0.6163
vn 0.2216 0.5216 0.8239
vn 0.0202 0.6324 0.7744
vn -0.0429 0.6464 0.7618
vn 0.2136 0.5224 0.8255
vn 0.1702 0.9834 0.0628
vn 0.1455 0.9879 0.0537
vn 0.4428 0.8816 0.1633
vn 0.6201 0.7505 0.2287
vn 0.0315 0.7749 0.6313
vn -0.0502 0.8001 0.5977
vn -0.5191 0.8529 -0.0562
vn -0.5819 0.8121 -0.0431
vn -0.1443 0.8161 0.5596
vn -0.2005 0.7982 0.5681
vn -0.3159 0.9487 -0.0104
vn -0.3782 0.9088 -0.1763
vn -0.5946 0.5457 -0.5905
vn -0.5791 0.5471 -0.6044
vn -0.7387 0.6165 -0.2724
vn -0.7021 0.6634 -0.2589
vn -0.4882 0.6504 -0.5819
vn -0.3777 0.7678 -0.5175
vn -0.6570 0.7139 -0.2423
vn -0.7356 0.6207 -0.2713
vn 0.3353 0.7600 -0.5568
vn 0.1478 0.9328 -0.3288
vn -0.0829 0.8482 -0.5232
vn 0.1115 0.7057 -0.6997
vn 0.0735 0.8305 -0.5521
vn 0.2749 0.7019 -0.6571
vn 0.4999 0.7785 -0.3795
vn 0.2519 0.9369 -0.2423
vn 0.6699 0.7220 -0.1729
vn 0.4126 0.9055 -0.0986
vn 0.2536 0.6860 -0.6819
vn 0.0925 0.6675 -0.7389
vn 0.3309 0.6717 -0.6628
vn 0.5338 0.7164 -0.4493
vn 0.6721 0.7115 -0.2051
vn 0.0478 0.9875 -0.1502
vn -0.2369 0.9182 -0.3175
vn 0.2250 0.9743 -0.0148
vn 0.1282 0.9881 -0.0845
vn 0.1641 0.8827 -0.4403
vn 0.4336 0.8781 -0.2023
vn 0.3060 0.9512 -0.0387
vn 0.7167 0.6662 -0.2063
vn 0.6818 0.6802 -0.2693
vn 0.2486 0.7914 -0.5585
vn 0.2360 0.7573 -0.6089
vn 0.2210 0.7941 -0.5661
vn 0.0754 0.8415 -0.5350
vn 0.7035 0.5216 -0.4828
vn 0.6984 0.5224 -0.4892
vn 0.4619 0.6464 -0.6073
vn 0.5181 0.6324 -0.5759
vn 0.4338 0.7749 -0.4597
vn -0.4705 0.8121 -0.3450
vn -0.4313 0.8529 -0.2942
vn 0.3499 0.8001 -0.4872
vn 0.2536 0.8161 -0.5193
vn -0.4021 0.9088 -0.1115
vn -0.2470 0.9487 -0.1972
vn 0.2164 0.7982 -0.5622
vn -0.8356 0.5457 0.0631
vn -0.8329 0.5471 0.0837
vn -0.7491 0.6504 0.1256
vn -0.6232 0.7678 0.1484
vn 0.1117 0.7600 0.6403
vn -0.1485 0.7057 0.6928
vn -0.2661 0.8482 0.4580
vn 0.0191 0.9328 0.3600
vn 0.0192 0.7019 0.7120
vn -0.1307 0.8305 0.5414
vn 0.3292 0.7785 0.5344
vn 0.1475 0.9369 0.3169
vn 0.3492 0.9055 0.2409
vn 0.5623 0.7220 0.4030
vn -0.1803 0.6675 0.7225
vn -0.0095 0.6860 0.7275
vn 0.3357 0.7164 0.6116
vn 0.0694 0.6717 0.7376
vn 0.5528 0.7115 0.4338
vn -0.3355 0.9182 0.2106
vn -0.0096 0.9875 0.1573
vn 0.0890 0.9881 0.1251
vn 0.2045 0.9743 0.0949
vn -0.0059 0.8827 0.4699
vn 0.2714 0.9512 0.1465
vn 0.3313 0.8781 0.3452
vn 0.5387 0.6802 0.4972
vn 0.5940 0.6662 0.4510
vn 0.0303 0.7914 0.6106
vn -0.1227 0.8415 0.5261
vn 0.0018 0.7941 0.6077
vn 0.0003 0.7573 0.6530
vn 0.4818 0.5216 0.7041
vn 0.2754 0.6324 0.7240
vn 0.2117 0.6464 0.7330
vn 0.4749 0.5224 0.7083
vn 0.1813 0.9834 0.0029
vn 0.1550 0.9879 0.0025
vn 0.4719 0.8816 0.0075
vn 0.6608 0.7505 0.0105
vn 0.2387 0.7749 0.5853
vn 0.1505 0.8001 0.5807
vn -0.5084 0.8529 0.1188
vn -0.5634 0.8121 0.1520
vn 0.0491 0.8161 0.5758
vn -0.0011 0.7982 0.6024
vn -0.3015 0.9487 0.0947
vn -0.4152 0.9088 -0.0411
vn -0.7565 0.5457 -0.3604
vn -0.7466 0.5471 -0.3786
vn -0.7872 0.6165 -0.0125
vn -0.7482 0.6634 -0.0119
vn -0.6533 0.6504 -0.3875
vn -0.5277 0.7678 -0.3633
vn -0.7001 0.7139 -0.0111
vn -0.7840 0.6207 -0.0125
vn 0.1320 0.7600 -0.6364
vn 0.0306 0.9328 -0.3592
vn -0.2514 0.8482 -0.4662
vn -0.1264 0.7057 -0.6972
vn -0.1134 0.8305 -0.5453
vn 0.0419 0.7019 -0.7110
vn 0.3460 0.7785 -0.5236
vn 0.1575 0.9369 -0.3120
vn 0.5749 0.7220 -0.3849
vn 0.3567 0.9055 -0.2297
vn 0.0136 0.6860 -0.7274
vn -0.1573 0.6675 -0.7278
vn 0.0929 0.6717 -0.7350
vn 0.3550 0.7164 -0.6007
vn 0.5663 0.7115 -0.4160
vn -0.0046 0.9875 -0.1575
vn -0.3286 0.9182 -0.2212
vn 0.2074 0.9743 -0.0884
vn 0.0930 0.9881 -0.1222
vn 0.0091 0.8827 -0.4698
vn 0.3421 0.8781 -0.3344
vn 0.2760 0.9512 -0.1378
vn 0.6080 0.6662 -0.4319
vn 0.5542 0.6802 -0.4798
vn 0.0497 0.7914 -0.6093
vn 0.0211 0.7573 -0.6527
vn 0.0212 0.7941 -0.6074
vn -0.1059 0.8415 -0.5298
vn 0.5040 0.5216 -0.6884
vn 0.4971 0.5224 -0.6928
vn 0.2349 0.6464 -0.7259
vn 0.2983 0.6324 -0.7149
vn 0.2572 0.7749 -0.5774
vn -0.5582 0.8121 -0.1698
vn -0.5044 0.8529 -0.1349
vn 0.1689 0.8001 -0.5756
vn 0.0674 0.8161 -0.5740
vn -0.4163 0.9088 0.0279
vn -0.2983 0.9487 -0.1043
vn 0.0181 0.7982 -0.6022
vn -0.7676 0.5457 0.3362
vn -0.7582 0.5471 0.3547
vn -0.6653 0.6504 0.3665
vn -0.5390 0.7678 0.3463
vn 0.6613 0.1219 -0.7402
vn 0.7102 0.2811 -0.6455
vn 0.9863 0.0556 -0.1554
vn 0.9908 0.0564 -0.1228
vn -0.0802 0.0820 -0.9934
vn -0.0225 0.3171 -0.9481
vn -0.7892 -0.0862 -0.6080
vn -0.8208 0.0139 -0.5710
vn -0.9305 -0.2115 0.2992
vn -0.7723 -0.3170 -0.5505
vn 0.0173 0.4172 -0.9087
vn -0.8054 0.3443 -0.4825
vn -0.6865 0.4055 -0.6035
vn -0.0107 0.2517 -0.9677
vn -0.6835 0.7300 -0.0000
vn -0.7853 0.4249 -0.4503
vn 0.7073 0.2853 -0.6467
vn 0.6147 0.1637 -0.7716
vn 0.9689 0.0547 -0.2414
vn 0.9349 0.0386 -0.3528
vn 0.9896 -0.1438 -0.0000
vn 0.9962 -0.0494 -0.0719
vn 0.9561 -0.2850 -0.0684
vn 0.9210 -0.1618 0.3544
vn -0.9274 -0.0141 0.3739
vn -0.7316 -0.6737 0.1043
vn -0.5512 -0.6735 0.4925
vn -0.5128 -0.6329 0.5800
vn 0.3508 -0.0503 -0.9351
vn 0.5457 -0.5013 -0.6715
vn 0.4668 -0.6509 -0.5986
vn -0.0742 -0.6419 -0.7632
vn 0.9537 -0.0021 0.3007
vn 0.7603 -0.5173 0.3928
vn 0.6283 -0.6494 0.4283
vn 0.7759 -0.6115 -0.1547
vn -0.5084 -0.0649 -0.8587
vn -0.6278 -0.6633 -0.4073
vn 0.0421 -0.0266 0.9988
vn -0.0057 -0.5221 0.8529
vn -0.0579 -0.6695 0.7406
vn 0.3626 -0.6581 0.6599
vn 0.5822 -0.8130 -0.0000
vn 0.0847 -0.9964 -0.0000
vn 0.0026 -0.4155 0.9096
vn 0.4981 -0.3025 0.8126
vn -0.5233 -0.8522 -0.0000
vn -0.5299 -0.4806 0.6987
vn 0.7056 -0.0716 0.7050
vn 0.5075 -0.2001 0.8381
vn 0.7663 0.0299 0.6418
vn 0.7931 0.3668 0.4863
vn -0.1922 -0.0756 0.9784
vn -0.5896 -0.2697 0.7613
vn -0.4026 -0.0990 0.9100
vn -0.0450 0.2650 0.9632
vn -0.9658 -0.1879 -0.1786
vn -0.7982 -0.3212 -0.5097
vn -0.9675 -0.1250 -0.2196
vn -0.9015 0.4009 0.1628
vn 0.7784 -0.0286 -0.6271
vn 0.9825 -0.1639 -0.0889
vn 0.9056 -0.0054 -0.4241
vn 0.6036 0.3157 -0.7321
vn -0.0857 -0.2427 -0.9663
vn -0.4110 -0.0747 -0.9086
vn -0.7202 0.1505 -0.6772
vn -0.0494 0.0233 -0.9985
vn 0.5722 -0.0069 -0.8201
vn 0.9168 -0.0272 -0.3984
vn 0.9959 0.0908 -0.0000
vn -0.7353 0.6777 -0.0000
vn 0.6613 0.1219 0.7402
vn 0.9908 0.0564 0.1228
vn 0.9863 0.0556 0.1554
vn 0.7102 0.2811 0.6455
vn -0.0225 0.3171 0.9481
vn -0.0802 0.0820 0.9934
vn -0.8208 0.0139 0.5710
vn -0.7892 -0.0862 0.6080
vn -0.9304 -0.2117 -0.2993
vn 0.0173 0.4172 0.9087
vn -0.0107 0.2517 0.9677
vn -0.6865 0.4055 0.6035
vn -0.8054 0.3443 0.4825
vn 0.7073 0.2853 0.6467
vn 0.6147 0.1637 0.7716
vn 0.9689 0.0547 0.2414
vn 0.9349 0.0386 0.3528
vn 0.9210 -0.1620 -0.3544
vn -0.5842 -0.4926 -0.6450
vn -0.5128 -0.6330 -0.5800
vn -0.5512 -0.6735 -0.4925
vn -0.6623 -0.1212 -0.7394
vn -0.0804 -0.4935 0.8661
vn -0.0742 -0.6420 0.7631
vn 0.4668 -0.6510 0.5986
vn 0.1628 -0.0141 0.9866
vn 0.8755 -0.4566 0.1579
vn 0.7759 -0.6116 0.1547
vn 0.6283 -0.6494 -0.4283
vn 0.9994 -0.0078 0.0330
vn -0.7245 -0.5158 0.4572
vn -0.6278 -0.6633 0.4073
vn 0.4707 -0.5072 -0.7219
vn 0.3625 -0.6581 -0.6599
vn -0.0579 -0.6695 -0.7405
vn 0.4549 -0.0531 -0.8890
vn 0.4981 -0.3026 -0.8126
vn 0.0026 -0.4155 -0.9096
vn -0.5299 -0.4806 -0.6987
vn 0.7078 0.0564 -0.7042
vn 0.7584 0.3569 -0.5454
vn 0.7699 -0.0192 -0.6379
vn 0.6207 -0.1213 -0.7746
vn -0.1317 -0.1995 -0.9710
vn -0.0467 0.2649 -0.9632
vn -0.4030 -0.1314 -0.9057
vn -0.5255 -0.2399 -0.8163
vn -0.9879 -0.0318 0.1521
vn -0.9212 0.3860 -0.0481
vn -0.9698 -0.1043 0.2205
vn -0.8670 -0.2794 0.4126
vn 0.7422 -0.1435 0.6547
vn 0.6128 0.3159 0.7243
vn 0.9056 -0.0067 0.4241
vn 0.9735 -0.1199 0.1949
vn -0.4112 -0.0605 0.9095
vn -0.2058 -0.1978 0.9584
vn -0.0494 0.0233 0.9985
vn -0.7202 0.1505 0.6772
vn 0.9168 -0.0272 0.3984
vn 0.5722 -0.0069 0.8201
vn 0.5126 0.4044 -0.7575
vn 0.5641 -0.7486 0.3484
vn 0.8916 -0.3209 0.3196
vn 0.6198 0.4389 -0.6506
vn 0.1339 -0.6673 0.7326
vn -0.1443 -0.6618 0.7356
vn -0.0711 -0.6754 0.7340
vn 0.0577 -0.7203 0.6912
vn -0.7040 -0.4614 0.5398
vn -0.6448 -0.4777 0.5967
vn 0.2977 0.5579 -0.7747
vn 0.2527 0.4218 -0.8707
vn 0.3878 -0.5966 0.7026
vn 0.2590 -0.7166 0.6476
vn -0.9828 0.0554 -0.1763
vn -0.6722 -0.5607 -0.4835
vn -0.4315 -0.8874 0.1622
vn -0.7539 0.3855 -0.5321
vn -0.1177 0.5912 -0.7979
vn -0.1317 0.3984 -0.9077
vn -0.7169 0.2761 -0.6402
vn 0.5720 -0.1185 -0.8117
vn 0.8524 -0.5229 -0.0008
vn -0.3531 -0.9284 0.1161
vn -0.5151 -0.3317 -0.7903
vn -0.4600 -0.8866 0.0486
vn 0.6272 -0.7725 -0.0992
vn -0.5116 -0.8485 0.1353
vn 0.5364 -0.8352 0.1211
vn -0.8134 -0.2280 0.5351
vn -0.9867 0.1602 0.0268
vn -0.9919 0.0633 -0.1102
vn 0.4837 -0.2304 -0.8443
vn -0.6175 -0.3012 -0.7266
vn 0.2836 -0.2586 -0.9234
vn -0.6878 -0.4796 -0.5449
vn 0.1342 -0.1714 -0.9760
vn 0.6127 -0.7737 0.1613
vn -0.7978 0.4593 -0.3905
vn -0.1539 0.6905 -0.7068
vn 0.2951 0.6639 -0.6871
vn 0.8226 -0.0062 0.5686
vn 0.5204 -0.4253 0.7405
vn 0.2880 -0.5166 0.8063
vn 0.6419 0.6379 -0.4255
vn -0.3139 -0.4761 0.8215
vn 0.4099 -0.9108 0.0491
vn 0.7743 -0.3207 0.5455
vn 0.8999 0.3483 -0.2625
vn 0.6016 -0.2941 -0.7427
vn 0.6944 0.5682 -0.4415
vn 0.9254 -0.0490 0.3758
vn -0.9812 0.1837 0.0594
vn -0.7913 0.4851 -0.3722
vn 0.5905 -0.3945 0.7040
vn 0.2925 0.6933 -0.6587
vn -0.8584 -0.1592 0.4876
vn 0.3286 -0.4902 0.8073
vn -0.3227 -0.4905 0.8095
vn -0.1743 0.7254 -0.6659
vn 0.7351 0.4423 -0.5139
vn 0.9405 -0.2217 0.2576
vn -0.8173 -0.3759 0.4367
vn -0.9999 0.0105 -0.0122
vn 0.5891 -0.5272 0.6124
vn 0.3250 -0.6170 0.7168
vn 0.3056 0.6212 -0.7216
vn -0.8113 0.3814 -0.4431
vn -0.1514 0.6448 -0.7492
vn -0.2817 -0.6260 0.7272
vn 0.5126 0.4044 0.7574
vn 0.6198 0.4389 0.6506
vn 0.8916 -0.3209 -0.3196
vn 0.5641 -0.7486 -0.3484
vn 0.1339 -0.6673 -0.7326
vn 0.0577 -0.7203 -0.6912
vn -0.0711 -0.6754 -0.7340
vn -0.1443 -0.6618 -0.7356
vn -0.6448 -0.4777 -0.5967
vn -0.7040 -0.4614 -0.5398
vn 0.2977 0.5579 0.7747
vn 0.2527 0.4218 0.8707
vn 0.3878 -0.5966 -0.7026
vn 0.2590 -0.7166 -0.6476
vn -0.4315 -0.8874 -0.1622
vn -0.6722 -0.5607 0.4835
vn -0.9828 0.0554 0.1763
vn -0.7539 0.3855 0.5321
vn -0.7169 0.2761 0.6402
vn -0.1317 0.3984 0.9077
vn -0.1177 0.5912 0.7979
vn 0.5720 -0.1185 0.8117
vn -0.5151 -0.3317 0.7903
vn -0.3531 -0.9284 -0.1161
vn 0.8524 -0.5229 0.0008
vn 0.6272 -0.7725 0.0992
vn -0.4600 -0.8866 -0.0486
vn 0.5364 -0.8352 -0.1211
vn -0.5116 -0.8485 -0.1353
vn -0.9919 0.0633 0.1102
vn -0.9867 0.1602 -0.0268
vn -0.8134 -0.2280 -0.5351
vn 0.4837 -0.2304 0.8443
vn -0.6175 -0.3012 0.7266
vn 0.2836 -0.2586 0.9234
vn -0.6878 -0.4796 0.5449
vn 0.1342 -0.1714 0.9760
vn 0.6127 -0.7737 -0.1613
vn -0.7978 0.4593 0.3905
vn -0.1539 0.6905 0.7068
vn 0.2951 0.6639 0.6871
vn 0.8226 -0.0062 -0.5686
vn 0.5204 -0.4253 -0.7405
vn 0.2880 -0.5166 -0.8063
vn 0.6419 0.6379 0.4255
vn -0.3139 -0.4761 -0.8215
vn 0.7743 -0.3207 -0.5455
vn 0.4099 -0.9108 -0.0491
vn 0.8999 0.3483 0.2625
vn 0.6016 -0.2941 0.7427
vn 0.9254 -0.0490 -0.3758
vn 0.6944 0.5682 0.4415
vn -0.7913 0.4851 0.3722
vn -0.9812 0.1837 -0.0594
vn 0.5905 -0.3945 -0.7040
vn 0.2925 0.6933 0.6587
vn -0.8584 -0.1592 -0.4876
vn -0.3227 -0.4905 -0.8095
vn 0.3286 -0.4902 -0.8073
vn -0.1743 0.7254 0.6659
vn 0.9405 -0.2217 -0.2576
vn 0.7351 0.4423 0.5139
vn -0.9999 0.0105 0.0122
vn -0.8173 -0.3759 -0.4367
vn 0.3250 -0.6170 -0.7168
vn 0.5891 -0.5272 -0.6124
vn 0.3056 0.6212 0.7216
vn -0.8113 0.3814 0.4431
vn -0.1514 0.6448 0.7492
vn -0.2817 -0.6260 -0.7272
vn 0.9350 -0.1670 -0.3129
vn 0.9534 -0.1532 -0.2601
vn 0.9510 -0.1560 -0.2671
vn 0.9275 -0.1776 -0.3290
vn 0.9482 -0.0932 -0.3038
vn 0.9384 -0.1394 -0.3163
vn 0.7268 0.5945 -0.3438
vn 0.9595 -0.2240 0.1708
vn 0.9498 -0.3103 -0.0399
vn 0.9416 -0.2724 -0.1982
vn 0.9435 -0.2765 -0.1826
vn 0.8101 -0.2412 -0.5344
vn 0.8183 -0.2409 -0.5219
vn 0.2215 -0.2244 -0.9490
vn 0.3977 -0.2374 -0.8863
vn -0.7871 -0.0545 -0.6144
vn -0.4558 -0.1329 -0.8801
vn -0.9632 -0.0076 -0.2687
vn -0.9663 -0.0165 -0.2570
vn -0.9974 -0.0715 -0.0092
vn 0.9435 -0.3136 0.1068
vn 0.9416 -0.3136 0.1229
vn 0.8183 -0.3650 0.4441
vn 0.8101 -0.3684 0.4561
vn 0.3977 -0.4537 0.7975
vn 0.2215 -0.4570 0.8614
vn -0.4558 -0.3511 0.8179
vn -0.7871 -0.2080 0.5807
vn -0.9632 -0.0753 0.2581
vn -0.9663 -0.0809 0.2445
vn 0.7392 -0.2644 0.6195
vn 0.7357 -0.2034 0.6461
vn 0.7409 -0.2073 0.6389
vn 0.7352 -0.2662 0.6234
vn 0.7804 -0.1314 0.6113
vn 0.7834 -0.2574 0.5657
vn 0.7678 -0.1994 0.6088
vn 0.5943 -0.3206 0.7376
vn 0.9801 -0.0370 -0.1951
vn 0.7291 -0.6388 -0.2458
vn 0.3604 -0.3107 -0.8795
vn 0.6422 0.3225 -0.6954
vn -0.9643 0.2299 0.1313
vn -0.6956 -0.7169 0.0470
vn -0.2651 -0.2601 0.9285
vn -0.5968 0.4527 0.6625
vn 0.5830 -0.7594 0.2889
vn 0.7630 -0.4588 -0.4553
vn 0.5617 0.1363 -0.8160
vn -0.0159 0.2921 -0.9563
vn -0.0987 -0.0437 0.9942
vn -0.1385 -0.6240 0.7690
vn 0.5698 -0.4980 0.6537
vn 0.5789 0.3643 0.7295
vn -0.3116 0.2260 -0.9229
vn -0.7782 0.3772 -0.5021
vn -0.3075 0.6478 0.6970
vn -0.4415 0.7985 -0.4094
vn -0.9695 0.2303 0.0834
vn -0.3907 0.8971 0.2063
vn 0.1999 0.5523 0.8093
vn -0.2920 0.6406 0.7102
vn -0.0137 -0.1263 0.9919
vn 0.0623 0.5392 0.8399
vn 0.0983 0.7659 -0.6355
vn -0.6327 0.3213 -0.7046
vn 0.8278 0.5144 0.2239
vn 0.6050 0.5131 0.6088
vn 0.9389 -0.1886 0.2879
vn 0.7191 0.5281 0.4517
vn 0.4748 0.7104 -0.5195
vn 0.0065 0.2164 -0.9763
vn 0.8117 0.5572 -0.1752
vn 0.8358 0.5473 -0.0440
vn 0.4258 -0.5999 -0.6773
vn 0.4452 -0.0478 -0.8941
vn -0.4665 -0.4745 0.7465
vn -0.7893 0.0345 0.6131
vn 0.8405 -0.5015 -0.2049
vn -0.1003 -0.2204 -0.9702
vn 0.5001 -0.6221 0.6023
vn 0.6042 0.0873 0.7920
vn -0.7269 -0.1651 -0.6666
vn 0.6353 -0.6401 0.4320
vn 0.7597 -0.6159 -0.2086
vn 0.4046 -0.6345 -0.6586
vn -0.1269 -0.6196 -0.7746
vn -0.2129 -0.6794 0.7022
vn 0.3529 -0.6221 0.6989
vn -0.6534 -0.6236 -0.4292
vn -0.6778 -0.6391 0.3635
vn -0.6049 -0.5721 -0.5538
vn 0.9801 -0.0370 0.1951
vn 0.6421 0.3225 0.6954
vn 0.3604 -0.3107 0.8796
vn 0.7290 -0.6388 0.2458
vn -0.9643 0.2300 -0.1313
vn -0.5968 0.4528 -0.6624
vn -0.2651 -0.2601 -0.9285
vn -0.6956 -0.7169 -0.0469
vn 0.7631 -0.4587 0.4553
vn 0.5829 -0.7594 -0.2889
vn 0.5618 0.1363 0.8160
vn -0.0159 0.2922 0.9562
vn -0.0987 -0.0436 -0.9942
vn 0.5790 0.3644 -0.7294
vn 0.5698 -0.4981 -0.6536
vn -0.1384 -0.6241 -0.7690
vn -0.3116 0.2260 0.9230
vn -0.7782 0.3773 0.5021
vn -0.3075 0.6478 -0.6970
vn -0.3907 0.8971 -0.2063
vn -0.9696 0.2302 -0.0834
vn -0.4414 0.7985 0.4093
vn 0.1999 0.5524 -0.8093
vn 0.0623 0.5393 -0.8398
vn -0.0136 -0.1263 -0.9919
vn -0.2919 0.6406 -0.7102
vn -0.6328 0.3213 0.7045
vn 0.0983 0.7659 0.6354
vn 0.8278 0.5145 -0.2239
vn 0.7191 0.5281 -0.4517
vn 0.9389 -0.1886 -0.2879
vn 0.6050 0.5132 -0.6087
vn 0.0064 0.2164 0.9763
vn 0.4748 0.7104 0.5194
vn 0.8116 0.5572 0.1753
vn 0.8357 0.5474 0.0439
vn 0.4452 -0.0478 0.8941
vn 0.4258 -0.5999 0.6773
vn -0.7893 0.0345 -0.6131
vn -0.4665 -0.4744 -0.7465
vn 0.8405 -0.5015 0.2049
vn -0.1003 -0.2204 0.9702
vn 0.6043 0.0874 -0.7920
vn 0.5002 -0.6222 -0.6023
vn -0.7269 -0.1651 0.6666
vn 0.7597 -0.6159 0.2086
vn 0.6353 -0.6402 -0.4319
vn -0.1269 -0.6196 0.7746
vn 0.4045 -0.6346 0.6586
vn 0.3528 -0.6221 -0.6989
vn -0.2130 -0.6794 -0.7021
vn -0.6534 -0.6237 0.4291
vn -0.6778 -0.6392 -0.3634
vn -0.6049 -0.5722 0.5538
vn 0.7899 0.4520 0.4145
vn 0.5299 0.8108 0.2487
vn 0.6349 0.7703 -0.0593
vn 0.8468 0.4724 -0.2443
vn 0.5324 0.3329 -0.7783
vn 0.4517 0.3550 -0.8185
vn 0.2454 0.3723 -0.8951
vn 0.2892 0.1620 -0.9435
vn -0.2678 0.1971 -0.9431
vn -0.4052 0.4954 -0.7684
vn -0.7633 0.4355 -0.4773
vn -0.7793 0.2474 -0.5757
vn -0.9654 0.2552 -0.0540
vn -0.8737 0.4510 -0.1826
vn -0.5120 0.2280 0.8282
vn -0.7187 0.4523 0.5282
vn -0.1500 0.3563 0.9222
vn -0.0709 0.1480 0.9864
vn 0.1642 0.2716 0.9483
vn 0.2036 0.3142 0.9273
vn 0.2976 -0.1134 -0.9479
vn 0.2569 -0.2154 -0.9421
vn -0.4318 -0.1744 0.8850
vn 0.0308 -0.0877 0.9957
vn 0.7063 0.5834 0.4011
vn 0.7864 0.6098 -0.0989
vn -0.2213 -0.3127 -0.9237
vn -0.6897 -0.3864 -0.6124
vn 0.5824 0.5392 -0.6083
vn 0.7109 -0.0510 -0.7014
vn -0.9260 -0.3739 -0.0523
vn -0.5479 -0.8355 0.0420
vn -0.3723 -0.6035 0.7051
vn 0.8720 -0.1224 0.4740
vn 0.9924 -0.0947 -0.0779
vn 0.2980 0.5503 0.7800
vn 0.3266 -0.1099 0.9388
vn -0.3327 -0.8568 -0.3939
vn -0.0581 -0.1076 0.9925
vn 0.6266 -0.6351 0.4517
vn 0.7515 -0.6509 -0.1077
vn -0.0129 -0.9598 0.2804
vn 0.0960 -0.9515 -0.2924
vn 0.1013 -0.5926 -0.7991
vn 0.6005 -0.5041 -0.6207
vn -0.1853 -0.5949 0.7821
vn 0.2004 -0.4928 0.8468
vn -0.3836 -0.9227 -0.0398
vn -0.2477 -0.7108 0.6584
vn 0.0195 -0.6154 -0.7880
vn -0.3057 -0.8710 -0.3847
vn -0.1736 -0.6978 -0.6949
vn 0.7899 0.4520 -0.4145
vn 0.8468 0.4724 0.2443
vn 0.6349 0.7703 0.0593
vn 0.5299 0.8108 -0.2487
vn 0.4517 0.3550 0.8185
vn 0.5324 0.3329 0.7783
vn 0.2454 0.3723 0.8951
vn -0.4052 0.4954 0.7684
vn -0.2678 0.1971 0.9431
vn 0.2892 0.1620 0.9435
vn -0.7633 0.4355 0.4773
vn -0.8737 0.4510 0.1826
vn -0.9654 0.2552 0.0540
vn -0.7793 0.2474 0.5757
vn -0.7187 0.4523 -0.5282
vn -0.5120 0.2280 -0.8282
vn -0.1500 0.3563 -0.9222
vn 0.2036 0.3142 -0.9273
vn 0.1642 0.2716 -0.9483
vn -0.0709 0.1480 -0.9864
vn 0.2569 -0.2154 0.9421
vn 0.2976 -0.1134 0.9479
vn 0.0308 -0.0877 -0.9957
vn -0.4318 -0.1744 -0.8850
vn 0.7864 0.6098 0.0989
vn 0.7063 0.5834 -0.4011
vn -0.6897 -0.3864 0.6124
vn -0.2213 -0.3126 0.9237
vn 0.7109 -0.0510 0.7014
vn 0.5824 0.5392 0.6083
vn -0.3723 -0.6035 -0.7051
vn -0.5479 -0.8355 -0.0420
vn -0.9260 -0.3739 0.0523
vn 0.9924 -0.0947 0.0779
vn 0.8720 -0.1224 -0.4740
vn 0.3266 -0.1099 -0.9388
vn 0.2980 0.5503 -0.7800
vn -0.3327 -0.8568 0.3939
vn -0.0581 -0.1076 -0.9925
vn 0.7515 -0.6509 0.1077
vn 0.6266 -0.6351 -0.4517
vn -0.0129 -0.9598 -0.2804
vn 0.0961 -0.9515 0.2924
vn 0.6005 -0.5041 0.6207
vn 0.1013 -0.5926 0.7991
vn -0.1853 -0.5949 -0.7821
vn 0.2004 -0.4928 -0.8468
vn -0.3836 -0.9227 0.0398
vn -0.2477 -0.7108 -0.6584
vn 0.0195 -0.6154 0.7880
vn -0.3057 -0.8710 0.3847
vn -0.1736 -0.6978 0.6949
vn 0.9418 -0.0349 -0.3344
vn 0.9558 0.0159 -0.2935
vn 0.9529 0.0152 -0.3028
vn 0.9432 -0.0386 -0.3301
vn 0.9428 0.1034 -0.3168
vn 0.9194 -0.0042 -0.3932
vn 0.9412 0.0369 -0.3357
vn 0.9698 -0.1581 -0.1856
vn 0.8841 -0.0349 0.4660
vn 0.8635 0.0159 0.5041
vn 0.8684 0.0152 0.4957
vn 0.8818 -0.0386 0.4700
vn 0.8719 0.1034 0.4787
vn 0.9122 -0.0042 0.4098
vn 0.8847 0.0369 0.4647
vn 0.7936 -0.1581 0.5875
vn 0.4801 0.6743 -0.5611
vn 0.7758 0.5996 -0.1966
vn 0.6539 -0.5843 -0.4806
vn 0.3478 -0.5555 -0.7553
vn -0.4294 0.7189 0.5466
vn -0.4275 0.6128 0.6646
vn -0.6673 -0.4712 -0.5767
vn -0.6629 -0.5955 0.4539
vn 0.7211 0.6651 0.1940
vn 0.5812 -0.7409 0.3367
vn -0.0439 0.7205 -0.6921
vn -0.0828 -0.5017 -0.8611
vn 0.6041 0.5898 0.5358
vn 0.1857 0.6616 0.7265
vn -0.2284 -0.6312 0.7412
vn 0.1298 -0.6243 0.7703
vn -0.5844 0.7332 -0.3477
vn -0.6965 -0.5084 -0.5064
vn 0.4801 0.6743 0.5611
vn 0.3477 -0.5556 0.7553
vn 0.6539 -0.5844 0.4805
vn 0.7758 0.5996 0.1965
vn -0.4293 0.7190 -0.5466
vn -0.6629 -0.5955 -0.4539
vn -0.6673 -0.4713 0.5767
vn -0.4275 0.6129 -0.6646
vn 0.5811 -0.7409 -0.3366
vn 0.7211 0.6651 -0.1939
vn -0.0439 0.7205 0.6920
vn -0.0828 -0.5018 0.8610
vn 0.6042 0.5898 -0.5357
vn 0.1298 -0.6244 -0.7702
vn -0.2284 -0.6312 -0.7412
vn 0.1857 0.6616 -0.7265
vn -0.5844 0.7333 0.3476
vn -0.6965 -0.5084 0.5064
vn 0.4321 0.6891 -0.5818
vn 0.7484 0.6159 -0.2462
vn 0.6596 -0.5833 -0.4740
vn 0.3622 -0.5570 -0.7473
vn -0.4369 0.7142 0.5468
vn -0.3764 0.6878 0.6207
vn -0.6668 -0.5169 -0.5368
vn -0.6527 -0.5783 0.4895
vn 0.7029 0.6878 0.1814
vn 0.5699 -0.7396 0.3582
vn -0.0233 0.7155 -0.6983
vn -0.0543 -0.4762 -0.8776
vn 0.5359 0.6032 0.5907
vn 0.1212 0.6603 0.7412
vn -0.3093 -0.6082 0.7311
vn 0.0429 -0.6182 0.7849
vn -0.5244 0.7553 -0.3930
vn -0.6842 -0.4937 -0.5368
vn 0.4321 0.6891 0.5817
vn 0.3622 -0.5571 0.7473
vn 0.6596 -0.5833 0.4740
vn 0.7484 0.6159 0.2461
vn -0.4369 0.7142 -0.5468
vn -0.6526 -0.5783 -0.4895
vn -0.6668 -0.5170 0.5368
vn -0.3764 0.6878 -0.6207
vn 0.5698 -0.7396 -0.3582
vn 0.7028 0.6878 -0.1813
vn -0.0233 0.7155 0.6982
vn -0.0542 -0.4763 0.8776
vn 0.5359 0.6032 -0.5906
vn 0.0429 -0.6182 -0.7848
vn -0.3093 -0.6082 -0.7310
vn 0.1212 0.6603 -0.7411
vn -0.5244 0.7554 0.3930
vn -0.6841 -0.4938 0.5368
vn 0.4398 0.7018 -0.5604
vn 0.7008 0.6755 -0.2295
vn 0.7184 -0.5199 -0.4621
vn 0.3629 -0.5355 -0.7626
vn -0.4038 0.7666 0.4993
vn -0.4136 0.6451 0.6425
vn -0.6747 -0.4880 -0.5538
vn -0.7420 -0.4783 0.4697
vn 0.6363 0.7604 0.1300
vn 0.6725 -0.6382 0.3748
vn -0.0061 0.7089 -0.7053
vn -0.0859 -0.4925 -0.8661
vn 0.5040 0.7383 0.4482
vn 0.1051 0.7882 0.6064
vn -0.3329 -0.4745 0.8149
vn 0.1765 -0.5126 0.8403
vn -0.5532 0.7319 -0.3978
vn -0.6708 -0.5221 -0.5268
vn 0.3270 0.9180 0.2243
vn 0.5316 0.1051 0.8404
vn 0.7573 -0.4085 0.5095
vn 0.5505 0.8335 0.0471
vn -0.6841 0.3534 -0.6381
vn -0.6754 -0.6830 -0.2781
vn -0.5709 -0.6747 0.4678
vn -0.3744 0.7588 -0.5330
vn 0.5875 -0.7682 -0.2544
vn 0.7262 0.6277 -0.2802
vn 0.0390 0.9432 0.3298
vn -0.0606 0.1361 0.9888
vn 0.4477 0.1466 -0.8821
vn 0.0327 -0.7164 -0.6970
vn -0.3717 -0.7526 -0.5435
vn -0.2057 0.2339 -0.9503
vn -0.3912 0.9020 0.1825
vn -0.7490 -0.1786 0.6380
vn 0.9882 0.1535 -0.0000
vn 0.9999 0.0114 -0.0000
vn 0.9930 0.0245 -0.1155
vn 0.9789 0.1750 -0.1057
vn 0.9026 0.1643 -0.3978
vn 0.8813 0.2179 -0.4193
vn 0.3060 0.3269 -0.8942
vn 0.4771 0.3082 -0.8230
vn -0.3736 0.2550 -0.8919
vn -0.3697 0.2562 -0.8931
vn -0.9861 0.0281 -0.1639
vn -0.9818 -0.1250 -0.1433
vn -0.9779 -0.2090 -0.0000
vn -0.9995 0.0330 -0.0000
vn -0.8164 0.1070 -0.5675
vn -0.8685 0.0863 -0.4881
vn -0.7223 -0.6915 -0.0128
vn -0.6867 -0.7270 -0.0000
vn -0.3705 -0.9288 -0.0000
vn -0.3702 -0.9273 0.0551
vn -0.2514 -0.9661 0.0583
vn -0.2473 -0.9689 -0.0000
vn 0.2644 -0.9630 0.0528
vn 0.2070 -0.9783 -0.0000
vn 0.6872 -0.7264 -0.0000
vn 0.7415 -0.6707 -0.0182
vn 0.9318 -0.3630 -0.0000
vn 0.9316 -0.3560 -0.0737
vn 0.9479 -0.2186 -0.2319
vn 0.9789 0.1750 0.1057
vn 0.9930 0.0245 0.1155
vn 0.8813 0.2179 0.4193
vn 0.9026 0.1643 0.3978
vn 0.4772 0.3082 0.8230
vn 0.3060 0.3269 0.8942
vn -0.3697 0.2562 0.8931
vn -0.3736 0.2550 0.8919
vn -0.9861 0.0281 0.1639
vn -0.9818 -0.1250 0.1433
vn -0.8685 0.0863 0.4881
vn -0.8164 0.1070 0.5675
vn -0.7223 -0.6915 0.0128
vn -0.2514 -0.9661 -0.0583
vn -0.3702 -0.9273 -0.0551
vn 0.2644 -0.9630 -0.0528
vn 0.7415 -0.6707 0.0182
vn 0.9316 -0.3560 0.0737
vn 0.9479 -0.2186 0.2319
vt 0.299942 0.218838
vt 0.289492 0.239397
vt 0.235749 0.241921
vt 0.228786 0.192793
vt 0.321557 0.200993
vt 0.313623 0.205163
vt 0.241790 0.160521
vt 0.259013 0.144468
vt 0.927192 0.332280
vt 0.934417 0.334357
vt 0.915601 0.394364
vt 0.892932 0.373569
vt 0.339372 0.321344
vt 0.349107 0.325087
vt 0.359764 0.394179
vt 0.327739 0.373037
vt 0.372728 0.327902
vt 0.377059 0.397783
vt 0.299786 0.285105
vt 0.313129 0.304154
vt 0.263779 0.328064
vt 0.229910 0.314261
vt 0.528963 0.904937
vt 0.545566 0.900848
vt 0.545566 0.962151
vt 0.499076 0.967980
vt 0.213921 0.250851
vt 0.289092 0.249086
vt 0.288746 0.258787
vt 0.207201 0.275999
vt 0.214001 0.299232
vt 0.294326 0.271987
vt 0.329221 0.283777
vt 0.340462 0.291324
vt 0.329637 0.317601
vt 0.321015 0.271163
vt 0.354868 0.296527
vt 0.373720 0.298793
vt 0.347665 0.293925
vt 0.348265 0.215503
vt 0.342638 0.216362
vt 0.329491 0.196823
vt 0.337197 0.195790
vt 0.331685 0.222288
vt 0.321795 0.230799
vt 0.337162 0.219325
vt 0.314900 0.243382
vt 0.473905 0.458929
vt 0.490454 0.386860
vt 0.492611 0.389236
vt 0.492611 0.480296
vt 0.355149 0.214513
vt 0.344903 0.194758
vt 0.658706 0.969286
vt 0.650127 0.974138
vt 0.604701 0.944069
vt 0.629416 0.914772
vt 0.314667 0.248965
vt 0.314435 0.254549
vt 0.317349 0.262690
vt 0.944081 0.476601
vt 0.941527 0.473192
vt 0.920967 0.408297
vt 0.953202 0.408297
vt 0.943350 0.333439
vt 0.943350 0.406404
vt 0.372676 0.081602
vt 0.395170 0.009920
vt 0.432765 0.040880
vt 0.393591 0.088023
vt 0.347940 0.084515
vt 0.340638 0.001943
vt 0.361942 0.000527
vt 0.355242 0.081871
vt 0.352894 0.194144
vt 0.343055 0.151345
vt 0.366115 0.136410
vt 0.360884 0.193530
vt 0.428473 0.176170
vt 0.480571 0.192370
vt 0.476646 0.232007
vt 0.426180 0.185204
vt 0.469208 0.247537
vt 0.415900 0.203032
vt 0.422084 0.125551
vt 0.487685 0.087748
vt 0.482481 0.116697
vt 0.429340 0.147134
vt 0.951424 0.668284
vt 0.921542 0.605076
vt 0.967980 0.611011
vt 0.967980 0.672414
vt 0.451382 0.031341
vt 0.471051 0.047042
vt 0.408386 0.100448
vt 0.401005 0.094204
vt 0.484259 0.067796
vt 0.415222 0.113084
vt 0.403410 0.147651
vt 0.430766 0.167135
vt 0.403161 0.160230
vt 0.398305 0.133743
vt 0.390652 0.292773
vt 0.394089 0.320368
vt 0.401335 0.166809
vt 0.399509 0.173388
vt 0.362401 0.214020
vt 0.368396 0.213660
vt 0.356522 0.108203
vt 0.368109 0.107083
vt 0.351401 0.109995
vt 0.381300 0.109971
vt 0.781787 0.819556
vt 0.800493 0.798190
vt 0.800493 0.889249
vt 0.798336 0.891626
vt 0.667488 0.910334
vt 0.667488 0.964810
vt 0.385507 0.113624
vt 0.394009 0.125510
vt 0.389714 0.117276
vt 0.346280 0.111787
vt 0.340638 0.087159
vt 0.477004 0.159335
vt 0.394089 0.130297
vt 0.369966 0.195915
vt 0.309076 0.851224
vt 0.337036 0.851223
vt 0.337036 0.863787
vt 0.309077 0.863789
vt 0.284073 0.851212
vt 0.284073 0.863777
vt 0.262563 0.863786
vt 0.262563 0.851222
vt 0.250839 0.863805
vt 0.250839 0.851241
vt 0.341250 0.885679
vt 0.313300 0.887659
vt 0.266087 0.889633
vt 0.258730 0.893891
vt 0.316174 0.900860
vt 0.300791 0.906072
vt 0.287996 0.889627
vt 0.344828 0.896972
vt 0.285889 0.906403
vt 0.274830 0.908867
vt 0.943071 0.076132
vt 0.947651 0.052180
vt 0.965521 0.049307
vt 0.961352 0.070709
vt 0.943524 0.107612
vt 0.944400 0.095680
vt 0.967180 0.094162
vt 0.967382 0.110466
vt 0.943557 0.115824
vt 0.967980 0.120690
vt 0.093067 0.873139
vt 0.070942 0.870391
vt 0.070434 0.851960
vt 0.092239 0.851960
vt 0.136503 0.877126
vt 0.115551 0.875664
vt 0.112712 0.851960
vt 0.133723 0.851960
vt 0.147783 0.876387
vt 0.145022 0.851960
vt 0.119317 0.895888
vt 0.094668 0.894317
vt 0.145977 0.901478
vt 0.135670 0.899351
vt 0.073962 0.887827
vt 0.057558 0.895974
vt 0.053434 0.872162
vt 0.870142 0.531070
vt 0.858821 0.510706
vt 0.875989 0.501848
vt 0.888261 0.531758
vt 0.869668 0.549016
vt 0.889162 0.557812
vt 0.855818 0.561782
vt 0.869474 0.574473
vt 0.052740 0.851960
vt 0.850395 0.502644
vt 0.868808 0.492377
vt 0.309077 0.838660
vt 0.337036 0.838658
vt 0.262563 0.838657
vt 0.284073 0.838648
vt 0.250839 0.838677
vt 0.313300 0.814821
vt 0.341250 0.816792
vt 0.257830 0.806999
vt 0.265815 0.812841
vt 0.287996 0.812838
vt 0.300791 0.796451
vt 0.316174 0.801661
vt 0.344828 0.805549
vt 0.287379 0.795203
vt 0.276420 0.792506
vt 0.568895 0.946878
vt 0.587233 0.951685
vt 0.592040 0.972906
vt 0.574163 0.970549
vt 0.568542 0.916115
vt 0.592077 0.912042
vt 0.592365 0.928271
vt 0.569925 0.927788
vt 0.567903 0.905955
vt 0.592365 0.901849
vt 0.093067 0.830781
vt 0.070942 0.833529
vt 0.136503 0.826793
vt 0.115551 0.828255
vt 0.147783 0.827532
vt 0.119317 0.808031
vt 0.094668 0.809602
vt 0.145977 0.802442
vt 0.135670 0.804568
vt 0.073962 0.816092
vt 0.053434 0.831757
vt 0.057558 0.807945
vt 0.893274 0.555572
vt 0.911847 0.558241
vt 0.895698 0.581281
vt 0.879426 0.570599
vt 0.896503 0.539203
vt 0.916256 0.535887
vt 0.887964 0.522944
vt 0.904596 0.513683
vt 0.841968 0.494583
vt 0.859906 0.486461
vt 0.841968 0.574548
vt 0.849785 0.591133
vt 0.922169 0.096418
vt 0.924789 0.081554
vt 0.919697 0.120690
vt 0.920882 0.110122
vt 0.929782 0.055054
vt 0.879426 0.506686
vt 0.892935 0.491479
vt 0.547485 0.927305
vt 0.550558 0.942071
vt 0.548338 0.903590
vt 0.549846 0.914029
vt 0.556285 0.968192
vt 0.000916 0.070418
vt 0.000916 0.066106
vt 0.004922 0.067130
vt 0.004926 0.071429
vt 0.176260 0.462361
vt 0.177340 0.466193
vt 0.033865 0.485222
vt 0.025453 0.462361
vt 0.087415 0.557842
vt 0.081828 0.574598
vt 0.066289 0.576355
vt 0.072421 0.558003
vt 0.124385 0.572367
vt 0.129971 0.555610
vt 0.279557 0.572445
vt 0.278597 0.576355
vt 0.201970 0.580423
vt 0.066864 0.605911
vt 0.065082 0.593784
vt 0.201017 0.576300
vt 0.126148 0.542657
vt 0.268473 0.564712
vt 0.267528 0.568965
vt 0.123422 0.551840
vt 0.062724 0.548940
vt 0.066339 0.558867
vt 0.059670 0.568966
vt 0.051405 0.562393
vt 0.026457 0.590084
vt 0.025123 0.603890
vt 0.006457 0.592737
vt 0.011685 0.581790
vt 0.081424 0.542485
vt 0.081881 0.553667
vt 0.950739 0.564585
vt 0.923266 0.567521
vt 0.922298 0.548613
vt 0.949149 0.542057
vt 0.948209 0.600512
vt 0.920736 0.603448
vt 0.921082 0.589486
vt 0.948555 0.586550
vt 0.108915 0.557101
vt 0.110149 0.544449
vt 0.051951 0.603397
vt 0.051454 0.587881
vt 0.110146 0.575655
vt 0.115733 0.558899
vt 0.362069 0.111513
vt 0.362069 0.135468
vt 0.350868 0.131315
vt 0.351501 0.113646
vt 0.000592 0.586470
vt 0.008351 0.576300
vt 0.467980 0.424325
vt 0.462113 0.442741
vt 0.455423 0.443350
vt 0.455423 0.424164
vt 0.920736 0.530614
vt 0.948193 0.533224
vt 0.000916 0.015393
vt 0.004926 0.014382
vt 0.004922 0.018680
vt 0.000916 0.019704
vt 0.184999 0.588895
vt 0.322644 0.571992
vt 0.319353 0.598522
vt 0.184751 0.593310
vt 0.327686 0.170791
vt 0.330049 0.185802
vt 0.311518 0.189655
vt 0.308766 0.173342
vt 0.310634 0.134159
vt 0.325686 0.000783
vt 0.330049 0.000481
vt 0.329555 0.131608
vt 0.304187 0.619029
vt 0.303233 0.623153
vt 0.167299 0.605669
vt 0.169081 0.593541
vt 0.000650 0.375924
vt 0.011129 0.373056
vt 0.029557 0.506451
vt 0.025570 0.507389
vt 0.008524 0.316685
vt 0.022446 0.305832
vt 0.029557 0.313314
vt 0.018339 0.319847
vt 0.128674 0.609369
vt 0.113902 0.617662
vt 0.108674 0.606716
vt 0.127340 0.595562
vt 0.001886 0.334216
vt 0.013945 0.334309
vt 0.365235 0.569887
vt 0.384145 0.571286
vt 0.379664 0.597320
vt 0.361944 0.596417
vt 0.337856 0.571730
vt 0.334565 0.598260
vt 0.002838 0.360977
vt 0.016767 0.359424
vt 0.153671 0.611572
vt 0.154168 0.596056
vt 0.329542 0.145989
vt 0.310621 0.148540
vt 0.267541 0.328192
vt 0.278306 0.336806
vt 0.278325 0.354680
vt 0.267541 0.352435
vt 0.110568 0.623153
vt 0.102809 0.612982
vt 0.280788 0.465357
vt 0.268230 0.465517
vt 0.268230 0.446332
vt 0.274921 0.446940
vt 0.389988 0.572086
vt 0.390394 0.598522
vt 0.240795 0.863549
vt 0.214576 0.863274
vt 0.216297 0.838442
vt 0.241379 0.845488
vt 0.189786 0.862717
vt 0.187101 0.884611
vt 0.162460 0.879464
vt 0.164356 0.860446
vt 0.553266 0.874883
vt 0.544439 0.891801
vt 0.524734 0.881056
vt 0.527523 0.869255
vt 0.556650 0.855876
vt 0.530630 0.856066
vt 0.191010 0.839234
vt 0.165083 0.840797
vt 0.238881 0.888041
vt 0.211102 0.888045
vt 0.530529 0.903251
vt 0.520498 0.894995
vt 0.206719 0.906404
vt 0.182907 0.901205
vt 0.238572 0.890488
vt 0.236592 0.902321
vt 0.498337 0.880998
vt 0.498556 0.875701
vt 0.497531 0.867178
vt 0.498404 0.856125
vt 0.507572 0.908597
vt 0.501868 0.899646
vt 0.953051 0.267821
vt 0.947443 0.295567
vt 0.922484 0.295162
vt 0.927455 0.269842
vt 0.949226 0.244694
vt 0.924757 0.245666
vt 0.498185 0.888285
vt 0.904850 0.294862
vt 0.909706 0.269191
vt 0.480663 0.875972
vt 0.479614 0.867452
vt 0.483978 0.899916
vt 0.480295 0.888555
vt 0.907079 0.244967
vt 0.480447 0.881268
vt 0.480488 0.856057
vt 0.489682 0.908867
vt 0.919531 0.220815
vt 0.901924 0.220067
vt 0.942873 0.220890
vt 0.958136 0.220067
vt 0.965517 0.243585
vt 0.240795 0.819700
vt 0.241379 0.834931
vt 0.214576 0.816237
vt 0.189786 0.817941
vt 0.164356 0.822901
vt 0.162460 0.808452
vt 0.187101 0.801231
vt 0.553266 0.836842
vt 0.527523 0.842953
vt 0.524734 0.831014
vt 0.544439 0.819853
vt 0.211102 0.797266
vt 0.238881 0.799779
vt 0.520498 0.816935
vt 0.530529 0.808342
vt 0.959002 0.773104
vt 0.941707 0.772819
vt 0.944598 0.749386
vt 0.963054 0.749890
vt 0.951262 0.722049
vt 0.962570 0.723132
vt 0.498556 0.836420
vt 0.498337 0.831094
vt 0.497531 0.845058
vt 0.501868 0.811974
vt 0.507572 0.802821
vt 0.918494 0.748365
vt 0.913167 0.722849
vt 0.938335 0.721504
vt 0.916860 0.772790
vt 0.498185 0.823673
vt 0.900857 0.749620
vt 0.895503 0.723781
vt 0.479614 0.844648
vt 0.480663 0.836006
vt 0.480295 0.823259
vt 0.483978 0.811560
vt 0.899316 0.774086
vt 0.480447 0.830680
vt 0.489682 0.802407
vt 0.912955 0.797924
vt 0.895503 0.799261
vt 0.936545 0.796961
vt 0.952678 0.797027
vt 0.624634 0.968197
vt 0.624584 0.997304
vt 0.611570 0.997537
vt 0.613519 0.967962
vt 0.927781 0.960076
vt 0.928608 0.991508
vt 0.916975 0.992611
vt 0.916975 0.959771
vt 0.275466 0.997537
vt 0.274105 0.964707
vt 0.284449 0.964288
vt 0.284712 0.997442
vt 0.937119 0.959951
vt 0.938424 0.989790
vt 0.633759 0.967962
vt 0.635468 0.997537
vt 0.982338 0.386249
vt 0.973538 0.386699
vt 0.973538 0.353897
vt 0.982738 0.354836
vt 0.295729 0.997537
vt 0.298030 0.964707
vt 0.993869 0.386324
vt 0.995074 0.356505
vt 0.961118 0.344806
vt 0.960581 0.315510
vt 0.982299 0.317240
vt 0.982759 0.347291
vt 0.961041 0.309454
vt 0.982759 0.311184
vt 0.570545 0.490076
vt 0.586207 0.523399
vt 0.581083 0.523173
vt 0.565469 0.489223
vt 0.340789 0.450088
vt 0.327745 0.414847
vt 0.331076 0.410922
vt 0.343632 0.445789
vt 0.858774 0.823536
vt 0.857653 0.811617
vt 0.876248 0.811663
vt 0.877368 0.823582
vt 0.859577 0.878682
vt 0.859356 0.848175
vt 0.877951 0.848221
vt 0.878079 0.879310
vt 0.393814 0.477229
vt 0.370776 0.470131
vt 0.370776 0.464979
vt 0.393814 0.472077
vt 0.586207 0.436255
vt 0.575632 0.458023
vt 0.571871 0.454492
vt 0.582445 0.432724
vt 0.020186 0.705579
vt 0.019654 0.730346
vt 0.000666 0.730308
vt 0.001199 0.705541
vt 0.913793 0.953810
vt 0.913760 0.988215
vt 0.894347 0.990148
vt 0.894347 0.955359
vt 0.019407 0.763094
vt 0.000524 0.763547
vt 0.021314 0.693437
vt 0.002326 0.693400
vt 0.000168 0.428571
vt 0.000168 0.410818
vt 0.004926 0.412189
vt 0.004918 0.427753
vt 0.405252 0.479064
vt 0.405252 0.473912
vt 0.449520 0.444147
vt 0.450739 0.455664
vt 0.445727 0.455665
vt 0.444509 0.444148
vt 0.039409 0.693853
vt 0.037636 0.705648
vt 0.843818 0.823787
vt 0.842073 0.812281
vt 0.778325 0.038126
vt 0.760133 0.039409
vt 0.760144 0.001934
vt 0.778325 0.000655
vt 0.004926 0.299792
vt 0.004926 0.320197
vt 0.000366 0.319774
vt 0.000366 0.299369
vt 0.021278 0.841658
vt 0.016201 0.842511
vt 0.031821 0.808566
vt 0.036946 0.808340
vt 0.469721 0.450088
vt 0.466877 0.445789
vt 0.479427 0.410922
vt 0.482759 0.414847
vt 0.858599 0.800416
vt 0.877194 0.800462
vt 0.777051 0.917633
vt 0.795566 0.917857
vt 0.793248 0.948276
vt 0.774786 0.946894
vt 0.416691 0.477229
vt 0.416692 0.472077
vt 0.441087 0.465702
vt 0.441087 0.470854
vt 0.036946 0.895484
vt 0.033184 0.899015
vt 0.021192 0.876707
vt 0.024954 0.873176
vt 0.020363 0.681639
vt 0.001375 0.681601
vt 0.000524 0.656666
vt 0.019512 0.656704
vt 0.774786 0.879719
vt 0.793281 0.880259
vt 0.001521 0.628628
vt 0.020398 0.628954
vt 0.381773 0.463054
vt 0.376760 0.462082
vt 0.376774 0.447306
vt 0.381773 0.446194
vt 0.859484 0.776987
vt 0.878079 0.777033
vt 0.445727 0.432629
vt 0.450739 0.432627
vt 0.037809 0.682250
vt 0.843648 0.801190
vt 0.349922 0.260808
vt 0.354257 0.260441
vt 0.354680 0.264472
vt 0.350468 0.266010
vt 0.095600 0.285993
vt 0.100052 0.286237
vt 0.100985 0.289839
vt 0.096804 0.290640
vt 0.381925 0.375664
vt 0.378022 0.375716
vt 0.378443 0.371683
vt 0.382467 0.370460
vt 0.350468 0.252234
vt 0.354680 0.253797
vt 0.354216 0.256042
vt 0.349869 0.255131
vt 0.125049 0.371417
vt 0.120696 0.373370
vt 0.120696 0.369128
vt 0.123853 0.366235
vt 0.314952 0.317750
vt 0.310260 0.315683
vt 0.312797 0.312467
vt 0.317011 0.312322
vt 0.320197 0.319299
vt 0.320197 0.315160
vt 0.130542 0.369712
vt 0.128029 0.366403
vt 0.089402 0.278325
vt 0.086606 0.278201
vt 0.085642 0.273679
vt 0.088159 0.272490
vt 0.096804 0.280177
vt 0.100985 0.281730
vt 0.093943 0.280327
vt 0.093010 0.284834
vt 0.093596 0.276735
vt 0.092632 0.272213
vt 0.089402 0.267828
vt 0.093596 0.268600
vt 0.386279 0.376030
vt 0.386699 0.371997
vt 0.386699 0.382674
vt 0.382467 0.384236
vt 0.381873 0.381341
vt 0.386239 0.380429
vt 0.346002 0.260757
vt 0.346425 0.264788
vt 0.345962 0.256358
vt 0.130542 0.373955
vt 0.127385 0.376847
vt 0.317661 0.322516
vt 0.313446 0.322660
vt 0.310260 0.319823
vt 0.123209 0.376679
vt 0.377982 0.380115
vt 0.158703 0.278325
vt 0.157393 0.273598
vt 0.161546 0.273733
vt 0.162562 0.277396
vt 0.379468 0.249483
vt 0.380940 0.253244
vt 0.376534 0.253902
vt 0.375394 0.250988
vt 0.380811 0.258968
vt 0.379468 0.263547
vt 0.375394 0.261887
vt 0.376434 0.258339
vt 0.380686 0.130542
vt 0.375377 0.128179
vt 0.376571 0.125790
vt 0.380686 0.127622
vt 0.451057 0.248283
vt 0.454237 0.243547
vt 0.456510 0.247465
vt 0.456325 0.251232
vt 0.380989 0.121362
vt 0.375377 0.121709
vt 0.386699 0.122261
vt 0.385004 0.126201
vt 0.443350 0.154201
vt 0.442148 0.158273
vt 0.438015 0.160099
vt 0.437611 0.155212
vt 0.386258 0.128709
vt 0.158703 0.268340
vt 0.162562 0.269657
vt 0.441650 0.150267
vt 0.437315 0.148846
vt 0.437313 0.145848
vt 0.442906 0.147681
vt 0.457659 0.240957
vt 0.460591 0.246013
vt 0.451057 0.241910
vt 0.453556 0.238846
vt 0.460353 0.250874
vt 0.433183 0.150671
vt 0.431981 0.148203
vt 0.201906 0.294961
vt 0.201391 0.291400
vt 0.205563 0.290365
vt 0.206227 0.294959
vt 0.201391 0.299249
vt 0.205563 0.300493
vt 0.384236 0.254151
vt 0.384136 0.258588
vt 0.385505 0.118180
vt 0.381390 0.116348
vt 0.377072 0.117768
vt 0.431981 0.154744
vt 0.209360 0.295784
vt 0.208844 0.300072
vt 0.490537 0.105356
vt 0.493771 0.107057
vt 0.488129 0.116995
vt 0.484894 0.115294
vt 0.550435 0.002932
vt 0.553050 0.001076
vt 0.565647 0.020802
vt 0.562844 0.022954
vt 0.402783 0.221553
vt 0.404018 0.218116
vt 0.416934 0.222898
vt 0.415698 0.226334
vt 0.602923 0.536805
vt 0.599491 0.538041
vt 0.594714 0.525451
vt 0.598147 0.524214
vt 0.581281 0.528077
vt 0.578117 0.529557
vt 0.571262 0.520278
vt 0.574426 0.518798
vt 0.372159 0.214445
vt 0.372371 0.218048
vt 0.343655 0.225388
vt 0.342005 0.222262
vt 0.162253 0.005033
vt 0.165025 0.006864
vt 0.154288 0.024980
vt 0.151399 0.022805
vt 0.605911 0.568415
vt 0.602303 0.568178
vt 0.319691 0.246305
vt 0.317528 0.243810
vt 0.568965 0.050781
vt 0.565485 0.051889
vt 0.152917 0.052186
vt 0.149403 0.051018
vt 0.598384 0.597945
vt 0.595244 0.596247
vt 0.153446 0.087945
vt 0.157001 0.088693
vt 0.165025 0.129792
vt 0.161798 0.130542
vt 0.564605 0.088326
vt 0.561044 0.088993
vt 0.577009 0.623153
vt 0.574491 0.620895
vt 0.204433 0.270071
vt 0.201350 0.269694
vt 0.199266 0.253462
vt 0.202682 0.252817
vt 0.165025 0.084664
vt 0.161696 0.086207
vt 0.154471 0.050982
vt 0.158140 0.051004
vt 0.364629 0.296798
vt 0.361290 0.295559
vt 0.370870 0.258570
vt 0.374384 0.258263
vt 0.553728 0.130542
vt 0.550435 0.129693
vt 0.330762 0.324260
vt 0.330762 0.328281
vt 0.329489 0.330049
vt 0.329489 0.322546
vt 0.161149 0.033646
vt 0.157543 0.033248
vt 0.161481 0.015947
vt 0.165025 0.016722
vt 0.370305 0.239812
vt 0.366840 0.240511
vt 0.361290 0.223416
vt 0.364707 0.222325
vt 0.125960 0.017893
vt 0.122909 0.018077
vt 0.124709 0.000273
vt 0.128079 0.001143
vt 0.128079 0.035709
vt 0.125346 0.036946
vt 0.202018 0.288177
vt 0.199266 0.286779
vt 0.278325 0.009852
vt 0.271930 0.009260
vt 0.271917 0.001520
vt 0.278325 0.001051
vt 0.333702 0.328219
vt 0.333702 0.324198
vt 0.334975 0.322430
vt 0.334975 0.329933
vt 0.248768 0.325589
vt 0.248768 0.332512
vt 0.242822 0.331529
vt 0.242822 0.324607
vt 0.177340 0.009852
vt 0.171021 0.009679
vt 0.171021 0.000778
vt 0.177219 0.003496
vt 0.192118 0.295566
vt 0.185783 0.295336
vt 0.185851 0.290081
vt 0.192118 0.287780
vt 0.327586 0.255776
vt 0.321211 0.256158
vt 0.321211 0.249780
vt 0.327548 0.250460
vt 0.496179 0.095418
vt 0.499413 0.097119
vt 0.499241 0.065885
vt 0.502463 0.067454
vt 0.428614 0.231115
vt 0.429850 0.227679
vt 0.593370 0.511624
vt 0.589938 0.512860
vt 0.567571 0.509519
vt 0.564408 0.510999
vt 0.787985 0.617473
vt 0.808276 0.637051
vt 0.804891 0.638129
vt 0.785275 0.619563
vt 0.559926 0.484136
vt 0.563253 0.482701
vt 0.574491 0.494863
vt 0.577267 0.492907
vt 0.450739 0.243535
vt 0.448700 0.246305
vt 0.817734 0.672368
vt 0.814183 0.672459
vt 0.494295 0.035146
vt 0.497778 0.035275
vt 0.564758 0.454641
vt 0.568363 0.454603
vt 0.054187 0.698748
vt 0.034304 0.716476
vt 0.030927 0.715408
vt 0.051565 0.696690
vt 0.231503 0.100843
vt 0.241379 0.142362
vt 0.238048 0.143562
vt 0.228930 0.102463
vt 0.484894 0.000642
vt 0.488242 0.000140
vt 0.577774 0.419953
vt 0.581281 0.420503
vt 0.024604 0.750318
vt 0.021053 0.750237
vt 0.238567 0.160659
vt 0.232369 0.177340
vt 0.228930 0.176453
vt 0.235182 0.160816
vt 0.033995 0.794245
vt 0.030809 0.795502
vt 0.808842 0.718921
vt 0.805587 0.717699
vt 0.347291 0.113717
vt 0.338938 0.156385
vt 0.335642 0.155127
vt 0.344676 0.111983
vt 0.283284 0.355422
vt 0.281805 0.356854
vt 0.281805 0.350394
vt 0.283284 0.351960
vt 0.043651 0.808696
vt 0.054187 0.820610
vt 0.051389 0.822660
vt 0.040659 0.810350
vt 0.798798 0.734536
vt 0.788133 0.747537
vt 0.785275 0.745520
vt 0.795741 0.732917
vt 0.341456 0.174034
vt 0.347291 0.190072
vt 0.343857 0.190887
vt 0.338091 0.173812
vt 0.049261 0.323869
vt 0.049261 0.332356
vt 0.042582 0.332512
vt 0.042618 0.325098
vt 0.286698 0.352115
vt 0.288177 0.350683
vt 0.288177 0.357143
vt 0.286699 0.355577
vt 0.305419 0.170384
vt 0.305419 0.177340
vt 0.299501 0.176078
vt 0.299501 0.169122
vt 0.162562 0.283001
vt 0.162503 0.289333
vt 0.156223 0.290640
vt 0.156223 0.281865
vt 0.352217 0.135096
vt 0.352217 0.142857
vt 0.345939 0.141633
vt 0.345919 0.136335
vt 0.242798 0.105897
vt 0.237629 0.105911
vt 0.237589 0.099397
vt 0.243842 0.099397
vt 0.571408 0.376587
vt 0.583744 0.376587
vt 0.583744 0.385462
vt 0.571408 0.385462
vt 0.583744 0.395067
vt 0.571408 0.395067
vt 0.583744 0.403941
vt 0.571408 0.403941
vt 0.551443 0.514850
vt 0.564039 0.514850
vt 0.564039 0.521785
vt 0.551443 0.521785
vt 0.564039 0.530846
vt 0.551443 0.530846
vt 0.564039 0.540654
vt 0.551443 0.540654
vt 0.564039 0.549715
vt 0.551443 0.549715
vt 0.564039 0.556650
vt 0.551443 0.556650
vt 0.283630 0.320824
vt 0.295566 0.320824
vt 0.295566 0.329410
vt 0.283630 0.329410
vt 0.295566 0.338704
vt 0.283630 0.338704
vt 0.295566 0.347291
vt 0.283630 0.347291
vt 0.549240 0.027431
vt 0.561576 0.027431
vt 0.561576 0.034223
vt 0.549240 0.034223
vt 0.561576 0.043097
vt 0.549240 0.043097
vt 0.561576 0.052702
vt 0.549240 0.052702
vt 0.157635 0.842011
vt 0.157635 0.847382
vt 0.152209 0.847382
vt 0.152209 0.842011
vt 0.561576 0.061576
vt 0.549240 0.061576
vt 0.571408 0.369796
vt 0.583744 0.369796
vt 0.953488 0.984101
vt 0.961444 0.987396
vt 0.960897 0.990148
vt 0.951929 0.986433
vt 0.970056 0.987397
vt 0.970603 0.990148
vt 0.978012 0.984101
vt 0.979570 0.986433
vt 0.984101 0.978012
vt 0.986433 0.979570
vt 0.987397 0.970056
vt 0.990148 0.970603
vt 0.987397 0.961444
vt 0.990148 0.960897
vt 0.984101 0.953488
vt 0.986433 0.951929
vt 0.978012 0.947399
vt 0.979570 0.945066
vt 0.970056 0.944103
vt 0.970603 0.941352
vt 0.961444 0.944103
vt 0.960897 0.941352
vt 0.953488 0.947398
vt 0.951929 0.945066
vt 0.947399 0.953488
vt 0.945066 0.951929
vt 0.944103 0.961444
vt 0.941352 0.960897
vt 0.944103 0.970056
vt 0.941352 0.970603
vt 0.947399 0.978012
vt 0.945066 0.979570
vt 0.085687 0.989927
vt 0.080728 0.984968
vt 0.078045 0.978489
vt 0.078045 0.971476
vt 0.080728 0.964998
vt 0.085687 0.960039
vt 0.092166 0.957355
vt 0.099179 0.957355
vt 0.105658 0.960038
vt 0.110617 0.964997
vt 0.113301 0.971476
vt 0.113301 0.978489
vt 0.110617 0.984968
vt 0.105658 0.989927
vt 0.099179 0.992611
vt 0.092166 0.992611
vt 0.162561 0.156199
vt 0.162562 0.161384
vt 0.157323 0.161384
vt 0.157323 0.156199
vt 0.381773 0.204950
vt 0.381773 0.211823
vt 0.376459 0.211823
vt 0.376459 0.204950
vt 0.162561 0.149425
vt 0.157323 0.149425
vt 0.381773 0.197511
vt 0.376459 0.197511
vt 0.162561 0.142092
vt 0.157323 0.142092
vt 0.381773 0.190638
vt 0.376459 0.190638
vt 0.162561 0.135317
vt 0.157323 0.135317
vt 0.381773 0.185378
vt 0.376459 0.185378
vt 0.157635 0.861996
vt 0.157635 0.869013
vt 0.152209 0.869013
vt 0.152209 0.861996
vt 0.157635 0.874384
vt 0.152209 0.874384
vt 0.162562 0.175491
vt 0.162562 0.182266
vt 0.157323 0.182266
vt 0.157323 0.175491
vt 0.157635 0.854400
vt 0.152209 0.854400
vt 0.162562 0.168159
vt 0.157323 0.168159
vt 0.949731 0.976453
vt 0.955046 0.981769
vt 0.946854 0.969508
vt 0.946854 0.961991
vt 0.949731 0.955046
vt 0.955046 0.949731
vt 0.961991 0.946854
vt 0.969508 0.946854
vt 0.976453 0.949731
vt 0.981769 0.955046
vt 0.984645 0.961991
vt 0.984645 0.969508
vt 0.981769 0.976453
vt 0.976453 0.981769
vt 0.969508 0.984645
vt 0.961991 0.984645
vt 0.603448 0.620430
vt 0.603448 0.629304
vt 0.591112 0.629304
vt 0.591112 0.620430
vt 0.603448 0.638909
vt 0.591112 0.638909
vt 0.603448 0.647783
vt 0.591112 0.647783
vt 0.231246 0.551724
vt 0.231246 0.544789
vt 0.243842 0.544789
vt 0.243842 0.551724
vt 0.231246 0.535728
vt 0.243842 0.535728
vt 0.231246 0.525920
vt 0.243842 0.525920
vt 0.231246 0.516859
vt 0.243842 0.516859
vt 0.231246 0.509924
vt 0.243842 0.509924
vt 0.039788 0.320197
vt 0.039788 0.311611
vt 0.051724 0.311611
vt 0.051724 0.320197
vt 0.039788 0.302317
vt 0.051724 0.302317
vt 0.039788 0.293730
vt 0.051724 0.293730
vt 0.049261 0.606249
vt 0.049261 0.613041
vt 0.036925 0.613041
vt 0.036925 0.606249
vt 0.049261 0.621915
vt 0.036925 0.621915
vt 0.049261 0.631520
vt 0.036925 0.631520
vt 0.935961 0.330049
vt 0.930534 0.330049
vt 0.930534 0.324678
vt 0.935961 0.324678
vt 0.049261 0.640394
vt 0.036925 0.640394
vt 0.603448 0.613638
vt 0.591112 0.613638
vt 0.043214 0.980475
vt 0.045547 0.982033
vt 0.038684 0.988896
vt 0.037125 0.986564
vt 0.029716 0.992611
vt 0.029169 0.989860
vt 0.020010 0.992611
vt 0.020557 0.989860
vt 0.011043 0.988897
vt 0.012601 0.986564
vt 0.004180 0.982033
vt 0.006512 0.980475
vt 0.000465 0.973066
vt 0.003216 0.972519
vt 0.000465 0.963360
vt 0.003216 0.963907
vt 0.004179 0.954393
vt 0.006512 0.955951
vt 0.011043 0.947530
vt 0.012601 0.949862
vt 0.020010 0.943815
vt 0.020557 0.946566
vt 0.029716 0.943815
vt 0.029169 0.946566
vt 0.038683 0.947529
vt 0.037125 0.949862
vt 0.045547 0.954392
vt 0.043214 0.955951
vt 0.049261 0.963360
vt 0.046510 0.963907
vt 0.049261 0.973066
vt 0.046510 0.972519
vt 0.441543 0.954892
vt 0.448022 0.957575
vt 0.452981 0.962534
vt 0.455665 0.969013
vt 0.455665 0.976026
vt 0.452981 0.982505
vt 0.448023 0.987464
vt 0.441544 0.990148
vt 0.434531 0.990148
vt 0.428052 0.987464
vt 0.423093 0.982505
vt 0.420409 0.976026
vt 0.420409 0.969013
vt 0.423093 0.962534
vt 0.428051 0.957575
vt 0.434531 0.954892
vt 0.027093 0.328569
vt 0.021779 0.328569
vt 0.021779 0.323309
vt 0.027094 0.323309
vt 0.356754 0.264063
vt 0.362069 0.264063
vt 0.362069 0.270936
vt 0.356755 0.270936
vt 0.027093 0.335442
vt 0.021779 0.335442
vt 0.356754 0.256624
vt 0.362069 0.256624
vt 0.027093 0.342881
vt 0.021779 0.342881
vt 0.356754 0.249752
vt 0.362069 0.249752
vt 0.027093 0.349754
vt 0.021779 0.349754
vt 0.356754 0.244491
vt 0.362069 0.244491
vt 0.935961 0.310065
vt 0.930534 0.310065
vt 0.930534 0.303047
vt 0.935961 0.303047
vt 0.930534 0.297676
vt 0.935961 0.297676
vt 0.088454 0.414532
vt 0.093596 0.414532
vt 0.093596 0.421182
vt 0.088454 0.421182
vt 0.935961 0.317660
vt 0.930534 0.317660
vt 0.088454 0.407334
vt 0.093596 0.407334
vt 0.088454 0.400684
vt 0.093596 0.400684
vt 0.043759 0.971972
vt 0.040882 0.978916
vt 0.043759 0.964454
vt 0.040882 0.957509
vt 0.035566 0.952194
vt 0.028622 0.949317
vt 0.021104 0.949317
vt 0.014160 0.952194
vt 0.008844 0.957510
vt 0.005968 0.964455
vt 0.005968 0.971972
vt 0.008844 0.978917
vt 0.014160 0.984232
vt 0.021105 0.987108
vt 0.028622 0.987108
vt 0.035567 0.984232
vt 0.824781 0.442884
vt 0.846357 0.442458
vt 0.852297 0.470073
vt 0.829931 0.473503
vt 0.804059 0.443244
vt 0.804654 0.426729
vt 0.825290 0.426760
vt 0.210180 0.764656
vt 0.210591 0.786630
vt 0.187654 0.790879
vt 0.184834 0.764815
vt 0.146152 0.761293
vt 0.149381 0.794865
vt 0.046517 0.807882
vt 0.050973 0.763731
vt 0.804730 0.421293
vt 0.825582 0.421311
vt 0.778221 0.426628
vt 0.778100 0.421214
vt 0.778420 0.443050
vt 0.807968 0.476934
vt 0.785623 0.477031
vt 0.173666 0.716267
vt 0.202747 0.720679
vt 0.209754 0.743066
vt 0.182001 0.739217
vt 0.143136 0.707543
vt 0.143080 0.735335
vt 0.168244 0.699641
vt 0.196915 0.701340
vt 0.765547 0.442957
vt 0.760800 0.426388
vt 0.142208 0.691705
vt 0.760667 0.420973
vt 0.766251 0.476865
vt 0.164972 0.677274
vt 0.186397 0.684861
vt 0.751520 0.443234
vt 0.746281 0.430823
vt 0.141679 0.677342
vt 0.711021 0.434388
vt 0.716134 0.435131
vt 0.719939 0.451632
vt 0.710398 0.448804
vt 0.731933 0.435280
vt 0.764134 0.452199
vt 0.754349 0.466222
vt 0.731748 0.445416
vt 0.735461 0.487825
vt 0.735844 0.515075
vt 0.709721 0.515383
vt 0.709659 0.487982
vt 0.730198 0.471942
vt 0.709757 0.472376
vt 0.761333 0.487177
vt 0.766010 0.509392
vt 0.873128 0.907533
vt 0.891626 0.901950
vt 0.891626 0.963054
vt 0.877409 0.957190
vt 0.089617 0.710636
vt 0.088699 0.694507
vt 0.766010 0.608802
vt 0.735823 0.614532
vt 0.730822 0.599608
vt 0.710057 0.599714
vt 0.105766 0.730729
vt 0.106353 0.712781
vt 0.844311 0.426787
vt 0.844597 0.421350
vt 0.070257 0.772744
vt 0.075038 0.738315
vt 0.853934 0.421301
vt 0.853814 0.426715
vt 0.862466 0.486453
vt 0.860356 0.462489
vt 0.871921 0.483203
vt 0.855826 0.442390
vt 0.186330 0.800219
vt 0.154071 0.807882
vt 0.824781 0.399893
vt 0.829931 0.368624
vt 0.852297 0.372179
vt 0.846357 0.400279
vt 0.825290 0.415932
vt 0.804654 0.415872
vt 0.804058 0.399442
vt 0.776307 0.360788
vt 0.776091 0.335566
vt 0.801504 0.334825
vt 0.797700 0.358209
vt 0.768035 0.297932
vt 0.771292 0.204538
vt 0.812808 0.194178
vt 0.800952 0.296437
vt 0.778221 0.415772
vt 0.778420 0.399248
vt 0.785623 0.364582
vt 0.807968 0.365070
vt 0.726823 0.331163
vt 0.751145 0.336229
vt 0.755297 0.363301
vt 0.731775 0.359465
vt 0.714554 0.302173
vt 0.743506 0.298707
vt 0.711442 0.356372
vt 0.707834 0.328178
vt 0.760800 0.415531
vt 0.765547 0.398961
vt 0.696553 0.303541
vt 0.766251 0.364416
vt 0.691311 0.348366
vt 0.681706 0.328197
vt 0.746281 0.410460
vt 0.751520 0.398289
vt 0.678909 0.305164
vt 0.700774 0.451606
vt 0.705916 0.435118
vt 0.749097 0.373716
vt 0.684354 0.487755
vt 0.684234 0.515005
vt 0.689748 0.471887
vt 0.666534 0.466103
vt 0.659120 0.487038
vt 0.654683 0.509241
vt 0.689448 0.445359
vt 0.678022 0.260459
vt 0.690578 0.250381
vt 0.708869 0.248962
vt 0.685067 0.614463
vt 0.655537 0.608652
vt 0.689733 0.599553
vt 0.713622 0.265182
vt 0.732163 0.262100
vt 0.844311 0.415988
vt 0.734680 0.230752
vt 0.766258 0.221416
vt 0.853814 0.415916
vt 0.862465 0.355073
vt 0.871921 0.358310
vt 0.860356 0.379702
vt 0.855826 0.400211
vt 0.812808 0.299377
vt 0.810003 0.332269
vt 0.849908 0.324692
vt 0.871458 0.332255
vt 0.868594 0.354680
vt 0.842269 0.349672
vt 0.850769 0.304704
vt 0.872656 0.305223
vt 0.188271 0.006814
vt 0.214240 0.001437
vt 0.219312 0.024724
vt 0.195429 0.034712
vt 0.193518 0.099461
vt 0.226964 0.097136
vt 0.229983 0.140833
vt 0.196038 0.138896
vt 0.223437 0.053482
vt 0.194946 0.058864
vt 0.168692 0.041124
vt 0.170376 0.023235
vt 0.830096 0.322132
vt 0.825690 0.301744
vt 0.165959 0.130877
vt 0.165005 0.097914
vt 0.169399 0.063198
vt 0.027101 0.306650
vt 0.000625 0.294462
vt 0.009462 0.276554
vt 0.026162 0.289564
vt 0.045309 0.272188
vt 0.045856 0.289828
vt 0.044940 0.255083
vt 0.006038 0.259234
vt 0.044982 0.232850
vt 0.004486 0.237892
vt 0.045386 0.203228
vt 0.004915 0.203728
vt 0.046047 0.170994
vt 0.005748 0.171642
vt 0.008735 0.001586
vt 0.046707 0.000378
vt 0.224023 0.248931
vt 0.193118 0.247737
vt 0.227901 0.000276
vt 0.232979 0.023581
vt 0.886699 0.305223
vt 0.885553 0.332255
vt 0.882807 0.354680
vt 0.237177 0.052315
vt 0.240148 0.096945
vt 0.195808 0.285397
vt 0.165005 0.289409
vt 0.850714 0.283136
vt 0.844115 0.254497
vt 0.870612 0.250630
vt 0.872524 0.277291
vt 0.111917 0.282871
vt 0.119074 0.254973
vt 0.142958 0.264961
vt 0.137886 0.288249
vt 0.117163 0.190224
vt 0.119683 0.150790
vt 0.153628 0.148852
vt 0.150609 0.192549
vt 0.118592 0.230821
vt 0.147082 0.236203
vt 0.094021 0.266450
vt 0.092338 0.248561
vt 0.830893 0.281039
vt 0.088650 0.191771
vt 0.089604 0.158808
vt 0.093045 0.226487
vt 0.067695 0.306650
vt 0.066305 0.289564
vt 0.082651 0.276554
vt 0.093596 0.294462
vt 0.085913 0.259234
vt 0.087807 0.237892
vt 0.087204 0.203728
vt 0.085907 0.001586
vt 0.087005 0.171642
vt 0.116764 0.041948
vt 0.147668 0.040754
vt 0.156624 0.266105
vt 0.151546 0.289409
vt 0.886620 0.277291
vt 0.884826 0.250630
vt 0.160822 0.237370
vt 0.163793 0.192740
vt 0.088650 0.000276
vt 0.119453 0.004288
vt 0.425577 0.515335
vt 0.424630 0.539876
vt 0.319875 0.549261
vt 0.322635 0.526559
vt 0.478968 0.523195
vt 0.476572 0.545592
vt 0.437580 0.496215
vt 0.486733 0.506650
vt 0.393024 0.503416
vt 0.395800 0.483768
vt 0.511751 0.526800
vt 0.515277 0.512831
vt 0.507907 0.547052
vt 0.533019 0.511303
vt 0.529493 0.525271
vt 0.525649 0.545524
vt 0.548030 0.515040
vt 0.544503 0.529008
vt 0.540660 0.549261
vt 0.122478 0.512359
vt 0.224915 0.521708
vt 0.227833 0.546798
vt 0.123744 0.537784
vt 0.069713 0.519332
vt 0.072404 0.542313
vt 0.061644 0.504101
vt 0.110149 0.494734
vt 0.151536 0.480426
vt 0.154646 0.499554
vt 0.037282 0.522560
vt 0.033473 0.509722
vt 0.041398 0.543096
vt 0.019646 0.521196
vt 0.015837 0.508358
vt 0.023762 0.541732
vt 0.004714 0.526262
vt 0.000904 0.513424
vt 0.008830 0.546798
vt 0.289604 0.529817
vt 0.299276 0.540667
vt 0.299267 0.541791
vt 0.287185 0.550193
vt 0.275784 0.545669
vt 0.276908 0.532427
vt 0.262437 0.538746
vt 0.262725 0.536755
vt 0.274964 0.562632
vt 0.272995 0.562294
vt 0.277017 0.516895
vt 0.279069 0.515859
vt 0.306181 0.527609
vt 0.307147 0.529597
vt 0.307465 0.557553
vt 0.305100 0.560535
vt 0.397654 0.941000
vt 0.400175 0.962110
vt 0.387648 0.953413
vt 0.387639 0.952249
vt 0.410812 0.943694
vt 0.411986 0.957413
vt 0.425447 0.948195
vt 0.425747 0.950257
vt 0.414821 0.974662
vt 0.412780 0.975014
vt 0.408495 0.926557
vt 0.410622 0.927628
vt 0.379429 0.940796
vt 0.380429 0.938736
vt 0.381550 0.972865
vt 0.379097 0.969777
vt 0.332466 0.005129
vt 0.333837 0.000873
vt 0.337744 0.016552
vt 0.332466 0.019704
vt 0.307882 0.463054
vt 0.302025 0.461876
vt 0.302016 0.443183
vt 0.304349 0.446717
vt 0.255474 0.331797
vt 0.261363 0.333158
vt 0.261338 0.354679
vt 0.259014 0.350361
vt 0.299754 0.461841
vt 0.298001 0.462905
vt 0.298001 0.446621
vt 0.299761 0.443149
vt 0.265191 0.018806
vt 0.262852 0.022122
vt 0.262831 0.002600
vt 0.268473 0.001557
vt 0.307982 0.523325
vt 0.311576 0.528676
vt 0.061576 0.316144
vt 0.059713 0.319839
vt 0.056175 0.296822
vt 0.061576 0.294373
vt 0.311576 0.560063
vt 0.306502 0.564668
vt 0.274763 0.567734
vt 0.270146 0.565228
vt 0.255527 0.330761
vt 0.261402 0.331474
vt 0.275509 0.513404
vt 0.279574 0.512301
vt 0.374810 0.972376
vt 0.380072 0.977143
vt 0.249974 0.147045
vt 0.247814 0.150246
vt 0.247854 0.132315
vt 0.253695 0.131037
vt 0.385022 0.953556
vt 0.417748 0.977695
vt 0.413695 0.958178
vt 0.337438 0.455665
vt 0.331686 0.454439
vt 0.331608 0.437147
vt 0.334091 0.439893
vt 0.412155 0.924006
vt 0.407942 0.922865
vt 0.397272 0.939349
vt 0.429803 0.952128
vt 0.429290 0.945203
vt 0.258496 0.540559
vt 0.258987 0.533875
vt 0.399477 0.964002
vt 0.367403 0.115229
vt 0.369681 0.112243
vt 0.369686 0.131788
vt 0.364011 0.133005
vt 0.117509 0.435174
vt 0.123341 0.436155
vt 0.123168 0.458118
vt 0.121108 0.453943
vt 0.412965 0.980296
vt 0.192118 0.394089
vt 0.186226 0.393575
vt 0.186160 0.373185
vt 0.188486 0.376086
vt 0.378531 0.934294
vt 0.385143 0.951735
vt 0.412367 0.942449
vt 0.374810 0.939841
vt 0.329359 0.437114
vt 0.329359 0.454405
vt 0.371921 0.131809
vt 0.371921 0.112265
vt 0.000345 0.175578
vt 0.002458 0.175585
vt 0.002463 0.182266
vt 0.000345 0.182258
vt 0.054038 0.297179
vt 0.057572 0.320197
vt 0.000313 0.074653
vt 0.002461 0.074653
vt 0.002463 0.078818
vt 0.000311 0.078818
vt 0.263547 0.354680
vt 0.263443 0.333158
vt 0.260589 0.002646
vt 0.260589 0.022167
vt 0.197036 0.295566
vt 0.194942 0.295567
vt 0.194934 0.288803
vt 0.197044 0.288803
vt 0.125616 0.458128
vt 0.125616 0.436164
vt 0.339901 0.016143
vt 0.336023 0.000459
vt 0.000239 0.034193
vt 0.002459 0.034193
vt 0.002463 0.039409
vt 0.000226 0.039409
vt 0.183872 0.373294
vt 0.183872 0.393686
vt 0.263547 0.331474
vt 0.245474 0.132313
vt 0.245474 0.150244
vt 0.002463 0.266010
vt 0.000389 0.265988
vt 0.000378 0.259620
vt 0.002463 0.259641
vt 0.242745 0.070102
vt 0.246305 0.070407
vt 0.246036 0.080231
vt 0.242711 0.080039
vt 0.242862 0.088462
vt 0.246118 0.088406
vt 0.246305 0.095755
vt 0.243245 0.096059
vt 0.255061 0.027094
vt 0.255026 0.017157
vt 0.258352 0.016964
vt 0.258621 0.026788
vt 0.255177 0.008734
vt 0.255561 0.001136
vt 0.258621 0.001440
vt 0.258433 0.008789
vt 0.132782 0.006798
vt 0.138768 0.006526
vt 0.138114 0.011893
vt 0.132644 0.011017
vt 0.132420 0.017867
vt 0.137540 0.018554
vt 0.137911 0.025983
vt 0.133021 0.025454
vt 0.136250 0.030020
vt 0.141316 0.028390
vt 0.145164 0.030009
vt 0.142194 0.033046
vt 0.138848 0.036946
vt 0.137456 0.035763
vt 0.133389 0.003620
vt 0.139168 0.001978
vt 0.150246 0.012247
vt 0.150246 0.018925
vt 0.146861 0.026244
vt 0.145901 0.006734
vt 0.593962 0.975467
vt 0.593822 0.971203
vt 0.599109 0.970345
vt 0.599749 0.975716
vt 0.593604 0.964608
vt 0.594152 0.956273
vt 0.598882 0.955823
vt 0.598554 0.963981
vt 0.597258 0.951360
vt 0.602988 0.947946
vt 0.605865 0.951028
vt 0.602158 0.953038
vt 0.598386 0.944619
vt 0.599731 0.943452
vt 0.594554 0.978655
vt 0.600142 0.980296
vt 0.610837 0.963613
vt 0.610837 0.969994
vt 0.607533 0.955564
vt 0.606644 0.975510
vt 0.021121 0.435471
vt 0.017709 0.408401
vt 0.042145 0.412299
vt 0.043767 0.432801
vt 0.044335 0.459515
vt 0.025663 0.460591
vt 0.019625 0.384154
vt 0.044335 0.390677
vt 0.935161 0.215161
vt 0.936334 0.125628
vt 0.950739 0.130905
vt 0.950739 0.211434
vt 0.367455 0.856001
vt 0.359517 0.841412
vt 0.383058 0.836454
vt 0.388701 0.848918
vt 0.477349 0.869458
vt 0.383335 0.865018
vt 0.397995 0.858348
vt 0.477941 0.860153
vt 0.477425 0.832874
vt 0.477789 0.843390
vt 0.477468 0.848722
vt 0.383325 0.812466
vt 0.477260 0.809532
vt 0.477641 0.824004
vt 0.697328 0.797906
vt 0.776749 0.797906
vt 0.771077 0.815043
vt 0.696133 0.815021
vt 0.910958 0.217980
vt 0.908184 0.121934
vt 0.762871 0.911316
vt 0.699009 0.911330
vt 0.358616 0.813207
vt 0.350257 0.844814
vt 0.349387 0.815166
vt 0.358407 0.860292
vt 0.778349 0.822481
vt 0.771444 0.911037
vt 0.785714 0.806722
vt 0.695813 0.907922
vt 0.632032 0.911330
vt 0.632003 0.854592
vt 0.695813 0.853456
vt 0.623920 0.907847
vt 0.619256 0.899853
vt 0.619241 0.854820
vt 0.623897 0.854737
vt 0.616983 0.889231
vt 0.617170 0.854857
vt 0.613633 0.854919
vt 0.613451 0.884832
vt 0.608466 0.855012
vt 0.608154 0.875747
vt 0.600169 0.855159
vt 0.603088 0.868241
vt 0.480296 0.809722
vt 0.886633 0.216563
vt 0.870866 0.213741
vt 0.866218 0.133347
vt 0.880294 0.127246
vt 0.366213 0.773850
vt 0.387641 0.778810
vt 0.382360 0.790309
vt 0.358690 0.786764
vt 0.475688 0.759606
vt 0.476533 0.767007
vt 0.396670 0.770673
vt 0.381847 0.766556
vt 0.476854 0.781527
vt 0.476776 0.789997
vt 0.476393 0.777632
vt 0.477231 0.796839
vt 0.897304 0.608450
vt 0.899015 0.625576
vt 0.823862 0.627844
vt 0.817662 0.610828
vt 0.899015 0.722240
vt 0.834975 0.724138
vt 0.349387 0.787261
vt 0.801852 0.610712
vt 0.810364 0.601265
vt 0.808936 0.619937
vt 0.816793 0.635520
vt 0.826370 0.724115
vt 0.693874 0.799024
vt 0.630012 0.797890
vt 0.622029 0.801659
vt 0.617652 0.809814
vt 0.615759 0.820511
vt 0.612386 0.825032
vt 0.607416 0.834300
vt 0.602620 0.841982
vt 0.958128 0.714286
vt 0.949131 0.713619
vt 0.949131 0.673477
vt 0.958128 0.674144
vt 0.980296 0.669951
vt 0.971298 0.669284
vt 0.971298 0.629142
vt 0.980296 0.629809
vt 0.000012 0.001776
vt 0.004926 0.000192
vt 0.004926 0.009852
vt 0.001174 0.006272
vt 0.096975 0.442171
vt 0.096269 0.414980
vt 0.101709 0.414961
vt 0.102217 0.441828
vt 0.096269 0.460591
vt 0.102021 0.459983
vt 0.096431 0.401531
vt 0.101259 0.401606
vt 0.366289 0.438477
vt 0.361047 0.438133
vt 0.361554 0.411267
vt 0.366995 0.411285
vt 0.366995 0.456897
vt 0.361243 0.456288
vt 0.362005 0.397911
vt 0.366832 0.397836
vt 0.976288 0.592613
vt 0.982759 0.589239
vt 0.980895 0.622280
vt 0.977198 0.625179
vt 0.383831 0.326952
vt 0.390481 0.325126
vt 0.396552 0.339745
vt 0.389901 0.341571
vt 0.389775 0.369458
vt 0.383477 0.366646
vt 0.969302 0.978219
vt 0.963655 0.980296
vt 0.963655 0.948449
vt 0.969512 0.949826
vt 0.602241 0.937959
vt 0.596151 0.938424
vt 0.593735 0.902196
vt 0.599794 0.904197
vt 0.595836 0.884423
vt 0.601585 0.886682
vt 0.969817 0.595986
vt 0.969049 0.587944
vt 0.975904 0.584532
vt 0.307664 0.008005
vt 0.307882 0.014778
vt 0.303056 0.014094
vt 0.303392 0.007663
vt 0.307447 0.001233
vt 0.303728 0.001233
vt 0.982759 0.581120
vt 0.605854 0.906198
vt 0.607645 0.888682
vt 0.608331 0.937495
vt 0.974949 0.976143
vt 0.975370 0.951203
vt 0.383250 0.343397
vt 0.377180 0.363834
vt 0.377180 0.328779
vt 0.973501 0.628079
vt 0.593735 0.873867
vt 0.599853 0.875124
vt 0.605177 0.881472
vt 0.610837 0.884394
vt 0.639751 0.169736
vt 0.639645 0.176951
vt 0.624141 0.174526
vt 0.623026 0.157199
vt 0.789262 0.067888
vt 0.799279 0.083524
vt 0.786685 0.093719
vt 0.777070 0.077919
vt 0.419187 0.613106
vt 0.411660 0.595720
vt 0.416670 0.589228
vt 0.424197 0.606614
vt 0.427314 0.580885
vt 0.434841 0.598271
vt 0.434450 0.578854
vt 0.439570 0.586738
vt 0.732278 0.921264
vt 0.748375 0.922206
vt 0.749181 0.931022
vt 0.733224 0.929595
vt 0.400849 0.575622
vt 0.405859 0.569130
vt 0.751231 0.951793
vt 0.733146 0.950909
vt 0.640394 0.198001
vt 0.624889 0.195576
vt 0.416504 0.560787
vt 0.811590 0.102351
vt 0.798996 0.112546
vt 0.423270 0.559650
vt 0.747321 0.974138
vt 0.732155 0.973019
vt 0.392425 0.549769
vt 0.399629 0.544101
vt 0.822660 0.122810
vt 0.810066 0.133005
vt 0.406339 0.542644
vt 0.386846 0.556511
vt 0.634113 0.219212
vt 0.622642 0.217284
vt 0.767590 0.065538
vt 0.783503 0.058664
vt 0.444086 0.594758
vt 0.439934 0.608434
vt 0.622642 0.147049
vt 0.638832 0.162342
vt 0.772935 0.083611
vt 0.764382 0.073587
vt 0.723756 0.921408
vt 0.724018 0.914021
vt 0.734689 0.915208
vt 0.429240 0.618923
vt 0.801232 0.066643
vt 0.781471 0.045280
vt 0.807755 0.052812
vt 0.448699 0.614691
vt 0.438422 0.626222
vt 0.425847 0.627411
vt 0.434168 0.633005
vt 0.453133 0.595120
vt 0.750092 0.913548
vt 0.724746 0.950203
vt 0.723756 0.972313
vt 0.724825 0.928890
vt 0.764167 0.057164
vt 0.469682 0.612651
vt 0.472110 0.593119
vt 0.491996 0.591230
vt 0.491573 0.610723
vt 0.456703 0.566698
vt 0.475680 0.564697
vt 0.491553 0.562885
vt 0.450280 0.567206
vt 0.492926 0.624601
vt 0.471034 0.626530
vt 0.450052 0.628570
vt 0.443579 0.629261
vt 0.949085 0.899539
vt 0.944720 0.888886
vt 0.967977 0.891541
vt 0.969770 0.903387
vt 0.948663 0.914603
vt 0.974138 0.919951
vt 0.945583 0.873504
vt 0.965980 0.882961
vt 0.951661 0.861083
vt 0.974138 0.864307
vt 0.797120 0.038191
vt 0.816022 0.041017
vt 0.910653 0.455388
vt 0.886747 0.457581
vt 0.885501 0.432428
vt 0.909354 0.432457
vt 0.869867 0.456081
vt 0.868591 0.432535
vt 0.804917 0.017770
vt 0.822660 0.023640
vt 0.911330 0.471950
vt 0.887460 0.477832
vt 0.808034 0.000787
vt 0.787750 0.019543
vt 0.790872 0.002508
vt 0.549101 0.269977
vt 0.532609 0.282923
vt 0.533425 0.265535
vt 0.548890 0.262760
vt 0.752612 0.926233
vt 0.772905 0.928765
vt 0.773342 0.943859
vt 0.752556 0.939513
vt 0.573290 0.610120
vt 0.564029 0.603904
vt 0.570122 0.586254
vt 0.579382 0.592470
vt 0.552212 0.595996
vt 0.558304 0.578347
vt 0.933530 0.800614
vt 0.939722 0.806971
vt 0.938808 0.816177
vt 0.931503 0.818654
vt 0.956585 0.806040
vt 0.955527 0.814731
vt 0.579869 0.565758
vt 0.589130 0.571974
vt 0.955435 0.836920
vt 0.936492 0.837822
vt 0.533796 0.244417
vt 0.549261 0.241641
vt 0.568051 0.557850
vt 0.773033 0.958978
vt 0.752247 0.954633
vt 0.931411 0.840843
vt 0.956707 0.859234
vt 0.940378 0.860554
vt 0.586310 0.542644
vt 0.590987 0.547008
vt 0.774631 0.971675
vt 0.753845 0.967329
vt 0.935613 0.863301
vt 0.599754 0.553674
vt 0.532401 0.224732
vt 0.540358 0.221806
vt 0.752472 0.918742
vt 0.774630 0.918038
vt 0.547440 0.606350
vt 0.544999 0.592803
vt 0.549655 0.584605
vt 0.548320 0.277412
vt 0.532401 0.293103
vt 0.567081 0.624674
vt 0.559209 0.616404
vt 0.954112 0.799774
vt 0.965305 0.798767
vt 0.965517 0.806428
vt 0.699189 0.940021
vt 0.698764 0.923984
vt 0.721404 0.932023
vt 0.722906 0.938197
vt 0.550425 0.624052
vt 0.536738 0.612985
vt 0.558940 0.630587
vt 0.533149 0.593570
vt 0.937995 0.797943
vt 0.964246 0.836420
vt 0.965517 0.858735
vt 0.964338 0.814232
vt 0.465517 0.464289
vt 0.465517 0.482759
vt 0.452971 0.477573
vt 0.453709 0.464310
vt 0.513691 0.611798
vt 0.512108 0.592344
vt 0.507653 0.564077
vt 0.528694 0.565303
vt 0.538382 0.566351
vt 0.515043 0.625677
vt 0.538091 0.626864
vt 0.545366 0.627288
vt 0.694625 0.950999
vt 0.673100 0.954375
vt 0.675658 0.942215
vt 0.695102 0.966624
vt 0.669041 0.971675
vt 0.676880 0.933543
vt 0.669041 0.913963
vt 0.692876 0.910935
vt 0.708788 0.918730
vt 0.910653 0.409608
vt 0.886747 0.407380
vt 0.869867 0.409081
vt 0.887460 0.387341
vt 0.870784 0.385697
vt 0.911330 0.393220
vt 0.857908 0.432704
vt 0.859184 0.409164
vt 0.862339 0.378565
vt 0.173570 0.988101
vt 0.176089 0.972959
vt 0.181132 0.980634
vt 0.177718 0.988968
vt 0.169484 0.997537
vt 0.168642 0.997299
vt 0.167349 0.985970
vt 0.167800 0.997061
vt 0.189655 0.990102
vt 0.188621 0.991102
vt 0.168433 0.976658
vt 0.159760 0.983155
vt 0.160187 0.981323
vt 0.188430 0.968800
vt 0.189655 0.969446
vt 0.171420 0.965765
vt 0.172933 0.966093
vt 0.764615 0.655172
vt 0.754364 0.659598
vt 0.750222 0.647527
vt 0.764458 0.642969
vt 0.787423 0.641179
vt 0.788527 0.653489
vt 0.729334 0.108122
vt 0.731083 0.095542
vt 0.746291 0.094832
vt 0.742913 0.108603
vt 0.740152 0.118327
vt 0.725985 0.119817
vt 0.790640 0.665407
vt 0.766592 0.666256
vt 0.757023 0.670612
vt 0.759636 0.679584
vt 0.769251 0.677778
vt 0.770470 0.688389
vt 0.760320 0.688114
vt 0.790512 0.676734
vt 0.737019 0.129445
vt 0.723694 0.131372
vt 0.735110 0.141122
vt 0.723750 0.142919
vt 0.790131 0.687538
vt 0.762661 0.132619
vt 0.760868 0.140758
vt 0.764418 0.112760
vt 0.763627 0.124507
vt 0.763616 0.098653
vt 0.733950 0.082263
vt 0.748633 0.084142
vt 0.765223 0.088055
vt 0.763212 0.629646
vt 0.785216 0.627863
vt 0.747943 0.632555
vt 0.758983 0.616333
vt 0.778847 0.610483
vt 0.744042 0.066734
vt 0.753680 0.071284
vt 0.746144 0.626083
vt 0.768473 0.079677
vt 0.764615 0.719676
vt 0.764457 0.730319
vt 0.750222 0.725442
vt 0.754364 0.715655
vt 0.788527 0.719191
vt 0.787423 0.730780
vt 0.729334 0.178003
vt 0.742913 0.174116
vt 0.746291 0.188124
vt 0.731083 0.190842
vt 0.725985 0.165814
vt 0.740152 0.164245
vt 0.766592 0.709884
vt 0.790640 0.708653
vt 0.757023 0.705397
vt 0.759636 0.696966
vt 0.769251 0.699582
vt 0.790512 0.698347
vt 0.737020 0.152899
vt 0.723694 0.154360
vt 0.762661 0.148902
vt 0.763627 0.157094
vt 0.764418 0.169231
vt 0.763169 0.184708
vt 0.748633 0.199315
vt 0.733950 0.204655
vt 0.765688 0.196066
vt 0.785216 0.742935
vt 0.763212 0.743109
vt 0.747943 0.737947
vt 0.778847 0.756158
vt 0.758983 0.753661
vt 0.753680 0.213681
vt 0.744042 0.221675
vt 0.746144 0.743245
vt 0.768473 0.205945
vt 0.496495 0.457839
vt 0.525057 0.460484
vt 0.527094 0.484067
vt 0.496755 0.481257
vt 0.775463 0.574242
vt 0.796827 0.580098
vt 0.794564 0.608374
vt 0.767909 0.606214
vt 0.243883 0.746796
vt 0.240329 0.774865
vt 0.211695 0.776612
vt 0.215471 0.746796
vt 0.810510 0.256639
vt 0.841786 0.245711
vt 0.842365 0.278942
vt 0.808181 0.282020
vt 0.815190 0.572455
vt 0.817734 0.595992
vt 0.250053 0.792709
vt 0.222024 0.795566
vt 0.353033 0.770820
vt 0.359606 0.782506
vt 0.312745 0.789362
vt 0.303859 0.773427
vt 0.786981 0.485314
vt 0.801181 0.478036
vt 0.809884 0.518933
vt 0.790629 0.529069
vt 0.816878 0.156478
vt 0.838694 0.155058
vt 0.842364 0.197740
vt 0.813224 0.199990
vt 0.355154 0.752800
vt 0.306942 0.748807
vt 0.770075 0.484666
vt 0.767909 0.527793
vt 0.495582 0.365913
vt 0.513964 0.367296
vt 0.519555 0.406710
vt 0.494509 0.404431
vt 0.493592 0.362404
vt 0.516067 0.364103
vt 0.815446 0.363906
vt 0.814232 0.344599
vt 0.818021 0.344234
vt 0.819058 0.360050
vt 0.821566 0.325844
vt 0.839902 0.325667
vt 0.839012 0.328750
vt 0.824016 0.328881
vt 0.839902 0.364532
vt 0.839019 0.360591
vt 0.483782 0.376252
vt 0.487532 0.377289
vt 0.716269 0.238916
vt 0.716282 0.211472
vt 0.723585 0.211313
vt 0.723582 0.238744
vt 0.660156 0.428328
vt 0.665025 0.446352
vt 0.658213 0.445055
vt 0.653364 0.427007
vt 0.058629 0.946806
vt 0.066503 0.960946
vt 0.058722 0.960026
vt 0.050902 0.945931
vt 0.492330 0.355378
vt 0.514834 0.357025
vt 0.660234 0.465517
vt 0.653439 0.464200
vt 0.063857 0.982759
vt 0.056073 0.981835
vt 0.798479 0.165025
vt 0.790088 0.145107
vt 0.795996 0.143363
vt 0.802956 0.159934
vt 0.648382 0.459268
vt 0.652383 0.443332
vt 0.050902 0.979977
vt 0.053090 0.961864
vt 0.729064 0.213633
vt 0.729064 0.236399
vt 0.648382 0.428321
vt 0.798469 0.125318
vt 0.802956 0.126924
vt 0.524093 0.490913
vt 0.501250 0.488798
vt 0.557119 0.742491
vt 0.553857 0.717113
vt 0.561256 0.716896
vt 0.563712 0.736005
vt 0.564146 0.691093
vt 0.589901 0.690458
vt 0.588395 0.696826
vt 0.569002 0.697304
vt 0.589901 0.743842
vt 0.588395 0.737022
vt 0.483782 0.499406
vt 0.491482 0.502463
vt 0.840138 0.975130
vt 0.843710 0.956181
vt 0.847259 0.957491
vt 0.843687 0.976440
vt 0.730929 0.418139
vt 0.737070 0.395010
vt 0.741379 0.395590
vt 0.735238 0.418719
vt 0.044335 0.548666
vt 0.044335 0.574980
vt 0.040230 0.574558
vt 0.040230 0.548245
vt 0.571451 0.698571
vt 0.563704 0.718162
vt 0.730929 0.378956
vt 0.735238 0.379536
vt 0.525310 0.494369
vt 0.502467 0.492254
vt 0.840138 0.939937
vt 0.842372 0.936444
vt 0.850468 0.956403
vt 0.704995 0.213331
vt 0.706260 0.234782
vt 0.703031 0.235657
vt 0.701593 0.211268
vt 0.722906 0.248704
vt 0.721958 0.251486
vt 0.846407 0.977947
vt 0.722906 0.205406
vt 0.721958 0.202258
vt 0.038176 0.576799
vt 0.038176 0.546882
vt 0.033888 0.578818
vt 0.033888 0.545181
vt 0.846416 0.934165
vt 0.859507 0.956277
vt 0.699247 0.238361
vt 0.697630 0.210939
vt 0.720527 0.256158
vt 0.850952 0.980827
vt 0.674594 0.648147
vt 0.674594 0.625372
vt 0.678595 0.623774
vt 0.678595 0.649381
vt 0.051736 0.929147
vt 0.051736 0.905346
vt 0.068966 0.912160
vt 0.068966 0.935961
vt 0.692118 0.624640
vt 0.692118 0.650246
vt 0.320197 0.002224
vt 0.320197 0.032076
vt 0.309909 0.036946
vt 0.309909 0.007093
vt 0.238395 0.036946
vt 0.238395 0.006175
vt 0.249510 0.001867
vt 0.251231 0.031686
vt 0.864532 0.961865
vt 0.860593 0.982759
vt 0.022019 0.576454
vt 0.022019 0.544698
vt 0.585968 0.751558
vt 0.613574 0.747978
vt 0.623153 0.765239
vt 0.594986 0.767808
vt 0.840650 0.817706
vt 0.850985 0.848724
vt 0.826781 0.854680
vt 0.821633 0.826691
vt 0.815709 0.502094
vt 0.815709 0.477186
vt 0.842365 0.473547
vt 0.840803 0.498667
vt 0.619837 0.802956
vt 0.583293 0.802319
vt 0.801498 0.848924
vt 0.801770 0.824379
vt 0.554456 0.824236
vt 0.552810 0.804548
vt 0.591133 0.805700
vt 0.590535 0.825321
vt 0.565733 0.900611
vt 0.558833 0.865603
vt 0.591133 0.866725
vt 0.589443 0.901478
vt 0.821007 0.729583
vt 0.822597 0.773689
vt 0.801625 0.769033
vt 0.805588 0.726314
vt 0.483914 0.774835
vt 0.532088 0.770804
vt 0.529656 0.802956
vt 0.482388 0.798906
vt 0.820732 0.598522
vt 0.817585 0.557586
vt 0.839590 0.554597
vt 0.836820 0.596396
vt 0.836610 0.726314
vt 0.843427 0.769008
vt 0.478287 0.764640
vt 0.524203 0.756586
vt 0.343578 0.421095
vt 0.348669 0.420307
vt 0.359606 0.436498
vt 0.356959 0.440887
vt 0.870763 0.766010
vt 0.867139 0.762119
vt 0.868128 0.746355
vt 0.871921 0.746761
vt 0.864706 0.727648
vt 0.862230 0.730709
vt 0.847338 0.730205
vt 0.846496 0.727016
vt 0.846496 0.765995
vt 0.847331 0.762138
vt 0.356903 0.399037
vt 0.359606 0.402208
vt 0.481331 0.044335
vt 0.473432 0.043754
vt 0.474871 0.014288
vt 0.482759 0.014855
vt 0.702308 0.945750
vt 0.709379 0.945089
vt 0.705490 0.963514
vt 0.698401 0.964152
vt 0.338678 0.420993
vt 0.351948 0.399017
vt 0.467841 0.001962
vt 0.475706 0.002499
vt 0.709312 0.982102
vt 0.702238 0.982759
vt 0.446598 0.139880
vt 0.453904 0.139930
vt 0.453911 0.160099
vt 0.446603 0.160051
vt 0.850022 0.546798
vt 0.845749 0.543102
vt 0.853695 0.529562
vt 0.859606 0.530545
vt 0.711079 0.961974
vt 0.714286 0.977447
vt 0.458128 0.142395
vt 0.458128 0.159143
vt 0.467841 0.040936
vt 0.469038 0.016482
vt 0.714286 0.946652
vt 0.845749 0.510081
vt 0.850036 0.507095
vt 0.477030 0.939749
vt 0.486583 0.938515
vt 0.500000 0.956063
vt 0.494849 0.963054
vt 0.987039 0.253154
vt 0.980482 0.246778
vt 0.982823 0.228058
vt 0.990148 0.228292
vt 0.980177 0.202163
vt 0.975316 0.208384
vt 0.956345 0.207452
vt 0.954982 0.200925
vt 0.954982 0.253695
vt 0.956345 0.247185
vt 0.491986 0.912612
vt 0.497845 0.918082
vt 0.950739 0.043380
vt 0.946941 0.044667
vt 0.942452 0.026102
vt 0.946250 0.024815
vt 0.374384 0.455665
vt 0.370405 0.455274
vt 0.370405 0.435379
vt 0.374384 0.435770
vt 0.304687 0.327142
vt 0.308891 0.327546
vt 0.303622 0.354052
vt 0.299418 0.353647
vt 0.946941 0.006747
vt 0.950739 0.005460
vt 0.500000 0.918926
vt 0.488739 0.939358
vt 0.299225 0.314154
vt 0.303429 0.314558
vt 0.939466 0.025464
vt 0.944569 0.003458
vt 0.469296 0.951932
vt 0.465622 0.954475
vt 0.467698 0.924822
vt 0.471122 0.925850
vt 0.486529 0.913120
vt 0.487685 0.915558
vt 0.944569 0.046571
vt 0.487685 0.963810
vt 0.486529 0.967980
vt 0.311165 0.326581
vt 0.305174 0.356717
vt 0.315717 0.325723
vt 0.308982 0.359606
vt 0.930892 0.026337
vt 0.940295 0.001374
vt 0.461157 0.955964
vt 0.463491 0.922624
vt 0.484663 0.909467
vt 0.940295 0.049847
vt 0.647783 0.788783
vt 0.644474 0.789899
vt 0.644474 0.763176
vt 0.647783 0.765015
vt 0.450582 0.955439
vt 0.452917 0.922099
vt 0.631021 0.790640
vt 0.631021 0.763917
vt 0.951544 0.578977
vt 0.965517 0.586394
vt 0.965517 0.608374
vt 0.951544 0.600957
vt 0.790640 0.985222
vt 0.777484 0.981203
vt 0.777484 0.951779
vt 0.789062 0.954851
vt 0.929890 0.051724
vt 0.924941 0.031255
vt 0.327586 0.327619
vt 0.321227 0.359606
vt 0.130250 0.340702
vt 0.110725 0.345573
vt 0.104313 0.323787
vt 0.119157 0.317315
vt 0.090279 0.348472
vt 0.090168 0.321912
vt 0.153575 0.335297
vt 0.131905 0.313555
vt 0.156412 0.313140
vt 0.166602 0.329389
vt 0.108396 0.369551
vt 0.102424 0.373380
vt 0.151245 0.359275
vt 0.126763 0.362728
vt 0.159186 0.355674
vt 0.091073 0.299161
vt 0.107898 0.290700
vt 0.130216 0.288994
vt 0.154286 0.292571
vt 0.487685 0.973971
vt 0.481509 0.992767
vt 0.459116 1.000000
vt 0.459116 0.970162
vt 0.198202 0.299971
vt 0.196797 0.315162
vt 0.192766 0.344268
vt 0.174887 0.364044
vt 0.216914 0.330423
vt 0.225119 0.317345
vt 0.251498 0.343825
vt 0.236492 0.354791
vt 0.188828 0.370490
vt 0.208304 0.351790
vt 0.223304 0.368420
vt 0.202230 0.386043
vt 0.264778 0.368276
vt 0.248162 0.376742
vt 0.227944 0.386447
vt 0.211562 0.400246
vt 0.048304 0.339481
vt 0.059930 0.358752
vt 0.030551 0.381063
vt 0.015046 0.365369
vt 0.075134 0.379104
vt 0.091903 0.392378
vt 0.082040 0.400246
vt 0.060647 0.398606
vt 0.309743 0.123807
vt 0.288417 0.121037
vt 0.295829 0.082492
vt 0.315271 0.082663
vt 0.267936 0.108598
vt 0.245878 0.105330
vt 0.251591 0.082757
vt 0.276666 0.082630
vt 0.072572 0.305731
vt 0.278389 0.154649
vt 0.256013 0.129667
vt 0.238882 0.123226
vt 0.297103 0.167488
vt 0.432232 0.354796
vt 0.455670 0.365161
vt 0.448901 0.380724
vt 0.427152 0.374827
vt 0.449606 0.397027
vt 0.423646 0.396481
vt 0.437503 0.331609
vt 0.459386 0.352412
vt 0.442920 0.319375
vt 0.459719 0.328076
vt 0.399154 0.384218
vt 0.403467 0.377231
vt 0.410651 0.358017
vt 0.413819 0.334013
vt 0.417121 0.326556
vt 0.483780 0.372857
vt 0.474218 0.391981
vt 0.481276 0.327777
vt 0.485222 0.351023
vt 0.253695 0.987896
vt 0.225177 0.992611
vt 0.225177 0.962633
vt 0.247442 0.969248
vt 0.954211 0.577020
vt 0.954211 0.531194
vt 0.970384 0.531287
vt 0.975369 0.581281
vt 0.408025 0.312476
vt 0.426763 0.296066
vt 0.455276 0.292395
vt 0.440001 0.272733
vt 0.416544 0.252091
vt 0.427671 0.236506
vt 0.453458 0.263468
vt 0.401265 0.299318
vt 0.386323 0.285181
vt 0.402729 0.265980
vt 0.418837 0.281513
vt 0.394604 0.240995
vt 0.402895 0.224506
vt 0.371992 0.276481
vt 0.385051 0.261159
vt 0.433454 0.436615
vt 0.406312 0.472906
vt 0.391154 0.456816
vt 0.413854 0.426140
vt 0.393504 0.411490
vt 0.373361 0.427695
vt 0.371992 0.405855
vt 0.380573 0.394438
vt 0.309743 0.042501
vt 0.288417 0.045504
vt 0.267936 0.057638
vt 0.245878 0.060296
vt 0.465713 0.414315
vt 0.278389 0.013036
vt 0.256013 0.037199
vt 0.238882 0.042610
vt 0.297103 0.000149
vt 0.471065 0.289451
vt 0.227419 0.421043
vt 0.247755 0.416143
vt 0.253421 0.437901
vt 0.237477 0.444415
vt 0.270017 0.413149
vt 0.270706 0.439584
vt 0.204187 0.426421
vt 0.224670 0.448164
vt 0.200307 0.448565
vt 0.192232 0.432244
vt 0.250241 0.392237
vt 0.257697 0.388333
vt 0.206673 0.402515
vt 0.230577 0.399111
vt 0.199386 0.406064
vt 0.263838 0.462614
vt 0.243643 0.471245
vt 0.221922 0.472906
vt 0.198939 0.469273
vt 0.551724 0.967420
vt 0.546039 0.987408
vt 0.523939 0.997537
vt 0.523939 0.967141
vt 0.956422 0.262565
vt 0.977832 0.256786
vt 0.972750 0.306627
vt 0.956422 0.307882
vt 0.170069 0.417172
vt 0.185953 0.397584
vt 0.166487 0.446152
vt 0.146964 0.430905
vt 0.137188 0.444031
vt 0.109911 0.417690
vt 0.125825 0.406709
vt 0.173086 0.391094
vt 0.155889 0.409592
vt 0.140094 0.393064
vt 0.158604 0.375656
vt 0.098449 0.393211
vt 0.114965 0.384782
vt 0.135206 0.375112
vt 0.150161 0.361446
vt 0.309516 0.422263
vt 0.299521 0.402958
vt 0.330911 0.380607
vt 0.347291 0.396198
vt 0.285080 0.382627
vt 0.267861 0.369422
vt 0.280000 0.361446
vt 0.302116 0.363041
vt 0.514874 0.684289
vt 0.515569 0.705890
vt 0.472558 0.703928
vt 0.471340 0.684031
vt 0.505150 0.728143
vt 0.502877 0.751238
vt 0.479965 0.748040
vt 0.475930 0.722996
vt 0.287907 0.455737
vt 0.552865 0.711371
vt 0.528967 0.737333
vt 0.521722 0.756158
vt 0.562808 0.691150
vt 0.162851 0.461425
vt 0.721825 0.729505
vt 0.739061 0.710227
vt 0.750879 0.721023
vt 0.738577 0.740059
vt 0.022986 0.887589
vt 0.025586 0.910538
vt 0.005818 0.917810
vt 0.004252 0.894025
vt 0.701365 0.717605
vt 0.728137 0.702925
vt 0.690418 0.708520
vt 0.705165 0.695434
vt 0.007943 0.865874
vt 0.017587 0.867025
vt 0.719101 0.751331
vt 0.696859 0.741093
vt 0.734072 0.763547
vt 0.690188 0.735555
vt 0.038971 0.909723
vt 0.056650 0.940887
vt 0.032999 0.940032
vt 0.713962 0.675486
vt 0.737923 0.678779
vt 0.000101 0.940887
vt 0.758621 0.686723
vt 0.664580 0.687545
vt 0.668168 0.672049
vt 0.672395 0.739602
vt 0.660442 0.716215
vt 0.641250 0.696347
vt 0.616578 0.713310
vt 0.605794 0.698258
vt 0.637653 0.681074
vt 0.657165 0.741980
vt 0.640592 0.752518
vt 0.624861 0.730412
vt 0.643323 0.719233
vt 0.599268 0.730989
vt 0.585961 0.718141
vt 0.627603 0.763547
vt 0.615579 0.746099
vt 0.347210 0.905417
vt 0.342906 0.863906
vt 0.363872 0.863206
vt 0.368853 0.899229
vt 0.393374 0.894782
vt 0.397205 0.870732
vt 0.413026 0.884051
vt 0.413793 0.896615
vt 0.436150 0.693172
vt 0.442434 0.714142
vt 0.455808 0.733710
vt 0.459273 0.756158
vt 0.366185 0.945813
vt 0.383682 0.926924
vt 0.408699 0.917271
vt 0.342906 0.945612
vt 0.415750 0.726843
vt 0.439436 0.747435
vt 0.646148 0.213333
vt 0.646148 0.187197
vt 0.665792 0.195577
vt 0.667488 0.214286
vt 0.400783 0.709432
vt 0.623153 0.142575
vt 0.616279 0.160307
vt 0.598009 0.160239
vt 0.605224 0.142474
vt 0.326970 0.514737
vt 0.308399 0.511467
vt 0.310095 0.486195
vt 0.328636 0.489065
vt 0.312176 0.465219
vt 0.331356 0.460988
vt 0.615863 0.347640
vt 0.623153 0.365785
vt 0.596135 0.365294
vt 0.572878 0.347544
vt 0.349046 0.493536
vt 0.352052 0.461790
vt 0.370322 0.477738
vt 0.368420 0.499240
vt 0.607679 0.328182
vt 0.572970 0.328295
vt 0.574244 0.311357
vt 0.606775 0.311357
vt 0.347545 0.516899
vt 0.367229 0.515472
vt 0.590507 0.179676
vt 0.607373 0.179858
vt 0.603199 0.198468
vt 0.587706 0.198224
vt 0.569296 0.197764
vt 0.569034 0.179237
vt 0.568638 0.159805
vt 0.587462 0.142611
vt 0.589660 0.475769
vt 0.599221 0.474139
vt 0.599790 0.506942
vt 0.591051 0.507389
vt 0.195621 0.487277
vt 0.194418 0.505142
vt 0.159658 0.502868
vt 0.160740 0.486770
vt 0.606663 0.033410
vt 0.592382 0.033493
vt 0.593742 0.000231
vt 0.607302 0.000168
vt 0.196916 0.473822
vt 0.161970 0.473709
vt 0.193827 0.517241
vt 0.159066 0.514493
vt 0.620282 0.474403
vt 0.619676 0.507273
vt 0.758990 0.795326
vt 0.759394 0.784093
vt 0.791872 0.783975
vt 0.791464 0.795085
vt 0.752639 0.015047
vt 0.746649 0.028798
vt 0.740249 0.028649
vt 0.736658 0.013031
vt 0.749701 0.049592
vt 0.736447 0.043670
vt 0.758621 0.070197
vt 0.729066 0.059564
vt 0.759245 0.770786
vt 0.791730 0.770804
vt 0.758621 0.001219
vt 0.731717 0.003709
vt 0.582137 0.032486
vt 0.583748 0.000406
vt 0.589242 0.104683
vt 0.578031 0.101188
vt 0.580525 0.064565
vt 0.591023 0.066756
vt 0.689894 0.783472
vt 0.689701 0.769173
vt 0.726761 0.770767
vt 0.726917 0.784212
vt 0.689499 0.795566
vt 0.726516 0.795566
vt 0.597393 0.403314
vt 0.622020 0.403659
vt 0.620888 0.441532
vt 0.598652 0.441335
vt 0.621281 0.104704
vt 0.605623 0.104563
vt 0.606023 0.066653
vt 0.619409 0.066834
vt 0.272019 0.469577
vt 0.270299 0.486990
vt 0.230502 0.487784
vt 0.231862 0.473935
vt 0.268788 0.509442
vt 0.229178 0.507417
vt 0.585982 0.407835
vt 0.588269 0.444148
vt 0.392857 0.484661
vt 0.391375 0.501051
vt 0.603227 0.220443
vt 0.587795 0.220193
vt 0.569504 0.219798
vt 0.574857 0.290193
vt 0.607288 0.290316
vt 0.390203 0.517241
vt 0.512516 0.142575
vt 0.532957 0.142474
vt 0.539318 0.160239
vt 0.519529 0.160307
vt 0.530788 0.281709
vt 0.514438 0.283081
vt 0.513000 0.264490
vt 0.530554 0.262783
vt 0.477585 0.289389
vt 0.484235 0.269506
vt 0.531111 0.347640
vt 0.551131 0.365294
vt 0.524729 0.365785
vt 0.515240 0.303893
vt 0.514407 0.324187
vt 0.489980 0.328054
vt 0.474909 0.310681
vt 0.539161 0.328182
vt 0.542649 0.311357
vt 0.528989 0.302893
vt 0.527043 0.322709
vt 0.547337 0.179676
vt 0.549820 0.198224
vt 0.531492 0.198468
vt 0.528157 0.179858
vt 0.549083 0.142611
vt 0.559368 0.475769
vt 0.557677 0.507389
vt 0.548159 0.506942
vt 0.549039 0.474139
vt 0.498688 0.153513
vt 0.494030 0.119639
vt 0.505379 0.118516
vt 0.511227 0.152275
vt 0.530739 0.033410
vt 0.529890 0.000168
vt 0.542725 0.000231
vt 0.544111 0.033493
vt 0.479364 0.156870
vt 0.475672 0.122788
vt 0.516672 0.033590
vt 0.517353 0.000347
vt 0.528842 0.507273
vt 0.528414 0.474403
vt 0.242306 0.727032
vt 0.209925 0.724279
vt 0.211760 0.709907
vt 0.244168 0.712511
vt 0.362488 0.733122
vt 0.348755 0.734691
vt 0.350941 0.718175
vt 0.355498 0.717662
vt 0.362600 0.699007
vt 0.352808 0.705640
vt 0.574290 0.362224
vt 0.565677 0.371521
vt 0.213325 0.699007
vt 0.245754 0.701499
vt 0.369458 0.748653
vt 0.352265 0.748768
vt 0.242277 0.737954
vt 0.208756 0.734582
vt 0.314032 0.745047
vt 0.275799 0.741326
vt 0.274687 0.729786
vt 0.311721 0.732238
vt 0.313759 0.716645
vt 0.276576 0.715116
vt 0.278183 0.703991
vt 0.315496 0.704816
vt 0.550525 0.403314
vt 0.549918 0.441335
vt 0.527985 0.441532
vt 0.526357 0.403659
vt 0.514254 0.104704
vt 0.515992 0.066834
vt 0.531589 0.066653
vt 0.532273 0.104563
vt 0.483645 0.230229
vt 0.483056 0.190952
vt 0.503347 0.187387
vt 0.508173 0.225938
vt 0.545497 0.066756
vt 0.547290 0.104683
vt 0.517076 0.186035
vt 0.523815 0.224409
vt 0.563368 0.407835
vt 0.561059 0.444148
vt 0.518179 0.346543
vt 0.498445 0.349754
vt 0.550007 0.220193
vt 0.531619 0.220443
vt 0.543351 0.290316
vt 0.530788 0.345084
vt 0.652641 0.767579
vt 0.646750 0.749661
vt 0.685207 0.755717
vt 0.652482 0.795566
vt 0.652871 0.782733
vt 0.575537 0.137812
vt 0.618539 0.033590
vt 0.104245 0.427028
vt 0.113301 0.427577
vt 0.113301 0.434497
vt 0.104245 0.433949
vt 0.889112 0.094673
vt 0.898786 0.095176
vt 0.898051 0.102219
vt 0.890936 0.101372
vt 0.903941 0.096606
vt 0.903941 0.103499
vt 0.897842 0.837353
vt 0.892096 0.836944
vt 0.893583 0.830189
vt 0.898949 0.830474
vt 0.881043 0.095686
vt 0.881020 0.102639
vt 0.386095 0.204114
vt 0.389461 0.204992
vt 0.386132 0.214286
vt 0.384501 0.213860
vt 0.317738 0.444802
vt 0.307816 0.441566
vt 0.307225 0.435590
vt 0.316105 0.438487
vt 0.233027 0.002204
vt 0.236453 0.001946
vt 0.236453 0.007389
vt 0.231888 0.004349
vt 0.890499 0.121790
vt 0.886709 0.121921
vt 0.898109 0.120195
vt 0.895669 0.119905
vt 0.895207 0.813290
vt 0.899574 0.812651
vt 0.877646 0.095915
vt 0.877646 0.102807
vt 0.905489 0.838385
vt 0.906976 0.831630
vt 0.386746 0.198371
vt 0.388375 0.184013
vt 0.391741 0.184891
vt 0.390112 0.199249
vt 0.326108 0.445056
vt 0.325517 0.439081
vt 0.882277 0.120336
vt 0.876310 0.119064
vt 0.110259 0.450351
vt 0.107746 0.450739
vt 0.462130 0.142811
vt 0.475369 0.142811
vt 0.473075 0.157228
vt 0.468449 0.157635
vt 0.001193 0.059113
vt 0.001193 0.054830
vt 0.004505 0.055034
vt 0.004926 0.058692
vt 0.178417 0.451270
vt 0.189655 0.451270
vt 0.185271 0.470443
vt 0.181323 0.470443
vt 0.904530 0.812439
vt 0.908285 0.813275
vt 0.470443 0.250216
vt 0.470443 0.268473
vt 0.453436 0.260026
vt 0.454406 0.255903
vt 0.317331 0.419959
vt 0.323091 0.418091
vt 0.323879 0.419673
vt 0.320376 0.420952
vt 0.464082 0.395835
vt 0.480296 0.395835
vt 0.476367 0.413793
vt 0.470807 0.413793
vt 0.168139 0.369199
vt 0.179803 0.369199
vt 0.174603 0.384236
vt 0.170603 0.384236
vt 0.321582 0.427178
vt 0.326530 0.425370
vt 0.327586 0.426897
vt 0.326142 0.427465
vt 0.903436 0.115592
vt 0.900583 0.114972
vt 0.457739 0.295376
vt 0.467980 0.295376
vt 0.466075 0.307882
vt 0.461114 0.307882
vt 0.327586 0.459995
vt 0.321821 0.460591
vt 0.901771 0.855271
vt 0.895074 0.854551
vt 0.877646 0.078683
vt 0.881099 0.078305
vt 0.309294 0.456505
vt 0.884553 0.077927
vt 0.888378 0.853830
vt 0.900623 0.077570
vt 0.903941 0.079374
vt 0.871849 0.096183
vt 0.870040 0.090877
vt 0.181811 0.001870
vt 0.184729 0.002033
vt 0.184729 0.007389
vt 0.181811 0.007226
vt 0.879631 0.838832
vt 0.882541 0.834070
vt 0.399015 0.376847
vt 0.392216 0.369975
vt 0.396248 0.357027
vt 0.399015 0.358664
vt 0.088077 0.314465
vt 0.088077 0.304564
vt 0.093596 0.311927
vt 0.092970 0.315271
vt 0.039409 0.342365
vt 0.030463 0.342365
vt 0.031247 0.333681
vt 0.037955 0.333681
vt 0.396552 0.183445
vt 0.392624 0.174673
vt 0.396232 0.173588
vt 0.881004 0.069657
vt 0.883594 0.069373
vt 0.893604 0.863623
vt 0.888583 0.863083
vt 0.390100 0.174015
vt 0.886183 0.069090
vt 0.898233 0.068822
vt 0.384501 0.180401
vt 0.387196 0.171306
vt 0.908867 0.856521
vt 0.903946 0.865100
vt 0.898625 0.864163
vt 0.031243 0.295767
vt 0.037951 0.295767
vt 0.391223 0.142234
vt 0.393747 0.142892
vt 0.883811 0.030865
vt 0.886401 0.030581
vt 0.884652 0.900938
vt 0.879631 0.900397
vt 0.896894 0.228453
vt 0.901478 0.228791
vt 0.901478 0.263547
vt 0.896894 0.263209
vt 0.889673 0.901478
vt 0.887683 0.223518
vt 0.887683 0.258275
vt 0.900721 0.070175
vt 0.898451 0.030314
vt 0.900939 0.031667
vt 0.881222 0.031148
vt 0.000955 0.792790
vt 0.001110 0.785141
vt 0.010576 0.784350
vt 0.010421 0.791999
vt 0.783128 0.159138
vt 0.781894 0.166756
vt 0.775797 0.168222
vt 0.775382 0.160472
vt 0.771080 0.170116
vt 0.770512 0.162390
vt 0.694487 0.376391
vt 0.694914 0.369556
vt 0.699967 0.370374
vt 0.699967 0.377177
vt 0.787800 0.159417
vt 0.788177 0.167184
vt 0.772768 0.183664
vt 0.771302 0.184006
vt 0.768053 0.170823
vt 0.896396 0.339703
vt 0.895241 0.346498
vt 0.886536 0.346115
vt 0.886669 0.339276
vt 0.242579 0.060028
vt 0.243842 0.064039
vt 0.239874 0.064039
vt 0.239929 0.058047
vt 0.782664 0.188965
vt 0.779719 0.189133
vt 0.778529 0.187784
vt 0.776438 0.188287
vt 0.698321 0.352354
vt 0.702292 0.353865
vt 0.012634 0.784609
vt 0.012745 0.792296
vt 0.686873 0.375763
vt 0.686873 0.368960
vt 0.767485 0.163097
vt 0.766064 0.143782
vt 0.769091 0.143075
vt 0.903518 0.340023
vt 0.903385 0.346862
vt 0.467980 0.007106
vt 0.466091 0.025057
vt 0.462224 0.026785
vt 0.466634 0.007236
vt 0.005121 0.766497
vt 0.007371 0.766585
vt 0.458384 0.027094
vt 0.454129 0.007106
vt 0.004926 0.025387
vt 0.004926 0.029557
vt 0.001502 0.027902
vt 0.001034 0.024233
vt 0.432407 0.455665
vt 0.437253 0.435975
vt 0.441097 0.435975
vt 0.443350 0.455665
vt 0.690349 0.351243
vt 0.693906 0.351177
vt 0.775483 0.189655
vt 0.767281 0.169532
vt 0.133005 0.039409
vt 0.130353 0.037986
vt 0.130618 0.034547
vt 0.133005 0.033966
vt 0.466564 0.487685
vt 0.474421 0.469705
vt 0.479974 0.469705
vt 0.482759 0.487685
vt 0.773100 0.189001
vt 0.766064 0.170306
vt 0.898390 0.363301
vt 0.895404 0.363169
vt 0.004926 0.049261
vt 0.002055 0.046556
vt 0.002135 0.045085
vt 0.004926 0.044382
vt 0.775053 0.182746
vt 0.903941 0.358650
vt 0.899996 0.358474
vt 0.127830 0.458128
vt 0.131873 0.445449
vt 0.136767 0.445449
vt 0.137931 0.458128
vt 0.903850 0.322925
vt 0.899282 0.322717
vt 0.686873 0.392771
vt 0.693420 0.393478
vt 0.010034 0.811121
vt 0.013022 0.811516
vt 0.887001 0.322178
vt 0.015815 0.793794
vt 0.016010 0.811911
vt 0.699967 0.394185
vt 0.774345 0.141097
vt 0.786212 0.140095
vt 0.227403 0.226924
vt 0.233990 0.240409
vt 0.232376 0.246305
vt 0.227403 0.246059
vt 0.006994 0.797259
vt 0.007065 0.791537
vt 0.010334 0.791199
vt 0.010264 0.796922
vt 0.710083 0.376500
vt 0.711823 0.381677
vt 0.000568 0.811911
vt 0.398604 0.005099
vt 0.401611 0.000267
vt 0.403941 0.002000
vt 0.403941 0.012315
vt 0.009509 0.821469
vt 0.002411 0.822062
vt 0.898066 0.313340
vt 0.901492 0.313495
vt 0.011750 0.821766
vt 0.698086 0.403095
vt 0.693177 0.402564
vt 0.767473 0.132904
vt 0.769742 0.132374
vt 0.773682 0.130890
vt 0.782581 0.130139
vt 0.888858 0.312935
vt 0.013990 0.822062
vt 0.688268 0.402034
vt 0.011201 0.863939
vt 0.004103 0.864532
vt 0.766172 0.089989
vt 0.768442 0.089458
vt 0.015682 0.864532
vt 0.013442 0.864236
vt 0.699032 0.440887
vt 0.694122 0.440357
vt 0.900515 0.275418
vt 0.903941 0.275573
vt 0.689213 0.439826
vt 0.891307 0.275013
vt 0.772382 0.087975
vt 0.781281 0.087224
vt 0.453606 0.892105
vt 0.429208 0.922274
vt 0.420517 0.899931
vt 0.446890 0.886841
vt 0.471521 0.876818
vt 0.472829 0.877998
vt 0.462942 0.901495
vt 0.474138 0.879179
vt 0.408896 0.870140
vt 0.411651 0.869267
vt 0.452709 0.917260
vt 0.474138 0.913337
vt 0.471739 0.916248
vt 0.414645 0.928021
vt 0.413008 0.925766
vt 0.436490 0.948276
vt 0.430569 0.945996
vt 0.843521 0.169452
vt 0.860972 0.169452
vt 0.860972 0.182681
vt 0.843521 0.182681
vt 0.864842 0.205718
vt 0.847694 0.207798
vt 0.869458 0.217581
vt 0.851439 0.221675
vt 0.977832 0.798029
vt 0.962682 0.789350
vt 0.964914 0.750843
vt 0.977832 0.758119
vt 0.893151 0.791545
vt 0.879659 0.788626
vt 0.879372 0.769051
vt 0.892658 0.769051
vt 0.894089 0.814039
vt 0.881487 0.807146
vt 0.843521 0.156223
vt 0.860972 0.156223
vt 0.847694 0.131107
vt 0.864842 0.133186
vt 0.851439 0.117229
vt 0.869458 0.121323
vt 0.985222 0.051336
vt 0.985222 0.091247
vt 0.972303 0.098522
vt 0.970071 0.060016
vt 0.893151 0.746556
vt 0.879659 0.749475
vt 0.894089 0.724062
vt 0.881487 0.730956
vt 0.445455 0.477719
vt 0.441750 0.485100
vt 0.438862 0.481012
vt 0.443814 0.476991
vt 0.448324 0.473436
vt 0.448652 0.473609
vt 0.447844 0.479153
vt 0.448979 0.473782
vt 0.435183 0.475538
vt 0.435698 0.475218
vt 0.446586 0.482899
vt 0.450739 0.480993
vt 0.450403 0.481711
vt 0.435634 0.487784
vt 0.435183 0.487408
vt 0.444385 0.490148
vt 0.443059 0.489988
vt 0.702420 0.090140
vt 0.680267 0.090325
vt 0.678285 0.029077
vt 0.702539 0.035418
vt 0.672648 0.281793
vt 0.659390 0.283127
vt 0.662493 0.219888
vt 0.684729 0.222459
vt 0.611727 0.589688
vt 0.629632 0.591686
vt 0.630231 0.651478
vt 0.606763 0.650903
vt 0.726596 0.089461
vt 0.726601 0.029077
vt 0.364268 0.655043
vt 0.366031 0.638241
vt 0.417152 0.641605
vt 0.424916 0.660098
vt 0.645020 0.592183
vt 0.655172 0.647737
vt 0.628528 0.286203
vt 0.607642 0.286679
vt 0.603743 0.221597
vt 0.622757 0.220312
vt 0.365764 0.617006
vt 0.426108 0.618776
vt 0.672788 0.417488
vt 0.645819 0.413968
vt 0.638389 0.352706
vt 0.668521 0.351320
vt 0.232216 0.646524
vt 0.232001 0.629412
vt 0.298035 0.624657
vt 0.298276 0.643830
vt 0.631107 0.407823
vt 0.622184 0.353281
vt 0.641169 0.469165
vt 0.655172 0.467340
vt 0.652960 0.528506
vt 0.637425 0.528662
vt 0.231233 0.660098
vt 0.296685 0.659002
vt 0.716397 0.202592
vt 0.698135 0.203110
vt 0.700207 0.152074
vt 0.720803 0.151705
vt 0.624155 0.472180
vt 0.618645 0.527878
vt 0.684729 0.417132
vt 0.681900 0.350626
vt 0.681779 0.208128
vt 0.681100 0.152282
vt 0.095384 0.953314
vt 0.070573 0.963054
vt 0.060875 0.944791
vt 0.072832 0.939047
vt 0.713697 0.602306
vt 0.733990 0.600550
vt 0.731688 0.618304
vt 0.720717 0.619253
vt 0.733990 0.677340
vt 0.717416 0.666527
vt 0.722727 0.653976
vt 0.731688 0.659822
vt 0.107143 0.930037
vt 0.081513 0.927085
vt 0.702514 0.646254
vt 0.696793 0.618720
vt 0.711453 0.628271
vt 0.714670 0.643015
vt 0.100291 0.902030
vt 0.076943 0.911796
vt 0.070573 0.890517
vt 0.060875 0.905572
vt 0.915043 0.337087
vt 0.916906 0.324148
vt 0.921182 0.324500
vt 0.919319 0.337438
vt 0.392467 0.605911
vt 0.392423 0.592060
vt 0.396508 0.591249
vt 0.396552 0.605100
vt 0.916480 0.310110
vt 0.915043 0.298819
vt 0.919319 0.299171
vt 0.920757 0.310462
vt 0.403122 0.343453
vt 0.403941 0.354680
vt 0.399531 0.354449
vt 0.398713 0.343222
vt 0.199507 0.388750
vt 0.199507 0.401478
vt 0.195439 0.401283
vt 0.195439 0.388555
vt 0.402684 0.322196
vt 0.398275 0.321965
vt 0.392467 0.579230
vt 0.396552 0.578419
vt 0.403941 0.310285
vt 0.399531 0.310054
vt 0.157220 0.635085
vt 0.215751 0.632814
vt 0.222906 0.658191
vt 0.157328 0.659229
vt 0.493611 0.678565
vt 0.438610 0.689655
vt 0.436018 0.668004
vt 0.494693 0.665255
vt 0.222220 0.679803
vt 0.158523 0.675397
vt 0.157245 0.616568
vt 0.221764 0.615684
vt 0.641269 0.059083
vt 0.643084 0.000489
vt 0.669359 0.009053
vt 0.662562 0.058473
vt 0.623447 0.061962
vt 0.617578 0.000489
vt 0.286399 0.696104
vt 0.224463 0.697044
vt 0.225228 0.666237
vt 0.286481 0.666373
vt 0.679803 0.002326
vt 0.674162 0.060413
vt 0.436249 0.631962
vt 0.497427 0.637316
vt 0.619458 0.677778
vt 0.558028 0.673751
vt 0.559193 0.646453
vt 0.616093 0.653455
vt 0.823522 0.144089
vt 0.823628 0.090383
vt 0.842365 0.081466
vt 0.840245 0.136130
vt 0.821613 0.029610
vt 0.842365 0.019734
vt 0.406404 0.696416
vt 0.348864 0.697044
vt 0.349044 0.671396
vt 0.400273 0.672799
vt 0.643959 0.185961
vt 0.635312 0.125460
vt 0.652572 0.123229
vt 0.659733 0.185679
vt 0.671798 0.122678
vt 0.676983 0.185607
vt 0.347982 0.657129
vt 0.399526 0.660015
vt 0.090653 0.627304
vt 0.090908 0.641948
vt 0.031187 0.664617
vt 0.090974 0.662275
vt 0.090778 0.679532
vt 0.027067 0.679803
vt 0.619258 0.689655
vt 0.557530 0.687065
vt 0.036316 0.646865
vt 0.291635 0.954244
vt 0.317829 0.950361
vt 0.326730 0.960039
vt 0.310323 0.972906
vt 0.336346 0.286589
vt 0.347311 0.272020
vt 0.357143 0.274876
vt 0.354531 0.291872
vt 0.338336 0.959439
vt 0.331788 0.971796
vt 0.289730 0.928976
vt 0.314707 0.936111
vt 0.336203 0.241882
vt 0.347233 0.247848
vt 0.340816 0.261533
vt 0.323858 0.266833
vt 0.354531 0.224814
vt 0.357143 0.238620
vt 0.308165 0.905574
vt 0.325564 0.923634
vt 0.341517 0.905574
vt 0.343596 0.923634
vt 0.968476 0.822431
vt 0.972906 0.823170
vt 0.972463 0.834975
vt 0.968032 0.834236
vt 0.968032 0.798183
vt 0.972463 0.798923
vt 0.972768 0.809197
vt 0.968337 0.808458
vt 0.594437 0.832837
vt 0.598522 0.832118
vt 0.598018 0.846571
vt 0.593933 0.847291
vt 0.593933 0.819659
vt 0.598018 0.818939
vt 0.411330 0.017241
vt 0.407255 0.017069
vt 0.407255 0.000515
vt 0.411330 0.000687
vt 0.507389 0.041812
vt 0.503009 0.041872
vt 0.501918 0.033786
vt 0.506298 0.033726
vt 0.505734 0.021260
vt 0.501354 0.021320
vt 0.503009 0.000761
vt 0.507389 0.000701
vt 0.371632 0.727210
vt 0.382818 0.724090
vt 0.384071 0.741083
vt 0.373542 0.745572
vt 0.376412 0.758549
vt 0.362676 0.758621
vt 0.905562 0.705914
vt 0.919410 0.697056
vt 0.926495 0.710835
vt 0.907491 0.715177
vt 0.093872 0.436839
vt 0.072618 0.450353
vt 0.063088 0.438256
vt 0.090852 0.430411
vt 0.060329 0.400706
vt 0.080257 0.408829
vt 0.812098 0.863015
vt 0.824439 0.871745
vt 0.818480 0.882263
vt 0.808025 0.873302
vt 0.801504 0.891714
vt 0.810075 0.903788
vt 0.912920 0.682088
vt 0.927370 0.675440
vt 0.933349 0.691411
vt 0.830817 0.861832
vt 0.843460 0.870312
vt 0.836420 0.880396
vt 0.403597 0.717055
vt 0.406404 0.736443
vt 0.930205 0.719212
vt 0.938925 0.705298
vt 0.945747 0.715980
vt 0.912755 0.659653
vt 0.922955 0.649154
vt 0.288177 0.942018
vt 0.265334 0.967980
vt 0.266095 0.951401
vt 0.286750 0.937774
vt 0.045871 0.442021
vt 0.045871 0.402910
vt 0.972184 0.002820
vt 0.992611 0.002154
vt 0.992611 0.013312
vt 0.975147 0.014432
vt 0.807016 0.923246
vt 0.811992 0.907372
vt 0.821176 0.915105
vt 0.816987 0.932519
vt 0.957618 0.005225
vt 0.959012 0.015402
vt 0.243826 0.965049
vt 0.245153 0.952353
vt 0.831114 0.890147
vt 0.362676 0.708139
vt 0.388838 0.705839
vt 0.991510 0.032555
vt 0.976237 0.032394
vt 0.398265 0.750668
vt 0.991892 0.049261
vt 0.972247 0.048604
vt 0.959399 0.040076
vt 0.964403 0.031951
vt 0.845745 0.905393
vt 0.852217 0.924459
vt 0.835352 0.933497
vt 0.840160 0.921184
vt 0.259275 0.931143
vt 0.279282 0.925404
vt 0.938779 0.645995
vt 0.945813 0.661316
vt 0.852053 0.875937
vt 0.852217 0.890686
vt 0.942685 0.685553
vt 0.242214 0.931926
vt 0.230891 0.957814
vt 0.234100 0.952595
vt 0.056492 0.454381
vt 0.096059 0.443880
vt 0.080019 0.458128
vt 0.232506 0.936668
vt 0.230891 0.911791
vt 0.240335 0.901398
vt 0.259254 0.898714
vt 0.945813 0.701318
vt 0.273348 0.911190
vt 0.815838 0.854302
vt 0.903294 0.695913
vt 0.805130 0.962619
vt 0.807040 0.944258
vt 0.817569 0.948747
vt 0.816315 0.965739
vt 0.796174 0.931209
vt 0.809910 0.931281
vt 0.596142 0.280470
vt 0.594073 0.289409
vt 0.576494 0.286101
vt 0.583242 0.272288
vt 0.222121 0.925545
vt 0.222906 0.936203
vt 0.195765 0.945858
vt 0.197573 0.923509
vt 0.222906 0.959600
vt 0.207957 0.970443
vt 0.130453 0.943290
vt 0.131082 0.931832
vt 0.144301 0.927172
vt 0.145748 0.939221
vt 0.130056 0.913745
vt 0.142826 0.905406
vt 0.569739 0.266635
vt 0.575388 0.250604
vt 0.589438 0.257321
vt 0.159906 0.935673
vt 0.162677 0.947593
vt 0.147916 0.950782
vt 0.839902 0.953386
vt 0.837095 0.972775
vt 0.181218 0.924958
vt 0.186551 0.910815
vt 0.199540 0.906772
vt 0.579692 0.224540
vt 0.589496 0.234903
vt 0.894942 0.940890
vt 0.896234 0.936212
vt 0.921902 0.940422
vt 0.929086 0.955665
vt 0.193423 0.970271
vt 0.178527 0.947832
vt 0.362281 0.948633
vt 0.359318 0.960245
vt 0.341854 0.959125
vt 0.341854 0.947967
vt 0.148160 0.885540
vt 0.160731 0.880650
vt 0.159387 0.897397
vt 0.148061 0.901187
vt 0.376847 0.951038
vt 0.375453 0.961214
vt 0.940930 0.932752
vt 0.946763 0.944144
vt 0.158865 0.924507
vt 0.822336 0.983990
vt 0.796174 0.981690
vt 0.358228 0.978207
vt 0.342955 0.978368
vt 0.831762 0.939162
vt 0.342573 0.995074
vt 0.362218 0.994417
vt 0.370062 0.977764
vt 0.375066 0.985889
vt 0.897315 0.905820
vt 0.894942 0.888978
vt 0.903968 0.876993
vt 0.906981 0.888218
vt 0.178571 0.899162
vt 0.177602 0.916050
vt 0.919579 0.918658
vt 0.898484 0.921523
vt 0.557118 0.235994
vt 0.563912 0.220772
vt 0.177997 0.932150
vt 0.172605 0.945594
vt 0.177668 0.886756
vt 0.560189 0.260136
vt 0.935229 0.912407
vt 0.950629 0.928476
vt 0.954434 0.932135
vt 0.220491 0.915602
vt 0.944990 0.912937
vt 0.936872 0.888923
vt 0.925468 0.882961
vt 0.564133 0.280150
vt 0.557118 0.275734
vt 0.130056 0.953202
vt 0.598522 0.270777
vt 0.154986 0.963205
vt 0.146221 0.980668
vt 0.139387 0.970997
vt 0.151105 0.961483
vt 0.161774 0.953072
vt 0.162550 0.953482
vt 0.160638 0.966599
vt 0.163325 0.953892
vt 0.130684 0.958045
vt 0.131901 0.957288
vt 0.157662 0.975460
vt 0.167488 0.970951
vt 0.166693 0.972649
vt 0.131750 0.987018
vt 0.130684 0.986129
vt 0.152454 0.992611
vt 0.149317 0.992232
vt 0.073280 0.615780
vt 0.065943 0.630397
vt 0.060223 0.622302
vt 0.070030 0.614339
vt 0.078961 0.607298
vt 0.079610 0.607641
vt 0.078010 0.618621
vt 0.080259 0.607984
vt 0.052937 0.611461
vt 0.053957 0.610827
vt 0.075520 0.626038
vt 0.083744 0.622264
vt 0.083079 0.623685
vt 0.053830 0.635713
vt 0.052937 0.634968
vt 0.071160 0.640394
vt 0.068535 0.640077
vt 0.960865 0.699731
vt 0.965415 0.675906
vt 0.980296 0.674829
vt 0.974897 0.698902
vt 0.923645 0.002783
vt 0.922083 0.024377
vt 0.906117 0.023637
vt 0.908176 0.000857
vt 0.396526 0.214286
vt 0.396760 0.189539
vt 0.411330 0.188100
vt 0.411330 0.213560
vt 0.965524 0.724138
vt 0.980296 0.723352
vt 0.716417 0.396830
vt 0.710716 0.371192
vt 0.724681 0.372493
vt 0.731527 0.398864
vt 0.711700 0.430535
vt 0.727062 0.433498
vt 0.923096 0.062485
vt 0.923645 0.079896
vt 0.907436 0.080049
vt 0.906793 0.062906
vt 0.716449 0.358828
vt 0.731527 0.360329
vt 0.958402 0.480024
vt 0.972434 0.480853
vt 0.977832 0.504926
vt 0.962952 0.503849
vt 0.918719 0.652015
vt 0.903250 0.653941
vt 0.901191 0.631160
vt 0.917156 0.630421
vt 0.418693 0.000907
vt 0.433498 0.001634
vt 0.433498 0.027094
vt 0.418927 0.025654
vt 0.963061 0.455617
vt 0.977832 0.456403
vt 0.913461 0.840077
vt 0.928571 0.838043
vt 0.921726 0.864414
vt 0.907761 0.865715
vt 0.908745 0.806372
vt 0.924107 0.803410
vt 0.918169 0.592313
vt 0.901867 0.591892
vt 0.902510 0.574748
vt 0.918719 0.574902
vt 0.928571 0.876578
vt 0.913493 0.878079
vt 0.032311 0.848662
vt 0.036568 0.825037
vt 0.051724 0.824823
vt 0.046707 0.848589
vt 0.980296 0.125048
vt 0.978692 0.140894
vt 0.964277 0.141496
vt 0.966262 0.124531
vt 0.375335 0.246141
vt 0.375557 0.222211
vt 0.389163 0.221805
vt 0.389163 0.246305
vt 0.036228 0.872505
vt 0.051597 0.873243
vt 0.059762 0.717881
vt 0.054582 0.693452
vt 0.067450 0.695257
vt 0.073892 0.720367
vt 0.054582 0.747897
vt 0.068766 0.751232
vt 0.036191 0.890773
vt 0.051724 0.891626
vt 0.059029 0.681505
vt 0.073659 0.683016
vt 0.980296 0.170415
vt 0.965847 0.172414
vt 0.853739 0.923205
vt 0.868135 0.923279
vt 0.873153 0.947044
vt 0.857996 0.946830
vt 0.124259 0.948621
vt 0.109497 0.948049
vt 0.109003 0.927746
vt 0.124070 0.929538
vt 0.436911 0.000294
vt 0.450739 0.000130
vt 0.450739 0.024631
vt 0.437134 0.024224
vt 0.857656 0.899362
vt 0.873026 0.898625
vt 0.635713 0.446213
vt 0.649015 0.443873
vt 0.642951 0.467512
vt 0.630836 0.469212
vt 0.630836 0.417954
vt 0.644189 0.414815
vt 0.857619 0.881095
vt 0.873153 0.880242
vt 0.128079 0.961823
vt 0.115060 0.961389
vt 0.113091 0.897187
vt 0.128079 0.900419
vt 0.946853 0.503930
vt 0.948447 0.480105
vt 0.955665 0.478917
vt 0.953663 0.502899
vt 0.084300 0.705455
vt 0.086207 0.721675
vt 0.079010 0.721510
vt 0.076997 0.704693
vt 0.946954 0.464472
vt 0.954116 0.462981
vt 0.948386 0.527094
vt 0.955665 0.526814
vt 0.024978 0.629019
vt 0.021114 0.606852
vt 0.027251 0.606958
vt 0.032020 0.630235
vt 0.021114 0.659560
vt 0.027647 0.661330
vt 0.960591 0.153434
vt 0.960395 0.174459
vt 0.953212 0.174877
vt 0.953301 0.153857
vt 0.086207 0.683977
vt 0.079973 0.682487
vt 0.960584 0.121095
vt 0.953212 0.120285
vt 0.945621 0.319888
vt 0.952432 0.320920
vt 0.954434 0.344901
vt 0.947216 0.343714
vt 0.007485 0.480730
vt 0.000221 0.482139
vt 0.000065 0.460600
vt 0.007365 0.460274
vt 0.952885 0.360837
vt 0.945723 0.359347
vt 0.947154 0.296725
vt 0.954434 0.297005
vt 0.427687 0.669951
vt 0.434729 0.668734
vt 0.429960 0.692012
vt 0.423823 0.692118
vt 0.423823 0.639410
vt 0.430356 0.637640
vt 0.908867 0.684729
vt 0.902135 0.684480
vt 0.902135 0.656423
vt 0.908761 0.656758
vt 0.009852 0.496620
vt 0.003735 0.498768
vt 0.002727 0.431140
vt 0.009852 0.431971
vt 0.331415 0.025511
vt 0.334278 0.025511
vt 0.334278 0.028374
vt 0.331415 0.028374
vt 0.340490 0.029735
vt 0.338921 0.032131
vt 0.342365 0.051469
vt 0.339600 0.052218
vt 0.340920 0.062941
vt 0.338172 0.062135
vt 0.335021 0.063340
vt 0.336888 0.065087
vt 0.332856 0.067234
vt 0.331870 0.064546
vt 0.337110 0.078026
vt 0.333078 0.078026
vt 0.331415 0.130542
vt 0.331415 0.127678
vt 0.334278 0.127678
vt 0.334278 0.130542
vt 0.338921 0.123922
vt 0.340490 0.126317
vt 0.339600 0.103835
vt 0.342365 0.104584
vt 0.338172 0.093918
vt 0.340920 0.093112
vt 0.335021 0.092712
vt 0.331870 0.091507
vt 0.332856 0.088818
vt 0.336888 0.090965
vt 0.844517 0.058853
vt 0.857741 0.058853
vt 0.857604 0.072791
vt 0.844480 0.071415
vt 0.857894 0.095621
vt 0.844666 0.093568
vt 0.855656 0.116995
vt 0.842312 0.111491
vt 0.956993 0.401643
vt 0.971231 0.401601
vt 0.980296 0.429013
vt 0.966039 0.428883
vt 0.936559 0.511716
vt 0.922572 0.512851
vt 0.924427 0.491535
vt 0.938424 0.491373
vt 0.971095 0.450739
vt 0.956993 0.450454
vt 0.934362 0.527509
vt 0.920631 0.529557
vt 0.903595 0.506108
vt 0.904921 0.491210
vt 0.664127 0.655678
vt 0.655221 0.654943
vt 0.659458 0.641261
vt 0.664127 0.641405
vt 0.658670 0.628357
vt 0.664127 0.628784
vt 0.664127 0.614410
vt 0.651725 0.613664
vt 0.868413 0.058853
vt 0.879310 0.058853
vt 0.879278 0.071099
vt 0.868243 0.069775
vt 0.865209 0.083696
vt 0.664127 0.669951
vt 0.648452 0.668601
vt 0.844480 0.046291
vt 0.857604 0.044915
vt 0.844666 0.024138
vt 0.857894 0.022085
vt 0.842312 0.006216
vt 0.855656 0.000711
vt 0.972906 0.349918
vt 0.963861 0.377158
vt 0.949604 0.377289
vt 0.958669 0.349876
vt 0.936559 0.470888
vt 0.922572 0.469993
vt 0.972906 0.398730
vt 0.958805 0.399015
vt 0.934362 0.454750
vt 0.920631 0.452933
vt 0.903595 0.476237
vt 0.668796 0.641261
vt 0.673034 0.654943
vt 0.669585 0.628357
vt 0.676530 0.613664
vt 0.868243 0.047931
vt 0.879278 0.046607
vt 0.865209 0.034010
vt 0.679803 0.668601
s 1
usemtl BAKE
f 13/1/1 12/2/2 5/3/3 3/4/4
f 46/5/5 14/6/6 4/7/7 43/8/8
f 14/6/6 13/1/1 3/4/4 4/7/7
f 28/9/9 15/10/10 1/11/11 27/12/12
f 45/13/13 17/14/14 7/15/15 44/16/16
f 17/14/14 19/17/17 6/18/18 7/15/15
f 21/19/19 20/20/20 8/21/21 10/22/22
f 20/23/20 18/24/23 9/25/24 8/26/21
f 25/27/25 26/28/26 22/29/27 11/30/28
f 23/31/29 24/32/30 21/19/19 10/22/22
f 38/33/31 32/34/32 18/35/23 20/20/20
f 33/36/33 38/33/31 20/20/20 21/19/19
f 36/37/34 37/38/35 19/17/17 17/14/14
f 48/39/36 36/37/34 17/14/14 45/13/13
f 42/40/37 30/41/38 15/42/10 28/43/9
f 35/44/39 29/45/40 13/1/1 14/6/6
f 47/46/41 35/44/39 14/6/6 46/5/5
f 29/45/40 34/47/42 12/2/2 13/1/1
f 11/30/28 22/29/27 24/32/30 23/31/29
f 5/48/3 12/49/2 26/50/26 25/51/25
f 31/52/43 42/40/37 28/43/9 16/53/44
f 16/54/44 28/55/9 27/56/12 2/57/45
f 12/2/2 34/47/42 41/58/46 26/28/26
f 22/29/27 39/59/47 40/60/48 24/32/30
f 26/28/26 41/58/46 39/59/47 22/29/27
f 24/32/30 40/60/48 33/36/33 21/19/19
f 30/41/38 47/46/41 46/5/5 15/42/10
f 32/34/32 48/39/36 45/13/13 18/35/23
f 18/61/23 45/62/13 44/63/16 9/64/24
f 15/10/10 46/65/5 43/66/8 1/11/11
f 59/67/49 50/68/50 52/69/51 58/70/52
f 88/71/53 85/72/54 51/73/55 60/74/56
f 60/74/56 51/73/55 50/68/50 59/67/49
f 72/75/57 71/76/58 49/77/59 61/78/60
f 87/79/61 86/80/62 53/81/63 62/82/64
f 62/82/64 53/81/63 6/83/18 19/84/17
f 65/85/65 56/86/66 54/87/67 64/88/68
f 64/89/68 54/90/67 55/91/69 63/92/70
f 69/93/71 57/94/72 66/95/73 70/96/74
f 67/97/75 56/86/66 65/85/65 68/98/76
f 80/99/77 64/88/68 63/100/70 75/101/78
f 76/102/79 65/85/65 64/88/68 80/99/77
f 79/103/80 62/104/64 19/17/17 37/38/35
f 90/105/81 87/79/61 62/82/64 79/106/80
f 84/107/82 72/75/57 61/78/60 74/108/83
f 78/109/84 60/74/56 59/67/49 73/110/85
f 89/111/86 88/71/53 60/74/56 78/109/84
f 73/110/85 59/67/49 58/70/52 77/112/87
f 57/94/72 67/97/75 68/98/76 66/95/73
f 52/113/51 69/114/71 70/115/74 58/116/52
f 31/52/43 16/53/44 72/75/57 84/107/82
f 16/54/44 2/57/45 71/117/58 72/118/57
f 58/70/52 70/96/74 83/119/88 77/112/87
f 66/95/73 68/98/76 82/120/89 81/121/90
f 70/96/74 66/95/73 81/121/90 83/119/88
f 68/98/76 65/85/65 76/102/79 82/120/89
f 74/122/83 61/123/60 88/71/53 89/111/86
f 75/101/78 63/100/70 87/79/61 90/105/81
f 63/100/70 55/124/69 86/80/62 87/79/61
f 61/78/60 49/77/59 85/125/54 88/126/53
f 104/127/91 94/128/92 92/129/93 103/130/94
f 93/131/95 91/132/96 95/133/97 96/134/98
f 96/134/98 95/133/97 97/135/99 98/136/100
f 92/129/93 100/137/101 105/138/102 103/130/94
f 95/133/97 101/139/103 102/140/104 97/135/99
f 105/138/102 110/141/105 106/142/106 99/143/107
f 91/132/96 99/143/107 101/139/103 95/133/97
f 93/131/95 104/127/91 103/130/94 91/132/96
f 100/137/101 107/144/108 110/141/105 105/138/102
f 99/143/107 106/142/106 108/145/109 101/139/103
f 101/139/103 108/145/109 109/146/110 102/140/104
f 164/147/111 163/148/112 112/149/113 115/150/114
f 166/151/115 165/152/116 111/153/117 113/154/118
f 167/155/119 166/151/115 113/154/118 114/156/120
f 165/152/116 164/147/111 115/150/114 111/153/117
f 122/157/121 121/158/122 117/159/123 120/160/124
f 124/161/125 123/162/126 116/163/127 118/164/128
f 125/165/129 124/161/125 118/164/128 119/166/130
f 123/162/126 122/157/121 120/160/124 116/163/127
f 91/132/96 103/130/94 105/138/102 99/143/107
f 111/167/117 115/168/114 122/157/121 123/162/126
f 114/169/120 113/170/118 124/161/125 125/165/129
f 113/170/118 111/167/117 123/162/126 124/161/125
f 115/168/114 112/171/113 121/158/122 122/157/121
f 121/158/122 112/171/113 130/172/131 132/173/132
f 100/174/101 92/175/93 126/176/133 128/177/134
f 107/178/108 100/174/101 128/177/134 129/179/135
f 163/180/112 107/178/108 129/179/135 168/181/136
f 117/159/123 121/158/122 132/173/132 131/182/137
f 92/175/93 94/183/92 127/184/138 126/176/133
f 104/127/91 141/185/139 134/186/140 94/128/92
f 93/131/95 96/134/98 135/187/141 133/188/142
f 96/134/98 98/136/100 136/189/143 135/187/141
f 134/186/140 141/185/139 142/190/144 138/191/145
f 135/187/141 136/189/143 140/192/146 139/193/147
f 142/190/144 137/194/148 143/195/149 147/196/150
f 133/188/142 135/187/141 139/193/147 137/194/148
f 93/131/95 133/188/142 141/185/139 104/127/91
f 138/191/145 142/190/144 147/196/150 144/197/151
f 137/194/148 139/193/147 145/198/152 143/195/149
f 139/193/147 140/192/146 146/199/153 145/198/152
f 170/200/154 152/201/155 149/202/156 169/203/157
f 172/204/158 150/205/159 148/206/160 171/207/161
f 173/208/162 151/209/163 150/205/159 172/204/158
f 171/207/161 148/206/160 152/201/155 170/200/154
f 154/210/164 120/160/124 117/159/123 153/211/165
f 156/212/166 118/164/128 116/163/127 155/213/167
f 157/214/168 119/166/130 118/164/128 156/212/166
f 155/213/167 116/163/127 120/160/124 154/210/164
f 133/188/142 137/194/148 142/190/144 141/185/139
f 148/215/160 155/213/167 154/210/164 152/216/155
f 151/217/163 157/214/168 156/212/166 150/218/159
f 150/218/159 156/212/166 155/213/167 148/215/160
f 152/216/155 154/210/164 153/211/165 149/219/156
f 153/211/165 162/220/169 161/221/170 149/219/156
f 138/222/145 159/223/171 158/224/172 134/225/140
f 144/226/151 160/227/173 159/223/171 138/222/145
f 169/228/157 174/229/174 160/227/173 144/226/151
f 117/159/123 131/182/137 162/220/169 153/211/165
f 134/230/140 158/231/172 127/184/138 94/183/92
f 112/232/113 163/180/112 168/181/136 130/233/131
f 106/234/106 110/235/105 164/147/111 165/152/116
f 109/236/110 108/237/109 166/151/115 167/155/119
f 108/237/109 106/234/106 165/152/116 166/151/115
f 110/235/105 107/238/108 163/148/112 164/147/111
f 149/239/156 161/240/170 174/229/174 169/228/157
f 143/241/149 171/207/161 170/200/154 147/242/150
f 146/243/153 173/208/162 172/204/158 145/244/152
f 145/244/152 172/204/158 171/207/161 143/241/149
f 147/242/150 170/200/154 169/203/157 144/245/151
f 175/246/175 176/247/176 178/248/177 177/249/178
f 177/250/178 178/251/177 182/252/179 181/253/180
f 193/254/181 191/255/182 183/256/183 184/257/184
f 179/258/185 180/259/186 176/260/176 175/261/175
f 177/262/178 181/263/180 179/264/185 175/265/175
f 182/266/179 178/267/177 176/268/176 180/269/186
f 186/270/187 184/271/184 196/272/188 198/273/189
f 191/274/182 192/275/190 185/276/191 183/277/183
f 194/278/192 193/279/181 184/271/184 186/270/187
f 192/280/190 194/281/192 186/282/187 185/283/191
f 181/284/180 182/285/179 190/286/193 189/287/194
f 182/266/179 180/269/186 188/288/195 190/289/193
f 179/264/185 181/263/180 189/290/194 187/291/196
f 180/259/186 179/258/185 187/292/196 188/293/195
f 189/287/194 190/286/193 194/281/192 192/280/190
f 190/289/193 188/288/195 193/279/181 194/278/192
f 187/291/196 189/290/194 192/275/190 191/274/182
f 188/293/195 187/292/196 191/255/182 193/254/181
f 197/294/197 198/295/189 196/296/188 195/297/198
f 183/277/183 185/276/191 197/298/197 195/299/198
f 184/300/184 183/301/183 195/302/198 196/303/188
f 185/283/191 186/282/187 198/304/189 197/305/197
f 199/306/199 201/307/200 202/308/201 200/309/202
f 201/310/200 205/311/203 206/312/204 202/313/201
f 217/314/205 208/315/206 207/316/207 215/317/208
f 203/318/209 199/319/199 200/320/202 204/321/210
f 201/322/200 199/323/199 203/324/209 205/325/203
f 206/326/204 204/327/210 200/328/202 202/329/201
f 210/330/211 222/331/212 220/332/213 208/333/206
f 215/334/208 207/335/207 209/336/214 216/337/215
f 218/338/216 210/330/211 208/333/206 217/339/205
f 216/340/215 209/341/214 210/342/211 218/343/216
f 205/311/203 213/344/217 214/345/218 206/312/204
f 206/326/204 214/346/218 212/347/219 204/327/210
f 203/324/209 211/348/220 213/349/217 205/325/203
f 204/321/210 212/350/219 211/351/220 203/318/209
f 213/344/217 216/340/215 218/343/216 214/345/218
f 214/346/218 218/338/216 217/339/205 212/347/219
f 211/348/220 215/334/208 216/337/215 213/349/217
f 212/350/219 217/314/205 215/317/208 211/351/220
f 221/352/221 219/353/222 220/354/213 222/355/212
f 207/335/207 219/356/222 221/357/221 209/336/214
f 208/358/206 220/359/213 219/360/222 207/361/207
f 209/341/214 221/362/221 222/363/212 210/342/211
f 231/364/223 232/365/224 226/366/225 225/367/226
f 261/368/227 259/369/228 227/370/229 233/371/230
f 233/372/230 227/373/229 229/374/231 234/375/232
f 228/376/233 233/372/230 234/375/232 230/377/234
f 260/378/235 261/368/227 233/371/230 228/379/233
f 231/364/223 223/380/236 224/381/237 232/365/224
f 229/374/231 227/373/229 237/382/238 238/383/239
f 259/369/228 224/381/237 236/384/240 262/385/241
f 236/384/240 224/381/237 257/386/242 258/387/242
f 229/374/231 238/383/239 242/388/243 239/389/244
f 234/375/232 229/374/231 239/389/244 241/390/245
f 230/377/234 234/375/232 241/390/245 240/391/246
f 238/383/239 237/382/238 245/392/247 246/393/248
f 236/394/240 235/395/249 243/396/250 244/397/251
f 262/398/241 236/394/240 244/397/251 263/399/252
f 242/388/243 238/383/239 246/393/248 247/400/253
f 244/397/251 243/396/250 252/401/254 253/402/255
f 241/390/245 239/389/244 248/403/256 250/404/257
f 247/400/253 246/393/248 255/405/258 256/406/259
f 263/399/252 244/397/251 253/402/255 264/407/260
f 242/388/243 247/400/253 256/406/259 251/408/261
f 239/389/244 242/388/243 251/408/261 248/403/256
f 240/391/246 241/390/245 250/404/257 249/409/262
f 246/393/248 245/392/247 254/410/263 255/405/258
f 245/411/247 263/399/252 264/407/260 254/412/263
f 237/413/238 262/398/241 263/399/252 245/411/247
f 227/414/229 259/415/228 262/398/241 237/413/238
f 226/366/225 232/365/224 261/368/227 260/378/235
f 232/365/224 224/381/237 259/369/228 261/368/227
f 270/416/264 267/417/265 226/366/225 271/418/266
f 297/419/267 272/420/268 268/421/269 296/422/270
f 272/423/268 273/424/271 269/425/272 268/426/269
f 228/376/233 230/377/234 273/424/271 272/423/268
f 260/378/235 228/379/233 272/420/268 297/419/267
f 270/416/264 271/418/266 266/427/273 265/428/274
f 269/425/272 277/429/275 276/430/276 268/426/269
f 296/431/270 298/432/277 275/433/278 266/434/273
f 275/433/278 295/435/279 294/436/279 266/434/273
f 269/425/272 278/437/280 280/438/281 277/429/275
f 273/424/271 279/439/282 278/437/280 269/425/272
f 230/377/234 240/391/246 279/439/282 273/424/271
f 277/429/275 284/440/283 283/441/284 276/430/276
f 275/433/278 282/442/285 281/443/286 274/444/287
f 298/432/277 299/445/288 282/442/285 275/433/278
f 280/438/281 285/446/289 284/440/283 277/429/275
f 282/442/285 290/447/290 289/448/291 281/443/286
f 279/439/282 287/449/292 286/450/293 278/437/280
f 285/446/289 293/451/294 292/452/295 284/440/283
f 299/445/288 300/453/296 290/447/290 282/442/285
f 280/438/281 288/454/297 293/451/294 285/446/289
f 278/437/280 286/450/293 288/454/297 280/438/281
f 240/391/246 249/409/262 287/449/292 279/439/282
f 284/440/283 292/452/295 291/455/298 283/441/284
f 283/456/284 291/457/298 300/453/296 299/445/288
f 276/458/276 283/456/284 299/445/288 298/432/277
f 268/459/269 276/458/276 298/432/277 296/431/270
f 226/366/225 260/378/235 297/419/267 271/418/266
f 271/418/266 297/419/267 296/422/270 266/427/273
f 305/460/299 306/461/300 302/462/301 301/463/302
f 309/464/303 310/465/304 304/466/305 303/467/306
f 303/468/306 304/469/305 308/470/307 307/471/308
f 301/472/302 302/473/301 310/465/304 309/464/303
f 305/460/299 311/474/309 312/475/310 306/461/300
f 315/476/311 313/477/312 314/478/313 316/479/314
f 313/480/312 307/471/308 308/470/307 314/481/313
f 311/482/309 315/476/311 316/479/314 312/483/310
f 332/484/315 319/485/316 320/486/316 330/487/317
f 319/485/318 317/488/318 318/489/318 320/486/318
f 329/490/319 317/491/320 319/492/320 332/493/321
f 330/494/322 320/495/323 318/496/323 331/497/324
f 335/498/325 321/499/326 322/500/327 333/501/328
f 329/502/329 325/503/330 327/504/331 331/505/332
f 336/506/333 326/507/334 327/508/335 333/509/336
f 335/510/337 325/511/338 328/512/339 334/513/337
f 334/514/340 328/515/341 326/516/342 336/517/343
f 317/518/344 329/519/329 331/520/332 318/521/344
f 326/507/334 330/494/322 331/497/324 327/508/335
f 325/511/338 329/490/319 332/493/321 328/512/339
f 328/515/341 332/522/315 330/523/317 326/516/342
f 323/524/345 334/514/340 336/517/343 324/525/346
f 334/526/347 337/527/347 340/528/347 335/529/347
f 324/530/348 336/506/333 333/509/336 322/531/348
f 325/503/330 335/498/325 333/501/328 327/504/331
f 339/532/349 340/533/350 337/534/350 338/535/349
f 323/524/345 338/536/351 337/537/352 334/514/340
f 335/498/325 340/538/353 339/539/354 321/499/326
f 352/540/355 350/541/356 344/542/357 343/543/357
f 343/544/358 344/545/358 342/546/358 341/547/358
f 349/548/359 352/549/360 343/550/361 341/551/361
f 350/552/362 351/553/363 342/554/364 344/555/364
f 355/556/365 353/557/366 322/500/327 321/499/326
f 349/558/367 351/559/368 347/560/369 345/561/370
f 356/562/371 353/563/372 347/564/373 346/565/374
f 355/566/375 354/567/375 348/568/376 345/569/377
f 354/570/378 356/571/379 346/572/380 348/573/381
f 341/574/382 342/575/382 351/559/368 349/558/367
f 346/565/374 347/564/373 351/553/363 350/552/362
f 345/569/377 348/568/376 352/549/360 349/548/359
f 348/573/381 346/572/380 350/576/356 352/577/355
f 323/524/345 324/525/346 356/571/379 354/570/378
f 354/578/383 355/579/383 358/580/383 357/581/383
f 324/530/348 322/531/348 353/563/372 356/562/371
f 345/582/370 347/583/369 353/557/366 355/556/365
f 339/532/349 338/535/349 357/584/384 358/585/384
f 323/524/345 354/570/378 357/586/385 338/536/351
f 355/556/365 321/499/326 339/539/354 358/587/386
f 384/588/387 378/589/388 362/590/389 372/591/390
f 376/592/391 368/593/392 366/594/393 373/595/394
f 383/596/395 380/597/396 364/598/397 374/599/398
f 375/600/399 370/601/400 360/602/401 371/603/402
f 382/604/403 379/605/404 363/606/405 369/607/406
f 381/608/407 378/609/388 360/610/401 370/611/400
f 380/612/396 381/608/407 370/611/400 364/613/397
f 377/614/408 382/604/403 369/607/406 359/615/409
f 374/616/398 364/617/397 370/618/400 375/619/399
f 372/620/390 362/621/389 368/593/392 376/592/391
f 361/622/410 372/620/390 376/592/391 367/623/411
f 363/624/405 374/616/398 375/619/399 369/625/406
f 369/625/406 375/619/399 371/626/402 359/627/409
f 379/628/404 383/596/395 374/599/398 363/629/405
f 367/630/411 376/631/391 373/632/394 365/633/412
f 377/634/408 384/588/387 372/591/390 361/635/410
f 359/636/409 371/603/402 384/588/387 377/634/408
f 365/633/412 373/632/394 383/596/395 379/628/404
f 361/637/410 367/638/411 382/604/403 377/614/408
f 366/639/393 368/640/392 381/608/407 380/612/396
f 368/640/392 362/641/389 378/609/388 381/608/407
f 367/638/411 365/642/412 379/605/404 382/604/403
f 373/632/394 366/643/393 380/597/396 383/596/395
f 371/603/402 360/602/401 378/589/388 384/588/387
f 410/644/413 398/645/414 388/646/415 404/647/416
f 402/648/417 399/649/418 392/650/419 394/651/420
f 409/652/421 400/653/422 390/654/423 406/655/424
f 401/656/425 397/657/426 386/658/427 396/659/428
f 408/660/429 395/661/430 389/662/431 405/663/432
f 407/664/433 396/659/428 386/658/427 404/665/416
f 406/666/424 390/667/423 396/659/428 407/664/433
f 403/668/434 385/669/435 395/670/430 408/671/429
f 400/672/422 401/656/425 396/659/428 390/667/423
f 398/645/414 402/673/417 394/674/420 388/646/415
f 387/675/436 393/676/437 402/677/417 398/678/414
f 389/662/431 395/661/430 401/679/425 400/680/422
f 395/661/430 385/681/435 397/682/426 401/679/425
f 405/663/432 389/662/431 400/680/422 409/683/421
f 393/676/437 391/684/438 399/685/418 402/677/417
f 403/686/434 387/687/436 398/688/414 410/689/413
f 385/690/435 403/686/434 410/689/413 397/691/426
f 391/692/438 405/693/432 409/652/421 399/649/418
f 387/675/436 403/668/434 408/671/429 393/676/437
f 392/694/419 406/666/424 407/664/433 394/695/420
f 394/695/420 407/664/433 404/665/416 388/696/415
f 393/676/437 408/671/429 405/697/432 391/684/438
f 399/649/418 409/652/421 406/655/424 392/650/419
f 397/691/426 410/689/413 404/698/416 386/699/427
f 415/700/439 416/701/439 412/702/440 411/703/441
f 411/704/441 412/705/440 420/706/442 419/707/443
f 414/708/444 412/709/445 416/710/446 418/711/446
f 411/712/447 413/713/448 417/714/449 415/715/449
f 413/716/450 414/717/451 418/718/452 417/719/452
f 420/720/453 422/721/454 426/722/455 424/723/456
f 414/724/451 413/725/450 421/726/457 422/727/458
f 413/713/448 411/712/447 419/728/459 421/729/460
f 412/709/445 414/708/444 422/721/454 420/720/453
f 424/723/456 426/722/455 430/730/461 428/731/462
f 419/707/443 420/706/442 424/732/463 423/733/464
f 422/727/458 421/726/457 425/734/465 426/735/466
f 421/729/460 419/728/459 423/736/467 425/737/468
f 430/738/469 429/739/470 433/740/471 434/741/472
f 423/733/464 424/732/463 428/742/473 427/743/474
f 426/735/466 425/734/465 429/739/470 430/738/469
f 425/737/468 423/736/467 427/744/475 429/745/476
f 440/746/477 439/747/478 437/748/479 438/749/479
f 429/750/476 427/751/475 431/752/480 433/753/481
f 428/754/462 430/755/461 434/756/482 432/757/483
f 427/743/474 428/742/473 432/758/484 431/759/485
f 435/760/486 436/761/487 444/762/487 443/763/486
f 439/764/488 441/765/489 435/766/490 437/767/490
f 442/768/491 440/769/492 438/770/493 436/771/493
f 441/772/494 442/773/495 436/774/496 435/775/496
f 431/776/485 432/777/484 442/773/495 441/772/494
f 432/757/483 434/756/482 440/769/492 442/768/491
f 433/753/481 431/752/480 441/765/489 439/764/488
f 434/778/472 433/779/471 439/747/478 440/746/477
f 444/780/497 446/781/497 450/782/497 448/783/497
f 438/784/487 437/785/487 445/786/487 446/787/487
f 437/785/487 435/760/486 443/763/486 445/786/487
f 436/761/487 438/784/487 446/787/487 444/762/487
f 447/788/498 448/789/498 450/790/498 449/791/498
f 443/792/499 444/793/499 448/794/499 447/795/499
f 446/796/500 445/797/500 449/798/500 450/799/500
f 445/800/501 443/801/501 447/802/501 449/803/501
f 415/700/439 451/804/502 452/805/503 416/701/439
f 451/804/502 455/806/504 456/807/505 452/805/503
f 454/808/506 418/711/446 416/710/446 452/809/507
f 451/810/508 415/715/449 417/714/449 453/811/509
f 453/812/510 417/719/452 418/718/452 454/813/511
f 456/814/512 460/815/513 462/816/514 458/817/515
f 454/813/511 458/818/516 457/819/517 453/812/510
f 453/811/509 457/820/518 455/821/519 451/810/508
f 452/809/507 456/822/512 458/823/515 454/808/506
f 460/815/513 464/824/520 466/825/521 462/816/514
f 455/806/504 459/826/522 460/827/523 456/807/505
f 458/818/516 462/828/524 461/829/525 457/819/517
f 457/830/518 461/831/526 459/832/527 455/833/519
f 466/834/528 470/835/529 469/836/530 465/837/531
f 459/826/522 463/838/532 464/839/533 460/827/523
f 462/828/524 466/840/528 465/841/531 461/829/525
f 461/831/526 465/842/534 463/843/535 459/832/527
f 476/844/536 474/845/537 473/846/537 475/847/538
f 465/842/534 469/848/539 467/849/540 463/843/535
f 464/824/520 468/850/541 470/851/542 466/825/521
f 463/852/532 467/853/543 468/854/544 464/855/533
f 471/856/545 479/857/545 480/858/546 472/859/546
f 475/860/547 473/861/548 471/862/548 477/863/549
f 478/864/550 472/865/551 474/866/551 476/867/552
f 477/868/553 471/869/554 472/870/554 478/871/555
f 467/853/543 477/868/553 478/871/555 468/854/544
f 468/850/541 478/864/550 476/867/552 470/851/542
f 469/848/539 475/860/547 477/863/549 467/849/540
f 470/835/529 476/844/536 475/847/538 469/836/530
f 480/872/556 484/873/556 486/874/556 482/875/556
f 474/876/546 482/877/546 481/878/546 473/879/546
f 473/879/546 481/878/546 479/857/545 471/856/545
f 472/859/546 480/858/546 482/877/546 474/876/546
f 483/880/557 485/881/557 486/882/557 484/883/557
f 479/884/558 483/885/558 484/886/558 480/887/558
f 482/888/559 486/889/559 485/890/559 481/891/559
f 481/892/560 485/893/560 483/894/560 479/895/560
f 487/896/561 520/897/562 519/898/563 489/899/564
f 489/899/564 519/898/563 521/900/565 491/901/566
f 491/901/566 521/900/565 522/902/567 493/903/568
f 493/904/568 522/905/567 523/906/569 495/907/570
f 495/907/570 523/906/569 524/908/571 497/909/572
f 497/909/572 524/908/571 525/910/573 499/911/574
f 499/911/574 525/910/573 526/912/575 501/913/576
f 501/913/576 526/912/575 527/914/577 503/915/578
f 503/916/578 527/917/577 528/918/579 505/919/580
f 505/919/580 528/918/579 529/920/581 507/921/582
f 507/921/582 529/920/581 530/922/583 509/923/584
f 509/924/584 530/925/583 531/926/585 511/927/586
f 511/927/586 531/926/585 532/928/587 513/929/588
f 513/929/588 532/928/587 533/930/589 515/931/590
f 496/932/591 494/933/592 538/934/593 539/935/594
f 515/931/590 533/930/589 534/936/595 517/937/596
f 517/938/596 534/939/595 520/897/562 487/896/561
f 551/940/597 552/941/598 519/942/563 520/943/562
f 552/941/598 553/944/599 521/945/565 519/942/563
f 553/944/599 554/946/600 522/947/567 521/945/565
f 554/946/600 555/948/601 523/949/569 522/947/567
f 555/948/601 556/950/602 524/951/571 523/949/569
f 556/950/602 557/952/603 525/953/573 524/951/571
f 557/952/603 558/954/604 526/955/575 525/953/573
f 558/954/604 559/956/605 527/957/577 526/955/575
f 559/956/605 560/958/606 528/959/579 527/957/577
f 560/958/606 561/960/607 529/961/581 528/959/579
f 561/960/607 562/962/608 530/963/583 529/961/581
f 562/962/608 563/964/609 531/965/585 530/963/583
f 563/964/609 564/966/610 532/967/587 531/965/585
f 564/966/610 565/968/611 533/969/589 532/967/587
f 565/968/611 566/970/612 534/971/595 533/969/589
f 566/970/612 551/940/597 520/943/562 534/971/595
f 535/972/613 536/973/614 550/974/615 549/975/616 548/976/617 547/977/618 546/978/619 545/979/620 544/980/621 543/981/622 542/982/623 541/983/624 540/984/625 539/985/594 538/986/593 537/987/626
f 512/988/627 510/989/628 546/990/619 547/991/618
f 498/992/629 496/993/591 539/994/594 540/995/625
f 514/996/630 512/988/627 547/991/618 548/997/617
f 500/998/631 498/992/629 540/995/625 541/999/624
f 516/1000/632 514/996/630 548/997/617 549/1001/616
f 502/1002/633 500/998/631 541/999/624 542/1003/623
f 518/1004/634 516/1000/632 549/1001/616 550/1005/615
f 504/1006/635 502/1002/633 542/1003/623 543/1007/622
f 490/1008/636 488/1009/637 536/1010/614 535/1011/613
f 488/1009/637 518/1012/634 550/1013/615 536/1010/614
f 506/1014/638 504/1015/635 543/1016/622 544/1017/621
f 492/1018/639 490/1008/636 535/1011/613 537/1019/626
f 508/1020/640 506/1014/638 544/1017/621 545/1021/620
f 494/933/592 492/1018/639 537/1019/626 538/934/593
f 510/989/628 508/1020/640 545/1021/620 546/990/619
f 518/1022/634 488/1023/637 551/940/597 566/970/612
f 516/1024/632 518/1022/634 566/970/612 565/968/611
f 514/1025/630 516/1024/632 565/968/611 564/966/610
f 512/1026/627 514/1025/630 564/966/610 563/964/609
f 510/1027/628 512/1026/627 563/964/609 562/962/608
f 508/1028/640 510/1027/628 562/962/608 561/960/607
f 506/1029/638 508/1028/640 561/960/607 560/958/606
f 504/1030/635 506/1029/638 560/958/606 559/956/605
f 502/1031/633 504/1030/635 559/956/605 558/954/604
f 500/1032/631 502/1031/633 558/954/604 557/952/603
f 498/1033/629 500/1032/631 557/952/603 556/950/602
f 496/1034/591 498/1033/629 556/950/602 555/948/601
f 494/1035/592 496/1034/591 555/948/601 554/946/600
f 492/1036/639 494/1035/592 554/946/600 553/944/599
f 490/1037/636 492/1036/639 553/944/599 552/941/598
f 488/1023/637 490/1037/636 552/941/598 551/940/597
f 567/1038/641 569/1039/642 599/1040/643 600/1041/644
f 569/1039/642 571/1042/645 601/1043/646 599/1040/643
f 571/1042/645 573/1044/647 602/1045/648 601/1043/646
f 573/1046/647 575/1047/649 603/1048/650 602/1049/648
f 575/1047/649 577/1050/651 604/1051/652 603/1048/650
f 577/1050/651 579/1052/653 605/1053/654 604/1051/652
f 579/1052/653 581/1054/655 606/1055/656 605/1053/654
f 581/1054/655 583/1056/657 607/1057/658 606/1055/656
f 583/1058/657 585/1059/659 608/1060/660 607/1061/658
f 585/1059/659 587/1062/661 609/1063/662 608/1060/660
f 587/1062/661 589/1064/663 610/1065/664 609/1063/662
f 589/1066/663 591/1067/665 611/1068/666 610/1069/664
f 591/1067/665 593/1070/667 612/1071/668 611/1068/666
f 593/1070/667 595/1072/669 613/1073/670 612/1071/668
f 576/1074/671 619/1075/672 618/1076/673 574/1077/674
f 595/1072/669 597/1078/675 614/1079/676 613/1073/670
f 597/1080/675 567/1038/641 600/1041/644 614/1081/676
f 631/1082/677 600/1083/644 599/1084/643 632/1085/678
f 632/1085/678 599/1084/643 601/1086/646 633/1087/679
f 633/1087/679 601/1086/646 602/1088/648 634/1089/680
f 634/1089/680 602/1088/648 603/1090/650 635/1091/681
f 635/1091/681 603/1090/650 604/1092/652 636/1093/682
f 636/1093/682 604/1092/652 605/1094/654 637/1095/683
f 637/1095/683 605/1094/654 606/1096/656 638/1097/684
f 638/1097/684 606/1096/656 607/1098/658 639/1099/685
f 639/1099/685 607/1098/658 608/1100/660 640/1101/686
f 640/1101/686 608/1100/660 609/1102/662 641/1103/687
f 641/1103/687 609/1102/662 610/1104/664 642/1105/688
f 642/1105/688 610/1104/664 611/1106/666 643/1107/689
f 643/1107/689 611/1106/666 612/1108/668 644/1109/690
f 644/1109/690 612/1108/668 613/1110/670 645/1111/691
f 645/1111/691 613/1110/670 614/1112/676 646/1113/692
f 646/1113/692 614/1112/676 600/1083/644 631/1082/677
f 615/1114/693 617/1115/694 618/1116/673 619/1117/672 620/1118/695 621/1119/696 622/1120/697 623/1121/698 624/1122/699 625/1123/700 626/1124/701 627/1125/702 628/1126/703 629/1127/704 630/1128/705 616/1129/706
f 592/1130/707 627/1131/702 626/1132/701 590/1133/708
f 578/1134/709 620/1135/695 619/1136/672 576/1137/671
f 594/1138/710 628/1139/703 627/1131/702 592/1130/707
f 580/1140/711 621/1141/696 620/1135/695 578/1134/709
f 596/1142/712 629/1143/704 628/1139/703 594/1138/710
f 582/1144/713 622/1145/697 621/1141/696 580/1140/711
f 598/1146/714 630/1147/705 629/1143/704 596/1142/712
f 584/1148/715 623/1149/698 622/1145/697 582/1144/713
f 570/1150/716 615/1151/693 616/1152/706 568/1153/717
f 568/1153/717 616/1152/706 630/1154/705 598/1155/714
f 586/1156/718 624/1157/699 623/1158/698 584/1159/715
f 572/1160/719 617/1161/694 615/1151/693 570/1150/716
f 588/1162/720 625/1163/700 624/1157/699 586/1156/718
f 574/1077/674 618/1076/673 617/1161/694 572/1160/719
f 590/1164/708 626/1165/701 625/1163/700 588/1162/720
f 598/1166/714 646/1113/692 631/1082/677 568/1167/717
f 596/1168/712 645/1111/691 646/1113/692 598/1166/714
f 594/1169/710 644/1109/690 645/1111/691 596/1168/712
f 592/1170/707 643/1107/689 644/1109/690 594/1169/710
f 590/1171/708 642/1105/688 643/1107/689 592/1170/707
f 588/1172/720 641/1103/687 642/1105/688 590/1171/708
f 586/1173/718 640/1101/686 641/1103/687 588/1172/720
f 584/1174/715 639/1099/685 640/1101/686 586/1173/718
f 582/1175/713 638/1097/684 639/1099/685 584/1174/715
f 580/1176/711 637/1095/683 638/1097/684 582/1175/713
f 578/1177/709 636/1093/682 637/1095/683 580/1176/711
f 576/1178/671 635/1091/681 636/1093/682 578/1177/709
f 574/1179/674 634/1089/680 635/1091/681 576/1178/671
f 572/1180/719 633/1087/679 634/1089/680 574/1179/674
f 570/1181/716 632/1085/678 633/1087/679 572/1180/719
f 568/1167/717 631/1082/677 632/1085/678 570/1181/716
f 693/1182/721 648/1183/722 650/1184/723 694/1185/724
f 693/1182/721 647/1186/725 652/1187/726 695/1188/727
f 694/1189/724 650/1190/723 654/1191/728 696/1192/729
f 698/1193/730 656/1194/731 655/1195/732 697/1196/732
f 696/1192/729 654/1191/728 656/1194/731 698/1193/730
f 695/1188/727 652/1187/726 659/1197/733 699/1198/734
f 659/1197/733 652/1187/726 662/1199/735 663/1200/736
f 652/1187/726 647/1186/725 660/1201/737 662/1199/735
f 647/1186/725 649/1202/738 661/1203/739 660/1201/737
f 664/1204/740 661/1205/739 649/1206/738 653/1207/741
f 665/1208/742 664/1204/740 653/1207/741 657/1209/743
f 661/1205/739 664/1204/740 670/1210/744 667/1211/745
f 662/1199/735 660/1201/737 666/1212/746 668/1213/747
f 664/1204/740 665/1208/742 671/1214/748 670/1210/744
f 663/1200/736 662/1199/735 668/1213/747 669/1215/749
f 660/1201/737 661/1203/739 667/1216/745 666/1212/746
f 667/1211/745 670/1210/744 676/1217/750 673/1218/751
f 668/1213/747 666/1212/746 672/1219/752 674/1220/753
f 670/1210/744 671/1214/748 677/1221/754 676/1217/750
f 669/1222/749 668/1223/747 674/1224/753 675/1225/755
f 666/1226/746 667/1227/745 673/1228/751 672/1229/752
f 682/1230/756 681/1231/757 680/1232/758 679/1233/759
f 683/1234/760 682/1230/756 679/1233/759 678/1235/761
f 673/1228/751 676/1236/750 682/1230/756 683/1234/760
f 676/1236/750 677/1237/754 681/1231/757 682/1230/756
f 674/1224/753 683/1234/760 678/1235/761 675/1225/755
f 673/1228/751 683/1234/760 674/1224/753 672/1229/752
f 677/1238/754 671/1239/748 685/1240/762 686/1241/763
f 671/1214/748 665/1208/742 684/1242/764 685/1243/762
f 681/1231/757 677/1237/754 687/1244/765 688/1245/765
f 680/1232/758 681/1231/757 690/1246/766 689/1247/767
f 665/1208/742 657/1209/743 691/1248/768 692/1249/768
f 651/1250/769 695/1188/727 699/1198/734 658/1251/770
f 653/1207/741 696/1192/729 698/1193/730 657/1209/743
f 649/1206/738 694/1189/724 696/1192/729 653/1207/741
f 648/1183/722 693/1182/721 695/1188/727 651/1250/769
f 647/1186/725 693/1182/721 694/1185/724 649/1202/738
f 657/1209/743 698/1193/730 701/1252/771 700/1253/771
f 651/1250/769 658/1251/770 706/1254/772 704/1255/773
f 654/1256/728 650/1184/723 703/1257/774 705/1258/775
f 648/1183/722 651/1250/769 704/1255/773 702/1259/776
f 650/1184/723 648/1183/722 702/1259/776 703/1257/774
f 656/1194/731 654/1191/728 705/1260/775 707/1261/777
f 745/1262/778 746/1263/779 711/1264/780 709/1265/781
f 745/1262/778 747/1266/782 713/1267/783 708/1268/784
f 746/1269/779 748/1270/785 715/1271/786 711/1272/780
f 750/1273/787 749/1274/788 716/1275/788 717/1276/789
f 748/1270/785 750/1273/787 717/1276/789 715/1271/786
f 747/1266/782 699/1198/734 659/1197/733 713/1267/783
f 659/1197/733 663/1200/736 721/1277/790 713/1267/783
f 713/1267/783 721/1277/790 719/1278/791 708/1268/784
f 708/1268/784 719/1278/791 720/1279/792 710/1280/793
f 722/1281/794 714/1282/795 710/1283/793 720/1284/792
f 723/1285/796 718/1286/797 714/1282/795 722/1281/794
f 720/1284/792 725/1287/798 727/1288/799 722/1281/794
f 721/1277/790 726/1289/800 724/1290/801 719/1278/791
f 722/1281/794 727/1288/799 728/1291/802 723/1285/796
f 663/1200/736 669/1215/749 726/1289/800 721/1277/790
f 719/1278/791 724/1290/801 725/1292/798 720/1279/792
f 725/1287/798 730/1293/803 732/1294/804 727/1288/799
f 726/1289/800 731/1295/805 729/1296/806 724/1290/801
f 727/1288/799 732/1294/804 733/1297/807 728/1291/802
f 669/1222/749 675/1225/755 731/1298/805 726/1299/800
f 724/1290/801 729/1296/806 730/1300/803 725/1292/798
f 735/1301/808 679/1233/759 680/1232/758 734/1302/809
f 736/1303/810 678/1235/761 679/1233/759 735/1301/808
f 730/1304/803 736/1303/810 735/1301/808 732/1305/804
f 732/1305/804 735/1301/808 734/1302/809 733/1306/807
f 731/1298/805 675/1225/755 678/1235/761 736/1303/810
f 730/1304/803 729/1307/806 731/1298/805 736/1303/810
f 733/1297/807 739/1308/811 738/1309/812 728/1291/802
f 728/1291/802 738/1309/812 737/1310/813 723/1285/796
f 734/1302/809 741/1311/814 740/1312/814 733/1306/807
f 680/1232/758 689/1247/767 742/1313/815 734/1302/809
f 723/1285/796 744/1314/816 743/1315/816 718/1286/797
f 712/1316/817 658/1251/770 699/1198/734 747/1266/782
f 714/1282/795 718/1286/797 750/1273/787 748/1270/785
f 710/1283/793 714/1282/795 748/1270/785 746/1269/779
f 709/1265/781 712/1316/817 747/1266/782 745/1262/778
f 708/1268/784 710/1280/793 746/1263/779 745/1262/778
f 718/1286/797 751/1317/818 752/1318/818 750/1273/787
f 712/1316/817 755/1319/819 706/1254/772 658/1251/770
f 715/1320/786 756/1321/820 754/1322/821 711/1264/780
f 709/1265/781 753/1323/822 755/1319/819 712/1316/817
f 711/1264/780 754/1322/821 753/1323/822 709/1265/781
f 717/1276/789 757/1324/823 756/1325/820 715/1271/786
f 758/1326/824 759/1327/825 761/1328/826 760/1329/827
f 759/1327/825 758/1326/824 762/1330/828 763/1331/829
f 760/1332/827 761/1333/826 765/1334/830 764/1335/831
f 790/1336/832 789/1337/833 767/1338/834 766/1339/835
f 764/1335/831 765/1334/830 768/1340/836 769/1341/837
f 760/1332/827 764/1335/831 773/1342/838 771/1343/839
f 762/1330/828 758/1326/824 770/1344/840 772/1345/841
f 790/1336/832 766/1339/835 774/1346/842 791/1347/843
f 764/1335/831 769/1341/837 775/1348/844 773/1342/838
f 758/1349/824 760/1350/827 771/1351/839 770/1352/840
f 776/1353/845 772/1354/841 770/1352/840 771/1351/839
f 777/1355/846 776/1353/845 771/1351/839 773/1356/838
f 778/1357/847 777/1355/846 773/1356/838 775/1358/844
f 792/1359/848 778/1357/847 775/1358/844 791/1360/843
f 779/1361/849 774/1362/842 783/1363/850 782/1364/851
f 766/1339/835 767/1338/834 780/1365/852 781/1366/852
f 765/1334/830 761/1333/826 785/1367/853 787/1368/854
f 759/1327/825 763/1331/829 786/1369/855 784/1370/856
f 761/1328/826 759/1327/825 784/1370/856 785/1371/853
f 768/1340/836 765/1334/830 787/1368/854 788/1372/857
f 779/1361/849 792/1359/848 791/1360/843 774/1362/842
f 769/1341/837 790/1336/832 791/1347/843 775/1348/844
f 769/1341/837 768/1340/836 789/1337/833 790/1336/832
f 793/1373/858 789/1337/833 768/1340/836 788/1372/857
f 774/1346/842 766/1339/835 794/1374/859 795/1375/859
f 796/1376/860 798/1377/861 799/1378/862 797/1379/863
f 797/1379/863 763/1331/829 762/1330/828 796/1376/860
f 798/1380/861 800/1381/864 801/1382/865 799/1383/862
f 819/1384/866 802/1385/867 803/1386/868 818/1387/869
f 800/1381/864 805/1388/870 804/1389/871 801/1382/865
f 798/1380/861 807/1390/872 808/1391/873 800/1381/864
f 762/1330/828 772/1345/841 806/1392/874 796/1376/860
f 819/1384/866 820/1393/875 809/1394/876 802/1385/867
f 800/1381/864 808/1391/873 810/1395/877 805/1388/870
f 796/1396/860 806/1397/874 807/1398/872 798/1399/861
f 776/1353/845 807/1398/872 806/1397/874 772/1354/841
f 777/1355/846 808/1400/873 807/1398/872 776/1353/845
f 778/1357/847 810/1401/877 808/1400/873 777/1355/846
f 792/1359/848 820/1402/875 810/1401/877 778/1357/847
f 779/1361/849 782/1364/851 813/1403/878 809/1404/876
f 802/1385/867 812/1405/879 811/1406/879 803/1386/868
f 801/1382/865 816/1407/880 815/1408/881 799/1383/862
f 797/1379/863 814/1409/882 786/1369/855 763/1331/829
f 799/1378/862 815/1410/881 814/1409/882 797/1379/863
f 804/1389/871 817/1411/883 816/1407/880 801/1382/865
f 779/1361/849 809/1404/876 820/1402/875 792/1359/848
f 805/1388/870 810/1395/877 820/1393/875 819/1384/866
f 805/1388/870 819/1384/866 818/1387/869 804/1389/871
f 821/1412/884 817/1411/883 804/1389/871 818/1387/869
f 809/1394/876 823/1413/885 822/1414/885 802/1385/867
f 828/1415/886 829/1416/887 827/1417/888 826/1418/888
f 834/1419/889 835/1420/890 829/1416/887 828/1415/886
f 834/1419/889 828/1415/886 831/1421/891 836/1422/892
f 831/1421/891 828/1415/886 832/1423/893 833/1424/893
f 824/1425/894 834/1419/889 836/1422/892 830/1426/895
f 824/1425/894 825/1427/896 835/1420/890 834/1419/889
f 824/1425/894 830/1426/895 839/1428/897 837/1429/898
f 825/1427/896 824/1425/894 837/1429/898 838/1430/899
f 837/1429/898 839/1428/897 842/1431/900 840/1432/901
f 838/1430/899 837/1429/898 840/1432/901 841/1433/902
f 847/1434/903 845/1435/904 846/1436/904 848/1437/905
f 853/1438/906 847/1434/903 848/1437/905 854/1439/907
f 853/1438/906 855/1440/908 850/1441/909 847/1434/903
f 850/1441/909 852/1442/910 851/1443/910 847/1434/903
f 843/1444/911 849/1445/912 855/1440/908 853/1438/906
f 843/1444/911 853/1438/906 854/1439/907 844/1446/913
f 843/1444/911 856/1447/914 858/1448/915 849/1445/912
f 844/1446/913 857/1449/916 856/1447/914 843/1444/911
f 856/1447/914 859/1450/917 861/1451/918 858/1448/915
f 857/1449/916 860/1452/919 859/1450/917 856/1447/914
f 862/1453/920 863/1454/921 865/1455/922 864/1456/923
f 862/1453/920 864/1456/923 867/1457/924 866/1458/925
f 866/1458/925 867/1457/924 869/1459/926 868/1460/927
f 867/1457/924 864/1456/923 870/1461/928 871/1462/929
f 862/1453/920 866/1458/925 873/1463/930 872/1464/931
f 863/1454/921 862/1453/920 874/1465/932 875/1466/933
f 864/1456/923 865/1455/922 877/1467/934 876/1468/935
f 878/1469/936 880/1470/937 881/1471/938 879/1472/939
f 878/1469/936 882/1473/940 883/1474/941 880/1470/937
f 882/1473/940 884/1475/942 885/1476/943 883/1474/941
f 883/1474/941 887/1477/944 886/1478/945 880/1470/937
f 878/1469/936 888/1479/946 889/1480/947 882/1473/940
f 879/1472/939 891/1481/948 890/1482/949 878/1469/936
f 880/1470/937 892/1483/950 893/1484/951 881/1471/938
f 875/1485/933 895/1486/952 904/1487/953 863/1488/921
f 866/1489/925 899/1490/954 922/1491/955 873/1492/930
f 865/1493/922 903/1494/956 916/1495/957 877/1496/934
f 898/1497/958 882/1498/940 889/1499/947 923/1500/959
f 871/1501/929 909/1502/960 919/1503/961 867/1504/924
f 874/1465/932 896/1505/962 895/1506/952 875/1466/933
f 876/1507/935 915/1508/963 912/1509/964 864/1510/923
f 877/1467/934 916/1511/957 915/1512/963 876/1468/935
f 870/1461/928 910/1513/965 909/1514/960 871/1462/929
f 863/1515/921 904/1516/953 903/1494/956 865/1493/922
f 873/1463/930 922/1517/955 921/1518/966 872/1464/931
f 917/1519/967 893/1484/951 892/1483/950 914/1520/968
f 868/1521/927 900/1522/969 899/1523/954 866/1524/925
f 902/1525/970 881/1471/938 893/1484/951 917/1519/967
f 908/1526/971 887/1477/944 883/1474/941 918/1527/972
f 867/1528/924 919/1529/961 924/1530/973 869/1531/926
f 923/1532/959 889/1480/947 888/1479/946 920/1533/974
f 920/1533/974 888/1479/946 878/1469/936 907/1534/975
f 925/1535/976 885/1476/943 884/1475/942 901/1536/977
f 869/1459/926 924/1537/973 900/1538/969 868/1460/927
f 914/1520/968 892/1483/950 880/1470/937 913/1539/978
f 872/1540/931 921/1541/966 906/1542/979 862/1543/920
f 864/1544/923 912/1545/964 910/1546/965 870/1547/928
f 918/1527/972 883/1474/941 885/1476/943 925/1535/976
f 913/1539/978 880/1470/937 886/1478/945 911/1548/980
f 862/1549/920 906/1550/979 896/1551/962 874/1552/932
f 911/1548/980 886/1478/945 887/1477/944 908/1526/971
f 907/1534/975 878/1469/936 890/1482/949 897/1553/981
f 905/1554/982 879/1472/939 881/1471/938 902/1525/970
f 901/1536/977 884/1475/942 882/1473/940 898/1555/958
f 897/1553/981 890/1482/949 891/1481/948 894/1556/983
f 925/1557/976 924/1530/973 919/1529/961 918/1558/972
f 907/1559/975 906/1542/979 921/1541/966 920/1560/974
f 901/1561/977 900/1562/969 924/1563/973 925/1564/976
f 923/1500/959 922/1491/955 899/1490/954 898/1497/958
f 913/1565/978 912/1509/964 915/1508/963 914/1566/968
f 920/1567/974 921/1568/966 922/1569/955 923/1570/959
f 917/1571/967 916/1495/957 903/1494/956 902/1572/970
f 918/1573/972 919/1503/961 909/1502/960 908/1574/971
f 914/1575/968 915/1576/963 916/1577/957 917/1578/967
f 911/1579/980 910/1546/965 912/1545/964 913/1580/978
f 905/1581/982 904/1487/953 895/1486/952 894/1582/983
f 908/1583/971 909/1584/960 910/1585/965 911/1586/980
f 897/1587/981 896/1551/962 906/1550/979 907/1588/975
f 902/1572/970 903/1494/956 904/1516/953 905/1589/982
f 898/1590/958 899/1523/954 900/1522/969 901/1591/977
f 894/1592/983 895/1593/952 896/1594/962 897/1595/981
f 894/1556/983 891/1481/948 879/1472/939 905/1554/982
f 926/1596/984 927/1597/984 929/1598/985 928/1599/986
f 933/1600/987 932/1601/988 931/1602/989 930/1603/989
f 928/1599/986 929/1598/985 932/1601/988 933/1600/987
f 934/1604/990 936/1605/991 937/1606/992 935/1607/990
f 941/1608/993 938/1609/994 939/1610/994 940/1611/995
f 936/1605/991 941/1608/993 940/1611/995 937/1606/992
f 956/1612/996 957/1613/997 945/1614/998 944/1615/999
f 951/1616/1000 950/1617/1001 947/1618/1002 946/1619/1003
f 953/1620/1004 952/1621/1005 949/1622/1006 948/1623/1007
f 944/1615/999 945/1614/998 950/1617/1001 951/1616/1000
f 946/1619/1003 947/1618/1002 952/1621/1005 953/1620/1004
f 953/1620/1004 948/1623/1007 954/1624/1008 955/1625/1008
f 942/1626/1009 943/1627/1009 957/1613/997 956/1612/996
f 950/1617/1001 945/1614/998 958/1628/1010 960/1629/1011
f 947/1618/1002 950/1617/1001 960/1629/1011 959/1630/1012
f 945/1614/998 957/1613/997 961/1631/1013 958/1628/1010
f 976/1632/1014 964/1633/1015 965/1634/1016 977/1635/1017
f 971/1636/1018 966/1637/1019 967/1638/1020 970/1639/1021
f 973/1640/1022 968/1641/1023 969/1642/1024 972/1643/1025
f 964/1633/1015 971/1636/1018 970/1639/1021 965/1634/1016
f 966/1637/1019 973/1640/1022 972/1643/1025 967/1638/1020
f 973/1640/1022 975/1644/1026 974/1645/1026 968/1641/1023
f 962/1646/1027 976/1632/1014 977/1635/1017 963/1647/1027
f 970/1639/1021 980/1648/1028 978/1649/1029 965/1634/1016
f 967/1638/1020 979/1650/1030 980/1648/1028 970/1639/1021
f 965/1634/1016 978/1649/1029 981/1651/1031 977/1635/1017
f 982/1652/1032 983/1653/1033 985/1654/1034 984/1655/1035
f 982/1652/1032 984/1655/1035 987/1656/1036 986/1657/1036
f 985/1654/1034 983/1653/1033 988/1658/1037 989/1659/1037
f 990/1660/1038 1006/1661/1039 1010/1662/1040 992/1663/1041
f 1009/1664/1042 1005/1665/1043 1004/1666/1044 1000/1667/1045
f 1012/1668/1046 1014/1669/1047 1001/1670/1048 1002/1671/1049
f 1014/1669/1047 1009/1664/1042 1000/1667/1045 1001/1670/1048
f 1001/1670/1048 1000/1667/1045 997/1672/1050 999/1673/1051
f 1002/1671/1049 1001/1670/1048 999/1673/1051 998/1674/1052
f 1004/1666/1044 1003/1675/1053 996/1676/1054 995/1677/1055
f 1000/1667/1045 1004/1666/1044 995/1677/1055 997/1672/1050
f 992/1678/1041 1010/1679/1040 1013/1680/1056 994/1681/1057
f 991/1682/1058 1008/1683/1059 1006/1661/1039 990/1660/1038
f 994/1681/1057 1013/1680/1056 1011/1684/1060 993/1685/1061
f 1007/1686/1062 1005/1665/1043 1006/1687/1039 1008/1688/1059
f 1005/1665/1043 1009/1664/1042 1010/1689/1040 1006/1687/1039
f 1014/1690/1047 1012/1691/1046 1011/1684/1060 1013/1680/1056
f 1009/1692/1042 1014/1690/1047 1013/1680/1056 1010/1679/1040
f 1005/1665/1043 1007/1686/1062 1003/1675/1053 1004/1666/1044
f 993/1693/1061 1011/1694/1060 1016/1695/1063 1015/1696/1064
f 1012/1697/1046 1002/1698/1049 1018/1699/1065 1019/1700/1066
f 1002/1698/1049 998/1701/1052 1017/1702/1067 1018/1699/1065
f 1012/1697/1046 1019/1700/1066 1016/1695/1063 1011/1694/1060
f 1020/1703/1068 1017/1702/1067 998/1701/1052 999/1704/1051
f 1021/1705/1069 1020/1703/1068 999/1704/1051 997/1706/1050
f 1022/1707/1070 1021/1705/1069 997/1706/1050 995/1708/1055
f 995/1677/1055 996/1676/1054 1022/1709/1070
f 1023/1710/1071 1024/1711/1072 1038/1712/1073 1036/1713/1074
f 1037/1714/1075 1031/1715/1076 1034/1716/1077 1035/1717/1078
f 1040/1718/1079 1033/1719/1080 1032/1720/1081 1042/1721/1082
f 1042/1721/1082 1032/1720/1081 1031/1715/1076 1037/1714/1075
f 1032/1720/1081 1030/1722/1083 1028/1723/1084 1031/1715/1076
f 1033/1719/1080 1029/1724/1085 1030/1722/1083 1032/1720/1081
f 1034/1716/1077 1027/1725/1086 996/1676/1054 1003/1675/1053
f 1031/1715/1076 1028/1723/1084 1027/1725/1086 1034/1716/1077
f 1024/1726/1072 1026/1727/1087 1041/1728/1088 1038/1729/1073
f 991/1682/1058 1023/1710/1071 1036/1713/1074 1008/1683/1059
f 1026/1727/1087 1025/1730/1089 1039/1731/1090 1041/1728/1088
f 1007/1686/1062 1008/1688/1059 1036/1732/1074 1035/1717/1078
f 1035/1733/1078 1036/1734/1074 1038/1729/1073 1037/1735/1075
f 1042/1736/1082 1041/1728/1088 1039/1731/1090 1040/1737/1079
f 1037/1735/1075 1038/1729/1073 1041/1728/1088 1042/1736/1082
f 1035/1717/1078 1034/1716/1077 1003/1675/1053 1007/1686/1062
f 1025/1738/1089 1015/1696/1064 1016/1695/1063 1039/1739/1090
f 1040/1740/1079 1019/1700/1066 1018/1699/1065 1033/1741/1080
f 1033/1741/1080 1018/1699/1065 1017/1702/1067 1029/1742/1085
f 1040/1740/1079 1039/1739/1090 1016/1695/1063 1019/1700/1066
f 1020/1703/1068 1030/1743/1083 1029/1742/1085 1017/1702/1067
f 1021/1705/1069 1028/1744/1084 1030/1743/1083 1020/1703/1068
f 1022/1707/1070 1027/1745/1086 1028/1744/1084 1021/1705/1069
f 1027/1725/1086 1022/1709/1070 996/1676/1054
f 1043/1746/1091 1044/1747/1091 1046/1748/1091 1045/1749/1091
f 1047/1750/1091 1048/1751/1091 1050/1752/1091 1049/1753/1091
f 1052/1754/1058 1051/1755/1058 1053/1756/1058 1054/1757/1058
f 1059/1758/1092 1056/1759/1093 1058/1760/1094 1060/1761/1095
f 1055/1762/1096 1059/1758/1092 1060/1761/1095 1057/1763/1096
f 1058/1760/1094 1056/1759/1093 1061/1764/1097 1062/1765/1097
f 1067/1766/1098 1068/1767/1099 1066/1768/1100 1064/1769/1101
f 1063/1770/1102 1065/1771/1102 1068/1767/1099 1067/1766/1098
f 1066/1768/1100 1070/1772/1103 1069/1773/1103 1064/1769/1101
f 1089/1774/1104 1072/1775/1105 1074/1776/1106 1090/1777/1107
f 1090/1778/1108 1074/1779/1108 1076/1780/1108 1091/1781/1108
f 1091/1781/1109 1076/1780/1110 1078/1782/1110 1092/1783/1111
f 1092/1784/1112 1078/1785/1113 1080/1786/1113 1093/1787/1114
f 1093/1788/1115 1080/1789/1116 1082/1790/1116 1094/1791/1117
f 1094/1791/1118 1082/1790/1119 1084/1792/1120 1095/1793/1121
f 1089/1774/1104 1071/1794/1122 1085/1795/1123 1096/1796/1124
f 1096/1797/1125 1085/1798/1126 1087/1799/1126 1097/1800/1127
f 1086/1801/1128 1096/1797/1125 1097/1800/1127 1088/1802/1128
f 1072/1775/1105 1089/1774/1104 1096/1796/1124 1086/1803/1129
f 1081/1804/1130 1094/1791/1118 1095/1793/1121 1083/1805/1131
f 1079/1806/1132 1093/1788/1115 1094/1791/1117 1081/1804/1132
f 1077/1807/1133 1092/1784/1112 1093/1787/1114 1079/1808/1133
f 1075/1809/1134 1091/1781/1109 1092/1783/1111 1077/1810/1134
f 1073/1811/1108 1090/1778/1108 1091/1781/1108 1075/1809/1108
f 1071/1794/1122 1089/1774/1104 1090/1777/1107 1073/1812/1135
f 1095/1793/1121 1084/1792/1120 1098/1813/1136 1099/1814/1136
f 1083/1805/1131 1095/1793/1121 1101/1815/1137 1100/1816/1137
f 1102/1817/1138 1103/1818/1139 1105/1819/1140 1104/1820/1141
f 1104/1821/1141 1105/1822/1140 1107/1823/1142 1106/1824/1143
f 1106/1825/1143 1107/1826/1142 1109/1827/1144 1108/1828/1145
f 1108/1828/1145 1109/1827/1144 1111/1829/1146 1110/1830/1147
f 1110/1830/1147 1111/1829/1146 1113/1831/1148 1112/1832/1149
f 1137/1833/1150 1112/1834/1149 1113/1835/1148 1139/1836/1151
f 1109/1827/1144 1107/1826/1142 1116/1837/1152 1117/1838/1153
f 1139/1836/1151 1113/1835/1148 1119/1839/1154 1140/1840/1155
f 1105/1819/1140 1103/1818/1139 1114/1841/1156 1115/1842/1157
f 1111/1829/1146 1109/1827/1144 1117/1838/1153 1118/1843/1158
f 1107/1823/1142 1105/1822/1140 1115/1844/1157 1116/1845/1152
f 1113/1831/1148 1111/1829/1146 1118/1843/1158 1119/1846/1154
f 1140/1840/1155 1119/1839/1154 1125/1847/1159 1141/1848/1160
f 1118/1843/1158 1117/1838/1153 1123/1849/1161 1124/1850/1162
f 1116/1845/1152 1115/1844/1157 1121/1851/1163 1122/1852/1164
f 1119/1846/1154 1118/1843/1158 1124/1850/1162 1125/1853/1159
f 1117/1838/1153 1116/1837/1152 1122/1854/1164 1123/1849/1161
f 1115/1842/1157 1114/1841/1156 1120/1855/1165 1121/1856/1163
f 1104/1821/1141 1106/1824/1143 1128/1857/1166 1127/1858/1167
f 1110/1830/1147 1112/1832/1149 1131/1859/1168 1130/1860/1169
f 1102/1817/1138 1104/1820/1141 1127/1861/1167 1126/1862/1170
f 1106/1824/1143 1108/1863/1145 1129/1864/1171 1128/1857/1166
f 1137/1833/1150 1102/1865/1138 1126/1866/1170 1142/1867/1172
f 1108/1828/1145 1110/1830/1147 1130/1860/1169 1129/1868/1171
f 1126/1869/1170 1127/1858/1167 1133/1870/1173 1132/1871/1174
f 1129/1868/1171 1130/1860/1169 1136/1872/1175 1135/1873/1176
f 1128/1874/1166 1129/1868/1171 1135/1873/1176 1134/1875/1177
f 1130/1860/1169 1131/1859/1168 1138/1876/1178 1136/1872/1175
f 1112/1834/1149 1137/1833/1150 1142/1867/1172 1131/1877/1168
f 1114/1878/1156 1140/1840/1155 1141/1848/1160 1120/1879/1165
f 1103/1880/1139 1139/1836/1151 1140/1840/1155 1114/1878/1156
f 1102/1865/1138 1137/1833/1150 1139/1836/1151 1103/1880/1139
f 1127/1858/1167 1128/1857/1166 1134/1881/1177 1133/1870/1173
f 1146/1882/1179 1145/1883/1180 1144/1884/1181 1143/1885/1182
f 1136/1872/1175 1138/1876/1178 1145/1883/1180 1146/1882/1179
f 1145/1883/1180 1138/1876/1178 1147/1886/1183 1149/1887/1184
f 1144/1884/1181 1145/1883/1180 1149/1887/1184 1148/1888/1185
f 1138/1876/1178 1131/1859/1168 1150/1889/1186 1147/1886/1183
f 1146/1882/1179 1143/1885/1182 1152/1890/1187 1153/1891/1188
f 1136/1872/1175 1146/1882/1179 1153/1891/1188 1151/1892/1189
f 1135/1873/1176 1136/1872/1175 1151/1892/1189 1154/1893/1190
f 1142/1894/1172 1126/1895/1170 1155/1896/1191 1156/1897/1192
f 1131/1898/1168 1142/1894/1172 1156/1897/1192 1150/1899/1186
f 1126/1895/1170 1132/1900/1174 1157/1901/1193 1155/1896/1191
f 1157/1901/1193 1132/1900/1174 1158/1902/1194 1160/1903/1195
f 1132/1871/1174 1133/1870/1173 1159/1904/1196 1158/1905/1194
f 1164/1906/1197 1165/1907/1198 1161/1908/1199 1163/1909/1200
f 1165/1907/1198 1166/1910/1201 1162/1911/1202 1161/1908/1199
f 1158/1905/1194 1159/1904/1196 1166/1912/1201 1165/1913/1198
f 1160/1914/1195 1158/1915/1194 1165/1907/1198 1164/1906/1197
f 1162/1916/1202 1166/1912/1201 1168/1917/1203 1167/1918/1204
f 1133/1870/1173 1168/1917/1203 1166/1912/1201 1159/1904/1196
f 1169/1919/1205 1171/1920/1206 1172/1921/1207 1170/1922/1208
f 1171/1923/1206 1173/1924/1209 1174/1925/1210 1172/1926/1207
f 1173/1927/1209 1175/1928/1211 1176/1929/1212 1174/1930/1210
f 1175/1928/1211 1177/1931/1213 1178/1932/1214 1176/1929/1212
f 1177/1933/1213 1179/1934/1215 1180/1935/1216 1178/1936/1214
f 1204/1937/1217 1206/1938/1218 1180/1935/1216 1179/1934/1215
f 1176/1929/1212 1184/1939/1219 1183/1940/1220 1174/1930/1210
f 1206/1938/1218 1207/1941/1221 1186/1942/1222 1180/1935/1216
f 1172/1921/1207 1182/1943/1223 1181/1944/1224 1170/1922/1208
f 1178/1932/1214 1185/1945/1225 1184/1939/1219 1176/1929/1212
f 1174/1925/1210 1183/1946/1220 1182/1947/1223 1172/1926/1207
f 1180/1935/1216 1186/1942/1222 1185/1948/1225 1178/1936/1214
f 1207/1941/1221 1208/1949/1226 1192/1950/1227 1186/1942/1222
f 1185/1945/1225 1191/1951/1228 1190/1952/1229 1184/1939/1219
f 1183/1946/1220 1189/1953/1230 1188/1954/1231 1182/1947/1223
f 1186/1942/1222 1192/1950/1227 1191/1955/1228 1185/1948/1225
f 1184/1939/1219 1190/1952/1229 1189/1956/1230 1183/1940/1220
f 1182/1943/1223 1188/1957/1231 1187/1958/1232 1181/1944/1224
f 1171/1923/1206 1194/1959/1233 1195/1960/1234 1173/1924/1209
f 1177/1931/1213 1197/1961/1235 1198/1962/1236 1179/1963/1215
f 1169/1919/1205 1193/1964/1237 1194/1965/1233 1171/1920/1206
f 1173/1927/1209 1195/1966/1234 1196/1967/1238 1175/1928/1211
f 1204/1937/1217 1209/1968/1239 1193/1969/1237 1169/1970/1205
f 1175/1928/1211 1196/1967/1238 1197/1961/1235 1177/1931/1213
f 1193/1971/1237 1199/1972/1240 1200/1973/1241 1194/1974/1233
f 1196/1967/1238 1202/1975/1242 1203/1976/1243 1197/1961/1235
f 1195/1966/1234 1201/1977/1244 1202/1975/1242 1196/1967/1238
f 1197/1961/1235 1203/1976/1243 1205/1978/1245 1198/1962/1236
f 1179/1934/1215 1198/1979/1236 1209/1968/1239 1204/1937/1217
f 1181/1980/1224 1187/1981/1232 1208/1949/1226 1207/1941/1221
f 1170/1982/1208 1181/1980/1224 1207/1941/1221 1206/1938/1218
f 1169/1970/1205 1170/1982/1208 1206/1938/1218 1204/1937/1217
f 1194/1983/1233 1200/1984/1241 1201/1985/1244 1195/1986/1234
f 1211/1987/1246 1143/1885/1182 1144/1884/1181 1210/1988/1247
f 1203/1976/1243 1211/1987/1246 1210/1988/1247 1205/1978/1245
f 1210/1988/1247 1213/1989/1248 1212/1990/1249 1205/1978/1245
f 1144/1884/1181 1148/1888/1185 1213/1989/1248 1210/1988/1247
f 1205/1978/1245 1212/1990/1249 1214/1991/1250 1198/1962/1236
f 1211/1987/1246 1216/1992/1251 1152/1890/1187 1143/1885/1182
f 1203/1976/1243 1215/1993/1252 1216/1992/1251 1211/1987/1246
f 1202/1975/1242 1217/1994/1253 1215/1993/1252 1203/1976/1243
f 1209/1995/1239 1219/1996/1254 1218/1997/1255 1193/1971/1237
f 1198/1998/1236 1214/1999/1250 1219/1996/1254 1209/1995/1239
f 1193/1971/1237 1218/1997/1255 1220/2000/1256 1199/1972/1240
f 1220/2000/1256 1223/2001/1257 1221/2002/1258 1199/1972/1240
f 1199/1972/1240 1221/2002/1258 1222/2003/1259 1200/1973/1241
f 1224/2004/1260 1163/1909/1200 1161/1908/1199 1225/2005/1261
f 1225/2005/1261 1161/1908/1199 1162/1911/1202 1226/2006/1262
f 1221/2007/1258 1225/2005/1261 1226/2006/1262 1222/2008/1259
f 1223/2009/1257 1224/2004/1260 1225/2005/1261 1221/2007/1258
f 1162/1911/1202 1167/2010/1204 1227/2011/1263 1226/2006/1262
f 1200/2012/1241 1222/2008/1259 1226/2006/1262 1227/2011/1263
s 0
f 1235/2013/1264 1234/2014/1264 1231/2015/1264 1230/2016/1264
f 1235/2013/1264 1230/2016/1264 1233/2017/1264 1240/2018/1264
f 1228/2019/1264 1235/2013/1264 1240/2018/1264 1232/2020/1264
f 1230/2016/1264 1231/2015/1264 1237/2021/1264 1236/2022/1264
f 1229/2023/1264 1228/2019/1264 1238/2024/1264 1239/2025/1264
f 1228/2019/1264 1229/2023/1264 1234/2014/1264 1235/2013/1264
f 1231/2015/1264 1234/2014/1264 1242/2026/1264 1241/2027/1264
f 1234/2014/1264 1229/2023/1264 1243/2028/1264 1244/2029/1264
s 1
f 1245/2030/1265 1246/2031/1266 1248/2032/1267 1247/2033/1268
f 1245/2030/1265 1247/2033/1268 1250/2034/1269 1249/2035/1270
f 1249/2036/1270 1250/2037/1269 1252/2038/1271 1251/2039/1272
f 1249/2036/1270 1251/2039/1272 1256/2040/1273 1255/2041/1274
f 1245/2030/1265 1249/2035/1270 1255/2042/1274 1253/2043/1275
f 1246/2031/1266 1245/2030/1265 1253/2043/1275 1254/2044/1276
f 1262/2045/1277 1261/2046/1278 1257/2047/1279 1258/2048/1280
f 1263/2049/1281 1261/2046/1278 1253/2043/1275 1255/2042/1274
f 1264/2050/1282 1263/2051/1281 1255/2041/1274 1256/2040/1273
f 1260/2052/1283 1259/2053/1284 1263/2051/1281 1264/2050/1282
f 1259/2054/1284 1257/2047/1279 1261/2046/1278 1263/2049/1281
f 1254/2044/1276 1253/2043/1275 1261/2046/1278 1262/2045/1277
f 1260/2052/1283 1264/2050/1282 1269/2055/1285 1268/2056/1286
f 1256/2040/1273 1251/2039/1272 1265/2057/1287 1267/2058/1288
f 1251/2039/1272 1252/2038/1271 1266/2059/1289 1265/2057/1287
f 1264/2050/1282 1256/2040/1273 1267/2058/1288 1269/2055/1285
f 1252/2038/1271 1250/2037/1269 1272/2060/1290 1273/2061/1291
f 1266/2059/1289 1252/2038/1271 1273/2061/1291 1274/2062/1292
f 1250/2034/1269 1247/2033/1268 1270/2063/1293 1272/2064/1290
f 1247/2033/1268 1248/2032/1267 1271/2065/1294 1270/2063/1293
f 1272/2064/1290 1270/2063/1293 1275/2066/1295 1277/2067/1296
f 1273/2061/1291 1272/2060/1290 1277/2068/1296 1278/2069/1297
f 1270/2063/1293 1271/2065/1294 1276/2070/1298 1275/2066/1295
f 1274/2062/1292 1273/2061/1291 1278/2069/1297 1279/2071/1299
f 1280/2072/1300 1282/2073/1301 1283/2074/1302 1281/2075/1303
f 1280/2072/1300 1284/2076/1304 1285/2077/1305 1282/2073/1301
f 1284/2078/1304 1286/2079/1306 1287/2080/1307 1285/2081/1305
f 1284/2078/1304 1290/2082/1308 1291/2083/1309 1286/2079/1306
f 1280/2072/1300 1288/2084/1310 1290/2085/1308 1284/2076/1304
f 1281/2075/1303 1289/2086/1311 1288/2084/1310 1280/2072/1300
f 1293/2087/1312 1258/2048/1280 1257/2047/1279 1292/2088/1313
f 1294/2089/1314 1290/2085/1308 1288/2084/1310 1292/2088/1313
f 1295/2090/1315 1291/2083/1309 1290/2082/1308 1294/2091/1314
f 1260/2052/1283 1295/2090/1315 1294/2091/1314 1259/2053/1284
f 1259/2054/1284 1294/2089/1314 1292/2088/1313 1257/2047/1279
f 1289/2086/1311 1293/2087/1312 1292/2088/1313 1288/2084/1310
f 1260/2052/1283 1268/2056/1286 1299/2092/1316 1295/2090/1315
f 1291/2083/1309 1298/2093/1317 1296/2094/1318 1286/2079/1306
f 1286/2079/1306 1296/2094/1318 1297/2095/1319 1287/2080/1307
f 1295/2090/1315 1299/2092/1316 1298/2093/1317 1291/2083/1309
f 1287/2080/1307 1303/2096/1320 1302/2097/1321 1285/2081/1305
f 1297/2095/1319 1304/2098/1322 1303/2096/1320 1287/2080/1307
f 1285/2077/1305 1302/2099/1321 1300/2100/1323 1282/2073/1301
f 1282/2073/1301 1300/2100/1323 1301/2101/1324 1283/2074/1302
f 1302/2099/1321 1307/2102/1325 1305/2103/1326 1300/2100/1323
f 1303/2096/1320 1308/2104/1327 1307/2105/1325 1302/2097/1321
f 1300/2100/1323 1305/2103/1326 1306/2106/1328 1301/2101/1324
f 1304/2098/1322 1309/2107/1329 1308/2104/1327 1303/2096/1320
f 1324/2108/1330 1323/2109/1331 1321/2110/1332 1316/2111/1333
f 1328/2112/1334 1327/2113/1335 1319/2114/1336 1320/2115/1337
f 1332/2116/1338 1331/2117/1339 1317/2118/1340 1318/2119/1341
f 1323/2120/1331 1328/2121/1334 1320/2122/1337 1321/2123/1332
f 1327/2113/1335 1332/2124/1338 1318/2125/1341 1319/2114/1336
f 1331/2117/1339 1324/2126/1330 1316/2127/1333 1317/2118/1340
f 1339/2128/1342 1334/2129/1343 1325/2130/1344 1330/2131/1345
f 1330/2131/1345 1325/2130/1344 1324/2126/1330 1331/2117/1339
f 1338/2132/1346 1336/2133/1347 1333/2134/1348 1326/2135/1349
f 1326/2135/1349 1333/2134/1348 1332/2124/1338 1327/2113/1335
f 1337/2136/1350 1335/2137/1351 1329/2138/1352 1322/2139/1353
f 1322/2139/1353 1329/2138/1352 1328/2121/1334 1323/2120/1331
f 1336/2140/1347 1339/2128/1342 1330/2131/1345 1333/2141/1348
f 1333/2141/1348 1330/2131/1345 1331/2117/1339 1332/2116/1338
f 1335/2142/1351 1338/2132/1346 1326/2135/1349 1329/2143/1352
f 1329/2143/1352 1326/2135/1349 1327/2113/1335 1328/2112/1334
f 1334/2144/1343 1337/2145/1350 1322/2146/1353 1325/2147/1344
f 1325/2147/1344 1322/2146/1353 1323/2109/1331 1324/2108/1330
f 1310/2148/1354 1315/2149/1355 1337/2145/1350 1334/2144/1343
f 1314/2150/1356 1313/2151/1357 1338/2152/1346 1335/2153/1351
f 1312/2154/1358 1311/2155/1359 1339/2156/1342 1336/2157/1347
f 1315/2158/1355 1314/2150/1356 1335/2153/1351 1337/2159/1350
f 1313/2151/1357 1312/2154/1358 1336/2157/1347 1338/2152/1346
f 1311/2160/1359 1310/2148/1354 1334/2144/1343 1339/2161/1342
f 1314/2162/1356 1315/2163/1355 1345/2164/1360 1344/2165/1361
f 1312/2166/1358 1313/2167/1357 1343/2168/1362 1342/2169/1363
f 1310/2170/1354 1311/2171/1359 1341/2172/1364 1340/2173/1365
f 1315/2149/1355 1310/2148/1354 1340/2174/1365 1345/2175/1360
f 1313/2167/1357 1314/2176/1356 1344/2177/1361 1343/2168/1362
f 1311/2171/1359 1312/2178/1358 1342/2179/1363 1341/2172/1364
f 1345/2180/1360 1340/2181/1365 1346/2182/1366 1351/2183/1367
f 1343/2168/1362 1344/2177/1361 1350/2184/1368 1349/2185/1369
f 1341/2172/1364 1342/2179/1363 1348/2186/1370 1347/2187/1371
f 1344/2165/1361 1345/2164/1360 1351/2188/1367 1350/2189/1368
f 1342/2169/1363 1343/2168/1362 1349/2185/1369 1348/2190/1370
f 1340/2181/1365 1341/2191/1364 1347/2192/1371 1346/2182/1366
f 1316/2111/1333 1321/2110/1332 1357/2193/1372 1352/2194/1373
f 1320/2195/1337 1319/2196/1336 1355/2197/1374 1356/2198/1375
f 1318/2199/1341 1317/2200/1340 1353/2201/1376 1354/2202/1377
f 1321/2203/1332 1320/2195/1337 1356/2198/1375 1357/2204/1372
f 1319/2196/1336 1318/2199/1341 1354/2202/1377 1355/2197/1374
f 1317/2205/1340 1316/2111/1333 1352/2194/1373 1353/2206/1376
f 1356/2207/1375 1355/2208/1374 1361/2209/1378 1362/2210/1379
f 1354/2211/1377 1353/2212/1376 1359/2213/1380 1360/2214/1381
f 1357/2215/1372 1356/2216/1375 1362/2217/1379 1363/2218/1382
f 1355/2197/1374 1354/2202/1377 1360/2219/1381 1361/2220/1378
f 1353/2212/1376 1352/2221/1373 1358/2222/1383 1359/2213/1380
f 1352/2194/1373 1357/2193/1372 1363/2223/1382 1358/2224/1383
f 1361/2209/1378 1360/2225/1381 1366/2226/1384 1367/2227/1385
f 1359/2228/1380 1358/2229/1383 1364/2230/1386 1365/2231/1387
f 1358/2229/1383 1363/2232/1382 1369/2233/1388 1364/2230/1386
f 1362/2210/1379 1361/2209/1378 1367/2227/1385 1368/2234/1389
f 1360/2235/1381 1359/2228/1380 1365/2231/1387 1366/2236/1384
f 1363/2218/1382 1362/2217/1379 1368/2237/1389 1369/2238/1388
f 1369/2238/1388 1368/2237/1389 1374/2239/1390 1375/2240/1391
f 1367/2227/1385 1366/2226/1384 1372/2241/1392 1373/2242/1393
f 1365/2231/1387 1364/2230/1386 1370/2243/1394 1371/2244/1395
f 1364/2230/1386 1369/2233/1388 1375/2245/1391 1370/2243/1394
f 1368/2234/1389 1367/2227/1385 1373/2242/1393 1374/2246/1390
f 1366/2247/1384 1365/2248/1387 1371/2249/1395 1372/2250/1392
f 1371/2251/1395 1370/2252/1394 1376/2253/1396 1377/2254/1396
f 1372/2250/1392 1371/2249/1395 1378/2255/1397 1379/2256/1397
f 1370/2257/1394 1375/2258/1391 1381/2259/1398 1380/2260/1398
f 1373/2261/1393 1372/2262/1392 1382/2263/1399 1383/2264/1399
f 1374/2246/1390 1373/2242/1393 1384/2265/1400 1385/2266/1400
f 1375/2240/1391 1374/2239/1390 1386/2267/1401 1387/2268/1401
f 1402/2269/1402 1394/2270/1403 1399/2271/1404 1401/2272/1405
f 1406/2273/1406 1398/2274/1407 1397/2275/1408 1405/2276/1409
f 1410/2277/1410 1396/2278/1411 1395/2279/1412 1409/2280/1413
f 1401/2272/1405 1399/2271/1404 1398/2281/1407 1406/2282/1406
f 1405/2276/1409 1397/2275/1408 1396/2283/1411 1410/2284/1410
f 1409/2285/1413 1395/2286/1412 1394/2287/1403 1402/2288/1402
f 1417/2289/1414 1408/2290/1415 1403/2291/1416 1412/2292/1417
f 1408/2290/1415 1409/2285/1413 1402/2288/1402 1403/2291/1416
f 1416/2293/1418 1404/2294/1419 1411/2295/1420 1414/2296/1421
f 1404/2294/1419 1405/2276/1409 1410/2284/1410 1411/2295/1420
f 1415/2297/1422 1400/2298/1423 1407/2299/1424 1413/2300/1425
f 1400/2298/1423 1401/2272/1405 1406/2282/1406 1407/2299/1424
f 1414/2301/1421 1411/2302/1420 1408/2303/1415 1417/2304/1414
f 1411/2302/1420 1410/2277/1410 1409/2280/1413 1408/2303/1415
f 1413/2305/1425 1407/2306/1424 1404/2294/1419 1416/2293/1418
f 1407/2306/1424 1406/2273/1406 1405/2276/1409 1404/2294/1419
f 1412/2307/1417 1403/2308/1416 1400/2298/1423 1415/2297/1422
f 1403/2308/1416 1402/2269/1402 1401/2272/1405 1400/2298/1423
f 1388/2309/1426 1412/2310/1417 1415/2311/1422 1393/2312/1427
f 1392/2313/1428 1413/2314/1425 1416/2315/1418 1391/2316/1429
f 1390/2317/1430 1414/2318/1421 1417/2319/1414 1389/2320/1431
f 1393/2321/1427 1415/2322/1422 1413/2314/1425 1392/2313/1428
f 1391/2316/1429 1416/2315/1418 1414/2318/1421 1390/2317/1430
f 1389/2323/1431 1417/2324/1414 1412/2310/1417 1388/2309/1426
f 1392/2325/1428 1422/2326/1432 1423/2327/1433 1393/2328/1427
f 1390/2329/1430 1420/2330/1434 1421/2331/1435 1391/2332/1429
f 1388/2309/1426 1418/2333/1436 1419/2334/1437 1389/2323/1431
f 1393/2328/1427 1423/2327/1433 1418/2335/1436 1388/2336/1426
f 1391/2332/1429 1421/2331/1435 1422/2337/1432 1392/2338/1428
f 1389/2339/1431 1419/2340/1437 1420/2341/1434 1390/2342/1430
f 1423/2343/1433 1429/2344/1438 1424/2345/1439 1418/2346/1436
f 1421/2331/1435 1427/2347/1440 1428/2348/1441 1422/2337/1432
f 1419/2340/1437 1425/2349/1442 1426/2350/1443 1420/2341/1434
f 1422/2326/1432 1428/2351/1441 1429/2352/1438 1423/2327/1433
f 1420/2330/1434 1426/2353/1443 1427/2347/1440 1421/2331/1435
f 1418/2346/1436 1424/2345/1439 1425/2354/1442 1419/2355/1437
f 1394/2356/1403 1430/2357/1444 1435/2358/1445 1399/2359/1404
f 1398/2360/1407 1434/2361/1446 1433/2362/1447 1397/2363/1408
f 1396/2364/1411 1432/2365/1448 1431/2366/1449 1395/2367/1412
f 1399/2368/1404 1435/2369/1445 1434/2361/1446 1398/2360/1407
f 1397/2363/1408 1433/2362/1447 1432/2365/1448 1396/2364/1411
f 1395/2370/1412 1431/2371/1449 1430/2357/1444 1394/2356/1403
f 1434/2372/1446 1440/2373/1450 1439/2374/1451 1433/2375/1447
f 1432/2376/1448 1438/2377/1452 1437/2378/1453 1431/2379/1449
f 1435/2380/1445 1441/2381/1454 1440/2382/1450 1434/2383/1446
f 1433/2375/1447 1439/2374/1451 1438/2384/1452 1432/2385/1448
f 1431/2371/1449 1437/2386/1453 1436/2387/1455 1430/2357/1444
f 1430/2388/1444 1436/2389/1455 1441/2381/1454 1435/2380/1445
f 1439/2374/1451 1445/2390/1456 1444/2391/1457 1438/2384/1452
f 1437/2392/1453 1443/2393/1458 1442/2394/1459 1436/2395/1455
f 1436/2395/1455 1442/2394/1459 1447/2396/1460 1441/2397/1454
f 1440/2373/1450 1446/2398/1461 1445/2390/1456 1439/2374/1451
f 1438/2399/1452 1444/2400/1457 1443/2393/1458 1437/2392/1453
f 1441/2381/1454 1447/2401/1460 1446/2402/1461 1440/2382/1450
f 1447/2401/1460 1453/2403/1462 1452/2404/1463 1446/2402/1461
f 1445/2390/1456 1451/2405/1464 1450/2406/1465 1444/2391/1457
f 1443/2393/1458 1449/2407/1466 1448/2408/1467 1442/2394/1459
f 1442/2394/1459 1448/2408/1467 1453/2409/1462 1447/2396/1460
f 1446/2398/1461 1452/2410/1463 1451/2405/1464 1445/2390/1456
f 1444/2411/1457 1450/2412/1465 1449/2413/1466 1443/2414/1458
f 1449/2407/1466 1455/2415/1468 1454/2416/1468 1448/2408/1467
f 1450/2412/1465 1457/2417/1469 1456/2418/1469 1449/2413/1466
f 1448/2419/1467 1458/2420/1470 1459/2421/1470 1453/2422/1462
f 1451/2423/1464 1461/2424/1471 1460/2425/1471 1450/2426/1465
f 1452/2410/1463 1463/2427/1472 1462/2428/1472 1451/2405/1464
f 1453/2403/1462 1465/2429/1473 1464/2430/1473 1452/2404/1463
f 1469/2431/1474 1468/2432/1475 1472/2433/1476 1473/2434/1477
f 1468/2432/1475 1470/2435/1478 1474/2436/1479 1472/2433/1476
f 1467/2437/1480 1469/2431/1474 1473/2434/1477 1471/2438/1481
f 1467/2437/1480 1471/2438/1481 1476/2439/1482 1475/2440/1483
f 1470/2435/1478 1468/2432/1475 1478/2441/1484 1480/2442/1485
f 1469/2431/1474 1467/2437/1480 1477/2443/1486 1479/2444/1487
f 1468/2432/1475 1469/2431/1474 1479/2444/1487 1478/2441/1484
f 1467/2437/1480 1475/2440/1483 1481/2445/1488 1477/2443/1486
f 1473/2434/1477 1472/2433/1476 1483/2446/1489 1484/2447/1490
f 1476/2439/1482 1471/2438/1481 1482/2448/1491 1486/2449/1492
f 1472/2450/1476 1474/2451/1479 1485/2452/1493 1483/2453/1489
f 1471/2438/1481 1473/2434/1477 1484/2447/1490 1482/2448/1491
f 1476/2439/1482 1486/2449/1492 1490/2454/1494 1488/2455/1495
f 1481/2445/1488 1475/2440/1483 1487/2456/1496 1489/2457/1497
f 1475/2440/1483 1476/2439/1482 1488/2455/1495 1487/2456/1496
f 1516/2458/1498 1515/2459/1499 1494/2460/1500 1492/2461/1501
f 1518/2462/1502 1517/2463/1503 1491/2464/1504 1493/2465/1505
f 1517/2463/1503 1516/2458/1498 1492/2461/1501 1491/2464/1504
f 1492/2461/1501 1494/2460/1500 1498/2466/1506 1496/2467/1507
f 1493/2465/1505 1491/2464/1504 1495/2468/1508 1497/2469/1509
f 1491/2464/1504 1492/2461/1501 1496/2467/1507 1495/2468/1508
f 1508/2470/1510 1507/2471/1511 1500/2472/1512 1502/2473/1513
f 1510/2474/1514 1509/2475/1515 1501/2476/1516 1499/2477/1517
f 1507/2471/1511 1510/2474/1514 1499/2477/1517 1500/2472/1512
f 1512/2478/1518 1511/2479/1519 1504/2480/1520 1506/2481/1521
f 1514/2482/1522 1513/2483/1523 1505/2484/1524 1503/2485/1525
f 1511/2479/1519 1514/2482/1522 1503/2485/1525 1504/2480/1520
f 1474/2436/1479 1470/2435/1478 1510/2474/1514 1507/2471/1511
f 1470/2435/1478 1480/2442/1485 1509/2475/1515 1510/2474/1514
f 1485/2486/1493 1474/2436/1479 1507/2471/1511 1508/2470/1510
f 1500/2487/1512 1499/2488/1517 1514/2482/1522 1511/2479/1519
f 1499/2488/1517 1501/2489/1516 1513/2483/1523 1514/2482/1522
f 1502/2490/1513 1500/2487/1512 1511/2479/1519 1512/2478/1518
f 1487/2456/1496 1488/2455/1495 1516/2458/1498 1517/2463/1503
f 1489/2457/1497 1487/2456/1496 1517/2463/1503 1518/2462/1502
f 1488/2455/1495 1490/2454/1494 1515/2459/1499 1516/2458/1498
f 1521/2491/1526 1525/2492/1527 1524/2493/1528 1520/2494/1529
f 1520/2494/1529 1524/2493/1528 1526/2495/1530 1522/2496/1531
f 1519/2497/1532 1523/2498/1533 1525/2492/1527 1521/2491/1526
f 1519/2497/1532 1527/2499/1534 1528/2500/1535 1523/2498/1533
f 1522/2496/1531 1532/2501/1536 1530/2502/1537 1520/2494/1529
f 1521/2491/1526 1531/2503/1538 1529/2504/1539 1519/2497/1532
f 1520/2494/1529 1530/2502/1537 1531/2503/1538 1521/2491/1526
f 1519/2497/1532 1529/2504/1539 1533/2505/1540 1527/2499/1534
f 1525/2492/1527 1536/2506/1541 1535/2507/1542 1524/2493/1528
f 1528/2500/1535 1538/2508/1543 1534/2509/1544 1523/2498/1533
f 1524/2510/1528 1535/2511/1542 1537/2512/1545 1526/2513/1530
f 1523/2498/1533 1534/2509/1544 1536/2506/1541 1525/2492/1527
f 1528/2514/1535 1540/2515/1546 1542/2516/1547 1538/2517/1543
f 1533/2505/1540 1541/2518/1548 1539/2519/1549 1527/2499/1534
f 1527/2499/1534 1539/2519/1549 1540/2520/1546 1528/2500/1535
f 1560/2521/1550 1544/2522/1551 1546/2523/1552 1559/2524/1553
f 1562/2525/1554 1545/2526/1555 1543/2527/1556 1561/2528/1557
f 1561/2528/1557 1543/2527/1556 1544/2522/1551 1560/2521/1550
f 1544/2522/1551 1496/2529/1507 1498/2530/1506 1546/2523/1552
f 1545/2526/1555 1497/2531/1509 1495/2532/1508 1543/2527/1556
f 1543/2527/1556 1495/2532/1508 1496/2529/1507 1544/2522/1551
f 1552/2533/1558 1550/2534/1559 1548/2535/1560 1551/2536/1561
f 1554/2537/1562 1547/2538/1563 1549/2539/1564 1553/2540/1565
f 1551/2536/1561 1548/2535/1560 1547/2538/1563 1554/2537/1562
f 1556/2541/1566 1506/2481/1521 1504/2480/1520 1555/2542/1567
f 1558/2543/1568 1503/2485/1525 1505/2484/1524 1557/2544/1569
f 1555/2542/1567 1504/2480/1520 1503/2485/1525 1558/2543/1568
f 1526/2495/1530 1551/2536/1561 1554/2537/1562 1522/2496/1531
f 1522/2496/1531 1554/2537/1562 1553/2540/1565 1532/2501/1536
f 1537/2545/1545 1552/2533/1558 1551/2536/1561 1526/2495/1530
f 1548/2546/1560 1555/2542/1567 1558/2543/1568 1547/2547/1563
f 1547/2547/1563 1558/2543/1568 1557/2544/1569 1549/2548/1564
f 1550/2549/1559 1556/2541/1566 1555/2542/1567 1548/2546/1560
f 1539/2519/1549 1561/2528/1557 1560/2521/1550 1540/2520/1546
f 1541/2518/1548 1562/2525/1554 1561/2528/1557 1539/2519/1549
f 1540/2520/1546 1560/2521/1550 1559/2524/1553 1542/2550/1547
f 1565/2551/1570 1564/2552/1571 1568/2553/1572 1569/2554/1573
f 1564/2552/1571 1566/2555/1574 1570/2556/1575 1568/2553/1572
f 1563/2557/1576 1565/2551/1570 1569/2554/1573 1567/2558/1577
f 1563/2557/1576 1567/2558/1577 1572/2559/1578 1571/2560/1579
f 1566/2555/1574 1564/2552/1571 1574/2561/1580 1576/2562/1581
f 1565/2551/1570 1563/2557/1576 1573/2563/1582 1575/2564/1583
f 1564/2552/1571 1565/2551/1570 1575/2564/1583 1574/2561/1580
f 1563/2557/1576 1571/2560/1579 1577/2565/1584 1573/2563/1582
f 1569/2554/1573 1568/2553/1572 1579/2566/1585 1580/2567/1586
f 1572/2559/1578 1567/2558/1577 1578/2568/1587 1582/2569/1588
f 1568/2570/1572 1570/2571/1575 1581/2572/1589 1579/2573/1585
f 1567/2558/1577 1569/2554/1573 1580/2567/1586 1578/2568/1587
f 1572/2574/1578 1582/2575/1588 1586/2576/1590 1584/2577/1591
f 1577/2565/1584 1571/2560/1579 1583/2578/1592 1585/2579/1593
f 1571/2560/1579 1572/2559/1578 1584/2580/1591 1583/2578/1592
f 1612/2581/1594 1611/2582/1595 1590/2583/1596 1588/2584/1597
f 1614/2585/1598 1613/2586/1599 1587/2587/1600 1589/2588/1601
f 1613/2586/1599 1612/2581/1594 1588/2584/1597 1587/2587/1600
f 1588/2584/1597 1590/2583/1596 1594/2589/1602 1592/2590/1603
f 1589/2588/1601 1587/2587/1600 1591/2591/1604 1593/2592/1605
f 1587/2587/1600 1588/2584/1597 1592/2590/1603 1591/2591/1604
f 1604/2593/1606 1603/2594/1607 1596/2595/1608 1598/2596/1609
f 1606/2597/1610 1605/2598/1611 1597/2599/1612 1595/2600/1613
f 1603/2594/1607 1606/2597/1610 1595/2600/1613 1596/2595/1608
f 1608/2601/1614 1607/2602/1615 1600/2603/1616 1602/2604/1617
f 1610/2605/1618 1609/2606/1619 1601/2607/1620 1599/2608/1621
f 1607/2602/1615 1610/2605/1618 1599/2608/1621 1600/2603/1616
f 1570/2556/1575 1566/2555/1574 1606/2597/1610 1603/2594/1607
f 1566/2555/1574 1576/2562/1581 1605/2598/1611 1606/2597/1610
f 1581/2609/1589 1570/2556/1575 1603/2594/1607 1604/2593/1606
f 1596/2610/1608 1595/2611/1613 1610/2605/1618 1607/2602/1615
f 1595/2611/1613 1597/2612/1612 1609/2606/1619 1610/2605/1618
f 1598/2613/1609 1596/2610/1608 1607/2602/1615 1608/2601/1614
f 1583/2578/1592 1584/2580/1591 1612/2581/1594 1613/2586/1599
f 1585/2579/1593 1583/2578/1592 1613/2586/1599 1614/2585/1598
f 1584/2580/1591 1586/2614/1590 1611/2582/1595 1612/2581/1594
f 1617/2615/1622 1621/2616/1623 1620/2617/1624 1616/2618/1625
f 1616/2619/1625 1620/2620/1624 1622/2621/1626 1618/2622/1627
f 1615/2623/1628 1619/2624/1629 1621/2616/1623 1617/2615/1622
f 1615/2623/1628 1623/2625/1630 1624/2626/1631 1619/2624/1629
f 1618/2622/1627 1628/2627/1632 1626/2628/1633 1616/2619/1625
f 1617/2615/1622 1627/2629/1634 1625/2630/1635 1615/2623/1628
f 1616/2618/1625 1626/2631/1633 1627/2629/1634 1617/2615/1622
f 1615/2623/1628 1625/2630/1635 1629/2632/1636 1623/2625/1630
f 1621/2633/1623 1632/2634/1637 1631/2635/1638 1620/2620/1624
f 1624/2626/1631 1634/2636/1639 1630/2637/1640 1619/2624/1629
f 1620/2620/1624 1631/2635/1638 1633/2638/1641 1622/2621/1626
f 1619/2624/1629 1630/2637/1640 1632/2639/1637 1621/2616/1623
f 1624/2626/1631 1636/2640/1642 1638/2641/1643 1634/2636/1639
f 1629/2632/1636 1637/2642/1644 1635/2643/1645 1623/2625/1630
f 1623/2625/1630 1635/2643/1645 1636/2640/1642 1624/2626/1631
f 1655/2644/1646 1640/2645/1647 1642/2646/1648 1466/2647/1649
f 1657/2648/1650 1641/2649/1651 1639/2650/1652 1656/2651/1653
f 1656/2651/1653 1639/2650/1652 1640/2645/1647 1655/2644/1646
f 1640/2645/1647 1592/2652/1603 1594/2653/1602 1642/2646/1648
f 1641/2649/1651 1593/2654/1605 1591/2655/1604 1639/2650/1652
f 1639/2650/1652 1591/2655/1604 1592/2652/1603 1640/2645/1647
f 1648/2656/1654 1646/2657/1655 1644/2658/1656 1647/2659/1657
f 1650/2660/1658 1643/2661/1659 1645/2662/1660 1649/2663/1661
f 1647/2659/1657 1644/2658/1656 1643/2661/1659 1650/2660/1658
f 1652/2664/1662 1602/2604/1617 1600/2603/1616 1651/2665/1663
f 1654/2666/1664 1599/2608/1621 1601/2607/1620 1653/2667/1665
f 1651/2665/1663 1600/2603/1616 1599/2608/1621 1654/2666/1664
f 1622/2668/1626 1647/2659/1657 1650/2660/1658 1618/2669/1627
f 1618/2669/1627 1650/2660/1658 1649/2663/1661 1628/2670/1632
f 1633/2671/1641 1648/2656/1654 1647/2659/1657 1622/2668/1626
f 1644/2672/1656 1651/2665/1663 1654/2666/1664 1643/2673/1659
f 1643/2674/1659 1654/2675/1664 1653/2676/1665 1645/2677/1660
f 1646/2678/1655 1652/2664/1662 1651/2665/1663 1644/2672/1656
f 1635/2643/1645 1656/2651/1653 1655/2644/1646 1636/2640/1642
f 1637/2642/1644 1657/2648/1650 1656/2651/1653 1635/2643/1645
f 1636/2640/1642 1655/2644/1646 1466/2647/1649 1638/2641/1643
f 1660/2679/1666 1661/2680/1667 1659/2681/1668 1658/2682/1669
f 1661/2683/1667 1660/2684/1666 1662/2685/1670 1663/2686/1671
f 1663/2686/1671 1662/2685/1670 1664/2687/1672 1665/2688/1673
f 1665/2689/1673 1664/2690/1672 1666/2691/1674 1667/2692/1675
f 1674/2693/1676 1673/2694/1677 1671/2695/1678 1670/2696/1679
f 1673/2697/1677 1675/2698/1680 1672/2699/1681 1671/2700/1678
f 1676/2701/1682 1674/2693/1676 1670/2696/1679 1669/2702/1683
f 1677/2703/1684 1676/2704/1682 1669/2705/1683 1668/2706/1685
f 1659/2681/1668 1661/2680/1667 1676/2704/1682 1677/2703/1684
f 1661/2683/1667 1663/2686/1671 1674/2693/1676 1676/2701/1682
f 1665/2689/1673 1667/2692/1675 1675/2698/1680 1673/2697/1677
f 1663/2686/1671 1665/2688/1673 1673/2694/1677 1674/2693/1676
f 1677/2703/1684 1668/2706/1685 1680/2707/1686 1681/2708/1687
f 1659/2681/1668 1677/2703/1684 1681/2708/1687 1679/2709/1688
f 1658/2682/1669 1659/2681/1668 1679/2709/1688 1678/2710/1689
f 1767/2711/1690 1764/2712/1691 1686/2713/1692 1692/2714/1693
f 1770/2715/1694 1765/2716/1695 1683/2717/1696 1684/2718/1697
f 1771/2719/1698 1769/2720/1699 1687/2721/1700 1682/2722/1701
f 1772/2723/1702 1770/2715/1694 1684/2718/1697 1685/2724/1703
f 1765/2716/1695 1771/2725/1698 1682/2726/1701 1683/2717/1696
f 1764/2712/1691 1772/2727/1702 1685/2728/1703 1686/2713/1692
f 1768/2729/1704 1766/2730/1705 1689/2731/1706 1695/2732/1707
f 1696/2733/1708 1690/2734/1709 1688/2735/1710 1694/2736/1711
f 1693/2737/1712 1691/2738/1713 1688/2735/1710 1690/2734/1709
f 1667/2739/1675 1666/2740/1674 1691/2738/1713 1693/2737/1712
f 1766/2730/1705 1767/2741/1690 1692/2742/1693 1689/2731/1706
f 1679/2743/1688 1696/2733/1708 1694/2736/1711 1678/2744/1689
f 1769/2720/1699 1768/2745/1704 1695/2746/1707 1687/2721/1700
f 1755/2747/1714 1763/2748/1715 1705/2749/1716 1698/2750/1717
f 1761/2751/1718 1762/2752/1719 1704/2753/1720 1703/2754/1721
f 1763/2755/1715 1761/2751/1718 1703/2754/1721 1705/2756/1716
f 1759/2757/1722 1758/2758/1723 1702/2759/1724 1697/2760/1725
f 1760/2761/1726 1757/2762/1727 1701/2763/1728 1699/2764/1729
f 1758/2765/1723 1756/2766/1730 1700/2767/1731 1702/2768/1724
f 1757/2762/1727 1755/2747/1714 1698/2750/1717 1701/2763/1728
f 1756/2766/1730 1760/2769/1726 1699/2770/1729 1700/2767/1731
f 1762/2771/1719 1759/2757/1722 1697/2760/1725 1704/2772/1720
f 1670/2696/1679 1671/2695/1678 1709/2773/1732 1708/2774/1733
f 1668/2706/1685 1669/2705/1683 1707/2775/1734 1706/2776/1735
f 1680/2707/1686 1668/2706/1685 1706/2776/1735 1711/2777/1736
f 1671/2700/1678 1672/2699/1681 1710/2778/1737 1709/2779/1732
f 1669/2702/1683 1670/2696/1679 1708/2774/1733 1707/2780/1734
f 1714/2781/1738 1712/2782/1739 1713/2783/1740 1715/2784/1741
f 1715/2785/1741 1717/2786/1742 1716/2787/1743 1714/2788/1738
f 1717/2786/1742 1719/2789/1744 1718/2790/1745 1716/2787/1743
f 1719/2791/1744 1667/2692/1675 1720/2792/1746 1718/2793/1745
f 1726/2794/1747 1723/2795/1748 1724/2796/1749 1725/2797/1750
f 1725/2798/1750 1724/2799/1749 1672/2699/1681 1675/2698/1680
f 1727/2800/1751 1722/2801/1752 1723/2795/1748 1726/2794/1747
f 1728/2802/1753 1721/2803/1754 1722/2804/1752 1727/2805/1751
f 1713/2783/1740 1728/2802/1753 1727/2805/1751 1715/2784/1741
f 1715/2785/1741 1727/2800/1751 1726/2794/1747 1717/2786/1742
f 1719/2791/1744 1725/2798/1750 1675/2698/1680 1667/2692/1675
f 1717/2786/1742 1726/2794/1747 1725/2797/1750 1719/2789/1744
f 1728/2802/1753 1681/2708/1687 1680/2707/1686 1721/2803/1754
f 1713/2783/1740 1679/2709/1688 1681/2708/1687 1728/2802/1753
f 1712/2782/1739 1729/2806/1755 1679/2709/1688 1713/2783/1740
f 1776/2807/1756 1739/2808/1757 1734/2809/1758 1773/2810/1759
f 1779/2811/1760 1732/2812/1761 1731/2813/1762 1774/2814/1763
f 1780/2815/1764 1730/2816/1765 1735/2817/1766 1778/2818/1767
f 1781/2819/1768 1733/2820/1769 1732/2812/1761 1779/2811/1760
f 1774/2821/1763 1731/2822/1762 1730/2816/1765 1780/2815/1764
f 1773/2810/1759 1734/2809/1758 1733/2823/1769 1781/2824/1768
f 1777/2825/1770 1741/2826/1771 1737/2827/1772 1775/2828/1773
f 1696/2829/1708 1740/2830/1774 1736/2831/1775 1690/2832/1709
f 1693/2833/1712 1690/2832/1709 1736/2831/1775 1738/2834/1776
f 1667/2692/1675 1693/2835/1712 1738/2836/1776 1720/2792/1746
f 1775/2828/1773 1737/2827/1772 1739/2837/1757 1776/2838/1756
f 1679/2839/1688 1729/2840/1755 1740/2830/1774 1696/2829/1708
f 1778/2841/1767 1735/2842/1766 1741/2826/1771 1777/2825/1770
f 1782/2843/1777 1743/2844/1778 1750/2845/1779 1790/2846/1780
f 1788/2847/1781 1748/2848/1782 1749/2849/1783 1789/2850/1784
f 1790/2846/1780 1750/2845/1779 1748/2848/1782 1788/2847/1781
f 1786/2851/1785 1742/2852/1786 1747/2853/1787 1785/2854/1788
f 1787/2855/1789 1744/2856/1790 1746/2857/1791 1784/2858/1792
f 1785/2859/1788 1747/2860/1787 1745/2861/1793 1783/2862/1794
f 1784/2858/1792 1746/2857/1791 1743/2863/1778 1782/2864/1777
f 1783/2862/1794 1745/2861/1793 1744/2865/1790 1787/2866/1789
f 1789/2867/1784 1749/2868/1783 1742/2852/1786 1786/2851/1785
f 1723/2795/1748 1753/2869/1795 1754/2870/1796 1724/2796/1749
f 1721/2803/1754 1751/2871/1797 1752/2872/1798 1722/2804/1752
f 1680/2707/1686 1711/2777/1736 1751/2871/1797 1721/2803/1754
f 1724/2799/1749 1754/2873/1796 1710/2778/1737 1672/2699/1681
f 1722/2801/1752 1752/2874/1798 1753/2869/1795 1723/2795/1748
f 1691/2875/1713 1666/2876/1674 1759/2877/1722 1762/2752/1719
f 1662/2685/1670 1660/2684/1666 1760/2769/1726 1756/2766/1730
f 1658/2682/1669 1678/2710/1689 1755/2747/1714 1757/2762/1727
f 1664/2687/1672 1662/2685/1670 1756/2766/1730 1758/2765/1723
f 1660/2679/1666 1658/2682/1669 1757/2762/1727 1760/2761/1726
f 1666/2691/1674 1664/2690/1672 1758/2758/1723 1759/2757/1722
f 1694/2878/1711 1688/2879/1710 1761/2751/1718 1763/2755/1715
f 1688/2879/1710 1691/2875/1713 1762/2752/1719 1761/2751/1718
f 1678/2710/1689 1694/2880/1711 1763/2748/1715 1755/2747/1714
f 1698/2750/1717 1705/2749/1716 1768/2745/1704 1769/2720/1699
f 1703/2754/1721 1704/2753/1720 1767/2741/1690 1766/2730/1705
f 1705/2756/1716 1703/2754/1721 1766/2730/1705 1768/2729/1704
f 1697/2760/1725 1702/2759/1724 1772/2727/1702 1764/2712/1691
f 1699/2764/1729 1701/2763/1728 1771/2719/1698 1765/2881/1695
f 1702/2768/1724 1700/2767/1731 1770/2715/1694 1772/2723/1702
f 1701/2763/1728 1698/2750/1717 1769/2720/1699 1771/2719/1698
f 1700/2767/1731 1699/2770/1729 1765/2716/1695 1770/2715/1694
f 1704/2772/1720 1697/2760/1725 1764/2712/1691 1767/2711/1690
f 1743/2844/1778 1778/2841/1767 1777/2825/1770 1750/2845/1779
f 1748/2848/1782 1775/2828/1773 1776/2838/1756 1749/2849/1783
f 1750/2845/1779 1777/2825/1770 1775/2828/1773 1748/2848/1782
f 1742/2852/1786 1773/2810/1759 1781/2824/1768 1747/2853/1787
f 1744/2856/1790 1774/2821/1763 1780/2815/1764 1746/2857/1791
f 1747/2860/1787 1781/2819/1768 1779/2811/1760 1745/2861/1793
f 1746/2857/1791 1780/2815/1764 1778/2818/1767 1743/2863/1778
f 1745/2861/1793 1779/2811/1760 1774/2814/1763 1744/2865/1790
f 1749/2868/1783 1776/2807/1756 1773/2810/1759 1742/2852/1786
f 1738/2836/1776 1789/2867/1784 1786/2851/1785 1720/2792/1746
f 1716/2787/1743 1783/2862/1794 1787/2866/1789 1714/2788/1738
f 1712/2782/1739 1784/2858/1792 1782/2864/1777 1729/2806/1755
f 1718/2790/1745 1785/2859/1788 1783/2862/1794 1716/2787/1743
f 1714/2781/1738 1787/2855/1789 1784/2858/1792 1712/2782/1739
f 1720/2792/1746 1786/2851/1785 1785/2854/1788 1718/2793/1745
f 1740/2830/1774 1790/2846/1780 1788/2847/1781 1736/2831/1775
f 1736/2831/1775 1788/2847/1781 1789/2850/1784 1738/2834/1776
f 1729/2840/1755 1782/2843/1777 1790/2846/1780 1740/2830/1774
f 1828/2882/1799 1827/2883/1800 1798/2884/1801 1799/2885/1802
f 1830/2886/1803 1829/2887/1804 1803/2888/1805 1804/2889/1806
f 1829/2887/1804 1835/2890/1807 1811/2891/1808 1803/2888/1805
f 1834/2892/1809 1828/2893/1799 1799/2894/1802 1807/2895/1810
f 1833/2896/1811 1830/2886/1803 1804/2889/1806 1808/2897/1812
f 1811/2898/1808 1812/2899/1813 1825/2900/1814 1826/2901/1815
f 1831/2902/1816 1832/2903/1817 1800/2904/1818 1801/2905/1819
f 1802/2906/1820 1795/2907/1821 1814/2908/1822 1813/2909/1823
f 1808/2897/1812 1804/2889/1806 1816/2910/1824 1815/2911/1825
f 1804/2889/1806 1803/2888/1805 1822/2912/1826 1821/2913/1827
f 1807/2895/1810 1799/2894/1802 1802/2914/1820 1813/2915/1823
f 1827/2916/1800 1833/2896/1811 1808/2897/1812 1798/2917/1801
f 1832/2918/1817 1834/2892/1809 1807/2895/1810 1800/2919/1818
f 1835/2920/1807 1810/2921/1828 1809/2922/1829 1836/2923/1830
f 1836/2924/1830 1831/2902/1816 1801/2905/1819 1812/2925/1813
f 1798/2917/1801 1808/2897/1812 1814/2926/1822 1795/2927/1821
f 1799/2885/1802 1798/2884/1801 1795/2928/1821 1802/2929/1820
f 1808/2930/1812 1807/2931/1810 1813/2932/1823 1814/2933/1822
f 1818/2934/1831 1815/2935/1825 1816/2936/1824 1817/2937/1832
f 1807/2938/1810 1808/2939/1812 1815/2940/1825 1818/2941/1831
f 1800/2919/1818 1807/2895/1810 1818/2942/1831 1817/2943/1832
f 1804/2944/1806 1800/2945/1818 1817/2946/1832 1816/2947/1824
f 1820/2948/1833 1821/2949/1827 1822/2950/1826 1819/2951/1834
f 1800/2952/1818 1804/2953/1806 1821/2954/1827 1820/2955/1833
f 1803/2956/1805 1801/2957/1819 1819/2958/1834 1822/2959/1826
f 1801/2905/1819 1800/2904/1818 1820/2948/1833 1819/2951/1834
f 1824/2960/1835 1823/2961/1836 1826/2962/1815 1825/2963/1814
f 1803/2888/1805 1811/2891/1808 1826/2964/1815 1823/2965/1836
f 1812/2925/1813 1801/2905/1819 1824/2960/1835 1825/2963/1814
f 1801/2966/1819 1803/2967/1805 1823/2968/1836 1824/2969/1835
f 1809/2970/1829 1794/2971/1837 1831/2902/1816 1836/2924/1830
f 1811/2898/1808 1835/2920/1807 1836/2923/1830 1812/2899/1813
f 1793/2972/1838 1805/2973/1839 1834/2892/1809 1832/2918/1817
f 1791/2974/1840 1806/2975/1841 1833/2896/1811 1827/2916/1800
f 1794/2971/1837 1793/2976/1838 1832/2903/1817 1831/2902/1816
f 1806/2975/1841 1797/2977/1842 1830/2886/1803 1833/2896/1811
f 1805/2973/1839 1792/2978/1843 1828/2893/1799 1834/2892/1809
f 1796/2979/1844 1810/2980/1828 1835/2890/1807 1829/2887/1804
f 1797/2977/1842 1796/2979/1844 1829/2887/1804 1830/2886/1803
f 1791/2974/1840 1827/2916/1800 1840/2981/1845 1838/2982/1846
f 1837/2983/1847 1838/2984/1846 1840/2985/1845 1839/2986/1848
f 1828/2893/1799 1792/2978/1843 1837/2987/1847 1839/2988/1848
f 1792/2989/1843 1791/2990/1840 1838/2991/1846 1837/2992/1847
f 1827/2993/1800 1828/2994/1799 1839/2995/1848 1840/2996/1845
f 1791/2997/1840 1792/2998/1843 1842/2999/1849 1841/3000/1850
f 1794/3001/1837 1809/2922/1829 1849/3002/1851 1844/3003/1852
f 1806/2975/1841 1791/2974/1840 1841/3004/1850 1848/3005/1853
f 1792/2978/1843 1805/2973/1839 1847/3006/1854 1842/3007/1849
f 1809/2922/1829 1810/2921/1828 1850/3008/1855 1849/3002/1851
f 1796/2979/1844 1797/2977/1842 1846/3009/1856 1845/3010/1857
f 1810/2921/1828 1796/3011/1844 1845/3012/1857 1850/3008/1855
f 1793/2972/1838 1794/3013/1837 1844/3014/1852 1843/3015/1858
f 1797/2977/1842 1806/2975/1841 1848/3005/1853 1846/3009/1856
f 1805/2973/1839 1793/2972/1838 1843/3015/1858 1847/3006/1854
f 1841/3000/1850 1842/2999/1849 1852/3016/1859 1851/3017/1860
f 1849/3002/1851 1850/3008/1855 1860/3018/1861 1859/3019/1862
f 1846/3009/1856 1848/3005/1853 1858/3020/1863 1856/3021/1864
f 1842/3007/1849 1847/3006/1854 1857/3022/1865 1852/3023/1859
f 1844/3024/1852 1849/3025/1851 1859/3026/1862 1854/3027/1866
f 1847/3006/1854 1843/3015/1858 1853/3028/1867 1857/3022/1865
f 1843/3029/1858 1844/3024/1852 1854/3027/1866 1853/3030/1867
f 1850/3031/1855 1845/3010/1857 1855/3032/1868 1860/3033/1861
f 1848/3005/1853 1841/3004/1850 1851/3034/1860 1858/3020/1863
f 1845/3010/1857 1846/3009/1856 1856/3021/1864 1855/3032/1868
f 1898/3035/1869 1869/3036/1870 1868/3037/1871 1897/3038/1872
f 1900/3039/1873 1874/3040/1874 1873/3041/1875 1899/3042/1876
f 1899/3042/1876 1873/3041/1875 1881/3043/1877 1905/3044/1878
f 1904/3045/1879 1877/3046/1880 1869/3047/1870 1898/3048/1869
f 1903/3049/1881 1878/3050/1882 1874/3040/1874 1900/3039/1873
f 1881/3043/1877 1896/3051/1883 1895/3052/1884 1882/3053/1885
f 1901/3054/1886 1871/3055/1887 1870/3056/1888 1902/3057/1889
f 1872/3058/1890 1883/3059/1891 1884/3060/1892 1865/3061/1893
f 1878/3050/1882 1885/3062/1894 1886/3063/1895 1874/3040/1874
f 1874/3040/1874 1891/3064/1896 1892/3065/1897 1873/3041/1875
f 1877/3046/1880 1883/3066/1891 1872/3067/1890 1869/3047/1870
f 1897/3038/1872 1868/3037/1871 1878/3068/1882 1903/3069/1881
f 1902/3070/1889 1870/3071/1888 1877/3046/1880 1904/3045/1879
f 1905/3044/1878 1906/3072/1898 1879/3073/1899 1880/3074/1900
f 1906/3075/1898 1882/3076/1885 1871/3055/1887 1901/3054/1886
f 1868/3077/1871 1865/3078/1893 1884/3079/1892 1878/3080/1882
f 1869/3036/1870 1872/3081/1890 1865/3082/1893 1868/3037/1871
f 1878/3080/1882 1884/3079/1892 1883/3083/1891 1877/3084/1880
f 1888/3085/1901 1887/3086/1902 1886/3087/1895 1885/3088/1894
f 1877/3089/1880 1888/3090/1901 1885/3091/1894 1878/3092/1882
f 1870/3071/1888 1887/3093/1902 1888/3094/1901 1877/3046/1880
f 1874/3040/1874 1886/3063/1895 1887/3095/1902 1870/3096/1888
f 1890/3097/1903 1889/3098/1904 1892/3099/1897 1891/3100/1896
f 1870/3101/1888 1890/3102/1903 1891/3103/1896 1874/3104/1874
f 1873/3041/1875 1892/3065/1897 1889/3105/1904 1871/3106/1887
f 1871/3055/1887 1889/3107/1904 1890/3108/1903 1870/3056/1888
f 1894/3109/1905 1895/3110/1884 1896/3111/1883 1893/3112/1906
f 1873/3041/1875 1893/3113/1906 1896/3051/1883 1881/3043/1877
f 1882/3076/1885 1895/3114/1884 1894/3115/1905 1871/3055/1887
f 1871/3116/1887 1894/3117/1905 1893/3118/1906 1873/3119/1875
f 1879/3120/1899 1906/3075/1898 1901/3054/1886 1864/3121/1907
f 1881/3043/1877 1882/3053/1885 1906/3072/1898 1905/3044/1878
f 1863/3122/1908 1902/3070/1889 1904/3045/1879 1875/3123/1909
f 1861/3124/1910 1897/3038/1872 1903/3069/1881 1876/3125/1911
f 1864/3121/1907 1901/3054/1886 1902/3057/1889 1863/3126/1908
f 1876/3125/1911 1903/3069/1881 1900/3127/1873 1867/3128/1912
f 1875/3123/1909 1904/3045/1879 1898/3048/1869 1862/3129/1913
f 1866/3130/1914 1899/3042/1876 1905/3044/1878 1880/3074/1900
f 1867/3131/1912 1900/3039/1873 1899/3042/1876 1866/3130/1914
f 1861/3132/1910 1908/3133/1915 1910/3134/1916 1897/3135/1872
f 1907/3136/1917 1909/3137/1918 1910/3138/1916 1908/3139/1915
f 1898/3048/1869 1909/3140/1918 1907/3141/1917 1862/3129/1913
f 1862/3142/1913 1907/3136/1917 1908/3139/1915 1861/3124/1910
f 1897/3143/1872 1910/3144/1916 1909/3145/1918 1898/3146/1869
f 1861/3124/1910 1911/3147/1919 1912/3148/1920 1862/3142/1913
f 1864/3121/1907 1914/3149/1921 1919/3150/1922 1879/3120/1899
f 1876/3125/1911 1918/3151/1923 1911/3147/1919 1861/3124/1910
f 1862/3129/1913 1912/3152/1920 1917/3153/1924 1875/3123/1909
f 1879/3073/1899 1919/3154/1922 1920/3155/1925 1880/3074/1900
f 1866/3130/1914 1915/3156/1926 1916/3157/1927 1867/3131/1912
f 1880/3074/1900 1920/3155/1925 1915/3156/1926 1866/3130/1914
f 1863/3126/1908 1913/3158/1928 1914/3149/1921 1864/3121/1907
f 1867/3128/1912 1916/3159/1927 1918/3151/1923 1876/3125/1911
f 1875/3123/1909 1917/3153/1924 1913/3160/1928 1863/3122/1908
f 1911/3147/1919 1921/3161/1929 1922/3162/1930 1912/3148/1920
f 1919/3154/1922 1929/3163/1931 1930/3164/1932 1920/3155/1925
f 1916/3159/1927 1926/3165/1933 1928/3166/1934 1918/3151/1923
f 1912/3152/1920 1922/3167/1930 1927/3168/1935 1917/3153/1924
f 1914/3149/1921 1924/3169/1936 1929/3170/1931 1919/3150/1922
f 1917/3153/1924 1927/3168/1935 1923/3171/1937 1913/3160/1928
f 1913/3158/1928 1923/3172/1937 1924/3169/1936 1914/3149/1921
f 1920/3155/1925 1930/3164/1932 1925/3173/1938 1915/3156/1926
f 1918/3151/1923 1928/3166/1934 1921/3161/1929 1911/3147/1919
f 1915/3156/1926 1925/3173/1938 1926/3174/1933 1916/3157/1927
s 0
f 1938/3175/1939 1937/3176/1939 1934/3177/1939 1933/3178/1939
f 1938/3175/1940 1933/3178/1940 1936/3179/1940 1943/3180/1940
f 1931/3181/1941 1938/3175/1941 1943/3180/1941 1935/3182/1941
f 1933/3178/1942 1934/3177/1942 1940/3183/1942 1939/3184/1942
f 1932/3185/1943 1931/3181/1943 1941/3186/1943 1942/3187/1943
f 1931/3181/1944 1932/3185/1944 1937/3176/1944 1938/3175/1944
f 1934/3177/1945 1937/3176/1945 1945/3188/1945 1944/3189/1945
f 1937/3176/1946 1932/3185/1946 1946/3190/1946 1947/3191/1946
s 1
f 1952/3192/1947 1949/3193/1947 1948/3194/1948 1951/3195/1949
f 1948/3194/1948 1950/3196/1950 1953/3197/1951 1951/3195/1949
f 1950/3196/1950 1954/3198/1952 1955/3199/1953 1953/3197/1951
f 1955/3200/1953 1954/3201/1952 1956/3202/1954 1957/3203/1955
f 1961/3204/1956 1960/3205/1957 1958/3206/1958 1959/3207/1958
f 1957/3208/1955 1956/3209/1954 1960/3205/1957 1961/3204/1956
f 1952/3192/1947 1964/3210/1959 1962/3211/1960 1949/3193/1947
f 1962/3211/1960 1964/3210/1959 1965/3212/1961 1963/3213/1962
f 1963/3213/1962 1965/3212/1961 1967/3214/1963 1966/3215/1964
f 1967/3216/1963 1969/3217/1965 1968/3218/1966 1966/3219/1964
f 1971/3220/1967 1959/3207/1958 1958/3206/1958 1970/3221/1968
f 1969/3222/1965 1971/3220/1967 1970/3221/1968 1968/3223/1966
s 0
f 1979/3224/1969 1978/3225/1969 1975/3226/1969 1974/3227/1969
f 1979/3224/1970 1974/3227/1970 1977/3228/1970 1984/3229/1970
f 1972/3230/1971 1979/3224/1971 1984/3229/1971 1976/3231/1971
f 1974/3227/1972 1975/3226/1972 1981/3232/1972 1980/3233/1972
f 1973/3234/1973 1972/3230/1973 1982/3235/1973 1983/3236/1973
f 1972/3230/1974 1973/3234/1974 1978/3225/1974 1979/3224/1974
f 1975/3226/1975 1978/3225/1975 1986/3237/1975 1985/3238/1975
f 1978/3225/1976 1973/3234/1976 1987/3239/1976 1988/3240/1976
s 1
f 2009/3241/1977 2008/3242/1978 1998/3243/1979 1999/3244/1980
f 2013/3245/1981 2012/3246/1982 2002/3247/1983 2005/3248/1984
f 2008/3249/1978 2016/3250/1985 2003/3251/1986 1998/3252/1979
f 2017/3253/1987 2009/3241/1977 1999/3244/1980 2000/3254/1988
f 2021/3255/1989 2020/3256/1990 2004/3257/1991 2006/3258/1992
f 2016/3250/1985 2021/3259/1989 2006/3260/1992 2003/3251/1986
f 2023/3261/1993 2017/3262/1987 2000/3263/1988 2001/3264/1994
f 2020/3256/1990 2013/3265/1981 2005/3266/1984 2004/3257/1991
f 2012/3246/1982 2023/3261/1993 2001/3264/1994 2002/3247/1983
f 1993/3267/1995 1992/3268/1996 2024/3269/1997 2011/3270/1998
f 2011/3270/1998 2024/3269/1997 2023/3261/1993 2012/3246/1982
f 1995/3271/1999 1996/3272/2000 2014/3273/2001 2019/3274/2002
f 2019/3274/2002 2014/3273/2001 2013/3265/1981 2020/3256/1990
f 1992/3268/1996 1991/3275/2003 2018/3276/2004 2024/3269/1997
f 2024/3269/1997 2018/3276/2004 2017/3262/1987 2023/3261/1993
f 1994/3277/2005 1997/3278/2006 2022/3279/2007 2015/3280/2008
f 2015/3280/2008 2022/3279/2007 2021/3259/1989 2016/3250/1985
f 1997/3281/2006 1995/3271/1999 2019/3274/2002 2022/3282/2007
f 2022/3282/2007 2019/3274/2002 2020/3256/1990 2021/3255/1989
f 1991/3283/2003 1990/3284/2009 2010/3285/2010 2018/3286/2004
f 2018/3286/2004 2010/3285/2010 2009/3241/1977 2017/3253/1987
f 1989/3287/2011 1994/3277/2005 2015/3280/2008 2007/3288/2012
f 2007/3288/2012 2015/3280/2008 2016/3250/1985 2008/3249/1978
f 1996/3289/2000 1993/3267/1995 2011/3270/1998 2014/3290/2001
f 2014/3290/2001 2011/3270/1998 2012/3246/1982 2013/3245/1981
f 1990/3284/2009 1989/3291/2011 2007/3292/2012 2010/3285/2010
f 2010/3285/2010 2007/3292/2012 2008/3242/1978 2009/3241/1977
f 1999/3293/1980 1998/3294/1979 2025/3295/2013 2026/3296/2014
f 2005/3297/1984 2002/3298/1983 2029/3299/2015 2032/3300/2016
f 1998/3301/1979 2003/3302/1986 2030/3303/2017 2025/3304/2013
f 2000/3305/1988 1999/3293/1980 2026/3296/2014 2027/3306/2018
f 2006/3307/1992 2004/3308/1991 2031/3309/2019 2033/3310/2020
f 2003/3302/1986 2006/3307/1992 2033/3310/2020 2030/3303/2017
f 2001/3311/1994 2000/3305/1988 2027/3306/2018 2028/3312/2021
f 2004/3308/1991 2005/3297/1984 2032/3300/2016 2031/3309/2019
f 2002/3313/1983 2001/3311/1994 2028/3312/2021 2029/3314/2015
f 2025/3315/2013 2030/3316/2017 2039/3317/2022 2034/3318/2023
f 2027/3319/2018 2026/3320/2014 2035/3321/2024 2036/3322/2025
f 2033/3323/2020 2031/3324/2019 2040/3325/2026 2042/3326/2027
f 2030/3316/2017 2033/3323/2020 2042/3326/2027 2039/3317/2022
f 2028/3327/2021 2027/3328/2018 2036/3329/2025 2037/3330/2028
f 2031/3331/2019 2032/3332/2016 2041/3333/2029 2040/3334/2026
f 2029/3335/2015 2028/3327/2021 2037/3330/2028 2038/3336/2030
f 2026/3320/2014 2025/3337/2013 2034/3338/2023 2035/3321/2024
f 2032/3339/2016 2029/3335/2015 2038/3336/2030 2041/3340/2029
f 2063/3341/2031 2053/3342/2032 2052/3343/2033 2062/3344/2034
f 2067/3345/2035 2059/3346/2036 2056/3347/2037 2066/3348/2038
f 2062/3344/2034 2052/3343/2033 2057/3349/2039 2070/3350/2040
f 2071/3351/2041 2054/3352/2042 2053/3342/2032 2063/3341/2031
f 2075/3353/2043 2060/3354/2044 2058/3355/2045 2074/3356/2046
f 2070/3357/2040 2057/3358/2039 2060/3354/2044 2075/3353/2043
f 2077/3359/2047 2055/3360/2048 2054/3361/2042 2071/3362/2041
f 2074/3356/2046 2058/3355/2045 2059/3363/2036 2067/3364/2035
f 2066/3348/2038 2056/3347/2037 2055/3365/2048 2077/3366/2047
f 2047/3367/2049 2065/3368/2050 2078/3369/2051 2046/3370/2052
f 2065/3368/2050 2066/3348/2038 2077/3366/2047 2078/3369/2051
f 2049/3371/2053 2073/3372/2054 2068/3373/2055 2050/3374/2056
f 2073/3372/2054 2074/3375/2046 2067/3376/2035 2068/3373/2055
f 2046/3377/2052 2078/3378/2051 2072/3379/2057 2045/3380/2058
f 2078/3378/2051 2077/3359/2047 2071/3362/2041 2072/3379/2057
f 2048/3381/2059 2069/3382/2060 2076/3383/2061 2051/3384/2062
f 2069/3382/2060 2070/3357/2040 2075/3353/2043 2076/3383/2061
f 2051/3384/2062 2076/3383/2061 2073/3385/2054 2049/3386/2053
f 2076/3383/2061 2075/3353/2043 2074/3356/2046 2073/3385/2054
f 2045/3380/2058 2072/3379/2057 2064/3387/2063 2044/3388/2064
f 2072/3389/2057 2071/3351/2041 2063/3341/2031 2064/3390/2063
f 2043/3391/2065 2061/3392/2066 2069/3393/2060 2048/3394/2059
f 2061/3392/2066 2062/3344/2034 2070/3350/2040 2069/3393/2060
f 2050/3395/2056 2068/3396/2055 2065/3368/2050 2047/3367/2049
f 2068/3396/2055 2067/3345/2035 2066/3348/2038 2065/3368/2050
f 2044/3397/2064 2064/3390/2063 2061/3392/2066 2043/3391/2065
f 2064/3390/2063 2063/3341/2031 2062/3344/2034 2061/3392/2066
f 2053/3398/2032 2080/3399/2067 2079/3400/2068 2052/3401/2033
f 2059/3402/2036 2086/3403/2069 2083/3404/2070 2056/3405/2037
f 2052/3401/2033 2079/3400/2068 2084/3406/2071 2057/3407/2039
f 2054/3408/2042 2081/3409/2072 2080/3399/2067 2053/3398/2032
f 2060/3410/2044 2087/3411/2073 2085/3412/2074 2058/3413/2045
f 2057/3414/2039 2084/3415/2071 2087/3411/2073 2060/3410/2044
f 2055/3416/2048 2082/3417/2075 2081/3409/2072 2054/3408/2042
f 2058/3413/2045 2085/3412/2074 2086/3403/2069 2059/3402/2036
f 2056/3418/2037 2083/3419/2070 2082/3417/2075 2055/3416/2048
f 2079/3420/2068 2088/3421/2076 2093/3422/2077 2084/3423/2071
f 2081/3424/2072 2090/3425/2078 2089/3426/2079 2080/3427/2067
f 2087/3428/2073 2096/3429/2080 2094/3430/2081 2085/3431/2074
f 2084/3432/2071 2093/3433/2077 2096/3429/2080 2087/3428/2073
f 2082/3434/2075 2091/3435/2082 2090/3436/2078 2081/3437/2072
f 2085/3438/2074 2094/3439/2081 2095/3440/2083 2086/3441/2069
f 2083/3442/2070 2092/3443/2084 2091/3444/2082 2082/3445/2075
f 2080/3427/2067 2089/3426/2079 2088/3421/2076 2079/3420/2068
f 2086/3441/2069 2095/3440/2083 2092/3443/2084 2083/3442/2070
f 2097/3446/2085 2098/3447/2086 2100/3448/2087 2099/3449/2088
f 2099/3449/2088 2100/3448/2087 2102/3450/2089 2101/3451/2090
f 2140/3452/2091 2139/3453/2092 2104/3454/2093 2103/3455/2094
f 2111/3456/2095 2112/3457/2096 2106/3458/2097 2105/3459/2098
f 2105/3459/2098 2106/3458/2097 2108/3460/2099 2107/3461/2100
f 2142/3462/2101 2141/3463/2102 2110/3464/2103 2109/3465/2104
f 2097/3466/2085 2109/3465/2104 2110/3464/2103 2098/3467/2086
f 2139/3453/2092 2102/3468/2089 2113/3469/2105 2143/3470/2106
f 2141/3463/2102 2108/3471/2099 2116/3472/2107 2144/3473/2108
f 2100/3448/2087 2098/3447/2086 2118/3474/2109 2119/3475/2110
f 2112/3476/2096 2104/3454/2093 2114/3477/2111 2137/3478/2112
f 2113/3469/2105 2102/3468/2089 2120/3479/2113 2124/3480/2114
f 2116/3481/2107 2115/3482/2115 2130/3483/2116 2131/3484/2117
f 2108/3460/2099 2106/3458/2097 2115/3485/2115 2116/3486/2107
f 2119/3487/2110 2118/3488/2109 2122/3489/2118 2123/3490/2119
f 2118/3491/2109 2121/3492/2120 2125/3493/2121 2122/3494/2118
f 2120/3495/2113 2119/3487/2110 2123/3490/2119 2124/3496/2114
f 2115/3482/2115 2137/3497/2112 2138/3498/2122 2130/3483/2116
f 2110/3464/2103 2117/3499/2123 2125/3493/2121 2121/3492/2120
f 2098/3447/2086 2110/3500/2103 2121/3501/2120 2118/3474/2109
f 2123/3490/2119 2122/3489/2118 2133/3502/2124 2134/3503/2125
f 2102/3450/2089 2100/3448/2087 2119/3475/2110 2120/3504/2113
f 2126/3505/2126 2127/3506/2127 2134/3503/2125 2133/3502/2124
f 2127/3506/2127 2128/3507/2128 2135/3508/2129 2134/3503/2125
f 2132/3509/2130 2126/3510/2126 2133/3511/2124 2136/3512/2131
f 2125/3493/2121 2117/3499/2123 2132/3509/2130 2136/3512/2131
f 2147/3513/2132 2146/3514/2133 2131/3484/2117 2130/3483/2116
f 2124/3496/2114 2123/3490/2119 2134/3503/2125 2135/3508/2129
f 2113/3469/2105 2124/3480/2114 2135/3515/2129 2128/3516/2128
f 2144/3473/2108 2116/3472/2107 2131/3517/2117 2146/3518/2133
f 2122/3494/2118 2125/3493/2121 2136/3512/2131 2133/3511/2124
f 2143/3470/2106 2113/3469/2105 2128/3516/2128 2145/3519/2134
f 2148/3520/2135 2147/3513/2132 2130/3483/2116 2138/3498/2122
f 2137/3497/2112 2114/3521/2111 2129/3522/2136 2138/3498/2122
f 2106/3458/2097 2112/3457/2096 2137/3523/2112 2115/3485/2115
f 2103/3524/2094 2104/3525/2093 2112/3457/2096 2111/3456/2095
f 2145/3526/2134 2148/3520/2135 2138/3498/2122 2129/3522/2136
f 2128/3527/2128 2127/3528/2127 2148/3520/2135 2145/3526/2134
f 2127/3528/2127 2126/3529/2126 2147/3513/2132 2148/3520/2135
f 2114/3477/2111 2143/3470/2106 2145/3519/2134 2129/3530/2136
f 2117/3499/2123 2144/3473/2108 2146/3518/2133 2132/3509/2130
f 2126/3529/2126 2132/3531/2130 2146/3514/2133 2147/3513/2132
f 2110/3464/2103 2141/3463/2102 2144/3473/2108 2117/3499/2123
f 2104/3454/2093 2139/3453/2092 2143/3470/2106 2114/3477/2111
f 2107/3532/2100 2108/3471/2099 2141/3463/2102 2142/3462/2101
f 2101/3533/2090 2102/3468/2089 2139/3453/2092 2140/3452/2091
f 2149/3534/2137 2151/3535/2138 2152/3536/2139 2150/3537/2140
f 2151/3535/2138 2153/3538/2141 2154/3539/2142 2152/3536/2139
f 2192/3540/2143 2155/3541/2144 2156/3542/2145 2191/3543/2146
f 2163/3544/2147 2157/3545/2148 2158/3546/2149 2164/3547/2150
f 2157/3545/2148 2159/3548/2151 2160/3549/2152 2158/3546/2149
f 2194/3550/2153 2161/3551/2154 2162/3552/2155 2193/3553/2156
f 2149/3554/2137 2150/3555/2140 2162/3552/2155 2161/3551/2154
f 2191/3543/2146 2195/3556/2157 2165/3557/2158 2154/3558/2142
f 2193/3553/2156 2196/3559/2159 2168/3560/2160 2160/3561/2152
f 2152/3536/2139 2171/3562/2161 2170/3563/2162 2150/3537/2140
f 2164/3547/2150 2189/3564/2163 2166/3565/2164 2156/3566/2145
f 2165/3557/2158 2176/3567/2165 2172/3568/2166 2154/3558/2142
f 2168/3569/2160 2183/3570/2167 2182/3571/2168 2167/3572/2169
f 2160/3549/2152 2168/3573/2160 2167/3574/2169 2158/3546/2149
f 2171/3575/2161 2175/3576/2170 2174/3577/2171 2170/3578/2162
f 2170/3579/2162 2174/3580/2171 2177/3581/2172 2173/3582/2173
f 2172/3583/2166 2176/3584/2165 2175/3576/2170 2171/3575/2161
f 2167/3572/2169 2182/3571/2168 2190/3585/2174 2189/3586/2163
f 2162/3552/2155 2173/3582/2173 2177/3581/2172 2169/3587/2175
f 2150/3537/2140 2170/3563/2162 2173/3588/2173 2162/3589/2155
f 2175/3576/2170 2186/3590/2176 2185/3591/2177 2174/3577/2171
f 2154/3539/2142 2172/3592/2166 2171/3562/2161 2152/3536/2139
f 2178/3593/2178 2185/3591/2177 2186/3590/2176 2179/3594/2179
f 2179/3594/2179 2186/3590/2176 2187/3595/2180 2180/3596/2181
f 2184/3597/2182 2188/3598/2183 2185/3599/2177 2178/3600/2178
f 2177/3581/2172 2188/3601/2183 2184/3602/2182 2169/3587/2175
f 2199/3603/2184 2182/3571/2168 2183/3570/2167 2198/3604/2185
f 2176/3584/2165 2187/3595/2180 2186/3590/2176 2175/3576/2170
f 2165/3557/2158 2180/3605/2181 2187/3606/2180 2176/3567/2165
f 2196/3559/2159 2198/3607/2185 2183/3608/2167 2168/3560/2160
f 2174/3580/2171 2185/3609/2177 2188/3601/2183 2177/3581/2172
f 2195/3556/2157 2197/3610/2186 2180/3605/2181 2165/3557/2158
f 2200/3611/2187 2190/3585/2174 2182/3571/2168 2199/3603/2184
f 2189/3586/2163 2190/3585/2174 2181/3612/2188 2166/3613/2164
f 2158/3546/2149 2167/3574/2169 2189/3564/2163 2164/3547/2150
f 2155/3614/2144 2163/3544/2147 2164/3547/2150 2156/3566/2145
f 2197/3615/2186 2181/3612/2188 2190/3585/2174 2200/3611/2187
f 2180/3616/2181 2197/3615/2186 2200/3611/2187 2179/3617/2179
f 2179/3617/2179 2200/3611/2187 2199/3603/2184 2178/3600/2178
f 2166/3618/2164 2181/3619/2188 2197/3610/2186 2195/3556/2157
f 2169/3587/2175 2184/3602/2182 2198/3607/2185 2196/3559/2159
f 2178/3600/2178 2199/3603/2184 2198/3604/2185 2184/3597/2182
f 2162/3552/2155 2169/3587/2175 2196/3559/2159 2193/3553/2156
f 2156/3542/2145 2166/3618/2164 2195/3556/2157 2191/3543/2146
f 2159/3620/2151 2194/3550/2153 2193/3553/2156 2160/3561/2152
f 2153/3621/2141 2192/3540/2143 2191/3543/2146 2154/3558/2142
s 0
f 2208/3622/2189 2207/3623/2189 2204/3624/2189 2203/3625/2189
f 2208/3622/2190 2203/3625/2190 2206/3626/2190 2213/3627/2190
f 2201/3628/2191 2208/3622/2191 2213/3627/2191 2205/3629/2191
f 2203/3625/2192 2204/3624/2192 2210/3630/2192 2209/3631/2192
f 2202/3632/2193 2201/3628/2193 2211/3633/2193 2212/3634/2193
f 2201/3628/2194 2202/3632/2194 2207/3623/2194 2208/3622/2194
f 2204/3624/2195 2207/3623/2195 2215/3635/2195 2214/3636/2195
f 2207/3623/2196 2202/3632/2196 2216/3637/2196 2217/3638/2196
f 2225/3639/2197 2224/3640/2197 2221/3641/2197 2220/3642/2197
f 2225/3639/2198 2220/3642/2198 2223/3643/2198 2230/3644/2198
f 2218/3645/2199 2225/3639/2199 2230/3644/2199 2222/3646/2199
f 2220/3642/2200 2221/3641/2200 2227/3647/2200 2226/3648/2200
f 2219/3649/2201 2218/3645/2201 2228/3650/2201 2229/3651/2201
f 2218/3645/2202 2219/3649/2202 2224/3640/2202 2225/3639/2202
f 2221/3641/2203 2224/3640/2203 2232/3652/2203 2231/3653/2203
f 2224/3640/2204 2219/3649/2204 2233/3654/2204 2234/3655/2204
s 1
f 2245/3656/2205 2244/3657/2206 2235/3658/2207 2236/3659/2208
f 2247/3660/2209 2246/3661/2210 2239/3662/2211 2242/3663/2212
f 2244/3664/2206 2248/3665/2213 2240/3666/2214 2235/3667/2207
f 2249/3668/2215 2245/3656/2205 2236/3659/2208 2237/3669/2216
f 2251/3670/2217 2250/3671/2218 2241/3672/2219 2243/3673/2220
f 2248/3674/2213 2251/3670/2217 2243/3673/2220 2240/3675/2214
f 2252/3676/2221 2249/3677/2215 2237/3678/2216 2238/3679/2222
f 2250/3671/2218 2247/3680/2209 2242/3681/2212 2241/3672/2219
f 2246/3661/2210 2252/3676/2221 2238/3679/2222 2239/3662/2211
f 2263/3682/2223 2254/3683/2224 2253/3684/2225 2262/3685/2226
f 2265/3686/2227 2260/3687/2228 2257/3688/2229 2264/3689/2230
f 2262/3690/2226 2253/3691/2225 2258/3692/2231 2266/3693/2232
f 2267/3694/2233 2255/3695/2234 2254/3683/2224 2263/3682/2223
f 2269/3696/2235 2261/3697/2236 2259/3698/2237 2268/3699/2238
f 2266/3700/2232 2258/3701/2231 2261/3697/2236 2269/3696/2235
f 2270/3702/2239 2256/3703/2240 2255/3704/2234 2267/3705/2233
f 2268/3699/2238 2259/3698/2237 2260/3706/2228 2265/3707/2227
f 2264/3689/2230 2257/3688/2229 2256/3703/2240 2270/3702/2239
f 2281/3708/2241 2280/3709/2242 2271/3710/2243 2272/3711/2244
f 2283/3712/2245 2282/3713/2246 2275/3714/2247 2278/3715/2248
f 2280/3716/2242 2284/3717/2249 2276/3718/2250 2271/3719/2243
f 2285/3720/2251 2281/3708/2241 2272/3711/2244 2273/3721/2252
f 2287/3722/2253 2286/3723/2254 2277/3724/2255 2279/3725/2256
f 2284/3726/2249 2287/3722/2253 2279/3725/2256 2276/3727/2250
f 2288/3728/2257 2285/3720/2251 2273/3721/2252 2274/3729/2258
f 2286/3723/2254 2283/3730/2245 2278/3731/2248 2277/3724/2255
f 2282/3713/2246 2288/3732/2257 2274/3733/2258 2275/3714/2247
f 2299/3734/2259 2290/3735/2260 2289/3736/2261 2298/3737/2262
f 2301/3738/2263 2296/3739/2264 2293/3740/2265 2300/3741/2266
f 2298/3742/2262 2289/3743/2261 2294/3744/2267 2302/3745/2268
f 2303/3746/2269 2291/3747/2270 2290/3735/2260 2299/3734/2259
f 2305/3748/2271 2297/3749/2272 2295/3750/2273 2304/3751/2274
f 2302/3752/2268 2294/3753/2267 2297/3749/2272 2305/3748/2271
f 2306/3754/2275 2292/3755/2276 2291/3747/2270 2303/3746/2269
f 2304/3756/2274 2295/3757/2273 2296/3739/2264 2301/3738/2263
f 2300/3741/2266 2293/3740/2265 2292/3758/2276 2306/3759/2275
f 2317/3760/2277 2316/3761/2278 2307/3762/2279 2308/3763/2280
f 2319/3764/2281 2318/3765/2282 2311/3766/2283 2314/3767/2284
f 2316/3761/2278 2320/3768/2285 2312/3769/2286 2307/3762/2279
f 2321/3770/2287 2317/3760/2277 2308/3763/2280 2309/3771/2288
f 2323/3772/2289 2322/3773/2290 2313/3774/2291 2315/3775/2292
f 2320/3776/2285 2323/3772/2289 2315/3775/2292 2312/3777/2286
f 2324/3778/2293 2321/3779/2287 2309/3780/2288 2310/3781/2294
f 2322/3782/2290 2319/3764/2281 2314/3767/2284 2313/3783/2291
f 2318/3784/2282 2324/3778/2293 2310/3781/2294 2311/3785/2283
f 2335/3786/2295 2326/3787/2296 2325/3788/2297 2334/3789/2298
f 2337/3790/2299 2332/3791/2300 2329/3792/2301 2336/3793/2302
f 2334/3789/2298 2325/3788/2297 2330/3794/2303 2338/3795/2304
f 2339/3796/2305 2327/3797/2306 2326/3787/2296 2335/3786/2295
f 2341/3798/2307 2333/3799/2308 2331/3800/2309 2340/3801/2310
f 2338/3802/2304 2330/3803/2303 2333/3799/2308 2341/3798/2307
f 2342/3804/2311 2328/3805/2312 2327/3806/2306 2339/3807/2305
f 2340/3808/2310 2331/3809/2309 2332/3791/2300 2337/3790/2299
f 2336/3793/2302 2329/3792/2301 2328/3810/2312 2342/3811/2311
s 0
f 2343/3812/1058 2344/3813/1058 2346/3814/1058 2345/3815/1058
f 2346/3814/1058 2344/3813/1058 2347/3816/1058 2348/3817/1058
f 2348/3817/1058 2347/3816/1058 2349/3818/1058 2350/3819/1058
f 2350/3819/1058 2349/3818/1058 2351/3820/1058 2352/3821/1058
f 2356/3822/1058 2355/3823/1058 2353/3824/1058 2354/3825/1058
f 2352/3821/1058 2351/3820/1058 2355/3823/1058 2356/3822/1058
f 2353/3824/1058 2355/3823/1058 2358/3826/1058 2357/3827/1058
f 2359/3828/1058 2361/3829/1058 2362/3830/1058 2360/3831/1058
f 2362/3830/1058 2364/3832/1058 2363/3833/1058 2360/3831/1058
f 2364/3832/1058 2366/3834/1058 2365/3835/1058 2363/3833/1058
f 2366/3834/1058 2368/3836/1058 2367/3837/1058 2365/3835/1058
f 2372/3838/1058 2370/3839/1058 2369/3840/1058 2371/3841/1058
f 2368/3836/1058 2372/3838/1058 2371/3841/1058 2367/3837/1058
f 2369/3840/1058 2357/3827/1058 2358/3826/1058 2371/3841/1058
s 1
f 2375/3842/2313 2376/3843/2314 2374/3844/2315 2373/3845/2316
f 2373/3845/2316 2374/3844/2315 2378/3846/2317 2377/3847/2318
f 2377/3847/2318 2378/3846/2317 2380/3848/2319 2379/3849/2320
f 2379/3850/2320 2380/3851/2319 2382/3852/2321 2381/3853/2322
f 2388/3854/2323 2387/3855/2324 2384/3856/2325 2383/3857/2326
f 2381/3853/2322 2382/3852/2321 2385/3858/2327 2386/3859/2328
f 2386/3860/2328 2385/3861/2327 2387/3855/2324 2388/3854/2323
f 2384/3856/2325 2387/3855/2324 2390/3862/2329 2389/3863/2330
f 2401/3864/2331 2400/3865/2332 2392/3866/2333 2391/3867/2334
f 2391/3867/2334 2392/3866/2333 2394/3868/2335 2393/3869/2336
f 2395/3870/2337 2393/3869/2336 2394/3868/2335 2396/3871/2338
f 2397/3872/2339 2395/3873/2337 2396/3874/2338 2398/3875/2340
f 2376/3843/2314 2397/3872/2339 2398/3875/2340 2374/3844/2315
f 2378/3846/2317 2374/3844/2315 2398/3875/2340 2399/3876/2341
f 2396/3874/2338 2399/3876/2341 2398/3875/2340
f 2389/3877/2330 2390/3878/2329 2400/3865/2332 2401/3864/2331
f 2375/3842/2313 2402/3879/2342 2403/3880/2343 2376/3843/2314
f 2402/3879/2342 2404/3881/2344 2405/3882/2345 2403/3880/2343
f 2404/3881/2344 2406/3883/2346 2407/3884/2347 2405/3882/2345
f 2406/3885/2346 2408/3886/2348 2409/3887/2349 2407/3888/2347
f 2413/3889/2350 2383/3857/2326 2384/3856/2325 2412/3890/2351
f 2408/3886/2348 2411/3891/2352 2410/3892/2353 2409/3887/2349
f 2411/3893/2352 2413/3889/2350 2412/3890/2351 2410/3894/2353
f 2384/3856/2325 2389/3863/2330 2414/3895/2354 2412/3890/2351
f 2401/3864/2331 2391/3867/2334 2415/3896/2355 2420/3897/2356
f 2391/3867/2334 2393/3869/2336 2416/3898/2357 2415/3896/2355
f 2395/3870/2337 2417/3899/2358 2416/3898/2357 2393/3869/2336
f 2397/3872/2339 2418/3900/2359 2417/3901/2358 2395/3873/2337
f 2376/3843/2314 2403/3880/2343 2418/3900/2359 2397/3872/2339
f 2405/3882/2345 2419/3902/2360 2418/3900/2359 2403/3880/2343
f 2417/3901/2358 2418/3900/2359 2419/3902/2360
f 2389/3877/2330 2401/3864/2331 2420/3897/2356 2414/3903/2354
