# Blender 4.4.3
# www.blender.org
mtllib 无握把.mtl
o C2_LOW
v 0.962562 2.267002 1.224723
v 0.962562 2.147291 1.243091
v 0.962562 2.323133 1.066808
v 0.962562 2.244732 0.991080
v 0.962562 2.276252 1.136374
v 0.962562 1.993234 1.047922
v 0.962562 2.479324 1.220550
v 0.962562 2.489676 1.183360
v 0.962562 2.501293 1.206646
v 0.962562 2.216180 1.355286
v 0.962562 2.198979 1.354480
v 0.962562 2.376927 0.936931
v 0.962562 2.358928 0.919702
v 0.962562 1.629892 1.204466
v 0.962562 1.629218 1.181482
v 0.962562 1.901616 0.864583
v 0.962562 1.891285 0.877858
v 0.962562 2.208192 1.233028
v 0.962562 2.283932 1.030241
v 0.962562 2.135121 1.093320
v 0.962562 2.210377 1.359144
v 0.962562 2.374711 0.925235
v 0.962562 2.271825 1.179519
v 0.962562 2.071489 1.146829
v 0.962562 2.494230 1.216052
v 0.962562 1.618858 1.199528
v 0.962562 2.171657 1.163174
v 0.962562 2.119361 1.020674
v 0.962562 2.299692 1.102888
v 0.962562 2.499683 1.194576
v 0.962562 1.895519 0.866463
v 0.962562 2.209527 1.061781
v 0.962562 2.178590 1.238209
v 0.962562 2.205657 1.359818
v 0.962562 2.264332 1.010661
v 0.962562 2.064556 1.071794
v 0.962562 2.369035 0.920895
v 0.962562 2.121573 1.155001
v 0.962562 2.164444 1.041227
v 0.962562 2.287972 1.119631
v 0.962562 2.500488 1.200611
v 0.962562 2.056676 1.035470
v 0.962562 1.891540 0.870811
v 0.962562 2.172324 1.077551
v 0.962562 2.114500 1.056510
v 0.962562 2.032272 1.097675
v 0.962562 1.617311 1.192151
v 0.962562 2.153389 1.128247
v 0.962562 2.274038 1.157947
v 0.962562 2.497761 1.211349
v 0.962562 2.093064 1.113397
v 0.917148 2.267002 1.224723
v 0.917148 2.147291 1.243091
v 0.917148 2.323133 1.066808
v 0.917148 2.244732 0.991080
v 0.917148 2.276252 1.136374
v 0.917148 1.993234 1.047922
v 0.917148 2.479324 1.220550
v 0.917148 2.489676 1.183360
v 0.917148 2.501293 1.206646
v 0.917148 2.216180 1.355286
v 0.917148 2.198979 1.354480
v 0.917148 2.376927 0.936931
v 0.917148 2.358928 0.919702
v 0.917148 1.629892 1.204466
v 0.917148 1.629218 1.181482
v 0.917148 1.901616 0.864583
v 0.917148 1.891285 0.877858
v 0.917148 2.208192 1.233028
v 0.917148 2.283932 1.030241
v 0.917148 2.135121 1.093320
v 0.917148 2.210377 1.359144
v 0.917148 2.374711 0.925235
v 0.917148 2.271825 1.179519
v 0.917148 2.071489 1.146829
v 0.917148 2.494230 1.216052
v 0.917148 1.618858 1.199528
v 0.917148 2.171657 1.163174
v 0.917148 2.119361 1.020674
v 0.917148 2.299692 1.102888
v 0.917148 2.499683 1.194576
v 0.917148 1.895519 0.866463
v 0.917148 2.209527 1.061781
v 0.917148 2.178590 1.238209
v 0.917148 2.205657 1.359818
v 0.917148 2.264332 1.010661
v 0.917148 2.064556 1.071794
v 0.917148 2.369035 0.920895
v 0.917148 2.121573 1.155001
v 0.917148 2.164444 1.041227
v 0.917148 2.287972 1.119631
v 0.917148 2.500488 1.200611
v 0.917148 2.056676 1.035470
v 0.917148 1.891540 0.870811
v 0.917148 2.172324 1.077551
v 0.917148 2.114500 1.056510
v 0.917148 2.032272 1.097675
v 0.917148 1.617311 1.192151
v 0.917148 2.153389 1.128247
v 0.917148 2.274038 1.157947
v 0.917148 2.497761 1.211349
v 0.917148 2.093064 1.113398
v 0.946640 2.252998 1.072249
v 0.946640 2.252998 1.050550
v 0.991721 2.243797 1.072249
v 0.991721 2.243797 1.050550
v 1.029938 2.216500 1.072249
v 1.029938 2.216500 1.050550
v 1.055474 2.173643 1.072249
v 1.055474 2.173643 1.050550
v 1.064441 2.123089 1.072249
v 1.064441 2.123089 1.050550
v 1.055474 2.072536 1.072249
v 1.055474 2.072536 1.050550
v 1.029938 2.029679 1.072249
v 1.029938 2.029679 1.050550
v 0.991721 2.002382 1.072249
v 0.991721 2.002382 1.050550
v 0.946640 1.993181 1.072249
v 0.946640 1.993181 1.050550
v 0.946640 2.252998 1.189643
v 0.946640 2.252998 1.167945
v 0.991721 2.243797 1.189643
v 0.991721 2.243797 1.167945
v 1.029938 2.216500 1.189643
v 1.029938 2.216500 1.167945
v 1.055474 2.173643 1.189643
v 1.055474 2.173643 1.167945
v 1.064441 2.123089 1.189643
v 1.064441 2.123089 1.167945
v 1.055474 2.072536 1.189643
v 1.055474 2.072536 1.167945
v 1.029938 2.029679 1.189643
v 1.029938 2.029679 1.167945
v 0.991721 2.002382 1.189643
v 0.991721 2.002382 1.167945
v 0.946640 1.993181 1.189643
v 0.946640 1.993181 1.167945
v 0.946640 2.221835 1.154753
v 0.946640 2.221835 1.085010
v 0.984088 2.214735 1.154753
v 0.984088 2.214735 1.085010
v 1.015835 2.195175 1.154753
v 1.015835 2.195175 1.085010
v 1.037048 2.162102 1.154753
v 1.037048 2.162102 1.085010
v 1.044497 2.123089 1.154753
v 1.044497 2.123089 1.085010
v 1.037048 2.084077 1.154753
v 1.037048 2.084077 1.085010
v 1.015835 2.051004 1.154753
v 1.015835 2.051004 1.085010
v 0.984088 2.030363 1.154753
v 0.984088 2.030363 1.085010
v 0.946640 2.023262 1.154753
v 0.946640 2.023262 1.085010
vn 1.0000 -0.0000 -0.0000
vn -1.0000 -0.0000 -0.0000
vn -0.0000 0.1557 0.9878
vn -0.0000 0.5728 0.8197
vn -0.0000 0.9675 0.2530
vn -0.0000 0.9912 -0.1322
vn -0.0000 0.6642 -0.7475
vn -0.0000 0.5734 -0.8193
vn -0.0000 0.0196 0.9998
vn -0.0000 -0.7866 0.6174
vn -0.0000 -0.2632 0.9647
vn -0.0000 0.7791 0.6269
vn -0.0000 0.9319 0.3627
vn -0.0000 -0.9071 0.4209
vn -0.0000 0.9947 0.1026
vn -0.0000 0.8512 -0.5249
vn -0.0000 -0.2188 -0.9758
vn -0.0000 -0.1025 -0.9947
vn -0.0000 0.9239 0.3827
vn -0.0000 -0.5151 -0.8571
vn -0.0000 -0.9503 -0.3115
vn -0.0000 -0.2451 0.9695
vn -0.0000 -0.0744 0.9972
vn -0.0000 -0.3445 -0.9388
vn -0.0000 0.0270 -0.9996
vn -0.0000 -0.5349 -0.8449
vn -0.0000 -0.9684 0.2493
vn -0.0000 -0.8577 0.5142
vn -0.0000 0.3563 0.9344
vn -0.0000 0.3757 -0.9267
vn -0.0000 0.7997 0.6004
vn -0.0000 -0.7786 0.6275
vn -0.0000 0.9087 -0.4174
vn -0.0000 -0.9254 -0.3790
vn 0.2000 0.9798 -0.0000
vn 0.3993 0.9168 -0.0000
vn 0.7358 0.6772 -0.0000
vn 0.9371 0.3490 -0.0000
vn 0.9371 -0.3490 -0.0000
vn 0.7358 -0.6772 -0.0000
vn 0.3993 -0.9168 -0.0000
vn 0.2000 -0.9798 -0.0000
vn -0.0000 -0.0000 -1.0000
vn -0.0000 -0.0000 1.0000
vn 0.1863 0.9825 -0.0000
vn 0.3614 0.9324 -0.0000
vn 0.7007 0.7135 -0.0000
vn 0.9289 0.3704 -0.0000
vn 0.9289 -0.3704 -0.0000
vn 0.7093 -0.7049 -0.0000
vn 0.3727 -0.9279 -0.0000
vn 0.1863 -0.9825 -0.0000
vt 0.493375 0.710381
vt 0.525848 0.715762
vt 0.450558 0.756439
vt 0.434598 0.747272
vt 0.526668 0.651739
vt 0.568380 0.651302
vt 0.602028 0.676458
vt 0.552153 0.673489
vt 0.395958 0.694238
vt 0.387167 0.721436
vt 0.260178 0.675503
vt 0.251818 0.670040
vt 0.402884 0.654484
vt 0.405197 0.668704
vt 0.248697 0.662577
vt 0.250148 0.658950
vt 0.432123 0.594933
vt 0.395840 0.610437
vt 0.405842 0.517900
vt 0.408896 0.514421
vt 0.389666 0.821982
vt 0.382977 0.822967
vt 0.534720 0.626562
vt 0.469443 0.577939
vt 0.807981 0.513173
vt 0.815913 0.514430
vt 0.563493 0.695423
vt 0.696849 0.767892
vt 0.697905 0.772456
vt 0.418638 0.738105
vt 0.378586 0.821165
vt 0.375140 0.814047
vt 0.450213 0.586487
vt 0.411807 0.513173
vt 0.485406 0.652654
vt 0.503167 0.671894
vt 0.460903 0.705000
vt 0.467645 0.633414
vt 0.400570 0.640265
vt 0.818182 0.518894
vt 0.251599 0.655322
vt 0.260382 0.649857
vt 0.501183 0.629988
vt 0.400577 0.681471
vt 0.482035 0.688447
vt 0.696105 0.775933
vt 0.692520 0.778194
vt 0.250258 0.666309
vt 0.522764 0.691935
vt 0.417014 0.515441
vt 0.812391 0.527798
vt 0.455902 0.325896
vt 0.419011 0.384674
vt 0.409844 0.368714
vt 0.450521 0.293424
vt 0.514544 0.292604
vt 0.492793 0.267119
vt 0.489825 0.217243
vt 0.514980 0.250891
vt 0.472045 0.423314
vt 0.496242 0.567453
vt 0.490780 0.559093
vt 0.444847 0.432104
vt 0.511798 0.416388
vt 0.507333 0.569123
vt 0.503705 0.570574
vt 0.497579 0.414074
vt 0.571350 0.387148
vt 0.651861 0.410375
vt 0.648382 0.413429
vt 0.555845 0.423431
vt 0.343316 0.436294
vt 0.344300 0.429605
vt 0.539720 0.284551
vt 0.651852 0.003358
vt 0.653110 0.011290
vt 0.588344 0.349829
vt 0.470860 0.255779
vt 0.393827 0.121367
vt 0.398391 0.122423
vt 0.352236 0.444131
vt 0.345117 0.440686
vt 0.428177 0.400633
vt 0.579796 0.369058
vt 0.653110 0.407464
vt 0.494388 0.316104
vt 0.513629 0.333865
vt 0.461283 0.358369
vt 0.526018 0.418701
vt 0.532869 0.351626
vt 0.647388 0.001089
vt 0.516425 0.558890
vt 0.510961 0.567672
vt 0.536295 0.318089
vt 0.484812 0.418694
vt 0.477836 0.337236
vt 0.388089 0.126751
vt 0.390350 0.123167
vt 0.499974 0.569014
vt 0.474348 0.296507
vt 0.650842 0.402258
vt 0.638485 0.006880
vt 0.664952 0.419856
vt 0.655044 0.419856
vt 0.655044 0.389638
vt 0.664952 0.389638
vt 0.019418 0.823232
vt 0.019583 0.818533
vt 0.054859 0.820369
vt 0.054694 0.825067
vt 0.019351 0.805252
vt 0.010055 0.717162
vt 0.045331 0.718998
vt 0.054627 0.807087
vt 0.806220 0.419856
vt 0.806220 0.389638
vt 0.882326 0.261497
vt 0.887158 0.261497
vt 0.887158 0.294258
vt 0.882326 0.294258
vt 0.980861 0.879506
vt 0.980861 0.970135
vt 0.949877 0.971292
vt 0.949877 0.880662
vt 0.622249 0.994558
vt 0.622249 0.914808
vt 0.653110 0.915466
vt 0.653110 0.995215
vt 0.019483 0.614805
vt 0.019748 0.605711
vt 0.055024 0.607547
vt 0.054758 0.616641
vt 0.791866 0.006850
vt 0.791866 0.111818
vt 0.756467 0.111818
vt 0.756467 0.006850
vt 0.130383 0.781303
vt 0.130383 0.791866
vt 0.099904 0.791866
vt 0.099904 0.781303
vt 0.017611 0.489053
vt 0.017611 0.144479
vt 0.047847 0.144479
vt 0.047847 0.489053
vt 0.130383 0.526377
vt 0.099904 0.526377
vt 0.791866 0.287418
vt 0.791866 0.292230
vt 0.756467 0.292230
vt 0.756467 0.287418
vt 0.911149 0.597168
vt 0.910961 0.471075
vt 0.942396 0.471952
vt 0.942584 0.598045
vt 0.890561 0.261497
vt 0.894737 0.261498
vt 0.894737 0.294258
vt 0.890561 0.294258
vt 0.019445 0.602422
vt 0.054721 0.604257
vt 0.018474 0.830700
vt 0.018946 0.826966
vt 0.054222 0.828802
vt 0.053750 0.832536
vt 0.017611 0.496411
vt 0.047847 0.496411
vt 0.019748 0.813835
vt 0.055024 0.815670
vt 0.791866 0.296651
vt 0.756467 0.296651
vt 0.791866 0.000638
vt 0.756467 0.000638
vt 0.910961 0.601993
vt 0.942396 0.602871
vt 0.217483 0.869338
vt 0.222488 0.869311
vt 0.222488 0.899495
vt 0.217483 0.899522
vt 0.329376 0.770203
vt 0.329570 0.738685
vt 0.344498 0.738817
vt 0.344304 0.770335
vt 0.329376 0.710560
vt 0.344304 0.710692
vt 0.734450 0.626780
vt 0.734450 0.656419
vt 0.719444 0.656419
vt 0.719444 0.626780
vt 0.734450 0.691380
vt 0.719444 0.691380
vt 0.734450 0.726342
vt 0.719444 0.726342
vt 0.734450 0.755981
vt 0.719444 0.755981
vt 0.732057 0.001964
vt 0.731156 0.029827
vt 0.716207 0.030506
vt 0.717108 0.002643
vt 0.732057 0.061521
vt 0.717108 0.062201
vt 0.230430 0.890971
vt 0.247154 0.863441
vt 0.273410 0.845046
vt 0.304382 0.838587
vt 0.335354 0.845046
vt 0.361611 0.863441
vt 0.378334 0.890971
vt 0.383971 0.923445
vt 0.224793 0.923445
vt 0.423091 0.826048
vt 0.595694 0.826048
vt 0.589581 0.855996
vt 0.571447 0.881385
vt 0.542976 0.898349
vt 0.509393 0.904306
vt 0.475809 0.898349
vt 0.447338 0.881385
vt 0.429204 0.855996
vt 0.377930 0.197014
vt 0.392345 0.197014
vt 0.392345 0.369617
vt 0.377930 0.369617
vt 0.841338 0.796519
vt 0.841532 0.765001
vt 0.856459 0.765133
vt 0.856266 0.796651
vt 0.841338 0.736876
vt 0.856266 0.737008
vt 0.373206 0.232043
vt 0.373206 0.261682
vt 0.358200 0.261682
vt 0.358200 0.232043
vt 0.373206 0.296643
vt 0.358200 0.296643
vt 0.373206 0.331605
vt 0.358200 0.331605
vt 0.373206 0.361244
vt 0.358200 0.361244
vt 0.751196 0.001964
vt 0.750295 0.029827
vt 0.735345 0.030506
vt 0.736247 0.002643
vt 0.751196 0.061521
vt 0.736247 0.062201
vt 0.868668 0.354832
vt 0.896198 0.371555
vt 0.914593 0.397812
vt 0.921053 0.428784
vt 0.914593 0.459756
vt 0.896198 0.486013
vt 0.868668 0.502736
vt 0.836194 0.508373
vt 0.836194 0.349195
vt 0.906699 0.508019
vt 0.906699 0.680622
vt 0.876750 0.674509
vt 0.851361 0.656376
vt 0.834397 0.627905
vt 0.828440 0.594321
vt 0.834397 0.560737
vt 0.851361 0.532266
vt 0.876750 0.514132
vt 0.837260 0.000842
vt 0.851675 0.000842
vt 0.851675 0.173445
vt 0.837260 0.173445
vt 0.708444 0.971183
vt 0.708444 0.945282
vt 0.755981 0.945391
vt 0.755981 0.971292
vt 0.708191 0.922359
vt 0.755729 0.922468
vt 0.593301 0.899730
vt 0.593301 0.922732
vt 0.544795 0.922732
vt 0.544795 0.899730
vt 0.593301 0.949865
vt 0.544796 0.949865
vt 0.593301 0.976998
vt 0.544796 0.976998
vt 0.593301 1.000000
vt 0.544796 1.000000
vt 0.705742 0.971292
vt 0.682909 0.969682
vt 0.682909 0.921915
vt 0.705742 0.923525
vt 0.656781 0.969285
vt 0.656781 0.921518
vt 0.415815 0.863554
vt 0.438684 0.875538
vt 0.453964 0.895800
vt 0.459330 0.919702
vt 0.453964 0.943603
vt 0.438684 0.963865
vt 0.415815 0.976511
vt 0.388839 0.980861
vt 0.388839 0.859204
vt 0.918660 0.128849
vt 0.918660 0.260766
vt 0.893782 0.256048
vt 0.872692 0.242336
vt 0.858600 0.220365
vt 0.853651 0.194448
vt 0.858600 0.168531
vt 0.872692 0.146560
vt 0.893782 0.133566
vt 0.877113 0.793920
vt 0.923445 0.793920
vt 0.923445 0.925837
vt 0.877113 0.925837
s 1
usemtl 
f 39/1/1 28/2/1 4/3/1 35/4/1
f 51/5/1 46/6/1 6/7/1 36/8/1
f 29/9/1 3/10/1 8/11/1 30/12/1
f 49/13/1 5/14/1 9/15/1 50/16/1
f 18/17/1 1/18/1 10/19/1 21/20/1
f 35/4/1 4/3/1 13/21/1 37/22/1
f 24/23/1 2/24/1 14/25/1 26/26/1
f 42/27/1 6/7/1 17/28/1 43/29/1
f 3/10/1 19/30/1 22/31/1 12/32/1
f 33/33/1 18/17/1 21/20/1 34/34/1
f 49/13/1 48/35/1 20/36/1 5/14/1
f 29/9/1 32/37/1 19/30/1 3/10/1
f 1/18/1 18/17/1 27/38/1 23/39/1
f 46/6/1 24/23/1 26/26/1 47/40/1
f 1/18/1 23/39/1 25/41/1 7/42/1
f 33/33/1 2/24/1 24/23/1 38/43/1
f 40/44/1 44/45/1 32/37/1 29/9/1
f 4/3/1 28/2/1 31/46/1 16/47/1
f 40/44/1 29/9/1 30/12/1 41/48/1
f 45/49/1 42/27/1 28/2/1 39/1/1
f 44/45/1 45/49/1 39/1/1 32/37/1
f 18/17/1 33/33/1 38/43/1 27/38/1
f 2/24/1 33/33/1 34/34/1 11/50/1
f 19/30/1 35/4/1 37/22/1 22/31/1
f 48/35/1 51/5/1 36/8/1 20/36/1
f 32/37/1 39/1/1 35/4/1 19/30/1
f 20/36/1 36/8/1 45/49/1 44/45/1
f 36/8/1 6/7/1 42/27/1 45/49/1
f 5/14/1 40/44/1 41/48/1 9/15/1
f 5/14/1 20/36/1 44/45/1 40/44/1
f 28/2/1 42/27/1 43/29/1 31/46/1
f 27/38/1 38/43/1 51/5/1 48/35/1
f 6/7/1 46/6/1 47/40/1 15/51/1
f 23/39/1 27/38/1 48/35/1 49/13/1
f 23/39/1 49/13/1 50/16/1 25/41/1
f 38/43/1 24/23/1 46/6/1 51/5/1
f 90/52/2 86/53/2 55/54/2 79/55/2
f 102/56/2 87/57/2 57/58/2 97/59/2
f 80/60/2 81/61/2 59/62/2 54/63/2
f 100/64/2 101/65/2 60/66/2 56/67/2
f 69/68/2 72/69/2 61/70/2 52/71/2
f 86/53/2 88/72/2 64/73/2 55/54/2
f 75/74/2 77/75/2 65/76/2 53/77/2
f 93/78/2 94/79/2 68/80/2 57/58/2
f 54/63/2 63/81/2 73/82/2 70/83/2
f 84/84/2 85/85/2 72/69/2 69/68/2
f 100/64/2 56/67/2 71/86/2 99/87/2
f 80/60/2 54/63/2 70/83/2 83/88/2
f 52/71/2 74/89/2 78/90/2 69/68/2
f 97/59/2 98/91/2 77/75/2 75/74/2
f 52/71/2 58/92/2 76/93/2 74/89/2
f 84/84/2 89/94/2 75/74/2 53/77/2
f 91/95/2 80/60/2 83/88/2 95/96/2
f 55/54/2 67/97/2 82/98/2 79/55/2
f 91/95/2 92/99/2 81/61/2 80/60/2
f 96/100/2 90/52/2 79/55/2 93/78/2
f 95/96/2 83/88/2 90/52/2 96/100/2
f 69/68/2 78/90/2 89/94/2 84/84/2
f 53/77/2 62/101/2 85/85/2 84/84/2
f 70/83/2 73/82/2 88/72/2 86/53/2
f 99/87/2 71/86/2 87/57/2 102/56/2
f 83/88/2 70/83/2 86/53/2 90/52/2
f 71/86/2 95/96/2 96/100/2 87/57/2
f 87/57/2 96/100/2 93/78/2 57/58/2
f 56/67/2 60/66/2 92/99/2 91/95/2
f 56/67/2 91/95/2 95/96/2 71/86/2
f 79/55/2 82/98/2 94/79/2 93/78/2
f 78/90/2 99/87/2 102/56/2 89/94/2
f 57/58/2 66/102/2 98/91/2 97/59/2
f 74/89/2 100/64/2 99/87/2 78/90/2
f 74/89/2 76/93/2 101/65/2 100/64/2
f 89/94/2 102/56/2 97/59/2 75/74/2
f 7/103/3 25/104/4 76/105/4 58/106/3
f 9/107/5 41/108/6 92/109/6 60/110/5
f 8/111/7 3/112/8 54/113/8 59/114/7
f 1/115/9 7/103/3 58/106/3 52/116/9
f 11/117/10 34/118/11 85/119/11 62/120/10
f 10/121/12 1/122/13 52/123/13 61/124/12
f 2/125/14 11/126/10 62/127/10 53/128/14
f 12/129/15 22/130/16 73/131/16 63/132/15
f 13/133/17 4/134/18 55/135/18 64/136/17
f 3/112/19 12/129/15 63/132/15 54/113/19
f 15/137/20 47/138/21 98/139/21 66/140/20
f 14/141/22 2/142/23 53/143/23 65/144/22
f 6/145/24 15/137/20 66/140/20 57/146/24
f 16/147/25 31/148/26 82/149/26 67/150/25
f 17/151/27 6/152/28 57/153/28 68/154/27
f 4/134/18 16/147/25 67/150/25 55/135/18
f 21/155/29 10/156/12 61/157/12 72/158/29
f 22/130/16 37/159/30 88/160/30 73/131/16
f 25/161/4 50/162/31 101/163/31 76/164/4
f 26/165/32 14/141/22 65/144/22 77/166/32
f 30/167/33 8/111/7 59/114/7 81/168/33
f 31/148/26 43/169/34 94/170/34 82/149/26
f 34/118/11 21/155/29 72/158/29 85/119/11
f 37/171/30 13/133/17 64/136/17 88/172/30
f 41/108/6 30/167/33 81/168/33 92/109/6
f 43/173/34 17/151/27 68/154/27 94/174/34
f 47/175/21 26/176/32 77/177/32 98/178/21
f 50/162/31 9/107/5 60/110/5 101/163/31
f 103/179/35 105/180/36 106/181/36 104/182/35
f 105/180/36 107/183/37 108/184/37 106/181/36
f 107/185/37 109/186/38 110/187/38 108/188/37
f 109/186/38 111/189/1 112/190/1 110/187/38
f 111/189/1 113/191/39 114/192/39 112/190/1
f 113/191/39 115/193/40 116/194/40 114/192/39
f 115/195/40 117/196/41 118/197/41 116/198/40
f 117/196/41 119/199/42 120/200/42 118/197/41
f 106/201/43 108/202/43 110/203/43 112/204/43 114/205/43 116/206/43 118/207/43 120/208/43 104/209/43
f 103/210/44 119/211/44 117/212/44 115/213/44 113/214/44 111/215/44 109/216/44 107/217/44 105/218/44
f 103/219/2 104/220/2 120/221/2 119/222/2
f 121/223/35 123/224/36 124/225/36 122/226/35
f 123/224/36 125/227/37 126/228/37 124/225/36
f 125/229/37 127/230/38 128/231/38 126/232/37
f 127/230/38 129/233/1 130/234/1 128/231/38
f 129/233/1 131/235/39 132/236/39 130/234/1
f 131/235/39 133/237/40 134/238/40 132/236/39
f 133/239/40 135/240/41 136/241/41 134/242/40
f 135/240/41 137/243/42 138/244/42 136/241/41
f 124/245/43 126/246/43 128/247/43 130/248/43 132/249/43 134/250/43 136/251/43 138/252/43 122/253/43
f 121/254/44 137/255/44 135/256/44 133/257/44 131/258/44 129/259/44 127/260/44 125/261/44 123/262/44
f 121/263/2 122/264/2 138/265/2 137/266/2
f 139/267/45 141/268/46 142/269/46 140/270/45
f 141/268/46 143/271/47 144/272/47 142/269/46
f 143/273/47 145/274/48 146/275/48 144/276/47
f 145/274/48 147/277/1 148/278/1 146/275/48
f 147/277/1 149/279/49 150/280/49 148/278/1
f 149/279/49 151/281/50 152/282/50 150/280/49
f 151/283/50 153/284/51 154/285/51 152/286/50
f 153/284/51 155/287/52 156/288/52 154/285/51
f 142/289/43 144/290/43 146/291/43 148/292/43 150/293/43 152/294/43 154/295/43 156/296/43 140/297/43
f 139/298/44 155/299/44 153/300/44 151/301/44 149/302/44 147/303/44 145/304/44 143/305/44 141/306/44
f 139/307/2 140/308/2 156/309/2 155/310/2
o C8_LOW
v 0.922121 2.128964 1.030988
v 0.922768 2.124058 1.036848
v 0.910735 2.132851 1.030951
v 0.922259 2.136142 1.028287
v 0.914597 2.138864 1.028164
v 0.923144 2.143668 1.029470
v 0.918208 2.145537 1.029284
v 0.924539 2.149527 1.034220
v 0.920600 2.151084 1.034011
v 0.926070 2.152148 1.041264
v 0.921132 2.154018 1.041078
v 0.927328 2.150829 1.048714
v 0.919662 2.153552 1.048592
v 0.927974 2.145923 1.054575
v 0.916583 2.149812 1.054539
v 0.927837 2.138745 1.057276
v 0.912722 2.143799 1.057325
v 0.926952 2.131219 1.056093
v 0.909111 2.137125 1.056205
v 0.925557 2.125360 1.051343
v 0.906719 2.131578 1.051478
v 0.924025 2.122739 1.044299
v 0.906187 2.128645 1.044411
v 0.907657 2.129111 1.036898
v 0.892096 2.140539 1.039479
v 0.892180 2.143828 1.046408
v 0.894980 2.139883 1.032402
v 0.881122 2.156059 1.031787
v 0.881102 2.159489 1.038647
v 0.884536 2.154684 1.025058
v 0.872262 2.174519 1.022470
v 0.872259 2.177915 1.029348
v 0.875869 2.172754 1.015935
v 0.865239 2.195405 1.012388
v 0.865295 2.198629 1.019348
v 0.868907 2.193461 1.005939
v 0.860085 2.218108 1.002415
v 0.860212 2.221019 1.009510
v 0.863758 2.216142 0.995975
v 0.856945 2.241977 0.993461
v 0.857136 2.244397 1.000737
v 0.860601 2.240140 0.986973
v 0.856032 2.266367 0.986481
v 0.856248 2.268046 0.993962
v 0.859677 2.264836 0.979909
v 0.857629 2.290652 0.982514
v 0.857767 2.291232 0.990161
v 0.861314 2.289662 0.975860
v 0.862115 2.314142 0.982760
v 0.861947 2.313178 0.990367
v 0.865964 2.313980 0.976127
v 0.869882 2.335780 0.988571
v 0.869039 2.332966 0.995656
v 0.874109 2.336658 0.982231
v 0.881194 2.354141 1.000979
v 0.879601 2.350137 1.007324
v 0.885706 2.355470 0.994920
v 0.901425 2.371844 1.019371
v 0.899698 2.367727 1.025608
v 0.905291 2.372633 1.012794
v 0.925291 2.380289 1.030389
v 0.924035 2.376334 1.036839
v 0.927404 2.380479 1.023018
v 0.950386 2.379890 1.033949
v 0.949634 2.375930 1.040475
v 0.950513 2.380100 1.026283
v 0.973672 2.372268 1.031172
v 0.973283 2.368193 1.037658
v 0.972219 2.372974 1.023674
v 0.993489 2.359517 1.023781
v 0.993304 2.355313 1.030194
v 0.990980 2.360891 1.016664
v 1.008957 2.343180 1.013151
v 1.008870 2.338873 1.019497
v 1.005751 2.345289 1.006510
v 1.019022 2.324351 1.000282
v 1.018971 2.319974 1.006581
v 1.015372 2.327311 0.994221
v 1.022079 2.304014 0.986058
v 1.022032 2.299608 0.992336
v 1.018291 2.308020 0.980726
v 1.015946 2.283686 0.971737
v 1.015903 2.279294 0.978024
v 1.012532 2.288874 0.967235
v 0.999041 2.265966 0.959349
v 0.999037 2.261614 0.965665
v 0.996559 2.272140 0.955536
v 0.971519 2.253248 0.950765
v 0.971584 2.248930 0.957103
v 0.970139 2.259956 0.947311
v 0.933468 2.246522 0.946826
v 0.933609 2.242218 0.953174
v 0.933019 2.253408 0.943479
v 0.932381 2.261032 0.944028
v 0.967815 2.267257 0.947669
v 0.931726 2.267350 0.948327
v 0.965169 2.273194 0.951741
v 0.931229 2.270670 0.955224
v 0.962910 2.276176 0.958436
v 0.931023 2.270102 0.962870
v 0.961644 2.275405 0.965962
v 0.931164 2.265798 0.969217
v 0.961710 2.271087 0.972301
v 0.931613 2.258911 0.972565
v 0.963089 2.264378 0.975754
v 0.932251 2.251288 0.972015
v 0.965413 2.257077 0.975397
v 0.932906 2.244969 0.967716
v 0.968059 2.251140 0.971325
v 0.933403 2.241650 0.960820
v 0.970318 2.248158 0.964629
v 0.996547 2.260250 0.972791
v 1.012416 2.276873 0.984413
v 0.992239 2.262240 0.978816
v 1.006419 2.277072 0.989190
v 0.987266 2.267050 0.982128
v 0.999518 2.279839 0.991076
v 0.982963 2.273393 0.981838
v 0.993563 2.284431 0.989565
v 0.980481 2.279567 0.978024
v 0.990149 2.289618 0.985063
v 0.980485 2.283919 0.971708
v 0.990192 2.294011 0.978776
v 0.982975 2.285283 0.964583
v 0.993679 2.296432 0.972387
v 0.987283 2.283293 0.958557
v 0.999676 2.296232 0.967610
v 0.992255 2.278482 0.955246
v 1.006577 2.293466 0.965724
v 1.011683 2.310552 0.977769
v 1.008998 2.328061 0.990020
v 1.004025 2.310932 0.977978
v 1.001609 2.326399 0.988806
v 0.997369 2.309057 0.981298
v 0.995185 2.322772 0.990903
v 0.993500 2.305431 0.986840
v 0.991446 2.318151 0.995751
v 0.993453 2.301024 0.993117
v 0.991395 2.313774 1.002050
v 0.997241 2.297019 0.998449
v 0.995046 2.310814 1.008111
v 1.003850 2.294487 1.001407
v 1.001419 2.310065 1.012312
v 1.011508 2.294107 1.001198
v 1.008808 2.311726 1.013526
v 1.018163 2.295981 0.997878
v 1.015233 2.315353 1.011428
v 1.005513 2.333522 1.023848
v 0.990473 2.349406 1.034185
v 0.999786 2.328560 1.025037
v 0.985756 2.343379 1.034684
v 0.993223 2.325318 1.022746
v 0.980417 2.338846 1.031559
v 0.987583 2.324664 1.017589
v 0.975885 2.337022 1.025645
v 0.984377 2.326773 1.010948
v 0.973376 2.338396 1.018529
v 0.984464 2.331080 1.004602
v 0.973561 2.342599 1.012116
v 0.987821 2.336432 1.000252
v 0.976392 2.348506 1.008125
v 0.993548 2.341393 0.999063
v 0.981109 2.354534 1.007625
v 1.000111 2.344635 1.001353
v 0.986448 2.359067 1.010751
v 0.969314 2.370122 1.017173
v 0.949982 2.376502 1.019530
v 0.965734 2.364477 1.013412
v 0.948933 2.370061 1.015500
v 0.962439 2.357551 1.013398
v 0.947649 2.362503 1.015272
v 0.960312 2.351199 1.017135
v 0.946473 2.355852 1.018908
v 0.959922 2.347125 1.023622
v 0.945721 2.351892 1.025433
v 0.961375 2.346418 1.031120
v 0.945594 2.351682 1.033099
v 0.964281 2.349270 1.037620
v 0.946125 2.355280 1.039852
v 0.967861 2.354915 1.041381
v 0.947174 2.361721 1.043883
v 0.971156 2.361841 1.041395
v 0.948458 2.369279 1.044111
v 0.923974 2.369672 1.040641
v 0.900573 2.361386 1.029834
v 0.925123 2.362090 1.040775
v 0.903814 2.354519 1.030915
v 0.927176 2.355618 1.037206
v 0.908554 2.348966 1.028562
v 0.929581 2.351992 1.030890
v 0.913522 2.346216 1.023406
v 0.931695 2.352182 1.023519
v 0.917388 2.347005 1.016829
v 0.932950 2.356138 1.017069
v 0.919115 2.351122 1.010592
v 0.933012 2.362799 1.013267
v 0.918241 2.357464 1.006367
v 0.931862 2.370381 1.013133
v 0.914999 2.364331 1.005286
v 0.929810 2.376853 1.016702
v 0.910259 2.369883 1.007638
v 0.891927 2.353766 0.990770
v 0.880589 2.335364 0.978337
v 0.898192 2.349486 0.989642
v 0.887585 2.332246 0.977930
v 0.902820 2.343778 0.991837
v 0.893222 2.328138 0.981121
v 0.904573 2.338170 0.996767
v 0.895990 2.324142 0.987054
v 0.902981 2.334165 1.003112
v 0.895148 2.321328 0.994139
v 0.898469 2.332837 1.009171
v 0.890920 2.320450 1.000478
v 0.892247 2.334540 1.013321
v 0.884440 2.321743 1.004373
v 0.885983 2.338820 1.014449
v 0.877444 2.324862 1.004779
v 0.881354 2.344528 1.012254
v 0.871807 2.328969 1.001589
v 0.865505 2.311346 0.996911
v 0.861691 2.291246 0.996752
v 0.871834 2.309136 1.000637
v 0.868348 2.290691 1.000521
v 0.879240 2.307141 1.000548
v 0.875955 2.289716 1.000457
v 0.885737 2.305896 0.996667
v 0.882475 2.288581 0.996579
v 0.889586 2.305734 0.990034
v 0.886159 2.287591 0.989925
v 0.889754 2.306698 0.982426
v 0.886021 2.287011 0.982278
v 0.886196 2.308530 0.975883
v 0.882098 2.286997 0.975687
v 0.879867 2.310740 0.972156
v 0.875441 2.287552 0.971919
v 0.872461 2.312734 0.972246
v 0.867833 2.288528 0.971982
v 0.866208 2.263864 0.976006
v 0.867125 2.239378 0.983012
v 0.873875 2.263711 0.975819
v 0.874768 2.239896 0.982639
v 0.880622 2.264419 0.979397
v 0.881483 2.241554 0.985954
v 0.884643 2.265797 0.985782
v 0.885471 2.243909 0.992068
v 0.884859 2.267476 0.993263
v 0.885662 2.246330 0.999344
v 0.881213 2.269007 0.999835
v 0.882006 2.248167 1.005832
v 0.874682 2.269979 1.003738
v 0.875482 2.248929 1.009793
v 0.867016 2.270132 1.003925
v 0.867839 2.248411 1.010166
v 0.860269 2.269424 1.000347
v 0.861123 2.246753 1.006851
v 0.864106 2.224094 1.015359
v 0.869060 2.202268 1.024953
v 0.870722 2.226511 1.018395
v 0.875525 2.205347 1.027701
v 0.878288 2.227620 1.017804
v 0.882958 2.207042 1.026857
v 0.884777 2.227126 1.013745
v 0.889367 2.206897 1.022645
v 0.888450 2.225160 1.007305
v 0.893035 2.204953 1.016196
v 0.888323 2.222249 1.000209
v 0.892979 2.201729 1.009236
v 0.884429 2.219174 0.994360
v 0.889214 2.198090 1.003631
v 0.877813 2.216758 0.991324
v 0.882749 2.195011 1.000883
v 0.870247 2.215648 0.991915
v 0.875317 2.193316 1.001728
v 0.882113 2.173093 1.011494
v 0.890430 2.155733 1.020263
v 0.889321 2.175444 1.010336
v 0.897225 2.158924 1.018687
v 0.895563 2.179178 1.012772
v 0.903099 2.163402 1.020753
v 0.899164 2.183295 1.018149
v 0.906479 2.167968 1.025906
v 0.899161 2.186691 1.025026
v 0.906460 2.171398 1.032767
v 0.895554 2.188456 1.031561
v 0.903045 2.172772 1.039496
v 0.889310 2.188118 1.036003
v 0.897151 2.171724 1.044291
v 0.882102 2.185766 1.037161
v 0.890357 2.168533 1.045866
v 0.875861 2.182032 1.034725
v 0.884482 2.164055 1.043801
v 0.895210 2.148869 1.051332
v 0.900374 2.154310 1.052932
v 0.906288 2.158694 1.050779
v 0.911367 2.160847 1.045450
v 0.914251 2.160191 1.038373
v 0.914167 2.156902 1.031444
v 0.911137 2.151861 1.026520
v 0.905973 2.146420 1.024920
v 0.900059 2.142035 1.027074
v 0.944309 1.730193 1.099663
v 0.944330 1.737626 1.097769
v 0.958606 1.728248 1.101927
v 0.944851 1.724691 1.104979
v 0.955266 1.723251 1.106691
v 0.945810 1.722594 1.112294
v 0.951844 1.721725 1.113384
v 0.946931 1.724464 1.119648
v 0.949259 1.724077 1.120212
v 0.947912 1.729800 1.125070
v 0.948202 1.729678 1.125344
v 0.948491 1.737171 1.127107
v 0.948958 1.737027 1.127407
v 0.948512 1.744604 1.125214
v 0.951323 1.744155 1.125846
v 0.947970 1.750106 1.119898
v 0.954664 1.749151 1.121082
v 0.947010 1.752203 1.112583
v 0.958085 1.750678 1.114389
v 0.945890 1.750334 1.105229
v 0.960671 1.748325 1.107561
v 0.944909 1.744998 1.099807
v 0.961727 1.742724 1.102429
v 0.960972 1.735376 1.100366
v 0.973886 1.738585 1.112215
v 0.971647 1.744566 1.116463
v 0.973053 1.731261 1.110095
v 0.981963 1.733862 1.125194
v 0.979232 1.740118 1.128692
v 0.981119 1.726544 1.123056
v 0.987514 1.728836 1.140238
v 0.984563 1.735284 1.143163
v 0.986678 1.721512 1.138121
v 0.991037 1.723706 1.156781
v 0.987977 1.730308 1.159204
v 0.990213 1.716364 1.154719
v 0.992565 1.718748 1.174156
v 0.989459 1.725498 1.176061
v 0.991748 1.711381 1.172185
v 0.991940 1.714287 1.191647
v 0.988860 1.721192 1.192935
v 0.991118 1.706883 1.189821
v 0.988840 1.710679 1.208579
v 0.985922 1.717757 1.209038
v 0.987974 1.703228 1.206979
v 0.982622 1.708376 1.224310
v 0.980191 1.715616 1.223599
v 0.981610 1.700877 1.223058
v 0.972180 1.708117 1.237742
v 0.970940 1.715367 1.235566
v 0.970796 1.700615 1.236950
v 0.957069 1.710851 1.246294
v 0.957847 1.717729 1.242991
v 0.955035 1.703468 1.245865
v 0.939200 1.716707 1.247504
v 0.942057 1.722911 1.244015
v 0.936446 1.709557 1.247139
v 0.920511 1.725282 1.241582
v 0.924943 1.730766 1.238564
v 0.917135 1.718417 1.241030
v 0.905265 1.734710 1.230667
v 0.910794 1.739524 1.228412
v 0.901420 1.728132 1.229789
v 0.893310 1.744564 1.216178
v 0.899534 1.748812 1.214746
v 0.889157 1.738236 1.214935
v 0.884515 1.754505 1.199235
v 0.891166 1.758275 1.198613
v 0.880165 1.748398 1.197619
v 0.878840 1.764246 1.180757
v 0.885742 1.767585 1.180950
v 0.874368 1.758347 1.178749
v 0.876366 1.773496 1.161587
v 0.883380 1.776411 1.162657
v 0.871839 1.767810 1.159135
v 0.877294 1.781951 1.142525
v 0.884250 1.784411 1.144620
v 0.872797 1.776504 1.139536
v 0.881974 1.789282 1.124369
v 0.888588 1.791234 1.127728
v 0.877663 1.784111 1.120695
v 0.890956 1.795073 1.108040
v 0.896701 1.796489 1.112920
v 0.887124 1.790198 1.103525
v 0.904780 1.798719 1.094909
v 0.908891 1.799717 1.101307
v 0.901867 1.794079 1.089541
v 0.923296 1.799538 1.086772
v 0.925189 1.800434 1.094151
v 0.921642 1.794956 1.080848
v 0.945687 1.797157 1.084931
v 0.945395 1.798274 1.092514
v 0.945283 1.792449 1.078890
v 0.944291 1.785410 1.076009
v 0.920670 1.787915 1.077965
v 0.942977 1.777927 1.077061
v 0.920641 1.780302 1.078896
v 0.941692 1.772004 1.081763
v 0.921561 1.774156 1.083392
v 0.940782 1.769230 1.088855
v 0.923186 1.771125 1.090248
v 0.940490 1.770347 1.096438
v 0.925079 1.772020 1.097627
v 0.940894 1.775055 1.102479
v 0.926733 1.776602 1.103552
v 0.941886 1.782094 1.105360
v 0.927705 1.783643 1.106434
v 0.943201 1.789577 1.104309
v 0.927734 1.791257 1.105503
v 0.944485 1.795500 1.099607
v 0.926814 1.797402 1.101007
v 0.913097 1.796804 1.107022
v 0.902821 1.794066 1.116858
v 0.916272 1.790763 1.110521
v 0.907676 1.788453 1.118798
v 0.917566 1.783210 1.110868
v 0.909965 1.781155 1.118220
v 0.916631 1.776171 1.107968
v 0.909074 1.774127 1.115280
v 0.913717 1.771531 1.102601
v 0.905242 1.769252 1.110765
v 0.909607 1.770534 1.096202
v 0.899496 1.767837 1.105885
v 0.905400 1.773446 1.090488
v 0.893376 1.770260 1.101948
v 0.902225 1.779488 1.086988
v 0.888521 1.775872 1.100008
v 0.900932 1.787040 1.086642
v 0.886233 1.783170 1.100585
v 0.876808 1.777105 1.117692
v 0.871963 1.769530 1.136453
v 0.879639 1.770142 1.116163
v 0.875017 1.762898 1.134104
v 0.885397 1.765088 1.116520
v 0.881139 1.758384 1.133117
v 0.892540 1.763297 1.118665
v 0.888690 1.757199 1.133757
v 0.899153 1.765248 1.122025
v 0.895646 1.759659 1.135853
v 0.903465 1.770419 1.125698
v 0.900144 1.765106 1.138842
v 0.904320 1.777425 1.128701
v 0.900977 1.772080 1.141924
v 0.901489 1.784388 1.130230
v 0.897923 1.778712 1.144274
v 0.895730 1.789442 1.129874
v 0.891801 1.783226 1.145260
v 0.891000 1.775774 1.162059
v 0.893226 1.767469 1.179274
v 0.897185 1.771756 1.159953
v 0.899287 1.763929 1.176180
v 0.900278 1.765434 1.156904
v 0.902299 1.757914 1.172496
v 0.899450 1.758502 1.153729
v 0.901457 1.751035 1.169210
v 0.894922 1.752816 1.151278
v 0.896985 1.745135 1.167202
v 0.887909 1.749901 1.150208
v 0.890083 1.741796 1.167009
v 0.880289 1.750538 1.150805
v 0.882599 1.741912 1.168684
v 0.874103 1.754555 1.152911
v 0.876539 1.745452 1.171779
v 0.871011 1.760878 1.155960
v 0.873526 1.751467 1.175462
v 0.879281 1.741590 1.194198
v 0.888187 1.731525 1.211351
v 0.882101 1.735905 1.189889
v 0.890660 1.726228 1.206385
v 0.887868 1.732867 1.185846
v 0.895914 1.723765 1.201369
v 0.895037 1.733289 1.183154
v 0.902540 1.724795 1.197646
v 0.901688 1.737059 1.182532
v 0.908764 1.729043 1.196214
v 0.906038 1.743166 1.184148
v 0.912917 1.735371 1.197457
v 0.906922 1.749974 1.187569
v 0.913887 1.742082 1.201042
v 0.904102 1.755659 1.191877
v 0.911414 1.747379 1.206007
v 0.898335 1.758697 1.195920
v 0.906161 1.749842 1.211024
v 0.916524 1.741285 1.223626
v 0.929245 1.733400 1.232786
v 0.920920 1.739520 1.217594
v 0.932263 1.732477 1.225795
v 0.922805 1.734703 1.211931
v 0.933189 1.728246 1.219465
v 0.921672 1.728124 1.208154
v 0.931774 1.721839 1.215492
v 0.917826 1.721546 1.207276
v 0.928398 1.714974 1.214940
v 0.912298 1.716731 1.209531
v 0.923965 1.709490 1.217958
v 0.906568 1.714971 1.214316
v 0.919664 1.706856 1.223737
v 0.902172 1.716736 1.220349
v 0.916646 1.707779 1.230727
v 0.900287 1.721553 1.226012
v 0.915720 1.712010 1.237057
v 0.934535 1.703378 1.243017
v 0.952290 1.697559 1.241817
v 0.933977 1.699824 1.236243
v 0.949569 1.694707 1.235237
v 0.934924 1.699848 1.228631
v 0.947602 1.695677 1.227888
v 0.937120 1.703444 1.222222
v 0.946915 1.700208 1.221737
v 0.939978 1.709648 1.218733
v 0.947693 1.707087 1.218435
v 0.942731 1.716797 1.219098
v 0.949727 1.714470 1.218864
v 0.944643 1.722977 1.223220
v 0.952472 1.720379 1.222911
v 0.945200 1.726531 1.229994
v 0.955192 1.723231 1.229491
v 0.944254 1.726506 1.237606
v 0.957160 1.722261 1.236841
v 0.967408 1.720421 1.231004
v 0.974969 1.720657 1.221118
v 0.962531 1.721926 1.225278
v 0.968356 1.722147 1.217530
v 0.957615 1.719478 1.219924
v 0.962123 1.719689 1.213798
v 0.953977 1.713733 1.216375
v 0.957940 1.713939 1.210920
v 0.952593 1.706230 1.215583
v 0.956929 1.706440 1.209669
v 0.953833 1.698981 1.217759
v 0.959359 1.699200 1.210379
v 0.957365 1.693926 1.222321
v 0.964581 1.694159 1.212861
v 0.962242 1.692422 1.228046
v 0.971194 1.692668 1.216448
v 0.967158 1.694870 1.233401
v 0.977427 1.695127 1.220181
v 0.983555 1.697400 1.204667
v 0.986614 1.700964 1.187946
v 0.976768 1.694757 1.202263
v 0.979635 1.698117 1.186524
v 0.969431 1.696008 1.200411
v 0.972052 1.699104 1.185937
v 0.963510 1.700817 1.199606
v 0.965895 1.703660 1.186341
v 0.960591 1.707895 1.200066
v 0.962815 1.710566 1.187629
v 0.961457 1.715346 1.201666
v 0.963637 1.717970 1.189455
v 0.965876 1.721174 1.203977
v 0.968141 1.723889 1.191330
v 0.972663 1.723816 1.206381
v 0.975120 1.726736 1.192752
v 0.980001 1.722566 1.208234
v 0.982703 1.725749 1.193339
v 0.983265 1.729821 1.177392
v 0.981853 1.734403 1.161338
v 0.975641 1.730559 1.177790
v 0.974305 1.734893 1.162612
v 0.968630 1.727514 1.177150
v 0.967357 1.731646 1.162684
v 0.964111 1.721503 1.175643
v 0.962869 1.725533 1.161535
v 0.963295 1.714135 1.173672
v 0.962045 1.718191 1.159473
v 0.966400 1.707385 1.171767
v 0.965105 1.711588 1.157050
v 0.972595 1.703062 1.170436
v 0.971229 1.707494 1.154915
v 0.980219 1.702324 1.170038
v 0.978777 1.707004 1.153642
v 0.987229 1.705369 1.170678
v 0.985726 1.710251 1.153569
v 0.982279 1.715272 1.137380
v 0.976926 1.720126 1.122851
v 0.975496 1.711790 1.138212
v 0.970506 1.716325 1.124635
v 0.968146 1.711998 1.140395
v 0.963581 1.716162 1.127929
v 0.962199 1.715840 1.143344
v 0.958006 1.719679 1.131850
v 0.959248 1.722288 1.146269
v 0.955275 1.725935 1.135348
v 0.960084 1.729612 1.148386
v 0.956119 1.733252 1.137486
v 0.964483 1.735852 1.149127
v 0.960312 1.739671 1.137691
v 0.971266 1.739334 1.148295
v 0.966732 1.743472 1.135907
v 0.978616 1.739126 1.146112
v 0.973657 1.743635 1.132613
v 0.966937 1.747602 1.121701
v 0.961018 1.746878 1.126524
v 0.955475 1.742590 1.129642
v 0.951794 1.735885 1.130218
v 0.950962 1.728561 1.128097
v 0.953201 1.722580 1.123850
v 0.957911 1.719544 1.118612
v 0.963830 1.720268 1.113788
v 0.969373 1.724556 1.110671
v 0.943623 1.929637 0.996589
v 0.943102 1.936517 0.994821
v 0.960038 1.928740 0.994748
v 0.945048 1.924600 1.001420
v 0.959156 1.923831 0.999834
v 0.946993 1.922757 1.008019
v 0.958501 1.922132 1.006720
v 0.948939 1.924600 1.014619
v 0.958249 1.924097 1.013561
v 0.950363 1.929637 1.019450
v 0.958466 1.929201 1.018525
v 0.950885 1.936517 1.021218
v 0.959096 1.936075 1.020282
v 0.950363 1.943397 1.019450
v 0.959968 1.942878 1.018360
v 0.948939 1.948433 1.014619
v 0.960850 1.947786 1.013274
v 0.946993 1.950277 1.008019
v 0.961505 1.949486 1.006388
v 0.945048 1.948433 1.001420
v 0.961758 1.947520 0.999547
v 0.943623 1.943397 0.996589
v 0.961541 1.942417 0.994583
v 0.960911 1.935543 0.992826
v 0.977847 1.939732 0.998696
v 0.976968 1.945013 1.003394
v 0.977109 1.932876 0.996913
v 0.991417 1.935882 1.007371
v 0.989764 1.941379 1.011588
v 0.990590 1.929050 1.005533
v 1.002076 1.931327 1.019052
v 0.999943 1.937025 1.022755
v 1.001183 1.924523 1.017143
v 1.009972 1.926347 1.032683
v 1.007551 1.932226 1.035895
v 1.009031 1.919574 1.030692
v 1.015123 1.921139 1.047518
v 1.012533 1.927189 1.050243
v 1.014146 1.914401 1.045424
v 1.017339 1.915873 1.062931
v 1.014677 1.922101 1.065133
v 1.016344 1.909181 1.060703
v 1.016189 1.910713 1.078339
v 1.013579 1.917147 1.079929
v 1.015209 1.904082 1.075932
v 1.010911 1.905877 1.093020
v 1.008573 1.912549 1.093888
v 1.010020 1.899324 1.090376
v 1.000623 1.901793 1.105609
v 0.998892 1.908701 1.105751
v 0.999945 1.895322 1.102711
v 0.985330 1.899116 1.114022
v 0.984481 1.906179 1.113675
v 0.984976 1.892702 1.110944
v 0.966107 1.898279 1.116823
v 0.966153 1.905385 1.116336
v 0.966093 1.891882 1.113692
v 0.966113 1.887907 1.107782
v 0.983512 1.888657 1.105267
v 0.966162 1.887419 1.100676
v 0.981332 1.888063 1.098512
v 0.966228 1.890550 1.094279
v 0.979019 1.891081 1.092489
v 0.966293 1.896460 1.090304
v 0.977193 1.896902 1.088812
v 0.966338 1.903566 1.089817
v 0.976344 1.903965 1.088466
v 0.966353 1.909964 1.092948
v 0.976699 1.910379 1.091543
v 0.966333 1.913939 1.098858
v 0.978162 1.914424 1.097220
v 0.966283 1.914426 1.105964
v 0.980342 1.915018 1.103975
v 0.966217 1.911296 1.112362
v 0.982655 1.912000 1.109998
v 0.995214 1.914194 1.103099
v 1.003632 1.917551 1.092749
v 0.990576 1.916801 1.098364
v 0.997412 1.919544 1.089906
v 0.986219 1.915824 1.092815
v 0.991580 1.917992 1.086123
v 0.983312 1.911523 1.087937
v 0.987698 1.913313 1.082413
v 0.982633 1.905052 1.085039
v 0.986807 1.906759 1.079769
v 0.984365 1.898145 1.084897
v 0.989145 1.900087 1.078900
v 0.988043 1.892651 1.087549
v 0.994086 1.895085 1.080040
v 0.992681 1.890044 1.092284
v 1.000306 1.893093 1.082882
v 0.997038 1.891022 1.097833
v 1.006138 1.894644 1.086665
v 1.010902 1.899029 1.073351
v 1.011957 1.903819 1.059047
v 1.004421 1.896911 1.071290
v 1.005355 1.901224 1.058407
v 0.997505 1.898292 1.070299
v 0.998306 1.902090 1.058953
v 0.992004 1.902805 1.070645
v 0.992700 1.906187 1.060540
v 0.989395 1.909239 1.072235
v 0.990038 1.912416 1.062742
v 0.990375 1.915870 1.074643
v 0.991033 1.919108 1.064969
v 0.994682 1.920922 1.077223
v 0.995420 1.924470 1.066625
v 1.001162 1.923041 1.079285
v 1.002022 1.927065 1.067266
v 1.008079 1.921659 1.080275
v 1.009070 1.926198 1.066719
v 1.007071 1.930929 1.052870
v 1.002417 1.935635 1.039465
v 1.000199 1.931359 1.054694
v 0.995944 1.935660 1.042437
v 0.993759 1.928363 1.055226
v 0.989867 1.932296 1.044015
v 0.989477 1.922743 1.054324
v 0.985815 1.926443 1.043776
v 0.988500 1.916005 1.052230
v 0.984874 1.919670 1.041784
v 0.991089 1.909956 1.049505
v 0.987295 1.913791 1.038573
v 0.996552 1.906215 1.046878
v 0.992430 1.910382 1.035003
v 1.003424 1.905785 1.045054
v 0.998902 1.910356 1.032031
v 1.009864 1.908782 1.044522
v 1.004979 1.913720 1.030453
v 0.997505 1.918436 1.017540
v 0.987505 1.922714 1.006567
v 0.992026 1.914699 1.020137
v 0.982988 1.918571 1.010197
v 0.986215 1.914311 1.024238
v 0.978250 1.917732 1.015448
v 0.981628 1.917377 1.028743
v 0.974560 1.920421 1.020915
v 0.979496 1.923076 1.032446
v 0.972907 1.925918 1.025132
v 0.980388 1.929880 1.034354
v 0.973734 1.932750 1.026970
v 0.984067 1.935966 1.033957
v 0.976819 1.939086 1.025936
v 0.989546 1.939704 1.031360
v 0.981336 1.943228 1.022307
v 0.995357 1.940091 1.027260
v 0.986074 1.944068 1.017055
v 0.974708 1.947304 1.009748
v 0.971673 1.945990 1.016056
v 0.968675 1.941425 1.020628
v 0.966519 1.934830 1.022239
v 0.965781 1.927974 1.020456
v 0.966659 1.922692 1.015758
v 0.968919 1.920402 1.009403
v 0.971954 1.921715 1.003095
v 0.974952 1.926281 0.998523
v 0.932361 2.018721 1.125708
v 0.933319 2.023115 1.120185
v 0.914334 2.019564 1.124353
v 0.931235 2.012163 1.128251
v 0.914636 2.012961 1.127006
v 0.930245 2.005199 1.127131
v 0.915340 2.005942 1.126016
v 0.929654 1.999695 1.122649
v 0.916255 2.000389 1.121651
v 0.929622 1.997125 1.116006
v 0.917137 1.997790 1.115078
v 0.930157 1.998178 1.108982
v 0.917750 1.998841 1.108060
v 0.931116 2.002572 1.103459
v 0.917929 2.003260 1.102477
v 0.932241 2.009130 1.100917
v 0.917626 2.009863 1.099824
v 0.933232 2.016094 1.102036
v 0.916923 2.016882 1.100814
v 0.933822 2.021598 1.106518
v 0.916008 2.022435 1.105180
v 0.933854 2.024168 1.113161
v 0.915126 2.025034 1.111752
v 0.914513 2.023983 1.118770
v 0.899223 2.021371 1.109741
v 0.901208 2.019043 1.103309
v 0.898571 2.020311 1.116754
v 0.886605 2.013171 1.107335
v 0.889607 2.011506 1.101094
v 0.885986 2.012132 1.114354
v 0.878097 2.001633 1.104983
v 0.881713 2.000779 1.098906
v 0.877558 2.000700 1.112024
v 0.873359 1.988469 1.103064
v 0.877212 1.988239 1.097078
v 0.872895 1.987732 1.110133
v 0.871315 1.974627 1.101735
v 0.875223 1.974733 1.095781
v 0.870895 1.974157 1.108830
v 0.871043 1.960483 1.101085
v 0.874954 1.960673 1.095134
v 0.870632 1.960345 1.108194
v 0.871878 1.946329 1.101224
v 0.875795 1.946390 1.095276
v 0.871446 1.946600 1.108329
v 0.873287 1.932516 1.102288
v 0.877237 1.932238 1.096367
v 0.872806 1.933309 1.109350
v 0.874792 1.919467 1.104417
v 0.878804 1.918605 1.098595
v 0.874237 1.920946 1.111362
v 0.875937 1.907661 1.107739
v 0.880028 1.905896 1.102182
v 0.875301 1.910069 1.114412
v 0.876313 1.897185 1.112538
v 0.880452 1.894273 1.107525
v 0.875626 1.900795 1.118639
v 0.876190 1.881438 1.124293
v 0.880337 1.877584 1.119972
v 0.875493 1.886162 1.129578
v 0.876409 1.866390 1.140318
v 0.880565 1.861983 1.136571
v 0.875701 1.871842 1.144847
v 0.877049 1.852467 1.159434
v 0.881220 1.847731 1.156131
v 0.876321 1.858368 1.163355
v 0.878180 1.839778 1.180778
v 0.882370 1.834836 1.177818
v 0.877425 1.845977 1.184204
v 0.879877 1.828475 1.203500
v 0.884087 1.823399 1.200808
v 0.879090 1.834885 1.206503
v 0.882219 1.818731 1.226756
v 0.886451 1.813565 1.224279
v 0.881392 1.825304 1.229373
v 0.885297 1.810731 1.249723
v 0.889553 1.805503 1.247424
v 0.884417 1.817437 1.251956
v 0.889224 1.804670 1.271623
v 0.893508 1.799401 1.269473
v 0.888266 1.811492 1.273433
v 0.894180 1.800765 1.291774
v 0.898497 1.795472 1.289754
v 0.893088 1.807685 1.293057
v 0.900549 1.799345 1.309696
v 0.904908 1.794045 1.307787
v 0.899178 1.806314 1.310234
v 0.909299 1.801214 1.325004
v 0.913710 1.795927 1.323182
v 0.907265 1.808018 1.324450
v 0.919955 1.807078 1.334688
v 0.924691 1.801976 1.333179
v 0.916756 1.813216 1.333009
v 0.933368 1.819114 1.342143
v 0.939049 1.814906 1.341274
v 0.928919 1.824070 1.339618
v 0.940305 1.830874 1.347399
v 0.946982 1.828397 1.347286
v 0.934879 1.834134 1.344133
v 0.942752 1.843389 1.351236
v 0.949845 1.843006 1.351755
v 0.936905 1.844534 1.347332
v 0.941250 1.856356 1.353484
v 0.948140 1.857945 1.354343
v 0.935617 1.855433 1.349224
v 0.936354 1.869349 1.353937
v 0.942686 1.872481 1.354851
v 0.931337 1.866723 1.349616
v 0.928691 1.881905 1.352391
v 0.934364 1.886140 1.353170
v 0.924453 1.877972 1.348231
v 0.918922 1.893583 1.348651
v 0.923955 1.898595 1.349179
v 0.915516 1.888642 1.344815
v 0.907716 1.903956 1.342501
v 0.912159 1.909520 1.342699
v 0.905162 1.898218 1.339140
v 0.895757 1.912576 1.333696
v 0.899666 1.918527 1.333495
v 0.894072 1.906208 1.330985
v 0.883791 1.918942 1.321986
v 0.887232 1.925143 1.321322
v 0.882964 1.912117 1.320126
v 0.872672 1.922503 1.307194
v 0.875733 1.928827 1.306021
v 0.872621 1.915428 1.306378
v 0.863526 1.922757 1.289747
v 0.866352 1.929094 1.288136
v 0.864000 1.915652 1.289906
v 0.855715 1.920464 1.269545
v 0.858451 1.926779 1.267710
v 0.856415 1.913412 1.270263
v 0.848398 1.916880 1.246970
v 0.851118 1.923187 1.245086
v 0.849181 1.909868 1.247947
v 0.841926 1.912327 1.222373
v 0.844656 1.918641 1.220528
v 0.842756 1.905348 1.223529
v 0.836853 1.907141 1.196515
v 0.839607 1.913479 1.194788
v 0.837709 1.900188 1.197802
v 0.833759 1.901654 1.170145
v 0.836535 1.908034 1.168625
v 0.834625 1.894721 1.171531
v 0.833263 1.896192 1.143988
v 0.836043 1.902639 1.142788
v 0.834131 1.889275 1.145450
v 0.836075 1.891084 1.118735
v 0.838797 1.897626 1.118008
v 0.836936 1.884179 1.120252
v 0.843062 1.886684 1.095105
v 0.845578 1.893347 1.095039
v 0.843912 1.879784 1.096654
v 0.855253 1.883427 1.074082
v 0.857282 1.890214 1.074830
v 0.856098 1.876529 1.075640
v 0.873449 1.881859 1.057215
v 0.874632 1.888715 1.058739
v 0.874307 1.874959 1.058761
v 0.897611 1.882463 1.046229
v 0.897745 1.889295 1.048240
v 0.898504 1.875564 1.047760
v 0.927363 1.885501 1.042098
v 0.926508 1.892235 1.044257
v 0.928303 1.878607 1.043621
v 0.929075 1.873399 1.048419
v 0.900185 1.870447 1.052420
v 0.929474 1.871274 1.055205
v 0.902204 1.868483 1.058962
v 0.929391 1.872799 1.062162
v 0.904019 1.870197 1.065633
v 0.928849 1.877568 1.067425
v 0.905144 1.875131 1.070645
v 0.927994 1.884301 1.069585
v 0.905278 1.881963 1.072655
v 0.927054 1.891195 1.068062
v 0.904385 1.888862 1.071125
v 0.926281 1.896403 1.063264
v 0.902704 1.893979 1.066465
v 0.925883 1.898529 1.056478
v 0.900685 1.895944 1.059922
v 0.925966 1.897003 1.049521
v 0.898870 1.894229 1.053252
v 0.877538 1.893692 1.062925
v 0.861641 1.895070 1.077684
v 0.881390 1.895454 1.068652
v 0.867164 1.896694 1.081879
v 0.885155 1.893531 1.074384
v 0.872369 1.894651 1.086292
v 0.887824 1.888437 1.078586
v 0.875862 1.889489 1.089739
v 0.888682 1.881537 1.080133
v 0.876708 1.882590 1.091297
v 0.887499 1.874680 1.078609
v 0.874679 1.875804 1.090548
v 0.884593 1.869704 1.074423
v 0.870319 1.870948 1.087694
v 0.880741 1.867942 1.068696
v 0.864797 1.869324 1.083499
v 0.876976 1.869865 1.062964
v 0.859592 1.871366 1.079087
v 0.847902 1.874496 1.099272
v 0.841149 1.878759 1.122152
v 0.853962 1.872237 1.102257
v 0.847585 1.876278 1.123926
v 0.860468 1.873612 1.104808
v 0.854521 1.877400 1.125099
v 0.865677 1.878253 1.106243
v 0.860096 1.881824 1.125357
v 0.868194 1.884916 1.106177
v 0.862819 1.888366 1.124630
v 0.867343 1.891816 1.104628
v 0.861958 1.895272 1.123113
v 0.863354 1.897104 1.102010
v 0.857745 1.900692 1.121213
v 0.857294 1.899363 1.099025
v 0.851308 1.903173 1.119439
v 0.850787 1.897988 1.096474
v 0.844373 1.902051 1.118266
v 0.841726 1.906889 1.142172
v 0.842210 1.912153 1.167378
v 0.848789 1.907803 1.142304
v 0.849264 1.912907 1.166739
v 0.855339 1.905136 1.143150
v 0.855806 1.910094 1.166878
v 0.859621 1.899602 1.144482
v 0.860084 1.904467 1.167759
v 0.860489 1.892686 1.145944
v 0.860950 1.897535 1.169146
v 0.857709 1.886238 1.147144
v 0.858174 1.891154 1.170666
v 0.852026 1.881989 1.147760
v 0.852499 1.887035 1.171913
v 0.844963 1.881075 1.147628
v 0.845445 1.886281 1.172552
v 0.838413 1.883742 1.146782
v 0.838903 1.889094 1.172412
v 0.841944 1.894483 1.198304
v 0.846925 1.899574 1.223687
v 0.848423 1.891554 1.197887
v 0.853314 1.896553 1.222803
v 0.855411 1.892188 1.196662
v 0.860213 1.897094 1.221115
v 0.861035 1.896212 1.194958
v 0.865772 1.901052 1.219075
v 0.863789 1.902550 1.193231
v 0.868502 1.907367 1.217230
v 0.862933 1.909503 1.191944
v 0.867672 1.914346 1.216074
v 0.858698 1.915208 1.191442
v 0.863504 1.920119 1.215917
v 0.852219 1.918137 1.191859
v 0.857114 1.923140 1.216800
v 0.845231 1.917504 1.193083
v 0.850216 1.922599 1.218488
v 0.856613 1.927101 1.242799
v 0.863890 1.930665 1.265249
v 0.863410 1.927571 1.240724
v 0.870573 1.931081 1.262822
v 0.869688 1.924472 1.239414
v 0.876711 1.927915 1.261079
v 0.873765 1.918635 1.239223
v 0.880658 1.922016 1.260487
v 0.874549 1.911623 1.240200
v 0.881358 1.914964 1.261205
v 0.871829 1.905316 1.242084
v 0.878622 1.908649 1.263040
v 0.866334 1.901402 1.244370
v 0.873183 1.904763 1.265501
v 0.859536 1.900932 1.246446
v 0.866500 1.904347 1.267928
v 0.853258 1.904031 1.247755
v 0.860362 1.907513 1.269671
v 0.867648 1.909682 1.288570
v 0.875596 1.909496 1.303792
v 0.873491 1.906447 1.286096
v 0.880799 1.906296 1.300128
v 0.879965 1.906813 1.283148
v 0.886836 1.906687 1.296367
v 0.885334 1.910683 1.280515
v 0.892089 1.910563 1.293519
v 0.888160 1.917019 1.278904
v 0.895151 1.916886 1.292345
v 0.887686 1.924124 1.278745
v 0.895201 1.923962 1.293161
v 0.884039 1.930094 1.280081
v 0.892226 1.929894 1.295748
v 0.878195 1.933330 1.282555
v 0.887023 1.933094 1.299412
v 0.871721 1.932963 1.285503
v 0.880986 1.932703 1.303172
v 0.892363 1.929059 1.318310
v 0.904750 1.922467 1.330437
v 0.897810 1.929639 1.313758
v 0.909648 1.923341 1.325340
v 0.902114 1.926729 1.308885
v 0.913047 1.920914 1.319571
v 0.904121 1.921108 1.304998
v 0.914037 1.915837 1.314674
v 0.903294 1.914283 1.303137
v 0.912352 1.909470 1.311963
v 0.899853 1.908082 1.303802
v 0.908444 1.903518 1.312164
v 0.894722 1.904166 1.306814
v 0.903359 1.899578 1.315222
v 0.889274 1.903586 1.311366
v 0.898461 1.898704 1.320319
v 0.884971 1.906496 1.316238
v 0.895062 1.901131 1.326089
v 0.905182 1.893844 1.333519
v 0.914648 1.885097 1.338698
v 0.907769 1.892006 1.327142
v 0.916552 1.883897 1.331940
v 0.912231 1.893196 1.321719
v 0.920718 1.885364 1.326352
v 0.917372 1.897096 1.318703
v 0.926028 1.889105 1.323431
v 0.921815 1.902660 1.318902
v 0.931061 1.894118 1.323959
v 0.924368 1.908398 1.322262
v 0.934468 1.899058 1.327795
v 0.924349 1.912771 1.327884
v 0.935335 1.902604 1.333912
v 0.921762 1.914610 1.334260
v 0.933431 1.903803 1.340669
v 0.917300 1.913419 1.339683
v 0.929266 1.902336 1.346258
v 0.939954 1.889543 1.350357
v 0.948636 1.875278 1.352112
v 0.943963 1.891201 1.344707
v 0.952611 1.876992 1.346455
v 0.945315 1.890670 1.337734
v 0.953545 1.877164 1.339396
v 0.943650 1.888092 1.331306
v 0.951187 1.875747 1.332826
v 0.939412 1.884159 1.327146
v 0.946170 1.873121 1.328505
v 0.933739 1.879924 1.326368
v 0.939838 1.869990 1.327592
v 0.928149 1.876521 1.329181
v 0.933888 1.867192 1.330330
v 0.924141 1.874864 1.334830
v 0.929913 1.865478 1.335987
v 0.922788 1.875394 1.341803
v 0.928980 1.865306 1.343046
v 0.932751 1.855423 1.342703
v 0.933873 1.846135 1.341089
v 0.933419 1.856329 1.335670
v 0.934466 1.847762 1.334180
v 0.937442 1.857909 1.330009
v 0.938527 1.848980 1.328456
v 0.943742 1.859738 1.327236
v 0.944966 1.849462 1.325451
v 0.950632 1.861328 1.328095
v 0.952060 1.849079 1.325970
v 0.956265 1.862251 1.332356
v 0.957906 1.847934 1.329875
v 0.959132 1.862261 1.338876
v 0.960939 1.846334 1.336117
v 0.958464 1.861354 1.345909
v 0.960346 1.844706 1.343026
v 0.954440 1.859775 1.351571
v 0.956285 1.843488 1.348750
v 0.953121 1.827366 1.343825
v 0.944439 1.812573 1.337244
v 0.957077 1.828058 1.337942
v 0.948093 1.812741 1.331132
v 0.957790 1.830287 1.331215
v 0.949033 1.815363 1.324577
v 0.955069 1.833455 1.325445
v 0.947006 1.819739 1.319334
v 0.949643 1.836714 1.322179
v 0.942557 1.824695 1.316810
v 0.942966 1.839191 1.322292
v 0.936876 1.828903 1.317679
v 0.936826 1.840222 1.325754
v 0.931486 1.831236 1.321709
v 0.932870 1.839531 1.331636
v 0.927832 1.831068 1.327821
v 0.932157 1.837302 1.338364
v 0.926892 1.828445 1.334376
v 0.915950 1.818746 1.328593
v 0.908152 1.814515 1.321669
v 0.917754 1.822186 1.322623
v 0.911724 1.818964 1.317405
v 0.921684 1.822615 1.316698
v 0.917022 1.820174 1.312801
v 0.926687 1.819917 1.312406
v 0.922628 1.817820 1.309092
v 0.931423 1.814815 1.310897
v 0.927040 1.812533 1.307269
v 0.934623 1.808677 1.312576
v 0.929074 1.805730 1.307823
v 0.935429 1.803147 1.316992
v 0.928187 1.799233 1.310605
v 0.933625 1.799707 1.322963
v 0.924615 1.794783 1.314868
v 0.929695 1.799278 1.328887
v 0.919316 1.793573 1.319472
v 0.911087 1.791834 1.305020
v 0.904882 1.793225 1.287537
v 0.917431 1.793304 1.302135
v 0.911624 1.794626 1.285718
v 0.922240 1.798062 1.299905
v 0.916918 1.799300 1.284784
v 0.924225 1.804832 1.298928
v 0.919343 1.805994 1.284986
v 0.922855 1.811801 1.299466
v 0.918251 1.812915 1.286269
v 0.918496 1.817102 1.301375
v 0.913934 1.818208 1.288289
v 0.912317 1.819313 1.304142
v 0.907549 1.820454 1.290506
v 0.905972 1.817842 1.307027
v 0.900806 1.819053 1.292325
v 0.901163 1.813085 1.309257
v 0.895513 1.814380 1.293259
v 0.890892 1.818039 1.274418
v 0.887150 1.823825 1.253524
v 0.896397 1.822558 1.274314
v 0.892764 1.828184 1.254006
v 0.903306 1.823837 1.273149
v 0.899753 1.829344 1.253274
v 0.909769 1.821533 1.271235
v 0.906246 1.826996 1.251523
v 0.914053 1.816265 1.269085
v 0.910502 1.821768 1.249223
v 0.915010 1.809443 1.267275
v 0.911381 1.815062 1.246991
v 0.912385 1.802895 1.266290
v 0.908648 1.808674 1.245423
v 0.906880 1.798376 1.266394
v 0.903035 1.804316 1.244941
v 0.899970 1.797097 1.267559
v 0.896046 1.803155 1.245673
v 0.892954 1.811190 1.222605
v 0.890591 1.821018 1.199147
v 0.899986 1.812243 1.222183
v 0.897648 1.821971 1.198963
v 0.905663 1.816441 1.223125
v 0.903365 1.826001 1.200305
v 0.908462 1.822659 1.225180
v 0.906212 1.832029 1.202814
v 0.907636 1.829232 1.227797
v 0.905425 1.838440 1.205817
v 0.903404 1.834399 1.230274
v 0.901215 1.843516 1.208509
v 0.896900 1.836773 1.231948
v 0.894710 1.845896 1.210170
v 0.889869 1.835721 1.232370
v 0.887654 1.844944 1.210354
v 0.884192 1.831522 1.231428
v 0.881936 1.840913 1.209011
v 0.880307 1.851772 1.187178
v 0.879230 1.863854 1.166845
v 0.886054 1.855611 1.188902
v 0.884999 1.867454 1.168967
v 0.893125 1.856465 1.188915
v 0.892079 1.868204 1.169153
v 0.899626 1.854105 1.187213
v 0.898575 1.865903 1.167353
v 0.903816 1.849164 1.184252
v 0.902746 1.861167 1.164050
v 0.904571 1.842965 1.180826
v 0.903474 1.855265 1.160129
v 0.901689 1.837170 1.177852
v 0.900565 1.849780 1.156640
v 0.895942 1.833331 1.176128
v 0.894797 1.846180 1.154518
v 0.888871 1.832477 1.176116
v 0.887716 1.845430 1.154332
v 0.887055 1.859802 1.134610
v 0.886825 1.875631 1.117772
v 0.894142 1.860430 1.134959
v 0.893913 1.876104 1.118284
v 0.899925 1.863701 1.137527
v 0.899704 1.878875 1.121370
v 0.902855 1.868737 1.141624
v 0.902645 1.883203 1.126204
v 0.902148 1.874188 1.146153
v 0.901948 1.887926 1.131489
v 0.897992 1.878595 1.149900
v 0.897800 1.891781 1.135810
v 0.891501 1.880777 1.151861
v 0.891313 1.893733 1.138009
v 0.884415 1.880148 1.151512
v 0.884224 1.893261 1.137497
v 0.878632 1.876878 1.148944
v 0.878434 1.890489 1.134411
v 0.878576 1.904135 1.124196
v 0.878291 1.912473 1.120414
v 0.884371 1.906312 1.127718
v 0.884104 1.914230 1.124135
v 0.891460 1.906741 1.128262
v 0.891184 1.914869 1.124580
v 0.897943 1.905307 1.125682
v 0.897634 1.914219 1.121628
v 0.902082 1.902396 1.120670
v 0.901725 1.912453 1.116071
v 0.902769 1.898786 1.114568
v 0.902361 1.910046 1.109397
v 0.899819 1.895445 1.109012
v 0.899371 1.907642 1.103396
v 0.894023 1.893269 1.105490
v 0.893558 1.905885 1.099674
v 0.886935 1.892840 1.104946
v 0.886478 1.905246 1.099230
v 0.885198 1.918590 1.095457
v 0.883596 1.932549 1.093173
v 0.892261 1.919427 1.095843
v 0.890661 1.933365 1.093563
v 0.898100 1.920892 1.099650
v 0.896539 1.934468 1.097431
v 0.901151 1.922591 1.105858
v 0.899655 1.935562 1.103742
v 0.900596 1.924070 1.112804
v 0.899173 1.936355 1.110804
v 0.896583 1.924933 1.118625
v 0.895224 1.936633 1.116726
v 0.890189 1.924947 1.121764
v 0.888865 1.936322 1.119919
v 0.883126 1.924110 1.121377
v 0.881800 1.935506 1.119529
v 0.877288 1.922646 1.117570
v 0.875922 1.934403 1.115661
v 0.874616 1.947131 1.114685
v 0.873831 1.960295 1.114558
v 0.880537 1.947778 1.118591
v 0.879783 1.960348 1.118471
v 0.887623 1.948370 1.118999
v 0.886892 1.960489 1.118885
v 0.893976 1.948746 1.115800
v 0.893254 1.960680 1.115688
v 0.897893 1.948807 1.109851
v 0.897165 1.960870 1.109738
v 0.898325 1.948535 1.102747
v 0.897576 1.961008 1.102628
v 0.895156 1.948005 1.096390
v 0.894377 1.961057 1.096264
v 0.889235 1.947357 1.092485
v 0.888425 1.961005 1.092352
v 0.882148 1.946766 1.092077
v 0.881316 1.960864 1.091938
v 0.881571 1.974448 1.092563
v 0.883422 1.987105 1.093779
v 0.888659 1.973847 1.092944
v 0.890325 1.985371 1.094052
v 0.894586 1.973093 1.096821
v 0.896071 1.983500 1.097822
v 0.897765 1.972386 1.103155
v 0.899121 1.981995 1.104081
v 0.897344 1.971916 1.110250
v 0.898657 1.981258 1.111150
v 0.893436 1.971810 1.116204
v 0.894803 1.981488 1.117136
v 0.887088 1.972095 1.119422
v 0.888593 1.982622 1.120435
v 0.880001 1.972696 1.119041
v 0.881690 1.984357 1.120162
v 0.874074 1.973450 1.115164
v 0.875944 1.986227 1.116392
v 0.880241 1.998230 1.118142
v 0.887916 2.008668 1.120271
v 0.885427 1.994884 1.121698
v 0.891877 2.003707 1.123500
v 0.891726 1.991560 1.121740
v 0.896809 1.998578 1.123176
v 0.897451 1.989148 1.118255
v 0.901389 1.994655 1.119385
v 0.901068 1.988294 1.112179
v 0.904391 1.992991 1.113144
v 0.901606 1.989227 1.105138
v 0.905010 1.994030 1.106125
v 0.898923 1.991697 1.099020
v 0.903081 1.997494 1.100208
v 0.893737 1.995042 1.095463
v 0.899119 2.002455 1.096979
v 0.887438 1.998366 1.095422
v 0.894187 2.007584 1.097303
v 0.903995 2.013951 1.099181
v 0.906837 2.007460 1.098464
v 0.908972 2.001307 1.101349
v 0.909828 1.997143 1.107064
v 0.909176 1.996083 1.114077
v 0.907191 1.998411 1.120509
v 0.904404 2.003503 1.124637
v 0.901563 2.009995 1.125354
v 0.899428 2.016147 1.122469
vn -0.2048 -0.6121 -0.7638
vn -0.2994 -0.8941 -0.3331
vn -0.2137 -0.5973 -0.7730
vn -0.0367 -0.1525 -0.9876
vn 0.0536 -0.1984 -0.9787
vn 0.1605 0.3425 -0.9257
vn 0.3243 0.2543 -0.9111
vn 0.3105 0.7349 -0.6030
vn 0.5039 0.6362 -0.5842
vn 0.3533 0.9287 -0.1124
vn 0.5261 0.8454 -0.0923
vn 0.3006 0.8584 0.4156
vn 0.4005 0.8118 0.4249
vn 0.1812 0.5335 0.8262
vn 0.1807 0.5459 0.8181
vn 0.0254 0.0648 0.9976
vn -0.0741 0.1357 0.9880
vn -0.1274 -0.4011 0.9071
vn -0.3046 -0.3045 0.9025
vn -0.2460 -0.7567 0.6057
vn -0.4574 -0.6647 0.5907
vn -0.3093 -0.9367 0.1640
vn -0.4964 -0.8582 0.1310
vn -0.4102 -0.8357 -0.3651
vn -0.7452 -0.6650 0.0488
vn -0.7371 -0.4479 0.5060
vn -0.5609 -0.7112 -0.4238
vn -0.8551 -0.5177 -0.0285
vn -0.8559 -0.2895 0.4286
vn -0.6303 -0.6108 -0.4792
vn -0.9078 -0.4108 -0.0850
vn -0.9085 -0.1840 0.3751
vn -0.6678 -0.5295 -0.5231
vn -0.9377 -0.3226 -0.1293
vn -0.9353 -0.1070 0.3373
vn -0.6925 -0.4529 -0.5615
vn -0.9565 -0.2388 -0.1675
vn -0.9502 -0.0441 0.3085
vn -0.7103 -0.3702 -0.5987
vn -0.9679 -0.1480 -0.2030
vn -0.9584 0.0138 0.2850
vn -0.7224 -0.2704 -0.6364
vn -0.9710 -0.0385 -0.2360
vn -0.9614 0.0737 0.2652
vn -0.7258 -0.1400 -0.6735
vn -0.9598 0.1032 -0.2609
vn -0.9577 0.1420 0.2504
vn -0.7117 0.0379 -0.7014
vn -0.9223 0.2859 -0.2600
vn -0.9430 0.2231 0.2470
vn -0.6632 0.2745 -0.6963
vn -0.8459 0.4927 -0.2042
vn -0.9122 0.3114 0.2663
vn -0.5630 0.5464 -0.6201
vn -0.7326 0.6766 -0.0747
vn -0.8406 0.4153 0.3477
vn -0.4358 0.7627 -0.4778
vn -0.5413 0.8351 0.0983
vn -0.6519 0.5634 0.5075
vn -0.2927 0.8948 -0.3372
vn -0.2189 0.9446 0.2444
vn -0.3005 0.6837 0.6651
vn -0.0816 0.9673 -0.2401
vn 0.1539 0.9417 0.2991
vn 0.1039 0.6804 0.7255
vn 0.1652 0.9646 -0.2055
vn 0.4624 0.8463 0.2645
vn 0.4356 0.5770 0.6909
vn 0.3706 0.8994 -0.2318
vn 0.6792 0.7104 0.1845
vn 0.6661 0.4321 0.6080
vn 0.5169 0.8061 -0.2882
vn 0.8311 0.5503 0.0799
vn 0.8248 0.2653 0.4994
vn 0.6226 0.6940 -0.3615
vn 0.9345 0.3517 -0.0552
vn 0.9308 0.0632 0.3601
vn 0.6980 0.5510 -0.4575
vn 0.9676 0.0940 -0.2342
vn 0.9645 -0.1950 0.1779
vn 0.7245 0.3602 -0.5877
vn 0.8718 -0.2059 -0.4446
vn 0.8692 -0.4933 -0.0331
vn 0.6538 0.1344 -0.7446
vn 0.6293 -0.4627 -0.6245
vn 0.6292 -0.7481 -0.2108
vn 0.4696 -0.0593 -0.8809
vn 0.3340 -0.6053 -0.7225
vn 0.3384 -0.8901 -0.3052
vn 0.2438 -0.1648 -0.9557
vn 0.1901 -0.6405 -0.7441
vn 0.1971 -0.9241 -0.3273
vn 0.1341 -0.1913 -0.9723
vn 0.0424 0.3141 -0.9484
vn 0.0896 0.3222 -0.9424
vn -0.0612 0.7414 -0.6682
vn -0.0891 0.7293 -0.6783
vn -0.1476 0.9680 -0.2031
vn -0.2440 0.9431 -0.2261
vn -0.1930 0.9285 0.3172
vn -0.3315 0.8969 0.2928
vn -0.1858 0.6350 0.7498
vn -0.3270 0.5989 0.7310
vn -0.1281 0.1671 0.9776
vn -0.2319 0.1337 0.9635
vn -0.0347 -0.3476 0.9370
vn -0.0726 -0.3648 0.9283
vn 0.0686 -0.7648 0.6406
vn 0.1061 -0.7586 0.6429
vn 0.1532 -0.9723 0.1764
vn 0.2559 -0.9475 0.1917
vn 0.4694 -0.8446 0.2576
vn 0.6468 -0.6567 0.3879
vn 0.1873 -0.7242 0.6637
vn 0.2561 -0.6528 0.7129
vn -0.1476 -0.4099 0.9001
vn -0.2078 -0.4770 0.8540
vn -0.4462 0.0225 0.8946
vn -0.6233 -0.1683 0.7637
vn -0.6221 0.4549 0.6372
vn -0.8690 0.1925 0.4559
vn -0.6215 0.7585 0.1959
vn -0.8656 0.5005 0.0152
vn -0.4448 0.8443 -0.2989
vn -0.6146 0.6634 -0.4267
vn -0.1464 0.6952 -0.7038
vn -0.1969 0.6390 -0.7435
vn 0.1879 0.3627 -0.9128
vn 0.2662 0.4431 -0.8560
vn 0.2918 0.5356 -0.7925
vn 0.2775 0.6081 -0.7438
vn -0.2241 0.5701 -0.7904
vn -0.2214 0.5030 -0.8355
vn -0.6862 0.4473 -0.5736
vn -0.6648 0.2581 -0.7010
vn -0.9610 0.1966 -0.1947
vn -0.9265 -0.0609 -0.3713
vn -0.9642 -0.1099 0.2415
vn -0.9296 -0.3630 0.0634
vn -0.6950 -0.3830 0.6086
vn -0.6736 -0.5623 0.4796
vn -0.2360 -0.5480 0.8025
vn -0.2340 -0.6059 0.7603
vn 0.2800 -0.5651 0.7761
vn 0.2644 -0.4871 0.8324
vn 0.7159 -0.4351 0.5460
vn 0.6880 -0.2422 0.6841
vn 0.6055 -0.0887 0.7909
vn 0.4814 0.0419 0.8755
vn 0.2269 -0.4219 0.8778
vn 0.1702 -0.3617 0.9166
vn -0.2155 -0.6464 0.7320
vn -0.1894 -0.6730 0.7150
vn -0.6034 -0.6978 0.3859
vn -0.5018 -0.8046 0.3176
vn -0.8276 -0.5571 -0.0690
vn -0.6785 -0.7147 -0.1700
vn -0.8222 -0.2608 -0.5059
vn -0.6667 -0.4256 -0.6118
vn -0.5884 0.1075 -0.8014
vn -0.4691 -0.0188 -0.8829
vn -0.1940 0.4439 -0.8748
vn -0.1435 0.3908 -0.9092
vn 0.2494 0.6570 -0.7115
vn 0.2176 0.6913 -0.6890
vn 0.1806 0.7181 -0.6721
vn 0.1331 0.7375 -0.6621
vn -0.0615 0.3430 -0.9373
vn 0.0632 0.3103 -0.9485
vn -0.2912 -0.1296 -0.9478
vn -0.0275 -0.2086 -0.9776
vn -0.4414 -0.5690 -0.6938
vn -0.1119 -0.6738 -0.7304
vn -0.4667 -0.8498 -0.2449
vn -0.1626 -0.9478 -0.2741
vn -0.3611 -0.8924 0.2706
vn -0.1667 -0.9521 0.2564
vn -0.1588 -0.6887 0.7075
vn -0.1269 -0.6937 0.7090
vn 0.0819 -0.3020 0.9498
vn -0.0560 -0.2538 0.9656
vn 0.2977 0.1597 0.9412
vn 0.0277 0.2464 0.9688
vn -0.3063 0.2500 0.9185
vn -0.5973 0.1474 0.7883
vn -0.2341 -0.2501 0.9395
vn -0.3891 -0.3095 0.8677
vn -0.0998 -0.6912 0.7157
vn -0.0765 -0.6894 0.7203
vn 0.0638 -0.9533 0.2951
vn 0.2627 -0.8875 0.3785
vn 0.2123 -0.9531 -0.2155
vn 0.5363 -0.8410 -0.0716
vn 0.3012 -0.6787 -0.6698
vn 0.6601 -0.5551 -0.5061
vn 0.3030 -0.2091 -0.9298
vn 0.5933 -0.1115 -0.7972
vn 0.2196 0.3127 -0.9241
vn 0.3600 0.3584 -0.8614
vn 0.0782 0.7404 -0.6677
vn 0.0348 0.7239 -0.6890
vn -0.0247 0.6521 -0.7577
vn -0.1360 0.4603 -0.8773
vn 0.3966 0.3716 -0.8394
vn 0.3276 0.2560 -0.9095
vn 0.7167 -0.0087 -0.6973
vn 0.7088 -0.0154 -0.7052
vn 0.8449 -0.3908 -0.3653
vn 0.9061 -0.2849 -0.3127
vn 0.7385 -0.6707 0.0687
vn 0.8601 -0.4814 0.1689
vn 0.4240 -0.7652 0.4844
vn 0.5731 -0.5476 0.6097
vn -0.0061 -0.6442 0.7649
vn 0.1207 -0.4583 0.8806
vn -0.4285 -0.3453 0.8350
vn -0.3633 -0.2381 0.9007
vn -0.7313 0.0431 0.6807
vn -0.7395 0.0452 0.6716
vn -0.7132 0.1015 0.6936
vn -0.7006 0.1442 0.6988
vn -0.2867 -0.0474 0.9568
vn -0.2518 0.1085 0.9617
vn 0.2229 -0.1838 0.9574
vn 0.2688 0.0434 0.9622
vn 0.6718 -0.2700 0.6898
vn 0.7164 -0.0344 0.6969
vn 0.9316 -0.2813 0.2301
vn 0.9654 -0.1032 0.2393
vn 0.9330 -0.2141 -0.2894
vn 0.9488 -0.1428 -0.2816
vn 0.6831 -0.0883 -0.7250
vn 0.6763 -0.1424 -0.7227
vn 0.2560 0.0604 -0.9648
vn 0.2267 -0.1033 -0.9685
vn -0.2343 0.1925 -0.9529
vn -0.2794 -0.0374 -0.9594
vn -0.2909 -0.2050 -0.9345
vn -0.2868 -0.3217 -0.9024
vn 0.2214 -0.2164 -0.9509
vn 0.2256 -0.2883 -0.9306
vn 0.6776 -0.1705 -0.7154
vn 0.6800 -0.1780 -0.7113
vn 0.9548 -0.0782 -0.2868
vn 0.9537 -0.0191 -0.3000
vn 0.9744 0.0365 0.2217
vn 0.9701 0.1458 0.1941
vn 0.7275 0.1417 0.6713
vn 0.7221 0.2714 0.6363
vn 0.2810 0.2079 0.9369
vn 0.2772 0.3229 0.9049
vn -0.2413 0.2169 0.9459
vn -0.2420 0.2863 0.9271
vn -0.6958 0.1672 0.6985
vn -0.6939 0.1728 0.6990
vn -0.6914 0.1630 0.7038
vn -0.6850 0.1375 0.7154
vn -0.2466 0.3274 0.9121
vn -0.2511 0.3463 0.9039
vn 0.2663 0.4040 0.8751
vn 0.2519 0.4626 0.8500
vn 0.7082 0.3711 0.6006
vn 0.6883 0.4539 0.5660
vn 0.9578 0.2371 0.1625
vn 0.9382 0.3217 0.1277
vn 0.9469 0.0390 -0.3192
vn 0.9330 0.1022 -0.3451
vn 0.6801 -0.1690 -0.7134
vn 0.6751 -0.1443 -0.7234
vn 0.2319 -0.3308 -0.9148
vn 0.2365 -0.3512 -0.9059
vn -0.2764 -0.4040 -0.8720
vn -0.2637 -0.4637 -0.8458
vn -0.2504 -0.5085 -0.8239
vn -0.2375 -0.5432 -0.8053
vn 0.2355 -0.3521 -0.9059
vn 0.2219 -0.3309 -0.9172
vn 0.6601 -0.1006 -0.7444
vn 0.6240 -0.0288 -0.7809
vn 0.9072 0.1790 -0.3806
vn 0.8572 0.2820 -0.4310
vn 0.9077 0.4105 0.0873
vn 0.8554 0.5167 0.0371
vn 0.6608 0.5302 0.5313
vn 0.6192 0.6098 0.4946
vn 0.2352 0.5055 0.8302
vn 0.2160 0.5358 0.8163
vn -0.2519 0.3444 0.9044
vn -0.2423 0.3170 0.9169
vn -0.6696 0.0919 0.7370
vn -0.6330 0.0150 0.7740
vn -0.5404 -0.1152 0.8335
vn -0.2024 0.2501 0.9468
vn 0.1945 0.5519 0.8109
vn 0.5467 0.7031 0.4546
vn 0.7537 0.6567 -0.0274
vn 0.7516 0.4286 -0.5014
vn 0.5390 0.0858 -0.8379
vn 0.1781 -0.2803 -0.9432
vn -0.2254 -0.5718 -0.7888
vn 0.0787 -0.4540 -0.8875
vn 0.1566 0.0157 -0.9875
vn 0.2478 -0.5100 -0.8237
vn -0.0250 -0.8316 -0.5548
vn 0.0362 -0.8541 -0.5188
vn -0.1366 -0.9892 -0.0538
vn -0.1980 -0.9773 -0.0753
vn -0.2661 -0.8514 0.4519
vn -0.4240 -0.8205 0.3833
vn -0.4958 -0.4446 0.7460
vn -0.6285 -0.3918 0.6719
vn -0.4204 0.0812 0.9037
vn -0.5671 0.0973 0.8179
vn -0.1158 0.5321 0.8387
vn -0.2668 0.5689 0.7779
vn 0.0415 0.8857 0.4623
vn -0.0035 0.8931 0.4498
vn 0.1437 0.9883 -0.0520
vn 0.2226 0.9749 -0.0051
vn 0.1959 0.8242 -0.5313
vn 0.3811 0.8056 -0.4536
vn 0.1981 0.4701 -0.8601
vn 0.4423 0.4358 -0.7838
vn 0.3941 -0.0413 -0.9182
vn 0.7660 0.3360 -0.5480
vn 0.6256 0.7327 -0.2678
vn 0.7119 -0.1452 -0.6871
vn 0.8994 0.2648 -0.3477
vn 0.7216 0.6828 -0.1146
vn 0.8434 -0.2213 -0.4896
vn 0.9540 0.2182 -0.2056
vn 0.7595 0.6505 -0.0101
vn 0.8980 -0.2707 -0.3468
vn 0.9788 0.1831 -0.0920
vn 0.7764 0.6263 0.0702
vn 0.9233 -0.3078 -0.2298
vn 0.9883 0.1520 0.0156
vn 0.7831 0.6052 0.1433
vn 0.9331 -0.3404 -0.1160
vn 0.9834 0.1205 0.1355
vn 0.7810 0.5838 0.2218
vn 0.9276 -0.3733 0.0139
vn 0.9535 0.0861 0.2889
vn 0.7642 0.5601 0.3199
vn 0.8943 -0.4084 0.1829
vn 0.8650 0.0536 0.4989
vn 0.7121 0.5361 0.4532
vn 0.7956 -0.4401 0.4163
vn 0.6566 0.0492 0.7526
vn 0.5840 0.5294 0.6154
vn 0.5632 -0.4409 0.6989
vn 0.3157 0.1113 0.9423
vn 0.3700 0.5675 0.7355
vn 0.1819 -0.3707 0.9108
vn -0.0268 0.2229 0.9745
vn 0.1606 0.6385 0.7527
vn -0.2066 -0.2465 0.9469
vn -0.2709 0.3360 0.9021
vn 0.0215 0.7056 0.7083
vn -0.4920 -0.1179 0.8625
vn -0.4295 0.4354 0.7912
vn -0.0633 0.7611 0.6455
vn -0.6826 -0.0018 0.7308
vn -0.5272 0.5170 0.6744
vn -0.1133 0.8052 0.5821
vn -0.8017 0.0950 0.5901
vn -0.5852 0.5832 0.5634
vn -0.1419 0.8395 0.5245
vn -0.8734 0.1750 0.4544
vn -0.6182 0.6400 0.4563
vn -0.1578 0.8676 0.4716
vn -0.9147 0.2452 0.3212
vn -0.6328 0.6929 0.3455
vn -0.1652 0.8926 0.4196
vn -0.9325 0.3124 0.1811
vn -0.6272 0.7469 0.2208
vn -0.1645 0.9169 0.3635
vn -0.9237 0.3825 0.0209
vn -0.5891 0.8049 0.0712
vn -0.1510 0.9425 0.2982
vn -0.8713 0.4593 -0.1730
vn -0.4921 0.8643 -0.1046
vn -0.1138 0.9684 0.2220
vn -0.7406 0.5384 -0.4020
vn -0.3104 0.9097 -0.2758
vn -0.0403 0.9881 0.1484
vn -0.4990 0.5990 -0.6263
vn -0.0660 0.9211 -0.3837
vn 0.0604 0.9927 0.1046
vn -0.1747 0.6139 -0.7698
vn 0.0631 0.9101 -0.4095
vn 0.1133 0.9889 0.0960
vn -0.0025 0.5997 -0.8002
vn -0.0666 0.1420 -0.9876
vn -0.2385 0.1516 -0.9592
vn -0.1141 -0.3556 -0.9276
vn -0.2415 -0.3507 -0.9048
vn -0.1330 -0.7702 -0.6237
vn -0.1823 -0.7665 -0.6158
vn -0.1175 -0.9825 -0.1446
vn -0.0748 -0.9843 -0.1598
vn -0.0711 -0.9233 0.3775
vn 0.0534 -0.9365 0.3466
vn -0.0061 -0.6089 0.7932
vn 0.1675 -0.6255 0.7620
vn 0.0613 -0.1285 0.9898
vn 0.2352 -0.1355 0.9625
vn 0.1128 0.3889 0.9143
vn 0.2367 0.3906 0.8896
vn 0.1323 0.8004 0.5847
vn 0.1719 0.8024 0.5715
vn 0.2444 0.8065 0.5383
vn 0.2998 0.8171 0.4924
vn 0.4675 0.4027 0.7869
vn 0.6384 0.4421 0.6300
vn 0.5630 -0.1194 0.8178
vn 0.8034 -0.0591 0.5925
vn 0.4978 -0.6107 0.6159
vn 0.7420 -0.5459 0.3891
vn 0.2912 -0.9260 0.2403
vn 0.4717 -0.8783 0.0781
vn 0.0070 -0.9803 -0.1974
vn 0.0742 -0.9646 -0.2529
vn -0.2740 -0.7701 -0.5761
vn -0.3370 -0.7891 -0.5135
vn -0.4795 -0.3611 -0.7998
vn -0.6539 -0.4078 -0.6373
vn -0.5604 0.1371 -0.8168
vn -0.7995 0.0758 -0.5958
vn -0.9283 -0.0043 -0.3719
vn -0.9796 -0.0809 -0.1839
vn -0.7453 -0.4681 -0.4749
vn -0.7802 -0.5244 -0.3412
vn -0.3657 -0.8123 -0.4543
vn -0.3740 -0.8321 -0.4096
vn 0.1156 -0.9426 -0.3133
vn 0.1352 -0.9194 -0.3695
vn 0.5704 -0.8167 -0.0873
vn 0.6114 -0.7573 -0.2296
vn 0.8706 -0.4641 0.1634
vn 0.9219 -0.3864 -0.0263
vn 0.9289 0.0178 0.3699
vn 0.9785 0.0913 0.1848
vn 0.7293 0.4933 0.4741
vn 0.7657 0.5428 0.3450
vn 0.3316 0.8309 0.4469
vn 0.3455 0.8442 0.4099
vn 0.3491 0.8557 0.3820
vn 0.3472 0.8654 0.3613
vn 0.7724 0.5877 0.2409
vn 0.7615 0.6299 0.1530
vn 0.9869 0.1581 0.0332
vn 0.9702 0.2216 -0.0979
vn 0.9308 -0.3158 -0.1839
vn 0.9134 -0.2483 -0.3225
vn 0.6194 -0.7026 -0.3502
vn 0.6063 -0.6497 -0.4585
vn 0.1404 -0.8964 -0.4205
vn 0.1351 -0.8727 -0.4692
vn -0.3737 -0.8473 -0.3774
vn -0.3700 -0.8592 -0.3533
vn -0.7853 -0.5731 -0.2344
vn -0.7736 -0.6171 -0.1441
vn -0.9883 -0.1494 -0.0304
vn -0.9716 -0.2135 0.1022
vn -0.9332 -0.2787 0.2267
vn -0.8674 -0.3515 0.3522
vn -0.7485 -0.6604 -0.0610
vn -0.7066 -0.7073 0.0215
vn -0.3647 -0.8692 -0.3339
vn -0.3579 -0.8784 -0.3167
vn 0.1193 -0.8465 -0.5188
vn 0.0895 -0.8154 -0.5719
vn 0.5737 -0.5941 -0.5638
vn 0.5157 -0.5305 -0.6728
vn 0.8727 -0.1782 -0.4546
vn 0.8020 -0.0986 -0.5892
vn 0.9321 0.2871 -0.2206
vn 0.8671 0.3609 -0.3434
vn 0.7363 0.6727 0.0732
vn 0.6940 0.7200 -0.0040
vn 0.3417 0.8738 0.3459
vn 0.3335 0.8813 0.3348
vn 0.3231 0.8877 0.3280
vn 0.3116 0.8925 0.3261
vn 0.6264 0.7754 -0.0801
vn 0.5223 0.8398 -0.1479
vn 0.7608 0.4490 -0.4686
vn 0.5925 0.5539 -0.5849
vn 0.6848 -0.0029 -0.7288
vn 0.4974 0.1119 -0.8603
vn 0.4184 -0.4533 -0.7871
vn 0.2622 -0.3603 -0.8953
vn 0.0381 -0.7769 -0.6285
vn -0.0444 -0.7298 -0.6822
vn -0.3487 -0.8879 -0.3002
vn -0.3346 -0.8982 -0.2851
vn -0.6387 -0.7622 0.1057
vn -0.5313 -0.8269 0.1843
vn -0.7592 -0.4382 0.4813
vn -0.5873 -0.5413 0.6018
vn -0.3344 -0.6533 0.6792
vn 0.0023 -0.7596 0.6504
vn -0.3775 -0.8955 0.2357
vn -0.1789 -0.9581 0.2237
vn -0.3204 -0.9065 -0.2750
vn -0.3150 -0.9111 -0.2659
vn -0.1716 -0.6742 -0.7183
vn -0.3673 -0.6201 -0.6932
vn 0.0310 -0.2545 -0.9666
vn -0.3165 -0.1502 -0.9366
vn 0.2249 0.2387 -0.9447
vn -0.1736 0.3718 -0.9119
vn 0.3514 0.6668 -0.6572
vn 0.0184 0.7844 -0.6200
vn 0.3799 0.9060 -0.1864
vn 0.2022 0.9665 -0.1582
vn 0.3091 0.8916 0.3308
vn 0.3296 0.8820 0.3368
vn 0.3583 0.8778 0.3179
vn 0.3700 0.8828 0.2894
vn 0.0298 0.9974 -0.0661
vn -0.0786 0.9957 0.0498
vn -0.3181 0.8429 -0.4339
vn -0.5129 0.8347 -0.2003
vn -0.5803 0.4456 -0.6817
vn -0.8062 0.4406 -0.3949
vn -0.6706 -0.0814 -0.7374
vn -0.8719 -0.0763 -0.4837
vn -0.5693 -0.5793 -0.5833
vn -0.6944 -0.5707 -0.4382
vn -0.3188 -0.9093 -0.2673
vn -0.3309 -0.9049 -0.2677
vn 0.0082 -0.9930 0.1176
vn 0.1140 -0.9932 -0.0231
vn 0.3282 -0.8201 0.4687
vn 0.5232 -0.8215 0.2266
vn 0.6031 -0.7972 0.0289
vn 0.6288 -0.7695 -0.1117
vn 0.1527 -0.9792 -0.1335
vn 0.1632 -0.9644 -0.2082
vn -0.3419 -0.9029 -0.2607
vn -0.3483 -0.9036 -0.2495
vn -0.7487 -0.5825 -0.3164
vn -0.7689 -0.5992 -0.2231
vn -0.9535 -0.1012 -0.2840
vn -0.9822 -0.1305 -0.1353
vn -0.8959 0.4090 -0.1736
vn -0.9270 0.3748 -0.0104
vn -0.5910 0.8065 -0.0168
vn -0.6181 0.7773 0.1169
vn -0.1250 0.9816 0.1443
vn -0.1417 0.9669 0.2120
vn 0.3714 0.8892 0.2672
vn 0.3705 0.8945 0.2500
vn 0.3693 0.8995 0.2335
vn 0.3673 0.9050 0.2145
vn -0.1453 0.9541 0.2618
vn -0.1420 0.9427 0.3019
vn -0.6229 0.7509 0.2196
vn -0.6150 0.7259 0.3080
vn -0.9321 0.3427 0.1174
vn -0.9221 0.3110 0.2302
vn -0.9871 -0.1593 -0.0170
vn -0.9779 -0.1891 0.0896
vn -0.7731 -0.6171 -0.1465
vn -0.7672 -0.6369 -0.0751
vn -0.3508 -0.9063 -0.2358
vn -0.3497 -0.9109 -0.2190
vn 0.1637 -0.9513 -0.2613
vn 0.1598 -0.9393 -0.3035
vn 0.6324 -0.7436 -0.2172
vn 0.6247 -0.7179 -0.3072
vn 0.6062 -0.6892 -0.3970
vn 0.5678 -0.6509 -0.5039
vn 0.1529 -0.9270 -0.3425
vn 0.1408 -0.9116 -0.3861
vn -0.3436 -0.9183 -0.1968
vn -0.3280 -0.9300 -0.1658
vn -0.7500 -0.6614 0.0022
vn -0.7121 -0.6952 0.0984
vn -0.9537 -0.2236 0.2011
vn -0.9029 -0.2688 0.3354
vn -0.8969 0.2759 0.3456
vn -0.8452 0.2314 0.4818
vn -0.5951 0.6995 0.3957
vn -0.5548 0.6674 0.4969
vn -0.1326 0.9318 0.3379
vn -0.1144 0.9200 0.3748
vn 0.3631 0.9124 0.1889
vn 0.3526 0.9237 0.1499
vn 0.3209 0.9433 0.0845
vn -0.0783 0.9064 0.4151
vn -0.4709 0.6231 0.6245
vn -0.7405 0.1700 0.6502
vn -0.7986 -0.3291 0.5039
vn -0.6290 -0.7436 0.2267
vn -0.2905 -0.9490 -0.1222
vn 0.1132 -0.8883 -0.4451
vn 0.4762 -0.5915 -0.6507
vn -0.1236 -0.4772 -0.8700
vn -0.1109 0.0085 -0.9938
vn 0.0044 -0.4953 -0.8687
vn -0.1043 -0.8502 -0.5160
vn -0.0585 -0.8559 -0.5139
vn -0.0557 -0.9984 -0.0136
vn -0.1073 -0.9941 -0.0183
vn 0.0093 -0.8686 0.4955
vn -0.1287 -0.8624 0.4895
vn 0.0717 -0.4979 0.8643
vn -0.1149 -0.4865 0.8661
vn 0.1136 0.0089 0.9935
vn -0.0675 0.0300 0.9973
vn 0.1241 0.5154 0.8479
vn -0.0006 0.5346 0.8451
vn 0.1003 0.8799 0.4645
vn 0.0648 0.8849 0.4613
vn 0.0495 0.9978 -0.0442
vn 0.1107 0.9930 -0.0406
vn -0.0131 0.8478 -0.5302
vn 0.1267 0.8410 -0.5260
vn -0.0709 0.4865 -0.8708
vn 0.1101 0.4750 -0.8731
vn 0.0657 -0.0107 -0.9978
vn 0.4354 0.4232 -0.7946
vn 0.3764 0.8019 -0.4640
vn 0.3834 -0.0627 -0.9214
vn 0.6707 0.3590 -0.6491
vn 0.5564 0.7537 -0.3499
vn 0.6122 -0.1274 -0.7803
vn 0.8199 0.2973 -0.4892
vn 0.6704 0.7071 -0.2250
vn 0.7566 -0.1891 -0.6259
vn 0.9121 0.2403 -0.3321
vn 0.7412 0.6634 -0.1023
vn 0.8452 -0.2449 -0.4750
vn 0.9678 0.1841 -0.1717
vn 0.7848 0.6193 0.0235
vn 0.8985 -0.2985 -0.3219
vn 0.9924 0.1227 0.0076
vn 0.8049 0.5700 0.1651
vn 0.9221 -0.3558 -0.1519
vn 0.9733 0.0498 0.2240
vn 0.7911 0.5101 0.3378
vn 0.9048 -0.4226 0.0524
vn 0.8742 -0.0365 0.4841
vn 0.7128 0.4383 0.5475
vn 0.8128 -0.5012 0.2971
vn 0.6529 -0.1223 0.7475
vn 0.5340 0.3671 0.7617
vn 0.6063 -0.5800 0.5440
vn 0.3288 -0.1794 0.9272
vn 0.2698 0.3209 0.9079
vn 0.3043 -0.6335 0.7114
vn 0.1496 -0.1937 0.9696
vn 0.1238 0.3057 0.9440
vn 0.1375 -0.6428 0.7536
vn 0.0900 -0.9348 0.3435
vn 0.2018 -0.9280 0.3132
vn 0.0184 -0.9859 -0.1666
vn 0.0462 -0.9843 -0.1703
vn -0.0573 -0.7669 -0.6392
vn -0.1227 -0.7786 -0.6154
vn -0.1147 -0.3341 -0.9355
vn -0.2583 -0.3554 -0.8983
vn -0.1395 0.1884 -0.9721
vn -0.3219 0.1727 -0.9309
vn -0.1276 0.6582 -0.7419
vn -0.2952 0.6526 -0.6978
vn -0.0811 0.9487 -0.3056
vn -0.1860 0.9449 -0.2693
vn -0.0100 0.9762 0.2167
vn -0.0256 0.9735 0.2270
vn 0.0656 0.7357 0.6742
vn 0.1410 0.7422 0.6552
vn 0.2773 0.7656 0.5805
vn 0.3663 0.8031 0.4699
vn -0.0554 0.9679 0.2452
vn -0.0815 0.9598 0.2686
vn -0.3790 0.9114 -0.1606
vn -0.5146 0.8574 -0.0053
vn -0.6027 0.5993 -0.5269
vn -0.8108 0.5150 -0.2781
vn -0.6560 0.1131 -0.7463
vn -0.8797 0.0260 -0.4748
vn -0.5207 -0.4036 -0.7523
vn -0.6993 -0.4687 -0.5397
vn -0.2420 -0.8009 -0.5477
vn -0.3266 -0.8294 -0.4532
vn 0.0970 -0.9756 -0.1971
vn 0.1284 -0.9618 -0.2417
vn 0.4052 -0.8919 0.2010
vn 0.5428 -0.8392 0.0330
vn 0.6020 -0.7872 -0.1336
vn 0.6114 -0.7429 -0.2724
vn 0.1387 -0.9483 -0.2855
vn 0.1376 -0.9368 -0.3216
vn -0.3668 -0.8575 -0.3607
vn -0.3767 -0.8817 -0.2842
vn -0.7771 -0.5324 -0.3357
vn -0.7923 -0.5865 -0.1682
vn -0.9744 -0.0582 -0.2170
vn -0.9917 -0.1288 -0.0053
vn -0.9004 0.4333 -0.0393
vn -0.9173 0.3653 0.1587
vn -0.5768 0.8033 0.1481
vn -0.5904 0.7576 0.2783
vn -0.0981 0.9503 0.2954
vn -0.1046 0.9409 0.3221
vn 0.4017 0.8402 0.3642
vn 0.4056 0.8701 0.2801
vn 0.3947 0.8937 0.2133
vn 0.3747 0.9140 0.1554
vn -0.1030 0.9319 0.3477
vn -0.0942 0.9230 0.3732
vn -0.5762 0.7186 0.3894
vn -0.5409 0.6826 0.4914
vn -0.8943 0.3076 0.3250
vn -0.8420 0.2544 0.4757
vn -0.9670 -0.1890 0.1710
vn -0.9120 -0.2449 0.3291
vn -0.7736 -0.6330 -0.0301
vn -0.7309 -0.6762 0.0923
vn -0.3697 -0.9022 -0.2221
vn -0.3510 -0.9210 -0.1688
vn 0.1314 -0.9265 -0.3527
vn 0.1208 -0.9158 -0.3830
vn 0.5941 -0.7044 -0.3885
vn 0.5573 -0.6672 -0.4942
vn 0.4962 -0.6275 -0.6000
vn 0.3956 -0.5825 -0.7101
vn 0.1036 -0.9034 -0.4160
vn 0.0735 -0.8882 -0.4536
vn -0.3203 -0.9397 -0.1200
vn -0.2724 -0.9593 -0.0743
vn -0.6608 -0.7206 0.2100
vn -0.5490 -0.7690 0.3274
vn -0.8215 -0.3020 0.4836
vn -0.6761 -0.3645 0.6403
vn -0.7551 0.2004 0.6242
vn -0.6143 0.1419 0.7762
vn -0.4805 0.6463 0.5929
vn -0.3814 0.6073 0.6970
vn -0.0766 0.9135 0.3995
vn -0.0465 0.9033 0.4264
vn 0.3441 0.9336 0.0995
vn 0.2960 0.9542 0.0424
vn 0.2193 0.9756 -0.0109
vn 0.0009 0.8932 0.4497
vn -0.2231 0.5673 0.7927
vn -0.3889 0.0806 0.9177
vn -0.4446 -0.4311 0.7852
vn -0.3735 -0.8204 0.4329
vn -0.2010 -0.9789 -0.0366
vn 0.0210 -0.8706 -0.4916
vn 0.2333 -0.5342 -0.8125
vn -0.0314 0.6062 0.7947
vn 0.0128 0.9182 0.3960
vn -0.1329 0.6044 0.7856
vn -0.0680 0.1315 0.9890
vn -0.1108 0.1336 0.9848
vn -0.0881 -0.3840 0.9191
vn -0.0607 -0.3776 0.9240
vn -0.0859 -0.7972 0.5975
vn 0.0036 -0.7916 0.6110
vn -0.0609 -0.9918 0.1125
vn 0.0659 -0.9898 0.1267
vn -0.0186 -0.9152 -0.4026
vn 0.1116 -0.9122 -0.3942
vn 0.0295 -0.5882 -0.8082
vn 0.1274 -0.5805 -0.8042
vn 0.0690 -0.0994 -0.9927
vn 0.1065 -0.0912 -0.9901
vn 0.0877 0.4146 -0.9058
vn 0.0542 0.4175 -0.9071
vn 0.0815 0.8123 -0.5775
vn -0.0135 0.8105 -0.5856
vn 0.0538 0.9933 -0.1025
vn -0.0774 0.9904 -0.1148
vn -0.1208 0.9153 0.3842
vn -0.3655 0.9185 -0.1512
vn -0.2259 0.7592 -0.6104
vn -0.4113 0.8435 0.3455
vn -0.6465 0.7349 -0.2049
vn -0.4377 0.6205 -0.6507
vn -0.6903 0.6620 0.2920
vn -0.8337 0.4888 -0.2569
vn -0.5805 0.4286 -0.6923
vn -0.8727 0.4231 0.2435
vn -0.9189 0.2654 -0.2919
vn -0.6456 0.2484 -0.7221
vn -0.9534 0.2130 0.2137
vn -0.9455 0.1003 -0.3098
vn -0.6655 0.1074 -0.7386
vn -0.9775 0.0666 0.2004
vn -0.9485 -0.0132 -0.3166
vn -0.6663 0.0002 -0.7457
vn -0.9802 -0.0233 0.1966
vn -0.9441 -0.0897 -0.3174
vn -0.6599 -0.0854 -0.7465
vn -0.9779 -0.0704 0.1969
vn -0.9386 -0.1398 -0.3153
vn -0.6507 -0.1597 -0.7423
vn -0.9769 -0.0829 0.1970
vn -0.9346 -0.1688 -0.3132
vn -0.6405 -0.2306 -0.7325
vn -0.9794 -0.0623 0.1919
vn -0.9320 -0.1787 -0.3153
vn -0.6302 -0.3055 -0.7138
vn -0.9852 -0.0038 0.1711
vn -0.9302 -0.1979 -0.3093
vn -0.6256 -0.4057 -0.6663
vn -0.9890 0.0643 0.1329
vn -0.9315 -0.2435 -0.2701
vn -0.6285 -0.5189 -0.5794
vn -0.9888 0.0986 0.1122
vn -0.9320 -0.2898 -0.2176
vn -0.6291 -0.6059 -0.4870
vn -0.9883 0.1050 0.1106
vn -0.9314 -0.3212 -0.1713
vn -0.6278 -0.6621 -0.4093
vn -0.9879 0.1063 0.1130
vn -0.9297 -0.3452 -0.1286
vn -0.6251 -0.7015 -0.3423
vn -0.9873 0.1039 0.1198
vn -0.9268 -0.3656 -0.0859
vn -0.6211 -0.7319 -0.2804
vn -0.9863 0.0987 0.1318
vn -0.9222 -0.3847 -0.0391
vn -0.6152 -0.7576 -0.2181
vn -0.9844 0.0911 0.1506
vn -0.9145 -0.4041 0.0172
vn -0.6063 -0.7812 -0.1489
vn -0.9805 0.0808 0.1789
vn -0.9007 -0.4247 0.0917
vn -0.5912 -0.8041 -0.0633
vn -0.9726 0.0676 0.2226
vn -0.8723 -0.4459 0.2007
vn -0.5618 -0.8254 0.0556
vn -0.9546 0.0516 0.2933
vn -0.8048 -0.4587 0.3768
vn -0.4942 -0.8353 0.2408
vn -0.9089 0.0377 0.4153
vn -0.6405 -0.4183 0.6440
vn -0.3272 -0.7915 0.5161
vn -0.7911 0.0629 0.6085
vn -0.4150 -0.2959 0.8604
vn -0.0765 -0.6559 0.7510
vn -0.6460 0.1430 0.7498
vn -0.3155 -0.2235 0.9222
vn 0.0952 -0.5213 0.8480
vn -0.6456 0.1405 0.7507
vn -0.3151 -0.2233 0.9224
vn 0.1675 -0.3972 0.9023
vn -0.7190 0.0131 0.6949
vn -0.3132 -0.2096 0.9263
vn 0.1984 -0.2343 0.9517
vn -0.7471 -0.1295 0.6520
vn -0.3202 -0.1765 0.9308
vn 0.1770 -0.0612 0.9823
vn -0.7366 -0.2474 0.6295
vn -0.3415 -0.1293 0.9309
vn 0.1158 0.0960 0.9886
vn -0.7111 -0.3231 0.6245
vn -0.3788 -0.0727 0.9226
vn 0.0310 0.2314 0.9724
vn -0.6904 -0.3602 0.6274
vn -0.4333 -0.0096 0.9012
vn -0.0698 0.3498 0.9342
vn -0.6839 -0.3690 0.6294
vn -0.5065 0.0574 0.8603
vn -0.1859 0.4557 0.8705
vn -0.6951 -0.3584 0.6232
vn -0.5987 0.1237 0.7913
vn -0.3167 0.5488 0.7736
vn -0.7248 -0.3362 0.6014
vn -0.7055 0.1805 0.6853
vn -0.4572 0.6224 0.6352
vn -0.7705 -0.3109 0.5565
vn -0.8141 0.2146 0.5397
vn -0.5927 0.6650 0.4545
vn -0.8240 -0.2936 0.4846
vn -0.8932 0.2160 0.3943
vn -0.6883 0.6698 0.2784
vn -0.8640 -0.2963 0.4070
vn -0.9312 0.2027 0.3031
vn -0.7328 0.6587 0.1706
vn -0.8826 -0.3079 0.3554
vn -0.9501 0.1923 0.2457
vn -0.7533 0.6484 0.1095
vn -0.8946 -0.3152 0.3168
vn -0.9657 0.1806 0.1867
vn -0.7686 0.6374 0.0534
vn -0.9065 -0.3242 0.2705
vn -0.9788 0.1665 0.1192
vn -0.7807 0.6249 -0.0054
vn -0.9177 -0.3359 0.2123
vn -0.9882 0.1486 0.0362
vn -0.7893 0.6097 -0.0734
vn -0.9262 -0.3515 0.1363
vn -0.9895 0.1254 -0.0713
vn -0.7914 0.5905 -0.1577
vn -0.9275 -0.3723 0.0339
vn -0.9720 0.0954 -0.2148
vn -0.7797 0.5662 -0.2674
vn -0.9105 -0.3996 -0.1062
vn -0.9131 0.0593 -0.4035
vn -0.7374 0.5371 -0.4095
vn -0.8525 -0.4329 -0.2931
vn -0.7791 0.0241 -0.6264
vn -0.6393 0.5090 -0.5763
vn -0.7190 -0.4658 -0.5159
vn -0.5537 0.0048 -0.8327
vn -0.4731 0.4940 -0.7295
vn -0.4928 -0.4843 -0.7229
vn -0.2795 0.0115 -0.9601
vn -0.2713 0.4998 -0.8226
vn -0.2160 -0.4784 -0.8512
vn -0.1396 0.0218 -0.9900
vn -0.1688 0.5069 -0.8453
vn -0.0748 -0.4656 -0.8818
vn 0.0096 -0.8367 -0.5476
vn -0.0968 -0.8466 -0.5234
vn 0.0926 -0.9936 -0.0651
vn 0.0484 -0.9972 -0.0572
vn 0.1510 -0.8844 0.4416
vn 0.1817 -0.8847 0.4294
vn 0.1674 -0.5319 0.8301
vn 0.2663 -0.5303 0.8049
vn 0.1374 -0.0334 0.9900
vn 0.2772 -0.0254 0.9605
vn 0.0701 0.4734 0.8781
vn 0.2107 0.4884 0.8468
vn -0.0162 0.8510 0.5249
vn 0.0859 0.8639 0.4962
vn -0.0985 0.9948 0.0267
vn -0.0620 0.9980 0.0120
vn -0.1543 0.8657 -0.4762
vn -0.1924 0.8616 -0.4698
vn -0.2691 0.8586 -0.4364
vn -0.3322 0.8650 -0.3761
vn 0.0085 0.9997 -0.0243
vn 0.0669 0.9950 -0.0744
vn 0.2875 0.8702 0.4000
vn 0.4533 0.8556 0.2502
vn 0.4892 0.4962 0.7173
vn 0.7175 0.4767 0.5079
vn 0.5532 -0.0199 0.8328
vn 0.7804 -0.0375 0.6241
vn 0.4611 -0.5280 0.7132
vn 0.6241 -0.5394 0.5653
vn 0.2428 -0.8847 0.3980
vn 0.2976 -0.8879 0.3508
vn -0.0378 -0.9991 -0.0199
vn -0.1044 -0.9936 0.0436
vn -0.3056 -0.8506 -0.4279
vn -0.4742 -0.8372 -0.2724
vn -0.5711 -0.8140 -0.1063
vn -0.6110 -0.7910 0.0306
vn -0.1382 -0.9843 0.1094
vn -0.1488 -0.9759 0.1598
vn 0.3357 -0.8939 0.2971
vn 0.3563 -0.9012 0.2467
vn 0.7231 -0.5599 0.4046
vn 0.7682 -0.5820 0.2666
vn 0.9136 -0.0694 0.4006
vn 0.9716 -0.1021 0.2133
vn 0.8505 0.4415 0.2857
vn 0.9080 0.4066 0.1015
vn 0.5516 0.8289 0.0925
vn 0.5951 0.8028 -0.0376
vn 0.1038 0.9867 -0.1253
vn 0.1218 0.9785 -0.1662
vn -0.3676 0.8773 -0.3086
vn -0.3811 0.8901 -0.2499
vn -0.3834 0.9010 -0.2028
vn -0.3806 0.9101 -0.1638
vn 0.1289 0.9725 -0.1942
vn 0.1311 0.9687 -0.2110
vn 0.6088 0.7820 -0.1336
vn 0.6093 0.7668 -0.2017
vn 0.9250 0.3782 -0.0365
vn 0.9239 0.3568 -0.1379
vn 0.9891 -0.1294 0.0708
vn 0.9879 -0.1507 -0.0364
vn 0.7831 -0.6013 0.1588
vn 0.7833 -0.6171 0.0750
vn 0.3651 -0.9085 0.2033
vn 0.3671 -0.9153 0.1657
vn -0.1492 -0.9699 0.1926
vn -0.1465 -0.9663 0.2115
vn -0.6212 -0.7727 0.1304
vn -0.6191 -0.7593 0.2005
vn -0.6129 -0.7498 0.2492
vn -0.6061 -0.7435 0.2825
vn -0.1440 -0.9649 0.2198
vn -0.1432 -0.9651 0.2191
vn 0.3648 -0.9218 0.1312
vn 0.3593 -0.9282 0.0966
vn 0.7766 -0.6300 0.0070
vn 0.7659 -0.6408 -0.0522
vn 0.9787 -0.1671 -0.1194
vn 0.9658 -0.1798 -0.1871
vn 0.9155 0.3411 -0.2134
vn 0.9042 0.3298 -0.2713
vn 0.6047 0.7564 -0.2495
vn 0.5987 0.7496 -0.2821
vn 0.1318 0.9669 -0.2183
vn 0.1330 0.9670 -0.2171
vn -0.3750 0.9180 -0.1289
vn -0.3672 0.9254 -0.0942
vn -0.3564 0.9327 -0.0559
vn -0.3404 0.9403 -0.0073
vn 0.1361 0.9689 -0.2067
vn 0.1431 0.9725 -0.1836
vn 0.5933 0.7460 -0.3025
vn 0.5899 0.7451 -0.3112
vn 0.8920 0.3219 -0.3172
vn 0.8795 0.3169 -0.3551
vn 0.9504 -0.1898 -0.2463
vn 0.9323 -0.1975 -0.3029
vn 0.7518 -0.6504 -0.1086
vn 0.7331 -0.6589 -0.1687
vn 0.3500 -0.9349 0.0583
vn 0.3355 -0.9420 0.0109
vn -0.1454 -0.9670 0.2092
vn -0.1523 -0.9704 0.1873
vn -0.6007 -0.7396 0.3036
vn -0.5982 -0.7376 0.3132
vn -0.6047 -0.7327 0.3123
vn -0.6159 -0.7279 0.3013
vn -0.1804 -0.9744 0.1339
vn -0.2397 -0.9702 0.0357
vn 0.2955 -0.9519 -0.0812
vn 0.2058 -0.9482 -0.2419
vn 0.6914 -0.6682 -0.2748
vn 0.5963 -0.6621 -0.4539
vn 0.8971 -0.2012 -0.3934
vn 0.8200 -0.1917 -0.5393
vn 0.8572 0.3193 -0.4041
vn 0.8163 0.3281 -0.4754
vn 0.5863 0.7507 -0.3045
vn 0.5925 0.7542 -0.2831
vn 0.1613 0.9792 -0.1234
vn 0.2140 0.9767 -0.0172
vn -0.3038 0.9485 0.0896
vn -0.2181 0.9429 0.2516
vn -0.0908 0.9026 0.4208
vn 0.0471 0.8304 0.5551
vn 0.3002 0.9490 0.0965
vn 0.3994 0.8965 0.1917
vn 0.6145 0.7464 -0.2555
vn 0.6484 0.7276 -0.2242
vn 0.7670 0.3428 -0.5425
vn 0.7260 0.3636 -0.5837
vn 0.7118 -0.1574 -0.6845
vn 0.6073 -0.1016 -0.7880
vn 0.4600 -0.6172 -0.6383
vn 0.3211 -0.5416 -0.7769
vn 0.0803 -0.9065 -0.4145
vn -0.0542 -0.8330 -0.5506
vn -0.3205 -0.9441 -0.0769
vn -0.4138 -0.8938 -0.1729
vn -0.6313 -0.7236 0.2789
vn -0.6586 -0.7098 0.2496
vn -0.6990 -0.6812 0.2176
vn -0.7523 -0.6319 0.1866
vn -0.5133 -0.8210 -0.2502
vn -0.6163 -0.7240 -0.3100
vn -0.1859 -0.7355 -0.6515
vn -0.3105 -0.6169 -0.7232
vn 0.1930 -0.4469 -0.8735
vn 0.0809 -0.3397 -0.9371
vn 0.5181 -0.0365 -0.8545
vn 0.4490 0.0294 -0.8930
vn 0.7006 0.3813 -0.6032
vn 0.6934 0.3879 -0.6072
vn 0.6939 0.6940 -0.1921
vn 0.7510 0.6403 -0.1614
vn 0.5037 0.8216 0.2669
vn 0.6103 0.7228 0.3241
vn 0.1825 0.7342 0.6540
vn 0.3107 0.6166 0.7234
vn 0.4311 0.4735 0.7681
vn 0.5403 0.2943 0.7883
vn 0.7186 0.5922 0.3645
vn 0.8241 0.4160 0.3846
vn 0.8194 0.5571 -0.1352
vn 0.8947 0.4304 -0.1196
vn 0.7046 0.3751 -0.6023
vn 0.7314 0.3325 -0.5954
vn 0.4005 0.0912 -0.9117
vn 0.3721 0.1449 -0.9168
vn -0.0143 -0.2202 -0.9753
vn -0.0909 -0.0850 -0.9922
vn -0.4267 -0.4732 -0.7707
vn -0.5312 -0.2941 -0.7946
vn -0.7217 -0.5955 -0.3529
vn -0.8250 -0.4220 -0.3759
vn -0.8175 -0.5531 0.1606
vn -0.8901 -0.4318 0.1459
vn -0.9553 -0.2529 0.1529
vn -0.9807 -0.0135 0.1948
vn -0.9101 -0.1877 -0.3695
vn -0.9410 0.1079 -0.3207
vn -0.6103 -0.0684 -0.7892
vn -0.6353 0.1999 -0.7459
vn -0.1417 0.0692 -0.9875
vn -0.1542 0.2347 -0.9597
vn 0.3619 0.1847 -0.9138
vn 0.3632 0.2035 -0.9092
vn 0.7634 0.2479 -0.5964
vn 0.7777 0.1178 -0.6175
vn 0.9613 0.2453 -0.1259
vn 0.9858 0.0024 -0.1680
vn 0.9097 0.1796 0.3745
vn 0.9399 -0.1127 0.3222
vn 0.6245 0.0683 0.7781
vn 0.6540 -0.1988 0.7299
vn 0.6020 -0.4664 0.6481
vn 0.4786 -0.6803 0.5552
vn 0.8800 -0.4160 0.2292
vn 0.7381 -0.6639 0.1200
vn 0.9333 -0.2594 -0.2484
vn 0.8070 -0.4771 -0.3479
vn 0.7467 -0.0352 -0.6643
vn 0.6648 -0.1667 -0.7282
vn 0.3629 0.2009 -0.9099
vn 0.3461 0.1882 -0.9191
vn -0.1227 0.3866 -0.9141
vn -0.0660 0.4962 -0.8657
vn -0.5804 0.4683 -0.6662
vn -0.4619 0.6752 -0.5751
vn -0.8789 0.4184 -0.2291
vn -0.7333 0.6691 -0.1207
vn -0.9291 0.2497 0.2729
vn -0.8011 0.4715 0.3688
vn -0.7089 0.5489 0.4430
vn -0.7377 0.5310 0.4170
vn -0.5842 0.8115 0.0107
vn -0.4891 0.8644 0.1163
vn -0.3003 0.8481 -0.4366
vn -0.1049 0.9698 -0.2203
vn 0.0677 0.6405 -0.7649
vn 0.3159 0.8032 -0.5050
vn 0.4178 0.2567 -0.8715
vn 0.6503 0.3984 -0.6468
vn 0.6529 -0.1904 -0.7331
vn 0.7938 -0.1168 -0.5969
vn 0.7072 -0.5829 -0.4001
vn 0.7149 -0.5863 -0.3811
vn 0.5696 -0.8213 0.0317
vn 0.4482 -0.8913 -0.0687
vn 0.2826 -0.8472 0.4499
vn 0.0687 -0.9639 0.2573
vn -0.0558 -0.9976 0.0419
vn -0.1040 -0.9891 -0.1044
vn 0.4010 -0.9003 -0.1692
vn 0.3832 -0.8926 -0.2374
vn 0.7569 -0.5615 -0.3343
vn 0.7712 -0.5577 -0.3071
vn 0.9120 -0.0667 -0.4048
vn 0.9535 -0.0706 -0.2931
vn 0.8178 0.4481 -0.3611
vn 0.8770 0.4374 -0.1987
vn 0.4970 0.8394 -0.2203
vn 0.5605 0.8266 -0.0503
vn 0.0373 0.9991 -0.0213
vn 0.0906 0.9896 0.1113
vn -0.4305 0.8833 0.1857
vn -0.4026 0.8826 0.2426
vn -0.7752 0.5287 0.3457
vn -0.7845 0.5378 0.3088
vn -0.7859 0.5436 0.2949
vn -0.7851 0.5455 0.2934
vn -0.3875 0.8755 0.2885
vn -0.3782 0.8651 0.3295
vn 0.1169 0.9719 0.2045
vn 0.1318 0.9518 0.2768
vn 0.5907 0.8043 0.0648
vn 0.6068 0.7807 0.1491
vn 0.9037 0.4180 -0.0927
vn 0.9172 0.3980 -0.0191
vn 0.9710 -0.0812 -0.2248
vn 0.9790 -0.0918 -0.1819
vn 0.7761 -0.5569 -0.2958
vn 0.7773 -0.5556 -0.2953
vn 0.3742 -0.8818 -0.2870
vn 0.3683 -0.8695 -0.3293
vn -0.1256 -0.9713 -0.2018
vn -0.1376 -0.9514 -0.2755
vn -0.1453 -0.9294 -0.3392
vn -0.1509 -0.9038 -0.4004
vn 0.3636 -0.8548 -0.3703
vn 0.3595 -0.8361 -0.4143
vn 0.7767 -0.5523 -0.3029
vn 0.7752 -0.5458 -0.3179
vn 0.9829 -0.1011 -0.1541
vn 0.9847 -0.1088 -0.1363
vn 0.9249 0.3784 0.0365
vn 0.9298 0.3586 0.0825
vn 0.6168 0.7565 0.2176
vn 0.6237 0.7301 0.2793
vn 0.1414 0.9298 0.3398
vn 0.1484 0.9041 0.4007
vn -0.3717 0.8514 0.3700
vn -0.3668 0.8333 0.4135
vn -0.7836 0.5437 0.3004
vn -0.7821 0.5378 0.3148
vn -0.7806 0.5265 0.3368
vn -0.7795 0.5069 0.3679
vn -0.3629 0.8083 0.4635
vn -0.3599 0.7719 0.5241
vn 0.1538 0.8718 0.4650
vn 0.1582 0.8278 0.5383
vn 0.6290 0.6989 0.3405
vn 0.6334 0.6586 0.4062
vn 0.9333 0.3370 0.1238
vn 0.9361 0.3111 0.1642
vn 0.9854 -0.1149 -0.1257
vn 0.9854 -0.1192 -0.1215
vn 0.7732 -0.5347 -0.3409
vn 0.7708 -0.5159 -0.3737
vn 0.3557 -0.8108 -0.4647
vn 0.3521 -0.7742 -0.5259
vn -0.1553 -0.8715 -0.4651
vn -0.1588 -0.8273 -0.5388
vn -0.1613 -0.7617 -0.6275
vn -0.1620 -0.6572 -0.7361
vn 0.3488 -0.7175 -0.6030
vn 0.3463 -0.6240 -0.7005
vn 0.7681 -0.4839 -0.4194
vn 0.7651 -0.4275 -0.4815
vn 0.9850 -0.1207 -0.1237
vn 0.9840 -0.1172 -0.1339
vn 0.9384 0.2770 0.2064
vn 0.9407 0.2272 0.2518
vn 0.6373 0.6015 0.4817
vn 0.6410 0.5126 0.5712
vn 0.1618 0.7627 0.6262
vn 0.1639 0.6586 0.7345
vn -0.3580 0.7156 0.5998
vn -0.3583 0.6230 0.6954
vn -0.7792 0.4737 0.4104
vn -0.7804 0.4166 0.4663
vn -0.7799 0.3108 0.5432
vn -0.7701 0.1720 0.6143
vn -0.3541 0.4727 0.8070
vn -0.3427 0.3007 0.8900
vn 0.1711 0.5034 0.8469
vn 0.1783 0.3473 0.9207
vn 0.6468 0.3954 0.6522
vn 0.6486 0.2993 0.6998
vn 0.9424 0.1807 0.2813
vn 0.9414 0.1700 0.2912
vn 0.9836 -0.0807 -0.1616
vn 0.9813 -0.0051 -0.1924
vn 0.7652 -0.3197 -0.5587
vn 0.7619 -0.1786 -0.6225
vn 0.3481 -0.4747 -0.8084
vn 0.3437 -0.3050 -0.8882
vn -0.1590 -0.5062 -0.8476
vn -0.1640 -0.3513 -0.9218
vn -0.1779 -0.2315 -0.9564
vn -0.1910 -0.1374 -0.9719
vn 0.3307 -0.1716 -0.9280
vn 0.3191 -0.0788 -0.9444
vn 0.7525 -0.0662 -0.6552
vn 0.7454 0.0010 -0.6667
vn 0.9764 0.0572 -0.2084
vn 0.9742 0.0808 -0.2106
vn 0.9407 0.1656 0.2961
vn 0.9426 0.1391 0.3035
vn 0.6515 0.2293 0.7231
vn 0.6565 0.1597 0.7372
vn 0.1846 0.2302 0.9555
vn 0.1918 0.1367 0.9719
vn -0.3332 0.1683 0.9277
vn -0.3249 0.0767 0.9426
vn -0.7599 0.0610 0.6472
vn -0.7529 -0.0038 0.6581
vn -0.7506 -0.0324 0.6600
vn -0.7517 -0.0274 0.6589
vn -0.3208 0.0146 0.9470
vn -0.3212 -0.0241 0.9467
vn 0.1967 0.0580 0.9787
vn 0.1974 -0.0137 0.9802
vn 0.6614 0.0859 0.7451
vn 0.6638 0.0008 0.7479
vn 0.9466 0.0904 0.3095
vn 0.9499 0.0151 0.3122
vn 0.9754 0.0702 -0.2088
vn 0.9778 0.0250 -0.2079
vn 0.7421 0.0311 -0.6695
vn 0.7415 0.0279 -0.6704
vn 0.3114 -0.0160 -0.9502
vn 0.3070 0.0237 -0.9514
vn -0.2012 -0.0585 -0.9778
vn -0.2078 0.0136 -0.9781
vn -0.2095 0.0863 -0.9740
vn -0.2019 0.1666 -0.9651
vn 0.3042 0.0430 -0.9516
vn 0.2990 0.0415 -0.9533
vn 0.7390 -0.0110 -0.6736
vn 0.7236 -0.0933 -0.6839
vn 0.9754 -0.0616 -0.2118
vn 0.9531 -0.2018 -0.2258
vn 0.9462 -0.0960 0.3089
vn 0.9203 -0.2561 0.2956
vn 0.6583 -0.1047 0.7454
vn 0.6334 -0.2412 0.7353
vn 0.1915 -0.0846 0.9778
vn 0.1739 -0.1592 0.9718
vn -0.3251 -0.0406 0.9448
vn -0.3288 -0.0320 0.9438
vn -0.7519 0.0150 0.6591
vn -0.7395 0.1045 0.6650
vn -0.6874 0.2477 0.6827
vn -0.5582 0.4196 0.7158
vn -0.3209 0.0065 0.9471
vn -0.2807 0.0667 0.9575
vn 0.1365 -0.2371 0.9618
vn 0.0750 -0.3076 0.9486
vn 0.5636 -0.4147 0.7144
vn 0.4168 -0.6019 0.6812
vn 0.8381 -0.4758 0.2667
vn 0.6477 -0.7296 0.2194
vn 0.8771 -0.4059 -0.2566
vn 0.6943 -0.6506 -0.3076
vn 0.6706 -0.2253 -0.7068
vn 0.5429 -0.3892 -0.7442
vn 0.2829 0.0178 -0.9590
vn 0.2442 -0.0233 -0.9694
vn -0.1746 0.2571 -0.9505
vn -0.1141 0.3453 -0.9315
vn -0.0269 0.4023 -0.9151
vn 0.1809 -0.0656 -0.9813
vn 0.3402 -0.5231 -0.7814
vn 0.4045 -0.8405 -0.3604
vn 0.3549 -0.9202 0.1652
vn 0.2067 -0.7387 0.6415
vn 0.0025 -0.3556 0.9346
vn -0.2016 0.1170 0.9725
vn -0.3521 0.5529 0.7552
vt 0.253796 0.689211
vt 0.255004 0.683572
vt 0.265141 0.688244
vt 0.261410 0.692806
vt 0.251990 0.693338
vt 0.257081 0.695858
vt 0.207360 0.337450
vt 0.212919 0.337355
vt 0.212028 0.343185
vt 0.206738 0.341203
vt 0.201841 0.337450
vt 0.201318 0.340444
vt 0.197841 0.337355
vt 0.197219 0.341110
vt 0.665320 0.645697
vt 0.667464 0.651239
vt 0.664635 0.653860
vt 0.660828 0.649618
vt 0.662548 0.640575
vt 0.655786 0.646273
vt 0.866286 0.684945
vt 0.870813 0.685997
vt 0.869164 0.694385
vt 0.864039 0.696078
vt 0.860736 0.682933
vt 0.858051 0.696076
vt 0.855650 0.680502
vt 0.852804 0.694379
vt 0.852390 0.678301
vt 0.849705 0.691442
vt 0.255290 0.677932
vt 0.267275 0.683392
vt 0.842440 0.879187
vt 0.837137 0.877699
vt 0.840607 0.867011
vt 0.845814 0.868811
vt 0.847652 0.878475
vt 0.850722 0.869086
vt 0.845489 0.854118
vt 0.850653 0.856035
vt 0.855342 0.856902
vt 0.851094 0.839418
vt 0.856269 0.841307
vt 0.860840 0.842487
vt 0.856888 0.823269
vt 0.862110 0.825025
vt 0.866633 0.826344
vt 0.862310 0.806167
vt 0.867607 0.807683
vt 0.872124 0.809019
vt 0.866768 0.788676
vt 0.872156 0.789826
vt 0.876696 0.791066
vt 0.869647 0.771394
vt 0.875120 0.772003
vt 0.879696 0.773019
vt 0.870303 0.754934
vt 0.875797 0.754765
vt 0.880383 0.755398
vt 0.868051 0.739950
vt 0.873367 0.738730
vt 0.877859 0.738800
vt 0.862187 0.727198
vt 0.866935 0.724789
vt 0.048825 0.967815
vt 0.046148 0.970517
vt 0.031707 0.961482
vt 0.033686 0.958341
vt 0.851795 0.717160
vt 0.855870 0.714052
vt 0.017906 0.950515
vt 0.019555 0.947101
vt 0.774852 0.385123
vt 0.769273 0.385167
vt 0.765732 0.367817
vt 0.771295 0.367659
vt 0.779904 0.382933
vt 0.776424 0.366015
vt 0.764779 0.348587
vt 0.770359 0.348801
vt 0.775553 0.348539
vt 0.766294 0.329694
vt 0.771846 0.330280
vt 0.776927 0.331486
vt 0.769529 0.313247
vt 0.775032 0.314086
vt 0.779904 0.316395
vt 0.773695 0.300150
vt 0.779157 0.301123
vt 0.440191 0.528774
vt 0.435259 0.531101
vt 0.431476 0.518765
vt 0.436613 0.517084
vt 0.426245 0.518775
vt 0.423881 0.503416
vt 0.429127 0.503502
vt 0.434371 0.502508
vt 0.422954 0.486297
vt 0.428203 0.486446
vt 0.433488 0.486221
vt 0.423576 0.468503
vt 0.428825 0.468678
vt 0.434076 0.469364
vt 0.425939 0.451630
vt 0.431189 0.451793
vt 0.436301 0.453457
vt 0.702400 0.000817
vt 0.707915 0.000679
vt 0.706832 0.015016
vt 0.701315 0.015186
vt 0.435306 0.438263
vt 0.440191 0.440681
vt 0.706757 0.036262
vt 0.701240 0.036487
vt 0.696827 0.016806
vt 0.696756 0.037250
vt 0.707875 0.064237
vt 0.702360 0.064517
vt 0.697851 0.064593
vt 0.102527 0.903786
vt 0.107656 0.903360
vt 0.107454 0.930560
vt 0.102313 0.929746
vt 0.097104 0.904677
vt 0.096876 0.929174
vt 0.092841 0.905793
vt 0.092599 0.928994
vt 0.042603 0.912698
vt 0.047847 0.912204
vt 0.047184 0.935407
vt 0.041959 0.935123
vt 0.037164 0.912458
vt 0.036522 0.934828
vt 0.032988 0.911548
vt 0.032329 0.934600
vt 0.121628 0.902415
vt 0.126817 0.902720
vt 0.125490 0.924869
vt 0.120204 0.925753
vt 0.116200 0.900986
vt 0.114661 0.925727
vt 0.111985 0.898816
vt 0.110345 0.924798
vt 0.711830 0.036637
vt 0.712919 0.063828
vt 0.711900 0.016341
vt 0.119735 0.879917
vt 0.123303 0.883568
vt 0.712919 0.002854
vt 0.132596 0.867917
vt 0.134777 0.872847
vt 0.137889 0.877416
vt 0.127997 0.886676
vt 0.141097 0.880401
vt 0.132561 0.888410
vt 0.225211 0.421371
vt 0.219915 0.422837
vt 0.218486 0.414190
vt 0.223647 0.411875
vt 0.032329 0.896513
vt 0.036547 0.898260
vt 0.214286 0.422895
vt 0.212853 0.414213
vt 0.041983 0.898447
vt 0.040605 0.890615
vt 0.045659 0.888385
vt 0.047180 0.897023
vt 0.080270 0.880823
vt 0.082733 0.876620
vt 0.091891 0.887460
vt 0.088158 0.890181
vt 0.086104 0.872216
vt 0.096711 0.884748
vt 0.089478 0.868791
vt 0.101327 0.882771
vt 0.070850 0.871155
vt 0.072300 0.865828
vt 0.074018 0.861605
vt 0.057326 0.870325
vt 0.057001 0.864853
vt 0.057168 0.860504
vt 0.058056 0.875454
vt 0.070055 0.876160
vt 0.214988 0.444780
vt 0.210613 0.445400
vt 0.210604 0.432839
vt 0.214981 0.433128
vt 0.209834 0.421529
vt 0.220615 0.444737
vt 0.220608 0.433057
vt 0.225988 0.445281
vt 0.225978 0.432646
vt 0.229665 0.446267
vt 0.229651 0.432004
vt 0.150245 0.873509
vt 0.151722 0.877075
vt 0.164790 0.869000
vt 0.164089 0.874188
vt 0.149139 0.868267
vt 0.165904 0.863531
vt 0.148701 0.862752
vt 0.167133 0.859249
vt 0.149049 0.858443
vt 0.131930 0.863948
vt 0.184573 0.864947
vt 0.182673 0.869016
vt 0.180330 0.874093
vt 0.200284 0.874480
vt 0.197853 0.878227
vt 0.194493 0.882686
vt 0.191104 0.886664
vt 0.178173 0.878819
vt 0.188593 0.889093
vt 0.176779 0.881926
vt 0.228796 0.460419
vt 0.225198 0.458133
vt 0.223613 0.469682
vt 0.218386 0.467665
vt 0.219874 0.456801
vt 0.212776 0.467547
vt 0.214251 0.456780
vt 0.035743 0.887452
vt 0.033587 0.884469
vt 0.045396 0.878402
vt 0.047009 0.881665
vt 0.209834 0.458076
vt 0.030584 0.880148
vt 0.043434 0.873545
vt 0.027539 0.875648
vt 0.041649 0.868395
vt 0.025267 0.872175
vt 0.040520 0.864333
vt 0.020178 0.889339
vt 0.015966 0.885895
vt 0.012617 0.883398
vt 0.013464 0.900244
vt 0.008283 0.898451
vt 0.004025 0.897501
vt 0.018179 0.902400
vt 0.024123 0.892806
vt 0.790738 0.828997
vt 0.785908 0.828369
vt 0.785025 0.818142
vt 0.789907 0.819431
vt 0.026746 0.895368
vt 0.796388 0.828806
vt 0.795537 0.818988
vt 0.788500 0.810906
vt 0.794110 0.810331
vt 0.801344 0.827847
vt 0.800407 0.816930
vt 0.221301 0.478469
vt 0.216246 0.475829
vt 0.208026 0.908681
vt 0.203675 0.908538
vt 0.197962 0.898297
vt 0.201497 0.896900
vt 0.213395 0.907463
vt 0.205996 0.894039
vt 0.218343 0.905211
vt 0.210253 0.890481
vt 0.761760 0.329886
vt 0.764868 0.314102
vt 0.213127 0.887181
vt 0.760308 0.347955
vt 0.220096 0.921403
vt 0.214989 0.922045
vt 0.761226 0.366447
vt 0.213786 0.937182
vt 0.209220 0.936416
vt 0.204345 0.933773
vt 0.209418 0.921213
vt 0.200465 0.929961
vt 0.204875 0.919127
vt 0.800383 0.852611
vt 0.795533 0.850691
vt 0.796475 0.839202
vt 0.801435 0.839720
vt 0.789912 0.850131
vt 0.790824 0.839019
vt 0.785025 0.851080
vt 0.785996 0.839219
vt 0.019692 0.923906
vt 0.015138 0.925046
vt 0.011421 0.912199
vt 0.016406 0.912647
vt 0.010166 0.927469
vt 0.005896 0.912582
vt 0.006110 0.930526
vt 0.001313 0.913693
vt 0.026841 0.939288
vt 0.022825 0.942991
vt 0.039820 0.949575
vt 0.036656 0.953983
vt 0.042331 0.946298
vt 0.030526 0.936983
vt 0.415716 0.040625
vt 0.411813 0.044411
vt 0.404323 0.034191
vt 0.409004 0.031390
vt 0.399723 0.021178
vt 0.404648 0.019026
vt 0.418236 0.036126
vt 0.412099 0.027618
vt 0.792911 0.863548
vt 0.787275 0.863104
vt 0.178855 0.946327
vt 0.177104 0.942144
vt 0.187492 0.935924
vt 0.188890 0.940338
vt 0.797691 0.866029
vt 0.181548 0.951232
vt 0.191904 0.945032
vt 0.184460 0.955543
vt 0.195727 0.948749
vt 0.858136 0.730772
vt 0.855865 0.734553
vt 0.847289 0.726402
vt 0.848654 0.721680
vt 0.833162 0.718592
vt 0.833552 0.713296
vt 0.836076 0.708411
vt 0.863334 0.742134
vt 0.174377 0.964911
vt 0.173372 0.961612
vt 0.186812 0.958105
vt 0.865375 0.755861
vt 0.161395 0.971253
vt 0.161466 0.967428
vt 0.160014 0.962357
vt 0.171258 0.956865
vt 0.157428 0.957398
vt 0.168599 0.951942
vt 0.154400 0.953882
vt 0.166109 0.948162
vt 0.438794 0.044204
vt 0.438312 0.049616
vt 0.425762 0.046616
vt 0.427222 0.041459
vt 0.436819 0.054477
vt 0.423098 0.051171
vt 0.068641 0.960930
vt 0.068426 0.965512
vt 0.054173 0.958554
vt 0.055410 0.954477
vt 0.066646 0.970705
vt 0.051762 0.963436
vt 0.063777 0.975117
vt 0.082279 0.970578
vt 0.080979 0.975949
vt 0.078205 0.980397
vt 0.095603 0.973918
vt 0.094680 0.979385
vt 0.092024 0.983862
vt 0.256525 0.764350
vt 0.261338 0.767361
vt 0.256613 0.779904
vt 0.251990 0.776399
vt 0.081757 0.965723
vt 0.468412 0.048617
vt 0.468540 0.053465
vt 0.452195 0.055024
vt 0.452763 0.050116
vt 0.467620 0.043213
vt 0.452499 0.044667
vt 0.466376 0.038700
vt 0.451474 0.040135
vt 0.438136 0.039690
vt 0.135808 0.971906
vt 0.133443 0.966860
vt 0.145551 0.962480
vt 0.148039 0.967481
vt 0.136366 0.977334
vt 0.148988 0.972767
vt 0.657290 0.722285
vt 0.660958 0.717770
vt 0.667464 0.727140
vt 0.664080 0.732057
vt 0.148146 0.976923
vt 0.861977 0.787924
vt 0.864744 0.771354
vt 0.857653 0.804876
vt 0.651204 0.710360
vt 0.655074 0.706240
vt 0.852365 0.821548
vt 0.646230 0.697119
vt 0.650249 0.693399
vt 0.655911 0.691220
vt 0.660604 0.703708
vt 0.124006 0.980861
vt 0.123783 0.975338
vt 0.112362 0.977532
vt 0.110345 0.972408
vt 0.121571 0.970250
vt 0.497574 0.032021
vt 0.498897 0.036521
vt 0.483355 0.040317
vt 0.482016 0.035821
vt 0.500294 0.041804
vt 0.484511 0.045657
vt 0.501390 0.046454
vt 0.485175 0.050411
vt 0.261347 0.736751
vt 0.266318 0.738868
vt 0.264597 0.753366
vt 0.259677 0.750810
vt 0.272200 0.739246
vt 0.270434 0.754132
vt 0.267092 0.768482
vt 0.277417 0.737785
vt 0.275624 0.752903
vt 0.107656 0.981148
vt 0.105147 0.985646
vt 0.266413 0.724827
vt 0.272295 0.724736
vt 0.277512 0.722930
vt 0.264813 0.712252
vt 0.270604 0.711524
vt 0.275744 0.709179
vt 0.259923 0.711169
vt 0.261442 0.723179
vt 0.527613 0.033796
vt 0.529461 0.038230
vt 0.516432 0.042189
vt 0.514956 0.037645
vt 0.526051 0.028560
vt 0.513422 0.032400
vt 0.525194 0.023924
vt 0.512242 0.027860
vt 0.651312 0.666003
vt 0.657229 0.666813
vt 0.658545 0.678630
vt 0.652678 0.678356
vt 0.661698 0.691167
vt 0.645483 0.667103
vt 0.646908 0.680089
vt 0.641303 0.669817
vt 0.642781 0.683364
vt 0.841232 0.851665
vt 0.846703 0.837324
vt 0.836495 0.864166
vt 0.860114 0.706668
vt 0.865916 0.705488
vt 0.870813 0.713559
vt 0.865332 0.715311
vt 0.833162 0.874409
vt 0.650861 0.644720
vt 0.652209 0.655033
vt 0.646497 0.655121
vt 0.658017 0.656780
vt 0.542463 0.019026
vt 0.541606 0.024095
vt 0.535780 0.025624
vt 0.535551 0.020805
vt 0.542701 0.029446
vt 0.537218 0.030896
vt 0.545455 0.033646
vt 0.539482 0.035209
vt 0.208873 0.349751
vt 0.204094 0.346584
vt 0.203237 0.356459
vt 0.198893 0.352747
vt 0.267006 0.700554
vt 0.261562 0.702236
vt 0.271826 0.697327
vt 0.423660 0.035885
vt 0.423660 0.031585
vt 0.435234 0.031352
vt 0.433601 0.035683
vt 0.878969 0.094553
vt 0.877734 0.099705
vt 0.868437 0.094994
vt 0.872208 0.091075
vt 0.879549 0.089127
vt 0.875650 0.087039
vt 0.879318 0.084880
vt 0.877840 0.083968
vt 0.145798 0.007177
vt 0.144435 0.001841
vt 0.145933 0.001322
vt 0.145933 0.007132
vt 0.691106 0.071690
vt 0.685643 0.071895
vt 0.685584 0.071654
vt 0.691020 0.071410
vt 0.105263 0.014170
vt 0.103727 0.019139
vt 0.103480 0.019018
vt 0.103480 0.013305
vt 0.947089 0.349634
vt 0.946226 0.344698
vt 0.948041 0.343755
vt 0.951462 0.347625
vt 0.947498 0.355016
vt 0.954757 0.351803
vt 0.947343 0.359401
vt 0.957044 0.355171
vt 0.423709 0.026179
vt 0.423794 0.021116
vt 0.434073 0.020908
vt 0.435407 0.025944
vt 0.281608 0.789103
vt 0.276751 0.786637
vt 0.279284 0.778442
vt 0.284410 0.780079
vt 0.286794 0.789474
vt 0.289579 0.780504
vt 0.281152 0.768368
vt 0.286398 0.769383
vt 0.291564 0.769823
vt 0.282524 0.757035
vt 0.287826 0.757600
vt 0.292994 0.758023
vt 0.283411 0.744889
vt 0.288741 0.745073
vt 0.293913 0.745455
vt 0.283746 0.732491
vt 0.289086 0.732295
vt 0.294258 0.732609
vt 0.283424 0.720458
vt 0.288751 0.719822
vt 0.293920 0.720034
vt 0.282309 0.709417
vt 0.287574 0.708216
vt 0.292727 0.708273
vt 0.280190 0.700024
vt 0.285273 0.698073
vt 0.290372 0.697907
vt 0.276751 0.693188
vt 0.281390 0.690411
vt 0.473454 0.138069
vt 0.479047 0.138837
vt 0.478990 0.149767
vt 0.473395 0.149384
vt 0.483253 0.150985
vt 0.483254 0.162278
vt 0.478991 0.162795
vt 0.473397 0.162971
vt 0.934511 0.256969
vt 0.936214 0.260781
vt 0.925802 0.263847
vt 0.922721 0.260404
vt 0.479119 0.175931
vt 0.473531 0.176641
vt 0.915519 0.271963
vt 0.911487 0.269247
vt 0.479581 0.187885
vt 0.474010 0.188995
vt 0.907917 0.282886
vt 0.903293 0.280998
vt 0.923928 0.614148
vt 0.928257 0.615854
vt 0.931015 0.627906
vt 0.926773 0.626564
vt 0.902769 0.295767
vt 0.897824 0.294660
vt 0.932532 0.641955
vt 0.928329 0.640968
vt 0.899915 0.309844
vt 0.894822 0.309445
vt 0.933014 0.657195
vt 0.928824 0.656545
vt 0.899249 0.324421
vt 0.894124 0.324695
vt 0.932626 0.672949
vt 0.928427 0.672634
vt 0.900710 0.338816
vt 0.895657 0.339781
vt 0.931489 0.688577
vt 0.927265 0.688623
vt 0.904277 0.352348
vt 0.899432 0.354080
vt 0.929700 0.703444
vt 0.925424 0.703909
vt 0.909970 0.364318
vt 0.905564 0.366943
vt 0.927325 0.716889
vt 0.922959 0.717859
vt 0.917852 0.373977
vt 0.914279 0.377588
vt 0.902411 0.368578
vt 0.911586 0.379767
vt 0.927949 0.380447
vt 0.925725 0.384896
vt 0.719308 0.901914
vt 0.714443 0.899923
vt 0.714452 0.888878
vt 0.719317 0.890136
vt 0.940087 0.382787
vt 0.939515 0.387560
vt 0.714467 0.874830
vt 0.719333 0.875133
vt 0.953963 0.380250
vt 0.954896 0.384769
vt 0.714443 0.858479
vt 0.719307 0.857868
vt 0.724896 0.875121
vt 0.724870 0.857871
vt 0.729665 0.874799
vt 0.729641 0.858488
vt 0.883763 0.127867
vt 0.882774 0.132775
vt 0.867491 0.128996
vt 0.869993 0.124442
vt 0.883993 0.122314
vt 0.871963 0.119296
vt 0.883403 0.117603
vt 0.872873 0.114936
vt 0.805447 0.495605
vt 0.800852 0.495342
vt 0.800615 0.484706
vt 0.805228 0.485837
vt 0.810914 0.495579
vt 0.810695 0.485797
vt 0.815790 0.495271
vt 0.815552 0.484597
vt 0.940081 0.377354
vt 0.939499 0.372717
vt 0.950110 0.370731
vt 0.952212 0.375111
vt 0.929868 0.375391
vt 0.930966 0.371084
vt 0.921348 0.369903
vt 0.923831 0.366457
vt 0.815549 0.511962
vt 0.810703 0.510348
vt 0.810909 0.503461
vt 0.815782 0.504183
vt 0.805236 0.510305
vt 0.805442 0.503458
vt 0.800615 0.511846
vt 0.800845 0.504176
vt 0.899215 0.112215
vt 0.902867 0.115918
vt 0.894223 0.120940
vt 0.891960 0.116460
vt 0.906210 0.120294
vt 0.895940 0.126224
vt 0.908348 0.124169
vt 0.896652 0.130897
vt 0.729641 0.899719
vt 0.724871 0.901839
vt 0.724880 0.890096
vt 0.729650 0.888770
vt 0.912384 0.715461
vt 0.917490 0.717336
vt 0.914437 0.729099
vt 0.909503 0.726573
vt 0.919894 0.729665
vt 0.914731 0.702175
vt 0.919945 0.703444
vt 0.920522 0.099323
vt 0.924084 0.101256
vt 0.917452 0.113909
vt 0.914399 0.111032
vt 0.915574 0.097134
vt 0.910021 0.107786
vt 0.910565 0.095278
vt 0.905491 0.105042
vt 0.906838 0.094250
vt 0.902023 0.103534
vt 0.896233 0.110177
vt 0.345338 0.333744
vt 0.350513 0.333597
vt 0.352142 0.342636
vt 0.346978 0.342836
vt 0.354067 0.349127
vt 0.348914 0.349367
vt 0.340190 0.334904
vt 0.341934 0.344558
vt 0.344052 0.351675
vt 0.909277 0.350498
vt 0.913092 0.349028
vt 0.917798 0.358986
vt 0.914448 0.361406
vt 0.905961 0.337894
vt 0.910004 0.337261
vt 0.904588 0.324346
vt 0.908712 0.324491
vt 0.338415 0.310740
vt 0.343640 0.310588
vt 0.344178 0.322723
vt 0.338976 0.323370
vt 0.348826 0.310596
vt 0.349361 0.322645
vt 0.912049 0.070555
vt 0.915956 0.070821
vt 0.914123 0.083598
vt 0.910268 0.082977
vt 0.921311 0.071199
vt 0.919374 0.084680
vt 0.926679 0.071589
vt 0.924616 0.085933
vt 0.930622 0.071884
vt 0.928443 0.087022
vt 0.917615 0.672127
vt 0.922933 0.672333
vt 0.921777 0.688232
vt 0.916496 0.687508
vt 0.917996 0.656685
vt 0.923326 0.656358
vt 0.917527 0.641849
vt 0.922837 0.640930
vt 0.924570 0.042918
vt 0.928374 0.041520
vt 0.930622 0.056497
vt 0.926680 0.057008
vt 0.919348 0.044333
vt 0.921313 0.057485
vt 0.914109 0.045385
vt 0.915959 0.057799
vt 0.910255 0.045792
vt 0.912053 0.057867
vt 0.344772 0.286362
vt 0.349944 0.286625
vt 0.349003 0.298305
vt 0.343819 0.298186
vt 0.339605 0.285421
vt 0.338603 0.297824
vt 0.907881 0.297434
vt 0.911790 0.299214
vt 0.909302 0.311538
vt 0.905215 0.310610
vt 0.912616 0.285560
vt 0.916129 0.288302
vt 0.919445 0.275716
vt 0.922213 0.279500
vt 0.344180 0.265184
vt 0.348996 0.267551
vt 0.346511 0.275924
vt 0.341461 0.274309
vt 0.354067 0.268222
vt 0.351650 0.276373
vt 0.720432 0.820235
vt 0.725961 0.820423
vt 0.727273 0.827751
vt 0.721685 0.827236
vt 0.906748 0.035177
vt 0.910477 0.034405
vt 0.905228 0.025562
vt 0.909635 0.022794
vt 0.915433 0.032528
vt 0.913774 0.019153
vt 0.920289 0.030051
vt 0.916538 0.015616
vt 0.923744 0.027637
vt 0.913452 0.616857
vt 0.918509 0.614515
vt 0.921302 0.626712
vt 0.916069 0.628312
vt 0.909503 0.608467
vt 0.914213 0.605425
vt 0.468096 0.175810
vt 0.468561 0.187844
vt 0.464162 0.162213
vt 0.467969 0.162758
vt 0.464269 0.173661
vt 0.896884 0.007824
vt 0.896570 0.002537
vt 0.906591 0.006424
vt 0.905022 0.011034
vt 0.895822 0.013225
vt 0.902097 0.015766
vt 0.893668 0.017292
vt 0.898598 0.019350
vt 0.718162 0.806951
vt 0.723532 0.806130
vt 0.724465 0.812013
vt 0.719013 0.812280
vt 0.712601 0.807602
vt 0.713547 0.813573
vt 0.715027 0.821891
vt 0.708339 0.807908
vt 0.709530 0.815546
vt 0.347774 0.258549
vt 0.352168 0.261652
vt 0.936960 0.266016
vt 0.936548 0.271274
vt 0.929977 0.273313
vt 0.928458 0.268572
vt 0.945817 0.262960
vt 0.944480 0.267741
vt 0.941938 0.272533
vt 0.953584 0.269310
vt 0.950844 0.273007
vt 0.946860 0.276685
vt 0.942701 0.279359
vt 0.938872 0.276052
vt 0.707691 0.801854
vt 0.712146 0.803357
vt 0.711967 0.799224
vt 0.717632 0.799800
vt 0.717786 0.803441
vt 0.689605 0.008227
vt 0.684237 0.007904
vt 0.685560 0.004171
vt 0.690814 0.004778
vt 0.723099 0.802084
vt 0.679113 0.005914
vt 0.680805 0.001274
vt 0.726662 0.799651
vt 0.727273 0.805358
vt 0.886017 0.017708
vt 0.883587 0.013602
vt 0.889761 0.008943
vt 0.890768 0.014043
vt 0.879695 0.009643
vt 0.887330 0.003963
vt 0.875383 0.006894
vt 0.884127 0.000439
vt 0.464162 0.151283
vt 0.467967 0.149939
vt 0.468024 0.139186
vt 0.873766 0.018155
vt 0.868879 0.016193
vt 0.468079 0.130808
vt 0.473510 0.129375
vt 0.869304 0.028546
vt 0.864130 0.027228
vt 0.860181 0.027046
vt 0.865058 0.015724
vt 0.874316 0.030645
vt 0.878410 0.021085
vt 0.877824 0.032964
vt 0.881566 0.024197
vt 0.682524 0.023416
vt 0.677208 0.022814
vt 0.677887 0.013300
vt 0.683156 0.014494
vt 0.687948 0.023340
vt 0.688568 0.014580
vt 0.692028 0.022607
vt 0.692673 0.013534
vt 0.693780 0.006796
vt 0.954865 0.292756
vt 0.949884 0.293959
vt 0.946575 0.285480
vt 0.951288 0.283623
vt 0.959916 0.290988
vt 0.955996 0.281012
vt 0.963685 0.289128
vt 0.959436 0.278346
vt 0.966507 0.300981
vt 0.962581 0.302192
vt 0.957361 0.303270
vt 0.279351 0.744950
vt 0.279670 0.733144
vt 0.963955 0.313894
vt 0.958660 0.314333
vt 0.953485 0.314469
vt 0.952247 0.303924
vt 0.692201 0.044023
vt 0.688119 0.044214
vt 0.687813 0.033546
vt 0.691888 0.033084
vt 0.682694 0.044466
vt 0.682387 0.033728
vt 0.677381 0.044711
vt 0.677063 0.033582
vt 0.873468 0.053974
vt 0.869694 0.052891
vt 0.871387 0.041509
vt 0.875073 0.043181
vt 0.864396 0.052122
vt 0.866184 0.040099
vt 0.858994 0.051873
vt 0.860860 0.039327
vt 0.854935 0.052210
vt 0.856840 0.039402
vt 0.863979 0.063917
vt 0.858559 0.064249
vt 0.854491 0.064898
vt 0.865013 0.074790
vt 0.859675 0.075887
vt 0.855653 0.076968
vt 0.870236 0.073971
vt 0.869299 0.063990
vt 0.678972 0.064407
vt 0.675312 0.065981
vt 0.674322 0.056104
vt 0.678060 0.055302
vt 0.673602 0.044883
vt 0.684214 0.063319
vt 0.683349 0.054669
vt 0.689634 0.063008
vt 0.688770 0.054376
vt 0.693780 0.063558
vt 0.692873 0.054499
vt 0.957452 0.334830
vt 0.952384 0.333645
vt 0.953524 0.324690
vt 0.958699 0.325128
vt 0.962621 0.335949
vt 0.963993 0.325375
vt 0.277231 0.767049
vt 0.278509 0.756479
vt 0.963174 0.346840
vt 0.959680 0.344988
vt 0.966507 0.336702
vt 0.954966 0.342591
vt 0.950295 0.340292
vt 0.945412 0.341231
vt 0.946919 0.338706
vt 0.948775 0.332711
vt 0.685076 0.069264
vt 0.690498 0.068968
vt 0.680641 0.074163
vt 0.679929 0.070972
vt 0.872455 0.081939
vt 0.875808 0.080478
vt 0.873946 0.073649
vt 0.867647 0.084082
vt 0.862671 0.086333
vt 0.865346 0.097747
vt 0.858861 0.088089
vt 0.093052 0.944628
vt 0.089111 0.944976
vt 0.089381 0.932226
vt 0.093301 0.932875
vt 0.500000 0.988704
vt 0.499793 0.993529
vt 0.488391 0.991988
vt 0.490200 0.987382
vt 0.499489 0.983705
vt 0.491494 0.982632
vt 0.498396 0.979873
vt 0.491927 0.979010
vt 0.437799 0.088524
vt 0.437727 0.093301
vt 0.431001 0.093301
vt 0.431943 0.088524
vt 0.437718 0.083296
vt 0.431785 0.083295
vt 0.437506 0.079017
vt 0.430566 0.079017
vt 0.504740 0.991006
vt 0.504775 0.986363
vt 0.511503 0.985751
vt 0.513082 0.990241
vt 0.504163 0.995997
vt 0.514326 0.995060
vt 0.503200 1.000000
vt 0.514902 0.998917
vt 0.084113 0.944892
vt 0.079397 0.944397
vt 0.079651 0.932434
vt 0.084385 0.932065
vt 0.079397 0.921987
vt 0.084114 0.920864
vt 0.089112 0.921100
vt 0.404558 0.516746
vt 0.399777 0.515001
vt 0.401754 0.506734
vt 0.406655 0.507989
vt 0.083449 0.911962
vt 0.088452 0.912256
vt 0.403076 0.496764
vt 0.408041 0.497559
vt 0.411476 0.507770
vt 0.412852 0.497403
vt 0.403829 0.485805
vt 0.408823 0.486188
vt 0.413629 0.486102
vt 0.404069 0.474415
vt 0.409071 0.474413
vt 0.413876 0.474408
vt 0.403817 0.463112
vt 0.408810 0.462713
vt 0.413617 0.462809
vt 0.403064 0.452418
vt 0.408026 0.451577
vt 0.412842 0.451804
vt 0.401768 0.442981
vt 0.406660 0.441655
vt 0.411499 0.442040
vt 0.700829 0.779534
vt 0.705477 0.780908
vt 0.705723 0.790363
vt 0.701090 0.789578
vt 0.695732 0.779962
vt 0.695988 0.789799
vt 0.705742 0.802088
vt 0.701110 0.802022
vt 0.696007 0.801979
vt 0.705479 0.815212
vt 0.700834 0.815790
vt 0.695736 0.815502
vt 0.691801 0.801971
vt 0.691551 0.814427
vt 0.488645 0.911061
vt 0.487600 0.906702
vt 0.500000 0.907445
vt 0.499453 0.911730
vt 0.489274 0.916124
vt 0.498382 0.916714
vt 0.489318 0.920535
vt 0.497075 0.921062
vt 0.354197 0.396424
vt 0.358717 0.395883
vt 0.358852 0.403788
vt 0.354322 0.403678
vt 0.349082 0.396367
vt 0.349211 0.403868
vt 0.344743 0.395727
vt 0.344888 0.404306
vt 0.515182 0.920532
vt 0.514200 0.924999
vt 0.505770 0.925261
vt 0.505157 0.920812
vt 0.515942 0.915552
vt 0.504217 0.915852
vt 0.516276 0.911395
vt 0.503200 0.911710
vt 0.527274 0.915420
vt 0.525525 0.919054
vt 0.522989 0.923377
vt 0.535467 0.922922
vt 0.532653 0.925604
vt 0.528785 0.928734
vt 0.524897 0.931474
vt 0.520345 0.927231
vt 0.522032 0.933089
vt 0.518302 0.929581
vt 0.344894 0.389630
vt 0.349207 0.391363
vt 0.349520 0.387801
vt 0.354615 0.388275
vt 0.354316 0.391665
vt 0.840766 0.655631
vt 0.835763 0.654406
vt 0.836287 0.650328
vt 0.841224 0.652043
vt 0.358852 0.390456
vt 0.479699 0.925991
vt 0.477155 0.922970
vt 0.482355 0.918388
vt 0.483821 0.922325
vt 0.473389 0.919648
vt 0.479941 0.913919
vt 0.469411 0.916915
vt 0.477225 0.910116
vt 0.691551 0.782075
vt 0.691784 0.790967
vt 0.468969 0.927506
vt 0.464309 0.925935
vt 0.460738 0.925287
vt 0.466288 0.915504
vt 0.466571 0.936795
vt 0.461634 0.936246
vt 0.457882 0.936263
vt 0.471371 0.937762
vt 0.473468 0.929578
vt 0.835141 0.668130
vt 0.831479 0.667654
vt 0.831733 0.659016
vt 0.835367 0.660434
vt 0.476602 0.931597
vt 0.840194 0.668365
vt 0.840405 0.661134
vt 0.845283 0.668296
vt 0.845499 0.660928
vt 0.845871 0.655253
vt 0.849046 0.667940
vt 0.849282 0.659870
vt 0.528151 0.937623
vt 0.524852 0.938461
vt 0.534787 0.944797
vt 0.529976 0.945324
vt 0.532702 0.936067
vt 0.539651 0.944054
vt 0.537284 0.934210
vt 0.399976 0.463899
vt 0.399288 0.454099
vt 0.540670 0.932550
vt 0.400209 0.474414
vt 0.539981 0.954505
vt 0.535082 0.954285
vt 0.399986 0.485054
vt 0.538422 0.964988
vt 0.533656 0.963870
vt 0.528934 0.962694
vt 0.530237 0.953927
vt 0.849282 0.685989
vt 0.845506 0.685214
vt 0.845277 0.676667
vt 0.849038 0.676904
vt 0.840414 0.685096
vt 0.840188 0.676631
vt 0.835372 0.685666
vt 0.835135 0.676808
vt 0.831730 0.686772
vt 0.831471 0.677148
vt 0.472153 0.956235
vt 0.467419 0.957137
vt 0.466083 0.946877
vt 0.470935 0.946880
vt 0.462541 0.958297
vt 0.461098 0.947213
vt 0.458826 0.959405
vt 0.457315 0.947798
vt 0.470518 0.966963
vt 0.465911 0.968966
vt 0.462366 0.970601
vt 0.475353 0.975735
vt 0.471264 0.978654
vt 0.468039 0.980853
vt 0.479209 0.972879
vt 0.474952 0.965127
vt 0.481799 0.970850
vt 0.478025 0.963951
vt 0.835859 0.693908
vt 0.832265 0.695799
vt 0.841546 0.699355
vt 0.836578 0.700792
vt 0.840876 0.692925
vt 0.846648 0.699606
vt 0.845972 0.693113
vt 0.522164 0.977780
vt 0.519260 0.975792
vt 0.522937 0.969442
vt 0.526172 0.970879
vt 0.525520 0.961775
vt 0.526064 0.980680
vt 0.530608 0.972886
vt 0.529915 0.983714
vt 0.535056 0.974925
vt 0.532685 0.986069
vt 0.538326 0.976448
vt 0.399288 0.495232
vt 0.524885 0.993899
vt 0.522990 0.990689
vt 0.520181 0.986638
vt 0.517211 0.982830
vt 0.427118 0.083181
vt 0.425086 0.078884
vt 0.514875 0.980287
vt 0.427346 0.088411
vt 0.847482 0.704142
vt 0.842369 0.703838
vt 0.425708 0.093173
vt 0.837493 0.705742
vt 0.484761 0.978876
vt 0.486495 0.975956
vt 0.481924 0.982793
vt 0.478744 0.986659
vt 0.486553 0.995215
vt 0.476074 0.989437
vt 0.298940 0.927344
vt 0.303912 0.926657
vt 0.304769 0.940284
vt 0.299763 0.940406
vt 0.295321 0.928387
vt 0.296084 0.940413
vt 0.485496 0.129008
vt 0.486737 0.124097
vt 0.496729 0.128709
vt 0.494475 0.133131
vt 0.483293 0.133355
vt 0.491372 0.137044
vt 0.841204 0.927947
vt 0.844498 0.927061
vt 0.844498 0.936761
vt 0.841199 0.936983
vt 0.836345 0.928253
vt 0.836340 0.937233
vt 0.831223 0.927900
vt 0.831222 0.937445
vt 0.827210 0.926981
vt 0.827217 0.937561
vt 0.809746 0.911218
vt 0.811005 0.916097
vt 0.801357 0.920245
vt 0.798988 0.915867
vt 0.807971 0.906544
vt 0.796226 0.911638
vt 0.308906 0.926509
vt 0.312583 0.926942
vt 0.313397 0.939849
vt 0.309759 0.940080
vt 0.793811 0.908691
vt 0.787611 0.918585
vt 0.784558 0.916168
vt 0.309748 0.951862
vt 0.304758 0.952095
vt 0.782191 0.927234
vt 0.778663 0.925576
vt 0.308742 0.961515
vt 0.303754 0.961723
vt 0.780002 0.936752
vt 0.776297 0.935818
vt 0.838101 0.815886
vt 0.842967 0.817101
vt 0.842533 0.824778
vt 0.837670 0.823492
vt 0.780437 0.946298
vt 0.776745 0.945843
vt 0.840990 0.833698
vt 0.836150 0.832280
vt 0.844498 0.835722
vt 0.842157 0.844907
vt 0.838591 0.843112
vt 0.833797 0.841512
vt 0.839057 0.854415
vt 0.835473 0.852676
vt 0.830752 0.850853
vt 0.835256 0.863945
vt 0.831706 0.862120
vt 0.827094 0.860024
vt 0.830791 0.873179
vt 0.827349 0.871133
vt 0.822903 0.868698
vt 0.825687 0.881776
vt 0.822466 0.879363
vt 0.818279 0.876496
vt 0.819950 0.889372
vt 0.817142 0.886423
vt 0.813380 0.883005
vt 0.813406 0.895721
vt 0.811257 0.892150
vt 0.808185 0.888079
vt 0.800912 0.903518
vt 0.799462 0.899503
vt 0.797216 0.894906
vt 0.785892 0.909515
vt 0.784965 0.905283
vt 0.783408 0.900402
vt 0.769198 0.913861
vt 0.768651 0.909527
vt 0.767615 0.904506
vt 0.751379 0.916776
vt 0.751114 0.912394
vt 0.750485 0.907305
vt 0.733000 0.918417
vt 0.732950 0.914016
vt 0.732660 0.908896
vt 0.714637 0.918912
vt 0.714755 0.914506
vt 0.714767 0.909377
vt 0.696860 0.918367
vt 0.697114 0.913965
vt 0.697421 0.908846
vt 0.680215 0.916872
vt 0.680583 0.912481
vt 0.681209 0.907391
vt 0.665185 0.914476
vt 0.665648 0.910100
vt 0.666665 0.905074
vt 0.652130 0.911115
vt 0.652674 0.906761
vt 0.654229 0.901880
vt 0.641410 0.906428
vt 0.642014 0.902102
vt 0.644325 0.897571
vt 0.212919 0.472188
vt 0.209710 0.476110
vt 0.204105 0.469012
vt 0.207475 0.465310
vt 0.635900 0.896416
vt 0.638918 0.892541
vt 0.195384 0.457580
vt 0.199306 0.454687
vt 0.208999 0.461663
vt 0.201559 0.452110
vt 0.190603 0.446531
vt 0.195127 0.445051
vt 0.635950 0.884460
vt 0.632534 0.887415
vt 0.631262 0.878706
vt 0.634848 0.877004
vt 0.188920 0.435298
vt 0.193691 0.435426
vt 0.631613 0.869540
vt 0.635134 0.869384
vt 0.189952 0.424487
vt 0.194602 0.426043
vt 0.633562 0.860205
vt 0.636773 0.861534
vt 0.193119 0.414623
vt 0.197447 0.417225
vt 0.637081 0.851078
vt 0.639834 0.853602
vt 0.197812 0.406021
vt 0.201771 0.409320
vt 0.642118 0.842569
vt 0.644349 0.845977
vt 0.203480 0.398912
vt 0.207092 0.402654
vt 0.648621 0.835071
vt 0.650292 0.839125
vt 0.209613 0.393538
vt 0.212919 0.397551
vt 0.656554 0.828974
vt 0.657614 0.833496
vt 0.361038 0.192493
vt 0.364777 0.193622
vt 0.356819 0.203365
vt 0.353420 0.201815
vt 0.665890 0.824694
vt 0.666264 0.829526
vt 0.348820 0.214430
vt 0.345721 0.212459
vt 0.676589 0.822682
vt 0.676189 0.827657
vt 0.341380 0.226702
vt 0.338527 0.224323
vt 0.688538 0.823416
vt 0.687295 0.828338
vt 0.690588 0.819745
vt 0.703573 0.823620
vt 0.701202 0.827201
vt 0.699246 0.831922
vt 0.717433 0.829995
vt 0.714910 0.833510
vt 0.712571 0.838064
vt 0.732373 0.837845
vt 0.729817 0.841343
vt 0.727307 0.845808
vt 0.748262 0.846907
vt 0.745731 0.850419
vt 0.743105 0.854818
vt 0.764629 0.856797
vt 0.762174 0.860354
vt 0.759465 0.864703
vt 0.780992 0.867132
vt 0.778666 0.870771
vt 0.775895 0.875080
vt 0.796871 0.877537
vt 0.794742 0.881305
vt 0.791924 0.885584
vt 0.811792 0.887646
vt 0.809947 0.891607
vt 0.807096 0.895864
vt 0.825258 0.897083
vt 0.823799 0.901315
vt 0.820929 0.905558
vt 0.836643 0.905388
vt 0.835643 0.909954
vt 0.832768 0.914193
vt 0.459695 0.519374
vt 0.454703 0.519512
vt 0.455346 0.504803
vt 0.460364 0.503949
vt 0.844498 0.916808
vt 0.841629 0.921053
vt 0.451800 0.487539
vt 0.456661 0.485900
vt 0.464115 0.502212
vt 0.460406 0.484136
vt 0.443681 0.468009
vt 0.448267 0.465695
vt 0.452000 0.463900
vt 0.714775 0.611238
vt 0.714254 0.606232
vt 0.736842 0.604619
vt 0.736675 0.609681
vt 0.715925 0.616419
vt 0.736596 0.614960
vt 0.717394 0.620385
vt 0.736627 0.619042
vt 0.660402 0.019373
vt 0.655876 0.018261
vt 0.661512 0.000734
vt 0.665675 0.003004
vt 0.665422 0.020493
vt 0.670481 0.004811
vt 0.669592 0.021321
vt 0.674641 0.005672
vt 0.368328 0.376948
vt 0.368906 0.372201
vt 0.385850 0.373258
vt 0.385952 0.378057
vt 0.367305 0.382092
vt 0.386140 0.383292
vt 0.366109 0.386253
vt 0.386364 0.387560
vt 0.447126 0.488614
vt 0.439470 0.470220
vt 0.450405 0.504544
vt 0.350021 0.381134
vt 0.352753 0.377474
vt 0.449809 0.518025
vt 0.337865 0.372715
vt 0.341874 0.369929
vt 0.345316 0.365968
vt 0.355094 0.372761
vt 0.347270 0.361895
vt 0.356417 0.368257
vt 0.668595 0.045432
vt 0.664422 0.044643
vt 0.663637 0.033519
vt 0.667811 0.034320
vt 0.659342 0.045132
vt 0.658508 0.033226
vt 0.654718 0.046768
vt 0.653798 0.033520
vt 0.692130 0.632290
vt 0.687881 0.629663
vt 0.699767 0.621490
vt 0.702770 0.624962
vt 0.684343 0.625635
vt 0.697303 0.616733
vt 0.682463 0.621286
vt 0.696038 0.611966
vt 0.679928 0.640306
vt 0.675761 0.637088
vt 0.817417 0.908677
vt 0.828789 0.916972
vt 0.675389 0.652818
vt 0.670953 0.650298
vt 0.804004 0.899276
vt 0.680667 0.653716
vt 0.684900 0.642000
vt 0.667736 0.064997
vt 0.663702 0.068198
vt 0.658161 0.058284
vt 0.662510 0.055672
vt 0.558377 0.069829
vt 0.556982 0.066069
vt 0.568131 0.058455
vt 0.569143 0.062478
vt 0.667431 0.054622
vt 0.560926 0.074149
vt 0.571711 0.066785
vt 0.577272 0.056263
vt 0.579845 0.060566
vt 0.563946 0.077871
vt 0.575148 0.070222
vt 0.583732 0.063656
vt 0.329222 0.347528
vt 0.333641 0.345137
vt 0.338255 0.356697
vt 0.334145 0.359816
vt 0.324093 0.348516
vt 0.329366 0.361633
vt 0.443741 0.540670
vt 0.439470 0.537843
vt 0.445943 0.529072
vt 0.450556 0.531413
vt 0.316991 0.332697
vt 0.321557 0.333909
vt 0.319627 0.347838
vt 0.326805 0.333556
vt 0.316720 0.316709
vt 0.321296 0.318311
vt 0.326558 0.318436
vt 0.331095 0.317049
vt 0.331331 0.331732
vt 0.535726 0.095029
vt 0.533333 0.090923
vt 0.547927 0.082333
vt 0.550602 0.086274
vt 0.530865 0.086554
vt 0.545411 0.077992
vt 0.528982 0.083094
vt 0.543729 0.074414
vt 0.684472 0.679449
vt 0.679708 0.681297
vt 0.679067 0.666982
vt 0.683844 0.665508
vt 0.674641 0.073024
vt 0.670881 0.076555
vt 0.674361 0.681464
vt 0.673705 0.666692
vt 0.669866 0.679907
vt 0.669195 0.664716
vt 0.773421 0.878905
vt 0.789173 0.889228
vt 0.676875 0.696670
vt 0.672432 0.695447
vt 0.757227 0.868678
vt 0.680780 0.711835
vt 0.676409 0.710896
vt 0.741087 0.858925
vt 0.686000 0.711034
vt 0.682166 0.696151
vt 0.690668 0.708707
vt 0.686886 0.694029
vt 0.499654 0.103223
vt 0.497561 0.099876
vt 0.513380 0.091710
vt 0.515396 0.095096
vt 0.501973 0.107671
vt 0.517801 0.099500
vt 0.503897 0.112029
vt 0.519950 0.103742
vt 0.331067 0.286881
vt 0.335517 0.286138
vt 0.332612 0.301664
vt 0.328107 0.302702
vt 0.325893 0.286095
vt 0.322880 0.302211
vt 0.321382 0.283993
vt 0.318330 0.300322
vt 0.325464 0.268184
vt 0.329934 0.270445
vt 0.335044 0.271480
vt 0.330184 0.253346
vt 0.334617 0.255722
vt 0.339654 0.256988
vt 0.343944 0.256805
vt 0.339425 0.271012
vt 0.473347 0.125875
vt 0.471931 0.121290
vt 0.486478 0.115057
vt 0.488168 0.119526
vt 0.469910 0.116710
vt 0.484279 0.110552
vt 0.467824 0.113361
vt 0.482160 0.107217
vt 0.700536 0.736204
vt 0.695960 0.738794
vt 0.690754 0.725427
vt 0.695373 0.722948
vt 0.690906 0.740059
vt 0.685614 0.726469
vt 0.686728 0.739658
vt 0.681329 0.725793
vt 0.711044 0.842437
vt 0.725515 0.850043
vt 0.696099 0.751909
vt 0.692138 0.751991
vt 0.698229 0.836518
vt 0.701299 0.761820
vt 0.697792 0.762753
vt 0.687192 0.833190
vt 0.705890 0.759631
vt 0.700999 0.750300
vt 0.710333 0.756773
vt 0.705524 0.747596
vt 0.713438 0.754012
vt 0.708462 0.744522
vt 0.457483 0.121247
vt 0.455555 0.117845
vt 0.448307 0.128169
vt 0.447419 0.123320
vt 0.459108 0.125962
vt 0.448250 0.133105
vt 0.459995 0.130725
vt 0.350312 0.231561
vt 0.353997 0.232739
vt 0.348690 0.244015
vt 0.344590 0.243701
vt 0.345694 0.229351
vt 0.339689 0.242081
vt 0.335300 0.239589
vt 0.353055 0.217210
vt 0.357292 0.220054
vt 0.361024 0.206187
vt 0.364908 0.209525
vt 0.424505 0.133253
vt 0.427332 0.129823
vt 0.437324 0.132698
vt 0.435333 0.136364
vt 0.360396 0.222200
vt 0.429409 0.125190
vt 0.438461 0.127799
vt 0.430180 0.120595
vt 0.438440 0.122980
vt 0.724970 0.770901
vt 0.721298 0.772824
vt 0.715628 0.765043
vt 0.718992 0.762689
vt 0.716969 0.775856
vt 0.711268 0.768032
vt 0.713143 0.779185
vt 0.707079 0.770856
vt 0.710844 0.781919
vt 0.704184 0.772759
vt 0.668130 0.834276
vt 0.677135 0.832575
vt 0.663742 0.841003
vt 0.660245 0.837899
vt 0.670986 0.837671
vt 0.657545 0.845773
vt 0.653558 0.843043
vt 0.727870 0.789492
vt 0.724504 0.793409
vt 0.719094 0.786743
vt 0.722642 0.783054
vt 0.732339 0.786637
vt 0.727007 0.780068
vt 0.330459 0.566754
vt 0.326848 0.570387
vt 0.320980 0.566710
vt 0.324191 0.562823
vt 0.731020 0.778585
vt 0.414096 0.114317
vt 0.416174 0.110642
vt 0.422709 0.116394
vt 0.421243 0.120604
vt 0.410608 0.117963
vt 0.418390 0.124806
vt 0.406642 0.120604
vt 0.414914 0.127875
vt 0.376519 0.187882
vt 0.379940 0.191777
vt 0.372624 0.200082
vt 0.369018 0.196400
vt 0.372172 0.185227
vt 0.378521 0.178181
vt 0.383038 0.180646
vt 0.386364 0.184649
vt 0.188233 0.413200
vt 0.193129 0.404217
vt 0.390864 0.102330
vt 0.394369 0.101576
vt 0.399761 0.111755
vt 0.396277 0.112549
vt 0.398965 0.099906
vt 0.404091 0.109582
vt 0.403419 0.097767
vt 0.408107 0.106614
vt 0.344270 0.575789
vt 0.340972 0.578946
vt 0.336222 0.572200
vt 0.338972 0.568244
vt 0.332637 0.562247
vt 0.336457 0.581479
vt 0.332169 0.575409
vt 0.331935 0.582710
vt 0.327901 0.577010
vt 0.736842 0.792363
vt 0.732211 0.795007
vt 0.652510 0.858592
vt 0.648742 0.857940
vt 0.652513 0.851576
vt 0.656258 0.852266
vt 0.728936 0.799043
vt 0.644103 0.856114
vt 0.648154 0.849275
vt 0.646257 0.864370
vt 0.641420 0.863059
vt 0.644966 0.870544
vt 0.640021 0.869751
vt 0.648643 0.871550
vt 0.649988 0.865116
vt 0.340276 0.595606
vt 0.335385 0.595234
vt 0.334504 0.588874
vt 0.339280 0.588286
vt 0.345362 0.595503
vt 0.344198 0.586778
vt 0.349282 0.594951
vt 0.347941 0.584753
vt 0.393735 0.077768
vt 0.398689 0.077790
vt 0.400202 0.088042
vt 0.395416 0.089170
vt 0.388891 0.078395
vt 0.390648 0.090312
vt 0.183750 0.435508
vt 0.179565 0.436000
vt 0.180701 0.423952
vt 0.184863 0.423722
vt 0.387174 0.091163
vt 0.185611 0.447903
vt 0.181488 0.448799
vt 0.190845 0.460015
vt 0.186904 0.461339
vt 0.392204 0.056263
vt 0.396961 0.056326
vt 0.394222 0.066484
vt 0.389395 0.066689
vt 0.401658 0.058270
vt 0.399132 0.067607
vt 0.342146 0.617101
vt 0.339139 0.614674
vt 0.343877 0.604904
vt 0.347537 0.605958
vt 0.334976 0.611786
vt 0.339047 0.603418
vt 0.330773 0.609212
vt 0.334343 0.601897
vt 0.327656 0.607640
vt 0.331024 0.600750
vt 0.648408 0.877969
vt 0.644748 0.876578
vt 0.645690 0.882851
vt 0.640766 0.882789
vt 0.639784 0.876225
vt 0.272644 0.638958
vt 0.274742 0.643550
vt 0.266567 0.645933
vt 0.265110 0.641083
vt 0.643344 0.889972
vt 0.276768 0.635755
vt 0.280066 0.639311
vt 0.647724 0.894051
vt 0.272564 0.633051
vt 0.269371 0.635452
vt 0.262041 0.637495
vt 0.325314 0.622083
vt 0.320980 0.619594
vt 0.324053 0.616695
vt 0.327997 0.619601
vt 0.328631 0.626004
vt 0.331524 0.623297
vt 0.574811 0.027081
vt 0.571118 0.023654
vt 0.572840 0.021047
vt 0.577047 0.023675
vt 0.333690 0.626794
vt 0.254455 0.843109
vt 0.258094 0.845007
vt 0.255212 0.848891
vt 0.250600 0.848172
vt 0.252587 0.858616
vt 0.247637 0.858852
vt 0.250945 0.839554
vt 0.246074 0.845849
vt 0.242871 0.857204
vt 0.248504 0.835295
vt 0.242846 0.842544
vt 0.199791 0.471778
vt 0.195690 0.472865
vt 0.205096 0.478469
vt 0.258131 0.826452
vt 0.258218 0.830610
vt 0.247786 0.831473
vt 0.259511 0.835481
vt 0.270794 0.823845
vt 0.270496 0.828091
vt 0.271042 0.833131
vt 0.272285 0.837617
vt 0.261662 0.839760
vt 0.563380 0.040497
vt 0.560998 0.037075
vt 0.569667 0.031423
vt 0.572777 0.034358
vt 0.578947 0.029095
vt 0.558386 0.032783
vt 0.566594 0.027438
vt 0.556244 0.028771
vt 0.564383 0.023472
vt 0.568858 0.019731
vt 0.272937 0.617339
vt 0.277354 0.617437
vt 0.275241 0.627131
vt 0.270920 0.626643
vt 0.268582 0.631924
vt 0.282360 0.618222
vt 0.280063 0.628672
vt 0.286616 0.619483
vt 0.284093 0.630851
vt 0.667963 0.900745
vt 0.656378 0.897780
vt 0.283626 0.605095
vt 0.287946 0.605752
vt 0.681927 0.902965
vt 0.283946 0.589995
vt 0.288278 0.590216
vt 0.697700 0.904380
vt 0.278879 0.590008
vt 0.278568 0.604786
vt 0.274435 0.590251
vt 0.274127 0.604908
vt 0.533826 0.045149
vt 0.531869 0.041043
vt 0.545152 0.034814
vt 0.547210 0.038873
vt 0.535811 0.049764
vt 0.549480 0.043354
vt 0.537292 0.053652
vt 0.551354 0.047056
vt 0.300806 0.832351
vt 0.301019 0.836882
vt 0.285631 0.836695
vt 0.284986 0.832161
vt 0.301051 0.827274
vt 0.284911 0.827082
vt 0.301688 0.823012
vt 0.285428 0.822819
vt 0.319116 0.824203
vt 0.318422 0.828461
vt 0.317943 0.833523
vt 0.337192 0.826216
vt 0.336488 0.830473
vt 0.335826 0.835515
vt 0.335384 0.839989
vt 0.317809 0.838031
vt 0.505298 0.065582
vt 0.504484 0.061445
vt 0.520618 0.055913
vt 0.521759 0.059938
vt 0.503046 0.056627
vt 0.518900 0.051190
vt 0.501368 0.052417
vt 0.517066 0.047033
vt 0.272778 0.557330
vt 0.277220 0.557018
vt 0.278386 0.573850
vt 0.273943 0.574152
vt 0.282268 0.556586
vt 0.283446 0.573602
vt 0.286570 0.556149
vt 0.287769 0.573475
vt 0.732208 0.904428
vt 0.714671 0.904900
vt 0.280558 0.539616
vt 0.284830 0.538876
vt 0.749662 0.902872
vt 0.278470 0.523373
vt 0.282700 0.522309
vt 0.766367 0.900145
vt 0.273456 0.524103
vt 0.275526 0.540203
vt 0.269001 0.524302
vt 0.271081 0.540482
vt 0.470904 0.064333
vt 0.469699 0.060015
vt 0.485376 0.056853
vt 0.486853 0.061117
vt 0.471631 0.069316
vt 0.487973 0.066023
vt 0.471686 0.073629
vt 0.488437 0.070256
vt 0.371562 0.841344
vt 0.370491 0.845716
vt 0.353140 0.842601
vt 0.353884 0.838171
vt 0.372522 0.836351
vt 0.354702 0.833152
vt 0.373114 0.832074
vt 0.355374 0.828890
vt 0.389880 0.835629
vt 0.389427 0.839935
vt 0.388326 0.844899
vt 0.405159 0.839435
vt 0.404927 0.843796
vt 0.403676 0.848721
vt 0.401740 0.852891
vt 0.386872 0.849189
vt 0.440438 0.075065
vt 0.441595 0.070723
vt 0.455997 0.070994
vt 0.455535 0.075359
vt 0.442099 0.065712
vt 0.455786 0.065960
vt 0.441814 0.061374
vt 0.454959 0.061605
vt 0.264343 0.496777
vt 0.268860 0.496931
vt 0.271174 0.509432
vt 0.266697 0.509493
vt 0.273825 0.495915
vt 0.276167 0.508563
vt 0.277908 0.493999
vt 0.280337 0.507119
vt 0.794777 0.890961
vt 0.781639 0.896180
vt 0.271597 0.486067
vt 0.275587 0.483708
vt 0.805014 0.884600
vt 0.270685 0.481576
vt 0.274629 0.478972
vt 0.809672 0.880033
vt 0.265703 0.482502
vt 0.266638 0.487116
vt 0.484167 0.197694
vt 0.489177 0.198769
vt 0.488378 0.203349
vt 0.483293 0.202711
vt 0.262041 0.486574
vt 0.423246 0.060189
vt 0.424535 0.056360
vt 0.430630 0.059114
vt 0.430139 0.063286
vt 0.420989 0.064644
vt 0.428719 0.068102
vt 0.418369 0.068531
vt 0.426750 0.072270
vt 0.424682 0.854885
vt 0.422028 0.858852
vt 0.414629 0.856714
vt 0.417024 0.852674
vt 0.425837 0.849932
vt 0.418309 0.847758
vt 0.425185 0.845322
vt 0.418140 0.843283
vt 0.798318 0.988580
vt 0.803121 0.987455
vt 0.806560 0.994422
vt 0.801598 0.995215
vt 0.807516 0.984747
vt 0.811005 0.991817
vt 0.794338 0.981144
vt 0.799047 0.979842
vt 0.803448 0.977145
vt 0.806363 0.973777
vt 0.810327 0.981181
vt 0.407866 0.065466
vt 0.410326 0.063302
vt 0.416087 0.070810
vt 0.402871 0.057160
vt 0.406255 0.053818
vt 0.413377 0.059688
vt 0.409457 0.050033
vt 0.416200 0.055594
vt 0.411619 0.046818
vt 0.418040 0.052117
vt 0.488993 0.184791
vt 0.493814 0.186418
vt 0.491105 0.193030
vt 0.486209 0.191592
vt 0.497860 0.189100
vt 0.495146 0.195723
vt 0.493254 0.201350
vt 0.815711 0.865198
vt 0.818643 0.866525
vt 0.814248 0.873944
vt 0.811453 0.872389
vt 0.807011 0.878305
vt 0.819580 0.857187
vt 0.822656 0.858218
vt 0.822923 0.848799
vt 0.826158 0.849433
vt 0.499937 0.171702
vt 0.504149 0.173969
vt 0.501003 0.181764
vt 0.496901 0.179217
vt 0.495088 0.170151
vt 0.492097 0.177551
vt 0.397671 0.037608
vt 0.400062 0.034626
vt 0.405539 0.040850
vt 0.403207 0.043898
vt 0.394019 0.040926
vt 0.399743 0.047429
vt 0.390085 0.043690
vt 0.396075 0.050494
vt 0.795401 0.960986
vt 0.798614 0.958235
vt 0.802312 0.966057
vt 0.799264 0.969165
vt 0.790808 0.963283
vt 0.794796 0.971733
vt 0.786067 0.964512
vt 0.790106 0.973074
vt 0.782674 0.955568
vt 0.787527 0.954643
vt 0.792293 0.952819
vt 0.785422 0.945959
vt 0.790364 0.944919
vt 0.793939 0.943455
vt 0.795695 0.950585
vt 0.381295 0.031359
vt 0.385789 0.029394
vt 0.389296 0.034753
vt 0.385091 0.037161
vt 0.389675 0.026404
vt 0.393085 0.031614
vt 0.494827 0.156043
vt 0.499082 0.156173
vt 0.497542 0.162904
vt 0.493336 0.162538
vt 0.490900 0.169730
vt 0.504156 0.156817
vt 0.502492 0.164144
vt 0.508690 0.157802
vt 0.506861 0.165925
vt 0.827670 0.832513
vt 0.831274 0.831846
vt 0.829059 0.840536
vt 0.825646 0.840447
vt 0.828908 0.825375
vt 0.832683 0.823711
vt 0.507639 0.141911
vt 0.510157 0.140387
vt 0.511962 0.149656
vt 0.509142 0.149734
vt 0.833078 0.816764
vt 0.503399 0.143770
vt 0.504564 0.149979
vt 0.498572 0.145465
vt 0.499455 0.150324
vt 0.494453 0.146544
vt 0.495183 0.150677
vt 0.382674 0.022551
vt 0.386637 0.019731
vt 0.387566 0.022411
vt 0.383623 0.025291
vt 0.832807 0.948699
vt 0.837659 0.946880
vt 0.838962 0.949713
vt 0.834385 0.952153
vt 0.378846 0.026711
vt 0.791452 0.931017
vt 0.794705 0.932129
vt 0.793595 0.937241
vt 0.789989 0.937573
vt 0.786872 0.929225
vt 0.785014 0.937394
vt 0.791454 0.921915
vt 0.795058 0.925267
vt 0.831789 0.944119
vt 0.827916 0.945604
vt 0.829260 0.951603
vt 0.836832 0.943134
vt 0.841694 0.942912
vt 0.842515 0.946633
vt 0.488251 0.139400
vt 0.496164 0.141174
vt 0.492467 0.143006
vt 0.500245 0.138147
vt 0.503616 0.134737
vt 0.299757 0.951449
vt 0.296087 0.950097
vt 0.298842 0.960255
vt 0.295321 0.957506
s 1
usemtl 
f 157/311/53 158/312/54 180/313/76 159/314/55
f 160/315/56 157/311/53 159/314/55 161/316/57
f 162/317/58 160/318/56 161/319/57 163/320/59
f 164/321/60 162/317/58 163/320/59 165/322/61
f 166/323/62 164/321/60 165/322/61 167/324/63
f 168/325/64 166/326/62 167/327/63 169/328/65
f 170/329/66 168/325/64 169/328/65 171/330/67
f 172/331/68 170/332/66 171/333/67 173/334/69
f 174/335/70 172/331/68 173/334/69 175/336/71
f 176/337/72 174/335/70 175/336/71 177/338/73
f 178/339/74 176/337/72 177/338/73 179/340/75
f 158/312/54 178/341/74 179/342/75 180/313/76
f 179/343/75 177/344/73 182/345/78 181/346/77
f 180/347/76 179/343/75 181/346/77 183/348/79
f 181/346/77 182/345/78 185/349/81 184/350/80
f 183/348/79 181/346/77 184/350/80 186/351/82
f 184/350/80 185/349/81 188/352/84 187/353/83
f 186/351/82 184/350/80 187/353/83 189/354/85
f 187/353/83 188/352/84 191/355/87 190/356/86
f 189/354/85 187/353/83 190/356/86 192/357/88
f 190/356/86 191/355/87 194/358/90 193/359/89
f 192/357/88 190/356/86 193/359/89 195/360/91
f 193/359/89 194/358/90 197/361/93 196/362/92
f 195/360/91 193/359/89 196/362/92 198/363/94
f 196/362/92 197/361/93 200/364/96 199/365/95
f 198/363/94 196/362/92 199/365/95 201/366/97
f 199/365/95 200/364/96 203/367/99 202/368/98
f 201/366/97 199/365/95 202/368/98 204/369/100
f 202/368/98 203/367/99 206/370/102 205/371/101
f 204/369/100 202/368/98 205/371/101 207/372/103
f 205/371/101 206/370/102 209/373/105 208/374/104
f 207/375/103 205/376/101 208/377/104 210/378/106
f 208/374/104 209/373/105 212/379/108 211/380/107
f 210/378/106 208/377/104 211/381/107 213/382/109
f 211/383/107 212/384/108 215/385/111 214/386/110
f 213/387/109 211/383/107 214/386/110 216/388/112
f 214/386/110 215/385/111 218/389/114 217/390/113
f 216/388/112 214/386/110 217/390/113 219/391/115
f 217/390/113 218/389/114 221/392/117 220/393/116
f 219/391/115 217/390/113 220/393/116 222/394/118
f 220/393/116 221/392/117 224/395/120 223/396/119
f 222/394/118 220/393/116 223/396/119 225/397/121
f 223/396/119 224/395/120 227/398/123 226/399/122
f 225/400/121 223/401/119 226/402/122 228/403/124
f 226/402/122 227/404/123 230/405/126 229/406/125
f 228/403/124 226/402/122 229/406/125 231/407/127
f 229/406/125 230/405/126 233/408/129 232/409/128
f 231/407/127 229/406/125 232/409/128 234/410/130
f 232/409/128 233/408/129 236/411/132 235/412/131
f 234/410/130 232/409/128 235/412/131 237/413/133
f 235/412/131 236/411/132 239/414/135 238/415/134
f 237/413/133 235/412/131 238/415/134 240/416/136
f 238/417/134 239/418/135 242/419/138 241/420/137
f 240/416/136 238/415/134 241/421/137 243/422/139
f 241/420/137 242/419/138 245/423/141 244/424/140
f 243/425/139 241/420/137 244/424/140 246/426/142
f 244/424/140 245/423/141 248/427/144 247/428/143
f 246/426/142 244/424/140 247/428/143 249/429/145
f 251/430/147 246/431/142 249/432/145 250/433/146
f 253/434/149 251/430/147 250/433/146 252/435/148
f 255/436/151 253/434/149 252/435/148 254/437/150
f 257/438/153 255/439/151 254/440/150 256/441/152
f 259/442/155 257/438/153 256/441/152 258/443/154
f 261/444/157 259/442/155 258/443/154 260/445/156
f 263/446/159 261/447/157 260/448/156 262/449/158
f 265/450/161 263/446/159 262/449/158 264/451/160
f 267/452/163 265/450/161 264/451/160 266/453/162
f 245/423/141 267/454/163 266/455/162 248/427/144
f 242/419/138 268/456/164 267/454/163 245/423/141
f 268/457/164 270/458/166 265/450/161 267/452/163
f 239/418/135 269/459/165 268/456/164 242/419/138
f 269/460/165 271/461/167 270/458/166 268/457/164
f 271/461/167 273/462/169 272/463/168 270/458/166
f 270/458/166 272/463/168 263/446/159 265/450/161
f 273/462/169 275/464/171 274/465/170 272/463/168
f 272/463/168 274/465/170 261/447/157 263/446/159
f 275/466/171 277/467/173 276/468/172 274/469/170
f 274/470/170 276/471/172 259/442/155 261/444/157
f 277/467/173 279/472/175 278/473/174 276/468/172
f 276/471/172 278/474/174 257/438/153 259/442/155
f 279/475/175 281/476/177 280/477/176 278/474/174
f 278/474/174 280/477/176 255/439/151 257/438/153
f 281/478/177 283/479/179 282/480/178 280/481/176
f 280/481/176 282/480/178 253/434/149 255/436/151
f 283/479/179 285/482/181 284/483/180 282/480/178
f 282/480/178 284/483/180 251/430/147 253/434/149
f 285/482/181 240/484/136 243/485/139 284/483/180
f 284/483/180 243/485/139 246/431/142 251/430/147
f 288/486/184 286/487/182 285/482/181 283/479/179
f 286/487/182 237/488/133 240/484/136 285/482/181
f 289/489/185 287/490/183 286/487/182 288/486/184
f 287/490/183 234/491/130 237/488/133 286/487/182
f 291/492/187 289/489/185 288/486/184 290/493/186
f 290/493/186 288/486/184 283/479/179 281/478/177
f 293/494/189 291/495/187 290/496/186 292/497/188
f 292/497/188 290/496/186 281/498/177 279/472/175
f 295/499/191 293/494/189 292/497/188 294/500/190
f 294/500/190 292/497/188 279/472/175 277/467/173
f 297/501/193 295/499/191 294/500/190 296/502/192
f 296/502/192 294/500/190 277/467/173 275/466/171
f 299/503/195 297/501/193 296/502/192 298/504/194
f 298/505/194 296/506/192 275/464/171 273/462/169
f 301/507/197 299/508/195 298/505/194 300/509/196
f 300/509/196 298/505/194 273/462/169 271/461/167
f 303/510/199 301/507/197 300/509/196 302/511/198
f 302/511/198 300/509/196 271/461/167 269/460/165
f 233/512/129 303/510/199 302/511/198 236/513/132
f 236/513/132 302/511/198 269/460/165 239/514/135
f 230/515/126 304/516/200 303/510/199 233/512/129
f 304/516/200 306/517/202 301/507/197 303/510/199
f 227/518/123 305/519/201 304/516/200 230/515/126
f 305/519/201 307/520/203 306/517/202 304/516/200
f 307/520/203 309/521/205 308/522/204 306/517/202
f 306/517/202 308/522/204 299/508/195 301/507/197
f 309/521/205 311/523/207 310/524/206 308/522/204
f 308/525/204 310/526/206 297/501/193 299/503/195
f 311/527/207 313/528/209 312/529/208 310/526/206
f 310/526/206 312/529/208 295/499/191 297/501/193
f 313/528/209 315/530/211 314/531/210 312/529/208
f 312/529/208 314/531/210 293/494/189 295/499/191
f 315/532/211 317/533/213 316/534/212 314/535/210
f 314/531/210 316/536/212 291/495/187 293/494/189
f 317/533/213 319/537/215 318/538/214 316/534/212
f 316/534/212 318/538/214 289/489/185 291/492/187
f 319/537/215 321/539/217 320/540/216 318/538/214
f 318/538/214 320/540/216 287/490/183 289/489/185
f 321/539/217 228/541/124 231/542/127 320/540/216
f 320/540/216 231/542/127 234/491/130 287/490/183
f 324/543/220 322/544/218 321/539/217 319/537/215
f 322/544/218 225/545/121 228/541/124 321/539/217
f 325/546/221 323/547/219 322/544/218 324/543/220
f 323/547/219 222/548/118 225/545/121 322/544/218
f 327/549/223 325/546/221 324/543/220 326/550/222
f 326/550/222 324/543/220 319/537/215 317/533/213
f 329/551/225 327/552/223 326/553/222 328/554/224
f 328/555/224 326/550/222 317/533/213 315/532/211
f 331/556/227 329/551/225 328/554/224 330/557/226
f 330/557/226 328/554/224 315/558/211 313/559/209
f 333/560/229 331/556/227 330/557/226 332/561/228
f 332/562/228 330/563/226 313/528/209 311/527/207
f 335/564/231 333/565/229 332/566/228 334/567/230
f 334/567/230 332/566/228 311/523/207 309/521/205
f 337/568/233 335/564/231 334/567/230 336/569/232
f 336/569/232 334/567/230 309/521/205 307/520/203
f 339/570/235 337/568/233 336/569/232 338/571/234
f 338/571/234 336/569/232 307/520/203 305/519/201
f 221/392/117 339/572/235 338/573/234 224/395/120
f 224/574/120 338/571/234 305/519/201 227/518/123
f 218/389/114 340/575/236 339/572/235 221/392/117
f 340/576/236 342/577/238 337/568/233 339/570/235
f 215/385/111 341/578/237 340/575/236 218/389/114
f 341/579/237 343/580/239 342/577/238 340/576/236
f 343/580/239 345/581/241 344/582/240 342/577/238
f 342/577/238 344/582/240 335/564/231 337/568/233
f 345/581/241 347/583/243 346/584/242 344/582/240
f 344/582/240 346/584/242 333/565/229 335/564/231
f 347/585/243 349/586/245 348/587/244 346/588/242
f 346/588/242 348/587/244 331/556/227 333/560/229
f 349/586/245 351/589/247 350/590/246 348/587/244
f 348/587/244 350/590/246 329/551/225 331/556/227
f 351/589/247 353/591/249 352/592/248 350/590/246
f 350/590/246 352/592/248 327/552/223 329/551/225
f 353/593/249 355/594/251 354/595/250 352/596/248
f 352/596/248 354/595/250 325/546/221 327/549/223
f 355/594/251 357/597/253 356/598/252 354/595/250
f 354/595/250 356/598/252 323/547/219 325/546/221
f 357/597/253 216/599/112 219/600/115 356/598/252
f 356/598/252 219/600/115 222/548/118 323/547/219
f 360/601/256 358/602/254 357/597/253 355/594/251
f 358/602/254 213/382/109 216/599/112 357/597/253
f 361/603/257 359/604/255 358/602/254 360/601/256
f 359/604/255 210/378/106 213/382/109 358/602/254
f 363/605/259 361/603/257 360/601/256 362/606/258
f 362/606/258 360/601/256 355/594/251 353/593/249
f 365/607/261 363/608/259 362/609/258 364/610/260
f 364/610/260 362/609/258 353/611/249 351/612/247
f 367/613/263 365/607/261 364/610/260 366/614/262
f 366/615/262 364/616/260 351/589/247 349/586/245
f 369/617/265 367/618/263 366/619/262 368/620/264
f 368/621/264 366/615/262 349/586/245 347/585/243
f 371/622/267 369/617/265 368/620/264 370/623/266
f 370/623/266 368/620/264 347/583/243 345/581/241
f 373/624/269 371/622/267 370/623/266 372/625/268
f 372/625/268 370/623/266 345/581/241 343/580/239
f 375/626/271 373/627/269 372/628/268 374/629/270
f 374/629/270 372/628/268 343/630/239 341/631/237
f 209/373/105 375/626/271 374/629/270 212/379/108
f 212/379/108 374/629/270 341/631/237 215/632/111
f 206/370/102 376/633/272 375/626/271 209/373/105
f 376/634/272 378/635/274 373/624/269 375/636/271
f 203/367/99 377/637/273 376/633/272 206/370/102
f 377/638/273 379/639/275 378/635/274 376/634/272
f 379/639/275 381/640/277 380/641/276 378/635/274
f 378/635/274 380/641/276 371/622/267 373/624/269
f 381/640/277 383/642/279 382/643/278 380/641/276
f 380/641/276 382/643/278 369/617/265 371/622/267
f 383/642/279 385/644/281 384/645/280 382/643/278
f 382/643/278 384/645/280 367/618/263 369/617/265
f 385/646/281 387/647/283 386/648/282 384/649/280
f 384/649/280 386/648/282 365/607/261 367/613/263
f 387/647/283 389/650/285 388/651/284 386/648/282
f 386/648/282 388/651/284 363/608/259 365/607/261
f 389/652/285 391/653/287 390/654/286 388/655/284
f 388/655/284 390/654/286 361/603/257 363/605/259
f 391/653/287 393/656/289 392/657/288 390/654/286
f 390/654/286 392/657/288 359/604/255 361/603/257
f 393/656/289 204/658/100 207/375/103 392/657/288
f 392/657/288 207/375/103 210/378/106 359/604/255
f 396/659/292 394/660/290 393/656/289 391/653/287
f 394/660/290 201/661/97 204/658/100 393/656/289
f 397/662/293 395/663/291 394/660/290 396/659/292
f 395/663/291 198/664/94 201/661/97 394/660/290
f 399/665/295 397/666/293 396/667/292 398/668/294
f 398/669/294 396/659/292 391/653/287 389/652/285
f 401/670/297 399/671/295 398/672/294 400/673/296
f 400/673/296 398/672/294 389/650/285 387/647/283
f 403/674/299 401/670/297 400/673/296 402/675/298
f 402/675/298 400/673/296 387/647/283 385/646/281
f 405/676/301 403/674/299 402/675/298 404/677/300
f 404/677/300 402/675/298 385/646/281 383/678/279
f 407/679/303 405/680/301 404/681/300 406/682/302
f 406/682/302 404/681/300 383/642/279 381/640/277
f 409/683/305 407/679/303 406/682/302 408/684/304
f 408/684/304 406/682/302 381/640/277 379/639/275
f 411/685/307 409/686/305 408/687/304 410/688/306
f 410/689/306 408/684/304 379/639/275 377/638/273
f 197/361/93 411/690/307 410/691/306 200/364/96
f 200/364/96 410/691/306 377/637/273 203/367/99
f 194/358/90 412/692/308 411/690/307 197/361/93
f 412/693/308 414/694/310 409/686/305 411/685/307
f 191/355/87 413/695/309 412/692/308 194/358/90
f 413/696/309 415/697/311 414/694/310 412/693/308
f 415/697/311 417/698/313 416/699/312 414/694/310
f 414/700/310 416/701/312 407/679/303 409/683/305
f 417/702/313 419/703/315 418/704/314 416/701/312
f 416/701/312 418/704/314 405/680/301 407/679/303
f 419/705/315 421/706/317 420/707/316 418/708/314
f 418/708/314 420/707/316 403/674/299 405/676/301
f 421/706/317 423/709/319 422/710/318 420/707/316
f 420/707/316 422/710/318 401/670/297 403/674/299
f 423/709/319 425/711/321 424/712/320 422/710/318
f 422/710/318 424/712/320 399/671/295 401/670/297
f 425/713/321 427/714/323 426/715/322 424/716/320
f 424/716/320 426/715/322 397/666/293 399/665/295
f 427/714/323 429/717/325 428/718/324 426/715/322
f 426/715/322 428/718/324 395/719/291 397/666/293
f 429/717/325 192/720/88 195/721/91 428/718/324
f 428/722/324 195/723/91 198/664/94 395/663/291
f 432/724/328 430/725/326 429/717/325 427/714/323
f 430/725/326 189/726/85 192/720/88 429/717/325
f 433/727/329 431/728/327 430/725/326 432/724/328
f 431/728/327 186/729/82 189/726/85 430/725/326
f 435/730/331 433/727/329 432/724/328 434/731/330
f 434/731/330 432/724/328 427/714/323 425/713/321
f 437/732/333 435/733/331 434/734/330 436/735/332
f 436/735/332 434/734/330 425/711/321 423/709/319
f 439/736/335 437/732/333 436/735/332 438/737/334
f 438/737/334 436/735/332 423/709/319 421/706/317
f 441/738/337 439/736/335 438/737/334 440/739/336
f 440/739/336 438/737/334 421/706/317 419/705/315
f 443/740/339 441/741/337 440/742/336 442/743/338
f 442/743/338 440/742/336 419/744/315 417/698/313
f 445/745/341 443/740/339 442/743/338 444/746/340
f 444/746/340 442/743/338 417/698/313 415/697/311
f 447/747/343 445/745/341 444/746/340 446/748/342
f 446/748/342 444/746/340 415/697/311 413/696/309
f 185/349/81 447/749/343 446/750/342 188/352/84
f 188/352/84 446/750/342 413/695/309 191/355/87
f 182/345/78 448/751/344 447/749/343 185/349/81
f 448/752/344 449/753/345 445/754/341 447/755/343
f 177/344/73 175/756/71 448/751/344 182/345/78
f 175/336/71 173/334/69 449/753/345 448/752/344
f 173/757/69 171/330/67 450/758/346 449/759/345
f 449/759/345 450/758/346 443/740/339 445/745/341
f 171/330/67 169/328/65 451/760/347 450/758/346
f 450/758/346 451/760/347 441/741/337 443/740/339
f 169/761/65 167/762/63 452/763/348 451/764/347
f 451/764/347 452/763/348 439/736/335 441/738/337
f 167/762/63 165/765/61 453/766/349 452/763/348
f 452/763/348 453/766/349 437/732/333 439/736/335
f 165/765/61 163/767/59 454/768/350 453/766/349
f 453/766/349 454/768/350 435/733/331 437/732/333
f 163/320/59 161/319/57 455/769/351 454/770/350
f 454/770/350 455/769/351 433/771/329 435/772/331
f 161/316/57 159/314/55 456/773/352 455/774/351
f 455/774/351 456/773/352 431/728/327 433/727/329
f 159/314/55 180/313/76 183/775/79 456/773/352
f 456/773/352 183/775/79 186/729/82 431/728/327
f 457/776/353 458/777/354 480/778/376 459/779/355
f 460/780/356 457/781/353 459/782/355 461/783/357
f 462/784/358 460/780/356 461/783/357 463/785/359
f 464/786/360 462/784/358 463/785/359 465/787/361
f 466/788/362 464/789/360 465/790/361 467/791/363
f 468/792/364 466/793/362 467/794/363 469/795/365
f 470/796/366 468/797/364 469/798/365 471/799/367
f 472/800/368 470/801/366 471/802/367 473/803/369
f 474/804/370 472/800/368 473/803/369 475/805/371
f 476/806/372 474/804/370 475/805/371 477/807/373
f 478/808/374 476/809/372 477/810/373 479/811/375
f 458/777/354 478/808/374 479/811/375 480/778/376
f 479/812/375 477/813/373 482/814/378 481/815/377
f 480/816/376 479/812/375 481/815/377 483/817/379
f 481/815/377 482/814/378 485/818/381 484/819/380
f 483/817/379 481/815/377 484/819/380 486/820/382
f 484/819/380 485/818/381 488/821/384 487/822/383
f 486/820/382 484/819/380 487/822/383 489/823/385
f 487/822/383 488/821/384 491/824/387 490/825/386
f 489/823/385 487/822/383 490/825/386 492/826/388
f 490/825/386 491/824/387 494/827/390 493/828/389
f 492/826/388 490/825/386 493/828/389 495/829/391
f 493/828/389 494/827/390 497/830/393 496/831/392
f 495/829/391 493/828/389 496/831/392 498/832/394
f 496/831/392 497/830/393 500/833/396 499/834/395
f 498/832/394 496/831/392 499/834/395 501/835/397
f 499/834/395 500/833/396 503/836/399 502/837/398
f 501/835/397 499/834/395 502/837/398 504/838/400
f 502/837/398 503/836/399 506/839/402 505/840/401
f 504/841/400 502/842/398 505/843/401 507/844/403
f 505/843/401 506/845/402 509/846/405 508/847/404
f 507/844/403 505/843/401 508/847/404 510/848/406
f 508/849/404 509/850/405 512/851/408 511/852/407
f 510/848/406 508/847/404 511/853/407 513/854/409
f 511/852/407 512/851/408 515/855/411 514/856/410
f 513/854/409 511/853/407 514/857/410 516/858/412
f 514/856/410 515/855/411 518/859/414 517/860/413
f 516/861/412 514/862/410 517/863/413 519/864/415
f 517/860/413 518/859/414 521/865/417 520/866/416
f 519/864/415 517/863/413 520/867/416 522/868/418
f 520/866/416 521/865/417 524/869/420 523/870/419
f 522/868/418 520/867/416 523/871/419 525/872/421
f 523/870/419 524/869/420 527/873/423 526/874/422
f 525/872/421 523/871/419 526/875/422 528/876/424
f 526/874/422 527/873/423 530/877/426 529/878/425
f 528/876/424 526/875/422 529/879/425 531/880/427
f 529/878/425 530/877/426 533/881/429 532/882/428
f 531/880/427 529/879/425 532/883/428 534/884/430
f 532/882/428 533/881/429 536/885/432 535/886/431
f 534/884/430 532/883/428 535/887/431 537/888/433
f 535/886/431 536/885/432 539/889/435 538/890/434
f 537/891/433 535/886/431 538/890/434 540/892/436
f 538/890/434 539/889/435 542/893/438 541/894/437
f 540/895/436 538/896/434 541/897/437 543/898/439
f 541/894/437 542/893/438 545/899/441 544/900/440
f 543/898/439 541/897/437 544/901/440 546/902/442
f 544/900/440 545/899/441 548/903/444 547/904/443
f 546/902/442 544/901/440 547/905/443 549/906/445
f 551/907/447 546/902/442 549/906/445 550/908/446
f 553/909/449 551/907/447 550/908/446 552/910/448
f 555/911/451 553/912/449 552/913/448 554/914/450
f 557/915/453 555/911/451 554/914/450 556/916/452
f 559/917/455 557/915/453 556/916/452 558/918/454
f 561/919/457 559/920/455 558/921/454 560/922/456
f 563/923/459 561/919/457 560/922/456 562/924/458
f 565/925/461 563/923/459 562/924/458 564/926/460
f 567/927/463 565/928/461 564/929/460 566/930/462
f 545/899/441 567/927/463 566/930/462 548/903/444
f 542/893/438 568/931/464 567/927/463 545/899/441
f 568/931/464 570/932/466 565/928/461 567/927/463
f 539/889/435 569/933/465 568/931/464 542/893/438
f 569/933/465 571/934/467 570/932/466 568/931/464
f 571/935/467 573/936/469 572/937/468 570/938/466
f 570/938/466 572/937/468 563/923/459 565/925/461
f 573/936/469 575/939/471 574/940/470 572/937/468
f 572/937/468 574/940/470 561/919/457 563/923/459
f 575/939/471 577/941/473 576/942/472 574/940/470
f 574/940/470 576/942/472 559/920/455 561/919/457
f 577/943/473 579/944/475 578/945/474 576/946/472
f 576/946/472 578/945/474 557/915/453 559/917/455
f 579/944/475 581/947/477 580/948/476 578/945/474
f 578/945/474 580/948/476 555/911/451 557/915/453
f 581/947/477 583/949/479 582/950/478 580/948/476
f 580/948/476 582/950/478 553/912/449 555/911/451
f 583/951/479 585/952/481 584/953/480 582/954/478
f 582/954/478 584/953/480 551/907/447 553/909/449
f 585/952/481 540/895/436 543/898/439 584/953/480
f 584/953/480 543/898/439 546/902/442 551/907/447
f 588/955/484 586/956/482 585/957/481 583/958/479
f 586/956/482 537/888/433 540/959/436 585/957/481
f 589/960/485 587/961/483 586/956/482 588/955/484
f 587/961/483 534/884/430 537/888/433 586/956/482
f 591/962/487 589/963/485 588/964/484 590/965/486
f 590/965/486 588/964/484 583/949/479 581/947/477
f 593/966/489 591/962/487 590/965/486 592/967/488
f 592/967/488 590/965/486 581/947/477 579/944/475
f 595/968/491 593/966/489 592/967/488 594/969/490
f 594/969/490 592/967/488 579/944/475 577/943/473
f 597/970/493 595/968/491 594/969/490 596/971/492
f 596/971/492 594/969/490 577/943/473 575/972/471
f 599/973/495 597/974/493 596/975/492 598/976/494
f 598/976/494 596/975/492 575/977/471 573/978/469
f 601/979/497 599/973/495 598/976/494 600/980/496
f 600/980/496 598/976/494 573/978/469 571/981/467
f 603/982/499 601/983/497 600/984/496 602/985/498
f 602/985/498 600/984/496 571/934/467 569/933/465
f 533/881/429 603/982/499 602/985/498 536/885/432
f 536/885/432 602/985/498 569/933/465 539/889/435
f 530/877/426 604/986/500 603/982/499 533/881/429
f 604/986/500 606/987/502 601/983/497 603/982/499
f 527/873/423 605/988/501 604/986/500 530/877/426
f 605/988/501 607/989/503 606/987/502 604/986/500
f 607/990/503 609/991/505 608/992/504 606/993/502
f 606/993/502 608/992/504 599/973/495 601/979/497
f 609/991/505 611/994/507 610/995/506 608/992/504
f 608/992/504 610/995/506 597/974/493 599/973/495
f 611/996/507 613/997/509 612/998/508 610/999/506
f 610/999/506 612/998/508 595/968/491 597/970/493
f 613/997/509 615/1000/511 614/1001/510 612/998/508
f 612/998/508 614/1001/510 593/966/489 595/968/491
f 615/1000/511 617/1002/513 616/1003/512 614/1001/510
f 614/1001/510 616/1003/512 591/962/487 593/966/489
f 617/1002/513 619/1004/515 618/1005/514 616/1003/512
f 616/1003/512 618/1005/514 589/963/485 591/962/487
f 619/1006/515 621/1007/517 620/1008/516 618/1009/514
f 618/1009/514 620/1008/516 587/961/483 589/960/485
f 621/1007/517 528/876/424 531/880/427 620/1008/516
f 620/1008/516 531/880/427 534/884/430 587/961/483
f 624/1010/520 622/1011/518 621/1007/517 619/1006/515
f 622/1011/518 525/872/421 528/876/424 621/1007/517
f 625/1012/521 623/1013/519 622/1011/518 624/1010/520
f 623/1013/519 522/868/418 525/872/421 622/1011/518
f 627/1014/523 625/1015/521 624/1016/520 626/1017/522
f 626/1017/522 624/1016/520 619/1004/515 617/1002/513
f 629/1018/525 627/1014/523 626/1017/522 628/1019/524
f 628/1019/524 626/1017/522 617/1002/513 615/1000/511
f 631/1020/527 629/1018/525 628/1019/524 630/1021/526
f 630/1021/526 628/1019/524 615/1000/511 613/997/509
f 633/1022/529 631/1020/527 630/1021/526 632/1023/528
f 632/1023/528 630/1021/526 613/997/509 611/996/507
f 635/1024/531 633/1025/529 632/1026/528 634/1027/530
f 634/1027/530 632/1026/528 611/994/507 609/991/505
f 637/1028/533 635/1024/531 634/1027/530 636/1029/532
f 636/1029/532 634/1027/530 609/991/505 607/990/503
f 639/1030/535 637/1031/533 636/1032/532 638/1033/534
f 638/1033/534 636/1032/532 607/989/503 605/988/501
f 521/865/417 639/1030/535 638/1033/534 524/869/420
f 524/869/420 638/1033/534 605/988/501 527/873/423
f 518/859/414 640/1034/536 639/1030/535 521/865/417
f 640/1034/536 642/1035/538 637/1031/533 639/1030/535
f 515/855/411 641/1036/537 640/1034/536 518/859/414
f 641/1036/537 643/1037/539 642/1035/538 640/1034/536
f 643/1038/539 645/1039/541 644/1040/540 642/1041/538
f 642/1041/538 644/1040/540 635/1024/531 637/1028/533
f 645/1039/541 647/1042/543 646/1043/542 644/1040/540
f 644/1040/540 646/1043/542 633/1025/529 635/1024/531
f 647/1044/543 649/1045/545 648/1046/544 646/1047/542
f 646/1048/542 648/1049/544 631/1020/527 633/1022/529
f 649/1050/545 651/1051/547 650/1052/546 648/1049/544
f 648/1049/544 650/1052/546 629/1018/525 631/1020/527
f 651/1051/547 653/1053/549 652/1054/548 650/1052/546
f 650/1052/546 652/1054/548 627/1014/523 629/1018/525
f 653/1053/549 655/1055/551 654/1056/550 652/1054/548
f 652/1054/548 654/1056/550 625/1015/521 627/1014/523
f 655/1057/551 657/1058/553 656/1059/552 654/1060/550
f 654/1060/550 656/1059/552 623/1013/519 625/1012/521
f 657/1058/553 516/861/412 519/864/415 656/1059/552
f 656/1059/552 519/864/415 522/868/418 623/1013/519
f 660/1061/556 658/1062/554 657/1058/553 655/1057/551
f 658/1063/554 513/854/409 516/858/412 657/1064/553
f 661/1065/557 659/1066/555 658/1063/554 660/1067/556
f 659/1066/555 510/848/406 513/854/409 658/1063/554
f 663/1068/559 661/1069/557 660/1070/556 662/1071/558
f 662/1071/558 660/1070/556 655/1055/551 653/1053/549
f 665/1072/561 663/1068/559 662/1071/558 664/1073/560
f 664/1073/560 662/1071/558 653/1053/549 651/1051/547
f 667/1074/563 665/1072/561 664/1073/560 666/1075/562
f 666/1075/562 664/1073/560 651/1051/547 649/1050/545
f 669/1076/565 667/1077/563 666/1078/562 668/1079/564
f 668/1079/564 666/1078/562 649/1045/545 647/1044/543
f 671/1080/567 669/1076/565 668/1079/564 670/1081/566
f 670/1081/566 668/1079/564 647/1044/543 645/1082/541
f 673/1083/569 671/1080/567 670/1081/566 672/1084/568
f 672/1085/568 670/1086/566 645/1039/541 643/1038/539
f 675/1087/571 673/1088/569 672/1089/568 674/1090/570
f 674/1090/570 672/1089/568 643/1037/539 641/1036/537
f 509/850/405 675/1087/571 674/1090/570 512/851/408
f 512/851/408 674/1090/570 641/1036/537 515/855/411
f 506/1091/402 676/1092/572 675/1087/571 509/850/405
f 676/1092/572 678/1093/574 673/1088/569 675/1087/571
f 503/1094/399 677/1095/573 676/1092/572 506/1091/402
f 677/1095/573 679/1096/575 678/1093/574 676/1092/572
f 679/1096/575 681/1097/577 680/1098/576 678/1093/574
f 678/1099/574 680/1100/576 671/1080/567 673/1083/569
f 681/1101/577 683/1102/579 682/1103/578 680/1100/576
f 680/1100/576 682/1103/578 669/1076/565 671/1080/567
f 683/1104/579 685/1105/581 684/1106/580 682/1107/578
f 682/1103/578 684/1108/580 667/1077/563 669/1076/565
f 685/1105/581 687/1109/583 686/1110/582 684/1106/580
f 684/1108/580 686/1111/582 665/1112/561 667/1077/563
f 687/1113/583 689/1114/585 688/1115/584 686/1116/582
f 686/1116/582 688/1115/584 663/1068/559 665/1072/561
f 689/1114/585 691/1117/587 690/1118/586 688/1115/584
f 688/1115/584 690/1118/586 661/1069/557 663/1068/559
f 691/1117/587 693/1119/589 692/1120/588 690/1118/586
f 690/1121/586 692/1122/588 659/1066/555 661/1065/557
f 693/1123/589 504/841/400 507/844/403 692/1122/588
f 692/1122/588 507/844/403 510/848/406 659/1066/555
f 696/1124/592 694/1125/590 693/1119/589 691/1117/587
f 694/1126/590 501/1127/397 504/841/400 693/1123/589
f 697/1128/593 695/1129/591 694/1125/590 696/1124/592
f 695/1129/591 498/1130/394 501/1131/397 694/1125/590
f 699/1132/595 697/1128/593 696/1124/592 698/1133/594
f 698/1133/594 696/1124/592 691/1117/587 689/1114/585
f 701/1134/597 699/1132/595 698/1133/594 700/1135/596
f 700/1135/596 698/1133/594 689/1114/585 687/1113/583
f 703/1136/599 701/1137/597 700/1138/596 702/1139/598
f 702/1139/598 700/1138/596 687/1109/583 685/1105/581
f 705/1140/601 703/1136/599 702/1139/598 704/1141/600
f 704/1141/600 702/1139/598 685/1105/581 683/1104/579
f 707/1142/603 705/1140/601 704/1141/600 706/1143/602
f 706/1143/602 704/1141/600 683/1104/579 681/1144/577
f 709/1145/605 707/1146/603 706/1147/602 708/1148/604
f 708/1148/604 706/1147/602 681/1097/577 679/1096/575
f 711/1149/607 709/1145/605 708/1148/604 710/1150/606
f 710/1150/606 708/1148/604 679/1096/575 677/1095/573
f 497/1151/393 711/1149/607 710/1150/606 500/1152/396
f 500/1152/396 710/1150/606 677/1095/573 503/1094/399
f 494/1153/390 712/1154/608 711/1149/607 497/1151/393
f 712/1154/608 714/1155/610 709/1145/605 711/1149/607
f 491/824/387 713/1156/609 712/1157/608 494/827/390
f 713/1158/609 715/1159/611 714/1155/610 712/1154/608
f 715/1159/611 717/1160/613 716/1161/612 714/1155/610
f 714/1155/610 716/1161/612 707/1146/603 709/1145/605
f 717/1162/613 719/1163/615 718/1164/614 716/1165/612
f 716/1165/612 718/1164/614 705/1140/601 707/1142/603
f 719/1163/615 721/1166/617 720/1167/616 718/1164/614
f 718/1164/614 720/1167/616 703/1136/599 705/1140/601
f 721/1166/617 723/1168/619 722/1169/618 720/1167/616
f 720/1167/616 722/1169/618 701/1137/597 703/1136/599
f 723/1170/619 725/1171/621 724/1172/620 722/1173/618
f 722/1173/618 724/1172/620 699/1132/595 701/1134/597
f 725/1171/621 727/1174/623 726/1175/622 724/1172/620
f 724/1172/620 726/1175/622 697/1128/593 699/1132/595
f 727/1174/623 729/1176/625 728/1177/624 726/1175/622
f 726/1175/622 728/1177/624 695/1129/591 697/1128/593
f 729/1176/625 492/1178/388 495/1179/391 728/1177/624
f 728/1177/624 495/1179/391 498/1130/394 695/1129/591
f 732/1180/628 730/1181/626 729/1176/625 727/1174/623
f 730/1181/626 489/1182/385 492/1178/388 729/1176/625
f 733/1183/629 731/1184/627 730/1181/626 732/1180/628
f 731/1184/627 486/1185/382 489/1182/385 730/1181/626
f 735/1186/631 733/1183/629 732/1180/628 734/1187/630
f 734/1187/630 732/1180/628 727/1174/623 725/1171/621
f 737/1188/633 735/1189/631 734/1190/630 736/1191/632
f 736/1191/632 734/1190/630 725/1192/621 723/1168/619
f 739/1193/635 737/1188/633 736/1191/632 738/1194/634
f 738/1194/634 736/1191/632 723/1168/619 721/1166/617
f 741/1195/637 739/1193/635 738/1194/634 740/1196/636
f 740/1196/636 738/1194/634 721/1166/617 719/1163/615
f 743/1197/639 741/1195/637 740/1196/636 742/1198/638
f 742/1198/638 740/1196/636 719/1163/615 717/1162/613
f 745/1199/641 743/1200/639 742/1201/638 744/1202/640
f 744/1202/640 742/1201/638 717/1160/613 715/1159/611
f 747/1203/643 745/1199/641 744/1202/640 746/1204/642
f 746/1204/642 744/1202/640 715/1159/611 713/1158/609
f 485/818/381 747/1205/643 746/1206/642 488/821/384
f 488/821/384 746/1206/642 713/1156/609 491/824/387
f 482/1207/378 748/1208/644 747/1203/643 485/1209/381
f 748/1208/644 749/1210/645 745/1199/641 747/1203/643
f 477/807/373 475/805/371 748/1208/644 482/1207/378
f 475/805/371 473/803/369 749/1210/645 748/1208/644
f 473/803/369 471/802/367 750/1211/646 749/1210/645
f 749/1210/645 750/1211/646 743/1200/639 745/1199/641
f 471/802/367 469/1212/365 751/1213/647 750/1211/646
f 750/1211/646 751/1213/647 741/1214/637 743/1200/639
f 469/795/365 467/794/363 752/1215/648 751/1216/647
f 751/1216/647 752/1215/648 739/1193/635 741/1195/637
f 467/794/363 465/1217/361 753/1218/649 752/1215/648
f 752/1215/648 753/1218/649 737/1188/633 739/1193/635
f 465/787/361 463/785/359 754/1219/650 753/1220/649
f 753/1220/649 754/1219/650 735/1186/631 737/1221/633
f 463/785/359 461/783/357 755/1222/651 754/1219/650
f 754/1219/650 755/1222/651 733/1183/629 735/1186/631
f 461/783/357 459/782/355 756/1223/652 755/1222/651
f 755/1222/651 756/1223/652 731/1184/627 733/1183/629
f 459/782/355 480/1224/376 483/1225/379 756/1223/652
f 756/1223/652 483/1225/379 486/1185/382 731/1184/627
f 757/1226/653 758/1227/654 780/1228/676 759/1229/655
f 760/1230/656 757/1231/653 759/1232/655 761/1233/657
f 762/1234/658 760/1230/656 761/1233/657 763/1235/659
f 764/1236/660 762/1234/658 763/1235/659 765/1237/661
f 766/1238/662 764/1239/660 765/1240/661 767/1241/663
f 768/1242/664 766/1238/662 767/1241/663 769/1243/665
f 770/1244/666 768/1242/664 769/1243/665 771/1245/667
f 772/1246/668 770/1247/666 771/1248/667 773/1249/669
f 774/1250/670 772/1246/668 773/1249/669 775/1251/671
f 776/1252/672 774/1250/670 775/1251/671 777/1253/673
f 778/1254/674 776/1255/672 777/1256/673 779/1257/675
f 758/1227/654 778/1254/674 779/1257/675 780/1228/676
f 779/1257/675 777/1256/673 782/1258/678 781/1259/677
f 780/1228/676 779/1257/675 781/1259/677 783/1260/679
f 781/1261/677 782/1262/678 785/1263/681 784/1264/680
f 783/1260/679 781/1259/677 784/1265/680 786/1266/682
f 784/1264/680 785/1263/681 788/1267/684 787/1268/683
f 786/1269/682 784/1264/680 787/1268/683 789/1270/685
f 787/1268/683 788/1267/684 791/1271/687 790/1272/686
f 789/1270/685 787/1268/683 790/1272/686 792/1273/688
f 790/1272/686 791/1271/687 794/1274/690 793/1275/689
f 792/1273/688 790/1272/686 793/1275/689 795/1276/691
f 793/1275/689 794/1274/690 797/1277/693 796/1278/692
f 795/1276/691 793/1275/689 796/1278/692 798/1279/694
f 796/1278/692 797/1277/693 800/1280/696 799/1281/695
f 798/1279/694 796/1278/692 799/1281/695 801/1282/697
f 799/1281/695 800/1280/696 803/1283/699 802/1284/698
f 801/1282/697 799/1281/695 802/1284/698 804/1285/700
f 802/1286/698 803/1287/699 806/1288/702 805/1289/701
f 804/1290/700 802/1286/698 805/1289/701 807/1291/703
f 805/1289/701 806/1288/702 809/1292/705 808/1293/704
f 807/1291/703 805/1289/701 808/1293/704 810/1294/706
f 808/1293/704 809/1292/705 812/1295/708 811/1296/707
f 810/1294/706 808/1293/704 811/1296/707 813/1297/709
f 815/1298/711 810/1294/706 813/1297/709 814/1299/710
f 817/1300/713 815/1301/711 814/1302/710 816/1303/712
f 819/1304/715 817/1300/713 816/1303/712 818/1305/714
f 821/1306/717 819/1304/715 818/1305/714 820/1307/716
f 823/1308/719 821/1309/717 820/1310/716 822/1311/718
f 825/1312/721 823/1308/719 822/1311/718 824/1313/720
f 827/1314/723 825/1312/721 824/1313/720 826/1315/722
f 829/1316/725 827/1317/723 826/1318/722 828/1319/724
f 831/1320/727 829/1316/725 828/1319/724 830/1321/726
f 809/1322/705 831/1320/727 830/1321/726 812/1323/708
f 806/1324/702 832/1325/728 831/1320/727 809/1322/705
f 832/1325/728 834/1326/730 829/1316/725 831/1320/727
f 803/1327/699 833/1328/729 832/1325/728 806/1324/702
f 833/1328/729 835/1329/731 834/1326/730 832/1325/728
f 835/1329/731 837/1330/733 836/1331/732 834/1326/730
f 834/1326/730 836/1331/732 827/1317/723 829/1316/725
f 837/1330/733 839/1332/735 838/1333/734 836/1331/732
f 836/1334/732 838/1335/734 825/1312/721 827/1314/723
f 839/1336/735 841/1337/737 840/1338/736 838/1335/734
f 838/1335/734 840/1338/736 823/1308/719 825/1312/721
f 841/1339/737 843/1340/739 842/1341/738 840/1342/736
f 840/1338/736 842/1343/738 821/1309/717 823/1308/719
f 843/1344/739 845/1345/741 844/1346/740 842/1347/738
f 842/1347/738 844/1346/740 819/1304/715 821/1306/717
f 845/1345/741 847/1348/743 846/1349/742 844/1346/740
f 844/1346/740 846/1349/742 817/1300/713 819/1304/715
f 847/1348/743 849/1350/745 848/1351/744 846/1349/742
f 846/1349/742 848/1351/744 815/1301/711 817/1300/713
f 849/1352/745 804/1290/700 807/1291/703 848/1353/744
f 848/1353/744 807/1291/703 810/1294/706 815/1298/711
f 852/1354/748 850/1355/746 849/1350/745 847/1348/743
f 850/1355/746 801/1356/697 804/1357/700 849/1350/745
f 853/1358/749 851/1359/747 850/1355/746 852/1354/748
f 851/1359/747 798/1360/694 801/1356/697 850/1355/746
f 855/1361/751 853/1358/749 852/1354/748 854/1362/750
f 854/1362/750 852/1354/748 847/1348/743 845/1345/741
f 857/1363/753 855/1364/751 854/1365/750 856/1366/752
f 856/1367/752 854/1362/750 845/1345/741 843/1344/739
f 859/1368/755 857/1363/753 856/1366/752 858/1369/754
f 858/1369/754 856/1366/752 843/1340/739 841/1339/737
f 861/1370/757 859/1368/755 858/1369/754 860/1371/756
f 860/1371/756 858/1369/754 841/1339/737 839/1372/735
f 863/1373/759 861/1370/757 860/1371/756 862/1374/758
f 862/1375/758 860/1376/756 839/1332/735 837/1330/733
f 865/1377/761 863/1378/759 862/1375/758 864/1379/760
f 864/1379/760 862/1375/758 837/1330/733 835/1329/731
f 867/1380/763 865/1377/761 864/1379/760 866/1381/762
f 866/1381/762 864/1379/760 835/1329/731 833/1328/729
f 797/1277/693 867/1382/763 866/1383/762 800/1280/696
f 800/1384/696 866/1381/762 833/1328/729 803/1327/699
f 794/1274/690 868/1385/764 867/1382/763 797/1277/693
f 868/1386/764 870/1387/766 865/1377/761 867/1380/763
f 791/1271/687 869/1388/765 868/1385/764 794/1274/690
f 869/1389/765 871/1390/767 870/1387/766 868/1386/764
f 871/1390/767 873/1391/769 872/1392/768 870/1387/766
f 870/1387/766 872/1392/768 863/1378/759 865/1377/761
f 873/1393/769 875/1394/771 874/1395/770 872/1396/768
f 872/1396/768 874/1395/770 861/1370/757 863/1373/759
f 875/1394/771 877/1397/773 876/1398/772 874/1395/770
f 874/1395/770 876/1398/772 859/1368/755 861/1370/757
f 877/1397/773 879/1399/775 878/1400/774 876/1398/772
f 876/1398/772 878/1400/774 857/1363/753 859/1368/755
f 879/1399/775 881/1401/777 880/1402/776 878/1400/774
f 878/1400/774 880/1402/776 855/1364/751 857/1363/753
f 881/1403/777 883/1404/779 882/1405/778 880/1406/776
f 880/1406/776 882/1405/778 853/1358/749 855/1361/751
f 883/1404/779 885/1407/781 884/1408/780 882/1405/778
f 882/1405/778 884/1408/780 851/1359/747 853/1358/749
f 885/1407/781 792/1409/688 795/1410/691 884/1408/780
f 884/1408/780 795/1410/691 798/1360/694 851/1359/747
f 888/1411/784 886/1412/782 885/1407/781 883/1404/779
f 886/1412/782 789/1413/685 792/1409/688 885/1407/781
f 889/1414/785 887/1415/783 886/1412/782 888/1411/784
f 887/1415/783 786/1416/682 789/1413/685 886/1412/782
f 891/1417/787 889/1414/785 888/1411/784 890/1418/786
f 890/1418/786 888/1411/784 883/1404/779 881/1403/777
f 893/1419/789 891/1417/787 890/1418/786 892/1420/788
f 892/1421/788 890/1422/786 881/1401/777 879/1399/775
f 895/1423/791 893/1424/789 892/1421/788 894/1425/790
f 894/1425/790 892/1421/788 879/1399/775 877/1397/773
f 897/1426/793 895/1423/791 894/1425/790 896/1427/792
f 896/1427/792 894/1425/790 877/1397/773 875/1394/771
f 899/1428/795 897/1429/793 896/1430/792 898/1431/794
f 898/1431/794 896/1430/792 875/1432/771 873/1391/769
f 901/1433/797 899/1428/795 898/1431/794 900/1434/796
f 900/1434/796 898/1431/794 873/1391/769 871/1390/767
f 903/1435/799 901/1433/797 900/1434/796 902/1436/798
f 902/1436/798 900/1434/796 871/1390/767 869/1389/765
f 785/1437/681 903/1435/799 902/1436/798 788/1438/684
f 788/1267/684 902/1439/798 869/1388/765 791/1271/687
f 782/1440/678 904/1441/800 903/1435/799 785/1437/681
f 904/1441/800 905/1442/801 901/1433/797 903/1435/799
f 777/1253/673 775/1251/671 904/1441/800 782/1440/678
f 775/1251/671 773/1249/669 905/1442/801 904/1441/800
f 773/1249/669 771/1248/667 906/1443/802 905/1442/801
f 905/1442/801 906/1443/802 899/1428/795 901/1433/797
f 771/1245/667 769/1243/665 907/1444/803 906/1445/802
f 906/1443/802 907/1446/803 897/1429/793 899/1428/795
f 769/1243/665 767/1241/663 908/1447/804 907/1444/803
f 907/1448/803 908/1449/804 895/1423/791 897/1426/793
f 767/1241/663 765/1240/661 909/1450/805 908/1447/804
f 908/1449/804 909/1451/805 893/1424/789 895/1423/791
f 765/1237/661 763/1235/659 910/1452/806 909/1453/805
f 909/1453/805 910/1452/806 891/1417/787 893/1419/789
f 763/1235/659 761/1233/657 911/1454/807 910/1452/806
f 910/1452/806 911/1454/807 889/1414/785 891/1417/787
f 761/1233/657 759/1232/655 912/1455/808 911/1454/807
f 911/1454/807 912/1455/808 887/1415/783 889/1414/785
f 759/1232/655 780/1456/676 783/1457/679 912/1455/808
f 912/1455/808 783/1457/679 786/1416/682 887/1415/783
f 913/1458/809 914/1459/810 936/1460/832 915/1461/811
f 916/1462/812 913/1458/809 915/1461/811 917/1463/813
f 918/1464/814 916/1465/812 917/1466/813 919/1467/815
f 920/1468/816 918/1464/814 919/1467/815 921/1469/817
f 922/1470/818 920/1471/816 921/1472/817 923/1473/819
f 924/1474/820 922/1470/818 923/1473/819 925/1475/821
f 926/1476/822 924/1474/820 925/1475/821 927/1477/823
f 928/1478/824 926/1476/822 927/1477/823 929/1479/825
f 930/1480/826 928/1481/824 929/1482/825 931/1483/827
f 932/1484/828 930/1480/826 931/1483/827 933/1485/829
f 934/1486/830 932/1487/828 933/1488/829 935/1489/831
f 914/1459/810 934/1486/830 935/1489/831 936/1460/832
f 935/1490/831 933/1485/829 938/1491/834 937/1492/833
f 936/1460/832 935/1489/831 937/1493/833 939/1494/835
f 937/1492/833 938/1491/834 941/1495/837 940/1496/836
f 939/1494/835 937/1493/833 940/1497/836 942/1498/838
f 940/1496/836 941/1495/837 944/1499/840 943/1500/839
f 942/1501/838 940/1502/836 943/1503/839 945/1504/841
f 943/1500/839 944/1499/840 947/1505/843 946/1506/842
f 945/1504/841 943/1503/839 946/1507/842 948/1508/844
f 946/1507/842 947/1509/843 950/1510/846 949/1511/845
f 948/1508/844 946/1507/842 949/1511/845 951/1512/847
f 949/1511/845 950/1510/846 953/1513/849 952/1514/848
f 951/1512/847 949/1511/845 952/1514/848 954/1515/850
f 952/1514/848 953/1513/849 956/1516/852 955/1517/851
f 954/1515/850 952/1514/848 955/1517/851 957/1518/853
f 955/1517/851 956/1516/852 959/1519/855 958/1520/854
f 957/1518/853 955/1517/851 958/1520/854 960/1521/856
f 958/1520/854 959/1519/855 962/1522/858 961/1523/857
f 960/1521/856 958/1520/854 961/1523/857 963/1524/859
f 961/1523/857 962/1522/858 965/1525/861 964/1526/860
f 963/1524/859 961/1523/857 964/1526/860 966/1527/862
f 964/1526/860 965/1525/861 968/1528/864 967/1529/863
f 966/1527/862 964/1526/860 967/1529/863 969/1530/865
f 967/1529/863 968/1528/864 971/1531/867 970/1532/866
f 969/1530/865 967/1529/863 970/1532/866 972/1533/868
f 970/1532/866 971/1531/867 974/1534/870 973/1535/869
f 972/1533/868 970/1532/866 973/1535/869 975/1536/871
f 973/1535/869 974/1534/870 977/1537/873 976/1538/872
f 975/1536/871 973/1535/869 976/1538/872 978/1539/874
f 976/1538/872 977/1537/873 980/1540/876 979/1541/875
f 978/1539/874 976/1538/872 979/1541/875 981/1542/877
f 979/1541/875 980/1540/876 983/1543/879 982/1544/878
f 981/1542/877 979/1541/875 982/1544/878 984/1545/880
f 982/1544/878 983/1543/879 986/1546/882 985/1547/881
f 984/1545/880 982/1544/878 985/1547/881 987/1548/883
f 985/1547/881 986/1546/882 989/1549/885 988/1550/884
f 987/1548/883 985/1547/881 988/1550/884 990/1551/886
f 988/1550/884 989/1549/885 992/1552/888 991/1553/887
f 990/1551/886 988/1550/884 991/1553/887 993/1554/889
f 991/1553/887 992/1552/888 995/1555/891 994/1556/890
f 993/1554/889 991/1553/887 994/1556/890 996/1557/892
f 994/1556/890 995/1555/891 998/1558/894 997/1559/893
f 996/1557/892 994/1556/890 997/1559/893 999/1560/895
f 997/1559/893 998/1558/894 1001/1561/897 1000/1562/896
f 999/1560/895 997/1559/893 1000/1562/896 1002/1563/898
f 1000/1564/896 1001/1565/897 1004/1566/900 1003/1567/899
f 1002/1563/898 1000/1562/896 1003/1568/899 1005/1569/901
f 1003/1567/899 1004/1566/900 1007/1570/903 1006/1571/902
f 1005/1572/901 1003/1567/899 1006/1571/902 1008/1573/904
f 1006/1571/902 1007/1570/903 1010/1574/906 1009/1575/905
f 1008/1576/904 1006/1577/902 1009/1578/905 1011/1579/907
f 1009/1575/905 1010/1574/906 1013/1580/909 1012/1581/908
f 1011/1579/907 1009/1578/905 1012/1582/908 1014/1583/910
f 1012/1581/908 1013/1580/909 1016/1584/912 1015/1585/911
f 1014/1583/910 1012/1582/908 1015/1586/911 1017/1587/913
f 1015/1585/911 1016/1584/912 1019/1588/915 1018/1589/914
f 1017/1587/913 1015/1586/911 1018/1590/914 1020/1591/916
f 1018/1589/914 1019/1588/915 1022/1592/918 1021/1593/917
f 1020/1591/916 1018/1590/914 1021/1594/917 1023/1595/919
f 1021/1593/917 1022/1592/918 1025/1596/921 1024/1597/920
f 1023/1595/919 1021/1594/917 1024/1598/920 1026/1599/922
f 1024/1597/920 1025/1596/921 1028/1600/924 1027/1601/923
f 1026/1599/922 1024/1598/920 1027/1602/923 1029/1603/925
f 1027/1604/923 1028/1605/924 1031/1606/927 1030/1607/926
f 1029/1603/925 1027/1602/923 1030/1608/926 1032/1609/928
f 1030/1607/926 1031/1606/927 1034/1610/930 1033/1611/929
f 1032/1609/928 1030/1608/926 1033/1612/929 1035/1613/931
f 1033/1611/929 1034/1610/930 1037/1614/933 1036/1615/932
f 1035/1613/931 1033/1612/929 1036/1616/932 1038/1617/934
f 1036/1616/932 1037/1618/933 1040/1619/936 1039/1620/935
f 1038/1617/934 1036/1616/932 1039/1620/935 1041/1621/937
f 1039/1620/935 1040/1619/936 1043/1622/939 1042/1623/938
f 1041/1621/937 1039/1620/935 1042/1623/938 1044/1624/940
f 1042/1623/938 1043/1622/939 1046/1625/942 1045/1626/941
f 1044/1624/940 1042/1623/938 1045/1626/941 1047/1627/943
f 1045/1626/941 1046/1625/942 1049/1628/945 1048/1629/944
f 1047/1627/943 1045/1626/941 1048/1629/944 1050/1630/946
f 1048/1629/944 1049/1628/945 1052/1631/948 1051/1632/947
f 1050/1630/946 1048/1629/944 1051/1632/947 1053/1633/949
f 1051/1632/947 1052/1631/948 1055/1634/951 1054/1635/950
f 1053/1633/949 1051/1632/947 1054/1635/950 1056/1636/952
f 1054/1635/950 1055/1634/951 1058/1637/954 1057/1638/953
f 1056/1636/952 1054/1635/950 1057/1638/953 1059/1639/955
f 1057/1638/953 1058/1637/954 1061/1640/957 1060/1641/956
f 1059/1639/955 1057/1638/953 1060/1641/956 1062/1642/958
f 1060/1641/956 1061/1640/957 1064/1643/960 1063/1644/959
f 1062/1642/958 1060/1641/956 1063/1644/959 1065/1645/961
f 1063/1644/959 1064/1643/960 1067/1646/963 1066/1647/962
f 1065/1645/961 1063/1644/959 1066/1647/962 1068/1648/964
f 1066/1649/962 1067/1650/963 1070/1651/966 1069/1652/965
f 1068/1648/964 1066/1647/962 1069/1653/965 1071/1654/967
f 1069/1652/965 1070/1651/966 1073/1655/969 1072/1656/968
f 1071/1657/967 1069/1652/965 1072/1656/968 1074/1658/970
f 1072/1656/968 1073/1655/969 1076/1659/972 1075/1660/971
f 1074/1658/970 1072/1656/968 1075/1660/971 1077/1661/973
f 1079/1662/975 1074/1663/970 1077/1664/973 1078/1665/974
f 1081/1666/977 1079/1662/975 1078/1665/974 1080/1667/976
f 1083/1668/979 1081/1666/977 1080/1667/976 1082/1669/978
f 1085/1670/981 1083/1671/979 1082/1672/978 1084/1673/980
f 1087/1674/983 1085/1670/981 1084/1673/980 1086/1675/982
f 1089/1676/985 1087/1674/983 1086/1675/982 1088/1677/984
f 1091/1678/987 1089/1679/985 1088/1680/984 1090/1681/986
f 1093/1682/989 1091/1678/987 1090/1681/986 1092/1683/988
f 1095/1684/991 1093/1682/989 1092/1683/988 1094/1685/990
f 1073/1655/969 1095/1686/991 1094/1687/990 1076/1659/972
f 1070/1651/966 1096/1688/992 1095/1686/991 1073/1655/969
f 1096/1689/992 1098/1690/994 1093/1682/989 1095/1684/991
f 1067/1650/963 1097/1691/993 1096/1688/992 1070/1651/966
f 1097/1692/993 1099/1693/995 1098/1690/994 1096/1689/992
f 1099/1693/995 1101/1694/997 1100/1695/996 1098/1690/994
f 1098/1690/994 1100/1695/996 1091/1678/987 1093/1682/989
f 1101/1694/997 1103/1696/999 1102/1697/998 1100/1695/996
f 1100/1695/996 1102/1697/998 1089/1679/985 1091/1678/987
f 1103/1698/999 1105/1699/1001 1104/1700/1000 1102/1701/998
f 1102/1701/998 1104/1700/1000 1087/1674/983 1089/1676/985
f 1105/1699/1001 1107/1702/1003 1106/1703/1002 1104/1700/1000
f 1104/1700/1000 1106/1703/1002 1085/1670/981 1087/1674/983
f 1107/1702/1003 1109/1704/1005 1108/1705/1004 1106/1703/1002
f 1106/1703/1002 1108/1705/1004 1083/1671/979 1085/1670/981
f 1109/1706/1005 1111/1707/1007 1110/1708/1006 1108/1709/1004
f 1108/1709/1004 1110/1708/1006 1081/1666/977 1083/1668/979
f 1111/1707/1007 1113/1710/1009 1112/1711/1008 1110/1708/1006
f 1110/1708/1006 1112/1711/1008 1079/1662/975 1081/1666/977
f 1113/1710/1009 1068/1712/964 1071/1713/967 1112/1711/1008
f 1112/1711/1008 1071/1713/967 1074/1663/970 1079/1662/975
f 1116/1714/1012 1114/1715/1010 1113/1710/1009 1111/1707/1007
f 1114/1716/1010 1065/1645/961 1068/1648/964 1113/1717/1009
f 1117/1718/1013 1115/1719/1011 1114/1715/1010 1116/1714/1012
f 1115/1720/1011 1062/1642/958 1065/1645/961 1114/1716/1010
f 1119/1721/1015 1117/1718/1013 1116/1714/1012 1118/1722/1014
f 1118/1722/1014 1116/1714/1012 1111/1707/1007 1109/1706/1005
f 1121/1723/1017 1119/1724/1015 1118/1725/1014 1120/1726/1016
f 1120/1726/1016 1118/1725/1014 1109/1704/1005 1107/1702/1003
f 1123/1727/1019 1121/1728/1017 1120/1729/1016 1122/1730/1018
f 1122/1731/1018 1120/1726/1016 1107/1702/1003 1105/1699/1001
f 1125/1732/1021 1123/1727/1019 1122/1730/1018 1124/1733/1020
f 1124/1733/1020 1122/1730/1018 1105/1734/1001 1103/1735/999
f 1127/1736/1023 1125/1732/1021 1124/1733/1020 1126/1737/1022
f 1126/1737/1022 1124/1733/1020 1103/1735/999 1101/1738/997
f 1129/1739/1025 1127/1740/1023 1126/1741/1022 1128/1742/1024
f 1128/1742/1024 1126/1741/1022 1101/1694/997 1099/1693/995
f 1131/1743/1027 1129/1739/1025 1128/1742/1024 1130/1744/1026
f 1130/1744/1026 1128/1742/1024 1099/1693/995 1097/1692/993
f 1061/1745/957 1131/1746/1027 1130/1747/1026 1064/1748/960
f 1064/1748/960 1130/1747/1026 1097/1691/993 1067/1650/963
f 1058/1749/954 1132/1750/1028 1131/1743/1027 1061/1751/957
f 1132/1750/1028 1134/1752/1030 1129/1739/1025 1131/1743/1027
f 1055/1753/951 1133/1754/1029 1132/1750/1028 1058/1749/954
f 1133/1754/1029 1135/1755/1031 1134/1752/1030 1132/1750/1028
f 1135/1755/1031 1137/1756/1033 1136/1757/1032 1134/1752/1030
f 1134/1752/1030 1136/1757/1032 1127/1740/1023 1129/1739/1025
f 1137/1758/1033 1139/1759/1035 1138/1760/1034 1136/1761/1032
f 1136/1761/1032 1138/1760/1034 1125/1732/1021 1127/1736/1023
f 1139/1759/1035 1141/1762/1037 1140/1763/1036 1138/1760/1034
f 1138/1760/1034 1140/1763/1036 1123/1727/1019 1125/1732/1021
f 1141/1762/1037 1143/1764/1039 1142/1765/1038 1140/1763/1036
f 1140/1763/1036 1142/1765/1038 1121/1728/1017 1123/1727/1019
f 1143/1766/1039 1145/1767/1041 1144/1768/1040 1142/1769/1038
f 1142/1770/1038 1144/1771/1040 1119/1724/1015 1121/1723/1017
f 1145/1767/1041 1147/1772/1043 1146/1773/1042 1144/1768/1040
f 1144/1768/1040 1146/1773/1042 1117/1718/1013 1119/1721/1015
f 1147/1772/1043 1149/1774/1045 1148/1775/1044 1146/1773/1042
f 1146/1773/1042 1148/1775/1044 1115/1719/1011 1117/1718/1013
f 1149/1776/1045 1056/1636/952 1059/1639/955 1148/1777/1044
f 1148/1777/1044 1059/1639/955 1062/1642/958 1115/1720/1011
f 1152/1778/1048 1150/1779/1046 1149/1774/1045 1147/1772/1043
f 1150/1780/1046 1053/1633/949 1056/1636/952 1149/1776/1045
f 1153/1781/1049 1151/1782/1047 1150/1779/1046 1152/1778/1048
f 1151/1783/1047 1050/1630/946 1053/1633/949 1150/1780/1046
f 1155/1784/1051 1153/1781/1049 1152/1778/1048 1154/1785/1050
f 1154/1785/1050 1152/1778/1048 1147/1772/1043 1145/1767/1041
f 1157/1786/1053 1155/1784/1051 1154/1785/1050 1156/1787/1052
f 1156/1787/1052 1154/1785/1050 1145/1767/1041 1143/1766/1039
f 1159/1788/1055 1157/1789/1053 1156/1790/1052 1158/1791/1054
f 1158/1791/1054 1156/1790/1052 1143/1764/1039 1141/1762/1037
f 1161/1792/1057 1159/1788/1055 1158/1791/1054 1160/1793/1056
f 1160/1793/1056 1158/1791/1054 1141/1762/1037 1139/1759/1035
f 1163/1794/1059 1161/1792/1057 1160/1793/1056 1162/1795/1058
f 1162/1795/1058 1160/1793/1056 1139/1759/1035 1137/1758/1033
f 1165/1796/1061 1163/1797/1059 1162/1798/1058 1164/1799/1060
f 1164/1799/1060 1162/1798/1058 1137/1756/1033 1135/1755/1031
f 1167/1800/1063 1165/1796/1061 1164/1799/1060 1166/1801/1062
f 1166/1801/1062 1164/1799/1060 1135/1755/1031 1133/1754/1029
f 1049/1802/945 1167/1800/1063 1166/1801/1062 1052/1803/948
f 1052/1803/948 1166/1801/1062 1133/1754/1029 1055/1753/951
f 1046/1804/942 1168/1805/1064 1167/1800/1063 1049/1802/945
f 1168/1805/1064 1170/1806/1066 1165/1796/1061 1167/1800/1063
f 1043/1807/939 1169/1808/1065 1168/1805/1064 1046/1804/942
f 1169/1808/1065 1171/1809/1067 1170/1806/1066 1168/1805/1064
f 1171/1809/1067 1173/1810/1069 1172/1811/1068 1170/1806/1066
f 1170/1806/1066 1172/1811/1068 1163/1797/1059 1165/1796/1061
f 1173/1812/1069 1175/1813/1071 1174/1814/1070 1172/1815/1068
f 1172/1815/1068 1174/1814/1070 1161/1792/1057 1163/1794/1059
f 1175/1813/1071 1177/1816/1073 1176/1817/1072 1174/1814/1070
f 1174/1814/1070 1176/1817/1072 1159/1788/1055 1161/1792/1057
f 1177/1816/1073 1179/1818/1075 1178/1819/1074 1176/1817/1072
f 1176/1817/1072 1178/1819/1074 1157/1789/1053 1159/1788/1055
f 1179/1820/1075 1181/1821/1077 1180/1822/1076 1178/1823/1074
f 1178/1823/1074 1180/1822/1076 1155/1784/1051 1157/1786/1053
f 1181/1821/1077 1183/1824/1079 1182/1825/1078 1180/1822/1076
f 1180/1822/1076 1182/1825/1078 1153/1781/1049 1155/1784/1051
f 1183/1824/1079 1185/1826/1081 1184/1827/1080 1182/1825/1078
f 1182/1825/1078 1184/1827/1080 1151/1782/1047 1153/1781/1049
f 1185/1828/1081 1044/1624/940 1047/1627/943 1184/1829/1080
f 1184/1829/1080 1047/1627/943 1050/1630/946 1151/1783/1047
f 1188/1830/1084 1186/1831/1082 1185/1826/1081 1183/1824/1079
f 1186/1832/1082 1041/1621/937 1044/1624/940 1185/1828/1081
f 1189/1833/1085 1187/1834/1083 1186/1831/1082 1188/1830/1084
f 1187/1835/1083 1038/1617/934 1041/1621/937 1186/1832/1082
f 1191/1836/1087 1189/1833/1085 1188/1830/1084 1190/1837/1086
f 1190/1837/1086 1188/1830/1084 1183/1824/1079 1181/1821/1077
f 1193/1838/1089 1191/1836/1087 1190/1837/1086 1192/1839/1088
f 1192/1839/1088 1190/1837/1086 1181/1821/1077 1179/1820/1075
f 1195/1840/1091 1193/1838/1089 1192/1839/1088 1194/1841/1090
f 1194/1842/1090 1192/1843/1088 1179/1818/1075 1177/1816/1073
f 1197/1844/1093 1195/1845/1091 1194/1842/1090 1196/1846/1092
f 1196/1846/1092 1194/1842/1090 1177/1816/1073 1175/1813/1071
f 1199/1847/1095 1197/1844/1093 1196/1846/1092 1198/1848/1094
f 1198/1848/1094 1196/1846/1092 1175/1813/1071 1173/1812/1069
f 1201/1849/1097 1199/1850/1095 1198/1851/1094 1200/1852/1096
f 1200/1852/1096 1198/1851/1094 1173/1810/1069 1171/1809/1067
f 1203/1853/1099 1201/1849/1097 1200/1852/1096 1202/1854/1098
f 1202/1854/1098 1200/1852/1096 1171/1809/1067 1169/1808/1065
f 1037/1614/933 1203/1853/1099 1202/1854/1098 1040/1855/936
f 1040/1855/936 1202/1854/1098 1169/1808/1065 1043/1807/939
f 1034/1610/930 1204/1856/1100 1203/1853/1099 1037/1614/933
f 1204/1856/1100 1206/1857/1102 1201/1849/1097 1203/1853/1099
f 1031/1606/927 1205/1858/1101 1204/1856/1100 1034/1610/930
f 1205/1858/1101 1207/1859/1103 1206/1857/1102 1204/1856/1100
f 1207/1860/1103 1209/1861/1105 1208/1862/1104 1206/1863/1102
f 1206/1857/1102 1208/1864/1104 1199/1850/1095 1201/1849/1097
f 1209/1861/1105 1211/1865/1107 1210/1866/1106 1208/1862/1104
f 1208/1862/1104 1210/1866/1106 1197/1844/1093 1199/1847/1095
f 1211/1865/1107 1213/1867/1109 1212/1868/1108 1210/1866/1106
f 1210/1866/1106 1212/1868/1108 1195/1845/1091 1197/1844/1093
f 1213/1869/1109 1215/1870/1111 1214/1871/1110 1212/1872/1108
f 1212/1872/1108 1214/1871/1110 1193/1838/1089 1195/1840/1091
f 1215/1870/1111 1217/1873/1113 1216/1874/1112 1214/1871/1110
f 1214/1871/1110 1216/1874/1112 1191/1836/1087 1193/1838/1089
f 1217/1873/1113 1219/1875/1115 1218/1876/1114 1216/1874/1112
f 1216/1874/1112 1218/1876/1114 1189/1833/1085 1191/1836/1087
f 1219/1875/1115 1221/1877/1117 1220/1878/1116 1218/1876/1114
f 1218/1876/1114 1220/1878/1116 1187/1834/1083 1189/1833/1085
f 1221/1879/1117 1032/1609/928 1035/1613/931 1220/1880/1116
f 1220/1880/1116 1035/1613/931 1038/1617/934 1187/1835/1083
f 1224/1881/1120 1222/1882/1118 1221/1879/1117 1219/1883/1115
f 1222/1882/1118 1029/1603/925 1032/1609/928 1221/1879/1117
f 1225/1884/1121 1223/1885/1119 1222/1882/1118 1224/1881/1120
f 1223/1885/1119 1026/1599/922 1029/1603/925 1222/1882/1118
f 1227/1886/1123 1225/1887/1121 1224/1888/1120 1226/1889/1122
f 1226/1889/1122 1224/1888/1120 1219/1875/1115 1217/1873/1113
f 1229/1890/1125 1227/1886/1123 1226/1889/1122 1228/1891/1124
f 1228/1891/1124 1226/1889/1122 1217/1873/1113 1215/1870/1111
f 1231/1892/1127 1229/1893/1125 1228/1894/1124 1230/1895/1126
f 1230/1896/1126 1228/1891/1124 1215/1870/1111 1213/1869/1109
f 1233/1897/1129 1231/1898/1127 1230/1899/1126 1232/1900/1128
f 1232/1900/1128 1230/1899/1126 1213/1867/1109 1211/1865/1107
f 1235/1901/1131 1233/1897/1129 1232/1900/1128 1234/1902/1130
f 1234/1902/1130 1232/1900/1128 1211/1865/1107 1209/1861/1105
f 1237/1903/1133 1235/1901/1131 1234/1902/1130 1236/1904/1132
f 1236/1904/1132 1234/1902/1130 1209/1861/1105 1207/1860/1103
f 1239/1905/1135 1237/1906/1133 1236/1907/1132 1238/1908/1134
f 1238/1908/1134 1236/1907/1132 1207/1859/1103 1205/1858/1101
f 1025/1909/921 1239/1905/1135 1238/1908/1134 1028/1605/924
f 1028/1605/924 1238/1908/1134 1205/1858/1101 1031/1606/927
f 1022/1910/918 1240/1911/1136 1239/1905/1135 1025/1909/921
f 1240/1911/1136 1242/1912/1138 1237/1906/1133 1239/1905/1135
f 1019/1588/915 1241/1913/1137 1240/1914/1136 1022/1592/918
f 1241/1915/1137 1243/1916/1139 1242/1917/1138 1240/1918/1136
f 1243/1916/1139 1245/1919/1141 1244/1920/1140 1242/1917/1138
f 1242/1917/1138 1244/1920/1140 1235/1901/1131 1237/1903/1133
f 1245/1919/1141 1247/1921/1143 1246/1922/1142 1244/1920/1140
f 1244/1920/1140 1246/1922/1142 1233/1897/1129 1235/1901/1131
f 1247/1923/1143 1249/1924/1145 1248/1925/1144 1246/1926/1142
f 1246/1926/1142 1248/1925/1144 1231/1892/1127 1233/1927/1129
f 1249/1924/1145 1251/1928/1147 1250/1929/1146 1248/1925/1144
f 1248/1925/1144 1250/1929/1146 1229/1893/1125 1231/1892/1127
f 1251/1928/1147 1253/1930/1149 1252/1931/1148 1250/1929/1146
f 1250/1932/1146 1252/1933/1148 1227/1886/1123 1229/1890/1125
f 1253/1934/1149 1255/1935/1151 1254/1936/1150 1252/1937/1148
f 1252/1933/1148 1254/1938/1150 1225/1887/1121 1227/1886/1123
f 1255/1935/1151 1257/1939/1153 1256/1940/1152 1254/1936/1150
f 1254/1936/1150 1256/1940/1152 1223/1885/1119 1225/1884/1121
f 1257/1939/1153 1020/1591/916 1023/1595/919 1256/1940/1152
f 1256/1940/1152 1023/1595/919 1026/1599/922 1223/1885/1119
f 1260/1941/1156 1258/1942/1154 1257/1939/1153 1255/1935/1151
f 1258/1942/1154 1017/1587/913 1020/1591/916 1257/1939/1153
f 1261/1943/1157 1259/1944/1155 1258/1942/1154 1260/1941/1156
f 1259/1944/1155 1014/1583/910 1017/1587/913 1258/1942/1154
f 1263/1945/1159 1261/1943/1157 1260/1941/1156 1262/1946/1158
f 1262/1946/1158 1260/1941/1156 1255/1935/1151 1253/1934/1149
f 1265/1947/1161 1263/1948/1159 1262/1949/1158 1264/1950/1160
f 1264/1950/1160 1262/1949/1158 1253/1930/1149 1251/1928/1147
f 1267/1951/1163 1265/1947/1161 1264/1950/1160 1266/1952/1162
f 1266/1952/1162 1264/1950/1160 1251/1928/1147 1249/1924/1145
f 1269/1953/1165 1267/1951/1163 1266/1952/1162 1268/1954/1164
f 1268/1954/1164 1266/1952/1162 1249/1924/1145 1247/1923/1143
f 1271/1955/1167 1269/1956/1165 1268/1957/1164 1270/1958/1166
f 1270/1958/1166 1268/1957/1164 1247/1921/1143 1245/1919/1141
f 1273/1959/1169 1271/1955/1167 1270/1958/1166 1272/1960/1168
f 1272/1960/1168 1270/1958/1166 1245/1919/1141 1243/1916/1139
f 1275/1961/1171 1273/1962/1169 1272/1963/1168 1274/1964/1170
f 1274/1965/1170 1272/1960/1168 1243/1916/1139 1241/1915/1137
f 1013/1580/909 1275/1961/1171 1274/1964/1170 1016/1584/912
f 1016/1584/912 1274/1964/1170 1241/1913/1137 1019/1588/915
f 1010/1574/906 1276/1966/1172 1275/1961/1171 1013/1580/909
f 1276/1966/1172 1278/1967/1174 1273/1962/1169 1275/1961/1171
f 1007/1570/903 1277/1968/1173 1276/1966/1172 1010/1574/906
f 1277/1968/1173 1279/1969/1175 1278/1967/1174 1276/1966/1172
f 1279/1970/1175 1281/1971/1177 1280/1972/1176 1278/1973/1174
f 1278/1973/1174 1280/1972/1176 1271/1955/1167 1273/1959/1169
f 1281/1971/1177 1283/1974/1179 1282/1975/1178 1280/1972/1176
f 1280/1972/1176 1282/1975/1178 1269/1956/1165 1271/1955/1167
f 1283/1976/1179 1285/1977/1181 1284/1978/1180 1282/1979/1178
f 1282/1979/1178 1284/1978/1180 1267/1951/1163 1269/1953/1165
f 1285/1977/1181 1287/1980/1183 1286/1981/1182 1284/1978/1180
f 1284/1978/1180 1286/1981/1182 1265/1947/1161 1267/1951/1163
f 1287/1980/1183 1289/1982/1185 1288/1983/1184 1286/1981/1182
f 1286/1981/1182 1288/1983/1184 1263/1948/1159 1265/1947/1161
f 1289/1982/1185 1291/1984/1187 1290/1985/1186 1288/1983/1184
f 1288/1986/1184 1290/1987/1186 1261/1943/1157 1263/1945/1159
f 1291/1988/1187 1293/1989/1189 1292/1990/1188 1290/1987/1186
f 1290/1987/1186 1292/1990/1188 1259/1944/1155 1261/1943/1157
f 1293/1989/1189 1008/1576/904 1011/1579/907 1292/1990/1188
f 1292/1990/1188 1011/1579/907 1014/1583/910 1259/1944/1155
f 1296/1991/1192 1294/1992/1190 1293/1993/1189 1291/1994/1187
f 1294/1995/1190 1005/1569/901 1008/1576/904 1293/1989/1189
f 1297/1996/1193 1295/1997/1191 1294/1992/1190 1296/1991/1192
f 1295/1998/1191 1002/1563/898 1005/1569/901 1294/1995/1190
f 1299/1999/1195 1297/1996/1193 1296/1991/1192 1298/2000/1194
f 1298/2000/1194 1296/1991/1192 1291/1994/1187 1289/2001/1185
f 1301/2002/1197 1299/2003/1195 1298/2004/1194 1300/2005/1196
f 1300/2005/1196 1298/2004/1194 1289/1982/1185 1287/1980/1183
f 1303/2006/1199 1301/2002/1197 1300/2005/1196 1302/2007/1198
f 1302/2007/1198 1300/2005/1196 1287/1980/1183 1285/1977/1181
f 1305/2008/1201 1303/2009/1199 1302/2010/1198 1304/2011/1200
f 1304/2012/1200 1302/2007/1198 1285/1977/1181 1283/1976/1179
f 1307/2013/1203 1305/2014/1201 1304/2015/1200 1306/2016/1202
f 1306/2016/1202 1304/2015/1200 1283/2017/1179 1281/2018/1177
f 1309/2019/1205 1307/2013/1203 1306/2016/1202 1308/2020/1204
f 1308/2020/1204 1306/2016/1202 1281/2018/1177 1279/2021/1175
f 1311/2022/1207 1309/2019/1205 1308/2020/1204 1310/2023/1206
f 1310/2024/1206 1308/2025/1204 1279/1969/1175 1277/1968/1173
f 1001/1565/897 1311/2026/1207 1310/2024/1206 1004/1566/900
f 1004/1566/900 1310/2024/1206 1277/1968/1173 1007/1570/903
f 998/2027/894 1312/2028/1208 1311/2022/1207 1001/2029/897
f 1312/2028/1208 1314/2030/1210 1309/2019/1205 1311/2022/1207
f 995/2031/891 1313/2032/1209 1312/2028/1208 998/2027/894
f 1313/2032/1209 1315/2033/1211 1314/2030/1210 1312/2028/1208
f 1315/2033/1211 1317/2034/1213 1316/2035/1212 1314/2030/1210
f 1314/2030/1210 1316/2035/1212 1307/2013/1203 1309/2019/1205
f 1317/2036/1213 1319/2037/1215 1318/2038/1214 1316/2039/1212
f 1316/2039/1212 1318/2038/1214 1305/2008/1201 1307/2040/1203
f 1319/2037/1215 1321/2041/1217 1320/2042/1216 1318/2038/1214
f 1318/2038/1214 1320/2042/1216 1303/2009/1199 1305/2008/1201
f 1321/2041/1217 1323/2043/1219 1322/2044/1218 1320/2042/1216
f 1320/2042/1216 1322/2044/1218 1301/2045/1197 1303/2009/1199
f 1323/2046/1219 1325/2047/1221 1324/2048/1220 1322/2049/1218
f 1322/2049/1218 1324/2048/1220 1299/1999/1195 1301/2050/1197
f 1325/2047/1221 1327/2051/1223 1326/2052/1222 1324/2048/1220
f 1324/2048/1220 1326/2052/1222 1297/1996/1193 1299/1999/1195
f 1327/2051/1223 1329/2053/1225 1328/2054/1224 1326/2052/1222
f 1326/2052/1222 1328/2054/1224 1295/1997/1191 1297/1996/1193
f 1329/2055/1225 996/1557/892 999/1560/895 1328/2056/1224
f 1328/2056/1224 999/1560/895 1002/1563/898 1295/1998/1191
f 1332/2057/1228 1330/2058/1226 1329/2053/1225 1327/2051/1223
f 1330/2059/1226 993/1554/889 996/1557/892 1329/2055/1225
f 1333/2060/1229 1331/2061/1227 1330/2058/1226 1332/2057/1228
f 1331/2062/1227 990/1551/886 993/1554/889 1330/2059/1226
f 1335/2063/1231 1333/2060/1229 1332/2057/1228 1334/2064/1230
f 1334/2064/1230 1332/2057/1228 1327/2051/1223 1325/2047/1221
f 1337/2065/1233 1335/2063/1231 1334/2064/1230 1336/2066/1232
f 1336/2066/1232 1334/2064/1230 1325/2047/1221 1323/2046/1219
f 1339/2067/1235 1337/2068/1233 1336/2069/1232 1338/2070/1234
f 1338/2070/1234 1336/2069/1232 1323/2043/1219 1321/2041/1217
f 1341/2071/1237 1339/2067/1235 1338/2070/1234 1340/2072/1236
f 1340/2072/1236 1338/2070/1234 1321/2041/1217 1319/2037/1215
f 1343/2073/1239 1341/2071/1237 1340/2072/1236 1342/2074/1238
f 1342/2074/1238 1340/2072/1236 1319/2037/1215 1317/2036/1213
f 1345/2075/1241 1343/2076/1239 1342/2077/1238 1344/2078/1240
f 1344/2078/1240 1342/2077/1238 1317/2034/1213 1315/2033/1211
f 1347/2079/1243 1345/2075/1241 1344/2078/1240 1346/2080/1242
f 1346/2080/1242 1344/2078/1240 1315/2033/1211 1313/2032/1209
f 989/2081/885 1347/2079/1243 1346/2080/1242 992/2082/888
f 992/2082/888 1346/2080/1242 1313/2032/1209 995/2031/891
f 986/2083/882 1348/2084/1244 1347/2079/1243 989/2081/885
f 1348/2084/1244 1350/2085/1246 1345/2075/1241 1347/2079/1243
f 983/2086/879 1349/2087/1245 1348/2084/1244 986/2083/882
f 1349/2087/1245 1351/2088/1247 1350/2085/1246 1348/2084/1244
f 1351/2088/1247 1353/2089/1249 1352/2090/1248 1350/2085/1246
f 1350/2085/1246 1352/2090/1248 1343/2076/1239 1345/2075/1241
f 1353/2091/1249 1355/2092/1251 1354/2093/1250 1352/2094/1248
f 1352/2094/1248 1354/2093/1250 1341/2071/1237 1343/2073/1239
f 1355/2092/1251 1357/2095/1253 1356/2096/1252 1354/2093/1250
f 1354/2093/1250 1356/2096/1252 1339/2067/1235 1341/2071/1237
f 1357/2095/1253 1359/2097/1255 1358/2098/1254 1356/2096/1252
f 1356/2096/1252 1358/2098/1254 1337/2068/1233 1339/2067/1235
f 1359/2099/1255 1361/2100/1257 1360/2101/1256 1358/2102/1254
f 1358/2102/1254 1360/2101/1256 1335/2063/1231 1337/2065/1233
f 1361/2100/1257 1363/2103/1259 1362/2104/1258 1360/2101/1256
f 1360/2101/1256 1362/2104/1258 1333/2060/1229 1335/2063/1231
f 1363/2103/1259 1365/2105/1261 1364/2106/1260 1362/2104/1258
f 1362/2104/1258 1364/2106/1260 1331/2061/1227 1333/2060/1229
f 1365/2107/1261 984/1545/880 987/1548/883 1364/2108/1260
f 1364/2108/1260 987/1548/883 990/1551/886 1331/2062/1227
f 1368/2109/1264 1366/2110/1262 1365/2105/1261 1363/2103/1259
f 1366/2111/1262 981/1542/877 984/1545/880 1365/2107/1261
f 1369/2112/1265 1367/2113/1263 1366/2110/1262 1368/2109/1264
f 1367/2114/1263 978/1539/874 981/1542/877 1366/2111/1262
f 1371/2115/1267 1369/2112/1265 1368/2109/1264 1370/2116/1266
f 1370/2116/1266 1368/2109/1264 1363/2103/1259 1361/2100/1257
f 1373/2117/1269 1371/2115/1267 1370/2116/1266 1372/2118/1268
f 1372/2118/1268 1370/2116/1266 1361/2100/1257 1359/2099/1255
f 1375/2119/1271 1373/2120/1269 1372/2121/1268 1374/2122/1270
f 1374/2122/1270 1372/2121/1268 1359/2097/1255 1357/2095/1253
f 1377/2123/1273 1375/2119/1271 1374/2122/1270 1376/2124/1272
f 1376/2124/1272 1374/2122/1270 1357/2095/1253 1355/2092/1251
f 1379/2125/1275 1377/2123/1273 1376/2124/1272 1378/2126/1274
f 1378/2126/1274 1376/2124/1272 1355/2092/1251 1353/2091/1249
f 1381/2127/1277 1379/2128/1275 1378/2129/1274 1380/2130/1276
f 1380/2130/1276 1378/2129/1274 1353/2089/1249 1351/2088/1247
f 1383/2131/1279 1381/2127/1277 1380/2130/1276 1382/2132/1278
f 1382/2132/1278 1380/2130/1276 1351/2088/1247 1349/2087/1245
f 977/2133/873 1383/2131/1279 1382/2132/1278 980/2134/876
f 980/2134/876 1382/2132/1278 1349/2087/1245 983/2086/879
f 974/2135/870 1384/2136/1280 1383/2131/1279 977/2133/873
f 1384/2136/1280 1386/2137/1282 1381/2127/1277 1383/2131/1279
f 971/2138/867 1385/2139/1281 1384/2136/1280 974/2135/870
f 1385/2139/1281 1387/2140/1283 1386/2137/1282 1384/2136/1280
f 1387/2140/1283 1389/2141/1285 1388/2142/1284 1386/2137/1282
f 1386/2137/1282 1388/2142/1284 1379/2128/1275 1381/2127/1277
f 1389/2143/1285 1391/2144/1287 1390/2145/1286 1388/2146/1284
f 1388/2146/1284 1390/2145/1286 1377/2123/1273 1379/2125/1275
f 1391/2144/1287 1393/2147/1289 1392/2148/1288 1390/2145/1286
f 1390/2145/1286 1392/2148/1288 1375/2119/1271 1377/2123/1273
f 1393/2147/1289 1395/2149/1291 1394/2150/1290 1392/2148/1288
f 1392/2148/1288 1394/2150/1290 1373/2120/1269 1375/2119/1271
f 1395/2151/1291 1397/2152/1293 1396/2153/1292 1394/2154/1290
f 1394/2154/1290 1396/2153/1292 1371/2115/1267 1373/2117/1269
f 1397/2152/1293 1399/2155/1295 1398/2156/1294 1396/2153/1292
f 1396/2153/1292 1398/2156/1294 1369/2112/1265 1371/2115/1267
f 1399/2155/1295 1401/2157/1297 1400/2158/1296 1398/2156/1294
f 1398/2156/1294 1400/2158/1296 1367/2113/1263 1369/2112/1265
f 1401/2159/1297 972/1533/868 975/1536/871 1400/2160/1296
f 1400/2160/1296 975/1536/871 978/1539/874 1367/2114/1263
f 1404/2161/1300 1402/2162/1298 1401/2157/1297 1399/2155/1295
f 1402/2163/1298 969/1530/865 972/1533/868 1401/2159/1297
f 1405/2164/1301 1403/2165/1299 1402/2162/1298 1404/2161/1300
f 1403/2166/1299 966/1527/862 969/1530/865 1402/2163/1298
f 1407/2167/1303 1405/2164/1301 1404/2161/1300 1406/2168/1302
f 1406/2168/1302 1404/2161/1300 1399/2155/1295 1397/2152/1293
f 1409/2169/1305 1407/2170/1303 1406/2171/1302 1408/2172/1304
f 1408/2173/1304 1406/2168/1302 1397/2152/1293 1395/2151/1291
f 1411/2174/1307 1409/2175/1305 1408/2176/1304 1410/2177/1306
f 1410/2177/1306 1408/2176/1304 1395/2149/1291 1393/2147/1289
f 1413/2178/1309 1411/2174/1307 1410/2177/1306 1412/2179/1308
f 1412/2179/1308 1410/2177/1306 1393/2147/1289 1391/2144/1287
f 1415/2180/1311 1413/2178/1309 1412/2179/1308 1414/2181/1310
f 1414/2181/1310 1412/2179/1308 1391/2144/1287 1389/2143/1285
f 1417/2182/1313 1415/2183/1311 1414/2184/1310 1416/2185/1312
f 1416/2185/1312 1414/2184/1310 1389/2141/1285 1387/2140/1283
f 1419/2186/1315 1417/2182/1313 1416/2185/1312 1418/2187/1314
f 1418/2187/1314 1416/2185/1312 1387/2140/1283 1385/2139/1281
f 965/2188/861 1419/2186/1315 1418/2187/1314 968/2189/864
f 968/2189/864 1418/2187/1314 1385/2139/1281 971/2138/867
f 962/2190/858 1420/2191/1316 1419/2192/1315 965/2193/861
f 1420/2191/1316 1422/2194/1318 1417/2195/1313 1419/2192/1315
f 959/2196/855 1421/2197/1317 1420/2191/1316 962/2190/858
f 1421/2197/1317 1423/2198/1319 1422/2194/1318 1420/2191/1316
f 1423/2198/1319 1425/2199/1321 1424/2200/1320 1422/2194/1318
f 1422/2201/1318 1424/2202/1320 1415/2180/1311 1417/2203/1313
f 1425/2204/1321 1427/2205/1323 1426/2206/1322 1424/2202/1320
f 1424/2202/1320 1426/2206/1322 1413/2178/1309 1415/2180/1311
f 1427/2205/1323 1429/2207/1325 1428/2208/1324 1426/2206/1322
f 1426/2206/1322 1428/2208/1324 1411/2174/1307 1413/2178/1309
f 1429/2207/1325 1431/2209/1327 1430/2210/1326 1428/2208/1324
f 1428/2208/1324 1430/2210/1326 1409/2175/1305 1411/2174/1307
f 1431/2211/1327 1433/2212/1329 1432/2213/1328 1430/2214/1326
f 1430/2214/1326 1432/2213/1328 1407/2170/1303 1409/2169/1305
f 1433/2212/1329 1435/2215/1331 1434/2216/1330 1432/2213/1328
f 1432/2213/1328 1434/2216/1330 1405/2217/1301 1407/2170/1303
f 1435/2218/1331 1437/2219/1333 1436/2220/1332 1434/2221/1330
f 1434/2221/1330 1436/2220/1332 1403/2166/1299 1405/2222/1301
f 1437/2219/1333 960/1521/856 963/1524/859 1436/2220/1332
f 1436/2220/1332 963/1524/859 966/1527/862 1403/2166/1299
f 1440/2223/1336 1438/2224/1334 1437/2219/1333 1435/2218/1331
f 1438/2224/1334 957/1518/853 960/1521/856 1437/2219/1333
f 1441/2225/1337 1439/2226/1335 1438/2224/1334 1440/2223/1336
f 1439/2226/1335 954/1515/850 957/1518/853 1438/2224/1334
f 1443/2227/1339 1441/2228/1337 1440/2229/1336 1442/2230/1338
f 1442/2230/1338 1440/2229/1336 1435/2215/1331 1433/2212/1329
f 1445/2231/1341 1443/2227/1339 1442/2230/1338 1444/2232/1340
f 1444/2232/1340 1442/2230/1338 1433/2212/1329 1431/2211/1327
f 1447/2233/1343 1445/2234/1341 1444/2235/1340 1446/2236/1342
f 1446/2236/1342 1444/2235/1340 1431/2209/1327 1429/2207/1325
f 1449/2237/1345 1447/2233/1343 1446/2236/1342 1448/2238/1344
f 1448/2238/1344 1446/2236/1342 1429/2207/1325 1427/2205/1323
f 1451/2239/1347 1449/2237/1345 1448/2238/1344 1450/2240/1346
f 1450/2240/1346 1448/2238/1344 1427/2205/1323 1425/2204/1321
f 1453/2241/1349 1451/2242/1347 1450/2243/1346 1452/2244/1348
f 1452/2244/1348 1450/2243/1346 1425/2199/1321 1423/2198/1319
f 1455/2245/1351 1453/2241/1349 1452/2244/1348 1454/2246/1350
f 1454/2246/1350 1452/2244/1348 1423/2198/1319 1421/2197/1317
f 953/2247/849 1455/2245/1351 1454/2246/1350 956/2248/852
f 956/2248/852 1454/2246/1350 1421/2197/1317 959/2196/855
f 950/2249/846 1456/2250/1352 1455/2245/1351 953/2247/849
f 1456/2250/1352 1458/2251/1354 1453/2241/1349 1455/2245/1351
f 947/1505/843 1457/2252/1353 1456/2250/1352 950/2249/846
f 1457/2252/1353 1459/2253/1355 1458/2251/1354 1456/2250/1352
f 1459/2253/1355 1461/2254/1357 1460/2255/1356 1458/2251/1354
f 1458/2251/1354 1460/2255/1356 1451/2242/1347 1453/2241/1349
f 1461/2256/1357 1463/2257/1359 1462/2258/1358 1460/2259/1356
f 1460/2259/1356 1462/2258/1358 1449/2237/1345 1451/2239/1347
f 1463/2257/1359 1465/2260/1361 1464/2261/1360 1462/2258/1358
f 1462/2258/1358 1464/2261/1360 1447/2233/1343 1449/2237/1345
f 1465/2262/1361 1467/2263/1363 1466/2264/1362 1464/2265/1360
f 1464/2265/1360 1466/2264/1362 1445/2231/1341 1447/2266/1343
f 1467/2263/1363 1469/2267/1365 1468/2268/1364 1466/2264/1362
f 1466/2264/1362 1468/2268/1364 1443/2227/1339 1445/2231/1341
f 1469/2267/1365 1471/2269/1367 1470/2270/1366 1468/2268/1364
f 1468/2268/1364 1470/2270/1366 1441/2228/1337 1443/2227/1339
f 1471/2271/1367 1473/2272/1369 1472/2273/1368 1470/2274/1366
f 1470/2274/1366 1472/2273/1368 1439/2226/1335 1441/2225/1337
f 1473/2272/1369 948/1508/844 951/1512/847 1472/2273/1368
f 1472/2273/1368 951/1512/847 954/1515/850 1439/2226/1335
f 1476/2275/1372 1474/2276/1370 1473/2272/1369 1471/2271/1367
f 1474/2276/1370 945/1504/841 948/1508/844 1473/2272/1369
f 1477/2277/1373 1475/2278/1371 1474/2279/1370 1476/2280/1372
f 1475/2281/1371 942/1501/838 945/1504/841 1474/2276/1370
f 1479/2282/1375 1477/2277/1373 1476/2280/1372 1478/2283/1374
f 1478/2283/1374 1476/2280/1372 1471/2269/1367 1469/2267/1365
f 1481/2284/1377 1479/2282/1375 1478/2283/1374 1480/2285/1376
f 1480/2285/1376 1478/2283/1374 1469/2267/1365 1467/2263/1363
f 1483/2286/1379 1481/2284/1377 1480/2285/1376 1482/2287/1378
f 1482/2287/1378 1480/2285/1376 1467/2263/1363 1465/2262/1361
f 1485/2288/1381 1483/2289/1379 1482/2290/1378 1484/2291/1380
f 1484/2291/1380 1482/2290/1378 1465/2260/1361 1463/2257/1359
f 1487/2292/1383 1485/2293/1381 1484/2294/1380 1486/2295/1382
f 1486/2296/1382 1484/2291/1380 1463/2257/1359 1461/2256/1357
f 1489/2297/1385 1487/2298/1383 1486/2299/1382 1488/2300/1384
f 1488/2300/1384 1486/2299/1382 1461/2254/1357 1459/2253/1355
f 1491/2301/1387 1489/2297/1385 1488/2300/1384 1490/2302/1386
f 1490/2302/1386 1488/2300/1384 1459/2253/1355 1457/2252/1353
f 941/1495/837 1491/2301/1387 1490/2302/1386 944/1499/840
f 944/1499/840 1490/2302/1386 1457/2252/1353 947/1505/843
f 938/1491/834 1492/2303/1388 1491/2301/1387 941/1495/837
f 1492/2303/1388 1493/2304/1389 1489/2297/1385 1491/2301/1387
f 933/1485/829 931/1483/827 1492/2303/1388 938/1491/834
f 931/1483/827 929/1482/825 1493/2304/1389 1492/2303/1388
f 929/1479/825 927/1477/823 1494/2305/1390 1493/2306/1389
f 1493/2306/1389 1494/2305/1390 1487/2292/1383 1489/2307/1385
f 927/1477/823 925/1475/821 1495/2308/1391 1494/2305/1390
f 1494/2305/1390 1495/2308/1391 1485/2293/1381 1487/2292/1383
f 925/1475/821 923/1473/819 1496/2309/1392 1495/2308/1391
f 1495/2308/1391 1496/2309/1392 1483/2310/1379 1485/2293/1381
f 923/2311/819 921/1469/817 1497/2312/1393 1496/2313/1392
f 1496/2313/1392 1497/2312/1393 1481/2284/1377 1483/2286/1379
f 921/1469/817 919/1467/815 1498/2314/1394 1497/2312/1393
f 1497/2312/1393 1498/2314/1394 1479/2282/1375 1481/2284/1377
f 919/1467/815 917/1466/813 1499/2315/1395 1498/2314/1394
f 1498/2314/1394 1499/2315/1395 1477/2277/1373 1479/2282/1375
f 917/1463/813 915/1461/811 1500/2316/1396 1499/2317/1395
f 1499/2317/1395 1500/2316/1396 1475/2318/1371 1477/2319/1373
f 915/1461/811 936/1460/832 939/1494/835 1500/2316/1396
f 1500/2316/1396 939/1494/835 942/1498/838 1475/2318/1371
o C1_LOW
v 0.897517 1.831085 1.592472
v 0.897517 1.878149 1.592472
v 0.897517 1.831085 1.205644
v 0.897517 1.878149 1.205644
v 0.927831 1.831085 1.592472
v 0.927831 1.878149 1.592472
v 0.927831 1.831085 1.205644
v 0.927831 1.878149 1.205644
v 0.893480 2.327504 1.592528
v 0.893480 2.367418 1.592528
v 0.893480 2.327504 1.207933
v 0.893480 2.367418 1.207933
v 0.924659 2.327504 1.592528
v 0.924659 2.367418 1.592528
v 0.924659 2.327504 1.207933
v 0.924659 2.367418 1.207933
v 0.895808 2.031207 1.591355
v 0.895808 2.067053 1.591355
v 0.895808 2.031207 1.206760
v 0.895808 2.067053 1.206760
v 0.926987 2.031207 1.591355
v 0.926987 2.067053 1.591355
v 0.926987 2.031207 1.206760
v 0.926987 2.067053 1.206760
v 0.904983 2.043336 1.406870
v 0.904983 2.043336 1.396927
v 0.904983 1.864142 1.406870
v 0.904983 1.864142 1.396927
v 0.919105 2.043336 1.406870
v 0.919105 2.043336 1.396927
v 0.919105 1.864142 1.406870
v 0.919105 1.864142 1.396927
v 0.904983 2.043336 1.308414
v 0.904983 2.043336 1.298564
v 0.904983 1.864142 1.308414
v 0.904983 1.864142 1.298564
v 0.919105 2.043336 1.308414
v 0.919105 2.043336 1.298564
v 0.919105 1.864142 1.308414
v 0.919105 1.864142 1.298564
v 0.904983 2.043336 1.283396
v 0.904983 2.043336 1.273547
v 0.904983 1.864142 1.283396
v 0.904983 1.864142 1.273547
v 0.919105 2.043336 1.283396
v 0.919105 2.043336 1.273547
v 0.919105 1.864142 1.283396
v 0.919105 1.864142 1.273547
v 0.904983 2.043336 1.258379
v 0.904983 2.043336 1.248530
v 0.904983 1.864142 1.258379
v 0.904983 1.864142 1.248530
v 0.919105 2.043336 1.258379
v 0.919105 2.043336 1.248530
v 0.919105 1.864142 1.258379
v 0.919105 1.864142 1.248530
v 0.904983 2.043336 1.233362
v 0.904983 2.043336 1.223513
v 0.904983 1.864142 1.233362
v 0.904983 1.864142 1.223513
v 0.919105 2.043336 1.233362
v 0.919105 2.043336 1.223513
v 0.919105 1.864142 1.233362
v 0.919105 1.864142 1.223513
v 0.901549 2.337847 1.316870
v 0.901549 2.337847 1.304831
v 0.901549 2.058358 1.316870
v 0.901549 2.058358 1.304831
v 0.920009 2.337847 1.316870
v 0.920009 2.337847 1.304831
v 0.920009 2.058358 1.316870
v 0.920009 2.058358 1.304831
v 0.901549 2.337847 1.282419
v 0.901549 2.337847 1.253154
v 0.901549 2.058358 1.282419
v 0.901549 2.058358 1.253154
v 0.920009 2.337847 1.282419
v 0.920009 2.337847 1.253154
v 0.920009 2.058358 1.282419
v 0.920009 2.058358 1.253154
v 0.940507 2.157319 1.047194
v 0.940507 2.157319 1.025780
v 0.940507 2.149423 1.047194
v 0.940507 2.149423 1.025780
v 0.973336 2.157319 1.047194
v 0.959280 2.157319 1.025780
v 0.973336 2.149423 1.047194
v 0.959280 2.149423 1.025780
v 0.940507 2.157319 1.040349
v 0.940507 2.157319 1.028723
v 0.940507 2.149423 1.028723
v 0.940507 2.149423 1.040349
v 0.968609 2.149423 1.028723
v 0.973230 2.149423 1.040349
v 0.968609 2.157319 1.028723
v 0.973230 2.157319 1.040349
v 0.940507 2.157319 1.036474
v 0.940507 2.157319 1.032010
v 0.940507 2.149423 1.032010
v 0.940507 2.149423 1.036474
v 0.971339 2.149423 1.032010
v 0.972663 2.149423 1.036474
v 0.971339 2.157319 1.032010
v 0.972663 2.157319 1.036474
v 0.943093 2.274783 1.174220
v 0.943093 2.319125 1.174220
v 0.943093 2.274783 1.161767
v 0.943093 2.319125 1.161767
v 0.975985 2.274783 1.174220
v 0.962636 2.319125 1.174220
v 0.975985 2.274783 1.161767
v 0.962636 2.319125 1.161767
v 0.943093 2.289564 1.174220
v 0.943093 2.314670 1.174220
v 0.943093 2.314670 1.161767
v 0.943093 2.289564 1.161767
v 0.970085 2.314670 1.161767
v 0.975985 2.289564 1.161767
v 0.970085 2.314670 1.174220
v 0.975985 2.289564 1.174220
v 0.943093 2.297933 1.174220
v 0.943093 2.307572 1.174220
v 0.943093 2.307572 1.161767
v 0.943093 2.297933 1.161767
v 0.974169 2.307572 1.161767
v 0.975479 2.297933 1.161767
v 0.974169 2.307572 1.174220
v 0.975479 2.297933 1.174220
v 0.943093 2.274783 1.193462
v 0.943093 2.319125 1.193462
v 0.943093 2.274783 1.181008
v 0.943093 2.319125 1.181008
v 0.975985 2.274783 1.193462
v 0.962636 2.319125 1.193462
v 0.975985 2.274783 1.181008
v 0.962636 2.319125 1.181008
v 0.943093 2.289564 1.193462
v 0.943093 2.314670 1.193462
v 0.943093 2.314670 1.181008
v 0.943093 2.289564 1.181008
v 0.970085 2.314670 1.181008
v 0.975985 2.289564 1.181008
v 0.970085 2.314670 1.193462
v 0.975985 2.289564 1.193462
v 0.943093 2.297933 1.193462
v 0.943093 2.307572 1.193462
v 0.943093 2.307572 1.181008
v 0.943093 2.297933 1.181008
v 0.974169 2.307572 1.181008
v 0.975479 2.297933 1.181008
v 0.974169 2.307572 1.193462
v 0.975479 2.297933 1.193462
v 0.940507 2.174021 1.047194
v 0.940507 2.174021 1.025780
v 0.940507 2.166125 1.047194
v 0.940507 2.166125 1.025780
v 0.973336 2.174021 1.047194
v 0.959280 2.174021 1.025780
v 0.973336 2.166125 1.047194
v 0.959280 2.166125 1.025780
v 0.940507 2.174021 1.040349
v 0.940507 2.174021 1.028723
v 0.940507 2.166125 1.028723
v 0.940507 2.166125 1.040349
v 0.968609 2.166125 1.028723
v 0.973230 2.166125 1.040349
v 0.968609 2.174021 1.028723
v 0.973230 2.174021 1.040349
v 0.940507 2.174021 1.036474
v 0.940507 2.174021 1.032010
v 0.940507 2.166125 1.032010
v 0.940507 2.166125 1.036474
v 0.971339 2.166125 1.032010
v 0.972663 2.166125 1.036474
v 0.971339 2.174021 1.032010
v 0.972663 2.174021 1.036474
v 0.923941 1.968113 1.089959
v 0.923941 2.470953 1.191130
v 0.923941 1.965419 0.913560
v 0.923941 2.542438 0.937140
v 0.945257 1.968113 1.089959
v 0.945257 2.470953 1.191130
v 0.945257 1.965419 0.913560
v 0.945257 2.542438 0.937140
v 0.923941 2.115403 1.079767
v 0.923941 2.115403 0.939014
v 0.945257 2.115403 0.939014
v 0.945257 2.115403 1.079767
v 0.923941 2.065408 0.934373
v 0.923941 2.015414 0.927972
v 0.945257 2.065408 0.934373
v 0.945257 2.015414 0.927972
v 0.945257 2.065408 1.066101
v 0.945257 2.015414 1.066904
v 0.923941 2.015414 1.066904
v 0.923941 2.065408 1.066101
v 0.923941 1.655248 1.196236
v 0.923941 1.638430 1.158311
v 0.945257 1.655248 1.196236
v 0.945257 1.638430 1.158311
v 0.961295 1.877228 1.189907
v 0.961295 1.958590 1.189907
v 0.961295 1.877228 1.167705
v 0.961295 1.958590 1.167705
v 0.975478 1.877377 1.189907
v 0.993583 1.958590 1.189907
v 0.975478 1.877377 1.167705
v 0.993583 1.958590 1.167705
v 0.965649 1.873438 1.167705
v 0.971003 1.873213 1.167705
v 0.980116 1.958590 1.167705
v 0.974762 1.958590 1.167705
v 0.971003 1.873213 1.189907
v 0.965649 1.873438 1.189907
v 0.974762 1.958590 1.189907
v 0.980116 1.958590 1.189907
v 0.961295 1.877228 1.072922
v 0.961295 1.958590 1.072922
v 0.961295 1.877228 1.050720
v 0.961295 1.958590 1.050720
v 0.975478 1.877377 1.072922
v 0.993583 1.958590 1.072922
v 0.975478 1.877377 1.050720
v 0.993583 1.958590 1.050720
v 0.965649 1.873438 1.050720
v 0.971003 1.873213 1.050720
v 0.980116 1.958590 1.050720
v 0.974762 1.958590 1.050720
v 0.971003 1.873213 1.072922
v 0.965649 1.873438 1.072922
v 0.974762 1.958590 1.072922
v 0.980116 1.958590 1.072922
v 0.960677 1.973143 1.069446
v 0.960677 1.983818 1.069446
v 0.960677 1.973143 1.053159
v 0.960677 1.983818 1.053159
v 0.977856 1.973143 1.069446
v 0.976986 1.983818 1.069446
v 0.977856 1.973143 1.053159
v 0.976986 1.983818 1.053159
v 0.960677 2.017591 1.069446
v 0.960677 2.017591 1.053159
v 0.993289 2.017591 1.069446
v 0.993289 2.017591 1.053159
v 0.978228 1.995075 1.053159
v 0.983553 2.006333 1.053159
v 0.983553 2.006333 1.069446
v 0.978228 1.995075 1.069446
v 0.960677 1.995075 1.069446
v 0.960677 2.006333 1.069446
v 0.960677 2.006333 1.053159
v 0.960677 1.995075 1.053159
v 0.960677 1.947469 1.069446
v 0.960677 1.947469 1.053159
v 0.987407 1.947469 1.069446
v 0.987407 1.947469 1.053159
v 0.960677 1.960306 1.069446
v 0.981288 1.960306 1.069446
v 0.981288 1.960306 1.053159
v 0.960677 1.960306 1.053159
v 0.960677 1.973143 1.170317
v 0.960677 1.983818 1.170317
v 0.960677 1.973143 1.186603
v 0.960677 1.983818 1.186603
v 0.977856 1.973143 1.170317
v 0.976986 1.983818 1.170317
v 0.977856 1.973143 1.186603
v 0.976986 1.983818 1.186603
v 0.960677 2.017591 1.170317
v 0.960677 2.017591 1.186603
v 0.993289 2.017591 1.170317
v 0.993289 2.017591 1.186603
v 0.978228 1.995075 1.186603
v 0.983553 2.006333 1.186603
v 0.983553 2.006333 1.170317
v 0.978228 1.995075 1.170317
v 0.960677 1.995075 1.170317
v 0.960677 2.006333 1.170317
v 0.960677 2.006333 1.186603
v 0.960677 1.995075 1.186603
v 0.960677 1.947469 1.170317
v 0.960677 1.947469 1.186603
v 0.987407 1.947469 1.170317
v 0.987407 1.947469 1.186603
v 0.960677 1.960306 1.170317
v 0.981288 1.960306 1.170317
v 0.981288 1.960306 1.186603
v 0.960677 1.960306 1.186603
vn -1.0000 -0.0000 -0.0000
vn -0.0000 -0.0000 -1.0000
vn 1.0000 -0.0000 -0.0000
vn -0.0000 -0.0000 1.0000
vn -0.0000 -1.0000 -0.0000
vn -0.0000 1.0000 -0.0000
vn 0.3009 -0.0000 -0.9537
vn 0.9999 -0.0000 -0.0154
vn 0.9968 -0.0000 -0.0803
vn 0.8820 -0.0000 -0.4713
vn 0.7692 -0.0000 -0.6390
vn 0.9766 -0.0000 -0.2151
vn 0.7131 0.7011 -0.0000
vn 0.5133 0.8582 -0.0000
vn 0.9995 0.0302 -0.0000
vn 0.9465 0.3227 -0.0000
vn 0.9952 0.0976 -0.0000
vn -0.0000 -0.0044 -1.0000
vn -0.0000 -0.2989 0.9543
vn -0.0000 0.3216 0.9469
vn -0.0000 0.9626 0.2709
vn -0.0000 -0.2637 0.9646
vn -0.0000 0.0924 -0.9957
vn -0.0000 0.2770 -0.9609
vn -0.0000 0.1270 -0.9919
vn -0.0000 0.4381 0.8989
vn -0.0000 0.0161 0.9999
vn -0.0000 -0.9141 0.4054
vn -0.0000 -0.5992 -0.8006
vn 0.9760 -0.2176 -0.0000
vn -0.6566 -0.7542 -0.0000
vn 0.6812 -0.7321 -0.0000
vn -0.0421 -0.9991 -0.0000
vn 0.9854 0.1704 -0.0000
vn 0.9999 -0.0143 -0.0000
vn 0.8379 -0.5459 -0.0000
vn 0.7564 -0.6542 -0.0000
vn 0.9622 -0.2724 -0.0000
vn 0.9383 0.3457 -0.0000
vn 0.9027 0.4303 -0.0000
vt 0.806220 0.449596
vt 0.806220 0.480861
vt 0.549240 0.480861
vt 0.549240 0.449596
vt 0.013355 0.866026
vt 0.013355 0.834760
vt 0.033493 0.834763
vt 0.033493 0.866029
vt 0.796651 0.483095
vt 0.796626 0.514354
vt 0.539597 0.514354
vt 0.539622 0.483095
vt 0.111439 0.959330
vt 0.111439 0.928067
vt 0.131579 0.928067
vt 0.131579 0.959330
vt 0.803828 0.806220
vt 0.783688 0.806219
vt 0.783688 0.549253
vt 0.803828 0.549254
vt 0.431951 0.799043
vt 0.431956 0.778909
vt 0.688995 0.778909
vt 0.688990 0.799043
vt 0.355263 0.794059
vt 0.355263 0.820574
vt 0.099767 0.820574
vt 0.099767 0.794059
vt 0.876416 0.956935
vt 0.876416 0.930419
vt 0.897129 0.930422
vt 0.897129 0.956938
vt 0.098086 0.820574
vt 0.071576 0.820553
vt 0.071576 0.565009
vt 0.098086 0.565029
vt 0.924261 0.253589
vt 0.924261 0.227075
vt 0.944976 0.227075
vt 0.944976 0.253589
vt 0.826555 0.827751
vt 0.805841 0.827750
vt 0.805841 0.572268
vt 0.826555 0.572269
vt 0.409512 0.822967
vt 0.409517 0.802258
vt 0.665072 0.802258
vt 0.665066 0.822966
vt 0.818182 0.255981
vt 0.794368 0.255981
vt 0.794368 0.000484
vt 0.818182 0.000484
vt 0.194598 0.976074
vt 0.194598 0.952260
vt 0.215311 0.952263
vt 0.215311 0.976077
vt 0.813397 0.424755
vt 0.813379 0.448565
vt 0.557834 0.448565
vt 0.557852 0.424755
vt 0.596510 0.978469
vt 0.596510 0.954657
vt 0.617225 0.954657
vt 0.617225 0.978469
vt 0.759569 0.837321
vt 0.738855 0.837320
vt 0.738855 0.581837
vt 0.759569 0.581838
vt 0.761588 0.565014
vt 0.782297 0.565019
vt 0.782297 0.820574
vt 0.761588 0.820569
vt 0.610620 0.244594
vt 0.617225 0.244594
vt 0.617225 0.363636
vt 0.610620 0.363636
vt 0.046027 0.024111
vt 0.052632 0.024110
vt 0.052632 0.033493
vt 0.046027 0.033493
vt 0.956938 0.877985
vt 0.950331 0.877990
vt 0.950331 0.758970
vt 0.956938 0.758965
vt 0.026316 0.090907
vt 0.019709 0.090909
vt 0.019709 0.081529
vt 0.026316 0.081528
vt 0.619617 0.947368
vt 0.610235 0.947368
vt 0.610235 0.828335
vt 0.619617 0.828335
vt 0.942584 0.808612
vt 0.933202 0.808611
vt 0.933202 0.689567
vt 0.942584 0.689568
vt 0.866663 0.833110
vt 0.873206 0.833110
vt 0.873206 0.952153
vt 0.866663 0.952153
vt 0.091543 0.000187
vt 0.098086 0.000187
vt 0.098086 0.009569
vt 0.091543 0.009569
vt 0.961723 0.753583
vt 0.955178 0.753589
vt 0.955178 0.634568
vt 0.961723 0.634563
vt 0.040670 0.133970
vt 0.034125 0.133971
vt 0.034125 0.124592
vt 0.040670 0.124590
vt 0.947368 0.930622
vt 0.937986 0.930622
vt 0.937986 0.811589
vt 0.947368 0.811589
vt 0.009569 0.851675
vt 0.000188 0.851673
vt 0.000188 0.732629
vt 0.009569 0.732630
vt 0.945610 0.634546
vt 0.952153 0.634546
vt 0.952153 0.753589
vt 0.945610 0.753589
vt 0.101113 0.000187
vt 0.107656 0.000187
vt 0.107656 0.009569
vt 0.101113 0.009569
vt 0.966507 0.875593
vt 0.959963 0.875598
vt 0.959963 0.756578
vt 0.966507 0.756573
vt 0.131579 0.009568
vt 0.125034 0.009569
vt 0.125034 0.000190
vt 0.131579 0.000188
vt 0.607656 0.947368
vt 0.598273 0.947368
vt 0.598273 0.828335
vt 0.607656 0.828335
vt 0.081340 0.373206
vt 0.071958 0.373204
vt 0.071958 0.254160
vt 0.081340 0.254161
vt 0.292500 0.512536
vt 0.299043 0.512536
vt 0.299043 0.631579
vt 0.292500 0.631579
vt 0.093936 0.012149
vt 0.100478 0.012148
vt 0.100478 0.021531
vt 0.093936 0.021531
vt 0.966507 0.119612
vt 0.959963 0.119617
vt 0.959963 0.000597
vt 0.966507 0.000592
vt 0.141148 0.009568
vt 0.134604 0.009569
vt 0.134604 0.000190
vt 0.141148 0.000188
vt 0.956938 0.244019
vt 0.947555 0.244019
vt 0.947555 0.124986
vt 0.956938 0.124986
vt 0.935407 0.937799
vt 0.926025 0.937798
vt 0.926025 0.818753
vt 0.935407 0.818755
vt 0.854701 0.227847
vt 0.861244 0.227847
vt 0.861244 0.346890
vt 0.854701 0.346890
vt 0.113075 0.000187
vt 0.119617 0.000187
vt 0.119617 0.009569
vt 0.113075 0.009569
vt 0.966507 0.241622
vt 0.959963 0.241627
vt 0.959963 0.122607
vt 0.966507 0.122601
vt 0.057416 0.186601
vt 0.050872 0.186603
vt 0.050872 0.177223
vt 0.057416 0.177222
vt 0.956938 0.119617
vt 0.947555 0.119617
vt 0.947555 0.000584
vt 0.956938 0.000584
vt 0.397129 0.564593
vt 0.387748 0.564592
vt 0.387748 0.445547
vt 0.397129 0.445549
vt 0.529639 0.525120
vt 0.529639 0.517122
vt 0.715311 0.517122
vt 0.715311 0.525120
vt 0.358031 0.176731
vt 0.366029 0.176731
vt 0.366029 0.188995
vt 0.358031 0.188995
vt 0.069378 0.765544
vt 0.061379 0.765550
vt 0.061379 0.579913
vt 0.069378 0.579907
vt 0.028708 0.014352
vt 0.020708 0.014354
vt 0.020708 0.002094
vt 0.028708 0.002092
vt 0.633971 0.367225
vt 0.621707 0.367225
vt 0.621707 0.181568
vt 0.633971 0.181568
vt 0.221292 0.222488
vt 0.209029 0.222486
vt 0.209029 0.036811
vt 0.221292 0.036813
vt 0.055949 0.854067
vt 0.055949 0.834624
vt 0.241620 0.834624
vt 0.241627 0.854067
vt 0.098086 0.320272
vt 0.098086 0.339713
vt 0.085822 0.339712
vt 0.085822 0.320272
vt 0.068182 0.394722
vt 0.048736 0.394737
vt 0.048736 0.209100
vt 0.068182 0.209084
vt 0.210228 0.021528
vt 0.210228 0.002082
vt 0.222488 0.002085
vt 0.222488 0.021531
vt 0.248501 0.457884
vt 0.260766 0.457884
vt 0.260766 0.643541
vt 0.248501 0.643541
vt 0.241618 0.822362
vt 0.055950 0.822362
vt 0.623906 0.846530
vt 0.623906 0.844565
vt 0.629173 0.844567
vt 0.629173 0.846530
vt 0.196609 0.906419
vt 0.198565 0.906419
vt 0.198565 0.918891
vt 0.196609 0.925089
vt 0.629173 0.825796
vt 0.629187 0.832044
vt 0.623920 0.832039
vt 0.623906 0.825791
vt 0.059497 0.020787
vt 0.057541 0.014592
vt 0.057541 0.002123
vt 0.059497 0.002123
vt 0.088517 0.296371
vt 0.088517 0.318182
vt 0.083272 0.318182
vt 0.083272 0.296371
vt 0.071770 0.023924
vt 0.067222 0.023854
vt 0.067222 0.002121
vt 0.071770 0.002120
vt 0.061681 0.022600
vt 0.061681 0.002122
vt 0.363022 0.401914
vt 0.362982 0.397230
vt 0.368382 0.397186
vt 0.368421 0.401870
vt 0.362976 0.391496
vt 0.363022 0.389206
vt 0.368421 0.389162
vt 0.368376 0.391452
vt 0.184340 0.906420
vt 0.188886 0.906419
vt 0.188886 0.928159
vt 0.184340 0.928230
vt 0.194426 0.906419
vt 0.194426 0.926903
vt 0.623906 0.858852
vt 0.623906 0.854286
vt 0.629173 0.854286
vt 0.629173 0.858852
vt 0.623906 0.848723
vt 0.629173 0.848723
vt 0.623906 0.851701
vt 0.629173 0.851701
vt 0.191461 0.906419
vt 0.191461 0.927782
vt 0.362972 0.394570
vt 0.368371 0.394526
vt 0.064647 0.023478
vt 0.064647 0.002121
vt 0.068282 0.887057
vt 0.068282 0.884097
vt 0.076555 0.884097
vt 0.076555 0.887057
vt 0.485326 0.928044
vt 0.485326 0.925085
vt 0.498309 0.925086
vt 0.503257 0.928047
vt 0.364766 0.038268
vt 0.364748 0.033128
vt 0.373188 0.033137
vt 0.373206 0.038277
vt 0.345703 0.932835
vt 0.350652 0.929875
vt 0.363636 0.929875
vt 0.363636 0.932835
vt 0.076555 0.913555
vt 0.076554 0.935406
vt 0.068282 0.935407
vt 0.068282 0.913555
vt 0.364766 0.019889
vt 0.373206 0.019899
vt 0.341783 0.959330
vt 0.341783 0.949512
vt 0.363636 0.949512
vt 0.363636 0.959330
vt 0.342990 0.937550
vt 0.363636 0.937550
vt 0.001149 0.885147
vt 0.001181 0.875209
vt 0.009557 0.875230
vt 0.009524 0.885168
vt 0.001194 0.863059
vt 0.001149 0.858190
vt 0.009524 0.858211
vt 0.009569 0.863080
vt 0.485326 0.954542
vt 0.485326 0.944723
vt 0.507177 0.944726
vt 0.507177 0.954545
vt 0.485326 0.932760
vt 0.505971 0.932763
vt 0.068282 0.903736
vt 0.076555 0.903736
vt 0.068282 0.891772
vt 0.076555 0.891772
vt 0.068282 0.898176
vt 0.076555 0.898176
vt 0.485326 0.939164
vt 0.506841 0.939167
vt 0.001192 0.869571
vt 0.009568 0.869592
vt 0.342120 0.943953
vt 0.363636 0.943953
vt 0.764454 0.827569
vt 0.764454 0.824610
vt 0.772727 0.824610
vt 0.772727 0.827569
vt 0.734130 0.873020
vt 0.734130 0.870060
vt 0.747113 0.870062
vt 0.752061 0.873023
vt 0.084862 0.361235
vt 0.084844 0.356094
vt 0.093283 0.356104
vt 0.093301 0.361244
vt 0.319388 0.930442
vt 0.324336 0.927483
vt 0.337321 0.927483
vt 0.337321 0.930442
vt 0.028708 0.092980
vt 0.028708 0.114832
vt 0.020436 0.114833
vt 0.020436 0.092980
vt 0.084862 0.342856
vt 0.093301 0.342865
vt 0.315468 0.956938
vt 0.315468 0.947120
vt 0.337321 0.947120
vt 0.337321 0.956938
vt 0.316674 0.935157
vt 0.337321 0.935157
vt 0.804976 0.858831
vt 0.805009 0.848894
vt 0.813385 0.848915
vt 0.813352 0.858852
vt 0.805022 0.836743
vt 0.804976 0.831874
vt 0.813352 0.831895
vt 0.813397 0.836764
vt 0.734130 0.899518
vt 0.734130 0.889699
vt 0.755981 0.889702
vt 0.755981 0.899521
vt 0.734130 0.877736
vt 0.754775 0.877739
vt 0.764454 0.854067
vt 0.764454 0.844248
vt 0.772727 0.844248
vt 0.772727 0.854067
vt 0.764454 0.832285
vt 0.772727 0.832285
vt 0.764454 0.838688
vt 0.772727 0.838688
vt 0.734130 0.884140
vt 0.755645 0.884142
vt 0.805020 0.843255
vt 0.813395 0.843276
vt 0.315804 0.941560
vt 0.337321 0.941560
vt 0.382314 0.162371
vt 0.382314 0.160415
vt 0.387560 0.160415
vt 0.387560 0.162371
vt 0.866466 0.102591
vt 0.868421 0.102591
vt 0.868421 0.115063
vt 0.866466 0.121261
vt 0.217689 0.282604
vt 0.217703 0.288873
vt 0.212419 0.288868
vt 0.212405 0.282599
vt 0.076244 0.020787
vt 0.074288 0.014592
vt 0.074288 0.002123
vt 0.076244 0.002123
vt 0.215311 0.255701
vt 0.215311 0.277512
vt 0.210066 0.277512
vt 0.210066 0.255701
vt 0.217689 0.301435
vt 0.212405 0.301430
vt 0.088517 0.023923
vt 0.083969 0.023854
vt 0.083969 0.002121
vt 0.088517 0.002120
vt 0.078428 0.022600
vt 0.078428 0.002122
vt 0.346275 0.033493
vt 0.346236 0.028809
vt 0.351635 0.028765
vt 0.351675 0.033448
vt 0.346230 0.023075
vt 0.346275 0.020785
vt 0.351675 0.020740
vt 0.351629 0.023031
vt 0.854196 0.102592
vt 0.858743 0.102592
vt 0.858743 0.124332
vt 0.854196 0.124402
vt 0.864282 0.102591
vt 0.864282 0.123075
vt 0.382314 0.174641
vt 0.382314 0.170094
vt 0.387560 0.170094
vt 0.387560 0.174641
vt 0.382314 0.164554
vt 0.387560 0.164554
vt 0.382314 0.167520
vt 0.387560 0.167520
vt 0.861317 0.102591
vt 0.861317 0.123954
vt 0.346225 0.026149
vt 0.351625 0.026105
vt 0.081394 0.023478
vt 0.081394 0.002121
vt 0.093509 0.284489
vt 0.018051 0.048756
vt 0.186482 0.000211
vt 0.187012 0.283903
vt 0.000983 0.297852
vt 0.001922 0.000879
vt 0.016746 0.000929
vt 0.015807 0.297902
vt 0.224546 0.284077
vt 0.225076 0.000439
vt 0.393541 0.048843
vt 0.318068 0.284589
vt 0.820409 0.241409
vt 0.820409 0.000646
vt 0.834928 0.000646
vt 0.834928 0.241409
vt 0.820409 0.341842
vt 0.834928 0.341842
vt 0.834928 0.556220
vt 0.820409 0.556220
vt 0.837262 0.175861
vt 0.851675 0.175738
vt 0.851675 0.347963
vt 0.837262 0.348086
vt 0.820409 0.275288
vt 0.834928 0.275288
vt 0.221254 0.317266
vt 0.308780 0.317745
vt 0.000828 0.332656
vt 0.015653 0.332706
vt 0.102795 0.317644
vt 0.190303 0.317096
vt 0.087350 0.382378
vt 0.102469 0.350859
vt 0.194764 0.350282
vt 0.204545 0.383434
vt 0.000414 0.402350
vt 0.000658 0.367473
vt 0.015483 0.367523
vt 0.015239 0.402400
vt 0.207010 0.383602
vt 0.216793 0.350448
vt 0.309106 0.350954
vt 0.324227 0.382454
vt 0.820409 0.309345
vt 0.834928 0.309345
vt 0.382775 0.954526
vt 0.368012 0.954545
vt 0.368012 0.928108
vt 0.382775 0.928088
vt 0.016746 0.627990
vt 0.001922 0.627941
vt 0.043315 0.601675
vt 0.018050 0.590660
vt 0.393541 0.590642
vt 0.368272 0.601675
vt 0.152714 0.933014
vt 0.152714 0.878964
vt 0.167464 0.878964
vt 0.167464 0.933014
vt 0.195773 0.332536
vt 0.195773 0.323592
vt 0.210526 0.323588
vt 0.210526 0.332532
vt 0.049602 0.935407
vt 0.049602 0.881022
vt 0.064593 0.880936
vt 0.064593 0.935320
vt 0.413876 0.088473
vt 0.410678 0.088514
vt 0.410678 0.072251
vt 0.413876 0.072210
vt 0.890099 0.092927
vt 0.878070 0.038980
vt 0.887017 0.038980
vt 0.893072 0.095694
vt 0.195773 0.320036
vt 0.195773 0.311091
vt 0.210526 0.311088
vt 0.210526 0.320032
vt 0.056778 0.454545
vt 0.062824 0.397826
vt 0.071770 0.397826
vt 0.059751 0.451779
vt 0.896629 0.095544
vt 0.890575 0.038980
vt 0.899522 0.038980
vt 0.899522 0.093027
vt 0.406755 0.088517
vt 0.403486 0.088471
vt 0.403486 0.072208
vt 0.406755 0.072254
vt 0.053221 0.454396
vt 0.059267 0.397826
vt 0.050329 0.451878
vt 0.050321 0.397826
vt 0.920657 0.339713
vt 0.920657 0.285662
vt 0.935407 0.285662
vt 0.935407 0.339713
vt 0.363237 0.174641
vt 0.363237 0.165697
vt 0.377990 0.165693
vt 0.377990 0.174637
vt 0.695535 0.899522
vt 0.695535 0.845137
vt 0.710526 0.845051
vt 0.710526 0.899435
vt 0.081340 0.392301
vt 0.078142 0.392342
vt 0.078142 0.376079
vt 0.081340 0.376037
vt 0.916414 0.786707
vt 0.904386 0.732760
vt 0.913333 0.732760
vt 0.919388 0.789474
vt 0.363237 0.162141
vt 0.363237 0.153197
vt 0.377990 0.153193
vt 0.377990 0.162137
vt 0.678788 0.894737
vt 0.684834 0.838018
vt 0.693780 0.838018
vt 0.681761 0.891970
vt 0.922945 0.789324
vt 0.916890 0.732760
vt 0.925837 0.732760
vt 0.925837 0.786806
vt 0.074219 0.392345
vt 0.070950 0.392298
vt 0.070950 0.376035
vt 0.074219 0.376081
vt 0.675231 0.894587
vt 0.681277 0.838018
vt 0.672338 0.892069
vt 0.672331 0.838018
vt 0.659037 0.877681
vt 0.659037 0.870590
vt 0.669856 0.870590
vt 0.669856 0.877681
vt 0.222359 0.956628
vt 0.222358 0.949537
vt 0.233192 0.949537
vt 0.233771 0.956628
vt 0.926270 0.422074
vt 0.926242 0.414618
vt 0.937590 0.414588
vt 0.937618 0.422044
vt 0.256529 0.959022
vt 0.257108 0.951931
vt 0.267943 0.951931
vt 0.267943 0.959022
vt 0.254250 0.967549
vt 0.267943 0.967549
vt 0.267943 0.976077
vt 0.250184 0.976077
vt 0.937663 0.399067
vt 0.926315 0.399097
vt 0.926451 0.391496
vt 0.937799 0.391466
vt 0.020278 0.141148
vt 0.020278 0.119488
vt 0.031100 0.119486
vt 0.031100 0.141145
vt 0.669856 0.855632
vt 0.659037 0.855632
vt 0.659037 0.848153
vt 0.669856 0.848153
vt 0.267943 0.936975
vt 0.252745 0.936975
vt 0.246276 0.929497
vt 0.267943 0.929497
vt 0.237552 0.934579
vt 0.222356 0.934579
vt 0.222355 0.927100
vt 0.244019 0.927100
vt 0.222357 0.942058
vt 0.234016 0.942058
vt 0.256282 0.944453
vt 0.267943 0.944453
vt 0.659037 0.863111
vt 0.669856 0.863111
vt 0.926247 0.406808
vt 0.937595 0.406778
vt 0.342105 0.379371
vt 0.342105 0.397129
vt 0.331286 0.397129
vt 0.331286 0.379371
vt 0.222360 0.965156
vt 0.236052 0.965156
vt 0.240118 0.973684
vt 0.222361 0.973684
vt 0.659037 0.886209
vt 0.669856 0.886209
vt 0.669856 0.894737
vt 0.659037 0.894737
vt 0.926339 0.431100
vt 0.937688 0.431070
vt 0.937799 0.440161
vt 0.926451 0.440191
vt 0.181818 0.918351
vt 0.170998 0.918351
vt 0.170998 0.911260
vt 0.181818 0.911260
vt 0.291866 0.959022
vt 0.280453 0.959022
vt 0.281031 0.951931
vt 0.291866 0.951931
vt 0.150536 0.917260
vt 0.139188 0.917290
vt 0.139161 0.909833
vt 0.150509 0.909803
vt 0.819895 0.949451
vt 0.808483 0.949451
vt 0.808482 0.942360
vt 0.819316 0.942360
vt 0.822176 0.957979
vt 0.826242 0.966507
vt 0.808486 0.966507
vt 0.808484 0.957979
vt 0.139233 0.894313
vt 0.139370 0.886711
vt 0.150718 0.886681
vt 0.150581 0.894283
vt 0.222488 0.248801
vt 0.211666 0.248804
vt 0.211666 0.227144
vt 0.222488 0.227141
vt 0.170998 0.896302
vt 0.170998 0.888823
vt 0.181818 0.888823
vt 0.181818 0.896302
vt 0.808480 0.927402
vt 0.808479 0.919923
vt 0.830144 0.919923
vt 0.823677 0.927402
vt 0.276668 0.936975
vt 0.270199 0.929497
vt 0.291866 0.929497
vt 0.291866 0.936975
vt 0.280206 0.944453
vt 0.291866 0.944453
vt 0.808481 0.934881
vt 0.820140 0.934881
vt 0.170998 0.903781
vt 0.181818 0.903781
vt 0.139165 0.902023
vt 0.150514 0.901993
vt 0.369564 0.130567
vt 0.380383 0.130567
vt 0.380383 0.148325
vt 0.369564 0.148325
vt 0.291866 0.967549
vt 0.291866 0.976077
vt 0.274108 0.976077
vt 0.278173 0.967549
vt 0.181818 0.926879
vt 0.181818 0.935407
vt 0.170998 0.935407
vt 0.170998 0.926879
vt 0.150606 0.926285
vt 0.150718 0.935377
vt 0.139370 0.935407
vt 0.139258 0.926315
s 0
f 1501/2320/1397 1502/2321/1397 1504/2322/1397 1503/2323/1397
f 1503/2324/1398 1504/2325/1398 1508/2326/1398 1507/2327/1398
f 1507/2328/1399 1508/2329/1399 1506/2330/1399 1505/2331/1399
f 1505/2332/1400 1506/2333/1400 1502/2334/1400 1501/2335/1400
f 1503/2336/1401 1507/2337/1401 1505/2338/1401 1501/2339/1401
f 1508/2340/1402 1504/2341/1402 1502/2342/1402 1506/2343/1402
f 1509/2344/1397 1510/2345/1397 1512/2346/1397 1511/2347/1397
f 1511/2348/1398 1512/2349/1398 1516/2350/1398 1515/2351/1398
f 1515/2352/1399 1516/2353/1399 1514/2354/1399 1513/2355/1399
f 1513/2356/1400 1514/2357/1400 1510/2358/1400 1509/2359/1400
f 1511/2360/1401 1515/2361/1401 1513/2362/1401 1509/2363/1401
f 1516/2364/1402 1512/2365/1402 1510/2366/1402 1514/2367/1402
f 1517/2368/1397 1518/2369/1397 1520/2370/1397 1519/2371/1397
f 1519/2372/1398 1520/2373/1398 1524/2374/1398 1523/2375/1398
f 1523/2376/1399 1524/2377/1399 1522/2378/1399 1521/2379/1399
f 1521/2380/1400 1522/2381/1400 1518/2382/1400 1517/2383/1400
f 1519/2384/1401 1523/2385/1401 1521/2386/1401 1517/2387/1401
f 1524/2388/1402 1520/2389/1402 1518/2390/1402 1522/2391/1402
f 1525/2392/1397 1526/2393/1397 1528/2394/1397 1527/2395/1397
f 1527/2396/1401 1528/2397/1401 1532/2398/1401 1531/2399/1401
f 1531/2400/1399 1532/2401/1399 1530/2402/1399 1529/2403/1399
f 1529/2404/1402 1530/2405/1402 1526/2406/1402 1525/2407/1402
f 1527/2408/1400 1531/2409/1400 1529/2410/1400 1525/2411/1400
f 1532/2412/1398 1528/2413/1398 1526/2414/1398 1530/2415/1398
f 1533/2416/1397 1534/2417/1397 1536/2418/1397 1535/2419/1397
f 1535/2420/1401 1536/2421/1401 1540/2422/1401 1539/2423/1401
f 1539/2424/1399 1540/2425/1399 1538/2426/1399 1537/2427/1399
f 1537/2428/1402 1538/2429/1402 1534/2430/1402 1533/2431/1402
f 1535/2432/1400 1539/2433/1400 1537/2434/1400 1533/2435/1400
f 1540/2436/1398 1536/2437/1398 1534/2438/1398 1538/2439/1398
f 1541/2440/1397 1542/2441/1397 1544/2442/1397 1543/2443/1397
f 1543/2444/1401 1544/2445/1401 1548/2446/1401 1547/2447/1401
f 1547/2448/1399 1548/2449/1399 1546/2450/1399 1545/2451/1399
f 1545/2452/1402 1546/2453/1402 1542/2454/1402 1541/2455/1402
f 1543/2456/1400 1547/2457/1400 1545/2458/1400 1541/2459/1400
f 1548/2460/1398 1544/2461/1398 1542/2462/1398 1546/2463/1398
f 1549/2464/1397 1550/2465/1397 1552/2466/1397 1551/2467/1397
f 1551/2468/1401 1552/2469/1401 1556/2470/1401 1555/2471/1401
f 1555/2472/1399 1556/2473/1399 1554/2474/1399 1553/2475/1399
f 1553/2476/1402 1554/2477/1402 1550/2478/1402 1549/2479/1402
f 1551/2480/1400 1555/2481/1400 1553/2482/1400 1549/2483/1400
f 1556/2484/1398 1552/2485/1398 1550/2486/1398 1554/2487/1398
f 1557/2488/1397 1558/2489/1397 1560/2490/1397 1559/2491/1397
f 1559/2492/1401 1560/2493/1401 1564/2494/1401 1563/2495/1401
f 1563/2496/1399 1564/2497/1399 1562/2498/1399 1561/2499/1399
f 1561/2500/1402 1562/2501/1402 1558/2502/1402 1557/2503/1402
f 1559/2504/1400 1563/2505/1400 1561/2506/1400 1557/2507/1400
f 1564/2508/1398 1560/2509/1398 1558/2510/1398 1562/2511/1398
f 1565/2512/1397 1566/2513/1397 1568/2514/1397 1567/2515/1397
f 1567/2516/1401 1568/2517/1401 1572/2518/1401 1571/2519/1401
f 1571/2520/1399 1572/2521/1399 1570/2522/1399 1569/2523/1399
f 1569/2524/1402 1570/2525/1402 1566/2526/1402 1565/2527/1402
f 1567/2528/1400 1571/2529/1400 1569/2530/1400 1565/2531/1400
f 1572/2532/1398 1568/2533/1398 1566/2534/1398 1570/2535/1398
f 1573/2536/1397 1574/2537/1397 1576/2538/1397 1575/2539/1397
f 1575/2540/1401 1576/2541/1401 1580/2542/1401 1579/2543/1401
f 1579/2544/1399 1580/2545/1399 1578/2546/1399 1577/2547/1399
f 1577/2548/1402 1578/2549/1402 1574/2550/1402 1573/2551/1402
f 1575/2552/1400 1579/2553/1400 1577/2554/1400 1573/2555/1400
f 1580/2556/1398 1576/2538/1398 1574/2537/1398 1578/2557/1398
s 1
f 1590/2558/1397 1582/2559/1397 1584/2560/1397 1591/2561/1397
f 1591/2562/1401 1584/2563/1401 1588/2564/1401 1593/2565/1401
f 1593/2566/1403 1588/2567/1403 1586/2568/1403 1595/2569/1403
f 1595/2570/1402 1586/2571/1402 1582/2572/1402 1590/2573/1402
f 1583/2574/1400 1587/2575/1400 1585/2576/1400 1581/2577/1400
f 1588/2567/1398 1584/2560/1398 1582/2559/1398 1586/2568/1398
f 1585/2578/1402 1596/2579/1402 1589/2580/1402 1581/2581/1402
f 1603/2582/1402 1595/2570/1402 1590/2573/1402 1598/2583/1402
f 1587/2584/1404 1594/2585/1405 1596/2586/1405 1585/2587/1404
f 1601/2588/1406 1593/2589/1407 1595/2590/1407 1603/2591/1406
f 1583/2592/1401 1592/2593/1401 1594/2594/1401 1587/2595/1401
f 1599/2596/1401 1591/2562/1401 1593/2565/1401 1601/2597/1401
f 1581/2598/1397 1589/2599/1397 1592/2600/1397 1583/2601/1397
f 1598/2602/1397 1590/2558/1397 1591/2561/1397 1599/2603/1397
f 1589/2599/1397 1597/2604/1397 1600/2605/1397 1592/2600/1397
f 1597/2604/1397 1598/2602/1397 1599/2603/1397 1600/2605/1397
f 1592/2593/1401 1600/2606/1401 1602/2607/1401 1594/2594/1401
f 1600/2606/1401 1599/2596/1401 1601/2597/1401 1602/2607/1401
f 1594/2585/1405 1602/2608/1408 1604/2609/1408 1596/2586/1405
f 1602/2608/1408 1601/2588/1406 1603/2591/1406 1604/2609/1408
f 1596/2579/1402 1604/2610/1402 1597/2611/1402 1589/2580/1402
f 1604/2610/1402 1603/2582/1402 1598/2583/1402 1597/2611/1402
f 1614/2612/1397 1606/2613/1397 1608/2614/1397 1615/2615/1397
f 1615/2616/1398 1608/2617/1398 1612/2618/1398 1617/2619/1398
f 1617/2620/1409 1612/2621/1410 1610/2622/1410 1619/2623/1409
f 1619/2624/1400 1610/2625/1400 1606/2626/1400 1614/2627/1400
f 1607/2628/1401 1611/2629/1401 1609/2630/1401 1605/2631/1401
f 1612/2621/1402 1608/2632/1402 1606/2633/1402 1610/2622/1402
f 1609/2634/1400 1620/2635/1400 1613/2636/1400 1605/2637/1400
f 1627/2638/1400 1619/2624/1400 1614/2627/1400 1622/2639/1400
f 1611/2640/1399 1618/2641/1411 1620/2642/1411 1609/2643/1399
f 1625/2644/1412 1617/2645/1409 1619/2646/1409 1627/2647/1412
f 1607/2648/1398 1616/2649/1398 1618/2650/1398 1611/2651/1398
f 1623/2652/1398 1615/2616/1398 1617/2619/1398 1625/2653/1398
f 1605/2631/1397 1613/2654/1397 1616/2655/1397 1607/2628/1397
f 1622/2656/1397 1614/2612/1397 1615/2615/1397 1623/2657/1397
f 1613/2654/1397 1621/2658/1397 1624/2659/1397 1616/2655/1397
f 1621/2658/1397 1622/2656/1397 1623/2657/1397 1624/2659/1397
f 1616/2649/1398 1624/2660/1398 1626/2661/1398 1618/2650/1398
f 1624/2660/1398 1623/2652/1398 1625/2653/1398 1626/2661/1398
f 1618/2641/1411 1626/2662/1413 1628/2663/1413 1620/2642/1411
f 1626/2662/1413 1625/2644/1412 1627/2647/1412 1628/2663/1413
f 1620/2635/1400 1628/2664/1400 1621/2665/1400 1613/2636/1400
f 1628/2664/1400 1627/2638/1400 1622/2639/1400 1621/2665/1400
f 1638/2666/1397 1630/2667/1397 1632/2668/1397 1639/2669/1397
f 1639/2670/1398 1632/2671/1398 1636/2672/1398 1641/2673/1398
f 1641/2674/1409 1636/2675/1410 1634/2676/1410 1643/2677/1409
f 1643/2678/1400 1634/2679/1400 1630/2680/1400 1638/2681/1400
f 1631/2682/1401 1635/2683/1401 1633/2684/1401 1629/2685/1401
f 1636/2675/1402 1632/2686/1402 1630/2687/1402 1634/2676/1402
f 1633/2688/1400 1644/2689/1400 1637/2690/1400 1629/2691/1400
f 1651/2692/1400 1643/2678/1400 1638/2681/1400 1646/2693/1400
f 1635/2694/1399 1642/2695/1411 1644/2696/1411 1633/2697/1399
f 1649/2698/1412 1641/2699/1409 1643/2700/1409 1651/2701/1412
f 1631/2702/1398 1640/2703/1398 1642/2704/1398 1635/2705/1398
f 1647/2706/1398 1639/2670/1398 1641/2673/1398 1649/2707/1398
f 1629/2708/1397 1637/2709/1397 1640/2710/1397 1631/2711/1397
f 1646/2712/1397 1638/2666/1397 1639/2669/1397 1647/2713/1397
f 1637/2709/1397 1645/2714/1397 1648/2715/1397 1640/2710/1397
f 1645/2714/1397 1646/2712/1397 1647/2713/1397 1648/2715/1397
f 1640/2703/1398 1648/2716/1398 1650/2717/1398 1642/2704/1398
f 1648/2716/1398 1647/2706/1398 1649/2707/1398 1650/2717/1398
f 1642/2695/1411 1650/2718/1413 1652/2719/1413 1644/2696/1411
f 1650/2718/1413 1649/2698/1412 1651/2701/1412 1652/2719/1413
f 1644/2689/1400 1652/2720/1400 1645/2721/1400 1637/2690/1400
f 1652/2720/1400 1651/2692/1400 1646/2693/1400 1645/2721/1400
f 1662/2722/1397 1654/2723/1397 1656/2724/1397 1663/2725/1397
f 1663/2726/1401 1656/2727/1401 1660/2728/1401 1665/2729/1401
f 1665/2730/1403 1660/2731/1403 1658/2732/1403 1667/2733/1403
f 1667/2734/1402 1658/2735/1402 1654/2736/1402 1662/2737/1402
f 1655/2738/1400 1659/2739/1400 1657/2740/1400 1653/2741/1400
f 1660/2731/1398 1656/2742/1398 1654/2743/1398 1658/2732/1398
f 1657/2744/1402 1668/2745/1402 1661/2746/1402 1653/2747/1402
f 1675/2748/1402 1667/2734/1402 1662/2737/1402 1670/2749/1402
f 1659/2750/1404 1666/2751/1405 1668/2752/1405 1657/2753/1404
f 1673/2754/1406 1665/2755/1407 1667/2756/1407 1675/2757/1406
f 1655/2758/1401 1664/2759/1401 1666/2760/1401 1659/2761/1401
f 1671/2762/1401 1663/2726/1401 1665/2729/1401 1673/2763/1401
f 1653/2764/1397 1661/2765/1397 1664/2766/1397 1655/2767/1397
f 1670/2768/1397 1662/2722/1397 1663/2725/1397 1671/2769/1397
f 1661/2765/1397 1669/2770/1397 1672/2771/1397 1664/2766/1397
f 1669/2770/1397 1670/2768/1397 1671/2769/1397 1672/2771/1397
f 1664/2759/1401 1672/2772/1401 1674/2773/1401 1666/2760/1401
f 1672/2772/1401 1671/2762/1401 1673/2763/1401 1674/2773/1401
f 1666/2751/1405 1674/2774/1408 1676/2775/1408 1668/2752/1405
f 1674/2774/1408 1673/2754/1406 1675/2757/1406 1676/2775/1408
f 1668/2745/1402 1676/2776/1402 1669/2777/1402 1661/2746/1402
f 1676/2776/1402 1675/2748/1402 1670/2749/1402 1669/2777/1402
s 0
f 1685/2778/1397 1678/2779/1397 1680/2780/1397 1686/2781/1397
f 1686/2782/1414 1680/2783/1414 1684/2784/1414 1687/2785/1414
f 1687/2786/1399 1684/2787/1399 1682/2788/1399 1688/2789/1399
f 1688/2790/1415 1682/2791/1415 1678/2792/1415 1685/2793/1415
f 1681/2794/1416 1677/2795/1416 1697/2796/1416 1699/2797/1416
f 1684/2798/1417 1680/2799/1417 1678/2800/1417 1682/2801/1417
f 1693/2802/1418 1688/2790/1418 1685/2793/1418 1696/2803/1418
f 1691/2804/1399 1687/2786/1399 1688/2789/1399 1693/2805/1399
f 1689/2806/1419 1686/2782/1419 1687/2785/1419 1691/2807/1419
f 1696/2808/1397 1685/2778/1397 1686/2781/1397 1689/2809/1397
f 1677/2810/1397 1695/2811/1397 1690/2812/1397 1679/2813/1397
f 1695/2811/1397 1696/2808/1397 1689/2809/1397 1690/2812/1397
f 1679/2814/1420 1690/2815/1420 1692/2816/1420 1683/2817/1420
f 1690/2815/1421 1689/2806/1421 1691/2807/1421 1692/2816/1421
f 1683/2818/1399 1692/2819/1399 1694/2820/1399 1681/2821/1399
f 1692/2819/1399 1691/2804/1399 1693/2805/1399 1694/2820/1399
f 1681/2794/1422 1694/2822/1422 1695/2823/1422 1677/2795/1422
f 1694/2822/1423 1693/2802/1423 1696/2803/1423 1695/2823/1423
f 1698/2824/1424 1700/2825/1424 1699/2826/1424 1697/2827/1424
f 1679/2814/1425 1683/2817/1425 1700/2828/1425 1698/2829/1425
f 1677/2810/1397 1679/2813/1397 1698/2830/1397 1697/2831/1397
f 1683/2818/1399 1681/2821/1399 1699/2832/1399 1700/2833/1399
f 1701/2834/1397 1702/2835/1397 1704/2836/1397 1703/2837/1397
f 1708/2838/1402 1711/2839/1402 1716/2840/1402 1706/2841/1402
f 1707/2842/1426 1708/2843/1426 1706/2844/1426 1705/2845/1426
f 1703/2846/1427 1709/2847/1427 1714/2848/1427 1701/2849/1427
f 1705/2850/1400 1706/2851/1400 1716/2852/1400 1713/2853/1400
f 1712/2854/1402 1704/2855/1402 1702/2856/1402 1715/2857/1402
f 1710/2858/1398 1711/2859/1398 1708/2860/1398 1707/2861/1398
f 1714/2862/1400 1715/2863/1400 1702/2864/1400 1701/2865/1400
f 1710/2866/1428 1707/2867/1428 1705/2868/1428 1713/2869/1428
f 1712/2854/1402 1715/2857/1402 1716/2840/1402 1711/2839/1402
f 1710/2866/1429 1713/2869/1429 1714/2848/1429 1709/2847/1429
f 1715/2863/1400 1714/2862/1400 1713/2853/1400 1716/2852/1400
f 1711/2859/1398 1710/2858/1398 1709/2870/1398 1712/2871/1398
f 1703/2872/1398 1704/2873/1398 1712/2871/1398 1709/2870/1398
f 1717/2874/1397 1718/2875/1397 1720/2876/1397 1719/2877/1397
f 1724/2878/1402 1727/2879/1402 1732/2880/1402 1722/2881/1402
f 1723/2882/1426 1724/2883/1426 1722/2884/1426 1721/2885/1426
f 1719/2886/1427 1725/2887/1427 1730/2888/1427 1717/2889/1427
f 1721/2890/1400 1722/2891/1400 1732/2892/1400 1729/2893/1400
f 1728/2894/1402 1720/2895/1402 1718/2896/1402 1731/2897/1402
f 1726/2898/1398 1727/2899/1398 1724/2900/1398 1723/2901/1398
f 1730/2902/1400 1731/2903/1400 1718/2904/1400 1717/2905/1400
f 1726/2906/1428 1723/2907/1428 1721/2908/1428 1729/2909/1428
f 1728/2894/1402 1731/2897/1402 1732/2880/1402 1727/2879/1402
f 1726/2906/1429 1729/2909/1429 1730/2888/1429 1725/2887/1429
f 1731/2903/1400 1730/2902/1400 1729/2893/1400 1732/2892/1400
f 1727/2899/1398 1726/2898/1398 1725/2910/1398 1728/2911/1398
f 1719/2912/1398 1720/2913/1398 1728/2911/1398 1725/2910/1398
s 1
f 1733/2914/1397 1734/2915/1397 1736/2916/1397 1735/2917/1397
f 1735/2918/1398 1736/2919/1398 1740/2920/1398 1739/2921/1398
f 1739/2922/1430 1740/2923/1431 1738/2924/1431 1737/2925/1430
f 1737/2926/1400 1738/2927/1400 1734/2928/1400 1733/2929/1400
f 1758/2930/1400 1757/2931/1400 1753/2932/1400 1755/2933/1400
f 1747/2934/1432 1746/2935/1432 1744/2936/1433 1743/2937/1433
f 1744/2938/1402 1742/2939/1402 1741/2940/1402 1743/2941/1402
f 1751/2942/1397 1750/2943/1397 1741/2944/1397 1742/2945/1397
f 1750/2946/1400 1747/2947/1400 1743/2948/1400 1741/2949/1400
f 1746/2950/1398 1751/2951/1398 1742/2952/1398 1744/2953/1398
f 1740/2920/1398 1736/2919/1398 1752/2954/1398 1745/2955/1398
f 1745/2955/1398 1752/2954/1398 1751/2951/1398 1746/2950/1398
f 1734/2928/1400 1738/2927/1400 1748/2956/1400 1749/2957/1400
f 1749/2957/1400 1748/2956/1400 1747/2947/1400 1750/2946/1400
f 1736/2916/1397 1734/2915/1397 1749/2958/1397 1752/2959/1397
f 1752/2959/1397 1749/2958/1397 1750/2943/1397 1751/2942/1397
f 1738/2924/1431 1740/2923/1431 1745/2960/1434 1748/2961/1434
f 1748/2961/1434 1745/2960/1434 1746/2935/1432 1747/2934/1432
f 1754/2962/1401 1756/2963/1401 1755/2964/1401 1753/2965/1401
f 1760/2966/1398 1759/2967/1398 1756/2968/1398 1754/2969/1398
f 1757/2970/1397 1760/2971/1397 1754/2972/1397 1753/2973/1397
f 1759/2974/1435 1758/2975/1435 1755/2976/1436 1756/2977/1436
f 1739/2922/1430 1737/2925/1430 1758/2975/1435 1759/2974/1435
f 1733/2914/1397 1735/2917/1397 1760/2971/1397 1757/2970/1397
f 1735/2918/1398 1739/2921/1398 1759/2967/1398 1760/2966/1398
f 1737/2926/1400 1733/2929/1400 1757/2931/1400 1758/2930/1400
f 1761/2978/1397 1763/2979/1397 1764/2980/1397 1762/2981/1397
f 1763/2982/1400 1767/2983/1400 1768/2984/1400 1764/2985/1400
f 1767/2986/1430 1765/2987/1430 1766/2988/1431 1768/2989/1431
f 1765/2990/1398 1761/2991/1398 1762/2992/1398 1766/2993/1398
f 1786/2994/1398 1783/2995/1398 1781/2996/1398 1785/2997/1398
f 1775/2998/1432 1771/2999/1433 1772/3000/1433 1774/3001/1432
f 1772/3002/1402 1771/3003/1402 1769/3004/1402 1770/3005/1402
f 1779/3006/1397 1770/3007/1397 1769/3008/1397 1778/3009/1397
f 1778/3010/1398 1769/3011/1398 1771/3012/1398 1775/3013/1398
f 1774/3014/1400 1772/3015/1400 1770/3016/1400 1779/3017/1400
f 1768/2984/1400 1773/3018/1400 1780/3019/1400 1764/2985/1400
f 1773/3018/1400 1774/3014/1400 1779/3017/1400 1780/3019/1400
f 1762/2992/1398 1777/3020/1398 1776/3021/1398 1766/2993/1398
f 1777/3020/1398 1778/3010/1398 1775/3013/1398 1776/3021/1398
f 1764/2980/1397 1780/3022/1397 1777/3023/1397 1762/2981/1397
f 1780/3022/1397 1779/3006/1397 1778/3009/1397 1777/3023/1397
f 1766/2988/1431 1776/3024/1434 1773/3025/1434 1768/2989/1431
f 1776/3024/1434 1775/2998/1432 1774/3001/1432 1773/3025/1434
f 1782/3026/1401 1781/3027/1401 1783/3028/1401 1784/3029/1401
f 1788/3030/1400 1782/3031/1400 1784/3032/1400 1787/3033/1400
f 1785/3034/1397 1781/3035/1397 1782/3036/1397 1788/3037/1397
f 1787/3038/1435 1784/3039/1436 1783/3040/1436 1786/3041/1435
f 1767/2986/1430 1787/3038/1435 1786/3041/1435 1765/2987/1430
f 1761/2978/1397 1785/3034/1397 1788/3037/1397 1763/2979/1397
f 1763/2982/1400 1788/3030/1400 1787/3033/1400 1767/2983/1400
f 1765/2990/1398 1786/2994/1398 1785/2997/1398 1761/2991/1398
o C3_LOW
v 0.944423 1.847523 1.205278
v 0.944423 2.305949 1.205278
v 0.944423 1.847523 1.033107
v 0.944423 2.305949 1.033107
v 0.970204 1.847523 1.205278
v 0.970204 2.305949 1.205278
v 0.970204 1.847523 1.033107
v 0.970204 2.305949 1.033107
v 0.998495 2.129575 1.184861
v 0.998495 2.129575 1.052584
v 0.997242 2.135873 1.184861
v 0.997242 2.135873 1.052584
v 0.993675 2.141212 1.184861
v 0.993675 2.141212 1.052584
v 0.988336 2.144780 1.184861
v 0.988336 2.144780 1.052584
v 0.982038 2.146032 1.184861
v 0.982038 2.146032 1.052584
v 0.975740 2.144780 1.184861
v 0.975740 2.144780 1.052584
v 0.970401 2.141212 1.184861
v 0.970401 2.141212 1.052584
v 0.966833 2.135873 1.184861
v 0.966833 2.135873 1.052584
v 0.965580 2.129575 1.184861
v 0.965581 2.129575 1.052584
v 0.966833 2.123277 1.184861
v 0.966833 2.123277 1.052584
v 0.970401 2.117938 1.184861
v 0.970401 2.117938 1.052584
v 0.975740 2.114371 1.184861
v 0.975740 2.114371 1.052584
v 0.982038 2.113118 1.184861
v 0.982038 2.113118 1.052584
v 0.988336 2.114371 1.184861
v 0.988336 2.114371 1.052584
v 0.993675 2.117938 1.184861
v 0.993675 2.117938 1.052584
v 0.997242 2.123277 1.184861
v 0.997242 2.123277 1.052584
vn -1.0000 -0.0000 -0.0000
vn -0.0000 -0.0000 -1.0000
vn 1.0000 -0.0000 -0.0000
vn -0.0000 -0.0000 1.0000
vn -0.0000 -1.0000 -0.0000
vn -0.0000 1.0000 -0.0000
vn 0.9239 0.3827 -0.0000
vn 0.7071 0.7071 -0.0000
vn 0.3827 0.9239 -0.0000
vn -0.3827 0.9239 -0.0000
vn -0.7071 0.7071 -0.0000
vn -0.9239 0.3827 -0.0000
vn -0.9239 -0.3827 -0.0000
vn -0.7071 -0.7071 -0.0000
vn -0.3827 -0.9239 -0.0000
vn 0.3827 -0.9239 -0.0000
vn 0.7071 -0.7071 -0.0000
vn 0.9239 -0.3827 -0.0000
vt 0.640407 0.387560
vt 0.640407 0.083016
vt 0.754785 0.083016
vt 0.754785 0.387560
vt 0.191007 0.305024
vt 0.191007 0.000480
vt 0.208134 0.000480
vt 0.208134 0.305024
vt 0.133230 0.787081
vt 0.133230 0.482537
vt 0.247608 0.482537
vt 0.247608 0.787081
vt 0.595694 0.017943
vt 0.291150 0.017943
vt 0.291150 0.000816
vt 0.595694 0.000816
vt 0.985646 0.114833
vt 0.968519 0.114833
vt 0.968519 0.000455
vt 0.985646 0.000455
vt 0.980861 0.748804
vt 0.963735 0.748804
vt 0.963735 0.634426
vt 0.980861 0.634426
vt 0.872262 0.252183
vt 0.872262 0.344498
vt 0.867866 0.344498
vt 0.867866 0.252183
vt 0.864140 0.344498
vt 0.864140 0.252183
vt 0.899522 0.682805
vt 0.899522 0.775120
vt 0.895795 0.775120
vt 0.895795 0.682805
vt 0.891400 0.775120
vt 0.891400 0.682805
vt 0.887005 0.775120
vt 0.887005 0.682805
vt 0.883279 0.775120
vt 0.883279 0.682805
vt 0.699068 0.722488
vt 0.699068 0.630173
vt 0.702794 0.630173
vt 0.702794 0.722488
vt 0.707190 0.630173
vt 0.707190 0.722488
vt 0.711585 0.630173
vt 0.711585 0.722488
vt 0.715311 0.630173
vt 0.715311 0.722488
vt 0.313397 0.697159
vt 0.313397 0.789474
vt 0.309671 0.789474
vt 0.309671 0.697159
vt 0.305276 0.789474
vt 0.305276 0.697159
vt 0.300881 0.789474
vt 0.300881 0.697159
vt 0.297154 0.789474
vt 0.297154 0.697159
vt 0.039776 0.000085
vt 0.044042 0.000085
vt 0.047983 0.001718
vt 0.050999 0.004734
vt 0.052632 0.008675
vt 0.052632 0.012941
vt 0.050999 0.016882
vt 0.047983 0.019899
vt 0.044042 0.021531
vt 0.039776 0.021531
vt 0.035835 0.019899
vt 0.032818 0.016882
vt 0.031186 0.012941
vt 0.031186 0.008675
vt 0.032818 0.004734
vt 0.035835 0.001718
vt 0.880383 0.252183
vt 0.880383 0.344498
vt 0.876657 0.344498
vt 0.876657 0.252183
vt 0.039037 0.038413
vt 0.036021 0.041430
vt 0.032080 0.043062
vt 0.027814 0.043062
vt 0.023873 0.041430
vt 0.020856 0.038413
vt 0.019224 0.034472
vt 0.019224 0.030206
vt 0.020857 0.026265
vt 0.023873 0.023249
vt 0.027814 0.021616
vt 0.032080 0.021616
vt 0.036021 0.023249
vt 0.039037 0.026265
vt 0.040670 0.030206
vt 0.040670 0.034472
s 0
f 1789/3042/1437 1790/3043/1437 1792/3044/1437 1791/3045/1437
f 1791/3046/1438 1792/3047/1438 1796/3048/1438 1795/3049/1438
f 1795/3050/1439 1796/3051/1439 1794/3052/1439 1793/3053/1439
f 1793/3054/1440 1794/3055/1440 1790/3056/1440 1789/3057/1440
f 1791/3058/1441 1795/3059/1441 1793/3060/1441 1789/3061/1441
f 1796/3062/1442 1792/3063/1442 1790/3064/1442 1794/3065/1442
s 1
f 1797/3066/1439 1798/3067/1439 1800/3068/1443 1799/3069/1443
f 1799/3069/1443 1800/3068/1443 1802/3070/1444 1801/3071/1444
f 1801/3072/1444 1802/3073/1444 1804/3074/1445 1803/3075/1445
f 1803/3075/1445 1804/3074/1445 1806/3076/1442 1805/3077/1442
f 1805/3077/1442 1806/3076/1442 1808/3078/1446 1807/3079/1446
f 1807/3079/1446 1808/3078/1446 1810/3080/1447 1809/3081/1447
f 1809/3082/1447 1810/3083/1447 1812/3084/1448 1811/3085/1448
f 1811/3085/1448 1812/3084/1448 1814/3086/1437 1813/3087/1437
f 1813/3087/1437 1814/3086/1437 1816/3088/1449 1815/3089/1449
f 1815/3089/1449 1816/3088/1449 1818/3090/1450 1817/3091/1450
f 1817/3092/1450 1818/3093/1450 1820/3094/1451 1819/3095/1451
f 1819/3095/1451 1820/3094/1451 1822/3096/1441 1821/3097/1441
f 1821/3097/1441 1822/3096/1441 1824/3098/1452 1823/3099/1452
f 1823/3099/1452 1824/3098/1452 1826/3100/1453 1825/3101/1453
f 1800/3102/1438 1798/3103/1438 1828/3104/1438 1826/3105/1438 1824/3106/1438 1822/3107/1438 1820/3108/1438 1818/3109/1438 1816/3110/1438 1814/3111/1438 1812/3112/1438 1810/3113/1438 1808/3114/1438 1806/3115/1438 1804/3116/1438 1802/3117/1438
f 1825/3118/1453 1826/3119/1453 1828/3120/1454 1827/3121/1454
f 1827/3121/1454 1828/3120/1454 1798/3067/1439 1797/3066/1439
f 1797/3122/1440 1799/3123/1440 1801/3124/1440 1803/3125/1440 1805/3126/1440 1807/3127/1440 1809/3128/1440 1811/3129/1440 1813/3130/1440 1815/3131/1440 1817/3132/1440 1819/3133/1440 1821/3134/1440 1823/3135/1440 1825/3136/1440 1827/3137/1440
