# Blender 4.3.2
# www.blender.org
mtllib 指示灯5.mtl
o low
v -0.769103 0.916982 -3.066489
v 0.651633 0.916982 -3.046762
v 0.820189 0.916982 -2.850244
v 0.727022 0.916982 -3.126857
v 0.870473 0.916982 -2.636584
v 0.629614 0.916982 -2.592147
v -0.581618 0.916982 -2.812209
v 0.005883 0.916982 -2.685634
v 0.266962 0.916982 -2.635227
v 0.292678 0.916982 -3.066489
v 0.007410 0.916982 -3.066489
v -0.277859 0.916982 -3.066489
v -0.588056 0.916982 -3.041560
v 0.478362 0.916982 -2.544891
v -1.033702 0.916982 -3.021208
v -0.974169 0.916982 -2.772602
v -0.766486 0.916982 -2.556083
v -0.626701 0.916982 -2.718492
v -0.707840 0.916982 -3.041560
v -0.710652 0.916982 -2.646555
v -0.420493 0.916982 -3.066489
v -0.292355 0.916982 -2.678213
v -0.769103 0.814223 -3.066489
v 0.266962 0.814223 -2.635227
v 0.577946 0.814223 -3.066489
v -0.707840 0.814223 -3.066489
v 0.820189 0.814223 -2.850244
v 0.749775 0.814223 -3.242300
v 0.870473 0.814223 -2.636584
v 0.631060 0.814223 -2.544700
v 0.005883 0.814223 -2.685634
v 0.292678 0.814223 -3.066489
v 0.007410 0.814223 -3.066489
v -0.277859 0.814223 -3.066489
v -0.420493 0.814223 -3.066489
v -0.563127 0.814223 -3.066489
v 0.478362 0.814223 -2.544891
v -1.033702 0.814223 -3.021208
v -0.974169 0.814223 -2.772602
v -0.766486 0.814223 -2.556083
v -0.558948 0.814223 -2.622470
v -0.701014 0.814223 -2.555604
v -0.292355 0.814223 -2.678213
v -1.001169 0.916982 -3.134417
v -0.981826 0.916982 -3.144738
v -1.004293 0.916982 -3.147708
v -1.002482 0.916982 -3.155731
v -0.995291 0.916982 -3.155750
v -1.006969 0.814223 -3.228298
v -1.053959 0.814223 -3.203379
v -1.029204 0.814223 -3.236329
v -1.042336 0.814223 -3.234005
v -1.051224 0.814223 -3.223524
v -1.017646 0.814223 -3.233634
v -0.988894 0.916982 -3.151356
v -1.214524 0.916982 -2.886396
v -1.215883 0.916982 -2.903775
v -1.220100 0.916982 -2.890065
v -1.222286 0.916982 -2.894765
v -1.221179 0.916982 -2.898835
v -1.386506 0.814223 -2.916673
v -1.382411 0.814223 -2.864661
v -1.404957 0.814223 -2.906431
v -1.413731 0.814223 -2.888574
v -1.402696 0.814223 -2.872269
v -0.871368 0.916982 -2.504131
v -0.891919 0.916982 -2.512974
v -0.878890 0.916982 -2.503073
v -0.884295 0.916982 -2.504085
v -0.889517 0.916982 -2.508726
v -0.941583 0.814223 -2.437177
v -0.889198 0.814223 -2.415234
v -0.931168 0.814223 -2.418757
v -0.920042 0.814223 -2.411087
v -0.905293 0.814223 -2.410577
v -0.659297 0.916982 -2.676836
v -0.635484 0.916982 -3.041560
v -0.630379 0.814223 -2.594082
v -0.635484 0.814223 -3.066489
v -0.491810 0.916982 -3.066489
v -0.429635 0.916982 -2.656847
v -0.491810 0.814223 -3.066489
v -0.429635 0.814223 -2.656847
v -0.136577 0.916982 -3.066489
v -0.134618 0.916982 -2.687469
v -0.128933 0.916982 -2.740813
v -0.134618 0.814223 -2.687537
v -0.139809 0.814223 -3.066489
v 0.137331 0.916982 -2.667743
v 0.150044 0.916982 -3.066489
v 0.137331 0.814223 -2.667743
v 0.150044 0.814223 -3.066489
v 0.835533 0.916982 -2.530090
v 0.379880 0.916982 -2.595795
v 0.884869 0.814223 -2.527789
v 0.379880 0.814223 -2.595795
v 0.843082 0.916982 -2.498579
v 0.815458 0.916982 -2.481552
v 0.845499 0.916982 -2.481239
v 0.839928 0.916982 -2.473771
v 0.829760 0.916982 -2.473442
v 0.832337 0.814223 -2.415663
v 0.895214 0.814223 -2.453651
v 0.854619 0.814223 -2.408714
v 0.876367 0.814223 -2.413650
v 0.890206 0.814223 -2.429408
v 1.061173 0.916982 -2.750894
v 1.061272 0.916982 -2.737152
v 1.070957 0.916982 -2.747055
v 1.073792 0.916982 -2.743981
v 1.070503 0.916982 -2.741220
v 1.231190 0.814223 -2.725684
v 1.230544 0.814223 -2.761198
v 1.249306 0.814223 -2.733179
v 1.254731 0.814223 -2.744295
v 1.247887 0.814223 -2.755136
v 0.702333 0.916982 -3.108437
v 0.737552 0.916982 -3.098082
v 0.710446 0.916982 -3.118221
v 0.718821 0.916982 -3.125206
v 0.733187 0.916982 -3.121426
v 0.736685 0.916982 -3.110895
v 0.775259 0.814223 -3.205235
v 0.708795 0.814223 -3.225868
v 0.770859 0.814223 -3.220037
v 0.760973 0.814223 -3.236031
v 0.736282 0.814223 -3.243687
v 0.720199 0.814223 -3.236330
v -0.707840 0.916982 -3.066489
v -0.847249 0.916982 -3.000566
v -0.616265 0.916982 -2.819535
v -0.563127 0.916982 -3.066489
v -0.558948 0.916982 -2.622470
v -0.630379 0.916982 -2.594082
v -0.635484 0.916982 -3.066489
v -0.764519 0.916982 -2.587927
v -0.701014 0.916982 -2.555604
v -1.017646 0.916982 -3.233634
v -1.029204 0.916982 -3.236329
v -1.042336 0.916982 -3.234005
v -1.051224 0.916982 -3.223524
v -1.053959 0.916982 -3.203379
v -0.972420 0.916982 -3.003232
v -1.006969 0.916982 -3.228298
v -1.386506 0.916982 -2.916673
v -1.404957 0.916982 -2.906431
v -1.413731 0.916982 -2.888574
v -1.402696 0.916982 -2.872269
v -1.382411 0.916982 -2.864661
v -0.940289 0.916982 -2.803384
v -0.905293 0.916982 -2.410577
v -0.889198 0.916982 -2.415234
v -0.920042 0.916982 -2.411087
v -0.931168 0.916982 -2.418757
v -0.941583 0.916982 -2.437177
v -0.738471 0.916982 -3.066489
v -0.749728 0.916982 -2.555960
v -0.738471 0.814223 -3.066489
v -0.749728 0.814223 -2.555960
v -0.742309 0.916982 -3.041560
v -0.753774 0.916982 -2.623276
v 0.589953 0.916982 -3.035488
v -0.599450 0.916982 -2.856946
v -0.573458 0.916982 -2.933618
v -0.563127 0.916982 -3.003875
v -0.277859 0.916982 -3.038376
v 0.006264 0.916982 -2.744053
v 0.008018 0.916982 -2.988776
v 0.311723 0.916982 -2.702814
v 0.286249 0.916982 -3.000821
v -0.714575 0.916982 -2.997704
v -0.420493 0.916982 -3.020363
v -0.662870 0.916982 -2.982929
v -0.491810 0.916982 -3.011458
v -0.105206 0.916982 -2.974014
v -0.118355 0.916982 -2.761508
v 0.133657 0.916982 -2.945104
v 0.163256 0.916982 -2.867116
v 0.136375 0.916982 -2.782876
v -0.629446 0.916982 -2.853987
v -0.624779 0.916982 -2.914902
v -0.640601 0.916982 -2.966045
v -0.756745 0.916982 -2.999191
v -0.554016 0.916982 -2.777499
v -0.515752 0.916982 -2.751595
v -0.559993 0.916982 -2.670860
v -0.324390 0.916982 -2.715570
v -0.361967 0.916982 -2.741920
v -0.441421 0.916982 -2.735646
v -0.445179 0.916982 -2.698094
v -0.608284 0.916982 -2.792387
v -0.609407 0.916982 -2.768117
v -0.615955 0.916982 -2.742621
v -0.594449 0.916982 -2.897782
v 0.156957 0.916982 -2.817273
v -0.666423 0.916982 -2.875289
v -0.542088 0.916982 -2.966859
v -0.314810 0.916982 -2.974592
v -0.420493 0.916982 -2.990507
v -0.494168 0.916982 -2.989367
v 0.151220 0.916982 -2.916960
v -0.625712 0.916982 -2.944011
v -0.753787 0.916982 -3.066489
v -0.753787 0.814223 -3.066489
v -0.797629 0.916982 -2.998246
v -0.758107 0.916982 -2.556021
v -0.758107 0.814223 -2.556021
v -0.759147 0.916982 -2.605602
v -0.183671 0.916982 -3.066489
v -0.230765 0.916982 -3.066489
v -0.185826 0.814223 -3.066489
v -0.231842 0.814223 -3.066489
v -0.232891 0.916982 -2.825798
v -0.215838 0.916982 -2.779540
v -0.183491 0.916982 -2.807459
v -0.227720 0.916982 -2.846493
v -0.177562 0.916982 -2.922870
v -0.253940 0.916982 -2.932431
v -0.180168 0.916982 -3.004886
v -0.229013 0.916982 -3.021631
v -0.195387 0.916982 -2.889032
v -0.237707 0.916982 -2.901799
v -0.161614 0.916982 -2.942836
v -0.275415 0.916982 -2.954257
v -0.281170 0.916982 -2.771258
v -0.123761 0.916982 -2.724849
v -0.306459 0.916982 -2.758634
v -0.247126 0.916982 -2.719143
v -0.218679 0.916982 -2.682536
v -0.254312 0.916982 -3.066489
v -0.254850 0.814223 -3.066489
v -0.253436 0.916982 -3.030004
v -0.295113 0.916982 -2.964425
v -0.246506 0.916982 -2.802208
v -0.264313 0.916982 -2.781681
v -0.195268 0.916982 -2.735945
v -0.185444 0.916982 -2.721996
v -0.176649 0.916982 -2.685003
v -0.420493 0.891685 -2.827640
v -0.330881 0.891685 -2.817928
v -0.491810 0.891685 -2.821835
v -0.388458 0.891685 -2.790283
v -0.581618 0.891685 -2.812209
v -0.491810 0.891685 -2.882999
v -0.599450 0.891685 -2.856946
v -0.594449 0.891685 -2.897782
v -0.573458 0.891685 -2.933618
v -0.330881 0.891685 -2.874738
v -0.330881 0.891685 -2.903143
v -0.329151 0.891685 -2.929504
v -0.420493 0.891685 -2.887352
v -0.420493 0.891685 -2.917209
v -0.420493 0.891685 -2.947065
v -0.494168 0.891685 -2.989367
v -0.491810 0.891685 -2.944162
v -0.491810 0.891685 -2.913580
v -0.279073 0.891685 -2.872672
v -0.291545 0.891685 -2.930967
v -0.554016 0.891685 -2.777499
v -0.515752 0.891685 -2.751595
v -0.361967 0.891685 -2.741920
v -0.476266 0.891685 -2.780588
v -0.441421 0.891685 -2.735646
v -0.284294 0.891685 -2.902471
v -0.542088 0.891685 -2.966859
v -0.314810 0.891685 -2.974592
v -0.420493 0.891685 -2.990507
v -0.295113 0.891685 -2.964425
v -0.246506 0.891685 -2.802208
v -0.232891 0.891685 -2.825798
v -0.253940 0.891685 -2.932431
v -0.275415 0.891685 -2.954257
v -0.227720 0.891685 -2.846493
v -0.237707 0.891685 -2.901799
v -0.281170 0.891685 -2.771258
v -0.306459 0.891685 -2.758634
v -0.264313 0.891685 -2.781681
v -0.871576 0.890890 -2.856830
v -0.878332 0.890890 -2.807990
v -0.683137 0.890890 -2.813624
v -0.616265 0.890890 -2.819535
v -0.972420 0.890890 -3.003232
v -0.940289 0.890890 -2.803384
v -0.849878 0.890890 -2.752974
v -0.801347 0.890890 -2.810558
v -0.727358 0.890890 -2.812684
v -0.714829 0.890890 -2.688087
v -0.710652 0.890890 -2.646555
v -0.660784 0.890890 -2.778049
v -0.685787 0.890890 -2.847702
v -0.797629 0.890890 -2.998246
v -0.847249 0.890890 -3.000566
v -0.615955 0.890890 -2.742621
v -0.626701 0.890890 -2.718492
v -0.659297 0.890890 -2.676836
v -0.753774 0.890890 -2.623276
v -0.988894 0.890890 -3.151356
v -0.995291 0.890890 -3.155750
v -1.002482 0.890890 -3.155731
v -1.004293 0.890890 -3.147708
v -1.001169 0.890890 -3.134417
v -0.981826 0.890890 -3.144738
v -1.215883 0.890890 -2.903775
v -1.221179 0.890890 -2.898835
v -1.222286 0.890890 -2.894765
v -1.220100 0.890890 -2.890065
v -1.214524 0.890890 -2.886396
v -0.878890 0.890890 -2.503073
v -0.871368 0.890890 -2.504131
v -0.884295 0.890890 -2.504085
v -0.889517 0.890890 -2.508726
v -0.891919 0.890890 -2.512974
v -0.764519 0.890890 -2.587927
v -0.839839 0.890890 -2.809274
v -0.759147 0.890890 -2.605602
v -0.765667 0.890890 -2.670097
v -0.858066 0.890890 -2.954510
v -0.861444 0.890890 -2.930090
v -0.864821 0.890890 -2.905670
v -0.868199 0.890890 -2.881250
v -0.738203 0.890890 -2.854834
v -0.735763 0.890890 -2.883443
v -0.717599 0.890890 -2.927122
v -0.715159 0.890890 -2.963593
v -0.714575 0.890890 -2.997704
v -0.675275 0.890890 -2.954522
v -0.686567 0.890890 -2.927491
v -0.699936 0.890890 -2.875639
v -0.629446 0.890890 -2.853987
v -0.666423 0.890890 -2.875289
v -0.624779 0.890890 -2.914902
v -0.625712 0.890890 -2.944011
v -0.640601 0.890890 -2.966045
v -0.786588 0.890890 -2.868308
v -0.779208 0.890890 -2.897184
v -0.771828 0.890890 -2.926059
v -0.764448 0.890890 -2.962796
v -0.756745 0.890890 -2.999191
v -0.829082 0.890890 -2.862569
v -0.818325 0.890890 -2.915864
v -0.807666 0.890890 -2.976809
v -0.662870 0.890890 -2.982929
v -0.792972 0.890890 -2.642943
v -0.821425 0.890890 -2.697958
v -0.723182 0.890890 -2.771152
v -0.719005 0.890890 -2.729620
v -0.664125 0.890890 -2.716353
v -0.661552 0.890890 -2.746302
v -0.608284 0.890890 -2.792387
v -0.609407 0.890890 -2.768117
v -0.789454 0.890890 -2.763737
v -0.777561 0.890890 -2.716917
v -0.819666 0.890890 -2.758356
v -0.799493 0.890890 -2.707438
v -0.779320 0.890890 -2.656520
v -0.823703 0.890890 -2.889217
v -0.812946 0.890890 -2.946443
v -0.087981 0.916982 -2.730308
v -0.054837 0.916982 -2.719366
v -0.024477 0.916982 -2.702500
v -0.559732 0.916982 -2.658762
v -0.559470 0.916982 -2.646665
v -0.559209 0.916982 -2.634567
v -0.441293 0.916982 -2.687783
v -0.437407 0.916982 -2.677471
v -0.433521 0.916982 -2.667159
v -0.028587 0.916982 -3.066489
v -0.064584 0.916982 -3.066489
v -0.100581 0.916982 -3.066489
v -0.126476 0.916982 -2.715504
v -0.129190 0.916982 -2.706159
v -0.131904 0.916982 -2.696814
v -0.029395 0.814223 -3.066489
v -0.066200 0.814223 -3.066489
v -0.103004 0.814223 -3.066489
v -0.618641 0.916982 -2.736588
v -0.621328 0.916982 -2.730556
v -0.624014 0.916982 -2.724524
v -0.025505 0.916982 -2.744957
v -0.057274 0.916982 -2.748691
v -0.089125 0.916982 -2.753452
v -0.027560 0.916982 -2.987804
v -0.060476 0.916982 -2.984267
v -0.085269 0.916982 -2.980977
v -0.300364 0.916982 -2.687552
v -0.308373 0.916982 -2.696892
v -0.316381 0.916982 -2.706231
v -0.225791 0.916982 -2.691688
v -0.232903 0.916982 -2.700840
v -0.240015 0.916982 -2.709992
v -0.183245 0.916982 -2.712748
v -0.181046 0.916982 -2.703500
v -0.178848 0.916982 -2.694251
v -0.713785 0.890890 -2.677705
v -0.712740 0.890890 -2.667321
v -0.711696 0.890890 -2.656939
v -0.618641 0.890890 -2.736588
v -0.621328 0.890890 -2.730556
v -0.624014 0.890890 -2.724524
v -0.762694 0.890890 -2.658392
v -0.759721 0.890890 -2.646687
v -0.756748 0.890890 -2.634981
v -0.771632 0.890890 -2.601681
v -0.778746 0.890890 -2.615435
v -0.785859 0.890890 -2.629189
v -0.660504 0.890890 -2.686715
v -0.661711 0.890890 -2.696595
v -0.662918 0.890890 -2.706474
v -0.774277 0.890890 -2.643790
v -0.769233 0.890890 -2.631061
v -0.764190 0.890890 -2.618331
v 0.114385 0.916982 -3.066489
v 0.078727 0.916982 -3.066489
v 0.043068 0.916982 -3.066489
v 0.114385 0.814223 -3.066489
v 0.078727 0.814223 -3.066489
v 0.043068 0.814223 -3.066489
v 0.038745 0.916982 -2.681161
v 0.071607 0.916982 -2.676688
v 0.104469 0.916982 -2.672216
v 0.038745 0.814223 -2.681161
v 0.071607 0.814223 -2.676688
v 0.104469 0.814223 -2.672216
v 0.109665 0.916982 -2.756248
v 0.073387 0.916982 -2.748713
v 0.039825 0.916982 -2.745416
v 0.110128 0.916982 -2.965252
v 0.076899 0.916982 -2.979040
v 0.043780 0.916982 -2.985488
v 0.169738 0.916982 -2.659614
v 0.202146 0.916982 -2.651485
v 0.234554 0.916982 -2.643356
v 0.169738 0.814223 -2.659614
v 0.202146 0.814223 -2.651485
v 0.234554 0.814223 -2.643356
v 0.257019 0.916982 -3.066489
v 0.221361 0.916982 -3.066489
v 0.185702 0.916982 -3.066489
v 0.257019 0.814223 -3.066489
v 0.221361 0.814223 -3.066489
v 0.185702 0.814223 -3.066489
v 0.286427 0.916982 -2.701374
v 0.253206 0.916982 -2.701374
v 0.182077 0.916982 -2.701374
v 0.175952 0.916982 -2.865219
v 0.251403 0.916982 -3.000821
v 0.216557 0.916982 -3.000821
v 0.169830 0.916982 -2.999043
v 0.168323 0.916982 -2.815440
v 0.169606 0.916982 -2.915537
v -0.175229 0.916982 -2.751759
v -0.534884 0.916982 -2.764547
v -0.608845 0.916982 -2.780252
v -0.160124 0.916982 -3.066489
v -0.162817 0.814223 -3.066489
v -0.149830 0.916982 -2.774214
v -0.125489 0.916982 -2.967395
v -0.144245 0.916982 -2.956196
v -0.293815 0.916982 -2.764946
v -0.221487 0.916982 -2.756538
v -0.534884 0.891685 -2.764547
v -0.375213 0.891685 -2.766102
v -0.458843 0.891685 -2.758117
v -0.293815 0.891685 -2.764946
v -0.835652 0.890890 -2.725466
v -0.721093 0.890890 -2.750386
v -0.661168 0.890890 -2.762176
v -0.608845 0.890890 -2.780252
v -0.783507 0.890890 -2.740327
v -0.809580 0.890890 -2.732897
v -0.567817 0.916982 -2.794854
v -0.612275 0.916982 -2.805961
v -0.207218 0.916982 -3.066489
v -0.208834 0.814223 -3.066489
v -0.224364 0.916982 -2.802669
v -0.216082 0.916982 -2.834631
v -0.215014 0.916982 -2.927951
v -0.204590 0.916982 -3.013259
v -0.217775 0.916982 -2.901462
v -0.233074 0.916982 -2.955883
v -0.255410 0.916982 -2.791945
v -0.404476 0.891685 -2.808962
v -0.567817 0.891685 -2.794854
v -0.484038 0.891685 -2.801212
v -0.306025 0.891685 -2.794593
v -0.255410 0.891685 -2.791945
v -0.864105 0.890890 -2.780482
v -0.671960 0.890890 -2.795836
v -0.725270 0.890890 -2.791918
v -0.612275 0.890890 -2.805961
v -0.795401 0.890890 -2.787148
v -0.829753 0.890890 -2.783815
v 0.146666 0.916982 -2.800075
v -0.596949 0.916982 -2.877364
v -0.647934 0.916982 -2.864638
v -0.230643 0.916982 -2.883860
v -0.197859 0.916982 -2.844512
v -0.491810 0.891685 -2.898290
v -0.596949 0.891685 -2.877364
v -0.330881 0.891685 -2.888941
v -0.420493 0.891685 -2.902281
v -0.230643 0.891685 -2.883860
v -0.281683 0.891685 -2.887572
v -0.869888 0.890890 -2.869040
v -0.692862 0.890890 -2.861670
v -0.736983 0.890890 -2.869139
v -0.647934 0.890890 -2.864638
v -0.782898 0.890890 -2.882746
v -0.826393 0.890890 -2.875893
v 0.173278 0.916982 -2.789785
v -0.217471 0.916982 -2.874730
v 0.370224 0.916982 -2.635699
v 0.413865 0.916982 -2.639447
v 0.439161 0.916982 -2.649419
v 0.514323 0.916982 -2.622956
v 0.517698 0.916982 -2.648552
v 0.519394 0.916982 -3.066489
v 0.464774 0.916982 -3.066489
v 0.435312 0.916982 -3.066489
v 0.387767 0.916982 -3.066489
v 0.340222 0.916982 -3.066489
v 0.605610 0.916982 -2.544732
v 0.580160 0.916982 -2.544764
v 0.554711 0.916982 -2.544796
v 0.529261 0.916982 -2.544827
v 0.503812 0.916982 -2.544859
v 0.519394 0.814223 -3.066489
v 0.464774 0.814223 -3.066489
v 0.435312 0.814223 -3.066489
v 0.387767 0.814223 -3.066489
v 0.340222 0.814223 -3.066489
v 0.605610 0.814223 -2.544732
v 0.580160 0.814223 -2.544764
v 0.554711 0.814223 -2.544796
v 0.529261 0.814223 -2.544827
v 0.503812 0.814223 -2.544859
v 0.417317 0.916982 -2.599318
v 0.454754 0.916982 -2.602840
v 0.492191 0.916982 -2.606363
v 0.534418 0.916982 -2.616480
v 0.587380 0.916982 -2.579786
v 0.521290 0.916982 -2.785401
v 0.471317 0.916982 -2.674519
v 0.418844 0.916982 -2.675148
v 0.379168 0.916982 -2.692647
v 0.328784 0.916982 -2.722213
v 0.555102 0.916982 -2.865824
v 0.447908 0.916982 -2.929375
v 0.434779 0.916982 -2.899328
v 0.498946 0.916982 -3.017354
v 0.471017 0.916982 -2.985156
v 0.403794 0.916982 -3.000821
v 0.383481 0.916982 -3.000821
v 0.334865 0.916982 -3.000821
v 0.540302 0.916982 -2.826614
v 0.330790 0.916982 -2.826887
v 0.328784 0.916982 -2.826068
v 0.456842 0.916982 -2.954416
v 0.404152 0.916982 -2.954976
v 0.527455 0.916982 -2.800897
v 0.345297 0.916982 -2.778507
v 0.328784 0.916982 -2.776176
v 0.578040 0.916982 -3.033363
v 0.577946 0.916982 -3.066489
v 0.605424 0.916982 -2.567167
v 0.631060 0.916982 -2.544700
v 0.884869 0.916982 -2.527789
v 0.801628 0.916982 -2.688976
v 0.760973 0.916982 -3.236031
v 0.749775 0.916982 -3.242300
v 0.541256 0.916982 -2.710456
v 0.832337 0.916982 -2.415663
v 0.854619 0.916982 -2.408714
v 0.876367 0.916982 -2.413650
v 0.890206 0.916982 -2.429408
v 0.895214 0.916982 -2.453651
v 1.247887 0.916982 -2.755136
v 1.230544 0.916982 -2.761198
v 1.254731 0.916982 -2.744295
v 1.249306 0.916982 -2.733179
v 1.231190 0.916982 -2.725684
v 0.771950 0.916982 -2.805200
v 0.775259 0.916982 -3.205235
v 0.770859 0.916982 -3.220037
v 0.736282 0.916982 -3.243687
v 0.720199 0.916982 -3.236330
v 0.708795 0.916982 -3.225868
v 0.557780 0.916982 -2.764625
v 0.558409 0.916982 -2.825943
v 0.558413 0.916982 -2.863334
v 0.558802 0.916982 -2.804326
v 0.426513 0.916982 -2.644433
v 0.411539 0.916982 -3.066489
v 0.541986 0.916982 -2.544811
v 0.411539 0.814223 -3.066489
v 0.541986 0.814223 -2.544811
v 0.473473 0.916982 -2.604602
v 0.400721 0.916982 -2.678037
v 0.393638 0.916982 -3.000821
v 0.141520 0.916982 -2.791475
v -0.491810 0.891685 -2.890644
v -0.870732 0.890890 -2.862935
v -0.689325 0.890890 -2.854686
v 0.558291 0.916982 -2.784475
v -0.598199 0.916982 -2.867155
v -0.638690 0.916982 -2.859313
v -0.229181 0.916982 -2.865176
v -0.190675 0.916982 -2.825985
v -0.598199 0.891685 -2.867155
v -0.330881 0.891685 -2.881839
v -0.420493 0.891685 -2.894817
v -0.229181 0.891685 -2.865176
v -0.280378 0.891685 -2.880122
v -0.737593 0.890890 -2.861986
v -0.638690 0.890890 -2.859313
v -0.784743 0.890890 -2.875527
v -0.827737 0.890890 -2.869231
v 0.169263 0.916982 -2.778005
v -0.216777 0.916982 -2.854681
v 0.328784 0.916982 -2.762980
v 0.359721 0.916982 -2.735427
v 0.524372 0.916982 -2.793149
v 0.138947 0.916982 -2.787176
v -0.491810 0.891685 -2.886822
v -0.871154 0.890890 -2.859882
v -0.687556 0.890890 -2.851194
v 0.558035 0.916982 -2.774550
v -0.598825 0.916982 -2.862050
v -0.634068 0.916982 -2.856650
v -0.228450 0.916982 -2.855834
v -0.187083 0.916982 -2.816722
v -0.598825 0.891685 -2.862050
v -0.330881 0.891685 -2.878289
v -0.420493 0.891685 -2.891084
v -0.228450 0.891685 -2.855834
v -0.279725 0.891685 -2.876397
v -0.737898 0.890890 -2.858410
v -0.634068 0.890890 -2.856650
v -0.785665 0.890890 -2.871918
v -0.828410 0.890890 -2.865900
v 0.182193 0.916982 -2.725487
v -0.216430 0.916982 -2.844656
v 0.328784 0.916982 -2.742596
v 0.369444 0.916982 -2.714037
v 0.522831 0.916982 -2.789275
v 0.185942 0.916982 -2.655550
v 0.185942 0.814223 -2.655550
v 0.203531 0.916982 -3.066489
v 0.203531 0.814223 -3.066489
v 0.217642 0.916982 -2.701374
v 0.192912 0.916982 -2.861020
v 0.201680 0.916982 -2.993878
v 0.192912 0.916982 -2.809652
v 0.192912 0.916982 -2.912387
v 0.192912 0.916982 -2.783968
v 0.192912 0.916982 -2.771127
v 0.193237 0.916982 -2.725487
v -0.552607 0.916982 -2.985367
v -0.296335 0.916982 -3.006484
v -0.420493 0.916982 -3.005435
v -0.633157 0.916982 -2.955028
v -0.492989 0.916982 -3.000413
v 0.142439 0.916982 -2.931032
v -0.252214 0.916982 -2.987944
v -0.170891 0.916982 -2.973861
v -0.274274 0.916982 -2.997214
v -0.714867 0.890890 -2.980649
v -0.633157 0.890890 -2.955028
v -0.760597 0.890890 -2.980993
v -0.859755 0.890890 -2.942300
v -0.669073 0.890890 -2.968726
v -0.810306 0.890890 -2.961626
v 0.165414 0.916982 -2.939003
v -0.134867 0.916982 -2.961795
v -0.218832 0.916982 -2.984571
v 0.403973 0.916982 -2.977898
v 0.463930 0.916982 -2.969786
v 0.190925 0.916982 -2.966557
v -0.557867 0.916982 -2.994621
v -0.287097 0.916982 -3.022430
v -0.420493 0.916982 -3.012899
v -0.636879 0.916982 -2.960536
v -0.240614 0.916982 -3.004788
v -0.175529 0.916982 -2.989374
v -0.263855 0.916982 -3.013609
v -0.714721 0.890890 -2.989176
v -0.636879 0.890890 -2.960536
v -0.758671 0.890890 -2.990092
v -0.808986 0.890890 -2.969218
v 0.131574 0.892332 -2.945002
v 0.167622 0.916982 -2.969023
v -0.130178 0.916982 -2.964595
v -0.211711 0.916982 -2.998915
v 0.403883 0.916982 -2.989359
v 0.467473 0.916982 -2.977471
v 0.194180 0.916982 -2.982455
v -0.492399 0.916982 -3.005935
v 0.138048 0.916982 -2.938068
v -0.858910 0.890890 -2.948405
v -0.665971 0.890890 -2.975827
v 0.517698 0.892332 -2.648552
v 0.541256 0.892332 -2.710456
v 0.590047 0.892332 -2.691317
v 0.771950 0.892332 -2.805200
v 0.801628 0.892332 -2.688976
v 0.605424 0.892332 -2.567167
v 0.587380 0.892332 -2.579786
v 0.835533 0.892332 -2.530090
v 0.615861 0.892332 -2.621107
v 0.557780 0.892332 -2.764625
v 0.558409 0.892332 -2.825943
v 0.558413 0.892332 -2.863334
v 0.578016 0.892332 -3.006270
v 0.578040 0.892332 -3.033363
v 0.006455 0.892332 -2.828454
v 0.006646 0.892332 -2.876061
v 0.007723 0.892332 -2.972499
v 0.008018 0.892332 -2.988776
v 0.276605 0.892332 -2.796950
v 0.279820 0.892332 -2.850858
v 0.285445 0.892332 -2.976807
v 0.286249 0.892332 -3.000821
v -0.128695 0.892332 -2.948967
v -0.126067 0.892332 -2.909793
v -0.118991 0.892332 -2.775147
v -0.118355 0.892332 -2.761508
v 0.151220 0.892332 -2.916960
v 0.163256 0.892332 -2.867116
v 0.138947 0.892332 -2.787176
v 0.136375 0.892332 -2.782876
v 0.039825 0.892332 -2.745416
v 0.006264 0.892332 -2.744053
v 0.040906 0.892332 -2.873825
v 0.043780 0.892332 -2.985488
v -0.089125 0.892332 -2.753452
v -0.092889 0.892332 -2.901361
v -0.085269 0.892332 -2.980977
v -0.105206 0.892332 -2.974014
v 0.328784 0.892332 -2.722213
v 0.311723 0.892332 -2.702814
v 0.329508 0.892332 -2.855353
v 0.334865 0.892332 -3.000821
v 0.558802 0.892332 -2.804326
v 0.006360 0.892332 -2.786254
v 0.274998 0.892332 -2.769996
v -0.123440 0.892332 -2.870619
v 0.156957 0.892332 -2.817273
v 0.328784 0.892332 -2.826068
v -0.090966 0.892332 -2.860078
v 0.040366 0.892332 -2.825659
v 0.577946 0.892332 -2.924992
v 0.006837 0.892332 -2.923668
v 0.283034 0.892332 -2.904766
v -0.116950 0.892332 -2.961491
v 0.142439 0.892332 -2.931032
v 0.332186 0.892332 -2.908137
v -0.094812 0.892332 -2.942643
v 0.041447 0.892332 -2.921991
v -0.149830 0.892332 -2.774214
v -0.183491 0.892332 -2.807459
v -0.151077 0.892332 -2.916632
v -0.177562 0.892332 -2.922870
v -0.149176 0.892332 -2.879594
v -0.195387 0.892332 -2.889032
v -0.144245 0.892332 -2.956196
v -0.161614 0.892332 -2.942836
v -0.197859 0.892332 -2.844512
v -0.025505 0.892332 -2.744957
v -0.057274 0.892332 -2.748691
v -0.026532 0.892332 -2.884495
v -0.059710 0.892332 -2.892927
v -0.027560 0.892332 -2.987804
v -0.060476 0.892332 -2.984267
v -0.026018 0.892332 -2.838996
v -0.058492 0.892332 -2.849537
v -0.027046 0.892332 -2.929993
v -0.060929 0.892332 -2.936318
v -0.090045 0.892332 -2.806765
v -0.057883 0.892332 -2.799114
v -0.025762 0.892332 -2.791976
v -0.087655 0.892332 -2.971393
v -0.060590 0.892332 -2.972280
v -0.027431 0.892332 -2.973351
v 0.109665 0.892332 -2.756248
v 0.073387 0.892332 -2.748713
v 0.109427 0.892332 -2.869353
v 0.075167 0.892332 -2.871589
v 0.110128 0.892332 -2.965252
v 0.076899 0.892332 -2.979040
v 0.108187 0.892332 -2.820069
v 0.074277 0.892332 -2.822864
v 0.110666 0.892332 -2.918637
v 0.076057 0.892332 -2.920314
v 0.040096 0.892332 -2.785537
v 0.073832 0.892332 -2.785788
v 0.108926 0.892332 -2.788158
v 0.043197 0.892332 -2.969614
v 0.076689 0.892332 -2.964358
v 0.110959 0.892332 -2.954892
v 0.286427 0.892332 -2.701374
v 0.253206 0.892332 -2.701374
v 0.217642 0.892332 -2.701374
v 0.182077 0.892332 -2.701374
v 0.245787 0.892332 -2.854923
v 0.211754 0.892332 -2.858987
v 0.251403 0.892332 -3.000821
v 0.216557 0.892332 -3.000821
v 0.242979 0.892332 -2.802031
v 0.209352 0.892332 -2.807112
v 0.248595 0.892332 -2.907814
v 0.214155 0.892332 -2.910863
v 0.208151 0.892332 -2.781174
v 0.241575 0.892332 -2.775585
v 0.215957 0.892332 -2.978331
v 0.250701 0.892332 -2.977569
v -0.125489 0.892332 -2.967395
v -0.149503 0.892332 -2.826904
v -0.130178 0.892332 -2.964595
v -0.120897 0.892332 -2.816064
v 0.146666 0.892332 -2.800075
v 0.558291 0.892332 -2.784475
v 0.006312 0.892332 -2.765153
v 0.274195 0.892332 -2.756519
v -0.190675 0.892332 -2.825985
v -0.089585 0.892332 -2.780109
v -0.057578 0.892332 -2.773902
v -0.025633 0.892332 -2.768466
v 0.039961 0.892332 -2.765477
v 0.073609 0.892332 -2.767251
v 0.109295 0.892332 -2.772203
v 0.207550 0.892332 -2.768205
v 0.240873 0.892332 -2.762362
v -0.149667 0.892332 -2.800559
v 0.328784 0.892332 -2.776176
v 0.514323 0.892332 -2.622956
v 0.534418 0.892332 -2.616480
v 0.521290 0.892332 -2.785401
v 0.471317 0.892332 -2.674519
v 0.418844 0.892332 -2.675148
v 0.400721 0.892332 -2.678037
v 0.379168 0.892332 -2.692647
v 0.555102 0.892332 -2.865824
v 0.447908 0.892332 -2.929375
v 0.434779 0.892332 -2.899328
v 0.406987 0.892332 -2.879588
v 0.379195 0.892332 -2.859847
v 0.498946 0.892332 -3.017354
v 0.471017 0.892332 -2.985156
v 0.393638 0.892332 -3.000821
v 0.383481 0.892332 -3.000821
v 0.540302 0.892332 -2.826614
v 0.477499 0.892332 -2.819423
v 0.427276 0.892332 -2.813805
v 0.402164 0.892332 -2.810996
v 0.330790 0.892332 -2.826887
v 0.527222 0.892332 -2.933414
v 0.456842 0.892332 -2.954416
v 0.392745 0.892332 -2.933242
v 0.381338 0.892332 -2.911508
v 0.527455 0.892332 -2.800897
v 0.476963 0.892332 -2.794717
v 0.426472 0.892332 -2.788537
v 0.401226 0.892332 -2.785447
v 0.345297 0.892332 -2.778507
v 0.328784 0.892332 -2.762980
v 0.359721 0.892332 -2.735427
v 0.422658 0.892332 -2.731842
v 0.474140 0.892332 -2.734618
v 0.524372 0.892332 -2.793149
v 0.404152 0.892332 -2.954976
v 0.334195 0.892332 -2.977650
v 0.382945 0.892332 -2.978492
v 0.403883 0.892332 -2.989359
v 0.403794 0.892332 -3.000821
v 0.467473 0.892332 -2.977471
v 0.506015 0.892332 -2.996369
v 0.589953 0.892332 -3.035488
v 0.651633 0.892332 -3.046762
v 0.629614 0.892332 -2.592147
v 0.733187 0.892332 -3.121426
v 0.727022 0.892332 -3.126857
v 0.815458 0.892332 -2.481552
v 0.829760 0.892332 -2.473442
v 0.839928 0.892332 -2.473771
v 0.845499 0.892332 -2.481239
v 0.843082 0.892332 -2.498579
v 1.070957 0.892332 -2.747055
v 1.061173 0.892332 -2.750894
v 1.073792 0.892332 -2.743981
v 1.070503 0.892332 -2.741220
v 1.061272 0.892332 -2.737152
v 0.737552 0.892332 -3.098082
v 0.736685 0.892332 -3.110895
v 0.718821 0.892332 -3.125206
v 0.710446 0.892332 -3.118221
v 0.702333 0.892332 -3.108437
v 0.609073 0.892332 -2.764625
v 0.609702 0.892332 -2.825943
v 0.609820 0.892332 -2.860923
v 0.589976 0.892332 -3.007864
v 0.610095 0.892332 -2.804326
v 0.590047 0.892332 -2.924992
v 0.609584 0.892332 -2.784475
v 0.393414 0.892332 -2.983926
v 0.400974 0.892332 -2.731742
v -0.119626 0.892332 -2.788786
v 0.141520 0.892332 -2.791475
v 0.558035 0.892332 -2.774550
v 0.006288 0.892332 -2.754603
v 0.292959 0.892332 -2.729667
v -0.187083 0.892332 -2.816722
v -0.089355 0.892332 -2.766780
v -0.057426 0.892332 -2.761296
v -0.025569 0.892332 -2.756711
v 0.039893 0.892332 -2.755446
v 0.073498 0.892332 -2.757982
v 0.109480 0.892332 -2.764225
v 0.230378 0.892332 -2.734790
v 0.263650 0.892332 -2.731868
v -0.149748 0.892332 -2.787386
v 0.328784 0.892332 -2.742596
v 0.369444 0.892332 -2.714037
v 0.420751 0.892332 -2.703495
v 0.472729 0.892332 -2.704568
v 0.522831 0.892332 -2.789275
v 0.609329 0.892332 -2.774550
v 0.400847 0.892332 -2.704889
v 0.182193 0.892332 -2.725487
v 0.193237 0.892332 -2.725487
v 0.192912 0.892332 -2.861020
v 0.201680 0.892332 -2.993878
v 0.192912 0.892332 -2.809652
v 0.192912 0.892332 -2.912387
v 0.192912 0.892332 -2.783968
v 0.192912 0.892332 -2.771127
v 0.194180 0.892332 -2.982455
v 0.577993 0.892332 -2.979177
v 0.007428 0.892332 -2.956223
v 0.284642 0.892332 -2.952793
v -0.111078 0.892332 -2.967752
v 0.138048 0.892332 -2.938068
v -0.090040 0.892332 -2.961810
v -0.060703 0.892332 -2.960293
v -0.027303 0.892332 -2.958899
v 0.042613 0.892332 -2.953740
v 0.076478 0.892332 -2.949677
v 0.110862 0.892332 -2.942807
v 0.215356 0.892332 -2.955842
v 0.249999 0.892332 -2.954318
v -0.134867 0.892332 -2.961795
v 0.333526 0.892332 -2.954479
v 0.382410 0.892332 -2.956164
v 0.403973 0.892332 -2.977898
v 0.463930 0.892332 -2.969786
v 0.513084 0.892332 -2.975384
v 0.590000 0.892332 -2.980240
v 0.393191 0.892332 -2.967031
v 0.190925 0.892332 -2.966557
vn -0.0000 1.0000 -0.0000
vn -0.7263 -0.0000 -0.6874
vn -0.7729 -0.0000 -0.6345
vn 0.2715 -0.0000 -0.9624
vn 0.2121 -0.0000 -0.9773
vn 0.5625 -0.0000 -0.8268
vn 0.5059 -0.0000 -0.8626
vn -0.2841 -0.0000 -0.9588
vn -0.3870 -0.0000 -0.9221
vn -0.9953 -0.0000 0.0967
vn -0.9536 -0.0000 0.3010
vn 0.6917 -0.0000 -0.7222
vn 0.3016 -0.0000 -0.9534
vn -0.0000 -0.0000 -1.0000
vn 0.9909 -0.0000 -0.1347
vn 0.9914 -0.0000 -0.1312
vn 0.2056 -0.0000 0.9786
vn 0.1064 -0.0002 0.9943
vn 0.4246 -0.0000 0.9054
vn 0.3137 -0.0000 0.9495
vn -0.2433 -0.0000 0.9700
vn -0.2868 -0.0000 0.9580
vn 0.0228 -0.0003 0.9997
vn 0.0588 -0.0003 0.9983
vn 0.9995 -0.0000 0.0325
vn -0.3954 -0.0000 0.9185
vn -0.4592 -0.0000 0.8883
vn -0.0073 -0.0000 1.0000
vn -0.0013 -0.0000 1.0000
vn 0.3394 -0.0000 -0.9406
vn 0.0270 -0.0000 -0.9996
vn -0.4980 -0.0000 -0.8672
vn -0.9134 -0.0000 -0.4070
vn -0.9999 -0.0000 -0.0121
vn -0.9939 -0.0000 0.1105
vn -0.7246 -0.0000 -0.6892
vn -0.8975 -0.0000 -0.4410
vn -0.8282 -0.0000 0.5605
vn -0.6189 -0.0000 0.7855
vn -0.2863 -0.0000 0.9582
vn -0.2200 -0.0000 0.9755
vn 0.5379 -0.0000 0.8430
vn 0.1232 -0.0000 0.9924
vn -0.3137 -0.0000 0.9495
vn -0.7378 -0.0000 0.6750
vn 0.7540 -0.0000 0.6569
vn 0.4784 -0.0000 0.8782
vn -0.0742 -0.0002 0.9972
vn -0.1349 -0.0000 0.9909
vn -0.1894 -0.0000 0.9819
vn -0.4225 -0.0000 0.9064
vn -0.0396 -0.0000 0.9992
vn 0.5113 -0.0000 0.8594
vn 0.8951 -0.0000 0.4459
vn -0.5397 -0.0000 0.8419
vn 0.6225 -0.0000 -0.7826
vn 0.8456 -0.0000 -0.5338
vn 0.8987 -0.0000 0.4386
vn 0.6849 -0.0000 0.7286
vn 0.3119 -0.0000 0.9501
vn 0.2398 -0.0000 0.9708
vn 0.9786 -0.0000 -0.2059
vn 0.9126 -0.0000 -0.4089
vn -0.1626 -0.0000 -0.9867
vn -0.5528 -0.0000 -0.8333
vn 0.9921 -0.0000 -0.1256
vn -0.7333 0.0324 0.6791
vn -0.7291 0.0322 0.6836
vn -0.8198 0.0173 0.5723
vn 1.0000 -0.0000 -0.0044
vn 0.9752 -0.0000 -0.2214
vn 0.9428 -0.0000 -0.3333
vn 0.7779 -0.0000 -0.6283
vn 0.9755 -0.0000 0.2201
vn 0.3924 -0.0000 -0.9198
vn 0.0662 -0.0000 -0.9978
vn 0.4402 -0.0000 -0.8979
vn -0.2952 -0.0000 0.9554
vn 0.0026 -0.0000 1.0000
vn 0.0227 -0.0000 -0.9997
vn -0.9568 -0.0000 -0.2908
vn -0.7741 -0.0000 -0.6330
vn -0.6266 -0.0000 0.7793
vn -0.3916 -0.0000 -0.9201
vn -0.8144 -0.0000 -0.5802
vn -0.9271 -0.0000 -0.3748
vn -0.5932 -0.0000 0.8051
vn -0.4587 -0.0000 0.8886
vn -0.0061 -0.0000 1.0000
vn -0.0118 -0.0000 0.9999
vn -0.8286 -0.0000 0.5599
vn -0.7261 -0.0000 0.6876
vn -0.4916 -0.0000 -0.8708
vn -0.3079 -0.0000 0.9514
vn 0.8002 -0.0000 0.5997
vn 0.9474 -0.0000 0.3201
vn 0.3782 -0.0000 0.9257
vn 0.5389 -0.0000 0.8424
vn -0.9443 -0.0000 -0.3289
vn -0.9889 -0.0000 -0.1483
vn -0.6892 -0.0000 -0.7246
vn -0.9252 -0.0000 -0.3794
vn 0.4241 -0.0000 -0.9056
vn 0.2897 -0.0000 -0.9571
vn -0.9989 -0.0000 -0.0462
vn -0.9928 -0.0000 0.1196
vn -0.9474 -0.0000 0.3199
vn -0.7605 -0.0000 0.6494
vn -0.6592 -0.0000 -0.7519
vn -0.8569 -0.0000 -0.5154
vn 0.5865 -0.0000 0.8099
vn 0.7570 -0.0000 -0.6534
vn -0.1846 -0.0000 -0.9828
vn -0.9594 -0.0000 0.2821
vn -0.9744 -0.0000 0.2247
vn -0.9085 -0.0000 0.4180
vn -0.9135 -0.0000 -0.4068
vn 0.9964 -0.0000 -0.0848
vn -0.0670 -0.0000 0.9978
vn -0.9514 -0.0000 0.3081
vn 0.9917 -0.0000 -0.1284
vn 0.8650 -0.0000 -0.5017
vn -0.1561 -0.0000 0.9877
vn -0.9965 -0.0000 -0.0833
vn -0.4992 -0.0000 0.8665
vn 0.8562 -0.0000 0.5166
vn -0.4198 -0.0000 0.9076
vn -0.7077 -0.0000 0.7066
vn -0.4471 -0.0000 0.8945
vn 0.9864 -0.0000 -0.1643
vn 0.9768 -0.0000 -0.2141
vn -0.8251 -0.0000 -0.5650
vn -0.8067 -0.0000 0.5910
vn 0.2253 -0.0000 0.9743
vn -0.4466 -0.0000 -0.8947
vn -0.4868 -0.0000 -0.8735
vn 0.5606 -0.0000 -0.8281
vn -0.3688 -0.0000 -0.9295
vn 0.7827 -0.0000 -0.6224
vn 0.6795 -0.0000 -0.7337
vn 0.9926 -0.0000 0.1215
vn -0.6480 -0.0000 -0.7616
vn -0.7554 -0.0000 -0.6553
vn 0.2318 -0.0000 0.9728
vn 0.3200 -0.0000 0.9474
vn 0.9259 -0.0000 0.3778
vn 0.9297 -0.0000 0.3684
vn 0.9081 -0.0000 0.4187
vn -0.8761 -0.0000 0.4822
vn -0.9675 -0.0000 0.2527
vn -1.0000 -0.0000 0.0078
vn -0.8339 -0.0000 0.5520
vn -0.6609 -0.0000 0.7504
vn 0.9998 -0.0000 -0.0183
vn 1.0000 -0.0000 -0.0000
vn 0.3205 -0.0000 -0.9472
vn 0.2071 -0.0000 -0.9783
vn 0.1192 -0.0000 0.9929
vn -0.9753 -0.0000 0.2209
vn -0.9780 -0.0000 0.2087
vn -0.9970 -0.0000 0.0780
vn -0.1415 -0.0000 0.9899
vn -0.0322 -0.0000 0.9995
vn 0.0671 -0.0000 0.9977
vn 0.6543 -0.0000 0.7563
vn 0.9244 -0.0000 0.3815
vn -0.9292 -0.0000 -0.3696
vn -0.9127 -0.0000 -0.4086
vn 0.5071 -0.0000 0.8619
vn 0.1777 -0.0000 0.9841
vn 0.4140 -0.0000 0.9103
vn -0.0061 -0.0000 -1.0000
vn -0.0692 -0.0000 -0.9976
vn -0.9452 -0.0000 -0.3264
vn -0.9985 -0.0000 0.0556
vn 0.5127 -0.0000 0.8586
vn 0.5492 -0.0000 -0.8357
vn 0.9532 -0.0000 -0.3024
vn 0.9306 -0.0000 -0.3662
vn -0.0000 -0.0000 1.0000
vn 0.1323 -0.0000 -0.9912
vn -1.0000 -0.0000 -0.0000
vn 0.0727 -0.0000 -0.9974
vn 1.0000 -0.0000 -0.0036
vn 1.0000 -0.0000 -0.0071
vn 0.8368 -0.0000 0.5475
vn 0.9637 -0.0000 0.2669
vn 0.3067 -0.0000 -0.9518
vn 0.4429 -0.0000 -0.8966
vn -0.7881 -0.0000 -0.6155
vn -0.8581 -0.0000 -0.5135
vn 0.9324 -0.0000 -0.3616
vn 0.9696 -0.0000 0.2449
vn 0.9914 -0.0000 0.1307
vn -0.9221 -0.0000 0.3870
vn -0.9207 -0.0000 -0.3904
vn 0.9877 -0.0000 -0.1566
vn 0.9966 -0.0000 0.0825
vn 1.0000 -0.0000 -0.0090
vn 1.0000 -0.0000 0.0038
vn 0.9104 -0.0000 -0.4138
vn 0.7643 -0.0000 -0.6449
vn 0.7006 -0.0000 0.7136
vn -0.9357 -0.0000 -0.3529
vn 0.2166 -0.0000 0.9763
vn 0.9997 -0.0000 0.0257
vn -0.3780 -0.0000 -0.9258
vn 0.5621 -0.0000 0.8270
vn 1.0000 -0.0000 0.0048
vn 0.1870 -0.0000 0.9824
vn 0.5038 -0.0000 0.8638
vn 0.8401 -0.0000 0.5424
vn 0.8360 -0.0000 -0.5487
vn -0.8484 -0.0000 0.5294
vn 0.9163 -0.0000 0.4004
vn 1.0000 -0.0000 0.0001
vn 0.9871 -0.0000 0.1602
vn 0.9461 -0.0000 0.3239
vn 0.7711 -0.0000 0.6367
vn 0.6011 -0.0000 -0.7992
vn -0.9932 -0.0000 0.1166
vn -0.9958 -0.0000 0.0921
vn 0.7081 -0.0000 0.7061
vn 0.3681 -0.0000 -0.9298
vn -0.9163 -0.0000 -0.4005
vn -0.9356 -0.0000 -0.3531
vn 0.4322 -0.0000 0.9018
vn 0.0849 -0.0000 -0.9964
vn 0.0120 -0.0000 -0.9999
vn 0.1974 -0.0000 0.9803
vn -0.9117 -0.0000 -0.4109
vn -0.9812 -0.0000 0.1929
vn 0.5713 -0.0000 -0.8207
vn -0.2761 -0.0000 0.9611
vn -0.1845 -0.0000 0.9828
vn -0.4378 -0.0000 -0.8991
vn -0.1824 -0.0000 -0.9832
vn -0.2948 -0.0000 -0.9555
vn -0.5284 -0.0000 -0.8490
vn -0.2886 -0.0000 0.9574
vn -0.6429 -0.0000 -0.7659
vn -0.5333 0.0151 0.8458
vn -0.7351 -0.0000 0.6780
vn -0.5645 -0.0000 0.8254
vn -0.9826 -0.0000 0.1857
vn 0.5114 -0.0000 -0.8593
vn 0.5024 -0.0000 -0.8646
vn -0.7184 -0.0000 -0.6957
vn -0.9686 -0.0000 -0.2486
vn -0.1508 -0.0000 -0.9886
vn 0.9579 -0.0000 -0.2872
vn -0.8015 -0.0000 -0.5980
vn -0.4744 -0.0000 -0.8803
vn -0.0284 -0.0000 -0.9996
vn 0.2394 -0.0000 -0.9709
vn -0.0323 -0.0000 -0.9995
vn 0.5731 -0.0000 -0.8195
vt 0.650084 0.355426
vt 0.674923 0.326844
vt 0.689577 0.333380
vt 0.673605 0.359903
vt 0.489592 0.748252
vt 0.489461 0.701933
vt 0.582490 0.702291
vt 0.582230 0.748484
vt 0.820853 0.191112
vt 0.774581 0.191167
vt 0.774669 0.002072
vt 0.820918 0.002137
vt 0.288944 0.794790
vt 0.290688 0.781760
vt 0.332274 0.786704
vt 0.316935 0.803430
vt 0.377891 0.721812
vt 0.427452 0.676086
vt 0.437112 0.684160
vt 0.393575 0.735229
vt 0.446630 0.599958
vt 0.454592 0.594183
vt 0.478842 0.630922
vt 0.472114 0.639843
vt 0.560886 0.460964
vt 0.570282 0.446210
vt 0.597105 0.459239
vt 0.587313 0.474438
vt 0.537219 0.002063
vt 0.537066 0.048289
vt 0.407683 0.048142
vt 0.407578 0.001851
vt 0.389177 0.850924
vt 0.389291 0.804684
vt 0.554844 0.804818
vt 0.554929 0.851099
vt 0.345682 0.905342
vt 0.345744 0.859094
vt 0.497405 0.859154
vt 0.497450 0.905425
vt 0.263160 0.831421
vt 0.276725 0.817151
vt 0.293010 0.829183
vt 0.281447 0.841700
vt 0.301694 0.619651
vt 0.303372 0.599662
vt 0.325390 0.575062
vt 0.323118 0.605976
vt 0.257035 0.620097
vt 0.254850 0.615674
vt 0.299331 0.578413
vt 0.300377 0.583705
vt 0.352653 0.743923
vt 0.371186 0.760268
vt 0.875177 0.178086
vt 0.875244 0.183855
vt 0.829018 0.184103
vt 0.828925 0.178318
vt 0.768590 0.440906
vt 0.805558 0.468741
vt 0.795921 0.482220
vt 0.759167 0.454085
vt 0.786751 0.565674
vt 0.832991 0.565931
vt 0.831806 0.615689
vt 0.785753 0.614709
vt 0.665304 0.582385
vt 0.701817 0.610866
vt 0.681438 0.636518
vt 0.645739 0.607052
vt 0.810879 0.284974
vt 0.845609 0.315453
vt 0.804808 0.362393
vt 0.769603 0.332438
vt 0.873762 0.213957
vt 0.908493 0.244485
vt 0.885502 0.270439
vt 0.850878 0.239819
vt 0.722154 0.505602
vt 0.759608 0.532844
vt 0.721460 0.584885
vt 0.684403 0.557142
vt 0.625156 0.631327
vt 0.659788 0.661919
vt 0.637172 0.686346
vt 0.603596 0.654843
vt 0.623293 0.523776
vt 0.660641 0.551152
vt 0.651742 0.563376
vt 0.614460 0.535853
vt 0.760344 0.416730
vt 0.723950 0.388226
vt 0.735984 0.373196
vt 0.747997 0.358254
vt 0.888867 0.280132
vt 0.923545 0.310757
vt 0.910290 0.326674
vt 0.874613 0.297106
vt 0.786320 0.532442
vt 0.832774 0.531745
vt 0.582559 0.578740
vt 0.619354 0.606890
vt 0.588001 0.646719
vt 0.552306 0.617495
vt 0.911771 0.170204
vt 0.946794 0.200498
vt 0.932424 0.217145
vt 0.897502 0.186778
vt 0.589277 0.669402
vt 0.622524 0.701333
vt 0.617627 0.706217
vt 0.584409 0.674253
vt 0.806342 0.388274
vt 0.843820 0.415405
vt 0.834469 0.428393
vt 0.796938 0.401341
vt 0.515189 0.659459
vt 0.549201 0.690661
vt 0.541220 0.698964
vt 0.507307 0.667691
vt 0.402333 0.048181
vt 0.397006 0.048229
vt 0.396823 0.001958
vt 0.402181 0.001898
vt 0.391011 0.048289
vt 0.390811 0.002049
vt 0.917332 0.734973
vt 0.917410 0.741166
vt 0.871135 0.741315
vt 0.871084 0.735136
vt 0.917497 0.750347
vt 0.871193 0.750439
vt 0.917294 0.832991
vt 0.871084 0.832828
vt 0.564310 0.804761
vt 0.564464 0.851023
vt 0.573252 0.804684
vt 0.573436 0.850911
vt 0.429666 0.753565
vt 0.438543 0.753461
vt 0.438685 0.799721
vt 0.429836 0.799792
vt 0.448330 0.753390
vt 0.448405 0.799667
vt 0.636815 0.753547
vt 0.636718 0.799792
vt 0.871143 0.646196
vt 0.871184 0.638641
vt 0.917473 0.638725
vt 0.917429 0.646255
vt 0.871234 0.631996
vt 0.917497 0.632084
vt 0.513074 0.905349
vt 0.506990 0.905387
vt 0.506917 0.859106
vt 0.513000 0.859094
vt 0.917497 0.730271
vt 0.871270 0.730376
vt 0.327699 0.766442
vt 0.348613 0.785367
vt 0.209907 0.645707
vt 0.206355 0.641583
vt 0.355514 0.533511
vt 0.370418 0.524082
vt 0.363918 0.541170
vt 0.359534 0.535084
vt 0.480626 0.568716
vt 0.490419 0.555504
vt 0.518881 0.575647
vt 0.509081 0.589611
vt 0.722212 0.466629
vt 0.685335 0.438916
vt 0.765692 0.524403
vt 0.728341 0.497055
vt 0.844514 0.336044
vt 0.881419 0.363955
vt 0.871973 0.376705
vt 0.834841 0.349089
vt 0.658565 0.475187
vt 0.695898 0.502521
vt 0.687148 0.514571
vt 0.649765 0.487296
vt 0.508450 0.510837
vt 0.506873 0.496933
vt 0.557928 0.518917
vt 0.548139 0.533422
vt 0.487304 0.201720
vt 0.493255 0.190649
vt 0.495875 0.206968
vt 0.496790 0.217333
vt 0.048090 0.637197
vt 0.048168 0.647650
vt 0.001903 0.647881
vt 0.001783 0.637319
vt 0.048289 0.657666
vt 0.002066 0.657942
vt 0.832022 0.511032
vt 0.832385 0.520500
vt 0.786059 0.521406
vt 0.785753 0.512003
vt 0.002078 0.529519
vt 0.048289 0.529728
vt 0.820891 0.199367
vt 0.774626 0.199454
vt 0.820918 0.205133
vt 0.774679 0.205230
vt 0.887206 0.446004
vt 0.887262 0.451577
vt 0.840997 0.451677
vt 0.840967 0.446113
vt 0.887316 0.460421
vt 0.841041 0.460484
vt 0.887213 0.627761
vt 0.840967 0.627684
vt 0.875049 0.162735
vt 0.875095 0.169651
vt 0.828823 0.169825
vt 0.828763 0.162837
vt 0.468339 0.702251
vt 0.474454 0.702136
vt 0.474741 0.748398
vt 0.468645 0.748484
vt 0.482449 0.702015
vt 0.482669 0.748304
vt 0.829009 0.001624
vt 0.875244 0.001774
vt 0.301144 0.836918
vt 0.290645 0.848496
vt 0.257576 0.740048
vt 0.250276 0.725321
vt 0.258824 0.712868
vt 0.268176 0.732830
vt 0.214236 0.691230
vt 0.210577 0.689291
vt 0.187083 0.687355
vt 0.173169 0.650654
vt 0.325180 0.811002
vt 0.132122 0.691341
vt 0.124643 0.688603
vt 0.112944 0.680972
vt 0.116058 0.677435
vt 0.219997 0.958660
vt 0.221278 0.955329
vt 0.230732 0.994397
vt 0.226775 0.997856
vt 0.217305 0.960445
vt 0.221045 0.999615
vt 0.214667 0.957905
vt 0.215114 0.997244
vt 0.212561 0.952368
vt 0.209344 0.989778
vt 0.188817 0.897479
vt 0.171798 0.920895
vt 0.222177 0.950877
vt 0.233197 0.859971
vt 0.279648 0.860347
vt 0.233731 0.990039
vt 0.071380 0.931630
vt 0.074629 0.931825
vt 0.017864 0.983770
vt 0.008621 0.984992
vt 0.069863 0.930540
vt 0.000785 0.980742
vt 0.069337 0.928317
vt 0.000383 0.971655
vt 0.070278 0.925543
vt 0.005557 0.963262
vt 0.143212 0.821747
vt 0.122567 0.821441
vt 0.066998 0.706617
vt 0.064698 0.709162
vt 0.024436 0.693598
vt 0.030070 0.689290
vt 0.063682 0.711459
vt 0.021022 0.698766
vt 0.063974 0.714720
vt 0.021145 0.704541
vt 0.064806 0.716895
vt 0.025426 0.712780
vt 0.161016 0.691461
vt 0.136566 0.657665
vt 0.139509 0.694118
vt 0.119046 0.674150
vt 0.249143 0.844009
vt 0.285074 0.854803
vt 0.627413 0.696387
vt 0.594104 0.664562
vt 0.914221 0.167339
vt 0.949247 0.197629
vt 0.288332 0.769620
vt 0.279247 0.760052
vt 0.301437 0.748148
vt 0.322146 0.747655
vt 0.257002 0.744019
vt 0.270088 0.734377
vt 0.393480 0.441028
vt 0.398711 0.427574
vt 0.443565 0.456051
vt 0.427204 0.459329
vt 0.060548 0.409368
vt 0.071504 0.407552
vt 0.071959 0.411469
vt 0.061052 0.413447
vt 0.375728 0.494767
vt 0.376799 0.479970
vt 0.398778 0.494100
vt 0.391268 0.505737
vt 0.326306 0.761756
vt 0.350618 0.742466
vt 0.375357 0.719645
vt 0.102916 0.068502
vt 0.102940 0.062359
vt 0.114687 0.062366
vt 0.114667 0.068516
vt 0.001205 0.394600
vt 0.000882 0.392167
vt 0.012476 0.390698
vt 0.012780 0.392683
vt 0.102909 0.072210
vt 0.114657 0.072213
vt 0.409746 0.383049
vt 0.413823 0.367092
vt 0.449473 0.368367
vt 0.443411 0.378057
vt 0.355850 0.559984
vt 0.373960 0.543073
vt 0.370363 0.557494
vt 0.044282 0.171473
vt 0.044795 0.137256
vt 0.056182 0.137424
vt 0.055669 0.171645
vt 0.419139 0.674857
vt 0.000565 0.388675
vt 0.012223 0.387830
vt 0.102928 0.075452
vt 0.114660 0.075446
vt 0.000453 0.385923
vt 0.012130 0.385564
vt 0.509497 0.259608
vt 0.518799 0.287696
vt 0.526018 0.308767
vt 0.515512 0.324882
vt 0.531494 0.332026
vt 0.537277 0.327915
vt 0.545409 0.338466
vt 0.545461 0.340005
vt 0.004147 0.312503
vt 0.004803 0.304180
vt 0.016514 0.305106
vt 0.015869 0.313363
vt 0.183613 0.434927
vt 0.187102 0.434922
vt 0.187121 0.446654
vt 0.183622 0.446676
vt 0.000453 0.382139
vt 0.012191 0.382421
vt 0.247005 0.719877
vt 0.243713 0.714423
vt 0.255759 0.693030
vt 0.257283 0.702917
vt 0.239500 0.710837
vt 0.235275 0.707248
vt 0.259079 0.672631
vt 0.257409 0.682811
vt 0.224748 0.701393
vt 0.220481 0.658738
vt 0.045888 0.041617
vt 0.045501 0.029597
vt 0.056886 0.028862
vt 0.057310 0.041368
vt 0.041095 0.417077
vt 0.040939 0.406918
vt 0.052346 0.406811
vt 0.052513 0.416617
vt 0.263504 0.633407
vt 0.276411 0.643739
vt 0.024440 0.043162
vt 0.021974 0.025817
vt 0.033301 0.022975
vt 0.036217 0.042299
vt 0.021715 0.100982
vt 0.021956 0.098006
vt 0.033674 0.098938
vt 0.033428 0.101927
vt 0.006593 0.282176
vt 0.018299 0.283138
vt 0.040979 0.396838
vt 0.052372 0.396930
vt 0.042716 0.271117
vt 0.043015 0.252422
vt 0.054401 0.252605
vt 0.054102 0.271298
vt 0.078463 0.492131
vt 0.078470 0.610530
vt 0.066724 0.610528
vt 0.066717 0.492134
vt 0.011800 0.219846
vt 0.012794 0.208039
vt 0.024497 0.209023
vt 0.023503 0.220831
vt 0.017766 0.148764
vt 0.019904 0.122984
vt 0.031609 0.123952
vt 0.029470 0.149739
vt 0.046059 0.477183
vt 0.175047 0.477179
vt 0.175049 0.488925
vt 0.046059 0.488929
vt 0.013252 0.202590
vt 0.013709 0.197141
vt 0.025413 0.198124
vt 0.024955 0.203573
vt 0.014773 0.184449
vt 0.016161 0.167902
vt 0.027865 0.168884
vt 0.026477 0.185430
vt 0.521573 0.327826
vt 0.532962 0.321352
vt 0.008811 0.255424
vt 0.010801 0.231694
vt 0.022505 0.232678
vt 0.020516 0.256401
vt 0.042393 0.291692
vt 0.053779 0.291868
vt 0.043053 0.477179
vt 0.043055 0.488929
vt 0.045317 0.101384
vt 0.056704 0.101547
vt 0.014241 0.190795
vt 0.025945 0.191777
vt 0.046318 0.455730
vt 0.044342 0.447116
vt 0.055469 0.445068
vt 0.057344 0.453391
vt 0.253409 0.761789
vt 0.283169 0.744178
vt 0.011550 0.222807
vt 0.023254 0.223793
vt 0.040718 0.477191
vt 0.040723 0.488927
vt 0.041547 0.348701
vt 0.052934 0.348852
vt 0.020981 0.109922
vt 0.032687 0.110883
vt 0.043314 0.233906
vt 0.043654 0.212230
vt 0.055040 0.212407
vt 0.054700 0.234086
vt 0.024425 0.061565
vt 0.036215 0.061972
vt 0.044741 0.020359
vt 0.055988 0.018922
vt 0.289519 0.775690
vt 0.324916 0.757064
vt 0.016965 0.158332
vt 0.028669 0.159312
vt 0.078467 0.613791
vt 0.078462 0.615689
vt 0.066725 0.615687
vt 0.066717 0.613787
vt 0.015174 0.005000
vt 0.026142 0.001243
vt 0.179259 0.434926
vt 0.179258 0.446672
vt 0.090472 0.434922
vt 0.090472 0.446668
vt 0.022940 0.085513
vt 0.034679 0.086350
vt 0.024673 0.525146
vt 0.036217 0.523012
vt 0.102909 0.001910
vt 0.114653 0.001896
vt 0.916686 0.164485
vt 0.951705 0.194767
vt 0.003538 0.320865
vt 0.015274 0.321591
vt 0.041973 0.431214
vt 0.053320 0.430032
vt 0.407316 0.622263
vt 0.416243 0.607092
vt 0.427813 0.606659
vt 0.411896 0.636604
vt 0.042026 0.315525
vt 0.053413 0.315695
vt 0.388039 0.608451
vt 0.382750 0.593248
vt 0.399259 0.604413
vt 0.397275 0.615967
vt 0.423025 0.663922
vt 0.426811 0.652941
vt 0.436135 0.653380
vt 0.431852 0.664748
vt 0.433203 0.640653
vt 0.440249 0.624622
vt 0.444429 0.630597
vt 0.440324 0.641992
vt 0.045767 0.068942
vt 0.045843 0.062595
vt 0.057236 0.062704
vt 0.057157 0.069079
vt 0.044123 0.181871
vt 0.055509 0.182046
vt 0.360764 0.590748
vt 0.354906 0.581432
vt 0.373413 0.578219
vt 0.374234 0.596866
vt 0.789892 0.490652
vt 0.783857 0.499087
vt 0.746846 0.471307
vt 0.753006 0.462700
vt 0.777814 0.507524
vt 0.771759 0.515963
vt 0.734516 0.488488
vt 0.740683 0.479904
vt 0.451391 0.666544
vt 0.444317 0.675384
vt 0.465280 0.648769
vt 0.458373 0.657670
vt 0.348640 0.598194
vt 0.342634 0.598305
vt 0.342710 0.555290
vt 0.345085 0.562438
vt 0.334590 0.545450
vt 0.321467 0.560294
vt 0.320112 0.555389
vt 0.331883 0.542162
vt 0.345283 0.576958
vt 0.324105 0.570131
vt 0.302395 0.594331
vt 0.328779 0.603518
vt 0.347460 0.530405
vt 0.343412 0.528870
vt 0.045683 0.075296
vt 0.057070 0.075449
vt 0.043808 0.202250
vt 0.043962 0.192270
vt 0.055349 0.192446
vt 0.055194 0.202426
vt 0.043277 0.236220
vt 0.054663 0.236401
vt 0.045923 0.053710
vt 0.057320 0.053745
vt 0.045939 0.047647
vt 0.057344 0.047573
vt 0.562333 0.864555
vt 0.601965 0.874250
vt 0.598120 0.901438
vt 0.551650 0.883551
vt 0.551471 0.902122
vt 0.596252 0.915061
vt 0.594402 0.928688
vt 0.558728 0.919351
vt 0.633553 0.881301
vt 0.629671 0.907820
vt 0.627732 0.921068
vt 0.625793 0.934343
vt 0.674297 0.882995
vt 0.670442 0.908245
vt 0.668450 0.920862
vt 0.667327 0.932691
vt 0.569596 0.857621
vt 0.576876 0.850703
vt 0.611534 0.856874
vt 0.606743 0.865556
vt 0.586279 0.846097
vt 0.595693 0.841518
vt 0.629985 0.839080
vt 0.620770 0.847984
vt 0.650319 0.866814
vt 0.641935 0.874057
vt 0.665237 0.847012
vt 0.657791 0.856924
vt 0.628701 0.914441
vt 0.669452 0.914554
vt 0.597183 0.908248
vt 0.551553 0.892838
vt 0.670384 0.953714
vt 0.622959 0.953714
vt 0.590648 0.948695
vt 0.570766 0.935982
vt 0.683824 0.936097
vt 0.700273 0.939686
vt 0.689119 0.947714
vt 0.679740 0.950674
vt 0.691411 0.917531
vt 0.714271 0.919765
vt 0.709788 0.927256
vt 0.689155 0.923970
vt 0.713050 0.881969
vt 0.717469 0.893559
vt 0.718304 0.903225
vt 0.693655 0.911084
vt 0.699618 0.865606
vt 0.686973 0.874318
vt 0.689071 0.858245
vt 0.694348 0.861925
vt 0.706467 0.871497
vt 0.709760 0.876734
vt 0.792931 0.854218
vt 0.801425 0.856172
vt 0.804709 0.862436
vt 0.796608 0.859680
vt 0.736358 0.865740
vt 0.762306 0.858857
vt 0.765378 0.862486
vt 0.739313 0.869208
vt 0.744820 0.664193
vt 0.724178 0.721768
vt 0.720265 0.717918
vt 0.718302 0.715987
vt 0.716333 0.714053
vt 0.699850 0.700450
vt 0.710751 0.610061
vt 0.711895 0.605668
vt 0.713425 0.602395
vt 0.716255 0.600730
vt 0.718734 0.603368
vt 0.720653 0.608984
vt 0.764068 0.759794
vt 0.861209 0.637998
vt 0.864440 0.638549
vt 0.865860 0.639806
vt 0.866189 0.642094
vt 0.864983 0.644792
vt 0.785609 0.743384
vt 0.864792 0.838787
vt 0.865759 0.840576
vt 0.866189 0.843531
vt 0.865210 0.845778
vt 0.862872 0.848294
vt 0.798351 0.849844
vt 0.795503 0.843431
vt 0.792782 0.837002
vt 0.782603 0.811426
vt 0.777758 0.798805
vt 0.773235 0.785906
vt 0.768710 0.772897
vt 0.712624 0.865955
vt 0.715494 0.866947
vt 0.784531 0.851590
vt 0.787661 0.856236
vt 0.751797 0.770763
vt 0.739195 0.781994
vt 0.716971 0.766911
vt 0.732630 0.755652
vt 0.723055 0.748013
vt 0.706156 0.759125
vt 0.695500 0.751246
vt 0.713726 0.740236
vt 0.695496 0.724166
vt 0.672940 0.732952
vt 0.669590 0.730500
vt 0.692850 0.721908
vt 0.714686 0.804224
vt 0.700242 0.817909
vt 0.689561 0.805661
vt 0.704865 0.786661
vt 0.695511 0.777565
vt 0.685412 0.791563
vt 0.665998 0.776584
vt 0.676934 0.767592
vt 0.658858 0.746071
vt 0.645823 0.763586
vt 0.642901 0.761704
vt 0.656427 0.743074
vt 0.677851 0.838388
vt 0.670049 0.822651
vt 0.673598 0.802202
vt 0.645975 0.796753
vt 0.638935 0.776226
vt 0.638954 0.773220
vt 0.720856 0.811709
vt 0.744804 0.791526
vt 0.750588 0.800933
vt 0.727140 0.819113
vt 0.733509 0.826435
vt 0.756523 0.810243
vt 0.762608 0.819462
vt 0.739911 0.833697
vt 0.775037 0.837767
vt 0.752799 0.848075
vt 0.681271 0.844108
vt 0.702821 0.827406
vt 0.705417 0.836826
vt 0.684709 0.849776
vt 0.689013 0.853435
vt 0.710914 0.841807
vt 0.716421 0.846744
vt 0.693318 0.857089
vt 0.727409 0.855330
vt 0.703979 0.862967
vt 0.756780 0.782146
vt 0.761891 0.793383
vt 0.767135 0.804532
vt 0.772638 0.815516
vt 0.783938 0.837514
vt 0.687223 0.798608
vt 0.671977 0.812756
vt 0.711532 0.763037
vt 0.700127 0.782147
vt 0.727795 0.751858
vt 0.638903 0.785295
vt 0.654691 0.769211
vt 0.666072 0.755143
vt 0.682723 0.740576
vt 0.703324 0.731015
vt 0.731951 0.729411
vt 0.743467 0.740768
vt 0.739650 0.736991
vt 0.748635 0.744673
vt 0.683048 0.717928
vt 0.746989 0.743668
vt 0.745367 0.742655
vt 0.786865 0.843069
vt 0.778194 0.842358
vt 0.789844 0.848642
vt 0.781362 0.846965
vt 0.755997 0.851660
vt 0.759171 0.855252
vt 0.730403 0.858804
vt 0.706861 0.863967
vt 0.733387 0.862273
vt 0.709744 0.864962
vt 0.340006 0.552009
vt 0.337299 0.548730
vt 0.351492 0.531953
vt 0.322797 0.565208
vt 0.301397 0.589011
vt 0.011050 0.228732
vt 0.022754 0.229716
vt 0.011300 0.225769
vt 0.023004 0.226755
vt 0.378507 0.530632
vt 0.374569 0.509663
vt 0.384769 0.518065
vt 0.221610 0.697644
vt 0.216981 0.654281
vt 0.217889 0.695403
vt 0.213410 0.650003
vt 0.462541 0.588575
vt 0.489041 0.617231
vt 0.470463 0.580161
vt 0.499153 0.603485
vt 0.261359 0.628967
vt 0.259204 0.624528
vt 0.824828 0.441824
vt 0.787471 0.414531
vt 0.815192 0.455275
vt 0.778024 0.427720
vt 0.382434 0.467162
vt 0.407165 0.482240
vt 0.388040 0.454201
vt 0.416100 0.470780
vt 0.498643 0.541103
vt 0.528636 0.561759
vt 0.504953 0.526902
vt 0.538375 0.547700
vt 0.713426 0.478544
vt 0.676324 0.450982
vt 0.704655 0.490509
vt 0.667412 0.463079
vt 0.862565 0.389545
vt 0.825274 0.362146
vt 0.853183 0.402451
vt 0.815782 0.375209
vt 0.483116 0.467065
vt 0.485270 0.462109
vt 0.504184 0.476383
vt 0.500180 0.483571
vt 0.452652 0.456578
vt 0.454265 0.444252
vt 0.463492 0.452506
vt 0.461770 0.457079
vt 0.505240 0.493582
vt 0.525541 0.488824
vt 0.537811 0.494761
vt 0.402287 0.413274
vt 0.421203 0.418518
vt 0.404032 0.405858
vt 0.405831 0.398307
vt 0.436286 0.390998
vt 0.428637 0.404515
vt 0.900548 0.338904
vt 0.864337 0.310017
vt 0.890944 0.351355
vt 0.854316 0.322997
vt 0.849394 0.329517
vt 0.886171 0.357636
vt 0.678331 0.526742
vt 0.640929 0.499483
vt 0.636519 0.505569
vt 0.673918 0.532838
vt 0.669500 0.538939
vt 0.632111 0.511647
vt 0.567656 0.504349
vt 0.545250 0.479978
vt 0.551919 0.475318
vt 0.577658 0.489511
vt 0.572673 0.496955
vt 0.334412 0.601044
vt 0.444334 0.600947
vt 0.354642 0.598075
vt 0.366594 0.600106
vt 0.375245 0.604178
vt 0.391690 0.623291
vt 0.397590 0.637717
vt 0.387463 0.615735
vt 0.398845 0.651536
vt 0.381375 0.609942
vt 0.381192 0.602620
vt 0.063277 0.304898
vt 0.063691 0.295401
vt 0.074775 0.295885
vt 0.074361 0.305380
vt 0.338791 0.077396
vt 0.338908 0.065442
vt 0.350010 0.065527
vt 0.349890 0.077509
vt 0.338663 0.088821
vt 0.338706 0.085011
vt 0.349804 0.085132
vt 0.349761 0.088941
vt 0.448100 0.456321
vt 0.448694 0.442719
vt 0.338994 0.050720
vt 0.338841 0.022217
vt 0.349945 0.022038
vt 0.350098 0.050726
vt 0.338556 0.012052
vt 0.338268 0.006981
vt 0.349318 0.006328
vt 0.349620 0.011565
vt 0.043642 0.470754
vt 0.039956 0.470821
vt 0.039809 0.459750
vt 0.043519 0.459667
vt 0.354837 0.173040
vt 0.355077 0.149829
vt 0.366180 0.149997
vt 0.365946 0.173034
vt 0.069368 0.162986
vt 0.069951 0.149352
vt 0.081036 0.149826
vt 0.080453 0.163461
vt 0.062788 0.316146
vt 0.073873 0.316625
vt 0.730201 0.753762
vt 0.714243 0.764979
vt 0.702473 0.784415
vt 0.688376 0.802136
vt 0.671021 0.817749
vt 0.669949 0.911400
vt 0.692537 0.914308
vt 0.716304 0.911497
vt 0.551599 0.888194
vt 0.597650 0.904842
vt 0.629186 0.911130
vt 0.043165 0.243163
vt 0.054551 0.243346
vt 0.377986 0.585806
vt 0.016564 0.163117
vt 0.028267 0.164099
vt 0.088499 0.075897
vt 0.088446 0.002773
vt 0.099541 0.002754
vt 0.099597 0.075907
vt 0.355516 0.126681
vt 0.355763 0.115114
vt 0.366859 0.115352
vt 0.366613 0.126904
vt 0.043382 0.012408
vt 0.041442 0.004349
vt 0.052441 0.001837
vt 0.054509 0.010178
vt 0.060802 0.363217
vt 0.061466 0.347047
vt 0.072553 0.347508
vt 0.071896 0.363638
vt 0.062147 0.331035
vt 0.073232 0.331509
vt 0.518576 0.326344
vt 0.529413 0.315128
vt 0.255495 0.752615
vt 0.275707 0.738635
vt 0.356124 0.211266
vt 0.355589 0.205075
vt 0.366627 0.204410
vt 0.367128 0.210481
vt 0.476314 0.381252
vt 0.471890 0.361036
vt 0.485898 0.380637
vt 0.481706 0.385448
vt 0.082017 0.532948
vt 0.082071 0.529159
vt 0.093176 0.529290
vt 0.093116 0.533010
vt 0.337877 0.181862
vt 0.338057 0.153611
vt 0.349157 0.153694
vt 0.348977 0.181897
vt 0.064110 0.285808
vt 0.075194 0.286290
vt 0.071788 0.106199
vt 0.072412 0.091107
vt 0.083503 0.091544
vt 0.082874 0.106663
vt 0.592598 0.345989
vt 0.605438 0.351343
vt 0.616231 0.355465
vt 0.586896 0.385009
vt 0.069882 0.026653
vt 0.060324 0.006635
vt 0.070148 0.001767
vt 0.080134 0.022594
vt 0.064216 0.283353
vt 0.064323 0.280897
vt 0.075408 0.281378
vt 0.075301 0.283834
vt 0.504274 0.399529
vt 0.502947 0.400452
vt 0.813798 0.865187
vt 0.813309 0.869838
vt 0.800905 0.877136
vt 0.803905 0.874079
vt 0.068713 0.178249
vt 0.079798 0.178725
vt 0.309128 0.015090
vt 0.288457 0.015055
vt 0.288652 0.003934
vt 0.308896 0.004003
vt 0.356341 0.088792
vt 0.356449 0.083824
vt 0.367545 0.084060
vt 0.367436 0.089033
vt 0.070569 0.134871
vt 0.081654 0.135344
vt 0.121206 0.032741
vt 0.121282 0.026727
vt 0.132389 0.026863
vt 0.132324 0.032733
vt 0.602389 0.391161
vt 0.627193 0.357781
vt 0.630930 0.358447
vt 0.607161 0.393734
vt 0.071182 0.120487
vt 0.082267 0.120958
vt 0.355890 0.109333
vt 0.366985 0.109575
vt 0.065452 0.254645
vt 0.066184 0.237448
vt 0.077269 0.237919
vt 0.076536 0.255118
vt 0.375304 0.175049
vt 0.374662 0.165462
vt 0.385738 0.165009
vt 0.386314 0.174397
vt 0.442204 0.321481
vt 0.460211 0.368136
vt 0.457217 0.304118
vt 0.462313 0.337037
vt 0.463064 0.300495
vt 0.469137 0.296882
vt 0.468846 0.313959
vt 0.464233 0.322513
vt 0.495834 0.256001
vt 0.488025 0.291913
vt 0.452026 0.248784
vt 0.460866 0.239739
vt 0.447276 0.289556
vt 0.432454 0.303681
vt 0.469196 0.230945
vt 0.463065 0.275461
vt 0.473140 0.226546
vt 0.476723 0.222071
vt 0.479785 0.261307
vt 0.471248 0.268420
vt 0.481833 0.212117
vt 0.500002 0.246178
vt 0.580512 0.655806
vt 0.545182 0.626092
vt 0.572859 0.664759
vt 0.537931 0.634580
vt 0.534235 0.638768
vt 0.568986 0.669190
vt 0.565077 0.673576
vt 0.530498 0.642931
vt 0.557168 0.682200
vt 0.522925 0.651221
vt 0.970850 0.205372
vt 0.999617 0.241137
vt 0.979079 0.257050
vt 0.949645 0.221677
vt 0.960988 0.272412
vt 0.930027 0.238056
vt 0.951652 0.280977
vt 0.919768 0.247522
vt 0.911722 0.255440
vt 0.944345 0.288099
vt 0.937230 0.295426
vt 0.903906 0.263565
vt 0.073108 0.042903
vt 0.072953 0.040812
vt 0.083971 0.039627
vt 0.084125 0.042080
vt 0.584516 0.424898
vt 0.610934 0.438792
vt 0.600266 0.402631
vt 0.626089 0.418285
vt 0.603676 0.398212
vt 0.642911 0.397850
vt 0.634238 0.408090
vt 0.654464 0.384930
vt 0.678405 0.322328
vt 0.695847 0.298455
vt 0.067415 0.208460
vt 0.067605 0.203992
vt 0.078691 0.204466
vt 0.078500 0.208933
vt 0.588400 0.161534
vt 0.538821 0.109414
vt 0.551932 0.091768
vt 0.585533 0.122795
vt 0.742710 0.281110
vt 0.741484 0.277641
vt 0.792518 0.283896
vt 0.794168 0.289345
vt 0.411305 0.063028
vt 0.410745 0.051552
vt 0.421755 0.051010
vt 0.422388 0.062755
vt 0.517409 0.095892
vt 0.516524 0.103407
vt 0.497352 0.078093
vt 0.502290 0.068305
vt 0.520452 0.092398
vt 0.510908 0.062466
vt 0.524667 0.092584
vt 0.520552 0.062601
vt 0.529910 0.098194
vt 0.530219 0.068172
vt 0.510850 0.203564
vt 0.673541 0.076301
vt 0.674532 0.071788
vt 0.718778 0.006414
vt 0.717059 0.014545
vt 0.673481 0.069620
vt 0.716211 0.001096
vt 0.671618 0.070235
vt 0.710662 0.000383
vt 0.668062 0.072948
vt 0.703506 0.005362
vt 0.627140 0.199331
vt 0.654959 0.190525
vt 0.737898 0.274376
vt 0.733110 0.271731
vt 0.780690 0.273816
vt 0.786574 0.277661
vt 0.740723 0.284261
vt 0.793449 0.295142
vt 0.736396 0.286615
vt 0.788669 0.300811
vt 0.730832 0.288370
vt 0.782951 0.304090
vt 0.074727 0.446676
vt 0.064336 0.425531
vt 0.074555 0.421361
vt 0.084506 0.441709
vt 0.081997 0.536753
vt 0.082000 0.534849
vt 0.093100 0.534863
vt 0.093096 0.536715
vt 0.067035 0.217397
vt 0.078120 0.217868
vt 0.355193 0.197620
vt 0.366279 0.197261
vt 0.410430 0.146038
vt 0.410232 0.136092
vt 0.421351 0.136057
vt 0.421506 0.145590
vt 0.277804 0.014713
vt 0.267252 0.014317
vt 0.267572 0.003199
vt 0.278160 0.003596
vt 0.064961 0.266135
vt 0.076045 0.266610
vt 0.121765 0.051307
vt 0.121330 0.042059
vt 0.132408 0.041774
vt 0.132796 0.050863
vt 0.429188 0.060646
vt 0.428740 0.053340
vt 0.439757 0.052744
vt 0.440242 0.060192
vt 0.410376 0.127019
vt 0.410525 0.122510
vt 0.421639 0.122821
vt 0.421501 0.127248
vt 0.121685 0.004240
vt 0.121705 0.003265
vt 0.132796 0.003461
vt 0.132785 0.004438
vt 0.356961 0.057009
vt 0.357090 0.041095
vt 0.368206 0.041047
vt 0.368067 0.057154
vt 0.064536 0.275987
vt 0.075621 0.276466
vt 0.468027 0.374842
vt 0.466591 0.349389
vt 0.356676 0.072982
vt 0.367775 0.073197
vt 0.517051 0.325608
vt 0.527699 0.311966
vt 0.072724 0.038742
vt 0.072083 0.034652
vt 0.082980 0.032205
vt 0.083742 0.037157
vt 0.044156 0.016377
vt 0.055351 0.014520
vt 0.428740 0.135621
vt 0.428814 0.113589
vt 0.439927 0.113761
vt 0.439820 0.135505
vt 0.016362 0.165509
vt 0.028066 0.166491
vt 0.377647 0.599798
vt 0.375762 0.581971
vt 0.629429 0.909475
vt 0.670196 0.909823
vt 0.597885 0.903140
vt 0.551624 0.885872
vt 0.693097 0.912696
vt 0.717308 0.907360
vt 0.688966 0.803899
vt 0.670534 0.820210
vt 0.715605 0.765946
vt 0.703665 0.785541
vt 0.731417 0.754709
vt 0.428853 0.140266
vt 0.439921 0.140005
vt 0.338104 0.148158
vt 0.349201 0.148252
vt 0.338429 0.111826
vt 0.338621 0.092632
vt 0.349718 0.092749
vt 0.349525 0.111930
vt 0.445826 0.456191
vt 0.430665 0.424434
vt 0.067797 0.199523
vt 0.078882 0.199999
vt 0.061808 0.417555
vt 0.072610 0.414818
vt 0.378358 0.607008
vt 0.043240 0.238534
vt 0.054626 0.238716
vt 0.256529 0.748048
vt 0.271981 0.735855
vt 0.411511 0.162976
vt 0.422531 0.162255
vt 0.410688 0.118027
vt 0.411421 0.092636
vt 0.422531 0.092792
vt 0.421800 0.118371
vt 0.337923 0.217865
vt 0.349020 0.217779
vt 0.082477 0.497388
vt 0.082477 0.495527
vt 0.093550 0.495580
vt 0.093561 0.497448
vt 0.187110 0.470821
vt 0.054356 0.470700
vt 0.054360 0.459601
vt 0.187121 0.459724
vt 0.338013 0.223656
vt 0.349097 0.223433
vt 0.255659 0.014028
vt 0.255723 0.002918
vt 0.082301 0.516211
vt 0.093406 0.516358
vt 0.338161 0.228613
vt 0.349235 0.228293
vt 0.247570 0.014067
vt 0.224088 0.015090
vt 0.223552 0.004040
vt 0.247277 0.002982
vt 0.338330 0.232392
vt 0.349388 0.232039
vt 0.082469 0.591544
vt 0.093561 0.591425
vt 0.048608 0.470708
vt 0.048545 0.459612
vt 0.429318 0.091686
vt 0.440435 0.091903
vt 0.429065 0.144868
vt 0.440108 0.144540
vt 0.373943 0.136288
vt 0.385053 0.136181
vt 0.432937 0.420175
vt 0.450995 0.432288
vt 0.456135 0.435633
vt 0.466479 0.442200
vt 0.487360 0.455107
vt 0.538559 0.480772
vt 0.508609 0.467064
vt 0.531004 0.478953
vt 0.512822 0.483158
vt 0.404416 0.057660
vt 0.404423 0.190137
vt 0.393326 0.190139
vt 0.393319 0.057658
vt 0.356152 0.015208
vt 0.354837 0.003789
vt 0.365788 0.002539
vt 0.367175 0.014228
vt 0.623496 0.357064
vt 0.597327 0.388865
vt 0.063372 0.496366
vt 0.063380 0.615251
vt 0.052282 0.615249
vt 0.052275 0.496369
vt 0.426088 0.639303
vt 0.417490 0.652483
vt 0.437420 0.603879
vt 0.442039 0.601934
vt 0.436088 0.618638
vt 0.063375 0.619793
vt 0.052275 0.619790
vt 0.060254 0.378461
vt 0.071366 0.378750
vt 0.503581 0.490235
vt 0.337877 0.001875
vt 0.348900 0.001145
vt 0.063371 0.621725
vt 0.052284 0.621725
vt 0.059964 0.394858
vt 0.071099 0.394741
vt 0.429529 0.076132
vt 0.440640 0.076082
vt 0.698121 0.726440
vt 0.638921 0.779243
vt 0.648759 0.765468
vt 0.661273 0.749075
vt 0.676238 0.735460
vt 0.394199 0.671297
vt 0.396550 0.661417
vt 0.414197 0.663085
vt 0.410825 0.673650
vt 0.290106 0.778725
vt 0.021471 0.103961
vt 0.033180 0.104914
vt 0.404414 0.051044
vt 0.404423 0.052928
vt 0.393323 0.052926
vt 0.393327 0.051045
vt 0.367762 0.713130
vt 0.372826 0.717476
vt 0.344525 0.738066
vt 0.348586 0.741006
vt 0.088429 0.090483
vt 0.099537 0.090495
vt 0.374242 0.110598
vt 0.375213 0.013290
vt 0.386314 0.013342
vt 0.385341 0.110738
vt 0.373999 0.126270
vt 0.385113 0.126371
vt 0.088454 0.098406
vt 0.099540 0.098336
vt 0.072978 0.075986
vt 0.084084 0.076330
vt 0.331989 0.014128
vt 0.331476 0.003084
vt 0.088528 0.102615
vt 0.099597 0.102516
vt 0.073375 0.059463
vt 0.084506 0.059504
vt 0.356844 0.026341
vt 0.367945 0.025883
vt 0.375132 0.006027
vt 0.374935 0.001489
vt 0.385965 0.001180
vt 0.386181 0.005794
vt 0.108047 0.099193
vt 0.112493 0.090289
vt 0.116316 0.164543
vt 0.093810 0.141034
vt 0.221368 0.142414
vt 0.131788 0.146956
vt 0.211442 0.092488
vt 0.326002 0.062637
vt 0.330201 0.062106
vt 0.331989 0.062133
vt 0.331801 0.064067
vt 0.328778 0.068198
vt 0.285903 0.229053
vt 0.268822 0.249440
vt 0.257154 0.244510
vt 0.245060 0.239808
vt 0.220466 0.230029
vt 0.197585 0.208546
vt 0.182716 0.196992
vt 0.174211 0.188761
vt 0.166552 0.181044
vt 0.162943 0.177032
vt 0.159481 0.172950
vt 0.320804 0.201190
vt 0.325715 0.201686
vt 0.329873 0.203291
vt 0.331989 0.206102
vt 0.330932 0.209878
vt 0.327160 0.213578
vt 0.321498 0.216602
vt 0.192829 0.024325
vt 0.127077 0.111138
vt 0.126551 0.096039
vt 0.174940 0.009136
vt 0.179133 0.003012
vt 0.183267 0.001088
vt 0.187033 0.002955
vt 0.189587 0.010409
vt 0.813000 0.930532
vt 0.791042 0.931287
vt 0.788793 0.908794
vt 0.813051 0.908329
vt 0.873539 0.923462
vt 0.858811 0.927794
vt 0.859420 0.906371
vt 0.874497 0.902987
vt 0.876141 0.863012
vt 0.860169 0.862991
vt 0.860173 0.855664
vt 0.876330 0.856508
vt 0.154239 0.386646
vt 0.147492 0.372752
vt 0.171696 0.365214
vt 0.176064 0.379962
vt 0.229562 0.379829
vt 0.228832 0.364484
vt 0.239439 0.364960
vt 0.239871 0.380215
vt 0.929593 0.907533
vt 0.917841 0.910941
vt 0.919847 0.893352
vt 0.931298 0.890950
vt 0.922940 0.868776
vt 0.914238 0.866889
vt 0.911650 0.863936
vt 0.920841 0.867399
vt 0.241920 0.274890
vt 0.254422 0.248597
vt 0.265970 0.253007
vt 0.250245 0.280249
vt 0.928646 0.931222
vt 0.915623 0.935417
vt 0.144233 0.392113
vt 0.136350 0.379180
vt 0.872707 0.944626
vt 0.858274 0.946789
vt 0.812311 0.944890
vt 0.795457 0.939160
vt 0.186585 0.235905
vt 0.185883 0.232913
vt 0.218433 0.235060
vt 0.216089 0.257482
vt 0.921914 0.875764
vt 0.929177 0.872979
vt 0.196544 0.363025
vt 0.198981 0.378108
vt 0.860005 0.884958
vt 0.875429 0.882515
vt 0.794765 0.886508
vt 0.813050 0.886139
vt 0.904709 0.896439
vt 0.906376 0.877858
vt 0.889593 0.899665
vt 0.890885 0.880133
vt 0.901657 0.938978
vt 0.903051 0.915006
vt 0.887162 0.941879
vt 0.888284 0.919189
vt 0.903576 0.864768
vt 0.902601 0.860406
vt 0.891229 0.863943
vt 0.891302 0.858541
vt 0.843957 0.906998
vt 0.844337 0.885338
vt 0.828498 0.907654
vt 0.828685 0.885737
vt 0.843168 0.946721
vt 0.843549 0.928670
vt 0.828045 0.946266
vt 0.828277 0.929585
vt 0.844073 0.863916
vt 0.843947 0.856772
vt 0.828880 0.865940
vt 0.828928 0.859338
vt 0.182453 0.402671
vt 0.180436 0.394486
vt 0.201056 0.393304
vt 0.201298 0.402831
vt 0.156421 0.410182
vt 0.152188 0.404876
vt 0.161088 0.399983
vt 0.164609 0.406442
vt 0.229935 0.405504
vt 0.229445 0.395528
vt 0.239386 0.396221
vt 0.235451 0.402784
vt 0.943411 0.888921
vt 0.936732 0.879508
vt 0.950696 0.924596
vt 0.950631 0.904586
vt 0.947064 0.932727
vt 0.928160 0.943053
vt 0.147920 0.407817
vt 0.139447 0.395193
vt 0.152410 0.412727
vt 0.827968 0.954606
vt 0.812010 0.952074
vt 0.843005 0.955752
vt 0.858033 0.956287
vt 0.886638 0.953220
vt 0.872327 0.955208
vt 0.900986 0.950956
vt 0.914521 0.947639
vt 0.797689 0.943097
vt 0.131072 0.382651
vt 0.122347 0.359024
vt 0.128779 0.355535
vt 0.121233 0.305739
vt 0.122119 0.296141
vt 0.147768 0.295960
vt 0.145389 0.307243
vt 0.124608 0.273303
vt 0.151838 0.273095
vt 0.151438 0.251819
vt 0.155039 0.250339
vt 0.172592 0.342768
vt 0.198076 0.341604
vt 0.177310 0.320268
vt 0.201823 0.319897
vt 0.187546 0.308097
vt 0.196936 0.296252
vt 0.223881 0.311262
vt 0.212711 0.315493
vt 0.209889 0.291983
vt 0.220902 0.290704
vt 0.157199 0.343997
vt 0.159071 0.296343
vt 0.156934 0.307932
vt 0.163063 0.273027
vt 0.167205 0.244109
vt 0.229589 0.343487
vt 0.239760 0.344943
vt 0.233301 0.322662
vt 0.243001 0.325744
vt 0.237420 0.318998
vt 0.242181 0.316027
vt 0.246850 0.318945
vt 0.244534 0.322254
vt 0.231378 0.288768
vt 0.234912 0.288098
vt 0.158472 0.342516
vt 0.094389 0.124234
vt 0.087563 0.130236
vt 0.140252 0.186669
vt 0.167734 0.215605
vt 0.157681 0.205636
vt 0.148846 0.196242
vt 0.138871 0.332006
vt 0.121018 0.324008
vt 0.111986 0.319208
vt 0.109198 0.305104
vt 0.144521 0.191486
vt 0.111025 0.273375
vt 0.147843 0.253138
vt 0.149641 0.252477
vt 0.109362 0.296303
vt 0.116432 0.381835
vt 0.113240 0.365012
vt 0.927904 0.948970
vt 0.913977 0.953750
vt 0.123693 0.392740
vt 0.872147 0.960498
vt 0.857918 0.961037
vt 0.811868 0.955670
vt 0.798815 0.945066
vt 0.900668 0.956945
vt 0.886391 0.958891
vt 0.842928 0.960267
vt 0.827936 0.958778
vt 0.135870 0.422946
vt 0.131490 0.405591
vt 0.945240 0.936799
vt 0.943409 0.940873
vt 0.927644 0.954889
vt 0.114444 0.404181
vt 0.107605 0.391855
vt 0.121578 0.417736
vt 0.827907 0.962952
vt 0.811730 0.959269
vt 0.842850 0.964782
vt 0.857807 0.965786
vt 0.886157 0.964559
vt 0.871976 0.965786
vt 0.900370 0.962933
vt 0.913453 0.959864
vt 0.799942 0.947033
vt 0.101952 0.382623
vt 0.104830 0.370919
vt 0.097193 0.304262
vt 0.096556 0.296322
vt 0.097448 0.273495
vt 0.102817 0.314234
vt 0.127316 0.431586
vt 0.137220 0.427943
vt 0.229252 0.316965
vt 0.223048 0.321045
vt 0.242667 0.244224
vt 0.233427 0.269288
vt 0.227889 0.289417
vt 0.236457 0.313665
vt 0.219315 0.342421
vt 0.218223 0.363768
vt 0.219313 0.379116
vt 0.219775 0.394599
vt 0.222908 0.405991
vt 0.813220 0.875272
vt 0.828822 0.872539
vt 0.844177 0.871058
vt 0.860136 0.870314
vt 0.875925 0.869515
vt 0.891134 0.869341
vt 0.904527 0.869131
vt 0.916816 0.869843
vt 0.925037 0.870162
vt 0.798848 0.880260
s 1
f 550/1/1 563/2/1 564/3/1 517/4/1
f 587/5/2 124/6/2 25/7/3 564/8/3
f 578/9/4 113/10/4 27/11/5 3/12/5
f 173/13/1 182/14/1 13/15/1 77/16/1
f 172/17/1 166/18/1 12/19/1 21/20/1
f 457/21/1 175/22/1 84/23/1 454/24/1
f 446/25/1 170/26/1 10/27/1 436/28/1
f 1/29/6 23/30/6 49/31/7 144/32/7
f 15/33/8 38/34/8 61/35/9 145/36/9
f 16/37/10 39/38/10 71/39/11 155/40/11
f 183/41/1 171/42/1 19/43/1 160/44/1
f 188/45/1 187/46/1 228/47/1 227/48/1
f 366/49/1 81/50/1 22/51/1 385/52/1
f 174/53/1 172/17/1 21/20/1 80/54/1
f 126/55/12 28/56/13 570/57/13 569/58/12
f 369/59/14 375/60/14 88/61/14 84/62/14
f 567/63/15 95/64/15 29/65/16 5/66/16
f 80/67/14 82/68/14 36/69/14 132/70/14
f 81/71/17 83/72/17 43/73/18 22/74/18
f 134/75/19 78/76/19 41/77/20 133/78/20
f 12/79/14 34/80/14 35/81/14 21/82/14
f 135/83/14 79/84/14 26/85/14 129/86/14
f 432/87/21 435/88/21 24/89/22 9/90/22
f 22/74/18 43/73/18 87/91/23 85/92/23 238/93/24 229/94/24
f 521/95/14 531/96/14 32/97/14 10/98/14
f 576/99/25 103/100/25 95/64/15 567/63/15
f 94/101/26 96/102/26 37/103/27 14/104/27
f 157/105/28 159/106/28 42/107/28 137/108/28
f 203/109/14 204/110/14 23/111/14 1/112/14
f 414/113/14 417/114/14 33/115/14 11/116/14
f 522/117/29 532/118/29 30/119/29 566/120/29
f 54/121/30 51/122/31 139/123/31 138/124/30
f 51/122/31 52/125/32 140/126/32 139/123/31
f 52/127/32 53/128/33 141/129/33 140/130/32
f 53/128/33 50/131/34 142/132/34 141/129/33
f 142/132/34 50/131/34 38/133/35 15/134/35
f 49/31/7 54/121/30 138/124/30 144/32/7
f 61/35/9 63/135/36 146/136/36 145/36/9
f 63/135/36 64/137/37 147/138/37 146/136/36
f 64/139/38 65/140/39 148/141/39 147/142/38
f 65/140/39 62/143/40 149/144/40 148/141/39
f 149/144/40 62/143/40 39/145/41 16/146/41
f 152/147/42 151/148/43 75/149/43 72/150/42
f 151/148/43 153/151/44 74/152/44 75/149/43
f 153/153/44 154/154/45 73/155/45 74/156/44
f 154/154/45 155/40/11 71/39/11 73/155/45
f 152/147/42 72/150/42 40/157/46 17/158/46
f 132/70/14 36/69/14 79/84/14 135/83/14
f 137/108/47 42/107/47 78/76/19 134/75/19
f 171/42/1 173/13/1 77/16/1 19/43/1
f 133/78/20 41/77/20 83/72/17 81/71/17
f 21/82/14 35/81/14 82/68/14 80/67/14
f 165/159/1 174/53/1 80/54/1 132/160/1
f 363/161/1 133/162/1 81/50/1 366/49/1
f 370/163/1 358/164/1 86/165/1 226/166/1
f 382/167/1 168/168/1 11/169/1 367/170/1
f 87/91/23 31/171/48 8/172/48 85/92/23
f 231/173/14 34/80/14 12/79/14 230/174/14
f 438/175/14 441/176/14 92/177/14 90/178/14
f 420/179/49 423/180/49 91/181/50 89/182/50
f 427/183/1 177/184/1 90/185/1 412/186/1
f 9/90/22 24/89/22 96/102/26 94/101/26
f 522/187/1 566/188/1 565/189/1 541/190/1
f 102/191/51 104/192/52 573/193/52 572/194/51
f 104/192/52 105/195/53 574/196/53 573/193/52
f 105/197/53 106/198/54 575/199/54 574/200/53
f 106/198/54 103/100/25 576/99/25 575/199/54
f 566/201/55 30/202/55 102/191/51 572/194/51
f 578/9/4 577/203/56 116/204/56 113/10/4
f 577/203/56 579/205/57 115/206/57 116/204/56
f 579/207/58 580/208/59 114/209/59 115/210/58
f 580/208/59 581/211/60 112/212/60 114/209/59
f 5/213/61 29/214/61 112/212/60 581/211/60
f 123/215/62 125/216/63 584/217/63 583/218/62
f 125/216/63 126/55/12 569/58/12 584/217/63
f 28/219/13 127/220/64 585/221/64 570/222/13
f 127/220/64 128/223/65 586/224/65 585/221/64
f 128/223/65 124/6/2 587/5/2 586/224/65
f 3/225/66 27/226/66 123/215/62 583/218/62
f 160/44/1 19/43/1 129/227/1 156/228/1
f 180/229/1 131/230/1 7/231/1 163/232/1
f 378/233/1 18/234/1 133/162/1 363/161/1
f 18/234/1 76/235/1 134/236/1 133/162/1
f 19/43/1 77/16/1 135/237/1 129/227/1
f 208/238/1 136/239/1 17/240/1 206/241/1
f 48/242/1 55/243/1 138/244/1 139/245/1
f 47/246/1 48/242/1 139/245/1 140/247/1
f 46/248/1 47/246/1 140/247/1 141/249/1
f 44/250/1 46/248/1 141/249/1 142/251/1
f 143/252/1 44/250/1 142/251/1 15/253/1
f 45/254/1 130/255/1 1/256/1 144/257/1
f 55/243/1 45/254/1 144/257/1 138/244/1
f 60/258/1 57/259/1 145/260/1 146/261/1
f 59/262/1 60/258/1 146/261/1 147/263/1
f 58/264/1 59/262/1 147/263/1 148/265/1
f 56/266/1 58/264/1 148/265/1 149/267/1
f 150/268/1 56/266/1 149/267/1 16/269/1
f 57/259/1 143/252/1 15/253/1 145/260/1
f 66/270/1 68/271/1 151/272/1 152/273/1
f 68/271/1 69/274/1 153/275/1 151/272/1
f 69/274/1 70/276/1 154/277/1 153/275/1
f 70/276/1 67/278/1 155/279/1 154/277/1
f 136/239/1 66/270/1 152/273/1 17/240/1
f 67/278/1 150/268/1 16/269/1 155/279/1
f 76/235/1 20/280/1 137/281/1 134/236/1
f 77/16/1 13/15/1 132/160/1 135/237/1
f 20/280/1 161/282/1 157/283/1 137/281/1
f 205/284/1 160/44/1 156/228/1 203/285/1
f 129/86/14 26/85/14 158/286/14 156/287/14
f 206/288/28 207/289/28 159/106/28 157/105/28
f 183/41/1 160/44/1 205/284/1
f 13/15/1 182/14/1 165/159/1 132/160/1
f 202/290/1 181/291/1 164/292/1 197/293/1
f 629/294/1 180/229/1 163/232/1 628/295/1
f 420/296/1 89/297/1 179/298/1 424/299/1
f 177/300/67 690/301/68 941/302/69 698/303/69
f 360/304/1 8/305/1 167/306/1 379/307/1
f 679/308/1 697/309/1 174/53/1 165/159/1
f 697/309/1 681/310/1 172/17/1 174/53/1
f 46/311/70 44/312/71 301/313/71 300/314/70
f 67/315/72 70/316/73 311/317/73 312/318/72
f 47/319/74 46/311/70 300/314/70 299/320/74
f 432/321/1 9/322/1 169/323/1 442/324/1
f 451/325/1 86/165/1 176/326/1 456/327/1
f 185/328/75 189/329/76 263/330/76 260/331/75
f 681/310/1 680/332/1 166/18/1 172/17/1
f 70/316/73 69/333/77 310/334/77 311/317/73
f 48/335/78 47/319/79 299/320/79 298/336/78
f 69/333/77 68/337/80 308/338/80 310/334/77
f 516/339/1 571/340/1 588/341/1 542/342/1
f 555/343/1 589/344/1 590/345/1 547/346/1
f 208/347/81 161/348/82 296/349/82 315/350/81
f 55/351/83 48/352/78 298/353/78 297/354/83
f 68/337/80 66/355/84 309/356/84 308/338/80
f 472/357/1 191/358/1 184/359/1 471/360/1
f 453/361/1 192/362/1 185/363/1 452/364/1
f 192/362/1 193/365/1 186/366/1 185/363/1
f 234/367/85 213/368/86 270/369/86 269/370/85
f 224/371/87 233/372/88 268/373/88 272/374/87
f 185/363/1 186/366/1 190/375/1 189/376/1
f 183/377/89 205/378/90 291/379/90 338/380/89
f 682/381/91 182/382/92 333/383/92 687/384/91
f 161/348/82 20/385/93 288/386/93 296/349/82
f 233/372/88 198/387/94 266/388/94 268/373/88
f 164/389/95 194/390/96 246/391/96 247/392/95
f 189/376/1 190/375/1 187/46/1 188/45/1
f 143/393/97 57/394/98 303/395/98 282/396/97
f 193/397/99 192/398/100 350/399/100 293/400/99
f 196/401/101 181/402/102 331/403/102 330/404/101
f 56/405/103 150/406/104 283/407/104 307/408/103
f 453/409/105 191/410/106 349/411/106 468/412/105
f 131/413/107 180/414/108 329/415/108 281/416/107
f 560/417/1 591/418/1 589/344/1 555/343/1
f 76/419/109 18/420/110 294/421/110 295/422/109
f 197/423/111 164/389/95 247/392/95 265/424/111
f 58/425/112 56/405/103 307/408/103 306/426/112
f 189/329/76 188/427/113 261/428/113 263/330/76
f 472/429/114 131/413/107 281/416/107 490/430/114
f 496/431/115 222/432/116 274/433/116 502/434/115
f 181/291/1 196/435/1 194/436/1 164/292/1
f 376/437/117 193/397/99 293/400/99 397/438/117
f 59/439/118 58/425/112 306/426/112 305/440/118
f 198/387/94 199/441/119 267/442/119 266/388/94
f 181/402/102 202/443/120 332/444/120 331/403/102
f 163/445/121 7/446/122 243/447/122 245/448/121
f 171/449/123 183/377/89 338/380/89 325/450/123
f 213/368/86 216/451/124 273/452/124 270/369/86
f 661/453/1 202/290/1 197/293/1 658/454/1
f 495/455/125 196/401/125 330/404/125 507/456/125
f 60/457/126 59/458/118 305/459/118 304/460/126
f 205/378/90 130/461/127 292/462/127 291/379/90
f 57/394/98 60/457/126 304/460/126 303/395/98
f 45/463/128 55/351/83 297/354/83 302/464/128
f 20/385/93 76/419/109 295/422/109 288/386/93
f 130/465/127 45/463/128 302/464/128 292/466/127
f 173/467/129 171/449/123 325/450/123 342/468/129
f 150/469/130 67/315/72 312/318/72 283/470/130
f 44/312/71 143/471/131 282/472/131 301/313/71
f 17/473/28 40/474/28 207/289/28 206/288/28
f 130/255/1 205/284/1 203/285/1 1/256/1
f 161/282/1 208/238/1 206/241/1 157/283/1
f 156/287/14 158/286/14 204/110/14 203/109/14
f 66/355/84 136/475/132 313/476/132 309/356/84
f 182/382/92 173/467/129 342/468/129 333/383/92
f 136/475/132 208/347/81 315/350/81 313/476/132
f 218/477/133 224/371/87 272/374/87 271/478/133
f 477/479/1 217/480/1 223/481/1 480/482/1
f 200/483/134 197/423/111 265/424/111 254/484/134
f 511/485/1 497/486/1 221/487/1 479/488/1
f 685/489/1 683/490/1 220/491/1 232/492/1
f 693/493/1 684/494/1 219/495/1 478/496/1
f 459/497/135 225/498/136 275/499/136 464/500/135
f 479/488/1 221/487/1 217/480/1 477/479/1
f 452/501/137 185/328/75 260/331/75 461/502/137
f 475/503/1 214/504/1 215/505/1 476/506/1
f 455/507/14 211/508/14 209/509/14 454/510/14
f 474/511/14 212/512/14 210/513/14 473/514/14
f 232/492/1 220/491/1 210/515/1 230/516/1
f 478/496/1 219/495/1 209/517/1 473/518/1
f 222/432/116 218/477/133 271/478/133 274/433/116
f 199/441/119 200/483/134 254/484/134 267/442/119
f 481/519/1 235/520/1 214/504/1 475/503/1
f 227/48/1 228/47/1 237/521/1 236/522/1
f 393/523/1 388/524/1 229/525/1 238/526/1
f 460/527/1 236/522/1 86/165/1 451/325/1
f 236/522/1 237/521/1 226/166/1 86/165/1
f 390/528/1 228/47/1 187/46/1 387/529/1
f 459/530/1 227/48/1 236/522/1 460/527/1
f 372/531/1 393/523/1 238/526/1 85/532/1
f 188/427/113 227/533/138 276/534/138 261/428/113
f 166/18/1 232/492/1 230/516/1 12/19/1
f 471/535/139 184/536/140 259/537/140 483/538/139
f 628/539/141 163/445/121 245/448/121 632/540/141
f 680/332/1 685/489/1 232/492/1 166/18/1
f 225/498/136 235/541/142 277/542/142 275/499/136
f 481/543/143 234/367/85 269/370/85 486/544/143
f 212/512/14 231/173/14 230/174/14 210/513/14
f 243/545/1 241/546/1 244/547/1 245/548/1
f 246/549/1 256/550/1 255/551/1 247/552/1
f 241/546/1 239/553/1 251/554/1 244/547/1
f 256/550/1 252/555/1 253/556/1 255/551/1
f 239/553/1 240/557/1 248/558/1 251/554/1
f 252/555/1 249/559/1 250/560/1 253/556/1
f 483/561/1 259/562/1 262/563/1 484/564/1
f 461/565/1 260/566/1 263/567/1 463/568/1
f 484/564/1 262/563/1 242/569/1 482/570/1
f 463/568/1 263/567/1 261/571/1 462/572/1
f 501/573/1 500/574/1 249/559/1 252/555/1
f 498/575/1 501/573/1 252/555/1 256/550/1
f 499/576/1 498/575/1 256/550/1 246/549/1
f 253/556/1 250/560/1 266/577/1 267/578/1
f 255/551/1 253/556/1 267/578/1 254/579/1
f 247/552/1 255/551/1 254/579/1 265/580/1
f 258/581/1 271/582/1 272/583/1 268/584/1
f 503/585/1 502/586/1 274/587/1 264/588/1
f 264/588/1 274/587/1 271/582/1 258/581/1
f 269/589/1 270/590/1 273/591/1 257/592/1
f 482/570/1 242/569/1 275/593/1 485/594/1
f 462/572/1 261/571/1 276/595/1 464/596/1
f 485/594/1 275/593/1 277/597/1 486/598/1
f 240/557/1 269/589/1 257/592/1 248/558/1
f 249/559/1 264/588/1 258/581/1 250/560/1
f 500/574/1 503/585/1 264/588/1 249/559/1
f 250/560/1 258/581/1 268/584/1 266/577/1
f 411/599/1 403/600/1 313/601/1 315/602/1
f 406/603/1 396/604/1 288/605/1 295/606/1
f 282/607/1 318/608/1 670/609/1 699/610/1 317/611/1 292/612/1 302/613/1 297/614/1 298/615/1 299/616/1 300/617/1 301/618/1
f 279/619/1 282/607/1 303/620/1 304/621/1 305/622/1 306/623/1 307/624/1 283/625/1
f 279/619/1 283/625/1 312/626/1 311/627/1 310/628/1 308/629/1 309/630/1 313/601/1 403/600/1 404/631/1 405/632/1 343/633/1 344/634/1 465/635/1 284/636/1 487/637/1
f 399/638/1 406/603/1 295/606/1 294/639/1
f 396/604/1 402/640/1 296/641/1 288/605/1
f 314/642/1 285/643/1 334/644/1 339/645/1
f 356/646/1 335/647/1 336/648/1 340/649/1
f 689/650/1 688/651/1 338/652/1 341/653/1
f 286/654/1 280/655/1 290/656/1 321/657/1
f 322/658/1 328/659/1 327/660/1 323/661/1
f 686/662/1 700/663/1 342/664/1 325/665/1
f 285/643/1 286/654/1 321/657/1 334/644/1
f 335/647/1 322/658/1 323/661/1 336/648/1
f 688/651/1 686/662/1 325/665/1 338/652/1
f 280/655/1 281/666/1 329/667/1 290/656/1
f 328/659/1 330/668/1 331/669/1 327/660/1
f 700/663/1 687/670/1 333/671/1 342/664/1
f 489/672/1 491/673/1 351/674/1 345/675/1
f 466/676/1 469/677/1 352/678/1 346/679/1
f 346/679/1 352/678/1 316/680/1 287/681/1
f 490/682/1 488/683/1 289/684/1 349/685/1
f 468/686/1 467/687/1 348/688/1 350/689/1
f 350/689/1 348/688/1 347/690/1 293/691/1
f 488/683/1 489/672/1 345/675/1 289/684/1
f 467/687/1 466/676/1 346/679/1 348/688/1
f 348/688/1 346/679/1 287/681/1 347/690/1
f 492/692/1 487/637/1 284/636/1 353/693/1
f 470/694/1 465/635/1 344/634/1 354/695/1
f 354/695/1 344/634/1 343/633/1 355/696/1
f 505/697/1 507/698/1 330/668/1 328/659/1
f 508/699/1 506/700/1 322/658/1 335/647/1
f 506/700/1 505/697/1 328/659/1 322/658/1
f 509/701/1 508/699/1 335/647/1 356/646/1
f 327/660/1 331/669/1 332/702/1 326/703/1
f 336/648/1 323/661/1 324/704/1 337/705/1
f 323/661/1 327/660/1 326/703/1 324/704/1
f 340/649/1 336/648/1 337/705/1 357/706/1
f 319/707/1 340/649/1 357/706/1 318/608/1
f 504/708/1 509/701/1 356/646/1 320/709/1
f 352/678/1 354/695/1 355/696/1 316/680/1
f 469/677/1 470/694/1 354/695/1 352/678/1
f 491/673/1 492/692/1 353/693/1 351/674/1
f 699/610/1 689/650/1 341/653/1 317/611/1
f 320/709/1 356/646/1 340/649/1 319/707/1
f 279/619/1 314/642/1 339/645/1 278/710/1
f 317/611/1 341/653/1 291/711/1 292/612/1
f 402/640/1 411/599/1 315/602/1 296/641/1
f 341/653/1 338/652/1 291/711/1
f 279/619/1 278/710/1 625/712/1 602/713/1 504/708/1 320/709/1 319/707/1 318/608/1 282/607/1
f 316/680/1 355/696/1 409/714/1 400/715/1
f 400/715/1 409/714/1 410/716/1 401/717/1
f 401/717/1 410/716/1 411/599/1 402/640/1
f 287/681/1 316/680/1 400/715/1 394/718/1
f 394/718/1 400/715/1 401/717/1 395/719/1
f 395/719/1 401/717/1 402/640/1 396/604/1
f 293/691/1 347/690/1 408/720/1 397/721/1
f 397/721/1 408/720/1 407/722/1 398/723/1
f 398/723/1 407/722/1 406/603/1 399/638/1
f 347/690/1 287/681/1 394/718/1 408/720/1
f 408/720/1 394/718/1 395/719/1 407/722/1
f 407/722/1 395/719/1 396/604/1 406/603/1
f 355/696/1 343/633/1 405/632/1 409/714/1
f 409/714/1 405/632/1 404/631/1 410/716/1
f 410/716/1 404/631/1 403/600/1 411/599/1
f 226/166/1 237/521/1 391/724/1 370/163/1
f 370/163/1 391/724/1 392/725/1 371/726/1
f 371/726/1 392/725/1 393/523/1 372/531/1
f 229/525/1 388/524/1 385/52/1 22/51/1
f 388/524/1 389/727/1 386/728/1 385/52/1
f 389/727/1 390/528/1 387/529/1 386/728/1
f 237/521/1 228/47/1 390/528/1 391/724/1
f 391/724/1 390/528/1 389/727/1 392/725/1
f 392/725/1 389/727/1 388/524/1 393/523/1
f 18/420/110 378/729/117 399/730/117 294/421/110
f 378/729/117 377/731/117 398/732/117 399/730/117
f 377/731/117 376/437/117 397/438/117 398/732/117
f 86/165/1 358/164/1 381/733/1 176/326/1
f 358/164/1 359/734/1 380/735/1 381/733/1
f 359/734/1 360/304/1 379/307/1 380/735/1
f 193/365/1 376/736/1 361/737/1 186/366/1
f 376/736/1 377/738/1 362/739/1 361/737/1
f 377/738/1 378/233/1 363/161/1 362/739/1
f 175/22/1 384/740/1 369/741/1 84/23/1
f 384/740/1 383/742/1 368/743/1 369/741/1
f 383/742/1 382/167/1 367/170/1 368/743/1
f 85/532/1 8/305/1 360/304/1 372/531/1
f 372/531/1 360/304/1 359/734/1 371/726/1
f 371/726/1 359/734/1 358/164/1 370/163/1
f 186/366/1 361/737/1 364/744/1 190/375/1
f 361/737/1 362/739/1 365/745/1 364/744/1
f 362/739/1 363/161/1 366/49/1 365/745/1
f 11/116/14 33/115/14 373/746/14 367/747/14
f 367/747/14 373/746/14 374/748/14 368/749/14
f 368/749/14 374/748/14 375/60/14 369/59/14
f 190/375/1 364/744/1 387/529/1 187/46/1
f 364/744/1 365/745/1 386/728/1 387/529/1
f 365/745/1 366/49/1 385/52/1 386/728/1
f 8/305/1 418/750/1 426/751/1 167/306/1
f 418/750/1 419/752/1 425/753/1 426/751/1
f 419/752/1 420/296/1 424/299/1 425/753/1
f 168/168/1 429/754/1 414/755/1 11/169/1
f 429/754/1 428/756/1 413/757/1 414/755/1
f 428/756/1 427/183/1 412/186/1 413/757/1
f 8/172/48 31/171/48 421/758/49 418/759/49
f 418/759/49 421/758/49 422/760/49 419/761/49
f 419/761/49 422/760/49 423/180/49 420/179/49
f 90/178/14 92/177/14 415/762/14 412/763/14
f 412/763/14 415/762/14 416/764/14 413/765/14
f 413/765/14 416/764/14 417/114/14 414/113/14
f 178/766/1 445/767/1 450/768/1 201/769/1
f 493/770/1 510/771/1 449/772/1 195/773/1
f 698/774/1 691/775/1 448/776/1 177/184/1
f 195/773/1 449/772/1 445/767/1 178/766/1
f 89/297/1 430/777/1 444/778/1 179/298/1
f 646/779/1 431/780/1 443/781/1 650/782/1
f 431/780/1 432/321/1 442/324/1 443/781/1
f 10/98/14 32/97/14 439/783/14 436/784/14
f 436/784/14 439/783/14 440/785/14 437/786/14
f 648/787/14 649/788/14 441/176/14 438/175/14
f 89/182/50 91/181/50 433/789/21 430/790/21
f 646/791/21 647/792/21 434/793/21 431/794/21
f 431/794/21 434/793/21 435/88/21 432/87/21
f 177/184/1 448/776/1 438/795/1 90/185/1
f 652/796/1 447/797/1 437/798/1 648/799/1
f 447/797/1 446/25/1 436/28/1 437/798/1
f 351/674/1 353/693/1 470/694/1 469/677/1
f 353/693/1 284/636/1 465/635/1 470/694/1
f 289/684/1 345/675/1 466/676/1 467/687/1
f 349/685/1 289/684/1 467/687/1 468/686/1
f 345/675/1 351/674/1 469/677/1 466/676/1
f 242/569/1 462/572/1 464/596/1 275/593/1
f 262/563/1 463/568/1 462/572/1 242/569/1
f 259/562/1 461/565/1 463/568/1 262/563/1
f 225/800/1 459/530/1 460/527/1 235/520/1
f 235/520/1 460/527/1 451/325/1 214/504/1
f 88/61/14 455/507/14 454/510/14 84/62/14
f 184/536/140 452/501/137 461/502/137 259/537/140
f 227/533/138 459/497/135 464/500/135 276/534/138
f 192/398/100 453/409/105 468/412/105 350/399/100
f 191/358/1 453/361/1 452/364/1 184/359/1
f 684/494/1 692/801/1 457/21/1 219/495/1
f 214/504/1 451/325/1 456/327/1 215/505/1
f 219/495/1 457/21/1 454/24/1 209/517/1
f 285/643/1 314/642/1 492/692/1 491/673/1
f 314/642/1 279/619/1 487/637/1 492/692/1
f 280/655/1 286/654/1 489/672/1 488/683/1
f 281/666/1 280/655/1 488/683/1 490/682/1
f 286/654/1 285/643/1 491/673/1 489/672/1
f 240/557/1 485/594/1 486/598/1 269/589/1
f 239/553/1 482/570/1 485/594/1 240/557/1
f 241/546/1 484/564/1 482/570/1 239/553/1
f 243/545/1 483/561/1 484/564/1 241/546/1
f 235/541/142 481/543/143 486/544/143 277/542/142
f 7/446/122 471/535/139 483/538/139 243/447/122
f 234/802/1 481/519/1 475/503/1 213/803/1
f 220/491/1 478/496/1 473/518/1 210/515/1
f 211/508/14 474/511/14 473/514/14 209/509/14
f 213/803/1 475/503/1 476/506/1 216/804/1
f 222/805/1 479/488/1 477/479/1 218/806/1
f 683/490/1 693/493/1 478/496/1 220/491/1
f 496/807/1 511/485/1 479/488/1 222/805/1
f 218/806/1 477/479/1 480/482/1 224/808/1
f 191/410/106 472/429/114 490/430/114 349/411/106
f 131/230/1 472/357/1 471/360/1 7/231/1
f 607/809/1 619/810/1 511/485/1 496/807/1
f 384/811/144 175/812/145 738/813/145 737/814/144
f 558/815/146 548/816/147 843/817/147 857/818/146
f 695/819/148 677/820/148 954/821/148 875/822/148
f 600/823/1 618/824/1 510/771/1 493/770/1
f 549/825/149 559/826/150 870/827/150 844/828/149
f 676/829/151 694/830/151 873/831/151 953/832/151
f 121/833/152 4/834/153 881/835/153 880/836/152
f 654/837/154 651/838/155 930/839/155 933/840/154
f 176/841/156 381/842/157 735/843/157 726/844/156
f 383/845/158 384/811/144 737/814/144 773/846/158
f 602/713/1 617/847/1 509/701/1 504/708/1
f 617/847/1 616/848/1 508/699/1 509/701/1
f 614/849/1 603/850/1 505/697/1 506/700/1
f 616/848/1 614/849/1 506/700/1 508/699/1
f 603/850/1 615/851/1 507/698/1 505/697/1
f 610/852/1 613/853/1 503/585/1 500/574/1
f 613/853/1 612/854/1 502/586/1 503/585/1
f 609/855/1 601/856/1 498/575/1 499/576/1
f 601/856/1 611/857/1 501/573/1 498/575/1
f 611/857/1 610/852/1 500/574/1 501/573/1
f 194/390/96 494/858/141 499/859/141 246/391/96
f 619/810/1 608/860/1 497/486/1 511/485/1
f 606/861/125 495/455/125 507/456/125 615/862/125
f 93/863/159 568/864/160 705/865/160 708/866/159
f 653/867/155 655/868/155 934/869/155 932/870/155
f 607/871/161 496/872/115 502/873/115 612/874/161
f 429/875/162 168/876/163 718/877/163 734/878/162
f 382/879/164 383/845/158 773/846/158 772/880/164
f 622/881/1 604/882/1 591/418/1 560/417/1
f 196/435/1 495/883/1 494/884/1 194/436/1
f 652/885/165 696/886/166 936/887/166 931/888/165
f 620/889/1 621/890/1 561/891/1 562/892/1
f 168/876/163 382/879/164 772/880/164 718/877/163
f 622/893/167 560/894/168 860/895/168 869/896/167
f 2/897/169 162/898/170 877/899/170 878/900/169
f 175/812/145 457/901/171 816/902/171 738/813/145
f 651/838/155 653/867/155 932/870/155 930/839/155
f 167/903/172 426/904/173 731/905/173 732/906/172
f 549/907/1 548/908/1 558/909/1 559/910/1
f 195/911/174 178/912/175 728/913/175 747/914/174
f 692/915/176 674/916/176 950/917/176 818/918/176
f 562/892/1 561/891/1 556/919/1 557/920/1
f 788/921/1 799/922/1 941/923/1 690/924/1
f 456/925/177 176/841/156 726/844/156 759/926/177
f 561/927/178 621/928/179 866/929/179 864/930/178
f 657/931/180 641/932/180 928/933/180 929/934/180
f 381/842/157 380/935/181 769/936/181 735/843/157
f 620/937/182 562/938/182 834/939/182 865/940/182
f 694/941/1 695/942/1 551/943/1 552/944/1
f 380/935/181 379/945/183 768/946/183 769/936/181
f 655/868/155 656/947/184 935/948/184 934/869/155
f 379/945/183 167/903/172 732/906/172 768/946/183
f 656/947/184 657/931/185 929/934/185 935/948/184
f 217/949/186 221/950/187 764/951/187 762/952/186
f 515/953/188 540/954/189 836/955/189 835/956/188
f 9/322/1 512/957/1 546/958/1 169/323/1
f 512/957/1 513/959/1 545/960/1 546/958/1
f 592/961/1 514/962/1 544/963/1 598/964/1
f 514/962/1 515/965/1 543/966/1 544/963/1
f 515/965/1 516/339/1 542/342/1 543/966/1
f 14/967/1 526/968/1 537/969/1 94/970/1
f 526/968/1 525/971/1 538/972/1 537/969/1
f 594/973/1 524/974/1 539/975/1 597/976/1
f 524/974/1 523/977/1 540/978/1 539/975/1
f 523/977/1 522/187/1 541/190/1 540/978/1
f 14/104/29 37/103/29 536/979/29 526/980/29
f 526/980/29 536/979/29 535/981/29 525/982/29
f 594/983/29 596/984/29 534/985/29 524/986/29
f 524/986/29 534/985/29 533/987/29 523/988/29
f 523/988/29 533/987/29 532/118/29 522/117/29
f 564/989/14 25/990/14 527/991/14 517/992/14
f 517/992/14 527/991/14 528/993/14 518/994/14
f 518/994/14 528/993/14 529/995/14 519/996/14
f 593/997/14 595/998/14 530/999/14 520/1000/14
f 520/1000/14 530/999/14 531/96/14 521/95/14
f 94/970/1 537/969/1 512/957/1 9/322/1
f 537/969/1 538/972/1 513/959/1 512/957/1
f 597/976/1 539/975/1 514/962/1 592/961/1
f 539/975/1 540/978/1 515/965/1 514/962/1
f 179/1001/190 623/1002/191 729/1003/191 730/1004/190
f 170/26/1 554/1005/1 521/1006/1 10/27/1
f 554/1005/1 553/1007/1 520/1008/1 521/1006/1
f 599/1009/1 552/944/1 519/1010/1 593/1011/1
f 552/944/1 551/943/1 518/1012/1 519/1010/1
f 551/943/1 550/1/1 517/4/1 518/1012/1
f 162/1013/1 2/1014/1 564/3/1 563/2/1
f 608/1015/192 631/1016/192 911/1017/192 824/1018/192
f 568/1019/1 93/1020/1 567/1021/1 5/1022/1
f 4/1023/1 121/1024/1 569/1025/1 570/1026/1
f 516/1027/193 515/1028/194 835/1029/194 701/1030/193
f 101/1031/1 98/1032/1 572/1033/1 573/1034/1
f 100/1035/1 101/1031/1 573/1034/1 574/1036/1
f 99/1037/1 100/1035/1 574/1036/1 575/1038/1
f 97/1039/1 99/1037/1 575/1038/1 576/1040/1
f 98/1032/1 6/1041/1 566/188/1 572/1033/1
f 93/1020/1 97/1039/1 576/1040/1 567/1021/1
f 107/1042/1 109/1043/1 577/1044/1 578/1045/1
f 109/1043/1 110/1046/1 579/1047/1 577/1044/1
f 110/1046/1 111/1048/1 580/1049/1 579/1047/1
f 111/1048/1 108/1050/1 581/1051/1 580/1049/1
f 108/1050/1 568/1019/1 5/1022/1 581/1051/1
f 582/1052/1 107/1042/1 578/1045/1 3/1053/1
f 122/1054/1 118/1055/1 583/1056/1 584/1057/1
f 121/1024/1 122/1054/1 584/1057/1 569/1025/1
f 120/1058/1 4/1023/1 570/1026/1 585/1059/1
f 119/1060/1 120/1058/1 585/1059/1 586/1061/1
f 117/1062/1 119/1060/1 586/1061/1 587/1063/1
f 118/1055/1 582/1052/1 3/1053/1 583/1056/1
f 2/1014/1 117/1062/1 587/1063/1 564/3/1
f 178/1064/175 201/1065/195 727/1066/195 728/1067/175
f 542/1068/196 645/1069/167 925/1070/167 837/1071/196
f 221/950/187 497/1072/197 767/1073/197 764/951/187
f 678/1074/198 654/837/154 933/840/154 958/1075/198
f 589/1076/199 591/1077/200 743/1078/200 711/1079/199
f 644/1080/201 545/1081/202 841/1082/202 922/1083/201
f 566/188/1 6/1041/1 565/189/1
f 553/1007/1 599/1009/1 593/1011/1 520/1008/1
f 538/972/1 597/976/1 592/961/1 513/959/1
f 519/996/14 529/995/14 595/998/14 593/997/14
f 525/982/29 535/981/29 596/984/29 594/983/29
f 525/971/1 594/973/1 597/976/1 538/972/1
f 513/959/1 592/961/1 598/964/1 545/960/1
f 223/1084/203 217/949/186 762/952/186 766/1085/203
f 546/1086/204 643/1087/182 921/1088/182 739/1089/204
f 447/1090/205 652/1091/165 931/1092/165 807/1093/205
f 604/1094/206 627/1095/206 908/1096/206 821/1097/206
f 677/820/148 558/815/146 857/818/146 954/821/148
f 557/1098/207 556/1099/207 855/1100/207 748/1101/207
f 650/1102/14 443/1103/14 801/1104/14 802/1105/14
f 458/1106/208 223/1084/203 766/1085/203 765/1107/208
f 559/826/150 676/829/151 953/832/151 870/827/150
f 497/1072/197 608/1015/192 824/1018/192 767/1073/197
f 643/1108/1 644/1109/1 621/890/1 620/889/1
f 641/932/209 444/1110/209 803/1111/209 928/933/209
f 645/1112/1 627/1113/1 604/882/1 622/881/1
f 600/1114/191 493/1115/191 820/1116/191 907/1117/191
f 457/901/171 692/915/176 818/918/176 816/902/171
f 630/1118/161 607/871/161 612/874/161 635/1119/161
f 674/916/176 458/1106/208 765/1107/208 950/917/176
f 553/1120/180 554/1121/180 742/1122/180 850/1123/180
f 629/1124/125 606/861/125 615/862/125 638/1125/125
f 642/1126/1 631/1127/1 608/860/1 619/810/1
f 634/1128/1 633/1129/1 610/852/1 611/857/1
f 624/1130/1 634/1128/1 611/857/1 601/856/1
f 632/1131/1 624/1130/1 601/856/1 609/855/1
f 636/1132/1 635/1133/1 612/854/1 613/853/1
f 633/1129/1 636/1132/1 613/853/1 610/852/1
f 626/1134/1 638/1135/1 615/851/1 603/850/1
f 639/1136/1 637/1137/1 614/849/1 616/848/1
f 637/1137/1 626/1134/1 603/850/1 614/849/1
f 640/1138/1 639/1136/1 616/848/1 617/847/1
f 625/712/1 640/1138/1 617/847/1 602/713/1
f 599/1139/180 553/1120/180 850/1123/180 849/1140/180
f 162/898/170 563/1141/210 714/1142/210 877/899/170
f 591/1077/200 604/1094/206 821/1097/206 743/1078/200
f 550/1143/211 551/1144/212 848/1145/212 847/1146/211
f 493/1115/191 195/911/174 747/914/174 820/1116/191
f 623/1147/1 641/1148/1 618/824/1 600/823/1
f 215/1149/213 456/925/177 759/926/177 760/1150/213
f 563/1141/210 550/1143/211 847/1146/211 714/1142/210
f 201/1065/195 663/1151/214 755/1152/214 727/1066/195
f 630/1153/1 642/1126/1 619/810/1 607/809/1
f 494/858/141 605/1154/141 609/1155/141 499/859/141
f 495/883/1 606/1156/1 605/1157/1 494/884/1
f 216/804/1 476/506/1 642/1126/1 630/1153/1
f 548/816/147 549/825/215 844/828/215 843/817/147
f 590/1158/216 589/1076/199 711/1079/199 712/1159/216
f 588/1160/217 571/1161/218 702/1162/218 710/1163/217
f 179/298/1 444/778/1 641/1148/1 623/1147/1
f 117/1164/219 2/897/169 878/900/169 896/1165/219
f 547/1166/220 590/1167/220 712/1168/220 842/1169/220
f 582/1170/221 118/1171/222 892/1172/222 704/1173/221
f 119/1174/223 117/1164/219 896/1165/219 895/1175/223
f 545/1081/202 598/1176/224 840/1177/224 841/1082/202
f 555/1178/225 547/1166/226 842/1169/226 851/1179/225
f 278/710/1 339/645/1 640/1138/1 625/712/1
f 339/645/1 334/644/1 639/1136/1 640/1138/1
f 321/657/1 290/656/1 626/1134/1 637/1137/1
f 334/644/1 321/657/1 637/1137/1 639/1136/1
f 290/656/1 329/667/1 638/1135/1 626/1134/1
f 248/558/1 257/592/1 636/1132/1 633/1129/1
f 257/592/1 273/591/1 635/1133/1 636/1132/1
f 245/548/1 244/547/1 624/1130/1 632/1131/1
f 244/547/1 251/554/1 634/1128/1 624/1130/1
f 251/554/1 248/558/1 633/1129/1 634/1128/1
f 476/506/1 215/505/1 631/1127/1 642/1126/1
f 180/414/108 629/1124/125 638/1125/125 329/415/108
f 120/1180/227 119/1174/223 895/1175/223 894/1181/227
f 544/1182/228 543/1183/229 838/1184/229 839/1185/228
f 216/451/124 630/1118/161 635/1119/161 273/452/124
f 4/1186/230 120/1180/227 894/1181/227 881/1187/230
f 543/1188/231 542/1068/196 837/1071/196 838/1189/231
f 542/342/1 588/341/1 627/1113/1 645/1112/1
f 122/1190/232 121/833/152 880/836/152 893/1191/232
f 546/958/1 545/960/1 644/1109/1 643/1108/1
f 554/1121/180 170/1192/180 722/1193/180 742/1122/180
f 631/1016/192 215/1149/213 760/1150/213 911/1017/192
f 552/1194/180 599/1139/180 849/1140/180 874/1195/180
f 645/1069/167 622/893/167 869/896/167 925/1070/167
f 118/1171/222 122/1190/232 893/1191/232 892/1172/222
f 605/1154/141 628/539/141 632/540/141 609/1155/141
f 606/1156/1 629/294/1 628/295/1 605/1157/1
f 540/954/189 541/1196/233 707/1197/233 836/955/189
f 641/1148/1 657/1198/1 656/1199/1 618/824/1
f 618/824/1 656/1199/1 655/1200/1 510/771/1
f 448/776/1 652/796/1 648/799/1 438/795/1
f 430/790/21 433/789/21 647/792/21 646/791/21
f 437/786/14 440/785/14 649/788/14 648/787/14
f 430/777/1 646/779/1 650/782/1 444/778/1
f 449/772/1 653/1201/1 651/1202/1 445/767/1
f 691/775/1 696/1203/1 652/796/1 448/776/1
f 510/771/1 655/1200/1 653/1201/1 449/772/1
f 445/767/1 651/1202/1 654/1204/1 450/768/1
f 450/768/1 654/1204/1 678/1205/1 673/1206/1
f 107/1207/234 582/1208/235 704/1209/235 888/1210/234
f 169/1211/236 546/1212/204 739/1213/204 740/1214/236
f 598/1176/224 544/1182/228 839/1185/228 840/1177/224
f 559/910/1 558/909/1 677/1215/1 676/1216/1
f 568/1217/237 108/1218/238 891/1219/238 705/1220/237
f 551/1144/212 695/819/148 875/822/148 848/1145/212
f 621/928/179 644/1080/201 922/1083/201 866/929/179
f 224/808/1 480/482/1 675/1221/1 664/1222/1
f 223/481/1 458/1223/1 674/1224/1 665/1225/1
f 108/1218/238 111/1226/239 890/1227/239 891/1219/238
f 428/1228/240 429/875/162 734/878/162 789/1229/240
f 201/769/1 450/768/1 673/1206/1 663/1230/1
f 694/830/151 552/1231/151 874/1232/151 873/831/151
f 643/1087/182 620/937/182 865/940/182 921/1088/182
f 111/1226/239 110/1233/241 889/1234/241 890/1227/239
f 663/1151/214 698/303/69 941/302/69 755/1152/214
f 427/1235/242 428/1228/240 789/1229/240 788/1236/242
f 446/1237/180 447/1090/205 807/1093/205 806/1238/180
f 318/608/1 357/706/1 672/1239/1 670/609/1
f 326/703/1 332/702/1 668/1240/1 671/1241/1
f 337/705/1 324/704/1 667/1242/1 669/1243/1
f 324/704/1 326/703/1 671/1241/1 667/1242/1
f 357/706/1 337/705/1 669/1243/1 672/1239/1
f 198/1244/1 233/1245/1 666/1246/1 659/1247/1
f 480/482/1 223/481/1 665/1225/1 675/1221/1
f 233/1245/1 224/808/1 664/1222/1 666/1246/1
f 682/1248/1 661/453/1 658/454/1 679/308/1
f 202/443/120 661/1249/91 668/1250/91 332/444/120
f 110/1251/243 109/1252/244 887/1253/244 889/1254/243
f 199/1255/1 198/1244/1 659/1247/1 660/1256/1
f 627/1095/206 588/1160/217 710/1163/217 908/1096/206
f 170/1192/180 446/1237/180 806/1238/180 722/1193/180
f 200/1257/1 199/1255/1 660/1256/1 662/1258/1
f 197/293/1 200/1257/1 662/1258/1 658/454/1
f 109/1252/244 107/1207/234 888/1210/234 887/1253/244
f 560/894/168 555/1178/225 851/1179/225 860/895/168
f 182/14/1 682/1248/1 679/308/1 165/159/1
f 673/1206/1 678/1205/1 696/1203/1 691/775/1
f 97/1259/245 93/863/159 708/866/159 886/1260/245
f 6/1261/246 98/1262/247 882/1263/247 879/1264/246
f 565/1265/248 6/1261/248 879/1264/248 706/1266/248
f 676/1216/1 677/1215/1 695/942/1 694/941/1
f 696/886/166 678/1074/198 958/1075/198 936/887/166
f 99/1267/249 97/1259/245 886/1260/245 885/1268/249
f 426/904/173 425/1269/250 785/1270/250 731/905/173
f 664/1222/1 675/1221/1 693/493/1 683/490/1
f 665/1225/1 674/1224/1 692/801/1 684/494/1
f 623/1002/191 600/1114/191 907/1117/191 729/1003/191
f 556/1271/251 561/927/178 864/930/178 855/1272/251
f 663/1230/1 673/1206/1 691/775/1 698/774/1
f 444/1110/14 650/1102/14 802/1105/14 803/1111/14
f 100/1273/252 99/1267/249 885/1268/249 884/1274/252
f 425/1269/250 424/1275/253 784/1276/253 785/1270/250
f 562/938/182 557/1098/182 748/1101/182 834/939/182
f 443/1103/14 442/1277/254 800/1278/254 801/1104/14
f 101/1279/255 100/1280/256 884/1281/256 883/1282/255
f 670/609/1 672/1239/1 689/650/1 699/610/1
f 671/1241/1 668/1240/1 687/670/1 700/663/1
f 669/1243/1 667/1242/1 686/662/1 688/651/1
f 667/1242/1 671/1241/1 700/663/1 686/662/1
f 672/1239/1 669/1243/1 688/651/1 689/650/1
f 659/1247/1 666/1246/1 685/489/1 680/332/1
f 675/1221/1 665/1225/1 684/494/1 693/493/1
f 666/1246/1 664/1222/1 683/490/1 685/489/1
f 661/1249/91 682/381/91 687/384/91 668/1250/91
f 424/1275/253 179/1001/190 730/1004/190 784/1276/253
f 660/1256/1 659/1247/1 680/332/1 681/310/1
f 442/1277/254 169/1211/236 740/1214/236 800/1278/254
f 571/1161/218 516/1027/193 701/1030/193 702/1162/218
f 662/1258/1 660/1256/1 681/310/1 697/309/1
f 658/454/1 662/1258/1 697/309/1 679/308/1
f 541/1196/233 565/1265/257 706/1266/257 707/1197/233
f 98/1262/247 101/1279/255 883/1282/255 882/1263/247
f 707/1283/1 706/1284/1 702/1285/1 701/1286/1
f 704/1287/1 703/1288/1 705/1289/1 891/1290/1 890/1291/1 889/1292/1 887/1293/1 888/1294/1
f 878/1295/1 877/1296/1 900/1297/1 956/1298/1 902/1299/1 899/1300/1 898/1301/1 901/1302/1 903/1303/1 926/1304/1 897/1305/1 703/1288/1 704/1287/1 892/1306/1 893/1307/1 880/1308/1 881/1309/1 894/1310/1 895/1311/1 896/1312/1
f 708/1313/1 709/1314/1 879/1315/1 882/1316/1 883/1317/1 884/1318/1 885/1319/1 886/1320/1
f 705/1289/1 703/1288/1 709/1314/1 708/1313/1
f 790/1321/1 747/1322/1 728/1323/1 786/1324/1
f 774/1325/1 715/1326/1 716/1327/1 770/1328/1
f 783/1329/1 717/1330/1 718/1331/1 772/1332/1
f 808/1333/1 719/1334/1 720/1335/1 804/1336/1
f 815/1337/1 721/1338/1 722/1339/1 806/1340/1
f 763/1341/1 746/1342/1 724/1343/1 761/1344/1
f 818/1345/1 940/1346/1 738/1347/1 816/1348/1
f 876/1349/1 713/1350/1 714/1351/1 847/1352/1
f 817/1353/1 819/1354/1 746/1342/1 763/1341/1
f 813/1355/1 745/1356/1 719/1334/1 808/1333/1
f 780/1357/1 744/1358/1 715/1326/1 774/1325/1
f 796/1359/1 820/1360/1 747/1322/1 790/1321/1
f 842/1361/1 712/1362/1 751/1363/1 856/1364/1
f 761/1344/1 724/1343/1 723/1365/1 765/1366/1
f 804/1336/1 720/1335/1 753/1367/1 810/1368/1
f 770/1328/1 716/1327/1 752/1369/1 776/1370/1
f 786/1324/1 728/1323/1 727/1371/1 792/1372/1
f 724/1343/1 736/1373/1 757/1374/1 723/1365/1
f 736/1373/1 771/1375/1 777/1376/1 757/1374/1
f 771/1375/1 770/1328/1 776/1370/1 777/1376/1
f 819/1354/1 778/1377/1 749/1378/1 746/1342/1
f 778/1377/1 779/1379/1 775/1380/1 749/1378/1
f 779/1379/1 780/1357/1 774/1325/1 775/1380/1
f 940/1346/1 781/1381/1 737/1382/1 738/1347/1
f 781/1381/1 782/1383/1 773/1384/1 737/1382/1
f 782/1383/1 783/1329/1 772/1332/1 773/1384/1
f 746/1342/1 749/1378/1 736/1373/1 724/1343/1
f 749/1378/1 775/1380/1 771/1375/1 736/1373/1
f 775/1380/1 774/1325/1 770/1328/1 771/1375/1
f 716/1327/1 733/1385/1 758/1386/1 752/1369/1
f 733/1385/1 787/1387/1 793/1388/1 758/1386/1
f 787/1387/1 786/1324/1 792/1372/1 793/1388/1
f 744/1358/1 794/1389/1 750/1390/1 715/1326/1
f 794/1389/1 795/1391/1 791/1392/1 750/1390/1
f 795/1391/1 796/1359/1 790/1321/1 791/1392/1
f 717/1330/1 797/1393/1 734/1394/1 718/1331/1
f 797/1393/1 798/1395/1 789/1396/1 734/1394/1
f 798/1395/1 799/922/1 788/921/1 789/1396/1
f 715/1326/1 750/1390/1 733/1385/1 716/1327/1
f 750/1390/1 791/1392/1 787/1387/1 733/1385/1
f 791/1392/1 790/1321/1 786/1324/1 787/1387/1
f 930/1397/1 805/1398/1 811/1399/1 933/1400/1
f 805/1398/1 804/1336/1 810/1368/1 811/1399/1
f 934/1401/1 812/1402/1 809/1403/1 932/1404/1
f 812/1402/1 813/1355/1 808/1333/1 809/1403/1
f 936/1405/1 814/1406/1 807/1407/1 931/1408/1
f 814/1406/1 815/1337/1 806/1340/1 807/1407/1
f 932/1404/1 809/1403/1 805/1398/1 930/1397/1
f 809/1403/1 808/1333/1 804/1336/1 805/1398/1
f 762/1409/1 761/1344/1 765/1366/1 766/1410/1
f 767/1411/1 817/1353/1 763/1341/1 764/1412/1
f 764/1412/1 763/1341/1 761/1344/1 762/1409/1
f 824/1413/1 833/1414/1 817/1353/1 767/1411/1
f 831/1415/1 832/1416/1 813/1355/1 812/1402/1
f 935/1417/1 831/1415/1 812/1402/1 934/1401/1
f 829/1418/1 830/1419/1 796/1359/1 795/1391/1
f 828/1420/1 829/1418/1 795/1391/1 794/1389/1
f 822/1421/1 828/1420/1 794/1389/1 744/1358/1
f 826/1422/1 827/1423/1 780/1357/1 779/1379/1
f 825/1424/1 826/1422/1 779/1379/1 778/1377/1
f 906/1425/1 825/1424/1 778/1377/1 819/1354/1
f 830/1419/1 907/1426/1 820/1360/1 796/1359/1
f 827/1423/1 822/1421/1 744/1358/1 780/1357/1
f 832/1416/1 823/1427/1 745/1356/1 813/1355/1
f 833/1414/1 906/1425/1 819/1354/1 817/1353/1
f 823/1427/1 865/1428/1 834/1429/1 745/1356/1
f 905/1430/1 867/1431/1 862/1432/1 863/1433/1
f 867/1431/1 868/1434/1 861/1435/1 862/1432/1
f 868/1434/1 869/1436/1 860/1437/1 861/1435/1
f 720/1335/1 741/1438/1 756/1439/1 753/1367/1
f 741/1438/1 846/1440/1 859/1441/1 756/1439/1
f 845/1442/1 844/1443/1 870/1444/1 858/1445/1
f 843/1446/1 842/1361/1 856/1364/1 857/1447/1
f 745/1356/1 834/1429/1 748/1448/1 719/1334/1
f 863/1433/1 862/1432/1 853/1449/1 854/1450/1
f 862/1432/1 861/1435/1 852/1451/1 853/1449/1
f 861/1435/1 860/1437/1 851/1452/1 852/1451/1
f 721/1338/1 871/1453/1 742/1454/1 722/1339/1
f 871/1453/1 872/1455/1 850/1456/1 742/1454/1
f 904/1457/1 873/1458/1 874/1459/1 849/1460/1
f 875/1461/1 876/1349/1 847/1352/1 848/1462/1
f 719/1334/1 748/1448/1 741/1438/1 720/1335/1
f 748/1448/1 855/1463/1 846/1440/1 741/1438/1
f 854/1450/1 853/1449/1 844/1443/1 845/1442/1
f 853/1449/1 852/1451/1 843/1446/1 844/1443/1
f 852/1451/1 851/1452/1 842/1361/1 843/1446/1
f 836/1464/1 707/1283/1 701/1286/1 835/1465/1
f 879/1315/1 709/1314/1 706/1284/1
f 709/1314/1 703/1288/1 702/1285/1 706/1284/1
f 703/1288/1 897/1305/1 710/1466/1 702/1285/1
f 898/1301/1 899/1300/1 712/1362/1 711/1467/1
f 900/1297/1 877/1296/1 714/1351/1 713/1350/1
f 901/1302/1 898/1301/1 711/1467/1 743/1468/1
f 899/1300/1 902/1299/1 751/1363/1 712/1362/1
f 903/1303/1 901/1302/1 743/1468/1 821/1469/1
f 855/1463/1 854/1450/1 845/1442/1 846/1440/1
f 872/1455/1 904/1457/1 849/1460/1 850/1456/1
f 864/1470/1 863/1433/1 854/1450/1 855/1463/1
f 846/1440/1 845/1442/1 858/1445/1 859/1441/1
f 866/1471/1 905/1430/1 863/1433/1 864/1470/1
f 922/1472/1 927/1473/1 905/1430/1 866/1471/1
f 926/1304/1 903/1303/1 821/1469/1 908/1474/1
f 924/1475/1 837/1476/1 925/1477/1 869/1436/1 868/1434/1
f 923/1478/1 924/1475/1 868/1434/1 867/1431/1
f 927/1473/1 923/1478/1 867/1431/1 905/1430/1
f 910/1479/1 921/1480/1 865/1428/1 823/1427/1
f 920/1481/1 725/1482/1 906/1425/1 833/1414/1
f 919/1483/1 910/1479/1 823/1427/1 832/1416/1
f 914/1484/1 909/1485/1 822/1421/1 827/1423/1
f 917/1486/1 729/1487/1 907/1426/1 830/1419/1
f 725/1482/1 912/1488/1 825/1424/1 906/1425/1
f 912/1488/1 913/1489/1 826/1422/1 825/1424/1
f 913/1489/1 914/1484/1 827/1423/1 826/1422/1
f 909/1485/1 915/1490/1 828/1420/1 822/1421/1
f 915/1490/1 916/1491/1 829/1418/1 828/1420/1
f 916/1491/1 917/1486/1 830/1419/1 829/1418/1
f 929/1492/1 918/1493/1 831/1415/1 935/1417/1
f 918/1493/1 919/1483/1 832/1416/1 831/1415/1
f 911/1494/1 920/1481/1 833/1414/1 824/1413/1
f 760/1495/1 759/1496/1 920/1481/1 911/1494/1
f 801/1497/1 800/1498/1 919/1483/1 918/1493/1
f 802/1499/1 801/1497/1 918/1493/1 929/1492/1
f 785/1500/1 784/1501/1 917/1486/1 916/1491/1
f 731/1502/1 785/1500/1 916/1491/1 915/1490/1
f 732/1503/1 731/1502/1 915/1490/1 909/1485/1
f 769/1504/1 768/1505/1 914/1484/1 913/1489/1
f 735/1506/1 769/1504/1 913/1489/1 912/1488/1
f 726/1507/1 735/1506/1 912/1488/1 725/1482/1
f 784/1501/1 730/1508/1 729/1487/1 917/1486/1
f 768/1505/1 732/1503/1 909/1485/1 914/1484/1
f 800/1498/1 740/1509/1 910/1479/1 919/1483/1
f 759/1496/1 726/1507/1 725/1482/1 920/1481/1
f 740/1509/1 739/1510/1 921/1480/1 910/1479/1
f 840/1511/1 839/1512/1 923/1478/1 927/1473/1
f 839/1512/1 838/1513/1 924/1475/1 923/1478/1
f 838/1513/1 837/1476/1 924/1475/1
f 897/1305/1 926/1304/1 908/1474/1 710/1466/1
f 841/1514/1 840/1511/1 927/1473/1 922/1472/1
f 803/1515/1 802/1499/1 929/1492/1 928/1516/1
f 859/1441/1 858/1445/1 957/1517/1 952/1518/1
f 902/1299/1 956/1298/1 937/1519/1 751/1363/1
f 857/1447/1 856/1364/1 955/1520/1 954/1521/1
f 858/1445/1 870/1444/1 953/1522/1 957/1517/1
f 756/1439/1 859/1441/1 952/1518/1 951/1523/1
f 753/1367/1 756/1439/1 951/1523/1 939/1524/1
f 811/1399/1 810/1368/1 949/1525/1 948/1526/1
f 933/1400/1 811/1399/1 948/1526/1 958/1527/1
f 793/1388/1 792/1372/1 947/1528/1 946/1529/1
f 758/1386/1 793/1388/1 946/1529/1 945/1530/1
f 752/1369/1 758/1386/1 945/1530/1 938/1531/1
f 777/1376/1 776/1370/1 944/1532/1 943/1533/1
f 757/1374/1 777/1376/1 943/1533/1 942/1534/1
f 723/1365/1 757/1374/1 942/1534/1 754/1535/1
f 856/1364/1 751/1363/1 937/1519/1 955/1520/1
f 765/1366/1 723/1365/1 754/1535/1 950/1536/1
f 810/1368/1 753/1367/1 939/1524/1 949/1525/1
f 776/1370/1 752/1369/1 938/1531/1 944/1532/1
f 792/1372/1 727/1371/1 755/1537/1 947/1528/1
f 952/1518/1 957/1517/1 904/1457/1 872/1455/1
f 956/1298/1 900/1297/1 713/1350/1 937/1519/1
f 954/1521/1 955/1520/1 876/1349/1 875/1461/1
f 957/1517/1 953/1522/1 873/1458/1 904/1457/1
f 951/1523/1 952/1518/1 872/1455/1 871/1453/1
f 939/1524/1 951/1523/1 871/1453/1 721/1338/1
f 948/1526/1 949/1525/1 815/1337/1 814/1406/1
f 958/1527/1 948/1526/1 814/1406/1 936/1405/1
f 946/1529/1 947/1528/1 799/922/1 798/1395/1
f 945/1530/1 946/1529/1 798/1395/1 797/1393/1
f 938/1531/1 945/1530/1 797/1393/1 717/1330/1
f 943/1533/1 944/1532/1 783/1329/1 782/1383/1
f 942/1534/1 943/1533/1 782/1383/1 781/1381/1
f 754/1535/1 942/1534/1 781/1381/1 940/1346/1
f 955/1520/1 937/1519/1 713/1350/1 876/1349/1
f 950/1536/1 754/1535/1 940/1346/1 818/1345/1
f 949/1525/1 939/1524/1 721/1338/1 815/1337/1
f 944/1532/1 938/1531/1 717/1330/1 783/1329/1
f 947/1528/1 755/1537/1 941/923/1 799/922/1
f 690/301/68 177/300/67 427/1235/242 788/1236/242
