# Blender 5.1.0
# www.blender.org
mtllib 抽牌器.mtl
o Cube.006
v 0.117344 0.972110 -2.454649
v 0.094081 0.949697 -2.838646
v 0.117344 0.972110 -2.838646
v 0.211532 0.877791 -2.454649
v 0.266101 0.956771 -2.454649
v 0.266101 0.956771 -2.838646
v 0.070819 0.927284 -2.454649
v 0.070819 0.927284 -2.838646
v 0.134612 0.817758 -2.454649
v 0.134612 0.817758 -2.838646
v -0.000000 0.917046 -2.454649
v -0.000000 0.917046 -2.838646
v -0.000000 0.796804 -2.454649
v -0.000000 0.796804 -2.838646
v 0.279289 1.043571 -2.454649
v 0.242075 1.088211 -2.454649
v 0.242075 1.088211 -2.838646
v 0.279289 1.043571 -2.838646
v 0.171429 1.084399 -2.454649
v 0.132720 1.039145 -2.454649
v 0.132720 1.039145 -2.838646
v 0.171429 1.084399 -2.838646
v 0.094081 0.949697 -2.454649
v 0.211532 0.877792 -2.838646
v -0.117344 0.972110 -2.454649
v -0.094081 0.949697 -2.838646
v -0.117344 0.972110 -2.838646
v -0.211532 0.877791 -2.454649
v -0.266101 0.956771 -2.454649
v -0.266101 0.956771 -2.838646
v -0.070819 0.927284 -2.454649
v -0.070819 0.927284 -2.838646
v -0.134612 0.817758 -2.454649
v -0.134612 0.817758 -2.838646
v -0.279289 1.043571 -2.454649
v -0.242075 1.088211 -2.454649
v -0.242075 1.088211 -2.838646
v -0.279289 1.043571 -2.838646
v -0.171429 1.084399 -2.454649
v -0.132720 1.039145 -2.454649
v -0.132720 1.039145 -2.838646
v -0.171429 1.084399 -2.838646
v -0.094081 0.949697 -2.454649
v -0.211532 0.877792 -2.838646
v 0.117344 0.972110 -2.836743
v 0.094081 0.949697 -2.452745
v 0.117344 0.972111 -2.452745
v 0.211532 0.877791 -2.836743
v 0.266101 0.956771 -2.836743
v 0.266101 0.956771 -2.452745
v 0.070819 0.927284 -2.836743
v 0.070819 0.927284 -2.452745
v 0.134612 0.817758 -2.836743
v 0.134612 0.817758 -2.452745
v -0.000000 0.917046 -2.836743
v -0.000000 0.917046 -2.452745
v -0.000000 0.796804 -2.836743
v -0.000000 0.796804 -2.452745
v 0.279289 1.043571 -2.836743
v 0.242075 1.088211 -2.836743
v 0.242075 1.088211 -2.452745
v 0.279289 1.043571 -2.452745
v 0.171429 1.084399 -2.836743
v 0.132720 1.039145 -2.836743
v 0.132720 1.039145 -2.452745
v 0.171429 1.084399 -2.452745
v 0.094081 0.949697 -2.836743
v 0.211532 0.877792 -2.452745
v -0.117344 0.972110 -2.836743
v -0.094081 0.949697 -2.452745
v -0.117344 0.972111 -2.452745
v -0.211532 0.877791 -2.836743
v -0.266101 0.956771 -2.836743
v -0.266101 0.956771 -2.452745
v -0.070819 0.927284 -2.836743
v -0.070819 0.927284 -2.452745
v -0.134612 0.817758 -2.836743
v -0.134612 0.817758 -2.452745
v -0.279289 1.043571 -2.836743
v -0.242075 1.088211 -2.836743
v -0.242075 1.088211 -2.452745
v -0.279289 1.043571 -2.452745
v -0.171429 1.084399 -2.836743
v -0.132720 1.039145 -2.836743
v -0.132720 1.039145 -2.452745
v -0.171429 1.084399 -2.452745
v -0.094081 0.949697 -2.836743
v -0.211532 0.877792 -2.452745
vn -0.6938 0.7201 -0.0000
vn -0.4396 0.8982 -0.0000
vn -0.0000 1.0000 -0.0000
vn 0.7273 -0.6863 -0.0000
vn 0.3973 -0.9177 -0.0000
vn -0.0000 -1.0000 -0.0000
vn 0.3995 0.9167 -0.0000
vn 0.9632 0.2687 -0.0000
vn 0.9295 -0.3688 -0.0000
vn -0.8704 0.4923 -0.0000
vn -0.4426 0.8967 -0.0000
vn -0.8931 0.4498 -0.0000
vn 0.6938 0.7201 -0.0000
vn 0.4396 0.8982 -0.0000
vn -0.7273 -0.6863 -0.0000
vn -0.3973 -0.9177 -0.0000
vn -0.3995 0.9167 -0.0000
vn -0.9632 0.2687 -0.0000
vn -0.9295 -0.3688 -0.0000
vn 0.8704 0.4923 -0.0000
vn 0.4426 0.8967 -0.0000
vn 0.8931 0.4498 -0.0000
vt 0.641599 0.904404
vt 0.641267 0.771309
vt 0.652506 0.771246
vt 0.652746 0.904325
vt 0.677425 0.771236
vt 0.677418 0.904205
vt 0.794771 0.436583
vt 0.793742 0.303060
vt 0.826980 0.302503
vt 0.829166 0.435561
vt 0.873813 0.300848
vt 0.876674 0.433585
vt 0.709293 0.435452
vt 0.711489 0.302607
vt 0.731308 0.303145
vt 0.729750 0.436026
vt 0.761151 0.303444
vt 0.760785 0.436554
vt 0.630442 0.904500
vt 0.630038 0.771397
vt 0.687242 0.301731
vt 0.684539 0.434509
vt 0.663852 0.433595
vt 0.666701 0.300848
vt 0.606649 0.904727
vt 0.606171 0.771693
vt 0.713237 0.904394
vt 0.702089 0.904334
vt 0.702344 0.771241
vt 0.713583 0.771325
vt 0.082990 0.810046
vt 0.048595 0.809024
vt 0.050781 0.675966
vt 0.084019 0.676523
vt 0.001087 0.807048
vt 0.003948 0.674311
vt 0.168468 0.808915
vt 0.148011 0.809489
vt 0.146453 0.676608
vt 0.166272 0.676070
vt 0.116975 0.810017
vt 0.116610 0.676907
vt 0.724393 0.904495
vt 0.724813 0.771411
vt 0.190519 0.675194
vt 0.211060 0.674311
vt 0.213908 0.807058
vt 0.193222 0.807972
vt 0.748679 0.771709
vt 0.748186 0.904727
s 1
usemtl Material
f 23/1/1 2/2/1 8/3/2 7/4/2
f 7/4/2 8/3/2 12/5/3 11/6/3
f 24/7/4 4/8/4 9/9/5 10/10/5
f 10/10/5 9/9/5 13/11/6 14/12/6
f 17/13/7 16/14/7 15/15/8 18/16/8
f 18/16/8 15/15/8 5/17/9 6/18/9
f 1/19/10 3/20/10 2/2/1 23/1/1
f 6/18/9 5/17/9 4/8/4 24/7/4
f 19/21/11 22/22/11 21/23/12 20/24/12
f 1/19/10 20/25/12 21/26/12 3/20/10
f 22/22/11 19/21/11 16/14/7 17/13/7
f 43/27/13 31/28/14 32/29/14 26/30/13
f 31/28/14 11/6/3 12/5/3 32/29/14
f 44/31/15 34/32/16 33/33/16 28/34/15
f 34/32/16 14/35/6 13/36/6 33/33/16
f 37/37/17 38/38/18 35/39/18 36/40/17
f 38/38/18 30/41/19 29/42/19 35/39/18
f 25/43/20 43/27/13 26/30/13 27/44/20
f 30/41/19 44/31/15 28/34/15 29/42/19
f 39/45/21 40/46/22 41/47/22 42/48/21
f 25/43/20 27/44/20 41/49/22 40/50/22
f 42/48/21 37/37/17 36/40/17 39/45/21
f 67/1/1 51/4/2 52/3/2 46/2/1
f 51/4/2 55/6/3 56/5/3 52/3/2
f 68/7/4 54/10/5 53/9/5 48/8/4
f 54/10/5 58/12/6 57/11/6 53/9/5
f 61/13/7 62/16/8 59/15/8 60/14/7
f 62/16/8 50/18/9 49/17/9 59/15/8
f 45/19/10 67/1/1 46/2/1 47/20/10
f 50/18/9 68/7/4 48/8/4 49/17/9
f 63/21/11 64/24/12 65/23/12 66/22/11
f 45/19/10 47/20/10 65/26/12 64/25/12
f 66/22/11 61/13/7 60/14/7 63/21/11
f 87/27/13 70/30/13 76/29/14 75/28/14
f 75/28/14 76/29/14 56/5/3 55/6/3
f 88/31/15 72/34/15 77/33/16 78/32/16
f 78/32/16 77/33/16 57/36/6 58/35/6
f 81/37/17 80/40/17 79/39/18 82/38/18
f 82/38/18 79/39/18 73/42/19 74/41/19
f 69/43/20 71/44/20 70/30/13 87/27/13
f 74/41/19 73/42/19 72/34/15 88/31/15
f 83/45/21 86/48/21 85/47/22 84/46/22
f 69/43/20 84/50/22 85/49/22 71/44/20
f 86/48/21 83/45/21 80/40/17 81/37/17
o Cylinder.007
v 0.166317 1.042808 -2.442308
v 0.166317 1.042808 -2.849083
v 0.169559 1.075723 -2.442308
v 0.169559 1.075723 -2.849083
v 0.166317 1.108639 -2.442308
v 0.166317 1.108639 -2.849083
v 0.141124 1.169459 -2.442308
v 0.141124 1.169459 -2.849083
v 0.120142 1.195026 -2.442308
v 0.120142 1.195026 -2.849083
v 0.094575 1.216009 -2.442308
v 0.094575 1.216009 -2.849083
v 0.033754 1.241201 -2.442308
v 0.033754 1.241201 -2.849083
v 0.000839 1.244443 -2.442308
v 0.000839 1.244443 -2.849083
v -0.032077 1.241201 -2.442308
v -0.032077 1.241201 -2.849083
v -0.092897 1.216009 -2.442308
v -0.092897 1.216009 -2.849083
v -0.118464 1.195026 -2.442308
v -0.118464 1.195026 -2.849083
v -0.139447 1.169459 -2.442308
v -0.139447 1.169459 -2.849083
v -0.164639 1.108639 -2.442308
v -0.164639 1.108639 -2.849083
v -0.167881 1.075723 -2.442308
v -0.167881 1.075723 -2.849083
v -0.164639 1.042808 -2.442308
v -0.164639 1.042808 -2.849083
v 0.156889 1.043736 -2.442308
v 0.156889 1.043736 -2.849083
v 0.160085 1.075723 -2.442308
v 0.160085 1.075723 -2.849083
v 0.156889 1.107710 -2.442308
v 0.156889 1.107710 -2.849083
v 0.133801 1.163449 -2.442308
v 0.133801 1.163449 -2.849083
v 0.113443 1.188328 -2.442308
v 0.113443 1.188327 -2.849083
v 0.088565 1.208686 -2.442308
v 0.088565 1.208686 -2.849083
v 0.032826 1.231773 -2.442308
v 0.032826 1.231773 -2.849083
v 0.000839 1.234970 -2.442308
v 0.000839 1.234970 -2.849083
v -0.031148 1.231773 -2.442308
v -0.031148 1.231773 -2.849083
v -0.086887 1.208686 -2.442308
v -0.086887 1.208686 -2.849083
v -0.111766 1.188328 -2.442308
v -0.111766 1.188327 -2.849083
v -0.132124 1.163449 -2.442308
v -0.132124 1.163449 -2.849083
v -0.155212 1.107710 -2.442308
v -0.155212 1.107710 -2.849083
v -0.158408 1.075723 -2.442308
v -0.158408 1.075723 -2.849083
v -0.155212 1.043736 -2.442308
v -0.155212 1.043736 -2.849083
v 0.166317 1.042808 -2.849083
v 0.166317 1.042808 -2.442308
v 0.169559 1.075723 -2.849083
v 0.169559 1.075723 -2.442308
v 0.166317 1.108639 -2.849083
v 0.166317 1.108639 -2.442308
v 0.141124 1.169459 -2.849083
v 0.141124 1.169459 -2.442308
v 0.120142 1.195026 -2.849083
v 0.120142 1.195026 -2.442308
v 0.094575 1.216009 -2.849083
v 0.094575 1.216009 -2.442308
v 0.033754 1.241201 -2.849083
v 0.033754 1.241201 -2.442308
v 0.000839 1.244443 -2.849083
v 0.000839 1.244443 -2.442308
v -0.032077 1.241201 -2.849083
v -0.032077 1.241201 -2.442308
v -0.092897 1.216009 -2.849083
v -0.092897 1.216009 -2.442308
v -0.118464 1.195026 -2.849083
v -0.118464 1.195026 -2.442308
v -0.139447 1.169459 -2.849083
v -0.139447 1.169459 -2.442308
v -0.164639 1.108639 -2.849083
v -0.164639 1.108639 -2.442308
v -0.167881 1.075723 -2.849083
v -0.167881 1.075723 -2.442308
v -0.164639 1.042808 -2.849083
v -0.164639 1.042808 -2.442308
v 0.156889 1.043736 -2.849083
v 0.156889 1.043736 -2.442308
v 0.160085 1.075723 -2.849083
v 0.160085 1.075723 -2.442308
v 0.156889 1.107710 -2.849083
v 0.156889 1.107710 -2.442308
v 0.133801 1.163449 -2.849083
v 0.133801 1.163449 -2.442308
v 0.113443 1.188327 -2.849083
v 0.113443 1.188328 -2.442308
v 0.088565 1.208686 -2.849083
v 0.088565 1.208686 -2.442308
v 0.032826 1.231773 -2.849083
v 0.032826 1.231773 -2.442308
v 0.000839 1.234970 -2.849083
v 0.000839 1.234970 -2.442308
v -0.031148 1.231773 -2.849083
v -0.031148 1.231773 -2.442308
v -0.086887 1.208686 -2.849083
v -0.086887 1.208686 -2.442308
v -0.111766 1.188327 -2.849083
v -0.111766 1.188328 -2.442308
v -0.132124 1.163449 -2.849083
v -0.132124 1.163449 -2.442308
v -0.155212 1.107710 -2.849083
v -0.155212 1.107710 -2.442308
v -0.158408 1.075723 -2.849083
v -0.158408 1.075723 -2.442308
v -0.155212 1.043736 -2.849083
v -0.155212 1.043736 -2.442308
vn 0.9952 -0.0980 -0.0000
vn 1.0000 -0.0000 -0.0000
vn 0.9952 0.0980 -0.0000
vn 0.7730 0.6344 -0.0000
vn 0.7071 0.7071 -0.0000
vn 0.6344 0.7730 -0.0000
vn 0.0980 0.9952 -0.0000
vn -0.0000 1.0000 -0.0000
vn -0.0980 0.9952 -0.0000
vn -0.6344 0.7730 -0.0000
vn -0.7071 0.7071 -0.0000
vn -0.7730 0.6344 -0.0000
vn -0.9952 0.0980 -0.0000
vn -1.0000 -0.0000 -0.0000
vn -0.9952 -0.0980 -0.0000
vn -0.9950 0.0994 -0.0000
vn -0.9950 -0.0994 -0.0000
vn -0.7739 -0.6333 -0.0000
vn -0.7071 -0.7071 -0.0000
vn -0.6333 -0.7739 -0.0000
vn -0.0994 -0.9950 -0.0000
vn -0.0000 -1.0000 -0.0000
vn 0.0994 -0.9950 -0.0000
vn 0.6333 -0.7739 -0.0000
vn 0.7071 -0.7071 -0.0000
vn 0.7739 -0.6333 -0.0000
vn 0.9950 -0.0994 -0.0000
vn 0.9950 0.0994 -0.0000
vn -0.0980 -0.9952 -0.0000
vn 0.6344 -0.7730 -0.0000
vn -0.6344 -0.7730 -0.0000
vn 0.0980 -0.9952 -0.0000
vt 0.234266 0.625817
vt 0.375201 0.625817
vt 0.375216 0.637276
vt 0.234250 0.637279
vt 0.375201 0.648738
vt 0.234266 0.648738
vt 0.278767 0.869660
vt 0.137832 0.869660
vt 0.137816 0.858201
vt 0.278782 0.858198
vt 0.137831 0.846739
vt 0.278767 0.846739
vt 0.850246 0.142006
vt 0.850246 0.001071
vt 0.861705 0.001055
vt 0.861708 0.142021
vt 0.873167 0.001070
vt 0.873167 0.142005
vt 0.319109 0.427134
vt 0.319109 0.568069
vt 0.307650 0.568085
vt 0.307647 0.427118
vt 0.296188 0.568069
vt 0.296188 0.427134
vt 0.848620 0.001070
vt 0.848620 0.142005
vt 0.837161 0.142021
vt 0.837158 0.001055
vt 0.825699 0.142006
vt 0.825699 0.001071
vt 0.108024 0.894207
vt 0.108009 0.883067
vt 0.248975 0.883070
vt 0.248960 0.894207
vt 0.108025 0.871929
vt 0.248960 0.871929
vt 0.897714 0.142006
vt 0.886574 0.142021
vt 0.886576 0.001055
vt 0.897714 0.001070
vt 0.875436 0.142006
vt 0.875436 0.001070
vt 0.901221 0.285780
vt 0.890080 0.285796
vt 0.890083 0.144829
vt 0.901221 0.144845
vt 0.878943 0.285780
vt 0.878943 0.144845
vt 0.448174 0.901221
vt 0.448159 0.890080
vt 0.589125 0.890083
vt 0.589109 0.901221
vt 0.448174 0.878943
vt 0.589109 0.878943
vt 0.901221 0.431308
vt 0.890080 0.431323
vt 0.890083 0.290357
vt 0.901221 0.290373
vt 0.878943 0.431308
vt 0.878943 0.290373
vt 0.413790 0.290373
vt 0.413790 0.431323
vt 0.410507 0.431323
vt 0.410507 0.290373
vt 0.057861 0.290373
vt 0.057861 0.431323
vt 0.054578 0.431323
vt 0.054578 0.290373
vt 0.413790 0.146599
vt 0.413790 0.287549
vt 0.410507 0.287549
vt 0.410507 0.146599
vt 0.057860 0.146597
vt 0.057860 0.287549
vt 0.054578 0.287549
vt 0.054578 0.146597
vt 0.063120 0.328947
vt 0.063120 0.469897
vt 0.059838 0.469897
vt 0.059838 0.328947
vt 0.419050 0.279853
vt 0.419050 0.420803
vt 0.415767 0.420803
vt 0.415767 0.279853
vt 0.059838 0.291056
vt 0.059838 0.150104
vt 0.063120 0.150104
vt 0.063120 0.291056
vt 0.305306 0.292809
vt 0.305306 0.151859
vt 0.308589 0.151859
vt 0.308589 0.292809
vt 0.421027 0.427817
vt 0.421027 0.286867
vt 0.424310 0.286867
vt 0.424310 0.427817
vt 0.421027 0.284042
vt 0.421027 0.143092
vt 0.424310 0.143092
vt 0.424310 0.284042
s 1
usemtl Material
f 89/51/23 90/52/23 92/53/24 91/54/24
f 91/54/24 92/53/24 94/55/25 93/56/25
f 95/57/26 96/58/26 98/59/27 97/60/27
f 97/60/27 98/59/27 100/61/28 99/62/28
f 101/63/29 102/64/29 104/65/30 103/66/30
f 103/66/30 104/65/30 106/67/31 105/68/31
f 107/69/32 108/70/32 110/71/33 109/72/33
f 109/72/33 110/71/33 112/73/34 111/74/34
f 113/75/35 114/76/35 116/77/36 115/78/36
f 115/78/36 116/77/36 118/79/37 117/80/37
f 119/81/38 121/82/36 122/83/36 120/84/38
f 121/82/36 123/85/39 124/86/39 122/83/36
f 125/87/40 127/88/41 128/89/41 126/90/40
f 127/88/41 129/91/42 130/92/42 128/89/41
f 131/93/43 133/94/44 134/95/44 132/96/43
f 133/94/44 135/97/45 136/98/45 134/95/44
f 137/99/46 139/100/47 140/101/47 138/102/46
f 139/100/47 141/103/48 142/104/48 140/101/47
f 143/105/49 145/106/24 146/107/24 144/108/49
f 145/106/24 147/109/50 148/110/50 146/107/24
f 90/111/51 89/112/51 119/113/51 120/114/51
f 93/115/31 94/116/31 124/117/31 123/118/31
f 96/119/52 95/120/52 125/121/52 126/122/52
f 99/123/34 100/124/34 130/125/34 129/126/34
f 102/127/23 101/128/23 131/129/23 132/130/23
f 105/131/37 106/132/37 136/133/37 135/134/37
f 108/135/26 107/136/26 137/137/26 138/138/26
f 111/139/53 112/140/53 142/141/53 141/142/53
f 114/143/29 113/144/29 143/145/29 144/146/29
f 117/147/54 118/148/54 148/149/54 147/150/54
f 149/51/23 151/54/24 152/53/24 150/52/23
f 151/54/24 153/56/25 154/55/25 152/53/24
f 155/57/26 157/60/27 158/59/27 156/58/26
f 157/60/27 159/62/28 160/61/28 158/59/27
f 161/63/29 163/66/30 164/65/30 162/64/29
f 163/66/30 165/68/31 166/67/31 164/65/30
f 167/69/32 169/72/33 170/71/33 168/70/32
f 169/72/33 171/74/34 172/73/34 170/71/33
f 173/75/35 175/78/36 176/77/36 174/76/35
f 175/78/36 177/80/37 178/79/37 176/77/36
f 179/81/38 180/84/38 182/83/36 181/82/36
f 181/82/36 182/83/36 184/86/39 183/85/39
f 185/87/40 186/90/40 188/89/41 187/88/41
f 187/88/41 188/89/41 190/92/42 189/91/42
f 191/93/43 192/96/43 194/95/44 193/94/44
f 193/94/44 194/95/44 196/98/45 195/97/45
f 197/99/46 198/102/46 200/101/47 199/100/47
f 199/100/47 200/101/47 202/104/48 201/103/48
f 203/105/49 204/108/49 206/107/24 205/106/24
f 205/106/24 206/107/24 208/110/50 207/109/50
f 150/111/51 180/114/51 179/113/51 149/112/51
f 153/115/31 183/118/31 184/117/31 154/116/31
f 156/119/52 186/122/52 185/121/52 155/120/52
f 159/123/34 189/126/34 190/125/34 160/124/34
f 162/127/23 192/130/23 191/129/23 161/128/23
f 165/131/37 195/134/37 196/133/37 166/132/37
f 168/135/26 198/138/26 197/137/26 167/136/26
f 171/139/53 201/142/53 202/141/53 172/140/53
f 174/143/29 204/146/29 203/145/29 173/144/29
f 177/147/54 207/150/54 208/149/54 178/148/54
o Cylinder.012
v 0.245636 1.058915 -2.471462
v 0.245636 1.058915 -2.824219
v 0.254153 1.061197 -2.471462
v 0.254153 1.061197 -2.824219
v 0.260388 1.067432 -2.471462
v 0.260388 1.067432 -2.824219
v 0.262670 1.075949 -2.471462
v 0.262670 1.075949 -2.824219
v 0.260388 1.084466 -2.471462
v 0.260388 1.084466 -2.824219
v 0.254153 1.090701 -2.471462
v 0.254153 1.090701 -2.824219
v 0.245636 1.092983 -2.471462
v 0.245636 1.092983 -2.824219
v 0.237119 1.090701 -2.471462
v 0.237119 1.090701 -2.824219
v 0.230884 1.084466 -2.471462
v 0.230884 1.084466 -2.824219
v 0.228602 1.075949 -2.471462
v 0.228602 1.075949 -2.824219
v 0.230884 1.067432 -2.471462
v 0.230884 1.067432 -2.824219
v 0.237119 1.061197 -2.471462
v 0.237119 1.061197 -2.824219
v -0.245636 1.058915 -2.471462
v -0.245636 1.058915 -2.824219
v -0.254153 1.061197 -2.471462
v -0.254153 1.061197 -2.824219
v -0.260388 1.067432 -2.471462
v -0.260388 1.067432 -2.824219
v -0.262670 1.075949 -2.471462
v -0.262670 1.075949 -2.824219
v -0.260388 1.084466 -2.471462
v -0.260388 1.084466 -2.824219
v -0.254153 1.090701 -2.471462
v -0.254153 1.090701 -2.824219
v -0.245636 1.092983 -2.471462
v -0.245636 1.092983 -2.824219
v -0.237119 1.090701 -2.471462
v -0.237119 1.090701 -2.824219
v -0.230884 1.084466 -2.471462
v -0.230884 1.084466 -2.824219
v -0.228602 1.075949 -2.471462
v -0.228602 1.075949 -2.824219
v -0.230884 1.067432 -2.471462
v -0.230884 1.067432 -2.824219
v -0.237119 1.061197 -2.471462
v -0.237119 1.061197 -2.824219
v 0.245636 1.058915 -2.819929
v 0.245636 1.058915 -2.467172
v 0.254153 1.061197 -2.819929
v 0.254153 1.061197 -2.467172
v 0.260388 1.067432 -2.819929
v 0.260388 1.067432 -2.467172
v 0.262670 1.075949 -2.819929
v 0.262670 1.075949 -2.467172
v 0.260388 1.084466 -2.819929
v 0.260388 1.084466 -2.467172
v 0.254153 1.090701 -2.819929
v 0.254153 1.090701 -2.467172
v 0.245636 1.092983 -2.819929
v 0.245636 1.092983 -2.467172
v 0.237119 1.090701 -2.819929
v 0.237119 1.090701 -2.467172
v 0.230884 1.084466 -2.819929
v 0.230884 1.084466 -2.467172
v 0.228602 1.075949 -2.819929
v 0.228602 1.075949 -2.467172
v 0.230884 1.067432 -2.819929
v 0.230884 1.067432 -2.467172
v 0.237119 1.061197 -2.819929
v 0.237119 1.061197 -2.467172
v -0.245636 1.058915 -2.819929
v -0.245636 1.058915 -2.467172
v -0.254153 1.061197 -2.819929
v -0.254153 1.061197 -2.467172
v -0.260388 1.067432 -2.819929
v -0.260388 1.067432 -2.467172
v -0.262670 1.075949 -2.819929
v -0.262670 1.075949 -2.467172
v -0.260388 1.084466 -2.819929
v -0.260388 1.084466 -2.467172
v -0.254153 1.090701 -2.819929
v -0.254153 1.090701 -2.467172
v -0.245636 1.092983 -2.819929
v -0.245636 1.092983 -2.467172
v -0.237119 1.090701 -2.819929
v -0.237119 1.090701 -2.467172
v -0.230884 1.084466 -2.819929
v -0.230884 1.084466 -2.467172
v -0.228602 1.075949 -2.819929
v -0.228602 1.075949 -2.467172
v -0.230884 1.067432 -2.819929
v -0.230884 1.067432 -2.467172
v -0.237119 1.061197 -2.819929
v -0.237119 1.061197 -2.467172
vn -0.0000 -1.0000 -0.0000
vn 0.5000 -0.8660 -0.0000
vn 0.8660 -0.5000 -0.0000
vn 1.0000 -0.0000 -0.0000
vn 0.8660 0.5000 -0.0000
vn 0.5000 0.8660 -0.0000
vn -0.0000 1.0000 -0.0000
vn -0.5000 0.8660 -0.0000
vn -0.8660 0.5000 -0.0000
vn -1.0000 -0.0000 -0.0000
vn -0.8660 -0.5000 -0.0000
vn -0.5000 -0.8660 -0.0000
vt 0.903130 0.250710
vt 0.903130 0.128503
vt 0.906186 0.128497
vt 0.906186 0.250718
vt 0.909241 0.128492
vt 0.909241 0.250723
vt 0.912296 0.128489
vt 0.912297 0.250726
vt 0.915351 0.128487
vt 0.915352 0.250728
vt 0.918406 0.128485
vt 0.918408 0.250729
vt 0.921462 0.128484
vt 0.921463 0.250729
vt 0.924517 0.128484
vt 0.924518 0.250728
vt 0.927572 0.128485
vt 0.927574 0.250726
vt 0.930628 0.128487
vt 0.930629 0.250724
vt 0.933683 0.128490
vt 0.933684 0.250721
vt 0.936739 0.128495
vt 0.936739 0.250716
vt 0.939794 0.128503
vt 0.939794 0.250710
vt 0.899624 0.002262
vt 0.902679 0.002254
vt 0.902679 0.124475
vt 0.899624 0.124469
vt 0.905735 0.002249
vt 0.905734 0.124480
vt 0.908790 0.002246
vt 0.908789 0.124483
vt 0.911846 0.002244
vt 0.911844 0.124485
vt 0.914901 0.002243
vt 0.914900 0.124487
vt 0.917956 0.002243
vt 0.917955 0.124488
vt 0.921012 0.002244
vt 0.921010 0.124488
vt 0.924067 0.002246
vt 0.924066 0.124487
vt 0.927122 0.002248
vt 0.927121 0.124485
vt 0.930177 0.002251
vt 0.930176 0.124482
vt 0.933232 0.002256
vt 0.933232 0.124477
vt 0.936288 0.002262
vt 0.936287 0.124469
s 1
usemtl Material
f 209/151/55 210/152/55 212/153/56 211/154/56
f 211/154/56 212/153/56 214/155/57 213/156/57
f 213/156/57 214/155/57 216/157/58 215/158/58
f 215/158/58 216/157/58 218/159/59 217/160/59
f 217/160/59 218/159/59 220/161/60 219/162/60
f 219/162/60 220/161/60 222/163/61 221/164/61
f 221/164/61 222/163/61 224/165/62 223/166/62
f 223/166/62 224/165/62 226/167/63 225/168/63
f 225/168/63 226/167/63 228/169/64 227/170/64
f 227/170/64 228/169/64 230/171/65 229/172/65
f 229/172/65 230/171/65 232/173/66 231/174/66
f 231/174/66 232/173/66 210/175/55 209/176/55
f 233/177/55 235/178/66 236/179/66 234/180/55
f 235/178/66 237/181/65 238/182/65 236/179/66
f 237/181/65 239/183/64 240/184/64 238/182/65
f 239/183/64 241/185/63 242/186/63 240/184/64
f 241/185/63 243/187/62 244/188/62 242/186/63
f 243/187/62 245/189/61 246/190/61 244/188/62
f 245/189/61 247/191/60 248/192/60 246/190/61
f 247/191/60 249/193/59 250/194/59 248/192/60
f 249/193/59 251/195/58 252/196/58 250/194/59
f 251/195/58 253/197/57 254/198/57 252/196/58
f 253/197/57 255/199/56 256/200/56 254/198/57
f 255/199/56 233/201/55 234/202/55 256/200/56
f 257/151/55 259/154/56 260/153/56 258/152/55
f 259/154/56 261/156/57 262/155/57 260/153/56
f 261/156/57 263/158/58 264/157/58 262/155/57
f 263/158/58 265/160/59 266/159/59 264/157/58
f 265/160/59 267/162/60 268/161/60 266/159/59
f 267/162/60 269/164/61 270/163/61 268/161/60
f 269/164/61 271/166/62 272/165/62 270/163/61
f 271/166/62 273/168/63 274/167/63 272/165/62
f 273/168/63 275/170/64 276/169/64 274/167/63
f 275/170/64 277/172/65 278/171/65 276/169/64
f 277/172/65 279/174/66 280/173/66 278/171/65
f 279/174/66 257/176/55 258/175/55 280/173/66
f 281/177/55 282/180/55 284/179/66 283/178/66
f 283/178/66 284/179/66 286/182/65 285/181/65
f 285/181/65 286/182/65 288/184/64 287/183/64
f 287/183/64 288/184/64 290/186/63 289/185/63
f 289/185/63 290/186/63 292/188/62 291/187/62
f 291/187/62 292/188/62 294/190/61 293/189/61
f 293/189/61 294/190/61 296/192/60 295/191/60
f 295/191/60 296/192/60 298/194/59 297/193/59
f 297/193/59 298/194/59 300/196/58 299/195/58
f 299/195/58 300/196/58 302/198/57 301/197/57
f 301/197/57 302/198/57 304/200/56 303/199/56
f 303/199/56 304/200/56 282/202/55 281/201/55
o Cylinder.013
v -0.000000 1.215496 -2.821565
v -0.000000 1.215496 -2.451958
v 0.069240 1.196943 -2.821565
v 0.069240 1.196943 -2.451958
v 0.119927 1.146256 -2.821565
v 0.119927 1.146256 -2.451958
v 0.138480 1.077016 -2.821565
v 0.138480 1.077016 -2.451958
v 0.119927 1.007776 -2.821565
v 0.119927 1.007776 -2.451958
v 0.069240 0.957088 -2.821565
v 0.069240 0.957088 -2.451958
v -0.000000 0.938536 -2.821565
v -0.000000 0.938536 -2.451958
v -0.069240 0.957088 -2.821565
v -0.069240 0.957088 -2.451958
v -0.119927 1.007776 -2.821565
v -0.119927 1.007776 -2.451958
v -0.138480 1.077016 -2.821565
v -0.138480 1.077016 -2.451958
v -0.119927 1.146256 -2.821565
v -0.119927 1.146256 -2.451958
v -0.069240 1.196943 -2.821565
v -0.069240 1.196943 -2.451958
v -0.000000 1.215496 -2.469826
v -0.000000 1.215496 -2.839433
v 0.069240 1.196943 -2.469826
v 0.069240 1.196943 -2.839433
v 0.119927 1.146256 -2.469826
v 0.119927 1.146256 -2.839433
v 0.138480 1.077016 -2.469826
v 0.138480 1.077016 -2.839433
v 0.119927 1.007776 -2.469826
v 0.119927 1.007776 -2.839433
v 0.069240 0.957088 -2.469826
v 0.069240 0.957088 -2.839433
v -0.000000 0.938536 -2.469826
v -0.000000 0.938536 -2.839433
v -0.069240 0.957088 -2.469826
v -0.069240 0.957088 -2.839433
v -0.119927 1.007776 -2.469826
v -0.119927 1.007776 -2.839433
v -0.138480 1.077016 -2.469826
v -0.138480 1.077016 -2.839433
v -0.119927 1.146256 -2.469826
v -0.119927 1.146256 -2.839433
v -0.069240 1.196943 -2.469826
v -0.069240 1.196943 -2.839433
vn -0.0000 1.0000 -0.0000
vn 0.5000 0.8660 -0.0000
vn 0.8660 0.5000 -0.0000
vn 1.0000 -0.0000 -0.0000
vn 0.8660 -0.5000 -0.0000
vn 0.5000 -0.8660 -0.0000
vn -0.0000 -1.0000 -0.0000
vn -0.5000 -0.8660 -0.0000
vn -0.8660 -0.5000 -0.0000
vn -1.0000 -0.0000 -0.0000
vn -0.8660 0.5000 -0.0000
vn -0.5000 0.8660 -0.0000
vt 0.795822 0.150440
vt 0.667698 0.150542
vt 0.667581 0.125683
vt 0.795699 0.125623
vt 0.667505 0.100787
vt 0.795608 0.100841
vt 0.667501 0.075866
vt 0.795579 0.076084
vt 0.667586 0.050939
vt 0.795635 0.051333
vt 0.667761 0.026029
vt 0.795784 0.026567
vt 0.668042 0.001159
vt 0.796020 0.001762
vt 0.795479 0.299822
vt 0.667501 0.299220
vt 0.667736 0.274415
vt 0.795760 0.274953
vt 0.667885 0.249649
vt 0.795934 0.250043
vt 0.667942 0.224898
vt 0.796020 0.225116
vt 0.667913 0.200141
vt 0.796016 0.200195
vt 0.667821 0.175359
vt 0.795940 0.175299
s 1
usemtl Material
f 305/203/67 306/204/67 308/205/68 307/206/68
f 307/206/68 308/205/68 310/207/69 309/208/69
f 309/208/69 310/207/69 312/209/70 311/210/70
f 311/210/70 312/209/70 314/211/71 313/212/71
f 313/212/71 314/211/71 316/213/72 315/214/72
f 315/214/72 316/213/72 318/215/73 317/216/73
f 317/217/73 318/218/73 320/219/74 319/220/74
f 319/220/74 320/219/74 322/221/75 321/222/75
f 321/222/75 322/221/75 324/223/76 323/224/76
f 323/224/76 324/223/76 326/225/77 325/226/77
f 325/226/77 326/225/77 328/227/78 327/228/78
f 327/228/78 328/227/78 306/204/67 305/203/67
f 329/203/67 331/206/68 332/205/68 330/204/67
f 331/206/68 333/208/69 334/207/69 332/205/68
f 333/208/69 335/210/70 336/209/70 334/207/69
f 335/210/70 337/212/71 338/211/71 336/209/70
f 337/212/71 339/214/72 340/213/72 338/211/71
f 339/214/72 341/216/73 342/215/73 340/213/72
f 341/217/73 343/220/74 344/219/74 342/218/73
f 343/220/74 345/222/75 346/221/75 344/219/74
f 345/222/75 347/224/76 348/223/76 346/221/75
f 347/224/76 349/226/77 350/225/77 348/223/76
f 349/226/77 351/228/78 352/227/78 350/225/77
f 351/228/78 329/203/67 330/204/67 352/227/78
o 4_low.003
v 0.000000 0.923338 -2.228213
v -0.000000 0.866119 -2.248868
v 0.081707 0.907020 -2.248868
v 0.033280 0.937123 -2.228213
v 0.110472 0.987176 -2.248868
v 0.047065 0.970403 -2.228213
v 0.074000 1.061557 -2.248868
v 0.033280 1.003683 -2.228213
v -0.000000 1.090233 -2.248868
v 0.000000 1.017468 -2.228213
v -0.071129 1.061185 -2.248868
v -0.033280 1.003683 -2.228213
v -0.112403 0.986335 -2.248868
v -0.047065 0.970403 -2.228213
v -0.080962 0.905851 -2.248868
v -0.033280 0.937123 -2.228213
v 0.177832 0.861589 -2.288858
v -0.000000 0.801869 -2.288858
v 0.174721 0.987176 -2.288858
v 0.119431 1.106988 -2.288858
v -0.000000 1.154483 -2.288858
v -0.116561 1.106616 -2.288858
v -0.176653 0.986335 -2.288858
v -0.177088 0.860419 -2.288858
v 0.096783 1.084341 -2.275600
v 0.142693 0.987176 -2.275600
v 0.104490 0.884236 -2.275600
v -0.000000 0.833898 -2.275600
v -0.103746 0.883067 -2.275600
v -0.144624 0.986335 -2.275600
v -0.093913 1.083969 -2.275600
v -0.000000 1.122455 -2.275600
v 0.177832 0.861589 -2.299823
v -0.000000 0.801869 -2.299823
v 0.174721 0.987176 -2.299823
v 0.119431 1.106988 -2.299823
v -0.000000 1.154483 -2.299823
v -0.116561 1.106616 -2.299823
v -0.176653 0.986335 -2.299823
v -0.177088 0.860419 -2.299823
v 0.016640 1.010576 -2.228213
v 0.042315 1.087961 -2.248868
v 0.065031 1.142801 -2.288858
v 0.053707 1.115463 -2.275600
v 0.065031 1.142801 -2.299823
v 0.040173 0.987043 -2.228213
v 0.102157 1.028118 -2.248868
v 0.156998 1.050834 -2.288858
v 0.129660 1.039510 -2.275600
v 0.156998 1.050834 -2.299823
v -0.016640 1.010576 -2.228213
v -0.042315 1.087961 -2.248868
v -0.065031 1.142801 -2.288858
v -0.053707 1.115463 -2.275600
v -0.065031 1.142801 -2.299823
v -0.040173 0.987043 -2.228213
v -0.102157 1.028118 -2.248868
v -0.156998 1.050834 -2.288858
v -0.129660 1.039510 -2.275600
v -0.156998 1.050834 -2.299823
v -0.040173 0.953763 -2.228213
v -0.102157 0.943488 -2.248868
v -0.182345 0.920773 -2.288858
v -0.129660 0.932097 -2.275600
v -0.182345 0.920773 -2.299823
v 0.040173 0.953763 -2.228213
v 0.102157 0.943488 -2.248868
v 0.182345 0.920773 -2.288858
v 0.129660 0.932097 -2.275600
v 0.182345 0.920773 -2.299823
v 0.000000 0.923338 -3.063179
v -0.000000 0.866119 -3.042523
v 0.081707 0.907020 -3.042523
v 0.033280 0.937123 -3.063179
v 0.110472 0.987176 -3.042523
v 0.047065 0.970403 -3.063179
v 0.074000 1.061557 -3.042523
v 0.033280 1.003683 -3.063179
v -0.000000 1.090233 -3.042523
v 0.000000 1.017468 -3.063179
v -0.071129 1.061185 -3.042523
v -0.033280 1.003683 -3.063179
v -0.112403 0.986335 -3.042523
v -0.047065 0.970403 -3.063179
v -0.080962 0.905851 -3.042523
v -0.033280 0.937123 -3.063179
v 0.177832 0.861589 -3.002533
v -0.000000 0.801869 -3.002533
v 0.174721 0.987176 -3.002533
v 0.119431 1.106988 -3.002533
v -0.000000 1.154483 -3.002533
v -0.116561 1.106616 -3.002533
v -0.176653 0.986335 -3.002533
v -0.177088 0.860419 -3.002533
v 0.096783 1.084341 -3.015791
v 0.142693 0.987176 -3.015791
v 0.104490 0.884236 -3.015791
v -0.000000 0.833898 -3.015791
v -0.103746 0.883067 -3.015791
v -0.144624 0.986335 -3.015791
v -0.093913 1.083969 -3.015791
v -0.000000 1.122455 -3.015791
v 0.177832 0.861589 -2.991569
v -0.000000 0.801869 -2.991569
v 0.174721 0.987176 -2.991569
v 0.119431 1.106988 -2.991569
v -0.000000 1.154483 -2.991569
v -0.116561 1.106616 -2.991569
v -0.176653 0.986335 -2.991569
v -0.177088 0.860419 -2.991569
v 0.016640 1.010576 -3.063179
v 0.042315 1.087961 -3.042523
v 0.065031 1.142801 -3.002533
v 0.053707 1.115463 -3.015791
v 0.065031 1.142801 -2.991569
v 0.040173 0.987043 -3.063179
v 0.102157 1.028118 -3.042523
v 0.156998 1.050834 -3.002533
v 0.129660 1.039510 -3.015791
v 0.156998 1.050834 -2.991569
v -0.016640 1.010576 -3.063179
v -0.042315 1.087961 -3.042523
v -0.065031 1.142801 -3.002533
v -0.053707 1.115463 -3.015791
v -0.065031 1.142801 -2.991569
v -0.040173 0.987043 -3.063179
v -0.102157 1.028118 -3.042523
v -0.156998 1.050834 -3.002533
v -0.129660 1.039510 -3.015791
v -0.156998 1.050834 -2.991569
v -0.040173 0.953763 -3.063179
v -0.102157 0.943488 -3.042523
v -0.182345 0.920773 -3.002533
v -0.129660 0.932097 -3.015791
v -0.182345 0.920773 -2.991569
v 0.040173 0.953763 -3.063179
v 0.102157 0.943488 -3.042523
v 0.182345 0.920773 -3.002533
v 0.129660 0.932097 -3.015791
v 0.182345 0.920773 -2.991569
vn 0.1449 0.3658 0.9193
vn 0.2791 0.2814 0.9181
vn 0.2793 0.2811 0.9181
vn 0.1462 0.3653 0.9193
vn 0.1416 -0.1647 0.9761
vn 0.0010 -0.2199 0.9755
vn 0.0021 -0.5295 0.8483
vn 0.3669 -0.3756 0.8511
vn 0.6162 -0.2298 0.7533
vn 0.6515 0.0035 0.7587
vn 0.5026 0.0073 0.8645
vn 0.4846 -0.1774 0.8566
vn 0.1308 0.0569 0.9898
vn 0.1895 -0.0078 0.9818
vn 0.4526 0.2181 0.8646
vn 0.0496 0.1204 0.9915
vn 0.1223 0.1184 0.9854
vn 0.3403 0.3455 0.8745
vn 0.1813 0.4631 0.8676
vn -0.0524 0.1200 0.9914
vn -0.0000 0.1626 0.9867
vn -0.0000 0.4779 0.8784
vn -0.1928 0.4605 0.8665
vn -0.1281 0.0613 0.9899
vn -0.1240 0.1216 0.9848
vn -0.3386 0.3453 0.8753
vn -0.4437 0.2376 0.8641
vn -0.1410 -0.1638 0.9764
vn -0.3646 -0.3775 0.8512
vn 0.1547 -0.0615 0.9860
vn -0.1861 -0.0091 0.9825
vn -0.1537 -0.0639 0.9861
vn 0.2369 -0.0363 0.9709
vn 0.3386 0.0382 0.9401
vn 0.3443 0.0453 0.9378
vn 0.2404 -0.0349 0.9700
vn 0.9998 0.0191 -0.0000
vn 0.9814 0.1917 -0.0000
vn 0.1461 -0.2115 0.9664
vn 0.0008 -0.3042 0.9526
vn 0.0005 -0.3042 0.9526
vn 0.1691 -0.1343 0.9764
vn 0.3595 0.1685 0.9178
vn 0.3610 0.1654 0.9178
vn -0.3531 0.1819 0.9177
vn -0.2798 0.2840 0.9171
vn -0.2801 0.2837 0.9171
vn -0.3560 0.1762 0.9177
vn -1.0000 -0.0001 -0.0000
vn -0.7843 -0.6203 -0.0000
vn -0.5029 0.0055 0.8643
vn -0.4794 -0.1874 0.8574
vn -0.2368 -0.0410 0.9707
vn -0.1687 -0.1349 0.9764
vn -0.1450 -0.2133 0.9662
vn -0.2390 -0.0403 0.9702
vn -0.3848 0.9230 -0.0000
vn -0.0000 1.0000 -0.0000
vn 0.9087 0.4174 -0.0000
vn 0.7891 -0.6143 -0.0000
vn 0.0023 -1.0000 -0.0000
vn -0.8954 0.4453 -0.0000
vn -0.7018 0.7124 -0.0000
vn 0.3709 0.9287 -0.0000
vn 0.7045 0.7097 -0.0000
vn -0.1514 0.3619 0.9199
vn -0.0000 0.3978 0.9175
vn -0.1511 0.3620 0.9199
vn -0.6126 -0.2425 0.7522
vn -0.4471 -0.4675 0.7626
vn 0.2387 0.6009 0.7628
vn -0.0000 0.6602 0.7511
vn -0.5800 0.2987 0.7579
vn -0.6487 0.0015 0.7610
vn 0.0017 -0.6290 0.7774
vn 0.4492 -0.4661 0.7622
vn 0.5902 0.2768 0.7583
vn 0.4640 0.4667 0.7529
vn -0.2499 0.5943 0.7644
vn -0.4655 0.4699 0.7500
vn -0.9818 0.1900 -0.0000
vn -0.3427 0.0457 0.9383
vn -0.3371 0.0374 0.9407
vn 0.1449 0.3658 -0.9193
vn 0.1462 0.3653 -0.9193
vn 0.2793 0.2811 -0.9181
vn 0.2791 0.2814 -0.9181
vn 0.1416 -0.1647 -0.9761
vn 0.3669 -0.3756 -0.8511
vn 0.0021 -0.5295 -0.8483
vn 0.0010 -0.2199 -0.9755
vn 0.6162 -0.2298 -0.7533
vn 0.4846 -0.1774 -0.8566
vn 0.5026 0.0073 -0.8645
vn 0.6515 0.0035 -0.7586
vn 0.1308 0.0569 -0.9898
vn 0.4526 0.2181 -0.8646
vn 0.1895 -0.0078 -0.9818
vn 0.0496 0.1204 -0.9915
vn 0.1813 0.4631 -0.8676
vn 0.3403 0.3455 -0.8745
vn 0.1223 0.1184 -0.9854
vn -0.0524 0.1200 -0.9914
vn -0.1928 0.4605 -0.8665
vn -0.0000 0.4779 -0.8784
vn -0.0000 0.1626 -0.9867
vn -0.1281 0.0613 -0.9899
vn -0.4437 0.2376 -0.8641
vn -0.3386 0.3453 -0.8753
vn -0.1240 0.1216 -0.9848
vn -0.3646 -0.3775 -0.8512
vn -0.1410 -0.1638 -0.9764
vn -0.1537 -0.0639 -0.9861
vn -0.1861 -0.0091 -0.9825
vn 0.1547 -0.0615 -0.9860
vn 0.2369 -0.0363 -0.9709
vn 0.2404 -0.0349 -0.9700
vn 0.3443 0.0453 -0.9378
vn 0.3386 0.0382 -0.9401
vn 0.1461 -0.2115 -0.9664
vn 0.1691 -0.1343 -0.9764
vn 0.0005 -0.3042 -0.9526
vn 0.0008 -0.3042 -0.9526
vn 0.3595 0.1685 -0.9178
vn 0.3610 0.1654 -0.9178
vn -0.3531 0.1819 -0.9177
vn -0.3560 0.1762 -0.9177
vn -0.2801 0.2837 -0.9171
vn -0.2798 0.2840 -0.9171
vn -0.4794 -0.1874 -0.8574
vn -0.5029 0.0055 -0.8643
vn -0.2368 -0.0410 -0.9707
vn -0.2390 -0.0403 -0.9702
vn -0.1450 -0.2133 -0.9662
vn -0.1687 -0.1349 -0.9764
vn -0.1514 0.3619 -0.9199
vn -0.1511 0.3620 -0.9199
vn -0.0000 0.3978 -0.9175
vn -0.4471 -0.4675 -0.7626
vn -0.6126 -0.2425 -0.7522
vn 0.2387 0.6009 -0.7628
vn -0.0000 0.6602 -0.7511
vn -0.5800 0.2987 -0.7579
vn -0.6487 0.0015 -0.7610
vn 0.0017 -0.6290 -0.7774
vn 0.4492 -0.4661 -0.7622
vn 0.5902 0.2768 -0.7583
vn 0.4640 0.4667 -0.7529
vn -0.2499 0.5943 -0.7644
vn -0.4655 0.4699 -0.7500
vn -0.3427 0.0457 -0.9383
vn -0.3371 0.0374 -0.9407
vt 0.165991 0.284947
vt 0.165605 0.264615
vt 0.176988 0.264599
vt 0.177590 0.284961
vt 0.045807 0.925676
vt 0.046395 0.937862
vt 0.027620 0.946545
vt 0.028295 0.914668
vt 0.026352 0.893520
vt 0.043281 0.880839
vt 0.049396 0.893761
vt 0.036763 0.902882
vt 0.060090 0.916410
vt 0.053971 0.916694
vt 0.063659 0.890488
vt 0.070734 0.920343
vt 0.066193 0.916189
vt 0.078478 0.894383
vt 0.091429 0.900722
vt 0.075518 0.930676
vt 0.075253 0.924525
vt 0.098558 0.913738
vt 0.103858 0.927600
vt 0.071613 0.941321
vt 0.075743 0.936818
vt 0.099871 0.940746
vt 0.093672 0.955397
vt 0.055299 0.946202
vt 0.051866 0.966594
vt 0.049882 0.921164
vt 0.067429 0.945800
vt 0.061380 0.946018
vt 0.189795 0.205496
vt 0.179575 0.223210
vt 0.167913 0.222378
vt 0.170706 0.199335
vt 0.006137 0.208934
vt 0.006066 0.232102
vt 0.002266 0.232085
vt 0.002336 0.208933
vt 0.174987 0.178591
vt 0.162917 0.140655
vt 0.171974 0.133558
vt 0.199005 0.189548
vt 0.166150 0.243452
vt 0.177208 0.243386
vt 0.166049 0.367458
vt 0.164876 0.345846
vt 0.176286 0.345925
vt 0.177095 0.367584
vt 0.001325 0.438610
vt 0.005124 0.438618
vt 0.005141 0.459594
vt 0.001341 0.459618
vt 0.081907 0.964805
vt 0.066810 0.967873
vt 0.189623 0.405787
vt 0.198885 0.422150
vt 0.174922 0.433203
vt 0.170525 0.411945
vt 0.001644 0.346745
vt 0.001773 0.323851
vt 0.005572 0.323873
vt 0.005444 0.346766
vt 0.002153 0.254980
vt 0.005953 0.255000
vt 0.002235 0.188389
vt 0.001325 0.123399
vt 0.005124 0.123342
vt 0.006034 0.188343
vt 0.001895 0.524251
vt 0.005694 0.524215
vt 0.001428 0.392441
vt 0.001527 0.368564
vt 0.005326 0.368583
vt 0.005227 0.392453
vt 0.001902 0.300957
vt 0.002027 0.278390
vt 0.005826 0.278411
vt 0.005701 0.300979
vt 0.165952 0.326265
vt 0.165097 0.305618
vt 0.176508 0.305626
vt 0.177546 0.326318
vt 0.067156 0.981874
vt 0.046210 0.979989
vt 0.100654 0.890685
vt 0.111831 0.907593
vt 0.103755 0.964815
vt 0.087784 0.977835
vt 0.014435 0.952624
vt 0.014435 0.910278
vt 0.062981 0.876722
vt 0.083474 0.880639
vt 0.117474 0.927050
vt 0.113614 0.945818
vt 0.162917 0.470734
vt 0.172006 0.477787
vt 0.001378 0.415807
vt 0.005178 0.415814
vt 0.168371 0.389008
vt 0.180013 0.388076
s 1
usemtl Material
f 396/229/79 377/230/80 372/231/81 395/232/82
f 356/233/83 353/234/84 354/235/85 355/236/86
f 421/237/87 378/238/88 357/239/89 419/240/90
f 398/241/91 358/242/92 357/239/89 399/243/93
f 393/244/94 360/245/95 359/246/96 394/247/97
f 403/248/98 362/249/99 361/250/100 404/251/101
f 408/252/102 364/253/103 363/254/104 409/255/105
f 353/234/84 368/256/106 367/257/107 354/235/85
f 356/233/83 418/258/108 358/242/92 398/241/91 360/245/95 393/244/94 362/249/99 403/248/98 364/253/103 408/252/102 366/259/109 413/260/110 368/256/106 353/234/84
f 418/258/108 356/233/83 355/236/86 419/240/90
f 420/261/111 371/262/112 378/263/113 421/264/114
f 422/265/115 387/266/116 371/267/116 420/268/115
f 379/269/117 380/270/118 370/271/119 369/272/120
f 401/273/121 378/263/113 371/262/112 400/274/122
f 411/275/123 383/276/124 374/277/125 410/278/126
f 415/279/127 417/280/127 392/281/128 376/282/128
f 413/260/110 366/259/109 365/283/129 414/284/130
f 415/285/131 376/286/132 381/287/133 416/288/134
f 405/289/135 373/290/136 389/291/136 407/292/135
f 400/293/137 371/267/116 387/266/116 402/294/137
f 369/295/138 370/296/139 386/297/139 385/298/138
f 370/299/139 376/282/128 392/281/128 386/300/139
f 410/301/140 374/302/141 390/303/141 412/304/140
f 395/305/142 372/306/143 388/307/143 397/308/142
f 406/309/144 384/310/145 373/311/145 405/312/146
f 414/284/130 416/313/147 381/314/148 367/257/107
f 396/315/149 384/316/150 361/250/100 394/247/97
f 411/317/151 382/318/152 365/283/129 409/255/105
f 367/257/107 381/314/148 380/319/153 354/235/85
f 354/235/85 380/319/153 379/320/154 355/236/86
f 401/321/155 377/322/156 359/246/96 399/243/93
f 406/323/157 383/324/158 363/254/104 404/251/101
f 380/325/118 381/287/133 376/286/132 370/326/119
f 377/322/156 396/315/149 394/247/97 359/246/96
f 373/290/136 395/305/142 397/308/142 389/291/136
f 362/249/99 393/244/94 394/247/97 361/250/100
f 384/310/145 396/229/79 395/232/82 373/311/145
f 378/238/88 401/321/155 399/243/93 357/239/89
f 372/306/143 400/293/137 402/294/137 388/307/143
f 377/230/80 401/273/121 400/274/122 372/231/81
f 360/245/95 398/241/91 399/243/93 359/246/96
f 384/316/150 406/323/157 404/251/101 361/250/100
f 383/276/124 406/309/144 405/312/146 374/277/125
f 374/302/141 405/289/135 407/292/135 390/303/141
f 364/253/103 403/248/98 404/251/101 363/254/104
f 383/324/158 411/317/151 409/255/105 363/254/104
f 375/327/159 410/301/140 412/304/140 391/328/159
f 382/329/160 411/275/123 410/278/126 375/330/161
f 366/259/109 408/252/102 409/255/105 365/283/129
f 365/283/129 382/318/152 416/313/147 414/284/130
f 375/330/161 415/285/131 416/288/134 382/329/160
f 368/256/106 413/260/110 414/284/130 367/257/107
f 375/327/159 391/328/159 417/280/127 415/279/127
f 385/298/138 422/265/115 420/268/115 369/295/138
f 369/272/120 420/261/111 421/264/114 379/269/117
f 358/242/92 418/258/108 419/240/90 357/239/89
f 379/320/154 421/237/87 419/240/90 355/236/86
f 466/229/162 465/232/163 442/231/164 447/230/165
f 426/233/166 425/236/167 424/235/168 423/234/169
f 491/237/170 489/240/171 427/239/172 448/238/173
f 468/241/174 469/243/175 427/239/172 428/242/176
f 463/244/177 464/247/178 429/246/179 430/245/180
f 473/248/181 474/251/182 431/250/183 432/249/184
f 478/252/185 479/255/186 433/254/187 434/253/188
f 423/234/169 424/235/168 437/257/189 438/256/190
f 426/233/166 423/234/169 438/256/190 483/260/191 436/259/192 478/252/185 434/253/188 473/248/181 432/249/184 463/244/177 430/245/180 468/241/174 428/242/176 488/258/193
f 488/258/193 489/240/171 425/236/167 426/233/166
f 490/261/194 491/264/195 448/263/196 441/262/197
f 492/265/115 490/268/115 441/267/116 457/266/116
f 449/269/198 439/272/199 440/271/200 450/270/201
f 471/273/202 470/274/203 441/262/197 448/263/196
f 481/275/204 480/278/205 444/277/206 453/276/207
f 485/279/127 446/282/128 462/281/128 487/280/127
f 483/260/191 484/284/208 435/283/209 436/259/192
f 485/285/210 486/288/211 451/287/212 446/286/213
f 475/289/135 477/292/135 459/291/136 443/290/136
f 470/293/137 472/294/137 457/266/116 441/267/116
f 439/295/138 455/298/138 456/297/139 440/296/139
f 440/299/139 456/300/139 462/281/128 446/282/128
f 480/301/140 482/304/140 460/303/141 444/302/141
f 465/305/142 467/308/142 458/307/143 442/306/143
f 476/309/214 475/312/215 443/311/216 454/310/216
f 484/284/208 437/257/189 451/314/217 486/313/218
f 466/315/219 464/247/178 431/250/183 454/316/220
f 481/317/221 479/255/186 435/283/209 452/318/222
f 437/257/189 424/235/168 450/319/223 451/314/217
f 424/235/168 425/236/167 449/320/224 450/319/223
f 471/321/225 469/243/175 429/246/179 447/322/226
f 476/323/227 474/251/182 433/254/187 453/324/228
f 450/325/201 440/326/200 446/286/213 451/287/212
f 447/322/226 429/246/179 464/247/178 466/315/219
f 443/290/136 459/291/136 467/308/142 465/305/142
f 432/249/184 431/250/183 464/247/178 463/244/177
f 454/310/216 443/311/216 465/232/163 466/229/162
f 448/238/173 427/239/172 469/243/175 471/321/225
f 442/306/143 458/307/143 472/294/137 470/293/137
f 447/230/165 442/231/164 470/274/203 471/273/202
f 430/245/180 429/246/179 469/243/175 468/241/174
f 454/316/220 431/250/183 474/251/182 476/323/227
f 453/276/207 444/277/206 475/312/215 476/309/214
f 444/302/141 460/303/141 477/292/135 475/289/135
f 434/253/188 433/254/187 474/251/182 473/248/181
f 453/324/228 433/254/187 479/255/186 481/317/221
f 445/327/159 461/328/159 482/304/140 480/301/140
f 452/329/229 445/330/230 480/278/205 481/275/204
f 436/259/192 435/283/209 479/255/186 478/252/185
f 435/283/209 484/284/208 486/313/218 452/318/222
f 445/330/230 452/329/229 486/288/211 485/285/210
f 438/256/190 437/257/189 484/284/208 483/260/191
f 445/327/159 485/279/127 487/280/127 461/328/159
f 455/298/138 439/295/138 490/268/115 492/265/115
f 439/272/199 449/269/198 491/264/195 490/261/194
f 428/242/176 427/239/172 489/240/171 488/258/193
f 449/320/224 425/236/167 489/240/171 491/237/170
o 3_low.003
v 0.373453 0.982949 -2.398849
v 0.350265 0.871659 -2.357891
v 0.373320 0.871658 -2.400163
v 0.323795 1.092820 -2.400285
v 0.202456 1.189074 -2.400237
v 0.000000 1.244952 -2.400072
v 0.316742 0.871595 -2.330649
v 0.250897 0.871516 -2.304833
v 0.150429 1.128666 -2.304770
v 0.071201 1.238784 -2.400128
v 0.373145 0.879982 -2.399823
v 0.129962 1.219082 -2.400223
v 0.093403 1.147461 -2.293542
v 0.000000 1.121043 -2.269164
v 0.033997 1.125225 -2.275208
v 0.067607 1.133999 -2.282521
v 0.261527 1.147865 -2.400298
v 0.226311 0.871497 -2.293722
v 0.226022 0.879693 -2.293602
v 0.159492 1.068652 -2.288256
v 0.143860 0.900912 -2.274556
v 0.130996 0.957416 -2.271276
v 0.125030 0.990808 -2.273189
v 0.144154 1.046998 -2.281655
v 0.143681 0.869373 -2.271507
v 0.199767 0.869609 -2.284390
v 0.199161 0.884478 -2.284792
v 0.143812 0.879573 -2.271519
v 0.132345 1.024691 -2.276483
v 0.171793 0.869490 -2.277621
v 0.366788 0.982074 -2.351471
v 0.382668 0.984655 -2.395363
v 0.357930 0.871509 -2.351471
v 0.382091 0.871509 -2.395363
v 0.323169 1.092257 -2.348847
v 0.331725 1.098461 -2.397986
v 0.201475 1.190297 -2.348261
v 0.207160 1.197740 -2.398573
v 0.000000 1.247318 -2.348261
v 0.000000 1.254839 -2.398572
v 0.323026 0.975251 -2.322010
v 0.321778 0.871509 -2.322010
v 0.296773 1.064167 -2.319630
v 0.191077 1.163146 -2.318800
v 0.000000 1.223055 -2.318800
v 0.251109 0.965065 -2.294094
v 0.254784 0.871509 -2.295620
v 0.233824 1.016053 -2.292865
v 0.153050 1.132546 -2.295934
v -0.000000 1.199766 -2.297381
v 0.070404 1.240966 -2.348261
v 0.073246 1.248448 -2.398573
v 0.065205 1.215260 -2.318800
v 0.055384 1.189529 -2.295613
v 0.358210 0.879705 -2.351471
v 0.382091 0.879705 -2.395363
v 0.321876 0.879705 -2.322010
v 0.254494 0.879705 -2.295500
v 0.133452 1.228307 -2.398573
v 0.129747 1.220837 -2.348261
v 0.122969 1.194692 -2.318800
v 0.000000 1.163444 -2.275756
v 0.042681 1.163756 -2.279982
v 0.095185 1.151794 -2.284708
v 0.000000 1.124717 -2.259863
v 0.035049 1.128824 -2.265938
v 0.069104 1.137836 -2.273408
v 0.258133 1.153455 -2.348261
v 0.267667 1.155567 -2.398573
v 0.239342 1.129177 -2.318800
v 0.230431 0.871509 -2.284610
v 0.197856 0.995100 -2.276895
v 0.230141 0.879705 -2.284489
v 0.162303 1.070246 -2.278793
v 0.145847 0.901492 -2.264773
v 0.132982 0.957737 -2.261480
v 0.126859 0.991531 -2.263385
v 0.146186 1.047928 -2.271908
v 0.165621 0.972132 -2.269744
v 0.145847 0.869485 -2.261744
v 0.202151 0.869901 -2.274683
v 0.201441 0.884905 -2.275065
v 0.145847 0.880131 -2.261744
v 0.149301 0.964934 -2.265612
v 0.172809 0.908011 -2.269974
v 0.134605 1.025498 -2.266775
v 0.174069 0.869693 -2.267885
v 0.173716 0.882518 -2.268076
v 0.204344 0.913686 -2.286885
v 0.198555 0.900983 -2.285240
v 0.200013 0.907379 -2.285765
v 0.200754 0.901309 -2.275491
v 0.206507 0.913878 -2.277151
v 0.194894 0.923368 -2.274899
v 0.190341 0.912184 -2.273725
v 0.202186 0.907662 -2.276016
v 0.219674 0.905771 -2.290930
v 0.208762 0.915555 -2.287869
v 0.214395 0.912793 -2.289349
v 0.212018 0.916028 -2.278397
v 0.223255 0.906008 -2.281600
v 0.226278 0.927488 -2.282819
v 0.218154 0.928919 -2.279996
v 0.217783 0.913136 -2.279937
v 0.123543 1.150059 -2.304338
v 0.098028 1.152276 -2.296913
v 0.107003 1.155927 -2.301244
v 0.100362 1.157215 -2.288510
v 0.125766 1.154775 -2.295792
v 0.116302 1.180520 -2.306774
v 0.095449 1.173406 -2.295684
v 0.109284 1.160841 -2.292822
v 0.169013 1.078909 -2.294264
v 0.167637 1.110422 -2.303908
v 0.174434 1.094413 -2.300763
v 0.170755 1.113127 -2.294818
v 0.172081 1.081124 -2.285035
v 0.197413 1.077190 -2.293624
v 0.203731 1.107404 -2.302181
v 0.177420 1.096869 -2.291558
v -0.373453 0.982949 -2.398849
v -0.350264 0.871659 -2.357891
v -0.373319 0.871658 -2.400163
v -0.323795 1.092820 -2.400285
v -0.202456 1.189074 -2.400237
v -0.316742 0.871595 -2.330649
v -0.250897 0.871516 -2.304833
v -0.150429 1.128666 -2.304770
v -0.071201 1.238784 -2.400128
v -0.373145 0.879982 -2.399823
v -0.129962 1.219082 -2.400223
v -0.093403 1.147461 -2.293542
v -0.033997 1.125225 -2.275208
v -0.067607 1.133999 -2.282521
v -0.261527 1.147865 -2.400298
v -0.226311 0.871497 -2.293722
v -0.226022 0.879693 -2.293602
v -0.159492 1.068652 -2.288256
v -0.143860 0.900912 -2.274556
v -0.130996 0.957416 -2.271276
v -0.125030 0.990808 -2.273189
v -0.144154 1.046998 -2.281655
v -0.143681 0.869373 -2.271507
v -0.199767 0.869609 -2.284390
v -0.199161 0.884478 -2.284792
v -0.143812 0.879573 -2.271519
v -0.132345 1.024691 -2.276483
v -0.171793 0.869490 -2.277621
v -0.366788 0.982074 -2.351471
v -0.382668 0.984655 -2.395363
v -0.357930 0.871509 -2.351471
v -0.382091 0.871509 -2.395363
v -0.323169 1.092257 -2.348847
v -0.331725 1.098461 -2.397986
v -0.201475 1.190297 -2.348261
v -0.207160 1.197740 -2.398572
v -0.323026 0.975251 -2.322010
v -0.321778 0.871509 -2.322010
v -0.296772 1.064167 -2.319630
v -0.191077 1.163146 -2.318800
v -0.251109 0.965065 -2.294094
v -0.254784 0.871509 -2.295620
v -0.233824 1.016053 -2.292865
v -0.153050 1.132546 -2.295934
v -0.070404 1.240966 -2.348261
v -0.073246 1.248448 -2.398573
v -0.065205 1.215260 -2.318800
v -0.055384 1.189529 -2.295613
v -0.358210 0.879705 -2.351471
v -0.382091 0.879705 -2.395363
v -0.321876 0.879705 -2.322010
v -0.254494 0.879705 -2.295500
v -0.133452 1.228307 -2.398573
v -0.129747 1.220837 -2.348261
v -0.122969 1.194692 -2.318800
v -0.042681 1.163756 -2.279982
v -0.095185 1.151794 -2.284708
v -0.035049 1.128824 -2.265938
v -0.069103 1.137836 -2.273408
v -0.258133 1.153455 -2.348261
v -0.267667 1.155567 -2.398573
v -0.239342 1.129177 -2.318800
v -0.230431 0.871509 -2.284610
v -0.197856 0.995100 -2.276895
v -0.230141 0.879705 -2.284489
v -0.162303 1.070246 -2.278793
v -0.145846 0.901492 -2.264773
v -0.132982 0.957737 -2.261480
v -0.126859 0.991531 -2.263385
v -0.146186 1.047928 -2.271908
v -0.165621 0.972131 -2.269744
v -0.145846 0.869485 -2.261744
v -0.202151 0.869901 -2.274683
v -0.201441 0.884905 -2.275065
v -0.145846 0.880131 -2.261744
v -0.149301 0.964934 -2.265612
v -0.172809 0.908011 -2.269974
v -0.134605 1.025498 -2.266775
v -0.174069 0.869693 -2.267885
v -0.173716 0.882518 -2.268076
v -0.204344 0.913686 -2.286885
v -0.198555 0.900983 -2.285240
v -0.200012 0.907379 -2.285765
v -0.200754 0.901309 -2.275491
v -0.206507 0.913878 -2.277151
v -0.194894 0.923368 -2.274899
v -0.190341 0.912184 -2.273725
v -0.202186 0.907662 -2.276016
v -0.219674 0.905771 -2.290930
v -0.208762 0.915555 -2.287869
v -0.214395 0.912793 -2.289349
v -0.212018 0.916028 -2.278397
v -0.223255 0.906008 -2.281600
v -0.226278 0.927488 -2.282819
v -0.218154 0.928919 -2.279996
v -0.217783 0.913136 -2.279937
v -0.123543 1.150059 -2.304338
v -0.098028 1.152276 -2.296913
v -0.107003 1.155927 -2.301244
v -0.100362 1.157215 -2.288510
v -0.125766 1.154775 -2.295792
v -0.116302 1.180520 -2.306773
v -0.095449 1.173406 -2.295684
v -0.109284 1.160841 -2.292822
v -0.169013 1.078909 -2.294264
v -0.167637 1.110422 -2.303908
v -0.174434 1.094413 -2.300763
v -0.170755 1.113127 -2.294818
v -0.172081 1.081124 -2.285035
v -0.197413 1.077190 -2.293624
v -0.203731 1.107404 -2.302181
v -0.177420 1.096869 -2.291558
v 0.373453 0.982949 -2.892542
v 0.350265 0.871659 -2.933501
v 0.373320 0.871658 -2.891228
v 0.323795 1.092820 -2.891107
v 0.202456 1.189074 -2.891155
v 0.000000 1.244952 -2.891320
v 0.316742 0.871595 -2.960743
v 0.250897 0.871516 -2.986558
v 0.150429 1.128665 -2.986622
v 0.071201 1.238784 -2.891263
v 0.373145 0.879982 -2.891569
v 0.129962 1.219082 -2.891168
v 0.093403 1.147460 -2.997849
v 0.000000 1.121043 -3.022228
v 0.033997 1.125225 -3.016183
v 0.067607 1.133999 -3.008871
v 0.261527 1.147865 -2.891093
v 0.226311 0.871497 -2.997669
v 0.226022 0.879693 -2.997790
v 0.159492 1.068652 -3.003135
v 0.143860 0.900912 -3.016835
v 0.130996 0.957416 -3.020116
v 0.125030 0.990808 -3.018202
v 0.144154 1.046998 -3.009736
v 0.143681 0.869373 -3.019885
v 0.199767 0.869609 -3.007001
v 0.199161 0.884477 -3.006599
v 0.143812 0.879573 -3.019872
v 0.132345 1.024691 -3.014908
v 0.171793 0.869490 -3.013771
v 0.366788 0.982074 -2.939920
v 0.382668 0.984655 -2.896029
v 0.357930 0.871509 -2.939920
v 0.382091 0.871509 -2.896029
v 0.323169 1.092257 -2.942544
v 0.331725 1.098461 -2.893405
v 0.201475 1.190297 -2.943130
v 0.207160 1.197740 -2.892819
v 0.000000 1.247318 -2.943130
v 0.000000 1.254839 -2.892819
v 0.323026 0.975251 -2.969382
v 0.321778 0.871509 -2.969382
v 0.296773 1.064167 -2.971761
v 0.191077 1.163146 -2.972591
v 0.000000 1.223055 -2.972591
v 0.251109 0.965065 -2.997297
v 0.254784 0.871509 -2.995772
v 0.233824 1.016053 -2.998527
v 0.153050 1.132546 -2.995458
v 0.000000 1.199766 -2.994010
v 0.070404 1.240966 -2.943130
v 0.073246 1.248448 -2.892819
v 0.065205 1.215260 -2.972592
v 0.055384 1.189529 -2.995779
v 0.358210 0.879705 -2.939920
v 0.382091 0.879705 -2.896029
v 0.321876 0.879705 -2.969382
v 0.254494 0.879705 -2.995892
v 0.133452 1.228307 -2.892819
v 0.129747 1.220837 -2.943130
v 0.122969 1.194692 -2.972591
v 0.000000 1.163444 -3.015635
v 0.042681 1.163756 -3.011410
v 0.095185 1.151794 -3.006684
v 0.000000 1.124717 -3.031528
v 0.035049 1.128824 -3.025453
v 0.069104 1.137836 -3.017983
v 0.258133 1.153455 -2.943130
v 0.267667 1.155567 -2.892819
v 0.239342 1.129177 -2.972592
v 0.230431 0.871509 -3.006782
v 0.197856 0.995100 -3.014497
v 0.230141 0.879705 -3.006902
v 0.162303 1.070246 -3.012599
v 0.145847 0.901492 -3.026618
v 0.132982 0.957737 -3.029911
v 0.126859 0.991531 -3.028007
v 0.146186 1.047928 -3.019483
v 0.165621 0.972131 -3.021647
v 0.145847 0.869485 -3.029647
v 0.202151 0.869901 -3.016708
v 0.201441 0.884905 -3.016326
v 0.145847 0.880131 -3.029647
v 0.149302 0.964934 -3.025779
v 0.172809 0.908011 -3.021417
v 0.134605 1.025498 -3.024616
v 0.174069 0.869693 -3.023506
v 0.173716 0.882518 -3.023315
v 0.204344 0.913686 -3.004506
v 0.198555 0.900983 -3.006151
v 0.200013 0.907379 -3.005626
v 0.200754 0.901309 -3.015901
v 0.206507 0.913878 -3.014240
v 0.194894 0.923368 -3.016492
v 0.190341 0.912184 -3.017667
v 0.202186 0.907662 -3.015375
v 0.219674 0.905771 -3.000462
v 0.208762 0.915555 -3.003522
v 0.214395 0.912793 -3.002042
v 0.212018 0.916028 -3.012994
v 0.223255 0.906008 -3.009791
v 0.226278 0.927488 -3.008573
v 0.218154 0.928919 -3.011396
v 0.217783 0.913136 -3.011454
v 0.123543 1.150059 -2.987053
v 0.098028 1.152276 -2.994479
v 0.107003 1.155927 -2.990148
v 0.100362 1.157215 -3.002882
v 0.125766 1.154775 -2.995600
v 0.116302 1.180520 -2.984618
v 0.095449 1.173406 -2.995707
v 0.109284 1.160841 -2.998569
v 0.169013 1.078909 -2.997128
v 0.167637 1.110422 -2.987484
v 0.174434 1.094413 -2.990628
v 0.170755 1.113127 -2.996573
v 0.172081 1.081124 -3.006356
v 0.197413 1.077190 -2.997767
v 0.203731 1.107404 -2.989210
v 0.177420 1.096869 -2.999834
v -0.373452 0.982949 -2.892542
v -0.350264 0.871659 -2.933501
v -0.373319 0.871658 -2.891228
v -0.323795 1.092820 -2.891107
v -0.202455 1.189074 -2.891155
v -0.316742 0.871595 -2.960743
v -0.250897 0.871516 -2.986558
v -0.150429 1.128665 -2.986622
v -0.071201 1.238784 -2.891263
v -0.373145 0.879982 -2.891569
v -0.129961 1.219082 -2.891168
v -0.093403 1.147460 -2.997849
v -0.033997 1.125225 -3.016183
v -0.067607 1.133999 -3.008871
v -0.261527 1.147865 -2.891093
v -0.226311 0.871497 -2.997669
v -0.226022 0.879693 -2.997790
v -0.159492 1.068652 -3.003135
v -0.143860 0.900912 -3.016835
v -0.130996 0.957416 -3.020116
v -0.125030 0.990808 -3.018202
v -0.144154 1.046998 -3.009736
v -0.143681 0.869373 -3.019885
v -0.199767 0.869609 -3.007001
v -0.199161 0.884478 -3.006599
v -0.143812 0.879573 -3.019872
v -0.132345 1.024691 -3.014908
v -0.171793 0.869490 -3.013771
v -0.366788 0.982074 -2.939920
v -0.382668 0.984655 -2.896029
v -0.357930 0.871509 -2.939920
v -0.382091 0.871509 -2.896029
v -0.323169 1.092257 -2.942544
v -0.331725 1.098461 -2.893405
v -0.201475 1.190297 -2.943130
v -0.207160 1.197740 -2.892819
v -0.323026 0.975251 -2.969382
v -0.321778 0.871509 -2.969382
v -0.296772 1.064167 -2.971761
v -0.191077 1.163146 -2.972591
v -0.251109 0.965065 -2.997297
v -0.254784 0.871509 -2.995772
v -0.233824 1.016053 -2.998527
v -0.153050 1.132546 -2.995458
v -0.070403 1.240966 -2.943130
v -0.073246 1.248448 -2.892819
v -0.065205 1.215260 -2.972591
v -0.055384 1.189529 -2.995779
v -0.358210 0.879705 -2.939920
v -0.382091 0.879705 -2.896029
v -0.321876 0.879705 -2.969382
v -0.254494 0.879705 -2.995892
v -0.133452 1.228307 -2.892819
v -0.129746 1.220837 -2.943130
v -0.122969 1.194692 -2.972592
v -0.042681 1.163756 -3.011410
v -0.095185 1.151794 -3.006684
v -0.035049 1.128824 -3.025453
v -0.069103 1.137836 -3.017983
v -0.258133 1.153455 -2.943130
v -0.267667 1.155567 -2.892819
v -0.239342 1.129177 -2.972591
v -0.230431 0.871509 -3.006782
v -0.197856 0.995100 -3.014497
v -0.230141 0.879705 -3.006902
v -0.162303 1.070246 -3.012599
v -0.145846 0.901492 -3.026619
v -0.132982 0.957737 -3.029911
v -0.126859 0.991531 -3.028007
v -0.146186 1.047928 -3.019483
v -0.165621 0.972131 -3.021647
v -0.145846 0.869485 -3.029647
v -0.202151 0.869901 -3.016709
v -0.201441 0.884905 -3.016326
v -0.145846 0.880131 -3.029647
v -0.149301 0.964934 -3.025779
v -0.172809 0.908011 -3.021417
v -0.134605 1.025498 -3.024616
v -0.174069 0.869693 -3.023506
v -0.173716 0.882518 -3.023315
v -0.204344 0.913686 -3.004506
v -0.198555 0.900983 -3.006151
v -0.200012 0.907379 -3.005626
v -0.200753 0.901309 -3.015901
v -0.206507 0.913878 -3.014240
v -0.194894 0.923368 -3.016492
v -0.190341 0.912184 -3.017667
v -0.202186 0.907662 -3.015375
v -0.219674 0.905771 -3.000462
v -0.208762 0.915555 -3.003522
v -0.214395 0.912793 -3.002042
v -0.212018 0.916028 -3.012994
v -0.223255 0.906008 -3.009791
v -0.226278 0.927488 -3.008573
v -0.218154 0.928919 -3.011396
v -0.217783 0.913136 -3.011454
v -0.123543 1.150059 -2.987053
v -0.098028 1.152276 -2.994479
v -0.107003 1.155927 -2.990148
v -0.100362 1.157215 -3.002882
v -0.125765 1.154775 -2.995600
v -0.116302 1.180520 -2.984618
v -0.095449 1.173406 -2.995708
v -0.109284 1.160841 -2.998569
v -0.169013 1.078909 -2.997128
v -0.167636 1.110422 -2.987484
v -0.174434 1.094413 -2.990628
v -0.170755 1.113127 -2.996573
v -0.172081 1.081124 -3.006356
v -0.197413 1.077190 -2.997767
v -0.203731 1.107404 -2.989210
v -0.177420 1.096869 -2.999834
vn 0.7710 -0.0253 0.6363
vn 0.7666 -0.0150 0.6420
vn 0.8771 -0.0149 0.4800
vn 0.8946 -0.0276 0.4460
vn 0.9216 0.1706 0.3487
vn 0.7930 0.5641 0.2299
vn 0.7054 0.4826 0.5192
vn 0.8025 0.1342 0.5814
vn 0.6140 0.7702 0.1726
vn 0.4704 0.8666 0.1664
vn 0.4260 0.7870 0.4463
vn 0.5512 0.6878 0.4724
vn 0.2045 0.9664 0.1556
vn -0.0000 0.9887 0.1499
vn -0.0000 0.9118 0.4106
vn 0.1895 0.8888 0.4172
vn 0.3625 0.3990 0.8423
vn 0.4397 0.2358 0.8666
vn 0.4939 -0.0124 0.8694
vn 0.5036 -0.0086 0.8639
vn 0.3222 0.8399 0.4367
vn 0.2585 0.6043 0.7536
vn 0.3093 0.5101 0.8026
vn 0.4857 0.0603 0.8721
vn 0.3882 -0.0007 0.9216
vn 0.3887 -0.0007 0.9214
vn 0.3247 0.1361 0.9360
vn 0.3568 0.0488 0.9329
vn -0.0000 0.7154 0.6987
vn -0.0000 0.5946 0.8040
vn 0.1437 0.5552 0.8192
vn 0.1622 0.6826 0.7126
vn 0.3490 0.9225 0.1651
vn -0.0000 0.4346 0.9006
vn 0.1177 0.4287 0.8957
vn 0.1497 0.3837 0.9112
vn 0.1782 0.4333 0.8834
vn -0.0000 0.3674 0.9301
vn 0.1053 0.3599 0.9270
vn 0.4109 0.0012 0.9117
vn 0.4120 0.0012 0.9112
vn 0.2260 0.0807 0.9708
vn 0.1829 0.0722 0.9805
vn 0.1986 0.0321 0.9795
vn 0.2099 0.0440 0.9767
vn 0.1987 0.0580 0.9784
vn 0.2102 0.0455 0.9766
vn 0.2804 0.1584 0.9467
vn 0.2033 0.0930 0.9747
vn 0.2146 0.0519 0.9753
vn 0.2715 0.0978 0.9574
vn 0.2158 0.0518 0.9751
vn 0.2276 0.0203 0.9735
vn 0.2385 0.0291 0.9707
vn 0.2288 0.0438 0.9725
vn 0.2035 0.0558 0.9775
vn 0.2165 0.0112 0.9762
vn 0.3237 -0.6952 -0.6418
vn 0.4319 0.0127 -0.9018
vn 0.4329 0.0130 -0.9014
vn 0.3207 -0.7016 -0.6363
vn -0.0102 -0.9999 -0.0085
vn -0.0101 -0.9999 -0.0085
vn 0.3388 0.0558 -0.9392
vn 0.2069 0.1290 -0.9698
vn 0.2085 0.1286 -0.9695
vn 0.3409 0.0539 -0.9385
vn 0.1173 0.1449 -0.9825
vn 0.1175 0.1449 -0.9824
vn 0.0803 0.1467 -0.9859
vn 0.0569 0.1532 -0.9866
vn 0.0570 0.1532 -0.9866
vn 0.0802 0.1467 -0.9859
vn -0.0041 -1.0000 -0.0072
vn -0.0004 -1.0000 -0.0023
vn 0.0316 0.1529 -0.9877
vn -0.0000 0.1530 -0.9882
vn 0.0317 0.1529 -0.9877
vn -0.0000 -0.9345 0.3561
vn 0.2398 -0.9107 0.3363
vn 0.2391 -0.9108 0.3364
vn 0.4245 -0.8558 0.2958
vn 0.4257 -0.8553 0.2955
vn 0.6587 -0.7217 0.2126
vn 0.6597 -0.7210 0.2121
vn -0.9056 -0.1525 0.3957
vn -0.6317 -0.7206 0.2858
vn -0.9057 -0.1520 0.3958
vn -0.9599 -0.1959 0.2004
vn -0.9738 -0.1012 0.2034
vn -0.9740 -0.1002 0.2034
vn -0.9599 -0.1962 0.2004
vn -0.9805 0.0344 0.1934
vn -0.9805 0.0343 0.1934
vn -0.7519 0.6515 0.1009
vn -0.8272 0.5458 0.1335
vn -0.8288 0.5432 0.1341
vn -0.7528 0.6504 0.1013
vn -0.9179 0.3603 0.1663
vn -0.9175 0.3613 0.1661
vn -0.6873 -0.7088 0.1590
vn 0.0101 -0.9998 0.0184
vn -0.6908 -0.7052 0.1597
vn 0.7066 -0.6910 -0.1524
vn 0.9726 0.0345 -0.2299
vn 0.9726 0.0345 -0.2298
vn 0.7052 -0.6925 -0.1520
vn -0.9786 0.0180 0.2048
vn -0.9786 0.0178 0.2049
vn 0.2152 0.0489 0.9753
vn 0.2043 0.0278 0.9785
vn 0.2056 0.0228 0.9784
vn 0.2097 0.0214 0.9775
vn 0.2139 0.0354 0.9762
vn 0.6043 -0.7875 -0.1215
vn 0.6043 -0.7874 -0.1215
vn 0.8906 -0.4140 -0.1881
vn 0.9708 -0.1009 -0.2174
vn 0.2441 0.0124 0.9697
vn 0.3008 0.0022 0.9537
vn 0.3850 0.0014 0.9229
vn 0.3619 0.0254 0.9319
vn 0.2798 0.0322 0.9595
vn -0.8254 -0.4512 0.3393
vn -0.8252 -0.4516 0.3392
vn -0.5819 -0.7764 0.2419
vn -0.5745 -0.7827 0.2394
vn -0.0424 -0.9969 0.0668
vn 0.0010 -0.9986 0.0527
vn 0.2206 0.4562 0.8621
vn 0.2862 0.4747 0.8323
vn 0.2670 0.4512 0.8516
vn 0.2516 0.5075 0.8241
vn 0.2265 0.5074 0.8314
vn -0.3925 -0.7628 0.5139
vn -0.3674 -0.7735 0.5164
vn 0.1633 -0.8737 0.4582
vn 0.1447 -0.8744 0.4632
vn 0.6340 -0.7308 0.2528
vn 0.6436 -0.7246 0.2464
vn -0.6122 -0.6413 0.4626
vn -0.6073 -0.6445 0.4646
vn 0.2573 0.3879 0.8851
vn 0.2676 0.2999 0.9157
vn 0.2973 0.2434 0.9232
vn 0.3164 0.2109 0.9249
vn 0.3000 0.2097 0.9306
vn 0.2729 0.2597 0.9263
vn -0.8224 0.5507 0.1429
vn -0.8180 0.5579 0.1402
vn -0.9509 0.0631 0.3031
vn -0.9503 0.0428 0.3084
vn -0.7924 -0.4498 0.4121
vn -0.7866 -0.4583 0.4138
vn -0.7710 -0.0253 0.6363
vn -0.8946 -0.0276 0.4460
vn -0.8771 -0.0150 0.4800
vn -0.7666 -0.0150 0.6420
vn -0.9216 0.1706 0.3487
vn -0.8025 0.1342 0.5814
vn -0.7054 0.4826 0.5192
vn -0.7930 0.5641 0.2299
vn -0.6140 0.7702 0.1726
vn -0.5512 0.6878 0.4724
vn -0.4260 0.7870 0.4463
vn -0.4704 0.8666 0.1664
vn -0.2045 0.9664 0.1556
vn -0.1895 0.8888 0.4172
vn -0.4397 0.2358 0.8666
vn -0.3625 0.3990 0.8423
vn -0.5036 -0.0086 0.8639
vn -0.4939 -0.0124 0.8694
vn -0.3222 0.8399 0.4367
vn -0.3093 0.5101 0.8026
vn -0.2585 0.6043 0.7536
vn -0.4857 0.0603 0.8721
vn -0.3887 -0.0007 0.9214
vn -0.3882 -0.0007 0.9216
vn -0.3568 0.0488 0.9329
vn -0.3247 0.1361 0.9360
vn -0.1622 0.6826 0.7126
vn -0.1437 0.5552 0.8192
vn -0.3490 0.9225 0.1651
vn -0.1177 0.4287 0.8957
vn -0.1782 0.4333 0.8834
vn -0.1497 0.3837 0.9112
vn -0.1053 0.3599 0.9270
vn -0.4120 0.0012 0.9112
vn -0.4109 0.0012 0.9117
vn -0.2260 0.0807 0.9708
vn -0.2099 0.0440 0.9767
vn -0.1986 0.0321 0.9795
vn -0.1829 0.0722 0.9805
vn -0.2102 0.0455 0.9766
vn -0.1987 0.0580 0.9784
vn -0.2804 0.1583 0.9467
vn -0.2715 0.0978 0.9574
vn -0.2146 0.0519 0.9753
vn -0.2033 0.0930 0.9747
vn -0.2158 0.0518 0.9751
vn -0.2288 0.0438 0.9725
vn -0.2385 0.0291 0.9707
vn -0.2276 0.0203 0.9735
vn -0.2035 0.0558 0.9775
vn -0.2165 0.0112 0.9762
vn -0.3237 -0.6952 -0.6418
vn -0.3207 -0.7016 -0.6363
vn -0.4329 0.0130 -0.9014
vn -0.4319 0.0127 -0.9018
vn 0.0102 -0.9999 -0.0085
vn 0.0101 -0.9999 -0.0085
vn -0.3388 0.0558 -0.9392
vn -0.3409 0.0539 -0.9385
vn -0.2085 0.1286 -0.9695
vn -0.2069 0.1290 -0.9698
vn -0.1175 0.1449 -0.9824
vn -0.1173 0.1449 -0.9825
vn -0.0803 0.1467 -0.9859
vn -0.0802 0.1467 -0.9859
vn -0.0570 0.1532 -0.9866
vn -0.0569 0.1532 -0.9866
vn 0.0041 -1.0000 -0.0072
vn 0.0004 -1.0000 -0.0023
vn -0.0316 0.1529 -0.9877
vn -0.0317 0.1529 -0.9877
vn -0.2391 -0.9108 0.3364
vn -0.2398 -0.9107 0.3363
vn -0.4257 -0.8553 0.2955
vn -0.4245 -0.8558 0.2958
vn -0.6597 -0.7210 0.2121
vn -0.6587 -0.7217 0.2126
vn 0.9056 -0.1525 0.3957
vn 0.9057 -0.1520 0.3958
vn 0.6317 -0.7206 0.2858
vn 0.9599 -0.1959 0.2004
vn 0.9599 -0.1962 0.2004
vn 0.9740 -0.1002 0.2034
vn 0.9738 -0.1012 0.2034
vn 0.9805 0.0344 0.1934
vn 0.9805 0.0343 0.1934
vn 0.7519 0.6515 0.1009
vn 0.7528 0.6504 0.1013
vn 0.8288 0.5432 0.1341
vn 0.8272 0.5458 0.1335
vn 0.9175 0.3613 0.1661
vn 0.9179 0.3603 0.1663
vn 0.6873 -0.7088 0.1590
vn 0.6908 -0.7052 0.1597
vn -0.0101 -0.9998 0.0184
vn -0.7066 -0.6910 -0.1524
vn -0.7052 -0.6925 -0.1520
vn -0.9726 0.0345 -0.2298
vn -0.9726 0.0345 -0.2299
vn 0.9786 0.0178 0.2049
vn 0.9786 0.0180 0.2048
vn -0.2152 0.0489 0.9753
vn -0.2139 0.0354 0.9762
vn -0.2097 0.0214 0.9775
vn -0.2056 0.0228 0.9784
vn -0.2043 0.0278 0.9785
vn -0.6043 -0.7875 -0.1215
vn -0.8906 -0.4140 -0.1881
vn -0.6043 -0.7874 -0.1215
vn -0.9708 -0.1009 -0.2174
vn -0.2441 0.0124 0.9697
vn -0.2798 0.0322 0.9595
vn -0.3619 0.0254 0.9319
vn -0.3850 0.0014 0.9229
vn -0.3008 0.0022 0.9537
vn 0.8254 -0.4512 0.3393
vn 0.5745 -0.7827 0.2394
vn 0.5819 -0.7764 0.2419
vn 0.8252 -0.4516 0.3392
vn -0.0010 -0.9986 0.0527
vn 0.0424 -0.9969 0.0668
vn -0.2206 0.4562 0.8621
vn -0.2265 0.5074 0.8314
vn -0.2516 0.5075 0.8241
vn -0.2670 0.4512 0.8516
vn -0.2862 0.4747 0.8323
vn 0.3925 -0.7628 0.5139
vn -0.1447 -0.8744 0.4632
vn -0.1633 -0.8737 0.4582
vn 0.3674 -0.7735 0.5164
vn -0.6436 -0.7246 0.2464
vn -0.6340 -0.7308 0.2528
vn 0.6073 -0.6445 0.4646
vn 0.6122 -0.6413 0.4626
vn -0.2573 0.3879 0.8851
vn -0.2676 0.2999 0.9157
vn -0.2729 0.2597 0.9263
vn -0.3000 0.2097 0.9306
vn -0.3164 0.2109 0.9249
vn -0.2973 0.2434 0.9232
vn 0.8224 0.5507 0.1429
vn 0.9503 0.0428 0.3084
vn 0.9509 0.0631 0.3031
vn 0.8180 0.5579 0.1402
vn 0.7866 -0.4583 0.4138
vn 0.7924 -0.4498 0.4121
vn 0.7710 -0.0253 -0.6363
vn 0.8946 -0.0276 -0.4460
vn 0.8771 -0.0149 -0.4800
vn 0.7666 -0.0150 -0.6420
vn 0.9216 0.1706 -0.3487
vn 0.8025 0.1342 -0.5814
vn 0.7054 0.4826 -0.5192
vn 0.7930 0.5641 -0.2299
vn 0.6140 0.7702 -0.1726
vn 0.5512 0.6878 -0.4724
vn 0.4260 0.7870 -0.4463
vn 0.4705 0.8666 -0.1664
vn 0.2045 0.9664 -0.1556
vn 0.1895 0.8888 -0.4172
vn -0.0000 0.9118 -0.4106
vn -0.0000 0.9887 -0.1499
vn 0.4397 0.2358 -0.8666
vn 0.3625 0.3990 -0.8423
vn 0.5036 -0.0086 -0.8639
vn 0.4939 -0.0124 -0.8694
vn 0.3222 0.8399 -0.4367
vn 0.3093 0.5101 -0.8026
vn 0.2585 0.6043 -0.7536
vn 0.4857 0.0603 -0.8721
vn 0.3887 -0.0007 -0.9214
vn 0.3882 -0.0007 -0.9216
vn 0.3568 0.0488 -0.9329
vn 0.3247 0.1361 -0.9360
vn -0.0000 0.7154 -0.6987
vn 0.1622 0.6826 -0.7126
vn 0.1437 0.5552 -0.8192
vn -0.0000 0.5946 -0.8040
vn 0.3490 0.9225 -0.1651
vn 0.1177 0.4287 -0.8957
vn -0.0000 0.4346 -0.9006
vn 0.1782 0.4333 -0.8834
vn 0.1497 0.3837 -0.9112
vn 0.1053 0.3599 -0.9270
vn -0.0000 0.3674 -0.9301
vn 0.4120 0.0012 -0.9112
vn 0.4109 0.0012 -0.9117
vn 0.2260 0.0807 -0.9708
vn 0.2099 0.0440 -0.9767
vn 0.1986 0.0321 -0.9795
vn 0.1829 0.0722 -0.9805
vn 0.2102 0.0455 -0.9766
vn 0.1987 0.0580 -0.9784
vn 0.2804 0.1584 -0.9467
vn 0.2715 0.0978 -0.9574
vn 0.2146 0.0519 -0.9753
vn 0.2033 0.0930 -0.9747
vn 0.2158 0.0518 -0.9751
vn 0.2288 0.0438 -0.9725
vn 0.2385 0.0291 -0.9707
vn 0.2276 0.0203 -0.9735
vn 0.2035 0.0558 -0.9775
vn 0.2165 0.0112 -0.9762
vn 0.3237 -0.6952 0.6418
vn 0.3207 -0.7016 0.6363
vn 0.4329 0.0130 0.9014
vn 0.4319 0.0127 0.9018
vn -0.0102 -0.9999 0.0085
vn -0.0101 -0.9999 0.0085
vn 0.3388 0.0558 0.9392
vn 0.3409 0.0539 0.9385
vn 0.2085 0.1286 0.9695
vn 0.2069 0.1290 0.9698
vn 0.1175 0.1449 0.9824
vn 0.1173 0.1449 0.9825
vn 0.0803 0.1467 0.9859
vn 0.0802 0.1467 0.9859
vn 0.0570 0.1532 0.9866
vn 0.0569 0.1532 0.9866
vn -0.0041 -1.0000 0.0072
vn -0.0004 -1.0000 0.0023
vn 0.0316 0.1529 0.9877
vn 0.0317 0.1529 0.9877
vn -0.0000 0.1530 0.9882
vn -0.0000 -0.9345 -0.3561
vn 0.2391 -0.9108 -0.3364
vn 0.2398 -0.9107 -0.3363
vn 0.4257 -0.8553 -0.2955
vn 0.4245 -0.8558 -0.2958
vn 0.6597 -0.7210 -0.2121
vn 0.6587 -0.7217 -0.2126
vn -0.9056 -0.1525 -0.3957
vn -0.9057 -0.1520 -0.3958
vn -0.6317 -0.7206 -0.2858
vn -0.9599 -0.1959 -0.2004
vn -0.9599 -0.1962 -0.2004
vn -0.9740 -0.1002 -0.2034
vn -0.9738 -0.1012 -0.2034
vn -0.9805 0.0344 -0.1934
vn -0.9805 0.0343 -0.1934
vn -0.7519 0.6515 -0.1009
vn -0.7528 0.6504 -0.1013
vn -0.8288 0.5432 -0.1341
vn -0.8272 0.5458 -0.1335
vn -0.9175 0.3613 -0.1661
vn -0.9179 0.3603 -0.1663
vn -0.6873 -0.7088 -0.1590
vn -0.6908 -0.7052 -0.1597
vn 0.0101 -0.9998 -0.0184
vn 0.7066 -0.6910 0.1524
vn 0.7052 -0.6925 0.1520
vn 0.9726 0.0345 0.2298
vn 0.9726 0.0345 0.2299
vn -0.9786 0.0178 -0.2049
vn -0.9786 0.0180 -0.2048
vn 0.2152 0.0489 -0.9753
vn 0.2139 0.0354 -0.9762
vn 0.2097 0.0214 -0.9775
vn 0.2056 0.0228 -0.9784
vn 0.2043 0.0278 -0.9785
vn 0.6043 -0.7875 0.1215
vn 0.8906 -0.4140 0.1881
vn 0.6043 -0.7874 0.1215
vn 0.9708 -0.1009 0.2174
vn 0.2441 0.0124 -0.9697
vn 0.2798 0.0322 -0.9595
vn 0.3619 0.0254 -0.9319
vn 0.3850 0.0014 -0.9229
vn 0.3008 0.0022 -0.9537
vn -0.8254 -0.4512 -0.3393
vn -0.5745 -0.7827 -0.2394
vn -0.5819 -0.7764 -0.2419
vn -0.8252 -0.4516 -0.3392
vn 0.0010 -0.9986 -0.0527
vn -0.0424 -0.9969 -0.0668
vn 0.2206 0.4562 -0.8621
vn 0.2265 0.5074 -0.8314
vn 0.2516 0.5075 -0.8241
vn 0.2670 0.4512 -0.8516
vn 0.2862 0.4747 -0.8323
vn -0.3925 -0.7628 -0.5139
vn 0.1447 -0.8744 -0.4632
vn 0.1633 -0.8737 -0.4582
vn -0.3674 -0.7735 -0.5164
vn 0.6436 -0.7246 -0.2464
vn 0.6340 -0.7308 -0.2528
vn -0.6073 -0.6445 -0.4646
vn -0.6122 -0.6413 -0.4626
vn 0.2573 0.3879 -0.8851
vn 0.2676 0.2999 -0.9157
vn 0.2729 0.2597 -0.9263
vn 0.3000 0.2097 -0.9306
vn 0.3164 0.2109 -0.9249
vn 0.2973 0.2434 -0.9232
vn -0.8224 0.5507 -0.1429
vn -0.9503 0.0428 -0.3084
vn -0.9509 0.0631 -0.3031
vn -0.8180 0.5579 -0.1402
vn -0.7866 -0.4583 -0.4138
vn -0.7924 -0.4498 -0.4121
vn -0.7710 -0.0253 -0.6363
vn -0.7666 -0.0150 -0.6420
vn -0.8771 -0.0149 -0.4800
vn -0.8946 -0.0276 -0.4460
vn -0.9216 0.1706 -0.3487
vn -0.7930 0.5641 -0.2299
vn -0.7054 0.4826 -0.5192
vn -0.8025 0.1342 -0.5814
vn -0.6140 0.7702 -0.1726
vn -0.4705 0.8666 -0.1664
vn -0.4260 0.7870 -0.4463
vn -0.5512 0.6878 -0.4724
vn -0.2045 0.9664 -0.1556
vn -0.1895 0.8888 -0.4172
vn -0.3625 0.3990 -0.8423
vn -0.4397 0.2358 -0.8666
vn -0.4939 -0.0124 -0.8694
vn -0.5036 -0.0086 -0.8639
vn -0.3222 0.8399 -0.4367
vn -0.2585 0.6043 -0.7536
vn -0.3093 0.5101 -0.8026
vn -0.4857 0.0603 -0.8721
vn -0.3882 -0.0007 -0.9216
vn -0.3887 -0.0007 -0.9214
vn -0.3247 0.1361 -0.9360
vn -0.3568 0.0488 -0.9329
vn -0.1437 0.5552 -0.8192
vn -0.1622 0.6826 -0.7126
vn -0.3490 0.9225 -0.1651
vn -0.1177 0.4287 -0.8957
vn -0.1497 0.3837 -0.9112
vn -0.1782 0.4333 -0.8834
vn -0.1053 0.3599 -0.9270
vn -0.4109 0.0012 -0.9117
vn -0.4120 0.0012 -0.9112
vn -0.2260 0.0807 -0.9708
vn -0.1829 0.0722 -0.9805
vn -0.1986 0.0321 -0.9795
vn -0.2099 0.0440 -0.9767
vn -0.1987 0.0580 -0.9784
vn -0.2102 0.0455 -0.9766
vn -0.2804 0.1583 -0.9467
vn -0.2033 0.0930 -0.9747
vn -0.2146 0.0519 -0.9753
vn -0.2715 0.0978 -0.9574
vn -0.2158 0.0518 -0.9751
vn -0.2276 0.0203 -0.9735
vn -0.2385 0.0291 -0.9707
vn -0.2288 0.0438 -0.9725
vn -0.2035 0.0558 -0.9775
vn -0.2165 0.0112 -0.9762
vn -0.3237 -0.6952 0.6418
vn -0.4319 0.0127 0.9018
vn -0.4329 0.0130 0.9014
vn -0.3207 -0.7016 0.6363
vn 0.0102 -0.9999 0.0085
vn 0.0101 -0.9999 0.0085
vn -0.3388 0.0558 0.9392
vn -0.2069 0.1290 0.9698
vn -0.2085 0.1286 0.9695
vn -0.3409 0.0539 0.9385
vn -0.1173 0.1449 0.9825
vn -0.1175 0.1449 0.9824
vn -0.0803 0.1467 0.9859
vn -0.0569 0.1532 0.9866
vn -0.0570 0.1532 0.9866
vn -0.0802 0.1467 0.9859
vn 0.0041 -1.0000 0.0072
vn 0.0004 -1.0000 0.0023
vn -0.0316 0.1529 0.9877
vn -0.0317 0.1529 0.9877
vn -0.2398 -0.9107 -0.3363
vn -0.2391 -0.9108 -0.3364
vn -0.4245 -0.8558 -0.2958
vn -0.4257 -0.8553 -0.2955
vn -0.6587 -0.7217 -0.2126
vn -0.6597 -0.7210 -0.2121
vn 0.9056 -0.1525 -0.3957
vn 0.6317 -0.7206 -0.2858
vn 0.9057 -0.1520 -0.3958
vn 0.9599 -0.1959 -0.2004
vn 0.9738 -0.1012 -0.2034
vn 0.9740 -0.1002 -0.2034
vn 0.9599 -0.1962 -0.2004
vn 0.9805 0.0344 -0.1934
vn 0.9805 0.0343 -0.1934
vn 0.7519 0.6515 -0.1009
vn 0.8272 0.5458 -0.1335
vn 0.8288 0.5432 -0.1341
vn 0.7528 0.6504 -0.1013
vn 0.9179 0.3603 -0.1663
vn 0.9175 0.3613 -0.1661
vn 0.6873 -0.7088 -0.1590
vn -0.0101 -0.9998 -0.0184
vn 0.6908 -0.7052 -0.1597
vn -0.7066 -0.6910 0.1524
vn -0.9726 0.0345 0.2299
vn -0.9726 0.0345 0.2298
vn -0.7052 -0.6925 0.1520
vn 0.9786 0.0180 -0.2048
vn 0.9786 0.0178 -0.2049
vn -0.2152 0.0489 -0.9753
vn -0.2043 0.0277 -0.9785
vn -0.2056 0.0228 -0.9784
vn -0.2097 0.0214 -0.9775
vn -0.2139 0.0354 -0.9762
vn -0.6043 -0.7875 0.1215
vn -0.6043 -0.7874 0.1215
vn -0.8906 -0.4140 0.1881
vn -0.9708 -0.1009 0.2174
vn -0.2441 0.0124 -0.9697
vn -0.3008 0.0022 -0.9537
vn -0.3850 0.0014 -0.9229
vn -0.3619 0.0254 -0.9319
vn -0.2798 0.0322 -0.9595
vn 0.8254 -0.4512 -0.3393
vn 0.8252 -0.4516 -0.3392
vn 0.5819 -0.7764 -0.2419
vn 0.5745 -0.7827 -0.2394
vn 0.0424 -0.9969 -0.0668
vn -0.0010 -0.9986 -0.0527
vn -0.2206 0.4562 -0.8621
vn -0.2862 0.4747 -0.8323
vn -0.2670 0.4512 -0.8516
vn -0.2516 0.5075 -0.8241
vn -0.2265 0.5074 -0.8314
vn 0.3925 -0.7628 -0.5139
vn 0.3674 -0.7735 -0.5164
vn -0.1633 -0.8737 -0.4582
vn -0.1447 -0.8744 -0.4632
vn -0.6340 -0.7308 -0.2528
vn -0.6436 -0.7246 -0.2464
vn 0.6122 -0.6413 -0.4626
vn 0.6073 -0.6445 -0.4646
vn -0.2573 0.3879 -0.8851
vn -0.2676 0.2999 -0.9157
vn -0.2973 0.2434 -0.9232
vn -0.3164 0.2109 -0.9249
vn -0.3000 0.2097 -0.9306
vn -0.2729 0.2597 -0.9263
vn 0.8224 0.5507 -0.1429
vn 0.8180 0.5579 -0.1402
vn 0.9509 0.0631 -0.3031
vn 0.9503 0.0428 -0.3084
vn 0.7924 -0.4498 -0.4121
vn 0.7866 -0.4583 -0.4138
vt 0.956785 0.430199
vt 0.956912 0.427363
vt 0.974861 0.428177
vt 0.974536 0.430972
vt 0.974861 0.466501
vt 0.967318 0.506798
vt 0.950808 0.502061
vt 0.958919 0.464622
vt 0.956406 0.532959
vt 0.946856 0.555811
vt 0.929834 0.549171
vt 0.939082 0.528491
vt 0.873672 0.204980
vt 0.873614 0.227732
vt 0.856412 0.227732
vt 0.856222 0.204999
vt 0.925635 0.521830
vt 0.936514 0.494487
vt 0.939719 0.430876
vt 0.939604 0.428048
vt 0.856077 0.184565
vt 0.842018 0.183615
vt 0.844475 0.157395
vt 0.858729 0.158393
vt 0.940874 0.463445
vt 0.913666 0.433587
vt 0.913794 0.430734
vt 0.911142 0.482801
vt 0.913896 0.463427
vt 0.843338 0.227732
vt 0.832923 0.227732
vt 0.830899 0.207414
vt 0.842820 0.204986
vt 0.873861 0.185343
vt 0.876674 0.159336
vt 0.818865 0.227732
vt 0.820228 0.211535
vt 0.812407 0.200913
vt 0.820097 0.190864
vt 0.804596 0.227732
vt 0.807095 0.214114
vt 0.917194 0.539885
vt 0.904532 0.433541
vt 0.904894 0.430683
vt 0.877947 0.493680
vt 0.872976 0.482738
vt 0.872617 0.471393
vt 0.878744 0.472026
vt 0.871407 0.452979
vt 0.881197 0.450840
vt 0.890817 0.507778
vt 0.883570 0.500708
vt 0.884769 0.472867
vt 0.897157 0.478090
vt 0.876419 0.443197
vt 0.873736 0.439666
vt 0.881718 0.434085
vt 0.884951 0.438423
vt 0.867408 0.447660
vt 0.865311 0.444737
vt 0.020605 0.264832
vt 0.020620 0.261526
vt 0.024016 0.262040
vt 0.024056 0.264591
vt 0.023086 0.281584
vt 0.026562 0.281388
vt 0.027252 0.226331
vt 0.027073 0.184477
vt 0.030501 0.184219
vt 0.030684 0.226722
vt 0.022461 0.155827
vt 0.025883 0.155427
vt 0.014413 0.276497
vt 0.016010 0.249305
vt 0.019459 0.249492
vt 0.017838 0.277029
vt 0.023028 0.296913
vt 0.026465 0.297002
vt 0.020285 0.321381
vt 0.023736 0.321561
vt 0.017568 0.227695
vt 0.017481 0.202695
vt 0.020920 0.202695
vt 0.021040 0.227819
vt 0.028956 0.413141
vt 0.029807 0.425303
vt 0.026358 0.425358
vt 0.025477 0.413141
vt 0.029642 0.437704
vt 0.026164 0.437729
vt 0.029757 0.448576
vt 0.026315 0.448604
vt 0.019399 0.130955
vt 0.022785 0.130214
vt 0.020338 0.333658
vt 0.020290 0.330797
vt 0.023758 0.330760
vt 0.023799 0.333582
vt 0.020853 0.417220
vt 0.019904 0.397128
vt 0.023369 0.397197
vt 0.024320 0.417189
vt 0.020415 0.429027
vt 0.023873 0.429054
vt 0.020910 0.459704
vt 0.020685 0.450143
vt 0.024131 0.449980
vt 0.024396 0.459710
vt 0.020668 0.441136
vt 0.024142 0.441130
vt 0.020483 0.386141
vt 0.020467 0.376144
vt 0.023936 0.376116
vt 0.023940 0.386094
vt 0.020385 0.366151
vt 0.020337 0.360978
vt 0.023802 0.360935
vt 0.023846 0.366126
vt 0.020613 0.389701
vt 0.024080 0.389752
vt 0.888621 0.443783
vt 0.890614 0.446064
vt 0.893727 0.447855
vt 0.890765 0.452588
vt 0.887493 0.449341
vt 0.020443 0.350226
vt 0.023877 0.350396
vt 0.023816 0.353013
vt 0.020353 0.352940
vt 0.023798 0.355259
vt 0.020328 0.355239
vt 0.896428 0.448016
vt 0.899138 0.446431
vt 0.901503 0.443418
vt 0.902808 0.451294
vt 0.899636 0.452309
vt 0.020570 0.343042
vt 0.024047 0.343009
vt 0.024043 0.346108
vt 0.020580 0.346205
vt 0.024006 0.348351
vt 0.020543 0.348495
vt 0.822904 0.188734
vt 0.825968 0.184431
vt 0.827597 0.176533
vt 0.834952 0.184070
vt 0.828712 0.191194
vt 0.029662 0.461459
vt 0.026242 0.460939
vt 0.026172 0.454937
vt 0.029683 0.455091
vt 0.026271 0.451410
vt 0.029734 0.451271
vt 0.029075 0.473404
vt 0.025638 0.473039
vt 0.826775 0.163555
vt 0.900583 0.525566
vt 0.899604 0.518006
vt 0.895418 0.511460
vt 0.904095 0.508401
vt 0.910274 0.518517
vt 0.020637 0.465093
vt 0.024084 0.465089
vt 0.023933 0.471219
vt 0.020487 0.471263
vt 0.023660 0.477441
vt 0.020192 0.477341
vt 0.019399 0.485965
vt 0.022806 0.486554
vt 0.898820 0.534955
vt 0.281989 0.873796
vt 0.264238 0.874569
vt 0.263913 0.871774
vt 0.281861 0.870960
vt 0.263913 0.910098
vt 0.279855 0.908219
vt 0.287966 0.945657
vt 0.271456 0.950395
vt 0.282368 0.976556
vt 0.299692 0.972088
vt 0.308940 0.992768
vt 0.291918 0.999408
vt 0.873672 0.250483
vt 0.856222 0.250465
vt 0.302260 0.938083
vt 0.313138 0.965427
vt 0.299170 0.871645
vt 0.299055 0.874473
vt 0.856077 0.270899
vt 0.858729 0.297071
vt 0.844475 0.298069
vt 0.842018 0.271849
vt 0.297900 0.907042
vt 0.324980 0.874331
vt 0.325108 0.877184
vt 0.324878 0.907023
vt 0.327632 0.926398
vt 0.842820 0.250478
vt 0.830899 0.248050
vt 0.873861 0.270121
vt 0.876674 0.296128
vt 0.820228 0.243929
vt 0.820097 0.264600
vt 0.812407 0.254551
vt 0.807095 0.241350
vt 0.321580 0.983481
vt 0.333880 0.874280
vt 0.334242 0.877137
vt 0.360827 0.937277
vt 0.360030 0.915623
vt 0.366157 0.914990
vt 0.365798 0.926335
vt 0.357577 0.894437
vt 0.367367 0.896576
vt 0.347957 0.951375
vt 0.341617 0.921687
vt 0.354005 0.916464
vt 0.355204 0.944305
vt 0.362355 0.886793
vt 0.353823 0.882020
vt 0.357055 0.877682
vt 0.365038 0.883263
vt 0.371366 0.891257
vt 0.373463 0.888334
vt 0.008331 0.346676
vt 0.011783 0.346917
vt 0.011742 0.349468
vt 0.008346 0.349982
vt 0.010813 0.329924
vt 0.014289 0.330120
vt 0.014979 0.385177
vt 0.018410 0.384786
vt 0.018228 0.427289
vt 0.014800 0.427031
vt 0.013610 0.456081
vt 0.010188 0.455681
vt 0.014413 0.128892
vt 0.017838 0.128360
vt 0.019459 0.155897
vt 0.016010 0.156084
vt 0.010754 0.314595
vt 0.014192 0.314506
vt 0.008012 0.290127
vt 0.011462 0.289947
vt 0.017568 0.177694
vt 0.021040 0.177571
vt 0.026358 0.400924
vt 0.029807 0.400979
vt 0.026164 0.388553
vt 0.029642 0.388577
vt 0.026315 0.377678
vt 0.029757 0.377705
vt 0.010512 0.481294
vt 0.007125 0.480553
vt 0.008064 0.277850
vt 0.011525 0.277926
vt 0.011485 0.280748
vt 0.008016 0.280711
vt 0.008580 0.194288
vt 0.012047 0.194319
vt 0.011096 0.214311
vt 0.007631 0.214380
vt 0.008141 0.182481
vt 0.011600 0.182454
vt 0.008637 0.151804
vt 0.012123 0.151798
vt 0.011857 0.161527
vt 0.008412 0.161365
vt 0.011869 0.170378
vt 0.008395 0.170372
vt 0.008210 0.225367
vt 0.011667 0.225414
vt 0.011663 0.235392
vt 0.008194 0.235364
vt 0.008112 0.245357
vt 0.011573 0.245382
vt 0.011528 0.250573
vt 0.008064 0.250530
vt 0.011807 0.221756
vt 0.008340 0.221807
vt 0.350153 0.887380
vt 0.351281 0.892938
vt 0.348009 0.896185
vt 0.345047 0.891451
vt 0.348160 0.889661
vt 0.008170 0.261282
vt 0.008079 0.258568
vt 0.011543 0.258495
vt 0.011603 0.261112
vt 0.008054 0.256269
vt 0.011524 0.256249
vt 0.342345 0.891613
vt 0.339138 0.895906
vt 0.335966 0.894891
vt 0.337271 0.887015
vt 0.339636 0.890027
vt 0.008297 0.268466
vt 0.008307 0.265303
vt 0.011770 0.265400
vt 0.011774 0.268499
vt 0.008269 0.263013
vt 0.011733 0.263157
vt 0.822904 0.266730
vt 0.828712 0.264270
vt 0.834952 0.271394
vt 0.827597 0.278931
vt 0.825968 0.271033
vt 0.029662 0.364823
vt 0.029683 0.371191
vt 0.026172 0.371345
vt 0.026242 0.365343
vt 0.029734 0.375011
vt 0.026271 0.374872
vt 0.025638 0.353243
vt 0.029075 0.352878
vt 0.826775 0.291909
vt 0.338191 0.969163
vt 0.328499 0.962113
vt 0.334679 0.951998
vt 0.343356 0.955057
vt 0.339169 0.961603
vt 0.008364 0.146415
vt 0.008214 0.140245
vt 0.011660 0.140288
vt 0.011811 0.146419
vt 0.007918 0.134167
vt 0.011386 0.134067
vt 0.007125 0.125543
vt 0.010532 0.124954
vt 0.339954 0.978552
s 1
usemtl Material
f 547/331/231 525/332/232 526/333/233 548/334/234
f 524/335/235 528/336/236 527/337/237 523/338/238
f 561/339/239 530/340/240 529/341/241 560/342/242
f 544/343/243 532/344/244 531/345/245 543/346/246
f 560/342/242 562/347/247 535/348/248 527/337/237
f 547/331/231 549/349/249 534/350/250 525/332/232
f 552/351/251 553/352/252 536/353/253 529/354/241
f 527/337/237 535/348/248 533/355/254 523/338/238
f 549/349/249 550/356/255 539/357/256 534/350/250
f 535/348/248 540/358/257 538/359/258 533/355/254
f 537/360/259 542/361/260 546/362/261 545/363/262
f 531/345/245 537/360/259 545/363/262 543/346/246
f 551/364/263 544/343/243 543/346/246 552/351/251
f 533/355/254 538/359/258 550/356/255 549/349/249
f 523/338/238 533/355/254 549/349/249 547/331/231
f 523/338/238 547/331/231 548/334/234 524/335/235
f 530/365/240 551/364/263 552/351/251 529/354/241
f 543/346/246 545/363/262 553/352/252 552/351/251
f 542/361/260 554/366/264 555/367/265 546/362/261
f 555/367/265 559/368/266 556/369/267
f 554/366/264 557/370/268 558/371/269 555/367/265
f 558/371/269 559/368/266 555/367/265
f 529/341/241 536/372/253 562/347/247 560/342/242
f 528/336/236 561/339/239 560/342/242 527/337/237
f 550/356/255 565/373/270 563/374/271 539/357/256
f 578/375/272 569/376/273 568/377/274 576/378/275
f 576/378/275 568/377/274 567/379/276 577/380/277
f 566/381/278 570/382/279 571/383/280 564/384/281
f 580/385/282 579/386/283 573/387/284 574/388/285
f 567/379/276 575/389/286 580/385/282 577/380/277
f 575/389/286 572/390/287 579/386/283 580/385/282
f 570/382/279 578/375/272 576/378/275 571/383/280
f 495/391/288 503/392/289 548/393/290 526/394/291
f 494/395/292 495/391/288 526/394/291 525/396/293
f 493/397/294 496/398/295 528/399/296 524/400/297
f 496/398/295 509/401/298 561/402/299 528/399/296
f 497/403/300 504/404/301 551/405/302 530/406/303
f 499/407/304 494/395/292 525/396/293 534/408/304
f 500/409/305 499/407/304 534/408/304 539/410/305
f 502/411/306 498/412/307 532/413/307 544/414/308
f 503/392/289 493/397/294 524/400/297 548/393/290
f 504/404/301 502/411/306 544/414/308 551/405/302
f 506/415/309 507/416/310 558/417/311 557/418/309
f 507/416/310 508/419/312 559/420/313 558/417/311
f 508/419/312 505/421/314 556/422/315 559/420/313
f 509/401/298 497/423/300 530/424/303 561/402/299
f 511/425/316 510/426/317 563/427/317 565/428/318
f 510/426/317 500/409/305 539/410/305 563/427/317
f 514/429/319 513/430/320 567/431/321 568/432/322
f 515/433/323 514/429/319 568/432/322 569/434/324
f 512/435/325 516/436/326 570/437/327 566/438/328
f 516/436/326 521/439/329 578/440/330 570/437/327
f 517/441/331 522/442/332 579/443/332 572/444/333
f 518/445/334 519/446/335 574/447/336 573/448/337
f 513/430/320 520/449/338 575/450/339 567/431/321
f 520/449/338 517/441/331 572/444/333 575/450/339
f 521/439/329 515/433/323 569/434/324 578/440/330
f 522/442/332 518/445/334 573/448/337 579/443/332
f 584/451/340 588/452/341 585/453/342 586/454/343 587/455/344
f 581/456/345 585/457/346 588/458/347 583/459/347
f 583/459/347 588/458/347 584/460/348 582/461/348
f 519/446/335 582/461/348 584/460/348 574/447/336
f 571/383/280 576/378/275 577/380/277 587/455/344 586/454/343
f 577/380/277 580/385/282 574/388/285 584/451/340 587/455/344
f 592/462/349 596/463/350 593/464/351 594/465/352 595/466/353
f 589/467/354 593/468/355 596/469/356 591/470/357
f 591/470/357 596/469/356 592/471/358 590/472/359
f 589/467/354 511/425/316 565/428/318 593/468/355
f 581/456/345 590/472/359 592/471/358 585/457/346
f 538/359/258 594/465/352 593/464/351 565/373/270 550/356/255
f 564/384/281 571/383/280 586/454/343 585/453/342 592/462/349 595/466/353
f 540/358/257 564/384/281 595/466/353 594/465/352 538/359/258
f 600/473/360 604/474/361 601/475/362 602/476/363 603/477/364
f 597/478/365 601/479/366 604/480/367 599/481/368
f 599/481/368 604/480/367 600/482/369 598/483/370
f 597/478/365 501/484/371 541/485/372 601/479/366
f 505/421/314 598/483/370 600/482/369 556/422/315
f 546/362/261 555/367/265 556/369/267 600/473/360 603/477/364
f 553/352/252 602/476/363 601/475/362 541/486/373 536/353/253
f 545/363/262 546/362/261 603/477/364 602/476/363 553/352/252
f 608/487/374 612/488/375 609/489/376 610/490/377 611/491/378
f 605/492/379 609/493/380 612/494/381 607/495/382
f 607/495/382 612/494/381 608/496/383 606/497/384
f 501/498/371 606/497/384 608/496/383 541/499/372
f 605/492/379 512/435/325 566/438/328 609/493/380
f 562/347/247 611/491/378 610/490/377 540/358/257 535/348/248
f 536/372/253 541/500/373 608/487/374 611/491/378 562/347/247
f 610/490/377 609/489/376 566/381/278 564/384/281 540/358/257
f 661/501/385 662/502/386 644/503/387 643/504/388
f 642/505/389 641/506/390 645/507/391 646/508/392
f 673/509/393 672/510/394 647/511/395 648/512/396
f 658/513/397 657/514/398 531/345/245 532/344/244
f 672/510/394 645/507/391 651/515/399 674/516/400
f 661/501/385 643/504/388 650/517/401 663/518/402
f 666/519/403 647/520/395 652/521/404 667/522/405
f 645/507/391 641/506/390 649/523/406 651/515/399
f 663/518/402 650/517/401 654/524/407 664/525/408
f 651/515/399 649/523/406 653/526/409 655/527/410
f 537/360/259 659/528/411 660/529/412 542/361/260
f 531/345/245 657/514/398 659/528/411 537/360/259
f 665/530/413 666/519/403 657/514/398 658/513/397
f 649/523/406 663/518/402 664/525/408 653/526/409
f 641/506/390 661/501/385 663/518/402 649/523/406
f 641/506/390 642/505/389 662/502/386 661/501/385
f 648/531/396 647/520/395 666/519/403 665/530/413
f 657/514/398 666/519/403 667/522/405 659/528/411
f 542/361/260 660/529/412 668/532/414 554/366/264
f 668/532/414 669/533/415 671/534/416
f 554/366/264 668/532/414 670/535/417 557/370/268
f 670/535/417 668/532/414 671/534/416
f 647/511/395 672/510/394 674/516/400 652/536/404
f 646/508/392 645/507/391 672/510/394 673/509/393
f 664/525/408 654/524/407 675/537/418 677/538/419
f 690/539/420 688/540/421 680/541/422 681/542/423
f 688/540/421 689/543/424 679/544/425 680/541/422
f 678/545/426 676/546/427 683/547/428 682/548/429
f 692/549/430 686/550/431 685/551/432 691/552/433
f 679/544/425 689/543/424 692/549/430 687/553/434
f 687/553/434 692/549/430 691/552/433 684/554/435
f 682/548/429 683/547/428 688/540/421 690/539/420
f 615/555/436 644/556/437 662/557/438 622/558/439
f 614/559/440 643/560/441 644/556/437 615/555/436
f 613/561/442 642/562/443 646/563/444 616/564/445
f 616/564/445 646/563/444 673/565/446 627/566/447
f 617/567/448 648/568/449 665/569/450 623/570/451
f 618/571/452 650/572/452 643/560/441 614/559/440
f 619/573/453 654/574/453 650/572/452 618/571/452
f 621/575/454 658/576/455 532/413/307 498/412/307
f 622/558/439 662/557/438 642/562/443 613/561/442
f 623/570/451 665/569/450 658/576/455 621/575/454
f 506/415/309 557/418/309 670/577/456 625/578/457
f 625/578/457 670/577/456 671/579/458 626/580/459
f 626/580/459 671/579/458 669/581/460 624/582/461
f 627/566/447 673/565/446 648/583/449 617/584/448
f 629/585/462 677/586/463 675/587/464 628/588/464
f 628/588/464 675/587/464 654/574/453 619/573/453
f 632/589/465 680/590/466 679/591/467 631/592/468
f 633/593/469 681/594/470 680/590/466 632/589/465
f 630/595/471 678/596/472 682/597/473 634/598/474
f 634/598/474 682/597/473 690/599/475 639/600/476
f 635/601/477 684/602/478 691/603/479 640/604/479
f 636/605/480 685/606/481 686/607/482 637/608/483
f 631/592/468 679/591/467 687/609/484 638/610/485
f 638/610/485 687/609/484 684/602/478 635/601/477
f 639/600/476 690/599/475 681/594/470 633/593/469
f 640/604/479 691/603/479 685/606/481 636/605/480
f 696/611/486 699/612/487 698/613/488 697/614/489 700/615/490
f 693/616/491 695/617/492 700/618/492 697/619/493
f 695/617/492 694/620/494 696/621/494 700/618/492
f 637/608/483 686/607/482 696/621/494 694/620/494
f 683/547/428 698/613/488 699/612/487 689/543/424 688/540/421
f 689/543/424 699/612/487 696/611/486 686/550/431 692/549/430
f 704/622/495 707/623/496 706/624/497 705/625/498 708/626/499
f 701/627/500 703/628/501 708/629/502 705/630/503
f 703/628/501 702/631/504 704/632/505 708/629/502
f 701/627/500 705/630/503 677/586/463 629/585/462
f 693/616/491 697/619/493 704/632/505 702/631/504
f 653/526/409 664/525/408 677/538/419 705/625/498 706/624/497
f 676/546/427 707/623/496 704/622/495 697/614/489 698/613/488 683/547/428
f 655/527/410 653/526/409 706/624/497 707/623/496 676/546/427
f 712/633/506 715/634/507 714/635/508 713/636/509 716/637/510
f 709/638/511 711/639/512 716/640/513 713/641/514
f 711/639/512 710/642/515 712/643/516 716/640/513
f 709/638/511 713/641/514 656/644/517 620/645/518
f 624/582/461 669/581/460 712/643/516 710/642/515
f 660/529/412 715/634/507 712/633/506 669/533/415 668/532/414
f 667/522/405 652/521/404 656/646/519 713/636/509 714/635/508
f 659/528/411 667/522/405 714/635/508 715/634/507 660/529/412
f 720/647/520 723/648/521 722/649/522 721/650/523 724/651/524
f 717/652/525 719/653/526 724/654/527 721/655/528
f 719/653/526 718/656/529 720/657/530 724/654/527
f 620/658/518 656/659/517 720/657/530 718/656/529
f 717/652/525 721/655/528 678/596/472 630/595/471
f 674/516/400 651/515/399 655/527/410 722/649/522 723/648/521
f 652/536/404 674/516/400 723/648/521 720/647/520 656/660/519
f 722/649/522 655/527/410 676/546/427 678/545/426 721/650/523
f 779/331/531 780/334/532 758/333/533 757/332/534
f 756/335/535 755/338/536 759/337/537 760/336/538
f 793/339/539 792/342/540 761/341/541 762/340/542
f 776/343/543 775/346/544 763/345/545 764/344/546
f 792/342/540 759/337/537 767/348/547 794/347/548
f 779/331/531 757/332/534 766/350/549 781/349/550
f 784/351/551 761/354/541 768/353/552 785/352/553
f 759/337/537 755/338/536 765/355/554 767/348/547
f 781/349/550 766/350/549 771/357/555 782/356/556
f 767/348/547 765/355/554 770/359/557 772/358/558
f 769/360/559 777/363/560 778/362/561 774/361/562
f 763/345/545 775/346/544 777/363/560 769/360/559
f 783/364/563 784/351/551 775/346/544 776/343/543
f 765/355/554 781/349/550 782/356/556 770/359/557
f 755/338/536 779/331/531 781/349/550 765/355/554
f 755/338/536 756/335/535 780/334/532 779/331/531
f 762/365/542 761/354/541 784/351/551 783/364/563
f 775/346/544 784/351/551 785/352/553 777/363/560
f 774/361/562 778/362/561 787/367/564 786/366/565
f 787/367/564 788/369/566 791/368/567
f 786/366/565 787/367/564 790/371/568 789/370/569
f 790/371/568 787/367/564 791/368/567
f 761/341/541 792/342/540 794/347/548 768/372/552
f 760/336/538 759/337/537 792/342/540 793/339/539
f 782/356/556 771/357/555 795/374/570 797/373/571
f 810/375/572 808/378/573 800/377/574 801/376/575
f 808/378/573 809/380/576 799/379/577 800/377/574
f 798/381/578 796/384/579 803/383/580 802/382/581
f 812/385/582 806/388/583 805/387/584 811/386/585
f 799/379/577 809/380/576 812/385/582 807/389/586
f 807/389/586 812/385/582 811/386/585 804/390/587
f 802/382/581 803/383/580 808/378/573 810/375/572
f 727/391/588 758/394/589 780/393/590 735/392/591
f 726/395/592 757/396/593 758/394/589 727/391/588
f 725/397/594 756/400/595 760/399/596 728/398/597
f 728/398/597 760/399/596 793/402/598 741/401/599
f 729/403/600 762/406/601 783/405/602 736/404/603
f 731/407/604 766/408/604 757/396/593 726/395/592
f 732/409/605 771/410/605 766/408/604 731/407/604
f 734/411/606 776/414/607 764/413/608 730/412/608
f 735/392/591 780/393/590 756/400/595 725/397/594
f 736/404/603 783/405/602 776/414/607 734/411/606
f 738/415/609 789/418/609 790/417/610 739/416/611
f 739/416/611 790/417/610 791/420/612 740/419/613
f 740/419/613 791/420/612 788/422/614 737/421/615
f 741/401/599 793/402/598 762/424/601 729/423/600
f 743/425/616 797/428/617 795/427/618 742/426/618
f 742/426/618 795/427/618 771/410/605 732/409/605
f 746/429/619 800/432/620 799/431/621 745/430/622
f 747/433/623 801/434/624 800/432/620 746/429/619
f 744/435/625 798/438/626 802/437/627 748/436/628
f 748/436/628 802/437/627 810/440/629 753/439/630
f 749/441/631 804/444/632 811/443/633 754/442/633
f 750/445/634 805/448/635 806/447/636 751/446/637
f 745/430/622 799/431/621 807/450/638 752/449/639
f 752/449/639 807/450/638 804/444/632 749/441/631
f 753/439/630 810/440/629 801/434/624 747/433/623
f 754/442/633 811/443/633 805/448/635 750/445/634
f 816/451/640 819/455/641 818/454/642 817/453/643 820/452/644
f 813/456/645 815/459/646 820/458/646 817/457/647
f 815/459/646 814/461/648 816/460/648 820/458/646
f 751/446/637 806/447/636 816/460/648 814/461/648
f 803/383/580 818/454/642 819/455/641 809/380/576 808/378/573
f 809/380/576 819/455/641 816/451/640 806/388/583 812/385/582
f 824/462/649 827/466/650 826/465/651 825/464/652 828/463/653
f 821/467/654 823/470/655 828/469/656 825/468/657
f 823/470/655 822/472/658 824/471/659 828/469/656
f 821/467/654 825/468/657 797/428/617 743/425/616
f 813/456/645 817/457/647 824/471/659 822/472/658
f 770/359/557 782/356/556 797/373/571 825/464/652 826/465/651
f 796/384/579 827/466/650 824/462/649 817/453/643 818/454/642 803/383/580
f 772/358/558 770/359/557 826/465/651 827/466/650 796/384/579
f 832/473/660 835/477/661 834/476/662 833/475/663 836/474/664
f 829/478/665 831/481/666 836/480/667 833/479/668
f 831/481/666 830/483/669 832/482/670 836/480/667
f 829/478/665 833/479/668 773/485/671 733/484/672
f 737/421/615 788/422/614 832/482/670 830/483/669
f 778/362/561 835/477/661 832/473/660 788/369/566 787/367/564
f 785/352/553 768/353/552 773/486/673 833/475/663 834/476/662
f 777/363/560 785/352/553 834/476/662 835/477/661 778/362/561
f 840/487/674 843/491/675 842/490/676 841/489/677 844/488/678
f 837/492/679 839/495/680 844/494/681 841/493/682
f 839/495/680 838/497/683 840/496/684 844/494/681
f 733/498/672 773/499/671 840/496/684 838/497/683
f 837/492/679 841/493/682 798/438/626 744/435/625
f 794/347/548 767/348/547 772/358/558 842/490/676 843/491/675
f 768/372/552 794/347/548 843/491/675 840/487/674 773/500/673
f 842/490/676 772/358/558 796/384/579 798/381/578 841/489/677
f 893/501/685 875/504/686 876/503/687 894/502/688
f 874/505/689 878/508/690 877/507/691 873/506/692
f 905/509/693 880/512/694 879/511/695 904/510/696
f 890/513/697 764/344/546 763/345/545 889/514/698
f 904/510/696 906/516/699 883/515/700 877/507/691
f 893/501/685 895/518/701 882/517/702 875/504/686
f 898/519/703 899/522/704 884/521/705 879/520/695
f 877/507/691 883/515/700 881/523/706 873/506/692
f 895/518/701 896/525/707 886/524/708 882/517/702
f 883/515/700 887/527/709 885/526/710 881/523/706
f 769/360/559 774/361/562 892/529/711 891/528/712
f 763/345/545 769/360/559 891/528/712 889/514/698
f 897/530/713 890/513/697 889/514/698 898/519/703
f 881/523/706 885/526/710 896/525/707 895/518/701
f 873/506/692 881/523/706 895/518/701 893/501/685
f 873/506/692 893/501/685 894/502/688 874/505/689
f 880/531/694 897/530/713 898/519/703 879/520/695
f 889/514/698 891/528/712 899/522/704 898/519/703
f 774/361/562 786/366/565 900/532/714 892/529/711
f 900/532/714 903/534/715 901/533/716
f 786/366/565 789/370/569 902/535/717 900/532/714
f 902/535/717 903/534/715 900/532/714
f 879/511/695 884/536/705 906/516/699 904/510/696
f 878/508/690 905/509/693 904/510/696 877/507/691
f 896/525/707 909/538/718 907/537/719 886/524/708
f 922/539/720 913/542/721 912/541/722 920/540/723
f 920/540/723 912/541/722 911/544/724 921/543/725
f 910/545/726 914/548/727 915/547/728 908/546/729
f 924/549/730 923/552/731 917/551/732 918/550/733
f 911/544/724 919/553/734 924/549/730 921/543/725
f 919/553/734 916/554/735 923/552/731 924/549/730
f 914/548/727 922/539/720 920/540/723 915/547/728
f 847/555/736 854/558/737 894/557/738 876/556/739
f 846/559/740 847/555/736 876/556/739 875/560/741
f 845/561/742 848/564/743 878/563/744 874/562/745
f 848/564/743 859/566/746 905/565/747 878/563/744
f 849/567/748 855/570/749 897/569/750 880/568/751
f 850/571/752 846/559/740 875/560/741 882/572/752
f 851/573/753 850/571/752 882/572/752 886/574/753
f 853/575/754 730/412/608 764/413/608 890/576/755
f 854/558/737 845/561/742 874/562/745 894/557/738
f 855/570/749 853/575/754 890/576/755 897/569/750
f 738/415/609 857/578/756 902/577/757 789/418/609
f 857/578/756 858/580/758 903/579/759 902/577/757
f 858/580/758 856/582/760 901/581/761 903/579/759
f 859/566/746 849/584/748 880/583/751 905/565/747
f 861/585/762 860/588/763 907/587/763 909/586/764
f 860/588/763 851/573/753 886/574/753 907/587/763
f 864/589/765 863/592/766 911/591/767 912/590/768
f 865/593/769 864/589/765 912/590/768 913/594/770
f 862/595/771 866/598/772 914/597/773 910/596/774
f 866/598/772 871/600/775 922/599/776 914/597/773
f 867/601/777 872/604/778 923/603/778 916/602/779
f 868/605/780 869/608/781 918/607/782 917/606/783
f 863/592/766 870/610/784 919/609/785 911/591/767
f 870/610/784 867/601/777 916/602/779 919/609/785
f 871/600/775 865/593/769 913/594/770 922/599/776
f 872/604/778 868/605/780 917/606/783 923/603/778
f 928/611/786 932/615/787 929/614/788 930/613/789 931/612/790
f 925/616/791 929/619/792 932/618/793 927/617/793
f 927/617/793 932/618/793 928/621/794 926/620/794
f 869/608/781 926/620/794 928/621/794 918/607/782
f 915/547/728 920/540/723 921/543/725 931/612/790 930/613/789
f 921/543/725 924/549/730 918/550/733 928/611/786 931/612/790
f 936/622/795 940/626/796 937/625/797 938/624/798 939/623/799
f 933/627/800 937/630/801 940/629/802 935/628/803
f 935/628/803 940/629/802 936/632/804 934/631/805
f 933/627/800 861/585/762 909/586/764 937/630/801
f 925/616/791 934/631/805 936/632/804 929/619/792
f 885/526/710 938/624/798 937/625/797 909/538/718 896/525/707
f 908/546/729 915/547/728 930/613/789 929/614/788 936/622/795 939/623/799
f 887/527/709 908/546/729 939/623/799 938/624/798 885/526/710
f 944/633/806 948/637/807 945/636/808 946/635/809 947/634/810
f 941/638/811 945/641/812 948/640/813 943/639/814
f 943/639/814 948/640/813 944/643/815 942/642/816
f 941/638/811 852/645/817 888/644/818 945/641/812
f 856/582/760 942/642/816 944/643/815 901/581/761
f 892/529/711 900/532/714 901/533/716 944/633/806 947/634/810
f 899/522/704 946/635/809 945/636/808 888/646/819 884/521/705
f 891/528/712 892/529/711 947/634/810 946/635/809 899/522/704
f 952/647/820 956/651/821 953/650/822 954/649/823 955/648/824
f 949/652/825 953/655/826 956/654/827 951/653/828
f 951/653/828 956/654/827 952/657/829 950/656/830
f 852/658/817 950/656/830 952/657/829 888/659/818
f 949/652/825 862/595/771 910/596/774 953/655/826
f 906/516/699 955/648/824 954/649/823 887/527/709 883/515/700
f 884/536/705 888/660/819 952/647/820 955/648/824 906/516/699
f 954/649/823 953/650/822 910/545/726 908/546/729 887/527/709
o 2_low.006
v 0.362542 0.820735 -2.455899
v 0.188031 0.833194 -2.455899
v 0.188031 0.833194 -2.378219
v 0.452319 0.820735 -2.372854
v 0.406812 0.820735 -2.351099
v 0.407943 0.820735 -2.455899
v 0.362542 0.820735 -2.360395
v 0.074673 0.833194 -2.455899
v 0.100214 0.833194 -2.378219
v 0.370840 0.820735 -2.455899
v 0.371923 0.820735 -2.354161
v 0.362542 1.143675 -2.408552
v 0.362542 1.123063 -2.389331
v 0.186391 1.206748 -2.392977
v 0.188031 1.229815 -2.415315
v 0.443993 1.131904 -2.407286
v 0.446708 1.111447 -2.390258
v 0.408574 1.155454 -2.397144
v 0.408574 1.134999 -2.377780
v 0.000000 1.288744 -2.398716
v 0.000000 1.311448 -2.418473
v 0.108180 1.287616 -2.418503
v 0.107828 1.264924 -2.398716
v 0.371923 1.152505 -2.404557
v 0.371239 1.126259 -2.379368
v 0.362542 0.966171 -2.362521
v 0.371923 0.973628 -2.356286
v 0.406812 0.978123 -2.353224
v 0.454369 0.967999 -2.375185
v 0.465847 0.820735 -2.410789
v 0.445052 1.137234 -2.432784
v 0.458714 1.109851 -2.431048
v 0.468655 0.963902 -2.420052
v 0.362542 1.142614 -2.428965
v 0.408264 1.165134 -2.426044
v 0.371371 1.159075 -2.430749
v -0.362542 0.820735 -2.455899
v -0.188031 0.833194 -2.455899
v -0.188031 0.833194 -2.378219
v -0.452319 0.820735 -2.372854
v -0.406812 0.820735 -2.351099
v -0.407943 0.820735 -2.455899
v -0.362542 0.820735 -2.360395
v -0.074673 0.833194 -2.455899
v -0.100214 0.833194 -2.378219
v -0.370840 0.820735 -2.455899
v -0.371923 0.820735 -2.354161
v -0.362542 1.143675 -2.408552
v -0.362542 1.123063 -2.389331
v -0.186391 1.206748 -2.392977
v -0.188031 1.229815 -2.415315
v -0.443993 1.131904 -2.407286
v -0.446708 1.111447 -2.390258
v -0.408574 1.155454 -2.397144
v -0.408574 1.134999 -2.377780
v -0.108180 1.287616 -2.418503
v -0.107828 1.264924 -2.398716
v -0.371923 1.152505 -2.404557
v -0.371239 1.126259 -2.379368
v -0.362542 0.966171 -2.362521
v -0.371923 0.973628 -2.356286
v -0.406812 0.978123 -2.353224
v -0.454369 0.967999 -2.375185
v -0.465847 0.820735 -2.410789
v -0.445052 1.137234 -2.432784
v -0.458714 1.109851 -2.431048
v -0.468655 0.963902 -2.420052
v -0.362542 1.142614 -2.428965
v -0.408264 1.165134 -2.426044
v -0.371371 1.159075 -2.430749
v 0.188031 1.227994 -2.445352
v 0.182346 1.218393 -2.455899
v 0.187599 1.227067 -2.449388
v 0.186366 1.224917 -2.452810
v 0.184522 1.221871 -2.455096
v 0.455291 0.820735 -2.455899
v 0.465847 0.820735 -2.445415
v 0.459330 0.820735 -2.455101
v 0.462755 0.820735 -2.452828
v 0.465043 0.820735 -2.449427
v 0.436861 1.125916 -2.455899
v 0.445576 1.134328 -2.445387
v 0.440330 1.128392 -2.455098
v 0.443204 1.130860 -2.452820
v 0.445046 1.132945 -2.449409
v 0.405118 1.154069 -2.455899
v 0.408057 1.165478 -2.445287
v 0.406208 1.158494 -2.455091
v 0.407149 1.162215 -2.452791
v 0.407798 1.164668 -2.449348
v 0.366919 1.127287 -2.455899
v 0.362542 1.141763 -2.445346
v 0.365244 1.132659 -2.455095
v 0.363824 1.137296 -2.452808
v 0.362875 1.140493 -2.449384
v -0.000000 1.303923 -2.455899
v 0.000000 1.313805 -2.445367
v -0.000000 1.307987 -2.455097
v -0.000000 1.311293 -2.452814
v -0.000000 1.313336 -2.449397
v 0.108180 1.289971 -2.445366
v 0.103523 1.281116 -2.455899
v 0.107826 1.289580 -2.449397
v 0.106816 1.287760 -2.452814
v 0.105305 1.284788 -2.455097
v 0.377872 1.147180 -2.455899
v 0.371063 1.157457 -2.445346
v 0.375198 1.150754 -2.455095
v 0.372965 1.153962 -2.452808
v 0.371513 1.156315 -2.449384
v 0.456045 1.108057 -2.445600
v 0.443690 1.104850 -2.455899
v 0.454525 1.107424 -2.449541
v 0.451643 1.106592 -2.452882
v 0.447839 1.105688 -2.455115
v 0.451567 0.955469 -2.455899
v 0.463991 0.958199 -2.445600
v 0.455746 0.955809 -2.455115
v 0.459574 0.956448 -2.452882
v 0.462469 0.957287 -2.449541
v -0.182346 1.218393 -2.455899
v -0.188031 1.227994 -2.445352
v -0.184522 1.221871 -2.455096
v -0.186366 1.224917 -2.452810
v -0.187599 1.227067 -2.449388
v -0.465847 0.820735 -2.445415
v -0.455291 0.820735 -2.455899
v -0.465043 0.820735 -2.449427
v -0.462755 0.820735 -2.452828
v -0.459330 0.820735 -2.455101
v -0.436861 1.125916 -2.455899
v -0.445576 1.134328 -2.445387
v -0.440330 1.128392 -2.455098
v -0.443204 1.130860 -2.452820
v -0.445046 1.132945 -2.449409
v -0.408057 1.165478 -2.445287
v -0.405118 1.154069 -2.455899
v -0.407798 1.164668 -2.449348
v -0.407149 1.162215 -2.452791
v -0.406208 1.158494 -2.455091
v -0.362542 1.141763 -2.445346
v -0.366919 1.127287 -2.455899
v -0.362875 1.140493 -2.449384
v -0.363824 1.137296 -2.452808
v -0.365244 1.132659 -2.455095
v -0.103523 1.281116 -2.455899
v -0.108180 1.289971 -2.445366
v -0.105305 1.284788 -2.455097
v -0.106816 1.287760 -2.452814
v -0.107826 1.289580 -2.449397
v -0.371063 1.157457 -2.445346
v -0.377872 1.147180 -2.455899
v -0.371513 1.156315 -2.449384
v -0.372965 1.153962 -2.452808
v -0.375198 1.150754 -2.455095
v -0.443690 1.104850 -2.455899
v -0.456045 1.108057 -2.445600
v -0.447839 1.105688 -2.455115
v -0.451643 1.106592 -2.452882
v -0.454525 1.107424 -2.449541
v -0.463991 0.958199 -2.445600
v -0.451567 0.955469 -2.455899
v -0.462469 0.957287 -2.449541
v -0.459574 0.956448 -2.452882
v -0.455746 0.955809 -2.455115
v 0.362542 0.820735 -2.835493
v 0.188031 0.833194 -2.835493
v 0.188031 0.833194 -2.913172
v 0.452319 0.820735 -2.918537
v 0.406812 0.820735 -2.940293
v 0.407943 0.820735 -2.835493
v 0.362542 0.820735 -2.930996
v 0.074673 0.833194 -2.835493
v 0.100214 0.833194 -2.913172
v 0.370840 0.820735 -2.835493
v 0.371923 0.820735 -2.937231
v 0.362542 1.143675 -2.882840
v 0.362542 1.123063 -2.902060
v 0.186391 1.206748 -2.898414
v 0.188031 1.229815 -2.876076
v 0.443993 1.131904 -2.884105
v 0.446708 1.111447 -2.901134
v 0.408574 1.155454 -2.894247
v 0.408574 1.134999 -2.913611
v -0.000000 1.288744 -2.892675
v 0.000000 1.311448 -2.872919
v 0.108180 1.287616 -2.872889
v 0.107828 1.264924 -2.892675
v 0.371923 1.152505 -2.886834
v 0.371239 1.126259 -2.912024
v 0.362542 0.966171 -2.928871
v 0.371923 0.973628 -2.935105
v 0.406812 0.978123 -2.938168
v 0.454369 0.967999 -2.916207
v 0.465847 0.820735 -2.880602
v 0.445052 1.137234 -2.858607
v 0.458714 1.109851 -2.860344
v 0.468655 0.963902 -2.871340
v 0.362542 1.142614 -2.862427
v 0.408264 1.165134 -2.865348
v 0.371371 1.159075 -2.860642
v -0.362542 0.820735 -2.835493
v -0.188031 0.833194 -2.835493
v -0.188031 0.833194 -2.913172
v -0.452319 0.820735 -2.918537
v -0.406812 0.820735 -2.940293
v -0.407943 0.820735 -2.835493
v -0.362542 0.820735 -2.930996
v -0.074673 0.833194 -2.835493
v -0.100214 0.833194 -2.913172
v -0.370840 0.820735 -2.835493
v -0.371923 0.820735 -2.937231
v -0.362542 1.143675 -2.882840
v -0.362542 1.123063 -2.902060
v -0.186391 1.206748 -2.898414
v -0.188031 1.229815 -2.876076
v -0.443993 1.131904 -2.884105
v -0.446708 1.111447 -2.901134
v -0.408574 1.155454 -2.894247
v -0.408574 1.134999 -2.913611
v -0.108180 1.287616 -2.872889
v -0.107828 1.264924 -2.892675
v -0.371923 1.152505 -2.886834
v -0.371239 1.126259 -2.912024
v -0.362542 0.966171 -2.928871
v -0.371923 0.973628 -2.935105
v -0.406812 0.978123 -2.938168
v -0.454369 0.967999 -2.916207
v -0.465847 0.820735 -2.880602
v -0.445052 1.137234 -2.858607
v -0.458714 1.109851 -2.860344
v -0.468655 0.963902 -2.871340
v -0.362542 1.142614 -2.862427
v -0.408264 1.165134 -2.865348
v -0.371371 1.159075 -2.860642
v 0.188031 1.227994 -2.846040
v 0.182346 1.218393 -2.835493
v 0.187599 1.227067 -2.842003
v 0.186366 1.224917 -2.838582
v 0.184522 1.221871 -2.836296
v 0.455291 0.820735 -2.835493
v 0.465847 0.820735 -2.845976
v 0.459330 0.820735 -2.836291
v 0.462755 0.820735 -2.838563
v 0.465043 0.820735 -2.841964
v 0.436861 1.125916 -2.835493
v 0.445576 1.134328 -2.846005
v 0.440330 1.128392 -2.836293
v 0.443204 1.130860 -2.838572
v 0.445046 1.132945 -2.841982
v 0.405118 1.154069 -2.835493
v 0.408057 1.165478 -2.846104
v 0.406208 1.158494 -2.836300
v 0.407149 1.162215 -2.838601
v 0.407798 1.164668 -2.842043
v 0.366919 1.127287 -2.835493
v 0.362542 1.141763 -2.846046
v 0.365244 1.132659 -2.836296
v 0.363824 1.137296 -2.838584
v 0.362875 1.140493 -2.842007
v -0.000000 1.303923 -2.835493
v 0.000000 1.313805 -2.846024
v -0.000000 1.307987 -2.836294
v -0.000000 1.311293 -2.838577
v -0.000000 1.313336 -2.841994
v 0.108180 1.289971 -2.846025
v 0.103523 1.281116 -2.835493
v 0.107826 1.289580 -2.841995
v 0.106816 1.287760 -2.838578
v 0.105305 1.284788 -2.836294
v 0.377872 1.147180 -2.835493
v 0.371063 1.157457 -2.846045
v 0.375198 1.150754 -2.836296
v 0.372965 1.153962 -2.838584
v 0.371513 1.156315 -2.842007
v 0.456045 1.108057 -2.845792
v 0.443690 1.104850 -2.835493
v 0.454525 1.107424 -2.841851
v 0.451643 1.106592 -2.838509
v 0.447839 1.105688 -2.836277
v 0.451567 0.955469 -2.835493
v 0.463991 0.958199 -2.845791
v 0.455746 0.955809 -2.836277
v 0.459574 0.956447 -2.838509
v 0.462469 0.957287 -2.841850
v -0.182346 1.218393 -2.835493
v -0.188031 1.227994 -2.846040
v -0.184522 1.221871 -2.836296
v -0.186366 1.224917 -2.838582
v -0.187599 1.227067 -2.842003
v -0.465847 0.820735 -2.845976
v -0.455291 0.820735 -2.835493
v -0.465043 0.820735 -2.841964
v -0.462755 0.820735 -2.838563
v -0.459330 0.820735 -2.836291
v -0.436861 1.125916 -2.835493
v -0.445576 1.134328 -2.846005
v -0.440330 1.128392 -2.836293
v -0.443204 1.130860 -2.838572
v -0.445046 1.132945 -2.841982
v -0.408057 1.165478 -2.846104
v -0.405118 1.154069 -2.835493
v -0.407798 1.164668 -2.842043
v -0.407149 1.162215 -2.838601
v -0.406208 1.158494 -2.836300
v -0.362542 1.141763 -2.846046
v -0.366919 1.127287 -2.835493
v -0.362875 1.140493 -2.842007
v -0.363824 1.137296 -2.838584
v -0.365244 1.132659 -2.836296
v -0.103523 1.281116 -2.835493
v -0.108180 1.289971 -2.846025
v -0.105305 1.284788 -2.836294
v -0.106816 1.287760 -2.838578
v -0.107826 1.289580 -2.841995
v -0.371063 1.157457 -2.846045
v -0.377872 1.147180 -2.835493
v -0.371513 1.156315 -2.842007
v -0.372965 1.153962 -2.838584
v -0.375198 1.150754 -2.836296
v -0.443690 1.104850 -2.835493
v -0.456045 1.108057 -2.845792
v -0.447839 1.105688 -2.836277
v -0.451643 1.106592 -2.838509
v -0.454525 1.107424 -2.841851
v -0.463991 0.958199 -2.845791
v -0.451567 0.955469 -2.835493
v -0.462469 0.957287 -2.841850
v -0.459574 0.956447 -2.838509
v -0.455746 0.955809 -2.836277
vn 0.1713 0.4035 0.8988
vn 0.1529 0.3505 0.9240
vn 0.4787 0.7974 0.3674
vn 0.3677 0.8411 0.3967
vn 0.1832 0.4721 0.8623
vn 0.7380 0.2787 0.6145
vn 0.7379 0.5784 0.3478
vn 0.2108 0.8318 0.5134
vn -0.4342 0.3720 0.8204
vn -0.4878 0.7614 0.4270
vn -0.0000 0.4179 0.9085
vn -0.0000 0.9007 0.4345
vn -0.7227 0.3138 0.6158
vn -0.7832 0.5473 0.2950
vn 0.0965 0.3084 0.9463
vn 0.3939 0.8296 0.3958
vn -0.6122 0.0404 0.7897
vn -0.3868 0.0829 0.9184
vn -0.5430 0.8364 0.0748
vn -0.8481 0.5292 0.0263
vn 0.7729 0.6325 0.0505
vn 0.2319 0.9651 0.1220
vn 0.1676 0.0844 0.9822
vn 0.7477 0.0565 0.6616
vn 0.7434 0.0040 0.6689
vn 0.9913 -0.0046 0.1319
vn 0.9958 0.0336 0.0852
vn 0.0367 0.0533 0.9979
vn 0.0214 0.0534 0.9983
vn -0.0214 0.0534 0.9983
vn -0.0368 0.0533 0.9979
vn -0.0451 0.0528 0.9976
vn -0.0283 0.0587 0.9979
vn -0.1713 0.4035 0.8988
vn -0.1529 0.3505 0.9240
vn -0.0965 0.3084 0.9463
vn 0.0283 0.0587 0.9979
vn 0.0451 0.0528 0.9976
vn -0.3323 0.0132 0.9431
vn 0.1746 0.0124 0.9846
vn -0.5578 0.0226 0.8296
vn 0.9705 0.2379 0.0392
vn -0.3677 0.8411 0.3967
vn -0.4787 0.7974 0.3674
vn -0.1832 0.4721 0.8623
vn -0.2108 0.8318 0.5134
vn -0.7379 0.5784 0.3478
vn -0.7380 0.2787 0.6145
vn 0.4342 0.3720 0.8204
vn 0.4878 0.7614 0.4270
vn 0.7227 0.3138 0.6158
vn 0.7832 0.5473 0.2950
vn -0.3939 0.8296 0.3958
vn 0.6122 0.0404 0.7897
vn 0.3868 0.0829 0.9184
vn 0.8481 0.5292 0.0263
vn 0.5430 0.8364 0.0748
vn -0.2319 0.9651 0.1220
vn -0.7729 0.6325 0.0505
vn -0.1676 0.0844 0.9822
vn -0.7477 0.0565 0.6616
vn -0.7434 0.0040 0.6689
vn -0.9958 0.0336 0.0852
vn -0.9913 -0.0046 0.1319
vn 0.3323 0.0132 0.9431
vn -0.1746 0.0124 0.9846
vn 0.5578 0.0226 0.8296
vn -0.9705 0.2379 0.0392
vn 0.9430 0.0344 -0.3310
vn 0.9592 0.0152 -0.2822
vn 0.8911 0.0161 -0.4534
vn 0.8733 0.0302 -0.4863
vn 0.6714 0.0149 -0.7410
vn 0.6541 0.0239 -0.7561
vn 0.3665 0.0092 -0.9304
vn 0.3573 0.0136 -0.9339
vn 0.1888 0.0051 -0.9820
vn 0.1863 0.0073 -0.9825
vn 0.1539 0.1008 -0.9829
vn 0.0402 0.1670 -0.9851
vn 0.0893 0.3738 -0.9232
vn 0.3180 0.2095 -0.9246
vn 0.1572 0.6580 -0.7364
vn 0.5586 0.3784 -0.7381
vn 0.2101 0.8722 -0.4417
vn 0.7287 0.5104 -0.4567
vn 0.2305 0.9337 -0.2741
vn 0.7581 0.5827 -0.2929
vn 0.0820 0.1733 -0.9814
vn -0.0000 0.1935 -0.9811
vn -0.0000 0.4123 -0.9110
vn 0.1723 0.3678 -0.9138
vn -0.0000 0.7430 -0.6693
vn 0.3086 0.6608 -0.6842
vn -0.0000 0.9497 -0.3131
vn 0.3979 0.8505 -0.3439
vn -0.0000 0.9933 -0.1156
vn 0.4243 0.8923 -0.1539
vn 0.1035 0.1631 -0.9812
vn 0.1961 0.3094 -0.9305
vn 0.3697 0.5841 -0.7226
vn 0.4875 0.7737 -0.4046
vn 0.5215 0.8259 -0.2144
vn -0.1094 0.1410 -0.9840
vn -0.2406 0.3086 -0.9203
vn -0.4227 0.5462 -0.7232
vn -0.5518 0.7218 -0.4178
vn -0.5661 0.7858 -0.2493
vn -0.0423 0.1347 -0.9900
vn -0.0656 0.2082 -0.9759
vn -0.1572 0.4937 -0.8553
vn -0.2496 0.7817 -0.5715
vn -0.2943 0.9026 -0.3141
vn 0.9163 0.2053 -0.3440
vn 0.8492 0.1782 -0.4971
vn 0.6393 0.1281 -0.7582
vn 0.3571 0.0686 -0.9316
vn 0.1813 0.0341 -0.9828
vn -0.1863 0.0073 -0.9825
vn -0.1888 0.0051 -0.9820
vn -0.3665 0.0092 -0.9304
vn -0.3573 0.0136 -0.9339
vn -0.6714 0.0149 -0.7410
vn -0.6541 0.0239 -0.7561
vn -0.8911 0.0161 -0.4534
vn -0.8733 0.0302 -0.4863
vn -0.9592 0.0152 -0.2822
vn -0.9430 0.0344 -0.3310
vn -0.7581 0.5827 -0.2929
vn -0.2305 0.9337 -0.2741
vn -0.2101 0.8722 -0.4417
vn -0.7287 0.5104 -0.4567
vn -0.1572 0.6580 -0.7364
vn -0.5586 0.3784 -0.7381
vn -0.0893 0.3738 -0.9232
vn -0.3180 0.2095 -0.9246
vn -0.0402 0.1670 -0.9851
vn -0.1539 0.1008 -0.9829
vn -0.4243 0.8923 -0.1539
vn -0.3979 0.8505 -0.3439
vn -0.3086 0.6608 -0.6842
vn -0.1723 0.3678 -0.9138
vn -0.0820 0.1733 -0.9814
vn -0.5215 0.8259 -0.2144
vn -0.4875 0.7737 -0.4046
vn -0.3697 0.5841 -0.7226
vn -0.1961 0.3094 -0.9305
vn -0.1035 0.1631 -0.9812
vn 0.5661 0.7858 -0.2493
vn 0.5517 0.7218 -0.4178
vn 0.4227 0.5462 -0.7232
vn 0.2406 0.3086 -0.9203
vn 0.1094 0.1410 -0.9840
vn 0.2943 0.9026 -0.3141
vn 0.2496 0.7817 -0.5715
vn 0.1572 0.4937 -0.8553
vn 0.0656 0.2082 -0.9759
vn 0.0423 0.1347 -0.9900
vn -0.1813 0.0341 -0.9828
vn -0.3571 0.0686 -0.9316
vn -0.6393 0.1281 -0.7582
vn -0.8492 0.1782 -0.4971
vn -0.9163 0.2053 -0.3440
vn -0.0000 -0.0000 -1.0000
vn 0.4430 0.8951 -0.0500
vn 0.5223 0.8525 -0.0219
vn 0.4123 0.9098 0.0485
vn 0.9919 0.0193 -0.1257
vn 0.9970 -0.0060 -0.0767
vn 0.8030 0.5861 -0.1076
vn 0.2341 0.9709 -0.0499
vn 0.9602 0.2222 -0.1691
vn -0.6084 0.7929 -0.0349
vn -0.8804 0.4734 -0.0290
vn -0.0000 0.9962 0.0873
vn -0.4123 0.9098 0.0485
vn -0.5223 0.8525 -0.0219
vn -0.4430 0.8951 -0.0500
vn -0.9919 0.0193 -0.1257
vn -0.9970 -0.0060 -0.0767
vn -0.2341 0.9709 -0.0499
vn -0.8030 0.5861 -0.1076
vn -0.9602 0.2222 -0.1691
vn 0.6084 0.7929 -0.0349
vn 0.8804 0.4734 -0.0290
vn 0.1713 0.4035 -0.8988
vn 0.3677 0.8411 -0.3967
vn 0.4787 0.7974 -0.3674
vn 0.1529 0.3505 -0.9240
vn 0.1832 0.4721 -0.8623
vn 0.2108 0.8318 -0.5134
vn 0.7379 0.5784 -0.3478
vn 0.7380 0.2787 -0.6145
vn -0.4342 0.3720 -0.8204
vn -0.4878 0.7614 -0.4270
vn -0.0000 0.4179 -0.9085
vn -0.0000 0.9007 -0.4345
vn -0.7227 0.3138 -0.6158
vn -0.7832 0.5473 -0.2950
vn 0.3939 0.8296 -0.3958
vn 0.0965 0.3084 -0.9463
vn -0.6122 0.0404 -0.7897
vn -0.3868 0.0829 -0.9184
vn -0.8481 0.5292 -0.0263
vn -0.5430 0.8364 -0.0748
vn 0.2319 0.9651 -0.1220
vn 0.7729 0.6325 -0.0505
vn 0.1676 0.0844 -0.9822
vn 0.7477 0.0565 -0.6616
vn 0.7434 0.0040 -0.6689
vn 0.9958 0.0336 -0.0852
vn 0.9913 -0.0046 -0.1319
vn 0.0367 0.0533 -0.9979
vn 0.0451 0.0528 -0.9976
vn 0.0283 0.0587 -0.9979
vn -0.0965 0.3084 -0.9463
vn -0.1529 0.3505 -0.9240
vn -0.1713 0.4035 -0.8988
vn -0.0283 0.0587 -0.9979
vn -0.0451 0.0528 -0.9976
vn -0.0368 0.0533 -0.9979
vn -0.0214 0.0534 -0.9983
vn 0.0214 0.0534 -0.9983
vn -0.3323 0.0132 -0.9431
vn 0.1746 0.0124 -0.9846
vn -0.5578 0.0226 -0.8296
vn 0.9705 0.2379 -0.0392
vn -0.4787 0.7974 -0.3674
vn -0.3677 0.8411 -0.3967
vn -0.1832 0.4721 -0.8623
vn -0.7380 0.2787 -0.6145
vn -0.7379 0.5784 -0.3478
vn -0.2108 0.8318 -0.5134
vn 0.4342 0.3720 -0.8204
vn 0.4878 0.7614 -0.4270
vn 0.7227 0.3138 -0.6158
vn 0.7832 0.5473 -0.2950
vn -0.3939 0.8296 -0.3958
vn 0.6122 0.0404 -0.7897
vn 0.3868 0.0829 -0.9184
vn 0.5430 0.8364 -0.0748
vn 0.8481 0.5292 -0.0263
vn -0.7729 0.6325 -0.0505
vn -0.2319 0.9651 -0.1220
vn -0.1676 0.0844 -0.9822
vn -0.7477 0.0565 -0.6616
vn -0.7434 0.0040 -0.6689
vn -0.9913 -0.0046 -0.1319
vn -0.9958 0.0336 -0.0852
vn 0.3323 0.0132 -0.9431
vn -0.1746 0.0124 -0.9846
vn 0.5578 0.0226 -0.8296
vn -0.9705 0.2379 -0.0392
vn 0.9430 0.0344 0.3310
vn 0.8733 0.0302 0.4863
vn 0.8911 0.0161 0.4534
vn 0.9592 0.0152 0.2822
vn 0.6541 0.0239 0.7561
vn 0.6714 0.0149 0.7410
vn 0.3573 0.0136 0.9339
vn 0.3665 0.0092 0.9304
vn 0.1863 0.0073 0.9825
vn 0.1888 0.0051 0.9820
vn 0.1538 0.1008 0.9829
vn 0.3180 0.2095 0.9246
vn 0.0893 0.3738 0.9232
vn 0.0402 0.1670 0.9851
vn 0.5586 0.3784 0.7381
vn 0.1572 0.6580 0.7364
vn 0.7287 0.5104 0.4567
vn 0.2101 0.8722 0.4417
vn 0.7581 0.5827 0.2929
vn 0.2305 0.9337 0.2741
vn 0.0820 0.1733 0.9814
vn 0.1723 0.3678 0.9138
vn -0.0000 0.4123 0.9110
vn -0.0000 0.1935 0.9811
vn 0.3086 0.6608 0.6842
vn -0.0000 0.7430 0.6693
vn 0.3979 0.8505 0.3439
vn -0.0000 0.9497 0.3131
vn 0.4243 0.8923 0.1539
vn -0.0000 0.9933 0.1156
vn 0.1035 0.1631 0.9812
vn 0.1961 0.3094 0.9305
vn 0.3697 0.5841 0.7226
vn 0.4875 0.7737 0.4046
vn 0.5215 0.8259 0.2144
vn -0.2406 0.3086 0.9203
vn -0.1094 0.1410 0.9840
vn -0.4227 0.5462 0.7232
vn -0.5517 0.7218 0.4178
vn -0.5661 0.7858 0.2493
vn -0.0656 0.2082 0.9759
vn -0.0423 0.1347 0.9900
vn -0.1572 0.4937 0.8553
vn -0.2496 0.7817 0.5715
vn -0.2943 0.9026 0.3141
vn 0.8492 0.1782 0.4971
vn 0.9163 0.2053 0.3440
vn 0.6393 0.1281 0.7582
vn 0.3571 0.0686 0.9316
vn 0.1813 0.0341 0.9828
vn -0.1863 0.0073 0.9825
vn -0.3573 0.0136 0.9339
vn -0.3665 0.0092 0.9304
vn -0.1888 0.0051 0.9820
vn -0.6541 0.0239 0.7561
vn -0.6714 0.0149 0.7410
vn -0.8733 0.0302 0.4863
vn -0.8911 0.0161 0.4534
vn -0.9430 0.0344 0.3310
vn -0.9592 0.0152 0.2822
vn -0.7581 0.5827 0.2929
vn -0.7287 0.5104 0.4567
vn -0.2101 0.8722 0.4417
vn -0.2305 0.9337 0.2741
vn -0.5586 0.3784 0.7381
vn -0.1572 0.6580 0.7364
vn -0.3180 0.2095 0.9246
vn -0.0893 0.3738 0.9232
vn -0.1538 0.1008 0.9829
vn -0.0402 0.1670 0.9851
vn -0.4243 0.8923 0.1539
vn -0.3979 0.8505 0.3439
vn -0.3086 0.6608 0.6842
vn -0.1723 0.3678 0.9138
vn -0.0820 0.1733 0.9814
vn -0.5215 0.8259 0.2144
vn -0.4875 0.7737 0.4046
vn -0.3697 0.5841 0.7226
vn -0.1961 0.3094 0.9305
vn -0.1035 0.1631 0.9812
vn 0.5517 0.7218 0.4178
vn 0.5661 0.7858 0.2493
vn 0.4227 0.5462 0.7232
vn 0.2406 0.3086 0.9203
vn 0.1094 0.1410 0.9840
vn 0.2496 0.7817 0.5715
vn 0.2943 0.9026 0.3141
vn 0.1572 0.4937 0.8553
vn 0.0656 0.2082 0.9759
vn 0.0423 0.1347 0.9900
vn -0.3571 0.0686 0.9316
vn -0.1813 0.0341 0.9828
vn -0.6393 0.1281 0.7582
vn -0.8492 0.1782 0.4971
vn -0.9163 0.2053 0.3440
vn -0.0000 -0.0000 1.0000
vn 0.5223 0.8525 0.0219
vn 0.4430 0.8951 0.0500
vn 0.4123 0.9098 -0.0485
vn 0.9919 0.0193 0.1257
vn 0.9970 -0.0060 0.0767
vn 0.2341 0.9709 0.0499
vn 0.8030 0.5861 0.1076
vn 0.9602 0.2222 0.1692
vn -0.6084 0.7929 0.0349
vn -0.8804 0.4734 0.0290
vn -0.0000 0.9962 -0.0873
vn -0.4123 0.9098 -0.0485
vn -0.4430 0.8951 0.0500
vn -0.5223 0.8525 0.0219
vn -0.9919 0.0193 0.1257
vn -0.9970 -0.0060 0.0767
vn -0.8030 0.5861 0.1076
vn -0.2341 0.9709 0.0499
vn -0.9602 0.2222 0.1692
vn 0.6084 0.7929 0.0349
vn 0.8804 0.4734 0.0290
vt 0.440543 0.662935
vt 0.413040 0.682410
vt 0.411067 0.671185
vt 0.440050 0.652630
vt 0.484055 0.856362
vt 0.475239 0.843782
vt 0.482990 0.840521
vt 0.491633 0.852289
vt 0.484659 0.869077
vt 0.498275 0.863285
vt 0.477683 0.655055
vt 0.477683 0.644780
vt 0.485539 0.873699
vt 0.500030 0.867469
vt 0.351778 0.711468
vt 0.350718 0.701795
vt 0.427736 0.879965
vt 0.429901 0.875791
vt 0.506569 0.857573
vt 0.508630 0.863735
vt 0.487956 0.833634
vt 0.499468 0.846454
vt 0.430516 0.863644
vt 0.426643 0.845553
vt 0.376162 0.846265
vt 0.376350 0.832073
vt 0.425895 0.829186
vt 0.542788 0.812204
vt 0.512446 0.812220
vt 0.442919 0.812220
vt 0.412578 0.812204
vt 0.352007 0.817060
vt 0.351671 0.766604
vt 0.514823 0.662935
vt 0.542326 0.682410
vt 0.603588 0.711468
vt 0.603695 0.766604
vt 0.603359 0.817060
vt 0.376433 0.876279
vt 0.376162 0.864066
vt 0.376495 0.880180
vt 0.477182 0.829651
vt 0.515316 0.652630
vt 0.544298 0.671185
vt 0.108839 0.836698
vt 0.116417 0.840770
vt 0.107774 0.852539
vt 0.100022 0.849278
vt 0.109443 0.823983
vt 0.123059 0.829775
vt 0.110323 0.819360
vt 0.124814 0.825591
vt 0.604648 0.701795
vt 0.052519 0.813095
vt 0.054684 0.817268
vt 0.133414 0.829325
vt 0.131353 0.835487
vt 0.124252 0.846606
vt 0.112739 0.859426
vt 0.055300 0.829416
vt 0.051427 0.847506
vt 0.000945 0.846794
vt 0.050679 0.863874
vt 0.001134 0.860987
vt 0.001216 0.816780
vt 0.000945 0.828994
vt 0.001279 0.812879
vt 0.101965 0.863409
vt 0.424407 0.820135
vt 0.376561 0.820032
vt 0.376586 0.818614
vt 0.424175 0.818701
vt 0.376654 0.816386
vt 0.423928 0.816496
vt 0.719566 0.447367
vt 0.765987 0.445968
vt 0.766039 0.448235
vt 0.719696 0.449530
vt 0.766052 0.449641
vt 0.719802 0.450954
vt 0.661307 0.454729
vt 0.651100 0.465079
vt 0.649591 0.464626
vt 0.660498 0.453518
vt 0.647402 0.463977
vt 0.659212 0.451708
vt 0.490347 0.825784
vt 0.507131 0.839797
vt 0.505539 0.841223
vt 0.489549 0.827851
vt 0.504496 0.842130
vt 0.489147 0.829254
vt 0.606011 0.571029
vt 0.598110 0.606961
vt 0.596698 0.606961
vt 0.604734 0.570410
vt 0.594413 0.606961
vt 0.602682 0.569402
vt 0.436230 0.640199
vt 0.477683 0.632078
vt 0.477683 0.634276
vt 0.436918 0.642335
vt 0.477683 0.635614
vt 0.437317 0.643660
vt 0.627762 0.543640
vt 0.626549 0.542881
vt 0.624635 0.541658
vt 0.404328 0.658611
vt 0.405410 0.660623
vt 0.406080 0.661879
vt 0.652829 0.474827
vt 0.651487 0.475730
vt 0.649523 0.477050
vt 0.514210 0.853243
vt 0.512270 0.854430
vt 0.511032 0.855124
vt 0.659775 0.479113
vt 0.657795 0.479738
vt 0.654554 0.480932
vt 0.517237 0.858609
vt 0.515287 0.860081
vt 0.513865 0.860617
vt 0.343448 0.687084
vt 0.344203 0.689210
vt 0.345072 0.690366
vt 0.477536 0.824566
vt 0.477656 0.823157
vt 0.477914 0.821017
vt 0.667875 0.449203
vt 0.668306 0.451309
vt 0.668568 0.452715
vt 0.719794 0.762970
vt 0.766047 0.764291
vt 0.766033 0.765698
vt 0.719688 0.764394
vt 0.765981 0.767965
vt 0.719557 0.766556
vt 0.048712 0.876564
vt 0.001438 0.876674
vt 0.001369 0.874446
vt 0.048959 0.874358
vt 0.001344 0.873028
vt 0.049190 0.872925
vt 0.113930 0.863806
vt 0.129280 0.850930
vt 0.130323 0.851836
vt 0.114332 0.865208
vt 0.131914 0.853263
vt 0.115131 0.867275
vt 0.659197 0.762204
vt 0.647389 0.749929
vt 0.649579 0.749281
vt 0.660483 0.760394
vt 0.651088 0.748828
vt 0.661293 0.759183
vt 0.518049 0.643660
vt 0.518447 0.642335
vt 0.519136 0.640199
vt 0.602674 0.644518
vt 0.604727 0.643510
vt 0.606004 0.642891
vt 0.549286 0.661879
vt 0.549956 0.660623
vt 0.551038 0.658611
vt 0.624619 0.672257
vt 0.626533 0.671034
vt 0.627748 0.670276
vt 0.135816 0.837936
vt 0.137054 0.838630
vt 0.138994 0.839817
vt 0.649516 0.736859
vt 0.651479 0.738178
vt 0.652821 0.739083
vt 0.138649 0.832443
vt 0.140071 0.832978
vt 0.142021 0.834451
vt 0.654548 0.732981
vt 0.657788 0.734174
vt 0.659768 0.734799
vt 0.610294 0.690366
vt 0.611163 0.689210
vt 0.611918 0.687084
vt 0.668555 0.761199
vt 0.668292 0.762605
vt 0.667861 0.764711
vt 0.102697 0.872042
vt 0.102440 0.869903
vt 0.102320 0.868494
vt 0.766213 0.466124
vt 0.766181 0.479071
vt 0.766172 0.481969
vt 0.761157 0.541993
vt 0.761119 0.581149
vt 0.761156 0.632774
vt 0.761181 0.671932
vt 0.766177 0.731962
vt 0.766186 0.734861
vt 0.766213 0.747808
vt 0.347593 0.695461
vt 0.607773 0.695461
s 1
usemtl Material
f 979/661/831 970/662/832 971/663/833 978/664/834
f 975/665/835 973/666/836 972/667/837 974/668/838
f 981/669/839 975/665/835 974/668/838 980/670/840
f 976/671/841 979/661/831 978/664/834 977/672/842
f 969/673/843 981/669/839 980/670/840 968/674/844
f 970/662/832 969/675/845 968/676/846 971/663/833
f 982/677/847 983/678/848 981/669/839 969/673/843
f 980/670/840 992/679/849 990/680/850 968/674/844
f 972/667/837 987/681/851 991/682/852 974/668/838
f 984/683/853 985/684/854 973/666/836 975/665/835
f 960/685/855 986/686/856 989/687/857 985/684/854
f 983/678/848 984/683/853 975/665/835 981/669/839
f 974/668/838 991/682/852 992/679/849 980/670/840
f 995/688/858 1001/689/859 965/690/860 959/691/861 963/692/862 982/693/863 969/675/845 970/662/832 979/661/831 976/671/841 1013/694/864 1006/695/865 1005/696/866 1016/697/867 999/698/868
f 967/699/869 961/700/870 984/683/853 983/678/848
f 961/700/870 960/685/855 985/684/854 984/683/853
f 963/701/871 967/699/869 983/678/848 982/677/847
f 985/684/854 989/687/857 988/702/872 973/666/836
f 973/666/836 988/702/872 987/681/851 972/667/837
f 1013/694/864 1012/703/873 1007/704/874 1006/695/865
f 1011/705/875 1010/706/876 1008/707/877 1009/708/878
f 1015/709/879 1014/710/880 1010/706/876 1011/705/875
f 976/671/841 977/672/842 1012/703/873 1013/694/864
f 1005/711/881 1004/712/882 1014/710/880 1015/709/879
f 1006/695/865 1007/704/874 1004/713/883 1005/696/866
f 1016/714/884 1005/711/881 1015/709/879 1017/715/885
f 1014/710/880 1004/712/882 1024/716/886 1026/717/887
f 1008/707/877 1010/706/876 1025/718/888 1021/719/889
f 1018/720/890 1011/705/875 1009/708/878 1019/721/891
f 996/722/892 1019/721/891 1023/723/893 1020/724/894
f 1017/715/885 1015/709/879 1011/705/875 1018/720/890
f 1010/706/876 1014/710/880 1026/717/887 1025/718/888
f 1003/725/895 1017/715/885 1018/720/890 997/726/896
f 997/726/896 1018/720/890 1019/721/891 996/722/892
f 999/727/897 1016/714/884 1017/715/885 1003/725/895
f 1019/721/891 1009/708/878 1022/728/898 1023/723/893
f 1009/708/878 1008/707/877 1021/719/889 1022/728/898
f 1073/729/899 1033/730/900 1036/731/901 1076/732/902
f 1076/732/902 1036/731/901 1035/733/903 1075/734/904
f 1075/735/904 1035/736/903 1034/737/905 1074/738/906
f 1074/738/906 1034/737/905 1032/739/907 1072/740/908
f 1037/741/909 1042/742/910 1044/743/911 1039/744/912
f 1039/744/912 1044/743/911 1045/745/913 1040/746/914
f 1040/747/914 1045/748/913 1046/749/915 1041/750/916
f 1041/750/916 1046/749/915 1043/751/917 1038/752/918
f 1058/753/919 1052/754/920 1054/755/921 1061/756/922
f 1061/756/922 1054/755/921 1055/757/923 1060/758/924
f 1060/759/924 1055/760/923 1056/761/925 1059/762/926
f 1059/762/926 1056/761/925 1053/763/927 1057/764/928
f 1028/765/929 1058/753/919 1061/756/922 1031/766/930
f 1031/766/930 1061/756/922 1060/758/924 1030/767/931
f 1030/768/931 1060/759/924 1059/762/926 1029/769/932
f 1029/769/932 1059/762/926 1057/764/928 1027/770/933
f 1042/742/910 1062/771/934 1064/772/935 1044/743/911
f 1044/743/911 1064/772/935 1065/773/936 1045/745/913
f 1045/748/913 1065/774/936 1066/775/937 1046/749/915
f 1046/749/915 1066/775/937 1063/776/938 1043/751/917
f 1062/771/934 1047/777/939 1049/778/940 1064/772/935
f 1064/772/935 1049/778/940 1050/779/941 1065/773/936
f 1065/774/936 1050/780/941 1051/781/942 1066/775/937
f 1066/775/937 1051/781/942 1048/782/943 1063/776/938
f 1047/777/939 1028/765/929 1031/766/930 1049/778/940
f 1049/778/940 1031/766/930 1030/767/931 1050/779/941
f 1050/783/941 1030/768/931 1029/769/932 1051/784/942
f 1051/784/942 1029/769/932 1027/770/933 1048/785/943
f 1038/752/918 1067/786/944 1069/787/945 1041/750/916
f 1041/750/916 1069/787/945 1070/788/946 1040/747/914
f 1040/746/914 1070/789/946 1071/790/947 1039/744/912
f 1039/744/912 1071/790/947 1068/791/948 1037/741/909
f 1067/786/944 1073/729/899 1076/732/902 1069/787/945
f 1069/787/945 1076/732/902 1075/734/904 1070/788/946
f 1070/789/946 1075/735/904 1074/738/906 1071/790/947
f 1071/790/947 1074/738/906 1072/740/908 1068/791/948
f 1118/792/949 1083/793/950 1086/794/951 1121/795/952
f 1121/795/952 1086/794/951 1085/796/953 1120/797/954
f 1120/798/954 1085/799/953 1084/800/955 1119/801/956
f 1119/801/956 1084/800/955 1082/802/957 1117/803/958
f 1088/804/959 1092/805/960 1094/806/961 1091/807/962
f 1091/807/962 1094/806/961 1095/808/963 1090/809/964
f 1090/810/964 1095/811/963 1096/812/965 1089/813/966
f 1089/813/966 1096/812/965 1093/814/967 1087/815/968
f 1103/816/969 1053/763/927 1056/761/925 1106/817/970
f 1106/817/970 1056/761/925 1055/760/923 1105/818/971
f 1105/819/971 1055/757/923 1054/755/921 1104/820/972
f 1104/820/972 1054/755/921 1052/754/920 1102/821/973
f 1078/822/974 1103/816/969 1106/817/970 1081/823/975
f 1081/823/975 1106/817/970 1105/818/971 1080/824/976
f 1080/825/976 1105/819/971 1104/820/972 1079/826/977
f 1079/826/977 1104/820/972 1102/821/973 1077/827/978
f 1092/805/960 1107/828/979 1109/829/980 1094/806/961
f 1094/806/961 1109/829/980 1110/830/981 1095/808/963
f 1095/811/963 1110/831/981 1111/832/982 1096/812/965
f 1096/812/965 1111/832/982 1108/833/983 1093/814/967
f 1107/828/979 1097/834/984 1099/835/985 1109/829/980
f 1109/829/980 1099/835/985 1100/836/986 1110/830/981
f 1110/831/981 1100/837/986 1101/838/987 1111/832/982
f 1111/832/982 1101/838/987 1098/839/988 1108/833/983
f 1097/840/984 1078/822/974 1081/823/975 1099/841/985
f 1099/841/985 1081/823/975 1080/824/976 1100/842/986
f 1100/837/986 1080/825/976 1079/826/977 1101/838/987
f 1101/838/987 1079/826/977 1077/827/978 1098/839/988
f 1087/815/968 1112/843/989 1114/844/990 1089/813/966
f 1089/813/966 1114/844/990 1115/845/991 1090/810/964
f 1090/809/964 1115/846/991 1116/847/992 1091/807/962
f 1091/807/962 1116/847/992 1113/848/993 1088/804/959
f 1112/843/989 1118/792/949 1121/795/952 1114/844/990
f 1114/844/990 1121/795/952 1120/797/954 1115/845/991
f 1115/846/991 1120/798/954 1119/801/956 1116/847/992
f 1116/847/992 1119/801/956 1117/803/958 1113/848/993
f 1083/793/994 1118/792/994 1112/843/994 1087/815/994 1093/814/994 1108/833/994 1098/839/994 1077/827/994 1102/821/994 1052/754/994 1058/753/994 1028/765/994 1047/777/994 1062/771/994 1042/742/994 1037/741/994 1068/791/994 1072/740/994 1032/739/994 962/849/994 966/850/994 957/851/994 958/852/994 964/853/994 1000/854/994 994/855/994 993/856/994 1002/857/994 998/858/994
f 968/676/846 990/859/995 1048/785/995 1027/770/996 971/663/833
f 971/663/833 1027/770/996 1057/764/997 978/664/834
f 1073/729/998 989/687/857 986/686/856 1033/730/999
f 991/682/852 987/681/851 1038/752/1000 1043/751/1001
f 987/681/851 988/702/872 1067/786/1002 1038/752/1000
f 992/679/849 991/682/852 1043/751/1001 1063/776/1003
f 990/680/850 992/679/849 1063/776/1003 1048/782/1004
f 978/664/834 1057/764/997 1053/763/1005 977/672/842
f 1012/703/873 977/672/842 1053/763/1005 1103/816/1006
f 1067/786/1002 988/702/872 989/687/857 1073/729/998
f 1004/713/883 1007/704/874 1078/822/1007 1097/840/1008 1024/860/1008
f 1007/704/874 1012/703/873 1103/816/1006 1078/822/1007
f 1117/803/1009 1082/802/1010 1020/724/894 1023/723/893
f 1025/718/888 1092/805/1011 1088/804/1012 1021/719/889
f 1021/719/889 1088/804/1012 1113/848/1013 1022/728/898
f 1026/717/887 1107/828/1014 1092/805/1011 1025/718/888
f 1024/716/886 1097/834/1015 1107/828/1014 1026/717/887
f 1113/848/1013 1117/803/1009 1023/723/893 1022/728/898
f 1144/661/1016 1143/664/1017 1136/663/1018 1135/662/1019
f 1140/665/1020 1139/668/1021 1137/667/1022 1138/666/1023
f 1146/669/1024 1145/670/1025 1139/668/1021 1140/665/1020
f 1141/671/1026 1142/672/1027 1143/664/1017 1144/661/1016
f 1134/673/1028 1133/674/1029 1145/670/1025 1146/669/1024
f 1135/662/1019 1136/663/1018 1133/676/1030 1134/675/1031
f 1147/677/1032 1134/673/1028 1146/669/1024 1148/678/1033
f 1145/670/1025 1133/674/1029 1155/680/1034 1157/679/1035
f 1137/667/1022 1139/668/1021 1156/682/1036 1152/681/1037
f 1149/683/1038 1140/665/1020 1138/666/1023 1150/684/1039
f 1125/685/1040 1150/684/1039 1154/687/1041 1151/686/1042
f 1148/678/1033 1146/669/1024 1140/665/1020 1149/683/1038
f 1139/668/1021 1145/670/1025 1157/679/1035 1156/682/1036
f 1160/688/1043 1164/698/1044 1181/697/1045 1170/696/1046 1171/695/1047 1178/694/1048 1141/671/1026 1144/661/1016 1135/662/1019 1134/675/1031 1147/693/1049 1128/692/1050 1124/691/1051 1130/690/1052 1166/689/1053
f 1132/699/1054 1148/678/1033 1149/683/1038 1126/700/1055
f 1126/700/1055 1149/683/1038 1150/684/1039 1125/685/1040
f 1128/701/1056 1147/677/1032 1148/678/1033 1132/699/1054
f 1150/684/1039 1138/666/1023 1153/702/1057 1154/687/1041
f 1138/666/1023 1137/667/1022 1152/681/1037 1153/702/1057
f 1178/694/1048 1171/695/1047 1172/704/1058 1177/703/1059
f 1176/705/1060 1174/708/1061 1173/707/1062 1175/706/1063
f 1180/709/1064 1176/705/1060 1175/706/1063 1179/710/1065
f 1141/671/1026 1178/694/1048 1177/703/1059 1142/672/1027
f 1170/711/1066 1180/709/1064 1179/710/1065 1169/712/1067
f 1171/695/1047 1170/696/1046 1169/713/1068 1172/704/1058
f 1181/714/1069 1182/715/1070 1180/709/1064 1170/711/1066
f 1179/710/1065 1191/717/1071 1189/716/1072 1169/712/1067
f 1173/707/1062 1186/719/1073 1190/718/1074 1175/706/1063
f 1183/720/1075 1184/721/1076 1174/708/1061 1176/705/1060
f 1161/722/1077 1185/724/1078 1188/723/1079 1184/721/1076
f 1182/715/1070 1183/720/1075 1176/705/1060 1180/709/1064
f 1175/706/1063 1190/718/1074 1191/717/1071 1179/710/1065
f 1168/725/1080 1162/726/1081 1183/720/1075 1182/715/1070
f 1162/726/1081 1161/722/1077 1184/721/1076 1183/720/1075
f 1164/727/1082 1168/725/1080 1182/715/1070 1181/714/1069
f 1184/721/1076 1188/723/1079 1187/728/1083 1174/708/1061
f 1174/708/1061 1187/728/1083 1186/719/1073 1173/707/1062
f 1238/729/1084 1241/732/1085 1201/731/1086 1198/730/1087
f 1241/732/1085 1240/734/1088 1200/733/1089 1201/731/1086
f 1240/735/1088 1239/738/1090 1199/737/1091 1200/736/1089
f 1239/738/1090 1237/740/1092 1197/739/1093 1199/737/1091
f 1202/741/1094 1204/744/1095 1209/743/1096 1207/742/1097
f 1204/744/1095 1205/746/1098 1210/745/1099 1209/743/1096
f 1205/747/1098 1206/750/1100 1211/749/1101 1210/748/1099
f 1206/750/1100 1203/752/1102 1208/751/1103 1211/749/1101
f 1223/753/1104 1226/756/1105 1219/755/1106 1217/754/1107
f 1226/756/1105 1225/758/1108 1220/757/1109 1219/755/1106
f 1225/759/1108 1224/762/1110 1221/761/1111 1220/760/1109
f 1224/762/1110 1222/764/1112 1218/763/1113 1221/761/1111
f 1193/765/1114 1196/766/1115 1226/756/1105 1223/753/1104
f 1196/766/1115 1195/767/1116 1225/758/1108 1226/756/1105
f 1195/768/1116 1194/769/1117 1224/762/1110 1225/759/1108
f 1194/769/1117 1192/770/1118 1222/764/1112 1224/762/1110
f 1207/742/1097 1209/743/1096 1229/772/1119 1227/771/1120
f 1209/743/1096 1210/745/1099 1230/773/1121 1229/772/1119
f 1210/748/1099 1211/749/1101 1231/775/1122 1230/774/1121
f 1211/749/1101 1208/751/1103 1228/776/1123 1231/775/1122
f 1227/771/1120 1229/772/1119 1214/778/1124 1212/777/1125
f 1229/772/1119 1230/773/1121 1215/779/1126 1214/778/1124
f 1230/774/1121 1231/775/1122 1216/781/1127 1215/780/1126
f 1231/775/1122 1228/776/1123 1213/782/1128 1216/781/1127
f 1212/777/1125 1214/778/1124 1196/766/1115 1193/765/1114
f 1214/778/1124 1215/779/1126 1195/767/1116 1196/766/1115
f 1215/783/1126 1216/784/1127 1194/769/1117 1195/768/1116
f 1216/784/1127 1213/785/1128 1192/770/1118 1194/769/1117
f 1203/752/1102 1206/750/1100 1234/787/1129 1232/786/1130
f 1206/750/1100 1205/747/1098 1235/788/1131 1234/787/1129
f 1205/746/1098 1204/744/1095 1236/790/1132 1235/789/1131
f 1204/744/1095 1202/741/1094 1233/791/1133 1236/790/1132
f 1232/786/1130 1234/787/1129 1241/732/1085 1238/729/1084
f 1234/787/1129 1235/788/1131 1240/734/1088 1241/732/1085
f 1235/789/1131 1236/790/1132 1239/738/1090 1240/735/1088
f 1236/790/1132 1233/791/1133 1237/740/1092 1239/738/1090
f 1283/792/1134 1286/795/1135 1251/794/1136 1248/793/1137
f 1286/795/1135 1285/797/1138 1250/796/1139 1251/794/1136
f 1285/798/1138 1284/801/1140 1249/800/1141 1250/799/1139
f 1284/801/1140 1282/803/1142 1247/802/1143 1249/800/1141
f 1253/804/1144 1256/807/1145 1259/806/1146 1257/805/1147
f 1256/807/1145 1255/809/1148 1260/808/1149 1259/806/1146
f 1255/810/1148 1254/813/1150 1261/812/1151 1260/811/1149
f 1254/813/1150 1252/815/1152 1258/814/1153 1261/812/1151
f 1268/816/1154 1271/817/1155 1221/761/1111 1218/763/1113
f 1271/817/1155 1270/818/1156 1220/760/1109 1221/761/1111
f 1270/819/1156 1269/820/1157 1219/755/1106 1220/757/1109
f 1269/820/1157 1267/821/1158 1217/754/1107 1219/755/1106
f 1243/822/1159 1246/823/1160 1271/817/1155 1268/816/1154
f 1246/823/1160 1245/824/1161 1270/818/1156 1271/817/1155
f 1245/825/1161 1244/826/1162 1269/820/1157 1270/819/1156
f 1244/826/1162 1242/827/1163 1267/821/1158 1269/820/1157
f 1257/805/1147 1259/806/1146 1274/829/1164 1272/828/1165
f 1259/806/1146 1260/808/1149 1275/830/1166 1274/829/1164
f 1260/811/1149 1261/812/1151 1276/832/1167 1275/831/1166
f 1261/812/1151 1258/814/1153 1273/833/1168 1276/832/1167
f 1272/828/1165 1274/829/1164 1264/835/1169 1262/834/1170
f 1274/829/1164 1275/830/1166 1265/836/1171 1264/835/1169
f 1275/831/1166 1276/832/1167 1266/838/1172 1265/837/1171
f 1276/832/1167 1273/833/1168 1263/839/1173 1266/838/1172
f 1262/840/1170 1264/841/1169 1246/823/1160 1243/822/1159
f 1264/841/1169 1265/842/1171 1245/824/1161 1246/823/1160
f 1265/837/1171 1266/838/1172 1244/826/1162 1245/825/1161
f 1266/838/1172 1263/839/1173 1242/827/1163 1244/826/1162
f 1252/815/1152 1254/813/1150 1279/844/1174 1277/843/1175
f 1254/813/1150 1255/810/1148 1280/845/1176 1279/844/1174
f 1255/809/1148 1256/807/1145 1281/847/1177 1280/846/1176
f 1256/807/1145 1253/804/1144 1278/848/1178 1281/847/1177
f 1277/843/1175 1279/844/1174 1286/795/1135 1283/792/1134
f 1279/844/1174 1280/845/1176 1285/797/1138 1286/795/1135
f 1280/846/1176 1281/847/1177 1284/801/1140 1285/798/1138
f 1281/847/1177 1278/848/1178 1282/803/1142 1284/801/1140
f 1248/793/1179 1163/858/1179 1167/857/1179 1158/856/1179 1159/855/1179 1165/854/1179 1129/853/1179 1123/852/1179 1122/851/1179 1131/850/1179 1127/849/1179 1197/739/1179 1237/740/1179 1233/791/1179 1202/741/1179 1207/742/1179 1227/771/1179 1212/777/1179 1193/765/1179 1223/753/1179 1217/754/1179 1267/821/1179 1242/827/1179 1263/839/1179 1273/833/1179 1258/814/1179 1252/815/1179 1277/843/1179 1283/792/1179
f 1133/676/1030 1136/663/1018 1192/770/1180 1213/785/1181 1155/859/1181
f 1136/663/1018 1143/664/1017 1222/764/1182 1192/770/1180
f 1238/729/1183 1198/730/1184 1151/686/1042 1154/687/1041
f 1156/682/1036 1208/751/1185 1203/752/1186 1152/681/1037
f 1152/681/1037 1203/752/1186 1232/786/1187 1153/702/1057
f 1157/679/1035 1228/776/1188 1208/751/1185 1156/682/1036
f 1155/680/1034 1213/782/1189 1228/776/1188 1157/679/1035
f 1143/664/1017 1142/672/1027 1218/763/1190 1222/764/1182
f 1177/703/1059 1268/816/1191 1218/763/1190 1142/672/1027
f 1232/786/1187 1238/729/1183 1154/687/1041 1153/702/1057
f 1169/713/1068 1189/860/1192 1262/840/1192 1243/822/1193 1172/704/1058
f 1172/704/1058 1243/822/1193 1268/816/1191 1177/703/1059
f 1282/803/1194 1188/723/1079 1185/724/1078 1247/802/1195
f 1190/718/1074 1186/719/1073 1253/804/1196 1257/805/1197
f 1186/719/1073 1187/728/1083 1278/848/1198 1253/804/1196
f 1191/717/1071 1190/718/1074 1257/805/1197 1272/828/1199
f 1189/716/1072 1191/717/1071 1272/828/1199 1262/834/1200
f 1278/848/1198 1187/728/1083 1188/723/1079 1282/803/1194
o 5_low.003
v -0.000000 1.269225 -2.414415
v 0.151294 1.228686 -2.414415
v 0.262049 1.117931 -2.414415
v 0.302588 0.966637 -2.414415
v 0.262049 0.815343 -2.414415
v -0.262049 0.815343 -2.414415
v -0.302588 0.966637 -2.414415
v -0.262049 1.117931 -2.414415
v -0.151294 1.228686 -2.414415
v -0.000000 1.263071 -2.480453
v -0.000000 1.269225 -2.474508
v -0.000000 1.265426 -2.480001
v -0.000000 1.267423 -2.478712
v -0.000000 1.268757 -2.476783
v 0.148217 1.223356 -2.480453
v 0.151294 1.228686 -2.474508
v 0.149394 1.225396 -2.480001
v 0.150393 1.227125 -2.478712
v 0.151060 1.228281 -2.476783
v 0.256719 1.114854 -2.480453
v 0.262049 1.117931 -2.474508
v 0.258759 1.116032 -2.480000
v 0.260488 1.117030 -2.478712
v 0.261643 1.117697 -2.476783
v 0.296434 0.966637 -2.480453
v 0.302588 0.966637 -2.474508
v 0.298789 0.966637 -2.480000
v 0.300786 0.966637 -2.478712
v 0.302120 0.966637 -2.476783
v 0.257487 0.821288 -2.480453
v 0.262049 0.815343 -2.474508
v 0.259233 0.819013 -2.480000
v 0.260713 0.817084 -2.478712
v 0.261702 0.815796 -2.476783
v -0.257487 0.821288 -2.480453
v -0.262049 0.815343 -2.474508
v -0.259233 0.819013 -2.480000
v -0.260713 0.817084 -2.478712
v -0.261702 0.815796 -2.476783
v -0.296434 0.966637 -2.480453
v -0.302588 0.966637 -2.474508
v -0.298789 0.966637 -2.480000
v -0.300786 0.966637 -2.478712
v -0.302120 0.966637 -2.476783
v -0.256719 1.114854 -2.480453
v -0.262049 1.117931 -2.474508
v -0.258759 1.116032 -2.480000
v -0.260488 1.117030 -2.478712
v -0.261643 1.117697 -2.476783
v -0.148217 1.223356 -2.480453
v -0.151294 1.228686 -2.474508
v -0.149394 1.225396 -2.480001
v -0.150393 1.227125 -2.478712
v -0.151060 1.228281 -2.476783
v -0.000000 1.269225 -2.876976
v 0.151294 1.228686 -2.876977
v 0.262049 1.117931 -2.876976
v 0.302588 0.966637 -2.876976
v 0.262049 0.815343 -2.876977
v -0.262049 0.815343 -2.876977
v -0.302588 0.966637 -2.876976
v -0.262049 1.117931 -2.876976
v -0.151294 1.228686 -2.876977
v -0.000000 1.263071 -2.810938
v -0.000000 1.269225 -2.816883
v -0.000000 1.265426 -2.811391
v -0.000000 1.267423 -2.812680
v -0.000000 1.268757 -2.814608
v 0.148217 1.223356 -2.810938
v 0.151294 1.228686 -2.816883
v 0.149394 1.225396 -2.811391
v 0.150393 1.227125 -2.812680
v 0.151060 1.228281 -2.814608
v 0.256719 1.114854 -2.810938
v 0.262049 1.117931 -2.816883
v 0.258759 1.116032 -2.811391
v 0.260488 1.117030 -2.812680
v 0.261643 1.117697 -2.814608
v 0.296434 0.966637 -2.810938
v 0.302588 0.966637 -2.816883
v 0.298789 0.966637 -2.811391
v 0.300786 0.966637 -2.812680
v 0.302120 0.966637 -2.814608
v 0.257487 0.821288 -2.810938
v 0.262049 0.815343 -2.816883
v 0.259233 0.819013 -2.811391
v 0.260713 0.817084 -2.812680
v 0.261702 0.815796 -2.814608
v -0.257487 0.821288 -2.810938
v -0.262049 0.815343 -2.816883
v -0.259233 0.819013 -2.811391
v -0.260713 0.817084 -2.812680
v -0.261702 0.815796 -2.814608
v -0.296434 0.966637 -2.810938
v -0.302588 0.966637 -2.816883
v -0.298789 0.966637 -2.811391
v -0.300786 0.966637 -2.812680
v -0.302120 0.966637 -2.814608
v -0.256719 1.114854 -2.810938
v -0.262049 1.117931 -2.816883
v -0.258759 1.116032 -2.811391
v -0.260488 1.117030 -2.812680
v -0.261643 1.117697 -2.814608
v -0.148217 1.223356 -2.810938
v -0.151294 1.228686 -2.816883
v -0.149394 1.225396 -2.811391
v -0.150393 1.227125 -2.812680
v -0.151060 1.228281 -2.814608
vn -0.0000 -0.0000 1.0000
vn 0.0943 0.1634 -0.9820
vn -0.0000 0.1887 -0.9820
vn -0.0000 0.3990 -0.9170
vn 0.1995 0.3455 -0.9170
vn -0.0000 0.7116 -0.7025
vn 0.3558 0.6163 -0.7025
vn -0.0000 0.9243 -0.3818
vn 0.4621 0.8004 -0.3818
vn -0.0000 0.9794 -0.2017
vn 0.4897 0.8482 -0.2017
vn 0.1634 0.0943 -0.9820
vn 0.3455 0.1995 -0.9170
vn 0.6163 0.3558 -0.7025
vn 0.8004 0.4621 -0.3818
vn 0.8482 0.4897 -0.2017
vn 0.1887 -0.0000 -0.9820
vn 0.3990 -0.0000 -0.9170
vn 0.7116 -0.0000 -0.7025
vn 0.9243 -0.0000 -0.3818
vn 0.9794 -0.0000 -0.2017
vn 0.0949 -0.1237 -0.9878
vn 0.2282 -0.2973 -0.9271
vn 0.4081 -0.5318 -0.7420
vn 0.5516 -0.7189 -0.4230
vn 0.5905 -0.7695 -0.2432
vn -0.5905 -0.7695 -0.2432
vn -0.5516 -0.7189 -0.4230
vn -0.4081 -0.5318 -0.7420
vn -0.2282 -0.2973 -0.9271
vn -0.0949 -0.1237 -0.9878
vn -0.1887 -0.0000 -0.9820
vn -0.3990 -0.0000 -0.9170
vn -0.7116 -0.0000 -0.7025
vn -0.9243 -0.0000 -0.3818
vn -0.9794 -0.0000 -0.2017
vn -0.1634 0.0943 -0.9820
vn -0.3455 0.1995 -0.9170
vn -0.6163 0.3558 -0.7025
vn -0.8004 0.4621 -0.3818
vn -0.8482 0.4897 -0.2017
vn -0.0943 0.1634 -0.9820
vn -0.1995 0.3455 -0.9170
vn -0.3558 0.6163 -0.7025
vn -0.4621 0.8004 -0.3818
vn -0.4897 0.8482 -0.2017
vn -0.0000 -0.0000 -1.0000
vn -0.0000 1.0000 -0.0000
vn 0.5000 0.8660 -0.0000
vn -0.5000 0.8660 -0.0000
vn 0.8660 0.5000 -0.0000
vn 1.0000 -0.0000 -0.0000
vn 0.9659 -0.2588 -0.0000
vn -0.0000 -1.0000 -0.0000
vn -0.9659 -0.2588 -0.0000
vn -1.0000 -0.0000 -0.0000
vn -0.8660 0.5000 -0.0000
vn 0.0943 0.1634 0.9820
vn 0.1995 0.3455 0.9170
vn -0.0000 0.3990 0.9170
vn -0.0000 0.1887 0.9820
vn 0.3558 0.6163 0.7025
vn -0.0000 0.7117 0.7025
vn 0.4621 0.8004 0.3818
vn -0.0000 0.9243 0.3818
vn 0.4897 0.8482 0.2017
vn -0.0000 0.9794 0.2017
vn 0.1634 0.0943 0.9820
vn 0.3455 0.1995 0.9170
vn 0.6163 0.3558 0.7025
vn 0.8004 0.4621 0.3818
vn 0.8482 0.4897 0.2017
vn 0.1887 -0.0000 0.9820
vn 0.3990 -0.0000 0.9170
vn 0.7116 -0.0000 0.7025
vn 0.9243 -0.0000 0.3818
vn 0.9794 -0.0000 0.2017
vn 0.0949 -0.1237 0.9878
vn 0.2282 -0.2973 0.9271
vn 0.4081 -0.5318 0.7420
vn 0.5516 -0.7189 0.4230
vn 0.5905 -0.7695 0.2432
vn -0.5516 -0.7189 0.4230
vn -0.5905 -0.7695 0.2432
vn -0.4081 -0.5318 0.7420
vn -0.2282 -0.2973 0.9271
vn -0.0949 -0.1237 0.9878
vn -0.1887 -0.0000 0.9820
vn -0.3990 -0.0000 0.9170
vn -0.7116 -0.0000 0.7025
vn -0.9243 -0.0000 0.3818
vn -0.9794 -0.0000 0.2017
vn -0.1634 0.0943 0.9820
vn -0.3455 0.1995 0.9170
vn -0.6163 0.3558 0.7025
vn -0.8004 0.4621 0.3818
vn -0.8482 0.4897 0.2017
vn -0.0943 0.1634 0.9820
vn -0.1995 0.3455 0.9170
vn -0.3558 0.6163 0.7025
vn -0.4621 0.8004 0.3818
vn -0.4897 0.8482 0.2017
vt 0.922261 0.603283
vt 0.908361 0.655882
vt 0.869876 0.694309
vt 0.817439 0.708352
vt 0.764965 0.694174
vt 0.764965 0.512909
vt 0.817132 0.498695
vt 0.869622 0.512573
vt 0.908071 0.550843
vt 0.772232 0.758810
vt 0.758332 0.810184
vt 0.757516 0.810182
vt 0.771527 0.758400
vt 0.756240 0.810178
vt 0.770425 0.757759
vt 0.638218 0.164459
vt 0.638088 0.218770
vt 0.636817 0.218766
vt 0.636948 0.164459
vt 0.636029 0.218763
vt 0.636160 0.164459
vt 0.809900 0.721318
vt 0.809493 0.720610
vt 0.808858 0.719504
vt 0.638006 0.109977
vt 0.636733 0.110000
vt 0.635943 0.110014
vt 0.861316 0.707722
vt 0.861320 0.706906
vt 0.861327 0.705632
vt 0.635961 0.055222
vt 0.634695 0.055300
vt 0.633910 0.055349
vt 0.911441 0.721376
vt 0.912226 0.720775
vt 0.913272 0.719975
vt 0.631353 0.001274
vt 0.630062 0.001045
vt 0.629269 0.000996
vt 0.803250 0.000744
vt 0.803250 0.182348
vt 0.802462 0.182228
vt 0.802462 0.000865
vt 0.801190 0.181885
vt 0.801190 0.001207
vt 0.913270 0.900898
vt 0.912222 0.900097
vt 0.911433 0.899495
vt 0.861023 0.913111
vt 0.861022 0.913929
vt 0.861021 0.915205
vt 0.635537 0.382160
vt 0.631376 0.436119
vt 0.630086 0.436360
vt 0.634265 0.382090
vt 0.629294 0.436415
vt 0.633476 0.382047
vt 0.809649 0.899355
vt 0.809241 0.900063
vt 0.808604 0.901168
vt 0.637340 0.327486
vt 0.636072 0.327462
vt 0.635285 0.327448
vt 0.771953 0.861708
vt 0.771244 0.862117
vt 0.770135 0.862756
vt 0.637847 0.273073
vt 0.636577 0.273065
vt 0.635789 0.273061
vt 0.615207 0.218690
vt 0.615356 0.164454
vt 0.614976 0.272933
vt 0.615056 0.110388
vt 0.613139 0.056641
vt 0.608606 0.002881
vt 0.824073 0.000744
vt 0.824073 0.182348
vt 0.608606 0.434716
vt 0.612609 0.380892
vt 0.614496 0.327064
s 1
usemtl Material
f 1287/861/1201 1295/862/1201 1294/863/1201 1293/864/1201 1292/865/1201 1291/866/1201 1290/867/1201 1289/868/1201 1288/869/1201
f 1301/870/1202 1296/871/1203 1298/872/1204 1303/873/1205
f 1303/873/1205 1298/872/1204 1299/874/1206 1304/875/1207
f 1304/876/1207 1299/877/1206 1300/878/1208 1305/879/1209
f 1305/879/1209 1300/878/1208 1297/880/1210 1302/881/1211
f 1306/882/1212 1301/870/1202 1303/873/1205 1308/883/1213
f 1308/883/1213 1303/873/1205 1304/875/1207 1309/884/1214
f 1309/885/1214 1304/876/1207 1305/879/1209 1310/886/1215
f 1310/886/1215 1305/879/1209 1302/881/1211 1307/887/1216
f 1311/888/1217 1306/882/1212 1308/883/1213 1313/889/1218
f 1313/889/1218 1308/883/1213 1309/884/1214 1314/890/1219
f 1314/891/1219 1309/885/1214 1310/886/1215 1315/892/1220
f 1315/892/1220 1310/886/1215 1307/887/1216 1312/893/1221
f 1316/894/1222 1311/888/1217 1313/889/1218 1318/895/1223
f 1318/895/1223 1313/889/1218 1314/890/1219 1319/896/1224
f 1319/897/1224 1314/891/1219 1315/892/1220 1320/898/1225
f 1320/898/1225 1315/892/1220 1312/893/1221 1317/899/1226
f 1317/900/1226 1322/901/1227 1325/902/1228 1320/903/1225
f 1320/903/1225 1325/902/1228 1324/904/1229 1319/905/1224
f 1319/896/1224 1324/906/1229 1323/907/1230 1318/895/1223
f 1318/895/1223 1323/907/1230 1321/908/1231 1316/894/1222
f 1326/909/1232 1321/908/1231 1323/907/1230 1328/910/1233
f 1328/910/1233 1323/907/1230 1324/906/1229 1329/911/1234
f 1329/912/1234 1324/913/1229 1325/914/1228 1330/915/1235
f 1330/915/1235 1325/914/1228 1322/916/1227 1327/917/1236
f 1331/918/1237 1326/909/1232 1328/910/1233 1333/919/1238
f 1333/919/1238 1328/910/1233 1329/911/1234 1334/920/1239
f 1334/921/1239 1329/912/1234 1330/915/1235 1335/922/1240
f 1335/922/1240 1330/915/1235 1327/917/1236 1332/923/1241
f 1336/924/1242 1331/918/1237 1333/919/1238 1338/925/1243
f 1338/925/1243 1333/919/1238 1334/920/1239 1339/926/1244
f 1339/927/1244 1334/921/1239 1335/922/1240 1340/928/1245
f 1340/928/1245 1335/922/1240 1332/923/1241 1337/929/1246
f 1296/871/1203 1336/924/1242 1338/925/1243 1298/872/1204
f 1298/872/1204 1338/925/1243 1339/926/1244 1299/874/1206
f 1299/877/1206 1339/927/1244 1340/928/1245 1300/878/1208
f 1300/878/1208 1340/928/1245 1337/929/1246 1297/880/1210
f 1301/870/1247 1306/882/1247 1311/888/1247 1316/894/1247 1321/908/1247 1326/909/1247 1331/918/1247 1336/924/1247 1296/871/1247
f 1287/930/1248 1288/931/1249 1302/881/1249 1297/880/1248
f 1295/932/1250 1287/930/1248 1297/880/1248 1337/929/1250
f 1288/931/1249 1289/933/1251 1307/887/1251 1302/881/1249
f 1289/933/1251 1290/934/1252 1312/893/1252 1307/887/1251
f 1290/934/1252 1291/935/1253 1317/899/1253 1312/893/1252
f 1291/936/1254 1292/937/1254 1322/901/1254 1317/900/1254
f 1292/938/1255 1293/939/1256 1327/917/1256 1322/916/1255
f 1293/939/1256 1294/940/1257 1332/923/1257 1327/917/1256
f 1294/940/1257 1295/932/1250 1337/929/1250 1332/923/1257
f 1341/861/1247 1342/869/1247 1343/868/1247 1344/867/1247 1345/866/1247 1346/865/1247 1347/864/1247 1348/863/1247 1349/862/1247
f 1355/870/1258 1357/873/1259 1352/872/1260 1350/871/1261
f 1357/873/1259 1358/875/1262 1353/874/1263 1352/872/1260
f 1358/876/1262 1359/879/1264 1354/878/1265 1353/877/1263
f 1359/879/1264 1356/881/1266 1351/880/1267 1354/878/1265
f 1360/882/1268 1362/883/1269 1357/873/1259 1355/870/1258
f 1362/883/1269 1363/884/1270 1358/875/1262 1357/873/1259
f 1363/885/1270 1364/886/1271 1359/879/1264 1358/876/1262
f 1364/886/1271 1361/887/1272 1356/881/1266 1359/879/1264
f 1365/888/1273 1367/889/1274 1362/883/1269 1360/882/1268
f 1367/889/1274 1368/890/1275 1363/884/1270 1362/883/1269
f 1368/891/1275 1369/892/1276 1364/886/1271 1363/885/1270
f 1369/892/1276 1366/893/1277 1361/887/1272 1364/886/1271
f 1370/894/1278 1372/895/1279 1367/889/1274 1365/888/1273
f 1372/895/1279 1373/896/1280 1368/890/1275 1367/889/1274
f 1373/897/1280 1374/898/1281 1369/892/1276 1368/891/1275
f 1374/898/1281 1371/899/1282 1366/893/1277 1369/892/1276
f 1371/900/1282 1374/903/1281 1379/902/1283 1376/901/1284
f 1374/903/1281 1373/905/1280 1378/904/1285 1379/902/1283
f 1373/896/1280 1372/895/1279 1377/907/1286 1378/906/1285
f 1372/895/1279 1370/894/1278 1375/908/1287 1377/907/1286
f 1380/909/1288 1382/910/1289 1377/907/1286 1375/908/1287
f 1382/910/1289 1383/911/1290 1378/906/1285 1377/907/1286
f 1383/912/1290 1384/915/1291 1379/914/1283 1378/913/1285
f 1384/915/1291 1381/917/1292 1376/916/1284 1379/914/1283
f 1385/918/1293 1387/919/1294 1382/910/1289 1380/909/1288
f 1387/919/1294 1388/920/1295 1383/911/1290 1382/910/1289
f 1388/921/1295 1389/922/1296 1384/915/1291 1383/912/1290
f 1389/922/1296 1386/923/1297 1381/917/1292 1384/915/1291
f 1390/924/1298 1392/925/1299 1387/919/1294 1385/918/1293
f 1392/925/1299 1393/926/1300 1388/920/1295 1387/919/1294
f 1393/927/1300 1394/928/1301 1389/922/1296 1388/921/1295
f 1394/928/1301 1391/929/1302 1386/923/1297 1389/922/1296
f 1350/871/1261 1352/872/1260 1392/925/1299 1390/924/1298
f 1352/872/1260 1353/874/1263 1393/926/1300 1392/925/1299
f 1353/877/1263 1354/878/1265 1394/928/1301 1393/927/1300
f 1354/878/1265 1351/880/1267 1391/929/1302 1394/928/1301
f 1355/870/1201 1350/871/1201 1390/924/1201 1385/918/1201 1380/909/1201 1375/908/1201 1370/894/1201 1365/888/1201 1360/882/1201
f 1341/930/1248 1351/880/1248 1356/881/1249 1342/931/1249
f 1349/932/1250 1391/929/1250 1351/880/1248 1341/930/1248
f 1342/931/1249 1356/881/1249 1361/887/1251 1343/933/1251
f 1343/933/1251 1361/887/1251 1366/893/1252 1344/934/1252
f 1344/934/1252 1366/893/1252 1371/899/1253 1345/935/1253
f 1345/936/1254 1371/900/1254 1376/901/1254 1346/937/1254
f 1346/938/1255 1376/916/1255 1381/917/1256 1347/939/1256
f 1347/939/1256 1381/917/1256 1386/923/1257 1348/940/1257
f 1348/940/1257 1386/923/1257 1391/929/1250 1349/932/1250
o Plane.006
v 0.103698 1.175300 -2.307176
v 0.064418 1.132909 -2.288152
v 0.207941 1.075408 -2.307929
v 0.158528 1.035169 -2.296517
v 0.160863 1.131227 -2.301767
v 0.119117 1.092379 -2.293036
v 0.121299 1.189761 -2.320703
v 0.235491 1.086578 -2.322957
v 0.178198 1.148307 -2.320479
v 0.265767 0.869218 -2.323517
v 0.237555 0.868230 -2.310006
v 0.185650 0.868335 -2.292994
v 0.000000 1.194598 -2.307176
v 0.000000 1.138272 -2.289025
v 0.000000 1.209540 -2.317150
v 0.130743 1.204821 -2.340692
v 0.235491 1.104136 -2.343387
v 0.187908 1.157697 -2.340807
v 0.265767 0.870000 -2.343948
v 0.000000 1.225528 -2.333910
v -0.103698 1.175300 -2.307177
v -0.064418 1.132909 -2.288152
v -0.207941 1.075408 -2.307929
v -0.158528 1.035169 -2.296517
v -0.160863 1.131227 -2.301767
v -0.119117 1.092379 -2.293036
v -0.121299 1.189761 -2.320703
v -0.235491 1.086578 -2.322957
v -0.178198 1.148307 -2.320479
v -0.265767 0.869218 -2.323517
v -0.237555 0.868230 -2.310006
v -0.185650 0.868335 -2.292994
v -0.130743 1.204821 -2.340692
v -0.235491 1.104136 -2.343387
v -0.187908 1.157697 -2.340807
v -0.265767 0.870000 -2.343948
v 0.103698 1.175300 -2.984215
v 0.064418 1.132909 -3.003239
v 0.207941 1.075408 -2.983463
v 0.158528 1.035169 -2.994874
v 0.160863 1.131227 -2.989624
v 0.119117 1.092379 -2.998355
v 0.121299 1.189761 -2.970689
v 0.235491 1.086578 -2.968435
v 0.178198 1.148307 -2.970913
v 0.265767 0.869218 -2.967874
v 0.237555 0.868230 -2.981385
v 0.185650 0.868335 -2.998397
v 0.000000 1.194598 -2.984215
v 0.000000 1.138272 -3.002367
v 0.000000 1.209540 -2.974241
v 0.130743 1.204821 -2.950700
v 0.235491 1.104135 -2.948004
v 0.187908 1.157697 -2.950584
v 0.265767 0.870000 -2.947443
v 0.000000 1.225528 -2.957482
v -0.103698 1.175300 -2.984215
v -0.064418 1.132909 -3.003239
v -0.207941 1.075408 -2.983463
v -0.158528 1.035169 -2.994874
v -0.160863 1.131227 -2.989624
v -0.119117 1.092379 -2.998355
v -0.121299 1.189761 -2.970689
v -0.235491 1.086578 -2.968435
v -0.178198 1.148307 -2.970913
v -0.265767 0.869218 -2.967874
v -0.237555 0.868230 -2.981385
v -0.185650 0.868335 -2.998397
v -0.130743 1.204821 -2.950700
v -0.235491 1.104136 -2.948004
v -0.187908 1.157697 -2.950584
v -0.265767 0.870000 -2.947443
vn 0.1588 0.4230 0.8921
vn 0.0829 0.2801 0.9564
vn 0.3482 0.1348 0.9277
vn 0.2210 0.0454 0.9742
vn 0.2773 0.2721 0.9215
vn 0.1576 0.1221 0.9799
vn 0.2850 0.6222 0.7291
vn 0.7807 0.2657 0.5656
vn 0.4835 0.5108 0.7109
vn 0.8339 0.1104 0.5407
vn 0.3589 0.0506 0.9320
vn 0.2543 0.0423 0.9662
vn -0.0000 0.4764 0.8792
vn -0.0000 0.3369 0.9416
vn -0.0000 0.6727 0.7399
vn 0.3344 0.6883 0.6437
vn 0.7894 0.4586 0.4080
vn 0.5679 0.5953 0.5685
vn 0.9894 0.1325 0.0595
vn -0.0000 0.7449 0.6672
vn -0.1588 0.4230 0.8921
vn -0.0829 0.2801 0.9564
vn -0.3482 0.1348 0.9277
vn -0.2210 0.0454 0.9742
vn -0.2773 0.2721 0.9215
vn -0.1576 0.1221 0.9799
vn -0.2850 0.6222 0.7291
vn -0.7807 0.2657 0.5656
vn -0.4835 0.5108 0.7109
vn -0.8339 0.1104 0.5407
vn -0.3589 0.0506 0.9320
vn -0.2543 0.0423 0.9662
vn -0.3344 0.6883 0.6437
vn -0.7894 0.4586 0.4080
vn -0.5679 0.5953 0.5685
vn -0.9894 0.1325 0.0595
vn 0.1588 0.4230 -0.8921
vn 0.0829 0.2801 -0.9564
vn 0.3482 0.1348 -0.9277
vn 0.2210 0.0454 -0.9742
vn 0.2773 0.2721 -0.9215
vn 0.1576 0.1221 -0.9799
vn 0.2850 0.6222 -0.7291
vn 0.7807 0.2657 -0.5656
vn 0.4835 0.5108 -0.7109
vn 0.8339 0.1104 -0.5407
vn 0.3589 0.0506 -0.9320
vn 0.2543 0.0423 -0.9662
vn -0.0000 0.4764 -0.8792
vn -0.0000 0.3369 -0.9416
vn -0.0000 0.6727 -0.7399
vn 0.3344 0.6883 -0.6437
vn 0.7894 0.4586 -0.4080
vn 0.5679 0.5953 -0.5685
vn 0.9894 0.1325 -0.0595
vn -0.0000 0.7449 -0.6672
vn -0.1588 0.4230 -0.8921
vn -0.0829 0.2801 -0.9564
vn -0.3482 0.1348 -0.9277
vn -0.2210 0.0454 -0.9742
vn -0.2773 0.2721 -0.9215
vn -0.1576 0.1221 -0.9799
vn -0.2850 0.6222 -0.7291
vn -0.7807 0.2657 -0.5656
vn -0.4835 0.5108 -0.7109
vn -0.8339 0.1104 -0.5407
vn -0.3589 0.0506 -0.9320
vn -0.2543 0.0423 -0.9662
vn -0.3344 0.6883 -0.6437
vn -0.7894 0.4586 -0.4080
vn -0.5679 0.5953 -0.5685
vn -0.9894 0.1325 -0.0595
vt 0.314666 0.739031
vt 0.294120 0.739819
vt 0.295565 0.768624
vt 0.317013 0.763691
vt 0.312968 0.714434
vt 0.292242 0.712204
vt 0.328447 0.764695
vt 0.300765 0.833452
vt 0.311076 0.836835
vt 0.318075 0.838100
vt 0.336643 0.760417
vt 0.325210 0.738385
vt 0.321936 0.715874
vt 0.306337 0.677923
vt 0.300839 0.680855
vt 0.283127 0.690774
vt 0.333692 0.737752
vt 0.331116 0.714697
vt 0.313563 0.674459
vt 0.283127 0.827045
vt 0.236723 0.742537
vt 0.234376 0.767197
vt 0.255824 0.772131
vt 0.257269 0.743325
vt 0.238422 0.717940
vt 0.259147 0.715711
vt 0.222943 0.768202
vt 0.240314 0.840341
vt 0.250624 0.836959
vt 0.214746 0.763924
vt 0.233314 0.841607
vt 0.226179 0.741891
vt 0.229453 0.719381
vt 0.250550 0.684362
vt 0.245052 0.681430
vt 0.268262 0.694281
vt 0.220274 0.718204
vt 0.217697 0.741259
vt 0.237826 0.677965
vt 0.268262 0.830551
s 1
usemtl Material
f 1399/941/1307 1400/942/1308 1398/943/1306 1397/944/1305
f 1395/945/1303 1396/946/1304 1400/942/1308 1399/941/1307
f 1402/947/1310 1397/944/1305 1405/948/1313 1404/949/1312
f 1404/949/1312 1413/950/1321 1411/951/1319 1402/947/1310
f 1397/944/1305 1402/947/1310 1403/952/1311 1399/941/1307
f 1399/941/1307 1403/952/1311 1401/953/1309 1395/945/1303
f 1401/953/1309 1409/954/1317 1407/955/1315 1395/945/1303
f 1395/945/1303 1407/955/1315 1408/956/1316 1396/946/1304
f 1403/952/1311 1412/957/1320 1410/958/1318 1401/953/1309
f 1401/953/1309 1410/958/1318 1414/959/1322 1409/954/1317
f 1397/944/1305 1398/943/1306 1406/960/1314 1405/948/1313
f 1402/947/1310 1411/951/1319 1412/957/1320 1403/952/1311
f 1419/961/1327 1417/962/1325 1418/963/1326 1420/964/1328
f 1415/965/1323 1419/961/1327 1420/964/1328 1416/966/1324
f 1422/967/1330 1424/968/1332 1425/969/1333 1417/962/1325
f 1424/968/1332 1422/967/1330 1428/970/1336 1430/971/1338
f 1417/962/1325 1419/961/1327 1423/972/1331 1422/967/1330
f 1419/961/1327 1415/965/1323 1421/973/1329 1423/972/1331
f 1421/973/1329 1415/965/1323 1407/974/1315 1409/975/1317
f 1415/965/1323 1416/966/1324 1408/976/1316 1407/974/1315
f 1423/972/1331 1421/973/1329 1427/977/1335 1429/978/1337
f 1421/973/1329 1409/975/1317 1414/979/1322 1427/977/1335
f 1417/962/1325 1425/969/1333 1426/980/1334 1418/963/1326
f 1422/967/1330 1423/972/1331 1429/978/1337 1428/970/1336
f 1435/941/1343 1433/944/1341 1434/943/1342 1436/942/1344
f 1431/945/1339 1435/941/1343 1436/942/1344 1432/946/1340
f 1438/947/1346 1440/949/1348 1441/948/1349 1433/944/1341
f 1440/949/1348 1438/947/1346 1447/951/1355 1449/950/1357
f 1433/944/1341 1435/941/1343 1439/952/1347 1438/947/1346
f 1435/941/1343 1431/945/1339 1437/953/1345 1439/952/1347
f 1437/953/1345 1431/945/1339 1443/955/1351 1445/954/1353
f 1431/945/1339 1432/946/1340 1444/956/1352 1443/955/1351
f 1439/952/1347 1437/953/1345 1446/958/1354 1448/957/1356
f 1437/953/1345 1445/954/1353 1450/959/1358 1446/958/1354
f 1433/944/1341 1441/948/1349 1442/960/1350 1434/943/1342
f 1438/947/1346 1439/952/1347 1448/957/1356 1447/951/1355
f 1455/961/1363 1456/964/1364 1454/963/1362 1453/962/1361
f 1451/965/1359 1452/966/1360 1456/964/1364 1455/961/1363
f 1458/967/1366 1453/962/1361 1461/969/1369 1460/968/1368
f 1460/968/1368 1466/971/1374 1464/970/1372 1458/967/1366
f 1453/962/1361 1458/967/1366 1459/972/1367 1455/961/1363
f 1455/961/1363 1459/972/1367 1457/973/1365 1451/965/1359
f 1457/973/1365 1445/975/1353 1443/974/1351 1451/965/1359
f 1451/965/1359 1443/974/1351 1444/976/1352 1452/966/1360
f 1459/972/1367 1465/978/1373 1463/977/1371 1457/973/1365
f 1457/973/1365 1463/977/1371 1450/979/1358 1445/975/1353
f 1453/962/1361 1454/963/1362 1462/980/1370 1461/969/1369
f 1458/967/1366 1464/970/1372 1465/978/1373 1459/972/1367
o 1_low
v 0.000839 0.885537 -2.126751
v 0.197040 0.885537 -2.140487
v 0.500899 0.885537 -2.645695
v 0.775501 0.885537 -2.358879
v 0.358077 0.885537 -2.190951
v 0.403137 0.885537 -2.188613
v 0.613412 0.885537 -2.258956
v 0.808801 0.885537 -2.287035
v 0.815957 0.885537 -2.306006
v 0.876309 0.885537 -2.588077
v 0.864622 0.885537 -2.599209
v 0.808564 0.885537 -2.557835
v 0.816245 0.885537 -2.645695
v 0.874647 0.885537 -2.597558
v 0.816343 0.885537 -2.294960
v 0.364434 0.885537 -2.191655
v 0.000839 0.885537 -2.408892
v 0.482738 0.885537 -2.434594
v 0.242164 0.885537 -2.411798
v 0.490263 0.885537 -2.447599
v -0.195362 0.885537 -2.140487
v -0.499222 0.885537 -2.645695
v -0.773823 0.885537 -2.358879
v -0.356400 0.885537 -2.190951
v -0.401459 0.885537 -2.188613
v -0.611735 0.885537 -2.258956
v -0.807124 0.885537 -2.287035
v -0.814280 0.885537 -2.306006
v -0.874631 0.885537 -2.588077
v -0.862945 0.885537 -2.599209
v -0.806886 0.885537 -2.557835
v -0.814568 0.885537 -2.645695
v -0.872970 0.885537 -2.597558
v -0.814666 0.885537 -2.294960
v -0.362756 0.885537 -2.191655
v -0.481061 0.885537 -2.434594
v -0.240486 0.885537 -2.411798
v -0.488586 0.885537 -2.447599
v 0.000839 0.885537 -3.164640
v 0.197040 0.885537 -3.150904
v 0.775501 0.885537 -2.932512
v 0.358077 0.885537 -3.100440
v 0.403137 0.885537 -3.102778
v 0.613412 0.885537 -3.032434
v 0.808801 0.885537 -3.004356
v 0.815957 0.885537 -2.985384
v 0.876309 0.885537 -2.703314
v 0.864622 0.885537 -2.692182
v 0.808564 0.885537 -2.733556
v 0.874647 0.885537 -2.693833
v 0.816343 0.885537 -2.996431
v 0.364434 0.885537 -3.099736
v 0.000839 0.885537 -2.882499
v 0.482738 0.885537 -2.856797
v 0.242164 0.885537 -2.879593
v 0.490263 0.885537 -2.843791
v -0.195362 0.885537 -3.150904
v -0.773823 0.885537 -2.932512
v -0.356400 0.885537 -3.100440
v -0.401459 0.885537 -3.102778
v -0.611735 0.885537 -3.032434
v -0.807124 0.885537 -3.004356
v -0.814280 0.885537 -2.985384
v -0.874631 0.885537 -2.703314
v -0.862945 0.885537 -2.692182
v -0.806886 0.885537 -2.733556
v -0.872970 0.885537 -2.693833
v -0.814666 0.885537 -2.996431
v -0.362756 0.885537 -3.099736
v -0.481061 0.885537 -2.856797
v -0.240486 0.885537 -2.879593
v -0.488586 0.885537 -2.843791
v 0.000839 0.829603 -2.126751
v 0.197040 0.829603 -2.140487
v 0.500899 0.829603 -2.645695
v 0.775501 0.829603 -2.358879
v 0.358077 0.829603 -2.190951
v 0.403137 0.829603 -2.188613
v 0.613412 0.829603 -2.258956
v 0.808801 0.829603 -2.287035
v 0.815957 0.829603 -2.306006
v 0.876309 0.829603 -2.588077
v 0.864622 0.829603 -2.599209
v 0.808564 0.829603 -2.557835
v 0.816245 0.829603 -2.645695
v 0.874647 0.829603 -2.597558
v 0.816343 0.829603 -2.294960
v 0.364434 0.829603 -2.191655
v 0.000839 0.829603 -2.408892
v 0.482738 0.829603 -2.434594
v 0.242164 0.829603 -2.411798
v 0.490263 0.829603 -2.447599
v -0.195362 0.829603 -2.140487
v -0.499222 0.829603 -2.645695
v -0.773823 0.829603 -2.358879
v -0.356400 0.829603 -2.190951
v -0.401459 0.829603 -2.188613
v -0.611735 0.829603 -2.258956
v -0.807124 0.829603 -2.287035
v -0.814280 0.829603 -2.306006
v -0.874631 0.829603 -2.588077
v -0.862945 0.829603 -2.599209
v -0.806886 0.829603 -2.557835
v -0.814568 0.829603 -2.645695
v -0.872970 0.829603 -2.597558
v -0.814666 0.829603 -2.294960
v -0.362756 0.829603 -2.191655
v -0.481061 0.829603 -2.434594
v -0.240486 0.829603 -2.411798
v -0.488586 0.829603 -2.447599
v 0.000839 0.829603 -3.164640
v 0.197040 0.829603 -3.150904
v 0.775501 0.829603 -2.932512
v 0.358077 0.829603 -3.100440
v 0.403137 0.829603 -3.102778
v 0.613412 0.829603 -3.032434
v 0.808801 0.829603 -3.004356
v 0.815957 0.829603 -2.985384
v 0.876309 0.829603 -2.703314
v 0.864622 0.829603 -2.692182
v 0.808564 0.829603 -2.733556
v 0.874647 0.829603 -2.693833
v 0.816343 0.829603 -2.996431
v 0.364434 0.829603 -3.099736
v 0.000839 0.829603 -2.882499
v 0.482738 0.829603 -2.856797
v 0.242164 0.829603 -2.879593
v 0.490263 0.829603 -2.843791
v -0.195362 0.829603 -3.150904
v -0.773823 0.829603 -2.932512
v -0.356400 0.829603 -3.100440
v -0.401459 0.829603 -3.102778
v -0.611735 0.829603 -3.032434
v -0.807124 0.829603 -3.004356
v -0.814280 0.829603 -2.985384
v -0.874631 0.829603 -2.703314
v -0.862945 0.829603 -2.692182
v -0.806886 0.829603 -2.733556
v -0.872970 0.829603 -2.693833
v -0.814666 0.829603 -2.996431
v -0.362756 0.829603 -3.099736
v -0.481061 0.829603 -2.856797
v -0.240486 0.829603 -2.879593
v -0.488586 0.829603 -2.843791
vn -0.0000 1.0000 -0.0000
vn -0.0000 -1.0000 -0.0000
vn 0.1857 -0.0000 0.9826
vn -0.0000 -0.0000 1.0000
vn 0.9929 -0.0000 -0.1191
vn 0.9414 -0.0000 -0.3373
vn 0.2055 -0.0000 0.9787
vn 0.1219 -0.0000 0.9925
vn 0.0159 -0.0000 0.9999
vn 0.2307 -0.0000 0.9730
vn 0.4586 -0.0000 0.8886
vn 0.9349 -0.0000 0.3549
vn 0.9928 -0.0000 0.1202
vn -0.2341 -0.0000 -0.9722
vn 0.7035 -0.0000 -0.7107
vn -0.5938 -0.0000 -0.8046
vn 1.0000 -0.0000 -0.0000
vn 0.9962 -0.0000 0.0871
vn -0.0000 -0.0000 -1.0000
vn -0.0532 -0.0000 -0.9986
vn -0.5399 -0.0000 -0.8417
vn -0.9585 -0.0000 -0.2851
vn -1.0000 -0.0000 -0.0000
vn -0.1857 -0.0000 0.9826
vn -0.9414 -0.0000 -0.3373
vn -0.9929 -0.0000 -0.1191
vn -0.2055 -0.0000 0.9787
vn -0.0159 -0.0000 0.9999
vn -0.1219 -0.0000 0.9925
vn -0.2307 -0.0000 0.9730
vn -0.4586 -0.0000 0.8886
vn -0.9349 -0.0000 0.3549
vn -0.9928 -0.0000 0.1202
vn -0.7035 -0.0000 -0.7107
vn 0.2341 -0.0000 -0.9722
vn 0.5938 -0.0000 -0.8046
vn -0.9962 -0.0000 0.0871
vn 0.0532 -0.0000 -0.9986
vn 0.9585 -0.0000 -0.2851
vn 0.5399 -0.0000 -0.8417
vn 0.1857 -0.0000 -0.9826
vn 0.9414 -0.0000 0.3373
vn 0.9929 -0.0000 0.1191
vn 0.2055 -0.0000 -0.9787
vn 0.0159 -0.0000 -0.9999
vn 0.1219 -0.0000 -0.9925
vn 0.2307 -0.0000 -0.9730
vn 0.4586 -0.0000 -0.8886
vn 0.9349 -0.0000 -0.3549
vn 0.9928 -0.0000 -0.1202
vn 0.7035 -0.0000 0.7107
vn -0.2341 -0.0000 0.9722
vn -0.5938 -0.0000 0.8046
vn 0.9962 -0.0000 -0.0871
vn -0.0532 -0.0000 0.9986
vn -0.9585 -0.0000 0.2851
vn -0.5399 -0.0000 0.8417
vn -0.1857 -0.0000 -0.9826
vn -0.9929 -0.0000 0.1191
vn -0.9414 -0.0000 0.3373
vn -0.2055 -0.0000 -0.9787
vn -0.1219 -0.0000 -0.9925
vn -0.0159 -0.0000 -0.9999
vn -0.2307 -0.0000 -0.9730
vn -0.4586 -0.0000 -0.8886
vn -0.9349 -0.0000 -0.3549
vn -0.9928 -0.0000 -0.1202
vn 0.2341 -0.0000 0.9722
vn -0.7035 -0.0000 0.7107
vn 0.5938 -0.0000 0.8046
vn -0.9962 -0.0000 -0.0871
vn 0.0532 -0.0000 0.9986
vn 0.5399 -0.0000 0.8417
vn 0.9585 -0.0000 0.2851
vt 0.307907 0.326400
vt 0.311868 0.260527
vt 0.325445 0.206390
vt 0.325531 0.204299
vt 0.322366 0.191949
vt 0.331265 0.120612
vt 0.320571 0.055156
vt 0.322451 0.051847
vt 0.326140 0.050870
vt 0.347756 0.058930
vt 0.410384 0.002319
vt 0.413411 0.001432
vt 0.415438 0.004403
vt 0.408666 0.027419
vt 0.436541 0.015112
vt 0.470774 0.119572
vt 0.406467 0.146367
vt 0.402655 0.150378
vt 0.404861 0.239699
vt 0.406536 0.326400
vt 0.404861 0.413101
vt 0.402655 0.502422
vt 0.406467 0.506434
vt 0.470774 0.533229
vt 0.436541 0.637688
vt 0.408666 0.625381
vt 0.415438 0.648397
vt 0.413411 0.651369
vt 0.410384 0.650481
vt 0.347756 0.593870
vt 0.326140 0.601930
vt 0.322451 0.600953
vt 0.320571 0.597644
vt 0.331265 0.532189
vt 0.322366 0.460852
vt 0.325531 0.448502
vt 0.325445 0.446410
vt 0.311868 0.392274
vt 0.163938 0.326400
vt 0.065309 0.326400
vt 0.066984 0.239699
vt 0.069191 0.150378
vt 0.065379 0.146367
vt 0.001072 0.119571
vt 0.035304 0.015112
vt 0.063179 0.027419
vt 0.056408 0.004403
vt 0.058434 0.001432
vt 0.061461 0.002319
vt 0.124089 0.058930
vt 0.145705 0.050870
vt 0.149394 0.051847
vt 0.151275 0.055156
vt 0.140580 0.120612
vt 0.149479 0.191949
vt 0.146314 0.204299
vt 0.146400 0.206390
vt 0.159978 0.260527
vt 0.159978 0.392274
vt 0.146400 0.446410
vt 0.146314 0.448502
vt 0.149479 0.460852
vt 0.140580 0.532189
vt 0.151275 0.597644
vt 0.149394 0.600953
vt 0.145705 0.601930
vt 0.124089 0.593870
vt 0.061461 0.650481
vt 0.058434 0.651369
vt 0.056408 0.648397
vt 0.063179 0.625381
vt 0.035304 0.637688
vt 0.001072 0.533229
vt 0.065379 0.506433
vt 0.069191 0.502422
vt 0.066984 0.413101
vt 0.449928 0.326400
vt 0.548558 0.326400
vt 0.546882 0.413101
vt 0.544676 0.502422
vt 0.548488 0.506434
vt 0.612795 0.533229
vt 0.578562 0.637688
vt 0.550687 0.625381
vt 0.557459 0.648397
vt 0.555432 0.651369
vt 0.552405 0.650481
vt 0.489777 0.593870
vt 0.468161 0.601930
vt 0.464472 0.600953
vt 0.462592 0.597644
vt 0.473287 0.532189
vt 0.464387 0.460852
vt 0.467553 0.448502
vt 0.467467 0.446410
vt 0.453889 0.392274
vt 0.453889 0.260527
vt 0.467467 0.206390
vt 0.467553 0.204299
vt 0.464387 0.191949
vt 0.473287 0.120612
vt 0.462592 0.055156
vt 0.464472 0.051847
vt 0.468161 0.050870
vt 0.489777 0.058930
vt 0.552405 0.002319
vt 0.555432 0.001432
vt 0.557459 0.004403
vt 0.550687 0.027419
vt 0.578562 0.015112
vt 0.612795 0.119571
vt 0.548488 0.146367
vt 0.544676 0.150378
vt 0.546882 0.239699
vt 0.305959 0.326400
vt 0.301999 0.392274
vt 0.288421 0.446410
vt 0.288335 0.448502
vt 0.291501 0.460852
vt 0.282601 0.532189
vt 0.293296 0.597644
vt 0.291416 0.600953
vt 0.287726 0.601930
vt 0.266110 0.593870
vt 0.203483 0.650481
vt 0.200455 0.651369
vt 0.198429 0.648397
vt 0.205200 0.625381
vt 0.177325 0.637688
vt 0.143093 0.533229
vt 0.207400 0.506433
vt 0.211212 0.502422
vt 0.209006 0.413101
vt 0.207330 0.326400
vt 0.209006 0.239699
vt 0.211212 0.150378
vt 0.207400 0.146367
vt 0.143093 0.119571
vt 0.177325 0.015112
vt 0.205200 0.027419
vt 0.198429 0.004403
vt 0.200455 0.001432
vt 0.203483 0.002319
vt 0.266110 0.058930
vt 0.287726 0.050870
vt 0.291416 0.051847
vt 0.293296 0.055156
vt 0.282601 0.120612
vt 0.291501 0.191949
vt 0.288335 0.204299
vt 0.288421 0.206390
vt 0.301999 0.260527
vt 0.570064 0.405166
vt 0.566031 0.473404
vt 0.546723 0.472163
vt 0.550658 0.404327
vt 0.565855 0.153788
vt 0.568526 0.177013
vt 0.549181 0.178563
vt 0.546723 0.155923
vt 0.571521 0.346420
vt 0.552171 0.346150
vt 0.571591 0.330601
vt 0.571549 0.344175
vt 0.552177 0.343963
vt 0.552209 0.330630
vt 0.571089 0.253639
vt 0.551695 0.253935
vt 0.569035 0.184936
vt 0.549695 0.185886
vt 0.568820 0.180990
vt 0.549479 0.182243
vt 0.916479 0.722738
vt 0.916902 0.635936
vt 0.936288 0.636048
vt 0.935862 0.722765
vt 0.916469 0.729679
vt 0.916462 0.726113
vt 0.935859 0.726062
vt 0.935872 0.729539
vt 0.916964 0.753939
vt 0.936288 0.753557
vt 0.406677 0.467383
vt 0.406686 0.436830
vt 0.426063 0.436826
vt 0.426063 0.467393
vt 0.428867 0.305762
vt 0.429474 0.222278
vt 0.448857 0.222209
vt 0.448266 0.305978
vt 0.184027 0.368203
vt 0.183986 0.362989
vt 0.203364 0.362962
vt 0.203388 0.368160
vt 0.428276 0.138697
vt 0.447634 0.138336
vt 0.183994 0.294224
vt 0.203380 0.294245
vt 0.369956 0.670555
vt 0.301633 0.673200
vt 0.301214 0.653829
vt 0.369097 0.651230
vt 0.074874 0.670853
vt 0.052163 0.672535
vt 0.050685 0.653341
vt 0.073988 0.651467
vt 0.242831 0.673285
vt 0.243051 0.653869
vt 0.240584 0.673232
vt 0.227029 0.672892
vt 0.227523 0.653500
vt 0.240866 0.653835
vt 0.150293 0.670922
vt 0.150651 0.651526
vt 0.082211 0.670591
vt 0.081924 0.651230
vt 0.078563 0.670682
vt 0.077972 0.651310
vt 0.639370 0.441716
vt 0.639852 0.355005
vt 0.659232 0.355036
vt 0.658756 0.441843
vt 0.639843 0.351715
vt 0.639830 0.348244
vt 0.659242 0.348082
vt 0.659259 0.351654
vt 0.639371 0.324236
vt 0.658691 0.323813
vt 0.583765 0.518991
vt 0.583765 0.488423
vt 0.603152 0.488433
vt 0.603142 0.518987
vt 0.428276 0.389531
vt 0.447658 0.389461
vt 0.296224 0.006339
vt 0.296200 0.001141
vt 0.315562 0.001098
vt 0.315603 0.006312
vt 0.429499 0.473404
vt 0.448857 0.473043
vt 0.296208 0.075056
vt 0.315595 0.075076
vt 0.576813 0.455870
vt 0.574166 0.387547
vt 0.593537 0.387127
vt 0.596138 0.455010
vt 0.576512 0.160791
vt 0.574824 0.138081
vt 0.594017 0.136596
vt 0.595898 0.159899
vt 0.574072 0.328745
vt 0.593504 0.328965
vt 0.574116 0.326498
vt 0.574484 0.312938
vt 0.593860 0.313441
vt 0.593547 0.326780
vt 0.576465 0.236207
vt 0.595861 0.236565
vt 0.576777 0.168128
vt 0.596138 0.167835
vt 0.576685 0.164480
vt 0.596057 0.163883
vt 0.905942 0.371598
vt 0.906367 0.284880
vt 0.925751 0.284908
vt 0.925327 0.371710
vt 0.906370 0.281583
vt 0.906358 0.278107
vt 0.925761 0.277966
vt 0.925767 0.281533
vt 0.905942 0.254089
vt 0.925266 0.253706
vt 0.406677 0.497951
vt 0.426054 0.497946
vt 0.032019 0.394791
vt 0.032610 0.311022
vt 0.052010 0.311238
vt 0.051402 0.394721
vt 0.184010 0.225507
vt 0.183986 0.220309
vt 0.203348 0.220266
vt 0.203388 0.225481
vt 0.033242 0.478664
vt 0.052600 0.478303
vt 0.643309 0.070333
vt 0.640710 0.002450
vt 0.660035 0.001591
vt 0.662680 0.069914
vt 0.642821 0.320863
vt 0.640947 0.297559
vt 0.660333 0.296673
vt 0.662015 0.319384
vt 0.643349 0.128496
vt 0.662765 0.128716
vt 0.642980 0.144024
vt 0.643315 0.130681
vt 0.662712 0.130963
vt 0.662372 0.144518
vt 0.641006 0.220896
vt 0.660402 0.221254
vt 0.640710 0.289623
vt 0.660071 0.289336
vt 0.640789 0.293575
vt 0.660162 0.292985
vt 0.916479 0.843719
vt 0.916902 0.756917
vt 0.936288 0.757029
vt 0.935862 0.843746
vt 0.916469 0.850660
vt 0.916462 0.847094
vt 0.935859 0.847043
vt 0.935872 0.850520
vt 0.916964 0.874920
vt 0.936288 0.874538
vt 0.583774 0.457870
vt 0.603152 0.457866
vt 0.033218 0.227538
vt 0.052600 0.227469
vt 0.296241 0.149035
vt 0.296200 0.143820
vt 0.315579 0.143794
vt 0.315603 0.148992
vt 0.032019 0.143957
vt 0.051377 0.143596
s 1
usemtl Material
f 1467/981/1375 1468/982/1375 1471/983/1375 1482/984/1375 1472/985/1375 1473/986/1375 1474/987/1375 1481/988/1375 1475/989/1375 1470/990/1375 1476/991/1375 1480/992/1375 1477/993/1375 1478/994/1375 1479/995/1375 1469/996/1375 1486/997/1375 1484/998/1375 1485/999/1375 1483/1000/1375
f 1467/981/1375 1483/1000/1375 1503/1001/1375 1502/1002/1375 1504/1003/1375 1488/1004/1375 1498/1005/1375 1497/1006/1375 1496/1007/1375 1499/1008/1375 1495/1009/1375 1489/1010/1375 1494/1011/1375 1500/1012/1375 1493/1013/1375 1492/1014/1375 1491/1015/1375 1501/1016/1375 1490/1017/1375 1487/1018/1375
f 1505/1019/1375 1519/1020/1375 1521/1021/1375 1520/1022/1375 1522/1023/1375 1469/1024/1375 1479/1025/1375 1515/1026/1375 1514/1027/1375 1516/1028/1375 1513/1029/1375 1507/1030/1375 1512/1031/1375 1517/1032/1375 1511/1033/1375 1510/1034/1375 1509/1035/1375 1518/1036/1375 1508/1037/1375 1506/1038/1375
f 1505/1019/1375 1523/1039/1375 1525/1040/1375 1535/1041/1375 1526/1042/1375 1527/1043/1375 1528/1044/1375 1534/1045/1375 1529/1046/1375 1524/1047/1375 1530/1048/1375 1533/1049/1375 1531/1050/1375 1532/1051/1375 1498/1052/1375 1488/1053/1375 1538/1054/1375 1536/1055/1375 1537/1056/1375 1519/1020/1375
f 1539/1057/1376 1555/1058/1376 1557/1059/1376 1556/1060/1376 1558/1061/1376 1541/1062/1376 1551/1063/1376 1550/1064/1376 1549/1065/1376 1552/1066/1376 1548/1067/1376 1542/1068/1376 1547/1069/1376 1553/1070/1376 1546/1071/1376 1545/1072/1376 1544/1073/1376 1554/1074/1376 1543/1075/1376 1540/1076/1376
f 1539/1057/1376 1559/1077/1376 1562/1078/1376 1573/1079/1376 1563/1080/1376 1564/1081/1376 1565/1082/1376 1572/1083/1376 1566/1084/1376 1561/1085/1376 1567/1086/1376 1571/1087/1376 1568/1088/1376 1569/1089/1376 1570/1090/1376 1560/1091/1376 1576/1092/1376 1574/1093/1376 1575/1094/1376 1555/1058/1376
f 1577/1095/1376 1578/1096/1376 1580/1097/1376 1590/1098/1376 1581/1099/1376 1582/1100/1376 1583/1101/1376 1589/1102/1376 1584/1103/1376 1579/1104/1376 1585/1105/1376 1588/1106/1376 1586/1107/1376 1587/1108/1376 1551/1109/1376 1541/1110/1376 1594/1111/1376 1592/1112/1376 1593/1113/1376 1591/1114/1376
f 1577/1095/1376 1591/1114/1376 1609/1115/1376 1608/1116/1376 1610/1117/1376 1560/1118/1376 1570/1119/1376 1604/1120/1376 1603/1121/1376 1605/1122/1376 1602/1123/1376 1596/1124/1376 1601/1125/1376 1606/1126/1376 1600/1127/1376 1599/1128/1376 1598/1129/1376 1607/1130/1376 1597/1131/1376 1595/1132/1376
f 1468/1133/1377 1467/1134/1378 1539/1135/1378 1540/1136/1377
f 1470/1137/1379 1475/1138/1380 1547/1139/1380 1542/1140/1379
f 1471/1141/1381 1468/1133/1377 1540/1136/1377 1543/1142/1381
f 1472/1143/1382 1482/1144/1383 1554/1145/1383 1544/1146/1382
f 1473/1147/1384 1472/1143/1382 1544/1146/1382 1545/1148/1384
f 1474/1149/1385 1473/1147/1384 1545/1148/1384 1546/1150/1385
f 1475/1138/1380 1481/1151/1386 1553/1152/1386 1547/1139/1380
f 1476/1153/1387 1470/1154/1379 1542/1155/1379 1548/1156/1387
f 1477/1157/1388 1480/1158/1389 1552/1159/1389 1549/1160/1388
f 1478/1161/1390 1477/1157/1388 1549/1160/1388 1550/1162/1390
f 1479/1163/1391 1478/1164/1392 1550/1165/1392 1551/1166/1391
f 1480/1158/1389 1476/1153/1387 1548/1156/1387 1552/1159/1389
f 1481/1151/1386 1474/1149/1385 1546/1150/1385 1553/1152/1386
f 1482/1144/1383 1471/1141/1381 1543/1142/1381 1554/1145/1383
f 1483/1167/1393 1485/1168/1394 1557/1169/1394 1555/1170/1393
f 1484/1171/1395 1486/1172/1396 1558/1173/1396 1556/1174/1395
f 1485/1168/1394 1484/1175/1395 1556/1176/1395 1557/1169/1394
f 1486/1172/1396 1469/1177/1397 1541/1178/1397 1558/1173/1396
f 1467/1179/1378 1487/1180/1398 1559/1181/1398 1539/1182/1378
f 1494/1183/1399 1489/1184/1400 1561/1185/1400 1566/1186/1399
f 1487/1180/1398 1490/1187/1401 1562/1188/1401 1559/1181/1398
f 1501/1189/1402 1491/1190/1403 1563/1191/1403 1573/1192/1402
f 1491/1190/1403 1492/1193/1404 1564/1194/1404 1563/1191/1403
f 1492/1193/1404 1493/1195/1405 1565/1196/1405 1564/1194/1404
f 1500/1197/1406 1494/1183/1399 1566/1186/1399 1572/1198/1406
f 1489/1199/1400 1495/1200/1407 1567/1201/1407 1561/1202/1400
f 1499/1203/1408 1496/1204/1409 1568/1205/1409 1571/1206/1408
f 1496/1204/1409 1497/1207/1410 1569/1208/1410 1568/1205/1409
f 1497/1209/1411 1498/1210/1397 1570/1211/1397 1569/1212/1411
f 1495/1200/1407 1499/1203/1408 1571/1206/1408 1567/1201/1407
f 1493/1195/1405 1500/1197/1406 1572/1198/1406 1565/1196/1405
f 1490/1187/1401 1501/1189/1402 1573/1192/1402 1562/1188/1401
f 1503/1213/1412 1483/1167/1393 1555/1170/1393 1575/1214/1412
f 1504/1215/1413 1502/1216/1414 1574/1217/1414 1576/1218/1413
f 1502/1219/1414 1503/1213/1412 1575/1214/1412 1574/1220/1414
f 1488/1221/1391 1504/1215/1413 1576/1218/1413 1560/1222/1391
f 1505/1223/1393 1506/1224/1415 1578/1225/1415 1577/1226/1393
f 1512/1227/1416 1507/1228/1417 1579/1229/1417 1584/1230/1416
f 1506/1224/1415 1508/1231/1418 1580/1232/1418 1578/1225/1415
f 1518/1233/1419 1509/1234/1420 1581/1235/1420 1590/1236/1419
f 1509/1234/1420 1510/1237/1421 1582/1238/1421 1581/1235/1420
f 1510/1237/1421 1511/1239/1422 1583/1240/1422 1582/1238/1421
f 1517/1241/1423 1512/1227/1416 1584/1230/1416 1589/1242/1423
f 1507/1243/1417 1513/1244/1424 1585/1245/1424 1579/1246/1417
f 1516/1247/1425 1514/1248/1426 1586/1249/1426 1588/1250/1425
f 1514/1248/1426 1515/1251/1427 1587/1252/1427 1586/1249/1426
f 1515/1253/1428 1479/1163/1391 1551/1166/1391 1587/1254/1428
f 1513/1244/1424 1516/1247/1425 1588/1250/1425 1585/1245/1424
f 1511/1239/1422 1517/1241/1423 1589/1242/1423 1583/1240/1422
f 1508/1231/1418 1518/1233/1419 1590/1236/1419 1580/1232/1418
f 1521/1255/1429 1519/1256/1378 1591/1257/1378 1593/1258/1429
f 1522/1259/1430 1520/1260/1431 1592/1261/1431 1594/1262/1430
f 1520/1263/1431 1521/1255/1429 1593/1258/1429 1592/1264/1431
f 1469/1177/1397 1522/1259/1430 1594/1262/1430 1541/1178/1397
f 1523/1265/1432 1505/1266/1393 1577/1267/1393 1595/1268/1432
f 1524/1269/1433 1529/1270/1434 1601/1271/1434 1596/1272/1433
f 1525/1273/1435 1523/1265/1432 1595/1268/1432 1597/1274/1435
f 1526/1275/1436 1535/1276/1437 1607/1277/1437 1598/1278/1436
f 1527/1279/1438 1526/1275/1436 1598/1278/1436 1599/1280/1438
f 1528/1281/1439 1527/1279/1438 1599/1280/1438 1600/1282/1439
f 1529/1270/1434 1534/1283/1440 1606/1284/1440 1601/1271/1434
f 1530/1285/1441 1524/1286/1433 1596/1287/1433 1602/1288/1441
f 1531/1289/1442 1533/1290/1443 1605/1291/1443 1603/1292/1442
f 1532/1293/1444 1531/1289/1442 1603/1292/1442 1604/1294/1444
f 1498/1210/1397 1532/1295/1445 1604/1296/1445 1570/1211/1397
f 1533/1290/1443 1530/1285/1441 1602/1288/1441 1605/1291/1443
f 1534/1283/1440 1528/1281/1439 1600/1282/1439 1606/1284/1440
f 1535/1276/1437 1525/1273/1435 1597/1274/1435 1607/1277/1437
f 1519/1256/1378 1537/1297/1446 1609/1298/1446 1591/1257/1378
f 1536/1299/1447 1538/1300/1448 1610/1301/1448 1608/1302/1447
f 1537/1297/1446 1536/1303/1447 1608/1304/1447 1609/1298/1446
f 1538/1300/1448 1488/1221/1391 1560/1222/1391 1610/1301/1448
