# Blender 5.1.0
# www.blender.org
mtllib 卡牌.mtl
o 2_low.005
v 0.277597 1.045605 -2.769184
v 0.276576 1.045605 -2.500677
v 0.468915 1.045605 -2.769184
v 0.468915 1.045605 -2.500677
v 0.273623 1.045605 -2.762147
v 0.273623 1.045605 -2.506171
v 0.277597 1.039984 -2.769184
v 0.276577 1.039984 -2.500677
v 0.468915 1.039984 -2.769184
v 0.468915 1.039984 -2.500677
v 0.273623 1.039984 -2.762147
v 0.273623 1.039984 -2.506171
v 0.221585 1.039984 -2.840426
v 0.220216 1.039984 -2.452576
v 0.468915 1.039984 -2.839426
v 0.468915 1.039984 -2.452576
v 0.219162 1.039984 -2.838803
v 0.219162 1.039984 -2.453969
v 0.221585 1.065020 -2.840426
v 0.220216 1.065020 -2.452576
v 0.468915 1.065020 -2.839426
v 0.468915 1.065020 -2.452576
v 0.219162 1.065020 -2.838803
v 0.219162 1.065020 -2.453969
v 0.217793 1.070231 -2.737488
v 0.217793 1.070231 -2.449858
v 0.318085 1.070231 -2.492862
v 0.318085 1.070231 -2.446167
v 0.228423 1.070231 -2.446167
v 0.293556 1.070231 -2.493567
v 0.289340 1.070231 -2.521263
v 0.287300 1.070231 -2.556357
v 0.270178 1.070231 -2.737488
v 0.256173 1.070231 -2.575208
v 0.280485 1.070231 -2.638119
v 0.217793 1.053941 -2.737488
v 0.217793 1.053941 -2.449858
v 0.318085 1.053941 -2.492862
v 0.318085 1.053941 -2.446167
v 0.228423 1.053941 -2.446167
v 0.293556 1.053941 -2.493567
v 0.289340 1.053941 -2.521263
v 0.287300 1.053941 -2.556357
v 0.270178 1.053941 -2.737488
v 0.256173 1.053941 -2.575208
v 0.280485 1.053941 -2.638119
v 0.448112 1.070756 -2.615745
v 0.324246 1.070756 -2.750308
v 0.475300 1.070756 -2.615745
v 0.475300 1.070756 -2.772642
v 0.416469 1.070756 -2.577410
v 0.377023 1.070756 -2.619286
v 0.271767 1.070756 -2.562017
v 0.256055 1.070756 -2.571773
v 0.218358 1.070756 -2.827955
v 0.217760 1.070756 -2.841630
v 0.489899 1.070756 -2.793788
v 0.482983 1.070756 -2.817373
v 0.429701 1.070756 -2.841630
v 0.483285 1.070756 -2.845843
v 0.438881 1.070756 -2.845843
v 0.448112 1.051597 -2.615745
v 0.324246 1.051597 -2.750308
v 0.475300 1.051597 -2.615745
v 0.475300 1.051597 -2.772642
v 0.416469 1.051597 -2.577410
v 0.377023 1.051597 -2.619286
v 0.271767 1.051597 -2.562017
v 0.256055 1.051597 -2.571773
v 0.218358 1.051597 -2.827955
v 0.217760 1.051597 -2.841630
v 0.489899 1.051597 -2.793788
v 0.482983 1.051597 -2.817373
v 0.429701 1.051597 -2.841630
v 0.483285 1.051597 -2.845843
v 0.438881 1.051597 -2.845843
v 0.483233 1.070756 -2.779649
v 0.483233 1.051597 -2.779649
v 0.488391 1.070756 -2.805795
v 0.488391 1.051597 -2.805795
v 0.199015 1.058502 -2.793882
v 0.199015 1.058502 -2.458191
v 0.227366 1.058502 -2.793882
v 0.227367 1.058502 -2.458191
v 0.199015 1.048997 -2.793882
v 0.199015 1.048997 -2.458191
v 0.227366 1.048997 -2.793882
v 0.227367 1.048997 -2.458191
v 0.216364 1.067280 -2.726412
v 0.215801 1.067280 -2.844206
v 0.289790 1.067280 -2.707603
v 0.324420 1.067280 -2.844206
v 0.314382 1.067280 -2.771505
v 0.216364 1.053563 -2.726412
v 0.215801 1.053563 -2.844206
v 0.289790 1.053563 -2.707603
v 0.324420 1.053563 -2.844206
v 0.314382 1.053563 -2.771505
v 0.471886 1.047924 -2.662451
v 0.453137 1.047924 -2.654545
v 0.409673 1.047924 -2.651198
v 0.366208 1.047924 -2.663920
v 0.332010 1.047924 -2.686422
v 0.306207 1.047924 -2.721761
v 0.288124 1.047924 -2.760796
v 0.290260 1.047924 -2.809506
v 0.306939 1.047924 -2.838806
v 0.471886 1.047924 -2.838806
v 0.452108 1.032509 -2.754148
v 0.449301 1.032509 -2.753200
v 0.432775 1.032509 -2.751909
v 0.417981 1.032509 -2.756449
v 0.407232 1.032509 -2.764392
v 0.397416 1.032509 -2.778985
v 0.392874 1.032509 -2.792244
v 0.393126 1.032509 -2.809686
v 0.395620 1.032509 -2.816900
v 0.452108 1.032509 -2.816900
v 0.312627 1.038443 -2.838806
v 0.298437 1.038443 -2.808630
v 0.311919 1.038443 -2.725424
v 0.336829 1.038443 -2.691034
v 0.409414 1.038443 -2.658518
v 0.450793 1.038443 -2.661325
v 0.471886 1.038399 -2.667161
v 0.471886 1.038443 -2.838806
v 0.297195 1.038443 -2.760648
v 0.367658 1.038443 -2.670268
v 0.471886 1.034559 -2.674250
v 0.451710 1.034559 -2.667877
v 0.409943 1.034559 -2.664823
v 0.371427 1.034559 -2.675884
v 0.342786 1.034559 -2.695694
v 0.317875 1.034559 -2.730358
v 0.305884 1.034559 -2.763122
v 0.306537 1.034559 -2.805501
v 0.317245 1.034559 -2.838806
v 0.471886 1.034559 -2.838806
v 0.452122 1.032509 -2.675444
v 0.471886 1.032509 -2.681454
v 0.412046 1.032509 -2.672509
v 0.375122 1.032509 -2.683133
v 0.347679 1.032509 -2.702147
v 0.323780 1.032509 -2.735466
v 0.312288 1.032509 -2.766923
v 0.312914 1.032509 -2.807631
v 0.323071 1.032509 -2.838806
v 0.471886 1.032509 -2.838806
v 0.222610 1.037264 -2.446393
v 0.218408 1.037264 -2.677874
v 0.312316 1.037264 -2.446394
v 0.289372 1.037264 -2.488339
v 0.309367 1.037264 -2.468091
v 0.218409 1.037264 -2.449923
v 0.315270 1.037264 -2.454790
v 0.270999 1.037264 -2.481432
v 0.242162 1.037264 -2.671497
v 0.235899 1.037264 -2.677874
v 0.242162 1.037264 -2.502927
v 0.250725 1.037264 -2.488492
v 0.222610 1.053705 -2.446393
v 0.218408 1.053705 -2.677874
v 0.312316 1.053705 -2.446394
v 0.289372 1.053705 -2.488339
v 0.309367 1.053705 -2.468091
v 0.218409 1.053705 -2.449923
v 0.315270 1.053705 -2.454790
v 0.270999 1.053705 -2.481432
v 0.242162 1.053705 -2.671497
v 0.235899 1.053705 -2.677874
v 0.242162 1.053705 -2.502927
v 0.250725 1.053705 -2.488492
v 0.293353 1.037264 -2.487053
v 0.293353 1.053705 -2.487053
v 0.219310 1.037264 -2.447711
v 0.219310 1.053705 -2.447711
v 0.362581 1.038691 -2.454612
v 0.360525 1.038691 -2.448228
v 0.475725 1.038691 -2.565783
v 0.476329 1.038691 -2.448228
v 0.392966 1.038691 -2.470274
v 0.378267 1.038691 -2.488985
v 0.385529 1.038691 -2.498212
v 0.381248 1.038691 -2.497378
v 0.437594 1.038691 -2.480801
v 0.464049 1.038691 -2.572081
v 0.468014 1.038691 -2.574931
v 0.362581 1.052590 -2.454612
v 0.360525 1.052590 -2.448228
v 0.475725 1.052590 -2.565783
v 0.476329 1.052590 -2.448228
v 0.392966 1.052590 -2.470274
v 0.378267 1.052590 -2.488985
v 0.385529 1.052590 -2.498212
v 0.381248 1.052590 -2.497378
v 0.437594 1.052590 -2.480801
v 0.464049 1.052590 -2.572081
v 0.468014 1.052590 -2.574931
v 0.475090 1.038691 -2.572239
v 0.475090 1.052590 -2.572239
v 0.361018 1.038691 -2.451446
v 0.361018 1.052590 -2.451446
v 0.260095 1.037264 -2.483676
v 0.260095 1.053705 -2.483676
v 0.245383 1.037264 -2.495077
v 0.245383 1.053705 -2.495077
v 0.239650 1.037264 -2.675501
v 0.239650 1.053705 -2.675501
v 0.378405 1.038691 -2.493552
v 0.378405 1.052590 -2.493552
v 0.471693 1.038691 -2.575237
v 0.471693 1.052590 -2.575237
v 0.220681 1.037264 -2.446778
v 0.220681 1.053705 -2.446778
v 0.216714 1.037424 -2.845528
v 0.216714 1.037424 -2.726522
v 0.230252 1.037424 -2.727909
v 0.222630 1.037424 -2.723499
v 0.243137 1.037424 -2.788984
v 0.239963 1.037424 -2.758250
v 0.253648 1.037424 -2.822430
v 0.254063 1.037424 -2.845528
v 0.216714 1.052020 -2.845528
v 0.216714 1.052020 -2.726522
v 0.230252 1.052020 -2.727909
v 0.222630 1.052020 -2.723499
v 0.243137 1.052020 -2.788984
v 0.239963 1.052020 -2.758250
v 0.253648 1.052020 -2.822430
v 0.254063 1.052020 -2.845528
v 0.226801 1.037424 -2.724481
v 0.226801 1.052020 -2.724481
v 0.397625 1.066631 -2.553792
v 0.477094 1.066631 -2.448287
v 0.477094 1.066631 -2.616329
v 0.447544 1.066631 -2.616215
v 0.326715 1.066631 -2.597876
v 0.305363 1.066631 -2.584632
v 0.341062 1.066631 -2.514199
v 0.230161 1.066631 -2.464526
v 0.230427 1.066631 -2.448287
v 0.397625 1.055379 -2.553792
v 0.477094 1.055379 -2.448287
v 0.477094 1.055379 -2.616329
v 0.447544 1.055379 -2.616215
v 0.326715 1.055379 -2.597876
v 0.305363 1.055379 -2.584632
v 0.341062 1.055379 -2.514199
v 0.230161 1.055379 -2.464526
v 0.230427 1.055379 -2.448287
v 0.421037 1.030466 -2.741200
v 0.469052 1.030466 -2.656492
v 0.429117 1.030466 -2.842000
v 0.475399 1.030466 -2.657916
v 0.347218 1.030466 -2.719859
v 0.352911 1.030466 -2.711925
v 0.380427 1.030466 -2.768846
v 0.294230 1.030466 -2.829273
v 0.299634 1.030466 -2.842597
v 0.475520 1.030466 -2.772504
v 0.484124 1.030466 -2.780279
v 0.489361 1.030466 -2.802889
v 0.482954 1.030466 -2.817387
v 0.482954 1.030466 -2.845922
v 0.438277 1.030466 -2.845922
v 0.489147 1.030466 -2.791322
v 0.421037 1.050900 -2.741200
v 0.469052 1.050900 -2.656492
v 0.429117 1.050900 -2.842000
v 0.475399 1.050900 -2.657916
v 0.347218 1.050900 -2.719859
v 0.352911 1.050900 -2.711925
v 0.380427 1.050900 -2.768846
v 0.294230 1.050900 -2.829273
v 0.299634 1.050900 -2.842597
v 0.475520 1.050900 -2.772504
v 0.484124 1.050900 -2.780279
v 0.489361 1.050900 -2.802889
v 0.482954 1.050900 -2.817387
v 0.482954 1.050900 -2.845922
v 0.438277 1.050900 -2.845922
v 0.489147 1.050900 -2.791322
v 0.347178 1.030466 -2.715790
v 0.347178 1.050900 -2.715790
v 0.294085 1.030466 -2.834695
v 0.294085 1.050900 -2.834695
v 0.473973 1.030466 -2.656087
v 0.473973 1.050900 -2.656087
v 0.296123 1.030466 -2.839923
v 0.296123 1.050900 -2.839923
v 0.349663 1.030466 -2.713008
v 0.349663 1.050900 -2.713008
v 0.471504 1.030466 -2.655323
v 0.471504 1.050900 -2.655323
v 0.219021 1.037424 -2.724187
v 0.219021 1.052020 -2.724187
v 0.277597 0.993027 -2.769184
v 0.276577 0.993027 -2.500677
v 0.468915 0.993027 -2.769184
v 0.468915 0.993027 -2.500677
v 0.273623 0.993027 -2.762147
v 0.273623 0.993027 -2.506171
v 0.277597 0.987405 -2.769184
v 0.276577 0.987405 -2.500677
v 0.468915 0.987406 -2.769184
v 0.468915 0.987406 -2.500677
v 0.273623 0.987405 -2.762147
v 0.273623 0.987405 -2.506171
v 0.221585 0.987405 -2.840426
v 0.220216 0.987405 -2.452576
v 0.468915 0.987406 -2.839426
v 0.468915 0.987406 -2.452576
v 0.219162 0.987405 -2.838803
v 0.219162 0.987405 -2.453969
v 0.221585 1.012442 -2.840426
v 0.220216 1.012442 -2.452576
v 0.468915 1.012442 -2.839426
v 0.468915 1.012442 -2.452576
v 0.219162 1.012442 -2.838803
v 0.219162 1.012442 -2.453969
v 0.217793 1.017653 -2.737488
v 0.217793 1.017653 -2.449858
v 0.318085 1.017653 -2.492862
v 0.318085 1.017653 -2.446167
v 0.228423 1.017653 -2.446167
v 0.293556 1.017653 -2.493567
v 0.289340 1.017653 -2.521263
v 0.287300 1.017653 -2.556357
v 0.270178 1.017653 -2.737488
v 0.256173 1.017653 -2.575208
v 0.280485 1.017653 -2.638119
v 0.217793 1.001363 -2.737488
v 0.217793 1.001363 -2.449858
v 0.318085 1.001363 -2.492862
v 0.318085 1.001363 -2.446167
v 0.228423 1.001363 -2.446167
v 0.293556 1.001363 -2.493567
v 0.289340 1.001363 -2.521263
v 0.287300 1.001363 -2.556357
v 0.270178 1.001363 -2.737488
v 0.256173 1.001363 -2.575208
v 0.280485 1.001363 -2.638119
v 0.448112 1.018178 -2.615745
v 0.324246 1.018178 -2.750308
v 0.475300 1.018178 -2.615745
v 0.475300 1.018178 -2.772642
v 0.416469 1.018178 -2.577410
v 0.377023 1.018178 -2.619286
v 0.271767 1.018178 -2.562017
v 0.256055 1.018178 -2.571773
v 0.218358 1.018178 -2.827955
v 0.217760 1.018178 -2.841630
v 0.489899 1.018178 -2.793788
v 0.482983 1.018178 -2.817373
v 0.429701 1.018178 -2.841630
v 0.483285 1.018178 -2.845843
v 0.438881 1.018178 -2.845843
v 0.448112 0.999019 -2.615745
v 0.324246 0.999019 -2.750308
v 0.475300 0.999019 -2.615745
v 0.475300 0.999019 -2.772642
v 0.416469 0.999019 -2.577410
v 0.377023 0.999019 -2.619286
v 0.271767 0.999019 -2.562017
v 0.256055 0.999019 -2.571773
v 0.218358 0.999019 -2.827955
v 0.217760 0.999019 -2.841630
v 0.489899 0.999019 -2.793788
v 0.482983 0.999019 -2.817373
v 0.429701 0.999019 -2.841630
v 0.483285 0.999019 -2.845843
v 0.438881 0.999019 -2.845843
v 0.483233 1.018178 -2.779649
v 0.483233 0.999019 -2.779649
v 0.488391 1.018178 -2.805795
v 0.488391 0.999019 -2.805795
v 0.199015 1.005924 -2.793882
v 0.199015 1.005924 -2.458191
v 0.227366 1.005924 -2.793882
v 0.227367 1.005924 -2.458191
v 0.199015 0.996419 -2.793882
v 0.199015 0.996419 -2.458191
v 0.227366 0.996419 -2.793882
v 0.227367 0.996419 -2.458191
v 0.216364 1.014702 -2.726412
v 0.215801 1.014702 -2.844206
v 0.289790 1.014702 -2.707603
v 0.324420 1.014702 -2.844206
v 0.314382 1.014702 -2.771505
v 0.216364 1.000985 -2.726412
v 0.215801 1.000985 -2.844206
v 0.289790 1.000985 -2.707603
v 0.324420 1.000985 -2.844206
v 0.314382 1.000985 -2.771505
v 0.471886 0.995346 -2.662451
v 0.453137 0.995346 -2.654545
v 0.409673 0.995346 -2.651198
v 0.366208 0.995346 -2.663920
v 0.332010 0.995346 -2.686422
v 0.306207 0.995346 -2.721761
v 0.288124 0.995346 -2.760796
v 0.290261 0.995346 -2.809506
v 0.306939 0.995346 -2.838806
v 0.471886 0.995346 -2.838806
v 0.452108 0.979931 -2.754148
v 0.449301 0.979931 -2.753200
v 0.432775 0.979931 -2.751909
v 0.417981 0.979931 -2.756449
v 0.407232 0.979931 -2.764392
v 0.397416 0.979931 -2.778985
v 0.392874 0.979931 -2.792244
v 0.393126 0.979931 -2.809686
v 0.395620 0.979931 -2.816900
v 0.452108 0.979931 -2.816900
v 0.312627 0.985865 -2.838806
v 0.298437 0.985865 -2.808630
v 0.311919 0.985865 -2.725424
v 0.336829 0.985865 -2.691034
v 0.409414 0.985865 -2.658518
v 0.450793 0.985865 -2.661325
v 0.471886 0.985821 -2.667161
v 0.471886 0.985865 -2.838806
v 0.297195 0.985865 -2.760648
v 0.367658 0.985865 -2.670268
v 0.471886 0.981981 -2.674250
v 0.451710 0.981981 -2.667877
v 0.409943 0.981981 -2.664823
v 0.371427 0.981981 -2.675884
v 0.342786 0.981981 -2.695694
v 0.317875 0.981981 -2.730358
v 0.305884 0.981981 -2.763122
v 0.306537 0.981981 -2.805501
v 0.317245 0.981981 -2.838806
v 0.471886 0.981981 -2.838806
v 0.452122 0.979931 -2.675444
v 0.471886 0.979931 -2.681454
v 0.412046 0.979931 -2.672509
v 0.375122 0.979931 -2.683133
v 0.347679 0.979931 -2.702147
v 0.323780 0.979931 -2.735466
v 0.312288 0.979931 -2.766923
v 0.312914 0.979931 -2.807631
v 0.323071 0.979931 -2.838806
v 0.471886 0.979931 -2.838806
v 0.222610 0.984686 -2.446393
v 0.218408 0.984686 -2.677874
v 0.312316 0.984686 -2.446394
v 0.289372 0.984686 -2.488339
v 0.309367 0.984686 -2.468091
v 0.218409 0.984686 -2.449923
v 0.315270 0.984686 -2.454790
v 0.270999 0.984686 -2.481432
v 0.242162 0.984686 -2.671497
v 0.235899 0.984686 -2.677874
v 0.242162 0.984686 -2.502927
v 0.250725 0.984686 -2.488492
v 0.222610 1.001127 -2.446393
v 0.218408 1.001127 -2.677874
v 0.312316 1.001127 -2.446394
v 0.289372 1.001127 -2.488339
v 0.309367 1.001127 -2.468091
v 0.218409 1.001127 -2.449923
v 0.315270 1.001127 -2.454790
v 0.270999 1.001127 -2.481432
v 0.242162 1.001127 -2.671497
v 0.235899 1.001127 -2.677874
v 0.242162 1.001127 -2.502927
v 0.250725 1.001127 -2.488492
v 0.293353 0.984686 -2.487053
v 0.293353 1.001127 -2.487053
v 0.219310 0.984686 -2.447711
v 0.219310 1.001127 -2.447711
v 0.362581 0.986113 -2.454612
v 0.360525 0.986113 -2.448228
v 0.475725 0.986113 -2.565783
v 0.476329 0.986113 -2.448228
v 0.392966 0.986113 -2.470274
v 0.378267 0.986113 -2.488985
v 0.385529 0.986113 -2.498212
v 0.381248 0.986113 -2.497378
v 0.437594 0.986113 -2.480801
v 0.464049 0.986113 -2.572081
v 0.468014 0.986113 -2.574931
v 0.362581 1.000012 -2.454612
v 0.360525 1.000012 -2.448228
v 0.475725 1.000012 -2.565783
v 0.476329 1.000012 -2.448228
v 0.392966 1.000012 -2.470274
v 0.378267 1.000012 -2.488985
v 0.385529 1.000012 -2.498212
v 0.381248 1.000012 -2.497378
v 0.437594 1.000012 -2.480801
v 0.464049 1.000012 -2.572081
v 0.468014 1.000012 -2.574931
v 0.475090 0.986113 -2.572239
v 0.475090 1.000012 -2.572239
v 0.361018 0.986113 -2.451446
v 0.361018 1.000012 -2.451446
v 0.260095 0.984686 -2.483676
v 0.260095 1.001127 -2.483676
v 0.245383 0.984686 -2.495077
v 0.245383 1.001127 -2.495077
v 0.239650 0.984686 -2.675501
v 0.239650 1.001127 -2.675501
v 0.378405 0.986113 -2.493552
v 0.378405 1.000012 -2.493552
v 0.471693 0.986113 -2.575237
v 0.471693 1.000012 -2.575237
v 0.220681 0.984686 -2.446778
v 0.220681 1.001127 -2.446778
v 0.216714 0.984846 -2.845528
v 0.216714 0.984846 -2.726522
v 0.230252 0.984846 -2.727909
v 0.222630 0.984846 -2.723499
v 0.243137 0.984846 -2.788984
v 0.239963 0.984846 -2.758250
v 0.253648 0.984846 -2.822430
v 0.254063 0.984846 -2.845528
v 0.216714 0.999442 -2.845528
v 0.216714 0.999442 -2.726522
v 0.230252 0.999442 -2.727909
v 0.222630 0.999442 -2.723499
v 0.243137 0.999442 -2.788984
v 0.239963 0.999442 -2.758250
v 0.253648 0.999442 -2.822430
v 0.254063 0.999442 -2.845528
v 0.226801 0.984846 -2.724481
v 0.226801 0.999442 -2.724481
v 0.397625 1.014053 -2.553792
v 0.477094 1.014053 -2.448287
v 0.477094 1.014053 -2.616329
v 0.447544 1.014053 -2.616215
v 0.326715 1.014053 -2.597876
v 0.305363 1.014053 -2.584632
v 0.341062 1.014053 -2.514199
v 0.230161 1.014053 -2.464526
v 0.230427 1.014053 -2.448287
v 0.397625 1.002800 -2.553792
v 0.477094 1.002801 -2.448287
v 0.477094 1.002800 -2.616329
v 0.447544 1.002800 -2.616215
v 0.326715 1.002800 -2.597876
v 0.305363 1.002800 -2.584632
v 0.341062 1.002800 -2.514199
v 0.230161 1.002800 -2.464526
v 0.230427 1.002800 -2.448287
v 0.421037 0.977888 -2.741200
v 0.469052 0.977888 -2.656492
v 0.429117 0.977888 -2.842000
v 0.475399 0.977888 -2.657916
v 0.347218 0.977888 -2.719859
v 0.352911 0.977888 -2.711925
v 0.380427 0.977888 -2.768846
v 0.294230 0.977888 -2.829273
v 0.299634 0.977888 -2.842597
v 0.475520 0.977888 -2.772504
v 0.484124 0.977888 -2.780279
v 0.489361 0.977888 -2.802889
v 0.482954 0.977888 -2.817387
v 0.482954 0.977888 -2.845922
v 0.438277 0.977888 -2.845922
v 0.489147 0.977888 -2.791322
v 0.421037 0.998321 -2.741200
v 0.469052 0.998321 -2.656492
v 0.429117 0.998321 -2.842000
v 0.475399 0.998321 -2.657916
v 0.347218 0.998321 -2.719859
v 0.352911 0.998321 -2.711925
v 0.380427 0.998321 -2.768846
v 0.294230 0.998321 -2.829273
v 0.299634 0.998321 -2.842597
v 0.475520 0.998321 -2.772504
v 0.484124 0.998321 -2.780279
v 0.489361 0.998321 -2.802889
v 0.482954 0.998321 -2.817387
v 0.482954 0.998321 -2.845922
v 0.438277 0.998321 -2.845922
v 0.489147 0.998321 -2.791322
v 0.347178 0.977888 -2.715790
v 0.347178 0.998321 -2.715790
v 0.294085 0.977888 -2.834695
v 0.294085 0.998321 -2.834695
v 0.473973 0.977888 -2.656087
v 0.473973 0.998321 -2.656087
v 0.296123 0.977888 -2.839923
v 0.296123 0.998321 -2.839923
v 0.349663 0.977888 -2.713008
v 0.349663 0.998321 -2.713008
v 0.471505 0.977888 -2.655323
v 0.471504 0.998321 -2.655323
v 0.219021 0.984846 -2.724187
v 0.219021 0.999442 -2.724187
v 0.277597 0.940449 -2.769184
v 0.276577 0.940449 -2.500677
v 0.468915 0.940449 -2.769184
v 0.468915 0.940449 -2.500677
v 0.273623 0.940449 -2.762147
v 0.273623 0.940449 -2.506171
v 0.277597 0.934827 -2.769184
v 0.276577 0.934827 -2.500677
v 0.468915 0.934827 -2.769184
v 0.468915 0.934827 -2.500677
v 0.273623 0.934827 -2.762147
v 0.273623 0.934827 -2.506171
v 0.221585 0.934827 -2.840426
v 0.220216 0.934827 -2.452576
v 0.468915 0.934827 -2.839426
v 0.468915 0.934827 -2.452576
v 0.219162 0.934827 -2.838803
v 0.219162 0.934827 -2.453969
v 0.221585 0.959864 -2.840426
v 0.220216 0.959864 -2.452576
v 0.468915 0.959864 -2.839426
v 0.468915 0.959864 -2.452576
v 0.219162 0.959864 -2.838803
v 0.219162 0.959864 -2.453969
v 0.217793 0.965075 -2.737488
v 0.217793 0.965075 -2.449858
v 0.318085 0.965075 -2.492862
v 0.318085 0.965075 -2.446167
v 0.228423 0.965075 -2.446167
v 0.293556 0.965075 -2.493567
v 0.289340 0.965075 -2.521263
v 0.287300 0.965075 -2.556357
v 0.270178 0.965075 -2.737488
v 0.256173 0.965075 -2.575208
v 0.280485 0.965075 -2.638119
v 0.217793 0.948785 -2.737488
v 0.217793 0.948785 -2.449858
v 0.318085 0.948785 -2.492862
v 0.318085 0.948785 -2.446167
v 0.228423 0.948785 -2.446167
v 0.293556 0.948785 -2.493567
v 0.289340 0.948785 -2.521263
v 0.287300 0.948785 -2.556357
v 0.270178 0.948785 -2.737488
v 0.256173 0.948785 -2.575208
v 0.280485 0.948785 -2.638119
v 0.448112 0.965599 -2.615745
v 0.324246 0.965599 -2.750308
v 0.475300 0.965599 -2.615745
v 0.475300 0.965599 -2.772642
v 0.416469 0.965599 -2.577410
v 0.377023 0.965599 -2.619286
v 0.271767 0.965599 -2.562017
v 0.256055 0.965599 -2.571773
v 0.218358 0.965599 -2.827955
v 0.217760 0.965599 -2.841630
v 0.489899 0.965599 -2.793788
v 0.482983 0.965599 -2.817373
v 0.429701 0.965599 -2.841630
v 0.483285 0.965599 -2.845843
v 0.438881 0.965599 -2.845843
v 0.448112 0.946441 -2.615745
v 0.324246 0.946441 -2.750308
v 0.475300 0.946441 -2.615745
v 0.475300 0.946441 -2.772642
v 0.416469 0.946441 -2.577410
v 0.377023 0.946441 -2.619286
v 0.271767 0.946440 -2.562017
v 0.256055 0.946440 -2.571773
v 0.218358 0.946440 -2.827955
v 0.217760 0.946440 -2.841630
v 0.489899 0.946441 -2.793788
v 0.482983 0.946441 -2.817373
v 0.429701 0.946441 -2.841630
v 0.483285 0.946441 -2.845843
v 0.438881 0.946441 -2.845843
v 0.483233 0.965599 -2.779649
v 0.483233 0.946441 -2.779649
v 0.488391 0.965599 -2.805795
v 0.488391 0.946441 -2.805795
v 0.199015 0.953346 -2.793882
v 0.199015 0.953346 -2.458191
v 0.227366 0.953346 -2.793882
v 0.227367 0.953346 -2.458191
v 0.199015 0.943841 -2.793882
v 0.199015 0.943841 -2.458191
v 0.227366 0.943841 -2.793882
v 0.227367 0.943841 -2.458191
v 0.216364 0.962124 -2.726412
v 0.215801 0.962124 -2.844206
v 0.289790 0.962124 -2.707603
v 0.324420 0.962124 -2.844206
v 0.314382 0.962124 -2.771505
v 0.216364 0.948407 -2.726412
v 0.215801 0.948407 -2.844206
v 0.289790 0.948407 -2.707603
v 0.324420 0.948407 -2.844206
v 0.314382 0.948407 -2.771505
v 0.471886 0.942768 -2.662451
v 0.453137 0.942768 -2.654545
v 0.409673 0.942768 -2.651198
v 0.366208 0.942768 -2.663920
v 0.332010 0.942768 -2.686422
v 0.306207 0.942768 -2.721761
v 0.288124 0.942768 -2.760796
v 0.290261 0.942768 -2.809506
v 0.306939 0.942768 -2.838806
v 0.471886 0.942768 -2.838806
v 0.452108 0.927352 -2.754148
v 0.449301 0.927352 -2.753200
v 0.432775 0.927352 -2.751909
v 0.417981 0.927352 -2.756449
v 0.407232 0.927352 -2.764392
v 0.397416 0.927352 -2.778985
v 0.392874 0.927352 -2.792244
v 0.393126 0.927352 -2.809686
v 0.395620 0.927352 -2.816900
v 0.452108 0.927352 -2.816900
v 0.312627 0.933287 -2.838806
v 0.298437 0.933287 -2.808630
v 0.311919 0.933287 -2.725424
v 0.336829 0.933287 -2.691034
v 0.409414 0.933287 -2.658518
v 0.450793 0.933287 -2.661325
v 0.471886 0.933242 -2.667161
v 0.471886 0.933287 -2.838806
v 0.297195 0.933287 -2.760648
v 0.367658 0.933287 -2.670268
v 0.471886 0.929402 -2.674250
v 0.451710 0.929402 -2.667877
v 0.409943 0.929402 -2.664823
v 0.371427 0.929402 -2.675884
v 0.342786 0.929402 -2.695694
v 0.317875 0.929402 -2.730358
v 0.305884 0.929402 -2.763122
v 0.306537 0.929402 -2.805501
v 0.317245 0.929402 -2.838806
v 0.471886 0.929402 -2.838806
v 0.452122 0.927352 -2.675444
v 0.471886 0.927352 -2.681454
v 0.412046 0.927352 -2.672509
v 0.375122 0.927352 -2.683133
v 0.347679 0.927352 -2.702147
v 0.323780 0.927352 -2.735466
v 0.312288 0.927352 -2.766923
v 0.312914 0.927352 -2.807631
v 0.323071 0.927352 -2.838806
v 0.471886 0.927352 -2.838806
v 0.222610 0.932108 -2.446393
v 0.218409 0.932108 -2.677874
v 0.312316 0.932108 -2.446394
v 0.289372 0.932108 -2.488339
v 0.309368 0.932108 -2.468091
v 0.218409 0.932108 -2.449923
v 0.315270 0.932108 -2.454790
v 0.270999 0.932108 -2.481432
v 0.242162 0.932108 -2.671497
v 0.235899 0.932108 -2.677874
v 0.242162 0.932108 -2.502927
v 0.250725 0.932108 -2.488492
v 0.222610 0.948549 -2.446393
v 0.218409 0.948549 -2.677874
v 0.312316 0.948549 -2.446394
v 0.289372 0.948549 -2.488339
v 0.309367 0.948549 -2.468091
v 0.218409 0.948549 -2.449923
v 0.315270 0.948549 -2.454790
v 0.270999 0.948549 -2.481432
v 0.242162 0.948549 -2.671497
v 0.235899 0.948549 -2.677874
v 0.242162 0.948549 -2.502927
v 0.250725 0.948549 -2.488492
v 0.293353 0.932108 -2.487053
v 0.293353 0.948549 -2.487053
v 0.219310 0.932108 -2.447711
v 0.219310 0.948549 -2.447711
v 0.362581 0.933535 -2.454612
v 0.360525 0.933535 -2.448228
v 0.475725 0.933535 -2.565783
v 0.476329 0.933535 -2.448228
v 0.392966 0.933535 -2.470274
v 0.378267 0.933535 -2.488985
v 0.385529 0.933535 -2.498212
v 0.381248 0.933535 -2.497378
v 0.437594 0.933535 -2.480801
v 0.464049 0.933535 -2.572081
v 0.468014 0.933535 -2.574931
v 0.362581 0.947434 -2.454612
v 0.360525 0.947434 -2.448228
v 0.475725 0.947434 -2.565783
v 0.476329 0.947434 -2.448228
v 0.392966 0.947434 -2.470274
v 0.378267 0.947434 -2.488985
v 0.385529 0.947434 -2.498212
v 0.381248 0.947434 -2.497378
v 0.437594 0.947434 -2.480801
v 0.464049 0.947434 -2.572081
v 0.468014 0.947434 -2.574931
v 0.475090 0.933535 -2.572239
v 0.475090 0.947434 -2.572239
v 0.361018 0.933535 -2.451446
v 0.361018 0.947434 -2.451446
v 0.260095 0.932108 -2.483676
v 0.260095 0.948549 -2.483676
v 0.245383 0.932108 -2.495077
v 0.245383 0.948549 -2.495077
v 0.239650 0.932108 -2.675501
v 0.239650 0.948549 -2.675501
v 0.378405 0.933535 -2.493552
v 0.378405 0.947434 -2.493552
v 0.471694 0.933535 -2.575237
v 0.471694 0.947434 -2.575237
v 0.220681 0.932108 -2.446778
v 0.220681 0.948549 -2.446778
v 0.216714 0.932268 -2.845528
v 0.216714 0.932268 -2.726522
v 0.230252 0.932268 -2.727909
v 0.222630 0.932268 -2.723499
v 0.243137 0.932268 -2.788984
v 0.239963 0.932268 -2.758250
v 0.253648 0.932268 -2.822430
v 0.254063 0.932268 -2.845528
v 0.216714 0.946864 -2.845528
v 0.216714 0.946864 -2.726522
v 0.230252 0.946864 -2.727909
v 0.222630 0.946864 -2.723499
v 0.243137 0.946864 -2.788984
v 0.239963 0.946864 -2.758250
v 0.253648 0.946864 -2.822430
v 0.254063 0.946864 -2.845528
v 0.226801 0.932268 -2.724481
v 0.226801 0.946864 -2.724481
v 0.397625 0.961475 -2.553792
v 0.477094 0.961475 -2.448287
v 0.477094 0.961475 -2.616329
v 0.447544 0.961475 -2.616215
v 0.326715 0.961475 -2.597876
v 0.305363 0.961475 -2.584632
v 0.341062 0.961475 -2.514199
v 0.230161 0.961475 -2.464526
v 0.230427 0.961475 -2.448287
v 0.397625 0.950222 -2.553792
v 0.477094 0.950223 -2.448287
v 0.477094 0.950222 -2.616329
v 0.447544 0.950222 -2.616215
v 0.326715 0.950222 -2.597876
v 0.305363 0.950222 -2.584632
v 0.341062 0.950222 -2.514199
v 0.230161 0.950222 -2.464526
v 0.230427 0.950222 -2.448287
v 0.421037 0.925310 -2.741200
v 0.469052 0.925310 -2.656492
v 0.429117 0.925310 -2.842000
v 0.475399 0.925310 -2.657916
v 0.347218 0.925310 -2.719859
v 0.352911 0.925310 -2.711925
v 0.380428 0.925310 -2.768846
v 0.294230 0.925310 -2.829273
v 0.299634 0.925310 -2.842597
v 0.475520 0.925310 -2.772504
v 0.484124 0.925310 -2.780279
v 0.489361 0.925310 -2.802889
v 0.482954 0.925310 -2.817387
v 0.482954 0.925310 -2.845922
v 0.438277 0.925310 -2.845922
v 0.489147 0.925310 -2.791322
v 0.421037 0.945743 -2.741200
v 0.469052 0.945743 -2.656492
v 0.429117 0.945743 -2.842000
v 0.475399 0.945743 -2.657916
v 0.347218 0.945743 -2.719859
v 0.352911 0.945743 -2.711925
v 0.380428 0.945743 -2.768846
v 0.294230 0.945743 -2.829273
v 0.299634 0.945743 -2.842597
v 0.475520 0.945743 -2.772504
v 0.484124 0.945743 -2.780279
v 0.489361 0.945743 -2.802889
v 0.482954 0.945743 -2.817387
v 0.482954 0.945743 -2.845922
v 0.438277 0.945743 -2.845922
v 0.489147 0.945743 -2.791322
v 0.347178 0.925310 -2.715790
v 0.347178 0.945743 -2.715790
v 0.294085 0.925310 -2.834695
v 0.294085 0.945743 -2.834695
v 0.473973 0.925310 -2.656087
v 0.473973 0.945743 -2.656087
v 0.296123 0.925310 -2.839923
v 0.296123 0.945743 -2.839923
v 0.349663 0.925310 -2.713008
v 0.349663 0.945743 -2.713008
v 0.471505 0.925310 -2.655323
v 0.471505 0.945743 -2.655323
v 0.219021 0.932268 -2.724187
v 0.219021 0.946864 -2.724187
v 0.277597 0.887871 -2.769184
v 0.276577 0.887871 -2.500677
v 0.468915 0.887871 -2.769184
v 0.468915 0.887871 -2.500677
v 0.273623 0.887871 -2.762147
v 0.273623 0.887871 -2.506171
v 0.277597 0.882249 -2.769184
v 0.276577 0.882249 -2.500677
v 0.468915 0.882249 -2.769184
v 0.468915 0.882249 -2.500677
v 0.273623 0.882249 -2.762147
v 0.273623 0.882249 -2.506171
v 0.221585 0.882249 -2.840426
v 0.220216 0.882249 -2.452576
v 0.468915 0.882249 -2.839426
v 0.468915 0.882249 -2.452576
v 0.219162 0.882249 -2.838803
v 0.219162 0.882249 -2.453969
v 0.221585 0.907286 -2.840426
v 0.220216 0.907286 -2.452576
v 0.468915 0.907286 -2.839426
v 0.468915 0.907286 -2.452576
v 0.219162 0.907286 -2.838803
v 0.219162 0.907286 -2.453969
v 0.217793 0.912496 -2.737488
v 0.217793 0.912497 -2.449858
v 0.318085 0.912497 -2.492862
v 0.318085 0.912497 -2.446167
v 0.228423 0.912497 -2.446167
v 0.293556 0.912497 -2.493567
v 0.289340 0.912497 -2.521263
v 0.287300 0.912497 -2.556357
v 0.270178 0.912497 -2.737488
v 0.256173 0.912497 -2.575208
v 0.280485 0.912497 -2.638119
v 0.217793 0.896207 -2.737488
v 0.217793 0.896207 -2.449858
v 0.318085 0.896207 -2.492862
v 0.318085 0.896207 -2.446167
v 0.228423 0.896207 -2.446167
v 0.293556 0.896207 -2.493567
v 0.289340 0.896207 -2.521263
v 0.287300 0.896207 -2.556357
v 0.270178 0.896207 -2.737488
v 0.256173 0.896207 -2.575208
v 0.280485 0.896207 -2.638119
v 0.448112 0.913021 -2.615745
v 0.324246 0.913021 -2.750308
v 0.475300 0.913021 -2.615745
v 0.475300 0.913021 -2.772642
v 0.416469 0.913021 -2.577410
v 0.377023 0.913021 -2.619286
v 0.271767 0.913021 -2.562017
v 0.256055 0.913021 -2.571773
v 0.218358 0.913021 -2.827955
v 0.217760 0.913021 -2.841630
v 0.489899 0.913021 -2.793788
v 0.482983 0.913021 -2.817373
v 0.429701 0.913021 -2.841630
v 0.483285 0.913021 -2.845843
v 0.438881 0.913021 -2.845843
v 0.448112 0.893862 -2.615745
v 0.324246 0.893862 -2.750308
v 0.475300 0.893862 -2.615745
v 0.475300 0.893862 -2.772642
v 0.416469 0.893862 -2.577410
v 0.377023 0.893862 -2.619286
v 0.271767 0.893862 -2.562017
v 0.256055 0.893862 -2.571773
v 0.218358 0.893862 -2.827955
v 0.217760 0.893862 -2.841630
v 0.489899 0.893862 -2.793788
v 0.482983 0.893862 -2.817373
v 0.429701 0.893862 -2.841630
v 0.483285 0.893862 -2.845843
v 0.438881 0.893862 -2.845843
v 0.483233 0.913021 -2.779649
v 0.483233 0.893862 -2.779649
v 0.488391 0.913021 -2.805795
v 0.488391 0.893862 -2.805795
v 0.199015 0.900768 -2.793882
v 0.199015 0.900768 -2.458191
v 0.227366 0.900768 -2.793882
v 0.227367 0.900768 -2.458191
v 0.199015 0.891263 -2.793882
v 0.199015 0.891263 -2.458191
v 0.227366 0.891263 -2.793882
v 0.227367 0.891263 -2.458191
v 0.216364 0.909545 -2.726412
v 0.215801 0.909545 -2.844206
v 0.289790 0.909545 -2.707603
v 0.324420 0.909545 -2.844206
v 0.314382 0.909545 -2.771505
v 0.216364 0.895829 -2.726412
v 0.215801 0.895829 -2.844206
v 0.289790 0.895829 -2.707603
v 0.324420 0.895829 -2.844206
v 0.314382 0.895829 -2.771505
v 0.471886 0.890190 -2.662451
v 0.453137 0.890190 -2.654545
v 0.409673 0.890190 -2.651198
v 0.366208 0.890190 -2.663920
v 0.332010 0.890190 -2.686422
v 0.306207 0.890190 -2.721761
v 0.288124 0.890190 -2.760796
v 0.290261 0.890190 -2.809506
v 0.306939 0.890190 -2.838806
v 0.471886 0.890190 -2.838806
v 0.452108 0.874774 -2.754148
v 0.449301 0.874774 -2.753200
v 0.432775 0.874774 -2.751909
v 0.417981 0.874774 -2.756449
v 0.407232 0.874774 -2.764392
v 0.397416 0.874774 -2.778985
v 0.392874 0.874774 -2.792244
v 0.393126 0.874774 -2.809686
v 0.395620 0.874774 -2.816900
v 0.452108 0.874774 -2.816900
v 0.312627 0.880709 -2.838806
v 0.298437 0.880709 -2.808630
v 0.311919 0.880709 -2.725424
v 0.336829 0.880709 -2.691034
v 0.409414 0.880709 -2.658518
v 0.450793 0.880709 -2.661325
v 0.471886 0.880664 -2.667161
v 0.471886 0.880709 -2.838806
v 0.297195 0.880709 -2.760648
v 0.367658 0.880709 -2.670268
v 0.471886 0.876824 -2.674250
v 0.451710 0.876824 -2.667877
v 0.409943 0.876824 -2.664823
v 0.371427 0.876824 -2.675884
v 0.342786 0.876824 -2.695694
v 0.317875 0.876824 -2.730358
v 0.305884 0.876824 -2.763122
v 0.306537 0.876824 -2.805501
v 0.317245 0.876824 -2.838806
v 0.471886 0.876824 -2.838806
v 0.452122 0.874774 -2.675444
v 0.471886 0.874774 -2.681454
v 0.412046 0.874774 -2.672509
v 0.375122 0.874774 -2.683133
v 0.347679 0.874774 -2.702147
v 0.323780 0.874774 -2.735466
v 0.312288 0.874774 -2.766923
v 0.312914 0.874774 -2.807631
v 0.323071 0.874774 -2.838806
v 0.471886 0.874774 -2.838806
v 0.222610 0.879530 -2.446393
v 0.218409 0.879530 -2.677874
v 0.312316 0.879530 -2.446394
v 0.289372 0.879530 -2.488339
v 0.309368 0.879530 -2.468091
v 0.218409 0.879530 -2.449923
v 0.315270 0.879530 -2.454790
v 0.270999 0.879530 -2.481432
v 0.242162 0.879530 -2.671497
v 0.235899 0.879530 -2.677874
v 0.242162 0.879530 -2.502927
v 0.250725 0.879530 -2.488492
v 0.222610 0.895971 -2.446393
v 0.218409 0.895971 -2.677874
v 0.312316 0.895971 -2.446394
v 0.289372 0.895971 -2.488339
v 0.309368 0.895971 -2.468091
v 0.218409 0.895971 -2.449923
v 0.315270 0.895971 -2.454790
v 0.270999 0.895971 -2.481432
v 0.242162 0.895971 -2.671497
v 0.235899 0.895971 -2.677874
v 0.242162 0.895971 -2.502927
v 0.250725 0.895971 -2.488492
v 0.293353 0.879530 -2.487053
v 0.293353 0.895971 -2.487053
v 0.219310 0.879530 -2.447711
v 0.219310 0.895971 -2.447711
v 0.362581 0.880956 -2.454612
v 0.360525 0.880956 -2.448228
v 0.475725 0.880956 -2.565783
v 0.476329 0.880956 -2.448228
v 0.392966 0.880956 -2.470274
v 0.378267 0.880956 -2.488985
v 0.385529 0.880956 -2.498212
v 0.381248 0.880956 -2.497378
v 0.437594 0.880956 -2.480801
v 0.464049 0.880956 -2.572081
v 0.468014 0.880956 -2.574931
v 0.362581 0.894855 -2.454612
v 0.360525 0.894855 -2.448228
v 0.475725 0.894855 -2.565783
v 0.476329 0.894855 -2.448228
v 0.392966 0.894855 -2.470274
v 0.378267 0.894855 -2.488985
v 0.385529 0.894855 -2.498212
v 0.381248 0.894855 -2.497378
v 0.437594 0.894855 -2.480801
v 0.464049 0.894855 -2.572081
v 0.468014 0.894855 -2.574931
v 0.475090 0.880956 -2.572239
v 0.475090 0.894855 -2.572239
v 0.361018 0.880956 -2.451446
v 0.361018 0.894855 -2.451446
v 0.260095 0.879530 -2.483676
v 0.260095 0.895971 -2.483676
v 0.245383 0.879530 -2.495077
v 0.245383 0.895971 -2.495077
v 0.239650 0.879530 -2.675501
v 0.239650 0.895971 -2.675501
v 0.378405 0.880956 -2.493552
v 0.378405 0.894855 -2.493552
v 0.471694 0.880956 -2.575237
v 0.471694 0.894855 -2.575237
v 0.220681 0.879530 -2.446778
v 0.220681 0.895971 -2.446778
v 0.216714 0.879690 -2.845528
v 0.216714 0.879690 -2.726522
v 0.230252 0.879690 -2.727909
v 0.222630 0.879690 -2.723499
v 0.243137 0.879690 -2.788984
v 0.239963 0.879690 -2.758250
v 0.253648 0.879690 -2.822430
v 0.254063 0.879690 -2.845528
v 0.216714 0.894286 -2.845528
v 0.216714 0.894286 -2.726522
v 0.230252 0.894286 -2.727909
v 0.222630 0.894286 -2.723499
v 0.243137 0.894286 -2.788984
v 0.239963 0.894286 -2.758250
v 0.253648 0.894286 -2.822430
v 0.254063 0.894286 -2.845528
v 0.226801 0.879690 -2.724481
v 0.226801 0.894286 -2.724481
v 0.397625 0.908897 -2.553792
v 0.477094 0.908897 -2.448287
v 0.477094 0.908897 -2.616329
v 0.447544 0.908897 -2.616215
v 0.326715 0.908897 -2.597876
v 0.305363 0.908897 -2.584632
v 0.341062 0.908897 -2.514199
v 0.230161 0.908897 -2.464526
v 0.230427 0.908897 -2.448287
v 0.397625 0.897644 -2.553792
v 0.477094 0.897645 -2.448287
v 0.477094 0.897644 -2.616329
v 0.447544 0.897644 -2.616215
v 0.326715 0.897644 -2.597876
v 0.305363 0.897644 -2.584632
v 0.341062 0.897644 -2.514199
v 0.230161 0.897644 -2.464526
v 0.230427 0.897644 -2.448287
v 0.421037 0.872732 -2.741200
v 0.469052 0.872732 -2.656492
v 0.429117 0.872732 -2.842000
v 0.475399 0.872732 -2.657916
v 0.347218 0.872732 -2.719859
v 0.352911 0.872732 -2.711925
v 0.380428 0.872732 -2.768846
v 0.294230 0.872732 -2.829273
v 0.299634 0.872732 -2.842597
v 0.475520 0.872732 -2.772504
v 0.484124 0.872732 -2.780279
v 0.489361 0.872732 -2.802889
v 0.482954 0.872732 -2.817387
v 0.482954 0.872732 -2.845922
v 0.438277 0.872732 -2.845922
v 0.489147 0.872732 -2.791322
v 0.421037 0.893165 -2.741200
v 0.469052 0.893165 -2.656492
v 0.429117 0.893165 -2.842000
v 0.475399 0.893165 -2.657916
v 0.347218 0.893165 -2.719859
v 0.352911 0.893165 -2.711925
v 0.380428 0.893165 -2.768846
v 0.294230 0.893165 -2.829273
v 0.299634 0.893165 -2.842597
v 0.475520 0.893165 -2.772504
v 0.484124 0.893165 -2.780279
v 0.489361 0.893165 -2.802889
v 0.482954 0.893165 -2.817387
v 0.482954 0.893165 -2.845922
v 0.438277 0.893165 -2.845922
v 0.489147 0.893165 -2.791322
v 0.347178 0.872732 -2.715790
v 0.347178 0.893165 -2.715790
v 0.294085 0.872732 -2.834695
v 0.294085 0.893165 -2.834695
v 0.473973 0.872732 -2.656087
v 0.473973 0.893165 -2.656087
v 0.296123 0.872732 -2.839923
v 0.296123 0.893165 -2.839923
v 0.349663 0.872732 -2.713008
v 0.349663 0.893165 -2.713008
v 0.471505 0.872732 -2.655323
v 0.471505 0.893165 -2.655323
v 0.219021 0.879690 -2.724187
v 0.219021 0.894286 -2.724187
v 0.277597 0.835293 -2.769184
v 0.276577 0.835293 -2.500677
v 0.468915 0.835293 -2.769184
v 0.468915 0.835293 -2.500677
v 0.273623 0.835293 -2.762147
v 0.273623 0.835293 -2.506171
v 0.277597 0.829671 -2.769184
v 0.276577 0.829671 -2.500677
v 0.468915 0.829671 -2.769184
v 0.468915 0.829671 -2.500677
v 0.273623 0.829671 -2.762147
v 0.273623 0.829671 -2.506171
v 0.221585 0.829671 -2.840426
v 0.220216 0.829671 -2.452576
v 0.468915 0.829671 -2.839426
v 0.468915 0.829671 -2.452576
v 0.219162 0.829671 -2.838803
v 0.219162 0.829671 -2.453969
v 0.221585 0.854708 -2.840426
v 0.220216 0.854708 -2.452576
v 0.468915 0.854708 -2.839426
v 0.468915 0.854708 -2.452576
v 0.219162 0.854708 -2.838803
v 0.219162 0.854708 -2.453969
v 0.217793 0.859918 -2.737488
v 0.217793 0.859919 -2.449858
v 0.318085 0.859919 -2.492862
v 0.318085 0.859919 -2.446167
v 0.228423 0.859919 -2.446167
v 0.293556 0.859919 -2.493567
v 0.289340 0.859919 -2.521263
v 0.287300 0.859919 -2.556357
v 0.270178 0.859919 -2.737488
v 0.256173 0.859919 -2.575208
v 0.280485 0.859919 -2.638119
v 0.217793 0.843629 -2.737488
v 0.217793 0.843629 -2.449858
v 0.318085 0.843629 -2.492862
v 0.318085 0.843629 -2.446167
v 0.228423 0.843629 -2.446167
v 0.293556 0.843629 -2.493567
v 0.289340 0.843629 -2.521263
v 0.287300 0.843629 -2.556357
v 0.270178 0.843629 -2.737488
v 0.256173 0.843629 -2.575208
v 0.280485 0.843629 -2.638119
v 0.448112 0.860443 -2.615745
v 0.324246 0.860443 -2.750308
v 0.475300 0.860443 -2.615745
v 0.475300 0.860443 -2.772642
v 0.416469 0.860443 -2.577410
v 0.377023 0.860443 -2.619286
v 0.271767 0.860443 -2.562017
v 0.256055 0.860443 -2.571773
v 0.218358 0.860443 -2.827955
v 0.217760 0.860443 -2.841630
v 0.489899 0.860443 -2.793788
v 0.482983 0.860443 -2.817373
v 0.429701 0.860443 -2.841630
v 0.483285 0.860443 -2.845843
v 0.438881 0.860443 -2.845843
v 0.448112 0.841284 -2.615745
v 0.324246 0.841284 -2.750308
v 0.475300 0.841284 -2.615745
v 0.475300 0.841284 -2.772642
v 0.416469 0.841284 -2.577410
v 0.377023 0.841284 -2.619286
v 0.271767 0.841284 -2.562017
v 0.256055 0.841284 -2.571773
v 0.218358 0.841284 -2.827955
v 0.217760 0.841284 -2.841630
v 0.489899 0.841284 -2.793788
v 0.482983 0.841284 -2.817373
v 0.429701 0.841284 -2.841630
v 0.483285 0.841284 -2.845843
v 0.438881 0.841284 -2.845843
v 0.483233 0.860443 -2.779649
v 0.483233 0.841284 -2.779649
v 0.488391 0.860443 -2.805795
v 0.488391 0.841284 -2.805795
v 0.199015 0.848190 -2.793882
v 0.199015 0.848190 -2.458191
v 0.227366 0.848190 -2.793882
v 0.227367 0.848190 -2.458191
v 0.199015 0.838685 -2.793882
v 0.199015 0.838685 -2.458191
v 0.227366 0.838685 -2.793882
v 0.227367 0.838685 -2.458191
v 0.216364 0.856967 -2.726412
v 0.215801 0.856967 -2.844206
v 0.289790 0.856967 -2.707603
v 0.324420 0.856967 -2.844206
v 0.314382 0.856967 -2.771505
v 0.216364 0.843250 -2.726412
v 0.215801 0.843250 -2.844206
v 0.289790 0.843251 -2.707603
v 0.324420 0.843251 -2.844206
v 0.314382 0.843251 -2.771505
v 0.471886 0.837612 -2.662451
v 0.453137 0.837612 -2.654545
v 0.409673 0.837612 -2.651198
v 0.366208 0.837612 -2.663920
v 0.332010 0.837612 -2.686422
v 0.306207 0.837612 -2.721761
v 0.288124 0.837612 -2.760796
v 0.290261 0.837612 -2.809506
v 0.306939 0.837612 -2.838806
v 0.471886 0.837612 -2.838806
v 0.452108 0.822196 -2.754148
v 0.449301 0.822196 -2.753200
v 0.432775 0.822196 -2.751909
v 0.417981 0.822196 -2.756449
v 0.407232 0.822196 -2.764392
v 0.397416 0.822196 -2.778985
v 0.392874 0.822196 -2.792244
v 0.393126 0.822196 -2.809686
v 0.395620 0.822196 -2.816900
v 0.452108 0.822196 -2.816900
v 0.312627 0.828130 -2.838806
v 0.298437 0.828130 -2.808630
v 0.311919 0.828130 -2.725424
v 0.336829 0.828130 -2.691034
v 0.409414 0.828131 -2.658518
v 0.450793 0.828131 -2.661325
v 0.471886 0.828086 -2.667161
v 0.471886 0.828131 -2.838806
v 0.297195 0.828130 -2.760648
v 0.367658 0.828130 -2.670268
v 0.471886 0.824246 -2.674250
v 0.451710 0.824246 -2.667877
v 0.409943 0.824246 -2.664823
v 0.371427 0.824246 -2.675884
v 0.342786 0.824246 -2.695694
v 0.317875 0.824246 -2.730358
v 0.305884 0.824246 -2.763122
v 0.306537 0.824246 -2.805501
v 0.317245 0.824246 -2.838806
v 0.471886 0.824246 -2.838806
v 0.452122 0.822196 -2.675444
v 0.471886 0.822196 -2.681454
v 0.412046 0.822196 -2.672509
v 0.375122 0.822196 -2.683133
v 0.347679 0.822196 -2.702147
v 0.323780 0.822196 -2.735466
v 0.312288 0.822196 -2.766923
v 0.312914 0.822196 -2.807631
v 0.323071 0.822196 -2.838806
v 0.471886 0.822196 -2.838806
v 0.222610 0.826952 -2.446393
v 0.218409 0.826952 -2.677874
v 0.312316 0.826952 -2.446394
v 0.289372 0.826952 -2.488339
v 0.309368 0.826952 -2.468091
v 0.218409 0.826952 -2.449923
v 0.315270 0.826952 -2.454790
v 0.270999 0.826952 -2.481432
v 0.242162 0.826952 -2.671497
v 0.235899 0.826952 -2.677874
v 0.242162 0.826952 -2.502927
v 0.250725 0.826952 -2.488492
v 0.222610 0.843393 -2.446393
v 0.218409 0.843393 -2.677874
v 0.312316 0.843393 -2.446394
v 0.289372 0.843393 -2.488339
v 0.309368 0.843393 -2.468091
v 0.218409 0.843393 -2.449923
v 0.315270 0.843393 -2.454790
v 0.270999 0.843393 -2.481432
v 0.242162 0.843393 -2.671497
v 0.235899 0.843393 -2.677874
v 0.242162 0.843393 -2.502927
v 0.250725 0.843393 -2.488492
v 0.293353 0.826952 -2.487053
v 0.293353 0.843393 -2.487053
v 0.219310 0.826952 -2.447711
v 0.219310 0.843393 -2.447711
v 0.362581 0.828378 -2.454612
v 0.360525 0.828378 -2.448228
v 0.475725 0.828378 -2.565783
v 0.476329 0.828378 -2.448228
v 0.392966 0.828378 -2.470274
v 0.378267 0.828378 -2.488985
v 0.385529 0.828378 -2.498212
v 0.381248 0.828378 -2.497378
v 0.437594 0.828378 -2.480801
v 0.464049 0.828378 -2.572081
v 0.468014 0.828378 -2.574931
v 0.362581 0.842277 -2.454612
v 0.360525 0.842277 -2.448228
v 0.475725 0.842277 -2.565783
v 0.476329 0.842277 -2.448228
v 0.392966 0.842277 -2.470274
v 0.378267 0.842277 -2.488985
v 0.385529 0.842277 -2.498212
v 0.381248 0.842277 -2.497378
v 0.437594 0.842277 -2.480801
v 0.464049 0.842277 -2.572081
v 0.468014 0.842277 -2.574931
v 0.475090 0.828378 -2.572239
v 0.475090 0.842277 -2.572239
v 0.361018 0.828378 -2.451446
v 0.361018 0.842277 -2.451446
v 0.260095 0.826952 -2.483676
v 0.260095 0.843393 -2.483676
v 0.245383 0.826952 -2.495077
v 0.245383 0.843393 -2.495077
v 0.239650 0.826952 -2.675501
v 0.239650 0.843393 -2.675501
v 0.378405 0.828378 -2.493552
v 0.378405 0.842277 -2.493552
v 0.471694 0.828378 -2.575237
v 0.471694 0.842277 -2.575237
v 0.220681 0.826952 -2.446778
v 0.220681 0.843393 -2.446778
v 0.216714 0.827112 -2.845528
v 0.216714 0.827112 -2.726522
v 0.230252 0.827112 -2.727909
v 0.222630 0.827112 -2.723499
v 0.243137 0.827112 -2.788984
v 0.239963 0.827112 -2.758250
v 0.253648 0.827112 -2.822430
v 0.254063 0.827112 -2.845528
v 0.216714 0.841708 -2.845528
v 0.216714 0.841708 -2.726522
v 0.230252 0.841708 -2.727909
v 0.222630 0.841708 -2.723499
v 0.243137 0.841708 -2.788984
v 0.239963 0.841708 -2.758250
v 0.253648 0.841708 -2.822430
v 0.254063 0.841708 -2.845528
v 0.226801 0.827112 -2.724481
v 0.226801 0.841708 -2.724481
v 0.397625 0.856319 -2.553792
v 0.477094 0.856319 -2.448287
v 0.477094 0.856319 -2.616329
v 0.447544 0.856319 -2.616215
v 0.326715 0.856319 -2.597876
v 0.305363 0.856319 -2.584632
v 0.341062 0.856319 -2.514199
v 0.230161 0.856319 -2.464526
v 0.230427 0.856319 -2.448287
v 0.397625 0.845066 -2.553792
v 0.477094 0.845067 -2.448287
v 0.477094 0.845066 -2.616329
v 0.447544 0.845066 -2.616215
v 0.326715 0.845066 -2.597876
v 0.305363 0.845066 -2.584632
v 0.341062 0.845066 -2.514199
v 0.230161 0.845066 -2.464526
v 0.230427 0.845066 -2.448287
v 0.421037 0.820153 -2.741200
v 0.469052 0.820153 -2.656492
v 0.429117 0.820153 -2.842000
v 0.475399 0.820153 -2.657916
v 0.347218 0.820153 -2.719859
v 0.352911 0.820153 -2.711925
v 0.380428 0.820153 -2.768846
v 0.294230 0.820153 -2.829273
v 0.299634 0.820153 -2.842597
v 0.475520 0.820153 -2.772504
v 0.484124 0.820153 -2.780279
v 0.489361 0.820153 -2.802889
v 0.482954 0.820153 -2.817387
v 0.482954 0.820153 -2.845922
v 0.438277 0.820153 -2.845922
v 0.489147 0.820153 -2.791322
v 0.421037 0.840587 -2.741200
v 0.469052 0.840587 -2.656492
v 0.429117 0.840587 -2.842000
v 0.475399 0.840587 -2.657916
v 0.347218 0.840587 -2.719859
v 0.352911 0.840587 -2.711925
v 0.380428 0.840587 -2.768846
v 0.294230 0.840587 -2.829273
v 0.299634 0.840587 -2.842597
v 0.475520 0.840587 -2.772504
v 0.484124 0.840587 -2.780279
v 0.489361 0.840587 -2.802889
v 0.482954 0.840587 -2.817387
v 0.482954 0.840587 -2.845922
v 0.438277 0.840587 -2.845922
v 0.489147 0.840587 -2.791322
v 0.347178 0.820153 -2.715790
v 0.347178 0.840587 -2.715790
v 0.294085 0.820153 -2.834695
v 0.294085 0.840587 -2.834695
v 0.473973 0.820153 -2.656087
v 0.473973 0.840587 -2.656087
v 0.296123 0.820153 -2.839923
v 0.296123 0.840587 -2.839923
v 0.349663 0.820153 -2.713008
v 0.349663 0.840587 -2.713008
v 0.471505 0.820153 -2.655323
v 0.471505 0.840587 -2.655323
v 0.219021 0.827112 -2.724187
v 0.219021 0.841708 -2.724187
v -0.277597 1.045605 -2.769184
v -0.276576 1.045605 -2.500677
v -0.468915 1.045605 -2.769184
v -0.468915 1.045605 -2.500677
v -0.273623 1.045605 -2.762147
v -0.273623 1.045605 -2.506171
v -0.277597 1.039984 -2.769184
v -0.276576 1.039984 -2.500677
v -0.468915 1.039984 -2.769184
v -0.468915 1.039984 -2.500677
v -0.273623 1.039984 -2.762147
v -0.273623 1.039984 -2.506171
v -0.221585 1.039984 -2.840426
v -0.220216 1.039984 -2.452576
v -0.468915 1.039984 -2.839426
v -0.468915 1.039984 -2.452576
v -0.219162 1.039984 -2.838803
v -0.219162 1.039984 -2.453969
v -0.221585 1.065020 -2.840426
v -0.220216 1.065020 -2.452576
v -0.468915 1.065020 -2.839426
v -0.468915 1.065020 -2.452576
v -0.219162 1.065020 -2.838803
v -0.219162 1.065020 -2.453969
v -0.217793 1.070231 -2.737488
v -0.217793 1.070231 -2.449858
v -0.318085 1.070231 -2.492862
v -0.318085 1.070231 -2.446167
v -0.228423 1.070231 -2.446167
v -0.293556 1.070231 -2.493567
v -0.289340 1.070231 -2.521263
v -0.287300 1.070231 -2.556357
v -0.270178 1.070231 -2.737488
v -0.256173 1.070231 -2.575208
v -0.280485 1.070231 -2.638119
v -0.217793 1.053941 -2.737488
v -0.217793 1.053941 -2.449858
v -0.318085 1.053941 -2.492862
v -0.318085 1.053941 -2.446167
v -0.228423 1.053941 -2.446167
v -0.293556 1.053941 -2.493567
v -0.289340 1.053941 -2.521263
v -0.287300 1.053941 -2.556357
v -0.270178 1.053941 -2.737488
v -0.256173 1.053941 -2.575208
v -0.280485 1.053941 -2.638119
v -0.448112 1.070756 -2.615745
v -0.324246 1.070756 -2.750308
v -0.475300 1.070756 -2.615745
v -0.475300 1.070756 -2.772642
v -0.416469 1.070756 -2.577410
v -0.377023 1.070756 -2.619286
v -0.271767 1.070756 -2.562017
v -0.256055 1.070756 -2.571773
v -0.218358 1.070756 -2.827955
v -0.217760 1.070756 -2.841630
v -0.489899 1.070756 -2.793788
v -0.482983 1.070756 -2.817373
v -0.429701 1.070756 -2.841630
v -0.483285 1.070756 -2.845843
v -0.438881 1.070756 -2.845843
v -0.448112 1.051597 -2.615745
v -0.324246 1.051597 -2.750308
v -0.475300 1.051597 -2.615745
v -0.475300 1.051597 -2.772642
v -0.416469 1.051597 -2.577410
v -0.377023 1.051597 -2.619286
v -0.271767 1.051597 -2.562017
v -0.256055 1.051597 -2.571773
v -0.218358 1.051597 -2.827955
v -0.217760 1.051597 -2.841630
v -0.489899 1.051597 -2.793788
v -0.482983 1.051597 -2.817373
v -0.429701 1.051597 -2.841630
v -0.483285 1.051597 -2.845843
v -0.438881 1.051597 -2.845843
v -0.483233 1.070756 -2.779649
v -0.483233 1.051597 -2.779649
v -0.488391 1.070756 -2.805795
v -0.488391 1.051597 -2.805795
v -0.199015 1.058502 -2.793882
v -0.199015 1.058502 -2.458191
v -0.227366 1.058502 -2.793882
v -0.227366 1.058502 -2.458191
v -0.199015 1.048997 -2.793882
v -0.199015 1.048997 -2.458191
v -0.227366 1.048997 -2.793882
v -0.227366 1.048997 -2.458191
v -0.216364 1.067280 -2.726412
v -0.215801 1.067280 -2.844206
v -0.289790 1.067280 -2.707603
v -0.324420 1.067280 -2.844206
v -0.314382 1.067280 -2.771505
v -0.216364 1.053563 -2.726412
v -0.215801 1.053563 -2.844206
v -0.289790 1.053563 -2.707603
v -0.324420 1.053563 -2.844206
v -0.314382 1.053563 -2.771505
v -0.471886 1.047924 -2.662451
v -0.453137 1.047924 -2.654545
v -0.409673 1.047924 -2.651198
v -0.366208 1.047924 -2.663920
v -0.332010 1.047924 -2.686422
v -0.306207 1.047924 -2.721761
v -0.288124 1.047924 -2.760796
v -0.290260 1.047924 -2.809506
v -0.306939 1.047924 -2.838806
v -0.471886 1.047924 -2.838806
v -0.452108 1.032509 -2.754148
v -0.449301 1.032509 -2.753200
v -0.432775 1.032509 -2.751909
v -0.417981 1.032509 -2.756449
v -0.407232 1.032509 -2.764392
v -0.397416 1.032509 -2.778985
v -0.392874 1.032509 -2.792244
v -0.393126 1.032509 -2.809686
v -0.395620 1.032509 -2.816900
v -0.452108 1.032509 -2.816900
v -0.312627 1.038443 -2.838806
v -0.298437 1.038443 -2.808630
v -0.311919 1.038443 -2.725424
v -0.336829 1.038443 -2.691034
v -0.409414 1.038443 -2.658518
v -0.450793 1.038443 -2.661325
v -0.471886 1.038399 -2.667161
v -0.471886 1.038443 -2.838806
v -0.297195 1.038443 -2.760648
v -0.367658 1.038443 -2.670268
v -0.471886 1.034559 -2.674250
v -0.451710 1.034559 -2.667877
v -0.409943 1.034559 -2.664823
v -0.371427 1.034559 -2.675884
v -0.342786 1.034559 -2.695694
v -0.317875 1.034559 -2.730358
v -0.305884 1.034559 -2.763122
v -0.306537 1.034559 -2.805501
v -0.317245 1.034559 -2.838806
v -0.471886 1.034559 -2.838806
v -0.452122 1.032509 -2.675444
v -0.471886 1.032509 -2.681454
v -0.412046 1.032509 -2.672509
v -0.375122 1.032509 -2.683133
v -0.347679 1.032509 -2.702147
v -0.323780 1.032509 -2.735466
v -0.312288 1.032509 -2.766923
v -0.312914 1.032509 -2.807631
v -0.323071 1.032509 -2.838806
v -0.471886 1.032509 -2.838806
v -0.222610 1.037264 -2.446393
v -0.218408 1.037264 -2.677874
v -0.312316 1.037264 -2.446394
v -0.289372 1.037264 -2.488339
v -0.309368 1.037264 -2.468091
v -0.218409 1.037264 -2.449923
v -0.315270 1.037264 -2.454790
v -0.270999 1.037264 -2.481432
v -0.242162 1.037264 -2.671497
v -0.235899 1.037264 -2.677874
v -0.242162 1.037264 -2.502927
v -0.250725 1.037264 -2.488492
v -0.222610 1.053705 -2.446393
v -0.218408 1.053705 -2.677874
v -0.312316 1.053705 -2.446394
v -0.289372 1.053705 -2.488339
v -0.309368 1.053705 -2.468091
v -0.218409 1.053705 -2.449923
v -0.315270 1.053705 -2.454790
v -0.270999 1.053705 -2.481432
v -0.242162 1.053705 -2.671497
v -0.235899 1.053705 -2.677874
v -0.242162 1.053705 -2.502927
v -0.250725 1.053705 -2.488492
v -0.293353 1.037264 -2.487053
v -0.293353 1.053705 -2.487053
v -0.219310 1.037264 -2.447711
v -0.219310 1.053705 -2.447711
v -0.362581 1.038691 -2.454612
v -0.360525 1.038691 -2.448228
v -0.475725 1.038691 -2.565783
v -0.476329 1.038691 -2.448228
v -0.392966 1.038691 -2.470274
v -0.378267 1.038691 -2.488985
v -0.385529 1.038691 -2.498212
v -0.381248 1.038691 -2.497378
v -0.437594 1.038691 -2.480801
v -0.464049 1.038691 -2.572081
v -0.468014 1.038691 -2.574931
v -0.362581 1.052590 -2.454612
v -0.360525 1.052590 -2.448228
v -0.475725 1.052590 -2.565783
v -0.476329 1.052590 -2.448228
v -0.392966 1.052590 -2.470274
v -0.378267 1.052590 -2.488985
v -0.385529 1.052590 -2.498212
v -0.381248 1.052590 -2.497378
v -0.437594 1.052590 -2.480801
v -0.464049 1.052590 -2.572081
v -0.468014 1.052590 -2.574931
v -0.475090 1.038691 -2.572239
v -0.475090 1.052590 -2.572239
v -0.361018 1.038691 -2.451446
v -0.361018 1.052590 -2.451446
v -0.260095 1.037264 -2.483676
v -0.260095 1.053705 -2.483676
v -0.245383 1.037264 -2.495077
v -0.245383 1.053705 -2.495077
v -0.239650 1.037264 -2.675501
v -0.239650 1.053705 -2.675501
v -0.378405 1.038691 -2.493552
v -0.378405 1.052590 -2.493552
v -0.471693 1.038691 -2.575237
v -0.471693 1.052590 -2.575237
v -0.220681 1.037264 -2.446778
v -0.220681 1.053705 -2.446778
v -0.216714 1.037424 -2.845528
v -0.216714 1.037424 -2.726522
v -0.230252 1.037424 -2.727909
v -0.222630 1.037424 -2.723499
v -0.243137 1.037424 -2.788984
v -0.239963 1.037424 -2.758250
v -0.253648 1.037424 -2.822430
v -0.254063 1.037424 -2.845528
v -0.216714 1.052020 -2.845528
v -0.216714 1.052020 -2.726522
v -0.230252 1.052020 -2.727909
v -0.222630 1.052020 -2.723499
v -0.243137 1.052020 -2.788984
v -0.239963 1.052020 -2.758250
v -0.253648 1.052020 -2.822430
v -0.254063 1.052020 -2.845528
v -0.226801 1.037424 -2.724481
v -0.226801 1.052020 -2.724481
v -0.397625 1.066631 -2.553792
v -0.477094 1.066631 -2.448287
v -0.477094 1.066631 -2.616329
v -0.447544 1.066631 -2.616215
v -0.326715 1.066631 -2.597876
v -0.305363 1.066631 -2.584632
v -0.341062 1.066631 -2.514199
v -0.230161 1.066631 -2.464526
v -0.230427 1.066631 -2.448287
v -0.397625 1.055379 -2.553792
v -0.477094 1.055379 -2.448287
v -0.477094 1.055379 -2.616329
v -0.447544 1.055379 -2.616215
v -0.326715 1.055379 -2.597876
v -0.305363 1.055379 -2.584632
v -0.341062 1.055379 -2.514199
v -0.230161 1.055379 -2.464526
v -0.230427 1.055379 -2.448287
v -0.421037 1.030466 -2.741200
v -0.469052 1.030466 -2.656492
v -0.429117 1.030466 -2.842000
v -0.475399 1.030466 -2.657916
v -0.347218 1.030466 -2.719859
v -0.352911 1.030466 -2.711925
v -0.380427 1.030466 -2.768846
v -0.294230 1.030466 -2.829273
v -0.299634 1.030466 -2.842597
v -0.475520 1.030466 -2.772504
v -0.484124 1.030466 -2.780279
v -0.489360 1.030466 -2.802889
v -0.482954 1.030466 -2.817387
v -0.482954 1.030466 -2.845922
v -0.438277 1.030466 -2.845922
v -0.489147 1.030466 -2.791322
v -0.421037 1.050900 -2.741200
v -0.469052 1.050900 -2.656492
v -0.429117 1.050900 -2.842000
v -0.475399 1.050900 -2.657916
v -0.347218 1.050900 -2.719859
v -0.352911 1.050900 -2.711925
v -0.380427 1.050900 -2.768846
v -0.294230 1.050900 -2.829273
v -0.299634 1.050900 -2.842597
v -0.475520 1.050900 -2.772504
v -0.484124 1.050900 -2.780279
v -0.489360 1.050900 -2.802889
v -0.482954 1.050900 -2.817387
v -0.482954 1.050900 -2.845922
v -0.438277 1.050900 -2.845922
v -0.489147 1.050900 -2.791322
v -0.347178 1.030466 -2.715790
v -0.347178 1.050900 -2.715790
v -0.294085 1.030466 -2.834695
v -0.294085 1.050900 -2.834695
v -0.473973 1.030466 -2.656087
v -0.473973 1.050900 -2.656087
v -0.296123 1.030466 -2.839923
v -0.296123 1.050900 -2.839923
v -0.349663 1.030466 -2.713008
v -0.349663 1.050900 -2.713008
v -0.471504 1.030466 -2.655323
v -0.471504 1.050900 -2.655323
v -0.219021 1.037424 -2.724187
v -0.219021 1.052020 -2.724187
v -0.277597 0.993027 -2.769184
v -0.276576 0.993027 -2.500677
v -0.468915 0.993027 -2.769184
v -0.468915 0.993027 -2.500677
v -0.273623 0.993027 -2.762147
v -0.273623 0.993027 -2.506171
v -0.277597 0.987405 -2.769184
v -0.276576 0.987405 -2.500677
v -0.468915 0.987406 -2.769184
v -0.468915 0.987406 -2.500677
v -0.273623 0.987405 -2.762147
v -0.273623 0.987405 -2.506171
v -0.221585 0.987405 -2.840426
v -0.220216 0.987405 -2.452576
v -0.468915 0.987406 -2.839426
v -0.468915 0.987406 -2.452576
v -0.219162 0.987405 -2.838803
v -0.219162 0.987405 -2.453969
v -0.221585 1.012442 -2.840426
v -0.220216 1.012442 -2.452576
v -0.468915 1.012442 -2.839426
v -0.468915 1.012442 -2.452576
v -0.219162 1.012442 -2.838803
v -0.219162 1.012442 -2.453969
v -0.217793 1.017653 -2.737488
v -0.217793 1.017653 -2.449858
v -0.318085 1.017653 -2.492862
v -0.318085 1.017653 -2.446167
v -0.228423 1.017653 -2.446167
v -0.293556 1.017653 -2.493567
v -0.289340 1.017653 -2.521263
v -0.287300 1.017653 -2.556357
v -0.270178 1.017653 -2.737488
v -0.256173 1.017653 -2.575208
v -0.280485 1.017653 -2.638119
v -0.217793 1.001363 -2.737488
v -0.217793 1.001363 -2.449858
v -0.318085 1.001363 -2.492862
v -0.318085 1.001363 -2.446167
v -0.228423 1.001363 -2.446167
v -0.293556 1.001363 -2.493567
v -0.289340 1.001363 -2.521263
v -0.287300 1.001363 -2.556357
v -0.270178 1.001363 -2.737488
v -0.256173 1.001363 -2.575208
v -0.280485 1.001363 -2.638119
v -0.448112 1.018178 -2.615745
v -0.324246 1.018178 -2.750308
v -0.475300 1.018178 -2.615745
v -0.475300 1.018178 -2.772642
v -0.416469 1.018178 -2.577410
v -0.377023 1.018178 -2.619286
v -0.271767 1.018178 -2.562017
v -0.256055 1.018178 -2.571773
v -0.218358 1.018178 -2.827955
v -0.217760 1.018178 -2.841630
v -0.489899 1.018178 -2.793788
v -0.482983 1.018178 -2.817373
v -0.429701 1.018178 -2.841630
v -0.483285 1.018178 -2.845843
v -0.438881 1.018178 -2.845843
v -0.448112 0.999019 -2.615745
v -0.324246 0.999019 -2.750308
v -0.475300 0.999019 -2.615745
v -0.475300 0.999019 -2.772642
v -0.416469 0.999019 -2.577410
v -0.377023 0.999019 -2.619286
v -0.271767 0.999019 -2.562017
v -0.256055 0.999019 -2.571773
v -0.218358 0.999019 -2.827955
v -0.217760 0.999019 -2.841630
v -0.489899 0.999019 -2.793788
v -0.482983 0.999019 -2.817373
v -0.429701 0.999019 -2.841630
v -0.483285 0.999019 -2.845843
v -0.438881 0.999019 -2.845843
v -0.483233 1.018178 -2.779649
v -0.483233 0.999019 -2.779649
v -0.488391 1.018178 -2.805795
v -0.488391 0.999019 -2.805795
v -0.199015 1.005924 -2.793882
v -0.199015 1.005924 -2.458191
v -0.227366 1.005924 -2.793882
v -0.227367 1.005924 -2.458191
v -0.199015 0.996419 -2.793882
v -0.199015 0.996419 -2.458191
v -0.227366 0.996419 -2.793882
v -0.227367 0.996419 -2.458191
v -0.216364 1.014702 -2.726412
v -0.215801 1.014702 -2.844206
v -0.289790 1.014702 -2.707603
v -0.324420 1.014702 -2.844206
v -0.314382 1.014702 -2.771505
v -0.216364 1.000985 -2.726412
v -0.215801 1.000985 -2.844206
v -0.289790 1.000985 -2.707603
v -0.324420 1.000985 -2.844206
v -0.314382 1.000985 -2.771505
v -0.471886 0.995346 -2.662451
v -0.453137 0.995346 -2.654545
v -0.409673 0.995346 -2.651198
v -0.366208 0.995346 -2.663920
v -0.332010 0.995346 -2.686422
v -0.306207 0.995346 -2.721761
v -0.288123 0.995346 -2.760796
v -0.290260 0.995346 -2.809506
v -0.306939 0.995346 -2.838806
v -0.471886 0.995346 -2.838806
v -0.452108 0.979931 -2.754148
v -0.449301 0.979931 -2.753200
v -0.432775 0.979931 -2.751909
v -0.417981 0.979931 -2.756449
v -0.407231 0.979931 -2.764392
v -0.397416 0.979931 -2.778985
v -0.392874 0.979931 -2.792244
v -0.393126 0.979931 -2.809686
v -0.395620 0.979931 -2.816900
v -0.452108 0.979931 -2.816900
v -0.312627 0.985865 -2.838806
v -0.298437 0.985865 -2.808630
v -0.311919 0.985865 -2.725424
v -0.336829 0.985865 -2.691034
v -0.409414 0.985865 -2.658518
v -0.450793 0.985865 -2.661325
v -0.471886 0.985821 -2.667161
v -0.471886 0.985865 -2.838806
v -0.297195 0.985865 -2.760648
v -0.367658 0.985865 -2.670268
v -0.471886 0.981981 -2.674250
v -0.451710 0.981981 -2.667877
v -0.409943 0.981981 -2.664823
v -0.371427 0.981981 -2.675884
v -0.342786 0.981981 -2.695694
v -0.317875 0.981981 -2.730358
v -0.305884 0.981981 -2.763122
v -0.306537 0.981981 -2.805501
v -0.317245 0.981981 -2.838806
v -0.471886 0.981981 -2.838806
v -0.452122 0.979931 -2.675444
v -0.471886 0.979931 -2.681454
v -0.412046 0.979931 -2.672509
v -0.375122 0.979931 -2.683133
v -0.347679 0.979931 -2.702147
v -0.323780 0.979931 -2.735466
v -0.312288 0.979931 -2.766923
v -0.312914 0.979931 -2.807631
v -0.323071 0.979931 -2.838806
v -0.471886 0.979931 -2.838806
v -0.222610 0.984686 -2.446393
v -0.218408 0.984686 -2.677874
v -0.312316 0.984686 -2.446394
v -0.289372 0.984686 -2.488339
v -0.309368 0.984686 -2.468091
v -0.218409 0.984686 -2.449923
v -0.315270 0.984686 -2.454790
v -0.270999 0.984686 -2.481432
v -0.242162 0.984686 -2.671497
v -0.235899 0.984686 -2.677874
v -0.242162 0.984686 -2.502927
v -0.250725 0.984686 -2.488492
v -0.222610 1.001127 -2.446393
v -0.218408 1.001127 -2.677874
v -0.312316 1.001127 -2.446394
v -0.289372 1.001127 -2.488339
v -0.309368 1.001127 -2.468091
v -0.218409 1.001127 -2.449923
v -0.315270 1.001127 -2.454790
v -0.270999 1.001127 -2.481432
v -0.242162 1.001127 -2.671497
v -0.235899 1.001127 -2.677874
v -0.242162 1.001127 -2.502927
v -0.250725 1.001127 -2.488492
v -0.293353 0.984686 -2.487053
v -0.293353 1.001127 -2.487053
v -0.219310 0.984686 -2.447711
v -0.219310 1.001127 -2.447711
v -0.362581 0.986113 -2.454612
v -0.360525 0.986113 -2.448228
v -0.475725 0.986113 -2.565783
v -0.476329 0.986113 -2.448228
v -0.392966 0.986113 -2.470274
v -0.378267 0.986113 -2.488985
v -0.385529 0.986113 -2.498212
v -0.381248 0.986113 -2.497378
v -0.437594 0.986113 -2.480801
v -0.464049 0.986113 -2.572081
v -0.468014 0.986113 -2.574931
v -0.362581 1.000012 -2.454612
v -0.360525 1.000012 -2.448228
v -0.475725 1.000012 -2.565783
v -0.476329 1.000012 -2.448228
v -0.392966 1.000012 -2.470274
v -0.378267 1.000012 -2.488985
v -0.385529 1.000012 -2.498212
v -0.381248 1.000012 -2.497378
v -0.437594 1.000012 -2.480801
v -0.464049 1.000012 -2.572081
v -0.468014 1.000012 -2.574931
v -0.475090 0.986113 -2.572239
v -0.475090 1.000012 -2.572239
v -0.361018 0.986113 -2.451446
v -0.361018 1.000012 -2.451446
v -0.260095 0.984686 -2.483676
v -0.260095 1.001127 -2.483676
v -0.245383 0.984686 -2.495077
v -0.245383 1.001127 -2.495077
v -0.239650 0.984686 -2.675501
v -0.239650 1.001127 -2.675501
v -0.378405 0.986113 -2.493552
v -0.378405 1.000012 -2.493552
v -0.471693 0.986113 -2.575237
v -0.471693 1.000012 -2.575237
v -0.220681 0.984686 -2.446778
v -0.220681 1.001127 -2.446778
v -0.216714 0.984846 -2.845528
v -0.216714 0.984846 -2.726522
v -0.230252 0.984846 -2.727909
v -0.222630 0.984846 -2.723499
v -0.243137 0.984846 -2.788984
v -0.239963 0.984846 -2.758250
v -0.253648 0.984846 -2.822430
v -0.254063 0.984846 -2.845528
v -0.216714 0.999442 -2.845528
v -0.216714 0.999442 -2.726522
v -0.230252 0.999442 -2.727909
v -0.222630 0.999442 -2.723499
v -0.243137 0.999442 -2.788984
v -0.239963 0.999442 -2.758250
v -0.253648 0.999442 -2.822430
v -0.254063 0.999442 -2.845528
v -0.226801 0.984846 -2.724481
v -0.226801 0.999442 -2.724481
v -0.397625 1.014053 -2.553792
v -0.477094 1.014053 -2.448287
v -0.477094 1.014053 -2.616329
v -0.447544 1.014053 -2.616215
v -0.326715 1.014053 -2.597876
v -0.305363 1.014053 -2.584632
v -0.341062 1.014053 -2.514199
v -0.230161 1.014053 -2.464526
v -0.230427 1.014053 -2.448287
v -0.397625 1.002800 -2.553792
v -0.477094 1.002801 -2.448287
v -0.477094 1.002800 -2.616329
v -0.447544 1.002800 -2.616215
v -0.326715 1.002800 -2.597876
v -0.305363 1.002800 -2.584632
v -0.341062 1.002800 -2.514199
v -0.230161 1.002800 -2.464526
v -0.230427 1.002800 -2.448287
v -0.421037 0.977888 -2.741200
v -0.469052 0.977888 -2.656492
v -0.429117 0.977888 -2.842000
v -0.475399 0.977888 -2.657916
v -0.347218 0.977888 -2.719859
v -0.352911 0.977888 -2.711925
v -0.380427 0.977888 -2.768846
v -0.294230 0.977888 -2.829273
v -0.299634 0.977888 -2.842597
v -0.475520 0.977888 -2.772504
v -0.484124 0.977888 -2.780279
v -0.489361 0.977888 -2.802889
v -0.482954 0.977888 -2.817387
v -0.482954 0.977888 -2.845922
v -0.438277 0.977888 -2.845922
v -0.489147 0.977888 -2.791322
v -0.421037 0.998321 -2.741200
v -0.469052 0.998321 -2.656492
v -0.429117 0.998321 -2.842000
v -0.475399 0.998321 -2.657916
v -0.347218 0.998321 -2.719859
v -0.352911 0.998321 -2.711925
v -0.380427 0.998321 -2.768846
v -0.294230 0.998321 -2.829273
v -0.299634 0.998321 -2.842597
v -0.475520 0.998321 -2.772504
v -0.484124 0.998321 -2.780279
v -0.489361 0.998321 -2.802889
v -0.482954 0.998321 -2.817387
v -0.482954 0.998321 -2.845922
v -0.438277 0.998321 -2.845922
v -0.489147 0.998321 -2.791322
v -0.347178 0.977888 -2.715790
v -0.347178 0.998321 -2.715790
v -0.294085 0.977888 -2.834695
v -0.294085 0.998321 -2.834695
v -0.473973 0.977888 -2.656087
v -0.473973 0.998321 -2.656087
v -0.296123 0.977888 -2.839923
v -0.296123 0.998321 -2.839923
v -0.349663 0.977888 -2.713008
v -0.349663 0.998321 -2.713008
v -0.471504 0.977888 -2.655323
v -0.471504 0.998321 -2.655323
v -0.219021 0.984846 -2.724187
v -0.219021 0.999442 -2.724187
v -0.277597 0.940449 -2.769184
v -0.276576 0.940449 -2.500677
v -0.468915 0.940449 -2.769184
v -0.468915 0.940449 -2.500677
v -0.273623 0.940449 -2.762147
v -0.273623 0.940449 -2.506171
v -0.277597 0.934827 -2.769184
v -0.276576 0.934827 -2.500677
v -0.468915 0.934827 -2.769184
v -0.468915 0.934827 -2.500677
v -0.273623 0.934827 -2.762147
v -0.273623 0.934827 -2.506171
v -0.221585 0.934827 -2.840426
v -0.220216 0.934827 -2.452576
v -0.468915 0.934827 -2.839426
v -0.468915 0.934827 -2.452576
v -0.219162 0.934827 -2.838803
v -0.219162 0.934827 -2.453969
v -0.221585 0.959864 -2.840426
v -0.220216 0.959864 -2.452576
v -0.468915 0.959864 -2.839426
v -0.468915 0.959864 -2.452576
v -0.219162 0.959864 -2.838803
v -0.219162 0.959864 -2.453969
v -0.217793 0.965075 -2.737488
v -0.217793 0.965075 -2.449858
v -0.318085 0.965075 -2.492862
v -0.318085 0.965075 -2.446167
v -0.228423 0.965075 -2.446167
v -0.293556 0.965075 -2.493567
v -0.289340 0.965075 -2.521263
v -0.287300 0.965075 -2.556357
v -0.270178 0.965075 -2.737488
v -0.256173 0.965075 -2.575208
v -0.280485 0.965075 -2.638119
v -0.217793 0.948785 -2.737488
v -0.217793 0.948785 -2.449858
v -0.318085 0.948785 -2.492862
v -0.318085 0.948785 -2.446167
v -0.228423 0.948785 -2.446167
v -0.293556 0.948785 -2.493567
v -0.289340 0.948785 -2.521263
v -0.287300 0.948785 -2.556357
v -0.270178 0.948785 -2.737488
v -0.256173 0.948785 -2.575208
v -0.280485 0.948785 -2.638119
v -0.448112 0.965599 -2.615745
v -0.324246 0.965599 -2.750308
v -0.475300 0.965599 -2.615745
v -0.475300 0.965599 -2.772642
v -0.416469 0.965599 -2.577410
v -0.377023 0.965599 -2.619286
v -0.271767 0.965599 -2.562017
v -0.256055 0.965599 -2.571773
v -0.218358 0.965599 -2.827955
v -0.217760 0.965599 -2.841630
v -0.489899 0.965599 -2.793788
v -0.482983 0.965599 -2.817373
v -0.429701 0.965599 -2.841630
v -0.483285 0.965599 -2.845843
v -0.438881 0.965599 -2.845843
v -0.448111 0.946441 -2.615745
v -0.324246 0.946441 -2.750308
v -0.475300 0.946441 -2.615745
v -0.475300 0.946441 -2.772642
v -0.416469 0.946441 -2.577410
v -0.377023 0.946441 -2.619286
v -0.271767 0.946441 -2.562017
v -0.256055 0.946440 -2.571773
v -0.218358 0.946440 -2.827955
v -0.217760 0.946440 -2.841630
v -0.489899 0.946441 -2.793788
v -0.482983 0.946441 -2.817373
v -0.429701 0.946441 -2.841630
v -0.483285 0.946441 -2.845843
v -0.438881 0.946441 -2.845843
v -0.483233 0.965599 -2.779649
v -0.483233 0.946441 -2.779649
v -0.488391 0.965599 -2.805795
v -0.488391 0.946441 -2.805795
v -0.199015 0.953346 -2.793882
v -0.199015 0.953346 -2.458191
v -0.227366 0.953346 -2.793882
v -0.227367 0.953346 -2.458191
v -0.199015 0.943841 -2.793882
v -0.199015 0.943841 -2.458191
v -0.227366 0.943841 -2.793882
v -0.227367 0.943841 -2.458191
v -0.216364 0.962124 -2.726412
v -0.215801 0.962124 -2.844206
v -0.289790 0.962124 -2.707603
v -0.324420 0.962124 -2.844206
v -0.314382 0.962124 -2.771505
v -0.216364 0.948407 -2.726412
v -0.215801 0.948407 -2.844206
v -0.289790 0.948407 -2.707603
v -0.324420 0.948407 -2.844206
v -0.314382 0.948407 -2.771505
v -0.471886 0.942768 -2.662451
v -0.453137 0.942768 -2.654545
v -0.409673 0.942768 -2.651198
v -0.366208 0.942768 -2.663920
v -0.332010 0.942768 -2.686422
v -0.306207 0.942768 -2.721761
v -0.288124 0.942768 -2.760796
v -0.290261 0.942768 -2.809506
v -0.306939 0.942768 -2.838806
v -0.471886 0.942768 -2.838806
v -0.452108 0.927352 -2.754148
v -0.449301 0.927352 -2.753200
v -0.432775 0.927352 -2.751909
v -0.417981 0.927352 -2.756449
v -0.407231 0.927352 -2.764392
v -0.397416 0.927352 -2.778985
v -0.392874 0.927352 -2.792244
v -0.393126 0.927352 -2.809686
v -0.395620 0.927352 -2.816900
v -0.452108 0.927352 -2.816900
v -0.312627 0.933287 -2.838806
v -0.298437 0.933287 -2.808630
v -0.311919 0.933287 -2.725424
v -0.336829 0.933287 -2.691034
v -0.409414 0.933287 -2.658518
v -0.450793 0.933287 -2.661325
v -0.471886 0.933242 -2.667161
v -0.471886 0.933287 -2.838806
v -0.297195 0.933287 -2.760648
v -0.367658 0.933287 -2.670268
v -0.471886 0.929402 -2.674250
v -0.451710 0.929402 -2.667877
v -0.409943 0.929402 -2.664823
v -0.371428 0.929402 -2.675884
v -0.342786 0.929402 -2.695694
v -0.317875 0.929402 -2.730358
v -0.305884 0.929402 -2.763122
v -0.306537 0.929402 -2.805501
v -0.317245 0.929402 -2.838806
v -0.471886 0.929402 -2.838806
v -0.452122 0.927352 -2.675444
v -0.471886 0.927352 -2.681454
v -0.412046 0.927352 -2.672509
v -0.375122 0.927352 -2.683133
v -0.347679 0.927352 -2.702147
v -0.323780 0.927352 -2.735466
v -0.312288 0.927352 -2.766923
v -0.312914 0.927352 -2.807631
v -0.323071 0.927352 -2.838806
v -0.471886 0.927352 -2.838806
v -0.222610 0.932108 -2.446393
v -0.218408 0.932108 -2.677874
v -0.312316 0.932108 -2.446394
v -0.289372 0.932108 -2.488339
v -0.309368 0.932108 -2.468091
v -0.218409 0.932108 -2.449923
v -0.315270 0.932108 -2.454790
v -0.270999 0.932108 -2.481432
v -0.242162 0.932108 -2.671497
v -0.235899 0.932108 -2.677874
v -0.242162 0.932108 -2.502927
v -0.250725 0.932108 -2.488492
v -0.222610 0.948549 -2.446393
v -0.218408 0.948549 -2.677874
v -0.312316 0.948549 -2.446394
v -0.289372 0.948549 -2.488339
v -0.309368 0.948549 -2.468091
v -0.218409 0.948549 -2.449923
v -0.315270 0.948549 -2.454790
v -0.270999 0.948549 -2.481432
v -0.242162 0.948549 -2.671497
v -0.235899 0.948549 -2.677874
v -0.242162 0.948549 -2.502927
v -0.250725 0.948549 -2.488492
v -0.293353 0.932108 -2.487053
v -0.293353 0.948549 -2.487053
v -0.219310 0.932108 -2.447711
v -0.219310 0.948549 -2.447711
v -0.362581 0.933535 -2.454612
v -0.360525 0.933535 -2.448228
v -0.475725 0.933535 -2.565783
v -0.476329 0.933535 -2.448228
v -0.392966 0.933535 -2.470274
v -0.378267 0.933535 -2.488985
v -0.385529 0.933535 -2.498212
v -0.381248 0.933535 -2.497378
v -0.437594 0.933535 -2.480801
v -0.464049 0.933535 -2.572081
v -0.468014 0.933535 -2.574931
v -0.362581 0.947434 -2.454612
v -0.360525 0.947434 -2.448228
v -0.475725 0.947434 -2.565783
v -0.476329 0.947434 -2.448228
v -0.392966 0.947434 -2.470274
v -0.378267 0.947434 -2.488985
v -0.385529 0.947434 -2.498212
v -0.381248 0.947434 -2.497378
v -0.437594 0.947434 -2.480801
v -0.464049 0.947434 -2.572081
v -0.468014 0.947434 -2.574931
v -0.475090 0.933535 -2.572239
v -0.475090 0.947434 -2.572239
v -0.361018 0.933535 -2.451446
v -0.361018 0.947434 -2.451446
v -0.260095 0.932108 -2.483676
v -0.260095 0.948549 -2.483676
v -0.245383 0.932108 -2.495077
v -0.245383 0.948549 -2.495077
v -0.239650 0.932108 -2.675501
v -0.239650 0.948549 -2.675501
v -0.378405 0.933535 -2.493552
v -0.378405 0.947434 -2.493552
v -0.471693 0.933535 -2.575237
v -0.471693 0.947434 -2.575237
v -0.220681 0.932108 -2.446778
v -0.220681 0.948549 -2.446778
v -0.216714 0.932268 -2.845528
v -0.216714 0.932268 -2.726522
v -0.230252 0.932268 -2.727909
v -0.222630 0.932268 -2.723499
v -0.243137 0.932268 -2.788984
v -0.239963 0.932268 -2.758250
v -0.253648 0.932268 -2.822430
v -0.254063 0.932268 -2.845528
v -0.216714 0.946864 -2.845528
v -0.216714 0.946864 -2.726522
v -0.230252 0.946864 -2.727909
v -0.222630 0.946864 -2.723499
v -0.243137 0.946864 -2.788984
v -0.239963 0.946864 -2.758250
v -0.253648 0.946864 -2.822430
v -0.254063 0.946864 -2.845528
v -0.226801 0.932268 -2.724481
v -0.226801 0.946864 -2.724481
v -0.397625 0.961475 -2.553792
v -0.477094 0.961475 -2.448287
v -0.477094 0.961475 -2.616329
v -0.447544 0.961475 -2.616215
v -0.326715 0.961475 -2.597876
v -0.305363 0.961475 -2.584632
v -0.341062 0.961475 -2.514199
v -0.230161 0.961475 -2.464526
v -0.230427 0.961475 -2.448287
v -0.397625 0.950222 -2.553792
v -0.477094 0.950223 -2.448287
v -0.477094 0.950222 -2.616329
v -0.447544 0.950222 -2.616215
v -0.326715 0.950222 -2.597876
v -0.305363 0.950222 -2.584632
v -0.341062 0.950222 -2.514199
v -0.230161 0.950222 -2.464526
v -0.230427 0.950222 -2.448287
v -0.421037 0.925310 -2.741200
v -0.469052 0.925310 -2.656492
v -0.429117 0.925310 -2.842000
v -0.475399 0.925310 -2.657916
v -0.347218 0.925310 -2.719859
v -0.352911 0.925310 -2.711925
v -0.380428 0.925310 -2.768846
v -0.294230 0.925310 -2.829273
v -0.299634 0.925310 -2.842597
v -0.475520 0.925310 -2.772504
v -0.484124 0.925310 -2.780279
v -0.489360 0.925310 -2.802889
v -0.482954 0.925310 -2.817387
v -0.482954 0.925310 -2.845922
v -0.438277 0.925310 -2.845922
v -0.489147 0.925310 -2.791322
v -0.421037 0.945743 -2.741200
v -0.469052 0.945743 -2.656492
v -0.429117 0.945743 -2.842000
v -0.475399 0.945743 -2.657916
v -0.347218 0.945743 -2.719859
v -0.352911 0.945743 -2.711925
v -0.380428 0.945743 -2.768846
v -0.294230 0.945743 -2.829273
v -0.299634 0.945743 -2.842597
v -0.475520 0.945743 -2.772504
v -0.484124 0.945743 -2.780279
v -0.489361 0.945743 -2.802889
v -0.482954 0.945743 -2.817387
v -0.482954 0.945743 -2.845922
v -0.438277 0.945743 -2.845922
v -0.489147 0.945743 -2.791322
v -0.347178 0.925310 -2.715790
v -0.347178 0.945743 -2.715790
v -0.294085 0.925310 -2.834695
v -0.294085 0.945743 -2.834695
v -0.473973 0.925310 -2.656087
v -0.473973 0.945743 -2.656087
v -0.296123 0.925310 -2.839923
v -0.296123 0.945743 -2.839923
v -0.349663 0.925310 -2.713008
v -0.349663 0.945743 -2.713008
v -0.471505 0.925310 -2.655323
v -0.471504 0.945743 -2.655323
v -0.219021 0.932268 -2.724187
v -0.219021 0.946864 -2.724187
v -0.277597 0.887871 -2.769184
v -0.276577 0.887871 -2.500677
v -0.468915 0.887871 -2.769184
v -0.468915 0.887871 -2.500677
v -0.273623 0.887871 -2.762147
v -0.273623 0.887871 -2.506171
v -0.277597 0.882249 -2.769184
v -0.276577 0.882249 -2.500677
v -0.468915 0.882249 -2.769184
v -0.468915 0.882249 -2.500677
v -0.273623 0.882249 -2.762147
v -0.273623 0.882249 -2.506171
v -0.221585 0.882249 -2.840426
v -0.220216 0.882249 -2.452576
v -0.468915 0.882249 -2.839426
v -0.468915 0.882249 -2.452576
v -0.219162 0.882249 -2.838803
v -0.219162 0.882249 -2.453969
v -0.221585 0.907286 -2.840426
v -0.220216 0.907286 -2.452576
v -0.468915 0.907286 -2.839426
v -0.468915 0.907286 -2.452576
v -0.219162 0.907286 -2.838803
v -0.219162 0.907286 -2.453969
v -0.217793 0.912496 -2.737488
v -0.217793 0.912497 -2.449858
v -0.318085 0.912497 -2.492862
v -0.318085 0.912497 -2.446167
v -0.228423 0.912497 -2.446167
v -0.293556 0.912497 -2.493567
v -0.289340 0.912497 -2.521263
v -0.287300 0.912497 -2.556357
v -0.270178 0.912497 -2.737488
v -0.256173 0.912497 -2.575208
v -0.280485 0.912497 -2.638119
v -0.217793 0.896207 -2.737488
v -0.217793 0.896207 -2.449858
v -0.318085 0.896207 -2.492862
v -0.318085 0.896207 -2.446167
v -0.228423 0.896207 -2.446167
v -0.293556 0.896207 -2.493567
v -0.289340 0.896207 -2.521263
v -0.287300 0.896207 -2.556357
v -0.270178 0.896207 -2.737488
v -0.256173 0.896207 -2.575208
v -0.280485 0.896207 -2.638119
v -0.448111 0.913021 -2.615745
v -0.324246 0.913021 -2.750308
v -0.475300 0.913021 -2.615745
v -0.475300 0.913021 -2.772642
v -0.416469 0.913021 -2.577410
v -0.377023 0.913021 -2.619286
v -0.271767 0.913021 -2.562017
v -0.256055 0.913021 -2.571773
v -0.218358 0.913021 -2.827955
v -0.217760 0.913021 -2.841630
v -0.489899 0.913021 -2.793788
v -0.482983 0.913021 -2.817373
v -0.429701 0.913021 -2.841630
v -0.483285 0.913021 -2.845843
v -0.438881 0.913021 -2.845843
v -0.448112 0.893862 -2.615745
v -0.324246 0.893862 -2.750308
v -0.475300 0.893862 -2.615745
v -0.475300 0.893862 -2.772642
v -0.416469 0.893862 -2.577410
v -0.377023 0.893862 -2.619286
v -0.271767 0.893862 -2.562017
v -0.256055 0.893862 -2.571773
v -0.218358 0.893862 -2.827955
v -0.217760 0.893862 -2.841630
v -0.489899 0.893862 -2.793788
v -0.482983 0.893862 -2.817373
v -0.429701 0.893862 -2.841630
v -0.483285 0.893862 -2.845843
v -0.438881 0.893862 -2.845843
v -0.483233 0.913021 -2.779649
v -0.483233 0.893862 -2.779649
v -0.488391 0.913021 -2.805795
v -0.488391 0.893862 -2.805795
v -0.199015 0.900768 -2.793882
v -0.199015 0.900768 -2.458191
v -0.227366 0.900768 -2.793882
v -0.227366 0.900768 -2.458191
v -0.199015 0.891263 -2.793882
v -0.199015 0.891263 -2.458191
v -0.227366 0.891263 -2.793882
v -0.227366 0.891263 -2.458191
v -0.216364 0.909545 -2.726412
v -0.215801 0.909545 -2.844206
v -0.289790 0.909545 -2.707603
v -0.324420 0.909545 -2.844206
v -0.314382 0.909545 -2.771505
v -0.216364 0.895829 -2.726412
v -0.215801 0.895829 -2.844206
v -0.289790 0.895829 -2.707603
v -0.324420 0.895829 -2.844206
v -0.314382 0.895829 -2.771505
v -0.471886 0.890190 -2.662451
v -0.453137 0.890190 -2.654545
v -0.409673 0.890190 -2.651198
v -0.366208 0.890190 -2.663920
v -0.332010 0.890190 -2.686422
v -0.306207 0.890190 -2.721761
v -0.288124 0.890190 -2.760796
v -0.290260 0.890190 -2.809506
v -0.306939 0.890190 -2.838806
v -0.471886 0.890190 -2.838806
v -0.452108 0.874774 -2.754148
v -0.449301 0.874774 -2.753200
v -0.432775 0.874774 -2.751909
v -0.417981 0.874774 -2.756449
v -0.407232 0.874774 -2.764392
v -0.397416 0.874774 -2.778985
v -0.392874 0.874774 -2.792244
v -0.393126 0.874774 -2.809686
v -0.395620 0.874774 -2.816900
v -0.452108 0.874774 -2.816900
v -0.312627 0.880709 -2.838806
v -0.298437 0.880709 -2.808630
v -0.311919 0.880709 -2.725424
v -0.336829 0.880709 -2.691034
v -0.409414 0.880709 -2.658518
v -0.450793 0.880709 -2.661325
v -0.471886 0.880664 -2.667161
v -0.471886 0.880709 -2.838806
v -0.297195 0.880709 -2.760648
v -0.367658 0.880709 -2.670268
v -0.471886 0.876824 -2.674250
v -0.451710 0.876824 -2.667877
v -0.409943 0.876824 -2.664823
v -0.371428 0.876824 -2.675884
v -0.342786 0.876824 -2.695694
v -0.317875 0.876824 -2.730358
v -0.305884 0.876824 -2.763122
v -0.306537 0.876824 -2.805501
v -0.317245 0.876824 -2.838806
v -0.471886 0.876824 -2.838806
v -0.452122 0.874774 -2.675444
v -0.471886 0.874774 -2.681454
v -0.412046 0.874774 -2.672509
v -0.375122 0.874774 -2.683133
v -0.347679 0.874774 -2.702147
v -0.323780 0.874774 -2.735466
v -0.312288 0.874774 -2.766923
v -0.312914 0.874774 -2.807631
v -0.323071 0.874774 -2.838806
v -0.471886 0.874774 -2.838806
v -0.222610 0.879530 -2.446393
v -0.218409 0.879530 -2.677874
v -0.312316 0.879530 -2.446394
v -0.289372 0.879530 -2.488339
v -0.309367 0.879530 -2.468091
v -0.218409 0.879530 -2.449923
v -0.315270 0.879530 -2.454790
v -0.270999 0.879530 -2.481432
v -0.242162 0.879530 -2.671497
v -0.235899 0.879530 -2.677874
v -0.242162 0.879530 -2.502927
v -0.250725 0.879530 -2.488492
v -0.222610 0.895971 -2.446393
v -0.218408 0.895971 -2.677874
v -0.312316 0.895971 -2.446394
v -0.289372 0.895971 -2.488339
v -0.309368 0.895971 -2.468091
v -0.218409 0.895971 -2.449923
v -0.315270 0.895971 -2.454790
v -0.270999 0.895971 -2.481432
v -0.242162 0.895971 -2.671497
v -0.235899 0.895971 -2.677874
v -0.242162 0.895971 -2.502927
v -0.250725 0.895971 -2.488492
v -0.293353 0.879530 -2.487053
v -0.293353 0.895971 -2.487053
v -0.219310 0.879530 -2.447711
v -0.219310 0.895971 -2.447711
v -0.362581 0.880956 -2.454612
v -0.360525 0.880956 -2.448228
v -0.475725 0.880956 -2.565783
v -0.476329 0.880956 -2.448228
v -0.392966 0.880956 -2.470274
v -0.378267 0.880956 -2.488985
v -0.385529 0.880956 -2.498212
v -0.381248 0.880956 -2.497378
v -0.437594 0.880956 -2.480801
v -0.464049 0.880956 -2.572081
v -0.468014 0.880956 -2.574931
v -0.362581 0.894855 -2.454612
v -0.360525 0.894855 -2.448228
v -0.475725 0.894855 -2.565783
v -0.476329 0.894855 -2.448228
v -0.392966 0.894855 -2.470274
v -0.378267 0.894855 -2.488985
v -0.385529 0.894855 -2.498212
v -0.381248 0.894855 -2.497378
v -0.437594 0.894855 -2.480801
v -0.464049 0.894855 -2.572081
v -0.468014 0.894855 -2.574931
v -0.475090 0.880956 -2.572239
v -0.475090 0.894855 -2.572239
v -0.361018 0.880956 -2.451446
v -0.361018 0.894855 -2.451446
v -0.260095 0.879530 -2.483676
v -0.260095 0.895971 -2.483676
v -0.245383 0.879530 -2.495077
v -0.245383 0.895971 -2.495077
v -0.239650 0.879530 -2.675501
v -0.239650 0.895971 -2.675501
v -0.378405 0.880956 -2.493552
v -0.378405 0.894855 -2.493552
v -0.471693 0.880956 -2.575237
v -0.471693 0.894855 -2.575237
v -0.220681 0.879530 -2.446778
v -0.220681 0.895971 -2.446778
v -0.216714 0.879690 -2.845528
v -0.216714 0.879690 -2.726522
v -0.230252 0.879690 -2.727909
v -0.222630 0.879690 -2.723499
v -0.243137 0.879690 -2.788984
v -0.239963 0.879690 -2.758250
v -0.253648 0.879690 -2.822430
v -0.254064 0.879690 -2.845528
v -0.216714 0.894286 -2.845528
v -0.216714 0.894286 -2.726522
v -0.230252 0.894286 -2.727909
v -0.222630 0.894286 -2.723499
v -0.243137 0.894286 -2.788984
v -0.239963 0.894286 -2.758250
v -0.253648 0.894286 -2.822430
v -0.254064 0.894286 -2.845528
v -0.226801 0.879690 -2.724481
v -0.226801 0.894286 -2.724481
v -0.397625 0.908897 -2.553792
v -0.477094 0.908897 -2.448287
v -0.477094 0.908897 -2.616329
v -0.447544 0.908897 -2.616215
v -0.326715 0.908897 -2.597876
v -0.305363 0.908897 -2.584632
v -0.341062 0.908897 -2.514199
v -0.230161 0.908897 -2.464526
v -0.230427 0.908897 -2.448287
v -0.397625 0.897644 -2.553792
v -0.477094 0.897645 -2.448287
v -0.477094 0.897644 -2.616329
v -0.447544 0.897644 -2.616215
v -0.326715 0.897644 -2.597876
v -0.305363 0.897644 -2.584632
v -0.341062 0.897644 -2.514199
v -0.230161 0.897644 -2.464526
v -0.230427 0.897644 -2.448287
v -0.421037 0.872732 -2.741200
v -0.469052 0.872732 -2.656492
v -0.429117 0.872732 -2.842000
v -0.475399 0.872732 -2.657916
v -0.347218 0.872732 -2.719859
v -0.352911 0.872732 -2.711925
v -0.380428 0.872732 -2.768846
v -0.294230 0.872732 -2.829273
v -0.299634 0.872732 -2.842597
v -0.475520 0.872732 -2.772504
v -0.484124 0.872732 -2.780279
v -0.489361 0.872732 -2.802889
v -0.482954 0.872732 -2.817387
v -0.482954 0.872732 -2.845922
v -0.438277 0.872732 -2.845922
v -0.489147 0.872732 -2.791322
v -0.421037 0.893165 -2.741200
v -0.469052 0.893165 -2.656492
v -0.429117 0.893165 -2.842000
v -0.475399 0.893165 -2.657916
v -0.347218 0.893165 -2.719859
v -0.352911 0.893165 -2.711925
v -0.380428 0.893165 -2.768846
v -0.294230 0.893165 -2.829273
v -0.299634 0.893165 -2.842597
v -0.475520 0.893165 -2.772504
v -0.484124 0.893165 -2.780279
v -0.489361 0.893165 -2.802889
v -0.482954 0.893165 -2.817387
v -0.482954 0.893165 -2.845922
v -0.438277 0.893165 -2.845922
v -0.489147 0.893165 -2.791322
v -0.347178 0.872732 -2.715790
v -0.347178 0.893165 -2.715790
v -0.294085 0.872732 -2.834695
v -0.294085 0.893165 -2.834695
v -0.473973 0.872732 -2.656087
v -0.473973 0.893165 -2.656087
v -0.296123 0.872732 -2.839923
v -0.296123 0.893165 -2.839923
v -0.349663 0.872732 -2.713008
v -0.349663 0.893165 -2.713008
v -0.471504 0.872732 -2.655323
v -0.471505 0.893165 -2.655323
v -0.219021 0.879690 -2.724187
v -0.219021 0.894286 -2.724187
v -0.277597 0.835293 -2.769184
v -0.276577 0.835293 -2.500677
v -0.468915 0.835293 -2.769184
v -0.468915 0.835293 -2.500677
v -0.273623 0.835293 -2.762147
v -0.273623 0.835293 -2.506171
v -0.277597 0.829671 -2.769184
v -0.276576 0.829671 -2.500677
v -0.468915 0.829671 -2.769184
v -0.468915 0.829671 -2.500677
v -0.273623 0.829671 -2.762147
v -0.273623 0.829671 -2.506171
v -0.221585 0.829671 -2.840426
v -0.220216 0.829671 -2.452576
v -0.468915 0.829671 -2.839426
v -0.468915 0.829671 -2.452576
v -0.219162 0.829671 -2.838803
v -0.219162 0.829671 -2.453969
v -0.221585 0.854708 -2.840426
v -0.220216 0.854708 -2.452576
v -0.468915 0.854708 -2.839426
v -0.468915 0.854708 -2.452576
v -0.219162 0.854708 -2.838803
v -0.219162 0.854708 -2.453969
v -0.217793 0.859918 -2.737488
v -0.217793 0.859919 -2.449858
v -0.318085 0.859919 -2.492862
v -0.318085 0.859919 -2.446167
v -0.228423 0.859919 -2.446167
v -0.293556 0.859919 -2.493567
v -0.289340 0.859919 -2.521263
v -0.287300 0.859919 -2.556357
v -0.270178 0.859919 -2.737488
v -0.256173 0.859919 -2.575208
v -0.280485 0.859919 -2.638119
v -0.217793 0.843629 -2.737488
v -0.217793 0.843629 -2.449858
v -0.318085 0.843629 -2.492862
v -0.318085 0.843629 -2.446167
v -0.228423 0.843629 -2.446167
v -0.293556 0.843629 -2.493567
v -0.289340 0.843629 -2.521263
v -0.287300 0.843629 -2.556357
v -0.270178 0.843629 -2.737488
v -0.256173 0.843629 -2.575208
v -0.280485 0.843629 -2.638119
v -0.448112 0.860443 -2.615745
v -0.324246 0.860443 -2.750308
v -0.475300 0.860443 -2.615745
v -0.475300 0.860443 -2.772642
v -0.416469 0.860443 -2.577410
v -0.377023 0.860443 -2.619286
v -0.271767 0.860443 -2.562017
v -0.256055 0.860443 -2.571773
v -0.218358 0.860443 -2.827955
v -0.217760 0.860443 -2.841630
v -0.489899 0.860443 -2.793788
v -0.482983 0.860443 -2.817373
v -0.429701 0.860443 -2.841630
v -0.483285 0.860443 -2.845843
v -0.438881 0.860443 -2.845843
v -0.448112 0.841284 -2.615745
v -0.324246 0.841284 -2.750308
v -0.475300 0.841284 -2.615745
v -0.475300 0.841284 -2.772642
v -0.416469 0.841284 -2.577410
v -0.377023 0.841284 -2.619286
v -0.271767 0.841284 -2.562017
v -0.256055 0.841284 -2.571773
v -0.218358 0.841284 -2.827955
v -0.217760 0.841284 -2.841630
v -0.489899 0.841284 -2.793788
v -0.482983 0.841284 -2.817373
v -0.429701 0.841284 -2.841630
v -0.483285 0.841284 -2.845843
v -0.438881 0.841284 -2.845843
v -0.483233 0.860443 -2.779649
v -0.483233 0.841284 -2.779649
v -0.488391 0.860443 -2.805795
v -0.488391 0.841284 -2.805795
v -0.199015 0.848190 -2.793882
v -0.199015 0.848190 -2.458191
v -0.227366 0.848190 -2.793882
v -0.227366 0.848190 -2.458191
v -0.199015 0.838685 -2.793882
v -0.199015 0.838685 -2.458191
v -0.227366 0.838685 -2.793882
v -0.227366 0.838685 -2.458191
v -0.216364 0.856967 -2.726412
v -0.215801 0.856967 -2.844206
v -0.289790 0.856967 -2.707603
v -0.324420 0.856967 -2.844206
v -0.314382 0.856967 -2.771505
v -0.216364 0.843250 -2.726412
v -0.215801 0.843250 -2.844206
v -0.289790 0.843251 -2.707603
v -0.324420 0.843251 -2.844206
v -0.314382 0.843251 -2.771505
v -0.471886 0.837612 -2.662451
v -0.453137 0.837612 -2.654545
v -0.409673 0.837612 -2.651198
v -0.366208 0.837612 -2.663920
v -0.332010 0.837612 -2.686422
v -0.306207 0.837612 -2.721761
v -0.288124 0.837612 -2.760796
v -0.290260 0.837612 -2.809506
v -0.306939 0.837612 -2.838806
v -0.471886 0.837612 -2.838806
v -0.452108 0.822196 -2.754148
v -0.449301 0.822196 -2.753200
v -0.432775 0.822196 -2.751909
v -0.417981 0.822196 -2.756449
v -0.407232 0.822196 -2.764392
v -0.397416 0.822196 -2.778985
v -0.392874 0.822196 -2.792244
v -0.393126 0.822196 -2.809686
v -0.395620 0.822196 -2.816900
v -0.452108 0.822196 -2.816900
v -0.312627 0.828130 -2.838806
v -0.298437 0.828130 -2.808630
v -0.311919 0.828130 -2.725424
v -0.336829 0.828130 -2.691034
v -0.409414 0.828131 -2.658518
v -0.450793 0.828131 -2.661325
v -0.471886 0.828086 -2.667161
v -0.471886 0.828131 -2.838806
v -0.297195 0.828130 -2.760648
v -0.367658 0.828131 -2.670268
v -0.471886 0.824246 -2.674250
v -0.451710 0.824246 -2.667877
v -0.409943 0.824246 -2.664823
v -0.371427 0.824246 -2.675884
v -0.342786 0.824246 -2.695694
v -0.317875 0.824246 -2.730358
v -0.305884 0.824246 -2.763122
v -0.306537 0.824246 -2.805501
v -0.317245 0.824246 -2.838806
v -0.471886 0.824246 -2.838806
v -0.452122 0.822196 -2.675444
v -0.471886 0.822196 -2.681454
v -0.412046 0.822196 -2.672509
v -0.375122 0.822196 -2.683133
v -0.347679 0.822196 -2.702147
v -0.323780 0.822196 -2.735466
v -0.312288 0.822196 -2.766923
v -0.312914 0.822196 -2.807631
v -0.323071 0.822196 -2.838806
v -0.471886 0.822196 -2.838806
v -0.222610 0.826952 -2.446393
v -0.218408 0.826952 -2.677874
v -0.312316 0.826952 -2.446394
v -0.289372 0.826952 -2.488339
v -0.309368 0.826952 -2.468091
v -0.218409 0.826952 -2.449923
v -0.315270 0.826952 -2.454790
v -0.270999 0.826952 -2.481432
v -0.242162 0.826952 -2.671497
v -0.235899 0.826952 -2.677874
v -0.242162 0.826952 -2.502927
v -0.250725 0.826952 -2.488492
v -0.222610 0.843393 -2.446393
v -0.218408 0.843393 -2.677874
v -0.312316 0.843393 -2.446394
v -0.289372 0.843393 -2.488339
v -0.309368 0.843393 -2.468091
v -0.218409 0.843393 -2.449923
v -0.315270 0.843393 -2.454790
v -0.270999 0.843393 -2.481432
v -0.242162 0.843393 -2.671497
v -0.235899 0.843393 -2.677874
v -0.242162 0.843393 -2.502927
v -0.250725 0.843393 -2.488492
v -0.293353 0.826952 -2.487053
v -0.293353 0.843393 -2.487053
v -0.219310 0.826952 -2.447711
v -0.219310 0.843393 -2.447711
v -0.362581 0.828378 -2.454612
v -0.360525 0.828378 -2.448228
v -0.475725 0.828378 -2.565783
v -0.476329 0.828378 -2.448228
v -0.392966 0.828378 -2.470274
v -0.378267 0.828378 -2.488985
v -0.385529 0.828378 -2.498212
v -0.381248 0.828378 -2.497378
v -0.437594 0.828378 -2.480801
v -0.464049 0.828378 -2.572081
v -0.468014 0.828378 -2.574931
v -0.362581 0.842277 -2.454612
v -0.360525 0.842277 -2.448228
v -0.475725 0.842277 -2.565783
v -0.476329 0.842277 -2.448228
v -0.392966 0.842277 -2.470274
v -0.378267 0.842277 -2.488985
v -0.385529 0.842277 -2.498212
v -0.381248 0.842277 -2.497378
v -0.437594 0.842277 -2.480801
v -0.464049 0.842277 -2.572081
v -0.468014 0.842277 -2.574931
v -0.475090 0.828378 -2.572239
v -0.475090 0.842277 -2.572239
v -0.361018 0.828378 -2.451446
v -0.361018 0.842277 -2.451446
v -0.260095 0.826952 -2.483676
v -0.260095 0.843393 -2.483676
v -0.245383 0.826952 -2.495077
v -0.245383 0.843393 -2.495077
v -0.239650 0.826952 -2.675501
v -0.239650 0.843393 -2.675501
v -0.378405 0.828378 -2.493552
v -0.378405 0.842277 -2.493552
v -0.471693 0.828378 -2.575237
v -0.471693 0.842277 -2.575237
v -0.220681 0.826952 -2.446778
v -0.220681 0.843393 -2.446778
v -0.216714 0.827112 -2.845528
v -0.216714 0.827112 -2.726522
v -0.230252 0.827112 -2.727909
v -0.222630 0.827112 -2.723499
v -0.243137 0.827112 -2.788984
v -0.239963 0.827112 -2.758250
v -0.253648 0.827112 -2.822430
v -0.254063 0.827112 -2.845528
v -0.216714 0.841708 -2.845528
v -0.216714 0.841708 -2.726522
v -0.230252 0.841708 -2.727909
v -0.222630 0.841708 -2.723499
v -0.243137 0.841708 -2.788984
v -0.239963 0.841708 -2.758250
v -0.253648 0.841708 -2.822430
v -0.254063 0.841708 -2.845528
v -0.226801 0.827112 -2.724481
v -0.226801 0.841708 -2.724481
v -0.397625 0.856319 -2.553792
v -0.477094 0.856319 -2.448287
v -0.477094 0.856319 -2.616329
v -0.447544 0.856319 -2.616215
v -0.326715 0.856319 -2.597876
v -0.305363 0.856319 -2.584632
v -0.341062 0.856319 -2.514199
v -0.230161 0.856319 -2.464526
v -0.230427 0.856319 -2.448287
v -0.397625 0.845066 -2.553792
v -0.477094 0.845067 -2.448287
v -0.477094 0.845066 -2.616329
v -0.447544 0.845066 -2.616215
v -0.326715 0.845066 -2.597876
v -0.305363 0.845066 -2.584632
v -0.341062 0.845066 -2.514199
v -0.230161 0.845066 -2.464526
v -0.230427 0.845066 -2.448287
v -0.421037 0.820153 -2.741200
v -0.469052 0.820153 -2.656492
v -0.429117 0.820153 -2.842000
v -0.475399 0.820153 -2.657916
v -0.347218 0.820153 -2.719859
v -0.352911 0.820153 -2.711925
v -0.380428 0.820153 -2.768846
v -0.294230 0.820153 -2.829273
v -0.299634 0.820153 -2.842597
v -0.475520 0.820153 -2.772504
v -0.484124 0.820153 -2.780279
v -0.489361 0.820153 -2.802889
v -0.482954 0.820153 -2.817387
v -0.482954 0.820153 -2.845922
v -0.438277 0.820153 -2.845922
v -0.489147 0.820153 -2.791322
v -0.421037 0.840587 -2.741200
v -0.469052 0.840587 -2.656492
v -0.429117 0.840587 -2.842000
v -0.475399 0.840587 -2.657916
v -0.347218 0.840587 -2.719859
v -0.352911 0.840587 -2.711925
v -0.380428 0.840587 -2.768846
v -0.294230 0.840587 -2.829273
v -0.299634 0.840587 -2.842597
v -0.475520 0.840587 -2.772504
v -0.484124 0.840587 -2.780279
v -0.489361 0.840587 -2.802889
v -0.482954 0.840587 -2.817387
v -0.482954 0.840587 -2.845922
v -0.438277 0.840587 -2.845922
v -0.489147 0.840587 -2.791322
v -0.347178 0.820153 -2.715790
v -0.347178 0.840587 -2.715790
v -0.294085 0.820153 -2.834695
v -0.294085 0.840587 -2.834695
v -0.473973 0.820153 -2.656087
v -0.473973 0.840587 -2.656087
v -0.296123 0.820153 -2.839923
v -0.296123 0.840587 -2.839923
v -0.349663 0.820153 -2.713008
v -0.349663 0.840587 -2.713008
v -0.471504 0.820153 -2.655323
v -0.471504 0.840587 -2.655323
v -0.219021 0.827112 -2.724187
v -0.219021 0.841708 -2.724187
vn -0.0000 -1.0000 -0.0000
vn 0.9671 -0.0000 0.2542
vn 0.5041 -0.0000 0.8637
vn -0.0000 -0.0000 -1.0000
vn 0.5131 -0.0000 -0.8583
vn -0.0000 -0.0000 1.0000
vn 0.9697 -0.0000 -0.2442
vn 0.0040 -0.0000 -1.0000
vn -0.5566 -0.0000 -0.8308
vn -0.7977 -0.0000 0.6030
vn -1.0000 -0.0000 -0.0000
vn -0.0000 1.0000 -0.0000
vn 1.0000 -0.0000 -0.0000
vn 0.9328 -0.0000 0.3605
vn 0.9983 -0.0000 -0.0580
vn -0.3280 -0.0000 0.9447
vn 0.9947 -0.0000 -0.1032
vn 0.0288 -0.0000 -0.9996
vn 0.5180 -0.0000 -0.8554
vn 0.9886 -0.0000 -0.1505
vn -0.5913 -0.0000 0.8064
vn -0.9342 -0.0000 -0.3568
vn -0.9990 -0.0000 0.0437
vn 0.7998 -0.0000 0.6003
vn 0.6620 -0.0000 0.7495
vn 0.9608 -0.0000 -0.2772
vn 0.9876 -0.0000 0.1572
vn 0.9999 -0.0000 0.0106
vn 0.7712 -0.0000 0.6366
vn -0.7279 -0.0000 0.6857
vn 0.4779 -0.0000 0.8784
vn -0.4171 -0.0000 -0.9089
vn -0.5275 -0.0000 0.8495
vn 0.9061 -0.0000 -0.4232
vn -1.0000 -0.0000 0.0048
vn 0.9906 -0.0000 0.1368
vn 0.9333 -0.0000 0.3592
vn -0.2481 -0.0000 0.9687
vn -0.6304 -0.7573 -0.1706
vn -0.6001 -0.7511 -0.2751
vn -0.3954 -0.9075 -0.1417
vn -0.3889 -0.9189 -0.0665
vn -0.4689 -0.7374 0.4862
vn -0.5615 -0.7623 0.3218
vn -0.3144 -0.9341 0.1694
vn -0.2540 -0.9292 0.2685
vn 0.1265 -0.7216 0.6807
vn -0.0749 -0.7295 0.6799
vn -0.0437 -0.9158 0.3992
vn 0.0758 -0.9146 0.3973
vn 0.7179 -0.5186 0.4644
vn 0.7229 -0.6428 0.2535
vn -0.6053 -0.7857 0.1278
vn -0.3513 -0.9341 0.0639
vn -0.2971 -0.7256 0.6207
vn -0.1610 -0.9214 0.3538
vn 0.6897 -0.3933 0.6079
vn 0.1732 -0.5637 0.8077
vn -0.3367 -0.5718 0.7481
vn -0.5690 -0.5714 0.5915
vn -0.7409 -0.6589 0.1303
vn -0.7514 -0.6308 -0.1936
vn -0.0762 -0.5965 0.7990
vn -0.6919 -0.5999 0.4018
vn -0.7373 -0.5567 -0.3827
vn 0.0300 -0.9892 0.1436
vn 0.6896 -0.7197 0.0803
vn -0.0116 -0.9899 0.1411
vn -0.0577 -0.9908 0.1228
vn -0.0984 -0.9904 0.0970
vn -0.1279 -0.9897 0.0642
vn -0.1611 -0.9867 0.0192
vn -0.1797 -0.9829 -0.0390
vn -0.1366 -0.9896 -0.0442
vn 0.7085 -0.0000 -0.7057
vn 0.9610 -0.0000 -0.2765
vn -0.9813 -0.0000 0.1923
vn -0.0782 -0.0000 -0.9969
vn -0.0236 -0.0000 -0.9997
vn 0.2784 -0.0000 -0.9605
vn 0.9992 -0.0000 -0.0396
vn 0.9433 -0.0000 0.3319
vn 0.5571 -0.0000 -0.8304
vn 0.8475 -0.0000 -0.5308
vn 0.8600 -0.0000 -0.5103
vn 0.6304 -0.0000 -0.7763
vn -0.7775 -0.0000 0.6289
vn 0.3324 -0.0000 -0.9431
vn -0.0983 -0.0000 0.9952
vn -0.3868 -0.0000 0.9222
vn 0.9811 -0.0000 -0.1935
vn -0.9499 -0.0000 0.3125
vn -0.7864 -0.0000 0.6178
vn -0.9538 -0.0000 -0.3006
vn -0.9885 -0.0000 -0.1513
vn -0.8169 -0.0000 -0.5768
vn -0.9605 -0.0000 -0.2784
vn -0.9445 -0.0000 -0.3284
vn -0.3459 -0.0000 -0.9383
vn 0.3172 -0.0000 -0.9484
vn 0.0651 -0.0000 -0.9979
vn 1.0000 -0.0000 -0.0051
vn 0.9987 -0.0000 -0.0516
vn 0.3146 -0.0000 -0.9492
vn -0.4582 -0.0000 -0.8889
vn -0.7132 -0.0000 -0.7010
vn -0.5329 -0.0000 -0.8462
vn 0.8903 -0.0000 -0.4555
vn 0.9870 -0.0000 0.1605
vn 0.9998 -0.0000 0.0180
vn 0.8529 -0.0000 0.5220
vn 0.9788 -0.0000 0.2049
vn 0.4852 -0.0000 0.8744
vn 0.9793 -0.0000 0.2023
vn -0.4705 -0.0000 0.8824
vn 0.0214 -0.0000 0.9998
vn -0.8920 -0.0000 0.4521
vn -0.4088 -0.0000 -0.9126
vn -0.7810 -0.0000 -0.6245
vn 0.5280 -0.0000 -0.8493
vn -0.9999 -0.0000 0.0164
vn -0.5271 -0.0000 -0.8498
vn -0.0039 -0.0000 -1.0000
vn -0.8809 -0.0000 0.4733
vn -0.5740 -0.0000 0.8188
vn -0.9852 -0.0000 -0.1716
vn 0.0419 -0.0000 0.9991
vn 0.3948 -0.0000 0.9188
vn 0.8072 -0.0000 0.5903
vn 0.9753 -0.0000 0.2208
vn 0.0046 -0.0000 -1.0000
vn -0.3175 -0.0000 -0.9483
vn -0.8700 -0.0000 0.4931
vn -0.6816 -0.0000 0.7317
vn 0.9455 -0.0000 0.3255
vn 1.0000 -0.0000 0.0011
vn 0.5682 -0.0000 0.8229
vn 0.6704 -0.0000 0.7420
vn -0.3937 -0.0000 -0.9192
vn 0.9803 -0.0000 -0.1975
vn -0.8277 -0.0000 -0.5611
vn -0.9545 -0.0000 -0.2982
vn 0.9147 -0.0000 -0.4042
vn -0.5496 -0.0000 0.8355
vn -0.9360 -0.0000 0.3520
vn -0.7986 -0.0000 -0.6019
vn -0.0723 -0.0000 0.9974
vn -0.7113 -0.0000 0.7029
vn -0.9671 -0.0000 0.2542
vn -0.5041 -0.0000 0.8637
vn -0.5131 -0.0000 -0.8584
vn -0.9697 -0.0000 -0.2442
vn -0.0040 -0.0000 -1.0000
vn 0.5566 -0.0000 -0.8308
vn 0.7977 -0.0000 0.6030
vn -0.9328 -0.0000 0.3605
vn -0.9983 -0.0000 -0.0580
vn 0.3280 -0.0000 0.9447
vn -0.9947 -0.0000 -0.1032
vn -0.0288 -0.0000 -0.9996
vn -0.5180 -0.0000 -0.8554
vn -0.9886 -0.0000 -0.1505
vn 0.5913 -0.0000 0.8064
vn 0.9342 -0.0000 -0.3568
vn 0.9990 -0.0000 0.0437
vn -0.7998 -0.0000 0.6003
vn -0.6620 -0.0000 0.7495
vn -0.9608 -0.0000 -0.2773
vn -0.9876 -0.0000 0.1572
vn -0.9999 -0.0000 0.0106
vn -0.7712 -0.0000 0.6366
vn 0.7279 -0.0000 0.6857
vn -0.4779 -0.0000 0.8784
vn 0.4171 -0.0000 -0.9089
vn 0.5275 -0.0000 0.8495
vn -0.9061 -0.0000 -0.4232
vn 1.0000 -0.0000 0.0048
vn -0.9906 -0.0000 0.1368
vn -0.9333 -0.0000 0.3592
vn 0.2481 -0.0000 0.9687
vn 0.6304 -0.7573 -0.1706
vn 0.3889 -0.9189 -0.0665
vn 0.3954 -0.9075 -0.1417
vn 0.6001 -0.7511 -0.2751
vn 0.4689 -0.7374 0.4862
vn 0.2540 -0.9292 0.2685
vn 0.3144 -0.9341 0.1694
vn 0.5615 -0.7623 0.3218
vn -0.1265 -0.7216 0.6807
vn -0.0758 -0.9146 0.3973
vn 0.0437 -0.9158 0.3992
vn 0.0749 -0.7295 0.6799
vn -0.7229 -0.6428 0.2535
vn -0.7179 -0.5186 0.4644
vn 0.3513 -0.9341 0.0639
vn 0.6053 -0.7857 0.1278
vn 0.1610 -0.9214 0.3538
vn 0.2971 -0.7256 0.6207
vn -0.6897 -0.3933 0.6079
vn -0.1732 -0.5637 0.8077
vn 0.3367 -0.5718 0.7481
vn 0.5690 -0.5714 0.5915
vn 0.7409 -0.6589 0.1303
vn 0.7514 -0.6308 -0.1936
vn 0.0762 -0.5965 0.7990
vn 0.6919 -0.5999 0.4018
vn 0.7373 -0.5567 -0.3827
vn -0.0300 -0.9892 0.1436
vn -0.6896 -0.7197 0.0803
vn 0.0116 -0.9899 0.1411
vn 0.0577 -0.9908 0.1228
vn 0.0984 -0.9904 0.0970
vn 0.1279 -0.9897 0.0642
vn 0.1611 -0.9867 0.0192
vn 0.1797 -0.9829 -0.0390
vn 0.1366 -0.9896 -0.0442
vn -0.7085 -0.0000 -0.7057
vn -0.9610 -0.0000 -0.2765
vn 0.9813 -0.0000 0.1923
vn 0.0782 -0.0000 -0.9969
vn 0.0236 -0.0000 -0.9997
vn -0.2784 -0.0000 -0.9605
vn -0.9992 -0.0000 -0.0396
vn -0.9433 -0.0000 0.3319
vn -0.5571 -0.0000 -0.8304
vn -0.8475 -0.0000 -0.5308
vn -0.8600 -0.0000 -0.5103
vn -0.6304 -0.0000 -0.7763
vn 0.7775 -0.0000 0.6289
vn -0.3324 -0.0000 -0.9431
vn 0.0983 -0.0000 0.9952
vn 0.3868 -0.0000 0.9222
vn -0.9811 -0.0000 -0.1935
vn 0.9499 -0.0000 0.3125
vn 0.7864 -0.0000 0.6178
vn 0.9537 -0.0000 -0.3006
vn 0.9885 -0.0000 -0.1513
vn 0.8169 -0.0000 -0.5768
vn 0.9605 -0.0000 -0.2784
vn 0.9445 -0.0000 -0.3284
vn 0.3459 -0.0000 -0.9383
vn -0.3172 -0.0000 -0.9484
vn -0.0651 -0.0000 -0.9979
vn -1.0000 -0.0000 -0.0051
vn -0.9987 -0.0000 -0.0516
vn -0.3146 -0.0000 -0.9492
vn 0.4582 -0.0000 -0.8889
vn 0.7132 -0.0000 -0.7010
vn 0.5329 -0.0000 -0.8462
vn -0.8903 -0.0000 -0.4555
vn -0.9870 -0.0000 0.1605
vn -0.9998 -0.0000 0.0180
vn -0.8529 -0.0000 0.5220
vn -0.9788 -0.0000 0.2049
vn -0.4852 -0.0000 0.8744
vn -0.9793 -0.0000 0.2023
vn 0.4705 -0.0000 0.8824
vn -0.0214 -0.0000 0.9998
vn 0.8920 -0.0000 0.4521
vn 0.4088 -0.0000 -0.9126
vn 0.7810 -0.0000 -0.6245
vn -0.5280 -0.0000 -0.8493
vn 0.9999 -0.0000 0.0164
vn 0.5271 -0.0000 -0.8498
vn 0.0039 -0.0000 -1.0000
vn 0.8809 -0.0000 0.4733
vn 0.5740 -0.0000 0.8188
vn 0.9852 -0.0000 -0.1716
vn -0.0419 -0.0000 0.9991
vn -0.3948 -0.0000 0.9188
vn -0.8072 -0.0000 0.5903
vn -0.9753 -0.0000 0.2208
vn -0.0046 -0.0000 -1.0000
vn 0.3175 -0.0000 -0.9483
vn 0.8700 -0.0000 0.4931
vn 0.6816 -0.0000 0.7317
vn -0.9455 -0.0000 0.3255
vn -1.0000 -0.0000 0.0011
vn -0.5682 -0.0000 0.8229
vn -0.6704 -0.0000 0.7420
vn 0.3937 -0.0000 -0.9192
vn -0.9803 -0.0000 -0.1975
vn 0.8277 -0.0000 -0.5611
vn 0.9545 -0.0000 -0.2982
vn -0.9147 -0.0000 -0.4042
vn 0.5496 -0.0000 0.8355
vn 0.9360 -0.0000 0.3520
vn 0.7986 -0.0000 -0.6019
vn 0.0723 -0.0000 0.9974
vn 0.7113 -0.0000 0.7029
vn -0.5131 -0.0000 -0.8583
vn -0.9608 -0.0000 -0.2772
vn -0.9061 -0.0000 -0.4231
vn 0.5329 -0.0000 -0.8461
vn 0.1612 -0.9867 0.0192
vn 0.9538 -0.0000 -0.3006
vn 0.5495 -0.0000 0.8355
vn -0.5683 -0.0000 0.8229
vt 0.632337 0.286675
vt 0.820144 0.286760
vt 0.820144 0.550152
vt 0.631502 0.550360
vt 0.628552 0.544969
vt 0.628375 0.293582
vt 0.030251 0.326520
vt 0.035770 0.326511
vt 0.035971 0.334361
vt 0.030490 0.334532
vt 0.066425 0.070213
vt 0.071942 0.070213
vt 0.071942 0.258993
vt 0.066425 0.258993
vt 0.079137 0.258993
vt 0.073619 0.258993
vt 0.073619 0.071214
vt 0.079137 0.071214
vt 0.030317 0.075269
vt 0.035835 0.075279
vt 0.030489 0.069083
vt 0.035971 0.069221
vt 0.425249 0.427003
vt 0.521833 0.202505
vt 0.583150 0.209606
vt 0.759599 0.000049
vt 0.784173 0.000049
vt 0.784173 0.242806
vt 0.759599 0.242806
vt 0.273896 0.489900
vt 0.295291 0.501988
vt 0.293865 0.504473
vt 0.272496 0.492394
vt 0.460535 0.159548
vt 0.481912 0.171625
vt 0.481076 0.173122
vt 0.459680 0.161035
vt 0.755396 0.244604
vt 0.730822 0.244604
vt 0.730822 0.000505
vt 0.755396 0.000505
vt 0.250889 0.527769
vt 0.038547 0.412244
vt 0.038680 0.407137
vt 0.223948 0.079560
vt 0.227059 0.076195
vt 0.437125 0.198743
vt 0.178680 0.146436
vt 0.049964 0.374032
vt 0.053790 0.378121
vt 0.016252 0.438153
vt -0.000000 0.422585
vt 0.183702 0.097406
vt 0.204459 0.101644
vt 0.184350 0.146981
vt 0.569178 0.616454
vt 0.524782 0.358886
vt 0.529093 0.351985
vt 0.587672 0.310760
vt 0.617806 0.340859
vt 0.602930 0.362711
vt 0.608309 0.396556
vt 0.612036 0.435051
vt 0.584646 0.464019
vt 0.617806 0.522218
vt 0.616309 0.618705
vt 0.306202 0.593458
vt 0.308453 0.640590
vt 0.211966 0.642086
vt 0.153767 0.608926
vt 0.124799 0.636316
vt 0.086305 0.632589
vt 0.052460 0.627210
vt 0.030607 0.642086
vt 0.000509 0.611953
vt 0.041734 0.553374
vt 0.048634 0.549062
vt 0.028975 0.421795
vt 0.044964 0.421795
vt 0.044964 0.467626
vt 0.028975 0.467626
vt 0.342907 0.140152
vt 0.342955 0.124168
vt 0.409126 0.124298
vt 0.409130 0.140288
vt 0.000198 0.333476
vt 0.016187 0.333476
vt 0.016187 0.384892
vt 0.000198 0.384892
vt 0.145863 0.098593
vt 0.161857 0.098585
vt 0.161871 0.133093
vt 0.145884 0.133094
vt 0.509210 0.089773
vt 0.525180 0.089820
vt 0.525148 0.100845
vt 0.509158 0.100838
vt 0.250065 0.086331
vt 0.250065 0.070342
vt 0.532374 0.070342
vt 0.532374 0.086331
vt 0.507169 0.124168
vt 0.507194 0.140157
vt 0.419263 0.161167
vt 0.435252 0.161167
vt 0.435252 0.185252
vt 0.419263 0.185252
vt 0.525180 0.188840
vt 0.509190 0.188849
vt 0.192644 0.507449
vt 0.208633 0.507449
vt 0.208633 0.543165
vt 0.192644 0.543165
vt 0.145889 0.071082
vt 0.161871 0.071104
vt 0.721038 0.747138
vt 0.723845 0.773668
vt 0.569990 0.789810
vt 0.563308 0.798198
vt 0.549598 0.805755
vt 0.537659 0.805106
vt 0.525855 0.800687
vt 0.497521 0.802224
vt 0.495152 0.759577
vt 0.498748 0.750720
vt 0.478101 0.544621
vt 0.491459 0.543818
vt 0.577644 0.639656
vt 0.744175 0.554947
vt 0.755396 0.569111
vt 0.710643 0.678026
vt 0.755396 0.712525
vt 0.172530 0.808289
vt 0.138172 0.773676
vt 0.182925 0.739177
vt 0.138172 0.630262
vt 0.149393 0.616098
vt 0.315924 0.700807
vt 0.402109 0.604969
vt 0.415468 0.605772
vt 0.394821 0.811871
vt 0.398416 0.820728
vt 0.396047 0.863375
vt 0.367713 0.861838
vt 0.355909 0.866257
vt 0.343970 0.866906
vt 0.330260 0.859349
vt 0.323578 0.850961
vt 0.169724 0.834819
vt 0.330116 0.471223
vt 0.330116 0.444537
vt 0.348921 0.444537
vt 0.348921 0.471223
vt 0.528777 0.398101
vt 0.528777 0.526978
vt 0.509972 0.526978
vt 0.509972 0.398101
vt 0.001270 0.495584
vt 0.188849 0.495584
vt 0.188849 0.514389
vt 0.001270 0.514389
vt 0.403832 0.159253
vt 0.417266 0.159253
vt 0.417266 0.178058
vt 0.403832 0.178058
vt 0.351186 0.416460
vt 0.351744 0.405989
vt 0.370504 0.406685
vt 0.370086 0.416969
vt 0.351189 0.444190
vt 0.350966 0.432079
vt 0.369759 0.432045
vt 0.369942 0.443698
vt 0.360393 0.000980
vt 0.514389 0.000980
vt 0.514388 0.019784
vt 0.360393 0.019784
vt 0.063929 0.467626
vt 0.063929 0.439680
vt 0.082734 0.439680
vt 0.082734 0.467626
vt 0.535971 0.001572
vt 0.535971 0.050360
vt 0.517167 0.050360
vt 0.517167 0.001572
vt 0.726619 0.000886
vt 0.725597 0.208881
vt 0.706787 0.208824
vt 0.707814 0.000785
vt 0.488390 0.215827
vt 0.488390 0.159362
vt 0.507194 0.159362
vt 0.507194 0.215827
vt 0.725620 0.218652
vt 0.726619 0.262095
vt 0.707853 0.262590
vt 0.706817 0.218890
vt 0.786951 0.244604
vt 0.786951 0.126993
vt 0.805755 0.126993
vt 0.805755 0.244604
vt 0.489042 0.045944
vt 0.507194 0.045944
vt 0.507194 0.064748
vt 0.489042 0.064748
vt 0.351813 0.456835
vt 0.370504 0.456112
vt 0.358813 0.027878
vt 0.029331 0.027878
vt 0.029331 0.000050
vt 0.358813 0.000050
vt 0.029331 0.029339
vt 0.358813 0.029339
vt 0.358813 0.038669
vt 0.029331 0.038669
vt 0.000050 0.000554
vt 0.027878 0.330036
vt 0.000050 0.330036
vt 0.029332 0.040130
vt 0.358813 0.040130
vt 0.358813 0.049460
vt 0.029332 0.049460
vt 0.026978 0.363309
vt 0.017649 0.363309
vt 0.017648 0.335482
vt 0.026978 0.335482
vt 0.208633 0.098921
vt 0.199303 0.098921
vt 0.199303 0.071093
vt 0.208633 0.071093
vt 0.027878 0.000554
vt 0.927868 0.379313
vt 0.928057 0.494604
vt 0.821643 0.494604
vt 0.831332 0.423071
vt 0.856127 0.360350
vt 0.466753 0.705036
vt 0.466753 0.589420
vt 0.480216 0.589420
vt 0.480216 0.705036
vt 0.115108 0.072989
vt 0.115088 0.145024
vt 0.101624 0.145020
vt 0.101646 0.072988
vt 0.115108 0.212220
vt 0.101646 0.212230
vt 0.439775 0.356115
vt 0.439775 0.249505
vt 0.453237 0.249505
vt 0.453237 0.356115
vt 0.485612 0.193591
vt 0.485612 0.267986
vt 0.472149 0.267986
vt 0.472149 0.193591
vt 0.161687 0.956646
vt 0.142724 0.884904
vt 0.205445 0.860110
vt 0.276978 0.850420
vt 0.276978 0.956834
vt 1.000000 0.196673
vt 1.000000 0.356874
vt 0.971693 0.373378
vt 0.923697 0.375899
vt 0.884435 0.358391
vt 0.849701 0.332553
vt 0.827830 0.298465
vt 0.815934 0.255291
vt 0.820463 0.212229
vt 0.828693 0.194099
vt 0.952606 0.022883
vt 0.954064 0.083985
vt 0.951326 0.084997
vt 0.935128 0.086778
vt 0.920496 0.082787
vt 0.909769 0.075312
vt 0.899894 0.061227
vt 0.895247 0.048309
vt 0.895258 0.031179
vt 0.897592 0.024035
vt 0.801244 0.033351
vt 0.814143 0.003093
vt 0.820759 0.003747
vt 0.810491 0.036556
vt 0.841305 0.150009
vt 0.815520 0.116195
vt 0.822582 0.110547
vt 0.848032 0.144250
vt 0.955875 0.176485
vt 0.914835 0.180660
vt 0.915211 0.172780
vt 0.956161 0.168394
vt 0.089963 0.070766
vt 0.089918 0.232992
vt 0.085260 0.226292
vt 0.085263 0.070764
vt 0.800584 0.080970
vt 0.810349 0.078316
vt 0.872724 0.170223
vt 0.876861 0.163089
vt 0.151117 0.480219
vt 0.000128 0.480223
vt 0.000126 0.475509
vt 0.146738 0.475505
vt 0.976452 0.169772
vt 0.975683 0.161310
vt 0.978417 0.180058
vt 0.959353 0.187583
vt 0.869649 0.181141
vt 0.833399 0.158250
vt 0.787641 0.081390
vt 0.789077 0.031835
vt 0.156475 0.489209
vt 0.000158 0.489209
vt 0.915191 0.192446
vt 0.805690 0.122312
vt 0.098921 0.070795
vt 0.098921 0.237410
vt 0.803451 0.001033
vt 0.956158 0.160734
vt 0.975276 0.154029
vt 0.916969 0.164944
vt 0.880335 0.155641
vt 0.852837 0.137613
vt 0.828552 0.105321
vt 0.816862 0.074515
vt 0.817023 0.034525
vt 0.826774 0.003866
vt 0.082021 0.219470
vt 0.082025 0.070776
vt 0.000096 0.472393
vt 0.141200 0.472369
vt 0.971465 0.001033
vt 0.451597 0.690311
vt 0.411188 0.713223
vt 0.409534 0.709222
vt 0.632411 0.054548
vt 0.684510 0.001584
vt 0.691837 0.002683
vt 0.699057 0.013995
vt 0.705036 0.036360
vt 0.704035 0.040293
vt 0.687307 0.053388
vt 0.680063 0.065424
vt 0.672820 0.077461
vt 0.669785 0.088424
vt 0.666750 0.099388
vt 0.705036 0.253498
vt 0.702336 0.257046
vt 0.699637 0.260594
vt 0.683712 0.262590
vt 0.630757 0.058549
vt 0.630626 0.056196
vt 0.631519 0.055372
vt 0.588302 0.022414
vt 0.604489 0.022704
vt 0.604363 0.026950
vt 0.588240 0.026955
vt 0.123356 0.069237
vt 0.123229 0.053102
vt 0.346897 0.050343
vt 0.347122 0.066477
vt 0.589775 0.230041
vt 0.605919 0.229837
vt 0.606111 0.249176
vt 0.589999 0.249229
vt 0.589616 0.000511
vt 0.605625 0.001551
vt 0.604616 0.018457
vt 0.588364 0.017874
vt 0.588994 0.291416
vt 0.605045 0.292473
vt 0.604236 0.301259
vt 0.588240 0.300034
vt 0.590034 0.253290
vt 0.606115 0.253327
vt 0.605864 0.277934
vt 0.589642 0.277409
vt 0.589353 0.200726
vt 0.605494 0.200544
vt 0.605604 0.208760
vt 0.589460 0.208981
vt 0.120335 0.069245
vt 0.120435 0.053097
vt 0.589617 0.219511
vt 0.605762 0.219298
vt 0.029230 0.066459
vt 0.029793 0.050343
vt 0.117678 0.053054
vt 0.117356 0.069206
vt 0.118845 0.069225
vt 0.119056 0.053076
vt 0.605385 0.192327
vt 0.589247 0.192471
vt 0.351313 0.603422
vt 0.311386 0.683726
vt 0.310859 0.576039
vt 0.701175 0.782241
vt 0.704320 0.782082
vt 0.706835 0.782831
vt 0.683238 0.884892
vt 0.575551 0.884365
vt 0.568582 0.884892
vt 0.566807 0.882866
vt 0.565033 0.880840
vt 0.567165 0.874231
vt 0.655855 0.844438
vt 0.657141 0.786751
vt 0.662466 0.782312
vt 0.665748 0.783633
vt 0.669030 0.784955
vt 0.678845 0.805178
vt 0.432197 0.158245
vt 0.408698 0.157768
vt 0.409111 0.144133
vt 0.432312 0.144607
vt 0.371563 0.156220
vt 0.368363 0.155993
vt 0.369099 0.142390
vt 0.372275 0.142591
vt 0.064421 0.205240
vt 0.064748 0.298499
vt 0.051109 0.298561
vt 0.050776 0.205263
vt 0.435794 0.158259
vt 0.435785 0.144618
vt 0.117653 0.187050
vt 0.117653 0.073388
vt 0.131295 0.073388
vt 0.131295 0.187050
vt 0.064436 0.199072
vt 0.050801 0.199040
vt 0.500000 0.156006
vt 0.446071 0.158156
vt 0.445659 0.144525
vt 0.499412 0.142390
vt 0.064748 0.070351
vt 0.064522 0.185743
vt 0.050879 0.185704
vt 0.051107 0.070333
vt 0.064452 0.196317
vt 0.050818 0.196274
vt 0.375051 0.156427
vt 0.375707 0.142776
vt 0.439391 0.158273
vt 0.439258 0.144629
vt 0.064469 0.193562
vt 0.050835 0.193508
vt 0.463287 0.766187
vt 0.466083 0.714383
vt 0.410295 0.712399
vt 0.458840 0.702347
vt 0.409403 0.711575
vt 0.462489 0.505181
vt 0.445526 0.668383
vt 0.478414 0.507177
vt 0.483813 0.514273
vt 0.481113 0.510725
vt 0.470613 0.765088
vt 0.477834 0.753776
vt 0.483813 0.731411
vt 0.482812 0.727478
vt 0.448562 0.679347
vt 0.413669 0.554957
vt 0.413510 0.558102
vt 0.412920 0.552443
vt 0.390573 0.580433
vt 0.410796 0.590247
vt 0.409000 0.602137
vt 0.412118 0.593529
vt 0.413439 0.596811
vt 0.321520 0.692113
vt 0.314911 0.694245
vt 0.310859 0.690696
vt 0.312885 0.692470
vt 0.416555 0.304331
vt 0.418709 0.305917
vt 0.420863 0.307504
vt 0.632709 0.245192
vt 0.632709 0.129447
vt 0.634863 0.127860
vt 0.637018 0.126273
vt 0.642049 0.126896
vt 0.645728 0.130142
vt 0.655623 0.159965
vt 0.658902 0.190144
vt 0.669065 0.223466
vt 0.668549 0.246403
vt 0.462764 0.051419
vt 0.485612 0.052298
vt 0.485038 0.066547
vt 0.462559 0.065796
vt 0.366722 0.052203
vt 0.397840 0.052096
vt 0.398017 0.066404
vt 0.366595 0.066547
vt 0.362040 0.052103
vt 0.361725 0.066488
vt 0.687113 0.174460
vt 0.687113 0.057656
vt 0.701439 0.057656
vt 0.701439 0.174460
vt 0.428153 0.051569
vt 0.428345 0.065868
vt 0.354204 0.051814
vt 0.357052 0.051958
vt 0.356569 0.066278
vt 0.353677 0.066109
vt 0.046825 0.464029
vt 0.046825 0.427371
vt 0.061151 0.427371
vt 0.061151 0.464029
vt 0.874101 0.802872
vt 0.716895 0.814748
vt 0.712466 0.787853
vt 0.768274 0.729793
vt 0.725413 0.659642
vt 0.737786 0.638457
vt 0.807842 0.672478
vt 0.859114 0.566257
vt 0.874101 0.568302
vt 0.000236 0.865822
vt 0.000236 0.631252
vt 0.015222 0.629206
vt 0.066495 0.735428
vt 0.136550 0.701406
vt 0.148923 0.722592
vt 0.106063 0.792743
vt 0.161871 0.850802
vt 0.157441 0.877698
vt 0.467626 0.221058
vt 0.467626 0.298561
vt 0.456582 0.298561
vt 0.456582 0.221058
vt 0.309887 0.111258
vt 0.474820 0.111258
vt 0.474820 0.122302
vt 0.309887 0.122302
vt 0.424207 0.397482
vt 0.424207 0.278212
vt 0.435252 0.278212
vt 0.435252 0.397482
vt 0.372049 0.449640
vt 0.372049 0.371190
vt 0.383094 0.371190
vt 0.383094 0.449640
vt 0.132841 0.154676
vt 0.132841 0.072725
vt 0.143885 0.072724
vt 0.143885 0.154676
vt 0.077338 0.261039
vt 0.077338 0.276978
vt 0.066294 0.276978
vt 0.066294 0.261039
vt 0.179603 0.095324
vt 0.179603 0.070663
vt 0.190648 0.070663
vt 0.190648 0.095324
vt 0.165215 0.100719
vt 0.165215 0.071715
vt 0.176259 0.071716
vt 0.176259 0.100719
vt 0.037517 0.312950
vt 0.037517 0.070845
vt 0.048561 0.070845
vt 0.048561 0.312950
vt 0.492572 0.831056
vt 0.483926 0.929239
vt 0.438883 0.862646
vt 0.866145 0.838250
vt 0.915857 0.756348
vt 0.917656 0.756021
vt 0.919455 0.755693
vt 0.921951 0.758060
vt 0.919834 0.869840
vt 0.928331 0.877629
vt 0.933254 0.888547
vt 0.933453 0.899916
vt 0.927189 0.914139
vt 0.925895 0.942446
vt 0.883170 0.940628
vt 0.874790 0.936434
vt 0.749885 0.942446
vt 0.747303 0.939585
vt 0.744721 0.936723
vt 0.743609 0.929987
vt 0.825757 0.866005
vt 0.793082 0.817944
vt 0.793834 0.812571
vt 0.796249 0.811366
vt 0.798664 0.810161
vt 0.609237 0.119002
vt 0.605418 0.015845
vt 0.625447 0.015051
vt 0.629294 0.118394
vt 0.605418 0.313318
vt 0.608220 0.269815
vt 0.628345 0.270734
vt 0.625361 0.314748
vt 0.609424 0.125664
vt 0.629406 0.125347
vt 0.434589 0.043087
vt 0.361829 0.042925
vt 0.361853 0.022875
vt 0.434650 0.023026
vt 0.487004 0.493981
vt 0.487064 0.482053
vt 0.507150 0.482098
vt 0.507068 0.493985
vt 0.608564 0.260326
vt 0.609448 0.133398
vt 0.629496 0.133398
vt 0.628610 0.260642
vt 0.288369 0.089662
vt 0.383968 0.089444
vt 0.383974 0.109504
vt 0.288435 0.109712
vt 0.391134 0.089475
vt 0.503597 0.089658
vt 0.503573 0.109712
vt 0.391099 0.109531
vt 0.387612 0.089455
vt 0.387595 0.109518
vt 0.487087 0.505396
vt 0.507103 0.505333
vt 0.487128 0.470745
vt 0.507194 0.470696
vt 0.503597 0.042916
vt 0.445452 0.043165
vt 0.445448 0.023102
vt 0.503478 0.022875
vt 0.487004 0.455250
vt 0.507007 0.455077
vt 0.437295 0.043111
vt 0.437349 0.023044
vt 0.021583 0.439619
vt 0.021583 0.467626
vt 0.001528 0.467626
vt 0.001528 0.439619
vt 0.440002 0.043136
vt 0.440048 0.023063
vt 0.609436 0.129531
vt 0.629451 0.129372
vt 0.385790 0.089449
vt 0.385784 0.109511
vt 0.351356 0.051671
vt 0.350786 0.065940
vt 0.420863 0.423249
vt 0.394671 0.368201
vt 0.385023 0.424460
vt 0.384507 0.401523
vt 0.397950 0.338022
vt 0.407845 0.308199
vt 0.411523 0.304953
vt 0.560052 0.802967
vt 0.532960 0.858811
vt 0.562467 0.804171
vt 0.565634 0.810750
vt 0.564883 0.805376
vt 0.615108 0.922793
vt 0.608832 0.935252
vt 0.613996 0.929529
vt 0.441061 0.748826
vt 0.442860 0.749153
vt 0.439261 0.748499
vt 0.436766 0.750866
vt 0.611414 0.932390
vt 0.475546 0.933433
vt 0.431528 0.906945
vt 0.432821 0.935252
vt 0.425263 0.892722
vt 0.425463 0.881353
vt 0.430385 0.870434
vt 0.530604 0.179972
vt 0.543423 -0.000000
vt 0.587020 0.012036
vt 0.584612 0.209167
vt 0.468136 0.497949
vt 0.467360 0.499888
vt 0.410452 0.441509
vt 0.280398 0.587019
vt 0.241472 0.534496
s 1
usemtl Material.040
f 1/1/1 3/2/1 4/3/1 2/4/1 6/5/1 5/6/1
f 5/7/2 11/8/2 7/9/3 1/10/3
f 4/11/4 10/12/4 8/13/5 2/14/5
f 1/15/3 7/16/3 9/17/6 3/18/6
f 6/19/7 12/20/7 11/8/2 5/7/2
f 2/21/5 8/22/5 12/20/7 6/19/7
f 11/23/1 12/24/1 18/25/1
f 13/26/8 19/27/8 21/28/8 15/29/8
f 17/30/9 23/31/9 19/32/9 13/33/9
f 14/34/10 20/35/10 24/36/10 18/37/10
f 18/37/11 24/36/11 23/31/11 17/30/11
f 16/38/6 22/39/6 20/40/6 14/41/6
f 21/42/12 19/43/12 23/44/12 24/45/12 20/46/12 22/47/12
f 4/48/13 3/49/13 9/50/13 15/51/13 21/52/13 22/53/13 16/54/13 10/55/13
f 25/56/12 26/57/12 29/58/12 28/59/12 27/60/12 30/61/12 31/62/12 32/63/12 34/64/12 35/65/12 33/66/12
f 36/67/1 44/68/1 46/69/1 45/70/1 43/71/1 42/72/1 41/73/1 38/74/1 39/75/1 40/76/1 37/77/1
f 28/78/13 39/79/13 38/80/13 27/81/13
f 34/82/14 45/83/14 46/84/14 35/85/14
f 33/86/4 44/87/4 36/88/4 25/89/4
f 31/90/15 42/91/15 43/92/15 32/93/15
f 26/94/16 37/95/16 40/96/16 29/97/16
f 25/98/11 36/99/11 37/100/11 26/101/11
f 35/85/17 46/84/17 44/102/17 33/103/17
f 27/104/18 38/105/18 41/106/18 30/107/18
f 29/97/6 40/96/6 39/108/6 28/109/6
f 32/110/19 43/111/19 45/112/19 34/113/19
f 30/114/20 41/115/20 42/91/20 31/90/20
f 47/116/12 49/117/12 50/118/12 77/119/12 57/120/12 79/121/12 58/122/12 60/123/12 61/124/12 59/125/12 56/126/12 55/127/12 48/128/12 54/129/12 53/130/12 52/131/12 51/132/12
f 62/133/1 66/134/1 67/135/1 68/136/1 69/137/1 63/138/1 70/139/1 71/140/1 74/141/1 76/142/1 75/143/1 73/144/1 80/145/1 72/146/1 78/147/1 65/148/1 64/149/1
f 49/150/6 47/151/6 62/152/6 64/153/6
f 48/154/21 55/155/21 70/156/21 63/157/21
f 54/158/22 48/159/22 63/160/22 69/161/22
f 55/162/23 56/163/23 71/164/23 70/165/23
f 77/166/24 50/167/25 65/168/25 78/169/24
f 79/170/26 57/171/27 72/172/27 80/173/26
f 50/174/13 49/175/13 64/176/13 65/177/13
f 60/178/28 58/179/28 73/180/28 75/181/28
f 47/182/29 51/183/29 66/184/29 62/185/29
f 56/186/4 59/187/4 74/188/4 71/189/4
f 51/190/30 52/191/30 67/192/30 66/193/30
f 61/194/4 60/195/4 75/196/4 76/197/4
f 52/198/31 53/199/31 68/200/31 67/201/31
f 59/187/32 61/194/32 76/197/32 74/188/32
f 53/202/33 54/203/33 69/204/33 68/205/33
f 57/171/27 77/166/24 78/169/24 72/172/27
f 58/206/34 79/170/26 80/173/26 73/207/34
f 81/208/12 82/209/12 84/210/12 83/211/12
f 83/212/13 84/213/13 88/214/13 87/215/13
f 88/216/1 85/217/1 87/218/1
f 85/219/11 86/220/11 82/221/11 81/222/11
f 83/223/4 87/224/4 85/225/4 81/226/4
f 88/227/6 84/228/6 82/229/6 86/230/6
f 88/216/1 86/231/1 85/217/1
f 94/232/1 95/233/1 97/234/1 98/235/1 96/236/1
f 89/237/35 90/238/35 95/239/35 94/240/35
f 92/241/36 93/242/36 98/243/36 97/244/36
f 93/242/37 91/245/37 96/246/37 98/243/37
f 90/247/4 92/248/4 97/249/4 95/250/4
f 91/251/38 89/252/38 94/253/38 96/254/38
f 89/255/12 91/256/12 93/257/12 92/258/12 90/259/12
f 108/260/12 107/261/12 106/262/12 105/263/12 104/264/12 103/265/12 102/266/12 101/267/12 100/268/12 99/269/12
f 118/270/1 109/271/1 110/272/1 111/273/1 112/274/1 113/275/1 114/276/1 115/277/1 116/278/1 117/279/1
f 120/280/39 119/281/40 137/282/41 136/283/42
f 122/284/43 121/285/44 134/286/45 133/287/46
f 124/288/47 123/289/48 131/290/49 130/291/50
f 126/292/13 125/293/51 129/294/52 138/295/13
f 121/285/44 127/296/53 135/297/54 134/286/45
f 123/289/48 128/298/55 132/299/56 131/290/49
f 119/300/4 126/301/4 138/302/4 137/303/4
f 127/296/53 120/280/39 136/283/42 135/297/54
f 128/298/55 122/284/43 133/287/46 132/299/56
f 125/304/51 124/288/47 130/291/50 129/305/52
f 99/306/57 100/307/58 124/288/47 125/304/51
f 102/308/59 103/309/60 122/284/43 128/298/55
f 105/310/61 106/311/62 120/280/39 127/296/53
f 107/312/4 108/313/4 126/301/4 119/300/4
f 101/314/63 102/308/59 128/298/55 123/289/48
f 104/315/64 105/310/61 127/296/53 121/285/44
f 108/316/13 99/317/57 125/293/51 126/292/13
f 100/307/58 101/314/63 123/289/48 124/288/47
f 103/309/60 104/315/64 121/285/44 122/284/43
f 106/311/62 107/318/65 119/281/40 120/280/39
f 139/319/66 140/320/67 129/305/52 130/291/50
f 141/321/68 139/319/66 130/291/50 131/290/49
f 142/322/69 141/321/68 131/290/49 132/299/56
f 143/323/70 142/322/69 132/299/56 133/287/46
f 144/324/71 143/323/70 133/287/46 134/286/45
f 145/325/72 144/324/71 134/286/45 135/297/54
f 146/326/73 145/325/72 135/297/54 136/283/42
f 147/327/74 146/326/73 136/283/42 137/282/41
f 140/328/67 148/329/13 138/295/13 129/294/52
f 148/330/4 147/331/4 137/303/4 138/302/4
f 118/270/1 117/279/1 147/327/74 148/332/1
f 109/271/1 118/270/1 148/332/1 140/320/67
f 117/279/1 116/278/1 146/326/73 147/327/74
f 116/278/1 115/277/1 145/325/72 146/326/73
f 115/277/1 114/276/1 144/324/71 145/325/72
f 114/276/1 113/275/1 143/323/70 144/324/71
f 113/275/1 112/274/1 142/322/69 143/323/70
f 112/274/1 111/273/1 141/321/68 142/322/69
f 111/273/1 110/272/1 139/319/66 141/321/68
f 110/272/1 109/271/1 140/320/67 139/319/66
f 160/333/1 149/334/1 154/335/1
f 161/336/12 163/337/12 167/338/12 165/339/12 174/340/12 164/341/12 168/342/12 204/343/12 172/344/12 206/345/12 171/346/12 169/347/12 208/348/12 170/349/12 162/350/12 166/351/12 176/352/12 214/353/12
f 207/354/75 208/355/75 169/356/76 157/357/76
f 154/358/77 166/359/77 162/360/11 150/361/11
f 156/362/78 168/363/78 164/364/79 152/365/79
f 150/366/4 162/367/4 170/368/80 158/369/80
f 155/370/81 167/371/81 163/372/82 151/373/82
f 173/374/83 174/375/83 165/376/84 153/377/84
f 205/378/85 206/379/85 172/380/86 160/381/86
f 175/382/87 176/383/87 166/359/77 154/358/77
f 153/377/84 165/376/84 167/371/81 155/370/81
f 203/384/88 204/385/88 168/363/78 156/362/78
f 151/386/6 163/387/6 161/388/89 149/389/89
f 152/365/79 164/364/79 174/375/83 173/374/83
f 213/390/90 214/391/90 176/383/87 175/382/87
f 157/357/76 169/356/76 171/392/91 159/393/91
f 185/394/1 179/395/1 180/396/1
f 188/397/12 202/398/12 189/399/12 191/400/12 190/401/12 200/402/12 212/403/12 198/404/12 197/405/12 196/406/12 194/407/12 195/408/12 210/409/12 193/410/12 192/411/12
f 182/412/92 181/413/93 192/414/93 193/415/92
f 201/416/94 178/417/95 189/418/95 202/419/94
f 186/420/96 185/421/97 196/422/97 197/423/96
f 209/424/98 182/412/92 193/415/92 210/425/98
f 178/426/6 180/427/6 191/428/6 189/429/6
f 187/430/99 186/420/96 197/423/96 198/431/99
f 185/432/100 183/433/101 194/434/101 196/435/100
f 180/436/102 179/437/103 190/438/103 191/439/102
f 211/440/104 187/430/99 198/431/99 212/441/104
f 181/413/105 177/442/106 188/443/106 192/414/105
f 183/433/101 184/444/107 195/445/107 194/434/101
f 179/437/103 199/446/108 200/447/108 190/438/103
f 177/442/106 201/416/94 202/419/94 188/443/106
f 160/381/86 172/380/86 204/385/88 203/384/88
f 159/393/91 171/392/91 206/379/85 205/378/85
f 158/369/80 170/368/80 208/355/75 207/354/75
f 184/444/107 209/424/98 210/425/98 195/445/107
f 199/446/108 211/440/104 212/441/104 200/447/108
f 149/389/89 161/388/89 214/391/90 213/390/90
f 151/448/1 149/334/1 156/449/1
f 149/334/1 213/450/1 154/335/1
f 156/449/1 149/334/1 203/451/1
f 213/450/1 175/452/1 154/335/1
f 154/335/1 150/453/1 159/454/1
f 150/453/1 158/455/1 157/456/1
f 159/454/1 150/453/1 157/456/1
f 158/455/1 207/457/1 157/456/1
f 155/458/1 151/448/1 153/459/1
f 173/460/1 153/459/1 156/449/1
f 156/449/1 153/459/1 151/448/1
f 156/449/1 152/461/1 173/460/1
f 154/335/1 159/454/1 205/462/1
f 154/335/1 205/462/1 160/333/1
f 203/451/1 149/334/1 160/333/1
f 201/463/1 177/464/1 178/465/1
f 177/464/1 181/466/1 178/465/1
f 181/466/1 182/467/1 183/468/1
f 182/467/1 209/469/1 183/468/1
f 209/469/1 184/470/1 183/468/1
f 185/394/1 186/471/1 179/395/1
f 186/471/1 187/472/1 199/473/1
f 179/395/1 186/471/1 199/473/1
f 183/468/1 185/394/1 181/466/1
f 187/472/1 211/474/1 199/473/1
f 180/396/1 178/465/1 181/466/1
f 180/396/1 181/466/1 185/394/1
f 218/475/1 295/476/1 216/477/1
f 223/478/12 224/479/12 296/480/12 226/481/12 232/482/12 225/483/12 228/484/12 227/485/12 229/486/12 230/487/12
f 221/488/109 222/489/110 230/490/110 229/491/109
f 217/492/111 220/493/112 228/494/112 225/495/111
f 231/496/113 217/492/111 225/495/111 232/497/113
f 215/498/11 216/499/11 224/500/11 223/501/11
f 219/502/114 221/488/109 229/491/109 227/503/114
f 220/493/112 219/502/114 227/503/114 228/494/112
f 295/504/115 218/505/116 226/506/116 296/507/115
f 222/508/4 215/509/4 223/510/4 230/511/4
f 218/505/116 231/496/113 232/497/113 226/506/116
f 234/512/12 235/513/12 236/514/12 233/515/12 237/516/12 238/517/12 239/518/12 240/519/12 241/520/12
f 243/521/1 250/522/1 249/523/1 248/524/1 247/525/1 246/526/1 242/527/1 245/528/1 244/529/1
f 239/530/117 238/531/117 247/532/117 248/533/117
f 235/534/13 234/535/13 243/536/13 244/537/13
f 240/538/118 239/539/118 248/540/118 249/541/118
f 233/542/119 236/543/119 245/544/119 242/545/119
f 237/546/120 233/547/120 242/548/120 246/549/120
f 241/550/121 240/551/121 249/552/121 250/553/121
f 238/554/122 237/555/122 246/556/122 247/557/122
f 236/558/123 235/559/123 244/560/123 245/561/123
f 234/562/6 241/563/6 250/564/6 243/565/6
f 251/566/1 253/567/1 260/568/1
f 267/569/12 268/570/12 294/571/12 288/572/12 270/573/12 276/574/12 277/575/12 282/576/12 278/577/12 279/578/12 280/579/12 281/580/12 269/581/12 275/582/12 290/583/12 286/584/12 274/585/12 273/586/12 271/587/12 284/588/12 292/589/12 272/590/12
f 258/591/124 257/592/125 273/593/125 274/594/124
f 264/595/4 265/596/4 281/597/4 280/598/4
f 285/599/126 258/591/124 274/594/124 286/600/126
f 256/601/127 251/602/128 267/603/128 272/604/127
f 261/605/129 266/606/130 282/607/130 277/608/129
f 253/609/131 259/610/132 275/611/132 269/612/131
f 251/613/133 252/614/134 268/615/134 267/616/133
f 254/617/135 260/618/136 276/619/136 270/620/135
f 287/621/137 254/617/135 270/620/135 288/622/137
f 260/623/138 261/605/129 277/608/129 276/624/138
f 265/596/139 253/609/139 269/612/139 281/597/139
f 266/606/130 262/625/140 278/626/140 282/607/130
f 257/627/141 255/628/142 271/629/142 273/630/141
f 262/625/140 263/631/143 279/632/143 278/626/140
f 291/633/144 256/601/127 272/604/127 292/634/144
f 263/635/13 264/636/13 280/637/13 279/638/13
f 255/628/142 283/639/145 284/640/145 271/629/142
f 289/641/146 285/599/126 286/600/126 290/642/146
f 293/643/147 287/621/137 288/622/137 294/644/147
f 259/610/132 289/641/146 290/642/146 275/611/132
f 283/639/145 291/633/144 292/634/144 284/640/145
f 252/614/134 293/643/147 294/644/147 268/615/134
f 216/645/148 295/504/115 296/507/115 224/646/148
f 216/477/1 215/647/1 219/648/1
f 215/647/1 222/649/1 221/650/1
f 219/648/1 215/647/1 221/650/1
f 219/648/1 220/651/1 216/477/1
f 220/651/1 217/652/1 216/477/1
f 217/652/1 231/653/1 216/477/1
f 231/653/1 218/475/1 216/477/1
f 251/566/1 256/654/1 257/655/1
f 256/654/1 291/656/1 255/657/1
f 257/655/1 256/654/1 255/657/1
f 291/656/1 283/658/1 255/657/1
f 257/655/1 258/659/1 259/660/1
f 258/659/1 285/661/1 259/660/1
f 293/662/1 252/663/1 287/664/1
f 252/663/1 251/566/1 254/665/1
f 287/664/1 252/663/1 254/665/1
f 285/661/1 289/666/1 259/660/1
f 259/660/1 253/567/1 257/655/1
f 253/567/1 265/667/1 263/668/1
f 265/667/1 264/669/1 263/668/1
f 263/668/1 262/670/1 260/568/1
f 262/670/1 266/671/1 260/568/1
f 251/566/1 257/655/1 253/567/1
f 253/567/1 263/668/1 260/568/1
f 266/671/1 261/672/1 260/568/1
f 260/568/1 254/665/1 251/566/1
f 8/673/1 10/674/1 16/675/1
f 16/675/1 14/676/1 8/673/1
f 14/676/1 18/25/1 8/673/1
f 18/25/1 17/677/1 11/23/1
f 17/677/1 13/678/1 7/679/1
f 11/23/1 17/677/1 7/679/1
f 13/678/1 15/680/1 7/679/1
f 15/680/1 9/681/1 7/679/1
f 12/24/1 8/673/1 18/25/1
f 297/1/1 299/2/1 300/3/1 298/4/1 302/5/1 301/6/1
f 301/7/2 307/8/2 303/9/3 297/10/3
f 300/11/4 306/12/4 304/13/5 298/14/5
f 297/15/3 303/16/3 305/17/6 299/18/6
f 302/19/7 308/20/7 307/8/2 301/7/2
f 298/21/5 304/22/5 308/20/7 302/19/7
f 307/23/1 308/24/1 314/25/1
f 309/26/8 315/27/8 317/28/8 311/29/8
f 313/30/9 319/31/9 315/32/9 309/33/9
f 310/34/10 316/35/10 320/36/10 314/37/10
f 314/37/11 320/36/11 319/31/11 313/30/11
f 312/38/6 318/39/6 316/40/6 310/41/6
f 317/42/12 315/43/12 319/44/12 320/45/12 316/46/12 318/47/12
f 300/48/13 299/49/13 305/50/13 311/51/13 317/52/13 318/53/13 312/54/13 306/55/13
f 321/56/12 322/57/12 325/58/12 324/59/12 323/60/12 326/61/12 327/62/12 328/63/12 330/64/12 331/65/12 329/66/12
f 332/67/1 340/68/1 342/69/1 341/70/1 339/71/1 338/72/1 337/73/1 334/74/1 335/75/1 336/76/1 333/77/1
f 324/78/13 335/79/13 334/80/13 323/81/13
f 330/82/14 341/83/14 342/84/14 331/85/14
f 329/86/4 340/87/4 332/88/4 321/89/4
f 327/90/15 338/91/15 339/92/15 328/93/15
f 322/94/16 333/95/16 336/96/16 325/97/16
f 321/98/11 332/99/11 333/100/11 322/101/11
f 331/85/17 342/84/17 340/102/17 329/103/17
f 323/104/18 334/105/18 337/106/18 326/107/18
f 325/97/6 336/96/6 335/108/6 324/109/6
f 328/110/19 339/111/19 341/112/19 330/113/19
f 326/114/20 337/115/20 338/91/20 327/90/20
f 343/116/12 345/117/12 346/118/12 373/119/12 353/120/12 375/121/12 354/122/12 356/123/12 357/124/12 355/125/12 352/126/12 351/127/12 344/128/12 350/129/12 349/130/12 348/131/12 347/132/12
f 358/133/1 362/134/1 363/135/1 364/136/1 365/137/1 359/138/1 366/139/1 367/140/1 370/141/1 372/142/1 371/143/1 369/144/1 376/145/1 368/146/1 374/147/1 361/148/1 360/149/1
f 345/150/6 343/151/6 358/152/6 360/153/6
f 344/154/21 351/155/21 366/156/21 359/157/21
f 350/158/22 344/159/22 359/160/22 365/161/22
f 351/162/23 352/163/23 367/164/23 366/165/23
f 373/166/24 346/167/25 361/168/25 374/169/24
f 375/170/26 353/171/27 368/172/27 376/173/26
f 346/174/13 345/175/13 360/176/13 361/177/13
f 356/178/28 354/179/28 369/180/28 371/181/28
f 343/182/29 347/183/29 362/184/29 358/185/29
f 352/186/4 355/187/4 370/188/4 367/189/4
f 347/190/30 348/191/30 363/192/30 362/193/30
f 357/194/4 356/195/4 371/196/4 372/197/4
f 348/198/31 349/199/31 364/200/31 363/201/31
f 355/187/32 357/194/32 372/197/32 370/188/32
f 349/202/33 350/203/33 365/204/33 364/205/33
f 353/171/27 373/166/24 374/169/24 368/172/27
f 354/206/34 375/170/26 376/173/26 369/207/34
f 377/208/12 378/209/12 380/210/12 379/211/12
f 379/212/13 380/213/13 384/214/13 383/215/13
f 384/216/1 381/217/1 383/218/1
f 381/219/11 382/220/11 378/221/11 377/222/11
f 379/223/4 383/224/4 381/225/4 377/226/4
f 384/227/6 380/228/6 378/229/6 382/230/6
f 384/216/1 382/231/1 381/217/1
f 390/232/1 391/233/1 393/234/1 394/235/1 392/236/1
f 385/237/35 386/238/35 391/239/35 390/240/35
f 388/241/36 389/242/36 394/243/36 393/244/36
f 389/242/37 387/245/37 392/246/37 394/243/37
f 386/247/4 388/248/4 393/249/4 391/250/4
f 387/251/38 385/252/38 390/253/38 392/254/38
f 385/255/12 387/256/12 389/257/12 388/258/12 386/259/12
f 404/260/12 403/261/12 402/262/12 401/263/12 400/264/12 399/265/12 398/266/12 397/267/12 396/268/12 395/269/12
f 414/270/1 405/271/1 406/272/1 407/273/1 408/274/1 409/275/1 410/276/1 411/277/1 412/278/1 413/279/1
f 416/280/39 415/281/40 433/282/41 432/283/42
f 418/284/43 417/285/44 430/286/45 429/287/46
f 420/288/47 419/289/48 427/290/49 426/291/50
f 422/292/13 421/293/51 425/294/52 434/295/13
f 417/285/44 423/296/53 431/297/54 430/286/45
f 419/289/48 424/298/55 428/299/56 427/290/49
f 415/300/4 422/301/4 434/302/4 433/303/4
f 423/296/53 416/280/39 432/283/42 431/297/54
f 424/298/55 418/284/43 429/287/46 428/299/56
f 421/304/51 420/288/47 426/291/50 425/305/52
f 395/306/57 396/307/58 420/288/47 421/304/51
f 398/308/59 399/309/60 418/284/43 424/298/55
f 401/310/61 402/311/62 416/280/39 423/296/53
f 403/312/4 404/313/4 422/301/4 415/300/4
f 397/314/63 398/308/59 424/298/55 419/289/48
f 400/315/64 401/310/61 423/296/53 417/285/44
f 404/316/13 395/317/57 421/293/51 422/292/13
f 396/307/58 397/314/63 419/289/48 420/288/47
f 399/309/60 400/315/64 417/285/44 418/284/43
f 402/311/62 403/318/65 415/281/40 416/280/39
f 435/319/66 436/320/67 425/305/52 426/291/50
f 437/321/68 435/319/66 426/291/50 427/290/49
f 438/322/69 437/321/68 427/290/49 428/299/56
f 439/323/70 438/322/69 428/299/56 429/287/46
f 440/324/71 439/323/70 429/287/46 430/286/45
f 441/325/72 440/324/71 430/286/45 431/297/54
f 442/326/73 441/325/72 431/297/54 432/283/42
f 443/327/74 442/326/73 432/283/42 433/282/41
f 436/328/67 444/329/13 434/295/13 425/294/52
f 444/330/4 443/331/4 433/303/4 434/302/4
f 414/270/1 413/279/1 443/327/74 444/332/1
f 405/271/1 414/270/1 444/332/1 436/320/67
f 413/279/1 412/278/1 442/326/73 443/327/74
f 412/278/1 411/277/1 441/325/72 442/326/73
f 411/277/1 410/276/1 440/324/71 441/325/72
f 410/276/1 409/275/1 439/323/70 440/324/71
f 409/275/1 408/274/1 438/322/69 439/323/70
f 408/274/1 407/273/1 437/321/68 438/322/69
f 407/273/1 406/272/1 435/319/66 437/321/68
f 406/272/1 405/271/1 436/320/67 435/319/66
f 456/333/1 445/334/1 450/335/1
f 457/336/12 459/337/12 463/338/12 461/339/12 470/340/12 460/341/12 464/342/12 500/343/12 468/344/12 502/345/12 467/346/12 465/347/12 504/348/12 466/349/12 458/350/12 462/351/12 472/352/12 510/353/12
f 503/354/75 504/355/75 465/356/76 453/357/76
f 450/358/77 462/359/77 458/360/11 446/361/11
f 452/362/78 464/363/78 460/364/79 448/365/79
f 446/366/4 458/367/4 466/368/80 454/369/80
f 451/370/81 463/371/81 459/372/82 447/373/82
f 469/374/83 470/375/83 461/376/84 449/377/84
f 501/378/85 502/379/85 468/380/86 456/381/86
f 471/382/87 472/383/87 462/359/77 450/358/77
f 449/377/84 461/376/84 463/371/81 451/370/81
f 499/384/88 500/385/88 464/363/78 452/362/78
f 447/386/6 459/387/6 457/388/89 445/389/89
f 448/365/79 460/364/79 470/375/83 469/374/83
f 509/390/90 510/391/90 472/383/87 471/382/87
f 453/357/76 465/356/76 467/392/91 455/393/91
f 481/394/1 475/395/1 476/396/1
f 484/397/12 498/398/12 485/399/12 487/400/12 486/401/12 496/402/12 508/403/12 494/404/12 493/405/12 492/406/12 490/407/12 491/408/12 506/409/12 489/410/12 488/411/12
f 478/412/92 477/413/93 488/414/93 489/415/92
f 497/416/94 474/417/95 485/418/95 498/419/94
f 482/420/96 481/421/97 492/422/97 493/423/96
f 505/424/98 478/412/92 489/415/92 506/425/98
f 474/426/6 476/427/6 487/428/6 485/429/6
f 483/430/99 482/420/96 493/423/96 494/431/99
f 481/432/100 479/433/101 490/434/101 492/435/100
f 476/436/102 475/437/103 486/438/103 487/439/102
f 507/440/104 483/430/99 494/431/99 508/441/104
f 477/413/105 473/442/106 484/443/106 488/414/105
f 479/433/101 480/444/107 491/445/107 490/434/101
f 475/437/103 495/446/108 496/447/108 486/438/103
f 473/442/106 497/416/94 498/419/94 484/443/106
f 456/381/86 468/380/86 500/385/88 499/384/88
f 455/393/91 467/392/91 502/379/85 501/378/85
f 454/369/80 466/368/80 504/355/75 503/354/75
f 480/444/107 505/424/98 506/425/98 491/445/107
f 495/446/108 507/440/104 508/441/104 496/447/108
f 445/389/89 457/388/89 510/391/90 509/390/90
f 447/448/1 445/334/1 452/449/1
f 445/334/1 509/450/1 450/335/1
f 452/449/1 445/334/1 499/451/1
f 509/450/1 471/452/1 450/335/1
f 450/335/1 446/453/1 455/454/1
f 446/453/1 454/455/1 453/456/1
f 455/454/1 446/453/1 453/456/1
f 454/455/1 503/457/1 453/456/1
f 451/458/1 447/448/1 449/459/1
f 469/460/1 449/459/1 452/449/1
f 452/449/1 449/459/1 447/448/1
f 452/449/1 448/461/1 469/460/1
f 450/335/1 455/454/1 501/462/1
f 450/335/1 501/462/1 456/333/1
f 499/451/1 445/334/1 456/333/1
f 497/463/1 473/464/1 474/465/1
f 473/464/1 477/466/1 474/465/1
f 477/466/1 478/467/1 479/468/1
f 478/467/1 505/469/1 479/468/1
f 505/469/1 480/470/1 479/468/1
f 481/394/1 482/471/1 475/395/1
f 482/471/1 483/472/1 495/473/1
f 475/395/1 482/471/1 495/473/1
f 479/468/1 481/394/1 477/466/1
f 483/472/1 507/474/1 495/473/1
f 476/396/1 474/465/1 477/466/1
f 476/396/1 477/466/1 481/394/1
f 514/475/1 591/476/1 512/477/1
f 519/478/12 520/479/12 592/480/12 522/481/12 528/482/12 521/483/12 524/484/12 523/485/12 525/486/12 526/487/12
f 517/488/109 518/489/110 526/490/110 525/491/109
f 513/492/111 516/493/112 524/494/112 521/495/111
f 527/496/113 513/492/111 521/495/111 528/497/113
f 511/498/11 512/499/11 520/500/11 519/501/11
f 515/502/114 517/488/109 525/491/109 523/503/114
f 516/493/112 515/502/114 523/503/114 524/494/112
f 591/504/115 514/505/116 522/506/116 592/507/115
f 518/508/4 511/509/4 519/510/4 526/511/4
f 514/505/116 527/496/113 528/497/113 522/506/116
f 530/512/12 531/513/12 532/514/12 529/515/12 533/516/12 534/517/12 535/518/12 536/519/12 537/520/12
f 539/521/1 546/522/1 545/523/1 544/524/1 543/525/1 542/526/1 538/527/1 541/528/1 540/529/1
f 535/530/117 534/531/117 543/532/117 544/533/117
f 531/534/13 530/535/13 539/536/13 540/537/13
f 536/538/118 535/539/118 544/540/118 545/541/118
f 529/542/119 532/543/119 541/544/119 538/545/119
f 533/546/120 529/547/120 538/548/120 542/549/120
f 537/550/121 536/551/121 545/552/121 546/553/121
f 534/554/122 533/555/122 542/556/122 543/557/122
f 532/558/123 531/559/123 540/560/123 541/561/123
f 530/562/6 537/563/6 546/564/6 539/565/6
f 547/566/1 549/567/1 556/568/1
f 563/569/12 564/570/12 590/571/12 584/572/12 566/573/12 572/574/12 573/575/12 578/576/12 574/577/12 575/578/12 576/579/12 577/580/12 565/581/12 571/582/12 586/583/12 582/584/12 570/585/12 569/586/12 567/587/12 580/588/12 588/589/12 568/590/12
f 554/591/124 553/592/125 569/593/125 570/594/124
f 560/595/4 561/596/4 577/597/4 576/598/4
f 581/599/126 554/591/124 570/594/124 582/600/126
f 552/601/127 547/602/128 563/603/128 568/604/127
f 557/605/129 562/606/130 578/607/130 573/608/129
f 549/609/131 555/610/132 571/611/132 565/612/131
f 547/613/133 548/614/134 564/615/134 563/616/133
f 550/617/135 556/618/136 572/619/136 566/620/135
f 583/621/137 550/617/135 566/620/135 584/622/137
f 556/623/138 557/605/129 573/608/129 572/624/138
f 561/596/139 549/609/139 565/612/139 577/597/139
f 562/606/130 558/625/140 574/626/140 578/607/130
f 553/627/141 551/628/142 567/629/142 569/630/141
f 558/625/140 559/631/143 575/632/143 574/626/140
f 587/633/144 552/601/127 568/604/127 588/634/144
f 559/635/13 560/636/13 576/637/13 575/638/13
f 551/628/142 579/639/145 580/640/145 567/629/142
f 585/641/146 581/599/126 582/600/126 586/642/146
f 589/643/147 583/621/137 584/622/137 590/644/147
f 555/610/132 585/641/146 586/642/146 571/611/132
f 579/639/145 587/633/144 588/634/144 580/640/145
f 548/614/134 589/643/147 590/644/147 564/615/134
f 512/645/148 591/504/115 592/507/115 520/646/148
f 512/477/1 511/647/1 515/648/1
f 511/647/1 518/649/1 517/650/1
f 515/648/1 511/647/1 517/650/1
f 515/648/1 516/651/1 512/477/1
f 516/651/1 513/652/1 512/477/1
f 513/652/1 527/653/1 512/477/1
f 527/653/1 514/475/1 512/477/1
f 547/566/1 552/654/1 553/655/1
f 552/654/1 587/656/1 551/657/1
f 553/655/1 552/654/1 551/657/1
f 587/656/1 579/658/1 551/657/1
f 553/655/1 554/659/1 555/660/1
f 554/659/1 581/661/1 555/660/1
f 589/662/1 548/663/1 583/664/1
f 548/663/1 547/566/1 550/665/1
f 583/664/1 548/663/1 550/665/1
f 581/661/1 585/666/1 555/660/1
f 555/660/1 549/567/1 553/655/1
f 549/567/1 561/667/1 559/668/1
f 561/667/1 560/669/1 559/668/1
f 559/668/1 558/670/1 556/568/1
f 558/670/1 562/671/1 556/568/1
f 547/566/1 553/655/1 549/567/1
f 549/567/1 559/668/1 556/568/1
f 562/671/1 557/672/1 556/568/1
f 556/568/1 550/665/1 547/566/1
f 304/673/1 306/674/1 312/675/1
f 312/675/1 310/676/1 304/673/1
f 310/676/1 314/25/1 304/673/1
f 314/25/1 313/677/1 307/23/1
f 313/677/1 309/678/1 303/679/1
f 307/23/1 313/677/1 303/679/1
f 309/678/1 311/680/1 303/679/1
f 311/680/1 305/681/1 303/679/1
f 308/24/1 304/673/1 314/25/1
f 593/1/1 595/2/1 596/3/1 594/4/1 598/5/1 597/6/1
f 597/7/2 603/8/2 599/9/3 593/10/3
f 596/11/4 602/12/4 600/13/5 594/14/5
f 593/15/3 599/16/3 601/17/6 595/18/6
f 598/19/7 604/20/7 603/8/2 597/7/2
f 594/21/5 600/22/5 604/20/7 598/19/7
f 603/23/1 604/24/1 610/25/1
f 605/26/8 611/27/8 613/28/8 607/29/8
f 609/30/9 615/31/9 611/32/9 605/33/9
f 606/34/10 612/35/10 616/36/10 610/37/10
f 610/37/11 616/36/11 615/31/11 609/30/11
f 608/38/6 614/39/6 612/40/6 606/41/6
f 613/42/12 611/43/12 615/44/12 616/45/12 612/46/12 614/47/12
f 596/48/13 595/49/13 601/50/13 607/51/13 613/52/13 614/53/13 608/54/13 602/55/13
f 617/56/12 618/57/12 621/58/12 620/59/12 619/60/12 622/61/12 623/62/12 624/63/12 626/64/12 627/65/12 625/66/12
f 628/67/1 636/68/1 638/69/1 637/70/1 635/71/1 634/72/1 633/73/1 630/74/1 631/75/1 632/76/1 629/77/1
f 620/78/13 631/79/13 630/80/13 619/81/13
f 626/82/14 637/83/14 638/84/14 627/85/14
f 625/86/4 636/87/4 628/88/4 617/89/4
f 623/90/15 634/91/15 635/92/15 624/93/15
f 618/94/16 629/95/16 632/96/16 621/97/16
f 617/98/11 628/99/11 629/100/11 618/101/11
f 627/85/17 638/84/17 636/102/17 625/103/17
f 619/104/18 630/105/18 633/106/18 622/107/18
f 621/97/6 632/96/6 631/108/6 620/109/6
f 624/110/19 635/111/19 637/112/19 626/113/19
f 622/114/20 633/115/20 634/91/20 623/90/20
f 639/116/12 641/117/12 642/118/12 669/119/12 649/120/12 671/121/12 650/122/12 652/123/12 653/124/12 651/125/12 648/126/12 647/127/12 640/128/12 646/129/12 645/130/12 644/131/12 643/132/12
f 654/133/1 658/134/1 659/135/1 660/136/1 661/137/1 655/138/1 662/139/1 663/140/1 666/141/1 668/142/1 667/143/1 665/144/1 672/145/1 664/146/1 670/147/1 657/148/1 656/149/1
f 641/150/6 639/151/6 654/152/6 656/153/6
f 640/154/21 647/155/21 662/156/21 655/157/21
f 646/158/22 640/159/22 655/160/22 661/161/22
f 647/162/23 648/163/23 663/164/23 662/165/23
f 669/166/24 642/167/25 657/168/25 670/169/24
f 671/170/26 649/171/27 664/172/27 672/173/26
f 642/174/13 641/175/13 656/176/13 657/177/13
f 652/178/28 650/179/28 665/180/28 667/181/28
f 639/182/29 643/183/29 658/184/29 654/185/29
f 648/186/4 651/187/4 666/188/4 663/189/4
f 643/190/30 644/191/30 659/192/30 658/193/30
f 653/194/4 652/195/4 667/196/4 668/197/4
f 644/198/31 645/199/31 660/200/31 659/201/31
f 651/187/32 653/194/32 668/197/32 666/188/32
f 645/202/33 646/203/33 661/204/33 660/205/33
f 649/171/27 669/166/24 670/169/24 664/172/27
f 650/206/34 671/170/26 672/173/26 665/207/34
f 673/208/12 674/209/12 676/210/12 675/211/12
f 675/212/13 676/213/13 680/214/13 679/215/13
f 680/216/1 677/217/1 679/218/1
f 677/219/11 678/220/11 674/221/11 673/222/11
f 675/223/4 679/224/4 677/225/4 673/226/4
f 680/227/6 676/228/6 674/229/6 678/230/6
f 680/216/1 678/231/1 677/217/1
f 686/232/1 687/233/1 689/234/1 690/235/1 688/236/1
f 681/237/35 682/238/35 687/239/35 686/240/35
f 684/241/36 685/242/36 690/243/36 689/244/36
f 685/242/37 683/245/37 688/246/37 690/243/37
f 682/247/4 684/248/4 689/249/4 687/250/4
f 683/251/38 681/252/38 686/253/38 688/254/38
f 681/255/12 683/256/12 685/257/12 684/258/12 682/259/12
f 700/260/12 699/261/12 698/262/12 697/263/12 696/264/12 695/265/12 694/266/12 693/267/12 692/268/12 691/269/12
f 710/270/1 701/271/1 702/272/1 703/273/1 704/274/1 705/275/1 706/276/1 707/277/1 708/278/1 709/279/1
f 712/280/39 711/281/40 729/282/41 728/283/42
f 714/284/43 713/285/44 726/286/45 725/287/46
f 716/288/47 715/289/48 723/290/49 722/291/50
f 718/292/13 717/293/51 721/294/52 730/295/13
f 713/285/44 719/296/53 727/297/54 726/286/45
f 715/289/48 720/298/55 724/299/56 723/290/49
f 711/300/4 718/301/4 730/302/4 729/303/4
f 719/296/53 712/280/39 728/283/42 727/297/54
f 720/298/55 714/284/43 725/287/46 724/299/56
f 717/304/51 716/288/47 722/291/50 721/305/52
f 691/306/57 692/307/58 716/288/47 717/304/51
f 694/308/59 695/309/60 714/284/43 720/298/55
f 697/310/61 698/311/62 712/280/39 719/296/53
f 699/312/4 700/313/4 718/301/4 711/300/4
f 693/314/63 694/308/59 720/298/55 715/289/48
f 696/315/64 697/310/61 719/296/53 713/285/44
f 700/316/13 691/317/57 717/293/51 718/292/13
f 692/307/58 693/314/63 715/289/48 716/288/47
f 695/309/60 696/315/64 713/285/44 714/284/43
f 698/311/62 699/318/65 711/281/40 712/280/39
f 731/319/66 732/320/67 721/305/52 722/291/50
f 733/321/68 731/319/66 722/291/50 723/290/49
f 734/322/69 733/321/68 723/290/49 724/299/56
f 735/323/70 734/322/69 724/299/56 725/287/46
f 736/324/71 735/323/70 725/287/46 726/286/45
f 737/325/72 736/324/71 726/286/45 727/297/54
f 738/326/73 737/325/72 727/297/54 728/283/42
f 739/327/74 738/326/73 728/283/42 729/282/41
f 732/328/67 740/329/13 730/295/13 721/294/52
f 740/330/4 739/331/4 729/303/4 730/302/4
f 710/270/1 709/279/1 739/327/74 740/332/1
f 701/271/1 710/270/1 740/332/1 732/320/67
f 709/279/1 708/278/1 738/326/73 739/327/74
f 708/278/1 707/277/1 737/325/72 738/326/73
f 707/277/1 706/276/1 736/324/71 737/325/72
f 706/276/1 705/275/1 735/323/70 736/324/71
f 705/275/1 704/274/1 734/322/69 735/323/70
f 704/274/1 703/273/1 733/321/68 734/322/69
f 703/273/1 702/272/1 731/319/66 733/321/68
f 702/272/1 701/271/1 732/320/67 731/319/66
f 752/333/1 741/334/1 746/335/1
f 753/336/12 755/337/12 759/338/12 757/339/12 766/340/12 756/341/12 760/342/12 796/343/12 764/344/12 798/345/12 763/346/12 761/347/12 800/348/12 762/349/12 754/350/12 758/351/12 768/352/12 806/353/12
f 799/354/75 800/355/75 761/356/76 749/357/76
f 746/358/77 758/359/77 754/360/11 742/361/11
f 748/362/78 760/363/78 756/364/79 744/365/79
f 742/366/4 754/367/4 762/368/80 750/369/80
f 747/370/81 759/371/81 755/372/82 743/373/82
f 765/374/83 766/375/83 757/376/84 745/377/84
f 797/378/85 798/379/85 764/380/86 752/381/86
f 767/382/87 768/383/87 758/359/77 746/358/77
f 745/377/84 757/376/84 759/371/81 747/370/81
f 795/384/88 796/385/88 760/363/78 748/362/78
f 743/386/6 755/387/6 753/388/89 741/389/89
f 744/365/79 756/364/79 766/375/83 765/374/83
f 805/390/90 806/391/90 768/383/87 767/382/87
f 749/357/76 761/356/76 763/392/91 751/393/91
f 777/394/1 771/395/1 772/396/1
f 780/397/12 794/398/12 781/399/12 783/400/12 782/401/12 792/402/12 804/403/12 790/404/12 789/405/12 788/406/12 786/407/12 787/408/12 802/409/12 785/410/12 784/411/12
f 774/412/92 773/413/93 784/414/93 785/415/92
f 793/416/94 770/417/95 781/418/95 794/419/94
f 778/420/96 777/421/97 788/422/97 789/423/96
f 801/424/98 774/412/92 785/415/92 802/425/98
f 770/426/6 772/427/6 783/428/6 781/429/6
f 779/430/99 778/420/96 789/423/96 790/431/99
f 777/432/100 775/433/101 786/434/101 788/435/100
f 772/436/102 771/437/103 782/438/103 783/439/102
f 803/440/104 779/430/99 790/431/99 804/441/104
f 773/413/105 769/442/106 780/443/106 784/414/105
f 775/433/101 776/444/107 787/445/107 786/434/101
f 771/437/103 791/446/108 792/447/108 782/438/103
f 769/442/106 793/416/94 794/419/94 780/443/106
f 752/381/86 764/380/86 796/385/88 795/384/88
f 751/393/91 763/392/91 798/379/85 797/378/85
f 750/369/80 762/368/80 800/355/75 799/354/75
f 776/444/107 801/424/98 802/425/98 787/445/107
f 791/446/108 803/440/104 804/441/104 792/447/108
f 741/389/89 753/388/89 806/391/90 805/390/90
f 743/448/1 741/334/1 748/449/1
f 741/334/1 805/450/1 746/335/1
f 748/449/1 741/334/1 795/451/1
f 805/450/1 767/452/1 746/335/1
f 746/335/1 742/453/1 751/454/1
f 742/453/1 750/455/1 749/456/1
f 751/454/1 742/453/1 749/456/1
f 750/455/1 799/457/1 749/456/1
f 747/458/1 743/448/1 745/459/1
f 765/460/1 745/459/1 748/449/1
f 748/449/1 745/459/1 743/448/1
f 748/449/1 744/461/1 765/460/1
f 746/335/1 751/454/1 797/462/1
f 746/335/1 797/462/1 752/333/1
f 795/451/1 741/334/1 752/333/1
f 793/463/1 769/464/1 770/465/1
f 769/464/1 773/466/1 770/465/1
f 773/466/1 774/467/1 775/468/1
f 774/467/1 801/469/1 775/468/1
f 801/469/1 776/470/1 775/468/1
f 777/394/1 778/471/1 771/395/1
f 778/471/1 779/472/1 791/473/1
f 771/395/1 778/471/1 791/473/1
f 775/468/1 777/394/1 773/466/1
f 779/472/1 803/474/1 791/473/1
f 772/396/1 770/465/1 773/466/1
f 772/396/1 773/466/1 777/394/1
f 810/475/1 887/476/1 808/477/1
f 815/478/12 816/479/12 888/480/12 818/481/12 824/482/12 817/483/12 820/484/12 819/485/12 821/486/12 822/487/12
f 813/488/109 814/489/110 822/490/110 821/491/109
f 809/492/111 812/493/112 820/494/112 817/495/111
f 823/496/113 809/492/111 817/495/111 824/497/113
f 807/498/11 808/499/11 816/500/11 815/501/11
f 811/502/114 813/488/109 821/491/109 819/503/114
f 812/493/112 811/502/114 819/503/114 820/494/112
f 887/504/115 810/505/116 818/506/116 888/507/115
f 814/508/4 807/509/4 815/510/4 822/511/4
f 810/505/116 823/496/113 824/497/113 818/506/116
f 826/512/12 827/513/12 828/514/12 825/515/12 829/516/12 830/517/12 831/518/12 832/519/12 833/520/12
f 835/521/1 842/522/1 841/523/1 840/524/1 839/525/1 838/526/1 834/527/1 837/528/1 836/529/1
f 831/530/117 830/531/117 839/532/117 840/533/117
f 827/534/13 826/535/13 835/536/13 836/537/13
f 832/538/118 831/539/118 840/540/118 841/541/118
f 825/542/119 828/543/119 837/544/119 834/545/119
f 829/546/120 825/547/120 834/548/120 838/549/120
f 833/550/121 832/551/121 841/552/121 842/553/121
f 830/554/122 829/555/122 838/556/122 839/557/122
f 828/558/123 827/559/123 836/560/123 837/561/123
f 826/562/6 833/563/6 842/564/6 835/565/6
f 843/566/1 845/567/1 852/568/1
f 859/569/12 860/570/12 886/571/12 880/572/12 862/573/12 868/574/12 869/575/12 874/576/12 870/577/12 871/578/12 872/579/12 873/580/12 861/581/12 867/582/12 882/583/12 878/584/12 866/585/12 865/586/12 863/587/12 876/588/12 884/589/12 864/590/12
f 850/591/124 849/592/125 865/593/125 866/594/124
f 856/595/4 857/596/4 873/597/4 872/598/4
f 877/599/126 850/591/124 866/594/124 878/600/126
f 848/601/127 843/602/128 859/603/128 864/604/127
f 853/605/129 858/606/130 874/607/130 869/608/129
f 845/609/131 851/610/132 867/611/132 861/612/131
f 843/613/133 844/614/134 860/615/134 859/616/133
f 846/617/135 852/618/136 868/619/136 862/620/135
f 879/621/137 846/617/135 862/620/135 880/622/137
f 852/623/138 853/605/129 869/608/129 868/624/138
f 857/596/139 845/609/139 861/612/139 873/597/139
f 858/606/130 854/625/140 870/626/140 874/607/130
f 849/627/141 847/628/142 863/629/142 865/630/141
f 854/625/140 855/631/143 871/632/143 870/626/140
f 883/633/144 848/601/127 864/604/127 884/634/144
f 855/635/13 856/636/13 872/637/13 871/638/13
f 847/628/142 875/639/145 876/640/145 863/629/142
f 881/641/146 877/599/126 878/600/126 882/642/146
f 885/643/147 879/621/137 880/622/137 886/644/147
f 851/610/132 881/641/146 882/642/146 867/611/132
f 875/639/145 883/633/144 884/634/144 876/640/145
f 844/614/134 885/643/147 886/644/147 860/615/134
f 808/645/148 887/504/115 888/507/115 816/646/148
f 808/477/1 807/647/1 811/648/1
f 807/647/1 814/649/1 813/650/1
f 811/648/1 807/647/1 813/650/1
f 811/648/1 812/651/1 808/477/1
f 812/651/1 809/652/1 808/477/1
f 809/652/1 823/653/1 808/477/1
f 823/653/1 810/475/1 808/477/1
f 843/566/1 848/654/1 849/655/1
f 848/654/1 883/656/1 847/657/1
f 849/655/1 848/654/1 847/657/1
f 883/656/1 875/658/1 847/657/1
f 849/655/1 850/659/1 851/660/1
f 850/659/1 877/661/1 851/660/1
f 885/662/1 844/663/1 879/664/1
f 844/663/1 843/566/1 846/665/1
f 879/664/1 844/663/1 846/665/1
f 877/661/1 881/666/1 851/660/1
f 851/660/1 845/567/1 849/655/1
f 845/567/1 857/667/1 855/668/1
f 857/667/1 856/669/1 855/668/1
f 855/668/1 854/670/1 852/568/1
f 854/670/1 858/671/1 852/568/1
f 843/566/1 849/655/1 845/567/1
f 845/567/1 855/668/1 852/568/1
f 858/671/1 853/672/1 852/568/1
f 852/568/1 846/665/1 843/566/1
f 600/673/1 602/674/1 608/675/1
f 608/675/1 606/676/1 600/673/1
f 606/676/1 610/25/1 600/673/1
f 610/25/1 609/677/1 603/23/1
f 609/677/1 605/678/1 599/679/1
f 603/23/1 609/677/1 599/679/1
f 605/678/1 607/680/1 599/679/1
f 607/680/1 601/681/1 599/679/1
f 604/24/1 600/673/1 610/25/1
f 889/1/1 891/2/1 892/3/1 890/4/1 894/5/1 893/6/1
f 893/7/2 899/8/2 895/9/3 889/10/3
f 892/11/4 898/12/4 896/13/5 890/14/5
f 889/15/3 895/16/3 897/17/6 891/18/6
f 894/19/7 900/20/7 899/8/2 893/7/2
f 890/21/5 896/22/5 900/20/7 894/19/7
f 899/23/1 900/24/1 906/25/1
f 901/26/8 907/27/8 909/28/8 903/29/8
f 905/30/9 911/31/9 907/32/9 901/33/9
f 902/34/10 908/35/10 912/36/10 906/37/10
f 906/37/11 912/36/11 911/31/11 905/30/11
f 904/38/6 910/39/6 908/40/6 902/41/6
f 909/42/12 907/43/12 911/44/12 912/45/12 908/46/12 910/47/12
f 892/48/13 891/49/13 897/50/13 903/51/13 909/52/13 910/53/13 904/54/13 898/55/13
f 913/56/12 914/57/12 917/58/12 916/59/12 915/60/12 918/61/12 919/62/12 920/63/12 922/64/12 923/65/12 921/66/12
f 924/67/1 932/68/1 934/69/1 933/70/1 931/71/1 930/72/1 929/73/1 926/74/1 927/75/1 928/76/1 925/77/1
f 916/78/13 927/79/13 926/80/13 915/81/13
f 922/82/14 933/83/14 934/84/14 923/85/14
f 921/86/4 932/87/4 924/88/4 913/89/4
f 919/90/15 930/91/15 931/92/15 920/93/15
f 914/94/16 925/95/16 928/96/16 917/97/16
f 913/98/11 924/99/11 925/100/11 914/101/11
f 923/85/17 934/84/17 932/102/17 921/103/17
f 915/104/18 926/105/18 929/106/18 918/107/18
f 917/97/6 928/96/6 927/108/6 916/109/6
f 920/110/19 931/111/19 933/112/19 922/113/19
f 918/114/20 929/115/20 930/91/20 919/90/20
f 935/116/12 937/117/12 938/118/12 965/119/12 945/120/12 967/121/12 946/122/12 948/123/12 949/124/12 947/125/12 944/126/12 943/127/12 936/128/12 942/129/12 941/130/12 940/131/12 939/132/12
f 950/133/1 954/134/1 955/135/1 956/136/1 957/137/1 951/138/1 958/139/1 959/140/1 962/141/1 964/142/1 963/143/1 961/144/1 968/145/1 960/146/1 966/147/1 953/148/1 952/149/1
f 937/150/6 935/151/6 950/152/6 952/153/6
f 936/154/21 943/155/21 958/156/21 951/157/21
f 942/158/22 936/159/22 951/160/22 957/161/22
f 943/162/23 944/163/23 959/164/23 958/165/23
f 965/166/24 938/167/25 953/168/25 966/169/24
f 967/170/26 945/171/27 960/172/27 968/173/26
f 938/174/13 937/175/13 952/176/13 953/177/13
f 948/178/28 946/179/28 961/180/28 963/181/28
f 935/182/29 939/183/29 954/184/29 950/185/29
f 944/186/4 947/187/4 962/188/4 959/189/4
f 939/190/30 940/191/30 955/192/30 954/193/30
f 949/194/4 948/195/4 963/196/4 964/197/4
f 940/198/31 941/199/31 956/200/31 955/201/31
f 947/187/32 949/194/32 964/197/32 962/188/32
f 941/202/33 942/203/33 957/204/33 956/205/33
f 945/171/27 965/166/24 966/169/24 960/172/27
f 946/206/34 967/170/26 968/173/26 961/207/34
f 969/208/12 970/209/12 972/210/12 971/211/12
f 971/212/13 972/213/13 976/214/13 975/215/13
f 976/216/1 973/217/1 975/218/1
f 973/219/11 974/220/11 970/221/11 969/222/11
f 971/223/4 975/224/4 973/225/4 969/226/4
f 976/227/6 972/228/6 970/229/6 974/230/6
f 976/216/1 974/231/1 973/217/1
f 982/232/1 983/233/1 985/234/1 986/235/1 984/236/1
f 977/237/35 978/238/35 983/239/35 982/240/35
f 980/241/36 981/242/36 986/243/36 985/244/36
f 981/242/37 979/245/37 984/246/37 986/243/37
f 978/247/4 980/248/4 985/249/4 983/250/4
f 979/251/38 977/252/38 982/253/38 984/254/38
f 977/255/12 979/256/12 981/257/12 980/258/12 978/259/12
f 996/260/12 995/261/12 994/262/12 993/263/12 992/264/12 991/265/12 990/266/12 989/267/12 988/268/12 987/269/12
f 1006/270/1 997/271/1 998/272/1 999/273/1 1000/274/1 1001/275/1 1002/276/1 1003/277/1 1004/278/1 1005/279/1
f 1008/280/39 1007/281/40 1025/282/41 1024/283/42
f 1010/284/43 1009/285/44 1022/286/45 1021/287/46
f 1012/288/47 1011/289/48 1019/290/49 1018/291/50
f 1014/292/13 1013/293/51 1017/294/52 1026/295/13
f 1009/285/44 1015/296/53 1023/297/54 1022/286/45
f 1011/289/48 1016/298/55 1020/299/56 1019/290/49
f 1007/300/4 1014/301/4 1026/302/4 1025/303/4
f 1015/296/53 1008/280/39 1024/283/42 1023/297/54
f 1016/298/55 1010/284/43 1021/287/46 1020/299/56
f 1013/304/51 1012/288/47 1018/291/50 1017/305/52
f 987/306/57 988/307/58 1012/288/47 1013/304/51
f 990/308/59 991/309/60 1010/284/43 1016/298/55
f 993/310/61 994/311/62 1008/280/39 1015/296/53
f 995/312/4 996/313/4 1014/301/4 1007/300/4
f 989/314/63 990/308/59 1016/298/55 1011/289/48
f 992/315/64 993/310/61 1015/296/53 1009/285/44
f 996/316/13 987/317/57 1013/293/51 1014/292/13
f 988/307/58 989/314/63 1011/289/48 1012/288/47
f 991/309/60 992/315/64 1009/285/44 1010/284/43
f 994/311/62 995/318/65 1007/281/40 1008/280/39
f 1027/319/66 1028/320/67 1017/305/52 1018/291/50
f 1029/321/68 1027/319/66 1018/291/50 1019/290/49
f 1030/322/69 1029/321/68 1019/290/49 1020/299/56
f 1031/323/70 1030/322/69 1020/299/56 1021/287/46
f 1032/324/71 1031/323/70 1021/287/46 1022/286/45
f 1033/325/72 1032/324/71 1022/286/45 1023/297/54
f 1034/326/73 1033/325/72 1023/297/54 1024/283/42
f 1035/327/74 1034/326/73 1024/283/42 1025/282/41
f 1028/328/67 1036/329/13 1026/295/13 1017/294/52
f 1036/330/4 1035/331/4 1025/303/4 1026/302/4
f 1006/270/1 1005/279/1 1035/327/74 1036/332/1
f 997/271/1 1006/270/1 1036/332/1 1028/320/67
f 1005/279/1 1004/278/1 1034/326/73 1035/327/74
f 1004/278/1 1003/277/1 1033/325/72 1034/326/73
f 1003/277/1 1002/276/1 1032/324/71 1033/325/72
f 1002/276/1 1001/275/1 1031/323/70 1032/324/71
f 1001/275/1 1000/274/1 1030/322/69 1031/323/70
f 1000/274/1 999/273/1 1029/321/68 1030/322/69
f 999/273/1 998/272/1 1027/319/66 1029/321/68
f 998/272/1 997/271/1 1028/320/67 1027/319/66
f 1048/333/1 1037/334/1 1042/335/1
f 1049/336/12 1051/337/12 1055/338/12 1053/339/12 1062/340/12 1052/341/12 1056/342/12 1092/343/12 1060/344/12 1094/345/12 1059/346/12 1057/347/12 1096/348/12 1058/349/12 1050/350/12 1054/351/12 1064/352/12 1102/353/12
f 1095/354/75 1096/355/75 1057/356/76 1045/357/76
f 1042/358/77 1054/359/77 1050/360/11 1038/361/11
f 1044/362/78 1056/363/78 1052/364/79 1040/365/79
f 1038/366/4 1050/367/4 1058/368/80 1046/369/80
f 1043/370/81 1055/371/81 1051/372/82 1039/373/82
f 1061/374/83 1062/375/83 1053/376/84 1041/377/84
f 1093/378/85 1094/379/85 1060/380/86 1048/381/86
f 1063/382/87 1064/383/87 1054/359/77 1042/358/77
f 1041/377/84 1053/376/84 1055/371/81 1043/370/81
f 1091/384/88 1092/385/88 1056/363/78 1044/362/78
f 1039/386/6 1051/387/6 1049/388/89 1037/389/89
f 1040/365/79 1052/364/79 1062/375/83 1061/374/83
f 1101/390/90 1102/391/90 1064/383/87 1063/382/87
f 1045/357/76 1057/356/76 1059/392/91 1047/393/91
f 1073/394/1 1067/395/1 1068/396/1
f 1076/397/12 1090/398/12 1077/399/12 1079/400/12 1078/401/12 1088/402/12 1100/403/12 1086/404/12 1085/405/12 1084/406/12 1082/407/12 1083/408/12 1098/409/12 1081/410/12 1080/411/12
f 1070/412/92 1069/413/93 1080/414/93 1081/415/92
f 1089/416/94 1066/417/95 1077/418/95 1090/419/94
f 1074/420/96 1073/421/97 1084/422/97 1085/423/96
f 1097/424/98 1070/412/92 1081/415/92 1098/425/98
f 1066/426/6 1068/427/6 1079/428/6 1077/429/6
f 1075/430/99 1074/420/96 1085/423/96 1086/431/99
f 1073/432/100 1071/433/101 1082/434/101 1084/435/100
f 1068/436/102 1067/437/103 1078/438/103 1079/439/102
f 1099/440/104 1075/430/99 1086/431/99 1100/441/104
f 1069/413/105 1065/442/106 1076/443/106 1080/414/105
f 1071/433/101 1072/444/107 1083/445/107 1082/434/101
f 1067/437/103 1087/446/108 1088/447/108 1078/438/103
f 1065/442/106 1089/416/94 1090/419/94 1076/443/106
f 1048/381/86 1060/380/86 1092/385/88 1091/384/88
f 1047/393/91 1059/392/91 1094/379/85 1093/378/85
f 1046/369/80 1058/368/80 1096/355/75 1095/354/75
f 1072/444/107 1097/424/98 1098/425/98 1083/445/107
f 1087/446/108 1099/440/104 1100/441/104 1088/447/108
f 1037/389/89 1049/388/89 1102/391/90 1101/390/90
f 1039/448/1 1037/334/1 1044/449/1
f 1037/334/1 1101/450/1 1042/335/1
f 1044/449/1 1037/334/1 1091/451/1
f 1101/450/1 1063/452/1 1042/335/1
f 1042/335/1 1038/453/1 1047/454/1
f 1038/453/1 1046/455/1 1045/456/1
f 1047/454/1 1038/453/1 1045/456/1
f 1046/455/1 1095/457/1 1045/456/1
f 1043/458/1 1039/448/1 1041/459/1
f 1061/460/1 1041/459/1 1044/449/1
f 1044/449/1 1041/459/1 1039/448/1
f 1044/449/1 1040/461/1 1061/460/1
f 1042/335/1 1047/454/1 1093/462/1
f 1042/335/1 1093/462/1 1048/333/1
f 1091/451/1 1037/334/1 1048/333/1
f 1089/463/1 1065/464/1 1066/465/1
f 1065/464/1 1069/466/1 1066/465/1
f 1069/466/1 1070/467/1 1071/468/1
f 1070/467/1 1097/469/1 1071/468/1
f 1097/469/1 1072/470/1 1071/468/1
f 1073/394/1 1074/471/1 1067/395/1
f 1074/471/1 1075/472/1 1087/473/1
f 1067/395/1 1074/471/1 1087/473/1
f 1071/468/1 1073/394/1 1069/466/1
f 1075/472/1 1099/474/1 1087/473/1
f 1068/396/1 1066/465/1 1069/466/1
f 1068/396/1 1069/466/1 1073/394/1
f 1106/475/1 1183/476/1 1104/477/1
f 1111/478/12 1112/479/12 1184/480/12 1114/481/12 1120/482/12 1113/483/12 1116/484/12 1115/485/12 1117/486/12 1118/487/12
f 1109/488/109 1110/489/110 1118/490/110 1117/491/109
f 1105/492/111 1108/493/112 1116/494/112 1113/495/111
f 1119/496/113 1105/492/111 1113/495/111 1120/497/113
f 1103/498/11 1104/499/11 1112/500/11 1111/501/11
f 1107/502/114 1109/488/109 1117/491/109 1115/503/114
f 1108/493/112 1107/502/114 1115/503/114 1116/494/112
f 1183/504/115 1106/505/116 1114/506/116 1184/507/115
f 1110/508/4 1103/509/4 1111/510/4 1118/511/4
f 1106/505/116 1119/496/113 1120/497/113 1114/506/116
f 1122/512/12 1123/513/12 1124/514/12 1121/515/12 1125/516/12 1126/517/12 1127/518/12 1128/519/12 1129/520/12
f 1131/521/1 1138/522/1 1137/523/1 1136/524/1 1135/525/1 1134/526/1 1130/527/1 1133/528/1 1132/529/1
f 1127/530/117 1126/531/117 1135/532/117 1136/533/117
f 1123/534/13 1122/535/13 1131/536/13 1132/537/13
f 1128/538/118 1127/539/118 1136/540/118 1137/541/118
f 1121/542/119 1124/543/119 1133/544/119 1130/545/119
f 1125/546/120 1121/547/120 1130/548/120 1134/549/120
f 1129/550/121 1128/551/121 1137/552/121 1138/553/121
f 1126/554/122 1125/555/122 1134/556/122 1135/557/122
f 1124/558/123 1123/559/123 1132/560/123 1133/561/123
f 1122/562/6 1129/563/6 1138/564/6 1131/565/6
f 1139/566/1 1141/567/1 1148/568/1
f 1155/569/12 1156/570/12 1182/571/12 1176/572/12 1158/573/12 1164/574/12 1165/575/12 1170/576/12 1166/577/12 1167/578/12 1168/579/12 1169/580/12 1157/581/12 1163/582/12 1178/583/12 1174/584/12 1162/585/12 1161/586/12 1159/587/12 1172/588/12 1180/589/12 1160/590/12
f 1146/591/124 1145/592/125 1161/593/125 1162/594/124
f 1152/595/4 1153/596/4 1169/597/4 1168/598/4
f 1173/599/126 1146/591/124 1162/594/124 1174/600/126
f 1144/601/127 1139/602/128 1155/603/128 1160/604/127
f 1149/605/129 1154/606/130 1170/607/130 1165/608/129
f 1141/609/131 1147/610/132 1163/611/132 1157/612/131
f 1139/613/133 1140/614/134 1156/615/134 1155/616/133
f 1142/617/135 1148/618/136 1164/619/136 1158/620/135
f 1175/621/137 1142/617/135 1158/620/135 1176/622/137
f 1148/623/138 1149/605/129 1165/608/129 1164/624/138
f 1153/596/139 1141/609/139 1157/612/139 1169/597/139
f 1154/606/130 1150/625/140 1166/626/140 1170/607/130
f 1145/627/141 1143/628/142 1159/629/142 1161/630/141
f 1150/625/140 1151/631/143 1167/632/143 1166/626/140
f 1179/633/144 1144/601/127 1160/604/127 1180/634/144
f 1151/635/13 1152/636/13 1168/637/13 1167/638/13
f 1143/628/142 1171/639/145 1172/640/145 1159/629/142
f 1177/641/146 1173/599/126 1174/600/126 1178/642/146
f 1181/643/147 1175/621/137 1176/622/137 1182/644/147
f 1147/610/132 1177/641/146 1178/642/146 1163/611/132
f 1171/639/145 1179/633/144 1180/634/144 1172/640/145
f 1140/614/134 1181/643/147 1182/644/147 1156/615/134
f 1104/645/148 1183/504/115 1184/507/115 1112/646/148
f 1104/477/1 1103/647/1 1107/648/1
f 1103/647/1 1110/649/1 1109/650/1
f 1107/648/1 1103/647/1 1109/650/1
f 1107/648/1 1108/651/1 1104/477/1
f 1108/651/1 1105/652/1 1104/477/1
f 1105/652/1 1119/653/1 1104/477/1
f 1119/653/1 1106/475/1 1104/477/1
f 1139/566/1 1144/654/1 1145/655/1
f 1144/654/1 1179/656/1 1143/657/1
f 1145/655/1 1144/654/1 1143/657/1
f 1179/656/1 1171/658/1 1143/657/1
f 1145/655/1 1146/659/1 1147/660/1
f 1146/659/1 1173/661/1 1147/660/1
f 1181/662/1 1140/663/1 1175/664/1
f 1140/663/1 1139/566/1 1142/665/1
f 1175/664/1 1140/663/1 1142/665/1
f 1173/661/1 1177/666/1 1147/660/1
f 1147/660/1 1141/567/1 1145/655/1
f 1141/567/1 1153/667/1 1151/668/1
f 1153/667/1 1152/669/1 1151/668/1
f 1151/668/1 1150/670/1 1148/568/1
f 1150/670/1 1154/671/1 1148/568/1
f 1139/566/1 1145/655/1 1141/567/1
f 1141/567/1 1151/668/1 1148/568/1
f 1154/671/1 1149/672/1 1148/568/1
f 1148/568/1 1142/665/1 1139/566/1
f 896/673/1 898/674/1 904/675/1
f 904/675/1 902/676/1 896/673/1
f 902/676/1 906/25/1 896/673/1
f 906/25/1 905/677/1 899/23/1
f 905/677/1 901/678/1 895/679/1
f 899/23/1 905/677/1 895/679/1
f 901/678/1 903/680/1 895/679/1
f 903/680/1 897/681/1 895/679/1
f 900/24/1 896/673/1 906/25/1
f 1185/1/1 1187/2/1 1188/3/1 1186/4/1 1190/5/1 1189/6/1
f 1189/7/2 1195/8/2 1191/9/3 1185/10/3
f 1188/11/4 1194/12/4 1192/13/5 1186/14/5
f 1185/15/3 1191/16/3 1193/17/6 1187/18/6
f 1190/19/7 1196/20/7 1195/8/2 1189/7/2
f 1186/21/5 1192/22/5 1196/20/7 1190/19/7
f 1195/23/1 1196/24/1 1202/25/1
f 1197/26/8 1203/27/8 1205/28/8 1199/29/8
f 1201/30/9 1207/31/9 1203/32/9 1197/33/9
f 1198/34/10 1204/35/10 1208/36/10 1202/37/10
f 1202/37/11 1208/36/11 1207/31/11 1201/30/11
f 1200/38/6 1206/39/6 1204/40/6 1198/41/6
f 1205/42/12 1203/43/12 1207/44/12 1208/45/12 1204/46/12 1206/47/12
f 1188/48/13 1187/49/13 1193/50/13 1199/51/13 1205/52/13 1206/53/13 1200/54/13 1194/55/13
f 1209/56/12 1210/57/12 1213/58/12 1212/59/12 1211/60/12 1214/61/12 1215/62/12 1216/63/12 1218/64/12 1219/65/12 1217/66/12
f 1220/67/1 1228/68/1 1230/69/1 1229/70/1 1227/71/1 1226/72/1 1225/73/1 1222/74/1 1223/75/1 1224/76/1 1221/77/1
f 1212/78/13 1223/79/13 1222/80/13 1211/81/13
f 1218/82/14 1229/83/14 1230/84/14 1219/85/14
f 1217/86/4 1228/87/4 1220/88/4 1209/89/4
f 1215/90/15 1226/91/15 1227/92/15 1216/93/15
f 1210/94/16 1221/95/16 1224/96/16 1213/97/16
f 1209/98/11 1220/99/11 1221/100/11 1210/101/11
f 1219/85/17 1230/84/17 1228/102/17 1217/103/17
f 1211/104/18 1222/105/18 1225/106/18 1214/107/18
f 1213/97/6 1224/96/6 1223/108/6 1212/109/6
f 1216/110/19 1227/111/19 1229/112/19 1218/113/19
f 1214/114/20 1225/115/20 1226/91/20 1215/90/20
f 1231/116/12 1233/117/12 1234/118/12 1261/119/12 1241/120/12 1263/121/12 1242/122/12 1244/123/12 1245/124/12 1243/125/12 1240/126/12 1239/127/12 1232/128/12 1238/129/12 1237/130/12 1236/131/12 1235/132/12
f 1246/133/1 1250/134/1 1251/135/1 1252/136/1 1253/137/1 1247/138/1 1254/139/1 1255/140/1 1258/141/1 1260/142/1 1259/143/1 1257/144/1 1264/145/1 1256/146/1 1262/147/1 1249/148/1 1248/149/1
f 1233/150/6 1231/151/6 1246/152/6 1248/153/6
f 1232/154/21 1239/155/21 1254/156/21 1247/157/21
f 1238/158/22 1232/159/22 1247/160/22 1253/161/22
f 1239/162/23 1240/163/23 1255/164/23 1254/165/23
f 1261/166/24 1234/167/25 1249/168/25 1262/169/24
f 1263/170/26 1241/171/27 1256/172/27 1264/173/26
f 1234/174/13 1233/175/13 1248/176/13 1249/177/13
f 1244/178/28 1242/179/28 1257/180/28 1259/181/28
f 1231/182/29 1235/183/29 1250/184/29 1246/185/29
f 1240/186/4 1243/187/4 1258/188/4 1255/189/4
f 1235/190/30 1236/191/30 1251/192/30 1250/193/30
f 1245/194/4 1244/195/4 1259/196/4 1260/197/4
f 1236/198/31 1237/199/31 1252/200/31 1251/201/31
f 1243/187/32 1245/194/32 1260/197/32 1258/188/32
f 1237/202/33 1238/203/33 1253/204/33 1252/205/33
f 1241/171/27 1261/166/24 1262/169/24 1256/172/27
f 1242/206/34 1263/170/26 1264/173/26 1257/207/34
f 1265/208/12 1266/209/12 1268/210/12 1267/211/12
f 1267/212/13 1268/213/13 1272/214/13 1271/215/13
f 1272/216/1 1269/217/1 1271/218/1
f 1269/219/11 1270/220/11 1266/221/11 1265/222/11
f 1267/223/4 1271/224/4 1269/225/4 1265/226/4
f 1272/227/6 1268/228/6 1266/229/6 1270/230/6
f 1272/216/1 1270/231/1 1269/217/1
f 1278/232/1 1279/233/1 1281/234/1 1282/235/1 1280/236/1
f 1273/237/35 1274/238/35 1279/239/35 1278/240/35
f 1276/241/36 1277/242/36 1282/243/36 1281/244/36
f 1277/242/37 1275/245/37 1280/246/37 1282/243/37
f 1274/247/4 1276/248/4 1281/249/4 1279/250/4
f 1275/251/38 1273/252/38 1278/253/38 1280/254/38
f 1273/255/12 1275/256/12 1277/257/12 1276/258/12 1274/259/12
f 1292/260/12 1291/261/12 1290/262/12 1289/263/12 1288/264/12 1287/265/12 1286/266/12 1285/267/12 1284/268/12 1283/269/12
f 1302/270/1 1293/271/1 1294/272/1 1295/273/1 1296/274/1 1297/275/1 1298/276/1 1299/277/1 1300/278/1 1301/279/1
f 1304/280/39 1303/281/40 1321/282/41 1320/283/42
f 1306/284/43 1305/285/44 1318/286/45 1317/287/46
f 1308/288/47 1307/289/48 1315/290/49 1314/291/50
f 1310/292/13 1309/293/51 1313/294/52 1322/295/13
f 1305/285/44 1311/296/53 1319/297/54 1318/286/45
f 1307/289/48 1312/298/55 1316/299/56 1315/290/49
f 1303/300/4 1310/301/4 1322/302/4 1321/303/4
f 1311/296/53 1304/280/39 1320/283/42 1319/297/54
f 1312/298/55 1306/284/43 1317/287/46 1316/299/56
f 1309/304/51 1308/288/47 1314/291/50 1313/305/52
f 1283/306/57 1284/307/58 1308/288/47 1309/304/51
f 1286/308/59 1287/309/60 1306/284/43 1312/298/55
f 1289/310/61 1290/311/62 1304/280/39 1311/296/53
f 1291/312/4 1292/313/4 1310/301/4 1303/300/4
f 1285/314/63 1286/308/59 1312/298/55 1307/289/48
f 1288/315/64 1289/310/61 1311/296/53 1305/285/44
f 1292/316/13 1283/317/57 1309/293/51 1310/292/13
f 1284/307/58 1285/314/63 1307/289/48 1308/288/47
f 1287/309/60 1288/315/64 1305/285/44 1306/284/43
f 1290/311/62 1291/318/65 1303/281/40 1304/280/39
f 1323/319/66 1324/320/67 1313/305/52 1314/291/50
f 1325/321/68 1323/319/66 1314/291/50 1315/290/49
f 1326/322/69 1325/321/68 1315/290/49 1316/299/56
f 1327/323/70 1326/322/69 1316/299/56 1317/287/46
f 1328/324/71 1327/323/70 1317/287/46 1318/286/45
f 1329/325/72 1328/324/71 1318/286/45 1319/297/54
f 1330/326/73 1329/325/72 1319/297/54 1320/283/42
f 1331/327/74 1330/326/73 1320/283/42 1321/282/41
f 1324/328/67 1332/329/13 1322/295/13 1313/294/52
f 1332/330/4 1331/331/4 1321/303/4 1322/302/4
f 1302/270/1 1301/279/1 1331/327/74 1332/332/1
f 1293/271/1 1302/270/1 1332/332/1 1324/320/67
f 1301/279/1 1300/278/1 1330/326/73 1331/327/74
f 1300/278/1 1299/277/1 1329/325/72 1330/326/73
f 1299/277/1 1298/276/1 1328/324/71 1329/325/72
f 1298/276/1 1297/275/1 1327/323/70 1328/324/71
f 1297/275/1 1296/274/1 1326/322/69 1327/323/70
f 1296/274/1 1295/273/1 1325/321/68 1326/322/69
f 1295/273/1 1294/272/1 1323/319/66 1325/321/68
f 1294/272/1 1293/271/1 1324/320/67 1323/319/66
f 1344/333/1 1333/334/1 1338/335/1
f 1345/336/12 1347/337/12 1351/338/12 1349/339/12 1358/340/12 1348/341/12 1352/342/12 1388/343/12 1356/344/12 1390/345/12 1355/346/12 1353/347/12 1392/348/12 1354/349/12 1346/350/12 1350/351/12 1360/352/12 1398/353/12
f 1391/354/75 1392/355/75 1353/356/76 1341/357/76
f 1338/358/77 1350/359/77 1346/360/11 1334/361/11
f 1340/362/78 1352/363/78 1348/364/79 1336/365/79
f 1334/366/4 1346/367/4 1354/368/80 1342/369/80
f 1339/370/81 1351/371/81 1347/372/82 1335/373/82
f 1357/374/83 1358/375/83 1349/376/84 1337/377/84
f 1389/378/85 1390/379/85 1356/380/86 1344/381/86
f 1359/382/87 1360/383/87 1350/359/77 1338/358/77
f 1337/377/84 1349/376/84 1351/371/81 1339/370/81
f 1387/384/88 1388/385/88 1352/363/78 1340/362/78
f 1335/386/6 1347/387/6 1345/388/89 1333/389/89
f 1336/365/79 1348/364/79 1358/375/83 1357/374/83
f 1397/390/90 1398/391/90 1360/383/87 1359/382/87
f 1341/357/76 1353/356/76 1355/392/91 1343/393/91
f 1369/394/1 1363/395/1 1364/396/1
f 1372/397/12 1386/398/12 1373/399/12 1375/400/12 1374/401/12 1384/402/12 1396/403/12 1382/404/12 1381/405/12 1380/406/12 1378/407/12 1379/408/12 1394/409/12 1377/410/12 1376/411/12
f 1366/412/92 1365/413/93 1376/414/93 1377/415/92
f 1385/416/94 1362/417/95 1373/418/95 1386/419/94
f 1370/420/96 1369/421/97 1380/422/97 1381/423/96
f 1393/424/98 1366/412/92 1377/415/92 1394/425/98
f 1362/426/6 1364/427/6 1375/428/6 1373/429/6
f 1371/430/99 1370/420/96 1381/423/96 1382/431/99
f 1369/432/100 1367/433/101 1378/434/101 1380/435/100
f 1364/436/102 1363/437/103 1374/438/103 1375/439/102
f 1395/440/104 1371/430/99 1382/431/99 1396/441/104
f 1365/413/105 1361/442/106 1372/443/106 1376/414/105
f 1367/433/101 1368/444/107 1379/445/107 1378/434/101
f 1363/437/103 1383/446/108 1384/447/108 1374/438/103
f 1361/442/106 1385/416/94 1386/419/94 1372/443/106
f 1344/381/86 1356/380/86 1388/385/88 1387/384/88
f 1343/393/91 1355/392/91 1390/379/85 1389/378/85
f 1342/369/80 1354/368/80 1392/355/75 1391/354/75
f 1368/444/107 1393/424/98 1394/425/98 1379/445/107
f 1383/446/108 1395/440/104 1396/441/104 1384/447/108
f 1333/389/89 1345/388/89 1398/391/90 1397/390/90
f 1335/448/1 1333/334/1 1340/449/1
f 1333/334/1 1397/450/1 1338/335/1
f 1340/449/1 1333/334/1 1387/451/1
f 1397/450/1 1359/452/1 1338/335/1
f 1338/335/1 1334/453/1 1343/454/1
f 1334/453/1 1342/455/1 1341/456/1
f 1343/454/1 1334/453/1 1341/456/1
f 1342/455/1 1391/457/1 1341/456/1
f 1339/458/1 1335/448/1 1337/459/1
f 1357/460/1 1337/459/1 1340/449/1
f 1340/449/1 1337/459/1 1335/448/1
f 1340/449/1 1336/461/1 1357/460/1
f 1338/335/1 1343/454/1 1389/462/1
f 1338/335/1 1389/462/1 1344/333/1
f 1387/451/1 1333/334/1 1344/333/1
f 1385/463/1 1361/464/1 1362/465/1
f 1361/464/1 1365/466/1 1362/465/1
f 1365/466/1 1366/467/1 1367/468/1
f 1366/467/1 1393/469/1 1367/468/1
f 1393/469/1 1368/470/1 1367/468/1
f 1369/394/1 1370/471/1 1363/395/1
f 1370/471/1 1371/472/1 1383/473/1
f 1363/395/1 1370/471/1 1383/473/1
f 1367/468/1 1369/394/1 1365/466/1
f 1371/472/1 1395/474/1 1383/473/1
f 1364/396/1 1362/465/1 1365/466/1
f 1364/396/1 1365/466/1 1369/394/1
f 1402/475/1 1479/476/1 1400/477/1
f 1407/478/12 1408/479/12 1480/480/12 1410/481/12 1416/482/12 1409/483/12 1412/484/12 1411/485/12 1413/486/12 1414/487/12
f 1405/488/109 1406/489/110 1414/490/110 1413/491/109
f 1401/492/111 1404/493/112 1412/494/112 1409/495/111
f 1415/496/113 1401/492/111 1409/495/111 1416/497/113
f 1399/498/11 1400/499/11 1408/500/11 1407/501/11
f 1403/502/114 1405/488/109 1413/491/109 1411/503/114
f 1404/493/112 1403/502/114 1411/503/114 1412/494/112
f 1479/504/115 1402/505/116 1410/506/116 1480/507/115
f 1406/508/4 1399/509/4 1407/510/4 1414/511/4
f 1402/505/116 1415/496/113 1416/497/113 1410/506/116
f 1418/512/12 1419/513/12 1420/514/12 1417/515/12 1421/516/12 1422/517/12 1423/518/12 1424/519/12 1425/520/12
f 1427/521/1 1434/522/1 1433/523/1 1432/524/1 1431/525/1 1430/526/1 1426/527/1 1429/528/1 1428/529/1
f 1423/530/117 1422/531/117 1431/532/117 1432/533/117
f 1419/534/13 1418/535/13 1427/536/13 1428/537/13
f 1424/538/118 1423/539/118 1432/540/118 1433/541/118
f 1417/542/119 1420/543/119 1429/544/119 1426/545/119
f 1421/546/120 1417/547/120 1426/548/120 1430/549/120
f 1425/550/121 1424/551/121 1433/552/121 1434/553/121
f 1422/554/122 1421/555/122 1430/556/122 1431/557/122
f 1420/558/123 1419/559/123 1428/560/123 1429/561/123
f 1418/562/6 1425/563/6 1434/564/6 1427/565/6
f 1435/566/1 1437/567/1 1444/568/1
f 1451/569/12 1452/570/12 1478/571/12 1472/572/12 1454/573/12 1460/574/12 1461/575/12 1466/576/12 1462/577/12 1463/578/12 1464/579/12 1465/580/12 1453/581/12 1459/582/12 1474/583/12 1470/584/12 1458/585/12 1457/586/12 1455/587/12 1468/588/12 1476/589/12 1456/590/12
f 1442/591/124 1441/592/125 1457/593/125 1458/594/124
f 1448/595/4 1449/596/4 1465/597/4 1464/598/4
f 1469/599/126 1442/591/124 1458/594/124 1470/600/126
f 1440/601/127 1435/602/128 1451/603/128 1456/604/127
f 1445/605/129 1450/606/130 1466/607/130 1461/608/129
f 1437/609/131 1443/610/132 1459/611/132 1453/612/131
f 1435/613/133 1436/614/134 1452/615/134 1451/616/133
f 1438/617/135 1444/618/136 1460/619/136 1454/620/135
f 1471/621/137 1438/617/135 1454/620/135 1472/622/137
f 1444/623/138 1445/605/129 1461/608/129 1460/624/138
f 1449/596/139 1437/609/139 1453/612/139 1465/597/139
f 1450/606/130 1446/625/140 1462/626/140 1466/607/130
f 1441/627/141 1439/628/142 1455/629/142 1457/630/141
f 1446/625/140 1447/631/143 1463/632/143 1462/626/140
f 1475/633/144 1440/601/127 1456/604/127 1476/634/144
f 1447/635/13 1448/636/13 1464/637/13 1463/638/13
f 1439/628/142 1467/639/145 1468/640/145 1455/629/142
f 1473/641/146 1469/599/126 1470/600/126 1474/642/146
f 1477/643/147 1471/621/137 1472/622/137 1478/644/147
f 1443/610/132 1473/641/146 1474/642/146 1459/611/132
f 1467/639/145 1475/633/144 1476/634/144 1468/640/145
f 1436/614/134 1477/643/147 1478/644/147 1452/615/134
f 1400/645/148 1479/504/115 1480/507/115 1408/646/148
f 1400/477/1 1399/647/1 1403/648/1
f 1399/647/1 1406/649/1 1405/650/1
f 1403/648/1 1399/647/1 1405/650/1
f 1403/648/1 1404/651/1 1400/477/1
f 1404/651/1 1401/652/1 1400/477/1
f 1401/652/1 1415/653/1 1400/477/1
f 1415/653/1 1402/475/1 1400/477/1
f 1435/566/1 1440/654/1 1441/655/1
f 1440/654/1 1475/656/1 1439/657/1
f 1441/655/1 1440/654/1 1439/657/1
f 1475/656/1 1467/658/1 1439/657/1
f 1441/655/1 1442/659/1 1443/660/1
f 1442/659/1 1469/661/1 1443/660/1
f 1477/662/1 1436/663/1 1471/664/1
f 1436/663/1 1435/566/1 1438/665/1
f 1471/664/1 1436/663/1 1438/665/1
f 1469/661/1 1473/666/1 1443/660/1
f 1443/660/1 1437/567/1 1441/655/1
f 1437/567/1 1449/667/1 1447/668/1
f 1449/667/1 1448/669/1 1447/668/1
f 1447/668/1 1446/670/1 1444/568/1
f 1446/670/1 1450/671/1 1444/568/1
f 1435/566/1 1441/655/1 1437/567/1
f 1437/567/1 1447/668/1 1444/568/1
f 1450/671/1 1445/672/1 1444/568/1
f 1444/568/1 1438/665/1 1435/566/1
f 1192/673/1 1194/674/1 1200/675/1
f 1200/675/1 1198/676/1 1192/673/1
f 1198/676/1 1202/25/1 1192/673/1
f 1202/25/1 1201/677/1 1195/23/1
f 1201/677/1 1197/678/1 1191/679/1
f 1195/23/1 1201/677/1 1191/679/1
f 1197/678/1 1199/680/1 1191/679/1
f 1199/680/1 1193/681/1 1191/679/1
f 1196/24/1 1192/673/1 1202/25/1
f 1481/1/1 1485/6/1 1486/5/1 1482/4/1 1484/3/1 1483/2/1
f 1485/7/149 1481/10/150 1487/9/150 1491/8/149
f 1484/11/4 1482/14/151 1488/13/151 1490/12/4
f 1481/15/150 1483/18/6 1489/17/6 1487/16/150
f 1486/19/152 1485/7/149 1491/8/149 1492/20/152
f 1482/21/151 1486/19/152 1492/20/152 1488/22/151
f 1491/23/1 1498/25/1 1492/24/1
f 1493/26/153 1495/29/153 1501/28/153 1499/27/153
f 1497/30/154 1493/33/154 1499/32/154 1503/31/154
f 1494/34/155 1498/37/155 1504/36/155 1500/35/155
f 1498/37/13 1497/30/13 1503/31/13 1504/36/13
f 1496/38/6 1494/41/6 1500/40/6 1502/39/6
f 1501/42/12 1502/47/12 1500/46/12 1504/45/12 1503/44/12 1499/43/12
f 1484/48/11 1490/55/11 1496/54/11 1502/53/11 1501/52/11 1495/51/11 1489/50/11 1483/49/11
f 1505/56/12 1513/66/12 1515/65/12 1514/64/12 1512/63/12 1511/62/12 1510/61/12 1507/60/12 1508/59/12 1509/58/12 1506/57/12
f 1516/67/1 1517/77/1 1520/76/1 1519/75/1 1518/74/1 1521/73/1 1522/72/1 1523/71/1 1525/70/1 1526/69/1 1524/68/1
f 1508/78/11 1507/81/11 1518/80/11 1519/79/11
f 1514/82/156 1515/85/156 1526/84/156 1525/83/156
f 1513/86/4 1505/89/4 1516/88/4 1524/87/4
f 1511/90/157 1512/93/157 1523/92/157 1522/91/157
f 1506/94/158 1509/97/158 1520/96/158 1517/95/158
f 1505/98/13 1506/101/13 1517/100/13 1516/99/13
f 1515/85/159 1513/103/159 1524/102/159 1526/84/159
f 1507/104/160 1510/107/160 1521/106/160 1518/105/160
f 1509/97/6 1508/109/6 1519/108/6 1520/96/6
f 1512/110/161 1514/113/161 1525/112/161 1523/111/161
f 1510/114/162 1511/90/162 1522/91/162 1521/115/162
f 1527/116/12 1531/132/12 1532/131/12 1533/130/12 1534/129/12 1528/128/12 1535/127/12 1536/126/12 1539/125/12 1541/124/12 1540/123/12 1538/122/12 1559/121/12 1537/120/12 1557/119/12 1530/118/12 1529/117/12
f 1542/133/1 1544/149/1 1545/148/1 1558/147/1 1552/146/1 1560/145/1 1553/144/1 1555/143/1 1556/142/1 1554/141/1 1551/140/1 1550/139/1 1543/138/1 1549/137/1 1548/136/1 1547/135/1 1546/134/1
f 1529/150/6 1544/153/6 1542/152/6 1527/151/6
f 1528/154/163 1543/157/163 1550/156/163 1535/155/163
f 1534/158/164 1549/161/164 1543/160/164 1528/159/164
f 1535/162/165 1550/165/165 1551/164/165 1536/163/165
f 1557/166/166 1558/169/166 1545/168/167 1530/167/167
f 1559/170/168 1560/173/168 1552/172/169 1537/171/169
f 1530/174/11 1545/177/11 1544/176/11 1529/175/11
f 1540/178/170 1555/181/170 1553/180/170 1538/179/170
f 1527/182/171 1542/185/171 1546/184/171 1531/183/171
f 1536/186/4 1551/189/4 1554/188/4 1539/187/4
f 1531/190/172 1546/193/172 1547/192/172 1532/191/172
f 1541/194/4 1556/197/4 1555/196/4 1540/195/4
f 1532/198/173 1547/201/173 1548/200/173 1533/199/173
f 1539/187/174 1554/188/174 1556/197/174 1541/194/174
f 1533/202/175 1548/205/175 1549/204/175 1534/203/175
f 1537/171/169 1552/172/169 1558/169/166 1557/166/166
f 1538/206/176 1553/207/176 1560/173/168 1559/170/168
f 1561/208/12 1563/211/12 1564/210/12 1562/209/12
f 1563/212/11 1567/215/11 1568/214/11 1564/213/11
f 1568/216/1 1567/218/1 1565/217/1
f 1565/219/13 1561/222/13 1562/221/13 1566/220/13
f 1563/223/4 1561/226/4 1565/225/4 1567/224/4
f 1568/227/6 1566/230/6 1562/229/6 1564/228/6
f 1568/216/1 1565/217/1 1566/231/1
f 1574/232/1 1576/236/1 1578/235/1 1577/234/1 1575/233/1
f 1569/237/177 1574/240/177 1575/239/177 1570/238/177
f 1572/241/178 1577/244/178 1578/243/178 1573/242/178
f 1573/242/179 1578/243/179 1576/246/179 1571/245/179
f 1570/247/4 1575/250/4 1577/249/4 1572/248/4
f 1571/251/180 1576/254/180 1574/253/180 1569/252/180
f 1569/255/12 1570/259/12 1572/258/12 1573/257/12 1571/256/12
f 1588/260/12 1579/269/12 1580/268/12 1581/267/12 1582/266/12 1583/265/12 1584/264/12 1585/263/12 1586/262/12 1587/261/12
f 1598/270/1 1597/279/1 1596/278/1 1595/277/1 1594/276/1 1593/275/1 1592/274/1 1591/273/1 1590/272/1 1589/271/1
f 1600/280/181 1616/283/182 1617/282/183 1599/281/184
f 1602/284/185 1613/287/186 1614/286/187 1601/285/188
f 1604/288/189 1610/291/190 1611/290/191 1603/289/192
f 1606/292/11 1618/295/11 1609/294/193 1605/293/194
f 1601/285/188 1614/286/187 1615/297/195 1607/296/196
f 1603/289/192 1611/290/191 1612/299/197 1608/298/198
f 1599/300/4 1617/303/4 1618/302/4 1606/301/4
f 1607/296/196 1615/297/195 1616/283/182 1600/280/181
f 1608/298/198 1612/299/197 1613/287/186 1602/284/185
f 1605/304/194 1609/305/193 1610/291/190 1604/288/189
f 1579/306/199 1605/304/194 1604/288/189 1580/307/200
f 1582/308/201 1608/298/198 1602/284/185 1583/309/202
f 1585/310/203 1607/296/196 1600/280/181 1586/311/204
f 1587/312/4 1599/300/4 1606/301/4 1588/313/4
f 1581/314/205 1603/289/192 1608/298/198 1582/308/201
f 1584/315/206 1601/285/188 1607/296/196 1585/310/203
f 1588/316/11 1606/292/11 1605/293/194 1579/317/199
f 1580/307/200 1604/288/189 1603/289/192 1581/314/205
f 1583/309/202 1602/284/185 1601/285/188 1584/315/206
f 1586/311/204 1600/280/181 1599/281/184 1587/318/207
f 1619/319/208 1610/291/190 1609/305/193 1620/320/209
f 1621/321/210 1611/290/191 1610/291/190 1619/319/208
f 1622/322/211 1612/299/197 1611/290/191 1621/321/210
f 1623/323/212 1613/287/186 1612/299/197 1622/322/211
f 1624/324/213 1614/286/187 1613/287/186 1623/323/212
f 1625/325/214 1615/297/195 1614/286/187 1624/324/213
f 1626/326/215 1616/283/182 1615/297/195 1625/325/214
f 1627/327/216 1617/282/183 1616/283/182 1626/326/215
f 1620/328/209 1609/294/193 1618/295/11 1628/329/11
f 1628/330/4 1618/302/4 1617/303/4 1627/331/4
f 1598/270/1 1628/332/1 1627/327/216 1597/279/1
f 1589/271/1 1620/320/209 1628/332/1 1598/270/1
f 1597/279/1 1627/327/216 1626/326/215 1596/278/1
f 1596/278/1 1626/326/215 1625/325/214 1595/277/1
f 1595/277/1 1625/325/214 1624/324/213 1594/276/1
f 1594/276/1 1624/324/213 1623/323/212 1593/275/1
f 1593/275/1 1623/323/212 1622/322/211 1592/274/1
f 1592/274/1 1622/322/211 1621/321/210 1591/273/1
f 1591/273/1 1621/321/210 1619/319/208 1590/272/1
f 1590/272/1 1619/319/208 1620/320/209 1589/271/1
f 1640/333/1 1634/335/1 1629/334/1
f 1641/336/12 1694/353/12 1656/352/12 1646/351/12 1642/350/12 1650/349/12 1688/348/12 1649/347/12 1651/346/12 1686/345/12 1652/344/12 1684/343/12 1648/342/12 1644/341/12 1654/340/12 1645/339/12 1647/338/12 1643/337/12
f 1687/354/217 1637/357/218 1649/356/218 1688/355/217
f 1634/358/219 1630/361/13 1642/360/13 1646/359/219
f 1636/362/220 1632/365/221 1644/364/221 1648/363/220
f 1630/366/4 1638/369/222 1650/368/222 1642/367/4
f 1635/370/223 1631/373/224 1643/372/224 1647/371/223
f 1653/374/225 1633/377/226 1645/376/226 1654/375/225
f 1685/378/227 1640/381/228 1652/380/228 1686/379/227
f 1655/382/229 1634/358/219 1646/359/219 1656/383/229
f 1633/377/226 1635/370/223 1647/371/223 1645/376/226
f 1683/384/230 1636/362/220 1648/363/220 1684/385/230
f 1631/386/6 1629/389/231 1641/388/231 1643/387/6
f 1632/365/221 1653/374/225 1654/375/225 1644/364/221
f 1693/390/232 1655/382/229 1656/383/229 1694/391/232
f 1637/357/218 1639/393/233 1651/392/233 1649/356/218
f 1665/394/1 1660/396/1 1659/395/1
f 1668/397/12 1672/411/12 1673/410/12 1690/409/12 1675/408/12 1674/407/12 1676/406/12 1677/405/12 1678/404/12 1692/403/12 1680/402/12 1670/401/12 1671/400/12 1669/399/12 1682/398/12
f 1662/412/234 1673/415/234 1672/414/235 1661/413/235
f 1681/416/236 1682/419/236 1669/418/237 1658/417/237
f 1666/420/238 1677/423/238 1676/422/239 1665/421/239
f 1689/424/240 1690/425/240 1673/415/234 1662/412/234
f 1658/426/6 1669/429/6 1671/428/6 1660/427/6
f 1667/430/241 1678/431/241 1677/423/238 1666/420/238
f 1665/432/242 1676/435/242 1674/434/243 1663/433/243
f 1660/436/244 1671/439/244 1670/438/245 1659/437/245
f 1691/440/246 1692/441/246 1678/431/241 1667/430/241
f 1661/413/247 1672/414/247 1668/443/248 1657/442/248
f 1663/433/243 1674/434/243 1675/445/249 1664/444/249
f 1659/437/245 1670/438/245 1680/447/250 1679/446/250
f 1657/442/248 1668/443/248 1682/419/236 1681/416/236
f 1640/381/228 1683/384/230 1684/385/230 1652/380/228
f 1639/393/233 1685/378/227 1686/379/227 1651/392/233
f 1638/369/222 1687/354/217 1688/355/217 1650/368/222
f 1664/444/249 1675/445/249 1690/425/240 1689/424/240
f 1679/446/250 1680/447/250 1692/441/246 1691/440/246
f 1629/389/231 1693/390/232 1694/391/232 1641/388/231
f 1631/448/1 1636/449/1 1629/334/1
f 1629/334/1 1634/335/1 1693/450/1
f 1636/449/1 1683/451/1 1629/334/1
f 1693/450/1 1634/335/1 1655/452/1
f 1634/335/1 1639/454/1 1630/453/1
f 1630/453/1 1637/456/1 1638/455/1
f 1639/454/1 1637/456/1 1630/453/1
f 1638/455/1 1637/456/1 1687/457/1
f 1635/458/1 1633/459/1 1631/448/1
f 1653/460/1 1636/449/1 1633/459/1
f 1636/449/1 1631/448/1 1633/459/1
f 1636/449/1 1653/460/1 1632/461/1
f 1634/335/1 1685/462/1 1639/454/1
f 1634/335/1 1640/333/1 1685/462/1
f 1683/451/1 1640/333/1 1629/334/1
f 1681/463/1 1658/465/1 1657/464/1
f 1657/464/1 1658/465/1 1661/466/1
f 1661/466/1 1663/468/1 1662/467/1
f 1662/467/1 1663/468/1 1689/469/1
f 1689/469/1 1663/468/1 1664/470/1
f 1665/394/1 1659/395/1 1666/471/1
f 1666/471/1 1679/473/1 1667/472/1
f 1659/395/1 1679/473/1 1666/471/1
f 1663/468/1 1661/466/1 1665/394/1
f 1667/472/1 1679/473/1 1691/474/1
f 1660/396/1 1661/466/1 1658/465/1
f 1660/396/1 1665/394/1 1661/466/1
f 1698/475/1 1696/477/1 1775/476/1
f 1703/478/12 1710/487/12 1709/486/12 1707/485/12 1708/484/12 1705/483/12 1712/482/12 1706/481/12 1776/480/12 1704/479/12
f 1701/488/251 1709/491/251 1710/490/252 1702/489/252
f 1697/492/253 1705/495/253 1708/494/254 1700/493/254
f 1711/496/255 1712/497/255 1705/495/253 1697/492/253
f 1695/498/13 1703/501/13 1704/500/13 1696/499/13
f 1699/502/256 1707/503/256 1709/491/251 1701/488/251
f 1700/493/254 1708/494/254 1707/503/256 1699/502/256
f 1775/504/257 1776/507/257 1706/506/258 1698/505/258
f 1702/508/4 1710/511/4 1703/510/4 1695/509/4
f 1698/505/258 1706/506/258 1712/497/255 1711/496/255
f 1714/512/12 1721/520/12 1720/519/12 1719/518/12 1718/517/12 1717/516/12 1713/515/12 1716/514/12 1715/513/12
f 1723/521/1 1724/529/1 1725/528/1 1722/527/1 1726/526/1 1727/525/1 1728/524/1 1729/523/1 1730/522/1
f 1719/530/259 1728/533/259 1727/532/259 1718/531/259
f 1715/534/11 1724/537/11 1723/536/11 1714/535/11
f 1720/538/260 1729/541/260 1728/540/260 1719/539/260
f 1713/542/261 1722/545/261 1725/544/261 1716/543/261
f 1717/546/262 1726/549/262 1722/548/262 1713/547/262
f 1721/550/263 1730/553/263 1729/552/263 1720/551/263
f 1718/554/264 1727/557/264 1726/556/264 1717/555/264
f 1716/558/265 1725/561/265 1724/560/265 1715/559/265
f 1714/562/6 1723/565/6 1730/564/6 1721/563/6
f 1731/566/1 1740/568/1 1733/567/1
f 1747/569/12 1752/590/12 1772/589/12 1764/588/12 1751/587/12 1753/586/12 1754/585/12 1766/584/12 1770/583/12 1755/582/12 1749/581/12 1761/580/12 1760/579/12 1759/578/12 1758/577/12 1762/576/12 1757/575/12 1756/574/12 1750/573/12 1768/572/12 1774/571/12 1748/570/12
f 1738/591/266 1754/594/266 1753/593/267 1737/592/267
f 1744/595/4 1760/598/4 1761/597/4 1745/596/4
f 1765/599/268 1766/600/268 1754/594/266 1738/591/266
f 1736/601/269 1752/604/269 1747/603/270 1731/602/270
f 1741/605/271 1757/608/271 1762/607/272 1746/606/272
f 1733/609/273 1749/612/273 1755/611/274 1739/610/274
f 1731/613/275 1747/616/275 1748/615/276 1732/614/276
f 1734/617/277 1750/620/277 1756/619/278 1740/618/278
f 1767/621/279 1768/622/279 1750/620/277 1734/617/277
f 1740/623/280 1756/624/280 1757/608/271 1741/605/271
f 1745/596/281 1761/597/281 1749/612/281 1733/609/281
f 1746/606/272 1762/607/272 1758/626/282 1742/625/282
f 1737/627/283 1753/630/283 1751/629/284 1735/628/284
f 1742/625/282 1758/626/282 1759/632/285 1743/631/285
f 1771/633/286 1772/634/286 1752/604/269 1736/601/269
f 1743/635/11 1759/638/11 1760/637/11 1744/636/11
f 1735/628/284 1751/629/284 1764/640/287 1763/639/287
f 1769/641/288 1770/642/288 1766/600/268 1765/599/268
f 1773/643/289 1774/644/289 1768/622/279 1767/621/279
f 1739/610/274 1755/611/274 1770/642/288 1769/641/288
f 1763/639/287 1764/640/287 1772/634/286 1771/633/286
f 1732/614/276 1748/615/276 1774/644/289 1773/643/289
f 1696/645/290 1704/646/290 1776/507/257 1775/504/257
f 1696/477/1 1699/648/1 1695/647/1
f 1695/647/1 1701/650/1 1702/649/1
f 1699/648/1 1701/650/1 1695/647/1
f 1699/648/1 1696/477/1 1700/651/1
f 1700/651/1 1696/477/1 1697/652/1
f 1697/652/1 1696/477/1 1711/653/1
f 1711/653/1 1696/477/1 1698/475/1
f 1731/566/1 1737/655/1 1736/654/1
f 1736/654/1 1735/657/1 1771/656/1
f 1737/655/1 1735/657/1 1736/654/1
f 1771/656/1 1735/657/1 1763/658/1
f 1737/655/1 1739/660/1 1738/659/1
f 1738/659/1 1739/660/1 1765/661/1
f 1773/662/1 1767/664/1 1732/663/1
f 1732/663/1 1734/665/1 1731/566/1
f 1767/664/1 1734/665/1 1732/663/1
f 1765/661/1 1739/660/1 1769/666/1
f 1739/660/1 1737/655/1 1733/567/1
f 1733/567/1 1743/668/1 1745/667/1
f 1745/667/1 1743/668/1 1744/669/1
f 1743/668/1 1740/568/1 1742/670/1
f 1742/670/1 1740/568/1 1746/671/1
f 1731/566/1 1733/567/1 1737/655/1
f 1733/567/1 1740/568/1 1743/668/1
f 1746/671/1 1740/568/1 1741/672/1
f 1740/568/1 1731/566/1 1734/665/1
f 1488/673/1 1496/675/1 1490/674/1
f 1496/675/1 1488/673/1 1494/676/1
f 1494/676/1 1488/673/1 1498/25/1
f 1498/25/1 1491/23/1 1497/677/1
f 1497/677/1 1487/679/1 1493/678/1
f 1491/23/1 1487/679/1 1497/677/1
f 1493/678/1 1487/679/1 1495/680/1
f 1495/680/1 1487/679/1 1489/681/1
f 1492/24/1 1498/25/1 1488/673/1
f 1777/1/1 1781/6/1 1782/5/1 1778/4/1 1780/3/1 1779/2/1
f 1781/7/149 1777/10/150 1783/9/150 1787/8/149
f 1780/11/4 1778/14/291 1784/13/291 1786/12/4
f 1777/15/150 1779/18/6 1785/17/6 1783/16/150
f 1782/19/152 1781/7/149 1787/8/149 1788/20/152
f 1778/21/291 1782/19/152 1788/20/152 1784/22/291
f 1787/23/1 1794/25/1 1788/24/1
f 1789/26/153 1791/29/153 1797/28/153 1795/27/153
f 1793/30/154 1789/33/154 1795/32/154 1799/31/154
f 1790/34/155 1794/37/155 1800/36/155 1796/35/155
f 1794/37/13 1793/30/13 1799/31/13 1800/36/13
f 1792/38/6 1790/41/6 1796/40/6 1798/39/6
f 1797/42/12 1798/47/12 1796/46/12 1800/45/12 1799/44/12 1795/43/12
f 1780/48/11 1786/55/11 1792/54/11 1798/53/11 1797/52/11 1791/51/11 1785/50/11 1779/49/11
f 1801/56/12 1809/66/12 1811/65/12 1810/64/12 1808/63/12 1807/62/12 1806/61/12 1803/60/12 1804/59/12 1805/58/12 1802/57/12
f 1812/67/1 1813/77/1 1816/76/1 1815/75/1 1814/74/1 1817/73/1 1818/72/1 1819/71/1 1821/70/1 1822/69/1 1820/68/1
f 1804/78/11 1803/81/11 1814/80/11 1815/79/11
f 1810/82/156 1811/85/156 1822/84/156 1821/83/156
f 1809/86/4 1801/89/4 1812/88/4 1820/87/4
f 1807/90/157 1808/93/157 1819/92/157 1818/91/157
f 1802/94/158 1805/97/158 1816/96/158 1813/95/158
f 1801/98/13 1802/101/13 1813/100/13 1812/99/13
f 1811/85/159 1809/103/159 1820/102/159 1822/84/159
f 1803/104/160 1806/107/160 1817/106/160 1814/105/160
f 1805/97/6 1804/109/6 1815/108/6 1816/96/6
f 1808/110/161 1810/113/161 1821/112/161 1819/111/161
f 1806/114/162 1807/90/162 1818/91/162 1817/115/162
f 1823/116/12 1827/132/12 1828/131/12 1829/130/12 1830/129/12 1824/128/12 1831/127/12 1832/126/12 1835/125/12 1837/124/12 1836/123/12 1834/122/12 1855/121/12 1833/120/12 1853/119/12 1826/118/12 1825/117/12
f 1838/133/1 1840/149/1 1841/148/1 1854/147/1 1848/146/1 1856/145/1 1849/144/1 1851/143/1 1852/142/1 1850/141/1 1847/140/1 1846/139/1 1839/138/1 1845/137/1 1844/136/1 1843/135/1 1842/134/1
f 1825/150/6 1840/153/6 1838/152/6 1823/151/6
f 1824/154/163 1839/157/163 1846/156/163 1831/155/163
f 1830/158/164 1845/161/164 1839/160/164 1824/159/164
f 1831/162/165 1846/165/165 1847/164/165 1832/163/165
f 1853/166/166 1854/169/166 1841/168/167 1826/167/167
f 1855/170/292 1856/173/292 1848/172/169 1833/171/169
f 1826/174/11 1841/177/11 1840/176/11 1825/175/11
f 1836/178/170 1851/181/170 1849/180/170 1834/179/170
f 1823/182/171 1838/185/171 1842/184/171 1827/183/171
f 1832/186/4 1847/189/4 1850/188/4 1835/187/4
f 1827/190/172 1842/193/172 1843/192/172 1828/191/172
f 1837/194/4 1852/197/4 1851/196/4 1836/195/4
f 1828/198/173 1843/201/173 1844/200/173 1829/199/173
f 1835/187/174 1850/188/174 1852/197/174 1837/194/174
f 1829/202/175 1844/205/175 1845/204/175 1830/203/175
f 1833/171/169 1848/172/169 1854/169/166 1853/166/166
f 1834/206/293 1849/207/293 1856/173/292 1855/170/292
f 1857/208/12 1859/211/12 1860/210/12 1858/209/12
f 1859/212/11 1863/215/11 1864/214/11 1860/213/11
f 1864/216/1 1863/218/1 1861/217/1
f 1861/219/13 1857/222/13 1858/221/13 1862/220/13
f 1859/223/4 1857/226/4 1861/225/4 1863/224/4
f 1864/227/6 1862/230/6 1858/229/6 1860/228/6
f 1864/216/1 1861/217/1 1862/231/1
f 1870/232/1 1872/236/1 1874/235/1 1873/234/1 1871/233/1
f 1865/237/177 1870/240/177 1871/239/177 1866/238/177
f 1868/241/178 1873/244/178 1874/243/178 1869/242/178
f 1869/242/179 1874/243/179 1872/246/179 1867/245/179
f 1866/247/4 1871/250/4 1873/249/4 1868/248/4
f 1867/251/180 1872/254/180 1870/253/180 1865/252/180
f 1865/255/12 1866/259/12 1868/258/12 1869/257/12 1867/256/12
f 1884/260/12 1875/269/12 1876/268/12 1877/267/12 1878/266/12 1879/265/12 1880/264/12 1881/263/12 1882/262/12 1883/261/12
f 1894/270/1 1893/279/1 1892/278/1 1891/277/1 1890/276/1 1889/275/1 1888/274/1 1887/273/1 1886/272/1 1885/271/1
f 1896/280/181 1912/283/182 1913/282/183 1895/281/184
f 1898/284/185 1909/287/186 1910/286/187 1897/285/188
f 1900/288/189 1906/291/190 1907/290/191 1899/289/192
f 1902/292/11 1914/295/11 1905/294/193 1901/293/194
f 1897/285/188 1910/286/187 1911/297/195 1903/296/196
f 1899/289/192 1907/290/191 1908/299/197 1904/298/198
f 1895/300/4 1913/303/4 1914/302/4 1902/301/4
f 1903/296/196 1911/297/195 1912/283/182 1896/280/181
f 1904/298/198 1908/299/197 1909/287/186 1898/284/185
f 1901/304/194 1905/305/193 1906/291/190 1900/288/189
f 1875/306/199 1901/304/194 1900/288/189 1876/307/200
f 1878/308/201 1904/298/198 1898/284/185 1879/309/202
f 1881/310/203 1903/296/196 1896/280/181 1882/311/204
f 1883/312/4 1895/300/4 1902/301/4 1884/313/4
f 1877/314/205 1899/289/192 1904/298/198 1878/308/201
f 1880/315/206 1897/285/188 1903/296/196 1881/310/203
f 1884/316/11 1902/292/11 1901/293/194 1875/317/199
f 1876/307/200 1900/288/189 1899/289/192 1877/314/205
f 1879/309/202 1898/284/185 1897/285/188 1880/315/206
f 1882/311/204 1896/280/181 1895/281/184 1883/318/207
f 1915/319/208 1906/291/190 1905/305/193 1916/320/209
f 1917/321/210 1907/290/191 1906/291/190 1915/319/208
f 1918/322/211 1908/299/197 1907/290/191 1917/321/210
f 1919/323/212 1909/287/186 1908/299/197 1918/322/211
f 1920/324/213 1910/286/187 1909/287/186 1919/323/212
f 1921/325/214 1911/297/195 1910/286/187 1920/324/213
f 1922/326/215 1912/283/182 1911/297/195 1921/325/214
f 1923/327/216 1913/282/183 1912/283/182 1922/326/215
f 1916/328/209 1905/294/193 1914/295/11 1924/329/11
f 1924/330/4 1914/302/4 1913/303/4 1923/331/4
f 1894/270/1 1924/332/1 1923/327/216 1893/279/1
f 1885/271/1 1916/320/209 1924/332/1 1894/270/1
f 1893/279/1 1923/327/216 1922/326/215 1892/278/1
f 1892/278/1 1922/326/215 1921/325/214 1891/277/1
f 1891/277/1 1921/325/214 1920/324/213 1890/276/1
f 1890/276/1 1920/324/213 1919/323/212 1889/275/1
f 1889/275/1 1919/323/212 1918/322/211 1888/274/1
f 1888/274/1 1918/322/211 1917/321/210 1887/273/1
f 1887/273/1 1917/321/210 1915/319/208 1886/272/1
f 1886/272/1 1915/319/208 1916/320/209 1885/271/1
f 1936/333/1 1930/335/1 1925/334/1
f 1937/336/12 1990/353/12 1952/352/12 1942/351/12 1938/350/12 1946/349/12 1984/348/12 1945/347/12 1947/346/12 1982/345/12 1948/344/12 1980/343/12 1944/342/12 1940/341/12 1950/340/12 1941/339/12 1943/338/12 1939/337/12
f 1983/354/217 1933/357/218 1945/356/218 1984/355/217
f 1930/358/219 1926/361/13 1938/360/13 1942/359/219
f 1932/362/220 1928/365/221 1940/364/221 1944/363/220
f 1926/366/4 1934/369/222 1946/368/222 1938/367/4
f 1931/370/223 1927/373/224 1939/372/224 1943/371/223
f 1949/374/225 1929/377/226 1941/376/226 1950/375/225
f 1981/378/227 1936/381/228 1948/380/228 1982/379/227
f 1951/382/229 1930/358/219 1942/359/219 1952/383/229
f 1929/377/226 1931/370/223 1943/371/223 1941/376/226
f 1979/384/230 1932/362/220 1944/363/220 1980/385/230
f 1927/386/6 1925/389/231 1937/388/231 1939/387/6
f 1928/365/221 1949/374/225 1950/375/225 1940/364/221
f 1989/390/232 1951/382/229 1952/383/229 1990/391/232
f 1933/357/218 1935/393/233 1947/392/233 1945/356/218
f 1961/394/1 1956/396/1 1955/395/1
f 1964/397/12 1968/411/12 1969/410/12 1986/409/12 1971/408/12 1970/407/12 1972/406/12 1973/405/12 1974/404/12 1988/403/12 1976/402/12 1966/401/12 1967/400/12 1965/399/12 1978/398/12
f 1958/412/234 1969/415/234 1968/414/235 1957/413/235
f 1977/416/236 1978/419/236 1965/418/237 1954/417/237
f 1962/420/238 1973/423/238 1972/422/239 1961/421/239
f 1985/424/240 1986/425/240 1969/415/234 1958/412/234
f 1954/426/6 1965/429/6 1967/428/6 1956/427/6
f 1963/430/241 1974/431/241 1973/423/238 1962/420/238
f 1961/432/242 1972/435/242 1970/434/243 1959/433/243
f 1956/436/244 1967/439/244 1966/438/245 1955/437/245
f 1987/440/246 1988/441/246 1974/431/241 1963/430/241
f 1957/413/247 1968/414/247 1964/443/248 1953/442/248
f 1959/433/243 1970/434/243 1971/445/294 1960/444/294
f 1955/437/245 1966/438/245 1976/447/250 1975/446/250
f 1953/442/248 1964/443/248 1978/419/236 1977/416/236
f 1936/381/228 1979/384/230 1980/385/230 1948/380/228
f 1935/393/233 1981/378/227 1982/379/227 1947/392/233
f 1934/369/222 1983/354/217 1984/355/217 1946/368/222
f 1960/444/294 1971/445/294 1986/425/240 1985/424/240
f 1975/446/250 1976/447/250 1988/441/246 1987/440/246
f 1925/389/231 1989/390/232 1990/391/232 1937/388/231
f 1927/448/1 1932/449/1 1925/334/1
f 1925/334/1 1930/335/1 1989/450/1
f 1932/449/1 1979/451/1 1925/334/1
f 1989/450/1 1930/335/1 1951/452/1
f 1930/335/1 1935/454/1 1926/453/1
f 1926/453/1 1933/456/1 1934/455/1
f 1935/454/1 1933/456/1 1926/453/1
f 1934/455/1 1933/456/1 1983/457/1
f 1931/458/1 1929/459/1 1927/448/1
f 1949/460/1 1932/449/1 1929/459/1
f 1932/449/1 1927/448/1 1929/459/1
f 1932/449/1 1949/460/1 1928/461/1
f 1930/335/1 1981/462/1 1935/454/1
f 1930/335/1 1936/333/1 1981/462/1
f 1979/451/1 1936/333/1 1925/334/1
f 1977/463/1 1954/465/1 1953/464/1
f 1953/464/1 1954/465/1 1957/466/1
f 1957/466/1 1959/468/1 1958/467/1
f 1958/467/1 1959/468/1 1985/469/1
f 1985/469/1 1959/468/1 1960/470/1
f 1961/394/1 1955/395/1 1962/471/1
f 1962/471/1 1975/473/1 1963/472/1
f 1955/395/1 1975/473/1 1962/471/1
f 1959/468/1 1957/466/1 1961/394/1
f 1963/472/1 1975/473/1 1987/474/1
f 1956/396/1 1957/466/1 1954/465/1
f 1956/396/1 1961/394/1 1957/466/1
f 1994/475/1 1992/477/1 2071/476/1
f 1999/478/12 2006/487/12 2005/486/12 2003/485/12 2004/484/12 2001/483/12 2008/482/12 2002/481/12 2072/480/12 2000/479/12
f 1997/488/251 2005/491/251 2006/490/252 1998/489/252
f 1993/492/253 2001/495/253 2004/494/254 1996/493/254
f 2007/496/255 2008/497/255 2001/495/253 1993/492/253
f 1991/498/13 1999/501/13 2000/500/13 1992/499/13
f 1995/502/256 2003/503/256 2005/491/251 1997/488/251
f 1996/493/254 2004/494/254 2003/503/256 1995/502/256
f 2071/504/257 2072/507/257 2002/506/258 1994/505/258
f 1998/508/4 2006/511/4 1999/510/4 1991/509/4
f 1994/505/258 2002/506/258 2008/497/255 2007/496/255
f 2010/512/12 2017/520/12 2016/519/12 2015/518/12 2014/517/12 2013/516/12 2009/515/12 2012/514/12 2011/513/12
f 2019/521/1 2020/529/1 2021/528/1 2018/527/1 2022/526/1 2023/525/1 2024/524/1 2025/523/1 2026/522/1
f 2015/530/259 2024/533/259 2023/532/259 2014/531/259
f 2011/534/11 2020/537/11 2019/536/11 2010/535/11
f 2016/538/260 2025/541/260 2024/540/260 2015/539/260
f 2009/542/261 2018/545/261 2021/544/261 2012/543/261
f 2013/546/262 2022/549/262 2018/548/262 2009/547/262
f 2017/550/263 2026/553/263 2025/552/263 2016/551/263
f 2014/554/264 2023/557/264 2022/556/264 2013/555/264
f 2012/558/265 2021/561/265 2020/560/265 2011/559/265
f 2010/562/6 2019/565/6 2026/564/6 2017/563/6
f 2027/566/1 2036/568/1 2029/567/1
f 2043/569/12 2048/590/12 2068/589/12 2060/588/12 2047/587/12 2049/586/12 2050/585/12 2062/584/12 2066/583/12 2051/582/12 2045/581/12 2057/580/12 2056/579/12 2055/578/12 2054/577/12 2058/576/12 2053/575/12 2052/574/12 2046/573/12 2064/572/12 2070/571/12 2044/570/12
f 2034/591/266 2050/594/266 2049/593/267 2033/592/267
f 2040/595/4 2056/598/4 2057/597/4 2041/596/4
f 2061/599/268 2062/600/268 2050/594/266 2034/591/266
f 2032/601/269 2048/604/269 2043/603/270 2027/602/270
f 2037/605/271 2053/608/271 2058/607/272 2042/606/272
f 2029/609/273 2045/612/273 2051/611/274 2035/610/274
f 2027/613/275 2043/616/275 2044/615/276 2028/614/276
f 2030/617/277 2046/620/277 2052/619/278 2036/618/278
f 2063/621/279 2064/622/279 2046/620/277 2030/617/277
f 2036/623/280 2052/624/280 2053/608/271 2037/605/271
f 2041/596/281 2057/597/281 2045/612/281 2029/609/281
f 2042/606/272 2058/607/272 2054/626/282 2038/625/282
f 2033/627/283 2049/630/283 2047/629/284 2031/628/284
f 2038/625/282 2054/626/282 2055/632/285 2039/631/285
f 2067/633/286 2068/634/286 2048/604/269 2032/601/269
f 2039/635/11 2055/638/11 2056/637/11 2040/636/11
f 2031/628/284 2047/629/284 2060/640/287 2059/639/287
f 2065/641/288 2066/642/288 2062/600/268 2061/599/268
f 2069/643/289 2070/644/289 2064/622/279 2063/621/279
f 2035/610/274 2051/611/274 2066/642/288 2065/641/288
f 2059/639/287 2060/640/287 2068/634/286 2067/633/286
f 2028/614/276 2044/615/276 2070/644/289 2069/643/289
f 1992/645/290 2000/646/290 2072/507/257 2071/504/257
f 1992/477/1 1995/648/1 1991/647/1
f 1991/647/1 1997/650/1 1998/649/1
f 1995/648/1 1997/650/1 1991/647/1
f 1995/648/1 1992/477/1 1996/651/1
f 1996/651/1 1992/477/1 1993/652/1
f 1993/652/1 1992/477/1 2007/653/1
f 2007/653/1 1992/477/1 1994/475/1
f 2027/566/1 2033/655/1 2032/654/1
f 2032/654/1 2031/657/1 2067/656/1
f 2033/655/1 2031/657/1 2032/654/1
f 2067/656/1 2031/657/1 2059/658/1
f 2033/655/1 2035/660/1 2034/659/1
f 2034/659/1 2035/660/1 2061/661/1
f 2069/662/1 2063/664/1 2028/663/1
f 2028/663/1 2030/665/1 2027/566/1
f 2063/664/1 2030/665/1 2028/663/1
f 2061/661/1 2035/660/1 2065/666/1
f 2035/660/1 2033/655/1 2029/567/1
f 2029/567/1 2039/668/1 2041/667/1
f 2041/667/1 2039/668/1 2040/669/1
f 2039/668/1 2036/568/1 2038/670/1
f 2038/670/1 2036/568/1 2042/671/1
f 2027/566/1 2029/567/1 2033/655/1
f 2029/567/1 2036/568/1 2039/668/1
f 2042/671/1 2036/568/1 2037/672/1
f 2036/568/1 2027/566/1 2030/665/1
f 1784/673/1 1792/675/1 1786/674/1
f 1792/675/1 1784/673/1 1790/676/1
f 1790/676/1 1784/673/1 1794/25/1
f 1794/25/1 1787/23/1 1793/677/1
f 1793/677/1 1783/679/1 1789/678/1
f 1787/23/1 1783/679/1 1793/677/1
f 1789/678/1 1783/679/1 1791/680/1
f 1791/680/1 1783/679/1 1785/681/1
f 1788/24/1 1794/25/1 1784/673/1
f 2073/1/1 2077/6/1 2078/5/1 2074/4/1 2076/3/1 2075/2/1
f 2077/7/149 2073/10/150 2079/9/150 2083/8/149
f 2076/11/4 2074/14/291 2080/13/291 2082/12/4
f 2073/15/150 2075/18/6 2081/17/6 2079/16/150
f 2078/19/152 2077/7/149 2083/8/149 2084/20/152
f 2074/21/291 2078/19/152 2084/20/152 2080/22/291
f 2083/23/1 2090/25/1 2084/24/1
f 2085/26/153 2087/29/153 2093/28/153 2091/27/153
f 2089/30/154 2085/33/154 2091/32/154 2095/31/154
f 2086/34/155 2090/37/155 2096/36/155 2092/35/155
f 2090/37/13 2089/30/13 2095/31/13 2096/36/13
f 2088/38/6 2086/41/6 2092/40/6 2094/39/6
f 2093/42/12 2094/47/12 2092/46/12 2096/45/12 2095/44/12 2091/43/12
f 2076/48/11 2082/55/11 2088/54/11 2094/53/11 2093/52/11 2087/51/11 2081/50/11 2075/49/11
f 2097/56/12 2105/66/12 2107/65/12 2106/64/12 2104/63/12 2103/62/12 2102/61/12 2099/60/12 2100/59/12 2101/58/12 2098/57/12
f 2108/67/1 2109/77/1 2112/76/1 2111/75/1 2110/74/1 2113/73/1 2114/72/1 2115/71/1 2117/70/1 2118/69/1 2116/68/1
f 2100/78/11 2099/81/11 2110/80/11 2111/79/11
f 2106/82/156 2107/85/156 2118/84/156 2117/83/156
f 2105/86/4 2097/89/4 2108/88/4 2116/87/4
f 2103/90/157 2104/93/157 2115/92/157 2114/91/157
f 2098/94/158 2101/97/158 2112/96/158 2109/95/158
f 2097/98/13 2098/101/13 2109/100/13 2108/99/13
f 2107/85/159 2105/103/159 2116/102/159 2118/84/159
f 2099/104/160 2102/107/160 2113/106/160 2110/105/160
f 2101/97/6 2100/109/6 2111/108/6 2112/96/6
f 2104/110/161 2106/113/161 2117/112/161 2115/111/161
f 2102/114/162 2103/90/162 2114/91/162 2113/115/162
f 2119/116/12 2123/132/12 2124/131/12 2125/130/12 2126/129/12 2120/128/12 2127/127/12 2128/126/12 2131/125/12 2133/124/12 2132/123/12 2130/122/12 2151/121/12 2129/120/12 2149/119/12 2122/118/12 2121/117/12
f 2134/133/1 2136/149/1 2137/148/1 2150/147/1 2144/146/1 2152/145/1 2145/144/1 2147/143/1 2148/142/1 2146/141/1 2143/140/1 2142/139/1 2135/138/1 2141/137/1 2140/136/1 2139/135/1 2138/134/1
f 2121/150/6 2136/153/6 2134/152/6 2119/151/6
f 2120/154/163 2135/157/163 2142/156/163 2127/155/163
f 2126/158/164 2141/161/164 2135/160/164 2120/159/164
f 2127/162/165 2142/165/165 2143/164/165 2128/163/165
f 2149/166/166 2150/169/166 2137/168/167 2122/167/167
f 2151/170/292 2152/173/292 2144/172/169 2129/171/169
f 2122/174/11 2137/177/11 2136/176/11 2121/175/11
f 2132/178/170 2147/181/170 2145/180/170 2130/179/170
f 2119/182/171 2134/185/171 2138/184/171 2123/183/171
f 2128/186/4 2143/189/4 2146/188/4 2131/187/4
f 2123/190/172 2138/193/172 2139/192/172 2124/191/172
f 2133/194/4 2148/197/4 2147/196/4 2132/195/4
f 2124/198/173 2139/201/173 2140/200/173 2125/199/173
f 2131/187/174 2146/188/174 2148/197/174 2133/194/174
f 2125/202/175 2140/205/175 2141/204/175 2126/203/175
f 2129/171/169 2144/172/169 2150/169/166 2149/166/166
f 2130/206/176 2145/207/176 2152/173/292 2151/170/292
f 2153/208/12 2155/211/12 2156/210/12 2154/209/12
f 2155/212/11 2159/215/11 2160/214/11 2156/213/11
f 2160/216/1 2159/218/1 2157/217/1
f 2157/219/13 2153/222/13 2154/221/13 2158/220/13
f 2155/223/4 2153/226/4 2157/225/4 2159/224/4
f 2160/227/6 2158/230/6 2154/229/6 2156/228/6
f 2160/216/1 2157/217/1 2158/231/1
f 2166/232/1 2168/236/1 2170/235/1 2169/234/1 2167/233/1
f 2161/237/177 2166/240/177 2167/239/177 2162/238/177
f 2164/241/178 2169/244/178 2170/243/178 2165/242/178
f 2165/242/179 2170/243/179 2168/246/179 2163/245/179
f 2162/247/4 2167/250/4 2169/249/4 2164/248/4
f 2163/251/180 2168/254/180 2166/253/180 2161/252/180
f 2161/255/12 2162/259/12 2164/258/12 2165/257/12 2163/256/12
f 2180/260/12 2171/269/12 2172/268/12 2173/267/12 2174/266/12 2175/265/12 2176/264/12 2177/263/12 2178/262/12 2179/261/12
f 2190/270/1 2189/279/1 2188/278/1 2187/277/1 2186/276/1 2185/275/1 2184/274/1 2183/273/1 2182/272/1 2181/271/1
f 2192/280/181 2208/283/182 2209/282/183 2191/281/184
f 2194/284/185 2205/287/186 2206/286/187 2193/285/188
f 2196/288/189 2202/291/190 2203/290/191 2195/289/192
f 2198/292/11 2210/295/11 2201/294/193 2197/293/194
f 2193/285/188 2206/286/187 2207/297/195 2199/296/196
f 2195/289/192 2203/290/191 2204/299/197 2200/298/198
f 2191/300/4 2209/303/4 2210/302/4 2198/301/4
f 2199/296/196 2207/297/195 2208/283/182 2192/280/181
f 2200/298/198 2204/299/197 2205/287/186 2194/284/185
f 2197/304/194 2201/305/193 2202/291/190 2196/288/189
f 2171/306/199 2197/304/194 2196/288/189 2172/307/200
f 2174/308/201 2200/298/198 2194/284/185 2175/309/202
f 2177/310/203 2199/296/196 2192/280/181 2178/311/204
f 2179/312/4 2191/300/4 2198/301/4 2180/313/4
f 2173/314/205 2195/289/192 2200/298/198 2174/308/201
f 2176/315/206 2193/285/188 2199/296/196 2177/310/203
f 2180/316/11 2198/292/11 2197/293/194 2171/317/199
f 2172/307/200 2196/288/189 2195/289/192 2173/314/205
f 2175/309/202 2194/284/185 2193/285/188 2176/315/206
f 2178/311/204 2192/280/181 2191/281/184 2179/318/207
f 2211/319/208 2202/291/190 2201/305/193 2212/320/209
f 2213/321/210 2203/290/191 2202/291/190 2211/319/208
f 2214/322/211 2204/299/197 2203/290/191 2213/321/210
f 2215/323/212 2205/287/186 2204/299/197 2214/322/211
f 2216/324/213 2206/286/187 2205/287/186 2215/323/212
f 2217/325/295 2207/297/195 2206/286/187 2216/324/213
f 2218/326/215 2208/283/182 2207/297/195 2217/325/295
f 2219/327/216 2209/282/183 2208/283/182 2218/326/215
f 2212/328/209 2201/294/193 2210/295/11 2220/329/11
f 2220/330/4 2210/302/4 2209/303/4 2219/331/4
f 2190/270/1 2220/332/1 2219/327/216 2189/279/1
f 2181/271/1 2212/320/209 2220/332/1 2190/270/1
f 2189/279/1 2219/327/216 2218/326/215 2188/278/1
f 2188/278/1 2218/326/215 2217/325/295 2187/277/1
f 2187/277/1 2217/325/295 2216/324/213 2186/276/1
f 2186/276/1 2216/324/213 2215/323/212 2185/275/1
f 2185/275/1 2215/323/212 2214/322/211 2184/274/1
f 2184/274/1 2214/322/211 2213/321/210 2183/273/1
f 2183/273/1 2213/321/210 2211/319/208 2182/272/1
f 2182/272/1 2211/319/208 2212/320/209 2181/271/1
f 2232/333/1 2226/335/1 2221/334/1
f 2233/336/12 2286/353/12 2248/352/12 2238/351/12 2234/350/12 2242/349/12 2280/348/12 2241/347/12 2243/346/12 2278/345/12 2244/344/12 2276/343/12 2240/342/12 2236/341/12 2246/340/12 2237/339/12 2239/338/12 2235/337/12
f 2279/354/217 2229/357/218 2241/356/218 2280/355/217
f 2226/358/219 2222/361/13 2234/360/13 2238/359/219
f 2228/362/220 2224/365/221 2236/364/221 2240/363/220
f 2222/366/4 2230/369/222 2242/368/222 2234/367/4
f 2227/370/223 2223/373/224 2235/372/224 2239/371/223
f 2245/374/225 2225/377/226 2237/376/226 2246/375/225
f 2277/378/227 2232/381/228 2244/380/228 2278/379/227
f 2247/382/229 2226/358/219 2238/359/219 2248/383/229
f 2225/377/226 2227/370/223 2239/371/223 2237/376/226
f 2275/384/230 2228/362/220 2240/363/220 2276/385/230
f 2223/386/6 2221/389/231 2233/388/231 2235/387/6
f 2224/365/221 2245/374/225 2246/375/225 2236/364/221
f 2285/390/232 2247/382/229 2248/383/229 2286/391/232
f 2229/357/218 2231/393/233 2243/392/233 2241/356/218
f 2257/394/1 2252/396/1 2251/395/1
f 2260/397/12 2264/411/12 2265/410/12 2282/409/12 2267/408/12 2266/407/12 2268/406/12 2269/405/12 2270/404/12 2284/403/12 2272/402/12 2262/401/12 2263/400/12 2261/399/12 2274/398/12
f 2254/412/234 2265/415/234 2264/414/235 2253/413/235
f 2273/416/296 2274/419/296 2261/418/237 2250/417/237
f 2258/420/238 2269/423/238 2268/422/239 2257/421/239
f 2281/424/240 2282/425/240 2265/415/234 2254/412/234
f 2250/426/6 2261/429/6 2263/428/6 2252/427/6
f 2259/430/241 2270/431/241 2269/423/238 2258/420/238
f 2257/432/242 2268/435/242 2266/434/243 2255/433/243
f 2252/436/244 2263/439/244 2262/438/245 2251/437/245
f 2283/440/246 2284/441/246 2270/431/241 2259/430/241
f 2253/413/247 2264/414/247 2260/443/248 2249/442/248
f 2255/433/243 2266/434/243 2267/445/294 2256/444/249
f 2251/437/245 2262/438/245 2272/447/250 2271/446/250
f 2249/442/248 2260/443/248 2274/419/296 2273/416/296
f 2232/381/228 2275/384/230 2276/385/230 2244/380/228
f 2231/393/233 2277/378/227 2278/379/227 2243/392/233
f 2230/369/222 2279/354/217 2280/355/217 2242/368/222
f 2256/444/249 2267/445/294 2282/425/240 2281/424/240
f 2271/446/250 2272/447/250 2284/441/246 2283/440/246
f 2221/389/231 2285/390/232 2286/391/232 2233/388/231
f 2223/448/1 2228/449/1 2221/334/1
f 2221/334/1 2226/335/1 2285/450/1
f 2228/449/1 2275/451/1 2221/334/1
f 2285/450/1 2226/335/1 2247/452/1
f 2226/335/1 2231/454/1 2222/453/1
f 2222/453/1 2229/456/1 2230/455/1
f 2231/454/1 2229/456/1 2222/453/1
f 2230/455/1 2229/456/1 2279/457/1
f 2227/458/1 2225/459/1 2223/448/1
f 2245/460/1 2228/449/1 2225/459/1
f 2228/449/1 2223/448/1 2225/459/1
f 2228/449/1 2245/460/1 2224/461/1
f 2226/335/1 2277/462/1 2231/454/1
f 2226/335/1 2232/333/1 2277/462/1
f 2275/451/1 2232/333/1 2221/334/1
f 2273/463/1 2250/465/1 2249/464/1
f 2249/464/1 2250/465/1 2253/466/1
f 2253/466/1 2255/468/1 2254/467/1
f 2254/467/1 2255/468/1 2281/469/1
f 2281/469/1 2255/468/1 2256/470/1
f 2257/394/1 2251/395/1 2258/471/1
f 2258/471/1 2271/473/1 2259/472/1
f 2251/395/1 2271/473/1 2258/471/1
f 2255/468/1 2253/466/1 2257/394/1
f 2259/472/1 2271/473/1 2283/474/1
f 2252/396/1 2253/466/1 2250/465/1
f 2252/396/1 2257/394/1 2253/466/1
f 2290/475/1 2288/477/1 2367/476/1
f 2295/478/12 2302/487/12 2301/486/12 2299/485/12 2300/484/12 2297/483/12 2304/482/12 2298/481/12 2368/480/12 2296/479/12
f 2293/488/251 2301/491/251 2302/490/252 2294/489/252
f 2289/492/253 2297/495/253 2300/494/254 2292/493/254
f 2303/496/255 2304/497/255 2297/495/253 2289/492/253
f 2287/498/13 2295/501/13 2296/500/13 2288/499/13
f 2291/502/256 2299/503/256 2301/491/251 2293/488/251
f 2292/493/254 2300/494/254 2299/503/256 2291/502/256
f 2367/504/257 2368/507/257 2298/506/258 2290/505/258
f 2294/508/4 2302/511/4 2295/510/4 2287/509/4
f 2290/505/258 2298/506/258 2304/497/255 2303/496/255
f 2306/512/12 2313/520/12 2312/519/12 2311/518/12 2310/517/12 2309/516/12 2305/515/12 2308/514/12 2307/513/12
f 2315/521/1 2316/529/1 2317/528/1 2314/527/1 2318/526/1 2319/525/1 2320/524/1 2321/523/1 2322/522/1
f 2311/530/259 2320/533/259 2319/532/259 2310/531/259
f 2307/534/11 2316/537/11 2315/536/11 2306/535/11
f 2312/538/260 2321/541/260 2320/540/260 2311/539/260
f 2305/542/261 2314/545/261 2317/544/261 2308/543/261
f 2309/546/262 2318/549/262 2314/548/262 2305/547/262
f 2313/550/263 2322/553/263 2321/552/263 2312/551/263
f 2310/554/264 2319/557/264 2318/556/264 2309/555/264
f 2308/558/265 2317/561/265 2316/560/265 2307/559/265
f 2306/562/6 2315/565/6 2322/564/6 2313/563/6
f 2323/566/1 2332/568/1 2325/567/1
f 2339/569/12 2344/590/12 2364/589/12 2356/588/12 2343/587/12 2345/586/12 2346/585/12 2358/584/12 2362/583/12 2347/582/12 2341/581/12 2353/580/12 2352/579/12 2351/578/12 2350/577/12 2354/576/12 2349/575/12 2348/574/12 2342/573/12 2360/572/12 2366/571/12 2340/570/12
f 2330/591/266 2346/594/266 2345/593/267 2329/592/267
f 2336/595/4 2352/598/4 2353/597/4 2337/596/4
f 2357/599/268 2358/600/268 2346/594/266 2330/591/266
f 2328/601/269 2344/604/269 2339/603/270 2323/602/270
f 2333/605/271 2349/608/271 2354/607/272 2338/606/272
f 2325/609/273 2341/612/273 2347/611/274 2331/610/274
f 2323/613/275 2339/616/275 2340/615/276 2324/614/276
f 2326/617/277 2342/620/277 2348/619/278 2332/618/278
f 2359/621/279 2360/622/279 2342/620/277 2326/617/277
f 2332/623/280 2348/624/280 2349/608/271 2333/605/271
f 2337/596/281 2353/597/281 2341/612/281 2325/609/281
f 2338/606/272 2354/607/272 2350/626/282 2334/625/282
f 2329/627/283 2345/630/283 2343/629/284 2327/628/284
f 2334/625/282 2350/626/282 2351/632/285 2335/631/285
f 2363/633/297 2364/634/297 2344/604/269 2328/601/269
f 2335/635/11 2351/638/11 2352/637/11 2336/636/11
f 2327/628/284 2343/629/284 2356/640/287 2355/639/287
f 2361/641/288 2362/642/288 2358/600/268 2357/599/268
f 2365/643/289 2366/644/289 2360/622/279 2359/621/279
f 2331/610/274 2347/611/274 2362/642/288 2361/641/288
f 2355/639/287 2356/640/287 2364/634/297 2363/633/297
f 2324/614/276 2340/615/276 2366/644/289 2365/643/289
f 2288/645/290 2296/646/290 2368/507/257 2367/504/257
f 2288/477/1 2291/648/1 2287/647/1
f 2287/647/1 2293/650/1 2294/649/1
f 2291/648/1 2293/650/1 2287/647/1
f 2291/648/1 2288/477/1 2292/651/1
f 2292/651/1 2288/477/1 2289/652/1
f 2289/652/1 2288/477/1 2303/653/1
f 2303/653/1 2288/477/1 2290/475/1
f 2323/566/1 2329/655/1 2328/654/1
f 2328/654/1 2327/657/1 2363/656/1
f 2329/655/1 2327/657/1 2328/654/1
f 2363/656/1 2327/657/1 2355/658/1
f 2329/655/1 2331/660/1 2330/659/1
f 2330/659/1 2331/660/1 2357/661/1
f 2365/662/1 2359/664/1 2324/663/1
f 2324/663/1 2326/665/1 2323/566/1
f 2359/664/1 2326/665/1 2324/663/1
f 2357/661/1 2331/660/1 2361/666/1
f 2331/660/1 2329/655/1 2325/567/1
f 2325/567/1 2335/668/1 2337/667/1
f 2337/667/1 2335/668/1 2336/669/1
f 2335/668/1 2332/568/1 2334/670/1
f 2334/670/1 2332/568/1 2338/671/1
f 2323/566/1 2325/567/1 2329/655/1
f 2325/567/1 2332/568/1 2335/668/1
f 2338/671/1 2332/568/1 2333/672/1
f 2332/568/1 2323/566/1 2326/665/1
f 2080/673/1 2088/675/1 2082/674/1
f 2088/675/1 2080/673/1 2086/676/1
f 2086/676/1 2080/673/1 2090/25/1
f 2090/25/1 2083/23/1 2089/677/1
f 2089/677/1 2079/679/1 2085/678/1
f 2083/23/1 2079/679/1 2089/677/1
f 2085/678/1 2079/679/1 2087/680/1
f 2087/680/1 2079/679/1 2081/681/1
f 2084/24/1 2090/25/1 2080/673/1
f 2369/1/1 2373/6/1 2374/5/1 2370/4/1 2372/3/1 2371/2/1
f 2373/7/149 2369/10/150 2375/9/150 2379/8/149
f 2372/11/4 2370/14/151 2376/13/151 2378/12/4
f 2369/15/150 2371/18/6 2377/17/6 2375/16/150
f 2374/19/152 2373/7/149 2379/8/149 2380/20/152
f 2370/21/151 2374/19/152 2380/20/152 2376/22/151
f 2379/23/1 2386/25/1 2380/24/1
f 2381/26/153 2383/29/153 2389/28/153 2387/27/153
f 2385/30/154 2381/33/154 2387/32/154 2391/31/154
f 2382/34/155 2386/37/155 2392/36/155 2388/35/155
f 2386/37/13 2385/30/13 2391/31/13 2392/36/13
f 2384/38/6 2382/41/6 2388/40/6 2390/39/6
f 2389/42/12 2390/47/12 2388/46/12 2392/45/12 2391/44/12 2387/43/12
f 2372/48/11 2378/55/11 2384/54/11 2390/53/11 2389/52/11 2383/51/11 2377/50/11 2371/49/11
f 2393/56/12 2401/66/12 2403/65/12 2402/64/12 2400/63/12 2399/62/12 2398/61/12 2395/60/12 2396/59/12 2397/58/12 2394/57/12
f 2404/67/1 2405/77/1 2408/76/1 2407/75/1 2406/74/1 2409/73/1 2410/72/1 2411/71/1 2413/70/1 2414/69/1 2412/68/1
f 2396/78/11 2395/81/11 2406/80/11 2407/79/11
f 2402/82/156 2403/85/156 2414/84/156 2413/83/156
f 2401/86/4 2393/89/4 2404/88/4 2412/87/4
f 2399/90/157 2400/93/157 2411/92/157 2410/91/157
f 2394/94/158 2397/97/158 2408/96/158 2405/95/158
f 2393/98/13 2394/101/13 2405/100/13 2404/99/13
f 2403/85/159 2401/103/159 2412/102/159 2414/84/159
f 2395/104/160 2398/107/160 2409/106/160 2406/105/160
f 2397/97/6 2396/109/6 2407/108/6 2408/96/6
f 2400/110/161 2402/113/161 2413/112/161 2411/111/161
f 2398/114/162 2399/90/162 2410/91/162 2409/115/162
f 2415/116/12 2419/132/12 2420/131/12 2421/130/12 2422/129/12 2416/128/12 2423/127/12 2424/126/12 2427/125/12 2429/124/12 2428/123/12 2426/122/12 2447/121/12 2425/120/12 2445/119/12 2418/118/12 2417/117/12
f 2430/133/1 2432/149/1 2433/148/1 2446/147/1 2440/146/1 2448/145/1 2441/144/1 2443/143/1 2444/142/1 2442/141/1 2439/140/1 2438/139/1 2431/138/1 2437/137/1 2436/136/1 2435/135/1 2434/134/1
f 2417/150/6 2432/153/6 2430/152/6 2415/151/6
f 2416/154/163 2431/157/163 2438/156/163 2423/155/163
f 2422/158/164 2437/161/164 2431/160/164 2416/159/164
f 2423/162/165 2438/165/165 2439/164/165 2424/163/165
f 2445/166/166 2446/169/166 2433/168/167 2418/167/167
f 2447/170/292 2448/173/292 2440/172/169 2425/171/169
f 2418/174/11 2433/177/11 2432/176/11 2417/175/11
f 2428/178/170 2443/181/170 2441/180/170 2426/179/170
f 2415/182/171 2430/185/171 2434/184/171 2419/183/171
f 2424/186/4 2439/189/4 2442/188/4 2427/187/4
f 2419/190/172 2434/193/172 2435/192/172 2420/191/172
f 2429/194/4 2444/197/4 2443/196/4 2428/195/4
f 2420/198/173 2435/201/173 2436/200/173 2421/199/173
f 2427/187/174 2442/188/174 2444/197/174 2429/194/174
f 2421/202/175 2436/205/175 2437/204/175 2422/203/175
f 2425/171/169 2440/172/169 2446/169/166 2445/166/166
f 2426/206/176 2441/207/176 2448/173/292 2447/170/292
f 2449/208/12 2451/211/12 2452/210/12 2450/209/12
f 2451/212/11 2455/215/11 2456/214/11 2452/213/11
f 2456/216/1 2455/218/1 2453/217/1
f 2453/219/13 2449/222/13 2450/221/13 2454/220/13
f 2451/223/4 2449/226/4 2453/225/4 2455/224/4
f 2456/227/6 2454/230/6 2450/229/6 2452/228/6
f 2456/216/1 2453/217/1 2454/231/1
f 2462/232/1 2464/236/1 2466/235/1 2465/234/1 2463/233/1
f 2457/237/177 2462/240/177 2463/239/177 2458/238/177
f 2460/241/178 2465/244/178 2466/243/178 2461/242/178
f 2461/242/179 2466/243/179 2464/246/179 2459/245/179
f 2458/247/4 2463/250/4 2465/249/4 2460/248/4
f 2459/251/180 2464/254/180 2462/253/180 2457/252/180
f 2457/255/12 2458/259/12 2460/258/12 2461/257/12 2459/256/12
f 2476/260/12 2467/269/12 2468/268/12 2469/267/12 2470/266/12 2471/265/12 2472/264/12 2473/263/12 2474/262/12 2475/261/12
f 2486/270/1 2485/279/1 2484/278/1 2483/277/1 2482/276/1 2481/275/1 2480/274/1 2479/273/1 2478/272/1 2477/271/1
f 2488/280/181 2504/283/182 2505/282/183 2487/281/184
f 2490/284/185 2501/287/186 2502/286/187 2489/285/188
f 2492/288/189 2498/291/190 2499/290/191 2491/289/192
f 2494/292/11 2506/295/11 2497/294/193 2493/293/194
f 2489/285/188 2502/286/187 2503/297/195 2495/296/196
f 2491/289/192 2499/290/191 2500/299/197 2496/298/198
f 2487/300/4 2505/303/4 2506/302/4 2494/301/4
f 2495/296/196 2503/297/195 2504/283/182 2488/280/181
f 2496/298/198 2500/299/197 2501/287/186 2490/284/185
f 2493/304/194 2497/305/193 2498/291/190 2492/288/189
f 2467/306/199 2493/304/194 2492/288/189 2468/307/200
f 2470/308/201 2496/298/198 2490/284/185 2471/309/202
f 2473/310/203 2495/296/196 2488/280/181 2474/311/204
f 2475/312/4 2487/300/4 2494/301/4 2476/313/4
f 2469/314/205 2491/289/192 2496/298/198 2470/308/201
f 2472/315/206 2489/285/188 2495/296/196 2473/310/203
f 2476/316/11 2494/292/11 2493/293/194 2467/317/199
f 2468/307/200 2492/288/189 2491/289/192 2469/314/205
f 2471/309/202 2490/284/185 2489/285/188 2472/315/206
f 2474/311/204 2488/280/181 2487/281/184 2475/318/207
f 2507/319/208 2498/291/190 2497/305/193 2508/320/209
f 2509/321/210 2499/290/191 2498/291/190 2507/319/208
f 2510/322/211 2500/299/197 2499/290/191 2509/321/210
f 2511/323/212 2501/287/186 2500/299/197 2510/322/211
f 2512/324/213 2502/286/187 2501/287/186 2511/323/212
f 2513/325/214 2503/297/195 2502/286/187 2512/324/213
f 2514/326/215 2504/283/182 2503/297/195 2513/325/214
f 2515/327/216 2505/282/183 2504/283/182 2514/326/215
f 2508/328/209 2497/294/193 2506/295/11 2516/329/11
f 2516/330/4 2506/302/4 2505/303/4 2515/331/4
f 2486/270/1 2516/332/1 2515/327/216 2485/279/1
f 2477/271/1 2508/320/209 2516/332/1 2486/270/1
f 2485/279/1 2515/327/216 2514/326/215 2484/278/1
f 2484/278/1 2514/326/215 2513/325/214 2483/277/1
f 2483/277/1 2513/325/214 2512/324/213 2482/276/1
f 2482/276/1 2512/324/213 2511/323/212 2481/275/1
f 2481/275/1 2511/323/212 2510/322/211 2480/274/1
f 2480/274/1 2510/322/211 2509/321/210 2479/273/1
f 2479/273/1 2509/321/210 2507/319/208 2478/272/1
f 2478/272/1 2507/319/208 2508/320/209 2477/271/1
f 2528/333/1 2522/335/1 2517/334/1
f 2529/336/12 2582/353/12 2544/352/12 2534/351/12 2530/350/12 2538/349/12 2576/348/12 2537/347/12 2539/346/12 2574/345/12 2540/344/12 2572/343/12 2536/342/12 2532/341/12 2542/340/12 2533/339/12 2535/338/12 2531/337/12
f 2575/354/217 2525/357/218 2537/356/218 2576/355/217
f 2522/358/219 2518/361/13 2530/360/13 2534/359/219
f 2524/362/220 2520/365/221 2532/364/221 2536/363/220
f 2518/366/4 2526/369/222 2538/368/222 2530/367/4
f 2523/370/223 2519/373/224 2531/372/224 2535/371/223
f 2541/374/225 2521/377/226 2533/376/226 2542/375/225
f 2573/378/227 2528/381/228 2540/380/228 2574/379/227
f 2543/382/229 2522/358/219 2534/359/219 2544/383/229
f 2521/377/226 2523/370/223 2535/371/223 2533/376/226
f 2571/384/230 2524/362/220 2536/363/220 2572/385/230
f 2519/386/6 2517/389/231 2529/388/231 2531/387/6
f 2520/365/221 2541/374/225 2542/375/225 2532/364/221
f 2581/390/232 2543/382/229 2544/383/229 2582/391/232
f 2525/357/218 2527/393/233 2539/392/233 2537/356/218
f 2553/394/1 2548/396/1 2547/395/1
f 2556/397/12 2560/411/12 2561/410/12 2578/409/12 2563/408/12 2562/407/12 2564/406/12 2565/405/12 2566/404/12 2580/403/12 2568/402/12 2558/401/12 2559/400/12 2557/399/12 2570/398/12
f 2550/412/234 2561/415/234 2560/414/235 2549/413/235
f 2569/416/236 2570/419/236 2557/418/237 2546/417/237
f 2554/420/238 2565/423/238 2564/422/239 2553/421/239
f 2577/424/240 2578/425/240 2561/415/234 2550/412/234
f 2546/426/6 2557/429/6 2559/428/6 2548/427/6
f 2555/430/241 2566/431/241 2565/423/238 2554/420/238
f 2553/432/242 2564/435/242 2562/434/243 2551/433/243
f 2548/436/244 2559/439/244 2558/438/245 2547/437/245
f 2579/440/246 2580/441/246 2566/431/241 2555/430/241
f 2549/413/247 2560/414/247 2556/443/248 2545/442/248
f 2551/433/243 2562/434/243 2563/445/249 2552/444/249
f 2547/437/245 2558/438/245 2568/447/250 2567/446/250
f 2545/442/248 2556/443/248 2570/419/236 2569/416/236
f 2528/381/228 2571/384/230 2572/385/230 2540/380/228
f 2527/393/233 2573/378/227 2574/379/227 2539/392/233
f 2526/369/222 2575/354/217 2576/355/217 2538/368/222
f 2552/444/249 2563/445/249 2578/425/240 2577/424/240
f 2567/446/250 2568/447/250 2580/441/246 2579/440/246
f 2517/389/231 2581/390/232 2582/391/232 2529/388/231
f 2519/448/1 2524/449/1 2517/334/1
f 2517/334/1 2522/335/1 2581/450/1
f 2524/449/1 2571/451/1 2517/334/1
f 2581/450/1 2522/335/1 2543/452/1
f 2522/335/1 2527/454/1 2518/453/1
f 2518/453/1 2525/456/1 2526/455/1
f 2527/454/1 2525/456/1 2518/453/1
f 2526/455/1 2525/456/1 2575/457/1
f 2523/458/1 2521/459/1 2519/448/1
f 2541/460/1 2524/449/1 2521/459/1
f 2524/449/1 2519/448/1 2521/459/1
f 2524/449/1 2541/460/1 2520/461/1
f 2522/335/1 2573/462/1 2527/454/1
f 2522/335/1 2528/333/1 2573/462/1
f 2571/451/1 2528/333/1 2517/334/1
f 2569/463/1 2546/465/1 2545/464/1
f 2545/464/1 2546/465/1 2549/466/1
f 2549/466/1 2551/468/1 2550/467/1
f 2550/467/1 2551/468/1 2577/469/1
f 2577/469/1 2551/468/1 2552/470/1
f 2553/394/1 2547/395/1 2554/471/1
f 2554/471/1 2567/473/1 2555/472/1
f 2547/395/1 2567/473/1 2554/471/1
f 2551/468/1 2549/466/1 2553/394/1
f 2555/472/1 2567/473/1 2579/474/1
f 2548/396/1 2549/466/1 2546/465/1
f 2548/396/1 2553/394/1 2549/466/1
f 2586/475/1 2584/477/1 2663/476/1
f 2591/478/12 2598/487/12 2597/486/12 2595/485/12 2596/484/12 2593/483/12 2600/482/12 2594/481/12 2664/480/12 2592/479/12
f 2589/488/251 2597/491/251 2598/490/252 2590/489/252
f 2585/492/253 2593/495/253 2596/494/254 2588/493/254
f 2599/496/255 2600/497/255 2593/495/253 2585/492/253
f 2583/498/13 2591/501/13 2592/500/13 2584/499/13
f 2587/502/256 2595/503/256 2597/491/251 2589/488/251
f 2588/493/254 2596/494/254 2595/503/256 2587/502/256
f 2663/504/257 2664/507/257 2594/506/258 2586/505/258
f 2590/508/4 2598/511/4 2591/510/4 2583/509/4
f 2586/505/258 2594/506/258 2600/497/255 2599/496/255
f 2602/512/12 2609/520/12 2608/519/12 2607/518/12 2606/517/12 2605/516/12 2601/515/12 2604/514/12 2603/513/12
f 2611/521/1 2612/529/1 2613/528/1 2610/527/1 2614/526/1 2615/525/1 2616/524/1 2617/523/1 2618/522/1
f 2607/530/259 2616/533/259 2615/532/259 2606/531/259
f 2603/534/11 2612/537/11 2611/536/11 2602/535/11
f 2608/538/260 2617/541/260 2616/540/260 2607/539/260
f 2601/542/261 2610/545/261 2613/544/261 2604/543/261
f 2605/546/262 2614/549/262 2610/548/262 2601/547/262
f 2609/550/263 2618/553/263 2617/552/263 2608/551/263
f 2606/554/264 2615/557/264 2614/556/264 2605/555/264
f 2604/558/265 2613/561/265 2612/560/265 2603/559/265
f 2602/562/6 2611/565/6 2618/564/6 2609/563/6
f 2619/566/1 2628/568/1 2621/567/1
f 2635/569/12 2640/590/12 2660/589/12 2652/588/12 2639/587/12 2641/586/12 2642/585/12 2654/584/12 2658/583/12 2643/582/12 2637/581/12 2649/580/12 2648/579/12 2647/578/12 2646/577/12 2650/576/12 2645/575/12 2644/574/12 2638/573/12 2656/572/12 2662/571/12 2636/570/12
f 2626/591/266 2642/594/266 2641/593/267 2625/592/267
f 2632/595/4 2648/598/4 2649/597/4 2633/596/4
f 2653/599/268 2654/600/268 2642/594/266 2626/591/266
f 2624/601/269 2640/604/269 2635/603/270 2619/602/270
f 2629/605/271 2645/608/271 2650/607/272 2634/606/272
f 2621/609/273 2637/612/273 2643/611/274 2627/610/274
f 2619/613/275 2635/616/275 2636/615/276 2620/614/276
f 2622/617/277 2638/620/277 2644/619/278 2628/618/278
f 2655/621/298 2656/622/298 2638/620/277 2622/617/277
f 2628/623/280 2644/624/280 2645/608/271 2629/605/271
f 2633/596/281 2649/597/281 2637/612/281 2621/609/281
f 2634/606/272 2650/607/272 2646/626/282 2630/625/282
f 2625/627/283 2641/630/283 2639/629/284 2623/628/284
f 2630/625/282 2646/626/282 2647/632/285 2631/631/285
f 2659/633/286 2660/634/286 2640/604/269 2624/601/269
f 2631/635/11 2647/638/11 2648/637/11 2632/636/11
f 2623/628/284 2639/629/284 2652/640/287 2651/639/287
f 2657/641/288 2658/642/288 2654/600/268 2653/599/268
f 2661/643/289 2662/644/289 2656/622/298 2655/621/298
f 2627/610/274 2643/611/274 2658/642/288 2657/641/288
f 2651/639/287 2652/640/287 2660/634/286 2659/633/286
f 2620/614/276 2636/615/276 2662/644/289 2661/643/289
f 2584/645/290 2592/646/290 2664/507/257 2663/504/257
f 2584/477/1 2587/648/1 2583/647/1
f 2583/647/1 2589/650/1 2590/649/1
f 2587/648/1 2589/650/1 2583/647/1
f 2587/648/1 2584/477/1 2588/651/1
f 2588/651/1 2584/477/1 2585/652/1
f 2585/652/1 2584/477/1 2599/653/1
f 2599/653/1 2584/477/1 2586/475/1
f 2619/566/1 2625/655/1 2624/654/1
f 2624/654/1 2623/657/1 2659/656/1
f 2625/655/1 2623/657/1 2624/654/1
f 2659/656/1 2623/657/1 2651/658/1
f 2625/655/1 2627/660/1 2626/659/1
f 2626/659/1 2627/660/1 2653/661/1
f 2661/662/1 2655/664/1 2620/663/1
f 2620/663/1 2622/665/1 2619/566/1
f 2655/664/1 2622/665/1 2620/663/1
f 2653/661/1 2627/660/1 2657/666/1
f 2627/660/1 2625/655/1 2621/567/1
f 2621/567/1 2631/668/1 2633/667/1
f 2633/667/1 2631/668/1 2632/669/1
f 2631/668/1 2628/568/1 2630/670/1
f 2630/670/1 2628/568/1 2634/671/1
f 2619/566/1 2621/567/1 2625/655/1
f 2621/567/1 2628/568/1 2631/668/1
f 2634/671/1 2628/568/1 2629/672/1
f 2628/568/1 2619/566/1 2622/665/1
f 2376/673/1 2384/675/1 2378/674/1
f 2384/675/1 2376/673/1 2382/676/1
f 2382/676/1 2376/673/1 2386/25/1
f 2386/25/1 2379/23/1 2385/677/1
f 2385/677/1 2375/679/1 2381/678/1
f 2379/23/1 2375/679/1 2385/677/1
f 2381/678/1 2375/679/1 2383/680/1
f 2383/680/1 2375/679/1 2377/681/1
f 2380/24/1 2386/25/1 2376/673/1
f 2665/1/1 2669/6/1 2670/5/1 2666/4/1 2668/3/1 2667/2/1
f 2669/7/149 2665/10/150 2671/9/150 2675/8/149
f 2668/11/4 2666/14/291 2672/13/291 2674/12/4
f 2665/15/150 2667/18/6 2673/17/6 2671/16/150
f 2670/19/152 2669/7/149 2675/8/149 2676/20/152
f 2666/21/291 2670/19/152 2676/20/152 2672/22/291
f 2675/23/1 2682/25/1 2676/24/1
f 2677/26/153 2679/29/153 2685/28/153 2683/27/153
f 2681/30/154 2677/33/154 2683/32/154 2687/31/154
f 2678/34/155 2682/37/155 2688/36/155 2684/35/155
f 2682/37/13 2681/30/13 2687/31/13 2688/36/13
f 2680/38/6 2678/41/6 2684/40/6 2686/39/6
f 2685/42/12 2686/47/12 2684/46/12 2688/45/12 2687/44/12 2683/43/12
f 2668/48/11 2674/55/11 2680/54/11 2686/53/11 2685/52/11 2679/51/11 2673/50/11 2667/49/11
f 2689/56/12 2697/66/12 2699/65/12 2698/64/12 2696/63/12 2695/62/12 2694/61/12 2691/60/12 2692/59/12 2693/58/12 2690/57/12
f 2700/67/1 2701/77/1 2704/76/1 2703/75/1 2702/74/1 2705/73/1 2706/72/1 2707/71/1 2709/70/1 2710/69/1 2708/68/1
f 2692/78/11 2691/81/11 2702/80/11 2703/79/11
f 2698/82/156 2699/85/156 2710/84/156 2709/83/156
f 2697/86/4 2689/89/4 2700/88/4 2708/87/4
f 2695/90/157 2696/93/157 2707/92/157 2706/91/157
f 2690/94/158 2693/97/158 2704/96/158 2701/95/158
f 2689/98/13 2690/101/13 2701/100/13 2700/99/13
f 2699/85/159 2697/103/159 2708/102/159 2710/84/159
f 2691/104/160 2694/107/160 2705/106/160 2702/105/160
f 2693/97/6 2692/109/6 2703/108/6 2704/96/6
f 2696/110/161 2698/113/161 2709/112/161 2707/111/161
f 2694/114/162 2695/90/162 2706/91/162 2705/115/162
f 2711/116/12 2715/132/12 2716/131/12 2717/130/12 2718/129/12 2712/128/12 2719/127/12 2720/126/12 2723/125/12 2725/124/12 2724/123/12 2722/122/12 2743/121/12 2721/120/12 2741/119/12 2714/118/12 2713/117/12
f 2726/133/1 2728/149/1 2729/148/1 2742/147/1 2736/146/1 2744/145/1 2737/144/1 2739/143/1 2740/142/1 2738/141/1 2735/140/1 2734/139/1 2727/138/1 2733/137/1 2732/136/1 2731/135/1 2730/134/1
f 2713/150/6 2728/153/6 2726/152/6 2711/151/6
f 2712/154/163 2727/157/163 2734/156/163 2719/155/163
f 2718/158/164 2733/161/164 2727/160/164 2712/159/164
f 2719/162/165 2734/165/165 2735/164/165 2720/163/165
f 2741/166/166 2742/169/166 2729/168/167 2714/167/167
f 2743/170/292 2744/173/292 2736/172/169 2721/171/169
f 2714/174/11 2729/177/11 2728/176/11 2713/175/11
f 2724/178/170 2739/181/170 2737/180/170 2722/179/170
f 2711/182/171 2726/185/171 2730/184/171 2715/183/171
f 2720/186/4 2735/189/4 2738/188/4 2723/187/4
f 2715/190/172 2730/193/172 2731/192/172 2716/191/172
f 2725/194/4 2740/197/4 2739/196/4 2724/195/4
f 2716/198/173 2731/201/173 2732/200/173 2717/199/173
f 2723/187/174 2738/188/174 2740/197/174 2725/194/174
f 2717/202/175 2732/205/175 2733/204/175 2718/203/175
f 2721/171/169 2736/172/169 2742/169/166 2741/166/166
f 2722/206/176 2737/207/176 2744/173/292 2743/170/292
f 2745/208/12 2747/211/12 2748/210/12 2746/209/12
f 2747/212/11 2751/215/11 2752/214/11 2748/213/11
f 2752/216/1 2751/218/1 2749/217/1
f 2749/219/13 2745/222/13 2746/221/13 2750/220/13
f 2747/223/4 2745/226/4 2749/225/4 2751/224/4
f 2752/227/6 2750/230/6 2746/229/6 2748/228/6
f 2752/216/1 2749/217/1 2750/231/1
f 2758/232/1 2760/236/1 2762/235/1 2761/234/1 2759/233/1
f 2753/237/177 2758/240/177 2759/239/177 2754/238/177
f 2756/241/178 2761/244/178 2762/243/178 2757/242/178
f 2757/242/179 2762/243/179 2760/246/179 2755/245/179
f 2754/247/4 2759/250/4 2761/249/4 2756/248/4
f 2755/251/180 2760/254/180 2758/253/180 2753/252/180
f 2753/255/12 2754/259/12 2756/258/12 2757/257/12 2755/256/12
f 2772/260/12 2763/269/12 2764/268/12 2765/267/12 2766/266/12 2767/265/12 2768/264/12 2769/263/12 2770/262/12 2771/261/12
f 2782/270/1 2781/279/1 2780/278/1 2779/277/1 2778/276/1 2777/275/1 2776/274/1 2775/273/1 2774/272/1 2773/271/1
f 2784/280/181 2800/283/182 2801/282/183 2783/281/184
f 2786/284/185 2797/287/186 2798/286/187 2785/285/188
f 2788/288/189 2794/291/190 2795/290/191 2787/289/192
f 2790/292/11 2802/295/11 2793/294/193 2789/293/194
f 2785/285/188 2798/286/187 2799/297/195 2791/296/196
f 2787/289/192 2795/290/191 2796/299/197 2792/298/198
f 2783/300/4 2801/303/4 2802/302/4 2790/301/4
f 2791/296/196 2799/297/195 2800/283/182 2784/280/181
f 2792/298/198 2796/299/197 2797/287/186 2786/284/185
f 2789/304/194 2793/305/193 2794/291/190 2788/288/189
f 2763/306/199 2789/304/194 2788/288/189 2764/307/200
f 2766/308/201 2792/298/198 2786/284/185 2767/309/202
f 2769/310/203 2791/296/196 2784/280/181 2770/311/204
f 2771/312/4 2783/300/4 2790/301/4 2772/313/4
f 2765/314/205 2787/289/192 2792/298/198 2766/308/201
f 2768/315/206 2785/285/188 2791/296/196 2769/310/203
f 2772/316/11 2790/292/11 2789/293/194 2763/317/199
f 2764/307/200 2788/288/189 2787/289/192 2765/314/205
f 2767/309/202 2786/284/185 2785/285/188 2768/315/206
f 2770/311/204 2784/280/181 2783/281/184 2771/318/207
f 2803/319/208 2794/291/190 2793/305/193 2804/320/209
f 2805/321/210 2795/290/191 2794/291/190 2803/319/208
f 2806/322/211 2796/299/197 2795/290/191 2805/321/210
f 2807/323/212 2797/287/186 2796/299/197 2806/322/211
f 2808/324/213 2798/286/187 2797/287/186 2807/323/212
f 2809/325/214 2799/297/195 2798/286/187 2808/324/213
f 2810/326/215 2800/283/182 2799/297/195 2809/325/214
f 2811/327/216 2801/282/183 2800/283/182 2810/326/215
f 2804/328/209 2793/294/193 2802/295/11 2812/329/11
f 2812/330/4 2802/302/4 2801/303/4 2811/331/4
f 2782/270/1 2812/332/1 2811/327/216 2781/279/1
f 2773/271/1 2804/320/209 2812/332/1 2782/270/1
f 2781/279/1 2811/327/216 2810/326/215 2780/278/1
f 2780/278/1 2810/326/215 2809/325/214 2779/277/1
f 2779/277/1 2809/325/214 2808/324/213 2778/276/1
f 2778/276/1 2808/324/213 2807/323/212 2777/275/1
f 2777/275/1 2807/323/212 2806/322/211 2776/274/1
f 2776/274/1 2806/322/211 2805/321/210 2775/273/1
f 2775/273/1 2805/321/210 2803/319/208 2774/272/1
f 2774/272/1 2803/319/208 2804/320/209 2773/271/1
f 2824/333/1 2818/335/1 2813/334/1
f 2825/336/12 2878/353/12 2840/352/12 2830/351/12 2826/350/12 2834/349/12 2872/348/12 2833/347/12 2835/346/12 2870/345/12 2836/344/12 2868/343/12 2832/342/12 2828/341/12 2838/340/12 2829/339/12 2831/338/12 2827/337/12
f 2871/354/217 2821/357/218 2833/356/218 2872/355/217
f 2818/358/219 2814/361/13 2826/360/13 2830/359/219
f 2820/362/220 2816/365/221 2828/364/221 2832/363/220
f 2814/366/4 2822/369/222 2834/368/222 2826/367/4
f 2819/370/223 2815/373/224 2827/372/224 2831/371/223
f 2837/374/225 2817/377/226 2829/376/226 2838/375/225
f 2869/378/227 2824/381/228 2836/380/228 2870/379/227
f 2839/382/229 2818/358/219 2830/359/219 2840/383/229
f 2817/377/226 2819/370/223 2831/371/223 2829/376/226
f 2867/384/230 2820/362/220 2832/363/220 2868/385/230
f 2815/386/6 2813/389/231 2825/388/231 2827/387/6
f 2816/365/221 2837/374/225 2838/375/225 2828/364/221
f 2877/390/232 2839/382/229 2840/383/229 2878/391/232
f 2821/357/218 2823/393/233 2835/392/233 2833/356/218
f 2849/394/1 2844/396/1 2843/395/1
f 2852/397/12 2856/411/12 2857/410/12 2874/409/12 2859/408/12 2858/407/12 2860/406/12 2861/405/12 2862/404/12 2876/403/12 2864/402/12 2854/401/12 2855/400/12 2853/399/12 2866/398/12
f 2846/412/234 2857/415/234 2856/414/235 2845/413/235
f 2865/416/236 2866/419/236 2853/418/237 2842/417/237
f 2850/420/238 2861/423/238 2860/422/239 2849/421/239
f 2873/424/240 2874/425/240 2857/415/234 2846/412/234
f 2842/426/6 2853/429/6 2855/428/6 2844/427/6
f 2851/430/241 2862/431/241 2861/423/238 2850/420/238
f 2849/432/242 2860/435/242 2858/434/243 2847/433/243
f 2844/436/244 2855/439/244 2854/438/245 2843/437/245
f 2875/440/246 2876/441/246 2862/431/241 2851/430/241
f 2845/413/247 2856/414/247 2852/443/248 2841/442/248
f 2847/433/243 2858/434/243 2859/445/294 2848/444/294
f 2843/437/245 2854/438/245 2864/447/250 2863/446/250
f 2841/442/248 2852/443/248 2866/419/236 2865/416/236
f 2824/381/228 2867/384/230 2868/385/230 2836/380/228
f 2823/393/233 2869/378/227 2870/379/227 2835/392/233
f 2822/369/222 2871/354/217 2872/355/217 2834/368/222
f 2848/444/294 2859/445/294 2874/425/240 2873/424/240
f 2863/446/250 2864/447/250 2876/441/246 2875/440/246
f 2813/389/231 2877/390/232 2878/391/232 2825/388/231
f 2815/448/1 2820/449/1 2813/334/1
f 2813/334/1 2818/335/1 2877/450/1
f 2820/449/1 2867/451/1 2813/334/1
f 2877/450/1 2818/335/1 2839/452/1
f 2818/335/1 2823/454/1 2814/453/1
f 2814/453/1 2821/456/1 2822/455/1
f 2823/454/1 2821/456/1 2814/453/1
f 2822/455/1 2821/456/1 2871/457/1
f 2819/458/1 2817/459/1 2815/448/1
f 2837/460/1 2820/449/1 2817/459/1
f 2820/449/1 2815/448/1 2817/459/1
f 2820/449/1 2837/460/1 2816/461/1
f 2818/335/1 2869/462/1 2823/454/1
f 2818/335/1 2824/333/1 2869/462/1
f 2867/451/1 2824/333/1 2813/334/1
f 2865/463/1 2842/465/1 2841/464/1
f 2841/464/1 2842/465/1 2845/466/1
f 2845/466/1 2847/468/1 2846/467/1
f 2846/467/1 2847/468/1 2873/469/1
f 2873/469/1 2847/468/1 2848/470/1
f 2849/394/1 2843/395/1 2850/471/1
f 2850/471/1 2863/473/1 2851/472/1
f 2843/395/1 2863/473/1 2850/471/1
f 2847/468/1 2845/466/1 2849/394/1
f 2851/472/1 2863/473/1 2875/474/1
f 2844/396/1 2845/466/1 2842/465/1
f 2844/396/1 2849/394/1 2845/466/1
f 2882/475/1 2880/477/1 2959/476/1
f 2887/478/12 2894/487/12 2893/486/12 2891/485/12 2892/484/12 2889/483/12 2896/482/12 2890/481/12 2960/480/12 2888/479/12
f 2885/488/251 2893/491/251 2894/490/252 2886/489/252
f 2881/492/253 2889/495/253 2892/494/254 2884/493/254
f 2895/496/255 2896/497/255 2889/495/253 2881/492/253
f 2879/498/13 2887/501/13 2888/500/13 2880/499/13
f 2883/502/256 2891/503/256 2893/491/251 2885/488/251
f 2884/493/254 2892/494/254 2891/503/256 2883/502/256
f 2959/504/257 2960/507/257 2890/506/258 2882/505/258
f 2886/508/4 2894/511/4 2887/510/4 2879/509/4
f 2882/505/258 2890/506/258 2896/497/255 2895/496/255
f 2898/512/12 2905/520/12 2904/519/12 2903/518/12 2902/517/12 2901/516/12 2897/515/12 2900/514/12 2899/513/12
f 2907/521/1 2908/529/1 2909/528/1 2906/527/1 2910/526/1 2911/525/1 2912/524/1 2913/523/1 2914/522/1
f 2903/530/259 2912/533/259 2911/532/259 2902/531/259
f 2899/534/11 2908/537/11 2907/536/11 2898/535/11
f 2904/538/260 2913/541/260 2912/540/260 2903/539/260
f 2897/542/261 2906/545/261 2909/544/261 2900/543/261
f 2901/546/262 2910/549/262 2906/548/262 2897/547/262
f 2905/550/263 2914/553/263 2913/552/263 2904/551/263
f 2902/554/264 2911/557/264 2910/556/264 2901/555/264
f 2900/558/265 2909/561/265 2908/560/265 2899/559/265
f 2898/562/6 2907/565/6 2914/564/6 2905/563/6
f 2915/566/1 2924/568/1 2917/567/1
f 2931/569/12 2936/590/12 2956/589/12 2948/588/12 2935/587/12 2937/586/12 2938/585/12 2950/584/12 2954/583/12 2939/582/12 2933/581/12 2945/580/12 2944/579/12 2943/578/12 2942/577/12 2946/576/12 2941/575/12 2940/574/12 2934/573/12 2952/572/12 2958/571/12 2932/570/12
f 2922/591/266 2938/594/266 2937/593/267 2921/592/267
f 2928/595/4 2944/598/4 2945/597/4 2929/596/4
f 2949/599/268 2950/600/268 2938/594/266 2922/591/266
f 2920/601/269 2936/604/269 2931/603/270 2915/602/270
f 2925/605/271 2941/608/271 2946/607/272 2930/606/272
f 2917/609/273 2933/612/273 2939/611/274 2923/610/274
f 2915/613/275 2931/616/275 2932/615/276 2916/614/276
f 2918/617/277 2934/620/277 2940/619/278 2924/618/278
f 2951/621/279 2952/622/279 2934/620/277 2918/617/277
f 2924/623/280 2940/624/280 2941/608/271 2925/605/271
f 2929/596/281 2945/597/281 2933/612/281 2917/609/281
f 2930/606/272 2946/607/272 2942/626/282 2926/625/282
f 2921/627/283 2937/630/283 2935/629/284 2919/628/284
f 2926/625/282 2942/626/282 2943/632/285 2927/631/285
f 2955/633/286 2956/634/286 2936/604/269 2920/601/269
f 2927/635/11 2943/638/11 2944/637/11 2928/636/11
f 2919/628/284 2935/629/284 2948/640/287 2947/639/287
f 2953/641/288 2954/642/288 2950/600/268 2949/599/268
f 2957/643/289 2958/644/289 2952/622/279 2951/621/279
f 2923/610/274 2939/611/274 2954/642/288 2953/641/288
f 2947/639/287 2948/640/287 2956/634/286 2955/633/286
f 2916/614/276 2932/615/276 2958/644/289 2957/643/289
f 2880/645/290 2888/646/290 2960/507/257 2959/504/257
f 2880/477/1 2883/648/1 2879/647/1
f 2879/647/1 2885/650/1 2886/649/1
f 2883/648/1 2885/650/1 2879/647/1
f 2883/648/1 2880/477/1 2884/651/1
f 2884/651/1 2880/477/1 2881/652/1
f 2881/652/1 2880/477/1 2895/653/1
f 2895/653/1 2880/477/1 2882/475/1
f 2915/566/1 2921/655/1 2920/654/1
f 2920/654/1 2919/657/1 2955/656/1
f 2921/655/1 2919/657/1 2920/654/1
f 2955/656/1 2919/657/1 2947/658/1
f 2921/655/1 2923/660/1 2922/659/1
f 2922/659/1 2923/660/1 2949/661/1
f 2957/662/1 2951/664/1 2916/663/1
f 2916/663/1 2918/665/1 2915/566/1
f 2951/664/1 2918/665/1 2916/663/1
f 2949/661/1 2923/660/1 2953/666/1
f 2923/660/1 2921/655/1 2917/567/1
f 2917/567/1 2927/668/1 2929/667/1
f 2929/667/1 2927/668/1 2928/669/1
f 2927/668/1 2924/568/1 2926/670/1
f 2926/670/1 2924/568/1 2930/671/1
f 2915/566/1 2917/567/1 2921/655/1
f 2917/567/1 2924/568/1 2927/668/1
f 2930/671/1 2924/568/1 2925/672/1
f 2924/568/1 2915/566/1 2918/665/1
f 2672/673/1 2680/675/1 2674/674/1
f 2680/675/1 2672/673/1 2678/676/1
f 2678/676/1 2672/673/1 2682/25/1
f 2682/25/1 2675/23/1 2681/677/1
f 2681/677/1 2671/679/1 2677/678/1
f 2675/23/1 2671/679/1 2681/677/1
f 2677/678/1 2671/679/1 2679/680/1
f 2679/680/1 2671/679/1 2673/681/1
f 2676/24/1 2682/25/1 2672/673/1
