# Blender 4.3.2
# www.blender.org
mtllib Learderboard.mtl
o Cube.465
v -0.505191 -0.830224 0.005594
v -0.505191 0.830224 0.005593
v -0.505191 -0.830224 -0.005593
v -0.505191 0.830224 -0.005594
v 0.505191 -0.830224 0.005594
v 0.505191 0.830224 0.005593
v 0.505191 -0.830224 -0.005593
v 0.505191 0.830224 -0.005594
vn -1.0000 -0.0000 -0.0000
vn -0.0000 -0.0000 -1.0000
vn 1.0000 -0.0000 -0.0000
vn -0.0000 -0.0000 1.0000
vn -0.0000 -1.0000 -0.0000
vn -0.0000 1.0000 -0.0000
vt 0.594193 0.994821
vt 0.594193 0.504005
vt 0.597500 0.504005
vt 0.597500 0.994821
vt 0.597500 0.490817
vt 0.597500 0.000000
vt 0.896162 0.000000
vt 0.896162 0.490817
vt 0.587089 0.994822
vt 0.587089 0.504005
vt 0.590396 0.504005
vt 0.590396 0.994822
vt 0.597500 0.981633
vt 0.896162 0.981633
vt 0.593703 0.504005
vt 0.593703 0.802667
vt 0.590396 0.802667
vt 0.590396 0.504005
vt 0.396437 0.672769
vt 0.396437 0.971431
vt 0.393130 0.971431
vt 0.393130 0.672769
s 1
f 1/1/1 2/2/1 4/3/1 3/4/1
f 3/5/2 4/6/2 8/7/2 7/8/2
f 7/9/3 8/10/3 6/11/3 5/12/3
f 5/13/4 6/5/4 2/8/4 1/14/4
f 3/15/5 7/16/5 5/17/5 1/18/5
f 8/19/6 4/20/6 2/21/6 6/22/6
o Cube.001
v -0.363071 0.801217 -0.015095
v -0.360522 0.797158 0.007446
v -0.350663 0.793242 -0.019561
v -0.378056 0.801695 -0.011530
v -0.375890 0.798300 0.007324
v -0.391603 0.794550 -0.009820
v -0.389753 0.791702 0.005991
v -0.400081 0.781695 -0.010424
v -0.398396 0.779132 0.003802
v -0.401220 0.766576 -0.013180
v -0.399503 0.763958 0.001346
v -0.394713 0.753242 -0.017350
v -0.392778 0.750247 -0.000721
v -0.382305 0.745268 -0.021815
v -0.380023 0.741672 -0.001844
v -0.367320 0.744790 -0.025381
v -0.364655 0.740530 -0.001722
v -0.353774 0.751935 -0.027091
v -0.350792 0.747129 -0.000388
v -0.345295 0.764790 -0.026487
v -0.342149 0.759699 0.001800
v -0.344156 0.779909 -0.023731
v -0.341042 0.774872 0.004256
v -0.347766 0.788583 0.006323
v -0.345053 0.771214 0.030139
v -0.346197 0.756008 0.027910
v -0.351417 0.785248 0.029939
v -0.355606 0.768812 0.052755
v -0.356785 0.753598 0.050601
v -0.361048 0.783063 0.050564
v -0.371041 0.767390 0.071026
v -0.372151 0.752183 0.068789
v -0.375338 0.781753 0.067458
v -0.389449 0.766516 0.084938
v -0.390326 0.751321 0.082522
v -0.392745 0.780932 0.080600
v -0.409470 0.765750 0.095147
v -0.409928 0.750573 0.092514
v -0.412088 0.780195 0.090457
v -0.430243 0.764706 0.102353
v -0.430076 0.749563 0.099499
v -0.432546 0.779168 0.097551
v -0.451121 0.763030 0.107083
v -0.450084 0.747961 0.104029
v -0.453482 0.777487 0.102295
v -0.471515 0.760368 0.109711
v -0.469277 0.745462 0.106499
v -0.474340 0.774761 0.104983
v -0.490838 0.756332 0.110499
v -0.486929 0.741790 0.107219
v -0.494623 0.770516 0.105811
v -0.508482 0.750454 0.109624
v -0.502239 0.736724 0.106463
v -0.513873 0.764081 0.104853
v -0.523758 0.742221 0.107176
v -0.515132 0.729754 0.104407
v -0.530760 0.754992 0.102141
v -0.537259 0.732177 0.102924
v -0.527217 0.720722 0.100597
v -0.544942 0.744463 0.097677
v -0.549991 0.721443 0.096714
v -0.539197 0.710620 0.094751
v -0.557789 0.733632 0.091411
v -0.561792 0.710285 0.088683
v -0.550349 0.700076 0.087161
v -0.569688 0.722381 0.083313
v -0.572513 0.698837 0.078913
v -0.560502 0.689235 0.077909
v -0.580494 0.710843 0.073466
v -0.581973 0.687241 0.067463
v -0.569465 0.678247 0.067061
v -0.590026 0.699157 0.061927
v -0.589954 0.675649 0.054377
v -0.577020 0.667274 0.054674
v -0.598069 0.687475 0.048739
v -0.596207 0.664236 0.039701
v -0.582931 0.656488 0.040806
v -0.604372 0.675971 0.033947
v -0.600455 0.653199 0.023497
v -0.586939 0.646080 0.025527
v -0.608654 0.664845 0.017612
v -0.602402 0.642770 0.005865
v -0.588773 0.636262 0.008929
v -0.610617 0.654329 -0.000167
v -0.601754 0.633203 -0.013041
v -0.588165 0.627263 -0.008853
v -0.609964 0.644683 -0.019231
v -0.598253 0.624769 -0.033006
v -0.584869 0.619323 -0.027646
v -0.606433 0.636179 -0.039360
v -0.591269 0.617416 -0.054740
v -0.578459 0.612532 -0.047702
v -0.599308 0.628687 -0.061510
v -0.580139 0.612935 -0.074076
v -0.568650 0.608581 -0.064773
v -0.587710 0.624018 -0.081649
v -0.563962 0.610967 -0.091341
v -0.554218 0.606850 -0.080134
v -0.570799 0.621950 -0.099714
v -0.544770 0.610868 -0.105684
v -0.536681 0.606772 -0.093223
v -0.550806 0.621842 -0.114664
v -0.523351 0.611986 -0.117369
v -0.516869 0.607813 -0.104025
v -0.528496 0.623001 -0.126838
v -0.500356 0.613859 -0.126306
v -0.495554 0.609556 -0.112309
v -0.504454 0.624957 -0.136182
v -0.476443 0.616102 -0.132184
v -0.473543 0.611626 -0.117726
v -0.479243 0.627318 -0.142375
v -0.452293 0.618350 -0.134554
v -0.451688 0.613666 -0.119885
v -0.453418 0.629716 -0.144899
v -0.428627 0.620230 -0.132842
v -0.430877 0.615329 -0.118405
v -0.427572 0.631763 -0.143009
v -0.406287 0.621346 -0.126356
v -0.411987 0.616286 -0.112961
v -0.402513 0.633003 -0.135702
v -0.386388 0.621265 -0.114409
v -0.395773 0.616236 -0.103268
v -0.379649 0.632899 -0.121942
v -0.370309 0.619583 -0.096627
v -0.382798 0.614885 -0.088917
v -0.361037 0.630946 -0.101359
v -0.359239 0.615988 -0.073000
v -0.373609 0.611889 -0.069230
v -0.348416 0.626858 -0.074481
v -0.344038 0.641585 -0.073277
v -0.357465 0.645929 -0.101846
v -0.347278 0.656223 -0.069711
v -0.360551 0.660518 -0.097955
v -0.357269 0.666850 -0.064737
v -0.369468 0.670803 -0.090731
v -0.371334 0.670618 -0.059689
v -0.381827 0.674029 -0.082108
v -0.385703 0.666519 -0.055920
v -0.394316 0.669331 -0.074398
v -0.396527 0.655649 -0.054438
v -0.403588 0.657968 -0.069665
v -0.400905 0.640922 -0.055642
v -0.407160 0.642985 -0.069179
v -0.397664 0.626284 -0.059209
v -0.404074 0.628396 -0.073070
v -0.387673 0.615657 -0.064182
v -0.395157 0.618111 -0.080294
v -0.405291 0.619159 -0.091505
v -0.418085 0.619181 -0.099108
v -0.412390 0.629250 -0.082272
v -0.422949 0.629254 -0.088507
v -0.415169 0.643806 -0.078042
v -0.425274 0.643807 -0.084000
v -0.412883 0.658927 -0.079949
v -0.424438 0.658939 -0.086794
v -0.406145 0.670560 -0.087483
v -0.420665 0.670597 -0.096140
v -0.396760 0.675589 -0.098623
v -0.414965 0.675656 -0.109535
v -0.387242 0.672667 -0.110386
v -0.408866 0.672761 -0.123388
v -0.380143 0.662575 -0.119620
v -0.404003 0.662688 -0.133989
v -0.377363 0.648019 -0.123849
v -0.401677 0.648136 -0.138496
v -0.427993 0.646837 -0.146183
v -0.454762 0.644721 -0.148148
v -0.429779 0.661415 -0.141512
v -0.455964 0.659342 -0.143430
v -0.432450 0.671588 -0.130250
v -0.456702 0.669663 -0.132010
v -0.435291 0.674633 -0.115412
v -0.456779 0.672918 -0.116947
v -0.437540 0.669732 -0.100975
v -0.456174 0.668234 -0.102278
v -0.438596 0.658199 -0.090808
v -0.455049 0.656868 -0.091932
v -0.438175 0.643125 -0.087634
v -0.453705 0.641863 -0.088684
v -0.436389 0.628547 -0.092305
v -0.452503 0.627242 -0.093401
v -0.433718 0.618374 -0.103568
v -0.451765 0.616921 -0.104822
v -0.471319 0.615088 -0.102875
v -0.491335 0.613199 -0.097942
v -0.470368 0.625561 -0.091610
v -0.488829 0.623814 -0.087054
v -0.470944 0.640239 -0.086949
v -0.488709 0.638555 -0.082563
v -0.472893 0.655189 -0.090143
v -0.491006 0.653473 -0.085671
v -0.475693 0.666405 -0.100334
v -0.495104 0.664571 -0.095547
v -0.478593 0.670881 -0.114792
v -0.499906 0.668875 -0.109544
v -0.480817 0.667419 -0.129643
v -0.504125 0.665231 -0.123911
v -0.481768 0.656946 -0.140908
v -0.506631 0.654617 -0.134799
v -0.481192 0.642268 -0.145569
v -0.506751 0.639875 -0.139291
v -0.530927 0.637909 -0.129895
v -0.553172 0.636753 -0.117756
v -0.529990 0.652714 -0.125721
v -0.551235 0.651605 -0.114132
v -0.525939 0.663450 -0.115434
v -0.545512 0.662420 -0.104762
v -0.519857 0.667239 -0.101790
v -0.537538 0.666300 -0.092159
v -0.513375 0.663067 -0.088446
v -0.529449 0.662204 -0.079697
v -0.508229 0.652051 -0.078977
v -0.523413 0.651230 -0.070717
v -0.505799 0.637143 -0.075920
v -0.521046 0.636319 -0.067625
v -0.506735 0.622338 -0.080094
v -0.522984 0.621467 -0.071249
v -0.510787 0.611602 -0.090381
v -0.528707 0.610652 -0.080619
v -0.544177 0.610703 -0.069096
v -0.556321 0.612124 -0.056233
v -0.536531 0.621494 -0.061185
v -0.546456 0.622614 -0.050743
v -0.533328 0.636331 -0.058520
v -0.541698 0.637240 -0.049775
v -0.535426 0.651238 -0.061815
v -0.543322 0.652083 -0.053588
v -0.542263 0.662222 -0.070188
v -0.550892 0.663166 -0.061160
v -0.552008 0.666338 -0.081395
v -0.562381 0.667519 -0.070463
v -0.562048 0.662485 -0.092432
v -0.574710 0.663976 -0.079004
v -0.569695 0.651695 -0.100344
v -0.584575 0.653487 -0.084493
v -0.572898 0.636858 -0.103009
v -0.589333 0.638861 -0.085462
v -0.600422 0.643326 -0.066198
v -0.607219 0.650496 -0.045008
v -0.594311 0.657408 -0.067548
v -0.600400 0.663884 -0.048434
v -0.582614 0.667163 -0.065198
v -0.587802 0.672756 -0.048722
v -0.568464 0.669975 -0.059779
v -0.572802 0.674734 -0.045794
v -0.555653 0.665091 -0.052741
v -0.559418 0.669289 -0.040435
v -0.547615 0.653820 -0.045971
v -0.551238 0.657879 -0.034080
v -0.546501 0.639182 -0.041283
v -0.550452 0.643562 -0.028433
v -0.552612 0.625099 -0.039932
v -0.557271 0.630173 -0.025006
v -0.564309 0.615344 -0.042282
v -0.569869 0.621302 -0.024718
v -0.572837 0.628454 -0.007791
v -0.573382 0.636549 0.008204
v -0.559877 0.636456 -0.010138
v -0.560353 0.643554 0.003883
v -0.552759 0.649126 -0.015266
v -0.553177 0.655400 -0.002874
v -0.553389 0.663068 -0.021801
v -0.553777 0.668913 -0.010258
v -0.561598 0.674547 -0.027991
v -0.561992 0.680472 -0.016291
v -0.575188 0.680488 -0.032179
v -0.575621 0.686981 -0.019354
v -0.590516 0.679297 -0.033241
v -0.591012 0.686694 -0.018629
v -0.603475 0.671295 -0.030894
v -0.604041 0.679689 -0.014309
v -0.610594 0.658625 -0.025766
v -0.611217 0.667842 -0.007551
v -0.609339 0.677898 0.009447
v -0.605238 0.688551 0.025087
v -0.602327 0.688859 0.001191
v -0.598573 0.698604 0.015495
v -0.589495 0.694792 -0.004945
v -0.586163 0.703436 0.007741
v -0.574283 0.694107 -0.007315
v -0.571333 0.701753 0.003902
v -0.560767 0.686988 -0.005286
v -0.558057 0.694006 0.005008
v -0.552567 0.675342 0.000599
v -0.549892 0.682270 0.010761
v -0.551883 0.662290 0.008764
v -0.549026 0.669691 0.019621
v -0.558895 0.651329 0.017020
v -0.555691 0.659638 0.029214
v -0.571727 0.645396 0.023156
v -0.568101 0.654806 0.036968
v -0.562735 0.664595 0.049552
v -0.555853 0.674587 0.060830
v -0.550924 0.668329 0.040384
v -0.544786 0.677240 0.050439
v -0.544754 0.677476 0.029625
v -0.539229 0.685495 0.038672
v -0.545877 0.689585 0.020158
v -0.540670 0.697141 0.028683
v -0.553993 0.701411 0.014521
v -0.548723 0.709057 0.023147
v -0.566926 0.709785 0.014224
v -0.561231 0.718050 0.023549
v -0.581212 0.712465 0.019345
v -0.574843 0.721711 0.029780
v -0.593022 0.708730 0.028514
v -0.585910 0.719058 0.040171
v -0.599192 0.699584 0.039273
v -0.591467 0.710803 0.051938
v -0.582305 0.722035 0.063028
v -0.571920 0.733123 0.072491
v -0.577462 0.729414 0.050395
v -0.567892 0.739632 0.059115
v -0.567262 0.731002 0.038953
v -0.558682 0.740164 0.046771
v -0.554438 0.726376 0.031767
v -0.546757 0.734577 0.038766
v -0.542427 0.716773 0.030763
v -0.535314 0.724368 0.037244
v -0.534447 0.704767 0.036209
v -0.527418 0.712272 0.042614
v -0.532635 0.693576 0.046648
v -0.525185 0.701530 0.053436
v -0.537478 0.686197 0.059281
v -0.529214 0.695021 0.066811
v -0.547678 0.684608 0.070723
v -0.538424 0.694489 0.079156
v -0.528299 0.704063 0.086048
v -0.517506 0.713166 0.091318
v -0.520218 0.703529 0.072937
v -0.510729 0.711534 0.077574
v -0.517118 0.709160 0.058931
v -0.508701 0.716263 0.063047
v -0.519831 0.719449 0.047783
v -0.511966 0.726087 0.051631
v -0.527629 0.731638 0.042480
v -0.519649 0.738372 0.046384
v -0.538423 0.742460 0.044443
v -0.529691 0.749828 0.048711
v -0.549320 0.749017 0.053145
v -0.539402 0.757383 0.057990
v -0.557401 0.749552 0.066256
v -0.546179 0.759016 0.071734
v -0.560501 0.743920 0.080263
v -0.548207 0.754286 0.086260
v -0.534262 0.764646 0.090651
v -0.516965 0.773952 0.093430
v -0.533327 0.768595 0.075784
v -0.516932 0.777423 0.078415
v -0.528204 0.765782 0.061524
v -0.513781 0.773564 0.063832
v -0.520266 0.756960 0.051693
v -0.508356 0.763409 0.053588
v -0.511641 0.744493 0.048924
v -0.502113 0.749678 0.050427
v -0.504639 0.731722 0.053959
v -0.496722 0.736052 0.055198
v -0.501136 0.722068 0.065449
v -0.493630 0.726181 0.066621
v -0.502071 0.718119 0.080316
v -0.493663 0.722710 0.081636
v -0.507194 0.720932 0.094576
v -0.496814 0.726569 0.096219
v -0.483944 0.730788 0.096849
v -0.468226 0.734039 0.096209
v -0.482681 0.726273 0.082169
v -0.468642 0.729158 0.081598
v -0.483480 0.729455 0.067111
v -0.470415 0.732127 0.066580
v -0.486127 0.739481 0.055711
v -0.473070 0.742152 0.055180
v -0.489911 0.753665 0.051023
v -0.475895 0.756545 0.050453
v -0.493820 0.768206 0.054303
v -0.478133 0.771450 0.053664
v -0.496806 0.779209 0.064673
v -0.479184 0.782874 0.063954
v -0.498069 0.783724 0.079353
v -0.478768 0.787755 0.078566
v -0.497270 0.780542 0.094410
v -0.476995 0.784785 0.093584
v -0.456534 0.787457 0.090947
v -0.436369 0.789073 0.086381
v -0.459460 0.790269 0.076080
v -0.440687 0.791767 0.071835
v -0.461474 0.785170 0.061678
v -0.444344 0.786528 0.057811
v -0.462039 0.773525 0.051599
v -0.446359 0.774760 0.048066
v -0.461001 0.758456 0.048544
v -0.446192 0.759617 0.045212
v -0.458640 0.743999 0.053332
v -0.443889 0.745156 0.050013
v -0.455588 0.734029 0.064680
v -0.440066 0.735251 0.061184
v -0.452663 0.731217 0.079547
v -0.435747 0.732557 0.075730
v -0.450648 0.736316 0.093950
v -0.432091 0.737796 0.089754
v -0.413338 0.738730 0.083261
v -0.395142 0.739418 0.074000
v -0.418787 0.733394 0.069870
v -0.402605 0.733997 0.061655
v -0.424815 0.735995 0.055928
v -0.410716 0.736509 0.048794
v -0.429806 0.745836 0.045170
v -0.417302 0.746283 0.038865
v -0.432424 0.760281 0.040479
v -0.420598 0.760699 0.034527
v -0.431966 0.775458 0.043113
v -0.419721 0.775894 0.036943
v -0.428556 0.787301 0.052365
v -0.414906 0.787796 0.045465
v -0.423107 0.792637 0.065757
v -0.407442 0.793218 0.057810
v -0.417079 0.790036 0.079699
v -0.399331 0.790705 0.070670
v -0.383891 0.791424 0.059042
v -0.371652 0.792532 0.044614
v -0.394408 0.793810 0.048034
v -0.384576 0.794681 0.036500
v -0.404071 0.788274 0.037382
v -0.396357 0.788936 0.028396
v -0.410291 0.776297 0.029941
v -0.403840 0.776836 0.022473
v -0.411401 0.761090 0.027704
v -0.405018 0.761622 0.020319
v -0.407104 0.746727 0.031272
v -0.399576 0.747371 0.022510
v -0.398551 0.737056 0.039688
v -0.388973 0.737902 0.028459
v -0.388034 0.734670 0.050696
v -0.376049 0.735752 0.036574
v -0.378371 0.740206 0.061348
v -0.364267 0.741498 0.044678
v -0.354542 0.743705 0.023850
v -0.367852 0.737601 0.019045
v -0.382560 0.739332 0.014784
v -0.394726 0.748434 0.012209
v -0.401090 0.762468 0.012009
v -0.399946 0.777674 0.014237
v -0.391601 0.789977 0.018298
v -0.378291 0.796081 0.023102
v -0.363583 0.794350 0.027363
vn -0.1718 0.9659 0.1939
vn -0.1681 0.9738 0.1532
vn 0.3476 0.9246 0.1557
vn 0.3449 0.9298 0.1286
vn 0.7663 0.6315 0.1178
vn 0.7636 0.6449 0.0306
vn -0.6434 0.7367 0.2080
vn -0.6432 0.7577 0.1106
vn -0.9377 0.3054 0.1657
vn -0.9433 0.3297 0.0381
vn -0.9749 -0.2089 0.0772
vn -0.9805 -0.1912 -0.0461
vn -0.7448 -0.6665 -0.0334
vn -0.7448 -0.6567 -0.1181
vn -0.3101 -0.9413 -0.1338
vn -0.3072 -0.9387 -0.1563
vn 0.2063 -0.9587 -0.1957
vn 0.2085 -0.9663 -0.1507
vn 0.6616 -0.7217 -0.2038
vn 0.6647 -0.7398 -0.1045
vn 0.9404 -0.3007 -0.1588
vn 0.9459 -0.3229 -0.0313
vn 0.9779 0.1956 -0.0738
vn 0.9831 0.1764 0.0497
vn 0.9422 0.1404 0.3043
vn 0.9043 -0.3593 0.2306
vn 0.7375 0.6053 0.2997
vn 0.8317 0.1156 0.5431
vn 0.7932 -0.3851 0.4718
vn 0.6556 0.5875 0.4744
vn 0.6802 0.1023 0.7258
vn 0.6442 -0.3997 0.6521
vn 0.5397 0.5786 0.6115
vn 0.5251 0.0961 0.8456
vn 0.4967 -0.4075 0.7663
vn 0.4163 0.5750 0.7044
vn 0.3867 0.0919 0.9176
vn 0.3722 -0.4127 0.8313
vn 0.2996 0.5725 0.7632
vn 0.2684 0.0872 0.9593
vn 0.2746 -0.4176 0.8661
vn 0.1914 0.5687 0.8000
vn 0.1659 0.0803 0.9829
vn 0.2011 -0.4230 0.8835
vn 0.0867 0.5616 0.8228
vn 0.0726 0.0699 0.9949
vn 0.1480 -0.4287 0.8912
vn -0.0222 0.5487 0.8357
vn -0.0183 0.0535 0.9984
vn 0.1130 -0.4337 0.8939
vn -0.1451 0.5242 0.8391
vn -0.1129 0.0253 0.9933
vn 0.0960 -0.4346 0.8955
vn -0.2910 0.4761 0.8299
vn -0.2092 -0.0291 0.9774
vn 0.0778 -0.4468 0.8912
vn -0.4390 0.3951 0.8070
vn -0.2977 -0.1008 0.9493
vn 0.0364 -0.4842 0.8742
vn -0.5521 0.3086 0.7745
vn -0.3774 -0.1686 0.9106
vn -0.0182 -0.5305 0.8475
vn -0.6367 0.2371 0.7337
vn -0.4466 -0.2342 0.8635
vn -0.0657 -0.5757 0.8150
vn -0.7093 0.1686 0.6844
vn -0.5074 -0.2990 0.8082
vn -0.1076 -0.6205 0.7768
vn -0.7729 0.1008 0.6265
vn -0.5607 -0.3643 0.7436
vn -0.1446 -0.6655 0.7323
vn -0.8285 0.0324 0.5591
vn -0.6064 -0.4306 0.6685
vn -0.1764 -0.7113 0.6804
vn -0.8761 -0.0370 0.4807
vn -0.6433 -0.4979 0.5816
vn -0.2023 -0.7578 0.6204
vn -0.9145 -0.1075 0.3901
vn -0.6693 -0.5653 0.4822
vn -0.2206 -0.8045 0.5515
vn -0.9414 -0.1781 0.2864
vn -0.6815 -0.6310 0.3707
vn -0.2294 -0.8500 0.4742
vn -0.9540 -0.2468 0.1702
vn -0.6773 -0.6921 0.2496
vn -0.2267 -0.8924 0.3901
vn -0.9495 -0.3107 0.0439
vn -0.6550 -0.7458 0.1213
vn -0.2117 -0.9297 0.3014
vn -0.9258 -0.3672 -0.0901
vn -0.6030 -0.7967 -0.0395
vn -0.1817 -0.9637 0.1956
vn -0.8666 -0.4238 -0.2636
vn -0.4987 -0.8380 -0.2216
vn -0.1203 -0.9890 0.0855
vn -0.7464 -0.4707 -0.4704
vn -0.3716 -0.8560 -0.3594
vn -0.0477 -0.9988 0.0113
vn -0.5969 -0.4905 -0.6349
vn -0.2621 -0.8581 -0.4416
vn 0.0077 -0.9996 -0.0274
vn -0.4618 -0.4917 -0.7382
vn -0.1710 -0.8539 -0.4915
vn 0.0456 -0.9979 -0.0470
vn -0.3416 -0.4853 -0.8049
vn -0.0908 -0.8473 -0.5232
vn 0.0698 -0.9960 -0.0565
vn -0.2267 -0.4754 -0.8500
vn -0.0144 -0.8396 -0.5431
vn 0.0828 -0.9947 -0.0608
vn -0.1070 -0.4633 -0.8797
vn 0.0648 -0.8311 -0.5523
vn 0.0854 -0.9943 -0.0632
vn 0.0278 -0.4494 -0.8929
vn 0.1519 -0.8226 -0.5480
vn 0.0774 -0.9947 -0.0672
vn 0.1870 -0.4350 -0.8808
vn 0.2482 -0.8159 -0.5221
vn 0.0589 -0.9953 -0.0771
vn 0.3719 -0.4241 -0.8258
vn 0.3441 -0.8150 -0.4662
vn 0.0326 -0.9947 -0.0971
vn 0.5632 -0.4238 -0.7094
vn 0.4197 -0.8228 -0.3832
vn 0.0045 -0.9918 -0.1281
vn 0.7207 -0.4401 -0.5356
vn 0.4477 -0.8287 -0.3359
vn -0.0107 -0.9893 -0.1458
vn 0.7797 -0.4507 -0.4346
vn 0.8341 0.0536 -0.5490
vn 0.9066 0.0373 -0.4203
vn 0.7338 0.5328 -0.4216
vn 0.8040 0.5136 -0.2996
vn 0.4443 0.8765 -0.1853
vn 0.4953 0.8628 -0.1013
vn 0.0365 0.9942 0.1009
vn 0.0508 0.9906 0.1267
vn -0.3857 0.8482 0.3629
vn -0.4141 0.8512 0.3224
vn -0.7080 0.4689 0.5281
vn -0.7676 0.4766 0.4286
vn -0.8357 -0.0445 0.5474
vn -0.9089 -0.0284 0.4161
vn -0.7281 -0.5470 0.4132
vn -0.8000 -0.5251 0.2903
vn -0.4172 -0.8939 0.1642
vn -0.4702 -0.8785 0.0845
vn -0.2904 -0.9075 0.3035
vn -0.5359 -0.5680 0.6247
vn -0.1460 -0.9073 0.3943
vn -0.3109 -0.5685 0.7616
vn -0.6326 -0.0667 0.7716
vn -0.3908 -0.0699 0.9178
vn -0.5519 0.4521 0.7007
vn -0.3631 0.4477 0.8172
vn -0.3186 0.8411 0.4372
vn -0.2344 0.8384 0.4921
vn -0.0008 0.9982 0.0594
vn -0.0411 0.9984 0.0381
vn 0.3142 0.8903 -0.3296
vn 0.1626 0.8924 -0.4209
vn 0.5455 0.5526 -0.6302
vn 0.3227 0.5548 -0.7668
vn 0.6359 0.0742 -0.7682
vn 0.3988 0.0754 -0.9139
vn 0.1145 0.5461 -0.8299
vn 0.1734 0.0640 -0.9828
vn -0.0562 0.5337 -0.8438
vn -0.0162 0.0486 -0.9987
vn -0.0817 0.8804 -0.4672
vn 0.0253 0.8874 -0.4603
vn -0.0856 0.9957 0.0354
vn -0.0708 0.9969 0.0332
vn -0.0655 0.8444 0.5317
vn -0.1473 0.8400 0.5221
vn -0.0265 0.4625 0.8862
vn -0.1823 0.4530 0.8727
vn 0.0203 -0.0474 0.9987
vn -0.1664 -0.0607 0.9842
vn 0.0608 -0.5444 0.8366
vn -0.1057 -0.5578 0.8232
vn 0.0843 -0.8910 0.4461
vn -0.0168 -0.8998 0.4359
vn 0.1589 -0.8837 0.4404
vn 0.1925 -0.5323 0.8244
vn 0.2128 -0.8785 0.4277
vn 0.2988 -0.5229 0.7983
vn 0.1733 -0.0345 0.9843
vn 0.3035 -0.0236 0.9526
vn 0.1064 0.4728 0.8747
vn 0.2250 0.4824 0.8465
vn 0.0108 0.8500 0.5267
vn 0.0855 0.8560 0.5098
vn -0.0868 0.9955 0.0377
vn -0.0763 0.9964 0.0364
vn -0.1602 0.8740 -0.4587
vn -0.2168 0.8691 -0.4446
vn -0.1908 0.5219 -0.8314
vn -0.2992 0.5118 -0.8053
vn -0.1713 0.0336 -0.9846
vn -0.3027 0.0207 -0.9529
vn -0.3918 0.5037 -0.7699
vn -0.4221 0.0103 -0.9065
vn -0.4771 0.4980 -0.7241
vn -0.5403 0.0031 -0.8415
vn -0.2878 0.8634 -0.4144
vn -0.2579 0.8657 -0.4291
vn -0.0211 0.9997 0.0085
vn -0.0548 0.9981 0.0281
vn 0.2522 0.8661 0.4316
vn 0.1639 0.8618 0.4800
vn 0.4576 0.4955 0.7383
vn 0.3390 0.4905 0.8028
vn 0.5383 -0.0113 0.8427
vn 0.4218 -0.0154 0.9065
vn 0.4717 -0.5142 0.7163
vn 0.3893 -0.5166 0.7626
vn 0.2766 -0.8754 0.3965
vn 0.2510 -0.8758 0.4123
vn 0.2906 -0.8773 0.3821
vn 0.5514 -0.5179 0.6541
vn 0.2924 -0.8809 0.3722
vn 0.6303 -0.5352 0.5623
vn 0.6610 -0.0147 0.7503
vn 0.7982 -0.0387 0.6012
vn 0.5888 0.4935 0.6401
vn 0.7437 0.4725 0.4729
vn 0.3560 0.8654 0.3527
vn 0.4812 0.8507 0.2116
vn 0.0267 0.9992 -0.0305
vn 0.0884 0.9904 -0.1067
vn -0.3095 0.8619 -0.4016
vn -0.3247 0.8606 -0.3923
vn -0.5624 0.4961 -0.6615
vn -0.6486 0.5039 -0.5705
vn -0.6666 0.0023 -0.7454
vn -0.8014 0.0181 -0.5979
vn -0.7097 0.5286 -0.4658
vn -0.9060 0.0591 -0.4191
vn -0.7320 0.5568 -0.3928
vn -0.9546 0.1079 -0.2777
vn -0.3124 0.8596 -0.4044
vn -0.3244 0.8617 -0.3902
vn 0.1946 0.9312 -0.3082
vn 0.1526 0.9655 -0.2108
vn 0.6505 0.7484 -0.1291
vn 0.5932 0.8046 0.0255
vn 0.9287 0.3609 0.0854
vn 0.8713 0.4190 0.2555
vn 0.9527 -0.1242 0.2775
vn 0.9057 -0.0822 0.4158
vn 0.7175 -0.5745 0.3938
vn 0.6903 -0.5574 0.4612
vn 0.2902 -0.8685 0.4019
vn 0.2908 -0.8783 0.3796
vn 0.2857 -0.8575 0.4279
vn 0.7244 -0.5930 0.3514
vn 0.2852 -0.8449 0.4525
vn 0.7262 -0.6139 0.3096
vn 0.9696 -0.1667 0.1793
vn 0.9730 -0.2156 0.0820
vn 0.9508 0.3068 -0.0424
vn 0.9552 0.2429 -0.1689
vn 0.6714 0.6967 -0.2527
vn 0.6757 0.6354 -0.3737
vn 0.2089 0.8953 -0.3935
vn 0.2121 0.8536 -0.4759
vn -0.3082 0.8501 -0.4269
vn -0.3071 0.8393 -0.4487
vn -0.7398 0.5772 -0.3458
vn -0.7411 0.5999 -0.3015
vn -0.9730 0.1526 -0.1734
vn -0.9764 0.2025 -0.0752
vn -0.7363 0.6244 -0.2609
vn -0.9665 0.2563 0.0152
vn -0.7264 0.6495 -0.2248
vn -0.9454 0.3116 0.0958
vn -0.3127 0.8156 -0.4869
vn -0.3087 0.8276 -0.4688
vn 0.1872 0.7626 -0.6192
vn 0.2043 0.8087 -0.5516
vn 0.6380 0.5020 -0.5838
vn 0.6637 0.5696 -0.4848
vn 0.9154 0.1040 -0.3889
vn 0.9425 0.1743 -0.2852
vn 0.9426 -0.3221 -0.0878
vn 0.9634 -0.2681 -0.0077
vn 0.7138 -0.6593 0.2361
vn 0.7224 -0.6363 0.2708
vn 0.2940 -0.8178 0.4948
vn 0.2882 -0.8315 0.4750
vn 0.3018 -0.8043 0.5119
vn 0.7013 -0.6826 0.2055
vn 0.3112 -0.7911 0.5266
vn 0.6857 -0.7056 0.1790
vn 0.9131 -0.3760 -0.1578
vn 0.8764 -0.4292 -0.2184
vn 0.8770 0.0338 -0.4794
vn 0.8293 -0.0353 -0.5576
vn 0.6014 0.4347 -0.6703
vn 0.5561 0.3685 -0.7450
vn 0.1626 0.7166 -0.6782
vn 0.1319 0.6715 -0.7292
vn -0.3188 0.8035 -0.5027
vn -0.3266 0.7917 -0.5163
vn -0.7126 0.6745 -0.1932
vn -0.6956 0.6990 -0.1659
vn -0.9154 0.3667 0.1662
vn -0.8782 0.4209 0.2271
vn -0.6758 0.7232 -0.1423
vn -0.8348 0.4743 0.2796
vn -0.6534 0.7472 -0.1218
vn -0.7852 0.5272 0.3248
vn -0.3466 0.7686 -0.5377
vn -0.3359 0.7801 -0.5279
vn 0.0548 0.5832 -0.8105
vn 0.0959 0.6271 -0.7730
vn 0.4427 0.2389 -0.8643
vn 0.5031 0.3034 -0.8092
vn 0.7105 -0.1710 -0.6826
vn 0.7738 -0.1034 -0.6249
vn 0.7846 -0.5340 -0.3152
vn 0.8335 -0.4817 -0.2705
vn 0.6457 -0.7512 0.1367
vn 0.6671 -0.7284 0.1562
vn 0.3338 -0.7655 0.5500
vn 0.3219 -0.7782 0.5392
vn 0.3471 -0.7527 0.5594
vn 0.6212 -0.7744 0.1203
vn 0.3631 -0.7394 0.5669
vn 0.5948 -0.7967 0.1071
vn 0.7287 -0.5869 -0.3530
vn 0.6668 -0.6393 -0.3829
vn 0.6383 -0.2392 -0.7316
vn 0.5570 -0.3087 -0.7710
vn 0.3738 0.1739 -0.9111
vn 0.2945 0.1067 -0.9497
vn 0.0078 0.5391 -0.8422
vn -0.0471 0.4937 -0.8683
vn -0.3589 0.7572 -0.5457
vn -0.3732 0.7462 -0.5513
vn -0.6277 0.7714 -0.1041
vn -0.5969 0.7975 -0.0881
vn -0.7285 0.5807 0.3634
vn -0.6615 0.6368 0.3961
vn -0.5245 0.8488 -0.0666
vn -0.5538 0.7154 0.4261
vn -0.3921 0.9187 -0.0464
vn -0.3927 0.8017 0.4505
vn -0.2889 0.7954 -0.5328
vn -0.3578 0.7591 -0.5437
vn -0.1091 0.4607 -0.8808
vn -0.0949 0.4672 -0.8790
vn 0.1005 -0.0000 -0.9949
vn 0.1970 0.0483 -0.9792
vn 0.2839 -0.4642 -0.8390
vn 0.4392 -0.3853 -0.8116
vn 0.3904 -0.8028 -0.4506
vn 0.5611 -0.7137 -0.4192
vn 0.3891 -0.9190 0.0632
vn 0.5264 -0.8458 0.0874
vn 0.2803 -0.7819 0.5568
vn 0.3476 -0.7468 0.5670
vn 0.2133 -0.8078 0.5495
vn 0.2550 -0.9654 0.0547
vn 0.1836 -0.8151 0.5495
vn 0.1694 -0.9838 0.0584
vn 0.2278 -0.8600 -0.4566
vn 0.1095 -0.8862 -0.4502
vn 0.1394 -0.5188 -0.8434
vn 0.0202 -0.5468 -0.8370
vn 0.0127 -0.0363 -0.9993
vn -0.0745 -0.0585 -0.9955
vn -0.1185 0.4537 -0.8832
vn -0.1494 0.4443 -0.8833
vn -0.2186 0.8187 -0.5309
vn -0.1845 0.8253 -0.5338
vn -0.2606 0.9646 -0.0397
vn -0.1704 0.9844 -0.0434
vn -0.2336 0.8565 0.4602
vn -0.1110 0.8827 0.4567
vn -0.1132 0.9923 -0.0503
vn -0.0153 0.8950 0.4457
vn -0.0806 0.9951 -0.0565
vn 0.0639 0.9009 0.4294
vn -0.2036 0.8235 -0.5295
vn -0.1810 0.8254 -0.5348
vn -0.2720 0.4288 -0.8615
vn -0.2003 0.4358 -0.8775
vn -0.2670 -0.0836 -0.9601
vn -0.1659 -0.0732 -0.9834
vn -0.1895 -0.5737 -0.7968
vn -0.0866 -0.5632 -0.8218
vn -0.0603 -0.9069 -0.4169
vn 0.0163 -0.8996 -0.4364
vn 0.0854 -0.9936 0.0744
vn 0.1151 -0.9912 0.0662
vn 0.2079 -0.8133 0.5434
vn 0.1827 -0.8155 0.5491
vn 0.2593 -0.8100 0.5260
vn 0.0771 -0.9939 0.0795
vn 0.3380 -0.8057 0.4864
vn 0.0891 -0.9931 0.0765
vn -0.1262 -0.9116 -0.3911
vn -0.1844 -0.9156 -0.3574
vn -0.2952 -0.5815 -0.7581
vn -0.4080 -0.5887 -0.6978
vn -0.3835 -0.0916 -0.9190
vn -0.5195 -0.0991 -0.8487
vn -0.3674 0.4232 -0.8282
vn -0.4890 0.4180 -0.7656
vn -0.2517 0.8214 -0.5119
vn -0.3253 0.8192 -0.4724
vn -0.0681 0.9959 -0.0588
vn -0.0735 0.9959 -0.0528
vn 0.1335 0.9035 0.4073
vn 0.1978 0.9047 0.3773
vn -0.0943 0.9950 -0.0322
vn 0.2574 0.9060 0.3360
vn -0.1248 0.9921 0.0099
vn 0.3075 0.9091 0.2811
vn -0.5264 0.8067 -0.2686
vn -0.4216 0.8155 -0.3965
vn -0.7852 0.3964 -0.4756
vn -0.6343 0.4107 -0.6550
vn -0.8263 -0.1263 -0.5489
vn -0.6730 -0.1091 -0.7315
vn -0.6372 -0.6122 -0.4681
vn -0.5263 -0.5980 -0.6045
vn -0.2736 -0.9257 -0.2611
vn -0.2347 -0.9200 -0.3138
vn 0.1611 -0.9869 0.0121
vn 0.1197 -0.9912 0.0573
vn 0.5496 -0.7875 0.2789
vn 0.4404 -0.7992 0.4092
vn 0.6335 -0.7676 0.0975
vn 0.1961 -0.9786 -0.0616
vn -0.2975 -0.9323 -0.2056
vn -0.7159 -0.6326 -0.2953
vn -0.9399 -0.1546 -0.3045
vn -0.9008 0.3692 -0.2287
vn -0.6096 0.7877 -0.0887
vn -0.1534 0.9853 0.0749
vn 0.3391 0.9155 0.2166
vt 0.210364 0.329516
vt 0.214240 0.323591
vt 0.219293 0.327265
vt 0.215007 0.334435
vt 0.224592 0.330255
vt 0.220508 0.338839
vt 0.206269 0.324881
vt 0.209274 0.319680
vt 0.202124 0.321590
vt 0.204021 0.316428
vt 0.197638 0.320641
vt 0.198270 0.314793
vt 0.192822 0.321090
vt 0.192464 0.314837
vt 0.187581 0.322637
vt 0.186758 0.315442
vt 0.246755 0.343615
vt 0.247469 0.334544
vt 0.253217 0.334827
vt 0.252647 0.342897
vt 0.240405 0.344230
vt 0.241629 0.334386
vt 0.233667 0.343902
vt 0.235818 0.333766
vt 0.226823 0.342219
vt 0.230132 0.332384
vt 0.232572 0.323858
vt 0.237979 0.324938
vt 0.227175 0.322412
vt 0.234277 0.316027
vt 0.239704 0.316859
vt 0.228828 0.315082
vt 0.235477 0.308598
vt 0.241023 0.309209
vt 0.229894 0.308053
vt 0.236235 0.301406
vt 0.241888 0.301783
vt 0.230539 0.301161
vt 0.236703 0.294342
vt 0.242436 0.294501
vt 0.230928 0.294313
vt 0.236980 0.287374
vt 0.242789 0.287330
vt 0.231159 0.287493
vt 0.237072 0.280542
vt 0.242868 0.280344
vt 0.231267 0.280748
vt 0.237065 0.273934
vt 0.242836 0.273661
vt 0.231319 0.274149
vt 0.237021 0.267654
vt 0.242773 0.267457
vt 0.231352 0.267751
vt 0.237056 0.261775
vt 0.242796 0.261919
vt 0.231460 0.261537
vt 0.237519 0.256281
vt 0.243147 0.256863
vt 0.231976 0.255671
vt 0.238181 0.250870
vt 0.243781 0.251581
vt 0.232597 0.250188
vt 0.238688 0.245307
vt 0.244338 0.245908
vt 0.233014 0.244744
vt 0.239084 0.239637
vt 0.244792 0.240119
vt 0.233323 0.239181
vt 0.239436 0.233854
vt 0.245134 0.234208
vt 0.233648 0.233512
vt 0.239638 0.227949
vt 0.245381 0.228181
vt 0.233847 0.227707
vt 0.239814 0.221936
vt 0.245572 0.222062
vt 0.234019 0.221784
vt 0.239944 0.215812
vt 0.245703 0.215838
vt 0.234152 0.215747
vt 0.240020 0.209566
vt 0.245771 0.209491
vt 0.234235 0.209593
vt 0.240027 0.203179
vt 0.245766 0.202991
vt 0.234251 0.203311
vt 0.239940 0.196623
vt 0.245656 0.196295
vt 0.234183 0.196883
vt 0.239700 0.189862
vt 0.245368 0.189347
vt 0.233998 0.190277
vt 0.239178 0.182522
vt 0.244738 0.181942
vt 0.233641 0.183017
vt 0.238629 0.175581
vt 0.244208 0.175213
vt 0.233140 0.176051
vt 0.238262 0.168252
vt 0.243916 0.168031
vt 0.232639 0.168668
vt 0.237788 0.160715
vt 0.243526 0.160465
vt 0.232106 0.161157
vt 0.237303 0.152872
vt 0.242971 0.152508
vt 0.231482 0.153414
vt 0.236623 0.144840
vt 0.242416 0.144309
vt 0.230813 0.145445
vt 0.235898 0.136715
vt 0.241606 0.136103
vt 0.230174 0.137345
vt 0.235204 0.128622
vt 0.240847 0.128038
vt 0.229575 0.129206
vt 0.234588 0.120640
vt 0.240181 0.120271
vt 0.229052 0.121055
vt 0.234157 0.112724
vt 0.239744 0.112850
vt 0.228673 0.112786
vt 0.234111 0.104671
vt 0.239736 0.105651
vt 0.228565 0.104152
vt 0.234819 0.096145
vt 0.240680 0.098291
vt 0.228874 0.094786
vt 0.237322 0.086999
vt 0.243365 0.090679
vt 0.230525 0.084253
vt 0.222924 0.094383
vt 0.223145 0.082917
vt 0.217029 0.094727
vt 0.215667 0.083645
vt 0.211192 0.096021
vt 0.208679 0.085966
vt 0.205485 0.098145
vt 0.202454 0.089528
vt 0.199818 0.100825
vt 0.196965 0.093645
vt 0.194256 0.103567
vt 0.191943 0.097403
vt 0.188670 0.105443
vt 0.186758 0.099838
vt 0.252103 0.103135
vt 0.253835 0.097431
vt 0.259257 0.098875
vt 0.257850 0.104427
vt 0.246378 0.100871
vt 0.248719 0.094511
vt 0.245555 0.106941
vt 0.251416 0.108252
vt 0.245463 0.113178
vt 0.251276 0.113621
vt 0.257192 0.109048
vt 0.257038 0.113887
vt 0.189930 0.116175
vt 0.189569 0.110588
vt 0.195275 0.109486
vt 0.195662 0.115708
vt 0.200941 0.107883
vt 0.201336 0.115003
vt 0.206488 0.106320
vt 0.206905 0.114311
vt 0.212082 0.105169
vt 0.212389 0.113739
vt 0.217611 0.104422
vt 0.217829 0.113298
vt 0.223073 0.104087
vt 0.223243 0.112995
vt 0.218052 0.121791
vt 0.223546 0.121456
vt 0.218340 0.130129
vt 0.223954 0.129726
vt 0.212729 0.130415
vt 0.212545 0.122083
vt 0.207119 0.130600
vt 0.207011 0.122336
vt 0.201492 0.130707
vt 0.201422 0.122567
vt 0.195826 0.130763
vt 0.195759 0.122769
vt 0.190113 0.130818
vt 0.190038 0.122896
vt 0.252220 0.127108
vt 0.251590 0.119871
vt 0.257313 0.119719
vt 0.257922 0.126737
vt 0.246516 0.127519
vt 0.245850 0.120009
vt 0.247294 0.135553
vt 0.252987 0.135107
vt 0.248055 0.143890
vt 0.253699 0.143542
vt 0.258686 0.134692
vt 0.259422 0.143177
vt 0.190821 0.148698
vt 0.190344 0.139580
vt 0.196053 0.139442
vt 0.196528 0.148427
vt 0.201730 0.139312
vt 0.202215 0.148126
vt 0.207386 0.139110
vt 0.207910 0.147749
vt 0.213042 0.138823
vt 0.213511 0.147278
vt 0.218729 0.138437
vt 0.219178 0.146718
vt 0.224444 0.137939
vt 0.224994 0.146089
vt 0.219892 0.154832
vt 0.225672 0.154087
vt 0.220644 0.162666
vt 0.226362 0.161840
vt 0.214950 0.163564
vt 0.214159 0.155596
vt 0.209268 0.164441
vt 0.208453 0.156293
vt 0.203589 0.165198
vt 0.202881 0.156877
vt 0.197949 0.165720
vt 0.197197 0.157326
vt 0.192247 0.166109
vt 0.191498 0.157701
vt 0.254983 0.160365
vt 0.254436 0.152069
vt 0.260149 0.151803
vt 0.260705 0.160243
vt 0.249256 0.160369
vt 0.248720 0.152260
vt 0.249613 0.167997
vt 0.255350 0.168080
vt 0.249880 0.174957
vt 0.255640 0.174802
vt 0.261093 0.168046
vt 0.261463 0.174650
vt 0.193212 0.179027
vt 0.192866 0.173393
vt 0.198588 0.173109
vt 0.198992 0.178877
vt 0.204339 0.172634
vt 0.204832 0.178667
vt 0.210073 0.171884
vt 0.210680 0.178267
vt 0.215766 0.170997
vt 0.216455 0.177732
vt 0.221416 0.170107
vt 0.222131 0.177143
vt 0.227036 0.169305
vt 0.227702 0.176559
vt 0.222425 0.183643
vt 0.228048 0.183410
vt 0.222486 0.190606
vt 0.228252 0.190522
vt 0.216700 0.190536
vt 0.216720 0.183734
vt 0.210899 0.190332
vt 0.210921 0.183671
vt 0.205099 0.190068
vt 0.205055 0.183505
vt 0.199325 0.189905
vt 0.199210 0.183403
vt 0.193580 0.189926
vt 0.193359 0.183528
vt 0.256672 0.188243
vt 0.256023 0.180721
vt 0.261752 0.180247
vt 0.262362 0.187831
vt 0.251018 0.188785
vt 0.250346 0.181324
vt 0.251342 0.195940
vt 0.257018 0.195608
vt 0.251474 0.202780
vt 0.257171 0.202584
vt 0.262718 0.195367
vt 0.262882 0.202462
vt 0.193668 0.202682
vt 0.193655 0.196459
vt 0.199393 0.196491
vt 0.199409 0.202742
vt 0.205162 0.196631
vt 0.205182 0.202876
vt 0.210956 0.196829
vt 0.210982 0.203059
vt 0.216766 0.196987
vt 0.216800 0.203222
vt 0.222579 0.197057
vt 0.222623 0.203326
vt 0.228388 0.197024
vt 0.228444 0.203358
vt 0.222598 0.209458
vt 0.228422 0.209555
vt 0.222509 0.215484
vt 0.228336 0.215634
vt 0.216681 0.215308
vt 0.216771 0.209313
vt 0.210864 0.215121
vt 0.210951 0.209134
vt 0.205066 0.214950
vt 0.205149 0.208953
vt 0.199296 0.214823
vt 0.199376 0.208819
vt 0.193557 0.214727
vt 0.193635 0.208739
vt 0.257148 0.215860
vt 0.257204 0.209305
vt 0.262920 0.209276
vt 0.262866 0.215919
vt 0.251433 0.215846
vt 0.251495 0.209393
vt 0.251298 0.222178
vt 0.257009 0.222302
vt 0.251083 0.228409
vt 0.256779 0.228649
vt 0.262725 0.222451
vt 0.262489 0.228894
vt 0.193306 0.226650
vt 0.193443 0.220695
vt 0.199180 0.220800
vt 0.199042 0.226754
vt 0.204943 0.220907
vt 0.204799 0.226827
vt 0.210732 0.221050
vt 0.210571 0.226919
vt 0.216543 0.221225
vt 0.216365 0.227062
vt 0.222370 0.221414
vt 0.222192 0.227245
vt 0.228200 0.221605
vt 0.228025 0.227467
vt 0.221981 0.232957
vt 0.227814 0.233205
vt 0.221771 0.238535
vt 0.227535 0.238811
vt 0.216047 0.238389
vt 0.216139 0.232790
vt 0.210239 0.238361
vt 0.210408 0.232710
vt 0.204467 0.238412
vt 0.204661 0.232682
vt 0.198711 0.238460
vt 0.198898 0.232655
vt 0.193017 0.238398
vt 0.193161 0.232566
vt 0.256063 0.241027
vt 0.256452 0.234888
vt 0.262145 0.235226
vt 0.261681 0.241414
vt 0.250486 0.240589
vt 0.250752 0.234552
vt 0.249977 0.246487
vt 0.255618 0.247010
vt 0.249414 0.252240
vt 0.255090 0.252767
vt 0.261309 0.247423
vt 0.260874 0.253164
vt 0.192727 0.249608
vt 0.192836 0.244100
vt 0.198573 0.244101
vt 0.198493 0.249485
vt 0.204313 0.243943
vt 0.204220 0.249191
vt 0.210066 0.243795
vt 0.209937 0.248961
vt 0.215820 0.243789
vt 0.215625 0.248945
vt 0.221558 0.243947
vt 0.221286 0.249153
vt 0.227298 0.244279
vt 0.226987 0.249585
vt 0.221038 0.254614
vt 0.226494 0.255085
vt 0.220647 0.260776
vt 0.226001 0.261204
vt 0.215225 0.260314
vt 0.215434 0.254270
vt 0.209669 0.259764
vt 0.209888 0.254080
vt 0.204069 0.259216
vt 0.204244 0.254085
vt 0.198399 0.258777
vt 0.198521 0.254222
vt 0.192704 0.258523
vt 0.192782 0.254310
vt 0.254503 0.261995
vt 0.254725 0.257708
vt 0.260462 0.257943
vt 0.260229 0.262075
vt 0.248664 0.261975
vt 0.248858 0.257346
vt 0.248579 0.267237
vt 0.254384 0.267086
vt 0.248607 0.273424
vt 0.254352 0.273303
vt 0.260123 0.267099
vt 0.260073 0.273322
vt 0.191931 0.269935
vt 0.192370 0.263701
vt 0.198055 0.264257
vt 0.197602 0.270592
vt 0.203676 0.265135
vt 0.203215 0.271624
vt 0.209232 0.266064
vt 0.208796 0.272674
vt 0.214749 0.266833
vt 0.214372 0.273488
vt 0.220247 0.267374
vt 0.219965 0.274005
vt 0.225766 0.267680
vt 0.225614 0.274207
vt 0.219691 0.280741
vt 0.225471 0.280852
vt 0.219514 0.287490
vt 0.225333 0.287577
vt 0.213716 0.287098
vt 0.214085 0.280279
vt 0.208049 0.286268
vt 0.208420 0.279471
vt 0.202340 0.285132
vt 0.202782 0.278389
vt 0.196675 0.283943
vt 0.197148 0.277289
vt 0.191013 0.283149
vt 0.191482 0.276583
vt 0.254125 0.287637
vt 0.254263 0.280253
vt 0.259985 0.280349
vt 0.259823 0.287862
vt 0.248421 0.287423
vt 0.248643 0.280230
vt 0.248116 0.294813
vt 0.253775 0.295229
vt 0.247510 0.302293
vt 0.253121 0.302914
vt 0.259447 0.295651
vt 0.258760 0.303538
vt 0.189682 0.294896
vt 0.190436 0.289307
vt 0.196094 0.290239
vt 0.195354 0.295951
vt 0.201799 0.291562
vt 0.201143 0.297387
vt 0.207580 0.292825
vt 0.207059 0.298828
vt 0.213423 0.293706
vt 0.213034 0.299914
vt 0.219280 0.294151
vt 0.218953 0.300573
vt 0.225118 0.294298
vt 0.224784 0.300933
vt 0.218469 0.306641
vt 0.224240 0.307446
vt 0.217690 0.312350
vt 0.223317 0.313892
vt 0.211874 0.310429
vt 0.212540 0.305507
vt 0.205817 0.308341
vt 0.206465 0.304020
vt 0.199674 0.306580
vt 0.200403 0.302386
vt 0.193632 0.305467
vt 0.194490 0.300984
vt 0.187814 0.304713
vt 0.188765 0.299947
vt 0.250827 0.318391
vt 0.252135 0.310623
vt 0.257741 0.311391
vt 0.256434 0.319185
vt 0.245284 0.317658
vt 0.246573 0.309879
vt 0.243457 0.325694
vt 0.249165 0.326297
vt 0.254966 0.327068
vt 0.186978 0.309665
vt 0.192924 0.309848
vt 0.198999 0.310426
vt 0.205083 0.312207
vt 0.210864 0.314950
vt 0.216376 0.317889
vt 0.221785 0.320429
s 1
f 12/23/7 13/24/8 10/25/9 9/26/10
f 9/26/10 10/25/9 32/27/11 11/28/12
f 14/29/13 15/30/14 13/24/8 12/23/7
f 16/31/15 17/32/16 15/30/14 14/29/13
f 18/33/17 19/34/18 17/32/16 16/31/15
f 20/35/19 21/36/20 19/34/18 18/33/17
f 22/37/21 23/38/22 21/36/20 20/35/19
f 24/39/23 25/40/24 23/41/22 22/42/21
f 26/43/25 27/44/26 25/40/24 24/39/23
f 28/45/27 29/46/28 27/44/26 26/43/25
f 30/47/29 31/48/30 29/46/28 28/45/27
f 11/28/12 32/27/11 31/48/30 30/47/29
f 31/48/30 33/49/31 34/50/32 29/46/28
f 32/27/11 35/51/33 33/49/31 31/48/30
f 33/49/31 36/52/34 37/53/35 34/50/32
f 35/51/33 38/54/36 36/52/34 33/49/31
f 36/52/34 39/55/37 40/56/38 37/53/35
f 38/54/36 41/57/39 39/55/37 36/52/34
f 39/55/37 42/58/40 43/59/41 40/56/38
f 41/57/39 44/60/42 42/58/40 39/55/37
f 42/58/40 45/61/43 46/62/44 43/59/41
f 44/60/42 47/63/45 45/61/43 42/58/40
f 45/61/43 48/64/46 49/65/47 46/62/44
f 47/63/45 50/66/48 48/64/46 45/61/43
f 48/64/46 51/67/49 52/68/50 49/65/47
f 50/66/48 53/69/51 51/67/49 48/64/46
f 51/67/49 54/70/52 55/71/53 52/68/50
f 53/69/51 56/72/54 54/70/52 51/67/49
f 54/70/52 57/73/55 58/74/56 55/71/53
f 56/72/54 59/75/57 57/73/55 54/70/52
f 57/73/55 60/76/58 61/77/59 58/74/56
f 59/75/57 62/78/60 60/76/58 57/73/55
f 60/76/58 63/79/61 64/80/62 61/77/59
f 62/78/60 65/81/63 63/79/61 60/76/58
f 63/79/61 66/82/64 67/83/65 64/80/62
f 65/81/63 68/84/66 66/82/64 63/79/61
f 66/82/64 69/85/67 70/86/68 67/83/65
f 68/84/66 71/87/69 69/85/67 66/82/64
f 69/85/67 72/88/70 73/89/71 70/86/68
f 71/87/69 74/90/72 72/88/70 69/85/67
f 72/88/70 75/91/73 76/92/74 73/89/71
f 74/90/72 77/93/75 75/91/73 72/88/70
f 75/91/73 78/94/76 79/95/77 76/92/74
f 77/93/75 80/96/78 78/94/76 75/91/73
f 78/94/76 81/97/79 82/98/80 79/95/77
f 80/96/78 83/99/81 81/97/79 78/94/76
f 81/97/79 84/100/82 85/101/83 82/98/80
f 83/99/81 86/102/84 84/100/82 81/97/79
f 84/100/82 87/103/85 88/104/86 85/101/83
f 86/102/84 89/105/87 87/103/85 84/100/82
f 87/103/85 90/106/88 91/107/89 88/104/86
f 89/105/87 92/108/90 90/106/88 87/103/85
f 90/106/88 93/109/91 94/110/92 91/107/89
f 92/108/90 95/111/93 93/109/91 90/106/88
f 93/109/91 96/112/94 97/113/95 94/110/92
f 95/111/93 98/114/96 96/112/94 93/109/91
f 96/112/94 99/115/97 100/116/98 97/113/95
f 98/114/96 101/117/99 99/115/97 96/112/94
f 99/115/97 102/118/100 103/119/101 100/116/98
f 101/117/99 104/120/102 102/118/100 99/115/97
f 102/118/100 105/121/103 106/122/104 103/119/101
f 104/120/102 107/123/105 105/121/103 102/118/100
f 105/121/103 108/124/106 109/125/107 106/122/104
f 107/123/105 110/126/108 108/124/106 105/121/103
f 108/124/106 111/127/109 112/128/110 109/125/107
f 110/126/108 113/129/111 111/127/109 108/124/106
f 111/127/109 114/130/112 115/131/113 112/128/110
f 113/129/111 116/132/114 114/130/112 111/127/109
f 114/130/112 117/133/115 118/134/116 115/131/113
f 116/132/114 119/135/117 117/133/115 114/130/112
f 117/133/115 120/136/118 121/137/119 118/134/116
f 119/135/117 122/138/120 120/136/118 117/133/115
f 120/136/118 123/139/121 124/140/122 121/137/119
f 122/138/120 125/141/123 123/139/121 120/136/118
f 123/139/121 126/142/124 127/143/125 124/140/122
f 125/141/123 128/144/126 126/142/124 123/139/121
f 126/142/124 129/145/127 130/146/128 127/143/125
f 128/144/126 131/147/129 129/145/127 126/142/124
f 129/145/127 132/148/130 133/149/131 130/146/128
f 131/147/129 134/150/132 132/148/130 129/145/127
f 132/148/130 135/151/133 136/152/134 133/149/131
f 134/150/132 137/153/135 135/151/133 132/148/130
f 139/154/136 138/155/137 137/153/135 134/150/132
f 141/156/138 140/157/139 138/155/137 139/154/136
f 143/158/140 142/159/141 140/157/139 141/156/138
f 145/160/142 144/161/143 142/159/141 143/158/140
f 147/162/144 146/163/145 144/161/143 145/160/142
f 149/164/146 148/165/147 146/163/145 147/162/144
f 151/166/148 150/167/149 148/165/147 149/164/146
f 153/168/150 152/169/151 150/170/149 151/171/148
f 155/172/152 154/173/153 152/169/151 153/168/150
f 133/149/131 136/152/134 154/173/153 155/172/152
f 130/146/128 133/149/131 155/172/152 156/174/154
f 156/174/154 155/172/152 153/168/150 158/175/155
f 127/143/125 130/146/128 156/174/154 157/176/156
f 157/176/156 156/174/154 158/175/155 159/177/157
f 159/177/157 158/175/155 160/178/158 161/179/159
f 158/175/155 153/168/150 151/171/148 160/178/158
f 161/180/159 160/181/158 162/182/160 163/183/161
f 160/181/158 151/166/148 149/164/146 162/182/160
f 163/183/161 162/182/160 164/184/162 165/185/163
f 162/182/160 149/164/146 147/162/144 164/184/162
f 165/185/163 164/184/162 166/186/164 167/187/165
f 164/184/162 147/162/144 145/160/142 166/186/164
f 167/187/165 166/186/164 168/188/166 169/189/167
f 166/186/164 145/160/142 143/158/140 168/188/166
f 169/189/167 168/188/166 170/190/168 171/191/169
f 168/188/166 143/158/140 141/156/138 170/190/168
f 171/191/169 170/190/168 172/192/170 173/193/171
f 170/190/168 141/156/138 139/154/136 172/192/170
f 173/193/171 172/192/170 131/147/129 128/144/126
f 172/192/170 139/154/136 134/150/132 131/147/129
f 176/194/172 171/191/169 173/193/171 174/195/173
f 174/195/173 173/193/171 128/144/126 125/141/123
f 177/196/174 176/194/172 174/195/173 175/197/175
f 175/197/175 174/195/173 125/141/123 122/138/120
f 179/198/176 178/199/177 176/194/172 177/196/174
f 178/199/177 169/189/167 171/191/169 176/194/172
f 181/200/178 180/201/179 178/199/177 179/198/176
f 180/201/179 167/187/165 169/189/167 178/199/177
f 183/202/180 182/203/181 180/201/179 181/200/178
f 182/203/181 165/185/163 167/187/165 180/201/179
f 185/204/182 184/205/183 182/203/181 183/202/180
f 184/205/183 163/183/161 165/185/163 182/203/181
f 187/206/184 186/207/185 184/205/183 185/204/182
f 186/207/185 161/180/159 163/183/161 184/205/183
f 189/208/186 188/209/187 186/210/185 187/211/184
f 188/209/187 159/177/157 161/179/159 186/210/185
f 191/212/188 190/213/189 188/209/187 189/208/186
f 190/213/189 157/176/156 159/177/157 188/209/187
f 121/137/119 124/140/122 190/213/189 191/212/188
f 124/140/122 127/143/125 157/176/156 190/213/189
f 118/134/116 121/137/119 191/212/188 192/214/190
f 192/214/190 191/212/188 189/208/186 194/215/191
f 115/131/113 118/134/116 192/214/190 193/216/192
f 193/216/192 192/214/190 194/215/191 195/217/193
f 195/217/193 194/215/191 196/218/194 197/219/195
f 194/215/191 189/208/186 187/211/184 196/218/194
f 197/220/195 196/221/194 198/222/196 199/223/197
f 196/221/194 187/206/184 185/204/182 198/222/196
f 199/223/197 198/222/196 200/224/198 201/225/199
f 198/222/196 185/204/182 183/202/180 200/224/198
f 201/225/199 200/224/198 202/226/200 203/227/201
f 200/224/198 183/202/180 181/200/178 202/226/200
f 203/227/201 202/226/200 204/228/202 205/229/203
f 202/226/200 181/200/178 179/198/176 204/228/202
f 205/229/203 204/228/202 206/230/204 207/231/205
f 204/228/202 179/198/176 177/196/174 206/230/204
f 207/231/205 206/230/204 208/232/206 209/233/207
f 206/230/204 177/196/174 175/197/175 208/232/206
f 209/233/207 208/232/206 119/135/117 116/132/114
f 208/232/206 175/197/175 122/138/120 119/135/117
f 212/234/208 207/231/205 209/233/207 210/235/209
f 210/235/209 209/233/207 116/132/114 113/129/111
f 213/236/210 212/234/208 210/235/209 211/237/211
f 211/237/211 210/235/209 113/129/111 110/126/108
f 215/238/212 214/239/213 212/234/208 213/236/210
f 214/239/213 205/229/203 207/231/205 212/234/208
f 217/240/214 216/241/215 214/239/213 215/238/212
f 216/241/215 203/227/201 205/229/203 214/239/213
f 219/242/216 218/243/217 216/241/215 217/240/214
f 218/243/217 201/225/199 203/227/201 216/241/215
f 221/244/218 220/245/219 218/243/217 219/242/216
f 220/245/219 199/223/197 201/225/199 218/243/217
f 223/246/220 222/247/221 220/245/219 221/244/218
f 222/247/221 197/220/195 199/223/197 220/245/219
f 225/248/222 224/249/223 222/250/221 223/251/220
f 224/249/223 195/217/193 197/219/195 222/250/221
f 227/252/224 226/253/225 224/249/223 225/248/222
f 226/253/225 193/216/192 195/217/193 224/249/223
f 109/125/107 112/128/110 226/253/225 227/252/224
f 112/128/110 115/131/113 193/216/192 226/253/225
f 106/122/104 109/125/107 227/252/224 228/254/226
f 228/254/226 227/252/224 225/248/222 230/255/227
f 103/119/101 106/122/104 228/254/226 229/256/228
f 229/256/228 228/254/226 230/255/227 231/257/229
f 231/257/229 230/255/227 232/258/230 233/259/231
f 230/255/227 225/248/222 223/251/220 232/258/230
f 233/260/231 232/261/230 234/262/232 235/263/233
f 232/261/230 223/246/220 221/244/218 234/262/232
f 235/263/233 234/262/232 236/264/234 237/265/235
f 234/262/232 221/244/218 219/242/216 236/264/234
f 237/265/235 236/264/234 238/266/236 239/267/237
f 236/264/234 219/242/216 217/240/214 238/266/236
f 239/267/237 238/266/236 240/268/238 241/269/239
f 238/266/236 217/240/214 215/238/212 240/268/238
f 241/269/239 240/268/238 242/270/240 243/271/241
f 240/268/238 215/238/212 213/236/210 242/270/240
f 243/271/241 242/270/240 244/272/242 245/273/243
f 242/270/240 213/236/210 211/237/211 244/272/242
f 245/273/243 244/272/242 107/123/105 104/120/102
f 244/272/242 211/237/211 110/126/108 107/123/105
f 248/274/244 243/271/241 245/273/243 246/275/245
f 246/275/245 245/273/243 104/120/102 101/117/99
f 249/276/246 248/274/244 246/275/245 247/277/247
f 247/277/247 246/275/245 101/117/99 98/114/96
f 251/278/248 250/279/249 248/274/244 249/276/246
f 250/279/249 241/269/239 243/271/241 248/274/244
f 253/280/250 252/281/251 250/279/249 251/278/248
f 252/281/251 239/267/237 241/269/239 250/279/249
f 255/282/252 254/283/253 252/281/251 253/280/250
f 254/283/253 237/265/235 239/267/237 252/281/251
f 257/284/254 256/285/255 254/283/253 255/282/252
f 256/285/255 235/263/233 237/265/235 254/283/253
f 259/286/256 258/287/257 256/285/255 257/284/254
f 258/287/257 233/260/231 235/263/233 256/285/255
f 261/288/258 260/289/259 258/290/257 259/291/256
f 260/289/259 231/257/229 233/259/231 258/290/257
f 263/292/260 262/293/261 260/289/259 261/288/258
f 262/293/261 229/256/228 231/257/229 260/289/259
f 97/113/95 100/116/98 262/293/261 263/292/260
f 100/116/98 103/119/101 229/256/228 262/293/261
f 94/110/92 97/113/95 263/292/260 264/294/262
f 264/294/262 263/292/260 261/288/258 266/295/263
f 91/107/89 94/110/92 264/294/262 265/296/264
f 265/296/264 264/294/262 266/295/263 267/297/265
f 267/297/265 266/295/263 268/298/266 269/299/267
f 266/295/263 261/288/258 259/291/256 268/298/266
f 269/300/267 268/301/266 270/302/268 271/303/269
f 268/301/266 259/286/256 257/284/254 270/302/268
f 271/303/269 270/302/268 272/304/270 273/305/271
f 270/302/268 257/284/254 255/282/252 272/304/270
f 273/305/271 272/304/270 274/306/272 275/307/273
f 272/304/270 255/282/252 253/280/250 274/306/272
f 275/307/273 274/306/272 276/308/274 277/309/275
f 274/306/272 253/280/250 251/278/248 276/308/274
f 277/309/275 276/308/274 278/310/276 279/311/277
f 276/308/274 251/278/248 249/276/246 278/310/276
f 279/311/277 278/310/276 280/312/278 281/313/279
f 278/310/276 249/276/246 247/277/247 280/312/278
f 281/313/279 280/312/278 95/111/93 92/108/90
f 280/312/278 247/277/247 98/114/96 95/111/93
f 284/314/280 279/311/277 281/313/279 282/315/281
f 282/315/281 281/313/279 92/108/90 89/105/87
f 285/316/282 284/314/280 282/315/281 283/317/283
f 283/317/283 282/315/281 89/105/87 86/102/84
f 287/318/284 286/319/285 284/314/280 285/316/282
f 286/319/285 277/309/275 279/311/277 284/314/280
f 289/320/286 288/321/287 286/319/285 287/318/284
f 288/321/287 275/307/273 277/309/275 286/319/285
f 291/322/288 290/323/289 288/321/287 289/320/286
f 290/323/289 273/305/271 275/307/273 288/321/287
f 293/324/290 292/325/291 290/323/289 291/322/288
f 292/325/291 271/303/269 273/305/271 290/323/289
f 295/326/292 294/327/293 292/325/291 293/324/290
f 294/327/293 269/300/267 271/303/269 292/325/291
f 297/328/294 296/329/295 294/330/293 295/331/292
f 296/329/295 267/297/265 269/299/267 294/330/293
f 299/332/296 298/333/297 296/329/295 297/328/294
f 298/333/297 265/296/264 267/297/265 296/329/295
f 85/101/83 88/104/86 298/333/297 299/332/296
f 88/104/86 91/107/89 265/296/264 298/333/297
f 82/98/80 85/101/83 299/332/296 300/334/298
f 300/334/298 299/332/296 297/328/294 302/335/299
f 79/95/77 82/98/80 300/334/298 301/336/300
f 301/336/300 300/334/298 302/335/299 303/337/301
f 303/337/301 302/335/299 304/338/302 305/339/303
f 302/335/299 297/328/294 295/331/292 304/338/302
f 305/340/303 304/341/302 306/342/304 307/343/305
f 304/341/302 295/326/292 293/324/290 306/342/304
f 307/343/305 306/342/304 308/344/306 309/345/307
f 306/342/304 293/324/290 291/322/288 308/344/306
f 309/345/307 308/344/306 310/346/308 311/347/309
f 308/344/306 291/322/288 289/320/286 310/346/308
f 311/347/309 310/346/308 312/348/310 313/349/311
f 310/346/308 289/320/286 287/318/284 312/348/310
f 313/349/311 312/348/310 314/350/312 315/351/313
f 312/348/310 287/318/284 285/316/282 314/350/312
f 315/351/313 314/350/312 316/352/314 317/353/315
f 314/350/312 285/316/282 283/317/283 316/352/314
f 317/353/315 316/352/314 83/99/81 80/96/78
f 316/352/314 283/317/283 86/102/84 83/99/81
f 320/354/316 315/351/313 317/353/315 318/355/317
f 318/355/317 317/353/315 80/96/78 77/93/75
f 321/356/318 320/354/316 318/355/317 319/357/319
f 319/357/319 318/355/317 77/93/75 74/90/72
f 323/358/320 322/359/321 320/354/316 321/356/318
f 322/359/321 313/349/311 315/351/313 320/354/316
f 325/360/322 324/361/323 322/359/321 323/358/320
f 324/361/323 311/347/309 313/349/311 322/359/321
f 327/362/324 326/363/325 324/361/323 325/360/322
f 326/363/325 309/345/307 311/347/309 324/361/323
f 329/364/326 328/365/327 326/363/325 327/362/324
f 328/365/327 307/343/305 309/345/307 326/363/325
f 331/366/328 330/367/329 328/365/327 329/364/326
f 330/367/329 305/340/303 307/343/305 328/365/327
f 333/368/330 332/369/331 330/370/329 331/371/328
f 332/369/331 303/337/301 305/339/303 330/370/329
f 335/372/332 334/373/333 332/369/331 333/368/330
f 334/373/333 301/336/300 303/337/301 332/369/331
f 73/89/71 76/92/74 334/373/333 335/372/332
f 76/92/74 79/95/77 301/336/300 334/373/333
f 70/86/68 73/89/71 335/372/332 336/374/334
f 336/374/334 335/372/332 333/368/330 338/375/335
f 67/83/65 70/86/68 336/374/334 337/376/336
f 337/376/336 336/374/334 338/375/335 339/377/337
f 339/377/337 338/375/335 340/378/338 341/379/339
f 338/375/335 333/368/330 331/371/328 340/378/338
f 341/380/339 340/381/338 342/382/340 343/383/341
f 340/381/338 331/366/328 329/364/326 342/382/340
f 343/383/341 342/382/340 344/384/342 345/385/343
f 342/382/340 329/364/326 327/362/324 344/384/342
f 345/385/343 344/384/342 346/386/344 347/387/345
f 344/384/342 327/362/324 325/360/322 346/386/344
f 347/387/345 346/386/344 348/388/346 349/389/347
f 346/386/344 325/360/322 323/358/320 348/388/346
f 349/389/347 348/388/346 350/390/348 351/391/349
f 348/388/346 323/358/320 321/356/318 350/390/348
f 351/391/349 350/390/348 352/392/350 353/393/351
f 350/390/348 321/356/318 319/357/319 352/392/350
f 353/393/351 352/392/350 71/87/69 68/84/66
f 352/392/350 319/357/319 74/90/72 71/87/69
f 356/394/352 351/391/349 353/393/351 354/395/353
f 354/395/353 353/393/351 68/84/66 65/81/63
f 357/396/354 356/394/352 354/395/353 355/397/355
f 355/397/355 354/395/353 65/81/63 62/78/60
f 359/398/356 358/399/357 356/394/352 357/396/354
f 358/399/357 349/389/347 351/391/349 356/394/352
f 361/400/358 360/401/359 358/399/357 359/398/356
f 360/401/359 347/387/345 349/389/347 358/399/357
f 363/402/360 362/403/361 360/401/359 361/400/358
f 362/403/361 345/385/343 347/387/345 360/401/359
f 365/404/362 364/405/363 362/403/361 363/402/360
f 364/405/363 343/383/341 345/385/343 362/403/361
f 367/406/364 366/407/365 364/405/363 365/404/362
f 366/407/365 341/380/339 343/383/341 364/405/363
f 369/408/366 368/409/367 366/410/365 367/411/364
f 368/409/367 339/377/337 341/379/339 366/410/365
f 371/412/368 370/413/369 368/409/367 369/408/366
f 370/413/369 337/376/336 339/377/337 368/409/367
f 61/77/59 64/80/62 370/413/369 371/412/368
f 64/80/62 67/83/65 337/376/336 370/413/369
f 58/74/56 61/77/59 371/412/368 372/414/370
f 372/414/370 371/412/368 369/408/366 374/415/371
f 55/71/53 58/74/56 372/414/370 373/416/372
f 373/416/372 372/414/370 374/415/371 375/417/373
f 375/417/373 374/415/371 376/418/374 377/419/375
f 374/415/371 369/408/366 367/411/364 376/418/374
f 377/420/375 376/421/374 378/422/376 379/423/377
f 376/421/374 367/406/364 365/404/362 378/422/376
f 379/423/377 378/422/376 380/424/378 381/425/379
f 378/422/376 365/404/362 363/402/360 380/424/378
f 381/425/379 380/424/378 382/426/380 383/427/381
f 380/424/378 363/402/360 361/400/358 382/426/380
f 383/427/381 382/426/380 384/428/382 385/429/383
f 382/426/380 361/400/358 359/398/356 384/428/382
f 385/429/383 384/428/382 386/430/384 387/431/385
f 384/428/382 359/398/356 357/396/354 386/430/384
f 387/431/385 386/430/384 388/432/386 389/433/387
f 386/430/384 357/396/354 355/397/355 388/432/386
f 389/433/387 388/432/386 59/75/57 56/72/54
f 388/432/386 355/397/355 62/78/60 59/75/57
f 392/434/388 387/431/385 389/433/387 390/435/389
f 390/435/389 389/433/387 56/72/54 53/69/51
f 393/436/390 392/434/388 390/435/389 391/437/391
f 391/437/391 390/435/389 53/69/51 50/66/48
f 395/438/392 394/439/393 392/434/388 393/436/390
f 394/439/393 385/429/383 387/431/385 392/434/388
f 397/440/394 396/441/395 394/439/393 395/438/392
f 396/441/395 383/427/381 385/429/383 394/439/393
f 399/442/396 398/443/397 396/441/395 397/440/394
f 398/443/397 381/425/379 383/427/381 396/441/395
f 401/444/398 400/445/399 398/443/397 399/442/396
f 400/445/399 379/423/377 381/425/379 398/443/397
f 403/446/400 402/447/401 400/445/399 401/444/398
f 402/447/401 377/420/375 379/423/377 400/445/399
f 405/448/402 404/449/403 402/450/401 403/451/400
f 404/449/403 375/417/373 377/419/375 402/450/401
f 407/452/404 406/453/405 404/449/403 405/448/402
f 406/453/405 373/416/372 375/417/373 404/449/403
f 49/65/47 52/68/50 406/453/405 407/452/404
f 52/68/50 55/71/53 373/416/372 406/453/405
f 46/62/44 49/65/47 407/452/404 408/454/406
f 408/454/406 407/452/404 405/448/402 410/455/407
f 43/59/41 46/62/44 408/454/406 409/456/408
f 409/456/408 408/454/406 410/455/407 411/457/409
f 411/457/409 410/455/407 412/458/410 413/459/411
f 410/455/407 405/448/402 403/451/400 412/458/410
f 413/460/411 412/461/410 414/462/412 415/463/413
f 412/461/410 403/446/400 401/444/398 414/462/412
f 415/463/413 414/462/412 416/464/414 417/465/415
f 414/462/412 401/444/398 399/442/396 416/464/414
f 417/465/415 416/464/414 418/466/416 419/467/417
f 416/464/414 399/442/396 397/440/394 418/466/416
f 419/467/417 418/466/416 420/468/418 421/469/419
f 418/466/416 397/440/394 395/438/392 420/468/418
f 421/469/419 420/468/418 422/470/420 423/471/421
f 420/468/418 395/438/392 393/436/390 422/470/420
f 423/471/421 422/470/420 424/472/422 425/473/423
f 422/470/420 393/436/390 391/437/391 424/472/422
f 425/473/423 424/472/422 47/63/45 44/60/42
f 424/472/422 391/437/391 50/66/48 47/63/45
f 428/474/424 423/471/421 425/473/423 426/475/425
f 426/475/425 425/473/423 44/60/42 41/57/39
f 429/476/426 428/474/424 426/475/425 427/477/427
f 427/477/427 426/475/425 41/57/39 38/54/36
f 431/478/428 430/479/429 428/474/424 429/476/426
f 430/479/429 421/469/419 423/471/421 428/474/424
f 433/480/430 432/481/431 430/479/429 431/478/428
f 432/481/431 419/467/417 421/469/419 430/479/429
f 435/482/432 434/483/433 432/481/431 433/480/430
f 434/483/433 417/465/415 419/467/417 432/481/431
f 437/484/434 436/485/435 434/483/433 435/482/432
f 436/485/435 415/463/413 417/465/415 434/483/433
f 439/486/436 438/487/437 436/485/435 437/484/434
f 438/487/437 413/460/411 415/463/413 436/485/435
f 441/488/438 440/489/439 438/490/437 439/491/436
f 440/489/439 411/457/409 413/459/411 438/490/437
f 443/492/440 442/493/441 440/489/439 441/488/438
f 442/493/441 409/456/408 411/457/409 440/489/439
f 37/53/35 40/56/38 442/493/441 443/492/440
f 40/56/38 43/59/41 409/456/408 442/493/441
f 34/50/32 37/53/35 443/492/440 444/494/442
f 444/494/442 443/492/440 441/488/438 445/495/443
f 29/46/28 34/50/32 444/494/442 27/44/26
f 27/44/26 444/494/442 445/495/443 25/40/24
f 25/40/24 445/495/443 446/496/444 23/41/22
f 445/495/443 441/488/438 439/491/436 446/496/444
f 23/38/22 446/497/444 447/498/445 21/36/20
f 446/497/444 439/486/436 437/484/434 447/498/445
f 21/36/20 447/498/445 448/499/446 19/34/18
f 447/498/445 437/484/434 435/482/432 448/499/446
f 19/34/18 448/499/446 449/500/447 17/32/16
f 448/499/446 435/482/432 433/480/430 449/500/447
f 17/32/16 449/500/447 450/501/448 15/30/14
f 449/500/447 433/480/430 431/478/428 450/501/448
f 15/30/14 450/501/448 451/502/449 13/24/8
f 450/501/448 431/478/428 429/476/426 451/502/449
f 13/24/8 451/502/449 452/503/450 10/25/9
f 451/502/449 429/476/426 427/477/427 452/503/450
f 10/25/9 452/503/450 35/51/33 32/27/11
f 452/503/450 427/477/427 38/54/36 35/51/33
o Cube.002
v -0.359064 0.702828 -0.005269
v -0.361588 0.698501 0.017323
v -0.360958 0.688201 -0.009735
v -0.365047 0.716575 -0.001704
v -0.367195 0.712852 0.017621
v -0.377305 0.725758 0.000006
v -0.379141 0.722537 0.016618
v -0.392552 0.727917 -0.000598
v -0.394223 0.724960 0.014583
v -0.406703 0.722472 -0.003354
v -0.408402 0.719472 0.012062
v -0.415966 0.710884 -0.007523
v -0.417876 0.707544 0.009730
v -0.417860 0.696256 -0.011989
v -0.420109 0.692371 0.008212
v -0.411877 0.682509 -0.015555
v -0.414501 0.678020 0.007915
v -0.399620 0.673326 -0.017265
v -0.402556 0.668336 0.008918
v -0.384373 0.671168 -0.016661
v -0.387473 0.665913 0.010953
v -0.370222 0.676612 -0.013905
v -0.373295 0.671400 0.013474
v -0.363820 0.683329 0.015806
v -0.377981 0.672306 0.038911
v -0.392189 0.666824 0.036547
v -0.368138 0.684157 0.039269
v -0.384235 0.678886 0.061629
v -0.398446 0.673407 0.059278
v -0.373893 0.690220 0.060189
v -0.391766 0.690015 0.080720
v -0.405923 0.684457 0.078230
v -0.380895 0.700578 0.077937
v -0.400229 0.704186 0.095904
v -0.414250 0.698404 0.093170
v -0.388902 0.713993 0.092298
v -0.409407 0.720077 0.107495
v -0.423197 0.713900 0.104469
v -0.397756 0.729330 0.103480
v -0.419231 0.736717 0.116004
v -0.432675 0.729958 0.112676
v -0.407418 0.745698 0.111847
v -0.429719 0.753365 0.121880
v -0.442659 0.745816 0.118268
v -0.417928 0.762382 0.117736
v -0.440932 0.769373 0.125457
v -0.453134 0.760782 0.121610
v -0.429399 0.778753 0.121395
v -0.452969 0.784101 0.126964
v -0.464055 0.774167 0.122978
v -0.442033 0.794201 0.122976
v -0.465970 0.796863 0.126540
v -0.475315 0.785255 0.122613
v -0.456169 0.808053 0.122513
v -0.480320 0.807056 0.124185
v -0.487350 0.793803 0.120658
v -0.472027 0.819317 0.119898
v -0.496163 0.814810 0.119310
v -0.501073 0.800487 0.116442
v -0.489003 0.827644 0.114671
v -0.512632 0.820664 0.111768
v -0.515979 0.805776 0.109609
v -0.506114 0.833729 0.106839
v -0.529047 0.824721 0.102056
v -0.531148 0.809520 0.100630
v -0.523006 0.837906 0.096845
v -0.545227 0.827171 0.090438
v -0.546319 0.811815 0.089734
v -0.539544 0.840411 0.084971
v -0.560972 0.828125 0.077106
v -0.561220 0.812716 0.077116
v -0.555557 0.841382 0.071413
v -0.576040 0.827639 0.062221
v -0.575562 0.812253 0.062947
v -0.570828 0.840890 0.056326
v -0.590158 0.825734 0.045923
v -0.589039 0.810434 0.047391
v -0.585100 0.838964 0.039850
v -0.603016 0.822403 0.028344
v -0.601322 0.807252 0.030600
v -0.598074 0.835603 0.022112
v -0.614266 0.817618 0.009612
v -0.612061 0.802687 0.012724
v -0.609410 0.830782 0.003239
v -0.623518 0.811336 -0.010138
v -0.620874 0.796706 -0.006083
v -0.618719 0.824460 -0.016637
v -0.630324 0.803507 -0.030741
v -0.627339 0.789272 -0.025646
v -0.625561 0.816589 -0.037349
v -0.634248 0.793911 -0.053069
v -0.631291 0.779607 -0.048155
v -0.629256 0.807572 -0.058163
v -0.632520 0.788506 -0.074584
v -0.629283 0.773572 -0.072592
v -0.628004 0.803240 -0.074710
v -0.624144 0.790701 -0.095208
v -0.619522 0.776080 -0.096736
v -0.621800 0.804944 -0.089809
v -0.611602 0.798703 -0.111744
v -0.605525 0.784982 -0.115252
v -0.611623 0.811482 -0.103131
v -0.596479 0.810322 -0.124539
v -0.589288 0.797446 -0.129010
v -0.598411 0.821651 -0.114272
v -0.579378 0.824427 -0.134077
v -0.571356 0.812231 -0.139018
v -0.582863 0.834485 -0.122934
v -0.560723 0.840234 -0.140314
v -0.552036 0.828598 -0.145476
v -0.565595 0.849123 -0.128705
v -0.540935 0.857022 -0.142843
v -0.531666 0.845879 -0.148077
v -0.547196 0.864738 -0.131063
v -0.520448 0.874056 -0.140976
v -0.510622 0.863374 -0.146156
v -0.528235 0.880509 -0.129348
v -0.499785 0.890475 -0.133712
v -0.489396 0.880236 -0.138688
v -0.509317 0.895548 -0.122718
v -0.479831 0.905041 -0.119829
v -0.468890 0.895204 -0.124413
v -0.491271 0.908732 -0.110185
v -0.462160 0.915981 -0.098523
v -0.450749 0.906433 -0.102537
v -0.475369 0.918583 -0.091022
v -0.448613 0.921528 -0.070155
v -0.436888 0.912109 -0.073517
v -0.463079 0.923613 -0.065267
v -0.476409 0.917805 -0.060162
v -0.486836 0.913542 -0.082046
v -0.485032 0.905660 -0.056210
v -0.493489 0.902208 -0.073998
v -0.486638 0.890432 -0.054467
v -0.493545 0.887618 -0.069036
v -0.480796 0.876202 -0.055402
v -0.486989 0.873682 -0.068488
v -0.469071 0.866783 -0.058765
v -0.475578 0.864133 -0.072502
v -0.454606 0.864698 -0.063653
v -0.462370 0.861531 -0.080003
v -0.441275 0.870507 -0.068757
v -0.450903 0.866573 -0.088979
v -0.432652 0.882652 -0.072710
v -0.444250 0.877907 -0.097027
v -0.431046 0.897879 -0.074452
v -0.444193 0.892497 -0.101990
v -0.461380 0.881855 -0.122709
v -0.480936 0.867577 -0.136310
v -0.459313 0.868572 -0.115173
v -0.476670 0.855888 -0.127218
v -0.463242 0.858914 -0.103825
v -0.477742 0.848303 -0.113846
v -0.472116 0.855469 -0.091706
v -0.483865 0.846852 -0.099778
v -0.483556 0.859160 -0.082062
v -0.493398 0.851926 -0.088784
v -0.494497 0.868998 -0.077478
v -0.503786 0.862165 -0.083809
v -0.502007 0.882346 -0.079182
v -0.512246 0.874824 -0.086186
v -0.504074 0.895629 -0.086718
v -0.516512 0.886513 -0.095278
v -0.500144 0.905287 -0.098066
v -0.515440 0.894098 -0.108650
v -0.531897 0.881003 -0.114387
v -0.548773 0.866957 -0.115894
v -0.530452 0.875406 -0.100101
v -0.545243 0.863085 -0.101401
v -0.524287 0.865218 -0.090319
v -0.537551 0.854160 -0.091468
v -0.515055 0.853168 -0.087662
v -0.527759 0.842574 -0.088755
v -0.505229 0.842485 -0.092841
v -0.518490 0.831430 -0.093989
v -0.497442 0.836032 -0.104469
v -0.512228 0.823715 -0.105769
v -0.493780 0.835538 -0.119431
v -0.510652 0.821496 -0.120938
v -0.495225 0.841135 -0.133716
v -0.514182 0.825367 -0.135431
v -0.501390 0.851324 -0.143498
v -0.521874 0.834292 -0.145364
v -0.541864 0.817333 -0.142810
v -0.560946 0.801166 -0.136431
v -0.532930 0.809457 -0.133030
v -0.550938 0.794196 -0.127011
v -0.527630 0.807081 -0.118756
v -0.544013 0.793190 -0.113281
v -0.527383 0.810840 -0.103813
v -0.542026 0.798415 -0.098920
v -0.532255 0.819729 -0.092205
v -0.545511 0.808474 -0.087776
v -0.540941 0.831364 -0.087042
v -0.553532 0.820670 -0.082835
v -0.551114 0.842629 -0.089708
v -0.563942 0.831735 -0.085422
v -0.560047 0.850506 -0.099488
v -0.573951 0.838705 -0.094843
v -0.565348 0.852882 -0.113762
v -0.580876 0.839711 -0.108573
v -0.594568 0.828398 -0.100960
v -0.605581 0.819895 -0.091720
v -0.585979 0.828753 -0.088170
v -0.595096 0.821688 -0.080569
v -0.574945 0.822623 -0.079328
v -0.582977 0.816381 -0.072667
v -0.564423 0.811650 -0.076805
v -0.572471 0.805395 -0.070129
v -0.557232 0.798774 -0.081276
v -0.566394 0.791674 -0.073637
v -0.555299 0.787445 -0.091543
v -0.566373 0.778895 -0.082250
v -0.559142 0.780699 -0.104855
v -0.572415 0.770482 -0.093661
v -0.567732 0.780343 -0.117646
v -0.582900 0.768689 -0.104812
v -0.578766 0.786473 -0.126487
v -0.595019 0.773996 -0.112715
v -0.609174 0.764996 -0.093985
v -0.619160 0.762438 -0.069267
v -0.595871 0.760422 -0.087692
v -0.604864 0.758088 -0.065501
v -0.583179 0.763582 -0.079542
v -0.590225 0.761687 -0.062301
v -0.574498 0.773629 -0.071720
v -0.579166 0.772272 -0.060527
v -0.572154 0.787871 -0.066321
v -0.574649 0.787006 -0.060652
v -0.576776 0.802493 -0.064793
v -0.577886 0.801940 -0.062644
v -0.587124 0.813576 -0.067544
v -0.588009 0.813075 -0.065969
v -0.600427 0.818151 -0.073837
v -0.602305 0.817425 -0.069735
v -0.613119 0.814991 -0.081987
v -0.616944 0.813825 -0.072935
v -0.617652 0.816930 -0.062072
v -0.614327 0.825013 -0.043699
v -0.602546 0.819477 -0.063748
v -0.599632 0.826522 -0.048090
v -0.587985 0.814531 -0.062743
v -0.585414 0.820712 -0.049344
v -0.577871 0.803417 -0.059326
v -0.575482 0.809139 -0.047127
v -0.574914 0.789113 -0.054411
v -0.572497 0.794905 -0.042031
v -0.579906 0.775452 -0.049317
v -0.577260 0.781823 -0.035423
v -0.591510 0.766094 -0.045409
v -0.588494 0.773399 -0.029073
v -0.606616 0.763547 -0.043732
v -0.603189 0.771889 -0.024682
v -0.621177 0.768493 -0.044737
v -0.617407 0.777699 -0.023428
v -0.611495 0.784488 -0.005558
v -0.603385 0.789989 0.011740
v -0.597896 0.777958 -0.008704
v -0.590562 0.782926 0.006925
v -0.583719 0.778864 -0.014679
v -0.577029 0.783391 -0.000432
v -0.572764 0.786964 -0.021880
v -0.566411 0.791260 -0.008360
v -0.567965 0.800088 -0.028379
v -0.561555 0.804424 -0.014733
v -0.570610 0.814718 -0.032435
v -0.563760 0.819355 -0.017845
v -0.579988 0.826936 -0.032960
v -0.572436 0.832053 -0.016862
v -0.593587 0.833466 -0.029813
v -0.585259 0.839116 -0.012046
v -0.607764 0.832560 -0.023839
v -0.598792 0.838651 -0.004689
v -0.587821 0.843315 0.013575
v -0.575221 0.846579 0.030800
v -0.575005 0.843474 0.005018
v -0.563168 0.846539 0.021198
v -0.563059 0.836036 -0.001264
v -0.552170 0.838855 0.013616
v -0.555184 0.822994 -0.003588
v -0.545174 0.825585 0.010086
v -0.553491 0.807844 -0.001332
v -0.544055 0.810285 0.011554
v -0.558433 0.794644 0.004899
v -0.549112 0.797055 0.017627
v -0.568685 0.786931 0.013437
v -0.558992 0.789440 0.026677
v -0.581502 0.786773 0.021993
v -0.571045 0.789479 0.036280
v -0.593448 0.794211 0.028275
v -0.582043 0.797164 0.043861
v -0.569523 0.798854 0.058312
v -0.556234 0.799284 0.071439
v -0.559540 0.791033 0.049556
v -0.547351 0.791429 0.061596
v -0.548289 0.790885 0.039027
v -0.536951 0.791255 0.050225
v -0.538783 0.798450 0.029544
v -0.527820 0.798808 0.040373
v -0.533572 0.811701 0.023650
v -0.522405 0.812065 0.034680
v -0.534050 0.827087 0.022923
v -0.522156 0.827474 0.034670
v -0.540089 0.840486 0.027558
v -0.527142 0.840906 0.040348
v -0.550072 0.848307 0.036314
v -0.536025 0.848761 0.050190
v -0.561323 0.848455 0.046844
v -0.546426 0.848935 0.061561
v -0.530791 0.847988 0.074799
v -0.514645 0.845543 0.086393
v -0.521314 0.847872 0.062647
v -0.506204 0.845587 0.073500
v -0.513653 0.840093 0.051771
v -0.499944 0.838024 0.061620
v -0.509860 0.826736 0.045086
v -0.497543 0.824882 0.053938
v -0.510951 0.811380 0.044382
v -0.499644 0.809682 0.052511
v -0.516635 0.798139 0.049849
v -0.505685 0.796497 0.057722
v -0.525387 0.790562 0.060021
v -0.514046 0.788859 0.068175
v -0.534864 0.790679 0.072173
v -0.522487 0.788816 0.081068
v -0.542526 0.798458 0.083049
v -0.528747 0.796378 0.092947
v -0.515256 0.793056 0.100939
v -0.502418 0.788512 0.106835
v -0.510658 0.785911 0.088082
v -0.499838 0.782094 0.093064
v -0.503417 0.786256 0.074483
v -0.494023 0.782954 0.078818
v -0.495473 0.793998 0.063786
v -0.486533 0.790860 0.067914
v -0.488954 0.807063 0.058856
v -0.479374 0.803694 0.063275
v -0.485608 0.821950 0.061015
v -0.474464 0.818017 0.066143
v -0.486330 0.834671 0.069685
v -0.473119 0.829992 0.075750
v -0.490928 0.841816 0.082542
v -0.475699 0.836409 0.089521
v -0.498169 0.841471 0.096141
v -0.481513 0.835550 0.103767
v -0.464694 0.827303 0.108946
v -0.448540 0.815829 0.111611
v -0.460284 0.828872 0.094263
v -0.445127 0.818105 0.096757
v -0.459981 0.823604 0.079783
v -0.446843 0.814272 0.081929
v -0.463865 0.812912 0.069387
v -0.453230 0.805358 0.071102
v -0.470895 0.799659 0.065860
v -0.462575 0.793750 0.067175
v -0.479187 0.787398 0.070147
v -0.472376 0.782560 0.071202
v -0.486521 0.779412 0.081099
v -0.480005 0.774785 0.082103
v -0.490930 0.777843 0.095782
v -0.483419 0.772508 0.096958
v -0.491233 0.783111 0.110261
v -0.481702 0.776341 0.111786
v -0.472322 0.767059 0.112086
v -0.462737 0.755284 0.110883
v -0.475554 0.764683 0.097206
v -0.467166 0.754350 0.096152
v -0.472885 0.767676 0.082326
v -0.465235 0.758231 0.081364
v -0.465031 0.775235 0.071432
v -0.457462 0.765888 0.070480
v -0.454096 0.785335 0.067444
v -0.445929 0.775267 0.066418
v -0.443010 0.795269 0.071430
v -0.433726 0.783858 0.070266
v -0.434743 0.802377 0.082322
v -0.424124 0.789356 0.080992
v -0.431511 0.804753 0.097202
v -0.419695 0.790290 0.095723
v -0.434179 0.801760 0.112082
v -0.421626 0.786409 0.110512
v -0.410447 0.770450 0.106946
v -0.400400 0.754495 0.101318
v -0.409279 0.775407 0.092401
v -0.400059 0.760751 0.087238
v -0.414739 0.775926 0.077999
v -0.406486 0.762789 0.073380
v -0.425362 0.771867 0.067598
v -0.417958 0.760064 0.063458
v -0.438302 0.764318 0.063986
v -0.431402 0.753305 0.060129
v -0.450093 0.755301 0.068131
v -0.443215 0.744324 0.064286
v -0.457574 0.747233 0.078921
v -0.450232 0.735527 0.074815
v -0.458742 0.742276 0.093466
v -0.450573 0.729271 0.088895
v -0.453282 0.741757 0.107868
v -0.444147 0.727233 0.102753
v -0.435432 0.712454 0.095211
v -0.427208 0.698197 0.084830
v -0.442833 0.716126 0.082202
v -0.435630 0.703619 0.073118
v -0.443417 0.723934 0.068928
v -0.437259 0.713219 0.061173
v -0.437027 0.733784 0.058946
v -0.431660 0.724423 0.052195
v -0.425376 0.743037 0.054930
v -0.420332 0.734230 0.048590
v -0.411586 0.749214 0.057957
v -0.406311 0.740012 0.051323
v -0.399351 0.750660 0.067215
v -0.393354 0.740219 0.059663
v -0.391951 0.746988 0.080224
v -0.384932 0.734797 0.071375
v -0.391367 0.739180 0.093498
v -0.383302 0.725198 0.083320
v -0.376222 0.713315 0.070628
v -0.370191 0.704373 0.055343
v -0.379000 0.724814 0.060751
v -0.374122 0.717553 0.048390
v -0.388483 0.731993 0.050952
v -0.384631 0.726227 0.041194
v -0.402132 0.732929 0.043858
v -0.398903 0.728073 0.035681
v -0.416288 0.727371 0.041368
v -0.413114 0.722595 0.033330
v -0.427159 0.716808 0.044150
v -0.423456 0.711261 0.034771
v -0.431832 0.704071 0.051459
v -0.427158 0.697108 0.039616
v -0.429055 0.692572 0.061337
v -0.423228 0.683928 0.046569
v -0.419571 0.685393 0.071135
v -0.412718 0.675253 0.053766
v -0.406954 0.669181 0.032813
v -0.418319 0.678745 0.028707
v -0.423239 0.692954 0.025331
v -0.420397 0.708000 0.023589
v -0.410553 0.719851 0.023948
v -0.396345 0.725333 0.026311
v -0.381581 0.722976 0.030046
v -0.370215 0.713412 0.034151
v -0.365295 0.699203 0.037527
vn 0.7981 0.5689 0.1985
vn 0.8052 0.5700 0.1636
vn 0.9847 0.0843 0.1522
vn 0.9879 0.0888 0.1275
vn 0.9021 -0.4195 0.1012
vn 0.9115 -0.4106 0.0238
vn 0.3891 0.8954 0.2166
vn 0.4049 0.9048 0.1318
vn -0.1265 0.9762 0.1759
vn -0.1100 0.9919 0.0642
vn -0.6070 0.7899 0.0866
vn -0.5950 0.8034 -0.0220
vn -0.9216 0.3873 -0.0270
vn -0.9137 0.3932 -0.1024
vn -0.9837 -0.1212 -0.1327
vn -0.9806 -0.1216 -0.1538
vn -0.7790 -0.5941 -0.2006
vn -0.7838 -0.5994 -0.1624
vn -0.3696 -0.9043 -0.2138
vn -0.3821 -0.9153 -0.1273
vn 0.1318 -0.9764 -0.1711
vn 0.1168 -0.9914 -0.0591
vn 0.5977 -0.7972 -0.0847
vn 0.5847 -0.8109 0.0242
vn 0.5424 -0.8017 0.2513
vn 0.0743 -0.9821 0.1731
vn 0.8712 -0.4135 0.2646
vn 0.4815 -0.7371 0.4742
vn 0.0132 -0.9179 0.3965
vn 0.8260 -0.3651 0.4294
vn 0.4099 -0.6302 0.6595
vn -0.0575 -0.8144 0.5774
vn 0.7714 -0.2820 0.5705
vn 0.3371 -0.5066 0.7935
vn -0.1271 -0.6990 0.7038
vn 0.7136 -0.1819 0.6765
vn 0.2690 -0.3865 0.8822
vn -0.1889 -0.5926 0.7830
vn 0.6563 -0.0790 0.7504
vn 0.2064 -0.2783 0.9381
vn -0.2411 -0.5042 0.8293
vn 0.5991 0.0208 0.8004
vn 0.1474 -0.1822 0.9721
vn -0.2841 -0.4350 0.8544
vn 0.5393 0.1183 0.8338
vn 0.0887 -0.0955 0.9915
vn -0.3189 -0.3834 0.8668
vn 0.4716 0.2171 0.8547
vn 0.0253 -0.0145 0.9996
vn -0.3457 -0.3477 0.8716
vn 0.3876 0.3217 0.8639
vn -0.0495 0.0629 0.9968
vn -0.3625 -0.3261 0.8731
vn 0.2745 0.4335 0.8583
vn -0.1526 0.1352 0.9790
vn -0.3887 -0.3069 0.8688
vn 0.1229 0.5394 0.8330
vn -0.2782 0.1936 0.9408
vn -0.4444 -0.2835 0.8498
vn -0.0393 0.6179 0.7853
vn -0.3948 0.2340 0.8885
vn -0.5088 -0.2621 0.8200
vn -0.1774 0.6672 0.7235
vn -0.4920 0.2573 0.8317
vn -0.5643 -0.2497 0.7869
vn -0.2903 0.6954 0.6574
vn -0.5745 0.2693 0.7730
vn -0.6129 -0.2432 0.7518
vn -0.3846 0.7097 0.5902
vn -0.6469 0.2733 0.7119
vn -0.6572 -0.2410 0.7142
vn -0.4660 0.7146 0.5217
vn -0.7127 0.2710 0.6470
vn -0.6987 -0.2426 0.6730
vn -0.5386 0.7122 0.4502
vn -0.7739 0.2626 0.5763
vn -0.7386 -0.2480 0.6269
vn -0.6050 0.7031 0.3737
vn -0.8315 0.2475 0.4973
vn -0.7772 -0.2578 0.5740
vn -0.6666 0.6869 0.2896
vn -0.8852 0.2246 0.4075
vn -0.8140 -0.2731 0.5126
vn -0.7232 0.6625 0.1953
vn -0.9329 0.1920 0.3047
vn -0.8475 -0.2954 0.4410
vn -0.7731 0.6281 0.0886
vn -0.9716 0.1458 0.1863
vn -0.8756 -0.3282 0.3543
vn -0.8127 0.5818 -0.0311
vn -0.9977 0.0647 0.0211
vn -0.8959 -0.4079 0.1757
vn -0.8400 0.5234 -0.1427
vn -0.9725 -0.0012 -0.2331
vn -0.8574 -0.4864 -0.1683
vn -0.8400 0.4867 -0.2398
vn -0.8741 0.0241 -0.4852
vn -0.7179 -0.4546 -0.5273
vn -0.8058 0.5012 -0.3154
vn -0.7582 0.1027 -0.6439
vn -0.5555 -0.3508 -0.7539
vn -0.7644 0.5324 -0.3636
vn -0.6567 0.1846 -0.7312
vn -0.4171 -0.2428 -0.8758
vn -0.7251 0.5654 -0.3931
vn -0.5658 0.2617 -0.7819
vn -0.2985 -0.1438 -0.9435
vn -0.6852 0.5996 -0.4136
vn -0.4746 0.3397 -0.8121
vn -0.1854 -0.0471 -0.9815
vn -0.6398 0.6382 -0.4282
vn -0.3725 0.4259 -0.8245
vn -0.0646 0.0559 -0.9963
vn -0.5836 0.6852 -0.4357
vn -0.2496 0.5269 -0.8125
vn 0.0757 0.1730 -0.9820
vn -0.5110 0.7443 -0.4301
vn -0.0994 0.6443 -0.7583
vn 0.2430 0.3060 -0.9205
vn -0.4176 0.8165 -0.3987
vn 0.0713 0.7670 -0.6377
vn 0.4303 0.4426 -0.7867
vn -0.3077 0.8948 -0.3236
vn 0.2337 0.8667 -0.4407
vn 0.6072 0.5519 -0.5715
vn -0.2015 0.9597 -0.1960
vn 0.3040 0.8971 -0.3206
vn 0.6794 0.5877 -0.4394
vn -0.1533 0.9811 -0.1185
vn -0.5877 0.8026 0.1019
vn -0.5785 0.8070 0.1183
vn -0.8213 0.4291 0.3760
vn -0.8521 0.4100 0.3254
vn -0.8323 -0.0664 0.5503
vn -0.8911 -0.1019 0.4423
vn -0.6102 -0.5477 0.5724
vn -0.6841 -0.5842 0.4367
vn -0.2156 -0.8753 0.4329
vn -0.2887 -0.9053 0.3115
vn 0.2367 -0.9561 0.1730
vn 0.1877 -0.9771 0.1000
vn 0.6191 -0.7743 -0.1312
vn 0.6118 -0.7785 -0.1400
vn 0.8318 -0.3881 -0.3967
vn 0.8646 -0.3697 -0.3403
vn 0.8256 0.0956 -0.5561
vn 0.8848 0.1293 -0.4477
vn 0.6790 0.0042 -0.7341
vn 0.7533 -0.4376 -0.4910
vn 0.5226 -0.1117 -0.8452
vn 0.6676 -0.5023 -0.5495
vn 0.6301 -0.7678 -0.1156
vn 0.6381 -0.7627 -0.1057
vn 0.3368 -0.8938 0.2962
vn 0.4377 -0.8187 0.3716
vn -0.0515 -0.7736 0.6315
vn 0.1169 -0.6494 0.7514
vn -0.4281 -0.4363 0.7914
vn -0.2382 -0.2994 0.9239
vn -0.6851 0.0225 0.7281
vn -0.5280 0.1328 0.8388
vn -0.7497 0.4719 0.4639
vn -0.6703 0.5265 0.5229
vn -0.6090 0.7893 0.0780
vn -0.6279 0.7753 0.0688
vn -0.5948 0.5835 0.5530
vn -0.6387 0.7664 0.0686
vn -0.5258 0.6386 0.5619
vn -0.6410 0.7642 0.0710
vn -0.2663 0.3388 0.9024
vn -0.3872 0.2410 0.8900
vn 0.0672 -0.0547 0.9962
vn -0.0719 -0.1689 0.9830
vn 0.3818 -0.4334 0.8164
vn 0.2625 -0.5328 0.8045
vn 0.5909 -0.6925 0.4139
vn 0.5234 -0.7494 0.4056
vn 0.6393 -0.7626 -0.0983
vn 0.6414 -0.7606 -0.1007
vn 0.5174 -0.6283 -0.5810
vn 0.5883 -0.5676 -0.5760
vn 0.2600 -0.3287 -0.9079
vn 0.3813 -0.2261 -0.8964
vn 0.1520 -0.4215 -0.8940
vn 0.4504 -0.6859 -0.5715
vn 0.0466 -0.5112 -0.8582
vn 0.3803 -0.7452 -0.5478
vn 0.6311 -0.7698 -0.0961
vn 0.6151 -0.7832 -0.0910
vn 0.6437 -0.6475 0.4079
vn 0.6864 -0.6119 0.3930
vn 0.4817 -0.3490 0.8038
vn 0.5716 -0.2741 0.7733
vn 0.1873 0.0458 0.9812
vn 0.2998 0.1395 0.9437
vn -0.1587 0.4282 0.8896
vn -0.0544 0.5153 0.8553
vn -0.4604 0.6928 0.5551
vn -0.3927 0.7496 0.5328
vn -0.6357 0.7686 0.0716
vn -0.6230 0.7794 0.0672
vn -0.3154 0.8134 0.4887
vn -0.6014 0.7972 0.0530
vn -0.2210 0.8866 0.4063
vn -0.5689 0.8222 0.0198
vn 0.1866 0.7050 0.6843
vn 0.0577 0.6067 0.7928
vn 0.5465 0.3312 0.7692
vn 0.4164 0.2335 0.8787
vn 0.7576 -0.1332 0.6390
vn 0.6608 -0.2032 0.7225
vn 0.7551 -0.5618 0.3379
vn 0.7228 -0.5834 0.3703
vn 0.5445 -0.8375 -0.0466
vn 0.5882 -0.8049 -0.0782
vn 0.1907 -0.8905 -0.4130
vn 0.2977 -0.8119 -0.5022
vn -0.2101 -0.7123 -0.6697
vn -0.0692 -0.6061 -0.7924
vn -0.3800 -0.8158 -0.4360
vn 0.0554 -0.9705 -0.2345
vn -0.5262 -0.8482 -0.0612
vn -0.0614 -0.9962 0.0622
vn 0.4803 -0.8766 0.0289
vn 0.4212 -0.8907 0.1710
vn 0.7821 -0.5505 0.2921
vn 0.7980 -0.5545 0.2360
vn 0.8653 -0.0719 0.4961
vn 0.9691 -0.0720 0.2358
vn 0.6837 0.4219 0.5955
vn 0.8807 0.4409 0.1732
vn 0.3243 0.7941 0.5141
vn 0.5115 0.8578 0.0511
vn -0.1083 0.9603 0.2570
vn -0.0002 0.9962 -0.0869
vn -0.5253 0.8494 -0.0507
vn -0.4879 0.8525 -0.1877
vn 0.0543 0.9273 -0.3703
vn -0.4564 0.8440 -0.2817
vn 0.0507 0.9177 -0.3939
vn -0.4394 0.8648 -0.2430
vn 0.5277 0.7253 -0.4421
vn 0.5441 0.7503 -0.3755
vn 0.8648 0.3387 -0.3708
vn 0.8883 0.3830 -0.2534
vn 0.9704 -0.1410 -0.1961
vn 0.9947 -0.0948 -0.0392
vn 0.8102 -0.5853 0.0330
vn 0.8164 -0.5563 0.1546
vn 0.4256 -0.8699 0.2494
vn 0.4168 -0.8646 0.2807
vn -0.0735 -0.9164 0.3934
vn -0.0874 -0.9416 0.3251
vn -0.5488 -0.7167 0.4303
vn -0.5647 -0.7742 0.2859
vn -0.5373 -0.7062 0.4610
vn -0.0819 -0.9303 0.3576
vn -0.5267 -0.7001 0.4822
vn -0.0973 -0.9416 0.3223
vn 0.3976 -0.9041 0.1567
vn 0.3602 -0.9299 0.0745
vn 0.7704 -0.6315 -0.0877
vn 0.7210 -0.6651 -0.1944
vn 0.9330 -0.1859 -0.3082
vn 0.8853 -0.2186 -0.4104
vn 0.8407 0.3097 -0.4442
vn 0.8083 0.2868 -0.5142
vn 0.5209 0.7195 -0.4593
vn 0.5128 0.7128 -0.4785
vn 0.0629 0.9341 -0.3515
vn 0.0809 0.9457 -0.3149
vn -0.4098 0.8996 -0.1510
vn -0.3707 0.9262 -0.0685
vn 0.1021 0.9543 -0.2809
vn -0.3258 0.9454 0.0054
vn 0.1262 0.9603 -0.2488
vn -0.2764 0.9583 0.0724
vn 0.4966 0.7061 -0.5048
vn 0.5044 0.7085 -0.4935
vn 0.7347 0.2610 -0.6261
vn 0.7725 0.2710 -0.5743
vn 0.7746 -0.2563 -0.5782
vn 0.8319 -0.2414 -0.4996
vn 0.6038 -0.7046 -0.3728
vn 0.6649 -0.6889 -0.2887
vn 0.2687 -0.9610 -0.0660
vn 0.3169 -0.9485 0.0008
vn -0.1384 -0.9562 0.2578
vn -0.1161 -0.9502 0.2893
vn -0.5068 -0.6942 0.5111
vn -0.5163 -0.6963 0.4986
vn -0.4988 -0.6933 0.5202
vn -0.1644 -0.9598 0.2273
vn -0.4925 -0.6929 0.5266
vn -0.1951 -0.9608 0.1971
vn 0.2156 -0.9681 -0.1280
vn 0.1562 -0.9699 -0.1869
vn 0.5378 -0.7133 -0.4494
vn 0.4657 -0.7154 -0.5209
vn 0.7138 -0.2643 -0.6486
vn 0.6485 -0.2661 -0.7132
vn 0.6956 0.2557 -0.6713
vn 0.6549 0.2547 -0.7115
vn 0.4898 0.7051 -0.5128
vn 0.4846 0.7050 -0.5177
vn 0.1537 0.9639 -0.2175
vn 0.1854 0.9649 -0.1861
vn -0.2222 0.9657 0.1345
vn -0.1621 0.9676 0.1938
vn 0.2231 0.9626 -0.1537
vn -0.0934 0.9632 0.2520
vn 0.2694 0.9556 -0.1197
vn -0.0123 0.9506 0.3102
vn 0.4808 0.7064 -0.5194
vn 0.4814 0.7056 -0.5199
vn 0.5644 0.2663 -0.7813
vn 0.6117 0.2580 -0.7479
vn 0.4958 -0.2479 -0.8323
vn 0.5769 -0.2611 -0.7740
vn 0.2919 -0.6956 -0.6564
vn 0.3851 -0.7102 -0.5894
vn 0.0080 -0.9534 -0.3015
vn 0.0882 -0.9657 -0.2443
vn -0.2774 -0.9513 0.1346
vn -0.2320 -0.9584 0.1663
vn -0.4866 -0.6924 0.5328
vn -0.4883 -0.6928 0.5306
vn -0.4878 -0.6910 0.5335
vn -0.3347 -0.9368 0.1023
vn -0.4919 -0.6884 0.5330
vn -0.4059 -0.9111 0.0716
vn -0.0893 -0.9293 -0.3583
vn -0.2088 -0.8872 -0.4115
vn 0.1809 -0.6676 -0.7222
vn 0.0449 -0.6191 -0.7840
vn 0.4010 -0.2230 -0.8885
vn 0.2861 -0.1800 -0.9412
vn 0.5113 0.2812 -0.8121
vn 0.4496 0.3063 -0.8391
vn 0.4838 0.7067 -0.5162
vn 0.4920 0.7055 -0.5101
vn 0.3279 0.9410 -0.0839
vn 0.4037 0.9137 -0.0475
vn 0.0863 0.9255 0.3688
vn 0.2095 0.8806 0.4250
vn 0.5142 0.8575 -0.0145
vn 0.3662 0.8026 0.4708
vn 0.6416 0.7670 0.0052
vn 0.5264 0.6901 0.4966
vn 0.5888 0.6431 -0.4896
vn 0.5274 0.6882 -0.4982
vn 0.3788 0.3484 -0.8574
vn 0.4002 0.3352 -0.8529
vn 0.0642 -0.0410 -0.9971
vn 0.1645 -0.1113 -0.9801
vn -0.2706 -0.4209 -0.8658
vn -0.1168 -0.5318 -0.8388
vn -0.5318 -0.6869 -0.4953
vn -0.3662 -0.8068 -0.4637
vn -0.6453 -0.7638 0.0125
vn -0.5145 -0.8566 0.0387
vn -0.5816 -0.6302 0.5144
vn -0.5219 -0.6711 0.5265
vn -0.6273 -0.5887 0.5099
vn -0.7415 -0.6709 0.0084
vn -0.6438 -0.5698 0.5107
vn -0.7972 -0.6035 0.0157
vn -0.6537 -0.5706 -0.4971
vn -0.7348 -0.4736 -0.4855
vn -0.3858 -0.3148 -0.8672
vn -0.4713 -0.2148 -0.8554
vn -0.0126 0.0270 -0.9996
vn -0.0791 0.1025 -0.9916
vn 0.3613 0.3612 -0.8596
vn 0.3331 0.3917 -0.8577
vn 0.6351 0.5975 -0.4896
vn 0.6532 0.5746 -0.4931
vn 0.7385 0.6741 0.0084
vn 0.7974 0.6035 0.0012
vn 0.6477 0.5730 0.5022
vn 0.7304 0.4724 0.4933
vn 0.8317 0.5551 -0.0090
vn 0.7895 0.3877 0.4758
vn 0.8503 0.5259 -0.0182
vn 0.8348 0.3147 0.4517
vn 0.6387 0.5969 -0.4856
vn 0.6526 0.5749 -0.4936
vn 0.2535 0.5067 -0.8240
vn 0.2971 0.4400 -0.8475
vn -0.2021 0.2786 -0.9389
vn -0.1407 0.1856 -0.9725
vn -0.6032 -0.0255 -0.7972
vn -0.5411 -0.1195 -0.8324
vn -0.8390 -0.3224 -0.4384
vn -0.7936 -0.3920 -0.4654
vn -0.8463 -0.5314 0.0376
vn -0.8296 -0.5577 0.0268
vn -0.6263 -0.5973 0.5010
vn -0.6420 -0.5728 0.5096
vn -0.5985 -0.6431 0.4777
vn -0.8511 -0.5231 0.0440
vn -0.5594 -0.7088 0.4298
vn -0.8462 -0.5313 0.0408
vn -0.8762 -0.2623 -0.4044
vn -0.9079 -0.2108 -0.3624
vn -0.6626 0.0703 -0.7457
vn -0.7224 0.1679 -0.6708
vn -0.2669 0.3840 -0.8839
vn -0.3373 0.5014 -0.7968
vn 0.2016 0.5929 -0.7796
vn 0.1405 0.6974 -0.7028
vn 0.6135 0.6400 -0.4627
vn 0.5780 0.7022 -0.4157
vn 0.8578 0.5135 -0.0225
vn 0.8564 0.5159 -0.0178
vn 0.8721 0.2499 0.4207
vn 0.9044 0.1917 0.3813
vn 0.8480 0.5300 0.0014
vn 0.9328 0.1416 0.3314
vn 0.8344 0.5497 0.0397
vn 0.9567 0.1043 0.2717
vn 0.4850 0.8498 -0.2064
vn 0.5337 0.7773 -0.3330
vn -0.0010 0.9176 -0.3975
vn 0.0711 0.8124 -0.5788
vn -0.4886 0.7302 -0.4775
vn -0.4131 0.6232 -0.6640
vn -0.8391 0.3405 -0.4243
vn -0.7825 0.2623 -0.5647
vn -0.9564 -0.1402 -0.2562
vn -0.9348 -0.1692 -0.3122
vn -0.8150 -0.5791 -0.0217
vn -0.8331 -0.5527 0.0210
vn -0.4595 -0.8615 0.2161
vn -0.5111 -0.7871 0.3453
vn -0.4139 -0.9089 0.0500
vn -0.7969 -0.5979 -0.0866
vn -0.9716 -0.1251 -0.2010
vn -0.8845 0.3862 -0.2616
vn -0.5525 0.7949 -0.2508
vn -0.0648 0.9832 -0.1703
vn 0.4394 0.8973 -0.0426
vn 0.8189 0.5657 0.0964
vn 0.9743 0.0852 0.2085
vt 0.361901 0.283089
vt 0.362086 0.276737
vt 0.367164 0.277099
vt 0.367162 0.284299
vt 0.372248 0.277107
vt 0.372869 0.285087
vt 0.356975 0.282223
vt 0.357127 0.276595
vt 0.409309 0.263897
vt 0.407821 0.259153
vt 0.412562 0.258204
vt 0.413810 0.263268
vt 0.405539 0.265698
vt 0.403257 0.260922
vt 0.402099 0.268616
vt 0.399105 0.263781
vt 0.398729 0.272547
vt 0.395141 0.267124
vt 0.394876 0.276707
vt 0.391064 0.270354
vt 0.390243 0.280440
vt 0.386720 0.273092
vt 0.384844 0.283271
vt 0.382096 0.275163
vt 0.378902 0.284935
vt 0.377241 0.276465
vt 0.375542 0.269280
vt 0.380011 0.268042
vt 0.370924 0.270201
vt 0.373884 0.262857
vt 0.378288 0.261608
vt 0.369404 0.263968
vt 0.372407 0.256838
vt 0.376858 0.255591
vt 0.367929 0.258098
vt 0.371058 0.251081
vt 0.375596 0.249834
vt 0.366520 0.252427
vt 0.369827 0.245483
vt 0.374470 0.244237
vt 0.365199 0.246858
vt 0.368699 0.239996
vt 0.373465 0.238742
vt 0.363971 0.241352
vt 0.367623 0.234630
vt 0.372465 0.233396
vt 0.362821 0.235918
vt 0.366634 0.229417
vt 0.371563 0.228243
vt 0.361766 0.230580
vt 0.365754 0.224402
vt 0.370738 0.223390
vt 0.360855 0.225343
vt 0.365089 0.219598
vt 0.370111 0.218923
vt 0.360155 0.220175
vt 0.364799 0.214868
vt 0.369812 0.214672
vt 0.359951 0.215034
vt 0.364917 0.209988
vt 0.369864 0.210119
vt 0.360056 0.209900
vt 0.365064 0.204880
vt 0.370013 0.205147
vt 0.360155 0.204693
vt 0.365223 0.199612
vt 0.370182 0.199936
vt 0.360280 0.199367
vt 0.365385 0.194152
vt 0.370349 0.194490
vt 0.360436 0.193873
vt 0.365522 0.188508
vt 0.370504 0.188845
vt 0.360554 0.188196
vt 0.365648 0.182715
vt 0.370668 0.183063
vt 0.360666 0.182354
vt 0.365733 0.176817
vt 0.370724 0.177212
vt 0.360751 0.176371
vt 0.365815 0.170866
vt 0.370863 0.171360
vt 0.360850 0.170269
vt 0.365995 0.164901
vt 0.371051 0.165582
vt 0.361067 0.164060
vt 0.366373 0.158947
vt 0.371372 0.159923
vt 0.361538 0.157751
vt 0.367174 0.153042
vt 0.371936 0.154423
vt 0.362510 0.151379
vt 0.368668 0.147111
vt 0.373125 0.148520
vt 0.364208 0.145325
vt 0.369804 0.141795
vt 0.374125 0.142647
vt 0.365311 0.140773
vt 0.370152 0.136300
vt 0.374607 0.136565
vt 0.365565 0.136173
vt 0.370152 0.130748
vt 0.374816 0.130735
vt 0.365424 0.131036
vt 0.370136 0.124898
vt 0.374987 0.124833
vt 0.365287 0.125215
vt 0.370270 0.118623
vt 0.375240 0.118641
vt 0.365347 0.118769
vt 0.370546 0.111955
vt 0.375539 0.112111
vt 0.365709 0.111863
vt 0.371185 0.105003
vt 0.376054 0.105292
vt 0.366342 0.104711
vt 0.371939 0.097853
vt 0.376672 0.098235
vt 0.367163 0.097482
vt 0.372786 0.090505
vt 0.377467 0.090910
vt 0.368080 0.090188
vt 0.373695 0.082784
vt 0.378415 0.083202
vt 0.368962 0.082698
vt 0.374550 0.074430
vt 0.379497 0.074817
vt 0.369504 0.074721
vt 0.374654 0.064803
vt 0.380881 0.064937
vt 0.368699 0.065930
vt 0.364459 0.075598
vt 0.363229 0.068003
vt 0.359450 0.076767
vt 0.358270 0.070394
vt 0.354502 0.077622
vt 0.353567 0.072203
vt 0.407937 0.087599
vt 0.409252 0.082889
vt 0.413810 0.083486
vt 0.412836 0.088469
vt 0.403178 0.085655
vt 0.405151 0.081038
vt 0.398601 0.082851
vt 0.401271 0.077646
vt 0.394011 0.079958
vt 0.397134 0.073597
vt 0.389287 0.077526
vt 0.392373 0.069766
vt 0.384429 0.075782
vt 0.386909 0.066762
vt 0.383083 0.083903
vt 0.387751 0.084970
vt 0.382147 0.091426
vt 0.386853 0.092087
vt 0.392445 0.086444
vt 0.391606 0.092964
vt 0.397205 0.088290
vt 0.396429 0.094094
vt 0.402068 0.090259
vt 0.401317 0.095409
vt 0.406967 0.091881
vt 0.406209 0.096659
vt 0.411846 0.092838
vt 0.411046 0.097492
vt 0.353692 0.089289
vt 0.354387 0.083155
vt 0.359285 0.083094
vt 0.358530 0.089659
vt 0.364164 0.082842
vt 0.363333 0.089922
vt 0.357591 0.096678
vt 0.362385 0.097095
vt 0.356724 0.104104
vt 0.361532 0.104419
vt 0.351901 0.103726
vt 0.352774 0.096204
vt 0.405136 0.108941
vt 0.405614 0.102359
vt 0.410435 0.103011
vt 0.409951 0.109501
vt 0.400345 0.108089
vt 0.400788 0.101380
vt 0.395539 0.107217
vt 0.395929 0.100430
vt 0.390707 0.106514
vt 0.391088 0.099655
vt 0.385838 0.105986
vt 0.386268 0.099068
vt 0.380948 0.105599
vt 0.381465 0.098617
vt 0.380529 0.112370
vt 0.385486 0.112791
vt 0.380235 0.118868
vt 0.385089 0.119397
vt 0.390401 0.113415
vt 0.389803 0.120218
vt 0.395120 0.114263
vt 0.394560 0.121268
vt 0.399826 0.115243
vt 0.399261 0.122462
vt 0.404611 0.116144
vt 0.403976 0.123553
vt 0.409424 0.116727
vt 0.408765 0.124250
vt 0.350953 0.119256
vt 0.351265 0.111523
vt 0.356099 0.111705
vt 0.355726 0.119221
vt 0.360951 0.111802
vt 0.360458 0.118984
vt 0.355611 0.126238
vt 0.360443 0.125702
vt 0.355702 0.132203
vt 0.360611 0.131554
vt 0.350767 0.132602
vt 0.350761 0.126487
vt 0.402256 0.136713
vt 0.403135 0.130657
vt 0.407909 0.131448
vt 0.407059 0.137367
vt 0.397579 0.135390
vt 0.398482 0.129349
vt 0.393012 0.133915
vt 0.393870 0.127909
vt 0.388492 0.132657
vt 0.389236 0.126669
vt 0.383975 0.131692
vt 0.384561 0.125708
vt 0.379425 0.131043
vt 0.379811 0.125084
vt 0.378979 0.136997
vt 0.383328 0.137572
vt 0.378326 0.143277
vt 0.382652 0.143711
vt 0.387707 0.138276
vt 0.387087 0.143846
vt 0.392179 0.139090
vt 0.391675 0.143619
vt 0.396827 0.139981
vt 0.396484 0.142969
vt 0.401693 0.140704
vt 0.401530 0.142098
vt 0.406574 0.140890
vt 0.406473 0.141799
vt 0.350588 0.137634
vt 0.350671 0.136541
vt 0.355751 0.136376
vt 0.355624 0.138470
vt 0.360778 0.136192
vt 0.360594 0.139627
vt 0.355023 0.141193
vt 0.359682 0.143278
vt 0.353325 0.147978
vt 0.357919 0.149608
vt 0.348622 0.146815
vt 0.350230 0.139639
vt 0.401865 0.150528
vt 0.401635 0.144029
vt 0.406531 0.143455
vt 0.406774 0.150060
vt 0.397008 0.151934
vt 0.396643 0.145951
vt 0.392049 0.153620
vt 0.391729 0.147910
vt 0.387024 0.154903
vt 0.386935 0.149173
vt 0.381970 0.155468
vt 0.382246 0.149637
vt 0.376934 0.155313
vt 0.377642 0.149385
vt 0.376483 0.160552
vt 0.381640 0.160679
vt 0.376175 0.166029
vt 0.381328 0.166137
vt 0.386791 0.160269
vt 0.386468 0.165871
vt 0.391880 0.159389
vt 0.391549 0.165297
vt 0.396868 0.158334
vt 0.396541 0.164648
vt 0.401790 0.157583
vt 0.401473 0.164258
vt 0.406657 0.157401
vt 0.406346 0.164268
vt 0.346605 0.161951
vt 0.347320 0.154641
vt 0.352084 0.155420
vt 0.351419 0.162445
vt 0.356795 0.156521
vt 0.356221 0.163200
vt 0.351098 0.169143
vt 0.355951 0.169661
vt 0.350948 0.175573
vt 0.355825 0.175932
vt 0.346099 0.175378
vt 0.346257 0.168839
vt 0.400627 0.176944
vt 0.401061 0.170699
vt 0.405932 0.170806
vt 0.405493 0.177076
vt 0.395772 0.177084
vt 0.396146 0.170899
vt 0.390828 0.177349
vt 0.391178 0.171300
vt 0.385835 0.177577
vt 0.386139 0.171662
vt 0.380809 0.177634
vt 0.381053 0.171811
vt 0.375771 0.177499
vt 0.375951 0.171700
vt 0.375627 0.183355
vt 0.380569 0.183526
vt 0.375481 0.189163
vt 0.380458 0.189377
vt 0.385563 0.183525
vt 0.385356 0.189426
vt 0.390519 0.183371
vt 0.390294 0.189287
vt 0.395434 0.183148
vt 0.395193 0.189032
vt 0.400310 0.183009
vt 0.400058 0.188823
vt 0.405076 0.183067
vt 0.404901 0.188784
vt 0.345922 0.187663
vt 0.346055 0.181637
vt 0.350835 0.181771
vt 0.350786 0.187770
vt 0.355728 0.182026
vt 0.355610 0.187943
vt 0.350640 0.193576
vt 0.355519 0.193684
vt 0.350512 0.199188
vt 0.355401 0.199240
vt 0.345653 0.199128
vt 0.345783 0.193480
vt 0.400023 0.199443
vt 0.399958 0.194320
vt 0.404805 0.194162
vt 0.404872 0.199134
vt 0.395132 0.199930
vt 0.395088 0.194660
vt 0.390183 0.200390
vt 0.390185 0.195002
vt 0.385198 0.200628
vt 0.385250 0.195168
vt 0.380174 0.200551
vt 0.380293 0.195089
vt 0.375165 0.200280
vt 0.375321 0.194830
vt 0.375018 0.205431
vt 0.380091 0.205640
vt 0.374918 0.210229
vt 0.380073 0.210232
vt 0.385214 0.205639
vt 0.385336 0.210043
vt 0.390310 0.205311
vt 0.390529 0.209572
vt 0.395328 0.204724
vt 0.395621 0.208913
vt 0.400261 0.204121
vt 0.400618 0.208305
vt 0.405124 0.203684
vt 0.405521 0.207847
vt 0.345435 0.209953
vt 0.345531 0.204609
vt 0.350385 0.204628
vt 0.350271 0.209931
vt 0.355264 0.204626
vt 0.355198 0.209874
vt 0.350378 0.215310
vt 0.355151 0.215161
vt 0.350633 0.220997
vt 0.355352 0.220641
vt 0.345804 0.221362
vt 0.345405 0.215457
vt 0.401189 0.216412
vt 0.400992 0.212213
vt 0.406018 0.211925
vt 0.406094 0.216346
vt 0.396202 0.216453
vt 0.395926 0.212589
vt 0.391042 0.216563
vt 0.390810 0.213065
vt 0.385804 0.216896
vt 0.385551 0.213581
vt 0.380557 0.217471
vt 0.380269 0.214039
vt 0.375271 0.218196
vt 0.374974 0.214404
vt 0.375818 0.222392
vt 0.380964 0.221531
vt 0.376567 0.227154
vt 0.381510 0.226311
vt 0.386134 0.220976
vt 0.386571 0.225782
vt 0.391280 0.220810
vt 0.391603 0.225655
vt 0.396340 0.220912
vt 0.396574 0.225763
vt 0.401285 0.221030
vt 0.401475 0.225838
vt 0.406159 0.221016
vt 0.406330 0.225742
vt 0.347469 0.233371
vt 0.346452 0.227424
vt 0.351235 0.226831
vt 0.352137 0.232590
vt 0.356027 0.226168
vt 0.356944 0.231656
vt 0.353306 0.238305
vt 0.358054 0.237169
vt 0.354573 0.244004
vt 0.359270 0.242719
vt 0.349846 0.245108
vt 0.348557 0.239279
vt 0.402370 0.235658
vt 0.401827 0.230756
vt 0.406653 0.230521
vt 0.407050 0.235230
vt 0.397532 0.235937
vt 0.396971 0.230835
vt 0.392678 0.236089
vt 0.392073 0.230826
vt 0.387824 0.236344
vt 0.387147 0.230986
vt 0.382990 0.236877
vt 0.382226 0.231496
vt 0.378174 0.237703
vt 0.377334 0.232323
vt 0.379138 0.243173
vt 0.383838 0.242301
vt 0.380159 0.248706
vt 0.384758 0.247710
vt 0.388586 0.241671
vt 0.389420 0.246861
vt 0.393383 0.241246
vt 0.394165 0.246140
vt 0.398208 0.240873
vt 0.398979 0.245454
vt 0.403020 0.240360
vt 0.403799 0.244673
vt 0.407805 0.239694
vt 0.408594 0.243818
vt 0.352659 0.256378
vt 0.351231 0.250837
vt 0.355928 0.249644
vt 0.357344 0.255165
vt 0.360573 0.248276
vt 0.361957 0.253812
vt 0.358759 0.260524
vt 0.363388 0.259335
vt 0.360088 0.265771
vt 0.364810 0.264926
vt 0.355297 0.266616
vt 0.354048 0.261637
vt 0.405521 0.251960
vt 0.404643 0.248514
vt 0.409464 0.247504
vt 0.410451 0.250850
vt 0.400711 0.253285
vt 0.399809 0.249569
vt 0.396017 0.254973
vt 0.395023 0.250692
vt 0.391488 0.256813
vt 0.390356 0.251882
vt 0.387072 0.258582
vt 0.385800 0.253108
vt 0.382708 0.260188
vt 0.381315 0.254346
vt 0.384371 0.266380
vt 0.388710 0.264291
vt 0.392995 0.261836
vt 0.397310 0.259231
vt 0.401798 0.256909
vt 0.406557 0.255330
vt 0.411367 0.254256
vt 0.356289 0.271534
vt 0.361239 0.271084
vt 0.366147 0.270756
s 1
f 456/504/451 457/505/452 454/506/453 453/507/454
f 453/507/454 454/506/453 476/508/455 455/509/456
f 458/510/457 459/511/458 457/505/452 456/504/451
f 460/512/459 461/513/460 459/514/458 458/515/457
f 462/516/461 463/517/462 461/513/460 460/512/459
f 464/518/463 465/519/464 463/517/462 462/516/461
f 466/520/465 467/521/466 465/519/464 464/518/463
f 468/522/467 469/523/468 467/521/466 466/520/465
f 470/524/469 471/525/470 469/523/468 468/522/467
f 472/526/471 473/527/472 471/525/470 470/524/469
f 474/528/473 475/529/474 473/527/472 472/526/471
f 455/509/456 476/508/455 475/529/474 474/528/473
f 475/529/474 477/530/475 478/531/476 473/527/472
f 476/508/455 479/532/477 477/530/475 475/529/474
f 477/530/475 480/533/478 481/534/479 478/531/476
f 479/532/477 482/535/480 480/533/478 477/530/475
f 480/533/478 483/536/481 484/537/482 481/534/479
f 482/535/480 485/538/483 483/536/481 480/533/478
f 483/536/481 486/539/484 487/540/485 484/537/482
f 485/538/483 488/541/486 486/539/484 483/536/481
f 486/539/484 489/542/487 490/543/488 487/540/485
f 488/541/486 491/544/489 489/542/487 486/539/484
f 489/542/487 492/545/490 493/546/491 490/543/488
f 491/544/489 494/547/492 492/545/490 489/542/487
f 492/545/490 495/548/493 496/549/494 493/546/491
f 494/547/492 497/550/495 495/548/493 492/545/490
f 495/548/493 498/551/496 499/552/497 496/549/494
f 497/550/495 500/553/498 498/551/496 495/548/493
f 498/551/496 501/554/499 502/555/500 499/552/497
f 500/553/498 503/556/501 501/554/499 498/551/496
f 501/554/499 504/557/502 505/558/503 502/555/500
f 503/556/501 506/559/504 504/557/502 501/554/499
f 504/557/502 507/560/505 508/561/506 505/558/503
f 506/559/504 509/562/507 507/560/505 504/557/502
f 507/560/505 510/563/508 511/564/509 508/561/506
f 509/562/507 512/565/510 510/563/508 507/560/505
f 510/563/508 513/566/511 514/567/512 511/564/509
f 512/565/510 515/568/513 513/566/511 510/563/508
f 513/566/511 516/569/514 517/570/515 514/567/512
f 515/568/513 518/571/516 516/569/514 513/566/511
f 516/569/514 519/572/517 520/573/518 517/570/515
f 518/571/516 521/574/519 519/572/517 516/569/514
f 519/572/517 522/575/520 523/576/521 520/573/518
f 521/574/519 524/577/522 522/575/520 519/572/517
f 522/575/520 525/578/523 526/579/524 523/576/521
f 524/577/522 527/580/525 525/578/523 522/575/520
f 525/578/523 528/581/526 529/582/527 526/579/524
f 527/580/525 530/583/528 528/581/526 525/578/523
f 528/581/526 531/584/529 532/585/530 529/582/527
f 530/583/528 533/586/531 531/584/529 528/581/526
f 531/584/529 534/587/532 535/588/533 532/585/530
f 533/586/531 536/589/534 534/587/532 531/584/529
f 534/587/532 537/590/535 538/591/536 535/588/533
f 536/589/534 539/592/537 537/590/535 534/587/532
f 537/590/535 540/593/538 541/594/539 538/591/536
f 539/592/537 542/595/540 540/593/538 537/590/535
f 540/593/538 543/596/541 544/597/542 541/594/539
f 542/595/540 545/598/543 543/596/541 540/593/538
f 543/596/541 546/599/544 547/600/545 544/597/542
f 545/598/543 548/601/546 546/599/544 543/596/541
f 546/599/544 549/602/547 550/603/548 547/600/545
f 548/601/546 551/604/549 549/602/547 546/599/544
f 549/602/547 552/605/550 553/606/551 550/603/548
f 551/604/549 554/607/552 552/605/550 549/602/547
f 552/605/550 555/608/553 556/609/554 553/606/551
f 554/607/552 557/610/555 555/608/553 552/605/550
f 555/608/553 558/611/556 559/612/557 556/609/554
f 557/610/555 560/613/558 558/611/556 555/608/553
f 558/611/556 561/614/559 562/615/560 559/612/557
f 560/613/558 563/616/561 561/614/559 558/611/556
f 561/614/559 564/617/562 565/618/563 562/615/560
f 563/616/561 566/619/564 564/617/562 561/614/559
f 564/617/562 567/620/565 568/621/566 565/618/563
f 566/619/564 569/622/567 567/620/565 564/617/562
f 567/620/565 570/623/568 571/624/569 568/621/566
f 569/622/567 572/625/570 570/623/568 567/620/565
f 570/623/568 573/626/571 574/627/572 571/624/569
f 572/625/570 575/628/573 573/626/571 570/623/568
f 573/626/571 576/629/574 577/630/575 574/627/572
f 575/628/573 578/631/576 576/629/574 573/626/571
f 576/629/574 579/632/577 580/633/578 577/630/575
f 578/631/576 581/634/579 579/632/577 576/629/574
f 583/635/580 582/636/581 581/634/579 578/631/576
f 585/637/582 584/638/583 582/636/581 583/635/580
f 587/639/584 586/640/585 584/638/583 585/637/582
f 589/641/586 588/642/587 586/643/585 587/644/584
f 591/645/588 590/646/589 588/642/587 589/641/586
f 593/647/590 592/648/591 590/646/589 591/645/588
f 595/649/592 594/650/593 592/648/591 593/647/590
f 597/651/594 596/652/595 594/650/593 595/649/592
f 599/653/596 598/654/597 596/652/595 597/651/594
f 577/630/575 580/633/578 598/654/597 599/653/596
f 574/627/572 577/630/575 599/653/596 600/655/598
f 600/655/598 599/653/596 597/651/594 602/656/599
f 571/624/569 574/627/572 600/655/598 601/657/600
f 601/657/600 600/655/598 602/656/599 603/658/601
f 603/658/601 602/656/599 604/659/602 605/660/603
f 602/656/599 597/651/594 595/649/592 604/659/602
f 605/660/603 604/659/602 606/661/604 607/662/605
f 604/659/602 595/649/592 593/647/590 606/661/604
f 607/662/605 606/661/604 608/663/606 609/664/607
f 606/661/604 593/647/590 591/645/588 608/663/606
f 609/664/607 608/663/606 610/665/608 611/666/609
f 608/663/606 591/645/588 589/641/586 610/665/608
f 611/666/609 610/665/608 612/667/610 613/668/611
f 610/665/608 589/641/586 587/644/584 612/667/610
f 613/669/611 612/670/610 614/671/612 615/672/613
f 612/670/610 587/639/584 585/637/582 614/671/612
f 615/672/613 614/671/612 616/673/614 617/674/615
f 614/671/612 585/637/582 583/635/580 616/673/614
f 617/674/615 616/673/614 575/628/573 572/625/570
f 616/673/614 583/635/580 578/631/576 575/628/573
f 620/675/616 615/672/613 617/674/615 618/676/617
f 618/676/617 617/674/615 572/625/570 569/622/567
f 621/677/618 620/675/616 618/676/617 619/678/619
f 619/678/619 618/676/617 569/622/567 566/619/564
f 623/679/620 622/680/621 620/675/616 621/677/618
f 622/680/621 613/669/611 615/672/613 620/675/616
f 625/681/622 624/682/623 622/683/621 623/684/620
f 624/682/623 611/666/609 613/668/611 622/683/621
f 627/685/624 626/686/625 624/682/623 625/681/622
f 626/686/625 609/664/607 611/666/609 624/682/623
f 629/687/626 628/688/627 626/686/625 627/685/624
f 628/688/627 607/662/605 609/664/607 626/686/625
f 631/689/628 630/690/629 628/688/627 629/687/626
f 630/690/629 605/660/603 607/662/605 628/688/627
f 633/691/630 632/692/631 630/690/629 631/689/628
f 632/692/631 603/658/601 605/660/603 630/690/629
f 635/693/632 634/694/633 632/692/631 633/691/630
f 634/694/633 601/657/600 603/658/601 632/692/631
f 565/618/563 568/621/566 634/694/633 635/693/632
f 568/621/566 571/624/569 601/657/600 634/694/633
f 562/615/560 565/618/563 635/693/632 636/695/634
f 636/695/634 635/693/632 633/691/630 638/696/635
f 559/612/557 562/615/560 636/695/634 637/697/636
f 637/697/636 636/695/634 638/696/635 639/698/637
f 639/698/637 638/696/635 640/699/638 641/700/639
f 638/696/635 633/691/630 631/689/628 640/699/638
f 641/700/639 640/699/638 642/701/640 643/702/641
f 640/699/638 631/689/628 629/687/626 642/701/640
f 643/702/641 642/701/640 644/703/642 645/704/643
f 642/701/640 629/687/626 627/685/624 644/703/642
f 645/704/643 644/703/642 646/705/644 647/706/645
f 644/703/642 627/685/624 625/681/622 646/705/644
f 647/706/645 646/705/644 648/707/646 649/708/647
f 646/705/644 625/681/622 623/684/620 648/707/646
f 649/709/647 648/710/646 650/711/648 651/712/649
f 648/710/646 623/679/620 621/677/618 650/711/648
f 651/712/649 650/711/648 652/713/650 653/714/651
f 650/711/648 621/677/618 619/678/619 652/713/650
f 653/714/651 652/713/650 563/616/561 560/613/558
f 652/713/650 619/678/619 566/619/564 563/616/561
f 656/715/652 651/712/649 653/714/651 654/716/653
f 654/716/653 653/714/651 560/613/558 557/610/555
f 657/717/654 656/715/652 654/716/653 655/718/655
f 655/718/655 654/716/653 557/610/555 554/607/552
f 659/719/656 658/720/657 656/715/652 657/717/654
f 658/720/657 649/709/647 651/712/649 656/715/652
f 661/721/658 660/722/659 658/723/657 659/724/656
f 660/722/659 647/706/645 649/708/647 658/723/657
f 663/725/660 662/726/661 660/722/659 661/721/658
f 662/726/661 645/704/643 647/706/645 660/722/659
f 665/727/662 664/728/663 662/726/661 663/725/660
f 664/728/663 643/702/641 645/704/643 662/726/661
f 667/729/664 666/730/665 664/728/663 665/727/662
f 666/730/665 641/700/639 643/702/641 664/728/663
f 669/731/666 668/732/667 666/730/665 667/729/664
f 668/732/667 639/698/637 641/700/639 666/730/665
f 671/733/668 670/734/669 668/732/667 669/731/666
f 670/734/669 637/697/636 639/698/637 668/732/667
f 553/606/551 556/609/554 670/734/669 671/733/668
f 556/609/554 559/612/557 637/697/636 670/734/669
f 550/603/548 553/606/551 671/733/668 672/735/670
f 672/735/670 671/733/668 669/731/666 674/736/671
f 547/600/545 550/603/548 672/735/670 673/737/672
f 673/737/672 672/735/670 674/736/671 675/738/673
f 675/738/673 674/736/671 676/739/674 677/740/675
f 674/736/671 669/731/666 667/729/664 676/739/674
f 677/740/675 676/739/674 678/741/676 679/742/677
f 676/739/674 667/729/664 665/727/662 678/741/676
f 679/742/677 678/741/676 680/743/678 681/744/679
f 678/741/676 665/727/662 663/725/660 680/743/678
f 681/744/679 680/743/678 682/745/680 683/746/681
f 680/743/678 663/725/660 661/721/658 682/745/680
f 683/746/681 682/745/680 684/747/682 685/748/683
f 682/745/680 661/721/658 659/724/656 684/747/682
f 685/749/683 684/750/682 686/751/684 687/752/685
f 684/750/682 659/719/656 657/717/654 686/751/684
f 687/752/685 686/751/684 688/753/686 689/754/687
f 686/751/684 657/717/654 655/718/655 688/753/686
f 689/754/687 688/753/686 551/604/549 548/601/546
f 688/753/686 655/718/655 554/607/552 551/604/549
f 692/755/688 687/752/685 689/754/687 690/756/689
f 690/756/689 689/754/687 548/601/546 545/598/543
f 693/757/690 692/755/688 690/756/689 691/758/691
f 691/758/691 690/756/689 545/598/543 542/595/540
f 695/759/692 694/760/693 692/755/688 693/757/690
f 694/760/693 685/749/683 687/752/685 692/755/688
f 697/761/694 696/762/695 694/763/693 695/764/692
f 696/762/695 683/746/681 685/748/683 694/763/693
f 699/765/696 698/766/697 696/762/695 697/761/694
f 698/766/697 681/744/679 683/746/681 696/762/695
f 701/767/698 700/768/699 698/766/697 699/765/696
f 700/768/699 679/742/677 681/744/679 698/766/697
f 703/769/700 702/770/701 700/768/699 701/767/698
f 702/770/701 677/740/675 679/742/677 700/768/699
f 705/771/702 704/772/703 702/770/701 703/769/700
f 704/772/703 675/738/673 677/740/675 702/770/701
f 707/773/704 706/774/705 704/772/703 705/771/702
f 706/774/705 673/737/672 675/738/673 704/772/703
f 541/594/539 544/597/542 706/774/705 707/773/704
f 544/597/542 547/600/545 673/737/672 706/774/705
f 538/591/536 541/594/539 707/773/704 708/775/706
f 708/775/706 707/773/704 705/771/702 710/776/707
f 535/588/533 538/591/536 708/775/706 709/777/708
f 709/777/708 708/775/706 710/776/707 711/778/709
f 711/778/709 710/776/707 712/779/710 713/780/711
f 710/776/707 705/771/702 703/769/700 712/779/710
f 713/780/711 712/779/710 714/781/712 715/782/713
f 712/779/710 703/769/700 701/767/698 714/781/712
f 715/782/713 714/781/712 716/783/714 717/784/715
f 714/781/712 701/767/698 699/765/696 716/783/714
f 717/784/715 716/783/714 718/785/716 719/786/717
f 716/783/714 699/765/696 697/761/694 718/785/716
f 719/786/717 718/785/716 720/787/718 721/788/719
f 718/785/716 697/761/694 695/764/692 720/787/718
f 721/789/719 720/790/718 722/791/720 723/792/721
f 720/790/718 695/759/692 693/757/690 722/791/720
f 723/792/721 722/791/720 724/793/722 725/794/723
f 722/791/720 693/757/690 691/758/691 724/793/722
f 725/794/723 724/793/722 539/592/537 536/589/534
f 724/793/722 691/758/691 542/595/540 539/592/537
f 728/795/724 723/792/721 725/794/723 726/796/725
f 726/796/725 725/794/723 536/589/534 533/586/531
f 729/797/726 728/795/724 726/796/725 727/798/727
f 727/798/727 726/796/725 533/586/531 530/583/528
f 731/799/728 730/800/729 728/795/724 729/797/726
f 730/800/729 721/789/719 723/792/721 728/795/724
f 733/801/730 732/802/731 730/803/729 731/804/728
f 732/802/731 719/786/717 721/788/719 730/803/729
f 735/805/732 734/806/733 732/802/731 733/801/730
f 734/806/733 717/784/715 719/786/717 732/802/731
f 737/807/734 736/808/735 734/806/733 735/805/732
f 736/808/735 715/782/713 717/784/715 734/806/733
f 739/809/736 738/810/737 736/808/735 737/807/734
f 738/810/737 713/780/711 715/782/713 736/808/735
f 741/811/738 740/812/739 738/810/737 739/809/736
f 740/812/739 711/778/709 713/780/711 738/810/737
f 743/813/740 742/814/741 740/812/739 741/811/738
f 742/814/741 709/777/708 711/778/709 740/812/739
f 529/582/527 532/585/530 742/814/741 743/813/740
f 532/585/530 535/588/533 709/777/708 742/814/741
f 526/579/524 529/582/527 743/813/740 744/815/742
f 744/815/742 743/813/740 741/811/738 746/816/743
f 523/576/521 526/579/524 744/815/742 745/817/744
f 745/817/744 744/815/742 746/816/743 747/818/745
f 747/818/745 746/816/743 748/819/746 749/820/747
f 746/816/743 741/811/738 739/809/736 748/819/746
f 749/820/747 748/819/746 750/821/748 751/822/749
f 748/819/746 739/809/736 737/807/734 750/821/748
f 751/822/749 750/821/748 752/823/750 753/824/751
f 750/821/748 737/807/734 735/805/732 752/823/750
f 753/824/751 752/823/750 754/825/752 755/826/753
f 752/823/750 735/805/732 733/801/730 754/825/752
f 755/826/753 754/825/752 756/827/754 757/828/755
f 754/825/752 733/801/730 731/804/728 756/827/754
f 757/829/755 756/830/754 758/831/756 759/832/757
f 756/830/754 731/799/728 729/797/726 758/831/756
f 759/832/757 758/831/756 760/833/758 761/834/759
f 758/831/756 729/797/726 727/798/727 760/833/758
f 761/834/759 760/833/758 527/580/525 524/577/522
f 760/833/758 727/798/727 530/583/528 527/580/525
f 764/835/760 759/832/757 761/834/759 762/836/761
f 762/836/761 761/834/759 524/577/522 521/574/519
f 765/837/762 764/835/760 762/836/761 763/838/763
f 763/838/763 762/836/761 521/574/519 518/571/516
f 767/839/764 766/840/765 764/835/760 765/837/762
f 766/840/765 757/829/755 759/832/757 764/835/760
f 769/841/766 768/842/767 766/843/765 767/844/764
f 768/842/767 755/826/753 757/828/755 766/843/765
f 771/845/768 770/846/769 768/842/767 769/841/766
f 770/846/769 753/824/751 755/826/753 768/842/767
f 773/847/770 772/848/771 770/846/769 771/845/768
f 772/848/771 751/822/749 753/824/751 770/846/769
f 775/849/772 774/850/773 772/848/771 773/847/770
f 774/850/773 749/820/747 751/822/749 772/848/771
f 777/851/774 776/852/775 774/850/773 775/849/772
f 776/852/775 747/818/745 749/820/747 774/850/773
f 779/853/776 778/854/777 776/852/775 777/851/774
f 778/854/777 745/817/744 747/818/745 776/852/775
f 517/570/515 520/573/518 778/854/777 779/853/776
f 520/573/518 523/576/521 745/817/744 778/854/777
f 514/567/512 517/570/515 779/853/776 780/855/778
f 780/855/778 779/853/776 777/851/774 782/856/779
f 511/564/509 514/567/512 780/855/778 781/857/780
f 781/857/780 780/855/778 782/856/779 783/858/781
f 783/858/781 782/856/779 784/859/782 785/860/783
f 782/856/779 777/851/774 775/849/772 784/859/782
f 785/860/783 784/859/782 786/861/784 787/862/785
f 784/859/782 775/849/772 773/847/770 786/861/784
f 787/862/785 786/861/784 788/863/786 789/864/787
f 786/861/784 773/847/770 771/845/768 788/863/786
f 789/864/787 788/863/786 790/865/788 791/866/789
f 788/863/786 771/845/768 769/841/766 790/865/788
f 791/866/789 790/865/788 792/867/790 793/868/791
f 790/865/788 769/841/766 767/844/764 792/867/790
f 793/869/791 792/870/790 794/871/792 795/872/793
f 792/870/790 767/839/764 765/837/762 794/871/792
f 795/872/793 794/871/792 796/873/794 797/874/795
f 794/871/792 765/837/762 763/838/763 796/873/794
f 797/874/795 796/873/794 515/568/513 512/565/510
f 796/873/794 763/838/763 518/571/516 515/568/513
f 800/875/796 795/872/793 797/874/795 798/876/797
f 798/876/797 797/874/795 512/565/510 509/562/507
f 801/877/798 800/875/796 798/876/797 799/878/799
f 799/878/799 798/876/797 509/562/507 506/559/504
f 803/879/800 802/880/801 800/875/796 801/877/798
f 802/880/801 793/869/791 795/872/793 800/875/796
f 805/881/802 804/882/803 802/883/801 803/884/800
f 804/882/803 791/866/789 793/868/791 802/883/801
f 807/885/804 806/886/805 804/882/803 805/881/802
f 806/886/805 789/864/787 791/866/789 804/882/803
f 809/887/806 808/888/807 806/886/805 807/885/804
f 808/888/807 787/862/785 789/864/787 806/886/805
f 811/889/808 810/890/809 808/888/807 809/887/806
f 810/890/809 785/860/783 787/862/785 808/888/807
f 813/891/810 812/892/811 810/890/809 811/889/808
f 812/892/811 783/858/781 785/860/783 810/890/809
f 815/893/812 814/894/813 812/892/811 813/891/810
f 814/894/813 781/857/780 783/858/781 812/892/811
f 505/558/503 508/561/506 814/894/813 815/893/812
f 508/561/506 511/564/509 781/857/780 814/894/813
f 502/555/500 505/558/503 815/893/812 816/895/814
f 816/895/814 815/893/812 813/891/810 818/896/815
f 499/552/497 502/555/500 816/895/814 817/897/816
f 817/897/816 816/895/814 818/896/815 819/898/817
f 819/898/817 818/896/815 820/899/818 821/900/819
f 818/896/815 813/891/810 811/889/808 820/899/818
f 821/900/819 820/899/818 822/901/820 823/902/821
f 820/899/818 811/889/808 809/887/806 822/901/820
f 823/902/821 822/901/820 824/903/822 825/904/823
f 822/901/820 809/887/806 807/885/804 824/903/822
f 825/904/823 824/903/822 826/905/824 827/906/825
f 824/903/822 807/885/804 805/881/802 826/905/824
f 827/906/825 826/905/824 828/907/826 829/908/827
f 826/905/824 805/881/802 803/884/800 828/907/826
f 829/909/827 828/910/826 830/911/828 831/912/829
f 828/910/826 803/879/800 801/877/798 830/911/828
f 831/912/829 830/911/828 832/913/830 833/914/831
f 830/911/828 801/877/798 799/878/799 832/913/830
f 833/914/831 832/913/830 503/556/501 500/553/498
f 832/913/830 799/878/799 506/559/504 503/556/501
f 836/915/832 831/912/829 833/914/831 834/916/833
f 834/916/833 833/914/831 500/553/498 497/550/495
f 837/917/834 836/915/832 834/916/833 835/918/835
f 835/918/835 834/916/833 497/550/495 494/547/492
f 839/919/836 838/920/837 836/915/832 837/917/834
f 838/920/837 829/909/827 831/912/829 836/915/832
f 841/921/838 840/922/839 838/923/837 839/924/836
f 840/922/839 827/906/825 829/908/827 838/923/837
f 843/925/840 842/926/841 840/922/839 841/921/838
f 842/926/841 825/904/823 827/906/825 840/922/839
f 845/927/842 844/928/843 842/926/841 843/925/840
f 844/928/843 823/902/821 825/904/823 842/926/841
f 847/929/844 846/930/845 844/928/843 845/927/842
f 846/930/845 821/900/819 823/902/821 844/928/843
f 849/931/846 848/932/847 846/930/845 847/929/844
f 848/932/847 819/898/817 821/900/819 846/930/845
f 851/933/848 850/934/849 848/932/847 849/931/846
f 850/934/849 817/897/816 819/898/817 848/932/847
f 493/546/491 496/549/494 850/934/849 851/933/848
f 496/549/494 499/552/497 817/897/816 850/934/849
f 490/543/488 493/546/491 851/933/848 852/935/850
f 852/935/850 851/933/848 849/931/846 854/936/851
f 487/540/485 490/543/488 852/935/850 853/937/852
f 853/937/852 852/935/850 854/936/851 855/938/853
f 855/938/853 854/936/851 856/939/854 857/940/855
f 854/936/851 849/931/846 847/929/844 856/939/854
f 857/940/855 856/939/854 858/941/856 859/942/857
f 856/939/854 847/929/844 845/927/842 858/941/856
f 859/942/857 858/941/856 860/943/858 861/944/859
f 858/941/856 845/927/842 843/925/840 860/943/858
f 861/944/859 860/943/858 862/945/860 863/946/861
f 860/943/858 843/925/840 841/921/838 862/945/860
f 863/946/861 862/945/860 864/947/862 865/948/863
f 862/945/860 841/921/838 839/924/836 864/947/862
f 865/949/863 864/950/862 866/951/864 867/952/865
f 864/950/862 839/919/836 837/917/834 866/951/864
f 867/952/865 866/951/864 868/953/866 869/954/867
f 866/951/864 837/917/834 835/918/835 868/953/866
f 869/954/867 868/953/866 491/544/489 488/541/486
f 868/953/866 835/918/835 494/547/492 491/544/489
f 872/955/868 867/952/865 869/954/867 870/956/869
f 870/956/869 869/954/867 488/541/486 485/538/483
f 873/957/870 872/955/868 870/956/869 871/958/871
f 871/958/871 870/956/869 485/538/483 482/535/480
f 875/959/872 874/960/873 872/955/868 873/957/870
f 874/960/873 865/949/863 867/952/865 872/955/868
f 877/961/874 876/962/875 874/963/873 875/964/872
f 876/962/875 863/946/861 865/948/863 874/963/873
f 879/965/876 878/966/877 876/962/875 877/961/874
f 878/966/877 861/944/859 863/946/861 876/962/875
f 881/967/878 880/968/879 878/966/877 879/965/876
f 880/968/879 859/942/857 861/944/859 878/966/877
f 883/969/880 882/970/881 880/968/879 881/967/878
f 882/970/881 857/940/855 859/942/857 880/968/879
f 885/971/882 884/972/883 882/970/881 883/969/880
f 884/972/883 855/938/853 857/940/855 882/970/881
f 887/973/884 886/974/885 884/972/883 885/971/882
f 886/974/885 853/937/852 855/938/853 884/972/883
f 481/534/479 484/537/482 886/974/885 887/973/884
f 484/537/482 487/540/485 853/937/852 886/974/885
f 478/531/476 481/534/479 887/973/884 888/975/886
f 888/975/886 887/973/884 885/971/882 889/976/887
f 473/527/472 478/531/476 888/975/886 471/525/470
f 471/525/470 888/975/886 889/976/887 469/523/468
f 469/523/468 889/976/887 890/977/888 467/521/466
f 889/976/887 885/971/882 883/969/880 890/977/888
f 467/521/466 890/977/888 891/978/889 465/519/464
f 890/977/888 883/969/880 881/967/878 891/978/889
f 465/519/464 891/978/889 892/979/890 463/517/462
f 891/978/889 881/967/878 879/965/876 892/979/890
f 463/517/462 892/979/890 893/980/891 461/513/460
f 892/979/890 879/965/876 877/961/874 893/980/891
f 461/513/460 893/980/891 894/981/892 459/514/458
f 893/980/891 877/961/874 875/964/872 894/981/892
f 459/511/458 894/982/892 895/983/893 457/505/452
f 894/982/892 875/959/872 873/957/870 895/983/893
f 457/505/452 895/983/893 896/984/894 454/506/453
f 895/983/893 873/957/870 871/958/871 896/984/894
f 454/506/453 896/984/894 479/532/477 476/508/455
f 896/984/894 871/958/871 482/535/480 479/532/477
o Cube.003
v 0.378922 0.675698 -0.008165
v 0.383683 0.689005 0.036161
v 0.377816 0.690406 -0.012630
v 0.387563 0.663446 -0.004599
v 0.392130 0.676259 0.038085
v 0.401425 0.656934 -0.002889
v 0.405690 0.668985 0.037262
v 0.416793 0.657905 -0.003493
v 0.420732 0.669130 0.033914
v 0.429550 0.666101 -0.006249
v 0.433225 0.676658 0.028936
v 0.436277 0.679324 -0.010419
v 0.439821 0.689549 0.023664
v 0.435172 0.694032 -0.014885
v 0.438752 0.704351 0.019510
v 0.426530 0.706284 -0.018450
v 0.430306 0.717097 0.017586
v 0.412668 0.712797 -0.020160
v 0.416745 0.724371 0.018408
v 0.397300 0.711825 -0.019556
v 0.401704 0.724225 0.021757
v 0.384543 0.703630 -0.016800
v 0.389211 0.716698 0.026734
v 0.382615 0.703807 0.032006
v 0.400947 0.726757 0.061040
v 0.412384 0.733424 0.053150
v 0.394903 0.714316 0.067835
v 0.419496 0.734279 0.086294
v 0.428344 0.739916 0.075006
v 0.414888 0.722408 0.094974
v 0.443723 0.739425 0.101301
v 0.448087 0.744098 0.087280
v 0.441751 0.728120 0.111588
v 0.470347 0.742396 0.105164
v 0.469335 0.746436 0.090327
v 0.471739 0.731488 0.115961
v 0.495804 0.743851 0.099240
v 0.490023 0.747584 0.085451
v 0.500396 0.733149 0.109334
v 0.518331 0.744650 0.085780
v 0.508928 0.748228 0.074106
v 0.525543 0.734060 0.094342
v 0.537185 0.745539 0.066361
v 0.525154 0.748975 0.057364
v 0.546441 0.735060 0.072842
v 0.551623 0.747151 0.041983
v 0.537771 0.750369 0.036047
v 0.562386 0.736853 0.045934
v 0.560700 0.750069 0.013439
v 0.545781 0.752931 0.010846
v 0.572386 0.740078 0.014493
v 0.563344 0.754850 -0.018522
v 0.548135 0.757188 -0.017668
v 0.575290 0.745331 -0.020562
v 0.558239 0.762276 -0.054683
v 0.543416 0.764094 -0.050879
v 0.569886 0.753160 -0.059011
v 0.548006 0.766375 -0.085597
v 0.533914 0.767968 -0.079567
v 0.559411 0.757333 -0.090662
v 0.533393 0.763590 -0.113347
v 0.520364 0.765390 -0.105315
v 0.544746 0.754538 -0.118510
v 0.515759 0.754393 -0.135407
v 0.504183 0.756943 -0.125559
v 0.526956 0.745260 -0.140765
v 0.496430 0.740374 -0.150947
v 0.486490 0.744099 -0.139775
v 0.507344 0.731039 -0.156534
v 0.476535 0.723322 -0.160063
v 0.468233 0.728438 -0.148130
v 0.487047 0.713644 -0.165837
v 0.456738 0.704675 -0.163315
v 0.450013 0.711264 -0.151115
v 0.466738 0.694518 -0.169176
v 0.437414 0.685510 -0.161217
v 0.432228 0.693616 -0.149180
v 0.446794 0.674743 -0.167012
v 0.418865 0.666750 -0.154069
v 0.415234 0.676418 -0.142631
v 0.427511 0.655245 -0.159581
v 0.401436 0.649315 -0.141984
v 0.399412 0.660580 -0.131664
v 0.409231 0.636965 -0.146904
v 0.385570 0.634220 -0.124983
v 0.385185 0.647032 -0.116428
v 0.392425 0.620983 -0.128891
v 0.371844 0.622618 -0.103143
v 0.373019 0.636736 -0.097076
v 0.377752 0.608588 -0.105541
v 0.360930 0.615717 -0.076767
v 0.363381 0.630636 -0.073780
v 0.366037 0.601185 -0.077232
v 0.377334 0.590932 -0.075051
v 0.389161 0.598406 -0.103628
v 0.391794 0.587707 -0.070808
v 0.403012 0.594799 -0.097917
v 0.405542 0.592373 -0.065639
v 0.415595 0.598734 -0.089937
v 0.414894 0.603681 -0.060930
v 0.423538 0.609157 -0.081828
v 0.417345 0.618599 -0.057943
v 0.424713 0.623274 -0.075761
v 0.412238 0.633132 -0.057478
v 0.418805 0.637304 -0.073363
v 0.400941 0.643384 -0.059660
v 0.407396 0.647487 -0.075276
v 0.386481 0.646609 -0.063903
v 0.393545 0.651094 -0.080987
v 0.372733 0.641943 -0.069071
v 0.380962 0.647158 -0.088967
v 0.391372 0.655985 -0.105517
v 0.403700 0.667741 -0.118710
v 0.402474 0.658681 -0.095174
v 0.413153 0.668879 -0.106592
v 0.415516 0.654396 -0.088171
v 0.425236 0.663690 -0.098557
v 0.427004 0.644280 -0.086384
v 0.436713 0.653564 -0.096759
v 0.433858 0.631042 -0.090292
v 0.444508 0.641214 -0.101679
v 0.434243 0.618230 -0.098847
v 0.446532 0.629949 -0.111999
v 0.428056 0.609277 -0.109758
v 0.442244 0.622788 -0.124953
v 0.416954 0.606582 -0.120101
v 0.432791 0.621649 -0.137071
v 0.403912 0.610866 -0.127104
v 0.420708 0.626838 -0.145106
v 0.438855 0.644987 -0.157690
v 0.457855 0.664200 -0.165012
v 0.449857 0.638723 -0.148903
v 0.467632 0.656706 -0.155753
v 0.457569 0.638133 -0.135574
v 0.473506 0.654268 -0.141716
v 0.459926 0.643374 -0.121275
v 0.473904 0.657541 -0.126662
v 0.456294 0.653042 -0.109837
v 0.468717 0.665646 -0.114625
v 0.447649 0.664547 -0.104324
v 0.459337 0.676413 -0.108830
v 0.436305 0.674806 -0.106215
v 0.448277 0.686956 -0.110830
v 0.425303 0.681069 -0.115003
v 0.438500 0.694451 -0.120089
v 0.417591 0.681660 -0.128332
v 0.432625 0.696888 -0.134126
v 0.448364 0.712520 -0.135844
v 0.464366 0.727621 -0.133234
v 0.452232 0.708107 -0.121595
v 0.465970 0.721090 -0.119368
v 0.460583 0.699207 -0.112185
v 0.472614 0.710595 -0.110247
v 0.471177 0.688204 -0.110135
v 0.482519 0.698948 -0.108314
v 0.481177 0.678048 -0.115996
v 0.493031 0.689270 -0.114088
v 0.487902 0.671459 -0.128196
v 0.501332 0.684155 -0.126021
v 0.489552 0.670202 -0.143467
v 0.505200 0.684972 -0.140917
v 0.485683 0.674616 -0.157716
v 0.503596 0.691503 -0.154783
v 0.477332 0.683516 -0.167126
v 0.496952 0.701998 -0.163904
v 0.516310 0.718594 -0.155038
v 0.534775 0.731992 -0.140197
v 0.520924 0.706374 -0.146860
v 0.537119 0.718143 -0.133856
v 0.519950 0.697654 -0.134191
v 0.533361 0.707425 -0.123440
v 0.513649 0.694770 -0.120426
v 0.524508 0.702709 -0.111740
v 0.503709 0.698494 -0.109253
v 0.512932 0.705259 -0.101892
v 0.492795 0.707830 -0.103667
v 0.501734 0.714392 -0.096534
v 0.483829 0.720274 -0.105163
v 0.493916 0.727660 -0.097102
v 0.479215 0.732494 -0.113341
v 0.491572 0.741509 -0.103443
v 0.480189 0.741214 -0.126010
v 0.495330 0.752227 -0.113859
v 0.509151 0.759455 -0.096567
v 0.520910 0.761686 -0.074188
v 0.502757 0.747375 -0.089447
v 0.512479 0.749211 -0.070902
v 0.502896 0.732387 -0.085863
v 0.510880 0.733887 -0.070589
v 0.509531 0.718508 -0.086774
v 0.516542 0.719819 -0.073333
v 0.520884 0.709456 -0.091938
v 0.527947 0.710777 -0.078399
v 0.533913 0.707656 -0.099969
v 0.542039 0.709183 -0.084429
v 0.545127 0.713591 -0.108717
v 0.555043 0.715466 -0.089807
v 0.551520 0.725671 -0.115837
v 0.563474 0.727940 -0.093093
v 0.551381 0.740659 -0.119422
v 0.565073 0.743265 -0.093406
v 0.575237 0.739187 -0.062703
v 0.580773 0.731180 -0.023242
v 0.572857 0.724102 -0.064768
v 0.578323 0.716189 -0.025844
v 0.563385 0.711946 -0.064655
v 0.568597 0.704375 -0.027670
v 0.549358 0.705978 -0.062393
v 0.554201 0.698904 -0.028232
v 0.534535 0.707795 -0.058588
v 0.538993 0.701241 -0.027378
v 0.522888 0.716911 -0.054260
v 0.527046 0.710761 -0.025338
v 0.517538 0.730884 -0.050569
v 0.521564 0.724912 -0.022658
v 0.519917 0.745969 -0.048503
v 0.524013 0.739903 -0.020057
v 0.529390 0.758125 -0.048617
v 0.533739 0.751716 -0.018230
v 0.531627 0.747898 0.007408
v 0.524539 0.745643 0.029716
v 0.522030 0.736318 0.004046
v 0.515474 0.734240 0.024687
v 0.519562 0.721295 0.001662
v 0.513004 0.719215 0.022307
v 0.524884 0.706852 0.000893
v 0.517792 0.704595 0.023214
v 0.536571 0.696862 0.001947
v 0.528554 0.694297 0.027165
v 0.551489 0.693999 0.004540
v 0.542407 0.691080 0.033102
v 0.565644 0.699032 0.007978
v 0.555639 0.695806 0.039432
v 0.575240 0.710612 0.011340
v 0.564704 0.707208 0.044461
v 0.577708 0.725636 0.013725
v 0.567173 0.722233 0.046841
v 0.550442 0.720345 0.075071
v 0.528632 0.719295 0.097501
v 0.548116 0.705338 0.072451
v 0.526770 0.704313 0.094408
v 0.540085 0.694059 0.065684
v 0.520455 0.693128 0.085893
v 0.528503 0.689531 0.056583
v 0.511381 0.688736 0.074237
v 0.516472 0.692967 0.047586
v 0.501978 0.692315 0.062563
v 0.507215 0.703446 0.041105
v 0.494765 0.702905 0.054001
v 0.503215 0.718161 0.038875
v 0.491676 0.717669 0.050842
v 0.505541 0.733168 0.041496
v 0.493539 0.732651 0.053935
v 0.513572 0.744447 0.048263
v 0.499853 0.743837 0.062451
v 0.484603 0.743348 0.071661
v 0.468974 0.742525 0.075425
v 0.480994 0.732277 0.061566
v 0.469360 0.731712 0.064451
v 0.480165 0.717339 0.057870
v 0.470391 0.716894 0.060346
v 0.482337 0.702536 0.061563
v 0.471789 0.702041 0.064210
v 0.486928 0.691835 0.071657
v 0.473181 0.691133 0.075007
v 0.492709 0.688102 0.085446
v 0.474193 0.687093 0.089844
v 0.498130 0.692338 0.099236
v 0.474554 0.691004 0.104746
v 0.501738 0.703408 0.109332
v 0.474168 0.701817 0.115720
v 0.502568 0.718346 0.113028
v 0.473138 0.716635 0.119825
v 0.442699 0.713214 0.115383
v 0.415754 0.707485 0.098720
v 0.446313 0.698701 0.111670
v 0.421862 0.693507 0.096527
v 0.451624 0.688468 0.101444
v 0.431576 0.684221 0.088984
v 0.457210 0.685259 0.087444
v 0.442293 0.682114 0.078112
v 0.461574 0.689933 0.073423
v 0.451141 0.687751 0.066824
v 0.463546 0.701237 0.063136
v 0.455750 0.699622 0.058144
v 0.462598 0.716143 0.059341
v 0.454884 0.714546 0.054398
v 0.458984 0.730657 0.063054
v 0.448775 0.728523 0.056591
v 0.453673 0.740889 0.073280
v 0.439061 0.737810 0.064134
v 0.426150 0.732529 0.046281
v 0.438556 0.724313 0.042272
v 0.446279 0.710976 0.042198
v 0.447247 0.696094 0.046078
v 0.441204 0.683652 0.052874
v 0.429766 0.676986 0.060763
v 0.416000 0.677881 0.067632
v 0.403594 0.686097 0.071641
v 0.395872 0.699433 0.071715
vn -0.6610 -0.6963 0.2798
vn -0.6510 -0.6761 0.3451
vn -0.9264 -0.2513 0.2806
vn -0.9421 -0.2795 0.1851
vn -0.9608 0.2374 0.1432
vn -0.9772 0.2078 0.0426
vn -0.2020 -0.9319 0.3013
vn -0.2024 -0.9258 0.3194
vn 0.3151 -0.9176 0.2423
vn 0.3045 -0.9293 0.2091
vn 0.7481 -0.6531 0.1178
vn 0.7327 -0.6793 0.0425
vn 0.9769 -0.2103 -0.0386
vn 0.9610 -0.2409 -0.1359
vn 0.9391 0.2897 -0.1848
vn 0.9236 0.2643 -0.2776
vn 0.6451 0.7106 -0.2808
vn 0.6317 0.6951 -0.3432
vn 0.1757 0.9377 -0.2999
vn 0.1693 0.9342 -0.3139
vn -0.3386 0.9106 -0.2371
vn -0.3346 0.9211 -0.1991
vn -0.7586 0.6420 -0.1114
vn -0.7460 0.6652 -0.0317
vn -0.6841 0.7144 0.1473
vn -0.3107 0.9434 -0.1159
vn -0.8779 0.3027 0.3709
vn -0.5392 0.7696 0.3422
vn -0.2531 0.9670 -0.0300
vn -0.6843 0.3770 0.6242
vn -0.3059 0.8182 0.4868
vn -0.1647 0.9860 0.0276
vn -0.3671 0.4432 0.8178
vn -0.0494 0.8487 0.5265
vn -0.0815 0.9959 0.0386
vn -0.0046 0.4850 0.8745
vn 0.1535 0.8631 0.4812
vn -0.0362 0.9991 0.0241
vn 0.3017 0.5045 0.8090
vn 0.2839 0.8697 0.4037
vn -0.0280 0.9995 0.0149
vn 0.5188 0.5135 0.6835
vn 0.3602 0.8743 0.3252
vn -0.0408 0.9989 0.0249
vn 0.6633 0.5209 0.5374
vn 0.4021 0.8793 0.2551
vn -0.0609 0.9965 0.0570
vn 0.7553 0.5311 0.3841
vn 0.4215 0.8855 0.1954
vn -0.0780 0.9909 0.1094
vn 0.8054 0.5468 0.2288
vn 0.4264 0.8926 0.1462
vn -0.0827 0.9807 0.1772
vn 0.8184 0.5694 0.0777
vn 0.4069 0.9115 0.0593
vn -0.0856 0.9784 0.1883
vn 0.7910 0.6062 -0.0831
vn 0.3403 0.9318 -0.1259
vn -0.1243 0.9895 0.0739
vn 0.7160 0.6340 -0.2921
vn 0.2156 0.9066 -0.3627
vn -0.2135 0.9719 -0.0993
vn 0.5882 0.6089 -0.5323
vn 0.0541 0.8228 -0.5657
vn -0.3288 0.9124 -0.2437
vn 0.4218 0.5220 -0.7414
vn -0.1155 0.7011 -0.7036
vn -0.4463 0.8287 -0.3378
vn 0.2438 0.3928 -0.8867
vn -0.2710 0.5691 -0.7763
vn -0.5490 0.7422 -0.3844
vn 0.0762 0.2487 -0.9656
vn -0.4052 0.4434 -0.7995
vn -0.6319 0.6652 -0.3977
vn -0.0740 0.1066 -0.9915
vn -0.5212 0.3284 -0.7877
vn -0.6974 0.6008 -0.3908
vn -0.2097 -0.0288 -0.9773
vn -0.6245 0.2233 -0.7484
vn -0.7498 0.5477 -0.3713
vn -0.3368 -0.1582 -0.9282
vn -0.7197 0.1269 -0.6826
vn -0.7925 0.5045 -0.3428
vn -0.4596 -0.2820 -0.8422
vn -0.8079 0.0417 -0.5879
vn -0.8273 0.4705 -0.3069
vn -0.5781 -0.3956 -0.7137
vn -0.8855 -0.0250 -0.4639
vn -0.8543 0.4469 -0.2654
vn -0.6860 -0.4875 -0.5401
vn -0.9179 -0.0522 -0.3934
vn -0.8654 0.4380 -0.2433
vn -0.7310 -0.5223 -0.4391
vn -0.3097 -0.8228 -0.4766
vn -0.3589 -0.8559 -0.3724
vn 0.1473 -0.9457 -0.2897
vn 0.1064 -0.9718 -0.2102
vn 0.5685 -0.8223 -0.0262
vn 0.5496 -0.8354 0.0087
vn 0.8422 -0.4795 0.2466
vn 0.8511 -0.4729 0.2282
vn 0.8902 -0.0038 0.4555
vn 0.9219 0.0216 0.3869
vn 0.6931 0.4765 0.5409
vn 0.7389 0.5107 0.4396
vn 0.3023 0.8258 0.4761
vn 0.3527 0.8589 0.3714
vn -0.1716 0.9449 0.2787
vn -0.1308 0.9709 0.2007
vn -0.5951 0.8037 0.0060
vn -0.5783 0.8154 -0.0254
vn -0.6266 0.7771 0.0586
vn -0.2545 0.8750 0.4119
vn -0.6550 0.7501 0.0911
vn -0.3395 0.7942 0.5040
vn 0.1901 0.7323 0.6539
vn 0.0711 0.6205 0.7810
vn 0.5833 0.3864 0.7145
vn 0.4633 0.2752 0.8424
vn 0.8140 -0.0656 0.5771
vn 0.7270 -0.1455 0.6711
vn 0.8202 -0.4970 0.2833
vn 0.7901 -0.5244 0.3175
vn 0.6055 -0.7915 -0.0836
vn 0.6395 -0.7596 -0.1185
vn 0.2324 -0.8747 -0.4253
vn 0.3205 -0.7920 -0.5197
vn -0.1990 -0.7295 -0.6544
vn -0.0805 -0.6170 -0.7828
vn 0.4044 -0.7087 -0.5781
vn 0.0383 -0.4981 -0.8663
vn 0.4824 -0.6299 -0.6087
vn 0.1562 -0.3783 -0.9124
vn 0.6832 -0.7162 -0.1424
vn 0.6660 -0.7335 -0.1359
vn 0.7024 -0.6109 0.3654
vn 0.7512 -0.5622 0.3458
vn 0.5305 -0.3387 0.7771
vn 0.6327 -0.2372 0.7371
vn 0.2117 0.0274 0.9769
vn 0.3395 0.1541 0.9279
vn -0.1657 0.3861 0.9075
vn -0.0477 0.5033 0.8628
vn -0.4962 0.6379 0.5890
vn -0.4205 0.7135 0.5604
vn -0.6898 0.7153 0.1124
vn -0.6767 0.7284 0.1072
vn -0.6928 0.7124 0.1119
vn -0.5676 0.5687 0.5954
vn -0.6841 0.7208 0.1116
vn -0.6363 0.5063 0.5820
vn -0.2861 0.2693 0.9196
vn -0.4135 0.1528 0.8976
vn 0.0756 -0.1051 0.9916
vn -0.0749 -0.2441 0.9669
vn 0.4161 -0.4507 0.7898
vn 0.2841 -0.5740 0.7680
vn 0.6408 -0.6716 0.3719
vn 0.5630 -0.7449 0.3580
vn 0.6905 -0.7089 -0.1440
vn 0.6872 -0.7116 -0.1464
vn 0.5560 -0.5562 -0.6177
vn 0.6274 -0.4875 -0.6071
vn 0.2764 -0.2579 -0.9258
vn 0.4037 -0.1364 -0.9047
vn 0.6982 -0.4251 -0.5761
vn 0.5405 -0.0174 -0.8412
vn 0.7658 -0.3744 -0.5228
vn 0.6815 0.0863 -0.7267
vn 0.6486 -0.7401 -0.1779
vn 0.6729 -0.7232 -0.1555
vn 0.3551 -0.9086 0.2198
vn 0.4666 -0.8277 0.3118
vn -0.0392 -0.8272 0.5606
vn 0.1307 -0.7047 0.6974
vn -0.4248 -0.5140 0.7452
vn -0.2436 -0.3856 0.8899
vn -0.6910 -0.0579 0.7206
vn -0.5502 0.0399 0.8341
vn -0.7637 0.4109 0.4980
vn -0.7026 0.4524 0.5493
vn -0.6286 0.7642 0.1442
vn -0.6623 0.7397 0.1193
vn -0.5902 0.7842 0.1917
vn -0.8139 0.3858 0.4344
vn -0.5589 0.7887 0.2559
vn -0.8490 0.3768 0.3704
vn -0.8185 -0.1222 0.5613
vn -0.9128 -0.1412 0.3833
vn -0.5953 -0.6008 0.5335
vn -0.7254 -0.6249 0.2886
vn -0.2038 -0.9120 0.3560
vn -0.3332 -0.9360 0.1135
vn 0.2429 -0.9668 0.0794
vn 0.1518 -0.9842 -0.0911
vn 0.6183 -0.7555 -0.2167
vn 0.5900 -0.7612 -0.2692
vn 0.8234 -0.3438 -0.4515
vn 0.8638 -0.3365 -0.3749
vn 0.8103 0.1540 -0.5654
vn 0.9076 0.1724 -0.3828
vn 0.8936 -0.3580 -0.2707
vn 0.9687 0.1432 -0.2029
vn 0.9134 -0.3958 -0.0955
vn 0.9950 0.0993 -0.0102
vn 0.5941 -0.7890 -0.1565
vn 0.5825 -0.7669 -0.2694
vn 0.1176 -0.9771 -0.1772
vn 0.1137 -0.9735 -0.1983
vn -0.3931 -0.9070 -0.1510
vn -0.3887 -0.9184 -0.0733
vn -0.8017 -0.5920 -0.0829
vn -0.7872 -0.6121 0.0748
vn -0.9936 -0.1123 0.0094
vn -0.9693 -0.1361 0.2046
vn -0.9106 0.4010 0.0994
vn -0.8840 0.3772 0.2762
vn -0.5744 0.8026 0.1608
vn -0.5584 0.7847 0.2690
vn -0.5607 0.8280 -0.0069
vn -0.8919 0.4356 -0.1218
vn -0.5116 0.8446 -0.1582
vn -0.8246 0.4589 -0.3308
vn -0.9760 -0.0786 -0.2029
vn -0.9096 -0.0551 -0.4117
vn -0.7897 -0.5696 -0.2278
vn -0.7423 -0.5527 -0.3787
vn -0.3887 -0.9014 -0.1906
vn -0.3725 -0.8958 -0.2425
vn 0.1133 -0.9883 -0.1025
vn 0.0945 -0.9946 -0.0421
vn 0.5813 -0.8136 0.0122
vn 0.5326 -0.8296 0.1680
vn 0.8953 -0.4281 0.1232
vn 0.8289 -0.4492 0.3334
vn 0.9770 0.0676 0.2022
vn 0.9099 0.0465 0.4121
vn 0.7173 -0.4611 0.5224
vn 0.7927 0.0340 0.6086
vn 0.5599 -0.4672 0.6843
vn 0.6189 0.0265 0.7850
vn 0.3552 -0.8421 0.4058
vn 0.4553 -0.8381 0.3004
vn 0.0543 -0.9983 0.0188
vn 0.0715 -0.9974 -0.0016
vn -0.2657 -0.8878 -0.3759
vn -0.3354 -0.8912 -0.3053
vn -0.5165 -0.5330 -0.6702
vn -0.6544 -0.5412 -0.5280
vn -0.6243 -0.0285 -0.7806
vn -0.7940 -0.0396 -0.6066
vn -0.5571 0.4844 -0.6745
vn -0.7128 0.4738 -0.5172
vn -0.3366 0.8610 -0.3812
vn -0.4348 0.8544 -0.2845
vn -0.2206 0.8683 -0.4443
vn -0.3508 0.4966 -0.7939
vn -0.0940 0.8796 -0.4663
vn -0.0864 0.5191 -0.8503
vn -0.3862 -0.0163 -0.9223
vn -0.0595 0.0078 -0.9982
vn -0.3103 -0.5242 -0.7931
vn -0.0121 -0.5063 -0.8623
vn -0.1461 -0.8837 -0.4447
vn 0.0428 -0.8738 -0.4844
vn 0.0540 -0.9983 0.0234
vn 0.0820 -0.9964 0.0226
vn 0.2336 -0.8449 0.4812
vn 0.0934 -0.8511 0.5166
vn 0.3483 -0.4728 0.8094
vn 0.0778 -0.4864 0.8703
vn 0.3724 0.0184 0.9279
vn 0.0417 -0.0003 0.9991
vn -0.2184 -0.5186 0.8266
vn -0.3351 -0.0426 0.9412
vn -0.4606 -0.5706 0.6799
vn -0.6557 -0.1101 0.7469
vn -0.1452 -0.8878 0.4367
vn -0.0452 -0.8655 0.4988
vn 0.2140 -0.9739 0.0756
vn 0.1411 -0.9894 0.0352
vn 0.5234 -0.7942 -0.3089
vn 0.2911 -0.8465 -0.4457
vn 0.6924 -0.3877 -0.6085
vn 0.3628 -0.4628 -0.8088
vn 0.6633 0.1304 -0.7369
vn 0.3326 0.0584 -0.9413
vn 0.4439 0.6077 -0.6585
vn 0.2064 0.5588 -0.8032
vn 0.1055 0.9116 -0.3973
vn 0.0226 0.8954 -0.4447
vn 0.1502 0.9249 -0.3492
vn 0.5770 0.6557 -0.4869
vn 0.8482 0.2033 -0.4890
vn 0.8822 -0.3079 -0.3563
vn 0.6686 -0.7330 -0.1258
vn 0.2726 -0.9519 0.1399
vn -0.1910 -0.9100 0.3681
vn -0.5978 -0.6279 0.4983
vn -0.8467 -0.1856 0.4987
vt 0.507470 0.262941
vt 0.509562 0.249652
vt 0.514649 0.250483
vt 0.513429 0.264274
vt 0.519760 0.250589
vt 0.519595 0.264695
vt 0.501893 0.260884
vt 0.504558 0.248226
vt 0.496757 0.258459
vt 0.499652 0.246372
vt 0.491970 0.256128
vt 0.494824 0.244395
vt 0.487330 0.254330
vt 0.490029 0.242704
vt 0.482624 0.253214
vt 0.485210 0.241617
vt 0.541364 0.259030
vt 0.539561 0.246624
vt 0.544383 0.245788
vt 0.546141 0.257831
vt 0.536470 0.260750
vt 0.534719 0.247907
vt 0.531244 0.262553
vt 0.529814 0.249204
vt 0.525600 0.263980
vt 0.524822 0.250173
vt 0.524773 0.239548
vt 0.529523 0.238672
vt 0.520011 0.240005
vt 0.524670 0.230913
vt 0.529278 0.230238
vt 0.520098 0.231323
vt 0.524480 0.223394
vt 0.529110 0.223072
vt 0.519939 0.223659
vt 0.524470 0.216392
vt 0.529102 0.216444
vt 0.519885 0.216465
vt 0.524458 0.209514
vt 0.529191 0.209817
vt 0.519750 0.209448
vt 0.524450 0.202472
vt 0.529290 0.202865
vt 0.519622 0.202316
vt 0.524418 0.195036
vt 0.529356 0.195453
vt 0.519592 0.194807
vt 0.524550 0.187086
vt 0.529517 0.187534
vt 0.519580 0.186784
vt 0.524849 0.178568
vt 0.529855 0.179082
vt 0.519843 0.178108
vt 0.525537 0.169410
vt 0.530596 0.170013
vt 0.520425 0.168729
vt 0.526651 0.159094
vt 0.531552 0.159526
vt 0.521734 0.158389
vt 0.527587 0.150294
vt 0.532254 0.150504
vt 0.522835 0.149836
vt 0.527963 0.142036
vt 0.532607 0.142129
vt 0.523284 0.141867
vt 0.528036 0.134402
vt 0.532858 0.134395
vt 0.523326 0.134429
vt 0.527917 0.127077
vt 0.532676 0.126954
vt 0.523147 0.127263
vt 0.527522 0.119864
vt 0.532296 0.119643
vt 0.522727 0.120193
vt 0.526969 0.112641
vt 0.531669 0.112324
vt 0.522138 0.113099
vt 0.526163 0.105369
vt 0.530974 0.104938
vt 0.521363 0.105903
vt 0.525228 0.097987
vt 0.530003 0.097548
vt 0.520477 0.098538
vt 0.524256 0.090435
vt 0.529013 0.090111
vt 0.519544 0.090923
vt 0.523350 0.082606
vt 0.528174 0.082574
vt 0.518588 0.082931
vt 0.522741 0.074307
vt 0.527802 0.074821
vt 0.517697 0.074336
vt 0.522981 0.065277
vt 0.528701 0.066722
vt 0.517001 0.064803
vt 0.512711 0.074964
vt 0.511040 0.065500
vt 0.507824 0.076197
vt 0.505391 0.067345
vt 0.502982 0.077937
vt 0.500229 0.070093
vt 0.498335 0.080156
vt 0.495467 0.073295
vt 0.493729 0.082495
vt 0.491217 0.076537
vt 0.489078 0.084526
vt 0.487088 0.079118
vt 0.484376 0.085925
vt 0.482624 0.080693
vt 0.537897 0.076674
vt 0.538847 0.070568
vt 0.543623 0.071683
vt 0.542808 0.077272
vt 0.532860 0.075717
vt 0.533982 0.068707
vt 0.533065 0.082774
vt 0.538002 0.083051
vt 0.533823 0.089928
vt 0.538672 0.089801
vt 0.542882 0.083111
vt 0.543510 0.089530
vt 0.486544 0.097243
vt 0.485635 0.091344
vt 0.490417 0.090286
vt 0.491359 0.096491
vt 0.495172 0.088838
vt 0.496140 0.095483
vt 0.499874 0.087238
vt 0.500870 0.094369
vt 0.504539 0.085737
vt 0.505552 0.093290
vt 0.509198 0.084482
vt 0.510211 0.092343
vt 0.513876 0.083559
vt 0.514867 0.091566
vt 0.511015 0.099900
vt 0.515742 0.099184
vt 0.511795 0.107205
vt 0.516574 0.106525
vt 0.507020 0.107917
vt 0.506392 0.100678
vt 0.502350 0.108624
vt 0.501657 0.101511
vt 0.497548 0.109285
vt 0.496897 0.102346
vt 0.492725 0.109827
vt 0.492096 0.103068
vt 0.487887 0.110237
vt 0.487266 0.103614
vt 0.540459 0.104329
vt 0.539527 0.096937
vt 0.544358 0.096529
vt 0.545280 0.103924
vt 0.535652 0.104635
vt 0.534809 0.097207
vt 0.536463 0.112077
vt 0.541266 0.111847
vt 0.537069 0.119489
vt 0.541859 0.119382
vt 0.546088 0.111542
vt 0.546678 0.119206
vt 0.488764 0.123058
vt 0.488405 0.116810
vt 0.493253 0.116520
vt 0.493621 0.122906
vt 0.498112 0.116127
vt 0.498507 0.122668
vt 0.502871 0.115584
vt 0.503390 0.122246
vt 0.507691 0.114944
vt 0.508256 0.121718
vt 0.512504 0.114289
vt 0.513097 0.121167
vt 0.517317 0.113661
vt 0.517918 0.120644
vt 0.513534 0.127877
vt 0.518358 0.127546
vt 0.513739 0.134511
vt 0.518567 0.134479
vt 0.508828 0.134507
vt 0.508659 0.128217
vt 0.503846 0.134464
vt 0.503726 0.128531
vt 0.498748 0.134400
vt 0.498748 0.128751
vt 0.493774 0.134287
vt 0.493804 0.128811
vt 0.488877 0.134178
vt 0.488929 0.128819
vt 0.542336 0.134343
vt 0.542203 0.126861
vt 0.547018 0.126787
vt 0.547153 0.134308
vt 0.537575 0.134366
vt 0.537430 0.126889
vt 0.537410 0.142136
vt 0.542259 0.142096
vt 0.537028 0.150576
vt 0.541820 0.150516
vt 0.547187 0.142129
vt 0.546638 0.150574
vt 0.488253 0.145844
vt 0.488578 0.139569
vt 0.493578 0.139761
vt 0.493135 0.146027
vt 0.498553 0.139992
vt 0.498110 0.146254
vt 0.503561 0.140355
vt 0.503052 0.146751
vt 0.508649 0.140808
vt 0.508105 0.147499
vt 0.513650 0.141241
vt 0.513086 0.148338
vt 0.518533 0.141605
vt 0.517990 0.149148
vt 0.511931 0.156522
vt 0.516824 0.157488
vt 0.510558 0.167432
vt 0.515427 0.168046
vt 0.505803 0.166946
vt 0.507050 0.155628
vt 0.501128 0.166628
vt 0.502172 0.154939
vt 0.496369 0.166406
vt 0.497338 0.154488
vt 0.491494 0.166290
vt 0.492498 0.154272
vt 0.486621 0.166086
vt 0.487672 0.154057
vt 0.540391 0.170794
vt 0.541293 0.159750
vt 0.546125 0.159874
vt 0.545268 0.171081
vt 0.535504 0.170466
vt 0.536435 0.159717
vt 0.534829 0.179628
vt 0.539753 0.180113
vt 0.534465 0.188102
vt 0.539373 0.188667
vt 0.544627 0.180453
vt 0.544240 0.189012
vt 0.485652 0.187548
vt 0.485917 0.177242
vt 0.490753 0.177333
vt 0.490476 0.187452
vt 0.495554 0.177296
vt 0.495258 0.187212
vt 0.500333 0.177347
vt 0.500046 0.187021
vt 0.505123 0.177413
vt 0.504859 0.186833
vt 0.509964 0.177543
vt 0.509717 0.186697
vt 0.514872 0.177768
vt 0.514627 0.186664
vt 0.509756 0.195070
vt 0.514650 0.194841
vt 0.509999 0.202787
vt 0.514798 0.202432
vt 0.505233 0.203301
vt 0.504911 0.195431
vt 0.500489 0.203906
vt 0.500104 0.195862
vt 0.495749 0.204536
vt 0.495308 0.196304
vt 0.490988 0.205103
vt 0.490644 0.196755
vt 0.486184 0.205452
vt 0.485817 0.197010
vt 0.538989 0.204293
vt 0.539158 0.196730
vt 0.544016 0.197115
vt 0.543835 0.204763
vt 0.534138 0.203519
vt 0.534273 0.196066
vt 0.533966 0.210384
vt 0.538793 0.211140
vt 0.533816 0.216659
vt 0.538639 0.217050
vt 0.543640 0.211657
vt 0.543497 0.217376
vt 0.486901 0.217686
vt 0.486632 0.212463
vt 0.491456 0.212204
vt 0.491770 0.217742
vt 0.496267 0.211718
vt 0.496677 0.217712
vt 0.501009 0.211119
vt 0.501476 0.217522
vt 0.505704 0.210524
vt 0.506161 0.217241
vt 0.510379 0.210000
vt 0.510769 0.216926
vt 0.515057 0.209615
vt 0.515334 0.216639
vt 0.511058 0.223832
vt 0.515507 0.223813
vt 0.510879 0.231155
vt 0.515534 0.231409
vt 0.506244 0.230516
vt 0.506420 0.223727
vt 0.501509 0.229486
vt 0.501662 0.223404
vt 0.496651 0.228094
vt 0.496780 0.222814
vt 0.491725 0.226680
vt 0.491820 0.222049
vt 0.486852 0.225978
vt 0.486950 0.221627
vt 0.538741 0.228368
vt 0.538689 0.222390
vt 0.543498 0.222168
vt 0.543676 0.227730
vt 0.533961 0.229346
vt 0.533840 0.222719
vt 0.534286 0.237508
vt 0.539080 0.236316
vt 0.543908 0.235627
vt 0.486395 0.232487
vt 0.491224 0.233390
vt 0.496057 0.235017
vt 0.500880 0.236821
vt 0.505676 0.238356
vt 0.510456 0.239430
vt 0.515236 0.239974
s 1
f 900/985/895 901/986/896 898/987/897 897/988/898
f 897/988/898 898/987/897 920/989/899 899/990/900
f 902/991/901 903/992/902 901/986/896 900/985/895
f 904/993/903 905/994/904 903/992/902 902/991/901
f 906/995/905 907/996/906 905/994/904 904/993/903
f 908/997/907 909/998/908 907/996/906 906/995/905
f 910/999/909 911/1000/910 909/998/908 908/997/907
f 912/1001/911 913/1002/912 911/1003/910 910/1004/909
f 914/1005/913 915/1006/914 913/1002/912 912/1001/911
f 916/1007/915 917/1008/916 915/1006/914 914/1005/913
f 918/1009/917 919/1010/918 917/1008/916 916/1007/915
f 899/990/900 920/989/899 919/1010/918 918/1009/917
f 919/1010/918 921/1011/919 922/1012/920 917/1008/916
f 920/989/899 923/1013/921 921/1011/919 919/1010/918
f 921/1011/919 924/1014/922 925/1015/923 922/1012/920
f 923/1013/921 926/1016/924 924/1014/922 921/1011/919
f 924/1014/922 927/1017/925 928/1018/926 925/1015/923
f 926/1016/924 929/1019/927 927/1017/925 924/1014/922
f 927/1017/925 930/1020/928 931/1021/929 928/1018/926
f 929/1019/927 932/1022/930 930/1020/928 927/1017/925
f 930/1020/928 933/1023/931 934/1024/932 931/1021/929
f 932/1022/930 935/1025/933 933/1023/931 930/1020/928
f 933/1023/931 936/1026/934 937/1027/935 934/1024/932
f 935/1025/933 938/1028/936 936/1026/934 933/1023/931
f 936/1026/934 939/1029/937 940/1030/938 937/1027/935
f 938/1028/936 941/1031/939 939/1029/937 936/1026/934
f 939/1029/937 942/1032/940 943/1033/941 940/1030/938
f 941/1031/939 944/1034/942 942/1032/940 939/1029/937
f 942/1032/940 945/1035/943 946/1036/944 943/1033/941
f 944/1034/942 947/1037/945 945/1035/943 942/1032/940
f 945/1035/943 948/1038/946 949/1039/947 946/1036/944
f 947/1037/945 950/1040/948 948/1038/946 945/1035/943
f 948/1038/946 951/1041/949 952/1042/950 949/1039/947
f 950/1040/948 953/1043/951 951/1041/949 948/1038/946
f 951/1041/949 954/1044/952 955/1045/953 952/1042/950
f 953/1043/951 956/1046/954 954/1044/952 951/1041/949
f 954/1044/952 957/1047/955 958/1048/956 955/1045/953
f 956/1046/954 959/1049/957 957/1047/955 954/1044/952
f 957/1047/955 960/1050/958 961/1051/959 958/1048/956
f 959/1049/957 962/1052/960 960/1050/958 957/1047/955
f 960/1050/958 963/1053/961 964/1054/962 961/1051/959
f 962/1052/960 965/1055/963 963/1053/961 960/1050/958
f 963/1053/961 966/1056/964 967/1057/965 964/1054/962
f 965/1055/963 968/1058/966 966/1056/964 963/1053/961
f 966/1056/964 969/1059/967 970/1060/968 967/1057/965
f 968/1058/966 971/1061/969 969/1059/967 966/1056/964
f 969/1059/967 972/1062/970 973/1063/971 970/1060/968
f 971/1061/969 974/1064/972 972/1062/970 969/1059/967
f 972/1062/970 975/1065/973 976/1066/974 973/1063/971
f 974/1064/972 977/1067/975 975/1065/973 972/1062/970
f 975/1065/973 978/1068/976 979/1069/977 976/1066/974
f 977/1067/975 980/1070/978 978/1068/976 975/1065/973
f 978/1068/976 981/1071/979 982/1072/980 979/1069/977
f 980/1070/978 983/1073/981 981/1071/979 978/1068/976
f 981/1071/979 984/1074/982 985/1075/983 982/1072/980
f 983/1073/981 986/1076/984 984/1074/982 981/1071/979
f 984/1074/982 987/1077/985 988/1078/986 985/1075/983
f 986/1076/984 989/1079/987 987/1077/985 984/1074/982
f 991/1080/988 990/1081/989 989/1079/987 986/1076/984
f 993/1082/990 992/1083/991 990/1081/989 991/1080/988
f 995/1084/992 994/1085/993 992/1083/991 993/1082/990
f 997/1086/994 996/1087/995 994/1085/993 995/1084/992
f 999/1088/996 998/1089/997 996/1087/995 997/1086/994
f 1001/1090/998 1000/1091/999 998/1089/997 999/1088/996
f 1003/1092/1000 1002/1093/1001 1000/1091/999 1001/1090/998
f 1005/1094/1002 1004/1095/1003 1002/1096/1001 1003/1097/1000
f 1007/1098/1004 1006/1099/1005 1004/1095/1003 1005/1094/1002
f 985/1075/983 988/1078/986 1006/1099/1005 1007/1098/1004
f 982/1072/980 985/1075/983 1007/1098/1004 1008/1100/1006
f 1008/1100/1006 1007/1098/1004 1005/1094/1002 1010/1101/1007
f 979/1069/977 982/1072/980 1008/1100/1006 1009/1102/1008
f 1009/1102/1008 1008/1100/1006 1010/1101/1007 1011/1103/1009
f 1011/1103/1009 1010/1101/1007 1012/1104/1010 1013/1105/1011
f 1010/1101/1007 1005/1094/1002 1003/1097/1000 1012/1104/1010
f 1013/1106/1011 1012/1107/1010 1014/1108/1012 1015/1109/1013
f 1012/1107/1010 1003/1092/1000 1001/1090/998 1014/1108/1012
f 1015/1109/1013 1014/1108/1012 1016/1110/1014 1017/1111/1015
f 1014/1108/1012 1001/1090/998 999/1088/996 1016/1110/1014
f 1017/1111/1015 1016/1110/1014 1018/1112/1016 1019/1113/1017
f 1016/1110/1014 999/1088/996 997/1086/994 1018/1112/1016
f 1019/1113/1017 1018/1112/1016 1020/1114/1018 1021/1115/1019
f 1018/1112/1016 997/1086/994 995/1084/992 1020/1114/1018
f 1021/1115/1019 1020/1114/1018 1022/1116/1020 1023/1117/1021
f 1020/1114/1018 995/1084/992 993/1082/990 1022/1116/1020
f 1023/1117/1021 1022/1116/1020 1024/1118/1022 1025/1119/1023
f 1022/1116/1020 993/1082/990 991/1080/988 1024/1118/1022
f 1025/1119/1023 1024/1118/1022 983/1073/981 980/1070/978
f 1024/1118/1022 991/1080/988 986/1076/984 983/1073/981
f 1028/1120/1024 1023/1117/1021 1025/1119/1023 1026/1121/1025
f 1026/1121/1025 1025/1119/1023 980/1070/978 977/1067/975
f 1029/1122/1026 1028/1120/1024 1026/1121/1025 1027/1123/1027
f 1027/1123/1027 1026/1121/1025 977/1067/975 974/1064/972
f 1031/1124/1028 1030/1125/1029 1028/1120/1024 1029/1122/1026
f 1030/1125/1029 1021/1115/1019 1023/1117/1021 1028/1120/1024
f 1033/1126/1030 1032/1127/1031 1030/1125/1029 1031/1124/1028
f 1032/1127/1031 1019/1113/1017 1021/1115/1019 1030/1125/1029
f 1035/1128/1032 1034/1129/1033 1032/1127/1031 1033/1126/1030
f 1034/1129/1033 1017/1111/1015 1019/1113/1017 1032/1127/1031
f 1037/1130/1034 1036/1131/1035 1034/1129/1033 1035/1128/1032
f 1036/1131/1035 1015/1109/1013 1017/1111/1015 1034/1129/1033
f 1039/1132/1036 1038/1133/1037 1036/1131/1035 1037/1130/1034
f 1038/1133/1037 1013/1106/1011 1015/1109/1013 1036/1131/1035
f 1041/1134/1038 1040/1135/1039 1038/1136/1037 1039/1137/1036
f 1040/1135/1039 1011/1103/1009 1013/1105/1011 1038/1136/1037
f 1043/1138/1040 1042/1139/1041 1040/1135/1039 1041/1134/1038
f 1042/1139/1041 1009/1102/1008 1011/1103/1009 1040/1135/1039
f 973/1063/971 976/1066/974 1042/1139/1041 1043/1138/1040
f 976/1066/974 979/1069/977 1009/1102/1008 1042/1139/1041
f 970/1060/968 973/1063/971 1043/1138/1040 1044/1140/1042
f 1044/1140/1042 1043/1138/1040 1041/1134/1038 1046/1141/1043
f 967/1057/965 970/1060/968 1044/1140/1042 1045/1142/1044
f 1045/1142/1044 1044/1140/1042 1046/1141/1043 1047/1143/1045
f 1047/1143/1045 1046/1141/1043 1048/1144/1046 1049/1145/1047
f 1046/1141/1043 1041/1134/1038 1039/1137/1036 1048/1144/1046
f 1049/1146/1047 1048/1147/1046 1050/1148/1048 1051/1149/1049
f 1048/1147/1046 1039/1132/1036 1037/1130/1034 1050/1148/1048
f 1051/1149/1049 1050/1148/1048 1052/1150/1050 1053/1151/1051
f 1050/1148/1048 1037/1130/1034 1035/1128/1032 1052/1150/1050
f 1053/1151/1051 1052/1150/1050 1054/1152/1052 1055/1153/1053
f 1052/1150/1050 1035/1128/1032 1033/1126/1030 1054/1152/1052
f 1055/1153/1053 1054/1152/1052 1056/1154/1054 1057/1155/1055
f 1054/1152/1052 1033/1126/1030 1031/1124/1028 1056/1154/1054
f 1057/1155/1055 1056/1154/1054 1058/1156/1056 1059/1157/1057
f 1056/1154/1054 1031/1124/1028 1029/1122/1026 1058/1156/1056
f 1059/1157/1057 1058/1156/1056 1060/1158/1058 1061/1159/1059
f 1058/1156/1056 1029/1122/1026 1027/1123/1027 1060/1158/1058
f 1061/1159/1059 1060/1158/1058 971/1061/969 968/1058/966
f 1060/1158/1058 1027/1123/1027 974/1064/972 971/1061/969
f 1064/1160/1060 1059/1157/1057 1061/1159/1059 1062/1161/1061
f 1062/1161/1061 1061/1159/1059 968/1058/966 965/1055/963
f 1065/1162/1062 1064/1160/1060 1062/1161/1061 1063/1163/1063
f 1063/1163/1063 1062/1161/1061 965/1055/963 962/1052/960
f 1067/1164/1064 1066/1165/1065 1064/1160/1060 1065/1162/1062
f 1066/1165/1065 1057/1155/1055 1059/1157/1057 1064/1160/1060
f 1069/1166/1066 1068/1167/1067 1066/1165/1065 1067/1164/1064
f 1068/1167/1067 1055/1153/1053 1057/1155/1055 1066/1165/1065
f 1071/1168/1068 1070/1169/1069 1068/1167/1067 1069/1166/1066
f 1070/1169/1069 1053/1151/1051 1055/1153/1053 1068/1167/1067
f 1073/1170/1070 1072/1171/1071 1070/1169/1069 1071/1168/1068
f 1072/1171/1071 1051/1149/1049 1053/1151/1051 1070/1169/1069
f 1075/1172/1072 1074/1173/1073 1072/1171/1071 1073/1170/1070
f 1074/1173/1073 1049/1146/1047 1051/1149/1049 1072/1171/1071
f 1077/1174/1074 1076/1175/1075 1074/1176/1073 1075/1177/1072
f 1076/1175/1075 1047/1143/1045 1049/1145/1047 1074/1176/1073
f 1079/1178/1076 1078/1179/1077 1076/1175/1075 1077/1174/1074
f 1078/1179/1077 1045/1142/1044 1047/1143/1045 1076/1175/1075
f 961/1051/959 964/1054/962 1078/1179/1077 1079/1178/1076
f 964/1054/962 967/1057/965 1045/1142/1044 1078/1179/1077
f 958/1048/956 961/1051/959 1079/1178/1076 1080/1180/1078
f 1080/1180/1078 1079/1178/1076 1077/1174/1074 1082/1181/1079
f 955/1045/953 958/1048/956 1080/1180/1078 1081/1182/1080
f 1081/1182/1080 1080/1180/1078 1082/1181/1079 1083/1183/1081
f 1083/1183/1081 1082/1181/1079 1084/1184/1082 1085/1185/1083
f 1082/1181/1079 1077/1174/1074 1075/1177/1072 1084/1184/1082
f 1085/1186/1083 1084/1187/1082 1086/1188/1084 1087/1189/1085
f 1084/1187/1082 1075/1172/1072 1073/1170/1070 1086/1188/1084
f 1087/1189/1085 1086/1188/1084 1088/1190/1086 1089/1191/1087
f 1086/1188/1084 1073/1170/1070 1071/1168/1068 1088/1190/1086
f 1089/1191/1087 1088/1190/1086 1090/1192/1088 1091/1193/1089
f 1088/1190/1086 1071/1168/1068 1069/1166/1066 1090/1192/1088
f 1091/1193/1089 1090/1192/1088 1092/1194/1090 1093/1195/1091
f 1090/1192/1088 1069/1166/1066 1067/1164/1064 1092/1194/1090
f 1093/1195/1091 1092/1194/1090 1094/1196/1092 1095/1197/1093
f 1092/1194/1090 1067/1164/1064 1065/1162/1062 1094/1196/1092
f 1095/1197/1093 1094/1196/1092 1096/1198/1094 1097/1199/1095
f 1094/1196/1092 1065/1162/1062 1063/1163/1063 1096/1198/1094
f 1097/1199/1095 1096/1198/1094 959/1049/957 956/1046/954
f 1096/1198/1094 1063/1163/1063 962/1052/960 959/1049/957
f 1100/1200/1096 1095/1197/1093 1097/1199/1095 1098/1201/1097
f 1098/1201/1097 1097/1199/1095 956/1046/954 953/1043/951
f 1101/1202/1098 1100/1200/1096 1098/1201/1097 1099/1203/1099
f 1099/1203/1099 1098/1201/1097 953/1043/951 950/1040/948
f 1103/1204/1100 1102/1205/1101 1100/1200/1096 1101/1202/1098
f 1102/1205/1101 1093/1195/1091 1095/1197/1093 1100/1200/1096
f 1105/1206/1102 1104/1207/1103 1102/1205/1101 1103/1204/1100
f 1104/1207/1103 1091/1193/1089 1093/1195/1091 1102/1205/1101
f 1107/1208/1104 1106/1209/1105 1104/1207/1103 1105/1206/1102
f 1106/1209/1105 1089/1191/1087 1091/1193/1089 1104/1207/1103
f 1109/1210/1106 1108/1211/1107 1106/1209/1105 1107/1208/1104
f 1108/1211/1107 1087/1189/1085 1089/1191/1087 1106/1209/1105
f 1111/1212/1108 1110/1213/1109 1108/1211/1107 1109/1210/1106
f 1110/1213/1109 1085/1186/1083 1087/1189/1085 1108/1211/1107
f 1113/1214/1110 1112/1215/1111 1110/1216/1109 1111/1217/1108
f 1112/1215/1111 1083/1183/1081 1085/1185/1083 1110/1216/1109
f 1115/1218/1112 1114/1219/1113 1112/1215/1111 1113/1214/1110
f 1114/1219/1113 1081/1182/1080 1083/1183/1081 1112/1215/1111
f 949/1039/947 952/1042/950 1114/1219/1113 1115/1218/1112
f 952/1042/950 955/1045/953 1081/1182/1080 1114/1219/1113
f 946/1036/944 949/1039/947 1115/1218/1112 1116/1220/1114
f 1116/1220/1114 1115/1218/1112 1113/1214/1110 1118/1221/1115
f 943/1033/941 946/1036/944 1116/1220/1114 1117/1222/1116
f 1117/1222/1116 1116/1220/1114 1118/1221/1115 1119/1223/1117
f 1119/1223/1117 1118/1221/1115 1120/1224/1118 1121/1225/1119
f 1118/1221/1115 1113/1214/1110 1111/1217/1108 1120/1224/1118
f 1121/1226/1119 1120/1227/1118 1122/1228/1120 1123/1229/1121
f 1120/1227/1118 1111/1212/1108 1109/1210/1106 1122/1228/1120
f 1123/1229/1121 1122/1228/1120 1124/1230/1122 1125/1231/1123
f 1122/1228/1120 1109/1210/1106 1107/1208/1104 1124/1230/1122
f 1125/1231/1123 1124/1230/1122 1126/1232/1124 1127/1233/1125
f 1124/1230/1122 1107/1208/1104 1105/1206/1102 1126/1232/1124
f 1127/1233/1125 1126/1232/1124 1128/1234/1126 1129/1235/1127
f 1126/1232/1124 1105/1206/1102 1103/1204/1100 1128/1234/1126
f 1129/1235/1127 1128/1234/1126 1130/1236/1128 1131/1237/1129
f 1128/1234/1126 1103/1204/1100 1101/1202/1098 1130/1236/1128
f 1131/1237/1129 1130/1236/1128 1132/1238/1130 1133/1239/1131
f 1130/1236/1128 1101/1202/1098 1099/1203/1099 1132/1238/1130
f 1133/1239/1131 1132/1238/1130 947/1037/945 944/1034/942
f 1132/1238/1130 1099/1203/1099 950/1040/948 947/1037/945
f 1136/1240/1132 1131/1237/1129 1133/1239/1131 1134/1241/1133
f 1134/1241/1133 1133/1239/1131 944/1034/942 941/1031/939
f 1137/1242/1134 1136/1240/1132 1134/1241/1133 1135/1243/1135
f 1135/1243/1135 1134/1241/1133 941/1031/939 938/1028/936
f 1139/1244/1136 1138/1245/1137 1136/1240/1132 1137/1242/1134
f 1138/1245/1137 1129/1235/1127 1131/1237/1129 1136/1240/1132
f 1141/1246/1138 1140/1247/1139 1138/1245/1137 1139/1244/1136
f 1140/1247/1139 1127/1233/1125 1129/1235/1127 1138/1245/1137
f 1143/1248/1140 1142/1249/1141 1140/1247/1139 1141/1246/1138
f 1142/1249/1141 1125/1231/1123 1127/1233/1125 1140/1247/1139
f 1145/1250/1142 1144/1251/1143 1142/1249/1141 1143/1248/1140
f 1144/1251/1143 1123/1229/1121 1125/1231/1123 1142/1249/1141
f 1147/1252/1144 1146/1253/1145 1144/1251/1143 1145/1250/1142
f 1146/1253/1145 1121/1226/1119 1123/1229/1121 1144/1251/1143
f 1149/1254/1146 1148/1255/1147 1146/1256/1145 1147/1257/1144
f 1148/1255/1147 1119/1223/1117 1121/1225/1119 1146/1256/1145
f 1151/1258/1148 1150/1259/1149 1148/1255/1147 1149/1254/1146
f 1150/1259/1149 1117/1222/1116 1119/1223/1117 1148/1255/1147
f 937/1027/935 940/1030/938 1150/1259/1149 1151/1258/1148
f 940/1030/938 943/1033/941 1117/1222/1116 1150/1259/1149
f 934/1024/932 937/1027/935 1151/1258/1148 1152/1260/1150
f 1152/1260/1150 1151/1258/1148 1149/1254/1146 1154/1261/1151
f 931/1021/929 934/1024/932 1152/1260/1150 1153/1262/1152
f 1153/1262/1152 1152/1260/1150 1154/1261/1151 1155/1263/1153
f 1155/1263/1153 1154/1261/1151 1156/1264/1154 1157/1265/1155
f 1154/1261/1151 1149/1254/1146 1147/1257/1144 1156/1264/1154
f 1157/1266/1155 1156/1267/1154 1158/1268/1156 1159/1269/1157
f 1156/1267/1154 1147/1252/1144 1145/1250/1142 1158/1268/1156
f 1159/1269/1157 1158/1268/1156 1160/1270/1158 1161/1271/1159
f 1158/1268/1156 1145/1250/1142 1143/1248/1140 1160/1270/1158
f 1161/1271/1159 1160/1270/1158 1162/1272/1160 1163/1273/1161
f 1160/1270/1158 1143/1248/1140 1141/1246/1138 1162/1272/1160
f 1163/1273/1161 1162/1272/1160 1164/1274/1162 1165/1275/1163
f 1162/1272/1160 1141/1246/1138 1139/1244/1136 1164/1274/1162
f 1165/1275/1163 1164/1274/1162 1166/1276/1164 1167/1277/1165
f 1164/1274/1162 1139/1244/1136 1137/1242/1134 1166/1276/1164
f 1167/1277/1165 1166/1276/1164 1168/1278/1166 1169/1279/1167
f 1166/1276/1164 1137/1242/1134 1135/1243/1135 1168/1278/1166
f 1169/1279/1167 1168/1278/1166 935/1025/933 932/1022/930
f 1168/1278/1166 1135/1243/1135 938/1028/936 935/1025/933
f 1172/1280/1168 1167/1277/1165 1169/1279/1167 1170/1281/1169
f 1170/1281/1169 1169/1279/1167 932/1022/930 929/1019/927
f 1173/1282/1170 1172/1280/1168 1170/1281/1169 1171/1283/1171
f 1171/1283/1171 1170/1281/1169 929/1019/927 926/1016/924
f 1175/1284/1172 1174/1285/1173 1172/1280/1168 1173/1282/1170
f 1174/1285/1173 1165/1275/1163 1167/1277/1165 1172/1280/1168
f 1177/1286/1174 1176/1287/1175 1174/1285/1173 1175/1284/1172
f 1176/1287/1175 1163/1273/1161 1165/1275/1163 1174/1285/1173
f 1179/1288/1176 1178/1289/1177 1176/1287/1175 1177/1286/1174
f 1178/1289/1177 1161/1271/1159 1163/1273/1161 1176/1287/1175
f 1181/1290/1178 1180/1291/1179 1178/1289/1177 1179/1288/1176
f 1180/1291/1179 1159/1269/1157 1161/1271/1159 1178/1289/1177
f 1183/1292/1180 1182/1293/1181 1180/1291/1179 1181/1290/1178
f 1182/1293/1181 1157/1266/1155 1159/1269/1157 1180/1291/1179
f 1185/1294/1182 1184/1295/1183 1182/1296/1181 1183/1297/1180
f 1184/1295/1183 1155/1263/1153 1157/1265/1155 1182/1296/1181
f 1187/1298/1184 1186/1299/1185 1184/1295/1183 1185/1294/1182
f 1186/1299/1185 1153/1262/1152 1155/1263/1153 1184/1295/1183
f 925/1015/923 928/1018/926 1186/1299/1185 1187/1298/1184
f 928/1018/926 931/1021/929 1153/1262/1152 1186/1299/1185
f 922/1012/920 925/1015/923 1187/1298/1184 1188/1300/1186
f 1188/1300/1186 1187/1298/1184 1185/1294/1182 1189/1301/1187
f 917/1008/916 922/1012/920 1188/1300/1186 915/1006/914
f 915/1006/914 1188/1300/1186 1189/1301/1187 913/1002/912
f 913/1002/912 1189/1301/1187 1190/1302/1188 911/1003/910
f 1189/1301/1187 1185/1294/1182 1183/1297/1180 1190/1302/1188
f 911/1000/910 1190/1303/1188 1191/1304/1189 909/998/908
f 1190/1303/1188 1183/1292/1180 1181/1290/1178 1191/1304/1189
f 909/998/908 1191/1304/1189 1192/1305/1190 907/996/906
f 1191/1304/1189 1181/1290/1178 1179/1288/1176 1192/1305/1190
f 907/996/906 1192/1305/1190 1193/1306/1191 905/994/904
f 1192/1305/1190 1179/1288/1176 1177/1286/1174 1193/1306/1191
f 905/994/904 1193/1306/1191 1194/1307/1192 903/992/902
f 1193/1306/1191 1177/1286/1174 1175/1284/1172 1194/1307/1192
f 903/992/902 1194/1307/1192 1195/1308/1193 901/986/896
f 1194/1307/1192 1175/1284/1172 1173/1282/1170 1195/1308/1193
f 901/986/896 1195/1308/1193 1196/1309/1194 898/987/897
f 1195/1308/1193 1173/1282/1170 1171/1283/1171 1196/1309/1194
f 898/987/897 1196/1309/1194 923/1013/921 920/989/899
f 1196/1309/1194 1171/1283/1171 926/1016/924 923/1013/921
o Cube.004
v 0.399874 0.750545 -0.001124
v 0.394418 0.761722 0.053318
v 0.389299 0.739367 -0.001971
v 0.403575 0.765491 -0.001753
v 0.398526 0.775621 0.048080
v 0.399410 0.780202 -0.003691
v 0.394657 0.789570 0.042792
v 0.388496 0.790734 -0.006417
v 0.383848 0.799831 0.038872
v 0.373756 0.794267 -0.009202
v 0.368995 0.803655 0.037370
v 0.359140 0.789853 -0.011298
v 0.354078 0.800017 0.038688
v 0.348565 0.778675 -0.012145
v 0.343093 0.789892 0.042474
v 0.344864 0.763728 -0.011516
v 0.338985 0.775994 0.047712
v 0.349029 0.749018 -0.009578
v 0.342854 0.762045 0.052999
v 0.359943 0.738485 -0.006852
v 0.353663 0.751784 0.056919
v 0.374683 0.734953 -0.004068
v 0.368516 0.747959 0.058421
v 0.383433 0.751597 0.057103
v 0.373452 0.774484 0.104322
v 0.358765 0.779152 0.104230
v 0.387917 0.775834 0.099183
v 0.387969 0.811512 0.131964
v 0.373782 0.817465 0.132845
v 0.401047 0.809291 0.124121
v 0.408536 0.853049 0.141415
v 0.394923 0.860177 0.142591
v 0.419958 0.847441 0.132721
v 0.431816 0.894735 0.136251
v 0.418647 0.902665 0.137343
v 0.441874 0.886663 0.127815
v 0.455748 0.934474 0.119902
v 0.442887 0.942918 0.120787
v 0.464758 0.924651 0.112168
v 0.478680 0.970520 0.094617
v 0.466038 0.979310 0.095260
v 0.486813 0.959312 0.087854
v 0.498910 1.000845 0.061850
v 0.486434 1.009883 0.062220
v 0.506221 0.988401 0.056445
v 0.514466 1.022896 0.022346
v 0.502116 1.032114 0.022381
v 0.520987 1.009333 0.019027
v 0.522524 1.032805 -0.023281
v 0.510242 1.042104 -0.023659
v 0.528528 1.018612 -0.023419
v 0.519308 1.025451 -0.071510
v 0.506996 1.034686 -0.072300
v 0.525578 1.011848 -0.067883
v 0.503537 0.999554 -0.114066
v 0.491059 1.008504 -0.115365
v 0.510703 0.987488 -0.107697
v 0.487793 0.971783 -0.140542
v 0.474909 0.979987 -0.142587
v 0.495811 0.961283 -0.132608
v 0.475259 0.944212 -0.159547
v 0.461847 0.951251 -0.162388
v 0.484059 0.935439 -0.150432
v 0.465132 0.915882 -0.172801
v 0.451218 0.921512 -0.176296
v 0.474681 0.909213 -0.162710
v 0.457366 0.887309 -0.180478
v 0.443011 0.891310 -0.184405
v 0.467579 0.883091 -0.169736
v 0.451923 0.859076 -0.182748
v 0.437224 0.861288 -0.186816
v 0.462658 0.857572 -0.171794
v 0.448761 0.831829 -0.179811
v 0.433847 0.832180 -0.183675
v 0.459826 0.833172 -0.169169
v 0.447823 0.806261 -0.171916
v 0.432841 0.804789 -0.175214
v 0.458992 0.810428 -0.162149
v 0.449026 0.783094 -0.159377
v 0.434131 0.779943 -0.161765
v 0.460059 0.789890 -0.151036
v 0.452259 0.763050 -0.142581
v 0.437595 0.758460 -0.143763
v 0.462926 0.772124 -0.136150
v 0.457380 0.746824 -0.121987
v 0.443069 0.741112 -0.121746
v 0.467482 0.757697 -0.117837
v 0.464217 0.735059 -0.098117
v 0.450347 0.728585 -0.096332
v 0.473603 0.747171 -0.096472
v 0.472576 0.728315 -0.071530
v 0.459199 0.721439 -0.068175
v 0.481156 0.741083 -0.072457
v 0.482639 0.756322 -0.070706
v 0.475991 0.761673 -0.091838
v 0.476627 0.769949 -0.066747
v 0.470740 0.774680 -0.085456
v 0.464733 0.778312 -0.061641
v 0.459258 0.782708 -0.079037
v 0.450142 0.779170 -0.056756
v 0.444620 0.783604 -0.074301
v 0.436764 0.772294 -0.053400
v 0.430750 0.777129 -0.072516
v 0.428185 0.759526 -0.052474
v 0.421364 0.765018 -0.074161
v 0.426702 0.744287 -0.054225
v 0.418976 0.750516 -0.078795
v 0.432714 0.730660 -0.058184
v 0.424227 0.737508 -0.085177
v 0.444608 0.722297 -0.063290
v 0.435709 0.729481 -0.091596
v 0.428383 0.742093 -0.117179
v 0.422864 0.759585 -0.139379
v 0.417257 0.749502 -0.109510
v 0.412012 0.766122 -0.130604
v 0.412673 0.761356 -0.100793
v 0.407948 0.776321 -0.119790
v 0.415859 0.774477 -0.093365
v 0.411761 0.787448 -0.109833
v 0.425961 0.785350 -0.089216
v 0.422428 0.796522 -0.103401
v 0.440272 0.791062 -0.089457
v 0.437092 0.801112 -0.102219
v 0.454958 0.790082 -0.094023
v 0.451823 0.799987 -0.106603
v 0.466084 0.782672 -0.101693
v 0.462675 0.793450 -0.115378
v 0.470668 0.770819 -0.110409
v 0.466739 0.783251 -0.126193
v 0.464274 0.798509 -0.138976
v 0.463355 0.816172 -0.148531
v 0.460542 0.806642 -0.126430
v 0.459744 0.821956 -0.134711
v 0.449863 0.812110 -0.116758
v 0.449126 0.826228 -0.124391
v 0.435097 0.813447 -0.112553
v 0.434346 0.827845 -0.120337
v 0.420202 0.810296 -0.114940
v 0.419365 0.826373 -0.123635
v 0.409169 0.803500 -0.123281
v 0.408196 0.822206 -0.133402
v 0.404953 0.794881 -0.135341
v 0.403832 0.816462 -0.147020
v 0.408686 0.786747 -0.147887
v 0.407443 0.810678 -0.160840
v 0.419365 0.781280 -0.157559
v 0.418061 0.806405 -0.171160
v 0.419079 0.834133 -0.179725
v 0.422500 0.863614 -0.182907
v 0.408415 0.837164 -0.169020
v 0.411695 0.865430 -0.172069
v 0.404713 0.840460 -0.154429
v 0.407706 0.866251 -0.157206
v 0.408964 0.843139 -0.139860
v 0.411600 0.865856 -0.142301
v 0.420029 0.844482 -0.129218
v 0.422335 0.864351 -0.131347
v 0.434943 0.844131 -0.125354
v 0.437034 0.862140 -0.127279
v 0.449711 0.842178 -0.129304
v 0.451759 0.859814 -0.131188
v 0.460374 0.839147 -0.140009
v 0.462563 0.857997 -0.142026
v 0.464077 0.835851 -0.154601
v 0.466552 0.857177 -0.156889
v 0.470913 0.879784 -0.155058
v 0.477307 0.903292 -0.148726
v 0.466476 0.878276 -0.140377
v 0.472307 0.899706 -0.134598
v 0.455456 0.878970 -0.129627
v 0.461019 0.899414 -0.124109
v 0.440806 0.881681 -0.125688
v 0.446470 0.902497 -0.120072
v 0.426451 0.885682 -0.129616
v 0.432556 0.908126 -0.123567
v 0.416238 0.889900 -0.140357
v 0.423007 0.914795 -0.133658
v 0.412903 0.893207 -0.155035
v 0.420381 0.920716 -0.147641
v 0.417340 0.894715 -0.169716
v 0.425381 0.924302 -0.161770
v 0.428361 0.894021 -0.180466
v 0.436668 0.924594 -0.172259
v 0.447418 0.954671 -0.158194
v 0.460611 0.983697 -0.138194
v 0.435837 0.953555 -0.148088
v 0.448730 0.981919 -0.128541
v 0.430207 0.948202 -0.134779
v 0.442451 0.975129 -0.116214
v 0.432038 0.940046 -0.121832
v 0.443454 0.965147 -0.104516
v 0.440838 0.931273 -0.112716
v 0.451473 0.954647 -0.096582
v 0.454249 0.924234 -0.109875
v 0.464357 0.946442 -0.094537
v 0.468679 0.920814 -0.114069
v 0.478655 0.942732 -0.098930
v 0.480260 0.921931 -0.124175
v 0.490535 0.944511 -0.108583
v 0.485889 0.927284 -0.137484
v 0.496815 0.951301 -0.120910
v 0.510636 0.975539 -0.097965
v 0.524124 0.997523 -0.062391
v 0.503353 0.966908 -0.087479
v 0.515338 0.986313 -0.056505
v 0.490808 0.963909 -0.079046
v 0.501573 0.981222 -0.051804
v 0.476360 0.967344 -0.074928
v 0.486518 0.983615 -0.049545
v 0.463882 0.976294 -0.076228
v 0.474206 0.992850 -0.050336
v 0.456716 0.988360 -0.082596
v 0.467937 1.006453 -0.053963
v 0.456784 1.000309 -0.092328
v 0.469390 1.020779 -0.059455
v 0.464066 1.008940 -0.102815
v 0.478176 1.031988 -0.065340
v 0.476612 1.011939 -0.111247
v 0.491941 1.037079 -0.070042
v 0.494971 1.044019 -0.024451
v 0.487247 1.034517 0.019124
v 0.480803 1.038036 -0.025446
v 0.473842 1.029462 0.013446
v 0.471536 1.025759 -0.026376
v 0.465493 1.018302 0.006869
v 0.469652 1.010476 -0.026993
v 0.464438 1.004028 0.001156
v 0.475655 0.996283 -0.027130
v 0.470959 0.990465 -0.002163
v 0.487938 0.986983 -0.026753
v 0.483309 0.981247 -0.002198
v 0.503209 0.985068 -0.025961
v 0.498179 0.978844 0.001059
v 0.517376 0.991051 -0.024966
v 0.511584 0.983900 0.006737
v 0.526643 1.003329 -0.024036
v 0.519932 0.995060 0.013314
v 0.506407 0.975888 0.047453
v 0.488257 0.948689 0.076783
v 0.499418 0.966656 0.037283
v 0.482624 0.941497 0.064372
v 0.487127 0.963181 0.028660
v 0.471426 0.939663 0.053945
v 0.472828 0.966393 0.023894
v 0.457661 0.943678 0.048297
v 0.460351 0.975432 0.024264
v 0.445019 0.952467 0.048940
v 0.453041 0.987875 0.029669
v 0.436886 0.963675 0.055703
v 0.452855 1.000389 0.038661
v 0.435443 0.974299 0.066774
v 0.459844 1.009620 0.048831
v 0.441075 0.981491 0.079185
v 0.472135 1.013095 0.057454
v 0.452274 0.983325 0.089612
v 0.429620 0.947720 0.114588
v 0.405897 0.908329 0.130797
v 0.419503 0.947592 0.102963
v 0.396982 0.910209 0.118368
v 0.415246 0.942570 0.089030
v 0.394290 0.907802 0.103387
v 0.417990 0.933999 0.076520
v 0.398543 0.901752 0.089866
v 0.427000 0.924175 0.068786
v 0.408602 0.893681 0.081430
v 0.439861 0.915731 0.067900
v 0.421770 0.885751 0.080338
v 0.453127 0.910930 0.074100
v 0.434521 0.880087 0.086884
v 0.463245 0.911057 0.085724
v 0.443436 0.878206 0.099313
v 0.467502 0.916079 0.099658
v 0.446128 0.880613 0.114294
v 0.426128 0.844855 0.118839
v 0.409512 0.811397 0.111417
v 0.425394 0.845984 0.103487
v 0.411096 0.817265 0.097255
v 0.417951 0.850526 0.090779
v 0.405374 0.825324 0.085431
v 0.405795 0.857264 0.084122
v 0.393879 0.833414 0.079113
v 0.392182 0.864392 0.085297
v 0.379692 0.839367 0.079994
v 0.380761 0.870000 0.093991
v 0.366614 0.841588 0.087837
v 0.374590 0.872586 0.107874
v 0.358149 0.839483 0.100541
v 0.375325 0.871457 0.123226
v 0.356565 0.833614 0.114703
v 0.382767 0.866915 0.135933
v 0.362287 0.825555 0.126527
v 0.347793 0.788587 0.098930
v 0.343475 0.800261 0.089843
v 0.346969 0.811046 0.079404
v 0.357338 0.818052 0.070410
v 0.371804 0.819401 0.065270
v 0.386490 0.814733 0.065363
v 0.397462 0.805298 0.070662
v 0.401780 0.793625 0.079749
v 0.398286 0.782840 0.090188
vn 0.9950 0.0064 0.0997
vn 0.9994 -0.0306 0.0167
vn 0.8461 -0.4973 0.1916
vn 0.8504 -0.4919 0.1865
vn 0.4702 -0.8243 0.3152
vn 0.4758 -0.8507 0.2235
vn 0.8642 0.5030 -0.0132
vn 0.8774 0.4515 -0.1626
vn 0.4970 0.8592 -0.1220
vn 0.5067 0.8093 -0.2972
vn -0.0062 0.9801 -0.1984
vn -0.0075 0.9370 -0.3494
vn -0.5100 0.8314 -0.2206
vn -0.5160 0.8011 -0.3033
vn -0.8731 0.4530 -0.1802
vn -0.8769 0.4486 -0.1725
vn -0.9950 -0.0439 -0.0895
vn -0.9998 -0.0172 0.0044
vn -0.8539 -0.5199 0.0239
vn -0.8628 -0.4729 0.1789
vn -0.4982 -0.8573 0.1295
vn -0.5071 -0.8055 0.3067
vn -0.0169 -0.9792 0.2020
vn -0.0229 -0.9340 0.3565
vn 0.0117 -0.7518 0.6593
vn -0.4654 -0.5969 0.6535
vn 0.4883 -0.7168 0.4978
vn 0.1236 -0.4662 0.8760
vn -0.3387 -0.2713 0.9009
vn 0.5571 -0.5434 0.6279
vn 0.2628 -0.1883 0.9463
vn -0.1840 0.0449 0.9819
vn 0.6445 -0.3743 0.6667
vn 0.3822 0.0210 0.9238
vn -0.0526 0.2819 0.9580
vn 0.7195 -0.2464 0.6493
vn 0.4776 0.1769 0.8606
vn 0.0518 0.4556 0.8887
vn 0.7801 -0.1489 0.6077
vn 0.5612 0.3079 0.7683
vn 0.1427 0.5980 0.7887
vn 0.8344 -0.0634 0.5475
vn 0.6437 0.4331 0.6310
vn 0.2321 0.7304 0.6424
vn 0.8896 0.0225 0.4561
vn 0.7261 0.5530 0.4085
vn 0.3214 0.8540 0.4091
vn 0.9465 0.1091 0.3036
vn 0.7809 0.6217 0.0607
vn 0.3806 0.9235 0.0483
vn 0.9851 0.1617 0.0580
vn 0.7521 0.5563 -0.3533
vn 0.3507 0.8564 -0.3789
vn 0.9644 0.1144 -0.2386
vn 0.6618 0.4016 -0.6330
vn 0.2508 0.6944 -0.6744
vn 0.9036 0.0030 -0.4284
vn 0.6031 0.2958 -0.7408
vn 0.1733 0.5665 -0.8056
vn 0.8755 -0.0550 -0.4800
vn 0.5700 0.2228 -0.7909
vn 0.1225 0.4553 -0.8819
vn 0.8688 -0.0698 -0.4902
vn 0.5379 0.1348 -0.8322
vn 0.0742 0.3206 -0.9443
vn 0.8618 -0.0877 -0.4996
vn 0.5090 0.0305 -0.8602
vn 0.0312 0.1626 -0.9862
vn 0.8551 -0.1105 -0.5066
vn 0.4859 -0.0872 -0.8697
vn -0.0029 -0.0138 -0.9999
vn 0.8494 -0.1381 -0.5094
vn 0.4710 -0.2131 -0.8560
vn -0.0245 -0.2005 -0.9794
vn 0.8454 -0.1697 -0.5064
vn 0.4662 -0.3404 -0.8166
vn -0.0314 -0.3874 -0.9214
vn 0.8440 -0.2036 -0.4962
vn 0.4724 -0.4614 -0.7510
vn -0.0221 -0.5631 -0.8261
vn 0.8457 -0.2376 -0.4779
vn 0.4897 -0.5682 -0.6613
vn 0.0028 -0.7170 -0.6971
vn 0.8508 -0.2691 -0.4514
vn 0.5170 -0.6541 -0.5521
vn 0.0416 -0.8397 -0.5415
vn 0.8592 -0.2955 -0.4176
vn 0.5523 -0.7142 -0.4300
vn 0.0912 -0.9249 -0.3691
vn 0.8707 -0.3145 -0.3782
vn 0.5704 -0.7354 -0.3659
vn 0.1177 -0.9531 -0.2789
vn 0.8769 -0.3214 -0.3573
vn 0.9590 0.1723 -0.2251
vn 0.9501 0.1830 -0.2526
vn 0.7875 0.6162 -0.0100
vn 0.7644 0.6400 -0.0786
vn 0.3985 0.8930 0.2091
vn 0.3690 0.9220 0.1169
vn -0.1015 0.9232 0.3708
vn -0.1273 0.9514 0.2805
vn -0.5721 0.6985 0.4298
vn -0.5889 0.7199 0.3674
vn -0.8839 0.2847 0.3711
vn -0.8888 0.2919 0.3534
vn -0.9559 -0.2021 0.2130
vn -0.9463 -0.2127 0.2436
vn -0.7750 -0.6320 -0.0003
vn -0.7517 -0.6557 0.0700
vn -0.3926 -0.8948 -0.2125
vn -0.3632 -0.9239 -0.1203
vn -0.4435 -0.8068 -0.3904
vn -0.8141 -0.5642 -0.1377
vn -0.4837 -0.6793 -0.5519
vn -0.8452 -0.4652 -0.2632
vn -0.9731 -0.1726 0.1525
vn -0.9871 -0.1282 0.0959
vn -0.8746 0.2679 0.4042
vn -0.8677 0.2454 0.4323
vn -0.5386 0.6395 0.5485
vn -0.5126 0.5558 0.6545
vn -0.0527 0.8381 0.5430
vn -0.0144 0.7156 0.6983
vn 0.4493 0.8052 0.3871
vn 0.4892 0.6778 0.5489
vn 0.8261 0.5496 0.1246
vn 0.8567 0.4524 0.2479
vn 0.9746 0.1449 -0.1706
vn 0.9874 0.1043 -0.1193
vn 0.8765 0.3288 0.3517
vn 0.9959 0.0515 -0.0749
vn 0.8837 0.1855 0.4297
vn 0.9991 -0.0112 -0.0406
vn 0.5241 0.3321 0.7842
vn 0.5148 0.5170 0.6838
vn 0.0189 0.3869 0.9219
vn 0.0100 0.5622 0.8270
vn -0.4900 0.3349 0.8048
vn -0.4961 0.4521 0.7413
vn -0.8620 0.1920 0.4691
vn -0.8635 0.2194 0.4541
vn -0.9999 -0.0014 0.0105
vn -0.9964 -0.0702 0.0474
vn -0.8732 -0.1931 -0.4475
vn -0.8655 -0.3392 -0.3686
vn -0.5194 -0.3336 -0.7867
vn -0.5097 -0.5185 -0.6866
vn -0.5124 -0.1358 -0.8479
vn -0.8676 -0.0357 -0.4960
vn -0.4896 0.0631 -0.8697
vn -0.8494 0.1237 -0.5131
vn -0.9972 0.0742 -0.0125
vn -0.9882 0.1521 -0.0204
vn -0.8628 0.1650 0.4778
vn -0.8654 0.1401 0.4810
vn -0.4944 0.2118 0.8430
vn -0.5082 0.0899 0.8565
vn 0.0119 0.2007 0.9796
vn -0.0096 0.0147 0.9998
vn 0.5166 0.1342 0.8456
vn 0.4932 -0.0647 0.8675
vn 0.8778 0.0308 0.4780
vn 0.8593 -0.1261 0.4957
vn 0.9966 -0.0806 -0.0186
vn 0.9882 -0.1527 -0.0101
vn 0.8301 -0.2762 0.4844
vn 0.9747 -0.2231 -0.0147
vn 0.7928 -0.4123 0.4489
vn 0.9570 -0.2884 -0.0310
vn 0.4103 -0.4237 0.8076
vn 0.4566 -0.2537 0.8527
vn -0.0856 -0.3182 0.9442
vn -0.0432 -0.1609 0.9860
vn -0.5565 -0.1256 0.8213
vn -0.5297 -0.0241 0.8479
vn -0.8737 0.0998 0.4761
vn -0.8692 0.1182 0.4801
vn -0.9549 0.2967 0.0057
vn -0.9737 0.2276 -0.0137
vn -0.7835 0.4139 -0.4635
vn -0.8204 0.2760 -0.5007
vn -0.4077 0.4223 -0.8096
vn -0.4535 0.2521 -0.8548
vn -0.3560 0.5681 -0.7420
vn -0.7416 0.5325 -0.4079
vn -0.3012 0.6885 -0.6597
vn -0.6977 0.6303 -0.3405
vn -0.9336 0.3567 0.0347
vn -0.9112 0.4059 0.0705
vn -0.8784 0.0849 0.4704
vn -0.8822 0.0729 0.4653
vn -0.5863 -0.2117 0.7820
vn -0.6154 -0.2807 0.7366
vn -0.1329 -0.4522 0.8819
vn -0.1809 -0.5597 0.8087
vn 0.3581 -0.5692 0.7401
vn 0.3039 -0.6872 0.6598
vn 0.7506 -0.5297 0.3951
vn 0.7063 -0.6263 0.3300
vn 0.9366 -0.3458 -0.0564
vn 0.9151 -0.3934 -0.0885
vn 0.6720 -0.6983 0.2467
vn 0.9100 -0.4002 -0.1086
vn 0.6528 -0.7454 0.1351
vn 0.9310 -0.3599 -0.0618
vn 0.1916 -0.9339 0.3017
vn 0.2488 -0.8036 0.5407
vn -0.3335 -0.8595 0.3873
vn -0.2433 -0.6850 0.6867
vn -0.7659 -0.5336 0.3587
vn -0.6681 -0.3787 0.6405
vn -0.9725 -0.0575 0.2255
vn -0.9087 0.0298 0.4164
vn -0.9046 0.4249 0.0341
vn -0.8992 0.4299 0.0816
vn -0.5972 0.7860 -0.1600
vn -0.6467 0.7137 -0.2689
vn -0.1396 0.9407 -0.3091
vn -0.2257 0.8088 -0.5431
vn -0.1165 0.9929 0.0240
vn -0.5879 0.8089 -0.0069
vn -0.1664 0.9375 0.3056
vn -0.6150 0.7790 0.1220
vn -0.9113 0.4099 -0.0378
vn -0.9056 0.4127 -0.0979
vn -0.9923 -0.1074 -0.0623
vn -0.9523 -0.0693 -0.2971
vn -0.7947 -0.6027 -0.0718
vn -0.7342 -0.5354 -0.4174
vn -0.3668 -0.9284 -0.0591
vn -0.3097 -0.8532 -0.4196
vn 0.1643 -0.9860 -0.0274
vn 0.2006 -0.9319 -0.3022
vn 0.6418 -0.7668 0.0097
vn 0.6522 -0.7510 -0.1031
vn 0.9380 -0.3444 0.0402
vn 0.9225 -0.3674 0.1183
vn 0.6764 -0.7135 -0.1828
vn 0.9038 -0.3970 0.1599
vn 0.7062 -0.6671 -0.2374
vn 0.8892 -0.4203 0.1808
vn 0.3299 -0.7337 -0.5940
vn 0.2631 -0.8371 -0.4796
vn -0.1386 -0.5987 -0.7889
vn -0.2247 -0.7297 -0.6457
vn -0.5693 -0.2984 -0.7660
vn -0.6509 -0.4202 -0.6323
vn -0.8424 0.0830 -0.5325
vn -0.8962 0.0044 -0.4436
vn -0.8846 0.4397 -0.1554
vn -0.8947 0.4256 -0.1355
vn -0.6892 0.6762 0.2602
vn -0.6524 0.7295 0.2051
vn -0.3132 0.7328 0.6041
vn -0.2401 0.8392 0.4880
vn -0.3877 0.6160 0.6857
vn -0.7276 0.6159 0.3022
vn -0.4739 0.4702 0.7445
vn -0.7738 0.5370 0.3359
vn -0.8767 0.4521 -0.1642
vn -0.8715 0.4618 -0.1649
vn -0.7906 0.1650 -0.5897
vn -0.7355 0.2603 -0.6255
vn -0.4880 -0.1692 -0.8563
vn -0.3974 -0.0150 -0.9175
vn -0.0500 -0.4577 -0.8877
vn 0.0519 -0.2870 -0.9565
vn 0.4017 -0.6197 -0.6743
vn 0.4870 -0.4787 -0.7306
vn 0.7414 -0.6112 -0.2770
vn 0.7862 -0.5377 -0.3044
vn 0.8783 -0.4375 0.1927
vn 0.8694 -0.4513 0.2014
vn 0.8460 -0.4333 -0.3106
vn 0.8604 -0.4647 0.2091
vn 0.9192 -0.2904 -0.2662
vn 0.8505 -0.4809 0.2133
vn 0.7325 -0.0186 -0.6805
vn 0.5970 -0.2846 -0.7500
vn 0.3352 0.2614 -0.9052
vn 0.1799 -0.0556 -0.9821
vn -0.1576 0.4685 -0.8693
vn -0.2869 0.1910 -0.9387
vn -0.6010 0.5411 -0.5882
vn -0.6716 0.3833 -0.6341
vn -0.8739 0.4619 -0.1517
vn -0.8701 0.4665 -0.1590
vn -0.9122 0.2596 0.3171
vn -0.8353 0.4219 0.3526
vn -0.7155 -0.0077 0.6986
vn -0.5837 0.2670 0.7668
vn -0.8254 -0.2919 0.4833
vn -0.9778 0.0889 0.1895
vn -0.8787 0.4510 -0.1565
vn -0.5425 0.6990 -0.4659
vn -0.0488 0.7575 -0.6511
vn 0.4660 0.5986 -0.6515
vn 0.8454 0.2657 -0.4633
vn 0.9796 -0.1379 -0.1461
vn 0.8438 -0.4957 0.2056
vt 0.048647 0.390892
vt 0.051302 0.371519
vt 0.056956 0.372716
vt 0.054507 0.393214
vt 0.062589 0.373718
vt 0.060703 0.395362
vt 0.042990 0.388926
vt 0.045606 0.370391
vt 0.037338 0.387714
vt 0.039889 0.369622
vt 0.105018 0.388309
vt 0.102046 0.369757
vt 0.107745 0.368881
vt 0.110641 0.386974
vt 0.099407 0.390402
vt 0.096380 0.371002
vt 0.093599 0.392849
vt 0.090758 0.372321
vt 0.087447 0.395120
vt 0.085152 0.373450
vt 0.080915 0.396757
vt 0.079530 0.374212
vt 0.074097 0.397460
vt 0.073883 0.374492
vt 0.067267 0.396878
vt 0.068230 0.374347
vt 0.068279 0.357315
vt 0.073697 0.357316
vt 0.062791 0.357133
vt 0.068002 0.342469
vt 0.073512 0.342337
vt 0.062488 0.342655
vt 0.067642 0.327859
vt 0.073308 0.327664
vt 0.061992 0.328212
vt 0.067290 0.312638
vt 0.073087 0.312455
vt 0.061518 0.312950
vt 0.067001 0.296700
vt 0.072892 0.296553
vt 0.061142 0.296882
vt 0.066677 0.280517
vt 0.072569 0.280431
vt 0.060889 0.280519
vt 0.066597 0.264713
vt 0.072389 0.264724
vt 0.060816 0.264548
vt 0.066634 0.249749
vt 0.072314 0.249828
vt 0.060975 0.249478
vt 0.066881 0.235400
vt 0.072434 0.235546
vt 0.061363 0.235161
vt 0.067445 0.220757
vt 0.072851 0.221013
vt 0.061919 0.220650
vt 0.068134 0.204495
vt 0.073912 0.204940
vt 0.062376 0.204353
vt 0.068930 0.191144
vt 0.074919 0.191652
vt 0.063057 0.190833
vt 0.069734 0.179424
vt 0.075600 0.179839
vt 0.063875 0.179008
vt 0.070279 0.168558
vt 0.076077 0.168880
vt 0.064482 0.168175
vt 0.070638 0.158483
vt 0.076376 0.158701
vt 0.064894 0.158190
vt 0.070826 0.149038
vt 0.076512 0.149131
vt 0.065129 0.148882
vt 0.070850 0.140052
vt 0.076490 0.140008
vt 0.065196 0.140069
vt 0.070694 0.131348
vt 0.076345 0.131164
vt 0.065090 0.131572
vt 0.070484 0.122761
vt 0.076007 0.122420
vt 0.064816 0.123213
vt 0.069999 0.114095
vt 0.075507 0.113543
vt 0.064470 0.114859
vt 0.069266 0.105109
vt 0.074856 0.104314
vt 0.063676 0.106317
vt 0.068099 0.095616
vt 0.073990 0.094435
vt 0.062327 0.097451
vt 0.065794 0.085538
vt 0.072555 0.083631
vt 0.059573 0.088389
vt 0.056673 0.099731
vt 0.053930 0.091693
vt 0.051077 0.102082
vt 0.048683 0.094798
vt 0.045445 0.104021
vt 0.043494 0.097055
vt 0.039796 0.105254
vt 0.038078 0.098403
vt 0.103529 0.097847
vt 0.104941 0.090083
vt 0.110516 0.091561
vt 0.109271 0.098755
vt 0.097726 0.096461
vt 0.099282 0.087863
vt 0.091855 0.095126
vt 0.093219 0.085528
vt 0.085917 0.094231
vt 0.086644 0.083733
vt 0.079949 0.094012
vt 0.079648 0.082917
vt 0.080465 0.103958
vt 0.086153 0.103955
vt 0.081017 0.113222
vt 0.086540 0.113139
vt 0.091827 0.104351
vt 0.092194 0.113235
vt 0.097550 0.105014
vt 0.097931 0.113493
vt 0.103303 0.105731
vt 0.103611 0.113757
vt 0.109043 0.106101
vt 0.109326 0.113793
vt 0.041666 0.118539
vt 0.040961 0.111880
vt 0.046657 0.110918
vt 0.047381 0.117891
vt 0.052384 0.109485
vt 0.053070 0.116908
vt 0.058052 0.107840
vt 0.058787 0.115835
vt 0.053535 0.124429
vt 0.059208 0.123796
vt 0.053757 0.132097
vt 0.059448 0.131829
vt 0.048026 0.132335
vt 0.047816 0.124997
vt 0.042288 0.132488
vt 0.042084 0.125372
vt 0.104360 0.130510
vt 0.104050 0.122007
vt 0.109754 0.121876
vt 0.110169 0.130349
vt 0.098690 0.130605
vt 0.098259 0.121996
vt 0.093066 0.130709
vt 0.092648 0.121949
vt 0.087478 0.130837
vt 0.087073 0.122001
vt 0.081908 0.130994
vt 0.081531 0.122160
vt 0.082116 0.139930
vt 0.087737 0.139807
vt 0.082188 0.149146
vt 0.087856 0.149083
vt 0.093361 0.139661
vt 0.093517 0.148966
vt 0.099002 0.139505
vt 0.099184 0.148816
vt 0.104680 0.139345
vt 0.104869 0.148665
vt 0.110401 0.139214
vt 0.110586 0.148568
vt 0.042188 0.148090
vt 0.042319 0.140011
vt 0.048060 0.140031
vt 0.047930 0.148244
vt 0.053800 0.140051
vt 0.053678 0.148451
vt 0.059516 0.140067
vt 0.059414 0.148678
vt 0.053389 0.157483
vt 0.059144 0.157845
vt 0.052911 0.167354
vt 0.058690 0.167761
vt 0.047149 0.166992
vt 0.047637 0.157159
vt 0.041416 0.166684
vt 0.041873 0.156904
vt 0.104794 0.169400
vt 0.104920 0.158616
vt 0.110641 0.158592
vt 0.110516 0.169488
vt 0.099084 0.169370
vt 0.099220 0.158706
vt 0.093367 0.169338
vt 0.093526 0.158794
vt 0.087629 0.169263
vt 0.087825 0.158840
vt 0.081863 0.169116
vt 0.082109 0.158813
vt 0.081443 0.180220
vt 0.087253 0.180547
vt 0.080861 0.192269
vt 0.086661 0.192920
vt 0.093007 0.180822
vt 0.092350 0.193553
vt 0.098719 0.181055
vt 0.097971 0.194110
vt 0.104415 0.181271
vt 0.103579 0.194565
vt 0.110126 0.181519
vt 0.109280 0.194961
vt 0.040033 0.190491
vt 0.040757 0.177733
vt 0.046485 0.178016
vt 0.045767 0.190625
vt 0.052249 0.178302
vt 0.051495 0.190644
vt 0.058045 0.178630
vt 0.057250 0.190681
vt 0.050941 0.204672
vt 0.056649 0.204442
vt 0.050692 0.220892
vt 0.056338 0.220714
vt 0.044968 0.221079
vt 0.045237 0.204898
vt 0.039199 0.221094
vt 0.039525 0.204918
vt 0.101192 0.224000
vt 0.102463 0.208901
vt 0.108159 0.209395
vt 0.106924 0.224434
vt 0.095383 0.223407
vt 0.096766 0.208247
vt 0.089619 0.222719
vt 0.091083 0.207427
vt 0.083943 0.222041
vt 0.085390 0.206522
vt 0.078354 0.221453
vt 0.079669 0.205650
vt 0.077975 0.235623
vt 0.083540 0.235648
vt 0.077994 0.249697
vt 0.083666 0.249409
vt 0.089156 0.235650
vt 0.089342 0.249027
vt 0.094854 0.235640
vt 0.095042 0.248621
vt 0.100624 0.235639
vt 0.100771 0.248279
vt 0.106376 0.235691
vt 0.106515 0.248078
vt 0.038316 0.247843
vt 0.038908 0.234082
vt 0.044622 0.234309
vt 0.044025 0.248131
vt 0.050270 0.234600
vt 0.049694 0.248589
vt 0.055839 0.234888
vt 0.055336 0.249069
vt 0.049355 0.263949
vt 0.055073 0.264269
vt 0.049416 0.280394
vt 0.055183 0.280460
vt 0.043679 0.280347
vt 0.043646 0.263656
vt 0.037950 0.280363
vt 0.037925 0.263505
vt 0.101457 0.279525
vt 0.101175 0.263126
vt 0.106889 0.262925
vt 0.107195 0.279407
vt 0.095777 0.279695
vt 0.095451 0.263452
vt 0.090106 0.279897
vt 0.089725 0.263849
vt 0.084296 0.280092
vt 0.083976 0.264232
vt 0.078449 0.280280
vt 0.078197 0.264542
vt 0.078743 0.296475
vt 0.084516 0.296452
vt 0.078885 0.312440
vt 0.084653 0.312561
vt 0.090218 0.296476
vt 0.090390 0.312769
vt 0.095989 0.296504
vt 0.096112 0.313005
vt 0.101732 0.296521
vt 0.101832 0.313214
vt 0.107466 0.296496
vt 0.107561 0.313315
vt 0.038640 0.314367
vt 0.038287 0.297564
vt 0.043985 0.297431
vt 0.044362 0.314122
vt 0.049651 0.297259
vt 0.050069 0.313758
vt 0.055321 0.297067
vt 0.055780 0.313341
vt 0.050699 0.329150
vt 0.056352 0.328663
vt 0.051349 0.343053
vt 0.056949 0.342856
vt 0.045664 0.343240
vt 0.045013 0.329596
vt 0.039929 0.343417
vt 0.039291 0.329918
vt 0.101365 0.342442
vt 0.101639 0.328740
vt 0.107365 0.328918
vt 0.107100 0.342484
vt 0.095680 0.342391
vt 0.095944 0.328441
vt 0.090079 0.342344
vt 0.090281 0.328115
vt 0.084539 0.342305
vt 0.084633 0.327837
vt 0.079024 0.342291
vt 0.078978 0.327669
vt 0.079114 0.357156
vt 0.084596 0.356820
vt 0.090144 0.356335
vt 0.095777 0.355751
vt 0.101489 0.355183
vt 0.107217 0.354837
vt 0.040118 0.355681
vt 0.045853 0.355907
vt 0.051581 0.356348
vt 0.057230 0.356794
s 1
f 1200/1310/1195 1201/1311/1196 1198/1312/1197 1197/1313/1198
f 1197/1313/1198 1198/1312/1197 1220/1314/1199 1199/1315/1200
f 1202/1316/1201 1203/1317/1202 1201/1311/1196 1200/1310/1195
f 1204/1318/1203 1205/1319/1204 1203/1317/1202 1202/1316/1201
f 1206/1320/1205 1207/1321/1206 1205/1322/1204 1204/1323/1203
f 1208/1324/1207 1209/1325/1208 1207/1321/1206 1206/1320/1205
f 1210/1326/1209 1211/1327/1210 1209/1325/1208 1208/1324/1207
f 1212/1328/1211 1213/1329/1212 1211/1327/1210 1210/1326/1209
f 1214/1330/1213 1215/1331/1214 1213/1329/1212 1212/1328/1211
f 1216/1332/1215 1217/1333/1216 1215/1331/1214 1214/1330/1213
f 1218/1334/1217 1219/1335/1218 1217/1333/1216 1216/1332/1215
f 1199/1315/1200 1220/1314/1199 1219/1335/1218 1218/1334/1217
f 1219/1335/1218 1221/1336/1219 1222/1337/1220 1217/1333/1216
f 1220/1314/1199 1223/1338/1221 1221/1336/1219 1219/1335/1218
f 1221/1336/1219 1224/1339/1222 1225/1340/1223 1222/1337/1220
f 1223/1338/1221 1226/1341/1224 1224/1339/1222 1221/1336/1219
f 1224/1339/1222 1227/1342/1225 1228/1343/1226 1225/1340/1223
f 1226/1341/1224 1229/1344/1227 1227/1342/1225 1224/1339/1222
f 1227/1342/1225 1230/1345/1228 1231/1346/1229 1228/1343/1226
f 1229/1344/1227 1232/1347/1230 1230/1345/1228 1227/1342/1225
f 1230/1345/1228 1233/1348/1231 1234/1349/1232 1231/1346/1229
f 1232/1347/1230 1235/1350/1233 1233/1348/1231 1230/1345/1228
f 1233/1348/1231 1236/1351/1234 1237/1352/1235 1234/1349/1232
f 1235/1350/1233 1238/1353/1236 1236/1351/1234 1233/1348/1231
f 1236/1351/1234 1239/1354/1237 1240/1355/1238 1237/1352/1235
f 1238/1353/1236 1241/1356/1239 1239/1354/1237 1236/1351/1234
f 1239/1354/1237 1242/1357/1240 1243/1358/1241 1240/1355/1238
f 1241/1356/1239 1244/1359/1242 1242/1357/1240 1239/1354/1237
f 1242/1357/1240 1245/1360/1243 1246/1361/1244 1243/1358/1241
f 1244/1359/1242 1247/1362/1245 1245/1360/1243 1242/1357/1240
f 1245/1360/1243 1248/1363/1246 1249/1364/1247 1246/1361/1244
f 1247/1362/1245 1250/1365/1248 1248/1363/1246 1245/1360/1243
f 1248/1363/1246 1251/1366/1249 1252/1367/1250 1249/1364/1247
f 1250/1365/1248 1253/1368/1251 1251/1366/1249 1248/1363/1246
f 1251/1366/1249 1254/1369/1252 1255/1370/1253 1252/1367/1250
f 1253/1368/1251 1256/1371/1254 1254/1369/1252 1251/1366/1249
f 1254/1369/1252 1257/1372/1255 1258/1373/1256 1255/1370/1253
f 1256/1371/1254 1259/1374/1257 1257/1372/1255 1254/1369/1252
f 1257/1372/1255 1260/1375/1258 1261/1376/1259 1258/1373/1256
f 1259/1374/1257 1262/1377/1260 1260/1375/1258 1257/1372/1255
f 1260/1375/1258 1263/1378/1261 1264/1379/1262 1261/1376/1259
f 1262/1377/1260 1265/1380/1263 1263/1378/1261 1260/1375/1258
f 1263/1378/1261 1266/1381/1264 1267/1382/1265 1264/1379/1262
f 1265/1380/1263 1268/1383/1266 1266/1381/1264 1263/1378/1261
f 1266/1381/1264 1269/1384/1267 1270/1385/1268 1267/1382/1265
f 1268/1383/1266 1271/1386/1269 1269/1384/1267 1266/1381/1264
f 1269/1384/1267 1272/1387/1270 1273/1388/1271 1270/1385/1268
f 1271/1386/1269 1274/1389/1272 1272/1387/1270 1269/1384/1267
f 1272/1387/1270 1275/1390/1273 1276/1391/1274 1273/1388/1271
f 1274/1389/1272 1277/1392/1275 1275/1390/1273 1272/1387/1270
f 1275/1390/1273 1278/1393/1276 1279/1394/1277 1276/1391/1274
f 1277/1392/1275 1280/1395/1278 1278/1393/1276 1275/1390/1273
f 1278/1393/1276 1281/1396/1279 1282/1397/1280 1279/1394/1277
f 1280/1395/1278 1283/1398/1281 1281/1396/1279 1278/1393/1276
f 1281/1396/1279 1284/1399/1282 1285/1400/1283 1282/1397/1280
f 1283/1398/1281 1286/1401/1284 1284/1399/1282 1281/1396/1279
f 1284/1399/1282 1287/1402/1285 1288/1403/1286 1285/1400/1283
f 1286/1401/1284 1289/1404/1287 1287/1402/1285 1284/1399/1282
f 1291/1405/1288 1290/1406/1289 1289/1404/1287 1286/1401/1284
f 1293/1407/1290 1292/1408/1291 1290/1406/1289 1291/1405/1288
f 1295/1409/1292 1294/1410/1293 1292/1408/1291 1293/1407/1290
f 1297/1411/1294 1296/1412/1295 1294/1410/1293 1295/1409/1292
f 1299/1413/1296 1298/1414/1297 1296/1415/1295 1297/1416/1294
f 1301/1417/1298 1300/1418/1299 1298/1414/1297 1299/1413/1296
f 1303/1419/1300 1302/1420/1301 1300/1418/1299 1301/1417/1298
f 1305/1421/1302 1304/1422/1303 1302/1420/1301 1303/1419/1300
f 1307/1423/1304 1306/1424/1305 1304/1422/1303 1305/1421/1302
f 1285/1400/1283 1288/1403/1286 1306/1424/1305 1307/1423/1304
f 1282/1397/1280 1285/1400/1283 1307/1423/1304 1308/1425/1306
f 1308/1425/1306 1307/1423/1304 1305/1421/1302 1310/1426/1307
f 1279/1394/1277 1282/1397/1280 1308/1425/1306 1309/1427/1308
f 1309/1427/1308 1308/1425/1306 1310/1426/1307 1311/1428/1309
f 1311/1428/1309 1310/1426/1307 1312/1429/1310 1313/1430/1311
f 1310/1426/1307 1305/1421/1302 1303/1419/1300 1312/1429/1310
f 1313/1430/1311 1312/1429/1310 1314/1431/1312 1315/1432/1313
f 1312/1429/1310 1303/1419/1300 1301/1417/1298 1314/1431/1312
f 1315/1432/1313 1314/1431/1312 1316/1433/1314 1317/1434/1315
f 1314/1431/1312 1301/1417/1298 1299/1413/1296 1316/1433/1314
f 1317/1434/1315 1316/1433/1314 1318/1435/1316 1319/1436/1317
f 1316/1433/1314 1299/1413/1296 1297/1416/1294 1318/1435/1316
f 1319/1437/1317 1318/1438/1316 1320/1439/1318 1321/1440/1319
f 1318/1438/1316 1297/1411/1294 1295/1409/1292 1320/1439/1318
f 1321/1440/1319 1320/1439/1318 1322/1441/1320 1323/1442/1321
f 1320/1439/1318 1295/1409/1292 1293/1407/1290 1322/1441/1320
f 1323/1442/1321 1322/1441/1320 1324/1443/1322 1325/1444/1323
f 1322/1441/1320 1293/1407/1290 1291/1405/1288 1324/1443/1322
f 1325/1444/1323 1324/1443/1322 1283/1398/1281 1280/1395/1278
f 1324/1443/1322 1291/1405/1288 1286/1401/1284 1283/1398/1281
f 1328/1445/1324 1323/1442/1321 1325/1444/1323 1326/1446/1325
f 1326/1446/1325 1325/1444/1323 1280/1395/1278 1277/1392/1275
f 1329/1447/1326 1328/1445/1324 1326/1446/1325 1327/1448/1327
f 1327/1448/1327 1326/1446/1325 1277/1392/1275 1274/1389/1272
f 1331/1449/1328 1330/1450/1329 1328/1445/1324 1329/1447/1326
f 1330/1450/1329 1321/1440/1319 1323/1442/1321 1328/1445/1324
f 1333/1451/1330 1332/1452/1331 1330/1450/1329 1331/1449/1328
f 1332/1452/1331 1319/1437/1317 1321/1440/1319 1330/1450/1329
f 1335/1453/1332 1334/1454/1333 1332/1455/1331 1333/1456/1330
f 1334/1454/1333 1317/1434/1315 1319/1436/1317 1332/1455/1331
f 1337/1457/1334 1336/1458/1335 1334/1454/1333 1335/1453/1332
f 1336/1458/1335 1315/1432/1313 1317/1434/1315 1334/1454/1333
f 1339/1459/1336 1338/1460/1337 1336/1458/1335 1337/1457/1334
f 1338/1460/1337 1313/1430/1311 1315/1432/1313 1336/1458/1335
f 1341/1461/1338 1340/1462/1339 1338/1460/1337 1339/1459/1336
f 1340/1462/1339 1311/1428/1309 1313/1430/1311 1338/1460/1337
f 1343/1463/1340 1342/1464/1341 1340/1462/1339 1341/1461/1338
f 1342/1464/1341 1309/1427/1308 1311/1428/1309 1340/1462/1339
f 1273/1388/1271 1276/1391/1274 1342/1464/1341 1343/1463/1340
f 1276/1391/1274 1279/1394/1277 1309/1427/1308 1342/1464/1341
f 1270/1385/1268 1273/1388/1271 1343/1463/1340 1344/1465/1342
f 1344/1465/1342 1343/1463/1340 1341/1461/1338 1346/1466/1343
f 1267/1382/1265 1270/1385/1268 1344/1465/1342 1345/1467/1344
f 1345/1467/1344 1344/1465/1342 1346/1466/1343 1347/1468/1345
f 1347/1468/1345 1346/1466/1343 1348/1469/1346 1349/1470/1347
f 1346/1466/1343 1341/1461/1338 1339/1459/1336 1348/1469/1346
f 1349/1470/1347 1348/1469/1346 1350/1471/1348 1351/1472/1349
f 1348/1469/1346 1339/1459/1336 1337/1457/1334 1350/1471/1348
f 1351/1472/1349 1350/1471/1348 1352/1473/1350 1353/1474/1351
f 1350/1471/1348 1337/1457/1334 1335/1453/1332 1352/1473/1350
f 1353/1474/1351 1352/1473/1350 1354/1475/1352 1355/1476/1353
f 1352/1473/1350 1335/1453/1332 1333/1456/1330 1354/1475/1352
f 1355/1477/1353 1354/1478/1352 1356/1479/1354 1357/1480/1355
f 1354/1478/1352 1333/1451/1330 1331/1449/1328 1356/1479/1354
f 1357/1480/1355 1356/1479/1354 1358/1481/1356 1359/1482/1357
f 1356/1479/1354 1331/1449/1328 1329/1447/1326 1358/1481/1356
f 1359/1482/1357 1358/1481/1356 1360/1483/1358 1361/1484/1359
f 1358/1481/1356 1329/1447/1326 1327/1448/1327 1360/1483/1358
f 1361/1484/1359 1360/1483/1358 1271/1386/1269 1268/1383/1266
f 1360/1483/1358 1327/1448/1327 1274/1389/1272 1271/1386/1269
f 1364/1485/1360 1359/1482/1357 1361/1484/1359 1362/1486/1361
f 1362/1486/1361 1361/1484/1359 1268/1383/1266 1265/1380/1263
f 1365/1487/1362 1364/1485/1360 1362/1486/1361 1363/1488/1363
f 1363/1488/1363 1362/1486/1361 1265/1380/1263 1262/1377/1260
f 1367/1489/1364 1366/1490/1365 1364/1485/1360 1365/1487/1362
f 1366/1490/1365 1357/1480/1355 1359/1482/1357 1364/1485/1360
f 1369/1491/1366 1368/1492/1367 1366/1490/1365 1367/1489/1364
f 1368/1492/1367 1355/1477/1353 1357/1480/1355 1366/1490/1365
f 1371/1493/1368 1370/1494/1369 1368/1495/1367 1369/1496/1366
f 1370/1494/1369 1353/1474/1351 1355/1476/1353 1368/1495/1367
f 1373/1497/1370 1372/1498/1371 1370/1494/1369 1371/1493/1368
f 1372/1498/1371 1351/1472/1349 1353/1474/1351 1370/1494/1369
f 1375/1499/1372 1374/1500/1373 1372/1498/1371 1373/1497/1370
f 1374/1500/1373 1349/1470/1347 1351/1472/1349 1372/1498/1371
f 1377/1501/1374 1376/1502/1375 1374/1500/1373 1375/1499/1372
f 1376/1502/1375 1347/1468/1345 1349/1470/1347 1374/1500/1373
f 1379/1503/1376 1378/1504/1377 1376/1502/1375 1377/1501/1374
f 1378/1504/1377 1345/1467/1344 1347/1468/1345 1376/1502/1375
f 1261/1376/1259 1264/1379/1262 1378/1504/1377 1379/1503/1376
f 1264/1379/1262 1267/1382/1265 1345/1467/1344 1378/1504/1377
f 1258/1373/1256 1261/1376/1259 1379/1503/1376 1380/1505/1378
f 1380/1505/1378 1379/1503/1376 1377/1501/1374 1382/1506/1379
f 1255/1370/1253 1258/1373/1256 1380/1505/1378 1381/1507/1380
f 1381/1507/1380 1380/1505/1378 1382/1506/1379 1383/1508/1381
f 1383/1508/1381 1382/1506/1379 1384/1509/1382 1385/1510/1383
f 1382/1506/1379 1377/1501/1374 1375/1499/1372 1384/1509/1382
f 1385/1510/1383 1384/1509/1382 1386/1511/1384 1387/1512/1385
f 1384/1509/1382 1375/1499/1372 1373/1497/1370 1386/1511/1384
f 1387/1512/1385 1386/1511/1384 1388/1513/1386 1389/1514/1387
f 1386/1511/1384 1373/1497/1370 1371/1493/1368 1388/1513/1386
f 1389/1514/1387 1388/1513/1386 1390/1515/1388 1391/1516/1389
f 1388/1513/1386 1371/1493/1368 1369/1496/1366 1390/1515/1388
f 1391/1517/1389 1390/1518/1388 1392/1519/1390 1393/1520/1391
f 1390/1518/1388 1369/1491/1366 1367/1489/1364 1392/1519/1390
f 1393/1520/1391 1392/1519/1390 1394/1521/1392 1395/1522/1393
f 1392/1519/1390 1367/1489/1364 1365/1487/1362 1394/1521/1392
f 1395/1522/1393 1394/1521/1392 1396/1523/1394 1397/1524/1395
f 1394/1521/1392 1365/1487/1362 1363/1488/1363 1396/1523/1394
f 1397/1524/1395 1396/1523/1394 1259/1374/1257 1256/1371/1254
f 1396/1523/1394 1363/1488/1363 1262/1377/1260 1259/1374/1257
f 1400/1525/1396 1395/1522/1393 1397/1524/1395 1398/1526/1397
f 1398/1526/1397 1397/1524/1395 1256/1371/1254 1253/1368/1251
f 1401/1527/1398 1400/1525/1396 1398/1526/1397 1399/1528/1399
f 1399/1528/1399 1398/1526/1397 1253/1368/1251 1250/1365/1248
f 1403/1529/1400 1402/1530/1401 1400/1525/1396 1401/1527/1398
f 1402/1530/1401 1393/1520/1391 1395/1522/1393 1400/1525/1396
f 1405/1531/1402 1404/1532/1403 1402/1530/1401 1403/1529/1400
f 1404/1532/1403 1391/1517/1389 1393/1520/1391 1402/1530/1401
f 1407/1533/1404 1406/1534/1405 1404/1535/1403 1405/1536/1402
f 1406/1534/1405 1389/1514/1387 1391/1516/1389 1404/1535/1403
f 1409/1537/1406 1408/1538/1407 1406/1534/1405 1407/1533/1404
f 1408/1538/1407 1387/1512/1385 1389/1514/1387 1406/1534/1405
f 1411/1539/1408 1410/1540/1409 1408/1538/1407 1409/1537/1406
f 1410/1540/1409 1385/1510/1383 1387/1512/1385 1408/1538/1407
f 1413/1541/1410 1412/1542/1411 1410/1540/1409 1411/1539/1408
f 1412/1542/1411 1383/1508/1381 1385/1510/1383 1410/1540/1409
f 1415/1543/1412 1414/1544/1413 1412/1542/1411 1413/1541/1410
f 1414/1544/1413 1381/1507/1380 1383/1508/1381 1412/1542/1411
f 1249/1364/1247 1252/1367/1250 1414/1544/1413 1415/1543/1412
f 1252/1367/1250 1255/1370/1253 1381/1507/1380 1414/1544/1413
f 1246/1361/1244 1249/1364/1247 1415/1543/1412 1416/1545/1414
f 1416/1545/1414 1415/1543/1412 1413/1541/1410 1418/1546/1415
f 1243/1358/1241 1246/1361/1244 1416/1545/1414 1417/1547/1416
f 1417/1547/1416 1416/1545/1414 1418/1546/1415 1419/1548/1417
f 1419/1548/1417 1418/1546/1415 1420/1549/1418 1421/1550/1419
f 1418/1546/1415 1413/1541/1410 1411/1539/1408 1420/1549/1418
f 1421/1550/1419 1420/1549/1418 1422/1551/1420 1423/1552/1421
f 1420/1549/1418 1411/1539/1408 1409/1537/1406 1422/1551/1420
f 1423/1552/1421 1422/1551/1420 1424/1553/1422 1425/1554/1423
f 1422/1551/1420 1409/1537/1406 1407/1533/1404 1424/1553/1422
f 1425/1554/1423 1424/1553/1422 1426/1555/1424 1427/1556/1425
f 1424/1553/1422 1407/1533/1404 1405/1536/1402 1426/1555/1424
f 1427/1557/1425 1426/1558/1424 1428/1559/1426 1429/1560/1427
f 1426/1558/1424 1405/1531/1402 1403/1529/1400 1428/1559/1426
f 1429/1560/1427 1428/1559/1426 1430/1561/1428 1431/1562/1429
f 1428/1559/1426 1403/1529/1400 1401/1527/1398 1430/1561/1428
f 1431/1562/1429 1430/1561/1428 1432/1563/1430 1433/1564/1431
f 1430/1561/1428 1401/1527/1398 1399/1528/1399 1432/1563/1430
f 1433/1564/1431 1432/1563/1430 1247/1362/1245 1244/1359/1242
f 1432/1563/1430 1399/1528/1399 1250/1365/1248 1247/1362/1245
f 1436/1565/1432 1431/1562/1429 1433/1564/1431 1434/1566/1433
f 1434/1566/1433 1433/1564/1431 1244/1359/1242 1241/1356/1239
f 1437/1567/1434 1436/1565/1432 1434/1566/1433 1435/1568/1435
f 1435/1568/1435 1434/1566/1433 1241/1356/1239 1238/1353/1236
f 1439/1569/1436 1438/1570/1437 1436/1565/1432 1437/1567/1434
f 1438/1570/1437 1429/1560/1427 1431/1562/1429 1436/1565/1432
f 1441/1571/1438 1440/1572/1439 1438/1570/1437 1439/1569/1436
f 1440/1572/1439 1427/1557/1425 1429/1560/1427 1438/1570/1437
f 1443/1573/1440 1442/1574/1441 1440/1575/1439 1441/1576/1438
f 1442/1574/1441 1425/1554/1423 1427/1556/1425 1440/1575/1439
f 1445/1577/1442 1444/1578/1443 1442/1574/1441 1443/1573/1440
f 1444/1578/1443 1423/1552/1421 1425/1554/1423 1442/1574/1441
f 1447/1579/1444 1446/1580/1445 1444/1578/1443 1445/1577/1442
f 1446/1580/1445 1421/1550/1419 1423/1552/1421 1444/1578/1443
f 1449/1581/1446 1448/1582/1447 1446/1580/1445 1447/1579/1444
f 1448/1582/1447 1419/1548/1417 1421/1550/1419 1446/1580/1445
f 1451/1583/1448 1450/1584/1449 1448/1582/1447 1449/1581/1446
f 1450/1584/1449 1417/1547/1416 1419/1548/1417 1448/1582/1447
f 1237/1352/1235 1240/1355/1238 1450/1584/1449 1451/1583/1448
f 1240/1355/1238 1243/1358/1241 1417/1547/1416 1450/1584/1449
f 1234/1349/1232 1237/1352/1235 1451/1583/1448 1452/1585/1450
f 1452/1585/1450 1451/1583/1448 1449/1581/1446 1454/1586/1451
f 1231/1346/1229 1234/1349/1232 1452/1585/1450 1453/1587/1452
f 1453/1587/1452 1452/1585/1450 1454/1586/1451 1455/1588/1453
f 1455/1588/1453 1454/1586/1451 1456/1589/1454 1457/1590/1455
f 1454/1586/1451 1449/1581/1446 1447/1579/1444 1456/1589/1454
f 1457/1590/1455 1456/1589/1454 1458/1591/1456 1459/1592/1457
f 1456/1589/1454 1447/1579/1444 1445/1577/1442 1458/1591/1456
f 1459/1592/1457 1458/1591/1456 1460/1593/1458 1461/1594/1459
f 1458/1591/1456 1445/1577/1442 1443/1573/1440 1460/1593/1458
f 1461/1594/1459 1460/1593/1458 1462/1595/1460 1463/1596/1461
f 1460/1593/1458 1443/1573/1440 1441/1576/1438 1462/1595/1460
f 1463/1597/1461 1462/1598/1460 1464/1599/1462 1465/1600/1463
f 1462/1598/1460 1441/1571/1438 1439/1569/1436 1464/1599/1462
f 1465/1600/1463 1464/1599/1462 1466/1601/1464 1467/1602/1465
f 1464/1599/1462 1439/1569/1436 1437/1567/1434 1466/1601/1464
f 1467/1602/1465 1466/1601/1464 1468/1603/1466 1469/1604/1467
f 1466/1601/1464 1437/1567/1434 1435/1568/1435 1468/1603/1466
f 1469/1604/1467 1468/1603/1466 1235/1350/1233 1232/1347/1230
f 1468/1603/1466 1435/1568/1435 1238/1353/1236 1235/1350/1233
f 1472/1605/1468 1467/1602/1465 1469/1604/1467 1470/1606/1469
f 1470/1606/1469 1469/1604/1467 1232/1347/1230 1229/1344/1227
f 1473/1607/1470 1472/1605/1468 1470/1606/1469 1471/1608/1471
f 1471/1608/1471 1470/1606/1469 1229/1344/1227 1226/1341/1224
f 1475/1609/1472 1474/1610/1473 1472/1605/1468 1473/1607/1470
f 1474/1610/1473 1465/1600/1463 1467/1602/1465 1472/1605/1468
f 1477/1611/1474 1476/1612/1475 1474/1610/1473 1475/1609/1472
f 1476/1612/1475 1463/1597/1461 1465/1600/1463 1474/1610/1473
f 1479/1613/1476 1478/1614/1477 1476/1615/1475 1477/1616/1474
f 1478/1614/1477 1461/1594/1459 1463/1596/1461 1476/1615/1475
f 1481/1617/1478 1480/1618/1479 1478/1614/1477 1479/1613/1476
f 1480/1618/1479 1459/1592/1457 1461/1594/1459 1478/1614/1477
f 1483/1619/1480 1482/1620/1481 1480/1618/1479 1481/1617/1478
f 1482/1620/1481 1457/1590/1455 1459/1592/1457 1480/1618/1479
f 1485/1621/1482 1484/1622/1483 1482/1620/1481 1483/1619/1480
f 1484/1622/1483 1455/1588/1453 1457/1590/1455 1482/1620/1481
f 1487/1623/1484 1486/1624/1485 1484/1622/1483 1485/1621/1482
f 1486/1624/1485 1453/1587/1452 1455/1588/1453 1484/1622/1483
f 1225/1340/1223 1228/1343/1226 1486/1624/1485 1487/1623/1484
f 1228/1343/1226 1231/1346/1229 1453/1587/1452 1486/1624/1485
f 1222/1337/1220 1225/1340/1223 1487/1623/1484 1488/1625/1486
f 1488/1625/1486 1487/1623/1484 1485/1621/1482 1489/1626/1487
f 1217/1333/1216 1222/1337/1220 1488/1625/1486 1215/1331/1214
f 1215/1331/1214 1488/1625/1486 1489/1626/1487 1213/1329/1212
f 1213/1329/1212 1489/1626/1487 1490/1627/1488 1211/1327/1210
f 1489/1626/1487 1485/1621/1482 1483/1619/1480 1490/1627/1488
f 1211/1327/1210 1490/1627/1488 1491/1628/1489 1209/1325/1208
f 1490/1627/1488 1483/1619/1480 1481/1617/1478 1491/1628/1489
f 1209/1325/1208 1491/1628/1489 1492/1629/1490 1207/1321/1206
f 1491/1628/1489 1481/1617/1478 1479/1613/1476 1492/1629/1490
f 1207/1321/1206 1492/1629/1490 1493/1630/1491 1205/1322/1204
f 1492/1629/1490 1479/1613/1476 1477/1616/1474 1493/1630/1491
f 1205/1319/1204 1493/1631/1491 1494/1632/1492 1203/1317/1202
f 1493/1631/1491 1477/1611/1474 1475/1609/1472 1494/1632/1492
f 1203/1317/1202 1494/1632/1492 1495/1633/1493 1201/1311/1196
f 1494/1632/1492 1475/1609/1472 1473/1607/1470 1495/1633/1493
f 1201/1311/1196 1495/1633/1493 1496/1634/1494 1198/1312/1197
f 1495/1633/1493 1473/1607/1470 1471/1608/1471 1496/1634/1494
f 1198/1312/1197 1496/1634/1494 1223/1338/1221 1220/1314/1199
f 1496/1634/1494 1471/1608/1471 1226/1341/1224 1223/1338/1221
o Cube.005
v 0.402631 -0.723696 -0.008165
v 0.407393 -0.710389 0.036160
v 0.401526 -0.708988 -0.012631
v 0.411272 -0.735948 -0.004600
v 0.415839 -0.723135 0.038084
v 0.425134 -0.742460 -0.002890
v 0.429400 -0.730409 0.037261
v 0.440503 -0.741489 -0.003494
v 0.444442 -0.730264 0.033913
v 0.453259 -0.733293 -0.006250
v 0.456934 -0.722736 0.028936
v 0.459986 -0.720070 -0.010419
v 0.463530 -0.709845 0.023664
v 0.458881 -0.705362 -0.014885
v 0.462462 -0.695043 0.019509
v 0.450239 -0.693110 -0.018451
v 0.454016 -0.682297 0.017585
v 0.436378 -0.686597 -0.020161
v 0.440455 -0.675023 0.018408
v 0.421009 -0.687569 -0.019557
v 0.425413 -0.675169 0.021756
v 0.408253 -0.695764 -0.016801
v 0.412920 -0.682696 0.026733
v 0.406324 -0.695587 0.032006
v 0.424656 -0.672637 0.061039
v 0.436094 -0.665970 0.053149
v 0.418612 -0.685078 0.067834
v 0.443206 -0.665115 0.086294
v 0.452054 -0.659478 0.075005
v 0.438597 -0.676986 0.094973
v 0.467432 -0.659969 0.101301
v 0.471796 -0.655296 0.087279
v 0.465460 -0.671274 0.111587
v 0.494057 -0.656998 0.105163
v 0.493045 -0.652958 0.090326
v 0.495448 -0.667906 0.115960
v 0.519513 -0.655543 0.099240
v 0.513733 -0.651810 0.085451
v 0.524105 -0.666245 0.109334
v 0.542040 -0.654744 0.085779
v 0.532637 -0.651166 0.074106
v 0.549252 -0.665335 0.094342
v 0.560894 -0.653855 0.066360
v 0.548863 -0.650419 0.057364
v 0.570150 -0.664334 0.072841
v 0.575333 -0.652243 0.041982
v 0.561480 -0.649025 0.036046
v 0.586095 -0.662541 0.045933
v 0.584409 -0.649325 0.013439
v 0.569491 -0.646463 0.010845
v 0.596096 -0.659316 0.014492
v 0.587053 -0.644544 -0.018522
v 0.571845 -0.642206 -0.017669
v 0.598999 -0.654063 -0.020562
v 0.581888 -0.637059 -0.055202
v 0.567044 -0.635192 -0.051504
v 0.593572 -0.646241 -0.059285
v 0.571511 -0.634342 -0.087773
v 0.557254 -0.632554 -0.082201
v 0.583213 -0.643526 -0.091799
v 0.557140 -0.641735 -0.117297
v 0.543595 -0.639585 -0.110269
v 0.569293 -0.650689 -0.120399
v 0.540820 -0.657726 -0.139932
v 0.528127 -0.654754 -0.131713
v 0.553393 -0.666276 -0.142448
v 0.523922 -0.679245 -0.155185
v 0.512063 -0.675224 -0.146202
v 0.536771 -0.687446 -0.157448
v 0.507052 -0.703887 -0.163914
v 0.495961 -0.698757 -0.154525
v 0.520022 -0.711914 -0.166113
v 0.490369 -0.730136 -0.167014
v 0.480011 -0.723862 -0.157483
v 0.503328 -0.738181 -0.169215
v 0.473957 -0.756834 -0.164995
v 0.464358 -0.749335 -0.155556
v 0.486789 -0.765085 -0.167180
v 0.457940 -0.782883 -0.158038
v 0.449193 -0.774008 -0.148971
v 0.470526 -0.791531 -0.160115
v 0.442487 -0.807117 -0.146059
v 0.434758 -0.796660 -0.137789
v 0.454690 -0.816359 -0.147838
v 0.427842 -0.828170 -0.128754
v 0.421348 -0.815957 -0.121960
v 0.439507 -0.838176 -0.129890
v 0.414440 -0.844254 -0.105777
v 0.409361 -0.830370 -0.101428
v 0.425434 -0.855053 -0.105752
v 0.403062 -0.853114 -0.077354
v 0.399333 -0.838193 -0.076382
v 0.413384 -0.864430 -0.075647
v 0.427532 -0.869108 -0.071718
v 0.439397 -0.859874 -0.101360
v 0.441716 -0.865895 -0.066621
v 0.452588 -0.857424 -0.093777
v 0.452135 -0.855652 -0.061720
v 0.461472 -0.848360 -0.085036
v 0.455997 -0.841123 -0.058330
v 0.463668 -0.835111 -0.077478
v 0.452268 -0.826202 -0.057358
v 0.458589 -0.821226 -0.073128
v 0.441947 -0.814887 -0.059065
v 0.447595 -0.810427 -0.073153
v 0.427799 -0.810208 -0.062994
v 0.433632 -0.805606 -0.077545
v 0.413615 -0.813421 -0.068091
v 0.420442 -0.808056 -0.085128
v 0.403196 -0.823664 -0.072992
v 0.411558 -0.817120 -0.093870
v 0.421767 -0.804809 -0.111328
v 0.433573 -0.787789 -0.125243
v 0.428985 -0.797712 -0.099708
v 0.439252 -0.782881 -0.111784
v 0.441069 -0.796570 -0.090213
v 0.450271 -0.783251 -0.101016
v 0.454781 -0.801687 -0.085386
v 0.463679 -0.788801 -0.095827
v 0.466447 -0.811693 -0.086523
v 0.475882 -0.798042 -0.097605
v 0.472940 -0.823906 -0.093317
v 0.483611 -0.808500 -0.105875
v 0.472522 -0.835054 -0.103948
v 0.484795 -0.817371 -0.118421
v 0.465303 -0.842151 -0.115569
v 0.479117 -0.822279 -0.131881
v 0.453219 -0.843293 -0.125064
v 0.468098 -0.821908 -0.142648
v 0.483577 -0.797633 -0.154647
v 0.499414 -0.771876 -0.161526
v 0.493598 -0.799556 -0.143098
v 0.508450 -0.775388 -0.149546
v 0.497903 -0.796783 -0.128563
v 0.511476 -0.774680 -0.134452
v 0.495339 -0.790057 -0.114936
v 0.507681 -0.769941 -0.120288
v 0.486592 -0.781182 -0.105869
v 0.498082 -0.762442 -0.110848
v 0.474006 -0.772534 -0.103792
v 0.485251 -0.754191 -0.108663
v 0.460954 -0.766432 -0.109260
v 0.472625 -0.747400 -0.114318
v 0.450933 -0.764510 -0.120809
v 0.463589 -0.743888 -0.126297
v 0.446629 -0.767283 -0.135344
v 0.460563 -0.744596 -0.141391
v 0.475030 -0.721039 -0.143175
v 0.489722 -0.697898 -0.140460
v 0.476760 -0.722425 -0.127925
v 0.490005 -0.701540 -0.125488
v 0.484737 -0.727647 -0.115817
v 0.496736 -0.708708 -0.113622
v 0.496824 -0.735307 -0.110098
v 0.508110 -0.717481 -0.108040
v 0.509783 -0.743352 -0.112298
v 0.521080 -0.725508 -0.110238
v 0.520141 -0.749626 -0.121829
v 0.532171 -0.730638 -0.119628
v 0.525122 -0.752449 -0.136137
v 0.538411 -0.731497 -0.133693
v 0.523393 -0.751063 -0.151388
v 0.538127 -0.727855 -0.148664
v 0.515415 -0.745841 -0.163495
v 0.531397 -0.720687 -0.160531
v 0.547169 -0.697631 -0.152382
v 0.562476 -0.678112 -0.138588
v 0.552328 -0.707070 -0.141347
v 0.565636 -0.690062 -0.129385
v 0.550868 -0.713233 -0.127298
v 0.562026 -0.698926 -0.117306
v 0.543178 -0.714470 -0.114000
v 0.552613 -0.702327 -0.105587
v 0.531320 -0.710449 -0.105017
v 0.539920 -0.699354 -0.097369
v 0.518470 -0.702248 -0.102755
v 0.527348 -0.690805 -0.094852
v 0.508073 -0.692063 -0.107820
v 0.518265 -0.678969 -0.098713
v 0.502913 -0.682624 -0.118855
v 0.515105 -0.667018 -0.107916
v 0.504374 -0.676461 -0.132904
v 0.518715 -0.658155 -0.119995
v 0.532287 -0.644813 -0.101197
v 0.544263 -0.638643 -0.076574
v 0.526247 -0.656020 -0.092513
v 0.536019 -0.650976 -0.072401
v 0.527093 -0.670202 -0.086543
v 0.534730 -0.666249 -0.070799
v 0.534598 -0.683560 -0.084887
v 0.540742 -0.680370 -0.072199
v 0.546751 -0.692514 -0.087989
v 0.552444 -0.689554 -0.076224
v 0.560296 -0.694664 -0.095017
v 0.566701 -0.691342 -0.081796
v 0.571604 -0.689436 -0.104089
v 0.579691 -0.685253 -0.087423
v 0.577644 -0.678229 -0.112773
v 0.587936 -0.672920 -0.091596
v 0.576798 -0.664047 -0.118743
v 0.589225 -0.657647 -0.093198
v 0.598966 -0.660278 -0.062658
v 0.604482 -0.668214 -0.023242
v 0.596624 -0.675408 -0.064417
v 0.602032 -0.683205 -0.025844
v 0.587174 -0.687577 -0.064092
v 0.592306 -0.695019 -0.027671
v 0.573149 -0.693525 -0.061769
v 0.577911 -0.700490 -0.028233
v 0.558305 -0.691658 -0.058070
v 0.562702 -0.698153 -0.027379
v 0.546621 -0.682476 -0.053988
v 0.550756 -0.688633 -0.025339
v 0.541227 -0.668439 -0.050615
v 0.545273 -0.674482 -0.022659
v 0.543569 -0.653309 -0.048856
v 0.547723 -0.659491 -0.020057
v 0.553019 -0.641140 -0.049181
v 0.557449 -0.647678 -0.018231
v 0.555336 -0.651496 0.007407
v 0.548248 -0.653751 0.029715
v 0.545740 -0.663076 0.004045
v 0.539183 -0.665154 0.024686
v 0.543272 -0.678099 0.001661
v 0.536713 -0.680179 0.022306
v 0.548594 -0.692542 0.000892
v 0.541501 -0.694799 0.023214
v 0.560280 -0.702532 0.001946
v 0.552263 -0.705097 0.027165
v 0.575199 -0.705395 0.004539
v 0.566116 -0.708314 0.033101
v 0.589353 -0.700362 0.007978
v 0.579348 -0.703588 0.039432
v 0.598950 -0.688782 0.011339
v 0.588413 -0.692186 0.044461
v 0.601418 -0.673758 0.013724
v 0.590883 -0.677161 0.046840
v 0.574151 -0.679049 0.075071
v 0.552341 -0.680099 0.097500
v 0.571825 -0.694056 0.072451
v 0.550479 -0.695081 0.094407
v 0.563794 -0.705335 0.065683
v 0.544165 -0.706266 0.085892
v 0.552212 -0.709863 0.056582
v 0.535090 -0.710658 0.074236
v 0.540181 -0.706427 0.047585
v 0.525687 -0.707079 0.062563
v 0.530925 -0.695948 0.041104
v 0.518474 -0.696489 0.054000
v 0.526924 -0.681233 0.038875
v 0.515386 -0.681725 0.050842
v 0.529250 -0.666226 0.041495
v 0.517248 -0.666743 0.053935
v 0.537281 -0.654947 0.048262
v 0.523562 -0.655557 0.062450
v 0.508312 -0.656046 0.071661
v 0.492683 -0.656869 0.075424
v 0.504703 -0.667117 0.061565
v 0.493070 -0.667682 0.064450
v 0.503874 -0.682055 0.057869
v 0.494100 -0.682500 0.060345
v 0.506046 -0.696858 0.061562
v 0.495499 -0.697353 0.064209
v 0.510637 -0.707560 0.071656
v 0.496890 -0.708261 0.075006
v 0.516418 -0.711292 0.085445
v 0.497902 -0.712301 0.089843
v 0.521839 -0.707056 0.099235
v 0.498264 -0.708390 0.104745
v 0.525447 -0.695986 0.109331
v 0.497877 -0.697577 0.115719
v 0.526277 -0.681048 0.113027
v 0.496847 -0.682759 0.119824
v 0.466408 -0.686180 0.115383
v 0.439463 -0.691909 0.098719
v 0.470022 -0.700693 0.111670
v 0.445572 -0.705887 0.096526
v 0.475333 -0.710926 0.101443
v 0.455286 -0.715173 0.088983
v 0.480920 -0.714135 0.087444
v 0.466003 -0.717280 0.078111
v 0.485283 -0.709461 0.073422
v 0.474851 -0.711643 0.066823
v 0.487255 -0.698157 0.063135
v 0.479459 -0.699772 0.058143
v 0.486308 -0.683251 0.059340
v 0.478593 -0.684848 0.054398
v 0.482694 -0.668737 0.063053
v 0.472484 -0.670871 0.056590
v 0.477382 -0.658505 0.073279
v 0.462770 -0.661584 0.064133
v 0.449859 -0.666865 0.046280
v 0.462266 -0.675081 0.042271
v 0.469988 -0.688418 0.042197
v 0.470957 -0.703300 0.046077
v 0.464913 -0.715742 0.052873
v 0.453476 -0.722408 0.060762
v 0.439710 -0.721513 0.067632
v 0.427304 -0.713297 0.071641
v 0.419581 -0.699961 0.071715
vn -0.6610 -0.6963 0.2797
vn -0.6510 -0.6761 0.3451
vn -0.9264 -0.2513 0.2806
vn -0.9421 -0.2795 0.1851
vn -0.9608 0.2374 0.1432
vn -0.9772 0.2078 0.0426
vn -0.2020 -0.9319 0.3013
vn -0.2024 -0.9258 0.3194
vn 0.3151 -0.9176 0.2423
vn 0.3045 -0.9293 0.2091
vn 0.7481 -0.6531 0.1178
vn 0.7327 -0.6793 0.0425
vn 0.9769 -0.2103 -0.0386
vn 0.9610 -0.2408 -0.1359
vn 0.9391 0.2897 -0.1848
vn 0.9236 0.2643 -0.2776
vn 0.6451 0.7106 -0.2808
vn 0.6317 0.6951 -0.3432
vn 0.1757 0.9377 -0.2999
vn 0.1693 0.9342 -0.3139
vn -0.3386 0.9106 -0.2371
vn -0.3346 0.9211 -0.1991
vn -0.7586 0.6420 -0.1114
vn -0.7460 0.6652 -0.0317
vn -0.6841 0.7144 0.1473
vn -0.3107 0.9434 -0.1159
vn -0.8779 0.3027 0.3709
vn -0.5392 0.7696 0.3422
vn -0.2531 0.9670 -0.0300
vn -0.6843 0.3770 0.6242
vn -0.3059 0.8182 0.4868
vn -0.1647 0.9860 0.0276
vn -0.3671 0.4432 0.8178
vn -0.0494 0.8487 0.5265
vn -0.0815 0.9959 0.0386
vn -0.0046 0.4850 0.8745
vn 0.1535 0.8631 0.4812
vn -0.0362 0.9991 0.0241
vn 0.3017 0.5045 0.8090
vn 0.2839 0.8697 0.4037
vn -0.0280 0.9995 0.0149
vn 0.5188 0.5135 0.6835
vn 0.3602 0.8743 0.3252
vn -0.0408 0.9989 0.0249
vn 0.6633 0.5209 0.5374
vn 0.4021 0.8793 0.2551
vn -0.0609 0.9965 0.0570
vn 0.7553 0.5311 0.3841
vn 0.4215 0.8855 0.1954
vn -0.0780 0.9909 0.1094
vn 0.8054 0.5468 0.2288
vn 0.4266 0.8926 0.1457
vn -0.0823 0.9808 0.1769
vn 0.8184 0.5694 0.0774
vn 0.4021 0.9147 0.0406
vn -0.0893 0.9822 0.1651
vn 0.7879 0.6089 -0.0923
vn 0.3195 0.9266 -0.1984
vn -0.1483 0.9888 -0.0154
vn 0.7053 0.6276 -0.3298
vn 0.1770 0.8527 -0.4914
vn -0.2673 0.9271 -0.2628
vn 0.5757 0.5610 -0.5948
vn 0.0191 0.7003 -0.7136
vn -0.3994 0.8009 -0.4462
vn 0.4321 0.4200 -0.7980
vn -0.1202 0.5249 -0.8426
vn -0.5135 0.6596 -0.5488
vn 0.3034 0.2544 -0.9183
vn -0.2320 0.3628 -0.9025
vn -0.6013 0.5343 -0.5941
vn 0.1971 0.0970 -0.9756
vn -0.3225 0.2205 -0.9205
vn -0.6685 0.4301 -0.6067
vn 0.1071 -0.0465 -0.9932
vn -0.4013 0.0915 -0.9114
vn -0.7228 0.3419 -0.6006
vn 0.0244 -0.1824 -0.9829
vn -0.4767 -0.0329 -0.8785
vn -0.7704 0.2632 -0.5806
vn -0.0592 -0.3195 -0.9457
vn -0.5554 -0.1590 -0.8162
vn -0.8162 0.1891 -0.5460
vn -0.1511 -0.4644 -0.8726
vn -0.6419 -0.2864 -0.7113
vn -0.8628 0.1188 -0.4914
vn -0.2559 -0.6153 -0.7456
vn -0.7341 -0.3991 -0.5493
vn -0.9098 0.0593 -0.4107
vn -0.3703 -0.7520 -0.5454
vn -0.7748 -0.4451 -0.4489
vn -0.9315 0.0338 -0.3623
vn -0.4235 -0.8029 -0.4196
vn 0.0882 -0.9115 -0.4018
vn 0.0324 -0.9578 -0.2855
vn 0.5256 -0.8366 -0.1543
vn 0.4849 -0.8711 -0.0776
vn 0.8290 -0.5426 0.1356
vn 0.8182 -0.5537 0.1546
vn 0.9139 -0.1008 0.3932
vn 0.9337 -0.0809 0.3488
vn 0.7491 0.3728 0.5476
vn 0.7909 0.4164 0.4484
vn 0.3737 0.7460 0.5512
vn 0.4291 0.7974 0.4242
vn -0.1071 0.9106 0.3991
vn -0.0507 0.9580 0.2823
vn -0.5553 0.8205 0.1357
vn -0.5175 0.8535 0.0614
vn -0.8472 0.5061 -0.1614
vn -0.8407 0.5121 -0.1761
vn -0.8575 0.4953 -0.1388
vn -0.6215 0.7405 0.2558
vn -0.8627 0.4890 -0.1289
vn -0.6778 0.6587 0.3267
vn -0.2132 0.7833 0.5839
vn -0.3069 0.6489 0.6963
vn 0.2561 0.6091 0.7506
vn 0.1502 0.4605 0.8749
vn 0.6545 0.2664 0.7076
vn 0.5660 0.1454 0.8115
vn 0.8699 -0.1484 0.4704
vn 0.8246 -0.2086 0.5258
vn 0.8469 -0.5205 0.1091
vn 0.8575 -0.5046 0.1002
vn 0.5986 -0.7516 -0.2769
vn 0.6612 -0.6644 -0.3484
vn 0.1959 -0.7851 -0.5876
vn 0.2924 -0.6489 -0.7024
vn 0.7103 -0.5893 -0.3850
vn 0.3738 -0.5227 -0.7662
vn 0.7484 -0.5281 -0.4013
vn 0.4441 -0.4087 -0.7974
vn 0.8553 -0.5076 0.1038
vn 0.8602 -0.5000 0.1005
vn 0.7324 -0.3502 0.5839
vn 0.7795 -0.2759 0.5624
vn 0.4091 -0.0968 0.9073
vn 0.4856 0.0241 0.8738
vn -0.0273 0.1835 0.9826
vn 0.0574 0.3182 0.9463
vn -0.4558 0.4134 0.7882
vn -0.3863 0.5250 0.7584
vn -0.7584 0.5299 0.3795
vn -0.7227 0.5877 0.3636
vn -0.8546 0.5029 -0.1293
vn -0.8619 0.4909 -0.1272
vn -0.8397 0.5270 -0.1313
vn -0.7873 0.4837 0.3822
vn -0.8144 0.5660 -0.1279
vn -0.8116 0.4474 0.3757
vn -0.5213 0.3095 0.7953
vn -0.5885 0.2077 0.7813
vn -0.1112 0.0502 0.9925
vn -0.2026 -0.0895 0.9752
vn 0.3298 -0.2232 0.9173
vn 0.2397 -0.3627 0.9005
vn 0.6795 -0.4351 0.5908
vn 0.6151 -0.5362 0.5781
vn 0.8427 -0.5279 0.1051
vn 0.8208 -0.5625 0.0994
vn 0.7789 -0.4782 -0.4058
vn 0.8046 -0.4364 -0.4026
vn 0.5092 -0.3016 -0.8061
vn 0.5756 -0.1948 -0.7942
vn 0.8276 -0.4006 -0.3933
vn 0.6495 -0.0831 -0.7558
vn 0.8489 -0.3702 -0.3772
vn 0.7353 0.0302 -0.6771
vn 0.7377 -0.6745 0.0284
vn 0.7867 -0.6124 0.0783
vn 0.4247 -0.7956 0.4321
vn 0.5322 -0.6577 0.5332
vn -0.0087 -0.6957 0.7183
vn 0.1296 -0.5215 0.8433
vn -0.4416 -0.4020 0.8022
vn -0.3103 -0.2416 0.9194
vn -0.7495 0.0023 0.6620
vn -0.6634 0.1042 0.7409
vn -0.8479 0.4039 0.3435
vn -0.8320 0.4205 0.3619
vn -0.7170 0.6943 -0.0616
vn -0.7747 0.6226 -0.1101
vn -0.6454 0.7631 0.0347
vn -0.8578 0.3970 0.3263
vn -0.5799 0.7961 0.1731
vn -0.8630 0.3932 0.3173
vn -0.8412 -0.0803 0.5348
vn -0.9191 -0.1197 0.3753
vn -0.5903 -0.5409 0.5991
vn -0.7241 -0.6071 0.3273
vn -0.1704 -0.8521 0.4948
vn -0.3219 -0.9283 0.1862
vn 0.2964 -0.9219 0.2493
vn 0.1735 -0.9848 -0.0054
vn 0.6760 -0.7342 -0.0635
vn 0.6147 -0.7649 -0.1928
vn 0.8678 -0.3490 -0.3538
vn 0.8812 -0.3411 -0.3275
vn 0.8286 0.1241 -0.5460
vn 0.9111 0.1668 -0.3769
vn 0.8965 -0.3597 -0.2588
vn 0.9689 0.1442 -0.2009
vn 0.9133 -0.3960 -0.0952
vn 0.9950 0.0994 -0.0102
vn 0.5937 -0.7893 -0.1564
vn 0.5854 -0.7706 -0.2520
vn 0.1171 -0.9771 -0.1774
vn 0.1151 -0.9768 -0.1808
vn -0.3934 -0.9068 -0.1515
vn -0.3888 -0.9194 -0.0596
vn -0.8017 -0.5919 -0.0833
vn -0.7882 -0.6099 0.0825
vn -0.9936 -0.1124 0.0094
vn -0.9703 -0.1303 0.2036
vn -0.9106 0.4012 0.0998
vn -0.8846 0.3843 0.2643
vn -0.5740 0.8028 0.1609
vn -0.5600 0.7904 0.2483
vn -0.5607 0.8280 -0.0069
vn -0.8919 0.4356 -0.1218
vn -0.5116 0.8446 -0.1582
vn -0.8246 0.4589 -0.3308
vn -0.9760 -0.0786 -0.2029
vn -0.9096 -0.0551 -0.4117
vn -0.7897 -0.5696 -0.2278
vn -0.7423 -0.5527 -0.3787
vn -0.3887 -0.9014 -0.1906
vn -0.3725 -0.8958 -0.2425
vn 0.1133 -0.9883 -0.1025
vn 0.0945 -0.9946 -0.0421
vn 0.5813 -0.8136 0.0122
vn 0.5326 -0.8296 0.1680
vn 0.8953 -0.4281 0.1232
vn 0.8289 -0.4492 0.3334
vn 0.9770 0.0676 0.2022
vn 0.9099 0.0465 0.4121
vn 0.7173 -0.4611 0.5224
vn 0.7927 0.0340 0.6086
vn 0.5599 -0.4672 0.6843
vn 0.6189 0.0265 0.7850
vn 0.3552 -0.8421 0.4058
vn 0.4553 -0.8381 0.3004
vn 0.0543 -0.9983 0.0188
vn 0.0715 -0.9974 -0.0016
vn -0.2657 -0.8878 -0.3759
vn -0.3354 -0.8912 -0.3053
vn -0.5165 -0.5330 -0.6702
vn -0.6544 -0.5412 -0.5280
vn -0.6243 -0.0285 -0.7806
vn -0.7941 -0.0396 -0.6066
vn -0.5571 0.4844 -0.6745
vn -0.7128 0.4738 -0.5172
vn -0.3366 0.8610 -0.3812
vn -0.4348 0.8544 -0.2845
vn -0.2206 0.8683 -0.4443
vn -0.3508 0.4966 -0.7939
vn -0.0940 0.8796 -0.4663
vn -0.0864 0.5191 -0.8503
vn -0.3862 -0.0163 -0.9223
vn -0.0595 0.0078 -0.9982
vn -0.3103 -0.5242 -0.7931
vn -0.0121 -0.5063 -0.8623
vn -0.1461 -0.8837 -0.4447
vn 0.0428 -0.8738 -0.4844
vn 0.0540 -0.9983 0.0234
vn 0.0820 -0.9964 0.0226
vn 0.2336 -0.8449 0.4812
vn 0.0934 -0.8511 0.5166
vn 0.3483 -0.4728 0.8094
vn 0.0778 -0.4864 0.8703
vn 0.3724 0.0184 0.9279
vn 0.0417 -0.0003 0.9991
vn -0.2184 -0.5186 0.8266
vn -0.3351 -0.0426 0.9412
vn -0.4606 -0.5706 0.6799
vn -0.6557 -0.1101 0.7469
vn -0.1452 -0.8878 0.4367
vn -0.0452 -0.8655 0.4988
vn 0.2140 -0.9739 0.0756
vn 0.1411 -0.9894 0.0352
vn 0.5234 -0.7942 -0.3089
vn 0.2911 -0.8465 -0.4457
vn 0.6924 -0.3877 -0.6085
vn 0.3628 -0.4628 -0.8088
vn 0.6633 0.1304 -0.7369
vn 0.3326 0.0584 -0.9413
vn 0.4439 0.6077 -0.6585
vn 0.2064 0.5588 -0.8032
vn 0.1055 0.9116 -0.3973
vn 0.0226 0.8954 -0.4447
vn 0.1502 0.9249 -0.3492
vn 0.5770 0.6557 -0.4869
vn 0.8482 0.2033 -0.4890
vn 0.8822 -0.3079 -0.3563
vn 0.6686 -0.7330 -0.1258
vn 0.2726 -0.9519 0.1399
vn -0.1910 -0.9100 0.3681
vn -0.5978 -0.6279 0.4983
vn -0.8467 -0.1856 0.4987
vt 0.439128 0.274417
vt 0.437061 0.260922
vt 0.442010 0.260249
vt 0.444888 0.273927
vt 0.446877 0.258981
vt 0.450688 0.272614
vt 0.433587 0.274286
vt 0.432089 0.261182
vt 0.428349 0.273905
vt 0.427148 0.261274
vt 0.423378 0.273721
vt 0.422287 0.261573
vt 0.478131 0.255931
vt 0.473712 0.244924
vt 0.478294 0.243348
vt 0.482624 0.254420
vt 0.473901 0.258010
vt 0.469223 0.246980
vt 0.469833 0.260785
vt 0.464856 0.249535
vt 0.465671 0.264025
vt 0.460540 0.252318
vt 0.461160 0.267325
vt 0.456150 0.254976
vt 0.456158 0.270285
vt 0.451602 0.257249
vt 0.448648 0.247148
vt 0.453085 0.245182
vt 0.444114 0.248693
vt 0.446518 0.238902
vt 0.450966 0.237338
vt 0.442066 0.240190
vt 0.444954 0.231645
vt 0.449562 0.230608
vt 0.440446 0.232613
vt 0.444022 0.224796
vt 0.448743 0.224310
vt 0.439377 0.225401
vt 0.443481 0.218018
vt 0.448347 0.217947
vt 0.438671 0.218322
vt 0.443248 0.211033
vt 0.448224 0.211209
vt 0.438308 0.211092
vt 0.443229 0.203616
vt 0.448298 0.203953
vt 0.438283 0.203465
vt 0.443536 0.195673
vt 0.448634 0.196144
vt 0.438469 0.195317
vt 0.444110 0.187178
vt 0.449242 0.187794
vt 0.439020 0.186558
vt 0.445099 0.178132
vt 0.450261 0.178919
vt 0.439960 0.177170
vt 0.446606 0.167945
vt 0.451450 0.168611
vt 0.441787 0.166886
vt 0.447902 0.159114
vt 0.452413 0.159605
vt 0.443317 0.158330
vt 0.448590 0.150695
vt 0.453163 0.151114
vt 0.444048 0.150218
vt 0.449203 0.142721
vt 0.453843 0.143138
vt 0.444543 0.142425
vt 0.449625 0.134861
vt 0.454368 0.135250
vt 0.444851 0.134672
vt 0.449991 0.126884
vt 0.454772 0.127224
vt 0.445110 0.126755
vt 0.450271 0.118710
vt 0.455181 0.118963
vt 0.445354 0.118592
vt 0.450537 0.110337
vt 0.455430 0.110553
vt 0.445640 0.110202
vt 0.450852 0.101843
vt 0.455688 0.102082
vt 0.446018 0.101665
vt 0.451276 0.093286
vt 0.456038 0.093652
vt 0.446534 0.093021
vt 0.451859 0.084618
vt 0.456589 0.085294
vt 0.447149 0.084188
vt 0.452792 0.075647
vt 0.457650 0.076928
vt 0.447886 0.074915
vt 0.454559 0.066089
vt 0.460042 0.068501
vt 0.448747 0.064805
vt 0.442954 0.074717
vt 0.442887 0.064803
vt 0.438020 0.075103
vt 0.437136 0.065774
vt 0.433111 0.075884
vt 0.431754 0.067698
vt 0.428211 0.076869
vt 0.426827 0.070006
vt 0.423328 0.077668
vt 0.422156 0.071939
vt 0.476948 0.084111
vt 0.477915 0.079062
vt 0.482624 0.079216
vt 0.481859 0.084756
vt 0.472062 0.082764
vt 0.473562 0.077771
vt 0.467221 0.080805
vt 0.469443 0.075013
vt 0.462450 0.078709
vt 0.465008 0.071675
vt 0.461363 0.086238
vt 0.466208 0.087409
vt 0.460834 0.094160
vt 0.465671 0.094825
vt 0.471126 0.088645
vt 0.470540 0.095600
vt 0.476045 0.089703
vt 0.475403 0.096344
vt 0.480922 0.090374
vt 0.480249 0.096839
vt 0.422641 0.092102
vt 0.423239 0.084339
vt 0.428108 0.084295
vt 0.427482 0.092342
vt 0.432936 0.084112
vt 0.432290 0.092505
vt 0.437709 0.083972
vt 0.437061 0.092643
vt 0.442443 0.083963
vt 0.441805 0.092808
vt 0.436452 0.101323
vt 0.441189 0.101503
vt 0.435873 0.110015
vt 0.440749 0.110108
vt 0.431124 0.109904
vt 0.431636 0.101129
vt 0.426279 0.109761
vt 0.426812 0.100915
vt 0.421432 0.109583
vt 0.421971 0.100654
vt 0.474728 0.112371
vt 0.475001 0.103995
vt 0.479843 0.104336
vt 0.479570 0.112665
vt 0.469895 0.111880
vt 0.470156 0.103455
vt 0.465061 0.111352
vt 0.465376 0.102881
vt 0.460311 0.110883
vt 0.460528 0.102421
vt 0.459945 0.119392
vt 0.464777 0.119937
vt 0.459583 0.127735
vt 0.464372 0.128385
vt 0.469596 0.120546
vt 0.469151 0.129135
vt 0.474414 0.121115
vt 0.473942 0.129842
vt 0.479251 0.121465
vt 0.478770 0.130303
vt 0.420856 0.127085
vt 0.421070 0.118508
vt 0.425925 0.118600
vt 0.425653 0.127105
vt 0.430682 0.118610
vt 0.430506 0.127008
vt 0.435554 0.118587
vt 0.435364 0.126874
vt 0.440444 0.118566
vt 0.440232 0.126770
vt 0.435238 0.134734
vt 0.440054 0.134649
vt 0.435085 0.142112
vt 0.439845 0.142233
vt 0.430249 0.142019
vt 0.430399 0.134864
vt 0.425354 0.141906
vt 0.425538 0.134960
vt 0.420464 0.141719
vt 0.420671 0.134935
vt 0.472562 0.145646
vt 0.473292 0.138139
vt 0.478109 0.138695
vt 0.477383 0.146182
vt 0.467808 0.144962
vt 0.468530 0.137341
vt 0.463122 0.144278
vt 0.463805 0.136518
vt 0.458477 0.143664
vt 0.459090 0.135805
vt 0.457792 0.151523
vt 0.462489 0.151900
vt 0.457011 0.159882
vt 0.461647 0.159857
vt 0.467133 0.152135
vt 0.466487 0.159552
vt 0.471901 0.152384
vt 0.471364 0.159180
vt 0.476741 0.152708
vt 0.476215 0.159136
vt 0.419382 0.153149
vt 0.420015 0.147497
vt 0.424915 0.147990
vt 0.424177 0.153908
vt 0.429872 0.148548
vt 0.429061 0.154960
vt 0.434777 0.149113
vt 0.433847 0.156136
vt 0.439444 0.149697
vt 0.438641 0.157310
vt 0.432255 0.164160
vt 0.437006 0.165567
vt 0.430160 0.175172
vt 0.434984 0.176151
vt 0.425450 0.174300
vt 0.427516 0.162825
vt 0.420796 0.173566
vt 0.422753 0.161721
vt 0.416028 0.172878
vt 0.418002 0.160890
vt 0.470358 0.179319
vt 0.471010 0.167596
vt 0.475863 0.167467
vt 0.475296 0.179451
vt 0.465390 0.179421
vt 0.466118 0.168115
vt 0.460373 0.179514
vt 0.461211 0.168637
vt 0.455321 0.179373
vt 0.456322 0.168846
vt 0.454378 0.188366
vt 0.459476 0.188813
vt 0.453736 0.196712
vt 0.458800 0.197298
vt 0.464501 0.189117
vt 0.463791 0.197784
vt 0.469443 0.189349
vt 0.468704 0.198115
vt 0.474314 0.189648
vt 0.473555 0.198426
vt 0.413935 0.194676
vt 0.414611 0.184234
vt 0.419413 0.184705
vt 0.418767 0.194865
vt 0.424218 0.185121
vt 0.423608 0.194949
vt 0.429071 0.185542
vt 0.428497 0.195005
vt 0.434002 0.186013
vt 0.433450 0.195108
vt 0.428340 0.203761
vt 0.433277 0.203539
vt 0.428562 0.211922
vt 0.433409 0.211410
vt 0.423763 0.212531
vt 0.423468 0.204049
vt 0.418989 0.213124
vt 0.418638 0.204305
vt 0.414193 0.213528
vt 0.413810 0.204404
vt 0.468123 0.212894
vt 0.468272 0.205969
vt 0.472964 0.206147
vt 0.472953 0.212865
vt 0.463225 0.212767
vt 0.463369 0.205676
vt 0.458249 0.212260
vt 0.458399 0.205130
vt 0.453232 0.211648
vt 0.453365 0.204487
vt 0.453289 0.218127
vt 0.458311 0.218509
vt 0.453584 0.223959
vt 0.458575 0.223749
vt 0.463347 0.218819
vt 0.463642 0.223566
vt 0.468288 0.218684
vt 0.468644 0.223160
vt 0.473143 0.218402
vt 0.473565 0.222668
vt 0.416175 0.229520
vt 0.415050 0.221966
vt 0.419803 0.221289
vt 0.420923 0.228737
vt 0.424502 0.220440
vt 0.425589 0.227848
vt 0.429196 0.219601
vt 0.430201 0.226963
vt 0.433913 0.218867
vt 0.434786 0.226127
vt 0.431559 0.234229
vt 0.436013 0.233476
vt 0.432893 0.241904
vt 0.437567 0.241176
vt 0.428236 0.242403
vt 0.426896 0.234974
vt 0.423474 0.242783
vt 0.422123 0.235665
vt 0.418674 0.243340
vt 0.417219 0.236373
vt 0.469661 0.230545
vt 0.469029 0.226660
vt 0.474147 0.226094
vt 0.474519 0.229802
vt 0.464821 0.231682
vt 0.464061 0.227361
vt 0.460057 0.233514
vt 0.459150 0.228373
vt 0.455462 0.235512
vt 0.454287 0.229505
vt 0.457473 0.242862
vt 0.461876 0.240369
vt 0.466373 0.238090
vt 0.470994 0.236422
vt 0.475674 0.235208
vt 0.420324 0.251592
vt 0.425125 0.251081
vt 0.429961 0.250849
vt 0.434752 0.250485
vt 0.439474 0.249789
s 1
f 1500/1635/1495 1501/1636/1496 1498/1637/1497 1497/1638/1498
f 1497/1638/1498 1498/1637/1497 1520/1639/1499 1499/1640/1500
f 1502/1641/1501 1503/1642/1502 1501/1636/1496 1500/1635/1495
f 1504/1643/1503 1505/1644/1504 1503/1642/1502 1502/1641/1501
f 1506/1645/1505 1507/1646/1506 1505/1644/1504 1504/1643/1503
f 1508/1647/1507 1509/1648/1508 1507/1649/1506 1506/1650/1505
f 1510/1651/1509 1511/1652/1510 1509/1648/1508 1508/1647/1507
f 1512/1653/1511 1513/1654/1512 1511/1652/1510 1510/1651/1509
f 1514/1655/1513 1515/1656/1514 1513/1654/1512 1512/1653/1511
f 1516/1657/1515 1517/1658/1516 1515/1656/1514 1514/1655/1513
f 1518/1659/1517 1519/1660/1518 1517/1658/1516 1516/1657/1515
f 1499/1640/1500 1520/1639/1499 1519/1660/1518 1518/1659/1517
f 1519/1660/1518 1521/1661/1519 1522/1662/1520 1517/1658/1516
f 1520/1639/1499 1523/1663/1521 1521/1661/1519 1519/1660/1518
f 1521/1661/1519 1524/1664/1522 1525/1665/1523 1522/1662/1520
f 1523/1663/1521 1526/1666/1524 1524/1664/1522 1521/1661/1519
f 1524/1664/1522 1527/1667/1525 1528/1668/1526 1525/1665/1523
f 1526/1666/1524 1529/1669/1527 1527/1667/1525 1524/1664/1522
f 1527/1667/1525 1530/1670/1528 1531/1671/1529 1528/1668/1526
f 1529/1669/1527 1532/1672/1530 1530/1670/1528 1527/1667/1525
f 1530/1670/1528 1533/1673/1531 1534/1674/1532 1531/1671/1529
f 1532/1672/1530 1535/1675/1533 1533/1673/1531 1530/1670/1528
f 1533/1673/1531 1536/1676/1534 1537/1677/1535 1534/1674/1532
f 1535/1675/1533 1538/1678/1536 1536/1676/1534 1533/1673/1531
f 1536/1676/1534 1539/1679/1537 1540/1680/1538 1537/1677/1535
f 1538/1678/1536 1541/1681/1539 1539/1679/1537 1536/1676/1534
f 1539/1679/1537 1542/1682/1540 1543/1683/1541 1540/1680/1538
f 1541/1681/1539 1544/1684/1542 1542/1682/1540 1539/1679/1537
f 1542/1682/1540 1545/1685/1543 1546/1686/1544 1543/1683/1541
f 1544/1684/1542 1547/1687/1545 1545/1685/1543 1542/1682/1540
f 1545/1685/1543 1548/1688/1546 1549/1689/1547 1546/1686/1544
f 1547/1687/1545 1550/1690/1548 1548/1688/1546 1545/1685/1543
f 1548/1688/1546 1551/1691/1549 1552/1692/1550 1549/1689/1547
f 1550/1690/1548 1553/1693/1551 1551/1691/1549 1548/1688/1546
f 1551/1691/1549 1554/1694/1552 1555/1695/1553 1552/1692/1550
f 1553/1693/1551 1556/1696/1554 1554/1694/1552 1551/1691/1549
f 1554/1694/1552 1557/1697/1555 1558/1698/1556 1555/1695/1553
f 1556/1696/1554 1559/1699/1557 1557/1697/1555 1554/1694/1552
f 1557/1697/1555 1560/1700/1558 1561/1701/1559 1558/1698/1556
f 1559/1699/1557 1562/1702/1560 1560/1700/1558 1557/1697/1555
f 1560/1700/1558 1563/1703/1561 1564/1704/1562 1561/1701/1559
f 1562/1702/1560 1565/1705/1563 1563/1703/1561 1560/1700/1558
f 1563/1703/1561 1566/1706/1564 1567/1707/1565 1564/1704/1562
f 1565/1705/1563 1568/1708/1566 1566/1706/1564 1563/1703/1561
f 1566/1706/1564 1569/1709/1567 1570/1710/1568 1567/1707/1565
f 1568/1708/1566 1571/1711/1569 1569/1709/1567 1566/1706/1564
f 1569/1709/1567 1572/1712/1570 1573/1713/1571 1570/1710/1568
f 1571/1711/1569 1574/1714/1572 1572/1712/1570 1569/1709/1567
f 1572/1712/1570 1575/1715/1573 1576/1716/1574 1573/1713/1571
f 1574/1714/1572 1577/1717/1575 1575/1715/1573 1572/1712/1570
f 1575/1715/1573 1578/1718/1576 1579/1719/1577 1576/1716/1574
f 1577/1717/1575 1580/1720/1578 1578/1718/1576 1575/1715/1573
f 1578/1718/1576 1581/1721/1579 1582/1722/1580 1579/1719/1577
f 1580/1720/1578 1583/1723/1581 1581/1721/1579 1578/1718/1576
f 1581/1721/1579 1584/1724/1582 1585/1725/1583 1582/1722/1580
f 1583/1723/1581 1586/1726/1584 1584/1724/1582 1581/1721/1579
f 1584/1724/1582 1587/1727/1585 1588/1728/1586 1585/1725/1583
f 1586/1726/1584 1589/1729/1587 1587/1727/1585 1584/1724/1582
f 1591/1730/1588 1590/1731/1589 1589/1729/1587 1586/1726/1584
f 1593/1732/1590 1592/1733/1591 1590/1731/1589 1591/1730/1588
f 1595/1734/1592 1594/1735/1593 1592/1733/1591 1593/1732/1590
f 1597/1736/1594 1596/1737/1595 1594/1735/1593 1595/1734/1592
f 1599/1738/1596 1598/1739/1597 1596/1737/1595 1597/1736/1594
f 1601/1740/1598 1600/1741/1599 1598/1742/1597 1599/1743/1596
f 1603/1744/1600 1602/1745/1601 1600/1741/1599 1601/1740/1598
f 1605/1746/1602 1604/1747/1603 1602/1745/1601 1603/1744/1600
f 1607/1748/1604 1606/1749/1605 1604/1747/1603 1605/1746/1602
f 1585/1725/1583 1588/1728/1586 1606/1749/1605 1607/1748/1604
f 1582/1722/1580 1585/1725/1583 1607/1748/1604 1608/1750/1606
f 1608/1750/1606 1607/1748/1604 1605/1746/1602 1610/1751/1607
f 1579/1719/1577 1582/1722/1580 1608/1750/1606 1609/1752/1608
f 1609/1752/1608 1608/1750/1606 1610/1751/1607 1611/1753/1609
f 1611/1753/1609 1610/1751/1607 1612/1754/1610 1613/1755/1611
f 1610/1751/1607 1605/1746/1602 1603/1744/1600 1612/1754/1610
f 1613/1755/1611 1612/1754/1610 1614/1756/1612 1615/1757/1613
f 1612/1754/1610 1603/1744/1600 1601/1740/1598 1614/1756/1612
f 1615/1757/1613 1614/1756/1612 1616/1758/1614 1617/1759/1615
f 1614/1756/1612 1601/1740/1598 1599/1743/1596 1616/1758/1614
f 1617/1760/1615 1616/1761/1614 1618/1762/1616 1619/1763/1617
f 1616/1761/1614 1599/1738/1596 1597/1736/1594 1618/1762/1616
f 1619/1763/1617 1618/1762/1616 1620/1764/1618 1621/1765/1619
f 1618/1762/1616 1597/1736/1594 1595/1734/1592 1620/1764/1618
f 1621/1765/1619 1620/1764/1618 1622/1766/1620 1623/1767/1621
f 1620/1764/1618 1595/1734/1592 1593/1732/1590 1622/1766/1620
f 1623/1767/1621 1622/1766/1620 1624/1768/1622 1625/1769/1623
f 1622/1766/1620 1593/1732/1590 1591/1730/1588 1624/1768/1622
f 1625/1769/1623 1624/1768/1622 1583/1723/1581 1580/1720/1578
f 1624/1768/1622 1591/1730/1588 1586/1726/1584 1583/1723/1581
f 1628/1770/1624 1623/1767/1621 1625/1769/1623 1626/1771/1625
f 1626/1771/1625 1625/1769/1623 1580/1720/1578 1577/1717/1575
f 1629/1772/1626 1628/1770/1624 1626/1771/1625 1627/1773/1627
f 1627/1773/1627 1626/1771/1625 1577/1717/1575 1574/1714/1572
f 1631/1774/1628 1630/1775/1629 1628/1770/1624 1629/1772/1626
f 1630/1775/1629 1621/1765/1619 1623/1767/1621 1628/1770/1624
f 1633/1776/1630 1632/1777/1631 1630/1775/1629 1631/1774/1628
f 1632/1777/1631 1619/1763/1617 1621/1765/1619 1630/1775/1629
f 1635/1778/1632 1634/1779/1633 1632/1777/1631 1633/1776/1630
f 1634/1779/1633 1617/1760/1615 1619/1763/1617 1632/1777/1631
f 1637/1780/1634 1636/1781/1635 1634/1782/1633 1635/1783/1632
f 1636/1781/1635 1615/1757/1613 1617/1759/1615 1634/1782/1633
f 1639/1784/1636 1638/1785/1637 1636/1781/1635 1637/1780/1634
f 1638/1785/1637 1613/1755/1611 1615/1757/1613 1636/1781/1635
f 1641/1786/1638 1640/1787/1639 1638/1785/1637 1639/1784/1636
f 1640/1787/1639 1611/1753/1609 1613/1755/1611 1638/1785/1637
f 1643/1788/1640 1642/1789/1641 1640/1787/1639 1641/1786/1638
f 1642/1789/1641 1609/1752/1608 1611/1753/1609 1640/1787/1639
f 1573/1713/1571 1576/1716/1574 1642/1789/1641 1643/1788/1640
f 1576/1716/1574 1579/1719/1577 1609/1752/1608 1642/1789/1641
f 1570/1710/1568 1573/1713/1571 1643/1788/1640 1644/1790/1642
f 1644/1790/1642 1643/1788/1640 1641/1786/1638 1646/1791/1643
f 1567/1707/1565 1570/1710/1568 1644/1790/1642 1645/1792/1644
f 1645/1792/1644 1644/1790/1642 1646/1791/1643 1647/1793/1645
f 1647/1793/1645 1646/1791/1643 1648/1794/1646 1649/1795/1647
f 1646/1791/1643 1641/1786/1638 1639/1784/1636 1648/1794/1646
f 1649/1795/1647 1648/1794/1646 1650/1796/1648 1651/1797/1649
f 1648/1794/1646 1639/1784/1636 1637/1780/1634 1650/1796/1648
f 1651/1797/1649 1650/1796/1648 1652/1798/1650 1653/1799/1651
f 1650/1796/1648 1637/1780/1634 1635/1783/1632 1652/1798/1650
f 1653/1800/1651 1652/1801/1650 1654/1802/1652 1655/1803/1653
f 1652/1801/1650 1635/1778/1632 1633/1776/1630 1654/1802/1652
f 1655/1803/1653 1654/1802/1652 1656/1804/1654 1657/1805/1655
f 1654/1802/1652 1633/1776/1630 1631/1774/1628 1656/1804/1654
f 1657/1805/1655 1656/1804/1654 1658/1806/1656 1659/1807/1657
f 1656/1804/1654 1631/1774/1628 1629/1772/1626 1658/1806/1656
f 1659/1807/1657 1658/1806/1656 1660/1808/1658 1661/1809/1659
f 1658/1806/1656 1629/1772/1626 1627/1773/1627 1660/1808/1658
f 1661/1809/1659 1660/1808/1658 1571/1711/1569 1568/1708/1566
f 1660/1808/1658 1627/1773/1627 1574/1714/1572 1571/1711/1569
f 1664/1810/1660 1659/1807/1657 1661/1809/1659 1662/1811/1661
f 1662/1811/1661 1661/1809/1659 1568/1708/1566 1565/1705/1563
f 1665/1812/1662 1664/1810/1660 1662/1811/1661 1663/1813/1663
f 1663/1813/1663 1662/1811/1661 1565/1705/1563 1562/1702/1560
f 1667/1814/1664 1666/1815/1665 1664/1810/1660 1665/1812/1662
f 1666/1815/1665 1657/1805/1655 1659/1807/1657 1664/1810/1660
f 1669/1816/1666 1668/1817/1667 1666/1815/1665 1667/1814/1664
f 1668/1817/1667 1655/1803/1653 1657/1805/1655 1666/1815/1665
f 1671/1818/1668 1670/1819/1669 1668/1817/1667 1669/1816/1666
f 1670/1819/1669 1653/1800/1651 1655/1803/1653 1668/1817/1667
f 1673/1820/1670 1672/1821/1671 1670/1822/1669 1671/1823/1668
f 1672/1821/1671 1651/1797/1649 1653/1799/1651 1670/1822/1669
f 1675/1824/1672 1674/1825/1673 1672/1821/1671 1673/1820/1670
f 1674/1825/1673 1649/1795/1647 1651/1797/1649 1672/1821/1671
f 1677/1826/1674 1676/1827/1675 1674/1825/1673 1675/1824/1672
f 1676/1827/1675 1647/1793/1645 1649/1795/1647 1674/1825/1673
f 1679/1828/1676 1678/1829/1677 1676/1827/1675 1677/1826/1674
f 1678/1829/1677 1645/1792/1644 1647/1793/1645 1676/1827/1675
f 1561/1701/1559 1564/1704/1562 1678/1829/1677 1679/1828/1676
f 1564/1704/1562 1567/1707/1565 1645/1792/1644 1678/1829/1677
f 1558/1698/1556 1561/1701/1559 1679/1828/1676 1680/1830/1678
f 1680/1830/1678 1679/1828/1676 1677/1826/1674 1682/1831/1679
f 1555/1695/1553 1558/1698/1556 1680/1830/1678 1681/1832/1680
f 1681/1832/1680 1680/1830/1678 1682/1831/1679 1683/1833/1681
f 1683/1833/1681 1682/1831/1679 1684/1834/1682 1685/1835/1683
f 1682/1831/1679 1677/1826/1674 1675/1824/1672 1684/1834/1682
f 1685/1835/1683 1684/1834/1682 1686/1836/1684 1687/1837/1685
f 1684/1834/1682 1675/1824/1672 1673/1820/1670 1686/1836/1684
f 1687/1837/1685 1686/1836/1684 1688/1838/1686 1689/1839/1687
f 1686/1836/1684 1673/1820/1670 1671/1823/1668 1688/1838/1686
f 1689/1840/1687 1688/1841/1686 1690/1842/1688 1691/1843/1689
f 1688/1841/1686 1671/1818/1668 1669/1816/1666 1690/1842/1688
f 1691/1843/1689 1690/1842/1688 1692/1844/1690 1693/1845/1691
f 1690/1842/1688 1669/1816/1666 1667/1814/1664 1692/1844/1690
f 1693/1845/1691 1692/1844/1690 1694/1846/1692 1695/1847/1693
f 1692/1844/1690 1667/1814/1664 1665/1812/1662 1694/1846/1692
f 1695/1847/1693 1694/1846/1692 1696/1848/1694 1697/1849/1695
f 1694/1846/1692 1665/1812/1662 1663/1813/1663 1696/1848/1694
f 1697/1849/1695 1696/1848/1694 1559/1699/1557 1556/1696/1554
f 1696/1848/1694 1663/1813/1663 1562/1702/1560 1559/1699/1557
f 1700/1850/1696 1695/1847/1693 1697/1849/1695 1698/1851/1697
f 1698/1851/1697 1697/1849/1695 1556/1696/1554 1553/1693/1551
f 1701/1852/1698 1700/1850/1696 1698/1851/1697 1699/1853/1699
f 1699/1853/1699 1698/1851/1697 1553/1693/1551 1550/1690/1548
f 1703/1854/1700 1702/1855/1701 1700/1850/1696 1701/1852/1698
f 1702/1855/1701 1693/1845/1691 1695/1847/1693 1700/1850/1696
f 1705/1856/1702 1704/1857/1703 1702/1855/1701 1703/1854/1700
f 1704/1857/1703 1691/1843/1689 1693/1845/1691 1702/1855/1701
f 1707/1858/1704 1706/1859/1705 1704/1857/1703 1705/1856/1702
f 1706/1859/1705 1689/1840/1687 1691/1843/1689 1704/1857/1703
f 1709/1860/1706 1708/1861/1707 1706/1862/1705 1707/1863/1704
f 1708/1861/1707 1687/1837/1685 1689/1839/1687 1706/1862/1705
f 1711/1864/1708 1710/1865/1709 1708/1861/1707 1709/1860/1706
f 1710/1865/1709 1685/1835/1683 1687/1837/1685 1708/1861/1707
f 1713/1866/1710 1712/1867/1711 1710/1865/1709 1711/1864/1708
f 1712/1867/1711 1683/1833/1681 1685/1835/1683 1710/1865/1709
f 1715/1868/1712 1714/1869/1713 1712/1867/1711 1713/1866/1710
f 1714/1869/1713 1681/1832/1680 1683/1833/1681 1712/1867/1711
f 1549/1689/1547 1552/1692/1550 1714/1869/1713 1715/1868/1712
f 1552/1692/1550 1555/1695/1553 1681/1832/1680 1714/1869/1713
f 1546/1686/1544 1549/1689/1547 1715/1868/1712 1716/1870/1714
f 1716/1870/1714 1715/1868/1712 1713/1866/1710 1718/1871/1715
f 1543/1683/1541 1546/1686/1544 1716/1870/1714 1717/1872/1716
f 1717/1872/1716 1716/1870/1714 1718/1871/1715 1719/1873/1717
f 1719/1873/1717 1718/1871/1715 1720/1874/1718 1721/1875/1719
f 1718/1871/1715 1713/1866/1710 1711/1864/1708 1720/1874/1718
f 1721/1875/1719 1720/1874/1718 1722/1876/1720 1723/1877/1721
f 1720/1874/1718 1711/1864/1708 1709/1860/1706 1722/1876/1720
f 1723/1877/1721 1722/1876/1720 1724/1878/1722 1725/1879/1723
f 1722/1876/1720 1709/1860/1706 1707/1863/1704 1724/1878/1722
f 1725/1880/1723 1724/1881/1722 1726/1882/1724 1727/1883/1725
f 1724/1881/1722 1707/1858/1704 1705/1856/1702 1726/1882/1724
f 1727/1883/1725 1726/1882/1724 1728/1884/1726 1729/1885/1727
f 1726/1882/1724 1705/1856/1702 1703/1854/1700 1728/1884/1726
f 1729/1885/1727 1728/1884/1726 1730/1886/1728 1731/1887/1729
f 1728/1884/1726 1703/1854/1700 1701/1852/1698 1730/1886/1728
f 1731/1887/1729 1730/1886/1728 1732/1888/1730 1733/1889/1731
f 1730/1886/1728 1701/1852/1698 1699/1853/1699 1732/1888/1730
f 1733/1889/1731 1732/1888/1730 1547/1687/1545 1544/1684/1542
f 1732/1888/1730 1699/1853/1699 1550/1690/1548 1547/1687/1545
f 1736/1890/1732 1731/1887/1729 1733/1889/1731 1734/1891/1733
f 1734/1891/1733 1733/1889/1731 1544/1684/1542 1541/1681/1539
f 1737/1892/1734 1736/1890/1732 1734/1891/1733 1735/1893/1735
f 1735/1893/1735 1734/1891/1733 1541/1681/1539 1538/1678/1536
f 1739/1894/1736 1738/1895/1737 1736/1890/1732 1737/1892/1734
f 1738/1895/1737 1729/1885/1727 1731/1887/1729 1736/1890/1732
f 1741/1896/1738 1740/1897/1739 1738/1895/1737 1739/1894/1736
f 1740/1897/1739 1727/1883/1725 1729/1885/1727 1738/1895/1737
f 1743/1898/1740 1742/1899/1741 1740/1897/1739 1741/1896/1738
f 1742/1899/1741 1725/1880/1723 1727/1883/1725 1740/1897/1739
f 1745/1900/1742 1744/1901/1743 1742/1902/1741 1743/1903/1740
f 1744/1901/1743 1723/1877/1721 1725/1879/1723 1742/1902/1741
f 1747/1904/1744 1746/1905/1745 1744/1901/1743 1745/1900/1742
f 1746/1905/1745 1721/1875/1719 1723/1877/1721 1744/1901/1743
f 1749/1906/1746 1748/1907/1747 1746/1905/1745 1747/1904/1744
f 1748/1907/1747 1719/1873/1717 1721/1875/1719 1746/1905/1745
f 1751/1908/1748 1750/1909/1749 1748/1907/1747 1749/1906/1746
f 1750/1909/1749 1717/1872/1716 1719/1873/1717 1748/1907/1747
f 1537/1677/1535 1540/1680/1538 1750/1909/1749 1751/1908/1748
f 1540/1680/1538 1543/1683/1541 1717/1872/1716 1750/1909/1749
f 1534/1674/1532 1537/1677/1535 1751/1908/1748 1752/1910/1750
f 1752/1910/1750 1751/1908/1748 1749/1906/1746 1754/1911/1751
f 1531/1671/1529 1534/1674/1532 1752/1910/1750 1753/1912/1752
f 1753/1912/1752 1752/1910/1750 1754/1911/1751 1755/1913/1753
f 1755/1913/1753 1754/1911/1751 1756/1914/1754 1757/1915/1755
f 1754/1911/1751 1749/1906/1746 1747/1904/1744 1756/1914/1754
f 1757/1915/1755 1756/1914/1754 1758/1916/1756 1759/1917/1757
f 1756/1914/1754 1747/1904/1744 1745/1900/1742 1758/1916/1756
f 1759/1917/1757 1758/1916/1756 1760/1918/1758 1761/1919/1759
f 1758/1916/1756 1745/1900/1742 1743/1903/1740 1760/1918/1758
f 1761/1920/1759 1760/1921/1758 1762/1922/1760 1763/1923/1761
f 1760/1921/1758 1743/1898/1740 1741/1896/1738 1762/1922/1760
f 1763/1923/1761 1762/1922/1760 1764/1924/1762 1765/1925/1763
f 1762/1922/1760 1741/1896/1738 1739/1894/1736 1764/1924/1762
f 1765/1925/1763 1764/1924/1762 1766/1926/1764 1767/1927/1765
f 1764/1924/1762 1739/1894/1736 1737/1892/1734 1766/1926/1764
f 1767/1927/1765 1766/1926/1764 1768/1928/1766 1769/1929/1767
f 1766/1926/1764 1737/1892/1734 1735/1893/1735 1768/1928/1766
f 1769/1929/1767 1768/1928/1766 1535/1675/1533 1532/1672/1530
f 1768/1928/1766 1735/1893/1735 1538/1678/1536 1535/1675/1533
f 1772/1930/1768 1767/1927/1765 1769/1929/1767 1770/1931/1769
f 1770/1931/1769 1769/1929/1767 1532/1672/1530 1529/1669/1527
f 1773/1932/1770 1772/1930/1768 1770/1931/1769 1771/1933/1771
f 1771/1933/1771 1770/1931/1769 1529/1669/1527 1526/1666/1524
f 1775/1934/1772 1774/1935/1773 1772/1930/1768 1773/1932/1770
f 1774/1935/1773 1765/1925/1763 1767/1927/1765 1772/1930/1768
f 1777/1936/1774 1776/1937/1775 1774/1935/1773 1775/1934/1772
f 1776/1937/1775 1763/1923/1761 1765/1925/1763 1774/1935/1773
f 1779/1938/1776 1778/1939/1777 1776/1937/1775 1777/1936/1774
f 1778/1939/1777 1761/1920/1759 1763/1923/1761 1776/1937/1775
f 1781/1940/1778 1780/1941/1779 1778/1942/1777 1779/1943/1776
f 1780/1941/1779 1759/1917/1757 1761/1919/1759 1778/1942/1777
f 1783/1944/1780 1782/1945/1781 1780/1941/1779 1781/1940/1778
f 1782/1945/1781 1757/1915/1755 1759/1917/1757 1780/1941/1779
f 1785/1946/1782 1784/1947/1783 1782/1945/1781 1783/1944/1780
f 1784/1947/1783 1755/1913/1753 1757/1915/1755 1782/1945/1781
f 1787/1948/1784 1786/1949/1785 1784/1947/1783 1785/1946/1782
f 1786/1949/1785 1753/1912/1752 1755/1913/1753 1784/1947/1783
f 1525/1665/1523 1528/1668/1526 1786/1949/1785 1787/1948/1784
f 1528/1668/1526 1531/1671/1529 1753/1912/1752 1786/1949/1785
f 1522/1662/1520 1525/1665/1523 1787/1948/1784 1788/1950/1786
f 1788/1950/1786 1787/1948/1784 1785/1946/1782 1789/1951/1787
f 1517/1658/1516 1522/1662/1520 1788/1950/1786 1515/1656/1514
f 1515/1656/1514 1788/1950/1786 1789/1951/1787 1513/1654/1512
f 1513/1654/1512 1789/1951/1787 1790/1952/1788 1511/1652/1510
f 1789/1951/1787 1785/1946/1782 1783/1944/1780 1790/1952/1788
f 1511/1652/1510 1790/1952/1788 1791/1953/1789 1509/1648/1508
f 1790/1952/1788 1783/1944/1780 1781/1940/1778 1791/1953/1789
f 1509/1648/1508 1791/1953/1789 1792/1954/1790 1507/1649/1506
f 1791/1953/1789 1781/1940/1778 1779/1943/1776 1792/1954/1790
f 1507/1646/1506 1792/1955/1790 1793/1956/1791 1505/1644/1504
f 1792/1955/1790 1779/1938/1776 1777/1936/1774 1793/1956/1791
f 1505/1644/1504 1793/1956/1791 1794/1957/1792 1503/1642/1502
f 1793/1956/1791 1777/1936/1774 1775/1934/1772 1794/1957/1792
f 1503/1642/1502 1794/1957/1792 1795/1958/1793 1501/1636/1496
f 1794/1957/1792 1775/1934/1772 1773/1932/1770 1795/1958/1793
f 1501/1636/1496 1795/1958/1793 1796/1959/1794 1498/1637/1497
f 1795/1958/1793 1773/1932/1770 1771/1933/1771 1796/1959/1794
f 1498/1637/1497 1796/1959/1794 1523/1663/1521 1520/1639/1499
f 1796/1959/1794 1771/1933/1771 1526/1666/1524 1523/1663/1521
o Cube.006
v 0.363023 -0.541334 0.007563
v 0.369314 -0.541647 0.054648
v 0.361868 -0.525975 0.007060
v 0.371705 -0.554063 0.007831
v 0.377510 -0.554340 0.051614
v 0.385588 -0.560752 0.007794
v 0.390794 -0.560984 0.047505
v 0.400953 -0.559608 0.007460
v 0.405607 -0.559798 0.043421
v 0.413682 -0.550938 0.006920
v 0.417979 -0.551101 0.040458
v 0.420364 -0.537064 0.006318
v 0.424596 -0.537222 0.039409
v 0.419210 -0.521705 0.005816
v 0.423684 -0.521881 0.040555
v 0.410527 -0.508975 0.005547
v 0.415488 -0.509188 0.043589
v 0.396644 -0.502286 0.005585
v 0.402203 -0.502544 0.047698
v 0.381279 -0.503431 0.005918
v 0.387391 -0.503730 0.051781
v 0.368550 -0.512101 0.006458
v 0.375019 -0.512427 0.054745
v 0.368402 -0.526306 0.055794
v 0.392088 -0.516861 0.092943
v 0.403172 -0.507828 0.087195
v 0.385725 -0.530806 0.094540
v 0.418453 -0.524851 0.119727
v 0.427136 -0.515093 0.111549
v 0.412599 -0.538949 0.121839
v 0.450572 -0.535065 0.133801
v 0.456312 -0.524375 0.124300
v 0.445398 -0.549378 0.136219
v 0.484527 -0.545986 0.136203
v 0.487516 -0.534416 0.126472
v 0.480056 -0.560525 0.138679
v 0.517944 -0.556602 0.129038
v 0.518606 -0.544295 0.119785
v 0.514140 -0.571352 0.131377
v 0.549425 -0.566237 0.113924
v 0.548083 -0.553321 0.105625
v 0.546267 -0.581184 0.115955
v 0.577658 -0.574241 0.091843
v 0.574502 -0.560814 0.084969
v 0.575146 -0.589369 0.093367
v 0.601056 -0.579850 0.063419
v 0.596250 -0.566033 0.058572
v 0.599178 -0.595128 0.064166
v 0.617583 -0.582131 0.029262
v 0.611462 -0.568142 0.027178
v 0.616237 -0.597478 0.028890
v 0.624802 -0.580054 -0.009495
v 0.618064 -0.566256 -0.008194
v 0.623715 -0.595322 -0.011286
v 0.620513 -0.572782 -0.050689
v 0.614128 -0.559618 -0.045848
v 0.619265 -0.587762 -0.054086
v 0.607797 -0.562515 -0.082138
v 0.602664 -0.550381 -0.074143
v 0.605922 -0.576979 -0.087117
v 0.588363 -0.549100 -0.107582
v 0.584974 -0.538172 -0.097257
v 0.585583 -0.562937 -0.113770
v 0.564055 -0.533624 -0.127204
v 0.562443 -0.523829 -0.115416
v 0.560370 -0.546885 -0.134137
v 0.536343 -0.516971 -0.141436
v 0.536367 -0.508159 -0.128793
v 0.531849 -0.529745 -0.148792
v 0.506389 -0.499853 -0.150648
v 0.507907 -0.491894 -0.137539
v 0.501185 -0.512222 -0.158226
v 0.475216 -0.482929 -0.155044
v 0.478156 -0.475741 -0.141734
v 0.469368 -0.494949 -0.162713
v 0.443779 -0.466845 -0.154670
v 0.448170 -0.460396 -0.141380
v 0.437312 -0.478549 -0.162330
v 0.412981 -0.452260 -0.149395
v 0.418967 -0.446563 -0.136387
v 0.405874 -0.463663 -0.156942
v 0.383695 -0.439892 -0.138835
v 0.391545 -0.434974 -0.126519
v 0.375884 -0.451000 -0.146120
v 0.356948 -0.430655 -0.122239
v 0.366986 -0.426479 -0.111317
v 0.348351 -0.441497 -0.129024
v 0.334489 -0.425908 -0.098731
v 0.346800 -0.422194 -0.090238
v 0.325108 -0.436591 -0.104678
v 0.319176 -0.427281 -0.068536
v 0.333180 -0.423407 -0.063400
v 0.309227 -0.438018 -0.073356
v 0.305998 -0.452741 -0.076568
v 0.321171 -0.451381 -0.106485
v 0.310355 -0.467504 -0.077311
v 0.323734 -0.466314 -0.103669
v 0.321131 -0.478352 -0.075388
v 0.332109 -0.477389 -0.096984
v 0.335437 -0.482379 -0.071312
v 0.344052 -0.481639 -0.088221
v 0.349441 -0.478504 -0.066176
v 0.356363 -0.477925 -0.079729
v 0.359390 -0.467768 -0.061356
v 0.365744 -0.467242 -0.073782
v 0.362618 -0.453045 -0.058144
v 0.369681 -0.452452 -0.071974
v 0.358261 -0.438282 -0.057401
v 0.367118 -0.437519 -0.074790
v 0.347486 -0.427433 -0.059324
v 0.358743 -0.426444 -0.081475
v 0.375775 -0.430088 -0.099184
v 0.397331 -0.437565 -0.112473
v 0.380961 -0.440516 -0.089091
v 0.399503 -0.446970 -0.100460
v 0.381154 -0.454968 -0.083743
v 0.397478 -0.460670 -0.093699
v 0.376303 -0.469571 -0.084573
v 0.391799 -0.474993 -0.094001
v 0.367706 -0.480414 -0.091358
v 0.383988 -0.486102 -0.101287
v 0.357668 -0.484590 -0.102280
v 0.376137 -0.491020 -0.113603
v 0.348879 -0.480980 -0.114413
v 0.370351 -0.488429 -0.127649
v 0.343693 -0.470552 -0.124506
v 0.368180 -0.479023 -0.139662
v 0.343500 -0.456101 -0.129854
v 0.370205 -0.465324 -0.146423
v 0.399551 -0.477717 -0.157006
v 0.430501 -0.492373 -0.162307
v 0.395706 -0.490656 -0.149569
v 0.425172 -0.504613 -0.154608
v 0.395368 -0.499012 -0.136625
v 0.422751 -0.511988 -0.141295
v 0.398630 -0.500547 -0.121641
v 0.423889 -0.512523 -0.125935
v 0.404616 -0.494850 -0.108634
v 0.428279 -0.506075 -0.112645
v 0.411722 -0.483447 -0.101087
v 0.434746 -0.494370 -0.104985
v 0.418046 -0.469393 -0.101023
v 0.441557 -0.480546 -0.105008
v 0.421891 -0.456455 -0.108460
v 0.446887 -0.468307 -0.112707
v 0.422229 -0.448098 -0.121404
v 0.449307 -0.460931 -0.126020
v 0.477400 -0.475310 -0.126347
v 0.505332 -0.490478 -0.122411
v 0.473151 -0.481753 -0.113008
v 0.499353 -0.495984 -0.109318
v 0.466548 -0.493343 -0.105291
v 0.491574 -0.506936 -0.101767
v 0.459359 -0.506974 -0.105263
v 0.484077 -0.520401 -0.101783
v 0.453511 -0.518995 -0.112932
v 0.478873 -0.532770 -0.109360
v 0.450571 -0.526183 -0.126243
v 0.477355 -0.540729 -0.122469
v 0.451326 -0.526613 -0.141629
v 0.479931 -0.542145 -0.137597
v 0.455575 -0.520170 -0.154968
v 0.485909 -0.536640 -0.150691
v 0.462179 -0.508580 -0.162685
v 0.493689 -0.525687 -0.158241
v 0.524090 -0.543060 -0.148889
v 0.552376 -0.560058 -0.134357
v 0.515145 -0.553347 -0.141703
v 0.542215 -0.569615 -0.127806
v 0.507410 -0.557850 -0.129157
v 0.532609 -0.572993 -0.116238
v 0.502958 -0.555362 -0.114615
v 0.526133 -0.569288 -0.102754
v 0.502982 -0.546550 -0.101972
v 0.524521 -0.559493 -0.090967
v 0.507476 -0.533776 -0.094616
v 0.528205 -0.546233 -0.084034
v 0.515235 -0.520461 -0.094518
v 0.536199 -0.533059 -0.083813
v 0.524181 -0.510174 -0.101705
v 0.546361 -0.523503 -0.090365
v 0.531916 -0.505671 -0.114251
v 0.555967 -0.520124 -0.101932
v 0.576323 -0.533082 -0.085564
v 0.591898 -0.543827 -0.065276
v 0.564729 -0.535193 -0.075634
v 0.578383 -0.544610 -0.057912
v 0.553297 -0.543939 -0.070128
v 0.565741 -0.552519 -0.054024
v 0.545092 -0.556978 -0.070523
v 0.557359 -0.565436 -0.054654
v 0.542311 -0.570815 -0.076711
v 0.555484 -0.579899 -0.059633
v 0.545700 -0.581743 -0.087035
v 0.560617 -0.592034 -0.067627
v 0.554351 -0.586833 -0.098729
v 0.571383 -0.598587 -0.076494
v 0.565946 -0.584722 -0.108659
v 0.584898 -0.597805 -0.083859
v 0.577377 -0.575976 -0.114164
v 0.597540 -0.589895 -0.087747
v 0.610719 -0.600544 -0.055129
v 0.615093 -0.607968 -0.013089
v 0.597165 -0.607703 -0.053539
v 0.601248 -0.614603 -0.014418
v 0.582235 -0.607321 -0.049741
v 0.585889 -0.613450 -0.014919
v 0.569928 -0.599500 -0.044753
v 0.573131 -0.604818 -0.014458
v 0.563543 -0.586336 -0.039911
v 0.566393 -0.591020 -0.013157
v 0.564791 -0.571356 -0.036514
v 0.567480 -0.575752 -0.011365
v 0.573337 -0.558574 -0.035471
v 0.576102 -0.563106 -0.009563
v 0.586891 -0.551416 -0.037062
v 0.589947 -0.556471 -0.008233
v 0.601821 -0.551798 -0.040860
v 0.605306 -0.557624 -0.007732
v 0.599514 -0.559261 0.023196
v 0.586047 -0.557380 0.050922
v 0.584941 -0.557866 0.018383
v 0.573181 -0.556209 0.042520
v 0.571646 -0.564331 0.014030
v 0.561100 -0.562834 0.035617
v 0.563194 -0.576925 0.011302
v 0.553041 -0.575479 0.032062
v 0.561848 -0.592273 0.010930
v 0.551162 -0.590757 0.032809
v 0.567969 -0.606261 0.013014
v 0.555968 -0.604573 0.037656
v 0.579916 -0.615143 0.016996
v 0.566171 -0.613226 0.045306
v 0.594490 -0.616538 0.021808
v 0.579037 -0.614397 0.053708
v 0.607784 -0.610072 0.026162
v 0.591118 -0.607773 0.060611
v 0.567640 -0.602145 0.089134
v 0.539456 -0.594155 0.111175
v 0.557150 -0.609146 0.080276
v 0.530818 -0.601676 0.100865
v 0.546488 -0.608495 0.069168
v 0.522666 -0.601731 0.087787
v 0.538510 -0.600367 0.058786
v 0.517185 -0.594306 0.075445
v 0.535354 -0.586940 0.051912
v 0.515844 -0.581390 0.067146
v 0.537866 -0.571812 0.050387
v 0.519002 -0.566443 0.065115
v 0.545373 -0.559036 0.054621
v 0.525813 -0.553472 0.069895
v 0.555862 -0.552036 0.063479
v 0.534451 -0.545951 0.080205
v 0.566524 -0.552687 0.074587
v 0.542603 -0.545896 0.093283
v 0.515950 -0.537730 0.106098
v 0.488221 -0.528914 0.112095
v 0.510687 -0.538665 0.091644
v 0.486454 -0.530954 0.096922
v 0.504227 -0.546850 0.080296
v 0.482688 -0.539991 0.085020
v 0.498302 -0.560091 0.075095
v 0.477932 -0.553602 0.079578
v 0.494499 -0.574841 0.077434
v 0.473461 -0.568141 0.082055
v 0.493837 -0.587147 0.086686
v 0.470473 -0.579711 0.091785
v 0.496493 -0.593712 0.100373
v 0.469768 -0.585213 0.106163
v 0.501756 -0.592777 0.114827
v 0.471535 -0.583172 0.121336
v 0.508215 -0.584593 0.126175
v 0.475300 -0.574136 0.133237
v 0.442175 -0.563480 0.130905
v 0.411142 -0.553610 0.117319
v 0.441767 -0.573592 0.119282
v 0.414472 -0.564905 0.107377
v 0.444283 -0.577004 0.104466
v 0.421698 -0.569807 0.094679
v 0.449050 -0.572803 0.090426
v 0.430882 -0.567004 0.082626
v 0.454790 -0.562113 0.080925
v 0.439564 -0.557246 0.074447
v 0.459964 -0.547800 0.078507
v 0.445418 -0.543147 0.072335
v 0.463187 -0.533698 0.083821
v 0.446876 -0.528487 0.076855
v 0.463595 -0.523586 0.095444
v 0.443545 -0.517192 0.086797
v 0.461078 -0.520174 0.110260
v 0.436320 -0.512289 0.099495
v 0.416006 -0.506126 0.078836
v 0.427153 -0.512212 0.070105
v 0.433624 -0.524455 0.063343
v 0.433686 -0.539574 0.060361
v 0.427323 -0.553519 0.061958
v 0.416239 -0.562552 0.067706
v 0.403405 -0.564254 0.076065
v 0.392259 -0.558168 0.084795
v 0.385788 -0.545925 0.091557
vn -0.6646 -0.7425 0.0836
vn -0.6540 -0.7432 0.1411
vn -0.9170 -0.3178 0.2410
vn -0.9418 -0.3127 0.1237
vn -0.9422 0.1867 0.2781
vn -0.9725 0.1921 0.1316
vn -0.2047 -0.9786 0.0213
vn -0.2147 -0.9767 0.0038
vn 0.3148 -0.9480 -0.0457
vn 0.2885 -0.9480 -0.1341
vn 0.7475 -0.6568 -0.0992
vn 0.7169 -0.6566 -0.2345
vn 0.9744 -0.1863 -0.1258
vn 0.9458 -0.1800 -0.2702
vn 0.9344 0.3357 -0.1187
vn 0.9091 0.3463 -0.2315
vn 0.6374 0.7665 -0.0786
vn 0.6211 0.7731 -0.1285
vn 0.1668 0.9859 -0.0158
vn 0.1686 0.9856 0.0103
vn -0.3429 0.9379 0.0519
vn -0.3229 0.9350 0.1464
vn -0.7558 0.6463 0.1055
vn -0.7264 0.6426 0.2438
vn -0.5969 0.6072 0.5245
vn -0.2371 0.9105 0.3389
vn -0.8035 0.1507 0.5760
vn -0.3610 0.5354 0.7635
vn -0.0777 0.8619 0.5011
vn -0.5514 0.0743 0.8310
vn -0.0776 0.4464 0.8915
vn 0.1127 0.8031 0.5851
vn -0.2469 -0.0228 0.9688
vn 0.1812 0.3647 0.9133
vn 0.2826 0.7507 0.5971
vn 0.0338 -0.1137 0.9929
vn 0.3914 0.2990 0.8703
vn 0.4164 0.7099 0.5681
vn 0.2653 -0.1878 0.9457
vn 0.5633 0.2467 0.7886
vn 0.5222 0.6780 0.5173
vn 0.4580 -0.2471 0.8539
vn 0.7110 0.2043 0.6728
vn 0.6105 0.6526 0.4488
vn 0.6266 -0.2951 0.7213
vn 0.8395 0.1726 0.5152
vn 0.6858 0.6334 0.3585
vn 0.7754 -0.3307 0.5379
vn 0.9383 0.1580 0.3076
vn 0.7430 0.6241 0.2417
vn 0.8909 -0.3462 0.2939
vn 0.9834 0.1710 0.0602
vn 0.7690 0.6308 0.1041
vn 0.9439 -0.3301 0.0009
vn 0.9594 0.2137 -0.1839
vn 0.7563 0.6537 -0.0251
vn 0.9141 -0.2786 -0.2945
vn 0.8807 0.2788 -0.3829
vn 0.7175 0.6859 -0.1209
vn 0.8151 -0.1980 -0.5445
vn 0.7744 0.3544 -0.5241
vn 0.6668 0.7221 -0.1842
vn 0.6801 -0.1037 -0.7258
vn 0.6639 0.4267 -0.6141
vn 0.6138 0.7569 -0.2245
vn 0.5402 -0.0136 -0.8414
vn 0.5594 0.4909 -0.6678
vn 0.5629 0.7882 -0.2488
vn 0.4092 0.0659 -0.9101
vn 0.4607 0.5482 -0.6980
vn 0.5135 0.8168 -0.2630
vn 0.2870 0.1362 -0.9482
vn 0.3626 0.6017 -0.7117
vn 0.4625 0.8446 -0.2699
vn 0.1676 0.2013 -0.9651
vn 0.2575 0.6551 -0.7103
vn 0.4056 0.8734 -0.2696
vn 0.0424 0.2654 -0.9632
vn 0.1363 0.7115 -0.6894
vn 0.3372 0.9050 -0.2592
vn -0.0995 0.3325 -0.9378
vn -0.0115 0.7720 -0.6356
vn 0.2507 0.9403 -0.2302
vn -0.2695 0.4038 -0.8743
vn -0.1901 0.8307 -0.5232
vn 0.1427 0.9757 -0.1660
vn -0.4722 0.4726 -0.7441
vn -0.3780 0.8675 -0.3234
vn 0.0263 0.9986 -0.0465
vn -0.6837 0.5155 -0.5165
vn -0.4627 0.8647 -0.1954
vn -0.0301 0.9991 0.0299
vn -0.7726 0.5171 -0.3683
vn -0.8152 0.0322 -0.5783
vn -0.8918 0.0412 -0.4505
vn -0.7379 -0.4621 -0.4919
vn -0.7861 -0.4540 -0.4194
vn -0.4669 -0.8404 -0.2751
vn -0.4681 -0.8397 -0.2753
vn -0.0680 -0.9975 0.0202
vn -0.0165 -0.9985 -0.0520
vn 0.3538 -0.8805 0.3156
vn 0.4395 -0.8786 0.1867
vn 0.6793 -0.5137 0.5241
vn 0.7717 -0.5156 0.3724
vn 0.8130 -0.0015 0.5822
vn 0.8908 -0.0097 0.4544
vn 0.7181 0.5065 0.4773
vn 0.7620 0.5011 0.4102
vn 0.4274 0.8700 0.2458
vn 0.4207 0.8713 0.2529
vn 0.4403 0.8656 0.2385
vn 0.6209 0.5218 0.5850
vn 0.4481 0.8614 0.2393
vn 0.5251 0.5505 0.6490
vn 0.6303 0.0318 0.7757
vn 0.4577 0.0873 0.8848
vn 0.4637 -0.4696 0.7513
vn 0.2636 -0.4016 0.8771
vn 0.1692 -0.8401 0.5153
vn -0.0025 -0.7797 0.6261
vn -0.1706 -0.9757 0.1374
vn -0.2667 -0.9420 0.2038
vn -0.4628 -0.8434 -0.2729
vn -0.4580 -0.8468 -0.2703
vn -0.6304 -0.4873 -0.6043
vn -0.5268 -0.5260 -0.6677
vn -0.6328 -0.0070 -0.7743
vn -0.4574 -0.0691 -0.8866
vn -0.4384 -0.5656 -0.6985
vn -0.3092 -0.1333 -0.9416
vn -0.3622 -0.6030 -0.7108
vn -0.1838 -0.1937 -0.9637
vn -0.4455 -0.8542 -0.2680
vn -0.4525 -0.8503 -0.2688
vn -0.4099 -0.8774 0.2491
vn -0.3458 -0.9081 0.2362
vn -0.2632 -0.6626 0.7012
vn -0.1450 -0.7189 0.6799
vn -0.0440 -0.2659 0.9630
vn 0.0964 -0.3318 0.9384
vn 0.1874 0.2036 0.9609
vn 0.3117 0.1464 0.9388
vn 0.3672 0.6164 0.6966
vn 0.4410 0.5831 0.6823
vn 0.4464 0.8606 0.2450
vn 0.4496 0.8597 0.2424
vn 0.4397 0.8638 0.2459
vn 0.2986 0.6507 0.6981
vn 0.4299 0.8692 0.2442
vn 0.2302 0.6878 0.6884
vn 0.0756 0.2600 0.9627
vn -0.0329 0.3185 0.9473
vn -0.1686 -0.2027 0.9646
vn -0.2876 -0.1386 0.9477
vn -0.3665 -0.6097 0.7028
vn -0.4635 -0.5575 0.6887
vn -0.4641 -0.8497 0.2504
vn -0.5127 -0.8234 0.2431
vn -0.4360 -0.8593 -0.2674
vn -0.4233 -0.8661 -0.2658
vn -0.2918 -0.6396 -0.7111
vn -0.2214 -0.6778 -0.7012
vn -0.0712 -0.2518 -0.9651
vn 0.0381 -0.3113 -0.9496
vn -0.1458 -0.7202 -0.6782
vn 0.1519 -0.3760 -0.9141
vn -0.0613 -0.7696 -0.6356
vn 0.2759 -0.4499 -0.8494
vn -0.3840 -0.8881 -0.2527
vn -0.4063 -0.8754 -0.2618
vn -0.6057 -0.7699 0.2007
vn -0.5592 -0.7972 0.2274
vn -0.6638 -0.4423 0.6031
vn -0.5610 -0.5027 0.6577
vn -0.5398 0.0081 0.8418
vn -0.4093 -0.0696 0.9097
vn -0.2671 0.4568 0.8485
vn -0.1453 0.3830 0.9123
vn 0.0780 0.7791 0.6220
vn 0.1577 0.7298 0.6652
vn 0.4004 0.8876 0.2277
vn 0.4168 0.8771 0.2389
vn 0.3816 0.9007 0.2079
vn -0.0085 0.8364 0.5480
vn 0.3630 0.9150 0.1762
vn -0.0933 0.8981 0.4297
vn -0.3984 0.5416 0.7402
vn -0.5274 0.6323 0.5675
vn -0.6793 0.0960 0.7275
vn -0.8157 0.1887 0.5469
vn -0.7721 -0.3754 0.5128
vn -0.8759 -0.3060 0.3729
vn -0.6522 -0.7412 0.1589
vn -0.6944 -0.7129 0.0978
vn -0.3563 -0.9045 -0.2342
vn -0.3268 -0.9237 -0.2000
vn 0.0320 -0.8271 -0.5612
vn 0.1242 -0.8887 -0.4413
vn 0.4097 -0.5342 -0.7395
vn 0.5398 -0.6232 -0.5659
vn 0.1906 -0.9409 -0.2801
vn 0.6346 -0.6989 -0.3297
vn 0.2101 -0.9722 -0.1030
vn 0.6630 -0.7464 -0.0585
vn -0.3016 -0.9457 -0.1208
vn -0.3068 -0.9388 -0.1563
vn -0.7387 -0.6656 -0.1064
vn -0.7275 -0.6860 0.0114
vn -0.9780 -0.1990 -0.0630
vn -0.9536 -0.2427 0.1783
vn -0.9450 0.3271 -0.0019
vn -0.9155 0.2719 0.2964
vn -0.6456 0.7614 0.0598
vn -0.6202 0.7112 0.3309
vn -0.1681 0.9802 0.1048
vn -0.1532 0.9497 0.2731
vn 0.3501 0.9289 0.1207
vn 0.3514 0.9254 0.1419
vn 0.3503 0.9300 0.1110
vn -0.1409 0.9887 -0.0519
vn 0.3499 0.9308 0.1054
vn -0.0829 0.9803 -0.1793
vn -0.5980 0.7754 -0.2030
vn -0.4963 0.7610 -0.4179
vn -0.8905 0.3440 -0.2979
vn -0.7737 0.3292 -0.5413
vn -0.9333 -0.1835 -0.3085
vn -0.8360 -0.1942 -0.5133
vn -0.7170 -0.6567 -0.2338
vn -0.6668 -0.6612 -0.3438
vn -0.3078 -0.9465 -0.0972
vn -0.3175 -0.9446 -0.0832
vn 0.1789 -0.9819 0.0628
vn 0.1134 -0.9740 0.1963
vn 0.6149 -0.7615 0.2050
vn 0.5114 -0.7486 0.4220
vn 0.0332 -0.9557 0.2924
vn 0.3800 -0.7181 0.5830
vn -0.0522 -0.9319 0.3590
vn 0.2339 -0.6770 0.6979
vn -0.3267 -0.9420 -0.0772
vn -0.3248 -0.9426 -0.0777
vn -0.5156 -0.6985 -0.4963
vn -0.5983 -0.6759 -0.4305
vn -0.5647 -0.2623 -0.7825
vn -0.7097 -0.2224 -0.6685
vn -0.4578 0.2480 -0.8537
vn -0.6252 0.2946 -0.7227
vn -0.2243 0.6895 -0.6886
vn -0.3676 0.7299 -0.5763
vn 0.0699 0.9397 -0.3348
vn -0.0099 0.9623 -0.2717
vn 0.3428 0.9332 0.1074
vn 0.3481 0.9317 0.1043
vn 0.3316 0.9365 0.1139
vn 0.1563 0.9139 -0.3747
vn 0.3103 0.9429 0.1214
vn 0.2536 0.8844 -0.3918
vn -0.0637 0.6415 -0.7645
vn 0.1250 0.5837 -0.8023
vn -0.2674 0.1906 -0.9445
vn -0.0396 0.1194 -0.9921
vn -0.3965 -0.3134 -0.8629
vn -0.1920 -0.3789 -0.9053
vn -0.4156 -0.7293 -0.5436
vn -0.2900 -0.7704 -0.5678
vn -0.3218 -0.9435 -0.0784
vn -0.3093 -0.9478 -0.0779
vn -0.1436 -0.9035 0.4038
vn -0.2475 -0.8692 0.4280
vn 0.0705 -0.6263 0.7764
vn -0.1222 -0.5634 0.8171
vn -0.3690 -0.8283 0.4216
vn -0.3532 -0.4869 0.7989
vn -0.4982 -0.7858 0.3665
vn -0.6018 -0.4063 0.6875
vn -0.2629 -0.9633 -0.0548
vn -0.2889 -0.9547 -0.0712
vn 0.0460 -0.8825 -0.4681
vn -0.1320 -0.8235 -0.5517
vn 0.3457 -0.5542 -0.7572
vn 0.0612 -0.4619 -0.8848
vn 0.5499 -0.0655 -0.8327
vn 0.2391 0.0314 -0.9705
vn 0.5975 0.4403 -0.6701
vn 0.3512 0.5146 -0.7822
vn 0.4772 0.8174 -0.3228
vn 0.3639 0.8512 -0.3781
vn 0.2284 0.9678 0.1062
vn 0.2749 0.9535 0.1231
vn 0.1877 0.9802 0.0638
vn 0.5688 0.7894 -0.2309
vn 0.8002 0.3788 -0.4650
vn 0.8088 -0.1433 -0.5704
vn 0.5862 -0.6258 -0.5145
vn 0.1995 -0.9282 -0.3141
vn -0.2361 -0.9713 -0.0287
vn -0.6016 -0.7548 0.2615
vn -0.8062 -0.3447 0.4809
vt 0.137310 0.362237
vt 0.141873 0.347009
vt 0.147449 0.348871
vt 0.143583 0.365236
vt 0.153127 0.350078
vt 0.150351 0.367277
vt 0.131607 0.358645
vt 0.136389 0.344616
vt 0.126358 0.355005
vt 0.130942 0.341939
vt 0.121288 0.351938
vt 0.125446 0.339387
vt 0.116086 0.349866
vt 0.119852 0.337378
vt 0.110641 0.348629
vt 0.114274 0.335977
vt 0.176638 0.364564
vt 0.176142 0.349808
vt 0.181865 0.349534
vt 0.182392 0.363405
vt 0.170605 0.366110
vt 0.170389 0.350376
vt 0.164163 0.367392
vt 0.164624 0.350781
vt 0.157350 0.367882
vt 0.158857 0.350737
vt 0.160572 0.337158
vt 0.166085 0.337401
vt 0.155095 0.336620
vt 0.161795 0.325367
vt 0.167306 0.325758
vt 0.156371 0.324930
vt 0.162832 0.314326
vt 0.168394 0.314785
vt 0.157272 0.313945
vt 0.163465 0.303405
vt 0.169123 0.303793
vt 0.157785 0.303135
vt 0.163790 0.292298
vt 0.169527 0.292537
vt 0.158062 0.292145
vt 0.164004 0.280911
vt 0.169731 0.280970
vt 0.158120 0.280908
vt 0.163868 0.269349
vt 0.169627 0.269235
vt 0.158073 0.269439
vt 0.163726 0.257632
vt 0.169447 0.257434
vt 0.157985 0.257782
vt 0.163489 0.245743
vt 0.169171 0.245519
vt 0.157801 0.245932
vt 0.163139 0.233426
vt 0.168732 0.233263
vt 0.157532 0.233637
vt 0.162631 0.220274
vt 0.168416 0.220084
vt 0.156985 0.220501
vt 0.162272 0.209163
vt 0.167940 0.209080
vt 0.156547 0.209316
vt 0.161897 0.198106
vt 0.167609 0.198124
vt 0.156185 0.198205
vt 0.161550 0.186820
vt 0.167303 0.186836
vt 0.155786 0.186910
vt 0.161174 0.175206
vt 0.166950 0.175155
vt 0.155380 0.175331
vt 0.160755 0.163330
vt 0.166537 0.163186
vt 0.154945 0.163504
vt 0.160361 0.151379
vt 0.166082 0.151113
vt 0.154542 0.151613
vt 0.159757 0.139556
vt 0.165471 0.139189
vt 0.154063 0.139873
vt 0.159107 0.128086
vt 0.164744 0.127664
vt 0.153472 0.128442
vt 0.158309 0.117017
vt 0.163854 0.116657
vt 0.152784 0.117362
vt 0.157472 0.106155
vt 0.162990 0.106087
vt 0.151990 0.106400
vt 0.156896 0.095035
vt 0.162665 0.095591
vt 0.151116 0.095089
vt 0.157223 0.083011
vt 0.164038 0.084691
vt 0.150197 0.082917
vt 0.145382 0.095924
vt 0.143250 0.084192
vt 0.139724 0.097410
vt 0.136707 0.087043
vt 0.134151 0.099525
vt 0.130842 0.091026
vt 0.128627 0.102105
vt 0.125704 0.095407
vt 0.123049 0.104683
vt 0.121003 0.099175
vt 0.117331 0.106487
vt 0.116136 0.101395
vt 0.111523 0.107383
vt 0.110641 0.101684
vt 0.174186 0.098057
vt 0.176005 0.090736
vt 0.181397 0.093326
vt 0.179935 0.099191
vt 0.168422 0.096679
vt 0.170327 0.087515
vt 0.168572 0.106177
vt 0.174246 0.106349
vt 0.169439 0.116289
vt 0.175083 0.115919
vt 0.179989 0.106397
vt 0.180783 0.115533
vt 0.113378 0.120885
vt 0.112616 0.113350
vt 0.118371 0.112538
vt 0.119090 0.120389
vt 0.124164 0.111329
vt 0.124826 0.119713
vt 0.129898 0.109940
vt 0.130524 0.119058
vt 0.135515 0.108673
vt 0.136156 0.118513
vt 0.141042 0.107664
vt 0.141729 0.118078
vt 0.146524 0.106919
vt 0.147265 0.117711
vt 0.142199 0.128927
vt 0.147837 0.128712
vt 0.142595 0.140286
vt 0.148323 0.140103
vt 0.136886 0.140450
vt 0.136556 0.129135
vt 0.131188 0.140634
vt 0.130895 0.129382
vt 0.125485 0.140849
vt 0.125209 0.129693
vt 0.119796 0.141071
vt 0.119497 0.130036
vt 0.114078 0.141241
vt 0.113790 0.130297
vt 0.176859 0.138394
vt 0.176055 0.126719
vt 0.181753 0.126290
vt 0.182567 0.138061
vt 0.171167 0.138789
vt 0.170389 0.127195
vt 0.171759 0.150837
vt 0.177415 0.150558
vt 0.172288 0.163043
vt 0.178021 0.162881
vt 0.183145 0.150300
vt 0.183688 0.162695
vt 0.114707 0.165535
vt 0.114384 0.153153
vt 0.120113 0.152988
vt 0.120434 0.165325
vt 0.125848 0.152757
vt 0.126155 0.165025
vt 0.131528 0.152510
vt 0.131879 0.164678
vt 0.137207 0.152271
vt 0.137619 0.164329
vt 0.142909 0.152045
vt 0.143389 0.164003
vt 0.148722 0.151830
vt 0.149126 0.163723
vt 0.143806 0.175904
vt 0.149583 0.175562
vt 0.144289 0.187536
vt 0.150035 0.187154
vt 0.138565 0.188037
vt 0.138052 0.176324
vt 0.132857 0.188616
vt 0.132319 0.176800
vt 0.127153 0.189204
vt 0.126599 0.177279
vt 0.121441 0.189707
vt 0.120882 0.177690
vt 0.115728 0.190050
vt 0.115156 0.177975
vt 0.178774 0.186963
vt 0.178440 0.175098
vt 0.184168 0.174988
vt 0.184503 0.186911
vt 0.173043 0.186907
vt 0.172704 0.175135
vt 0.173323 0.198208
vt 0.179044 0.198288
vt 0.173624 0.209054
vt 0.179334 0.209041
vt 0.184772 0.198252
vt 0.185059 0.208954
vt 0.116821 0.211922
vt 0.116320 0.201411
vt 0.122041 0.201065
vt 0.122543 0.211655
vt 0.127758 0.200550
vt 0.128323 0.211260
vt 0.133449 0.199942
vt 0.134011 0.210806
vt 0.139122 0.199350
vt 0.139658 0.210346
vt 0.144795 0.198838
vt 0.145282 0.209929
vt 0.150481 0.198448
vt 0.150908 0.209575
vt 0.145708 0.221051
vt 0.151344 0.220778
vt 0.146187 0.234065
vt 0.151898 0.233861
vt 0.140421 0.234241
vt 0.140072 0.221289
vt 0.134612 0.234378
vt 0.134427 0.221481
vt 0.128928 0.234533
vt 0.128609 0.221686
vt 0.123204 0.234634
vt 0.122884 0.221870
vt 0.117429 0.234739
vt 0.117153 0.222013
vt 0.180286 0.232905
vt 0.179746 0.219674
vt 0.185456 0.219480
vt 0.186091 0.232736
vt 0.174497 0.233075
vt 0.174066 0.219873
vt 0.174859 0.245301
vt 0.180563 0.245105
vt 0.175153 0.257228
vt 0.180857 0.257044
vt 0.186285 0.244963
vt 0.186575 0.256917
vt 0.117821 0.257540
vt 0.117709 0.246183
vt 0.123451 0.246140
vt 0.123553 0.257540
vt 0.129204 0.246157
vt 0.129294 0.257620
vt 0.134946 0.246177
vt 0.135030 0.257727
vt 0.140671 0.246166
vt 0.140761 0.257813
vt 0.146386 0.246128
vt 0.146493 0.257858
vt 0.152096 0.246054
vt 0.152235 0.257851
vt 0.146526 0.269463
vt 0.152307 0.269469
vt 0.146466 0.280964
vt 0.152229 0.280935
vt 0.140768 0.280996
vt 0.140775 0.269425
vt 0.135099 0.281010
vt 0.135046 0.269361
vt 0.129421 0.280993
vt 0.129321 0.269279
vt 0.123668 0.280954
vt 0.123591 0.269212
vt 0.117936 0.280941
vt 0.117898 0.269202
vt 0.180995 0.281157
vt 0.181048 0.269067
vt 0.186758 0.269037
vt 0.186623 0.281225
vt 0.175381 0.281058
vt 0.175347 0.269136
vt 0.175221 0.292833
vt 0.180895 0.293129
vt 0.174764 0.304264
vt 0.180409 0.304753
vt 0.186587 0.293323
vt 0.186090 0.305127
vt 0.117833 0.302668
vt 0.117915 0.292296
vt 0.123634 0.292339
vt 0.123543 0.302821
vt 0.129333 0.292383
vt 0.129281 0.302999
vt 0.135052 0.292364
vt 0.135007 0.303068
vt 0.140770 0.292289
vt 0.140714 0.303053
vt 0.146505 0.292197
vt 0.146406 0.303016
vt 0.152271 0.292130
vt 0.152096 0.303022
vt 0.146115 0.313441
vt 0.151706 0.313670
vt 0.145479 0.323723
vt 0.150996 0.324374
vt 0.139876 0.322922
vt 0.140484 0.313196
vt 0.134188 0.321946
vt 0.134793 0.312879
vt 0.128444 0.320842
vt 0.129047 0.312448
vt 0.122739 0.319816
vt 0.123287 0.311935
vt 0.117030 0.319151
vt 0.117578 0.311559
vt 0.178599 0.326502
vt 0.179590 0.315837
vt 0.185263 0.316295
vt 0.184395 0.326967
vt 0.172905 0.326124
vt 0.173972 0.315299
vt 0.171655 0.337441
vt 0.177300 0.337428
vt 0.182983 0.337683
vt 0.115986 0.326661
vt 0.121814 0.327705
vt 0.127495 0.329265
vt 0.133137 0.331161
vt 0.138689 0.333002
vt 0.144160 0.334558
vt 0.149596 0.335771
s 1
f 1800/1960/1795 1801/1961/1796 1798/1962/1797 1797/1963/1798
f 1797/1963/1798 1798/1962/1797 1820/1964/1799 1799/1965/1800
f 1802/1966/1801 1803/1967/1802 1801/1961/1796 1800/1960/1795
f 1804/1968/1803 1805/1969/1804 1803/1967/1802 1802/1966/1801
f 1806/1970/1805 1807/1971/1806 1805/1969/1804 1804/1968/1803
f 1808/1972/1807 1809/1973/1808 1807/1971/1806 1806/1970/1805
f 1810/1974/1809 1811/1975/1810 1809/1973/1808 1808/1972/1807
f 1812/1976/1811 1813/1977/1812 1811/1978/1810 1810/1979/1809
f 1814/1980/1813 1815/1981/1814 1813/1977/1812 1812/1976/1811
f 1816/1982/1815 1817/1983/1816 1815/1981/1814 1814/1980/1813
f 1818/1984/1817 1819/1985/1818 1817/1983/1816 1816/1982/1815
f 1799/1965/1800 1820/1964/1799 1819/1985/1818 1818/1984/1817
f 1819/1985/1818 1821/1986/1819 1822/1987/1820 1817/1983/1816
f 1820/1964/1799 1823/1988/1821 1821/1986/1819 1819/1985/1818
f 1821/1986/1819 1824/1989/1822 1825/1990/1823 1822/1987/1820
f 1823/1988/1821 1826/1991/1824 1824/1989/1822 1821/1986/1819
f 1824/1989/1822 1827/1992/1825 1828/1993/1826 1825/1990/1823
f 1826/1991/1824 1829/1994/1827 1827/1992/1825 1824/1989/1822
f 1827/1992/1825 1830/1995/1828 1831/1996/1829 1828/1993/1826
f 1829/1994/1827 1832/1997/1830 1830/1995/1828 1827/1992/1825
f 1830/1995/1828 1833/1998/1831 1834/1999/1832 1831/1996/1829
f 1832/1997/1830 1835/2000/1833 1833/1998/1831 1830/1995/1828
f 1833/1998/1831 1836/2001/1834 1837/2002/1835 1834/1999/1832
f 1835/2000/1833 1838/2003/1836 1836/2001/1834 1833/1998/1831
f 1836/2001/1834 1839/2004/1837 1840/2005/1838 1837/2002/1835
f 1838/2003/1836 1841/2006/1839 1839/2004/1837 1836/2001/1834
f 1839/2004/1837 1842/2007/1840 1843/2008/1841 1840/2005/1838
f 1841/2006/1839 1844/2009/1842 1842/2007/1840 1839/2004/1837
f 1842/2007/1840 1845/2010/1843 1846/2011/1844 1843/2008/1841
f 1844/2009/1842 1847/2012/1845 1845/2010/1843 1842/2007/1840
f 1845/2010/1843 1848/2013/1846 1849/2014/1847 1846/2011/1844
f 1847/2012/1845 1850/2015/1848 1848/2013/1846 1845/2010/1843
f 1848/2013/1846 1851/2016/1849 1852/2017/1850 1849/2014/1847
f 1850/2015/1848 1853/2018/1851 1851/2016/1849 1848/2013/1846
f 1851/2016/1849 1854/2019/1852 1855/2020/1853 1852/2017/1850
f 1853/2018/1851 1856/2021/1854 1854/2019/1852 1851/2016/1849
f 1854/2019/1852 1857/2022/1855 1858/2023/1856 1855/2020/1853
f 1856/2021/1854 1859/2024/1857 1857/2022/1855 1854/2019/1852
f 1857/2022/1855 1860/2025/1858 1861/2026/1859 1858/2023/1856
f 1859/2024/1857 1862/2027/1860 1860/2025/1858 1857/2022/1855
f 1860/2025/1858 1863/2028/1861 1864/2029/1862 1861/2026/1859
f 1862/2027/1860 1865/2030/1863 1863/2028/1861 1860/2025/1858
f 1863/2028/1861 1866/2031/1864 1867/2032/1865 1864/2029/1862
f 1865/2030/1863 1868/2033/1866 1866/2031/1864 1863/2028/1861
f 1866/2031/1864 1869/2034/1867 1870/2035/1868 1867/2032/1865
f 1868/2033/1866 1871/2036/1869 1869/2034/1867 1866/2031/1864
f 1869/2034/1867 1872/2037/1870 1873/2038/1871 1870/2035/1868
f 1871/2036/1869 1874/2039/1872 1872/2037/1870 1869/2034/1867
f 1872/2037/1870 1875/2040/1873 1876/2041/1874 1873/2038/1871
f 1874/2039/1872 1877/2042/1875 1875/2040/1873 1872/2037/1870
f 1875/2040/1873 1878/2043/1876 1879/2044/1877 1876/2041/1874
f 1877/2042/1875 1880/2045/1878 1878/2043/1876 1875/2040/1873
f 1878/2043/1876 1881/2046/1879 1882/2047/1880 1879/2044/1877
f 1880/2045/1878 1883/2048/1881 1881/2046/1879 1878/2043/1876
f 1881/2046/1879 1884/2049/1882 1885/2050/1883 1882/2047/1880
f 1883/2048/1881 1886/2051/1884 1884/2049/1882 1881/2046/1879
f 1884/2049/1882 1887/2052/1885 1888/2053/1886 1885/2050/1883
f 1886/2051/1884 1889/2054/1887 1887/2052/1885 1884/2049/1882
f 1891/2055/1888 1890/2056/1889 1889/2054/1887 1886/2051/1884
f 1893/2057/1890 1892/2058/1891 1890/2056/1889 1891/2055/1888
f 1895/2059/1892 1894/2060/1893 1892/2058/1891 1893/2057/1890
f 1897/2061/1894 1896/2062/1895 1894/2060/1893 1895/2059/1892
f 1899/2063/1896 1898/2064/1897 1896/2062/1895 1897/2061/1894
f 1901/2065/1898 1900/2066/1899 1898/2064/1897 1899/2063/1896
f 1903/2067/1900 1902/2068/1901 1900/2066/1899 1901/2065/1898
f 1905/2069/1902 1904/2070/1903 1902/2071/1901 1903/2072/1900
f 1907/2073/1904 1906/2074/1905 1904/2070/1903 1905/2069/1902
f 1885/2050/1883 1888/2053/1886 1906/2074/1905 1907/2073/1904
f 1882/2047/1880 1885/2050/1883 1907/2073/1904 1908/2075/1906
f 1908/2075/1906 1907/2073/1904 1905/2069/1902 1910/2076/1907
f 1879/2044/1877 1882/2047/1880 1908/2075/1906 1909/2077/1908
f 1909/2077/1908 1908/2075/1906 1910/2076/1907 1911/2078/1909
f 1911/2078/1909 1910/2076/1907 1912/2079/1910 1913/2080/1911
f 1910/2076/1907 1905/2069/1902 1903/2072/1900 1912/2079/1910
f 1913/2081/1911 1912/2082/1910 1914/2083/1912 1915/2084/1913
f 1912/2082/1910 1903/2067/1900 1901/2065/1898 1914/2083/1912
f 1915/2084/1913 1914/2083/1912 1916/2085/1914 1917/2086/1915
f 1914/2083/1912 1901/2065/1898 1899/2063/1896 1916/2085/1914
f 1917/2086/1915 1916/2085/1914 1918/2087/1916 1919/2088/1917
f 1916/2085/1914 1899/2063/1896 1897/2061/1894 1918/2087/1916
f 1919/2088/1917 1918/2087/1916 1920/2089/1918 1921/2090/1919
f 1918/2087/1916 1897/2061/1894 1895/2059/1892 1920/2089/1918
f 1921/2090/1919 1920/2089/1918 1922/2091/1920 1923/2092/1921
f 1920/2089/1918 1895/2059/1892 1893/2057/1890 1922/2091/1920
f 1923/2092/1921 1922/2091/1920 1924/2093/1922 1925/2094/1923
f 1922/2091/1920 1893/2057/1890 1891/2055/1888 1924/2093/1922
f 1925/2094/1923 1924/2093/1922 1883/2048/1881 1880/2045/1878
f 1924/2093/1922 1891/2055/1888 1886/2051/1884 1883/2048/1881
f 1928/2095/1924 1923/2092/1921 1925/2094/1923 1926/2096/1925
f 1926/2096/1925 1925/2094/1923 1880/2045/1878 1877/2042/1875
f 1929/2097/1926 1928/2095/1924 1926/2096/1925 1927/2098/1927
f 1927/2098/1927 1926/2096/1925 1877/2042/1875 1874/2039/1872
f 1931/2099/1928 1930/2100/1929 1928/2095/1924 1929/2097/1926
f 1930/2100/1929 1921/2090/1919 1923/2092/1921 1928/2095/1924
f 1933/2101/1930 1932/2102/1931 1930/2100/1929 1931/2099/1928
f 1932/2102/1931 1919/2088/1917 1921/2090/1919 1930/2100/1929
f 1935/2103/1932 1934/2104/1933 1932/2102/1931 1933/2101/1930
f 1934/2104/1933 1917/2086/1915 1919/2088/1917 1932/2102/1931
f 1937/2105/1934 1936/2106/1935 1934/2104/1933 1935/2103/1932
f 1936/2106/1935 1915/2084/1913 1917/2086/1915 1934/2104/1933
f 1939/2107/1936 1938/2108/1937 1936/2106/1935 1937/2105/1934
f 1938/2108/1937 1913/2081/1911 1915/2084/1913 1936/2106/1935
f 1941/2109/1938 1940/2110/1939 1938/2111/1937 1939/2112/1936
f 1940/2110/1939 1911/2078/1909 1913/2080/1911 1938/2111/1937
f 1943/2113/1940 1942/2114/1941 1940/2110/1939 1941/2109/1938
f 1942/2114/1941 1909/2077/1908 1911/2078/1909 1940/2110/1939
f 1873/2038/1871 1876/2041/1874 1942/2114/1941 1943/2113/1940
f 1876/2041/1874 1879/2044/1877 1909/2077/1908 1942/2114/1941
f 1870/2035/1868 1873/2038/1871 1943/2113/1940 1944/2115/1942
f 1944/2115/1942 1943/2113/1940 1941/2109/1938 1946/2116/1943
f 1867/2032/1865 1870/2035/1868 1944/2115/1942 1945/2117/1944
f 1945/2117/1944 1944/2115/1942 1946/2116/1943 1947/2118/1945
f 1947/2118/1945 1946/2116/1943 1948/2119/1946 1949/2120/1947
f 1946/2116/1943 1941/2109/1938 1939/2112/1936 1948/2119/1946
f 1949/2121/1947 1948/2122/1946 1950/2123/1948 1951/2124/1949
f 1948/2122/1946 1939/2107/1936 1937/2105/1934 1950/2123/1948
f 1951/2124/1949 1950/2123/1948 1952/2125/1950 1953/2126/1951
f 1950/2123/1948 1937/2105/1934 1935/2103/1932 1952/2125/1950
f 1953/2126/1951 1952/2125/1950 1954/2127/1952 1955/2128/1953
f 1952/2125/1950 1935/2103/1932 1933/2101/1930 1954/2127/1952
f 1955/2128/1953 1954/2127/1952 1956/2129/1954 1957/2130/1955
f 1954/2127/1952 1933/2101/1930 1931/2099/1928 1956/2129/1954
f 1957/2130/1955 1956/2129/1954 1958/2131/1956 1959/2132/1957
f 1956/2129/1954 1931/2099/1928 1929/2097/1926 1958/2131/1956
f 1959/2132/1957 1958/2131/1956 1960/2133/1958 1961/2134/1959
f 1958/2131/1956 1929/2097/1926 1927/2098/1927 1960/2133/1958
f 1961/2134/1959 1960/2133/1958 1871/2036/1869 1868/2033/1866
f 1960/2133/1958 1927/2098/1927 1874/2039/1872 1871/2036/1869
f 1964/2135/1960 1959/2132/1957 1961/2134/1959 1962/2136/1961
f 1962/2136/1961 1961/2134/1959 1868/2033/1866 1865/2030/1863
f 1965/2137/1962 1964/2135/1960 1962/2136/1961 1963/2138/1963
f 1963/2138/1963 1962/2136/1961 1865/2030/1863 1862/2027/1860
f 1967/2139/1964 1966/2140/1965 1964/2135/1960 1965/2137/1962
f 1966/2140/1965 1957/2130/1955 1959/2132/1957 1964/2135/1960
f 1969/2141/1966 1968/2142/1967 1966/2140/1965 1967/2139/1964
f 1968/2142/1967 1955/2128/1953 1957/2130/1955 1966/2140/1965
f 1971/2143/1968 1970/2144/1969 1968/2142/1967 1969/2141/1966
f 1970/2144/1969 1953/2126/1951 1955/2128/1953 1968/2142/1967
f 1973/2145/1970 1972/2146/1971 1970/2144/1969 1971/2143/1968
f 1972/2146/1971 1951/2124/1949 1953/2126/1951 1970/2144/1969
f 1975/2147/1972 1974/2148/1973 1972/2146/1971 1973/2145/1970
f 1974/2148/1973 1949/2121/1947 1951/2124/1949 1972/2146/1971
f 1977/2149/1974 1976/2150/1975 1974/2151/1973 1975/2152/1972
f 1976/2150/1975 1947/2118/1945 1949/2120/1947 1974/2151/1973
f 1979/2153/1976 1978/2154/1977 1976/2150/1975 1977/2149/1974
f 1978/2154/1977 1945/2117/1944 1947/2118/1945 1976/2150/1975
f 1861/2026/1859 1864/2029/1862 1978/2154/1977 1979/2153/1976
f 1864/2029/1862 1867/2032/1865 1945/2117/1944 1978/2154/1977
f 1858/2023/1856 1861/2026/1859 1979/2153/1976 1980/2155/1978
f 1980/2155/1978 1979/2153/1976 1977/2149/1974 1982/2156/1979
f 1855/2020/1853 1858/2023/1856 1980/2155/1978 1981/2157/1980
f 1981/2157/1980 1980/2155/1978 1982/2156/1979 1983/2158/1981
f 1983/2158/1981 1982/2156/1979 1984/2159/1982 1985/2160/1983
f 1982/2156/1979 1977/2149/1974 1975/2152/1972 1984/2159/1982
f 1985/2161/1983 1984/2162/1982 1986/2163/1984 1987/2164/1985
f 1984/2162/1982 1975/2147/1972 1973/2145/1970 1986/2163/1984
f 1987/2164/1985 1986/2163/1984 1988/2165/1986 1989/2166/1987
f 1986/2163/1984 1973/2145/1970 1971/2143/1968 1988/2165/1986
f 1989/2166/1987 1988/2165/1986 1990/2167/1988 1991/2168/1989
f 1988/2165/1986 1971/2143/1968 1969/2141/1966 1990/2167/1988
f 1991/2168/1989 1990/2167/1988 1992/2169/1990 1993/2170/1991
f 1990/2167/1988 1969/2141/1966 1967/2139/1964 1992/2169/1990
f 1993/2170/1991 1992/2169/1990 1994/2171/1992 1995/2172/1993
f 1992/2169/1990 1967/2139/1964 1965/2137/1962 1994/2171/1992
f 1995/2172/1993 1994/2171/1992 1996/2173/1994 1997/2174/1995
f 1994/2171/1992 1965/2137/1962 1963/2138/1963 1996/2173/1994
f 1997/2174/1995 1996/2173/1994 1859/2024/1857 1856/2021/1854
f 1996/2173/1994 1963/2138/1963 1862/2027/1860 1859/2024/1857
f 2000/2175/1996 1995/2172/1993 1997/2174/1995 1998/2176/1997
f 1998/2176/1997 1997/2174/1995 1856/2021/1854 1853/2018/1851
f 2001/2177/1998 2000/2175/1996 1998/2176/1997 1999/2178/1999
f 1999/2178/1999 1998/2176/1997 1853/2018/1851 1850/2015/1848
f 2003/2179/2000 2002/2180/2001 2000/2175/1996 2001/2177/1998
f 2002/2180/2001 1993/2170/1991 1995/2172/1993 2000/2175/1996
f 2005/2181/2002 2004/2182/2003 2002/2180/2001 2003/2179/2000
f 2004/2182/2003 1991/2168/1989 1993/2170/1991 2002/2180/2001
f 2007/2183/2004 2006/2184/2005 2004/2182/2003 2005/2181/2002
f 2006/2184/2005 1989/2166/1987 1991/2168/1989 2004/2182/2003
f 2009/2185/2006 2008/2186/2007 2006/2184/2005 2007/2183/2004
f 2008/2186/2007 1987/2164/1985 1989/2166/1987 2006/2184/2005
f 2011/2187/2008 2010/2188/2009 2008/2186/2007 2009/2185/2006
f 2010/2188/2009 1985/2161/1983 1987/2164/1985 2008/2186/2007
f 2013/2189/2010 2012/2190/2011 2010/2191/2009 2011/2192/2008
f 2012/2190/2011 1983/2158/1981 1985/2160/1983 2010/2191/2009
f 2015/2193/2012 2014/2194/2013 2012/2190/2011 2013/2189/2010
f 2014/2194/2013 1981/2157/1980 1983/2158/1981 2012/2190/2011
f 1849/2014/1847 1852/2017/1850 2014/2194/2013 2015/2193/2012
f 1852/2017/1850 1855/2020/1853 1981/2157/1980 2014/2194/2013
f 1846/2011/1844 1849/2014/1847 2015/2193/2012 2016/2195/2014
f 2016/2195/2014 2015/2193/2012 2013/2189/2010 2018/2196/2015
f 1843/2008/1841 1846/2011/1844 2016/2195/2014 2017/2197/2016
f 2017/2197/2016 2016/2195/2014 2018/2196/2015 2019/2198/2017
f 2019/2198/2017 2018/2196/2015 2020/2199/2018 2021/2200/2019
f 2018/2196/2015 2013/2189/2010 2011/2192/2008 2020/2199/2018
f 2021/2201/2019 2020/2202/2018 2022/2203/2020 2023/2204/2021
f 2020/2202/2018 2011/2187/2008 2009/2185/2006 2022/2203/2020
f 2023/2204/2021 2022/2203/2020 2024/2205/2022 2025/2206/2023
f 2022/2203/2020 2009/2185/2006 2007/2183/2004 2024/2205/2022
f 2025/2206/2023 2024/2205/2022 2026/2207/2024 2027/2208/2025
f 2024/2205/2022 2007/2183/2004 2005/2181/2002 2026/2207/2024
f 2027/2208/2025 2026/2207/2024 2028/2209/2026 2029/2210/2027
f 2026/2207/2024 2005/2181/2002 2003/2179/2000 2028/2209/2026
f 2029/2210/2027 2028/2209/2026 2030/2211/2028 2031/2212/2029
f 2028/2209/2026 2003/2179/2000 2001/2177/1998 2030/2211/2028
f 2031/2212/2029 2030/2211/2028 2032/2213/2030 2033/2214/2031
f 2030/2211/2028 2001/2177/1998 1999/2178/1999 2032/2213/2030
f 2033/2214/2031 2032/2213/2030 1847/2012/1845 1844/2009/1842
f 2032/2213/2030 1999/2178/1999 1850/2015/1848 1847/2012/1845
f 2036/2215/2032 2031/2212/2029 2033/2214/2031 2034/2216/2033
f 2034/2216/2033 2033/2214/2031 1844/2009/1842 1841/2006/1839
f 2037/2217/2034 2036/2215/2032 2034/2216/2033 2035/2218/2035
f 2035/2218/2035 2034/2216/2033 1841/2006/1839 1838/2003/1836
f 2039/2219/2036 2038/2220/2037 2036/2215/2032 2037/2217/2034
f 2038/2220/2037 2029/2210/2027 2031/2212/2029 2036/2215/2032
f 2041/2221/2038 2040/2222/2039 2038/2220/2037 2039/2219/2036
f 2040/2222/2039 2027/2208/2025 2029/2210/2027 2038/2220/2037
f 2043/2223/2040 2042/2224/2041 2040/2222/2039 2041/2221/2038
f 2042/2224/2041 2025/2206/2023 2027/2208/2025 2040/2222/2039
f 2045/2225/2042 2044/2226/2043 2042/2224/2041 2043/2223/2040
f 2044/2226/2043 2023/2204/2021 2025/2206/2023 2042/2224/2041
f 2047/2227/2044 2046/2228/2045 2044/2226/2043 2045/2225/2042
f 2046/2228/2045 2021/2201/2019 2023/2204/2021 2044/2226/2043
f 2049/2229/2046 2048/2230/2047 2046/2231/2045 2047/2232/2044
f 2048/2230/2047 2019/2198/2017 2021/2200/2019 2046/2231/2045
f 2051/2233/2048 2050/2234/2049 2048/2230/2047 2049/2229/2046
f 2050/2234/2049 2017/2197/2016 2019/2198/2017 2048/2230/2047
f 1837/2002/1835 1840/2005/1838 2050/2234/2049 2051/2233/2048
f 1840/2005/1838 1843/2008/1841 2017/2197/2016 2050/2234/2049
f 1834/1999/1832 1837/2002/1835 2051/2233/2048 2052/2235/2050
f 2052/2235/2050 2051/2233/2048 2049/2229/2046 2054/2236/2051
f 1831/1996/1829 1834/1999/1832 2052/2235/2050 2053/2237/2052
f 2053/2237/2052 2052/2235/2050 2054/2236/2051 2055/2238/2053
f 2055/2238/2053 2054/2236/2051 2056/2239/2054 2057/2240/2055
f 2054/2236/2051 2049/2229/2046 2047/2232/2044 2056/2239/2054
f 2057/2241/2055 2056/2242/2054 2058/2243/2056 2059/2244/2057
f 2056/2242/2054 2047/2227/2044 2045/2225/2042 2058/2243/2056
f 2059/2244/2057 2058/2243/2056 2060/2245/2058 2061/2246/2059
f 2058/2243/2056 2045/2225/2042 2043/2223/2040 2060/2245/2058
f 2061/2246/2059 2060/2245/2058 2062/2247/2060 2063/2248/2061
f 2060/2245/2058 2043/2223/2040 2041/2221/2038 2062/2247/2060
f 2063/2248/2061 2062/2247/2060 2064/2249/2062 2065/2250/2063
f 2062/2247/2060 2041/2221/2038 2039/2219/2036 2064/2249/2062
f 2065/2250/2063 2064/2249/2062 2066/2251/2064 2067/2252/2065
f 2064/2249/2062 2039/2219/2036 2037/2217/2034 2066/2251/2064
f 2067/2252/2065 2066/2251/2064 2068/2253/2066 2069/2254/2067
f 2066/2251/2064 2037/2217/2034 2035/2218/2035 2068/2253/2066
f 2069/2254/2067 2068/2253/2066 1835/2000/1833 1832/1997/1830
f 2068/2253/2066 2035/2218/2035 1838/2003/1836 1835/2000/1833
f 2072/2255/2068 2067/2252/2065 2069/2254/2067 2070/2256/2069
f 2070/2256/2069 2069/2254/2067 1832/1997/1830 1829/1994/1827
f 2073/2257/2070 2072/2255/2068 2070/2256/2069 2071/2258/2071
f 2071/2258/2071 2070/2256/2069 1829/1994/1827 1826/1991/1824
f 2075/2259/2072 2074/2260/2073 2072/2255/2068 2073/2257/2070
f 2074/2260/2073 2065/2250/2063 2067/2252/2065 2072/2255/2068
f 2077/2261/2074 2076/2262/2075 2074/2260/2073 2075/2259/2072
f 2076/2262/2075 2063/2248/2061 2065/2250/2063 2074/2260/2073
f 2079/2263/2076 2078/2264/2077 2076/2262/2075 2077/2261/2074
f 2078/2264/2077 2061/2246/2059 2063/2248/2061 2076/2262/2075
f 2081/2265/2078 2080/2266/2079 2078/2264/2077 2079/2263/2076
f 2080/2266/2079 2059/2244/2057 2061/2246/2059 2078/2264/2077
f 2083/2267/2080 2082/2268/2081 2080/2266/2079 2081/2265/2078
f 2082/2268/2081 2057/2241/2055 2059/2244/2057 2080/2266/2079
f 2085/2269/2082 2084/2270/2083 2082/2271/2081 2083/2272/2080
f 2084/2270/2083 2055/2238/2053 2057/2240/2055 2082/2271/2081
f 2087/2273/2084 2086/2274/2085 2084/2270/2083 2085/2269/2082
f 2086/2274/2085 2053/2237/2052 2055/2238/2053 2084/2270/2083
f 1825/1990/1823 1828/1993/1826 2086/2274/2085 2087/2273/2084
f 1828/1993/1826 1831/1996/1829 2053/2237/2052 2086/2274/2085
f 1822/1987/1820 1825/1990/1823 2087/2273/2084 2088/2275/2086
f 2088/2275/2086 2087/2273/2084 2085/2269/2082 2089/2276/2087
f 1817/1983/1816 1822/1987/1820 2088/2275/2086 1815/1981/1814
f 1815/1981/1814 2088/2275/2086 2089/2276/2087 1813/1977/1812
f 1813/1977/1812 2089/2276/2087 2090/2277/2088 1811/1978/1810
f 2089/2276/2087 2085/2269/2082 2083/2272/2080 2090/2277/2088
f 1811/1975/1810 2090/2278/2088 2091/2279/2089 1809/1973/1808
f 2090/2278/2088 2083/2267/2080 2081/2265/2078 2091/2279/2089
f 1809/1973/1808 2091/2279/2089 2092/2280/2090 1807/1971/1806
f 2091/2279/2089 2081/2265/2078 2079/2263/2076 2092/2280/2090
f 1807/1971/1806 2092/2280/2090 2093/2281/2091 1805/1969/1804
f 2092/2280/2090 2079/2263/2076 2077/2261/2074 2093/2281/2091
f 1805/1969/1804 2093/2281/2091 2094/2282/2092 1803/1967/1802
f 2093/2281/2091 2077/2261/2074 2075/2259/2072 2094/2282/2092
f 1803/1967/1802 2094/2282/2092 2095/2283/2093 1801/1961/1796
f 2094/2282/2092 2075/2259/2072 2073/2257/2070 2095/2283/2093
f 1801/1961/1796 2095/2283/2093 2096/2284/2094 1798/1962/1797
f 2095/2283/2093 2073/2257/2070 2071/2258/2071 2096/2284/2094
f 1798/1962/1797 2096/2284/2094 1823/1988/1821 1820/1964/1799
f 2096/2284/2094 2071/2258/2071 1826/1991/1824 1823/1988/1821
o Cube.007
v -0.390150 -0.687134 0.016496
v -0.401578 -0.687853 0.039525
v -0.385082 -0.701672 0.017160
v -0.401309 -0.677027 0.013204
v -0.411247 -0.677646 0.033216
v -0.415567 -0.674060 0.008166
v -0.423998 -0.674577 0.025124
v -0.429106 -0.679028 0.002733
v -0.436414 -0.679468 0.017417
v -0.438297 -0.690599 -0.001640
v -0.445169 -0.691010 0.012160
v -0.440677 -0.705674 -0.003781
v -0.447916 -0.706110 0.010762
v -0.435609 -0.720212 -0.003117
v -0.443920 -0.720721 0.013597
v -0.424451 -0.730319 0.000175
v -0.434250 -0.730928 0.019906
v -0.410192 -0.733286 0.005212
v -0.421499 -0.733998 0.027999
v -0.396653 -0.728318 0.010646
v -0.409083 -0.729106 0.035706
v -0.387463 -0.716747 0.015019
v -0.400328 -0.717564 0.040962
v -0.397581 -0.702465 0.042360
v -0.417396 -0.715791 0.062870
v -0.425541 -0.727393 0.056827
v -0.414228 -0.700733 0.063725
v -0.437341 -0.712065 0.080356
v -0.444711 -0.723811 0.073632
v -0.433782 -0.697080 0.080868
v -0.459201 -0.706941 0.093254
v -0.465586 -0.718915 0.085950
v -0.455323 -0.692030 0.093577
v -0.482311 -0.700857 0.101244
v -0.487388 -0.713173 0.093497
v -0.478210 -0.686004 0.101492
v -0.506195 -0.694175 0.103583
v -0.509476 -0.706990 0.095678
v -0.502000 -0.679348 0.103823
v -0.530091 -0.687348 0.098777
v -0.530995 -0.700838 0.091382
v -0.525966 -0.672501 0.099002
v -0.551718 -0.681316 0.085068
v -0.550028 -0.695524 0.079343
v -0.547810 -0.666409 0.085153
v -0.567229 -0.677470 0.062783
v -0.563628 -0.692149 0.059775
v -0.563553 -0.662506 0.062539
v -0.574406 -0.676598 0.034747
v -0.570039 -0.691376 0.034554
v -0.570844 -0.661619 0.034079
v -0.573628 -0.678658 0.002731
v -0.569281 -0.693304 0.004755
v -0.570063 -0.663703 0.001673
v -0.565349 -0.683640 -0.033972
v -0.561329 -0.698094 -0.030450
v -0.561754 -0.668703 -0.035170
v -0.553021 -0.688906 -0.064006
v -0.549439 -0.703181 -0.059438
v -0.549531 -0.673925 -0.064952
v -0.536220 -0.693905 -0.089174
v -0.533249 -0.708000 -0.083697
v -0.533018 -0.678839 -0.089692
v -0.515623 -0.698419 -0.108938
v -0.513479 -0.712334 -0.102671
v -0.512844 -0.683261 -0.109052
v -0.492099 -0.702260 -0.122936
v -0.490946 -0.716015 -0.116081
v -0.489875 -0.687012 -0.122720
v -0.466710 -0.705248 -0.130960
v -0.466626 -0.718877 -0.123767
v -0.465150 -0.689923 -0.130534
v -0.440566 -0.707229 -0.133017
v -0.441545 -0.720777 -0.125739
v -0.439742 -0.691848 -0.132532
v -0.414715 -0.708080 -0.129280
v -0.416685 -0.721597 -0.122145
v -0.414663 -0.692674 -0.128906
v -0.390122 -0.707703 -0.120007
v -0.392969 -0.721234 -0.113201
v -0.390836 -0.692309 -0.119921
v -0.367706 -0.706011 -0.105498
v -0.371288 -0.719598 -0.099168
v -0.369138 -0.690672 -0.105877
v -0.348364 -0.702937 -0.086118
v -0.352524 -0.716615 -0.080365
v -0.350421 -0.687697 -0.087122
v -0.332951 -0.698440 -0.062319
v -0.337521 -0.712238 -0.057198
v -0.335494 -0.683342 -0.064071
v -0.322211 -0.692509 -0.034610
v -0.327032 -0.706445 -0.030131
v -0.325073 -0.677586 -0.037178
v -0.334849 -0.665673 -0.037148
v -0.344469 -0.670989 -0.061984
v -0.348921 -0.659963 -0.034527
v -0.357470 -0.664691 -0.056618
v -0.363518 -0.661986 -0.030017
v -0.371014 -0.666136 -0.049409
v -0.374728 -0.671199 -0.024828
v -0.381472 -0.674936 -0.042291
v -0.379549 -0.685135 -0.020349
v -0.386042 -0.688734 -0.037169
v -0.376687 -0.700058 -0.017781
v -0.383499 -0.703832 -0.035417
v -0.366911 -0.711971 -0.017811
v -0.374525 -0.716186 -0.037504
v -0.352839 -0.717681 -0.020432
v -0.361523 -0.722483 -0.042871
v -0.338242 -0.715658 -0.024942
v -0.347979 -0.721038 -0.050079
v -0.361785 -0.725067 -0.071405
v -0.378926 -0.727791 -0.088584
v -0.373667 -0.726027 -0.061638
v -0.388572 -0.728395 -0.076580
v -0.384985 -0.719239 -0.053681
v -0.397642 -0.721248 -0.066375
v -0.392707 -0.706521 -0.049667
v -0.403706 -0.708266 -0.060701
v -0.394764 -0.691281 -0.050670
v -0.405138 -0.692927 -0.061080
v -0.390604 -0.677603 -0.056423
v -0.401555 -0.679340 -0.067410
v -0.381343 -0.669151 -0.065383
v -0.393918 -0.671147 -0.077995
v -0.369461 -0.668191 -0.075150
v -0.384272 -0.670543 -0.089998
v -0.358143 -0.674979 -0.083107
v -0.375202 -0.677690 -0.100204
v -0.394919 -0.679176 -0.112968
v -0.416542 -0.679506 -0.121124
v -0.401278 -0.671824 -0.101010
v -0.419850 -0.672105 -0.108017
v -0.408209 -0.672222 -0.087251
v -0.423700 -0.672454 -0.093099
v -0.413853 -0.680263 -0.075378
v -0.427060 -0.680459 -0.080367
v -0.416700 -0.693794 -0.068573
v -0.429030 -0.693976 -0.073231
v -0.415986 -0.709188 -0.068658
v -0.429083 -0.709382 -0.073605
v -0.411903 -0.722320 -0.075612
v -0.427203 -0.722550 -0.081388
v -0.405544 -0.729673 -0.087570
v -0.423895 -0.729951 -0.094494
v -0.398614 -0.729275 -0.101329
v -0.420045 -0.729602 -0.109412
v -0.442417 -0.728863 -0.112649
v -0.464920 -0.727157 -0.110881
v -0.442949 -0.729320 -0.097254
v -0.462050 -0.727870 -0.095757
v -0.442998 -0.722025 -0.083679
v -0.458785 -0.720824 -0.082446
v -0.442551 -0.708932 -0.075562
v -0.455998 -0.707908 -0.074515
v -0.441728 -0.693551 -0.075078
v -0.454438 -0.692582 -0.074089
v -0.440749 -0.680003 -0.082356
v -0.454522 -0.678953 -0.081282
v -0.439876 -0.671917 -0.095446
v -0.456228 -0.670673 -0.094167
v -0.439344 -0.671460 -0.110840
v -0.459098 -0.669961 -0.109292
v -0.439295 -0.678755 -0.124415
v -0.462364 -0.677006 -0.122603
v -0.484870 -0.674356 -0.115491
v -0.505886 -0.670922 -0.102982
v -0.478425 -0.667683 -0.103186
v -0.496615 -0.664708 -0.092356
v -0.472266 -0.668781 -0.089102
v -0.487514 -0.666284 -0.080020
v -0.468045 -0.677355 -0.077013
v -0.481022 -0.675228 -0.069279
v -0.466891 -0.691109 -0.070158
v -0.478878 -0.689143 -0.063013
v -0.469115 -0.706357 -0.070374
v -0.481657 -0.704300 -0.062899
v -0.474120 -0.719014 -0.077603
v -0.488615 -0.716639 -0.068968
v -0.480566 -0.725687 -0.089908
v -0.497886 -0.722853 -0.079595
v -0.486724 -0.724589 -0.103992
v -0.506987 -0.721277 -0.091931
v -0.524900 -0.717348 -0.074730
v -0.539744 -0.712927 -0.052472
v -0.513412 -0.719444 -0.064675
v -0.526534 -0.715531 -0.044975
v -0.501861 -0.713727 -0.056226
v -0.513349 -0.710296 -0.038955
v -0.493344 -0.701728 -0.051647
v -0.503721 -0.698625 -0.036026
v -0.490141 -0.686662 -0.052165
v -0.500231 -0.683644 -0.036972
v -0.493112 -0.672567 -0.057641
v -0.503813 -0.669369 -0.041540
v -0.501461 -0.663219 -0.066608
v -0.513508 -0.659623 -0.048506
v -0.512949 -0.661123 -0.076664
v -0.526718 -0.657019 -0.056003
v -0.524500 -0.666840 -0.085113
v -0.539903 -0.662254 -0.062023
v -0.551506 -0.657284 -0.033721
v -0.559541 -0.652445 0.001866
v -0.537352 -0.652445 -0.030015
v -0.544881 -0.647901 0.003256
v -0.523084 -0.655480 -0.025044
v -0.530011 -0.651289 0.005472
v -0.512526 -0.665578 -0.020140
v -0.518916 -0.661701 0.007919
v -0.508506 -0.680032 -0.016618
v -0.514569 -0.676346 0.009943
v -0.512102 -0.694970 -0.015420
v -0.518134 -0.691302 0.011001
v -0.522349 -0.706388 -0.016869
v -0.528656 -0.702560 0.010809
v -0.536503 -0.711228 -0.020575
v -0.543316 -0.707104 0.009418
v -0.550771 -0.708192 -0.025546
v -0.558186 -0.703716 0.007203
v -0.558915 -0.701993 0.033551
v -0.553712 -0.702610 0.054320
v -0.544013 -0.705605 0.032008
v -0.540141 -0.706049 0.047881
v -0.529327 -0.701244 0.030338
v -0.526549 -0.701546 0.042182
v -0.518791 -0.690078 0.028988
v -0.516578 -0.690307 0.038751
v -0.515230 -0.675100 0.028320
v -0.512902 -0.675343 0.038507
v -0.519596 -0.660322 0.028513
v -0.516503 -0.660665 0.041515
v -0.530721 -0.649704 0.029516
v -0.526419 -0.650204 0.046970
v -0.545622 -0.646092 0.031059
v -0.539990 -0.646764 0.053409
v -0.560309 -0.650453 0.032729
v -0.553582 -0.651267 0.059108
v -0.539350 -0.654798 0.079576
v -0.519725 -0.660276 0.091996
v -0.528605 -0.649593 0.069832
v -0.513041 -0.653948 0.079636
v -0.518454 -0.652190 0.058531
v -0.507704 -0.655213 0.065234
v -0.511618 -0.661892 0.048701
v -0.505144 -0.663731 0.052650
v -0.509927 -0.676100 0.042977
v -0.506048 -0.677221 0.045254
v -0.513836 -0.691007 0.042891
v -0.510173 -0.692068 0.045029
v -0.522296 -0.702618 0.048468
v -0.516414 -0.704293 0.052035
v -0.533041 -0.707823 0.058213
v -0.523099 -0.710621 0.064395
v -0.543191 -0.705226 0.069514
v -0.528436 -0.709357 0.078797
v -0.510965 -0.714360 0.082226
v -0.492081 -0.719652 0.080325
v -0.510263 -0.714310 0.066832
v -0.495133 -0.718558 0.065259
v -0.507558 -0.706853 0.053619
v -0.495726 -0.710184 0.052336
v -0.503574 -0.693987 0.046130
v -0.493700 -0.696774 0.045017
v -0.499379 -0.679160 0.046369
v -0.489600 -0.681921 0.045265
v -0.496098 -0.666345 0.054274
v -0.484523 -0.669605 0.053013
v -0.494609 -0.658975 0.067726
v -0.479830 -0.663125 0.066184
v -0.495311 -0.659025 0.083121
v -0.476778 -0.664219 0.081250
v -0.498017 -0.666482 0.096333
v -0.476185 -0.672593 0.094174
v -0.454990 -0.678177 0.086833
v -0.434989 -0.682869 0.075028
v -0.458292 -0.669094 0.074829
v -0.440638 -0.673241 0.064404
v -0.464344 -0.667215 0.060781
v -0.449215 -0.670776 0.051840
v -0.471524 -0.673044 0.048454
v -0.458422 -0.676134 0.040704
v -0.477909 -0.685018 0.041150
v -0.465793 -0.687879 0.033980
v -0.481787 -0.699930 0.040827
v -0.469352 -0.702864 0.033469
v -0.482120 -0.713783 0.047571
v -0.468145 -0.717075 0.039308
v -0.478818 -0.722865 0.059575
v -0.462496 -0.726703 0.049933
v -0.472766 -0.724744 0.073622
v -0.453919 -0.729168 0.062496
v -0.436481 -0.732432 0.047214
v -0.447285 -0.729557 0.036606
v -0.455057 -0.719539 0.027848
v -0.457715 -0.705061 0.023284
v -0.454547 -0.690004 0.024138
v -0.446401 -0.678401 0.030182
v -0.435461 -0.673362 0.039795
v -0.424658 -0.676237 0.050402
v -0.416886 -0.686256 0.059161
vn 0.4038 0.8860 0.2278
vn 0.4000 0.8866 0.2323
vn 0.7181 0.5392 0.4399
vn 0.7493 0.5362 0.3885
vn 0.8460 0.0529 0.5306
vn 0.8941 0.0499 0.4450
vn -0.0545 0.9985 0.0033
vn -0.0279 0.9988 -0.0400
vn -0.4993 0.8372 -0.2233
vn -0.4513 0.8390 -0.3039
vn -0.8067 0.4455 -0.3883
vn -0.7520 0.4465 -0.4849
vn -0.8923 -0.0687 -0.4462
vn -0.8444 -0.0701 -0.5311
vn -0.7324 -0.5640 -0.3814
vn -0.7037 -0.5651 -0.4308
vn -0.3724 -0.9033 -0.2129
vn -0.3725 -0.9028 -0.2147
vn 0.0850 -0.9963 0.0111
vn 0.0556 -0.9969 0.0563
vn 0.5146 -0.8262 0.2293
vn 0.4661 -0.8284 0.3105
vn 0.8078 -0.4450 0.3866
vn 0.7538 -0.4455 0.4831
vn 0.6249 -0.4322 0.6502
vn 0.3567 -0.8177 0.4517
vn 0.7305 0.0655 0.6797
vn 0.4786 -0.4047 0.7792
vn 0.2357 -0.7954 0.5584
vn 0.5968 0.0910 0.7972
vn 0.3143 -0.3656 0.8761
vn 0.1041 -0.7641 0.6366
vn 0.4427 0.1274 0.8876
vn 0.1212 -0.3138 0.9417
vn -0.0453 -0.7234 0.6889
vn 0.2564 0.1762 0.9504
vn -0.1176 -0.2454 0.9623
vn -0.2248 -0.6707 0.7068
vn 0.0198 0.2417 0.9701
vn -0.4071 -0.1610 0.8991
vn -0.4380 -0.6070 0.6631
vn -0.2726 0.3243 0.9058
vn -0.7016 -0.0781 0.7083
vn -0.6517 -0.5459 0.5266
vn -0.5739 0.4078 0.7102
vn -0.9104 -0.0266 0.4130
vn -0.8000 -0.5101 0.3159
vn -0.7893 0.4619 0.4045
vn -0.9934 -0.0169 0.1130
vn -0.8561 -0.5059 0.1054
vn -0.8754 0.4747 0.0912
vn -0.9923 -0.0323 -0.1193
vn -0.8530 -0.5192 -0.0539
vn -0.8737 0.4615 -0.1538
vn -0.9547 -0.0574 -0.2921
vn -0.8242 -0.5382 -0.1763
vn -0.8358 0.4377 -0.3314
vn -0.8861 -0.0870 -0.4553
vn -0.7699 -0.5606 -0.3050
vn -0.7718 0.4089 -0.4869
vn -0.7734 -0.1202 -0.6224
vn -0.6775 -0.5873 -0.4429
vn -0.6688 0.3778 -0.6404
vn -0.6167 -0.1544 -0.7719
vn -0.5478 -0.6153 -0.5669
vn -0.5260 0.3461 -0.7768
vn -0.4232 -0.1861 -0.8867
vn -0.3863 -0.6415 -0.6627
vn -0.3506 0.3173 -0.8811
vn -0.2062 -0.2117 -0.9553
vn -0.2039 -0.6631 -0.7203
vn -0.1551 0.2942 -0.9431
vn 0.0193 -0.2290 -0.9732
vn -0.0129 -0.6777 -0.7352
vn 0.0465 0.2789 -0.9592
vn 0.2403 -0.2364 -0.9415
vn 0.1758 -0.6841 -0.7079
vn 0.2425 0.2724 -0.9311
vn 0.4463 -0.2334 -0.8639
vn 0.3533 -0.6816 -0.6408
vn 0.4236 0.2752 -0.8630
vn 0.6285 -0.2198 -0.7461
vn 0.5115 -0.6698 -0.5383
vn 0.5826 0.2871 -0.7604
vn 0.7791 -0.1961 -0.5955
vn 0.6431 -0.6490 -0.4063
vn 0.7129 0.3078 -0.6301
vn 0.8914 -0.1635 -0.4226
vn 0.7419 -0.6205 -0.2538
vn 0.8094 0.3361 -0.4816
vn 0.9327 -0.1446 -0.3305
vn 0.7793 -0.6023 -0.1731
vn 0.8455 0.3507 -0.4027
vn 0.5155 0.7497 -0.4149
vn 0.5368 0.7582 -0.3702
vn 0.0832 0.9677 -0.2380
vn 0.0818 0.9676 -0.2388
vn -0.3751 0.9270 0.0041
vn -0.3988 0.9161 -0.0419
vn -0.7342 0.6326 0.2466
vn -0.7717 0.6137 0.1667
vn -0.8920 0.1624 0.4219
vn -0.9332 0.1432 0.3297
vn -0.8029 -0.3526 0.4806
vn -0.8389 -0.3664 0.4025
vn -0.4937 -0.7685 0.4071
vn -0.5149 -0.7757 0.3650
vn -0.0530 -0.9732 0.2237
vn -0.0517 -0.9723 0.2280
vn 0.3982 -0.9171 -0.0182
vn 0.4217 -0.9062 0.0306
vn 0.3389 -0.9343 -0.1105
vn -0.0570 -0.9746 0.2165
vn 0.2606 -0.9467 -0.1893
vn -0.0610 -0.9754 0.2120
vn -0.4409 -0.7534 0.4877
vn -0.3690 -0.7421 0.5596
vn -0.7074 -0.3249 0.6277
vn -0.5785 -0.3043 0.7568
vn -0.7796 0.1954 0.5950
vn -0.6289 0.2196 0.7458
vn -0.6358 0.6616 0.3976
vn -0.5050 0.6827 0.5281
vn -0.3176 0.9438 0.0915
vn -0.2427 0.9558 0.1660
vn 0.0843 0.9678 -0.2374
vn 0.0834 0.9675 -0.2386
vn 0.4603 0.7333 -0.5003
vn 0.3845 0.7211 -0.5763
vn 0.0797 0.9672 -0.2413
vn 0.2904 0.7140 -0.6371
vn 0.0723 0.9670 -0.2443
vn 0.1815 0.7122 -0.6781
vn -0.0574 0.9642 0.2589
vn -0.1544 0.9626 0.2227
vn -0.1726 0.6979 0.6951
vn -0.3481 0.6948 0.6293
vn -0.2408 0.2373 0.9411
vn -0.4466 0.2338 0.8636
vn -0.2420 -0.2891 0.9262
vn -0.4212 -0.2921 0.8586
vn -0.1765 -0.7337 0.6561
vn -0.2799 -0.7353 0.6172
vn -0.0635 -0.9757 0.2099
vn -0.0636 -0.9756 0.2101
vn 0.0652 -0.9552 -0.2887
vn 0.1677 -0.9537 -0.2497
vn -0.0419 -0.9516 -0.3044
vn -0.0602 -0.9758 0.2100
vn -0.1485 -0.9435 -0.2963
vn -0.0535 -0.9764 0.2092
vn -0.0627 -0.7375 0.6724
vn 0.0566 -0.7466 0.6629
vn -0.0480 -0.2953 0.9542
vn 0.1520 -0.3103 0.9384
vn -0.0199 0.2305 0.9729
vn 0.2059 0.2138 0.9549
vn 0.0138 0.6922 0.7216
vn 0.2026 0.6783 0.7063
vn 0.0435 0.9611 0.2729
vn 0.1434 0.9536 0.2646
vn 0.0608 0.9673 -0.2462
vn 0.0457 0.9684 -0.2453
vn 0.0618 0.7160 -0.6953
vn -0.0634 0.7254 -0.6854
vn 0.0279 0.9704 -0.2397
vn -0.1865 0.7399 -0.6464
vn 0.0099 0.9735 -0.2286
vn -0.2981 0.7583 -0.5797
vn 0.3182 0.9295 0.1866
vn 0.2368 0.9428 0.2348
vn 0.5424 0.6314 0.5542
vn 0.3828 0.6574 0.6491
vn 0.6178 0.1572 0.7705
vn 0.4236 0.1886 0.8860
vn 0.5215 -0.3610 0.7731
vn 0.3466 -0.3329 0.8769
vn 0.2816 -0.7775 0.5623
vn 0.1743 -0.7603 0.6257
vn -0.0328 -0.9793 0.1999
vn -0.0440 -0.9775 0.2061
vn -0.3355 -0.9176 -0.2130
vn -0.2486 -0.9317 -0.2649
vn -0.4040 -0.9029 -0.1467
vn -0.0214 -0.9815 0.1903
vn -0.4515 -0.8892 -0.0740
vn -0.0111 -0.9840 0.1779
vn 0.3705 -0.7962 0.4784
vn 0.4359 -0.8144 0.3832
vn 0.6639 -0.3915 0.6372
vn 0.7668 -0.4211 0.4844
vn 0.7747 0.1231 0.6203
vn 0.8873 0.0897 0.4523
vn 0.6706 0.6032 0.4318
vn 0.7625 0.5755 0.2957
vn 0.3829 0.9152 0.1258
vn 0.4291 0.9013 0.0589
vn -0.0058 0.9772 -0.2123
vn -0.0175 0.9811 -0.1926
vn -0.3896 0.7789 -0.4915
vn -0.4558 0.7994 -0.3915
vn -0.0272 0.9864 -0.1622
vn -0.4981 0.8192 -0.2843
vn -0.0419 0.9936 -0.1046
vn -0.5279 0.8362 -0.1487
vn 0.4589 0.8879 -0.0313
vn 0.4542 0.8909 0.0039
vn 0.8391 0.5414 0.0529
vn 0.8154 0.5535 0.1700
vn 0.9912 0.0450 0.1245
vn 0.9547 0.0635 0.2907
vn 0.8705 -0.4650 0.1614
vn 0.8321 -0.4443 0.3321
vn 0.5098 -0.8467 0.1525
vn 0.4816 -0.8298 0.2820
vn 0.0106 -0.9947 0.1023
vn 0.0017 -0.9879 0.1549
vn -0.4880 -0.8724 0.0267
vn -0.4759 -0.8794 -0.0131
vn -0.4938 -0.8667 0.0707
vn 0.0052 -0.9998 0.0198
vn -0.4815 -0.8658 0.1363
vn -0.0296 -0.9964 -0.0793
vn 0.5088 -0.8603 -0.0317
vn 0.4400 -0.8563 -0.2706
vn 0.8739 -0.4807 -0.0721
vn 0.7931 -0.4734 -0.3833
vn 0.9948 0.0332 -0.0961
vn 0.9189 0.0457 -0.3919
vn 0.8383 0.5367 -0.0956
vn 0.7826 0.5491 -0.2934
vn 0.4532 0.8890 -0.0649
vn 0.4342 0.8940 -0.1102
vn -0.0488 0.9987 -0.0123
vn -0.0229 0.9942 0.1053
vn -0.5325 0.8452 0.0454
vn -0.4676 0.8340 0.2930
vn 0.0525 0.9749 0.2164
vn -0.3004 0.7915 0.5322
vn 0.1560 0.9472 0.2803
vn -0.0679 0.7282 0.6820
vn 0.3394 0.9188 -0.2015
vn 0.3958 0.9043 -0.1601
vn 0.4259 0.6414 -0.6381
vn 0.6361 0.5880 -0.4996
vn 0.3853 0.1836 -0.9043
vn 0.6999 0.1021 -0.7069
vn 0.2401 -0.3287 -0.9134
vn 0.5623 -0.4200 -0.7123
vn 0.0356 -0.7489 -0.6617
vn 0.2666 -0.8172 -0.5110
vn -0.1824 -0.9557 -0.2309
vn -0.0987 -0.9802 -0.1717
vn -0.3563 -0.8995 0.2531
vn -0.4335 -0.8770 0.2073
vn -0.2747 -0.9243 0.2651
vn -0.2551 -0.9334 -0.2522
vn -0.2014 -0.9459 0.2543
vn -0.3066 -0.9180 -0.2514
vn -0.1715 -0.6865 -0.7066
vn -0.3319 -0.6403 -0.6927
vn -0.0432 -0.2469 -0.9681
vn -0.2670 -0.1846 -0.9458
vn 0.1018 0.2609 -0.9600
vn -0.1266 0.3228 -0.9380
vn 0.2214 0.6948 -0.6842
vn 0.0498 0.7400 -0.6708
vn 0.2744 0.9357 -0.2218
vn 0.2100 0.9525 -0.2205
vn 0.2472 0.9229 0.2951
vn 0.3098 0.9068 0.2859
vn 0.1529 0.6677 0.7285
vn 0.3256 0.6216 0.7124
vn 0.3495 0.8970 0.2704
vn 0.4561 0.5884 0.6676
vn 0.3745 0.8914 0.2553
vn 0.5596 0.5643 0.6070
vn 0.0879 0.9819 -0.1675
vn 0.1482 0.9681 -0.2021
vn -0.2247 0.8060 -0.5476
vn -0.0956 0.7766 -0.6227
vn -0.4770 0.4077 -0.7786
vn -0.3148 0.3708 -0.8737
vn -0.5980 -0.1034 -0.7948
vn -0.4470 -0.1378 -0.8839
vn -0.5541 -0.5846 -0.5926
vn -0.4554 -0.6074 -0.6509
vn -0.3596 -0.9042 -0.2307
vn -0.3398 -0.9088 -0.2420
vn -0.0702 -0.9792 0.1903
vn -0.1346 -0.9640 0.2292
vn -0.0060 -0.9909 0.1344
vn -0.3696 -0.9026 -0.2209
vn -0.6360 -0.5704 -0.5197
vn -0.7299 -0.0801 -0.6788
vn -0.6226 0.4339 -0.6512
vn -0.3435 0.8279 -0.4434
vn 0.0284 0.9930 -0.1147
vn 0.3903 0.8882 0.2424
vn 0.6459 0.5476 0.5319
vt 0.431722 0.441306
vt 0.434274 0.434754
vt 0.439322 0.436810
vt 0.437168 0.444434
vt 0.444503 0.438161
vt 0.443124 0.446578
vt 0.426925 0.437708
vt 0.429400 0.432161
vt 0.422686 0.434370
vt 0.424613 0.429489
vt 0.418423 0.432203
vt 0.419882 0.427360
vt 0.413810 0.431258
vt 0.415071 0.426161
vt 0.471630 0.441085
vt 0.470273 0.435144
vt 0.475159 0.434128
vt 0.476307 0.439333
vt 0.466743 0.443446
vt 0.465285 0.436571
vt 0.461334 0.445650
vt 0.460192 0.437850
vt 0.455429 0.447030
vt 0.454993 0.438653
vt 0.449319 0.447464
vt 0.449749 0.438765
vt 0.450346 0.430931
vt 0.455281 0.430896
vt 0.445405 0.430503
vt 0.450935 0.423792
vt 0.455839 0.423728
vt 0.446031 0.423493
vt 0.451337 0.417189
vt 0.456170 0.417025
vt 0.446480 0.417002
vt 0.451631 0.411001
vt 0.456380 0.410754
vt 0.446881 0.410888
vt 0.451780 0.405084
vt 0.456412 0.404825
vt 0.447155 0.405028
vt 0.451830 0.399230
vt 0.456353 0.399078
vt 0.447337 0.399197
vt 0.451827 0.393245
vt 0.456322 0.393318
vt 0.447467 0.393184
vt 0.451987 0.386946
vt 0.456565 0.387308
vt 0.447429 0.386897
vt 0.452183 0.380179
vt 0.456970 0.380708
vt 0.447405 0.380056
vt 0.452432 0.372406
vt 0.457452 0.372933
vt 0.447383 0.372191
vt 0.452798 0.362878
vt 0.457936 0.363179
vt 0.447624 0.362636
vt 0.452972 0.354529
vt 0.457894 0.354619
vt 0.447941 0.354349
vt 0.452995 0.346737
vt 0.457895 0.346725
vt 0.448081 0.346653
vt 0.452947 0.339472
vt 0.457833 0.339398
vt 0.448121 0.339464
vt 0.452859 0.332585
vt 0.457592 0.332460
vt 0.448103 0.332642
vt 0.452713 0.325921
vt 0.457467 0.325773
vt 0.447967 0.326077
vt 0.452405 0.319382
vt 0.457153 0.319182
vt 0.447655 0.319634
vt 0.451969 0.312840
vt 0.456707 0.312590
vt 0.447222 0.313179
vt 0.451430 0.306167
vt 0.456140 0.305875
vt 0.446719 0.306607
vt 0.450734 0.299223
vt 0.455442 0.298902
vt 0.446044 0.299795
vt 0.449855 0.291827
vt 0.454653 0.291502
vt 0.445087 0.292547
vt 0.448870 0.283753
vt 0.453944 0.283441
vt 0.443812 0.284613
vt 0.447743 0.274492
vt 0.453786 0.274417
vt 0.441796 0.275901
vt 0.438881 0.286192
vt 0.436278 0.278282
vt 0.434096 0.288326
vt 0.431316 0.281332
vt 0.429434 0.290785
vt 0.426862 0.284559
vt 0.424798 0.293151
vt 0.422666 0.287342
vt 0.420079 0.294954
vt 0.418392 0.289145
vt 0.415250 0.296013
vt 0.413810 0.290105
vt 0.469032 0.285464
vt 0.469919 0.278550
vt 0.474709 0.279740
vt 0.473924 0.286043
vt 0.464063 0.284541
vt 0.464945 0.276869
vt 0.459027 0.283763
vt 0.459570 0.275313
vt 0.459478 0.291540
vt 0.464337 0.291851
vt 0.460177 0.298791
vt 0.464953 0.298830
vt 0.469227 0.292248
vt 0.469772 0.298903
vt 0.474106 0.292347
vt 0.474719 0.298768
vt 0.417394 0.306637
vt 0.416502 0.301443
vt 0.421329 0.300452
vt 0.422223 0.305823
vt 0.426138 0.298904
vt 0.427049 0.304559
vt 0.430897 0.297019
vt 0.431841 0.303096
vt 0.435622 0.295180
vt 0.436583 0.301735
vt 0.440344 0.293653
vt 0.441282 0.300625
vt 0.437278 0.308044
vt 0.442006 0.307236
vt 0.437785 0.314198
vt 0.442557 0.313632
vt 0.432983 0.314896
vt 0.432508 0.309038
vt 0.428144 0.315693
vt 0.427694 0.310143
vt 0.423285 0.316429
vt 0.422853 0.311133
vt 0.418433 0.316877
vt 0.418013 0.311757
vt 0.471018 0.312033
vt 0.470424 0.305480
vt 0.475261 0.305294
vt 0.475743 0.311813
vt 0.466212 0.312219
vt 0.465624 0.305590
vt 0.461449 0.312393
vt 0.460866 0.305697
vt 0.461903 0.318992
vt 0.466667 0.318791
vt 0.462235 0.325597
vt 0.467019 0.325380
vt 0.471462 0.318574
vt 0.471820 0.325128
vt 0.476290 0.318317
vt 0.476766 0.324895
vt 0.418832 0.327337
vt 0.418698 0.322048
vt 0.423560 0.321757
vt 0.423700 0.327186
vt 0.428435 0.321258
vt 0.428585 0.326909
vt 0.433292 0.320735
vt 0.433465 0.326641
vt 0.438111 0.320293
vt 0.438310 0.326430
vt 0.442895 0.319941
vt 0.443110 0.326257
vt 0.438438 0.332703
vt 0.443341 0.332689
vt 0.438392 0.339251
vt 0.443272 0.339377
vt 0.433490 0.339113
vt 0.433511 0.332719
vt 0.428579 0.338999
vt 0.428576 0.332771
vt 0.423642 0.338932
vt 0.423713 0.332842
vt 0.418777 0.338878
vt 0.418849 0.332876
vt 0.472340 0.338816
vt 0.472216 0.331822
vt 0.477041 0.331654
vt 0.477190 0.338659
vt 0.467495 0.339042
vt 0.467309 0.332078
vt 0.462660 0.339248
vt 0.462435 0.332297
vt 0.462771 0.346636
vt 0.467626 0.346478
vt 0.462833 0.354656
vt 0.467712 0.354638
vt 0.472472 0.346295
vt 0.472557 0.354587
vt 0.477325 0.346178
vt 0.477404 0.354565
vt 0.418375 0.353579
vt 0.418618 0.345641
vt 0.423482 0.345731
vt 0.423234 0.353633
vt 0.428383 0.345851
vt 0.428058 0.353652
vt 0.433301 0.346039
vt 0.432976 0.353743
vt 0.438227 0.346261
vt 0.437924 0.353908
vt 0.443155 0.346481
vt 0.442914 0.354131
vt 0.437499 0.362522
vt 0.442450 0.362499
vt 0.437547 0.372859
vt 0.442473 0.372384
vt 0.432698 0.373588
vt 0.432644 0.362671
vt 0.427897 0.374459
vt 0.427852 0.362924
vt 0.423102 0.375234
vt 0.423006 0.363159
vt 0.418269 0.375618
vt 0.418161 0.363254
vt 0.472121 0.375537
vt 0.472475 0.364066
vt 0.477340 0.364227
vt 0.476876 0.376093
vt 0.467285 0.374649
vt 0.467703 0.363807
vt 0.462403 0.373720
vt 0.462871 0.363494
vt 0.461756 0.381602
vt 0.466550 0.382809
vt 0.461203 0.387939
vt 0.465937 0.388871
vt 0.471356 0.384165
vt 0.470781 0.390081
vt 0.476172 0.385110
vt 0.475665 0.391068
vt 0.418999 0.390071
vt 0.418725 0.384695
vt 0.423577 0.384193
vt 0.423884 0.389840
vt 0.428392 0.383091
vt 0.428806 0.389024
vt 0.433164 0.381908
vt 0.433609 0.388160
vt 0.437909 0.380957
vt 0.438284 0.387504
vt 0.442651 0.380334
vt 0.442878 0.387079
vt 0.438426 0.393187
vt 0.443002 0.393182
vt 0.438271 0.398519
vt 0.442831 0.398963
vt 0.433610 0.397814
vt 0.433728 0.393181
vt 0.428799 0.396785
vt 0.428889 0.393124
vt 0.423860 0.395631
vt 0.423925 0.392964
vt 0.418966 0.395120
vt 0.419026 0.392788
vt 0.470497 0.397830
vt 0.470565 0.394075
vt 0.475508 0.394439
vt 0.475423 0.397450
vt 0.465645 0.398368
vt 0.465687 0.393714
vt 0.460943 0.398789
vt 0.460940 0.393468
vt 0.461073 0.404299
vt 0.465794 0.403532
vt 0.461129 0.410203
vt 0.465895 0.409418
vt 0.470599 0.402609
vt 0.470692 0.408548
vt 0.475462 0.401982
vt 0.475515 0.408038
vt 0.418351 0.403731
vt 0.418759 0.398717
vt 0.423610 0.399471
vt 0.423164 0.404601
vt 0.428446 0.401093
vt 0.427938 0.406288
vt 0.433210 0.402675
vt 0.432689 0.408036
vt 0.437896 0.403850
vt 0.437422 0.409416
vt 0.442534 0.404617
vt 0.442150 0.410353
vt 0.436923 0.415329
vt 0.441723 0.416374
vt 0.436318 0.421587
vt 0.441112 0.422780
vt 0.431537 0.419964
vt 0.432144 0.413856
vt 0.426768 0.418080
vt 0.427376 0.412079
vt 0.421947 0.416392
vt 0.422602 0.410432
vt 0.417141 0.415383
vt 0.417802 0.409508
vt 0.470230 0.421984
vt 0.470609 0.415180
vt 0.475355 0.414831
vt 0.475120 0.421728
vt 0.465442 0.422656
vt 0.465784 0.415871
vt 0.460649 0.423306
vt 0.460978 0.416549
vt 0.460223 0.430404
vt 0.465149 0.429604
vt 0.470059 0.428734
vt 0.474948 0.428248
vt 0.416245 0.420967
vt 0.421053 0.422109
vt 0.425856 0.423989
vt 0.430700 0.426148
vt 0.435569 0.428098
vt 0.440473 0.429567
s 1
f 2100/2285/2095 2101/2286/2096 2098/2287/2097 2097/2288/2098
f 2097/2288/2098 2098/2287/2097 2120/2289/2099 2099/2290/2100
f 2102/2291/2101 2103/2292/2102 2101/2286/2096 2100/2285/2095
f 2104/2293/2103 2105/2294/2104 2103/2292/2102 2102/2291/2101
f 2106/2295/2105 2107/2296/2106 2105/2294/2104 2104/2293/2103
f 2108/2297/2107 2109/2298/2108 2107/2296/2106 2106/2295/2105
f 2110/2299/2109 2111/2300/2110 2109/2301/2108 2108/2302/2107
f 2112/2303/2111 2113/2304/2112 2111/2300/2110 2110/2299/2109
f 2114/2305/2113 2115/2306/2114 2113/2304/2112 2112/2303/2111
f 2116/2307/2115 2117/2308/2116 2115/2306/2114 2114/2305/2113
f 2118/2309/2117 2119/2310/2118 2117/2308/2116 2116/2307/2115
f 2099/2290/2100 2120/2289/2099 2119/2310/2118 2118/2309/2117
f 2119/2310/2118 2121/2311/2119 2122/2312/2120 2117/2308/2116
f 2120/2289/2099 2123/2313/2121 2121/2311/2119 2119/2310/2118
f 2121/2311/2119 2124/2314/2122 2125/2315/2123 2122/2312/2120
f 2123/2313/2121 2126/2316/2124 2124/2314/2122 2121/2311/2119
f 2124/2314/2122 2127/2317/2125 2128/2318/2126 2125/2315/2123
f 2126/2316/2124 2129/2319/2127 2127/2317/2125 2124/2314/2122
f 2127/2317/2125 2130/2320/2128 2131/2321/2129 2128/2318/2126
f 2129/2319/2127 2132/2322/2130 2130/2320/2128 2127/2317/2125
f 2130/2320/2128 2133/2323/2131 2134/2324/2132 2131/2321/2129
f 2132/2322/2130 2135/2325/2133 2133/2323/2131 2130/2320/2128
f 2133/2323/2131 2136/2326/2134 2137/2327/2135 2134/2324/2132
f 2135/2325/2133 2138/2328/2136 2136/2326/2134 2133/2323/2131
f 2136/2326/2134 2139/2329/2137 2140/2330/2138 2137/2327/2135
f 2138/2328/2136 2141/2331/2139 2139/2329/2137 2136/2326/2134
f 2139/2329/2137 2142/2332/2140 2143/2333/2141 2140/2330/2138
f 2141/2331/2139 2144/2334/2142 2142/2332/2140 2139/2329/2137
f 2142/2332/2140 2145/2335/2143 2146/2336/2144 2143/2333/2141
f 2144/2334/2142 2147/2337/2145 2145/2335/2143 2142/2332/2140
f 2145/2335/2143 2148/2338/2146 2149/2339/2147 2146/2336/2144
f 2147/2337/2145 2150/2340/2148 2148/2338/2146 2145/2335/2143
f 2148/2338/2146 2151/2341/2149 2152/2342/2150 2149/2339/2147
f 2150/2340/2148 2153/2343/2151 2151/2341/2149 2148/2338/2146
f 2151/2341/2149 2154/2344/2152 2155/2345/2153 2152/2342/2150
f 2153/2343/2151 2156/2346/2154 2154/2344/2152 2151/2341/2149
f 2154/2344/2152 2157/2347/2155 2158/2348/2156 2155/2345/2153
f 2156/2346/2154 2159/2349/2157 2157/2347/2155 2154/2344/2152
f 2157/2347/2155 2160/2350/2158 2161/2351/2159 2158/2348/2156
f 2159/2349/2157 2162/2352/2160 2160/2350/2158 2157/2347/2155
f 2160/2350/2158 2163/2353/2161 2164/2354/2162 2161/2351/2159
f 2162/2352/2160 2165/2355/2163 2163/2353/2161 2160/2350/2158
f 2163/2353/2161 2166/2356/2164 2167/2357/2165 2164/2354/2162
f 2165/2355/2163 2168/2358/2166 2166/2356/2164 2163/2353/2161
f 2166/2356/2164 2169/2359/2167 2170/2360/2168 2167/2357/2165
f 2168/2358/2166 2171/2361/2169 2169/2359/2167 2166/2356/2164
f 2169/2359/2167 2172/2362/2170 2173/2363/2171 2170/2360/2168
f 2171/2361/2169 2174/2364/2172 2172/2362/2170 2169/2359/2167
f 2172/2362/2170 2175/2365/2173 2176/2366/2174 2173/2363/2171
f 2174/2364/2172 2177/2367/2175 2175/2365/2173 2172/2362/2170
f 2175/2365/2173 2178/2368/2176 2179/2369/2177 2176/2366/2174
f 2177/2367/2175 2180/2370/2178 2178/2368/2176 2175/2365/2173
f 2178/2368/2176 2181/2371/2179 2182/2372/2180 2179/2369/2177
f 2180/2370/2178 2183/2373/2181 2181/2371/2179 2178/2368/2176
f 2181/2371/2179 2184/2374/2182 2185/2375/2183 2182/2372/2180
f 2183/2373/2181 2186/2376/2184 2184/2374/2182 2181/2371/2179
f 2184/2374/2182 2187/2377/2185 2188/2378/2186 2185/2375/2183
f 2186/2376/2184 2189/2379/2187 2187/2377/2185 2184/2374/2182
f 2191/2380/2188 2190/2381/2189 2189/2379/2187 2186/2376/2184
f 2193/2382/2190 2192/2383/2191 2190/2381/2189 2191/2380/2188
f 2195/2384/2192 2194/2385/2193 2192/2383/2191 2193/2382/2190
f 2197/2386/2194 2196/2387/2195 2194/2385/2193 2195/2384/2192
f 2199/2388/2196 2198/2389/2197 2196/2387/2195 2197/2386/2194
f 2201/2390/2198 2200/2391/2199 2198/2389/2197 2199/2388/2196
f 2203/2392/2200 2202/2393/2201 2200/2394/2199 2201/2395/2198
f 2205/2396/2202 2204/2397/2203 2202/2393/2201 2203/2392/2200
f 2207/2398/2204 2206/2399/2205 2204/2397/2203 2205/2396/2202
f 2185/2375/2183 2188/2378/2186 2206/2399/2205 2207/2398/2204
f 2182/2372/2180 2185/2375/2183 2207/2398/2204 2208/2400/2206
f 2208/2400/2206 2207/2398/2204 2205/2396/2202 2210/2401/2207
f 2179/2369/2177 2182/2372/2180 2208/2400/2206 2209/2402/2208
f 2209/2402/2208 2208/2400/2206 2210/2401/2207 2211/2403/2209
f 2211/2403/2209 2210/2401/2207 2212/2404/2210 2213/2405/2211
f 2210/2401/2207 2205/2396/2202 2203/2392/2200 2212/2404/2210
f 2213/2405/2211 2212/2404/2210 2214/2406/2212 2215/2407/2213
f 2212/2404/2210 2203/2392/2200 2201/2395/2198 2214/2406/2212
f 2215/2408/2213 2214/2409/2212 2216/2410/2214 2217/2411/2215
f 2214/2409/2212 2201/2390/2198 2199/2388/2196 2216/2410/2214
f 2217/2411/2215 2216/2410/2214 2218/2412/2216 2219/2413/2217
f 2216/2410/2214 2199/2388/2196 2197/2386/2194 2218/2412/2216
f 2219/2413/2217 2218/2412/2216 2220/2414/2218 2221/2415/2219
f 2218/2412/2216 2197/2386/2194 2195/2384/2192 2220/2414/2218
f 2221/2415/2219 2220/2414/2218 2222/2416/2220 2223/2417/2221
f 2220/2414/2218 2195/2384/2192 2193/2382/2190 2222/2416/2220
f 2223/2417/2221 2222/2416/2220 2224/2418/2222 2225/2419/2223
f 2222/2416/2220 2193/2382/2190 2191/2380/2188 2224/2418/2222
f 2225/2419/2223 2224/2418/2222 2183/2373/2181 2180/2370/2178
f 2224/2418/2222 2191/2380/2188 2186/2376/2184 2183/2373/2181
f 2228/2420/2224 2223/2417/2221 2225/2419/2223 2226/2421/2225
f 2226/2421/2225 2225/2419/2223 2180/2370/2178 2177/2367/2175
f 2229/2422/2226 2228/2420/2224 2226/2421/2225 2227/2423/2227
f 2227/2423/2227 2226/2421/2225 2177/2367/2175 2174/2364/2172
f 2231/2424/2228 2230/2425/2229 2228/2420/2224 2229/2422/2226
f 2230/2425/2229 2221/2415/2219 2223/2417/2221 2228/2420/2224
f 2233/2426/2230 2232/2427/2231 2230/2425/2229 2231/2424/2228
f 2232/2427/2231 2219/2413/2217 2221/2415/2219 2230/2425/2229
f 2235/2428/2232 2234/2429/2233 2232/2427/2231 2233/2426/2230
f 2234/2429/2233 2217/2411/2215 2219/2413/2217 2232/2427/2231
f 2237/2430/2234 2236/2431/2235 2234/2429/2233 2235/2428/2232
f 2236/2431/2235 2215/2408/2213 2217/2411/2215 2234/2429/2233
f 2239/2432/2236 2238/2433/2237 2236/2434/2235 2237/2435/2234
f 2238/2433/2237 2213/2405/2211 2215/2407/2213 2236/2434/2235
f 2241/2436/2238 2240/2437/2239 2238/2433/2237 2239/2432/2236
f 2240/2437/2239 2211/2403/2209 2213/2405/2211 2238/2433/2237
f 2243/2438/2240 2242/2439/2241 2240/2437/2239 2241/2436/2238
f 2242/2439/2241 2209/2402/2208 2211/2403/2209 2240/2437/2239
f 2173/2363/2171 2176/2366/2174 2242/2439/2241 2243/2438/2240
f 2176/2366/2174 2179/2369/2177 2209/2402/2208 2242/2439/2241
f 2170/2360/2168 2173/2363/2171 2243/2438/2240 2244/2440/2242
f 2244/2440/2242 2243/2438/2240 2241/2436/2238 2246/2441/2243
f 2167/2357/2165 2170/2360/2168 2244/2440/2242 2245/2442/2244
f 2245/2442/2244 2244/2440/2242 2246/2441/2243 2247/2443/2245
f 2247/2443/2245 2246/2441/2243 2248/2444/2246 2249/2445/2247
f 2246/2441/2243 2241/2436/2238 2239/2432/2236 2248/2444/2246
f 2249/2445/2247 2248/2444/2246 2250/2446/2248 2251/2447/2249
f 2248/2444/2246 2239/2432/2236 2237/2435/2234 2250/2446/2248
f 2251/2448/2249 2250/2449/2248 2252/2450/2250 2253/2451/2251
f 2250/2449/2248 2237/2430/2234 2235/2428/2232 2252/2450/2250
f 2253/2451/2251 2252/2450/2250 2254/2452/2252 2255/2453/2253
f 2252/2450/2250 2235/2428/2232 2233/2426/2230 2254/2452/2252
f 2255/2453/2253 2254/2452/2252 2256/2454/2254 2257/2455/2255
f 2254/2452/2252 2233/2426/2230 2231/2424/2228 2256/2454/2254
f 2257/2455/2255 2256/2454/2254 2258/2456/2256 2259/2457/2257
f 2256/2454/2254 2231/2424/2228 2229/2422/2226 2258/2456/2256
f 2259/2457/2257 2258/2456/2256 2260/2458/2258 2261/2459/2259
f 2258/2456/2256 2229/2422/2226 2227/2423/2227 2260/2458/2258
f 2261/2459/2259 2260/2458/2258 2171/2361/2169 2168/2358/2166
f 2260/2458/2258 2227/2423/2227 2174/2364/2172 2171/2361/2169
f 2264/2460/2260 2259/2457/2257 2261/2459/2259 2262/2461/2261
f 2262/2461/2261 2261/2459/2259 2168/2358/2166 2165/2355/2163
f 2265/2462/2262 2264/2460/2260 2262/2461/2261 2263/2463/2263
f 2263/2463/2263 2262/2461/2261 2165/2355/2163 2162/2352/2160
f 2267/2464/2264 2266/2465/2265 2264/2460/2260 2265/2462/2262
f 2266/2465/2265 2257/2455/2255 2259/2457/2257 2264/2460/2260
f 2269/2466/2266 2268/2467/2267 2266/2465/2265 2267/2464/2264
f 2268/2467/2267 2255/2453/2253 2257/2455/2255 2266/2465/2265
f 2271/2468/2268 2270/2469/2269 2268/2467/2267 2269/2466/2266
f 2270/2469/2269 2253/2451/2251 2255/2453/2253 2268/2467/2267
f 2273/2470/2270 2272/2471/2271 2270/2469/2269 2271/2468/2268
f 2272/2471/2271 2251/2448/2249 2253/2451/2251 2270/2469/2269
f 2275/2472/2272 2274/2473/2273 2272/2474/2271 2273/2475/2270
f 2274/2473/2273 2249/2445/2247 2251/2447/2249 2272/2474/2271
f 2277/2476/2274 2276/2477/2275 2274/2473/2273 2275/2472/2272
f 2276/2477/2275 2247/2443/2245 2249/2445/2247 2274/2473/2273
f 2279/2478/2276 2278/2479/2277 2276/2477/2275 2277/2476/2274
f 2278/2479/2277 2245/2442/2244 2247/2443/2245 2276/2477/2275
f 2161/2351/2159 2164/2354/2162 2278/2479/2277 2279/2478/2276
f 2164/2354/2162 2167/2357/2165 2245/2442/2244 2278/2479/2277
f 2158/2348/2156 2161/2351/2159 2279/2478/2276 2280/2480/2278
f 2280/2480/2278 2279/2478/2276 2277/2476/2274 2282/2481/2279
f 2155/2345/2153 2158/2348/2156 2280/2480/2278 2281/2482/2280
f 2281/2482/2280 2280/2480/2278 2282/2481/2279 2283/2483/2281
f 2283/2483/2281 2282/2481/2279 2284/2484/2282 2285/2485/2283
f 2282/2481/2279 2277/2476/2274 2275/2472/2272 2284/2484/2282
f 2285/2485/2283 2284/2484/2282 2286/2486/2284 2287/2487/2285
f 2284/2484/2282 2275/2472/2272 2273/2475/2270 2286/2486/2284
f 2287/2488/2285 2286/2489/2284 2288/2490/2286 2289/2491/2287
f 2286/2489/2284 2273/2470/2270 2271/2468/2268 2288/2490/2286
f 2289/2491/2287 2288/2490/2286 2290/2492/2288 2291/2493/2289
f 2288/2490/2286 2271/2468/2268 2269/2466/2266 2290/2492/2288
f 2291/2493/2289 2290/2492/2288 2292/2494/2290 2293/2495/2291
f 2290/2492/2288 2269/2466/2266 2267/2464/2264 2292/2494/2290
f 2293/2495/2291 2292/2494/2290 2294/2496/2292 2295/2497/2293
f 2292/2494/2290 2267/2464/2264 2265/2462/2262 2294/2496/2292
f 2295/2497/2293 2294/2496/2292 2296/2498/2294 2297/2499/2295
f 2294/2496/2292 2265/2462/2262 2263/2463/2263 2296/2498/2294
f 2297/2499/2295 2296/2498/2294 2159/2349/2157 2156/2346/2154
f 2296/2498/2294 2263/2463/2263 2162/2352/2160 2159/2349/2157
f 2300/2500/2296 2295/2497/2293 2297/2499/2295 2298/2501/2297
f 2298/2501/2297 2297/2499/2295 2156/2346/2154 2153/2343/2151
f 2301/2502/2298 2300/2500/2296 2298/2501/2297 2299/2503/2299
f 2299/2503/2299 2298/2501/2297 2153/2343/2151 2150/2340/2148
f 2303/2504/2300 2302/2505/2301 2300/2500/2296 2301/2502/2298
f 2302/2505/2301 2293/2495/2291 2295/2497/2293 2300/2500/2296
f 2305/2506/2302 2304/2507/2303 2302/2505/2301 2303/2504/2300
f 2304/2507/2303 2291/2493/2289 2293/2495/2291 2302/2505/2301
f 2307/2508/2304 2306/2509/2305 2304/2507/2303 2305/2506/2302
f 2306/2509/2305 2289/2491/2287 2291/2493/2289 2304/2507/2303
f 2309/2510/2306 2308/2511/2307 2306/2509/2305 2307/2508/2304
f 2308/2511/2307 2287/2488/2285 2289/2491/2287 2306/2509/2305
f 2311/2512/2308 2310/2513/2309 2308/2514/2307 2309/2515/2306
f 2310/2513/2309 2285/2485/2283 2287/2487/2285 2308/2514/2307
f 2313/2516/2310 2312/2517/2311 2310/2513/2309 2311/2512/2308
f 2312/2517/2311 2283/2483/2281 2285/2485/2283 2310/2513/2309
f 2315/2518/2312 2314/2519/2313 2312/2517/2311 2313/2516/2310
f 2314/2519/2313 2281/2482/2280 2283/2483/2281 2312/2517/2311
f 2149/2339/2147 2152/2342/2150 2314/2519/2313 2315/2518/2312
f 2152/2342/2150 2155/2345/2153 2281/2482/2280 2314/2519/2313
f 2146/2336/2144 2149/2339/2147 2315/2518/2312 2316/2520/2314
f 2316/2520/2314 2315/2518/2312 2313/2516/2310 2318/2521/2315
f 2143/2333/2141 2146/2336/2144 2316/2520/2314 2317/2522/2316
f 2317/2522/2316 2316/2520/2314 2318/2521/2315 2319/2523/2317
f 2319/2523/2317 2318/2521/2315 2320/2524/2318 2321/2525/2319
f 2318/2521/2315 2313/2516/2310 2311/2512/2308 2320/2524/2318
f 2321/2525/2319 2320/2524/2318 2322/2526/2320 2323/2527/2321
f 2320/2524/2318 2311/2512/2308 2309/2515/2306 2322/2526/2320
f 2323/2528/2321 2322/2529/2320 2324/2530/2322 2325/2531/2323
f 2322/2529/2320 2309/2510/2306 2307/2508/2304 2324/2530/2322
f 2325/2531/2323 2324/2530/2322 2326/2532/2324 2327/2533/2325
f 2324/2530/2322 2307/2508/2304 2305/2506/2302 2326/2532/2324
f 2327/2533/2325 2326/2532/2324 2328/2534/2326 2329/2535/2327
f 2326/2532/2324 2305/2506/2302 2303/2504/2300 2328/2534/2326
f 2329/2535/2327 2328/2534/2326 2330/2536/2328 2331/2537/2329
f 2328/2534/2326 2303/2504/2300 2301/2502/2298 2330/2536/2328
f 2331/2537/2329 2330/2536/2328 2332/2538/2330 2333/2539/2331
f 2330/2536/2328 2301/2502/2298 2299/2503/2299 2332/2538/2330
f 2333/2539/2331 2332/2538/2330 2147/2337/2145 2144/2334/2142
f 2332/2538/2330 2299/2503/2299 2150/2340/2148 2147/2337/2145
f 2336/2540/2332 2331/2537/2329 2333/2539/2331 2334/2541/2333
f 2334/2541/2333 2333/2539/2331 2144/2334/2142 2141/2331/2139
f 2337/2542/2334 2336/2540/2332 2334/2541/2333 2335/2543/2335
f 2335/2543/2335 2334/2541/2333 2141/2331/2139 2138/2328/2136
f 2339/2544/2336 2338/2545/2337 2336/2540/2332 2337/2542/2334
f 2338/2545/2337 2329/2535/2327 2331/2537/2329 2336/2540/2332
f 2341/2546/2338 2340/2547/2339 2338/2545/2337 2339/2544/2336
f 2340/2547/2339 2327/2533/2325 2329/2535/2327 2338/2545/2337
f 2343/2548/2340 2342/2549/2341 2340/2547/2339 2341/2546/2338
f 2342/2549/2341 2325/2531/2323 2327/2533/2325 2340/2547/2339
f 2345/2550/2342 2344/2551/2343 2342/2549/2341 2343/2548/2340
f 2344/2551/2343 2323/2528/2321 2325/2531/2323 2342/2549/2341
f 2347/2552/2344 2346/2553/2345 2344/2554/2343 2345/2555/2342
f 2346/2553/2345 2321/2525/2319 2323/2527/2321 2344/2554/2343
f 2349/2556/2346 2348/2557/2347 2346/2553/2345 2347/2552/2344
f 2348/2557/2347 2319/2523/2317 2321/2525/2319 2346/2553/2345
f 2351/2558/2348 2350/2559/2349 2348/2557/2347 2349/2556/2346
f 2350/2559/2349 2317/2522/2316 2319/2523/2317 2348/2557/2347
f 2137/2327/2135 2140/2330/2138 2350/2559/2349 2351/2558/2348
f 2140/2330/2138 2143/2333/2141 2317/2522/2316 2350/2559/2349
f 2134/2324/2132 2137/2327/2135 2351/2558/2348 2352/2560/2350
f 2352/2560/2350 2351/2558/2348 2349/2556/2346 2354/2561/2351
f 2131/2321/2129 2134/2324/2132 2352/2560/2350 2353/2562/2352
f 2353/2562/2352 2352/2560/2350 2354/2561/2351 2355/2563/2353
f 2355/2563/2353 2354/2561/2351 2356/2564/2354 2357/2565/2355
f 2354/2561/2351 2349/2556/2346 2347/2552/2344 2356/2564/2354
f 2357/2565/2355 2356/2564/2354 2358/2566/2356 2359/2567/2357
f 2356/2564/2354 2347/2552/2344 2345/2555/2342 2358/2566/2356
f 2359/2568/2357 2358/2569/2356 2360/2570/2358 2361/2571/2359
f 2358/2569/2356 2345/2550/2342 2343/2548/2340 2360/2570/2358
f 2361/2571/2359 2360/2570/2358 2362/2572/2360 2363/2573/2361
f 2360/2570/2358 2343/2548/2340 2341/2546/2338 2362/2572/2360
f 2363/2573/2361 2362/2572/2360 2364/2574/2362 2365/2575/2363
f 2362/2572/2360 2341/2546/2338 2339/2544/2336 2364/2574/2362
f 2365/2575/2363 2364/2574/2362 2366/2576/2364 2367/2577/2365
f 2364/2574/2362 2339/2544/2336 2337/2542/2334 2366/2576/2364
f 2367/2577/2365 2366/2576/2364 2368/2578/2366 2369/2579/2367
f 2366/2576/2364 2337/2542/2334 2335/2543/2335 2368/2578/2366
f 2369/2579/2367 2368/2578/2366 2135/2325/2133 2132/2322/2130
f 2368/2578/2366 2335/2543/2335 2138/2328/2136 2135/2325/2133
f 2372/2580/2368 2367/2577/2365 2369/2579/2367 2370/2581/2369
f 2370/2581/2369 2369/2579/2367 2132/2322/2130 2129/2319/2127
f 2373/2582/2370 2372/2580/2368 2370/2581/2369 2371/2583/2371
f 2371/2583/2371 2370/2581/2369 2129/2319/2127 2126/2316/2124
f 2375/2584/2372 2374/2585/2373 2372/2580/2368 2373/2582/2370
f 2374/2585/2373 2365/2575/2363 2367/2577/2365 2372/2580/2368
f 2377/2586/2374 2376/2587/2375 2374/2585/2373 2375/2584/2372
f 2376/2587/2375 2363/2573/2361 2365/2575/2363 2374/2585/2373
f 2379/2588/2376 2378/2589/2377 2376/2587/2375 2377/2586/2374
f 2378/2589/2377 2361/2571/2359 2363/2573/2361 2376/2587/2375
f 2381/2590/2378 2380/2591/2379 2378/2589/2377 2379/2588/2376
f 2380/2591/2379 2359/2568/2357 2361/2571/2359 2378/2589/2377
f 2383/2592/2380 2382/2593/2381 2380/2594/2379 2381/2595/2378
f 2382/2593/2381 2357/2565/2355 2359/2567/2357 2380/2594/2379
f 2385/2596/2382 2384/2597/2383 2382/2593/2381 2383/2592/2380
f 2384/2597/2383 2355/2563/2353 2357/2565/2355 2382/2593/2381
f 2387/2598/2384 2386/2599/2385 2384/2597/2383 2385/2596/2382
f 2386/2599/2385 2353/2562/2352 2355/2563/2353 2384/2597/2383
f 2125/2315/2123 2128/2318/2126 2386/2599/2385 2387/2598/2384
f 2128/2318/2126 2131/2321/2129 2353/2562/2352 2386/2599/2385
f 2122/2312/2120 2125/2315/2123 2387/2598/2384 2388/2600/2386
f 2388/2600/2386 2387/2598/2384 2385/2596/2382 2389/2601/2387
f 2117/2308/2116 2122/2312/2120 2388/2600/2386 2115/2306/2114
f 2115/2306/2114 2388/2600/2386 2389/2601/2387 2113/2304/2112
f 2113/2304/2112 2389/2601/2387 2390/2602/2388 2111/2300/2110
f 2389/2601/2387 2385/2596/2382 2383/2592/2380 2390/2602/2388
f 2111/2300/2110 2390/2602/2388 2391/2603/2389 2109/2301/2108
f 2390/2602/2388 2383/2592/2380 2381/2595/2378 2391/2603/2389
f 2109/2298/2108 2391/2604/2389 2392/2605/2390 2107/2296/2106
f 2391/2604/2389 2381/2590/2378 2379/2588/2376 2392/2605/2390
f 2107/2296/2106 2392/2605/2390 2393/2606/2391 2105/2294/2104
f 2392/2605/2390 2379/2588/2376 2377/2586/2374 2393/2606/2391
f 2105/2294/2104 2393/2606/2391 2394/2607/2392 2103/2292/2102
f 2393/2606/2391 2377/2586/2374 2375/2584/2372 2394/2607/2392
f 2103/2292/2102 2394/2607/2392 2395/2608/2393 2101/2286/2096
f 2394/2607/2392 2375/2584/2372 2373/2582/2370 2395/2608/2393
f 2101/2286/2096 2395/2608/2393 2396/2609/2394 2098/2287/2097
f 2395/2608/2393 2373/2582/2370 2371/2583/2371 2396/2609/2394
f 2098/2287/2097 2396/2609/2394 2123/2313/2121 2120/2289/2099
f 2396/2609/2394 2371/2583/2371 2126/2316/2124 2123/2313/2121
o Cube.008
v -0.631957 0.936158 0.035842
v -0.630107 0.950885 0.041166
v -0.638941 0.934463 0.020998
v -0.620999 0.923784 0.041494
v -0.614017 0.940743 0.052936
v -0.601013 0.906084 0.046465
v -0.627360 0.914813 0.022612
v -0.607587 0.894509 0.025181
v -0.630222 0.912235 -0.000656
v -0.610149 0.890988 -0.000656
v -0.627360 0.914813 -0.023925
v -0.642451 0.933657 -0.000656
v -0.644586 0.955804 -0.000656
v -0.638941 0.934463 -0.022311
v -0.640675 0.954990 -0.023735
v -0.631957 0.936158 -0.037155
v -0.630107 0.950885 -0.042478
v -0.620999 0.923784 -0.042807
v -0.601013 0.906084 -0.047777
v -0.614017 0.940743 -0.054249
v -0.604999 0.961549 -0.058096
v -0.591928 0.926085 -0.060756
v -0.581159 0.950308 -0.064889
v -0.564488 0.908920 -0.063969
v -0.553012 0.937174 -0.067658
v -0.534401 0.892381 -0.066023
v -0.574667 0.885072 -0.050883
v -0.582717 0.872539 -0.028186
v -0.543364 0.858065 -0.053862
v -0.558675 0.848953 -0.028285
v -0.511692 0.849188 -0.063461
v -0.530887 0.825341 -0.046202
v -0.542075 0.824850 -0.025756
v -0.523354 0.801801 -0.040890
v -0.512070 0.822092 -0.057389
v -0.489667 0.816698 -0.060664
v -0.509781 0.799816 -0.051762
v -0.493190 0.796866 -0.055246
v -0.507946 0.780934 -0.047392
v -0.494703 0.779733 -0.050780
v -0.507382 0.763937 -0.044819
v -0.518898 0.781872 -0.037176
v -0.525685 0.782384 -0.020643
v -0.517324 0.763995 -0.035125
v -0.523496 0.764030 -0.019506
v -0.518443 0.747099 -0.034755
v -0.524704 0.746785 -0.019304
v -0.521607 0.730843 -0.035716
v -0.508355 0.747604 -0.044345
v -0.496180 0.748214 -0.047542
v -0.510458 0.731689 -0.045577
v -0.497003 0.732711 -0.048863
v -0.513114 0.716191 -0.047945
v -0.497495 0.717546 -0.051405
v -0.515743 0.701107 -0.050882
v -0.526055 0.715068 -0.037565
v -0.534088 0.714371 -0.020841
v -0.531027 0.699616 -0.039857
v -0.535719 0.683870 -0.042198
v -0.540513 0.698691 -0.022094
v -0.543675 0.698382 -0.000656
v -0.546875 0.682590 -0.023374
v -0.550594 0.682163 -0.000656
v -0.552036 0.663662 -0.024574
v -0.556326 0.663088 -0.000656
v -0.554805 0.639069 -0.025612
v -0.539165 0.665382 -0.044391
v -0.518429 0.668155 -0.056692
v -0.540355 0.641246 -0.046289
v -0.517074 0.644753 -0.059123
v -0.538279 0.608555 -0.047743
v -0.553991 0.605976 -0.026407
v -0.532147 0.566392 -0.048395
v -0.512966 0.612710 -0.060987
v -0.482415 0.617724 -0.065401
v -0.505652 0.570911 -0.061825
v -0.473683 0.576380 -0.066303
v -0.495751 0.525849 -0.060115
v -0.464080 0.530872 -0.064483
v -0.484642 0.485289 -0.054169
v -0.522036 0.521791 -0.047039
v -0.538163 0.518198 -0.026014
v -0.508756 0.483385 -0.042714
v -0.522592 0.478278 -0.023865
v -0.496587 0.459504 -0.037155
v -0.501424 0.449392 -0.022311
v -0.476118 0.454132 -0.042478
v -0.473945 0.434870 -0.023735
v -0.448025 0.454757 -0.045153
v -0.443631 0.433920 -0.024974
v -0.421802 0.464246 -0.042478
v -0.455140 0.488492 -0.058045
v -0.426539 0.495967 -0.054169
v -0.432685 0.537202 -0.060115
v -0.403455 0.502754 -0.042714
v -0.406675 0.542567 -0.047040
v -0.405053 0.476518 -0.037155
v -0.388589 0.502978 -0.023865
v -0.383278 0.501754 -0.000656
v -0.390273 0.544852 -0.026014
v -0.396496 0.468986 -0.022311
v -0.416013 0.445754 -0.023735
v -0.392196 0.465206 -0.000656
v -0.413101 0.439674 -0.000656
v -0.396496 0.468986 0.020998
v -0.416013 0.445754 0.022422
v -0.405053 0.476518 0.035842
v -0.388589 0.502978 0.022552
v -0.390273 0.544852 0.024702
v -0.403455 0.502754 0.041402
v -0.406675 0.542567 0.045727
v -0.426539 0.495967 0.052856
v -0.455140 0.488492 0.056733
v -0.432685 0.537202 0.058802
v -0.421802 0.464246 0.041166
v -0.448025 0.454757 0.043840
v -0.443631 0.433920 0.023662
v -0.476118 0.454132 0.041166
v -0.473945 0.434870 0.022422
v -0.496587 0.459504 0.035842
v -0.484642 0.485289 0.052856
v -0.495751 0.525849 0.058802
v -0.508756 0.483385 0.041402
v -0.522592 0.478278 0.022552
v -0.522036 0.521791 0.045727
v -0.538163 0.518198 0.024702
v -0.532147 0.566392 0.047082
v -0.548568 0.563453 0.025450
v -0.538279 0.608555 0.046431
v -0.505652 0.570911 0.060512
v -0.473683 0.576380 0.064990
v -0.512966 0.612710 0.059674
v -0.517074 0.644753 0.057811
v -0.482415 0.617724 0.064088
v -0.488977 0.648985 0.062089
v -0.451864 0.622739 0.059674
v -0.460880 0.653217 0.057811
v -0.426550 0.626894 0.046431
v -0.441749 0.582013 0.060512
v -0.415289 0.586695 0.047082
v -0.398833 0.589471 0.025450
v -0.393335 0.590342 -0.000656
v -0.410838 0.629472 0.025094
v -0.423149 0.658901 0.024299
v -0.405601 0.630332 -0.000656
v -0.418333 0.659626 -0.000656
v -0.410838 0.629472 -0.026407
v -0.423149 0.658901 -0.025612
v -0.426550 0.626894 -0.047743
v -0.398833 0.589471 -0.026762
v -0.415289 0.586695 -0.048395
v -0.441749 0.582013 -0.061825
v -0.451864 0.622739 -0.060987
v -0.460880 0.653217 -0.059124
v -0.468376 0.674846 -0.056692
v -0.488977 0.648985 -0.063402
v -0.437599 0.656724 -0.046289
v -0.447639 0.677618 -0.044391
v -0.434768 0.679339 -0.024574
v -0.456389 0.692976 -0.042198
v -0.445234 0.694256 -0.023374
v -0.463568 0.706196 -0.039857
v -0.474363 0.690913 -0.053882
v -0.496054 0.688423 -0.057776
v -0.478852 0.704706 -0.050882
v -0.497298 0.702906 -0.054557
v -0.481876 0.718901 -0.047945
v -0.483548 0.733733 -0.045577
v -0.468934 0.720024 -0.037565
v -0.472400 0.734580 -0.035716
v -0.460901 0.720721 -0.020841
v -0.458224 0.720953 -0.000657
v -0.465480 0.735105 -0.019830
v -0.454082 0.707122 -0.022094
v -0.450920 0.707430 -0.000656
v -0.441515 0.694683 -0.000656
v -0.454082 0.707122 0.020781
v -0.445234 0.694256 0.022062
v -0.463568 0.706196 0.038544
v -0.460901 0.720721 0.019528
v -0.465480 0.735105 0.018517
v -0.468934 0.720024 0.036251
v -0.481876 0.718901 0.046632
v -0.472400 0.734580 0.034403
v -0.483548 0.733733 0.044263
v -0.473917 0.749330 0.033442
v -0.484005 0.748824 0.043032
v -0.473439 0.763741 0.033811
v -0.467656 0.749644 0.017991
v -0.465569 0.749748 -0.000657
v -0.467268 0.763705 0.018193
v -0.463635 0.776650 0.019330
v -0.465210 0.763694 -0.000657
v -0.461381 0.776378 -0.000657
v -0.467268 0.763705 -0.019506
v -0.463635 0.776650 -0.020643
v -0.473439 0.763741 -0.035125
v -0.467656 0.749644 -0.019304
v -0.473917 0.749330 -0.034755
v -0.484005 0.748824 -0.044345
v -0.483382 0.763798 -0.044819
v -0.481429 0.778484 -0.047392
v -0.495382 0.763868 -0.048050
v -0.476361 0.793532 -0.051762
v -0.470432 0.777393 -0.037176
v -0.462428 0.790325 -0.040890
v -0.445964 0.802851 -0.046202
v -0.454009 0.787802 -0.022777
v -0.451294 0.786767 -0.000656
v -0.434735 0.796111 -0.025756
v -0.431434 0.793391 -0.000656
v -0.400355 0.798360 -0.028285
v -0.347990 0.791085 -0.028186
v -0.411418 0.817080 -0.053862
v -0.397430 0.793324 -0.000656
v -0.347347 0.785200 -0.000656
v -0.400355 0.798360 0.026972
v -0.347990 0.791085 0.026874
v -0.411418 0.817080 0.052550
v -0.434735 0.796111 0.024443
v -0.454009 0.787802 0.021464
v -0.445964 0.802851 0.044889
v -0.466369 0.810177 0.056076
v -0.462428 0.790325 0.039577
v -0.476361 0.793532 0.050449
v -0.470432 0.777393 0.035863
v -0.481429 0.778484 0.046079
v -0.494703 0.779733 0.049466
v -0.483382 0.763799 0.043506
v -0.495382 0.763868 0.046737
v -0.507381 0.763937 0.043506
v -0.496180 0.748214 0.046229
v -0.497003 0.732711 0.047550
v -0.508355 0.747604 0.043032
v -0.510458 0.731689 0.044263
v -0.518443 0.747099 0.033442
v -0.524704 0.746785 0.017991
v -0.517324 0.763995 0.033811
v -0.521607 0.730843 0.034403
v -0.528526 0.730317 0.018517
v -0.526055 0.715068 0.036251
v -0.534088 0.714371 0.019528
v -0.531027 0.699616 0.038544
v -0.513114 0.716191 0.046632
v -0.497495 0.717546 0.050092
v -0.515743 0.701107 0.049569
v -0.497298 0.702906 0.053244
v -0.517746 0.685933 0.052569
v -0.496054 0.688423 0.056463
v -0.518429 0.668155 0.055379
v -0.535719 0.683870 0.040885
v -0.539165 0.665382 0.043079
v -0.546875 0.682590 0.022062
v -0.552036 0.663662 0.023261
v -0.540513 0.698691 0.020781
v -0.554805 0.639069 0.024299
v -0.559621 0.638344 -0.000656
v -0.553991 0.605976 0.025094
v -0.540355 0.641246 0.044977
v -0.559228 0.605117 -0.000656
v -0.554032 0.562418 -0.000656
v -0.543459 0.516560 -0.000656
v -0.548568 0.563453 -0.026762
v -0.527002 0.475230 -0.000656
v -0.503855 0.444308 -0.000656
v -0.501424 0.449391 0.020998
v -0.474161 0.428166 -0.000656
v -0.442160 0.426944 -0.000656
v -0.493402 0.671500 0.059479
v -0.468376 0.674846 0.055379
v -0.474363 0.690913 0.052569
v -0.447639 0.677618 0.043079
v -0.456389 0.692976 0.040885
v -0.434768 0.679339 0.023261
v -0.437599 0.656724 0.044977
v -0.430478 0.679913 -0.000656
v -0.478852 0.704706 0.049569
v -0.536765 0.714139 -0.000657
v -0.530833 0.730142 -0.000657
v -0.526791 0.746680 -0.000657
v -0.528526 0.730317 -0.019830
v -0.525553 0.764042 -0.000657
v -0.527944 0.782529 -0.000657
v -0.523496 0.764030 0.018193
v -0.525685 0.782384 0.019330
v -0.531690 0.802475 0.021464
v -0.518898 0.781872 0.035863
v -0.523354 0.801801 0.039577
v -0.507946 0.780934 0.046079
v -0.509781 0.799816 0.050449
v -0.512070 0.822092 0.056076
v -0.493190 0.796866 0.053933
v -0.489667 0.816698 0.059351
v -0.483108 0.841165 0.064606
v -0.473068 0.871236 0.068291
v -0.511692 0.849188 0.062149
v -0.452168 0.831633 0.062149
v -0.437972 0.861133 0.067169
v -0.424668 0.893884 0.067837
v -0.393713 0.849911 0.064710
v -0.379588 0.883912 0.067206
v -0.336824 0.838704 0.062656
v -0.324393 0.873493 0.066345
v -0.277355 0.828704 0.059443
v -0.346454 0.809189 0.049570
v -0.286324 0.799837 0.046465
v -0.235165 0.795266 0.041494
v -0.289629 0.781553 0.025181
v -0.289826 0.775320 -0.000656
v -0.236346 0.777882 0.022612
v -0.235102 0.771550 -0.000656
v -0.193614 0.785741 0.020998
v -0.163841 0.809051 0.022422
v -0.202380 0.796347 0.035842
v -0.189204 0.780338 -0.000656
v -0.156540 0.805453 -0.000656
v -0.193614 0.785741 -0.022311
v -0.163841 0.809051 -0.023735
v -0.202380 0.796347 -0.037155
v -0.236346 0.777882 -0.023925
v -0.289629 0.781553 -0.026494
v -0.235165 0.795266 -0.042807
v -0.225152 0.821723 -0.054249
v -0.286324 0.799837 -0.047777
v -0.277355 0.828704 -0.060756
v -0.346454 0.809189 -0.050883
v -0.336824 0.838704 -0.063969
v -0.324393 0.873493 -0.067658
v -0.393713 0.849911 -0.066023
v -0.379588 0.883912 -0.068519
v -0.437972 0.861133 -0.068482
v -0.424668 0.893884 -0.069149
v -0.473068 0.871236 -0.069604
v -0.452168 0.831633 -0.063461
v -0.483108 0.841165 -0.065919
v -0.466369 0.810177 -0.057389
v -0.461280 0.903506 -0.069474
v -0.504222 0.880758 -0.068482
v -0.493093 0.913240 -0.069149
v -0.481815 0.942932 -0.063205
v -0.523054 0.924230 -0.068519
v -0.511662 0.953033 -0.063126
v -0.502232 0.975743 -0.049321
v -0.541530 0.963844 -0.062733
v -0.569741 0.973759 -0.060384
v -0.532013 0.985180 -0.049060
v -0.526176 0.998348 -0.027126
v -0.560216 0.992861 -0.047237
v -0.554847 1.004867 -0.026122
v -0.584220 0.996922 -0.042739
v -0.580491 1.007114 -0.023878
v -0.600027 0.997286 -0.037155
v -0.593739 0.981243 -0.054202
v -0.611157 0.986923 -0.042478
v -0.620445 0.992153 -0.023735
v -0.622963 0.970000 -0.045153
v -0.633921 0.975152 -0.024974
v -0.637590 0.976877 -0.000656
v -0.633921 0.975152 0.023662
v -0.623256 0.994500 -0.000656
v -0.620445 0.992153 0.022422
v -0.603474 1.006343 -0.000656
v -0.602322 1.003345 0.020998
v -0.602322 1.003345 -0.022311
v -0.579915 1.010778 -0.000656
v -0.553282 1.008947 -0.000656
v -0.580491 1.007114 0.022566
v -0.554847 1.004867 0.024809
v -0.584220 0.996922 0.041426
v -0.560216 0.992861 0.045924
v -0.593739 0.981243 0.052890
v -0.600027 0.997286 0.035842
v -0.611157 0.986923 0.041166
v -0.622963 0.970000 0.043840
v -0.604999 0.961549 0.056784
v -0.581159 0.950308 0.063576
v -0.553012 0.937174 0.066345
v -0.591928 0.926085 0.059443
v -0.569741 0.973759 0.059072
v -0.541530 0.963844 0.061420
v -0.511662 0.953033 0.061814
v -0.532013 0.985180 0.047748
v -0.502232 0.975743 0.048008
v -0.526176 0.998348 0.025814
v -0.524258 1.002747 -0.000656
v -0.496380 0.989689 0.025957
v -0.494429 0.994338 -0.000656
v -0.466724 0.980828 0.025957
v -0.464799 0.985636 -0.000656
v -0.435026 0.972400 0.025957
v -0.472501 0.966405 0.048008
v -0.440711 0.957613 0.048008
v -0.481815 0.942932 0.061892
v -0.449915 0.933598 0.061933
v -0.493093 0.913240 0.067837
v -0.461280 0.903506 0.068161
v -0.504222 0.880758 0.067169
v -0.523054 0.924230 0.067206
v -0.534401 0.892381 0.064710
v -0.543364 0.858065 0.052550
v -0.564488 0.908920 0.062656
v -0.574667 0.885072 0.049570
v -0.582717 0.872539 0.026874
v -0.585783 0.869038 -0.000656
v -0.558675 0.848953 0.026972
v -0.562668 0.846563 -0.000656
v -0.542075 0.824850 0.024443
v -0.545607 0.824089 -0.000656
v -0.530887 0.825341 0.044889
v -0.534442 0.802497 -0.000656
v -0.531690 0.802475 -0.022777
v -0.412931 0.924726 0.061892
v -0.367738 0.916093 0.061814
v -0.403816 0.949464 0.048008
v -0.398238 0.964714 0.025957
v -0.358772 0.942055 0.048008
v -0.353317 0.958079 0.025957
v -0.304746 0.935075 0.047748
v -0.299354 0.952198 0.025814
v -0.249759 0.926592 0.045924
v -0.313304 0.907395 0.061420
v -0.257038 0.897920 0.059072
v -0.207655 0.887622 0.052890
v -0.266247 0.863311 0.063576
v -0.213802 0.854244 0.056784
v -0.225152 0.821723 0.052936
v -0.172855 0.847167 0.043840
v -0.170211 0.880073 0.041166
v -0.147671 0.842814 0.023662
v -0.186210 0.816112 0.041166
v -0.139239 0.841357 -0.000656
v -0.146950 0.879248 0.022422
v -0.138802 0.880175 -0.000656
v -0.162807 0.910444 0.020998
v -0.156505 0.913995 -0.000656
v -0.175366 0.903523 0.035842
v -0.196364 0.931373 0.022566
v -0.243992 0.944348 0.024809
v -0.192361 0.936806 -0.000656
v -0.203556 0.915041 0.041426
v -0.241545 0.950250 -0.000656
v -0.196364 0.931373 -0.023878
v -0.243992 0.944348 -0.026122
v -0.203556 0.915041 -0.042739
v -0.162807 0.910444 -0.022311
v -0.175366 0.903523 -0.037155
v -0.146950 0.879248 -0.023735
v -0.147671 0.842814 -0.024974
v -0.170211 0.880073 -0.042478
v -0.207655 0.887622 -0.054202
v -0.172855 0.847167 -0.045153
v -0.213802 0.854244 -0.058096
v -0.186210 0.816112 -0.042478
v -0.266247 0.863311 -0.064889
v -0.257038 0.897920 -0.060384
v -0.313304 0.907395 -0.062733
v -0.249759 0.926592 -0.047237
v -0.304746 0.935075 -0.049060
v -0.358772 0.942055 -0.049321
v -0.299354 0.952198 -0.027126
v -0.297491 0.957904 -0.000656
v -0.353317 0.958079 -0.027270
v -0.351499 0.963420 -0.000656
v -0.398238 0.964714 -0.027270
v -0.435026 0.972400 -0.027270
v -0.396379 0.969797 -0.000656
v -0.403816 0.949464 -0.049321
v -0.440711 0.957613 -0.049321
v -0.412931 0.924726 -0.063205
v -0.449915 0.933598 -0.063246
v -0.367738 0.916093 -0.063126
v -0.472501 0.966405 -0.049321
v -0.466724 0.980828 -0.027270
v -0.496380 0.989689 -0.027270
v -0.433131 0.977329 -0.000656
v -0.640675 0.954990 0.022422
v -0.463174 0.735280 -0.000657
v -0.517746 0.685933 -0.053882
v -0.493402 0.671500 -0.060792
v -0.384700 0.545184 -0.000656
v -0.464080 0.530872 0.063170
v -0.607587 0.894509 -0.026494
vn -0.6450 -0.4062 0.6473
vn -0.4974 -0.1215 0.8590
vn -0.7506 0.0235 0.6603
vn -0.7884 -0.2532 0.5606
vn -0.9385 0.1031 0.3295
vn -0.9082 -0.2880 0.3036
vn -0.7619 -0.5630 0.3202
vn -0.5230 -0.4851 0.7008
vn -0.3237 -0.2060 0.9235
vn -0.6599 -0.6657 0.3485
vn -0.8023 -0.5969 -0.0000
vn -0.6980 -0.7161 -0.0000
vn -0.9535 -0.3014 -0.0000
vn -0.7619 -0.5630 -0.3202
vn -0.6599 -0.6657 -0.3485
vn -0.9082 -0.2880 -0.3036
vn -0.9937 0.1124 -0.0000
vn -0.9385 0.1031 -0.3295
vn -0.7506 0.0235 -0.6603
vn -0.7884 -0.2532 -0.5606
vn -0.6450 -0.4062 -0.6473
vn -0.4974 -0.1215 -0.8590
vn -0.5230 -0.4851 -0.7008
vn -0.3237 -0.2060 -0.9235
vn -0.6391 0.3346 -0.6925
vn -0.3619 0.1844 -0.9138
vn -0.1557 0.0847 -0.9842
vn -0.0515 0.0495 -0.9974
vn -0.2235 -0.2082 -0.9522
vn -0.4611 -0.4837 -0.7439
vn -0.0140 0.0578 -0.9982
vn -0.1767 -0.1542 -0.9721
vn -0.4732 -0.3849 -0.7924
vn -0.6379 -0.6784 -0.3645
vn -0.7116 -0.6021 -0.3621
vn -0.6457 -0.3721 -0.6668
vn -0.8188 -0.4818 -0.3122
vn -0.1104 -0.0849 -0.9903
vn -0.2407 -0.1981 -0.9502
vn -0.3522 -0.2595 -0.8993
vn -0.7451 -0.3198 -0.5853
vn -0.8942 -0.3637 -0.2611
vn -0.4306 -0.2649 -0.8628
vn -0.0549 -0.1757 -0.9829
vn -0.0708 -0.2505 -0.9655
vn -0.0606 -0.2753 -0.9595
vn -0.0290 -0.2240 -0.9742
vn -0.4732 -0.2020 -0.8575
vn -0.8026 -0.2089 -0.5587
vn -0.0037 -0.1042 -0.9946
vn -0.4891 -0.0737 -0.8691
vn -0.8283 -0.0476 -0.5583
vn -0.9455 -0.2151 -0.2444
vn -0.9696 -0.0327 -0.2426
vn -0.8193 0.1171 -0.5612
vn -0.9588 0.1451 -0.2441
vn -0.4837 0.0706 -0.8724
vn -0.7880 0.2376 -0.5680
vn -0.9278 0.2773 -0.2495
vn -0.4625 0.1766 -0.8688
vn -0.0026 0.0316 -0.9995
vn -0.0119 0.1356 -0.9907
vn -0.0206 0.2001 -0.9796
vn -0.4341 0.2346 -0.8698
vn -0.7520 0.3040 -0.5849
vn -0.0267 0.2250 -0.9740
vn -0.4067 0.2444 -0.8802
vn -0.7243 0.3142 -0.6138
vn -0.8980 0.3535 -0.2620
vn -0.8845 0.3706 -0.2833
vn -0.3829 0.2018 -0.9015
vn -0.7099 0.2576 -0.6555
vn -0.8965 0.3111 -0.3154
vn -0.9293 0.3694 -0.0000
vn -0.9210 0.3895 -0.0000
vn -0.9438 0.3306 -0.0000
vn -0.9170 0.1859 -0.3528
vn -0.9796 0.2008 -0.0000
vn -0.6970 0.1505 -0.7011
vn -0.9219 0.0480 -0.3843
vn -0.9986 0.0534 -0.0000
vn -0.6753 0.0409 -0.7364
vn -0.3575 0.1246 -0.9256
vn -0.3315 0.0499 -0.9421
vn -0.3095 -0.0074 -0.9509
vn -0.6504 -0.0447 -0.7583
vn -0.9118 -0.0652 -0.4055
vn -0.6269 -0.1214 -0.7696
vn -0.8939 -0.1620 -0.4179
vn -0.2914 -0.0647 -0.9544
vn -0.0071 0.0440 -0.9990
vn 0.0015 -0.0077 -1.0000
vn -0.0142 0.0918 -0.9957
vn 0.0167 -0.0923 -0.9956
vn -0.2713 -0.1528 -0.9503
vn -0.5981 -0.2224 -0.7699
vn 0.0459 -0.2486 -0.9675
vn -0.2362 -0.2967 -0.9253
vn -0.5510 -0.3628 -0.7515
vn -0.8620 -0.2792 -0.4230
vn -0.7924 -0.4483 -0.4137
vn -0.4706 -0.5284 -0.7066
vn -0.5907 -0.6870 -0.4231
vn -0.2094 -0.5604 -0.8013
vn -0.2330 -0.8466 -0.4786
vn 0.0991 -0.5293 -0.8426
vn 0.1598 -0.8439 -0.5122
vn 0.3985 -0.4381 -0.8058
vn 0.5293 -0.6979 -0.4824
vn 0.3257 -0.1805 -0.9281
vn 0.3054 -0.0319 -0.9517
vn 0.6343 0.0359 -0.7722
vn 0.6440 -0.1151 -0.7563
vn 0.6327 -0.3041 -0.7122
vn 0.9008 0.0901 -0.4248
vn 0.9033 -0.0977 -0.4177
vn 0.8073 -0.4057 -0.4287
vn 0.9943 -0.1063 -0.0000
vn 0.8909 -0.4542 -0.0000
vn 0.9941 0.1084 -0.0000
vn 0.5986 -0.8010 -0.0000
vn 0.8073 -0.4057 0.4287
vn 0.5293 -0.6979 0.4824
vn 0.9033 -0.0977 0.4177
vn 0.6327 -0.3041 0.7122
vn 0.3985 -0.4381 0.8058
vn 0.6440 -0.1151 0.7563
vn 0.9008 0.0901 0.4248
vn 0.6343 0.0359 0.7722
vn 0.3054 -0.0319 0.9517
vn 0.3257 -0.1805 0.9281
vn 0.0459 -0.2486 0.9675
vn 0.0991 -0.5293 0.8426
vn 0.0167 -0.0923 0.9956
vn 0.1598 -0.8439 0.5122
vn -0.2330 -0.8466 0.4786
vn -0.2094 -0.5604 0.8013
vn -0.2362 -0.2967 0.9253
vn -0.5907 -0.6870 0.4231
vn -0.4706 -0.5284 0.7066
vn -0.5510 -0.3628 0.7515
vn -0.2713 -0.1528 0.9503
vn -0.5981 -0.2224 0.7699
vn -0.8620 -0.2792 0.4230
vn -0.7924 -0.4483 0.4137
vn -0.6269 -0.1214 0.7696
vn -0.8939 -0.1620 0.4179
vn -0.2914 -0.0647 0.9544
vn -0.6504 -0.0447 0.7583
vn -0.9118 -0.0652 0.4055
vn -0.3095 -0.0074 0.9509
vn -0.0071 0.0440 0.9990
vn 0.0015 -0.0077 1.0000
vn -0.3315 0.0499 0.9421
vn -0.6753 0.0409 0.7364
vn -0.0142 0.0918 0.9957
vn 0.2943 0.1806 0.9385
vn 0.2906 0.1203 0.9492
vn 0.2928 0.0587 0.9544
vn 0.6114 0.3102 0.7280
vn 0.6168 0.2250 0.7543
vn 0.6230 0.1427 0.7691
vn 0.8610 0.3120 0.4016
vn 0.8834 0.2135 0.4173
vn 0.9396 0.3422 -0.0000
vn 0.9711 0.2386 -0.0000
vn 0.8286 0.4146 0.3762
vn 0.8932 0.4497 -0.0000
vn 0.8286 0.4146 -0.3762
vn 0.8610 0.3120 -0.4016
vn 0.8834 0.2135 -0.4173
vn 0.6114 0.3102 -0.7280
vn 0.6168 0.2250 -0.7543
vn 0.6230 0.1427 -0.7691
vn 0.2906 0.1203 -0.9492
vn 0.2928 0.0587 -0.9544
vn 0.2943 0.1806 -0.9385
vn 0.3015 0.2476 -0.9208
vn 0.6055 0.3965 -0.6900
vn -0.0218 0.1498 -0.9885
vn 0.7888 0.5107 -0.3420
vn 0.6150 0.4438 -0.6518
vn 0.7730 0.5537 -0.3097
vn 0.3169 0.2957 -0.9012
vn 0.6603 0.4119 -0.6279
vn 0.8149 0.5014 -0.2908
vn 0.3493 0.2914 -0.8906
vn -0.0273 0.2041 -0.9786
vn 0.3964 0.2353 -0.8874
vn 0.7271 0.3146 -0.6102
vn 0.4444 0.1449 -0.8840
vn 0.7855 0.1887 -0.5893
vn 0.9379 0.2266 -0.2625
vn 0.8842 0.3757 -0.2776
vn 0.9183 0.3960 -0.0000
vn 0.8483 0.5295 -0.0000
vn 0.9707 0.2401 -0.0000
vn 0.8090 0.5879 -0.0000
vn 0.8149 0.5014 0.2908
vn 0.7730 0.5537 0.3097
vn 0.8842 0.3757 0.2776
vn 0.6603 0.4119 0.6279
vn 0.6150 0.4438 0.6518
vn 0.7271 0.3146 0.6102
vn 0.9379 0.2266 0.2625
vn 0.7855 0.1888 0.5893
vn 0.4444 0.1449 0.8840
vn 0.3964 0.2353 0.8874
vn 0.3493 0.2914 0.8906
vn 0.8218 0.0388 0.5684
vn 0.4803 0.0226 0.8768
vn 0.9668 0.0580 0.2489
vn 0.8164 -0.1515 0.5572
vn 0.4795 -0.1331 0.8674
vn 0.9574 -0.1571 0.2423
vn 0.9874 -0.1584 -0.0000
vn 0.9979 0.0655 -0.0000
vn 0.8425 -0.4790 0.2465
vn 0.7158 -0.4091 0.5659
vn 0.8654 -0.5012 -0.0000
vn 0.8425 -0.4790 -0.2465
vn 0.9574 -0.1571 -0.2423
vn 0.9668 0.0580 -0.2489
vn 0.7158 -0.4091 -0.5659
vn 0.8164 -0.1515 -0.5572
vn 0.8218 0.0388 -0.5684
vn 0.4795 -0.1331 -0.8674
vn 0.4803 0.0226 -0.8768
vn 0.4048 -0.3026 -0.8628
vn 0.2697 -0.4141 -0.8694
vn 0.4895 -0.6377 -0.5947
vn 0.5506 -0.7928 -0.2615
vn 0.2322 -0.6952 -0.6803
vn 0.2171 -0.9219 -0.3208
vn 0.1362 -0.4109 -0.9014
vn 0.5462 -0.8377 -0.0000
vn 0.1791 -0.9838 -0.0000
vn -0.0290 -0.9221 -0.3858
vn -0.0675 -0.9977 -0.0000
vn 0.0400 -0.5819 -0.8123
vn -0.1249 -0.8978 -0.4224
vn -0.1555 -0.9878 -0.0000
vn -0.0564 -0.6010 -0.7973
vn -0.1249 -0.8978 0.4224
vn -0.0290 -0.9221 0.3858
vn 0.2171 -0.9219 0.3208
vn -0.0564 -0.6010 0.7973
vn 0.0400 -0.5819 0.8123
vn 0.2322 -0.6952 0.6803
vn 0.5506 -0.7928 0.2615
vn 0.4895 -0.6377 0.5947
vn 0.1362 -0.4109 0.9014
vn 0.2697 -0.4141 0.8694
vn 0.0532 -0.3026 0.9516
vn 0.4048 -0.3027 0.8628
vn -0.0290 -0.2240 0.9742
vn -0.0037 -0.1042 0.9945
vn -0.0606 -0.2753 0.9595
vn -0.0026 0.0316 0.9995
vn -0.4891 -0.0737 0.8691
vn -0.4837 0.0706 0.8724
vn -0.4732 -0.2020 0.8575
vn -0.0119 0.1356 0.9907
vn -0.4625 0.1766 0.8688
vn -0.8193 0.1171 0.5612
vn -0.7880 0.2376 0.5680
vn -0.8283 -0.0476 0.5583
vn -0.9588 0.1451 0.2441
vn -0.9278 0.2773 0.2495
vn -0.9696 -0.0327 0.2426
vn -0.8980 0.3535 0.2620
vn -0.7520 0.3040 0.5849
vn -0.4341 0.2346 0.8698
vn -0.8845 0.3706 0.2833
vn -0.7243 0.3142 0.6138
vn -0.4067 0.2444 0.8802
vn -0.0206 0.2001 0.9796
vn -0.0267 0.2250 0.9740
vn -0.3829 0.2018 0.9015
vn -0.0273 0.2041 0.9786
vn -0.7099 0.2576 0.6555
vn -0.3575 0.1246 0.9255
vn -0.0218 0.1498 0.9885
vn -0.6970 0.1505 0.7011
vn -0.8965 0.3111 0.3154
vn -0.9170 0.1859 0.3528
vn -0.9219 0.0480 0.3843
vn -0.9975 -0.0700 -0.0000
vn -0.9846 -0.1747 -0.0000
vn -0.9540 -0.2997 -0.0000
vn -0.8711 -0.4911 -0.0000
vn -0.6477 -0.7619 -0.0000
vn -0.2573 -0.9663 -0.0000
vn 0.1868 -0.9824 -0.0000
vn 0.3169 0.2957 0.9012
vn 0.3015 0.2476 0.9208
vn 0.6055 0.3965 0.6900
vn 0.7888 0.5108 0.3420
vn 0.8367 0.5476 -0.0000
vn -0.9572 0.2895 -0.0000
vn -0.9882 0.1534 -0.0000
vn -0.9996 -0.0288 -0.0000
vn -0.9760 -0.2177 -0.0000
vn -0.9455 -0.2151 0.2444
vn -0.8026 -0.2089 0.5587
vn -0.8942 -0.3637 0.2611
vn -0.9256 -0.3785 -0.0000
vn -0.7451 -0.3198 0.5853
vn -0.4306 -0.2649 0.8628
vn -0.3522 -0.2595 0.8993
vn -0.6457 -0.3721 0.6668
vn -0.0708 -0.2505 0.9655
vn -0.0549 -0.1757 0.9829
vn -0.2407 -0.1981 0.9502
vn 0.0250 -0.1316 0.9910
vn -0.0225 -0.0696 0.9973
vn -0.1104 -0.0849 0.9903
vn 0.0124 -0.2077 0.9781
vn 0.0264 0.0373 0.9990
vn 0.0323 0.0657 0.9973
vn 0.0231 0.0852 0.9961
vn -0.0003 -0.2500 0.9683
vn 0.0346 0.0106 0.9993
vn 0.0419 -0.2769 0.9600
vn 0.0856 -0.0169 0.9962
vn -0.0199 -0.5986 0.8008
vn -0.0852 -0.8870 0.4538
vn 0.0898 -0.6007 0.7944
vn 0.1518 -0.2989 0.9421
vn 0.0627 -0.8835 0.4643
vn -0.1120 -0.9937 -0.0000
vn 0.0664 -0.9978 -0.0000
vn 0.4198 -0.9076 -0.0000
vn 0.3599 -0.7967 0.4855
vn 0.2533 -0.5915 0.7655
vn 0.7809 -0.6246 -0.0000
vn 0.6510 -0.5343 0.5392
vn 0.3791 -0.3790 0.8442
vn 0.3599 -0.7967 -0.4855
vn 0.6510 -0.5343 -0.5392
vn 0.0627 -0.8835 -0.4643
vn 0.2533 -0.5915 -0.7655
vn 0.3791 -0.3790 -0.8442
vn 0.0898 -0.6007 -0.7944
vn -0.0199 -0.5986 -0.8008
vn -0.0852 -0.8870 -0.4538
vn 0.0419 -0.2769 -0.9600
vn 0.1518 -0.2989 -0.9421
vn -0.0003 -0.2500 -0.9683
vn 0.0124 -0.2077 -0.9781
vn 0.0264 0.0373 -0.9990
vn 0.0346 0.0106 -0.9993
vn 0.0856 -0.0169 -0.9962
vn 0.0532 -0.3026 -0.9516
vn 0.0250 -0.1316 -0.9910
vn 0.0323 0.0657 -0.9973
vn -0.0225 -0.0696 -0.9973
vn 0.0231 0.0852 -0.9961
vn 0.0025 0.0802 -0.9968
vn 0.0955 0.3221 -0.9419
vn 0.0849 0.3226 -0.9427
vn 0.1000 0.3224 -0.9413
vn 0.0720 0.3420 -0.9369
vn 0.2004 0.6470 -0.7357
vn 0.1884 0.6402 -0.7448
vn 0.1722 0.6717 -0.7205
vn -0.0255 0.3971 -0.9174
vn 0.0762 0.7187 -0.6911
vn 0.2298 0.9012 -0.3675
vn 0.2627 0.8863 -0.3814
vn 0.1308 0.9290 -0.3463
vn -0.0935 0.7696 -0.6316
vn -0.0522 0.9498 -0.3085
vn -0.2154 0.4822 -0.8492
vn -0.3009 0.7902 -0.5339
vn -0.3407 0.8971 -0.2814
vn -0.4734 0.6060 -0.6393
vn -0.6270 0.7145 -0.3104
vn -0.8268 0.4449 -0.3441
vn -0.8785 0.4777 -0.0000
vn -0.6580 0.7530 -0.0000
vn -0.8268 0.4449 0.3441
vn -0.6270 0.7145 0.3104
vn -0.3407 0.8971 0.2814
vn -0.3548 0.9350 -0.0000
vn -0.0538 0.9986 -0.0000
vn -0.0522 0.9498 0.3085
vn 0.1436 0.9896 -0.0000
vn 0.1308 0.9290 0.3463
vn -0.0935 0.7696 0.6316
vn 0.0762 0.7187 0.6911
vn -0.3009 0.7902 0.5339
vn -0.0255 0.3971 0.9174
vn -0.2154 0.4822 0.8492
vn -0.4734 0.6060 0.6393
vn -0.3619 0.1844 0.9138
vn -0.6391 0.3346 0.6925
vn -0.1557 0.0847 0.9842
vn -0.0515 0.0495 0.9974
vn 0.0720 0.3420 0.9369
vn -0.2235 -0.2082 0.9522
vn 0.1722 0.6717 0.7205
vn -0.0140 0.0578 0.9982
vn 0.1000 0.3224 0.9413
vn 0.2004 0.6470 0.7357
vn 0.2627 0.8863 0.3814
vn 0.2298 0.9012 0.3675
vn 0.2443 0.9697 -0.0000
vn 0.2795 0.9601 -0.0000
vn 0.2514 0.8855 0.3909
vn 0.1884 0.6402 0.7448
vn 0.2695 0.9630 -0.0000
vn 0.2286 0.9735 -0.0000
vn 0.2128 0.8926 0.3974
vn 0.1593 0.6410 0.7509
vn 0.0955 0.3221 0.9419
vn 0.0849 0.3226 0.9427
vn 0.0025 0.0802 0.9968
vn -0.1767 -0.1542 0.9721
vn -0.4732 -0.3849 0.7924
vn -0.4611 -0.4837 0.7439
vn -0.6379 -0.6784 0.3645
vn -0.7116 -0.6021 0.3621
vn -0.6841 -0.7294 -0.0000
vn -0.7543 -0.6565 -0.0000
vn -0.8523 -0.5230 -0.0000
vn -0.8188 -0.4818 0.3122
vn 0.0706 0.3158 0.9462
vn 0.1238 0.6406 0.7578
vn 0.0576 0.3012 0.9518
vn 0.0949 0.6320 0.7691
vn 0.1618 0.9002 0.4043
vn 0.1184 0.9016 0.4161
vn 0.1193 0.8921 0.4358
vn 0.1006 0.6103 0.7857
vn 0.0680 0.2786 0.9580
vn 0.1953 0.8655 0.4612
vn 0.1644 0.5728 0.8030
vn 0.1243 0.2476 0.9609
vn 0.2424 0.2028 0.9487
vn 0.2876 0.5174 0.8060
vn 0.2085 -0.0529 0.9766
vn 0.4620 -0.1139 0.8795
vn 0.4908 0.1689 0.8547
vn 0.7993 -0.1893 0.5703
vn 0.8128 0.1964 0.5484
vn 0.9739 -0.2268 -0.0000
vn 0.9735 0.2286 -0.0000
vn 0.7439 0.6683 -0.0000
vn 0.6387 0.5846 0.5003
vn 0.4542 0.4322 0.7790
vn 0.4126 0.9109 -0.0000
vn 0.3644 0.8011 0.4749
vn 0.2066 0.9784 -0.0000
vn 0.3644 0.8011 -0.4749
vn 0.1953 0.8655 -0.4612
vn 0.6387 0.5846 -0.5003
vn 0.2876 0.5174 -0.8060
vn 0.1644 0.5728 -0.8030
vn 0.4542 0.4322 -0.7790
vn 0.4908 0.1689 -0.8547
vn 0.8128 0.1964 -0.5484
vn 0.4620 -0.1139 -0.8795
vn 0.7993 -0.1893 -0.5703
vn 0.2424 0.2028 -0.9487
vn 0.2085 -0.0529 -0.9766
vn 0.1243 0.2476 -0.9609
vn 0.0680 0.2786 -0.9580
vn 0.1006 0.6103 -0.7857
vn 0.1193 0.8921 -0.4358
vn 0.0949 0.6320 -0.7691
vn 0.1184 0.9016 -0.4161
vn 0.0576 0.3012 -0.9518
vn 0.1231 0.9924 -0.0000
vn 0.1239 0.9923 -0.0000
vn 0.1238 0.6406 -0.7578
vn 0.1618 0.9002 -0.4043
vn 0.1724 0.9850 -0.0000
vn 0.1593 0.6410 -0.7509
vn 0.2128 0.8926 -0.3974
vn 0.0706 0.3158 -0.9462
vn 0.2514 0.8855 -0.3909
vt 0.132141 0.523840
vt 0.128906 0.519774
vt 0.132691 0.515421
vt 0.134314 0.519367
vt 0.949755 0.512306
vt 0.948018 0.509105
vt 0.953878 0.506564
vt 0.954380 0.511699
vt 0.953617 0.518351
vt 0.947779 0.517075
vt 0.127790 0.530502
vt 0.123730 0.525759
vt 0.952272 0.526614
vt 0.945703 0.524727
vt 0.960563 0.518838
vt 0.959967 0.527420
vt 0.960864 0.511628
vt 0.967258 0.519150
vt 0.967420 0.527501
vt 0.967075 0.512443
vt 0.960783 0.506065
vt 0.967408 0.507356
vt 0.972537 0.510540
vt 0.971153 0.513559
vt 0.972490 0.518522
vt 0.268894 0.516840
vt 0.270635 0.512579
vt 0.274552 0.516040
vt 0.271107 0.520855
vt 0.973328 0.526344
vt 0.279765 0.521526
vt 0.275466 0.527110
vt 0.274198 0.507654
vt 0.278794 0.510727
vt 0.284777 0.515381
vt 0.291794 0.521126
vt 0.286270 0.528317
vt 0.281356 0.534895
vt 0.299321 0.527065
vt 0.293564 0.535206
vt 0.288187 0.544755
vt 0.973407 0.536054
vt 0.967146 0.537145
vt 0.973306 0.548055
vt 0.966447 0.546990
vt 0.970832 0.557821
vt 0.965261 0.555571
vt 0.301275 0.540706
vt 0.296617 0.549214
vt 0.294317 0.557090
vt 0.289089 0.555308
vt 0.969165 0.564590
vt 0.964162 0.562620
vt 0.293161 0.563806
vt 0.289330 0.562774
vt 0.304155 0.553582
vt 0.300311 0.560190
vt 0.297693 0.565751
vt 0.295869 0.570665
vt 0.292154 0.569468
vt 0.288996 0.568900
vt 0.294402 0.575195
vt 0.290954 0.574404
vt 0.288020 0.574134
vt 0.968055 0.569988
vt 0.963458 0.568362
vt 0.967524 0.574415
vt 0.963177 0.573028
vt 0.967581 0.578158
vt 0.963288 0.576838
vt 0.289391 0.578918
vt 0.286372 0.578788
vt 0.968099 0.581405
vt 0.963705 0.580009
vt 0.287558 0.583132
vt 0.284207 0.583028
vt 0.292941 0.579535
vt 0.291506 0.583730
vt 0.290205 0.587790
vt 0.285612 0.587124
vt 0.281724 0.586984
vt 0.289148 0.591725
vt 0.283713 0.590971
vt 0.279122 0.590784
vt 0.968922 0.584324
vt 0.964325 0.582753
vt 0.264564 0.682385
vt 0.265469 0.687749
vt 0.263358 0.688481
vt 0.262122 0.682707
vt 0.281986 0.594888
vt 0.276577 0.594685
vt 0.261312 0.689261
vt 0.259680 0.683057
vt 0.265469 0.676495
vt 0.262991 0.676427
vt 0.958884 0.584418
vt 0.965047 0.585283
vt 0.965777 0.587924
vt 0.959260 0.586964
vt 0.966460 0.591440
vt 0.959613 0.590391
vt 0.970869 0.589956
vt 0.971775 0.593696
vt 0.967046 0.596709
vt 0.959917 0.595583
vt 0.972552 0.599157
vt 0.280429 0.599649
vt 0.274170 0.599459
vt 0.279007 0.606164
vt 0.271960 0.606007
vt 0.277685 0.615342
vt 0.270004 0.615228
vt 0.973138 0.607198
vt 0.967490 0.604606
vt 0.973407 0.618171
vt 0.967701 0.615530
vt 0.276500 0.627556
vt 0.268452 0.627461
vt 0.286828 0.616114
vt 0.286083 0.628310
vt 0.287388 0.606968
vt 0.285230 0.641888
vt 0.275768 0.641027
vt 0.267819 0.640800
vt 0.284382 0.654793
vt 0.275686 0.653568
vt 0.268542 0.652822
vt 0.972956 0.630396
vt 0.967422 0.627971
vt 0.971471 0.641692
vt 0.966500 0.640071
vt 0.969560 0.649370
vt 0.965463 0.650609
vt 0.275541 0.663591
vt 0.270074 0.660763
vt 0.274442 0.670175
vt 0.267740 0.664021
vt 0.283620 0.665491
vt 0.283015 0.672769
vt 0.291803 0.665060
vt 0.291794 0.671714
vt 0.293070 0.655178
vt 0.294619 0.642841
vt 0.302302 0.644116
vt 0.300050 0.655735
vt 0.297476 0.663246
vt 0.141106 0.936192
vt 0.148891 0.936834
vt 0.148098 0.948881
vt 0.141165 0.947773
vt 0.146131 0.957918
vt 0.141395 0.955105
vt 0.542472 0.958741
vt 0.549080 0.957756
vt 0.549019 0.967906
vt 0.542857 0.968091
vt 0.156237 0.937161
vt 0.154792 0.949632
vt 0.299158 0.666842
vt 0.542887 0.977062
vt 0.549492 0.977646
vt 0.555561 0.967508
vt 0.556426 0.976441
vt 0.556087 0.958116
vt 0.560292 0.967093
vt 0.562316 0.972913
vt 0.562135 0.960599
vt 0.557205 0.948606
vt 0.563925 0.951818
vt 0.549575 0.947864
vt 0.099781 0.648802
vt 0.107668 0.648631
vt 0.109012 0.660724
vt 0.101859 0.660302
vt 0.110015 0.669880
vt 0.104281 0.667542
vt 0.117764 0.660767
vt 0.118236 0.670652
vt 0.117134 0.648146
vt 0.557638 0.984175
vt 0.563925 0.979828
vt 0.127065 0.673912
vt 0.118481 0.676505
vt 0.126299 0.668646
vt 0.126420 0.659364
vt 0.952768 0.649866
vt 0.951429 0.658184
vt 0.945876 0.652968
vt 0.948163 0.648117
vt 0.133411 0.657842
vt 0.131721 0.665454
vt 0.126547 0.647087
vt 0.134314 0.645981
vt 0.945763 0.628803
vt 0.952556 0.627100
vt 0.952894 0.639274
vt 0.946814 0.640248
vt 0.945420 0.616532
vt 0.952396 0.614634
vt 0.125971 0.633531
vt 0.133832 0.632533
vt 0.945533 0.605582
vt 0.952393 0.603722
vt 0.124893 0.621048
vt 0.132389 0.620040
vt 0.115801 0.622026
vt 0.116440 0.634488
vt 0.123634 0.611567
vt 0.130502 0.610537
vt 0.115302 0.612579
vt 0.106938 0.613414
vt 0.106676 0.622821
vt 0.106872 0.635210
vt 0.099972 0.613913
vt 0.099079 0.623281
vt 0.098907 0.635603
vt 0.094314 0.623295
vt 0.093913 0.635611
vt 0.094842 0.648959
vt 0.156581 0.911259
vt 0.162499 0.911059
vt 0.162729 0.923402
vt 0.156756 0.923620
vt 0.162027 0.936784
vt 0.095600 0.613959
vt 0.155938 0.901905
vt 0.161713 0.901700
vt 0.148786 0.901750
vt 0.149160 0.911110
vt 0.149206 0.923454
vt 0.141363 0.901233
vt 0.141378 0.910607
vt 0.141238 0.922947
vt 0.295873 0.617370
vt 0.303261 0.618937
vt 0.303324 0.631027
vt 0.295570 0.629507
vt 0.134709 0.900379
vt 0.134314 0.909775
vt 0.295674 0.608241
vt 0.135126 0.893622
vt 0.141265 0.894481
vt 0.287864 0.600468
vt 0.295208 0.601737
vt 0.148230 0.895003
vt 0.141211 0.889409
vt 0.147667 0.889919
vt 0.135638 0.888568
vt 0.141330 0.885070
vt 0.147269 0.885548
vt 0.136319 0.884281
vt 0.294502 0.592882
vt 0.294732 0.596927
vt 0.288402 0.595694
vt 0.294721 0.588837
vt 0.137200 0.879996
vt 0.141709 0.880703
vt 0.138144 0.875640
vt 0.142261 0.876282
vt 0.295382 0.584689
vt 0.147346 0.876671
vt 0.147170 0.881132
vt 0.152774 0.881260
vt 0.153267 0.885693
vt 0.152636 0.876787
vt 0.154078 0.890073
vt 0.158373 0.885506
vt 0.159435 0.889874
vt 0.157625 0.881091
vt 0.161636 0.884991
vt 0.162729 0.889326
vt 0.160827 0.880630
vt 0.157278 0.876633
vt 0.160422 0.876212
vt 0.103981 0.588871
vt 0.107268 0.588471
vt 0.107922 0.592874
vt 0.104100 0.593319
vt 0.108144 0.597209
vt 0.103622 0.597714
vt 0.103294 0.584532
vt 0.106251 0.584111
vt 0.480380 0.971766
vt 0.485031 0.973149
vt 0.484849 0.976305
vt 0.480063 0.974748
vt 0.102068 0.580470
vt 0.104941 0.579901
vt 0.480845 0.968435
vt 0.485553 0.969721
vt 0.475272 0.967860
vt 0.474869 0.971161
vt 0.152853 0.872478
vt 0.157392 0.872322
vt 0.481486 0.964779
vt 0.486496 0.966026
vt 0.475568 0.964216
vt 0.469757 0.964351
vt 0.469783 0.968031
vt 0.148265 0.868390
vt 0.153429 0.868539
vt 0.147733 0.872360
vt 0.143770 0.864259
vt 0.148958 0.864999
vt 0.143373 0.867901
vt 0.142859 0.871963
vt 0.139499 0.867098
vt 0.138970 0.871308
vt 0.297778 0.576341
vt 0.296421 0.580502
vt 0.139655 0.863078
vt 0.299514 0.572250
vt 0.302185 0.568205
vt 0.305782 0.570799
vt 0.302447 0.573984
vt 0.464193 0.960741
vt 0.469264 0.959981
vt 0.465064 0.965245
vt 0.462671 0.954768
vt 0.468246 0.954498
vt 0.306398 0.564034
vt 0.311511 0.568309
vt 0.475670 0.959962
vt 0.475464 0.954794
vt 0.466877 0.947664
vt 0.474777 0.948594
vt 0.322550 0.566644
vt 0.323950 0.574154
vt 0.313955 0.572202
vt 0.243333 0.945775
vt 0.243333 0.957070
vt 0.235576 0.959452
vt 0.235493 0.948385
vt 0.340400 0.574149
vt 0.338292 0.580333
vt 0.227270 0.958902
vt 0.227213 0.947613
vt 0.483091 0.948255
vt 0.482976 0.955035
vt 0.219785 0.955792
vt 0.218934 0.942142
vt 0.491370 0.946207
vt 0.489400 0.955742
vt 0.482246 0.960454
vt 0.487805 0.961601
vt 0.091300 0.571636
vt 0.096618 0.568234
vt 0.100711 0.572103
vt 0.096932 0.573848
vt 0.080382 0.570358
vt 0.090959 0.563322
vt 0.491370 0.963521
vt 0.489748 0.967892
vt 0.488600 0.971629
vt 0.103282 0.575917
vt 0.106992 0.574625
vt 0.108377 0.579038
vt 0.105280 0.569950
vt 0.109788 0.583428
vt 0.111788 0.578042
vt 0.113301 0.582613
vt 0.110672 0.573209
vt 0.111202 0.587811
vt 0.115111 0.587014
vt 0.116185 0.581794
vt 0.118323 0.586207
vt 0.114588 0.577072
vt 0.947590 0.576987
vt 0.952356 0.576198
vt 0.952465 0.579351
vt 0.947545 0.580201
vt 0.947317 0.573232
vt 0.952126 0.572381
vt 0.952492 0.582060
vt 0.947285 0.583057
vt 0.120795 0.590403
vt 0.117052 0.591279
vt 0.952479 0.584547
vt 0.946911 0.585734
vt 0.123394 0.594477
vt 0.118956 0.595439
vt 0.112500 0.592148
vt 0.113564 0.596400
vt 0.120689 0.599673
vt 0.114317 0.600688
vt 0.125936 0.598657
vt 0.122240 0.604746
vt 0.114852 0.605774
vt 0.128328 0.603710
vt 0.952459 0.587144
vt 0.946515 0.588530
vt 0.952438 0.590619
vt 0.946135 0.592195
vt 0.958511 0.581979
vt 0.952416 0.595852
vt 0.945799 0.597591
vt 0.960144 0.603422
vt 0.960260 0.614340
vt 0.960199 0.626965
vt 0.959884 0.639591
vt 0.959244 0.650988
vt 0.964959 0.658976
vt 0.958251 0.660108
vt 0.957063 0.666157
vt 0.949939 0.663843
vt 0.964196 0.664678
vt 0.543372 0.984830
vt 0.550382 0.985867
vt 0.107917 0.601541
vt 0.107433 0.606632
vt 0.102581 0.602074
vt 0.101252 0.607158
vt 0.099225 0.602164
vt 0.097369 0.607233
vt 0.160620 0.894955
vt 0.155036 0.895160
vt 0.958172 0.579306
vt 0.957901 0.576167
vt 0.957728 0.572331
vt 0.957683 0.567578
vt 0.951741 0.567676
vt 0.946645 0.568734
vt 0.951194 0.561861
vt 0.957781 0.561740
vt 0.945578 0.563209
vt 0.113692 0.571901
vt 0.941898 0.565930
vt 0.943247 0.570750
vt 0.109784 0.567780
vt 0.108773 0.561375
vt 0.113861 0.558792
vt 0.113470 0.565961
vt 0.102793 0.564678
vt 0.099087 0.558312
vt 0.106637 0.553809
vt 0.084689 0.556095
vt 0.093956 0.550580
vt 0.102132 0.545482
vt 0.072884 0.562596
vt 0.066284 0.554029
vt 0.078411 0.547784
vt 0.088144 0.542274
vt 0.057471 0.570058
vt 0.051300 0.561162
vt 0.062407 0.577468
vt 0.041225 0.577347
vt 0.035447 0.568413
vt 0.045923 0.584625
vt 0.227863 0.971757
vt 0.220771 0.968884
vt 0.031634 0.589701
vt 0.026813 0.583158
vt 0.048171 0.589144
vt 0.033215 0.594175
vt 0.235696 0.972289
vt 0.235545 0.983211
vt 0.228466 0.982306
vt 0.497949 0.988975
vt 0.497532 0.978532
vt 0.504137 0.978474
vt 0.505010 0.988150
vt 0.508996 0.977890
vt 0.511133 0.984247
vt 0.497893 0.966739
vt 0.504899 0.967653
vt 0.510992 0.970450
vt 0.491443 0.977708
vt 0.491370 0.966836
vt 0.491370 0.987327
vt 0.380272 0.589885
vt 0.386485 0.585347
vt 0.392095 0.590118
vt 0.381773 0.594356
vt 0.370913 0.587284
vt 0.369004 0.593085
vt 0.356756 0.581689
vt 0.354146 0.587705
vt 0.242939 0.970037
vt 0.242042 0.980758
vt 0.361717 0.573618
vt 0.375965 0.580054
vt 0.345601 0.565944
vt 0.330301 0.558201
vt 0.337017 0.549678
vt 0.351909 0.557002
vt 0.367640 0.564597
vt 0.312192 0.558827
vt 0.318603 0.551430
vt 0.324967 0.543292
vt 0.309413 0.545769
vt 0.315299 0.537689
vt 0.306998 0.532471
vt 0.312472 0.525391
vt 0.320826 0.530519
vt 0.304763 0.520212
vt 0.297101 0.514850
vt 0.309077 0.515368
vt 0.316812 0.520328
vt 0.301332 0.510389
vt 0.289818 0.509977
vt 0.293883 0.506113
vt 0.981806 0.245789
vt 0.981163 0.254345
vt 0.974233 0.252260
vt 0.974810 0.243682
vt 0.980144 0.262472
vt 0.973500 0.260554
vt 0.978518 0.269438
vt 0.972598 0.268053
vt 0.982466 0.272638
vt 0.984727 0.265757
vt 0.976775 0.274073
vt 0.972167 0.274569
vt 0.978697 0.277607
vt 0.278857 0.504005
vt 0.283502 0.506327
vt 0.972940 0.280173
vt 0.973928 0.284542
vt 0.980111 0.281487
vt 0.267740 0.511624
vt 0.271258 0.506455
vt 0.966719 0.285519
vt 0.966073 0.280885
vt 0.960368 0.502398
vt 0.967372 0.503880
vt 0.959696 0.284413
vt 0.959434 0.280050
vt 0.953115 0.503045
vt 0.959494 0.274454
vt 0.965699 0.274781
vt 0.965655 0.267736
vt 0.959008 0.267929
vt 0.965888 0.259930
vt 0.958596 0.260419
vt 0.953890 0.269214
vt 0.952884 0.262224
vt 0.955415 0.273879
vt 0.113780 0.513848
vt 0.109563 0.508854
vt 0.116096 0.505784
vt 0.120047 0.509768
vt 0.120564 0.504367
vt 0.124548 0.506587
vt 0.954221 0.277385
vt 0.124769 0.514608
vt 0.129213 0.510570
vt 0.126735 0.504005
vt 0.131877 0.507854
vt 0.946828 0.505877
vt 0.118835 0.519758
vt 0.111798 0.525691
vt 0.106479 0.518859
vt 0.117201 0.532797
vt 0.102093 0.513218
vt 0.104221 0.531668
vt 0.098766 0.524212
vt 0.094300 0.518169
vt 0.959235 0.243540
vt 0.958742 0.252119
vt 0.952835 0.254087
vt 0.953326 0.245530
vt 0.966317 0.251522
vt 0.966842 0.242928
vt 0.959778 0.235008
vt 0.953889 0.236986
vt 0.967378 0.234399
vt 0.967909 0.225261
vt 0.960315 0.225863
vt 0.954442 0.227823
vt 0.091003 0.529354
vt 0.086512 0.523083
vt 0.082596 0.534431
vt 0.078095 0.527997
vt 0.096496 0.537083
vt 0.109865 0.539832
vt 0.114977 0.548680
vt 0.121865 0.538550
vt 0.951006 0.536200
vt 0.950250 0.546041
vt 0.942114 0.546229
vt 0.943961 0.534330
vt 0.959216 0.536939
vt 0.958515 0.546355
vt 0.958041 0.554681
vt 0.950546 0.554709
vt 0.944131 0.556258
vt 0.072700 0.539761
vt 0.068171 0.533115
vt 0.060442 0.545645
vt 0.055862 0.538640
vt 0.960851 0.215201
vt 0.954998 0.217141
vt 0.961392 0.202119
vt 0.955571 0.204040
vt 0.961996 0.186355
vt 0.956256 0.188283
vt 0.045546 0.552240
vt 0.040954 0.544717
vt 0.022807 0.546204
vt 0.038034 0.539793
vt 0.025879 0.551264
vt 0.030179 0.559155
vt 0.016826 0.565704
vt 0.013535 0.557964
vt 0.021123 0.574830
vt 0.016067 0.587464
vt 0.009911 0.579682
vt 0.006655 0.570450
vt 0.002969 0.582413
vt 0.000000 0.572060
vt 0.010140 0.590783
vt 0.022164 0.591761
vt 0.498875 0.955265
vt 0.500224 0.946207
vt 0.507084 0.948323
vt 0.506186 0.956903
vt 0.913908 0.975140
vt 0.913276 0.964057
vt 0.917857 0.964758
vt 0.918745 0.974956
vt 0.002164 0.561939
vt 0.006332 0.563267
vt 0.972170 0.145220
vt 0.971012 0.155256
vt 0.964419 0.156500
vt 0.965944 0.147102
vt 0.010172 0.553464
vt 0.970164 0.169436
vt 0.962943 0.170227
vt 0.978009 0.156623
vt 0.977846 0.170362
vt 0.978616 0.147218
vt 0.984162 0.159172
vt 0.984727 0.172530
vt 0.900780 0.964973
vt 0.896162 0.959219
vt 0.902838 0.955440
vt 0.906650 0.964271
vt 0.898890 0.971982
vt 0.906802 0.974438
vt 0.896162 0.981017
vt 0.904521 0.984651
vt 0.911864 0.986065
vt 0.386115 0.563022
vt 0.389305 0.556312
vt 0.396368 0.562067
vt 0.396056 0.568736
vt 0.381790 0.571651
vt 0.392753 0.577577
vt 0.399361 0.581892
vt 0.372926 0.555900
vt 0.357671 0.548674
vt 0.362127 0.542364
vt 0.377102 0.549183
vt 0.984583 0.188541
vt 0.977487 0.186496
vt 0.984051 0.204299
vt 0.976966 0.202261
vt 0.342855 0.541917
vt 0.347292 0.536127
vt 0.969516 0.185744
vt 0.968968 0.201530
vt 0.983477 0.217400
vt 0.976426 0.215343
vt 0.968439 0.214606
vt 0.982921 0.228082
vt 0.975890 0.226005
vt 0.330663 0.535926
vt 0.335044 0.530494
vt 0.325176 0.525299
vt 0.982369 0.237245
vt 0.975353 0.235149
vt 0.491931 0.956043
s 1
f 2400/2610/2395 2401/2611/2396 2398/2612/2397 2397/2613/2398
f 2397/2614/2398 2398/2615/2397 2872/2616/2399 2399/2617/2400
f 2399/2617/2400 2403/2618/2401 2400/2619/2395 2397/2614/2398
f 2402/2620/2402 2774/2621/2403 2401/2611/2396 2400/2610/2395
f 2403/2618/2401 2404/2622/2404 2402/2623/2402 2400/2619/2395
f 2405/2624/2405 2406/2625/2406 2404/2622/2404 2403/2618/2401
f 2408/2626/2407 2405/2624/2405 2403/2618/2401 2399/2617/2400
f 2407/2627/2408 2878/2628/2409 2406/2625/2406 2405/2624/2405
f 2410/2629/2410 2407/2627/2408 2405/2624/2405 2408/2626/2407
f 2399/2617/2400 2872/2616/2399 2409/2630/2411 2408/2626/2407
f 2408/2626/2407 2409/2630/2411 2411/2631/2412 2410/2629/2410
f 2410/2629/2410 2411/2631/2412 2413/2632/2413 2412/2633/2414
f 2412/2633/2414 2414/2634/2415 2407/2627/2408 2410/2629/2410
f 2412/2635/2414 2413/2636/2413 2416/2637/2416 2414/2638/2415
f 2414/2634/2415 2415/2639/2417 2878/2628/2409 2407/2627/2408
f 2414/2638/2415 2416/2637/2416 2418/2640/2418 2415/2641/2417
f 2413/2636/2413 2752/2642/2419 2417/2643/2420 2416/2637/2416
f 2416/2637/2416 2417/2643/2420 2419/2644/2421 2418/2640/2418
f 2418/2640/2418 2419/2644/2421 2421/2645/2422 2420/2646/2423
f 2415/2641/2417 2418/2640/2418 2420/2646/2423 2423/2647/2424
f 2420/2646/2423 2421/2645/2422 2737/2648/2425 2422/2649/2426
f 2423/2647/2424 2420/2646/2423 2422/2649/2426 2425/2650/2427
f 2415/2639/2417 2423/2651/2424 2424/2652/2428 2878/2628/2409
f 2423/2651/2424 2425/2653/2427 2426/2654/2429 2424/2652/2428
f 2426/2654/2429 2425/2653/2427 2428/2655/2430 2429/2656/2431
f 2425/2650/2427 2422/2649/2426 2734/2657/2432 2427/2658/2433
f 2425/2650/2427 2427/2658/2433 2431/2659/2434 2428/2660/2430
f 2429/2656/2431 2428/2655/2430 2430/2661/2435 2807/2662/2436
f 2428/2660/2430 2431/2659/2434 2433/2663/2437 2430/2664/2435
f 2427/2658/2433 2731/2665/2438 2432/2666/2439 2431/2659/2434
f 2431/2659/2434 2432/2666/2439 2434/2667/2440 2433/2663/2437
f 2433/2663/2437 2434/2667/2440 2436/2668/2441 2435/2669/2442
f 2430/2664/2435 2433/2663/2437 2435/2669/2442 2438/2670/2443
f 2435/2669/2442 2436/2668/2441 2599/2671/2444 2437/2672/2445
f 2438/2670/2443 2435/2669/2442 2437/2672/2445 2440/2673/2446
f 2807/2662/2436 2430/2661/2435 2438/2674/2443 2439/2675/2447
f 2439/2675/2447 2438/2674/2443 2440/2676/2446 2441/2677/2448
f 2441/2677/2448 2440/2676/2446 2442/2678/2449 2443/2679/2450
f 2440/2673/2446 2437/2672/2445 2445/2680/2451 2442/2681/2449
f 2443/2679/2450 2442/2678/2449 2444/2682/2452 2677/2683/2453
f 2442/2681/2449 2445/2680/2451 2447/2684/2454 2444/2685/2452
f 2437/2672/2445 2599/2671/2444 2446/2686/2455 2445/2680/2451
f 2445/2680/2451 2446/2686/2455 2448/2687/2456 2447/2684/2454
f 2447/2684/2454 2448/2687/2456 2450/2688/2457 2449/2689/2458
f 2444/2685/2452 2447/2684/2454 2449/2689/2458 2452/2690/2459
f 2449/2689/2458 2450/2688/2457 2562/2691/2460 2451/2692/2461
f 2452/2690/2459 2449/2689/2458 2451/2692/2461 2454/2693/2462
f 2677/2683/2453 2444/2682/2452 2452/2694/2459 2453/2695/2463
f 2453/2696/2463 2452/2697/2459 2454/2698/2462 2456/2699/2464
f 2454/2693/2462 2451/2692/2461 2874/2700/2465 2455/2701/2466
f 2456/2699/2464 2454/2698/2462 2455/2702/2466 2458/2703/2467
f 2674/2704/2468 2453/2696/2463 2456/2699/2464 2457/2705/2469
f 2457/2706/2469 2456/2707/2464 2458/2708/2467 2459/2709/2470
f 2459/2709/2470 2458/2708/2467 2460/2710/2471 2461/2711/2472
f 2458/2708/2467 2455/2712/2466 2463/2713/2473 2460/2710/2471
f 2461/2711/2472 2460/2710/2471 2462/2714/2474 2653/2715/2475
f 2460/2710/2471 2463/2713/2473 2465/2716/2476 2462/2714/2474
f 2455/2701/2466 2874/2700/2465 2464/2717/2477 2463/2718/2473
f 2463/2718/2473 2464/2717/2477 2466/2719/2478 2465/2720/2476
f 2465/2720/2476 2466/2719/2478 2470/2721/2479 2467/2722/2480
f 2462/2714/2474 2465/2716/2476 2467/2723/2480 2468/2724/2481
f 2468/2724/2481 2467/2723/2480 2469/2725/2482 2659/2726/2483
f 2467/2722/2480 2470/2721/2479 2472/2727/2484 2469/2728/2482
f 2470/2721/2479 2471/2729/2485 2473/2730/2486 2472/2727/2484
f 2466/2719/2478 2552/2731/2487 2471/2729/2485 2470/2721/2479
f 2472/2727/2484 2473/2730/2486 2475/2732/2488 2474/2733/2489
f 2469/2728/2482 2472/2727/2484 2474/2733/2489 2477/2734/2490
f 2474/2733/2489 2475/2732/2488 2488/2735/2491 2476/2736/2492
f 2477/2734/2490 2474/2733/2489 2476/2736/2492 2479/2737/2493
f 2659/2726/2483 2469/2725/2482 2477/2738/2490 2478/2739/2494
f 2478/2739/2494 2477/2738/2490 2479/2740/2493 2480/2741/2495
f 2480/2741/2495 2479/2740/2493 2481/2742/2496 2482/2743/2497
f 2479/2737/2493 2476/2736/2492 2483/2744/2498 2481/2745/2496
f 2481/2745/2496 2483/2744/2498 2484/2746/2499 2482/2747/2497
f 2483/2744/2498 2485/2748/2500 2486/2749/2501 2484/2746/2499
f 2476/2736/2492 2488/2735/2491 2485/2748/2500 2483/2744/2498
f 2485/2748/2500 2487/2750/2502 2498/2751/2503 2486/2749/2501
f 2488/2735/2491 2489/2752/2504 2487/2750/2502 2485/2748/2500
f 2475/2732/2488 2490/2753/2505 2489/2752/2504 2488/2735/2491
f 2490/2753/2505 2492/2754/2506 2491/2755/2507 2489/2752/2504
f 2489/2752/2504 2491/2755/2507 2493/2756/2508 2487/2750/2502
f 2492/2757/2506 2496/2758/2509 2494/2759/2510 2491/2760/2507
f 2491/2760/2507 2494/2759/2510 2497/2761/2511 2493/2762/2508
f 2494/2763/2510 2495/2764/2512 2499/2765/2513 2497/2766/2511
f 2496/2758/2509 2876/2767/2514 2495/2768/2512 2494/2759/2510
f 2487/2750/2502 2493/2756/2508 2497/2769/2511 2498/2751/2503
f 2498/2770/2503 2497/2766/2511 2499/2765/2513 2500/2771/2515
f 2500/2771/2515 2499/2765/2513 2501/2772/2516 2502/2773/2517
f 2495/2764/2512 2504/2774/2518 2501/2772/2516 2499/2765/2513
f 2502/2773/2517 2501/2772/2516 2503/2775/2519 2511/2776/2520
f 2504/2774/2518 2506/2777/2521 2503/2775/2519 2501/2772/2516
f 2505/2778/2522 2507/2779/2523 2506/2777/2521 2504/2774/2518
f 2876/2780/2514 2505/2778/2522 2504/2774/2518 2495/2764/2512
f 2507/2781/2523 2510/2782/2524 2508/2783/2525 2506/2784/2521
f 2506/2784/2521 2508/2783/2525 2511/2785/2520 2503/2786/2519
f 2508/2783/2525 2509/2787/2526 2512/2788/2527 2511/2785/2520
f 2510/2782/2524 2877/2789/2528 2509/2787/2526 2508/2783/2525
f 2513/2790/2529 2502/2773/2517 2511/2776/2520 2512/2791/2527
f 2515/2792/2530 2513/2793/2529 2512/2788/2527 2514/2794/2531
f 2509/2787/2526 2517/2795/2532 2514/2794/2531 2512/2788/2527
f 2662/2796/2533 2515/2797/2530 2514/2798/2531 2516/2799/2534
f 2517/2795/2532 2519/2800/2535 2516/2801/2534 2514/2794/2531
f 2518/2802/2536 2521/2803/2537 2519/2800/2535 2517/2795/2532
f 2877/2789/2528 2518/2802/2536 2517/2795/2532 2509/2787/2526
f 2521/2804/2537 2522/2805/2538 2520/2806/2539 2519/2807/2535
f 2519/2807/2535 2520/2806/2539 2662/2796/2533 2516/2799/2534
f 2523/2808/2540 2524/2809/2541 2522/2805/2538 2521/2804/2537
f 2526/2810/2542 2523/2811/2540 2521/2803/2537 2518/2802/2536
f 2525/2812/2543 2654/2813/2544 2524/2809/2541 2523/2808/2540
f 2528/2814/2545 2525/2815/2543 2523/2811/2540 2526/2810/2542
f 2530/2816/2546 2528/2814/2545 2526/2810/2542 2527/2817/2547
f 2527/2817/2547 2526/2810/2542 2518/2802/2536 2877/2789/2528
f 2529/2818/2548 2655/2819/2549 2525/2815/2543 2528/2814/2545
f 2531/2820/2550 2529/2818/2548 2528/2814/2545 2530/2816/2546
f 2533/2821/2551 2531/2820/2550 2530/2816/2546 2532/2822/2552
f 2532/2822/2552 2530/2816/2546 2527/2817/2547 2535/2823/2553
f 2671/2824/2554 2533/2821/2551 2532/2822/2552 2534/2825/2555
f 2534/2825/2555 2532/2822/2552 2535/2823/2553 2536/2826/2556
f 2535/2823/2553 2527/2817/2547 2877/2789/2528 2510/2782/2524
f 2536/2826/2556 2535/2823/2553 2510/2782/2524 2507/2781/2523
f 2539/2827/2557 2534/2825/2555 2536/2826/2556 2537/2828/2558
f 2537/2828/2558 2536/2826/2556 2507/2781/2523 2505/2829/2522
f 2541/2830/2559 2539/2831/2557 2537/2832/2558 2538/2833/2560
f 2538/2833/2560 2537/2832/2558 2505/2834/2522 2876/2767/2514
f 2540/2835/2561 2671/2824/2554 2534/2825/2555 2539/2827/2557
f 2542/2836/2562 2540/2837/2561 2539/2831/2557 2541/2830/2559
f 2544/2838/2563 2542/2836/2562 2541/2830/2559 2543/2839/2564
f 2543/2839/2564 2541/2830/2559 2538/2833/2560 2546/2840/2565
f 2553/2841/2566 2544/2838/2563 2543/2839/2564 2545/2842/2567
f 2545/2842/2567 2543/2839/2564 2546/2840/2565 2547/2843/2568
f 2546/2840/2565 2538/2833/2560 2876/2767/2514 2496/2758/2509
f 2547/2843/2568 2546/2840/2565 2496/2758/2509 2492/2757/2506
f 2549/2844/2569 2545/2845/2567 2547/2846/2568 2548/2847/2570
f 2548/2847/2570 2547/2846/2568 2492/2754/2506 2490/2753/2505
f 2471/2729/2485 2549/2844/2569 2548/2847/2570 2473/2730/2486
f 2473/2730/2486 2548/2847/2570 2490/2753/2505 2475/2732/2488
f 2550/2848/2571 2553/2841/2566 2545/2842/2567 2549/2849/2569
f 2552/2731/2487 2550/2850/2571 2549/2844/2569 2471/2729/2485
f 2551/2851/2572 2554/2852/2573 2553/2841/2566 2550/2848/2571
f 2875/2853/2574 2551/2854/2572 2550/2850/2571 2552/2731/2487
f 2554/2852/2573 2555/2855/2575 2544/2838/2563 2553/2841/2566
f 2556/2856/2576 2557/2857/2577 2555/2855/2575 2554/2852/2573
f 2559/2858/2578 2556/2856/2576 2554/2852/2573 2551/2851/2572
f 2558/2859/2579 2570/2860/2580 2557/2857/2577 2556/2856/2576
f 2561/2861/2581 2558/2859/2579 2556/2856/2576 2559/2858/2578
f 2562/2691/2460 2561/2862/2581 2559/2863/2578 2560/2864/2582
f 2560/2864/2582 2559/2863/2578 2551/2854/2572 2875/2853/2574
f 2450/2688/2457 2563/2865/2583 2561/2862/2581 2562/2691/2460
f 2563/2866/2583 2565/2867/2584 2558/2859/2579 2561/2861/2581
f 2564/2868/2585 2566/2869/2586 2565/2867/2584 2563/2866/2583
f 2448/2687/2456 2564/2870/2585 2563/2865/2583 2450/2688/2457
f 2566/2869/2586 2569/2871/2587 2567/2872/2588 2565/2867/2584
f 2565/2867/2584 2567/2872/2588 2570/2860/2580 2558/2859/2579
f 2567/2872/2588 2568/2873/2589 2571/2874/2590 2570/2860/2580
f 2569/2871/2587 2873/2875/2591 2568/2873/2589 2567/2872/2588
f 2570/2860/2580 2571/2874/2590 2572/2876/2592 2557/2857/2577
f 2571/2874/2590 2573/2877/2593 2574/2878/2594 2572/2876/2592
f 2568/2873/2589 2576/2879/2595 2573/2877/2593 2571/2874/2590
f 2573/2877/2593 2575/2880/2596 2669/2881/2597 2574/2878/2594
f 2576/2879/2595 2578/2882/2598 2575/2880/2596 2573/2877/2593
f 2577/2883/2599 2580/2884/2600 2578/2882/2598 2576/2879/2595
f 2873/2875/2591 2577/2883/2599 2576/2879/2595 2568/2873/2589
f 2580/2885/2600 2581/2886/2601 2579/2887/2602 2578/2888/2598
f 2578/2888/2598 2579/2887/2602 2673/2889/2603 2575/2890/2596
f 2582/2891/2604 2583/2892/2605 2581/2886/2601 2580/2885/2600
f 2585/2893/2606 2582/2894/2604 2580/2895/2600 2577/2896/2599
f 2584/2897/2607 2625/2898/2608 2583/2892/2605 2582/2891/2604
f 2587/2899/2609 2584/2900/2607 2582/2894/2604 2585/2893/2606
f 2589/2901/2610 2587/2899/2609 2585/2893/2606 2586/2902/2611
f 2586/2903/2611 2585/2904/2606 2577/2883/2599 2873/2875/2591
f 2588/2905/2612 2622/2906/2613 2584/2900/2607 2587/2899/2609
f 2590/2907/2614 2588/2905/2612 2587/2899/2609 2589/2901/2610
f 2592/2908/2615 2590/2907/2614 2589/2901/2610 2591/2909/2616
f 2591/2910/2616 2589/2911/2610 2586/2903/2611 2594/2912/2617
f 2601/2913/2618 2592/2914/2615 2591/2910/2616 2593/2915/2619
f 2593/2915/2619 2591/2910/2616 2594/2912/2617 2595/2916/2620
f 2594/2912/2617 2586/2903/2611 2873/2875/2591 2569/2871/2587
f 2595/2916/2620 2594/2912/2617 2569/2871/2587 2566/2869/2586
f 2597/2917/2621 2593/2915/2619 2595/2916/2620 2596/2918/2622
f 2596/2918/2622 2595/2916/2620 2566/2869/2586 2564/2868/2585
f 2599/2671/2444 2597/2919/2621 2596/2920/2622 2446/2686/2455
f 2446/2686/2455 2596/2920/2622 2564/2870/2585 2448/2687/2456
f 2598/2921/2623 2601/2913/2618 2593/2915/2619 2597/2917/2621
f 2436/2668/2441 2598/2922/2623 2597/2919/2621 2599/2671/2444
f 2600/2923/2624 2602/2924/2625 2601/2925/2618 2598/2922/2623
f 2434/2667/2440 2600/2923/2624 2598/2922/2623 2436/2668/2441
f 2602/2926/2625 2604/2927/2626 2592/2908/2615 2601/2928/2618
f 2603/2929/2627 2606/2930/2628 2604/2927/2626 2602/2926/2625
f 2732/2931/2629 2603/2932/2627 2602/2924/2625 2600/2923/2624
f 2604/2927/2626 2605/2933/2630 2590/2907/2614 2592/2908/2615
f 2606/2930/2628 2607/2934/2631 2605/2933/2630 2604/2927/2626
f 2608/2935/2632 2611/2936/2633 2607/2934/2631 2606/2930/2628
f 2610/2937/2634 2608/2938/2632 2606/2939/2628 2603/2932/2627
f 2608/2940/2632 2609/2941/2635 2612/2942/2636 2611/2943/2633
f 2610/2937/2634 2722/2944/2637 2609/2945/2635 2608/2938/2632
f 2611/2943/2633 2612/2942/2636 2614/2946/2638 2613/2947/2639
f 2611/2936/2633 2613/2948/2639 2616/2949/2640 2607/2934/2631
f 2613/2947/2639 2614/2946/2638 2701/2950/2641 2615/2951/2642
f 2613/2948/2639 2615/2952/2642 2618/2953/2643 2616/2949/2640
f 2607/2934/2631 2616/2949/2640 2617/2954/2644 2605/2933/2630
f 2616/2949/2640 2618/2953/2643 2620/2955/2645 2617/2954/2644
f 2618/2956/2643 2619/2957/2646 2621/2958/2647 2620/2959/2645
f 2615/2960/2642 2693/2961/2648 2619/2957/2646 2618/2956/2643
f 2620/2955/2645 2621/2962/2647 2623/2963/2649 2622/2906/2613
f 2617/2954/2644 2620/2955/2645 2622/2906/2613 2588/2905/2612
f 2622/2906/2613 2623/2963/2649 2625/2964/2608 2584/2900/2607
f 2623/2965/2649 2624/2966/2650 2626/2967/2651 2625/2898/2608
f 2621/2958/2647 2688/2968/2652 2624/2966/2650 2623/2965/2649
f 2625/2898/2608 2626/2967/2651 2628/2969/2653 2583/2892/2605
f 2626/2967/2651 2627/2970/2654 2630/2971/2655 2628/2969/2653
f 2624/2966/2650 2685/2972/2656 2627/2970/2654 2626/2967/2651
f 2583/2892/2605 2628/2969/2653 2629/2973/2657 2581/2886/2601
f 2628/2969/2653 2630/2971/2655 2631/2974/2658 2629/2973/2657
f 2630/2971/2655 2632/2975/2659 2635/2976/2660 2631/2974/2658
f 2627/2970/2654 2634/2977/2661 2632/2975/2659 2630/2971/2655
f 2632/2978/2659 2633/2979/2662 2636/2980/2663 2635/2981/2660
f 2634/2982/2661 2680/2983/2664 2633/2979/2662 2632/2978/2659
f 2635/2981/2660 2636/2980/2663 2638/2984/2665 2637/2985/2666
f 2631/2974/2658 2635/2976/2660 2637/2986/2666 2640/2987/2667
f 2637/2985/2666 2638/2984/2665 2651/2988/2668 2639/2989/2669
f 2640/2987/2667 2637/2986/2666 2639/2990/2669 2642/2991/2670
f 2629/2973/2657 2631/2974/2658 2640/2987/2667 2641/2992/2671
f 2641/2992/2671 2640/2987/2667 2642/2991/2670 2643/2993/2672
f 2643/2993/2672 2642/2991/2670 2644/2994/2673 2645/2995/2674
f 2642/2991/2670 2639/2990/2669 2647/2996/2675 2644/2994/2673
f 2645/2995/2674 2644/2994/2673 2646/2997/2676 2665/2998/2677
f 2644/2994/2673 2647/2996/2675 2648/2999/2678 2646/2997/2676
f 2639/2989/2669 2651/2988/2668 2649/3000/2679 2647/3001/2675
f 2647/3001/2675 2649/3000/2679 2650/3002/2680 2648/3003/2678
f 2651/2988/2668 2457/2706/2469 2459/2709/2470 2649/3000/2679
f 2649/3000/2679 2459/2709/2470 2461/2711/2472 2650/3002/2680
f 2638/2984/2665 2674/3004/2468 2457/2706/2469 2651/2988/2668
f 2650/3002/2680 2461/2711/2472 2653/2715/2475 2652/3005/2681
f 2648/3003/2678 2650/3002/2680 2652/3005/2681 2655/3006/2549
f 2652/3005/2681 2653/2715/2475 2656/3007/2682 2654/2813/2544
f 2655/3006/2549 2652/3005/2681 2654/2813/2544 2525/2812/2543
f 2646/2997/2676 2648/2999/2678 2655/2819/2549 2529/2818/2548
f 2654/2813/2544 2656/3007/2682 2657/3008/2683 2524/2809/2541
f 2656/3007/2682 2468/2724/2481 2659/2726/2483 2657/3008/2683
f 2653/2715/2475 2462/2714/2474 2468/2724/2481 2656/3007/2682
f 2524/2809/2541 2657/3008/2683 2658/3009/2684 2522/2805/2538
f 2657/3008/2683 2659/2726/2483 2478/2739/2494 2658/3009/2684
f 2522/2805/2538 2658/3009/2684 2660/3010/2685 2520/2806/2539
f 2658/3009/2684 2478/2739/2494 2480/2741/2495 2660/3010/2685
f 2520/2806/2539 2660/3010/2685 2661/3011/2686 2662/2796/2533
f 2660/3010/2685 2480/2741/2495 2482/2743/2497 2661/3011/2686
f 2482/2743/2497 2484/3012/2499 2663/3013/2687 2661/3011/2686
f 2661/3011/2686 2663/3013/2687 2515/2797/2530 2662/2796/2533
f 2663/3013/2687 2664/3014/2688 2513/3015/2529 2515/2797/2530
f 2484/3012/2499 2486/3016/2501 2664/3014/2688 2663/3013/2687
f 2486/3017/2501 2498/2770/2503 2500/2771/2515 2664/3018/2688
f 2664/3018/2688 2500/2771/2515 2502/2773/2517 2513/2790/2529
f 2665/2998/2677 2646/2997/2676 2529/2818/2548 2531/2820/2550
f 2667/3019/2689 2645/2995/2674 2665/2998/2677 2666/3020/2690
f 2666/3020/2690 2665/2998/2677 2531/2820/2550 2533/2821/2551
f 2669/3021/2597 2667/3019/2689 2666/3020/2690 2668/3022/2691
f 2668/3022/2691 2666/3020/2690 2533/2821/2551 2671/2824/2554
f 2574/3023/2594 2669/3021/2597 2668/3022/2691 2670/3024/2692
f 2670/3024/2692 2668/3022/2691 2671/2824/2554 2540/2835/2561
f 2572/2876/2592 2574/2878/2594 2670/3025/2692 2672/3026/2693
f 2672/3026/2693 2670/3025/2692 2540/2837/2561 2542/2836/2562
f 2557/2857/2577 2572/2876/2592 2672/3026/2693 2555/2855/2575
f 2555/2855/2575 2672/3026/2693 2542/2836/2562 2544/2838/2563
f 2575/2890/2596 2673/2889/2603 2667/3019/2689 2669/3021/2597
f 2673/2889/2603 2643/2993/2672 2645/2995/2674 2667/3019/2689
f 2579/2887/2602 2641/2992/2671 2643/2993/2672 2673/2889/2603
f 2581/2886/2601 2629/2973/2657 2641/2992/2671 2579/2887/2602
f 2636/2980/2663 2675/3027/2694 2674/3004/2468 2638/2984/2665
f 2675/3027/2694 2677/2683/2453 2453/2695/2463 2674/3004/2468
f 2676/3028/2695 2443/2679/2450 2677/2683/2453 2675/3027/2694
f 2633/2979/2662 2676/3028/2695 2675/3027/2694 2636/2980/2663
f 2680/2983/2664 2678/3029/2696 2676/3028/2695 2633/2979/2662
f 2678/3029/2696 2441/2677/2448 2443/2679/2450 2676/3028/2695
f 2679/3030/2697 2439/2675/2447 2441/2677/2448 2678/3029/2696
f 2681/3031/2698 2679/3030/2697 2678/3029/2696 2680/2983/2664
f 2683/3032/2699 2681/3031/2698 2680/2983/2664 2634/2982/2661
f 2682/3033/2700 2806/3034/2701 2679/3030/2697 2681/3031/2698
f 2684/3035/2702 2682/3033/2700 2681/3031/2698 2683/3032/2699
f 2685/2972/2656 2683/3036/2699 2634/2977/2661 2627/2970/2654
f 2686/3037/2703 2684/3035/2702 2683/3032/2699 2685/3038/2656
f 2688/2968/2652 2686/3039/2703 2685/2972/2656 2624/2966/2650
f 2687/3040/2704 2805/3041/2705 2684/3042/2702 2686/3039/2703
f 2689/3043/2706 2687/3040/2704 2686/3039/2703 2688/2968/2652
f 2619/2957/2646 2689/3043/2706 2688/2968/2652 2621/2958/2647
f 2693/2961/2648 2690/3044/2707 2689/3043/2706 2619/2957/2646
f 2690/3044/2707 2692/3045/2708 2687/3040/2704 2689/3043/2706
f 2693/2961/2648 2694/3046/2709 2691/3047/2710 2690/3044/2707
f 2690/3044/2707 2691/3047/2710 2793/3048/2711 2692/3045/2708
f 2615/2960/2642 2696/3049/2712 2694/3046/2709 2693/2961/2648
f 2696/3049/2712 2697/3050/2713 2695/3051/2714 2694/3046/2709
f 2694/3046/2709 2695/3051/2714 2792/3052/2715 2691/3047/2710
f 2698/3053/2716 2699/3054/2717 2697/3050/2713 2696/3049/2712
f 2701/3055/2641 2698/3053/2716 2696/3049/2712 2615/2960/2642
f 2700/3056/2718 2820/3057/2719 2699/3054/2717 2698/3053/2716
f 2702/3058/2720 2700/3056/2718 2698/3053/2716 2701/3055/2641
f 2614/2946/2638 2704/3059/2721 2702/3060/2720 2701/2950/2641
f 2703/3061/2722 2822/3062/2723 2700/3056/2718 2702/3058/2720
f 2704/3063/2721 2706/3064/2724 2703/3061/2722 2702/3058/2720
f 2705/3065/2725 2707/3066/2726 2706/3067/2724 2704/3059/2721
f 2612/2942/2636 2705/3065/2725 2704/3059/2721 2614/2946/2638
f 2707/3068/2726 2711/3069/2727 2708/3070/2728 2706/3071/2724
f 2706/3071/2724 2708/3070/2728 2710/3072/2729 2703/3073/2722
f 2711/3069/2727 2712/3074/2730 2709/3075/2731 2708/3070/2728
f 2708/3070/2728 2709/3075/2731 2826/3076/2732 2710/3072/2729
f 2713/3077/2733 2714/3078/2734 2712/3074/2730 2711/3069/2727
f 2716/3079/2735 2713/3077/2733 2711/3069/2727 2707/3068/2726
f 2715/3080/2736 2849/3081/2737 2714/3082/2734 2713/3083/2733
f 2718/3084/2738 2715/3080/2736 2713/3083/2733 2716/3085/2735
f 2720/3086/2739 2718/3084/2738 2716/3085/2735 2717/3087/2740
f 2717/3088/2740 2716/3089/2735 2707/3066/2726 2705/3065/2725
f 2720/3086/2739 2721/3090/2741 2719/3091/2742 2718/3084/2738
f 2718/3084/2738 2719/3091/2742 2849/3081/2737 2715/3080/2736
f 2722/2944/2637 2723/3092/2743 2721/3090/2741 2720/3086/2739
f 2722/2944/2637 2720/3086/2739 2717/3087/2740 2609/2945/2635
f 2610/2937/2634 2725/3093/2744 2723/3092/2743 2722/2944/2637
f 2725/3093/2744 2726/3094/2745 2724/3095/2746 2723/3092/2743
f 2723/3092/2743 2724/3095/2746 2850/3096/2747 2721/3090/2741
f 2730/3097/2748 2727/3098/2749 2725/3093/2744 2610/2937/2634
f 2727/3098/2749 2728/3099/2750 2726/3094/2745 2725/3093/2744
f 2729/3100/2751 2733/3101/2752 2728/3099/2750 2727/3098/2749
f 2731/2665/2438 2729/3100/2751 2727/3098/2749 2730/3097/2748
f 2730/3097/2748 2610/2937/2634 2603/2932/2627 2732/2931/2629
f 2731/2665/2438 2730/3097/2748 2732/2931/2629 2432/2666/2439
f 2432/2666/2439 2732/2931/2629 2600/2923/2624 2434/2667/2440
f 2427/2658/2433 2734/2657/2432 2729/3100/2751 2731/2665/2438
f 2734/2657/2432 2735/3102/2753 2733/3101/2752 2729/3100/2751
f 2422/2649/2426 2737/2648/2425 2735/3102/2753 2734/2657/2432
f 2735/3102/2753 2736/3103/2754 2866/3104/2755 2733/3101/2752
f 2737/2648/2425 2738/3105/2756 2736/3103/2754 2735/3102/2753
f 2421/2645/2422 2740/3106/2757 2738/3105/2756 2737/2648/2425
f 2738/3105/2756 2739/3107/2758 2868/3108/2759 2736/3103/2754
f 2740/3106/2757 2742/3109/2760 2739/3107/2758 2738/3105/2756
f 2741/3110/2761 2744/3111/2762 2742/3109/2760 2740/3106/2757
f 2419/2644/2421 2741/3110/2761 2740/3106/2757 2421/2645/2422
f 2739/3112/2758 2742/3113/2760 2743/3114/2763 2870/3115/2764
f 2742/3113/2760 2744/3116/2762 2745/3117/2765 2743/3114/2763
f 2744/3116/2762 2746/3118/2766 2747/3119/2767 2745/3117/2765
f 2749/3120/2768 2746/3118/2766 2744/3116/2762 2741/3121/2761
f 2746/3118/2766 2748/3122/2769 2760/3123/2770 2747/3119/2767
f 2750/3124/2771 2748/3122/2769 2746/3118/2766 2749/3120/2768
f 2752/2642/2419 2750/3125/2771 2749/3126/2768 2417/2643/2420
f 2417/2643/2420 2749/3126/2768 2741/3110/2761 2419/2644/2421
f 2751/3127/2772 2760/3123/2770 2748/3122/2769 2750/3124/2771
f 2753/3128/2773 2751/3127/2772 2750/3124/2771 2752/3129/2419
f 2411/3130/2412 2753/3131/2773 2752/2642/2419 2413/2636/2413
f 2754/3132/2774 2756/3133/2775 2751/3127/2772 2753/3128/2773
f 2409/2630/2411 2754/3134/2774 2753/3135/2773 2411/2631/2412
f 2755/3136/2776 2757/3137/2777 2756/3133/2775 2754/3132/2774
f 2872/2616/2399 2755/3138/2776 2754/3134/2774 2409/2630/2411
f 2757/3137/2777 2759/3139/2778 2758/3140/2779 2756/3133/2775
f 2756/3133/2775 2758/3140/2779 2760/3123/2770 2751/3127/2772
f 2761/3141/2780 2758/3140/2779 2759/3139/2778 2763/3142/2781
f 2747/3119/2767 2760/3123/2770 2758/3140/2779 2761/3141/2780
f 2745/3117/2765 2747/3119/2767 2761/3141/2780 2762/3143/2782
f 2762/3143/2782 2761/3141/2780 2763/3142/2781 2764/3144/2783
f 2764/3144/2783 2763/3142/2781 2765/3145/2784 2766/3146/2785
f 2763/3142/2781 2759/3139/2778 2768/3147/2786 2765/3145/2784
f 2775/3148/2787 2766/3149/2785 2765/3150/2784 2767/3151/2788
f 2767/3151/2788 2765/3150/2784 2768/3152/2786 2769/3153/2789
f 2769/3154/2789 2768/3147/2786 2759/3139/2778 2757/3137/2777
f 2771/3155/2790 2767/3151/2788 2769/3153/2789 2770/3156/2791
f 2770/3156/2791 2769/3153/2789 2757/3157/2777 2755/3158/2776
f 2401/2611/2396 2771/3155/2790 2770/3156/2791 2398/2612/2397
f 2398/2615/2397 2770/3159/2791 2755/3138/2776 2872/2616/2399
f 2772/3160/2792 2775/3148/2787 2767/3151/2788 2771/3155/2790
f 2774/2621/2403 2772/3160/2792 2771/3155/2790 2401/2611/2396
f 2773/3161/2793 2776/3162/2794 2775/3148/2787 2772/3160/2792
f 2797/3163/2795 2773/3161/2793 2772/3160/2792 2774/2621/2403
f 2776/3162/2794 2778/3164/2796 2766/3149/2785 2775/3148/2787
f 2794/3165/2797 2777/3166/2798 2776/3162/2794 2773/3161/2793
f 2777/3166/2798 2779/3167/2799 2778/3164/2796 2776/3162/2794
f 2782/3168/2800 2780/3169/2801 2778/3170/2796 2779/3171/2799
f 2780/3169/2801 2764/3144/2783 2766/3146/2785 2778/3170/2796
f 2781/3172/2802 2762/3143/2782 2764/3144/2783 2780/3169/2801
f 2783/3173/2803 2781/3172/2802 2780/3169/2801 2782/3168/2800
f 2784/3174/2804 2782/3168/2800 2779/3171/2799 2787/3175/2805
f 2785/3176/2806 2783/3173/2803 2782/3168/2800 2784/3174/2804
f 2871/3177/2807 2785/3176/2806 2784/3174/2804 2786/3178/2808
f 2786/3178/2808 2784/3174/2804 2787/3175/2805 2788/3179/2809
f 2789/3180/2810 2787/3181/2805 2779/3167/2799 2777/3166/2798
f 2790/3182/2811 2788/3183/2809 2787/3181/2805 2789/3180/2810
f 2792/3052/2715 2790/3182/2811 2789/3180/2810 2791/3184/2812
f 2791/3184/2812 2789/3180/2810 2777/3166/2798 2794/3165/2797
f 2691/3047/2710 2792/3052/2715 2791/3184/2812 2793/3048/2711
f 2793/3048/2711 2791/3184/2812 2794/3165/2797 2795/3185/2813
f 2795/3185/2813 2794/3165/2797 2773/3161/2793 2797/3163/2795
f 2692/3045/2708 2793/3048/2711 2795/3185/2813 2796/3186/2814
f 2796/3186/2814 2795/3185/2813 2797/3163/2795 2798/3187/2815
f 2798/3187/2815 2797/3163/2795 2774/2621/2403 2402/2620/2402
f 2799/3188/2816 2801/3189/2817 2796/3190/2814 2798/3191/2815
f 2404/2622/2404 2799/3188/2816 2798/3191/2815 2402/2623/2402
f 2800/3192/2818 2802/3193/2819 2801/3189/2817 2799/3188/2816
f 2406/2625/2406 2800/3192/2818 2799/3188/2816 2404/2622/2404
f 2801/3189/2817 2802/3193/2819 2804/3194/2820 2803/3195/2821
f 2796/3190/2814 2801/3189/2817 2803/3195/2821 2805/3196/2705
f 2803/3195/2821 2804/3194/2820 2806/3034/2701 2682/3033/2700
f 2805/3196/2705 2803/3195/2821 2682/3033/2700 2684/3035/2702
f 2692/3045/2708 2796/3186/2814 2805/3041/2705 2687/3040/2704
f 2804/3194/2820 2429/2656/2431 2807/2662/2436 2806/3034/2701
f 2802/3193/2819 2426/2654/2429 2429/2656/2431 2804/3194/2820
f 2806/3034/2701 2807/2662/2436 2439/2675/2447 2679/3030/2697
f 2424/2652/2428 2426/2654/2429 2802/3193/2819 2800/3192/2818
f 2878/2628/2409 2424/2652/2428 2800/3192/2818 2406/2625/2406
f 2695/3051/2714 2808/3197/2822 2790/3182/2811 2792/3052/2715
f 2808/3197/2822 2810/3198/2823 2788/3183/2809 2790/3182/2811
f 2697/3050/2713 2809/3199/2824 2808/3197/2822 2695/3051/2714
f 2809/3199/2824 2812/3200/2825 2810/3198/2823 2808/3197/2822
f 2811/3201/2826 2786/3178/2808 2788/3179/2809 2810/3202/2823
f 2813/3203/2827 2811/3201/2826 2810/3202/2823 2812/3204/2825
f 2815/3205/2828 2813/3203/2827 2812/3204/2825 2814/3206/2829
f 2817/3207/2830 2814/3208/2829 2812/3200/2825 2809/3199/2824
f 2834/3209/2831 2815/3210/2828 2814/3208/2829 2816/3211/2832
f 2818/3212/2833 2816/3211/2832 2814/3208/2829 2817/3207/2830
f 2820/3057/2719 2818/3212/2833 2817/3207/2830 2699/3054/2717
f 2699/3054/2717 2817/3207/2830 2809/3199/2824 2697/3050/2713
f 2819/3213/2834 2836/3214/2835 2816/3211/2832 2818/3212/2833
f 2821/3215/2836 2819/3213/2834 2818/3212/2833 2820/3057/2719
f 2822/3062/2723 2821/3215/2836 2820/3057/2719 2700/3056/2718
f 2826/3216/2732 2823/3217/2837 2821/3215/2836 2822/3062/2723
f 2823/3217/2837 2824/3218/2838 2819/3213/2834 2821/3215/2836
f 2825/3219/2839 2828/3220/2840 2824/3218/2838 2823/3217/2837
f 2709/3221/2731 2825/3219/2839 2823/3217/2837 2826/3216/2732
f 2710/3222/2729 2826/3216/2732 2822/3062/2723 2703/3061/2722
f 2827/3223/2841 2829/3224/2842 2828/3225/2840 2825/3226/2839
f 2712/3074/2730 2827/3223/2841 2825/3226/2839 2709/3075/2731
f 2829/3227/2842 2831/3228/2843 2830/3229/2844 2828/3230/2840
f 2828/3220/2840 2830/3231/2844 2832/3232/2845 2824/3218/2838
f 2831/3233/2843 2835/3234/2846 2833/3235/2847 2830/3236/2844
f 2830/3231/2844 2833/3237/2847 2836/3214/2835 2832/3232/2845
f 2833/3237/2847 2834/3209/2831 2816/3211/2832 2836/3214/2835
f 2835/3234/2846 2837/3238/2848 2834/3239/2831 2833/3235/2847
f 2824/3218/2838 2832/3232/2845 2836/3214/2835 2819/3213/2834
f 2838/3240/2849 2839/3241/2850 2837/3238/2848 2835/3234/2846
f 2841/3242/2851 2838/3240/2849 2835/3234/2846 2831/3233/2843
f 2840/3243/2852 2853/3244/2853 2839/3241/2850 2838/3240/2849
f 2842/3245/2854 2840/3246/2852 2838/3247/2849 2841/3248/2851
f 2845/3249/2855 2842/3245/2854 2841/3248/2851 2843/3250/2856
f 2843/3250/2856 2841/3248/2851 2831/3228/2843 2829/3227/2842
f 2847/3251/2857 2845/3249/2855 2843/3250/2856 2844/3252/2858
f 2844/3252/2858 2843/3250/2856 2829/3227/2842 2827/3253/2841
f 2846/3254/2859 2840/3255/2852 2842/3256/2854 2845/3257/2855
f 2848/3258/2860 2846/3254/2859 2845/3257/2855 2847/3259/2857
f 2719/3091/2742 2848/3258/2860 2847/3259/2857 2849/3081/2737
f 2849/3081/2737 2847/3259/2857 2844/3260/2858 2714/3082/2734
f 2850/3096/2747 2851/3261/2861 2846/3254/2859 2848/3258/2860
f 2721/3090/2741 2850/3096/2747 2848/3258/2860 2719/3091/2742
f 2724/3095/2746 2852/3262/2862 2851/3261/2861 2850/3096/2747
f 2852/3262/2862 2854/3263/2863 2853/3264/2853 2851/3261/2861
f 2851/3261/2861 2853/3264/2853 2840/3255/2852 2846/3254/2859
f 2853/3244/2853 2854/3265/2863 2856/3266/2864 2839/3241/2850
f 2854/3265/2863 2855/3267/2865 2858/3268/2866 2856/3266/2864
f 2867/3269/2867 2855/3270/2865 2854/3263/2863 2852/3262/2862
f 2839/3241/2850 2856/3266/2864 2857/3271/2868 2837/3238/2848
f 2856/3266/2864 2858/3268/2866 2859/3272/2869 2857/3271/2868
f 2855/3267/2865 2863/3273/2870 2860/3274/2871 2858/3268/2866
f 2858/3268/2866 2860/3274/2871 2862/3275/2872 2859/3272/2869
f 2863/3273/2870 2864/3276/2873 2861/3277/2874 2860/3274/2871
f 2860/3274/2871 2861/3277/2874 2871/3177/2807 2862/3275/2872
f 2865/3278/2875 2863/3279/2870 2855/3270/2865 2867/3269/2867
f 2866/3104/2755 2864/3280/2873 2863/3279/2870 2865/3278/2875
f 2733/3101/2752 2866/3104/2755 2865/3278/2875 2728/3099/2750
f 2728/3099/2750 2865/3278/2875 2867/3269/2867 2726/3094/2745
f 2726/3094/2745 2867/3269/2867 2852/3262/2862 2724/3095/2746
f 2736/3103/2754 2868/3108/2759 2864/3280/2873 2866/3104/2755
f 2864/3276/2873 2868/3281/2759 2869/3282/2876 2861/3277/2874
f 2868/3281/2759 2739/3112/2758 2870/3115/2764 2869/3282/2876
f 2861/3277/2874 2869/3282/2876 2785/3176/2806 2871/3177/2807
f 2869/3282/2876 2870/3115/2764 2783/3173/2803 2785/3176/2806
f 2870/3115/2764 2743/3114/2763 2781/3172/2802 2783/3173/2803
f 2862/3275/2872 2871/3177/2807 2786/3178/2808 2811/3201/2826
f 2859/3272/2869 2862/3275/2872 2811/3201/2826 2813/3203/2827
f 2857/3271/2868 2859/3272/2869 2813/3203/2827 2815/3205/2828
f 2837/3238/2848 2857/3271/2868 2815/3205/2828 2834/3239/2831
f 2714/3078/2734 2844/3283/2858 2827/3223/2841 2712/3074/2730
f 2743/3114/2763 2745/3117/2765 2762/3143/2782 2781/3172/2802
f 2609/2941/2635 2717/3088/2740 2705/3065/2725 2612/2942/2636
f 2605/2933/2630 2617/2954/2644 2588/2905/2612 2590/2907/2614
f 2451/2692/2461 2562/2691/2460 2560/2864/2582 2874/2700/2465
f 2874/2700/2465 2560/2864/2582 2875/2853/2574 2464/2717/2477
f 2464/2717/2477 2875/2853/2574 2552/2731/2487 2466/2719/2478
o Cube.009
v 0.631959 0.936158 0.035842
v 0.638943 0.934463 0.020998
v 0.630108 0.950885 0.041166
v 0.621001 0.923784 0.041494
v 0.614018 0.940743 0.052936
v 0.601015 0.906084 0.046465
v 0.627362 0.914813 0.022612
v 0.630223 0.912235 -0.000656
v 0.607588 0.894509 0.025181
v 0.610150 0.890988 -0.000656
v 0.582718 0.872539 0.026874
v 0.585784 0.869038 -0.000656
v 0.558676 0.848953 0.026972
v 0.574668 0.885072 0.049570
v 0.543365 0.858065 0.052550
v 0.564489 0.908920 0.062656
v 0.591930 0.926085 0.059443
v 0.553014 0.937174 0.066345
v 0.534402 0.892381 0.064710
v 0.523055 0.924230 0.067206
v 0.504224 0.880758 0.067169
v 0.473069 0.871236 0.068291
v 0.493094 0.913240 0.067837
v 0.511693 0.849188 0.062149
v 0.483109 0.841165 0.064606
v 0.512071 0.822092 0.056076
v 0.509782 0.799816 0.050449
v 0.489669 0.816698 0.059351
v 0.530889 0.825341 0.044889
v 0.542076 0.824850 0.024443
v 0.523355 0.801801 0.039577
v 0.518899 0.781872 0.035863
v 0.531692 0.802475 0.021464
v 0.534443 0.802497 -0.000656
v 0.525686 0.782384 0.019330
v 0.527945 0.782529 -0.000657
v 0.523497 0.764030 0.018193
v 0.525554 0.764042 -0.000657
v 0.517326 0.763995 0.033811
v 0.524705 0.746785 0.017991
v 0.528528 0.730317 0.018517
v 0.526793 0.746680 -0.000657
v 0.518444 0.747099 0.033442
v 0.521608 0.730843 0.034403
v 0.508356 0.747604 0.043032
v 0.510460 0.731689 0.044263
v 0.496181 0.748214 0.046229
v 0.507383 0.763937 0.043506
v 0.507948 0.780934 0.046079
v 0.495383 0.763868 0.046737
v 0.494704 0.779733 0.049466
v 0.483383 0.763799 0.043506
v 0.481430 0.778484 0.046079
v 0.473440 0.763741 0.033811
v 0.484006 0.748824 0.043032
v 0.483549 0.733733 0.044263
v 0.473919 0.749330 0.033442
v 0.472401 0.734580 0.034403
v 0.467657 0.749644 0.017991
v 0.465481 0.735105 0.018517
v 0.465570 0.749748 -0.000657
v 0.467269 0.763705 0.018193
v 0.463637 0.776650 0.019330
v 0.465212 0.763694 -0.000657
v 0.461382 0.776378 -0.000657
v 0.467269 0.763705 -0.019506
v 0.463637 0.776650 -0.020643
v 0.473440 0.763741 -0.035125
v 0.467657 0.749644 -0.019304
v 0.465481 0.735105 -0.019830
v 0.473919 0.749330 -0.034755
v 0.484007 0.748824 -0.044345
v 0.472401 0.734580 -0.035716
v 0.483550 0.733733 -0.045577
v 0.468935 0.720024 -0.037565
v 0.481877 0.718901 -0.047945
v 0.463570 0.706196 -0.039857
v 0.460903 0.720721 -0.020841
v 0.458225 0.720953 -0.000657
v 0.454083 0.707122 -0.022094
v 0.445235 0.694256 -0.023374
v 0.450921 0.707430 -0.000656
v 0.441516 0.694683 -0.000656
v 0.454083 0.707122 0.020781
v 0.445235 0.694256 0.022062
v 0.463570 0.706196 0.038544
v 0.460903 0.720721 0.019528
v 0.468935 0.720024 0.036251
v 0.481877 0.718901 0.046632
v 0.497496 0.717546 0.050092
v 0.478853 0.704706 0.049569
v 0.474364 0.690913 0.052569
v 0.497299 0.702906 0.053244
v 0.496056 0.688423 0.056463
v 0.515745 0.701107 0.049569
v 0.517748 0.685933 0.052569
v 0.531028 0.699616 0.038544
v 0.513115 0.716191 0.046632
v 0.526056 0.715068 0.036251
v 0.534089 0.714371 0.019528
v 0.536767 0.714139 -0.000657
v 0.540514 0.698691 0.020781
v 0.546876 0.682590 0.022062
v 0.543676 0.698382 -0.000656
v 0.550595 0.682163 -0.000656
v 0.540514 0.698691 -0.022094
v 0.546877 0.682590 -0.023374
v 0.531028 0.699616 -0.039857
v 0.534089 0.714371 -0.020841
v 0.528528 0.730317 -0.019830
v 0.526056 0.715068 -0.037565
v 0.521608 0.730843 -0.035716
v 0.513115 0.716191 -0.047945
v 0.510460 0.731689 -0.045577
v 0.497496 0.717546 -0.051405
v 0.515745 0.701107 -0.050882
v 0.517748 0.685933 -0.053882
v 0.497299 0.702906 -0.054557
v 0.496056 0.688423 -0.057776
v 0.478853 0.704706 -0.050882
v 0.474364 0.690913 -0.053882
v 0.468377 0.674846 -0.056692
v 0.456391 0.692976 -0.042198
v 0.447641 0.677618 -0.044391
v 0.437600 0.656724 -0.046289
v 0.434770 0.679339 -0.024574
v 0.430479 0.679913 -0.000656
v 0.423151 0.658901 -0.025612
v 0.418334 0.659626 -0.000656
v 0.410840 0.629472 -0.026407
v 0.405602 0.630332 -0.000656
v 0.426551 0.626894 -0.047743
v 0.398835 0.589471 -0.026762
v 0.390274 0.544852 -0.026014
v 0.393336 0.590342 -0.000656
v 0.415290 0.586695 -0.048395
v 0.441750 0.582013 -0.061825
v 0.406676 0.542567 -0.047040
v 0.432686 0.537202 -0.060115
v 0.403456 0.502754 -0.042714
v 0.426540 0.495967 -0.054169
v 0.405055 0.476518 -0.037155
v 0.388591 0.502978 -0.023865
v 0.383279 0.501754 -0.000656
v 0.396497 0.468986 -0.022311
v 0.416014 0.445754 -0.023735
v 0.392197 0.465206 -0.000656
v 0.413102 0.439674 -0.000656
v 0.396497 0.468986 0.020998
v 0.416014 0.445754 0.022422
v 0.405055 0.476518 0.035842
v 0.388591 0.502978 0.022552
v 0.390274 0.544852 0.024702
v 0.403456 0.502754 0.041402
v 0.406676 0.542567 0.045727
v 0.426540 0.495967 0.052856
v 0.432686 0.537202 0.058802
v 0.455141 0.488492 0.056733
v 0.421804 0.464246 0.041166
v 0.448027 0.454757 0.043840
v 0.443632 0.433920 0.023662
v 0.476119 0.454132 0.041166
v 0.473946 0.434870 0.022422
v 0.496589 0.459504 0.035842
v 0.484643 0.485289 0.052856
v 0.495752 0.525849 0.058802
v 0.508757 0.483385 0.041402
v 0.522593 0.478278 0.022552
v 0.522037 0.521791 0.045727
v 0.538164 0.518198 0.024702
v 0.532148 0.566392 0.047082
v 0.538280 0.608555 0.046431
v 0.548569 0.563453 0.025450
v 0.505654 0.570911 0.060512
v 0.473685 0.576380 0.064990
v 0.512967 0.612710 0.059674
v 0.517075 0.644753 0.057811
v 0.482416 0.617724 0.064088
v 0.488978 0.648985 0.062089
v 0.451865 0.622739 0.059674
v 0.460881 0.653217 0.057811
v 0.426551 0.626894 0.046431
v 0.441750 0.582013 0.060512
v 0.415290 0.586695 0.047082
v 0.398834 0.589471 0.025450
v 0.410840 0.629472 0.025094
v 0.423151 0.658901 0.024299
v 0.434770 0.679339 0.023261
v 0.437600 0.656724 0.044977
v 0.447641 0.677618 0.043079
v 0.456391 0.692976 0.040885
v 0.468377 0.674846 0.055379
v 0.493403 0.671500 0.059479
v 0.518430 0.668155 0.055379
v 0.539166 0.665382 0.043079
v 0.535721 0.683870 0.040885
v 0.540356 0.641246 0.044977
v 0.552037 0.663662 0.023261
v 0.556327 0.663088 -0.000656
v 0.554806 0.639069 0.024299
v 0.559623 0.638344 -0.000656
v 0.553992 0.605976 0.025094
v 0.559230 0.605117 -0.000656
v 0.554033 0.562418 -0.000656
v 0.553992 0.605976 -0.026407
v 0.548569 0.563453 -0.026762
v 0.538280 0.608555 -0.047743
v 0.554806 0.639069 -0.025612
v 0.552037 0.663662 -0.024574
v 0.540356 0.641246 -0.046289
v 0.517075 0.644753 -0.059124
v 0.539166 0.665382 -0.044391
v 0.518430 0.668155 -0.056692
v 0.535721 0.683870 -0.042198
v 0.493404 0.671500 -0.060792
v 0.488978 0.648985 -0.063402
v 0.460881 0.653217 -0.059124
v 0.482416 0.617724 -0.065401
v 0.451865 0.622739 -0.060987
v 0.512967 0.612710 -0.060987
v 0.473685 0.576380 -0.066303
v 0.464081 0.530872 -0.064483
v 0.505654 0.570911 -0.061825
v 0.495752 0.525849 -0.060115
v 0.532148 0.566392 -0.048395
v 0.522037 0.521791 -0.047040
v 0.538164 0.518198 -0.026014
v 0.508757 0.483385 -0.042714
v 0.522593 0.478278 -0.023865
v 0.496589 0.459504 -0.037155
v 0.484643 0.485289 -0.054169
v 0.455141 0.488492 -0.058045
v 0.476119 0.454132 -0.042478
v 0.473946 0.434870 -0.023735
v 0.448027 0.454757 -0.045153
v 0.443632 0.433920 -0.024974
v 0.421804 0.464246 -0.042478
v 0.442161 0.426944 -0.000656
v 0.474163 0.428166 -0.000656
v 0.503856 0.444308 -0.000656
v 0.527004 0.475230 -0.000656
v 0.501425 0.449392 -0.022311
v 0.501425 0.449391 0.020998
v 0.543461 0.516560 -0.000656
v 0.464081 0.530872 0.063170
v 0.384701 0.545184 -0.000656
v 0.497005 0.732711 -0.048863
v 0.496181 0.748214 -0.047542
v 0.508356 0.747604 -0.044345
v 0.495383 0.763868 -0.048050
v 0.494704 0.779733 -0.050780
v 0.483383 0.763798 -0.044819
v 0.507383 0.763937 -0.044819
v 0.507948 0.780934 -0.047392
v 0.517326 0.763995 -0.035125
v 0.523497 0.764030 -0.019506
v 0.518899 0.781872 -0.037176
v 0.518444 0.747099 -0.034755
v 0.524705 0.746785 -0.019304
v 0.525686 0.782384 -0.020643
v 0.523355 0.801801 -0.040890
v 0.531692 0.802475 -0.022777
v 0.530889 0.825341 -0.046202
v 0.509782 0.799816 -0.051762
v 0.512071 0.822092 -0.057389
v 0.493191 0.796866 -0.055246
v 0.489669 0.816698 -0.060664
v 0.476362 0.793532 -0.051762
v 0.466371 0.810177 -0.057389
v 0.481430 0.778484 -0.047392
v 0.462429 0.790325 -0.040890
v 0.445965 0.802851 -0.046202
v 0.470433 0.777393 -0.037176
v 0.454010 0.787802 -0.022777
v 0.434736 0.796111 -0.025756
v 0.451296 0.786767 -0.000656
v 0.431435 0.793391 -0.000656
v 0.454010 0.787802 0.021464
v 0.434736 0.796111 0.024443
v 0.462429 0.790325 0.039577
v 0.470433 0.777393 0.035863
v 0.476362 0.793532 0.050449
v 0.445965 0.802851 0.044889
v 0.411420 0.817080 0.052550
v 0.466370 0.810177 0.056076
v 0.452169 0.831633 0.062149
v 0.437973 0.861133 0.067169
v 0.424669 0.893884 0.067837
v 0.393715 0.849911 0.064710
v 0.336825 0.838704 0.062656
v 0.379589 0.883912 0.067206
v 0.324395 0.873493 0.066345
v 0.367740 0.916093 0.061814
v 0.313305 0.907395 0.061420
v 0.358773 0.942055 0.048008
v 0.412932 0.924726 0.061892
v 0.449917 0.933598 0.061933
v 0.403818 0.949464 0.048008
v 0.398240 0.964714 0.025957
v 0.440712 0.957613 0.048008
v 0.435027 0.972400 0.025957
v 0.472503 0.966405 0.048008
v 0.466726 0.980828 0.025957
v 0.502233 0.975743 0.048008
v 0.481816 0.942932 0.061892
v 0.511664 0.953033 0.061814
v 0.541531 0.963844 0.061420
v 0.569742 0.973759 0.059072
v 0.532015 0.985180 0.047748
v 0.560217 0.992861 0.045924
v 0.526177 0.998348 0.025814
v 0.524259 1.002747 -0.000656
v 0.554849 1.004867 0.024809
v 0.496381 0.989689 0.025957
v 0.494431 0.994338 -0.000656
v 0.496381 0.989689 -0.027270
v 0.464800 0.985636 -0.000656
v 0.433132 0.977329 -0.000656
v 0.466726 0.980828 -0.027270
v 0.435027 0.972400 -0.027270
v 0.472503 0.966405 -0.049321
v 0.440712 0.957613 -0.049321
v 0.502233 0.975743 -0.049321
v 0.481816 0.942932 -0.063205
v 0.449917 0.933598 -0.063246
v 0.493094 0.913240 -0.069149
v 0.511664 0.953033 -0.063126
v 0.541531 0.963844 -0.062733
v 0.523055 0.924230 -0.068519
v 0.553014 0.937174 -0.067658
v 0.534402 0.892381 -0.066023
v 0.564489 0.908920 -0.063969
v 0.543365 0.858065 -0.053862
v 0.504224 0.880758 -0.068482
v 0.473069 0.871236 -0.069604
v 0.511693 0.849188 -0.063461
v 0.483109 0.841165 -0.065919
v 0.452169 0.831633 -0.063461
v 0.411420 0.817080 -0.053862
v 0.437973 0.861133 -0.068482
v 0.424669 0.893884 -0.069149
v 0.393715 0.849911 -0.066023
v 0.336825 0.838704 -0.063969
v 0.379589 0.883912 -0.068519
v 0.324395 0.873493 -0.067658
v 0.367740 0.916093 -0.063126
v 0.313306 0.907395 -0.062733
v 0.358773 0.942055 -0.049321
v 0.412932 0.924726 -0.063205
v 0.403818 0.949464 -0.049321
v 0.398240 0.964714 -0.027270
v 0.396380 0.969797 -0.000656
v 0.353318 0.958079 -0.027270
v 0.299356 0.952198 -0.027126
v 0.351500 0.963420 -0.000656
v 0.297493 0.957904 -0.000656
v 0.353318 0.958079 0.025957
v 0.299356 0.952198 0.025814
v 0.243993 0.944348 0.024809
v 0.304748 0.935075 0.047748
v 0.249760 0.926592 0.045924
v 0.203557 0.915041 0.041426
v 0.257040 0.897920 0.059072
v 0.266248 0.863311 0.063576
v 0.207656 0.887622 0.052890
v 0.213803 0.854244 0.056784
v 0.170212 0.880073 0.041166
v 0.146952 0.879248 0.022422
v 0.175367 0.903523 0.035842
v 0.172856 0.847167 0.043840
v 0.147672 0.842814 0.023662
v 0.186211 0.816112 0.041166
v 0.163842 0.809051 0.022422
v 0.202382 0.796347 0.035842
v 0.225153 0.821723 0.052936
v 0.277357 0.828704 0.059443
v 0.235167 0.795266 0.041494
v 0.236347 0.777882 0.022612
v 0.286325 0.799837 0.046465
v 0.289631 0.781553 0.025181
v 0.346455 0.809189 0.049570
v 0.347991 0.791085 0.026874
v 0.347348 0.785200 -0.000656
v 0.400357 0.798360 0.026972
v 0.397431 0.793324 -0.000656
v 0.400357 0.798360 -0.028285
v 0.347991 0.791085 -0.028186
v 0.289631 0.781553 -0.026494
v 0.346455 0.809189 -0.050883
v 0.286325 0.799837 -0.047777
v 0.235167 0.795266 -0.042807
v 0.277357 0.828704 -0.060756
v 0.266248 0.863311 -0.064889
v 0.225153 0.821723 -0.054249
v 0.213803 0.854244 -0.058096
v 0.186211 0.816112 -0.042478
v 0.172856 0.847167 -0.045153
v 0.202382 0.796347 -0.037155
v 0.163842 0.809051 -0.023735
v 0.156541 0.805453 -0.000656
v 0.147672 0.842814 -0.024974
v 0.193615 0.785741 -0.022311
v 0.189205 0.780338 -0.000656
v 0.236347 0.777882 -0.023925
v 0.235103 0.771550 -0.000656
v 0.289827 0.775320 -0.000656
v 0.193615 0.785741 0.020998
v 0.139240 0.841357 -0.000656
v 0.146952 0.879248 -0.023735
v 0.138803 0.880175 -0.000656
v 0.170213 0.880073 -0.042478
v 0.162809 0.910444 -0.022311
v 0.175367 0.903523 -0.037155
v 0.156506 0.913995 -0.000656
v 0.196365 0.931373 -0.023878
v 0.192362 0.936806 -0.000656
v 0.243993 0.944348 -0.026122
v 0.203557 0.915041 -0.042739
v 0.207656 0.887622 -0.054202
v 0.249760 0.926592 -0.047237
v 0.257040 0.897920 -0.060384
v 0.304748 0.935075 -0.049060
v 0.241546 0.950250 -0.000656
v 0.196365 0.931373 0.022566
v 0.162809 0.910444 0.020998
v 0.461281 0.903506 -0.069474
v 0.558676 0.848953 -0.028285
v 0.574668 0.885072 -0.050883
v 0.582718 0.872539 -0.028186
v 0.601015 0.906084 -0.047777
v 0.607588 0.894509 -0.026494
v 0.621001 0.923784 -0.042807
v 0.591930 0.926085 -0.060756
v 0.614018 0.940743 -0.054249
v 0.581160 0.950308 -0.064889
v 0.605000 0.961549 -0.058096
v 0.569742 0.973759 -0.060384
v 0.593741 0.981243 -0.054202
v 0.560217 0.992861 -0.047237
v 0.554849 1.004867 -0.026122
v 0.532015 0.985180 -0.049060
v 0.584221 0.996922 -0.042739
v 0.580493 1.007114 -0.023878
v 0.600028 0.997286 -0.037155
v 0.611158 0.986923 -0.042478
v 0.602324 1.003345 -0.022311
v 0.620446 0.992153 -0.023735
v 0.603475 1.006343 -0.000656
v 0.623258 0.994500 -0.000656
v 0.602324 1.003345 0.020998
v 0.579917 1.010778 -0.000656
v 0.553283 1.008947 -0.000656
v 0.580493 1.007114 0.022566
v 0.584221 0.996922 0.041426
v 0.593741 0.981243 0.052890
v 0.600028 0.997286 0.035842
v 0.611158 0.986923 0.041166
v 0.620446 0.992153 0.022422
v 0.622964 0.970000 0.043840
v 0.633922 0.975152 0.023662
v 0.605000 0.961549 0.056784
v 0.581160 0.950308 0.063576
v 0.637592 0.976877 -0.000656
v 0.640676 0.954990 0.022422
v 0.644587 0.955804 -0.000656
v 0.640676 0.954990 -0.023735
v 0.642452 0.933657 -0.000656
v 0.638943 0.934463 -0.022311
v 0.631959 0.936158 -0.037155
v 0.627362 0.914813 -0.023925
v 0.630108 0.950885 -0.042478
v 0.622964 0.970000 -0.045153
v 0.633922 0.975152 -0.024974
v 0.526177 0.998348 -0.027126
v 0.562670 0.846563 -0.000656
v 0.542076 0.824850 -0.025756
v 0.545609 0.824089 -0.000656
v 0.461281 0.903506 0.068161
v 0.493191 0.796866 0.053933
v 0.530834 0.730142 -0.000657
v 0.497005 0.732711 0.047550
v 0.463175 0.735280 -0.000657
vn 0.9082 -0.2880 0.3036
vn 0.7884 -0.2532 0.5606
vn 0.6450 -0.4062 0.6473
vn 0.7619 -0.5630 0.3202
vn 0.9385 0.1031 0.3295
vn 0.7506 0.0235 0.6603
vn 0.4974 -0.1215 0.8590
vn 0.5230 -0.4851 0.7008
vn 0.3237 -0.2060 0.9235
vn 0.6599 -0.6657 0.3485
vn 0.9535 -0.3014 -0.0000
vn 0.8023 -0.5969 -0.0000
vn 0.6980 -0.7161 -0.0000
vn 0.6379 -0.6784 0.3645
vn 0.6841 -0.7294 -0.0000
vn 0.4611 -0.4837 0.7439
vn 0.7116 -0.6021 0.3621
vn 0.7543 -0.6565 -0.0000
vn 0.4732 -0.3849 0.7924
vn 0.2235 -0.2082 0.9522
vn 0.1767 -0.1542 0.9721
vn 0.1557 0.0847 0.9842
vn 0.0515 0.0495 0.9974
vn 0.0140 0.0578 0.9982
vn 0.2407 -0.1981 0.9502
vn 0.1104 -0.0849 0.9903
vn -0.0025 0.0802 0.9968
vn 0.0549 -0.1757 0.9829
vn 0.0225 -0.0696 0.9973
vn -0.0231 0.0852 0.9961
vn 0.3522 -0.2595 0.8993
vn 0.6457 -0.3721 0.6668
vn 0.0708 -0.2505 0.9655
vn 0.4306 -0.2649 0.8628
vn 0.7451 -0.3198 0.5853
vn 0.0606 -0.2753 0.9595
vn 0.8188 -0.4818 0.3122
vn 0.8942 -0.3637 0.2611
vn 0.4732 -0.2020 0.8575
vn 0.8026 -0.2089 0.5587
vn 0.9455 -0.2151 0.2444
vn 0.9256 -0.3785 -0.0000
vn 0.8523 -0.5230 -0.0000
vn 0.9760 -0.2177 -0.0000
vn 0.9696 -0.0327 0.2426
vn 0.9996 -0.0288 -0.0000
vn 0.8283 -0.0476 0.5583
vn 0.9588 0.1451 0.2441
vn 0.9882 0.1534 -0.0000
vn 0.8193 0.1171 0.5612
vn 0.7880 0.2376 0.5680
vn 0.9278 0.2773 0.2495
vn 0.9572 0.2895 -0.0000
vn 0.4891 -0.0737 0.8691
vn 0.4837 0.0706 0.8724
vn 0.4625 0.1766 0.8688
vn 0.0026 0.0316 0.9995
vn 0.0119 0.1356 0.9907
vn 0.0037 -0.1042 0.9945
vn 0.0290 -0.2240 0.9742
vn -0.4048 -0.3027 0.8628
vn -0.4795 -0.1331 0.8674
vn -0.4803 0.0226 0.8768
vn -0.7158 -0.4091 0.5659
vn -0.8164 -0.1515 0.5572
vn -0.8218 0.0388 0.5684
vn -0.7855 0.1888 0.5893
vn -0.4444 0.1449 0.8840
vn -0.9574 -0.1571 0.2423
vn -0.9668 0.0580 0.2489
vn -0.9379 0.2266 0.2625
vn -0.9979 0.0655 -0.0000
vn -0.9707 0.2401 -0.0000
vn -0.9874 -0.1584 -0.0000
vn -0.8654 -0.5012 -0.0000
vn -0.8425 -0.4790 0.2465
vn -0.8425 -0.4790 -0.2465
vn -0.9574 -0.1571 -0.2423
vn -0.9668 0.0580 -0.2489
vn -0.7158 -0.4091 -0.5659
vn -0.8164 -0.1515 -0.5572
vn -0.8218 0.0388 -0.5684
vn -0.7855 0.1887 -0.5893
vn -0.9379 0.2266 -0.2625
vn -0.4803 0.0226 -0.8768
vn -0.4444 0.1449 -0.8840
vn -0.4795 -0.1331 -0.8674
vn -0.3964 0.2353 -0.8874
vn -0.7271 0.3146 -0.6102
vn -0.8842 0.3757 -0.2776
vn -0.3493 0.2914 -0.8906
vn -0.6603 0.4119 -0.6279
vn -0.8149 0.5014 -0.2908
vn -0.9183 0.3960 -0.0000
vn -0.8483 0.5295 -0.0000
vn -0.7730 0.5537 -0.3097
vn -0.8090 0.5879 -0.0000
vn -0.6150 0.4438 -0.6518
vn -0.7730 0.5537 0.3097
vn -0.8149 0.5014 0.2908
vn -0.8842 0.3757 0.2776
vn -0.6150 0.4438 0.6518
vn -0.6603 0.4119 0.6279
vn -0.7271 0.3146 0.6102
vn -0.3493 0.2914 0.8906
vn -0.3964 0.2353 0.8874
vn 0.0206 0.2001 0.9796
vn 0.0267 0.2250 0.9740
vn -0.3169 0.2957 0.9012
vn 0.0273 0.2041 0.9786
vn 0.3829 0.2018 0.9015
vn 0.4067 0.2444 0.8802
vn 0.4341 0.2346 0.8698
vn 0.7099 0.2576 0.6555
vn 0.7243 0.3142 0.6138
vn 0.7520 0.3040 0.5849
vn 0.8845 0.3706 0.2833
vn 0.8980 0.3535 0.2620
vn 0.9293 0.3694 -0.0000
vn 0.9210 0.3895 -0.0000
vn 0.8965 0.3111 0.3154
vn 0.9438 0.3306 -0.0000
vn 0.8965 0.3111 -0.3154
vn 0.8845 0.3706 -0.2833
vn 0.8980 0.3535 -0.2620
vn 0.7099 0.2576 -0.6555
vn 0.7243 0.3142 -0.6138
vn 0.7520 0.3040 -0.5849
vn 0.9278 0.2773 -0.2495
vn 0.7880 0.2376 -0.5680
vn 0.4341 0.2346 -0.8698
vn 0.4625 0.1766 -0.8688
vn 0.4067 0.2444 -0.8802
vn 0.0206 0.2001 -0.9796
vn 0.0119 0.1356 -0.9907
vn 0.0267 0.2250 -0.9740
vn 0.3829 0.2018 -0.9015
vn 0.0273 0.2041 -0.9786
vn -0.3169 0.2957 -0.9012
vn -0.3015 0.2476 -0.9208
vn -0.6055 0.3965 -0.6900
vn 0.0218 0.1498 -0.9885
vn -0.7888 0.5107 -0.3420
vn -0.2943 0.1806 -0.9385
vn -0.6114 0.3102 -0.7280
vn -0.8286 0.4146 -0.3762
vn -0.8367 0.5476 -0.0000
vn -0.8932 0.4497 -0.0000
vn -0.8610 0.3120 -0.4016
vn -0.9396 0.3422 -0.0000
vn -0.6168 0.2250 -0.7543
vn -0.8834 0.2135 -0.4173
vn -0.9711 0.2386 -0.0000
vn -0.6230 0.1427 -0.7691
vn -0.6343 0.0359 -0.7722
vn -0.9008 0.0901 -0.4248
vn -0.9941 0.1084 -0.0000
vn -0.2928 0.0587 -0.9544
vn -0.3054 -0.0319 -0.9517
vn -0.2906 0.1203 -0.9492
vn -0.3257 -0.1805 -0.9281
vn -0.6440 -0.1151 -0.7563
vn -0.9033 -0.0977 -0.4177
vn -0.3985 -0.4381 -0.8058
vn -0.6327 -0.3041 -0.7122
vn -0.8073 -0.4057 -0.4287
vn -0.9943 -0.1063 -0.0000
vn -0.8909 -0.4542 -0.0000
vn -0.5293 -0.6979 -0.4824
vn -0.5986 -0.8010 -0.0000
vn -0.5293 -0.6979 0.4824
vn -0.8073 -0.4057 0.4287
vn -0.9033 -0.0977 0.4177
vn -0.3985 -0.4381 0.8058
vn -0.6327 -0.3041 0.7122
vn -0.6440 -0.1151 0.7563
vn -0.9008 0.0901 0.4248
vn -0.6343 0.0359 0.7722
vn -0.3257 -0.1805 0.9281
vn -0.3054 -0.0319 0.9517
vn -0.0459 -0.2486 0.9675
vn -0.0167 -0.0923 0.9956
vn -0.0991 -0.5293 0.8426
vn -0.1598 -0.8439 0.5122
vn 0.2330 -0.8466 0.4786
vn 0.2094 -0.5604 0.8013
vn 0.2362 -0.2967 0.9253
vn 0.5907 -0.6870 0.4231
vn 0.4706 -0.5284 0.7066
vn 0.5510 -0.3628 0.7515
vn 0.2713 -0.1528 0.9503
vn 0.5981 -0.2224 0.7699
vn 0.7924 -0.4483 0.4137
vn 0.8620 -0.2792 0.4230
vn 0.6269 -0.1214 0.7696
vn 0.8939 -0.1620 0.4179
vn 0.2914 -0.0647 0.9544
vn 0.3095 -0.0074 0.9509
vn 0.6504 -0.0447 0.7583
vn 0.9118 -0.0652 0.4055
vn -0.0015 -0.0077 1.0000
vn 0.0071 0.0440 0.9990
vn 0.0142 0.0918 0.9957
vn 0.3315 0.0499 0.9421
vn 0.6753 0.0409 0.7364
vn -0.2943 0.1806 0.9385
vn -0.2906 0.1203 0.9492
vn -0.2928 0.0587 0.9544
vn -0.6114 0.3102 0.7280
vn -0.6168 0.2250 0.7543
vn -0.6230 0.1427 0.7691
vn -0.8834 0.2135 0.4173
vn -0.8610 0.3120 0.4016
vn -0.8286 0.4146 0.3762
vn -0.7888 0.5108 0.3420
vn -0.6055 0.3965 0.6900
vn -0.3015 0.2476 0.9208
vn 0.0218 0.1498 0.9885
vn 0.3575 0.1246 0.9256
vn 0.6970 0.1505 0.7011
vn 0.9170 0.1859 0.3528
vn 0.9219 0.0480 0.3843
vn 0.9796 0.2008 -0.0000
vn 0.9986 0.0534 -0.0000
vn 0.9975 -0.0700 -0.0000
vn 0.9846 -0.1747 -0.0000
vn 0.8939 -0.1620 -0.4179
vn 0.9118 -0.0652 -0.4055
vn 0.9219 0.0480 -0.3843
vn 0.6269 -0.1214 -0.7696
vn 0.6504 -0.0447 -0.7583
vn 0.6753 0.0409 -0.7364
vn 0.9170 0.1859 -0.3528
vn 0.6970 0.1505 -0.7011
vn 0.3095 -0.0074 -0.9509
vn 0.3315 0.0499 -0.9421
vn 0.3575 0.1246 -0.9256
vn 0.0142 0.0918 -0.9957
vn 0.0071 0.0440 -0.9990
vn -0.0015 -0.0077 -1.0000
vn 0.2914 -0.0647 -0.9544
vn -0.0167 -0.0923 -0.9956
vn 0.2713 -0.1528 -0.9503
vn 0.5981 -0.2224 -0.7699
vn 0.8620 -0.2792 -0.4230
vn 0.7924 -0.4483 -0.4137
vn 0.5510 -0.3628 -0.7515
vn 0.2362 -0.2967 -0.9253
vn 0.5907 -0.6870 -0.4231
vn 0.4706 -0.5284 -0.7066
vn 0.2094 -0.5604 -0.8013
vn -0.0459 -0.2486 -0.9675
vn -0.0991 -0.5293 -0.8426
vn 0.2330 -0.8466 -0.4786
vn -0.1598 -0.8439 -0.5122
vn -0.1868 -0.9824 -0.0000
vn 0.2573 -0.9663 -0.0000
vn 0.6477 -0.7619 -0.0000
vn 0.8711 -0.4911 -0.0000
vn 0.9540 -0.2997 -0.0000
vn 0.4837 0.0706 -0.8724
vn 0.0026 0.0316 -0.9995
vn 0.4891 -0.0737 -0.8691
vn 0.0037 -0.1042 -0.9946
vn 0.4732 -0.2020 -0.8575
vn 0.0290 -0.2240 -0.9742
vn -0.4048 -0.3026 -0.8628
vn 0.8026 -0.2089 -0.5587
vn 0.8283 -0.0476 -0.5583
vn 0.8193 0.1171 -0.5612
vn 0.9696 -0.0327 -0.2426
vn 0.9588 0.1451 -0.2441
vn 0.9455 -0.2151 -0.2444
vn 0.8942 -0.3637 -0.2611
vn 0.7451 -0.3198 -0.5853
vn 0.4306 -0.2649 -0.8628
vn 0.8188 -0.4818 -0.3122
vn 0.6457 -0.3721 -0.6668
vn 0.3522 -0.2595 -0.8993
vn 0.0606 -0.2753 -0.9595
vn 0.0708 -0.2505 -0.9655
vn -0.2697 -0.4141 -0.8694
vn -0.1362 -0.4109 -0.9014
vn -0.4895 -0.6377 -0.5947
vn -0.2322 -0.6952 -0.6803
vn -0.5506 -0.7928 -0.2615
vn -0.2171 -0.9219 -0.3208
vn -0.5462 -0.8377 -0.0000
vn -0.1791 -0.9838 -0.0000
vn -0.5506 -0.7928 0.2615
vn -0.2171 -0.9219 0.3208
vn -0.4895 -0.6377 0.5947
vn -0.2322 -0.6952 0.6803
vn -0.2697 -0.4141 0.8694
vn -0.1362 -0.4109 0.9014
vn 0.0290 -0.9221 0.3858
vn -0.0400 -0.5819 0.8123
vn -0.0532 -0.3026 0.9516
vn -0.0250 -0.1316 0.9910
vn -0.0124 -0.2077 0.9781
vn -0.0323 0.0657 0.9973
vn -0.0264 0.0373 0.9990
vn 0.0564 -0.6010 0.7973
vn 0.0003 -0.2500 0.9683
vn -0.0346 0.0106 0.9993
vn -0.0576 0.3012 0.9518
vn -0.0680 0.2786 0.9580
vn -0.0706 0.3158 0.9462
vn -0.0949 0.6320 0.7691
vn -0.1006 0.6103 0.7857
vn -0.1238 0.6406 0.7578
vn -0.0849 0.3226 0.9427
vn -0.1593 0.6410 0.7509
vn -0.1184 0.9016 0.4161
vn -0.1618 0.9002 0.4043
vn -0.2128 0.8926 0.3974
vn -0.1884 0.6402 0.7448
vn -0.2514 0.8855 0.3909
vn -0.0955 0.3221 0.9419
vn -0.2004 0.6470 0.7357
vn -0.2627 0.8863 0.3814
vn -0.1000 0.3224 0.9413
vn -0.0720 0.3420 0.9369
vn -0.1722 0.6717 0.7205
vn 0.0255 0.3971 0.9174
vn -0.0762 0.7187 0.6911
vn -0.2298 0.9012 0.3675
vn -0.1308 0.9290 0.3463
vn -0.2795 0.9601 -0.0000
vn -0.2443 0.9697 -0.0000
vn -0.1437 0.9896 -0.0000
vn -0.2695 0.9630 -0.0000
vn -0.2627 0.8863 -0.3814
vn -0.2298 0.9012 -0.3675
vn -0.2514 0.8855 -0.3909
vn -0.2286 0.9735 -0.0000
vn -0.2128 0.8926 -0.3974
vn -0.1593 0.6410 -0.7509
vn -0.1884 0.6402 -0.7448
vn -0.2004 0.6470 -0.7357
vn -0.0955 0.3221 -0.9419
vn -0.0849 0.3226 -0.9427
vn -0.1000 0.3224 -0.9413
vn -0.0025 0.0802 -0.9968
vn -0.0231 0.0852 -0.9961
vn 0.0140 0.0578 -0.9982
vn 0.0515 0.0495 -0.9974
vn -0.0720 0.3420 -0.9369
vn -0.1722 0.6717 -0.7205
vn 0.2235 -0.2082 -0.9522
vn 0.1767 -0.1542 -0.9721
vn 0.1104 -0.0849 -0.9903
vn 0.4611 -0.4837 -0.7439
vn 0.4732 -0.3849 -0.7924
vn 0.2407 -0.1981 -0.9502
vn 0.0549 -0.1757 -0.9829
vn 0.0225 -0.0696 -0.9973
vn -0.0532 -0.3026 -0.9516
vn -0.0250 -0.1316 -0.9910
vn -0.0400 -0.5819 -0.8123
vn -0.0124 -0.2077 -0.9781
vn -0.0323 0.0657 -0.9973
vn -0.0264 0.0373 -0.9990
vn 0.0003 -0.2500 -0.9683
vn -0.0346 0.0106 -0.9993
vn 0.0564 -0.6010 -0.7973
vn -0.0680 0.2786 -0.9580
vn -0.0576 0.3012 -0.9518
vn -0.0706 0.3158 -0.9462
vn -0.1006 0.6103 -0.7857
vn -0.0949 0.6320 -0.7691
vn -0.1238 0.6406 -0.7578
vn -0.1618 0.9002 -0.4043
vn -0.1184 0.9016 -0.4161
vn -0.1239 0.9923 -0.0000
vn -0.1724 0.9850 -0.0000
vn -0.1193 0.8921 -0.4358
vn -0.1231 0.9924 -0.0000
vn -0.1193 0.8921 0.4358
vn -0.1953 0.8655 0.4612
vn -0.1644 0.5728 0.8030
vn -0.2066 0.9784 -0.0000
vn -0.1243 0.2476 0.9609
vn -0.3644 0.8011 0.4749
vn -0.2876 0.5174 0.8060
vn -0.2424 0.2028 0.9487
vn -0.0856 -0.0169 0.9962
vn -0.2085 -0.0529 0.9766
vn -0.4620 -0.1139 0.8795
vn -0.4908 0.1689 0.8547
vn -0.4542 0.4322 0.7790
vn -0.7993 -0.1893 0.5703
vn -0.8128 0.1964 0.5484
vn -0.6387 0.5846 0.5003
vn -0.6510 -0.5343 0.5392
vn -0.3791 -0.3790 0.8442
vn -0.1518 -0.2989 0.9421
vn -0.3599 -0.7967 0.4855
vn -0.2533 -0.5915 0.7655
vn -0.0898 -0.6007 0.7944
vn 0.0199 -0.5986 0.8008
vn -0.0419 -0.2769 0.9600
vn 0.0852 -0.8870 0.4538
vn -0.0627 -0.8835 0.4643
vn 0.1249 -0.8978 0.4224
vn 0.0675 -0.9977 -0.0000
vn 0.1555 -0.9878 -0.0000
vn 0.1120 -0.9937 -0.0000
vn 0.0290 -0.9221 -0.3858
vn 0.1249 -0.8978 -0.4224
vn 0.0852 -0.8870 -0.4538
vn 0.0199 -0.5986 -0.8008
vn -0.0419 -0.2769 -0.9600
vn -0.0627 -0.8835 -0.4643
vn -0.0898 -0.6007 -0.7944
vn -0.1518 -0.2989 -0.9421
vn -0.0856 -0.0169 -0.9962
vn -0.2085 -0.0529 -0.9766
vn -0.3791 -0.3790 -0.8442
vn -0.4620 -0.1139 -0.8795
vn -0.2533 -0.5915 -0.7655
vn -0.6510 -0.5343 -0.5392
vn -0.7993 -0.1893 -0.5703
vn -0.3599 -0.7967 -0.4855
vn -0.4198 -0.9076 -0.0000
vn -0.7809 -0.6246 -0.0000
vn -0.9739 -0.2268 -0.0000
vn -0.0664 -0.9978 -0.0000
vn -0.9735 0.2286 -0.0000
vn -0.8128 0.1964 -0.5484
vn -0.4908 0.1689 -0.8547
vn -0.7439 0.6683 -0.0000
vn -0.6387 0.5846 -0.5003
vn -0.4542 0.4322 -0.7790
vn -0.3644 0.8011 -0.4749
vn -0.2876 0.5174 -0.8060
vn -0.4126 0.9109 -0.0000
vn -0.1953 0.8655 -0.4612
vn -0.1644 0.5728 -0.8030
vn -0.2424 0.2028 -0.9487
vn -0.1243 0.2476 -0.9609
vn 0.7116 -0.6021 -0.3621
vn 0.6379 -0.6784 -0.3645
vn 0.5230 -0.4851 -0.7008
vn 0.6599 -0.6657 -0.3485
vn 0.3237 -0.2060 -0.9235
vn 0.6450 -0.4062 -0.6473
vn 0.7619 -0.5630 -0.3202
vn 0.4974 -0.1215 -0.8590
vn 0.1557 0.0847 -0.9842
vn 0.3619 0.1844 -0.9138
vn 0.0255 0.3971 -0.9174
vn 0.2154 0.4822 -0.8492
vn -0.0762 0.7187 -0.6911
vn 0.0935 0.7696 -0.6316
vn -0.1308 0.9290 -0.3463
vn 0.0522 0.9498 -0.3085
vn 0.3407 0.8971 -0.2814
vn 0.3009 0.7902 -0.5339
vn 0.4734 0.6060 -0.6393
vn 0.6270 0.7145 -0.3104
vn 0.6580 0.7530 -0.0000
vn 0.3548 0.9350 -0.0000
vn 0.0538 0.9986 -0.0000
vn 0.6270 0.7145 0.3104
vn 0.3407 0.8971 0.2814
vn 0.0522 0.9498 0.3085
vn 0.0935 0.7696 0.6316
vn 0.3009 0.7902 0.5339
vn 0.2154 0.4822 0.8492
vn 0.4734 0.6060 0.6393
vn 0.6391 0.3346 0.6925
vn 0.8268 0.4449 0.3441
vn 0.3619 0.1844 0.9138
vn 0.8785 0.4777 -0.0000
vn 0.9937 0.1124 -0.0000
vn 0.9385 0.1031 -0.3295
vn 0.8268 0.4449 -0.3441
vn 0.9082 -0.2880 -0.3036
vn 0.7884 -0.2532 -0.5606
vn 0.7506 0.0235 -0.6603
vn 0.6391 0.3346 -0.6925
vt 0.019323 0.875978
vt 0.023941 0.876635
vt 0.025865 0.881425
vt 0.020013 0.882637
vt 0.019882 0.870848
vt 0.025713 0.873453
vt 0.029635 0.878563
vt 0.139386 0.530498
vt 0.134968 0.523891
vt 0.138115 0.519777
vt 0.143344 0.525697
vt 0.027857 0.889099
vt 0.021268 0.890915
vt 0.012840 0.875835
vt 0.013062 0.883048
vt 0.013564 0.891636
vt 0.022429 0.900514
vt 0.014211 0.901163
vt 0.029494 0.898721
vt 0.023077 0.910363
vt 0.014808 0.910586
vt 0.031211 0.910640
vt 0.152404 0.548521
vt 0.145400 0.538475
vt 0.149949 0.532655
vt 0.157365 0.539602
vt 0.148149 0.519633
vt 0.155250 0.525482
vt 0.162897 0.531368
vt 0.160776 0.553544
vt 0.165159 0.545159
vt 0.170686 0.536692
vt 0.168372 0.557956
vt 0.173393 0.550160
vt 0.179099 0.541785
vt 0.158754 0.561142
vt 0.153671 0.558628
vt 0.164764 0.564372
vt 0.157842 0.567564
vt 0.154168 0.565797
vt 0.162361 0.569678
vt 0.029084 0.920646
vt 0.022686 0.919027
vt 0.027561 0.927580
vt 0.021960 0.926171
vt 0.031211 0.930342
vt 0.029808 0.935147
vt 0.026433 0.933094
vt 0.021349 0.931980
vt 0.015374 0.925978
vt 0.015192 0.918917
vt 0.015408 0.931817
vt 0.020912 0.936680
vt 0.015311 0.936569
vt 0.025711 0.937584
vt 0.182846 0.872004
vt 0.183063 0.877032
vt 0.178599 0.877925
vt 0.178326 0.872870
vt 0.025397 0.941336
vt 0.020640 0.940495
vt 0.186090 0.875961
vt 0.186888 0.880774
vt 0.183848 0.881961
vt 0.179283 0.882908
vt 0.155989 0.577857
vt 0.154536 0.582447
vt 0.151673 0.581670
vt 0.153209 0.576927
vt 0.152777 0.586869
vt 0.149587 0.586107
vt 0.158047 0.583217
vt 0.156685 0.587616
vt 0.159401 0.578810
vt 0.160722 0.574378
vt 0.157036 0.573008
vt 0.028906 0.939257
vt 0.164458 0.575629
vt 0.162857 0.579634
vt 0.161602 0.583861
vt 0.428634 0.963989
vt 0.429577 0.967685
vt 0.426531 0.969593
vt 0.425383 0.965855
vt 0.165768 0.580177
vt 0.164594 0.584255
vt 0.163959 0.588601
vt 0.160636 0.588233
vt 0.434286 0.966398
vt 0.434751 0.969730
vt 0.430100 0.971112
vt 0.435068 0.972711
vt 0.430282 0.974268
vt 0.440262 0.969124
vt 0.440735 0.972044
vt 0.439859 0.965823
vt 0.439563 0.962180
vt 0.433645 0.962742
vt 0.445374 0.962315
vt 0.445348 0.965995
vt 0.445694 0.969331
vt 0.450067 0.963208
vt 0.449806 0.966947
vt 0.450111 0.970383
vt 0.450858 0.973518
vt 0.446320 0.972301
vt 0.491136 0.568840
vt 0.490104 0.573029
vt 0.486856 0.572660
vt 0.488177 0.568617
vt 0.491862 0.564524
vt 0.488910 0.564475
vt 0.488743 0.577008
vt 0.484989 0.576480
vt 0.451898 0.976242
vt 0.447132 0.974791
vt 0.487035 0.580692
vt 0.482621 0.579954
vt 0.346863 0.983382
vt 0.344865 0.984442
vt 0.342560 0.978953
vt 0.344951 0.978247
vt 0.441256 0.974464
vt 0.342187 0.972600
vt 0.344686 0.972277
vt 0.339592 0.979579
vt 0.339092 0.972832
vt 0.342351 0.985439
vt 0.340750 0.966334
vt 0.343652 0.966455
vt 0.345980 0.966480
vt 0.344468 0.961219
vt 0.346863 0.961587
vt 0.166355 0.593099
vt 0.167320 0.597506
vt 0.164415 0.597438
vt 0.163890 0.593051
vt 0.435286 0.975223
vt 0.430238 0.977032
vt 0.159854 0.596977
vt 0.160030 0.592642
vt 0.155433 0.591967
vt 0.154413 0.596230
vt 0.160125 0.601306
vt 0.153703 0.600525
vt 0.165504 0.601784
vt 0.147333 0.599588
vt 0.149022 0.595335
vt 0.150883 0.591155
vt 0.142112 0.598644
vt 0.144608 0.594435
vt 0.147163 0.590332
vt 0.188101 0.885488
vt 0.189503 0.890123
vt 0.186364 0.891650
vt 0.185012 0.886823
vt 0.180243 0.887849
vt 0.181346 0.892776
vt 0.187715 0.896594
vt 0.182453 0.897836
vt 0.190878 0.894824
vt 0.176087 0.898398
vt 0.175390 0.893353
vt 0.174680 0.888426
vt 0.169613 0.898123
vt 0.169437 0.893236
vt 0.169209 0.888419
vt 0.174034 0.883484
vt 0.168942 0.883558
vt 0.164633 0.887750
vt 0.164767 0.883052
vt 0.164349 0.892349
vt 0.497765 0.575240
vt 0.497617 0.579671
vt 0.493206 0.578147
vt 0.493959 0.573952
vt 0.497490 0.583950
vt 0.492290 0.582117
vt 0.497177 0.588214
vt 0.491082 0.585976
vt 0.163956 0.896941
vt 0.484927 0.584170
vt 0.479765 0.583143
vt 0.482248 0.588214
vt 0.476324 0.586852
vt 0.489317 0.590453
vt 0.339323 0.986433
vt 0.336099 0.980216
vt 0.478794 0.593766
vt 0.472174 0.592071
vt 0.335779 0.987522
vt 0.332125 0.980991
vt 0.335465 0.973097
vt 0.331367 0.973548
vt 0.327716 0.982030
vt 0.326859 0.974338
vt 0.467191 0.599791
vt 0.462641 0.599290
vt 0.467970 0.591724
vt 0.916285 0.902806
vt 0.917220 0.909991
vt 0.909747 0.908444
vt 0.908907 0.901313
vt 0.461515 0.610486
vt 0.456759 0.609901
vt 0.456353 0.622570
vt 0.451587 0.622092
vt 0.917758 0.918862
vt 0.910512 0.917437
vt 0.468988 0.612675
vt 0.463651 0.624944
vt 0.474363 0.601770
vt 0.459343 0.636610
vt 0.452989 0.633919
vt 0.448560 0.634000
vt 0.455973 0.645979
vt 0.451828 0.641774
vt 0.922624 0.931304
vt 0.921206 0.937648
vt 0.917229 0.937664
vt 0.917615 0.928314
vt 0.911007 0.927329
vt 0.911067 0.937479
vt 0.917200 0.946635
vt 0.910595 0.947219
vt 0.453043 0.651918
vt 0.448787 0.644217
vt 0.903661 0.946014
vt 0.904526 0.937081
vt 0.904000 0.927689
vt 0.897770 0.942486
vt 0.899794 0.936666
vt 0.897951 0.930172
vt 0.902882 0.918179
vt 0.896162 0.921391
vt 0.168873 0.648481
vt 0.166954 0.660010
vt 0.159772 0.660508
vt 0.160944 0.648392
vt 0.164641 0.667284
vt 0.158921 0.669686
vt 0.151010 0.660651
vt 0.151461 0.648016
vt 0.150703 0.670554
vt 0.902449 0.953748
vt 0.896162 0.949401
vt 0.141985 0.673936
vt 0.142625 0.668645
vt 0.150596 0.676427
vt 0.142351 0.659354
vt 0.237737 0.925799
vt 0.242321 0.923993
vt 0.244668 0.928815
vt 0.239180 0.934100
vt 0.137182 0.665521
vt 0.135380 0.657924
vt 0.142052 0.647072
vt 0.134314 0.646069
vt 0.243570 0.916107
vt 0.237479 0.915210
vt 0.244478 0.904651
vt 0.237665 0.903033
vt 0.244668 0.892376
vt 0.237668 0.890565
vt 0.142452 0.633507
vt 0.134623 0.632612
vt 0.143376 0.621010
vt 0.135911 0.620101
vt 0.244417 0.881428
vt 0.237534 0.879654
vt 0.151978 0.634347
vt 0.152463 0.621877
vt 0.152850 0.612424
vt 0.144521 0.611515
vt 0.137683 0.610576
vt 0.161236 0.613163
vt 0.161610 0.622567
vt 0.161566 0.634959
vt 0.168247 0.613590
vt 0.169253 0.622948
vt 0.169577 0.635268
vt 0.174639 0.635235
vt 0.173880 0.648596
vt 0.174085 0.622922
vt 0.901905 0.909288
vt 0.901179 0.902113
vt 0.908161 0.896766
vt 0.900679 0.897469
vt 0.172684 0.613602
vt 0.333396 0.966441
vt 0.337317 0.966272
vt 0.170835 0.606897
vt 0.166889 0.606852
vt 0.160664 0.606389
vt 0.168920 0.601850
vt 0.153223 0.605615
vt 0.145837 0.604678
vt 0.139777 0.603724
vt 0.243222 0.864390
vt 0.243648 0.868049
vt 0.237326 0.866553
vt 0.237261 0.863079
vt 0.244051 0.873441
vt 0.237413 0.871786
vt 0.188884 0.902281
vt 0.183399 0.903647
vt 0.189686 0.909459
vt 0.184015 0.910941
vt 0.229781 0.879451
vt 0.229910 0.871610
vt 0.229801 0.890370
vt 0.184130 0.920453
vt 0.183583 0.932402
vt 0.176089 0.932821
vt 0.176760 0.920922
vt 0.176912 0.911441
vt 0.168110 0.931874
vt 0.168964 0.920107
vt 0.169473 0.910790
vt 0.176641 0.904180
vt 0.169657 0.903718
vt 0.500967 0.602694
vt 0.498407 0.611770
vt 0.491434 0.608322
vt 0.494540 0.599575
vt 0.162729 0.908927
vt 0.163430 0.902194
vt 0.496324 0.593147
vt 0.486699 0.596433
vt 0.482931 0.604801
vt 0.477920 0.615962
vt 0.486805 0.619701
vt 0.472385 0.628402
vt 0.481211 0.631990
vt 0.494096 0.623334
vt 0.488472 0.635461
vt 0.174978 0.945168
vt 0.167195 0.944026
vt 0.173434 0.955626
vt 0.166538 0.954097
vt 0.482283 0.645801
vt 0.475508 0.643164
vt 0.223884 0.916177
vt 0.225052 0.926701
vt 0.220941 0.925514
vt 0.218934 0.917860
vt 0.477281 0.652153
vt 0.471076 0.652143
vt 0.467196 0.640251
vt 0.463007 0.650114
vt 0.469145 0.658520
vt 0.460328 0.656883
vt 0.477959 0.656141
vt 0.916715 0.954403
vt 0.909705 0.955440
vt 0.225662 0.935062
vt 0.232383 0.936110
vt 0.233647 0.942143
vt 0.226496 0.940753
vt 0.240741 0.939740
vt 0.231276 0.927002
vt 0.230493 0.915614
vt 0.230021 0.902993
vt 0.222811 0.904089
vt 0.222376 0.891653
vt 0.498107 0.570662
vt 0.494646 0.569574
vt 0.498813 0.565939
vt 0.495362 0.565052
vt 0.500021 0.561004
vt 0.496143 0.560355
vt 0.492202 0.560093
vt 0.167903 0.868813
vt 0.168288 0.873769
vt 0.164338 0.873587
vt 0.163675 0.868845
vt 0.168636 0.878669
vt 0.164688 0.878313
vt 0.173198 0.873501
vt 0.173518 0.878513
vt 0.173135 0.868407
vt 0.173372 0.863079
vt 0.167507 0.863502
vt 0.162729 0.863707
vt 0.007962 0.919727
vt 0.008984 0.926788
vt 0.003960 0.928703
vt 0.002367 0.921917
vt 0.509325 0.549852
vt 0.505687 0.556374
vt 0.501722 0.555512
vt 0.503770 0.549013
vt 0.496771 0.555151
vt 0.496988 0.549005
vt 0.491676 0.555270
vt 0.489831 0.549626
vt 0.487370 0.555939
vt 0.483402 0.551090
vt 0.488878 0.560302
vt 0.452460 0.952731
vt 0.450938 0.958704
vt 0.445867 0.957944
vt 0.446885 0.952461
vt 0.439461 0.957925
vt 0.439666 0.952757
vt 0.432885 0.958418
vt 0.432155 0.952998
vt 0.427326 0.959565
vt 0.425731 0.953705
vt 0.423761 0.961484
vt 0.176387 0.571206
vt 0.170801 0.573489
vt 0.166967 0.571781
vt 0.170992 0.567857
vt 0.432039 0.946219
vt 0.423761 0.944171
vt 0.187262 0.569792
vt 0.176569 0.562873
vt 0.182730 0.555566
vt 0.194621 0.561930
vt 0.188900 0.547180
vt 0.201104 0.553282
vt 0.205331 0.576692
vt 0.210131 0.569212
vt 0.216177 0.560240
vt 0.206857 0.544832
vt 0.221833 0.551252
vt 0.194528 0.539094
vt 0.211392 0.537784
vt 0.226373 0.543685
vt 0.199017 0.532404
vt 0.184568 0.533880
vt 0.189031 0.527403
vt 0.961389 0.080566
vt 0.955586 0.079502
vt 0.955012 0.066069
vt 0.960848 0.067186
vt 0.954454 0.055021
vt 0.960310 0.056181
vt 0.953898 0.045464
vt 0.959770 0.046658
vt 0.176099 0.528901
vt 0.180554 0.522588
vt 0.953331 0.036502
vt 0.959224 0.037728
vt 0.168274 0.523851
vt 0.172707 0.517766
vt 0.160497 0.518590
vt 0.164855 0.512906
vt 0.153143 0.513666
vt 0.157338 0.508632
vt 0.952835 0.027520
vt 0.958727 0.028760
vt 0.952881 0.019028
vt 0.958579 0.020162
vt 0.966822 0.037965
vt 0.966294 0.028994
vt 0.965864 0.020308
vt 0.967362 0.046884
vt 0.974792 0.037252
vt 0.974211 0.028287
vt 0.975338 0.046182
vt 0.967897 0.056395
vt 0.975878 0.055705
vt 0.982921 0.054151
vt 0.982365 0.044594
vt 0.981798 0.035632
vt 0.502346 0.512545
vt 0.492555 0.513259
vt 0.491236 0.506655
vt 0.500962 0.506085
vt 0.511588 0.511490
vt 0.510126 0.505236
vt 0.503863 0.521330
vt 0.494076 0.522147
vt 0.513188 0.520060
vt 0.522628 0.518248
vt 0.520877 0.510252
vt 0.519308 0.504376
vt 0.524217 0.527171
vt 0.514532 0.529930
vt 0.505119 0.531264
vt 0.525626 0.535285
vt 0.514965 0.540891
vt 0.505339 0.540960
vt 0.496605 0.541369
vt 0.495541 0.532018
vt 0.487062 0.542337
vt 0.484771 0.532821
vt 0.474324 0.544531
vt 0.471273 0.533462
vt 0.482902 0.522678
vt 0.469255 0.522813
vt 0.454125 0.533310
vt 0.452654 0.522473
vt 0.455033 0.543000
vt 0.451453 0.512448
vt 0.467727 0.513256
vt 0.481321 0.513539
vt 0.450543 0.504828
vt 0.466594 0.506106
vt 0.480072 0.506732
vt 0.983479 0.065199
vt 0.976416 0.066710
vt 0.984053 0.078632
vt 0.976957 0.080090
vt 0.968957 0.080749
vt 0.968428 0.067387
vt 0.977475 0.096120
vt 0.969503 0.096782
vt 0.984585 0.094704
vt 0.961991 0.096593
vt 0.956270 0.095570
vt 0.244607 0.544976
vt 0.241532 0.550056
vt 0.229301 0.538743
vt 0.970150 0.113433
vt 0.962937 0.113067
vt 0.237290 0.557988
vt 0.257336 0.552089
vt 0.253970 0.556614
vt 0.250742 0.564384
vt 0.232125 0.567306
vt 0.246547 0.573560
vt 0.257859 0.578289
vt 0.261007 0.569020
vt 0.261256 0.561836
vt 0.264898 0.580954
vt 0.267740 0.570566
vt 0.265454 0.560471
vt 0.257837 0.589412
vt 0.251810 0.586147
vt 0.240975 0.581958
vt 0.962751 0.961817
vt 0.957892 0.961233
vt 0.955896 0.953793
vt 0.961990 0.950995
vt 0.245786 0.590521
vt 0.236275 0.588569
vt 0.221910 0.583658
vt 0.226474 0.576313
vt 0.219787 0.588221
vt 0.234810 0.593077
vt 0.961878 0.971492
vt 0.955756 0.967590
vt 0.415424 0.960930
vt 0.422909 0.957820
vt 0.421923 0.970912
vt 0.414831 0.973785
vt 0.415481 0.949642
vt 0.423761 0.944171
vt 0.407201 0.950414
vt 0.407119 0.961480
vt 0.406998 0.974317
vt 0.440354 0.946557
vt 0.399361 0.947803
vt 0.399361 0.959098
vt 0.448254 0.945628
vt 0.479594 0.553457
vt 0.469803 0.550595
vt 0.454216 0.549492
vt 0.399756 0.972065
vt 0.436746 0.548755
vt 0.437051 0.542183
vt 0.436295 0.532723
vt 0.421091 0.546711
vt 0.421939 0.540656
vt 0.420723 0.531902
vt 0.435198 0.521994
vt 0.419429 0.521767
vt 0.409031 0.531788
vt 0.407060 0.522012
vt 0.412478 0.538675
vt 0.401994 0.533476
vt 0.399361 0.522840
vt 0.409191 0.541979
vt 0.975445 0.961050
vt 0.969357 0.961875
vt 0.968995 0.950081
vt 0.975518 0.950179
vt 0.968014 0.938607
vt 0.974957 0.939385
vt 0.975518 0.970669
vt 0.968939 0.972317
vt 0.407149 0.985239
vt 0.400652 0.982786
vt 0.414228 0.984334
vt 0.966665 0.929550
vt 0.973333 0.930849
vt 0.401340 0.512520
vt 0.408259 0.512657
vt 0.980453 0.142633
vt 0.973710 0.145220
vt 0.972176 0.139274
vt 0.978624 0.137300
vt 0.407797 0.504702
vt 0.411124 0.506606
vt 0.983186 0.133616
vt 0.978002 0.126946
vt 0.984169 0.125011
vt 0.971003 0.128216
vt 0.977834 0.112612
vt 0.984728 0.111107
vt 0.419634 0.512132
vt 0.420015 0.504734
vt 0.434587 0.511858
vt 0.434111 0.504005
vt 0.964418 0.127362
vt 0.965956 0.137687
vt 0.966952 0.143046
vt 0.960702 0.940246
vt 0.959804 0.931666
vt 0.006870 0.911134
vt 0.000000 0.912124
vt 0.000031 0.900122
vt 0.006279 0.901282
vt 0.000216 0.890414
vt 0.006111 0.891636
vt 0.534491 0.531088
vt 0.533166 0.524138
vt 0.001140 0.882601
vt 0.006364 0.883287
vt 0.541302 0.527549
vt 0.540390 0.521676
vt 0.531542 0.516378
vt 0.539065 0.515008
vt 0.529618 0.509277
vt 0.536965 0.508950
vt 0.982465 0.008505
vt 0.984728 0.015683
vt 0.980129 0.018195
vt 0.978503 0.011074
vt 0.527916 0.504005
vt 0.973476 0.019707
vt 0.972576 0.012122
vt 0.981151 0.026655
vt 0.972151 0.005784
vt 0.976763 0.006458
vt 0.978694 0.003355
vt 0.972937 0.000673
vt 0.966071 -0.000000
vt 0.965684 0.005574
vt 0.965632 0.012420
vt 0.959437 0.001086
vt 0.959484 0.006171
vt 0.958992 0.012537
vt 0.953885 0.011827
vt 0.955412 0.007111
vt 0.146847 0.509665
vt 0.142344 0.506547
vt 0.146316 0.504283
vt 0.150782 0.505643
vt 0.954229 0.004103
vt 0.137722 0.510583
vt 0.135089 0.507914
vt 0.140185 0.504005
vt 0.142173 0.514558
vt 0.020683 0.867338
vt 0.026938 0.870238
vt 0.134314 0.515478
vt 0.929545 0.962961
vt 0.928919 0.968658
vt 0.922672 0.969469
vt 0.923527 0.964017
vt 0.935792 0.963613
vt 0.935467 0.969014
vt 0.012982 0.870274
vt 0.934890 0.975534
vt 0.928594 0.975522
vt 0.941489 0.970626
vt 0.940521 0.976628
vt 0.006621 0.876582
vt 0.002531 0.877653
vt 0.939121 0.981272
vt 0.934716 0.982001
vt 0.941489 0.984907
vt 0.935872 0.987753
vt 0.928651 0.982474
vt 0.929140 0.988671
vt 0.922883 0.982306
vt 0.922625 0.975938
vt 0.922668 0.987950
vt 0.009625 0.932538
vt 0.178583 0.867704
s 1
f 2880/3284/2877 2879/3285/2878 2882/3286/2879 2885/3287/2880
f 2879/3285/2878 2880/3284/2877 3342/3288/2881 2881/3289/2882
f 2882/3286/2879 2879/3285/2878 2881/3289/2882 2883/3290/2883
f 2884/3291/2884 2882/3292/2879 2883/3293/2883 2895/3294/2885
f 2885/3287/2880 2882/3286/2879 2884/3295/2884 2887/3296/2886
f 3345/3297/2887 2880/3284/2877 2885/3287/2880 2886/3298/2888
f 2886/3298/2888 2885/3287/2880 2887/3296/2886 2888/3299/2889
f 2888/3299/2889 2887/3296/2886 2889/3300/2890 2890/3301/2891
f 2887/3296/2886 2884/3295/2884 2892/3302/2892 2889/3300/2890
f 2890/3301/2891 2889/3300/2890 2891/3303/2893 3353/3304/2894
f 2889/3300/2890 2892/3302/2892 2893/3305/2895 2891/3303/2893
f 2893/3306/2895 2892/3307/2892 2894/3308/2896 2897/3309/2897
f 2892/3307/2892 2884/3291/2884 2895/3294/2885 2894/3308/2896
f 2894/3308/2896 2895/3294/2885 3340/3310/2898 2896/3311/2899
f 2897/3309/2897 2894/3308/2896 2896/3311/2899 2898/3312/2900
f 2902/3313/2901 2893/3306/2895 2897/3309/2897 2899/3314/2902
f 2899/3314/2902 2897/3309/2897 2898/3312/2900 2901/3315/2903
f 2903/3316/2904 2902/3313/2901 2899/3314/2902 2900/3317/2905
f 2900/3317/2905 2899/3314/2902 2901/3315/2903 3356/3318/2906
f 2902/3313/2901 2904/3319/2907 2907/3320/2908 2893/3306/2895
f 2903/3316/2904 2906/3321/2909 2904/3319/2907 2902/3313/2901
f 2904/3319/2907 2905/3322/2910 2909/3323/2911 2907/3320/2908
f 2906/3321/2909 3357/3324/2912 2905/3322/2910 2904/3319/2907
f 2893/3305/2895 2907/3325/2908 2908/3326/2913 2891/3303/2893
f 2907/3325/2908 2909/3327/2911 2911/3328/2914 2908/3326/2913
f 2905/3329/2910 2927/3330/2915 2910/3331/2916 2909/3327/2911
f 2909/3327/2911 2910/3331/2916 2913/3332/2917 2911/3328/2914
f 2908/3326/2913 2911/3328/2914 2912/3333/2918 3355/3334/2919
f 2911/3328/2914 2913/3332/2917 2914/3335/2920 2912/3333/2918
f 2913/3332/2917 2915/3336/2921 2916/3337/2922 2914/3335/2920
f 2910/3331/2916 2917/3338/2923 2915/3336/2921 2913/3332/2917
f 2915/3339/2921 2918/3340/2924 2920/3341/2925 2916/3342/2922
f 2917/3338/2923 2921/3343/2926 2918/3344/2924 2915/3336/2921
f 2921/3345/2926 2922/3346/2927 2919/3347/2928 2918/3340/2924
f 2918/3340/2924 2919/3347/2928 3358/3348/2929 2920/3341/2925
f 2926/3349/2930 2923/3350/2931 2921/3351/2926 2917/3352/2923
f 2923/3350/2931 2924/3353/2932 2922/3354/2927 2921/3351/2926
f 2925/3355/2933 3359/3356/2934 2924/3353/2932 2923/3350/2931
f 2928/3357/2935 2925/3355/2933 2923/3350/2931 2926/3349/2930
f 2929/3358/2936 2928/3357/2935 2926/3349/2930 2927/3359/2915
f 2927/3330/2915 2926/3360/2930 2917/3338/2923 2910/3331/2916
f 2931/3361/2937 2930/3362/2938 2928/3357/2935 2929/3358/2936
f 2930/3362/2938 2933/3363/2939 2925/3355/2933 2928/3357/2935
f 3159/3364/2940 2932/3365/2941 2930/3366/2938 2931/3367/2937
f 2932/3368/2941 2935/3369/2942 2933/3363/2939 2930/3362/2938
f 2935/3369/2942 2936/3370/2943 2934/3371/2944 2933/3363/2939
f 2933/3363/2939 2934/3371/2944 3359/3356/2934 2925/3355/2933
f 2940/3372/2945 2937/3373/2946 2935/3374/2942 2932/3365/2941
f 2937/3373/2946 2938/3375/2947 2936/3376/2943 2935/3374/2942
f 2939/3377/2948 3360/3378/2949 2938/3375/2947 2937/3373/2946
f 2942/3379/2950 2939/3377/2948 2937/3373/2946 2940/3372/2945
f 2943/3380/2951 2942/3379/2950 2940/3372/2945 2941/3381/2952
f 2941/3381/2952 2940/3372/2945 2932/3365/2941 3159/3364/2940
f 2945/3382/2953 2944/3383/2954 2942/3379/2950 2943/3380/2951
f 2944/3383/2954 2947/3384/2955 2939/3377/2948 2942/3379/2950
f 3151/3385/2956 2946/3386/2957 2944/3383/2954 2945/3382/2953
f 2946/3386/2957 2949/3387/2958 2947/3384/2955 2944/3383/2954
f 2949/3387/2958 2951/3388/2959 2948/3389/2960 2947/3384/2955
f 2947/3384/2955 2948/3389/2960 3360/3378/2949 2939/3377/2948
f 2950/3390/2961 2952/3391/2962 2951/3392/2959 2949/3393/2958
f 3130/3394/2963 2950/3390/2961 2949/3393/2958 2946/3395/2957
f 2952/3391/2962 2954/3396/2964 2953/3397/2965 2951/3392/2959
f 2951/3388/2959 2953/3398/2965 2956/3399/2966 2948/3389/2960
f 2954/3396/2964 2998/3400/2967 2955/3401/2968 2953/3397/2965
f 2953/3402/2965 2955/3403/2968 2958/3404/2969 2956/3405/2966
f 2948/3389/2960 2956/3399/2966 2957/3406/2970 3360/3378/2949
f 2956/3405/2966 2958/3404/2969 2960/3407/2971 2957/3408/2970
f 2958/3404/2969 2959/3409/2972 2961/3410/2973 2960/3407/2971
f 2955/3403/2968 3001/3411/2974 2959/3409/2972 2958/3404/2969
f 2960/3407/2971 2961/3410/2973 2963/3412/2975 2962/3413/2976
f 2957/3408/2970 2960/3407/2971 2962/3413/2976 2965/3414/2977
f 2962/3413/2976 2963/3412/2975 3069/3415/2978 2964/3416/2979
f 2965/3417/2977 2962/3418/2976 2964/3419/2979 2966/3420/2980
f 3360/3378/2949 2957/3406/2970 2965/3421/2977 2938/3375/2947
f 2938/3375/2947 2965/3421/2977 2966/3422/2980 2936/3376/2943
f 2966/3420/2980 2964/3419/2979 2969/3423/2981 2967/3424/2982
f 2936/3370/2943 2966/3420/2980 2967/3424/2982 2934/3371/2944
f 2934/3371/2944 2967/3424/2982 2968/3425/2983 3359/3356/2934
f 2967/3424/2982 2969/3423/2981 2971/3426/2984 2968/3425/2983
f 2969/3423/2981 2970/3427/2985 2972/3428/2986 2971/3426/2984
f 2964/3419/2979 3069/3429/2978 2970/3427/2985 2969/3423/2981
f 2971/3426/2984 2972/3428/2986 2974/3430/2987 2973/3431/2988
f 2968/3425/2983 2971/3426/2984 2973/3431/2988 2976/3432/2989
f 2973/3431/2988 2974/3430/2987 3074/3433/2990 2975/3434/2991
f 2976/3432/2989 2973/3431/2988 2975/3434/2991 2977/3435/2992
f 3359/3356/2934 2968/3425/2983 2976/3432/2989 2924/3353/2932
f 2924/3353/2932 2976/3432/2989 2977/3435/2992 2922/3354/2927
f 2977/3436/2992 2975/3437/2991 2980/3438/2993 2978/3439/2994
f 2922/3346/2927 2977/3436/2992 2978/3439/2994 2919/3347/2928
f 2919/3347/2928 2978/3439/2994 2979/3440/2995 3358/3348/2929
f 2978/3439/2994 2980/3438/2993 2982/3441/2996 2979/3440/2995
f 2980/3438/2993 2981/3442/2997 2983/3443/2998 2982/3441/2996
f 2975/3437/2991 3074/3444/2990 2981/3442/2997 2980/3438/2993
f 2982/3441/2996 2983/3443/2998 2985/3445/2999 2984/3446/3000
f 2979/3440/2995 2982/3441/2996 2984/3446/3000 2987/3447/3001
f 2984/3446/3000 2985/3445/2999 3092/3448/3002 2986/3449/3003
f 2987/3447/3001 2984/3446/3000 2986/3449/3003 2989/3450/3004
f 3358/3348/2929 2979/3440/2995 2987/3447/3001 2988/3451/3005
f 2988/3451/3005 2987/3447/3001 2989/3450/3004 2990/3452/3006
f 2990/3452/3006 2989/3450/3004 2991/3453/3007 2992/3454/3008
f 2989/3450/3004 2986/3449/3003 2994/3455/3009 2991/3453/3007
f 2992/3456/3008 2991/3457/3007 2993/3458/3010 3125/3459/3011
f 2991/3457/3007 2994/3460/3009 2996/3461/3012 2993/3458/3010
f 2994/3460/3009 2995/3462/3013 2997/3463/3014 2996/3461/3012
f 2986/3449/3003 3092/3448/3002 2995/3464/3013 2994/3455/3009
f 2996/3461/3012 2997/3463/3014 2999/3465/3015 2998/3400/2967
f 2993/3458/3010 2996/3461/3012 2998/3400/2967 2954/3396/2964
f 2998/3400/2967 2999/3465/3015 3001/3466/2974 2955/3401/2968
f 2999/3465/3015 3000/3467/3016 3002/3468/3017 3001/3466/2974
f 2997/3463/3014 3093/3469/3018 3000/3467/3016 2999/3465/3015
f 3001/3411/2974 3002/3470/3017 3004/3471/3019 2959/3409/2972
f 3000/3467/3016 3095/3472/3020 3003/3473/3021 3002/3468/3017
f 3002/3470/3017 3003/3474/3021 3006/3475/3022 3004/3471/3019
f 2959/3409/2972 3004/3471/3019 3005/3476/3023 2961/3410/2973
f 3004/3471/3019 3006/3475/3022 3007/3477/3024 3005/3476/3023
f 3006/3475/3022 3008/3478/3025 3009/3479/3026 3007/3477/3024
f 3003/3473/3021 3010/3480/3027 3008/3481/3025 3006/3482/3022
f 3008/3483/3025 3011/3484/3028 3013/3485/3029 3009/3486/3026
f 3010/3480/3027 3014/3487/3030 3011/3488/3028 3008/3481/3025
f 3014/3487/3030 3016/3489/3031 3012/3490/3032 3011/3488/3028
f 3011/3484/3028 3012/3491/3032 3124/3492/3033 3013/3485/3029
f 3015/3493/3034 3017/3494/3035 3016/3489/3031 3014/3487/3030
f 3097/3495/3036 3015/3493/3034 3014/3487/3030 3010/3480/3027
f 3017/3494/3035 3019/3496/3037 3018/3497/3038 3016/3489/3031
f 3016/3489/3031 3018/3497/3038 3021/3498/3039 3012/3490/3032
f 3019/3496/3037 3115/3499/3040 3020/3500/3041 3018/3497/3038
f 3018/3501/3038 3020/3502/3041 3023/3503/3042 3021/3504/3039
f 3012/3491/3032 3021/3504/3039 3022/3505/3043 3124/3492/3033
f 3021/3504/3039 3023/3503/3042 3025/3506/3044 3022/3505/3043
f 3024/3507/3045 3026/3508/3046 3025/3506/3044 3023/3503/3042
f 3115/3499/3040 3024/3509/3045 3023/3510/3042 3020/3500/3041
f 3026/3508/3046 3028/3511/3047 3027/3512/3048 3025/3506/3044
f 3022/3505/3043 3025/3506/3044 3027/3512/3048 3030/3513/3049
f 3028/3511/3047 3037/3514/3050 3029/3515/3051 3027/3512/3048
f 3030/3513/3049 3027/3512/3048 3029/3515/3051 3032/3516/3052
f 3124/3492/3033 3022/3505/3043 3030/3513/3049 3031/3517/3053
f 3031/3517/3053 3030/3513/3049 3032/3516/3052 3033/3518/3054
f 3033/3519/3054 3032/3520/3052 3034/3521/3055 3035/3522/3056
f 3032/3520/3052 3029/3523/3051 3037/3524/3050 3034/3521/3055
f 3035/3522/3056 3034/3521/3055 3036/3525/3057 3123/3526/3058
f 3034/3521/3055 3037/3524/3050 3038/3527/3059 3036/3525/3057
f 3039/3528/3060 3038/3529/3059 3037/3514/3050 3028/3511/3047
f 3041/3530/3061 3040/3531/3062 3038/3527/3059 3039/3532/3060
f 3036/3525/3057 3038/3527/3059 3040/3531/3062 3043/3533/3063
f 3121/3534/3064 3042/3535/3065 3040/3536/3062 3041/3537/3061
f 3043/3533/3063 3040/3531/3062 3042/3538/3065 3045/3539/3066
f 3123/3526/3058 3036/3525/3057 3043/3533/3063 3044/3540/3067
f 3044/3540/3067 3043/3533/3063 3045/3539/3066 3047/3541/3068
f 3045/3542/3066 3042/3535/3065 3121/3534/3064 3046/3543/3069
f 3047/3544/3068 3045/3542/3066 3046/3543/3069 3048/3545/3070
f 3049/3546/3071 3047/3544/3068 3048/3545/3070 3051/3547/3072
f 3052/3548/3073 3044/3540/3067 3047/3541/3068 3049/3549/3071
f 3054/3550/3074 3052/3548/3073 3049/3549/3071 3050/3551/3075
f 3050/3552/3075 3049/3546/3071 3051/3547/3072 3080/3553/3076
f 3053/3554/3077 3123/3526/3058 3044/3540/3067 3052/3548/3073
f 3056/3555/3078 3053/3554/3077 3052/3548/3073 3054/3550/3074
f 3057/3556/3079 3056/3555/3078 3054/3550/3074 3055/3557/3080
f 3055/3557/3080 3054/3550/3074 3050/3551/3075 3075/3558/3081
f 3059/3559/3082 3058/3560/3083 3056/3555/3078 3057/3556/3079
f 3058/3560/3083 3061/3561/3084 3053/3554/3077 3056/3555/3078
f 3067/3562/3085 3060/3563/3086 3058/3560/3083 3059/3559/3082
f 3060/3563/3086 3062/3564/3087 3061/3561/3084 3058/3560/3083
f 3062/3564/3087 3033/3519/3054 3035/3522/3056 3061/3561/3084
f 3061/3561/3084 3035/3522/3056 3123/3526/3058 3053/3554/3077
f 3063/3565/3088 3031/3566/3053 3033/3519/3054 3062/3564/3087
f 3064/3567/3089 3063/3565/3088 3062/3564/3087 3060/3563/3086
f 3013/3485/3029 3124/3492/3033 3031/3517/3053 3063/3568/3088
f 3009/3486/3026 3013/3485/3029 3063/3568/3088 3064/3569/3089
f 3007/3570/3024 3009/3486/3026 3064/3569/3089 3065/3571/3090
f 3065/3572/3090 3064/3567/3089 3060/3563/3086 3067/3562/3085
f 3005/3476/3023 3007/3477/3024 3065/3573/3090 3066/3574/3091
f 3066/3575/3091 3065/3572/3090 3067/3562/3085 3068/3576/3092
f 3068/3576/3092 3067/3562/3085 3059/3559/3082 3070/3577/3093
f 2963/3578/2975 3066/3575/3091 3068/3576/3092 3069/3429/2978
f 3069/3429/2978 3068/3576/3092 3070/3577/3093 2970/3427/2985
f 2970/3427/2985 3070/3577/3093 3071/3579/3094 2972/3428/2986
f 3070/3577/3093 3059/3559/3082 3057/3556/3079 3071/3579/3094
f 2972/3428/2986 3071/3579/3094 3072/3580/3095 2974/3430/2987
f 3071/3579/3094 3057/3556/3079 3055/3557/3080 3072/3580/3095
f 2974/3430/2987 3072/3580/3095 3073/3581/3096 3074/3433/2990
f 3072/3580/3095 3055/3557/3080 3075/3558/3081 3073/3581/3096
f 3074/3582/2990 3073/3583/3096 3076/3584/3097 2981/3585/2997
f 3073/3583/3096 3075/3586/3081 3078/3587/3098 3076/3584/3097
f 2981/3442/2997 3076/3588/3097 3077/3589/3099 2983/3443/2998
f 3076/3588/3097 3078/3590/3098 3079/3591/3100 3077/3589/3099
f 3078/3587/3098 3080/3553/3076 3081/3592/3101 3079/3593/3100
f 3075/3586/3081 3050/3552/3075 3080/3553/3076 3078/3587/3098
f 3080/3553/3076 3051/3547/3072 3082/3594/3102 3081/3592/3101
f 3081/3595/3101 3082/3596/3102 3084/3597/3103 3083/3598/3104
f 3079/3591/3100 3081/3595/3101 3083/3598/3104 3086/3599/3105
f 3083/3598/3104 3084/3597/3103 3103/3600/3106 3085/3601/3107
f 3086/3599/3105 3083/3598/3104 3085/3601/3107 3088/3602/3108
f 3077/3589/3099 3079/3591/3100 3086/3599/3105 3087/3603/3109
f 3087/3603/3109 3086/3599/3105 3088/3602/3108 3090/3604/3110
f 3088/3605/3108 3085/3606/3107 3098/3607/3111 3089/3608/3112
f 3090/3604/3110 3088/3602/3108 3089/3609/3112 3091/3610/3113
f 3092/3448/3002 3090/3604/3110 3091/3610/3113 2995/3464/3013
f 2985/3445/2999 3087/3603/3109 3090/3604/3110 3092/3448/3002
f 2995/3462/3013 3091/3611/3113 3093/3469/3018 2997/3463/3014
f 3091/3611/3113 3089/3608/3112 3094/3612/3114 3093/3469/3018
f 3093/3469/3018 3094/3612/3114 3095/3472/3020 3000/3467/3016
f 3089/3608/3112 3098/3607/3111 3096/3613/3115 3094/3612/3114
f 3094/3612/3114 3096/3613/3115 3097/3495/3036 3095/3472/3020
f 3096/3613/3115 3099/3614/3116 3015/3493/3034 3097/3495/3036
f 3098/3607/3111 3101/3615/3117 3099/3614/3116 3096/3613/3115
f 3099/3614/3116 3100/3616/3118 3017/3494/3035 3015/3493/3034
f 3101/3615/3117 3102/3617/3119 3100/3616/3118 3099/3614/3116
f 3103/3618/3106 3104/3619/3120 3102/3617/3119 3101/3615/3117
f 3085/3606/3107 3103/3618/3106 3101/3615/3117 3098/3607/3111
f 3084/3597/3103 3105/3620/3121 3104/3621/3120 3103/3600/3106
f 3105/3620/3121 3107/3622/3122 3106/3623/3123 3104/3621/3120
f 3104/3619/3120 3106/3624/3123 3109/3625/3124 3102/3617/3119
f 3107/3626/3122 3120/3627/3125 3108/3628/3126 3106/3629/3123
f 3106/3624/3123 3108/3630/3126 3111/3631/3127 3109/3625/3124
f 3102/3617/3119 3109/3625/3124 3110/3632/3128 3100/3616/3118
f 3109/3625/3124 3111/3631/3127 3113/3633/3129 3110/3632/3128
f 3111/3631/3127 3112/3634/3130 3114/3635/3131 3113/3633/3129
f 3108/3630/3126 3120/3636/3125 3112/3634/3130 3111/3631/3127
f 3113/3633/3129 3114/3635/3131 3024/3509/3045 3115/3499/3040
f 3110/3632/3128 3113/3633/3129 3115/3499/3040 3019/3496/3037
f 3114/3637/3131 3116/3638/3132 3026/3508/3046 3024/3507/3045
f 3112/3639/3130 3117/3640/3133 3116/3641/3132 3114/3642/3131
f 3117/3640/3133 3041/3537/3061 3039/3643/3060 3116/3641/3132
f 3116/3638/3132 3039/3528/3060 3028/3511/3047 3026/3508/3046
f 3120/3627/3125 3118/3644/3134 3117/3640/3133 3112/3639/3130
f 3118/3644/3134 3121/3534/3064 3041/3537/3061 3117/3640/3133
f 3046/3543/3069 3121/3534/3064 3118/3644/3134 3119/3645/3135
f 3119/3645/3135 3118/3644/3134 3120/3627/3125 3107/3626/3122
f 3048/3545/3070 3046/3543/3069 3119/3645/3135 3122/3646/3136
f 3122/3646/3136 3119/3645/3135 3107/3626/3122 3105/3647/3121
f 3051/3547/3072 3048/3545/3070 3122/3646/3136 3082/3594/3102
f 3082/3594/3102 3122/3646/3136 3105/3647/3121 3084/3648/3103
f 3100/3616/3118 3110/3632/3128 3019/3496/3037 3017/3494/3035
f 3095/3472/3020 3097/3495/3036 3010/3480/3027 3003/3473/3021
f 2983/3443/2998 3077/3589/3099 3087/3603/3109 2985/3445/2999
f 2961/3410/2973 3005/3476/3023 3066/3574/3091 2963/3412/2975
f 3125/3459/3011 2993/3458/3010 2954/3396/2964 2952/3391/2962
f 3127/3649/3137 2992/3456/3008 3125/3459/3011 3126/3650/3138
f 3126/3650/3138 3125/3459/3011 2952/3391/2962 2950/3390/2961
f 3131/3651/3139 3127/3649/3137 3126/3650/3138 3128/3652/3140
f 3128/3652/3140 3126/3650/3138 2950/3390/2961 3130/3394/2963
f 3132/3653/3141 3131/3651/3139 3128/3652/3140 3129/3654/3142
f 3129/3654/3142 3128/3652/3140 3130/3394/2963 3148/3655/3143
f 3135/3656/3144 3133/3657/3145 3131/3658/3139 3132/3659/3141
f 3133/3657/3145 3136/3660/3146 3127/3661/3137 3131/3658/3139
f 3134/3662/3147 3137/3663/3148 3136/3660/3146 3133/3657/3145
f 3138/3664/3149 3134/3662/3147 3133/3657/3145 3135/3656/3144
f 3137/3663/3148 2988/3451/3005 2990/3452/3006 3136/3660/3146
f 3136/3660/3146 2990/3452/3006 2992/3454/3008 3127/3661/3137
f 2920/3341/2925 3358/3348/2929 2988/3451/3005 3137/3663/3148
f 2916/3342/2922 2920/3341/2925 3137/3663/3148 3134/3662/3147
f 3140/3665/3150 3138/3664/3149 3135/3656/3144 3139/3666/3151
f 3139/3666/3151 3135/3656/3144 3132/3659/3141 3142/3667/3152
f 3354/3668/3153 3140/3669/3150 3139/3670/3151 3141/3671/3154
f 3141/3672/3154 3139/3673/3151 3142/3674/3152 3143/3675/3155
f 3143/3675/3155 3142/3674/3152 3144/3676/3156 3145/3677/3157
f 3142/3674/3152 3132/3653/3141 3129/3654/3142 3144/3676/3156
f 3145/3677/3157 3144/3676/3156 3146/3678/3158 3147/3679/3159
f 3144/3676/3156 3129/3654/3142 3148/3655/3143 3146/3678/3158
f 3147/3679/3159 3146/3678/3158 3149/3680/3160 3150/3681/3161
f 3146/3678/3158 3148/3655/3143 3151/3682/2956 3149/3680/3160
f 3150/3683/3161 3149/3684/3160 3152/3685/3162 3153/3686/3163
f 3149/3684/3160 3151/3385/2956 2945/3382/2953 3152/3685/3162
f 3153/3686/3163 3152/3685/3162 3154/3687/3164 3155/3688/3165
f 3152/3685/3162 2945/3382/2953 2943/3380/2951 3154/3687/3164
f 3155/3688/3165 3154/3687/3164 3156/3689/3166 3157/3690/3167
f 3154/3687/3164 2943/3380/2951 2941/3381/2952 3156/3689/3166
f 3157/3690/3167 3156/3689/3166 3158/3691/3168 3161/3692/3169
f 3156/3689/3166 2941/3381/2952 3159/3364/2940 3158/3691/3168
f 3158/3691/3168 3159/3364/2940 2931/3367/2937 3160/3693/3170
f 3161/3694/3169 3158/3695/3168 3160/3696/3170 3163/3697/3171
f 3262/3698/3172 3157/3690/3167 3161/3692/3169 3162/3699/3173
f 3162/3700/3173 3161/3694/3169 3163/3697/3171 3164/3701/3174
f 3163/3697/3171 3160/3696/3170 3357/3324/2912 2906/3321/2909
f 3164/3701/3174 3163/3697/3171 2906/3321/2909 2903/3316/2904
f 3162/3700/3173 3164/3701/3174 3165/3702/3175 3167/3703/3176
f 3164/3701/3174 2903/3316/2904 2900/3317/2905 3165/3702/3175
f 3165/3702/3175 2900/3317/2905 3356/3318/2906 3166/3704/3177
f 3167/3703/3176 3165/3702/3175 3166/3704/3177 3169/3705/3178
f 3259/3706/3179 3162/3700/3173 3167/3703/3176 3168/3707/3180
f 3168/3707/3180 3167/3703/3176 3169/3705/3178 3170/3708/3181
f 3170/3708/3181 3169/3705/3178 3171/3709/3182 3172/3710/3183
f 3169/3705/3178 3166/3704/3177 3174/3711/3184 3171/3709/3182
f 3172/3710/3183 3171/3709/3182 3173/3712/3185 3238/3713/3186
f 3171/3709/3182 3174/3711/3184 3176/3714/3187 3173/3712/3185
f 3174/3711/3184 3175/3715/3188 3178/3716/3189 3176/3714/3187
f 3166/3704/3177 3356/3318/2906 3175/3715/3188 3174/3711/3184
f 3235/3717/3190 3173/3718/3185 3176/3719/3187 3177/3720/3191
f 3177/3720/3191 3176/3719/3187 3178/3721/3189 3179/3722/3192
f 3179/3722/3192 3178/3721/3189 3180/3723/3193 3181/3724/3194
f 3175/3715/3188 3183/3725/3195 3180/3726/3193 3178/3716/3189
f 3181/3724/3194 3180/3723/3193 3182/3727/3196 3192/3728/3197
f 3183/3725/3195 3184/3729/3198 3182/3730/3196 3180/3726/3193
f 2901/3315/2903 2898/3312/2900 3184/3729/3198 3183/3725/3195
f 3356/3318/2906 2901/3315/2903 3183/3725/3195 3175/3715/3188
f 3184/3729/3198 3185/3731/3199 3187/3732/3200 3182/3730/3196
f 2898/3312/2900 2896/3311/2899 3185/3731/3199 3184/3729/3198
f 3185/3731/3199 3186/3733/3201 3188/3734/3202 3187/3732/3200
f 2896/3311/2899 3340/3310/2898 3186/3733/3201 3185/3731/3199
f 3192/3728/3197 3182/3727/3196 3187/3735/3200 3189/3736/3203
f 3189/3736/3203 3187/3735/3200 3188/3737/3202 3191/3738/3204
f 3193/3739/3205 3192/3728/3197 3189/3736/3203 3190/3740/3206
f 3190/3740/3206 3189/3736/3203 3191/3738/3204 3330/3741/3207
f 3195/3742/3208 3181/3724/3194 3192/3728/3197 3193/3739/3205
f 3194/3743/3209 3193/3739/3205 3190/3740/3206 3352/3744/3210
f 3197/3745/3211 3195/3742/3208 3193/3739/3205 3194/3743/3209
f 3196/3746/3212 3179/3722/3192 3181/3724/3194 3195/3742/3208
f 3198/3747/3213 3196/3746/3212 3195/3742/3208 3197/3745/3211
f 3200/3748/3214 3198/3747/3213 3197/3745/3211 3199/3749/3215
f 3199/3749/3215 3197/3745/3211 3194/3743/3209 3201/3750/3216
f 3202/3751/3217 3203/3752/3218 3200/3753/3214 3199/3754/3215
f 3205/3755/3219 3202/3751/3217 3199/3754/3215 3201/3756/3216
f 3204/3757/3220 3304/3758/3221 3203/3752/3218 3202/3751/3217
f 3207/3759/3222 3204/3757/3220 3202/3751/3217 3205/3755/3219
f 3208/3760/3223 3207/3759/3222 3205/3755/3219 3206/3761/3224
f 3206/3761/3224 3205/3755/3219 3201/3756/3216 3319/3762/3225
f 3210/3763/3226 3209/3764/3227 3207/3759/3222 3208/3760/3223
f 3209/3764/3227 3212/3765/3228 3204/3757/3220 3207/3759/3222
f 3306/3766/3229 3211/3767/3230 3209/3764/3227 3210/3763/3226
f 3211/3767/3230 3214/3768/3231 3212/3765/3228 3209/3764/3227
f 3214/3768/3231 3215/3769/3232 3213/3770/3233 3212/3765/3228
f 3212/3765/3228 3213/3770/3233 3304/3758/3221 3204/3757/3220
f 3211/3767/3230 3141/3672/3154 3143/3675/3155 3214/3768/3231
f 3214/3768/3231 3143/3675/3155 3145/3677/3157 3215/3769/3232
f 3215/3769/3232 3145/3677/3157 3147/3679/3159 3216/3771/3234
f 3215/3769/3232 3216/3771/3234 3218/3772/3235 3213/3770/3233
f 3216/3771/3234 3147/3679/3159 3150/3681/3161 3217/3773/3236
f 3216/3771/3234 3217/3773/3236 3220/3774/3237 3218/3772/3235
f 3213/3770/3233 3218/3772/3235 3219/3775/3238 3304/3758/3221
f 3218/3772/3235 3220/3774/3237 3222/3776/3239 3219/3775/3238
f 3220/3774/3237 3221/3777/3240 3223/3778/3241 3222/3776/3239
f 3217/3773/3236 3267/3779/3242 3221/3777/3240 3220/3774/3237
f 3222/3776/3239 3223/3778/3241 3225/3780/3243 3224/3781/3244
f 3219/3775/3238 3222/3776/3239 3224/3781/3244 3227/3782/3245
f 3224/3781/3244 3225/3780/3243 3300/3783/3246 3226/3784/3247
f 3227/3782/3245 3224/3781/3244 3226/3784/3247 3228/3785/3248
f 3304/3758/3221 3219/3775/3238 3227/3782/3245 3203/3752/3218
f 3203/3752/3218 3227/3782/3245 3228/3785/3248 3200/3753/3214
f 3228/3786/3248 3229/3787/3249 3198/3747/3213 3200/3748/3214
f 3226/3788/3247 3231/3789/3250 3229/3787/3249 3228/3786/3248
f 3231/3789/3250 3233/3790/3251 3230/3791/3252 3229/3787/3249
f 3229/3787/3249 3230/3791/3252 3196/3746/3212 3198/3747/3213
f 3232/3792/3253 3234/3793/3254 3233/3790/3251 3231/3789/3250
f 3300/3794/3246 3232/3792/3253 3231/3789/3250 3226/3788/3247
f 3234/3793/3254 3236/3795/3255 3235/3717/3190 3233/3790/3251
f 3233/3790/3251 3235/3717/3190 3177/3720/3191 3230/3791/3252
f 3236/3795/3255 3238/3796/3186 3173/3718/3185 3235/3717/3190
f 3237/3797/3256 3239/3798/3257 3238/3713/3186 3236/3799/3255
f 3301/3800/3258 3237/3801/3256 3236/3795/3255 3234/3793/3254
f 3241/3802/3259 3172/3710/3183 3238/3713/3186 3239/3798/3257
f 3302/3803/3260 3240/3804/3261 3239/3798/3257 3237/3797/3256
f 3243/3805/3262 3241/3802/3259 3239/3798/3257 3240/3804/3261
f 3242/3806/3263 3170/3708/3181 3172/3710/3183 3241/3802/3259
f 3244/3807/3264 3242/3806/3263 3241/3802/3259 3243/3805/3262
f 3248/3808/3265 3244/3807/3264 3243/3805/3262 3245/3809/3266
f 3245/3809/3266 3243/3805/3262 3240/3804/3261 3247/3810/3267
f 3249/3811/3268 3248/3808/3265 3245/3809/3266 3246/3812/3269
f 3246/3812/3269 3245/3809/3266 3247/3810/3267 3303/3813/3270
f 3251/3814/3271 3250/3815/3272 3248/3808/3265 3249/3811/3268
f 3250/3815/3272 3253/3816/3273 3244/3807/3264 3248/3808/3265
f 3285/3817/3274 3252/3818/3275 3250/3819/3272 3251/3820/3271
f 3252/3821/3275 3255/3822/3276 3253/3816/3273 3250/3815/3272
f 3255/3822/3276 3257/3823/3277 3254/3824/3278 3253/3816/3273
f 3253/3816/3273 3254/3824/3278 3242/3806/3263 3244/3807/3264
f 3258/3825/3279 3257/3823/3277 3255/3822/3276 3256/3826/3280
f 3256/3827/3280 3255/3828/3276 3252/3818/3275 3285/3817/3274
f 3260/3829/3281 3259/3830/3179 3257/3831/3277 3258/3832/3279
f 3257/3823/3277 3259/3706/3179 3168/3707/3180 3254/3824/3278
f 3262/3833/3172 3162/3834/3173 3259/3830/3179 3260/3829/3281
f 3263/3835/3282 3262/3833/3172 3260/3829/3281 3261/3836/3283
f 3261/3836/3283 3260/3829/3281 3258/3832/3279 3284/3837/3284
f 3263/3838/3282 3155/3688/3165 3157/3690/3167 3262/3698/3172
f 3264/3839/3285 3263/3835/3282 3261/3836/3283 3265/3840/3286
f 3264/3841/3285 3153/3686/3163 3155/3688/3165 3263/3838/3282
f 3217/3773/3236 3150/3681/3161 3153/3842/3163 3264/3843/3285
f 3217/3773/3236 3264/3843/3285 3265/3844/3286 3267/3779/3242
f 3265/3840/3286 3261/3836/3283 3284/3837/3284 3266/3845/3287
f 3267/3779/3242 3265/3844/3286 3266/3846/3287 3268/3847/3288
f 3267/3779/3242 3268/3847/3288 3270/3848/3289 3221/3777/3240
f 3268/3847/3288 3266/3846/3287 3282/3849/3290 3269/3850/3291
f 3268/3847/3288 3269/3850/3291 3272/3851/3292 3270/3848/3289
f 3221/3777/3240 3270/3848/3289 3271/3852/3293 3223/3778/3241
f 3270/3848/3289 3272/3851/3292 3273/3853/3294 3271/3852/3293
f 3272/3851/3292 3274/3854/3295 3275/3855/3296 3273/3853/3294
f 3269/3850/3291 3276/3856/3297 3274/3854/3295 3272/3851/3292
f 3274/3854/3295 3277/3857/3298 3279/3858/3299 3275/3855/3296
f 3276/3856/3297 3280/3859/3300 3277/3857/3298 3274/3854/3295
f 3280/3860/3300 3281/3861/3301 3278/3862/3302 3277/3863/3298
f 3277/3863/3298 3278/3862/3302 3286/3864/3303 3279/3865/3299
f 3269/3850/3291 3282/3849/3290 3280/3859/3300 3276/3856/3297
f 3282/3866/3290 3283/3867/3304 3281/3861/3301 3280/3860/3300
f 3266/3845/3287 3284/3837/3284 3283/3868/3304 3282/3869/3290
f 3284/3837/3284 3258/3832/3279 3256/3870/3280 3283/3868/3304
f 3283/3867/3304 3256/3827/3280 3285/3817/3274 3281/3861/3301
f 3281/3861/3301 3285/3817/3274 3251/3820/3271 3278/3862/3302
f 3279/3865/3299 3286/3864/3303 3288/3871/3305 3287/3872/3306
f 3275/3855/3296 3279/3858/3299 3287/3873/3306 3289/3874/3307
f 3287/3875/3306 3288/3876/3305 3292/3877/3308 3290/3878/3309
f 3289/3874/3307 3287/3873/3306 3290/3879/3309 3291/3880/3310
f 3291/3881/3310 3290/3878/3309 3293/3882/3311 3296/3883/3312
f 3290/3878/3309 3292/3877/3308 3294/3884/3313 3293/3882/3311
f 3293/3882/3311 3294/3884/3313 3301/3800/3258 3295/3885/3314
f 3296/3883/3312 3293/3882/3311 3295/3885/3314 3298/3886/3315
f 3297/3887/3316 3289/3874/3307 3291/3880/3310 3296/3888/3312
f 3299/3889/3317 3297/3887/3316 3296/3888/3312 3298/3890/3315
f 3225/3780/3243 3299/3889/3317 3298/3890/3315 3300/3783/3246
f 3298/3886/3315 3295/3885/3314 3232/3792/3253 3300/3794/3246
f 3271/3852/3293 3273/3853/3294 3297/3887/3316 3299/3889/3317
f 3223/3778/3241 3271/3852/3293 3299/3889/3317 3225/3780/3243
f 3273/3853/3294 3275/3855/3296 3289/3874/3307 3297/3887/3316
f 3295/3885/3314 3301/3800/3258 3234/3793/3254 3232/3792/3253
f 3294/3884/3313 3302/3891/3260 3237/3801/3256 3301/3800/3258
f 3292/3877/3308 3303/3892/3270 3302/3891/3260 3294/3884/3313
f 3303/3813/3270 3247/3810/3267 3240/3804/3261 3302/3803/3260
f 3288/3876/3305 3246/3893/3269 3303/3892/3270 3292/3877/3308
f 3286/3864/3303 3249/3894/3268 3246/3895/3269 3288/3871/3305
f 3278/3862/3302 3251/3820/3271 3249/3894/3268 3286/3864/3303
f 3254/3824/3278 3168/3707/3180 3170/3708/3181 3242/3806/3263
f 3230/3791/3252 3177/3720/3191 3179/3722/3192 3196/3746/3212
f 3305/3896/3318 3354/3668/3153 3141/3671/3154 3211/3897/3230
f 3306/3898/3229 3307/3899/3319 3305/3896/3318 3211/3897/3230
f 3308/3900/3320 3309/3901/3321 3307/3899/3319 3306/3898/3229
f 3308/3902/3320 3306/3766/3229 3210/3763/3226 3311/3903/3322
f 3310/3904/3323 3348/3905/3324 3309/3901/3321 3308/3900/3320
f 3310/3906/3323 3308/3902/3320 3311/3903/3322 3312/3907/3325
f 3312/3907/3325 3311/3903/3322 3313/3908/3326 3314/3909/3327
f 3311/3903/3322 3210/3763/3226 3208/3760/3223 3313/3908/3326
f 3314/3909/3327 3313/3908/3326 3315/3910/3328 3316/3911/3329
f 3313/3908/3326 3208/3760/3223 3206/3761/3224 3315/3910/3328
f 3316/3912/3329 3315/3913/3328 3317/3914/3330 3320/3915/3331
f 3315/3910/3328 3206/3761/3224 3319/3762/3225 3317/3916/3330
f 3317/3914/3330 3318/3917/3332 3321/3918/3333 3320/3915/3331
f 3319/3919/3225 3352/3744/3210 3318/3917/3332 3317/3914/3330
f 3320/3915/3331 3321/3918/3333 3324/3920/3334 3322/3921/3335
f 3323/3922/3336 3316/3912/3329 3320/3915/3331 3322/3921/3335
f 3325/3923/3337 3323/3922/3336 3322/3921/3335 3324/3920/3334
f 3327/3924/3338 3325/3923/3337 3324/3920/3334 3326/3925/3339
f 3321/3918/3333 3329/3926/3340 3326/3925/3339 3324/3920/3334
f 3336/3927/3341 3327/3924/3338 3326/3925/3339 3328/3928/3342
f 3329/3926/3340 3331/3929/3343 3328/3928/3342 3326/3925/3339
f 3330/3741/3207 3191/3738/3204 3331/3929/3343 3329/3926/3340
f 3318/3917/3332 3330/3741/3207 3329/3926/3340 3321/3918/3333
f 3191/3738/3204 3188/3737/3202 3332/3930/3344 3331/3929/3343
f 3331/3929/3343 3332/3930/3344 3334/3931/3345 3328/3928/3342
f 3333/3932/3346 3335/3933/3347 3334/3934/3345 3332/3935/3344
f 3186/3733/3201 3333/3932/3346 3332/3935/3344 3188/3734/3202
f 3335/3936/3347 3336/3927/3341 3328/3928/3342 3334/3931/3345
f 3337/3937/3348 3338/3938/3349 3336/3939/3341 3335/3933/3347
f 3339/3940/3350 3337/3937/3348 3335/3933/3347 3333/3932/3346
f 2881/3289/2882 3342/3288/2881 3338/3941/3349 3337/3942/3348
f 2883/3293/2883 2881/3943/2882 3337/3937/3348 3339/3940/3350
f 2895/3294/2885 2883/3293/2883 3339/3940/3350 3340/3310/2898
f 3340/3310/2898 3339/3940/3350 3333/3932/3346 3186/3733/3201
f 3338/3944/3349 3341/3945/3351 3327/3946/3338 3336/3947/3341
f 3342/3948/2881 3343/3949/3352 3341/3945/3351 3338/3944/3349
f 2880/3284/2877 3345/3297/2887 3343/3950/3352 3342/3288/2881
f 3343/3949/3352 3344/3951/3353 3351/3952/3354 3341/3945/3351
f 3345/3953/2887 3346/3954/3355 3344/3951/3353 3343/3949/3352
f 3346/3955/3355 3345/3297/2887 2886/3298/2888 3348/3905/3324
f 3347/3956/3356 3346/3955/3355 3348/3905/3324 3310/3904/3323
f 3346/3954/3355 3347/3957/3356 3349/3958/3357 3344/3951/3353
f 3348/3905/3324 2886/3298/2888 2888/3299/2889 3309/3901/3321
f 3347/3957/3356 3310/3959/3323 3312/3960/3325 3349/3958/3357
f 3344/3951/3353 3349/3958/3357 3350/3961/3358 3351/3952/3354
f 3349/3958/3357 3312/3960/3325 3314/3962/3327 3350/3961/3358
f 3351/3952/3354 3350/3961/3358 3323/3963/3336 3325/3964/3337
f 3350/3961/3358 3314/3962/3327 3316/3965/3329 3323/3963/3336
f 3341/3945/3351 3351/3952/3354 3325/3964/3337 3327/3946/3338
f 3352/3744/3210 3190/3740/3206 3330/3741/3207 3318/3917/3332
f 3201/3750/3216 3194/3743/3209 3352/3744/3210 3319/3919/3225
f 3309/3901/3321 2888/3299/2889 2890/3301/2891 3307/3899/3319
f 3307/3899/3319 2890/3301/2891 3353/3304/2894 3305/3896/3318
f 3353/3304/2894 3355/3334/2919 3354/3668/3153 3305/3896/3318
f 3355/3334/2919 2912/3333/2918 3140/3669/3150 3354/3668/3153
f 2891/3303/2893 2908/3326/2913 3355/3334/2919 3353/3304/2894
f 3160/3696/3170 2931/3361/2937 2929/3358/2936 3357/3324/2912
f 3357/3324/2912 2929/3358/2936 2927/3359/2915 2905/3322/2910
f 3148/3655/3143 3130/3394/2963 2946/3395/2957 3151/3682/2956
f 2912/3333/2918 2914/3335/2920 3138/3966/3149 3140/3669/3150
f 2914/3967/2920 2916/3342/2922 3134/3662/3147 3138/3664/3149
o Cube.010
v -0.505340 -0.669008 0.024128
v -0.505340 -0.647685 0.024128
v -0.505340 -0.669008 -0.023804
v -0.392912 -0.640172 0.024128
v -0.505340 -0.762771 0.024128
v -0.505340 -0.762771 -0.023804
v -0.505340 -0.856535 0.024128
v -0.380686 -0.692167 0.024128
v -0.380686 -0.692167 -0.023804
v -0.375178 -0.717287 0.024128
v -0.375178 -0.717287 -0.023804
v -0.360310 -0.727562 0.024128
v -0.404940 -0.859178 0.024128
v -0.270196 -0.740524 0.024128
v -0.360310 -0.727562 -0.023804
v -0.404940 -0.859178 -0.023804
v -0.270196 -0.740524 -0.023804
v -0.304540 -0.861821 -0.023804
v 0.000000 -0.740524 -0.023804
v 0.000000 -0.861821 -0.023804
v 0.000000 -0.740524 0.024128
v 0.270196 -0.740524 -0.023804
v 0.304541 -0.861821 -0.023804
v 0.360310 -0.727562 -0.023804
v 0.270196 -0.740524 0.024128
v 0.360310 -0.727562 0.024128
v 0.304541 -0.861821 0.024128
v 0.000000 -0.861821 0.024128
v 0.404941 -0.859178 0.024128
v 0.404941 -0.859178 -0.023804
v 0.505341 -0.856535 0.024128
v 0.505341 -0.762771 0.024128
v 0.505341 -0.856535 -0.023804
v 0.375178 -0.717287 0.024128
v 0.375178 -0.717287 -0.023804
v 0.380686 -0.692167 0.024128
v 0.380686 -0.692167 -0.023804
v 0.392912 -0.640172 0.024128
v 0.505341 -0.669008 0.024128
v 0.406731 -0.626885 0.024128
v 0.392912 -0.640172 -0.023804
v 0.505341 -0.669008 -0.023804
v 0.406731 -0.626885 -0.023804
v 0.441377 -0.626363 -0.023804
v 0.505341 -0.647685 -0.023804
v 0.505341 -0.626363 -0.023804
v 0.505341 -0.647685 0.024128
v 0.505341 -0.626363 0.024128
v 0.505341 -0.583717 0.024128
v 0.441377 -0.626363 0.024128
v 0.437528 -0.583717 0.024128
v 0.437528 0.640879 0.024128
v 0.437528 -0.583717 -0.023804
v 0.437528 0.640879 -0.023804
v 0.505341 -0.583717 -0.023804
v 0.505341 0.640879 -0.023804
v 0.505341 0.640879 0.024128
v 0.505341 0.843244 -0.023804
v 0.505341 0.843244 0.024128
v 0.437528 0.843244 -0.023804
v 0.437528 0.843244 0.024128
v 0.377675 0.843244 -0.023804
v 0.377675 0.843244 0.024128
v 0.377675 0.640879 -0.023804
v 0.366366 0.843244 -0.023804
v 0.355056 0.843244 -0.023804
v 0.366366 0.643942 -0.023804
v 0.366366 0.843244 0.024128
v 0.355056 0.843244 0.024128
v 0.366366 0.643942 0.024128
v 0.355056 0.655778 0.024128
v 0.377675 0.640879 0.024128
v 0.332436 0.769357 0.024128
v 0.355056 0.655778 -0.023804
v 0.332436 0.769357 -0.023804
v 0.000000 0.769357 -0.023804
v 0.332436 0.843244 -0.023804
v 0.000000 0.843243 -0.023804
v 0.332436 0.843244 0.024128
v 0.000000 0.843243 0.024128
v -0.332436 0.843243 0.024128
v 0.000000 0.769357 0.024128
v -0.332436 0.769357 0.024128
v -0.332436 0.769357 -0.023804
v -0.355056 0.655777 0.024128
v -0.355056 0.843243 0.024128
v -0.355056 0.655777 -0.023804
v -0.366365 0.643942 0.024128
v -0.366365 0.643942 -0.023804
v -0.366365 0.843243 0.024128
v -0.377675 0.640879 0.024128
v -0.437528 0.640879 0.024128
v -0.377675 0.843243 0.024128
v -0.377675 0.640879 -0.023804
v -0.437528 0.640879 -0.023804
v -0.377675 0.843243 -0.023804
v -0.437528 0.843243 -0.023804
v -0.366365 0.843243 -0.023804
v -0.355056 0.843243 -0.023804
v -0.332436 0.843243 -0.023804
v -0.505340 0.843243 -0.023804
v -0.437528 0.843243 0.024128
v -0.505340 0.843243 0.024128
v -0.505340 0.640879 0.024128
v -0.505340 0.640879 -0.023804
v -0.505340 -0.583717 0.024128
v -0.437528 -0.583717 0.024128
v -0.505340 -0.583717 -0.023804
v -0.505340 -0.626363 0.024128
v -0.505340 -0.626363 -0.023804
v -0.441376 -0.626363 0.024128
v -0.441376 -0.626363 -0.023804
v -0.406731 -0.626885 0.024128
v -0.406731 -0.626885 -0.023804
v -0.505340 -0.647685 -0.023804
v -0.392912 -0.640172 -0.023804
v -0.437528 -0.583717 -0.023804
v 0.505341 -0.762771 -0.023804
v -0.304540 -0.861821 0.024128
v -0.505340 -0.856535 -0.023804
vn -0.0000 -0.0000 1.0000
vn -1.0000 -0.0000 -0.0000
vn 0.8688 0.4951 -0.0000
vn 0.9752 0.2215 -0.0000
vn 0.8304 0.5572 -0.0000
vn 0.3651 0.9310 -0.0000
vn 0.0714 0.9974 -0.0000
vn -0.0000 -0.0000 -1.0000
vn -0.0000 1.0000 -0.0000
vn -0.0714 0.9974 -0.0000
vn -0.3651 0.9310 -0.0000
vn 0.0132 -0.9999 -0.0000
vn -0.0000 -1.0000 -0.0000
vn 0.0263 -0.9997 -0.0000
vn 1.0000 -0.0000 -0.0000
vn -0.8304 0.5572 -0.0000
vn -0.9752 0.2215 -0.0000
vn -0.8688 0.4951 -0.0000
vn -0.3806 0.9247 -0.0000
vn -0.0151 0.9999 -0.0000
vn -0.9960 -0.0899 -0.0000
vn -0.9990 -0.0450 -0.0000
vn -0.5110 -0.8596 -0.0000
vn -0.8872 -0.4615 -0.0000
vn -0.1319 -0.9913 -0.0000
vn -0.9807 -0.1953 -0.0000
vn 0.8872 -0.4615 -0.0000
vn 0.9807 -0.1953 -0.0000
vn 0.5110 -0.8596 -0.0000
vn 0.1319 -0.9913 -0.0000
vn 0.9960 -0.0899 -0.0000
vn 0.9990 -0.0450 -0.0000
vn 0.3806 0.9247 -0.0000
vn 0.0151 0.9999 -0.0000
vn -0.0132 -0.9999 -0.0000
vn -0.0263 -0.9997 -0.0000
vt 0.564267 0.438487
vt 0.568352 0.434560
vt 0.597500 0.440708
vt 0.597500 0.447011
vt 0.910331 0.446972
vt 0.910331 0.440669
vt 0.924499 0.440669
vt 0.924499 0.446972
vt 0.924499 0.474685
vt 0.910331 0.474685
vt 0.597500 0.474727
vt 0.560653 0.453856
vt 0.924499 0.502398
vt 0.910331 0.502398
vt 0.597500 0.502442
vt 0.559025 0.461282
vt 0.941489 0.962961
vt 0.955657 0.962961
vt 0.955657 0.978376
vt 0.941489 0.978376
vt 0.955657 0.985823
vt 0.941489 0.985823
vt 0.122586 0.898305
vt 0.108417 0.898305
vt 0.108417 0.893910
vt 0.122586 0.893910
vt 0.567823 0.503224
vt 0.554630 0.464319
vt 0.538145 0.504005
vt 0.527993 0.468151
vt 0.108417 0.867273
vt 0.122586 0.867273
vt 0.000000 0.502442
vt 0.038475 0.461282
vt 0.042870 0.464319
vt 0.029678 0.503224
vt 0.069507 0.468151
vt 0.059355 0.504005
vt 0.149375 0.468151
vt 0.149375 0.504005
vt 0.108417 0.787405
vt 0.122586 0.787405
vt 0.239395 0.504005
vt 0.229243 0.468151
vt 0.122586 0.707537
vt 0.108417 0.707537
vt 0.269073 0.503224
vt 0.255880 0.464319
vt 0.122586 0.680900
vt 0.108417 0.680900
vt 0.341620 0.464319
vt 0.368257 0.468151
vt 0.358105 0.504005
vt 0.328428 0.503224
vt 0.448125 0.468151
vt 0.448125 0.504005
vt 0.393130 0.732124
vt 0.393130 0.822144
vt 0.378962 0.822144
vt 0.378962 0.732124
vt 0.393130 0.702447
vt 0.378962 0.702447
vt 0.393130 0.672769
vt 0.378962 0.672769
vt 0.337225 0.461282
vt 0.298750 0.502443
vt 0.335597 0.453856
vt 0.298750 0.474727
vt 0.910331 0.474685
vt 0.910331 0.502398
vt 0.896162 0.502398
vt 0.896162 0.474685
vt 0.122586 0.676505
vt 0.108417 0.676505
vt 0.536697 0.788135
vt 0.536697 0.795581
vt 0.522529 0.795581
vt 0.522529 0.788135
vt 0.536697 0.772719
vt 0.522529 0.772719
vt 0.331983 0.438487
vt 0.298750 0.447011
vt 0.298750 0.440708
vt 0.327898 0.434560
vt 0.956060 0.667677
vt 0.970228 0.667677
vt 0.970228 0.671762
vt 0.956060 0.671762
vt 0.261903 0.453856
vt 0.265517 0.438487
vt 0.269602 0.434560
vt 0.970228 0.682003
vt 0.956060 0.682003
vt 0.279843 0.434405
vt 0.298750 0.434405
vt 0.910331 0.440669
vt 0.896162 0.440669
vt 0.896162 0.434367
vt 0.910331 0.434367
vt 0.910331 0.446972
vt 0.896162 0.446972
vt 0.317657 0.434405
vt 0.896162 0.421763
vt 0.910331 0.421763
vt 0.298750 0.421800
vt 0.318795 0.421800
vt 0.952835 0.374540
vt 0.938667 0.374540
vt 0.938667 0.361950
vt 0.952835 0.361950
vt 0.298750 0.059818
vt 0.318795 0.059818
vt 0.938667 -0.000000
vt 0.952835 -0.000000
vt 0.278705 0.421800
vt 0.278705 0.059818
vt 0.896162 0.059812
vt 0.910331 0.059812
vt 0.896162 0.000000
vt 0.910331 0.000000
vt 0.278705 0.000000
vt 0.298750 0.000000
vt 0.259680 0.696472
vt 0.245512 0.696472
vt 0.245512 0.676427
vt 0.259680 0.676427
vt 0.261013 0.059818
vt 0.261013 0.000000
vt 0.259680 0.714164
vt 0.245512 0.714164
vt 0.259680 0.717507
vt 0.245512 0.717507
vt 0.257670 0.058912
vt 0.257670 0.000000
vt 0.259680 0.720850
vt 0.245512 0.720850
vt 0.254327 0.055414
vt 0.254327 0.000000
vt 0.339830 0.000000
vt 0.343173 0.000000
vt 0.343173 0.055414
vt 0.339830 0.058912
vt 0.336487 0.000000
vt 0.336487 0.059818
vt 0.984728 0.091809
vt 0.984728 0.088355
vt 0.998897 0.088355
vt 0.998897 0.091809
vt 0.955755 0.975660
vt 0.955755 0.972317
vt 0.969924 0.972317
vt 0.969924 0.975660
vt 0.318795 0.000000
vt 0.955755 0.993352
vt 0.969924 0.993352
vt 0.984728 0.054873
vt 0.998897 0.054873
vt 0.349859 0.000000
vt 0.349859 0.021840
vt 0.247641 0.021840
vt 0.247641 0.000000
vt 0.973406 0.698930
vt 0.973406 0.600664
vt 0.987575 0.600664
vt 0.987575 0.698930
vt 0.149375 0.021840
vt 0.149375 0.000000
vt 0.259680 0.727536
vt 0.259680 0.825802
vt 0.245512 0.825802
vt 0.245512 0.727536
vt 0.448125 0.000000
vt 0.448125 0.021840
vt 0.546391 0.000000
vt 0.546391 0.021840
vt 0.259680 0.924068
vt 0.245512 0.924068
vt 0.973406 0.502398
vt 0.987575 0.502398
vt 0.122586 0.994841
vt 0.108417 0.994841
vt 0.108417 0.961359
vt 0.122586 0.961359
vt 0.553077 0.000000
vt 0.553077 0.055414
vt 0.556420 0.000000
vt 0.556420 0.058912
vt 0.122586 0.998295
vt 0.108417 0.998295
vt 0.378962 0.989211
vt 0.393130 0.989211
vt 0.393130 0.992555
vt 0.378962 0.992555
vt 0.559763 0.000000
vt 0.559763 0.059818
vt 0.378962 0.971519
vt 0.393130 0.971519
vt 0.577455 0.000000
vt 0.577455 0.059818
vt 0.020045 0.059818
vt 0.020045 0.000000
vt 0.037737 0.000000
vt 0.037737 0.059818
vt 0.041080 0.000000
vt 0.041080 0.058912
vt 0.259680 0.937440
vt 0.245512 0.937440
vt 0.245512 0.934097
vt 0.259680 0.934097
vt 0.259680 0.955132
vt 0.245512 0.955132
vt 0.044423 0.000000
vt 0.044423 0.055414
vt 0.245512 0.930754
vt 0.259680 0.930754
vt 0.051109 0.000000
vt 0.051109 0.021840
vt 0.259680 0.975177
vt 0.245512 0.975177
vt 0.000000 0.059818
vt 0.000000 0.000000
vt 0.597500 0.000000
vt 0.597500 0.059818
vt 0.910331 0.059812
vt 0.924499 0.000000
vt 0.924499 0.059812
vt 0.910331 0.421762
vt 0.924499 0.421762
vt 0.577455 0.421800
vt 0.597500 0.421800
vt 0.578593 0.434405
vt 0.597500 0.434405
vt 0.910331 0.434367
vt 0.924499 0.434367
vt 0.924499 0.374540
vt 0.924499 0.361950
vt 0.941892 0.677918
vt 0.941892 0.667677
vt 0.956060 0.667677
vt 0.956060 0.677918
vt 0.941892 0.682003
vt 0.956060 0.682003
vt 0.000000 0.440708
vt 0.000000 0.434405
vt 0.018907 0.434405
vt 0.029148 0.434560
vt 0.000000 0.447011
vt 0.033233 0.438487
vt 0.036847 0.453856
vt 0.000000 0.474727
vt 0.000000 0.421800
vt 0.020045 0.421800
vt 0.924499 0.000000
vt 0.938667 0.000000
vt 0.260275 0.461282
vt 0.393130 0.912164
vt 0.378962 0.912164
vt 0.393130 0.941842
vt 0.378962 0.941842
vt 0.393130 0.971519
vt 0.378962 0.971519
s 1
f 3364/3968/3359 3473/3969/3359 3362/3970/3359 3361/3971/3359
f 3361/3972/3360 3362/3973/3360 3475/3974/3360 3363/3975/3360
f 3361/3972/3360 3363/3975/3360 3366/3976/3360 3365/3977/3360
f 3364/3968/3359 3361/3971/3359 3365/3978/3359 3368/3979/3359
f 3365/3977/3360 3366/3976/3360 3480/3980/3360 3367/3981/3360
f 3368/3979/3359 3365/3978/3359 3367/3982/3359 3370/3983/3359
f 3476/3984/3361 3364/3985/3361 3368/3986/3362 3369/3987/3362
f 3369/3987/3362 3368/3986/3362 3370/3988/3363 3371/3989/3363
f 3371/3990/3363 3370/3991/3363 3372/3992/3364 3375/3993/3364
f 3370/3983/3359 3367/3982/3359 3373/3994/3359 3372/3995/3359
f 3372/3995/3359 3373/3994/3359 3479/3996/3359 3374/3997/3359
f 3375/3993/3364 3372/3992/3364 3374/3998/3365 3377/3999/3365
f 3480/4000/3366 3371/4001/3366 3375/4002/3366 3376/4003/3366
f 3376/4003/3366 3375/4002/3366 3377/4004/3366 3378/4005/3366
f 3378/4005/3366 3377/4004/3366 3379/4006/3366 3380/4007/3366
f 3377/3999/3365 3374/3998/3365 3381/4008/3367 3379/4009/3367
f 3383/4010/3366 3380/4007/3366 3379/4006/3366 3382/4011/3366
f 3382/4012/3368 3379/4009/3367 3381/4008/3367 3385/4013/3368
f 3390/4014/3366 3383/4010/3366 3382/4011/3366 3384/4015/3366
f 3384/4016/3369 3382/4012/3368 3385/4013/3368 3386/4017/3369
f 3386/4018/3359 3385/4019/3359 3387/4020/3359 3389/4021/3359
f 3385/4019/3359 3381/4022/3359 3388/4023/3359 3387/4020/3359
f 3387/4024/3370 3388/4025/3371 3380/4026/3371 3383/4027/3370
f 3389/4028/3372 3387/4024/3370 3383/4027/3370 3390/4029/3372
f 3391/4030/3372 3389/4028/3372 3390/4029/3372 3393/4031/3372
f 3394/4032/3359 3386/4018/3359 3389/4021/3359 3391/4033/3359
f 3396/4034/3359 3394/4032/3359 3391/4033/3359 3392/4035/3359
f 3392/4036/3373 3391/4037/3373 3393/4038/3373 3478/4039/3373
f 3395/4040/3374 3384/4016/3369 3386/4017/3369 3394/4041/3374
f 3397/4042/3375 3395/4043/3374 3394/4044/3374 3396/4045/3375
f 3401/4046/3376 3397/4042/3375 3396/4045/3375 3398/4047/3376
f 3398/4048/3359 3396/4034/3359 3392/4035/3359 3399/4049/3359
f 3398/4048/3359 3399/4049/3359 3407/4050/3359 3400/4051/3359
f 3401/4052/3376 3398/4053/3376 3400/4054/3377 3403/4055/3377
f 3402/4049/3366 3478/4035/3366 3397/4056/3366 3401/4057/3366
f 3402/4049/3366 3401/4057/3366 3403/4058/3366 3405/4050/3366
f 3403/4055/3377 3400/4054/3377 3410/4059/3378 3404/4060/3378
f 3405/4050/3366 3403/4058/3366 3404/4061/3366 3406/4062/3366
f 3407/4063/3373 3405/4064/3373 3406/4065/3373 3408/4066/3373
f 3399/4067/3373 3402/4068/3373 3405/4064/3373 3407/4063/3373
f 3400/4051/3359 3407/4050/3359 3408/4062/3359 3410/4069/3359
f 3408/4066/3373 3406/4065/3373 3415/4070/3373 3409/4071/3373
f 3410/4069/3359 3408/4062/3359 3409/4072/3359 3411/4073/3359
f 3404/4074/3379 3410/4075/3379 3411/4076/3380 3413/4077/3380
f 3411/4073/3359 3409/4072/3359 3417/4078/3359 3412/4079/3359
f 3413/4077/3380 3411/4076/3380 3412/4080/3360 3414/4081/3360
f 3415/4072/3366 3413/4082/3366 3414/4083/3366 3416/4078/3366
f 3406/4062/3366 3404/4061/3366 3413/4082/3366 3415/4072/3366
f 3409/4071/3373 3415/4070/3373 3416/4084/3373 3417/4085/3373
f 3417/4085/3373 3416/4084/3373 3418/4086/3373 3419/4087/3373
f 3416/4078/3366 3414/4083/3366 3420/4088/3366 3418/4089/3366
f 3420/4090/3367 3421/4091/3367 3419/4092/3367 3418/4093/3367
f 3414/4083/3366 3424/4094/3366 3422/4095/3366 3420/4088/3366
f 3420/4090/3367 3422/4096/3367 3423/4097/3367 3421/4091/3367
f 3422/4096/3367 3425/4098/3367 3428/4099/3367 3423/4097/3367
f 3424/4094/3366 3427/4100/3366 3425/4101/3366 3422/4095/3366
f 3425/4098/3367 3426/4102/3367 3429/4103/3367 3428/4099/3367
f 3427/4100/3366 3434/4104/3366 3426/4105/3366 3425/4101/3366
f 3428/4106/3359 3429/4107/3359 3431/4108/3359 3430/4109/3359
f 3423/4110/3359 3428/4106/3359 3430/4109/3359 3432/4111/3359
f 3430/4112/3381 3431/4113/3382 3434/4114/3382 3427/4115/3381
f 3432/4116/3383 3430/4117/3381 3427/4118/3381 3424/4119/3383
f 3421/4120/3359 3423/4110/3359 3432/4111/3359 3412/4079/3359
f 3412/4121/3371 3432/4116/3383 3424/4119/3383 3414/4122/3371
f 3431/4113/3382 3433/4123/3384 3435/4124/3384 3434/4114/3382
f 3429/4107/3359 3439/4125/3359 3433/4126/3359 3431/4108/3359
f 3434/4104/3366 3435/4127/3366 3437/4128/3366 3426/4105/3366
f 3433/4129/3371 3442/4130/3371 3436/4131/3371 3435/4132/3371
f 3435/4127/3366 3436/4133/3366 3438/4134/3366 3437/4128/3366
f 3437/4135/3367 3438/4136/3367 3440/4137/3367 3439/4138/3367
f 3426/4102/3367 3437/4135/3367 3439/4138/3367 3429/4103/3367
f 3439/4125/3359 3440/4139/3359 3442/4140/3359 3433/4126/3359
f 3441/4141/3359 3443/4142/3359 3442/4140/3359 3440/4139/3359
f 3460/4143/3367 3441/4144/3367 3440/4137/3367 3438/4136/3367
f 3443/4145/3371 3444/4146/3371 3436/4131/3371 3442/4130/3371
f 3445/4147/3385 3447/4148/3385 3444/4149/3386 3443/4150/3386
f 3446/4151/3359 3445/4152/3359 3443/4142/3359 3441/4141/3359
f 3450/4153/3359 3448/4154/3359 3445/4152/3359 3446/4151/3359
f 3448/4155/3387 3449/4156/3387 3447/4148/3385 3445/4147/3385
f 3451/4157/3388 3454/4158/3388 3449/4159/3387 3448/4160/3387
f 3453/4161/3359 3451/4162/3359 3448/4154/3359 3450/4153/3359
f 3452/4163/3371 3455/4164/3371 3454/4158/3388 3451/4157/3388
f 3462/4165/3359 3452/4166/3359 3451/4162/3359 3453/4161/3359
f 3455/4167/3366 3457/4168/3366 3456/4169/3366 3454/4170/3366
f 3454/4170/3366 3456/4169/3366 3458/4171/3366 3449/4172/3366
f 3456/4173/3367 3453/4174/3367 3450/4175/3367 3458/4176/3367
f 3457/4177/3367 3462/4178/3367 3453/4174/3367 3456/4173/3367
f 3449/4172/3366 3458/4171/3366 3459/4179/3366 3447/4180/3366
f 3458/4176/3367 3450/4175/3367 3446/4181/3367 3459/4182/3367
f 3459/4182/3367 3446/4181/3367 3441/4144/3367 3460/4143/3367
f 3447/4180/3366 3459/4179/3366 3460/4183/3366 3444/4184/3366
f 3444/4184/3366 3460/4183/3366 3438/4134/3366 3436/4133/3366
f 3457/4177/3367 3461/4185/3367 3463/4186/3367 3462/4178/3367
f 3465/4187/3366 3461/4188/3366 3457/4168/3366 3455/4167/3366
f 3452/4166/3359 3462/4165/3359 3463/4189/3359 3464/4190/3359
f 3464/4191/3360 3463/4087/3360 3461/4192/3360 3465/4193/3360
f 3466/4194/3360 3464/4191/3360 3465/4193/3360 3468/4195/3360
f 3467/4196/3359 3452/4166/3359 3464/4190/3359 3466/4197/3359
f 3471/4198/3359 3467/4196/3359 3466/4197/3359 3469/4199/3359
f 3469/4200/3360 3466/4194/3360 3468/4195/3360 3470/4201/3360
f 3362/3973/3360 3469/4200/3360 3470/4201/3360 3475/3974/3360
f 3473/3969/3359 3471/4198/3359 3469/4199/3359 3362/3970/3359
f 3472/4202/3389 3477/4203/3390 3467/4076/3390 3471/4075/3389
f 3474/4204/3391 3472/4205/3392 3471/4206/3392 3473/4207/3391
f 3476/4208/3361 3474/4204/3391 3473/4207/3391 3364/4209/3361
f 3475/4210/3366 3470/4211/3366 3472/4212/3366 3474/4213/3366
f 3363/4214/3366 3475/4210/3366 3474/4213/3366 3476/4215/3366
f 3363/4214/3366 3476/4215/3366 3369/4216/3366 3366/4217/3366
f 3470/4211/3366 3468/4218/3366 3477/4219/3366 3472/4212/3366
f 3468/4218/3366 3465/4187/3366 3455/4167/3366 3477/4219/3366
f 3477/4203/3390 3455/4220/3373 3452/4221/3373 3467/4076/3390
f 3412/4079/3359 3417/4078/3359 3419/4089/3359 3421/4120/3359
f 3399/4067/3373 3392/4036/3373 3478/4039/3373 3402/4068/3373
f 3478/4035/3366 3393/4033/3366 3395/4222/3366 3397/4056/3366
f 3393/4033/3366 3390/4014/3366 3384/4015/3366 3395/4222/3366
f 3479/4223/3393 3378/4224/3393 3380/4026/3371 3388/4025/3371
f 3374/3997/3359 3479/3996/3359 3388/4023/3359 3381/4022/3359
f 3373/4225/3394 3376/4226/3394 3378/4224/3393 3479/4223/3393
f 3367/4227/3394 3480/4228/3394 3376/4226/3394 3373/4225/3394
f 3366/4217/3366 3369/4216/3366 3371/4001/3366 3480/4000/3366
o Cube.011
v -0.449493 0.582351 -0.019555
v -0.435824 0.566861 -0.015287
v -0.459778 0.574674 -0.031457
v -0.444552 0.612669 -0.015078
v -0.430102 0.661056 -0.011472
v -0.422846 0.601849 -0.005888
v -0.459454 0.614808 -0.030200
v -0.446569 0.666619 -0.028401
v -0.465064 0.614043 -0.048820
v -0.452257 0.667981 -0.048820
v -0.459454 0.614808 -0.067439
v -0.464920 0.570770 -0.048820
v -0.450577 0.540490 -0.048820
v -0.459778 0.574674 -0.066182
v -0.446189 0.546973 -0.067324
v -0.449493 0.582351 -0.078084
v -0.435824 0.566861 -0.082352
v -0.444552 0.612669 -0.082561
v -0.422846 0.601849 -0.091751
v -0.430102 0.661056 -0.086168
v -0.404348 0.650150 -0.096696
v -0.406152 0.719867 -0.087630
v -0.446569 0.666619 -0.069238
v -0.423316 0.727070 -0.070043
v -0.429062 0.729410 -0.048820
v -0.393023 0.790447 -0.070158
v -0.359048 0.850664 -0.070043
v -0.375583 0.782544 -0.087839
v -0.398836 0.793081 -0.048820
v -0.364782 0.853424 -0.048820
v -0.393023 0.790447 -0.027481
v -0.359048 0.850664 -0.027596
v -0.375583 0.782544 -0.009801
v -0.423316 0.727070 -0.027596
v -0.406152 0.719867 -0.010010
v -0.378597 0.708019 0.000909
v -0.345331 0.693729 0.004549
v -0.404348 0.650150 -0.000944
v -0.347486 0.769812 0.001173
v -0.313735 0.829648 0.000909
v -0.313576 0.754445 0.004831
v -0.279940 0.814071 0.004549
v -0.279666 0.739078 0.001173
v -0.246246 0.798337 0.000909
v -0.251569 0.726346 -0.009801
v -0.311987 0.679611 0.000909
v -0.341405 0.625352 -0.000943
v -0.284354 0.667934 -0.010010
v -0.315030 0.615818 -0.011472
v -0.267268 0.660560 -0.027596
v -0.261600 0.658049 -0.048820
v -0.299184 0.608883 -0.028401
v -0.234129 0.718443 -0.027481
v -0.200932 0.777320 -0.027596
v -0.228316 0.715809 -0.048820
v -0.195097 0.774718 -0.048820
v -0.234129 0.718443 -0.070158
v -0.200932 0.777320 -0.070043
v -0.251569 0.726346 -0.087839
v -0.267268 0.660560 -0.070043
v -0.299184 0.608883 -0.069238
v -0.284354 0.667934 -0.087630
v -0.315030 0.615818 -0.086168
v -0.311987 0.679611 -0.098548
v -0.345331 0.693729 -0.102188
v -0.341405 0.625352 -0.096696
v -0.279666 0.739078 -0.098813
v -0.246246 0.798337 -0.098548
v -0.313576 0.754445 -0.102471
v -0.279940 0.814071 -0.102188
v -0.347486 0.769812 -0.098813
v -0.313735 0.829648 -0.098548
v -0.378597 0.708019 -0.098548
v -0.280267 0.882464 -0.096696
v -0.341745 0.842539 -0.087630
v -0.307385 0.894198 -0.086168
v -0.275461 0.932568 -0.082561
v -0.323560 0.902476 -0.069238
v -0.328681 0.905646 -0.048820
v -0.288213 0.941362 -0.067439
v -0.291681 0.945558 -0.048820
v -0.253357 0.964979 -0.066182
v -0.253831 0.970623 -0.048820
v -0.252385 0.953704 -0.078084
v -0.218259 0.972600 -0.067324
v -0.185798 0.966101 -0.068318
v -0.215753 0.979359 -0.048820
v -0.228392 0.953824 -0.082353
v -0.250309 0.924124 -0.091751
v -0.198712 0.945964 -0.084497
v -0.219837 0.912830 -0.094861
v -0.174526 0.929539 -0.082353
v -0.192013 0.897408 -0.091751
v -0.161469 0.912607 -0.078084
v -0.161259 0.947249 -0.067324
v -0.155843 0.952844 -0.048820
v -0.149561 0.918384 -0.066182
v -0.154110 0.880170 -0.067439
v -0.143594 0.921305 -0.048820
v -0.147994 0.880103 -0.048820
v -0.149561 0.918384 -0.031457
v -0.154110 0.880170 -0.030200
v -0.161469 0.912607 -0.019555
v -0.161260 0.947249 -0.030316
v -0.185798 0.966101 -0.029322
v -0.174526 0.929539 -0.015287
v -0.192013 0.897408 -0.005888
v -0.198712 0.945964 -0.013143
v -0.219837 0.912830 -0.002778
v -0.228392 0.953824 -0.015287
v -0.250310 0.924124 -0.005888
v -0.252385 0.953704 -0.019555
v -0.218259 0.972600 -0.030316
v -0.253357 0.964979 -0.031457
v -0.288213 0.941362 -0.030201
v -0.323560 0.902476 -0.028401
v -0.275461 0.932568 -0.015078
v -0.307385 0.894198 -0.011472
v -0.341745 0.842539 -0.010010
v -0.280267 0.882464 -0.000944
v -0.247620 0.868152 0.002573
v -0.215783 0.852577 -0.000944
v -0.189475 0.839580 -0.011472
v -0.169888 0.884246 -0.015078
v -0.172490 0.832565 -0.028401
v -0.218337 0.785288 -0.010010
v -0.166560 0.830658 -0.048820
v -0.172490 0.832565 -0.069238
v -0.189475 0.839580 -0.086168
v -0.169888 0.884246 -0.082561
v -0.215783 0.852577 -0.096696
v -0.218337 0.785288 -0.087630
v -0.247620 0.868152 -0.100213
v -0.181474 0.972844 -0.048820
v -0.373187 0.637065 -0.100213
v -0.366396 0.581234 -0.091751
v -0.395637 0.589299 -0.094861
v -0.342367 0.575540 -0.082561
v -0.383987 0.549278 -0.082352
v -0.412013 0.553417 -0.084497
v -0.391584 0.529533 -0.067324
v -0.361923 0.552311 -0.078084
v -0.360033 0.541465 -0.066182
v -0.359107 0.536065 -0.048820
v -0.329788 0.568275 -0.067439
v -0.326210 0.564556 -0.048820
v -0.294118 0.606149 -0.048820
v -0.329788 0.568275 -0.030200
v -0.342367 0.575540 -0.015078
v -0.360033 0.541465 -0.031457
v -0.391584 0.529533 -0.030315
v -0.361923 0.552311 -0.019555
v -0.383987 0.549278 -0.015287
v -0.412013 0.553417 -0.013143
v -0.366396 0.581235 -0.005888
v -0.395637 0.589299 -0.002778
v -0.373187 0.637065 0.002573
v -0.421927 0.531543 -0.029321
v -0.425246 0.524219 -0.048820
v -0.446189 0.546973 -0.030315
v -0.421927 0.531543 -0.068318
v -0.393277 0.522596 -0.048820
vn -0.3923 -0.2707 0.8791
vn -0.2772 -0.0696 0.9583
vn -0.5627 0.0361 0.8259
vn -0.5912 -0.1125 0.7987
vn -0.8313 -0.1888 0.5227
vn -0.6095 -0.5275 0.5918
vn -0.8620 0.0999 0.4969
vn -0.5217 0.1424 0.8412
vn -0.8231 0.2490 0.5105
vn -0.2366 0.0316 0.9711
vn -0.9561 0.2929 -0.0000
vn -0.9939 0.1101 -0.0000
vn -0.9710 -0.2390 -0.0000
vn -0.8231 0.2490 -0.5105
vn -0.8620 0.0999 -0.4969
vn -0.8313 -0.1888 -0.5227
vn -0.6095 -0.5275 -0.5918
vn -0.7420 -0.6704 -0.0000
vn -0.5912 -0.1125 -0.7987
vn -0.3923 -0.2707 -0.8791
vn -0.5627 0.0361 -0.8259
vn -0.2772 -0.0696 -0.9583
vn -0.5217 0.1424 -0.8412
vn -0.2366 0.0316 -0.9711
vn -0.4869 0.2052 -0.8490
vn -0.2099 0.0808 -0.9744
vn -0.7861 0.3352 -0.5193
vn -0.9198 0.3923 -0.0000
vn -0.8876 0.4607 -0.0000
vn -0.7549 0.3930 -0.5250
vn -0.4623 0.2427 -0.8529
vn -0.8481 0.5298 -0.0000
vn -0.7208 0.4529 -0.5247
vn -0.4399 0.2832 -0.8522
vn -0.7549 0.3930 0.5250
vn -0.7208 0.4529 0.5247
vn -0.7861 0.3352 0.5193
vn -0.4623 0.2427 0.8529
vn -0.4399 0.2832 0.8522
vn -0.4869 0.2053 0.8490
vn -0.2099 0.0808 0.9744
vn -0.1952 0.1038 0.9753
vn -0.0078 -0.0169 0.9998
vn -0.0009 0.0002 1.0000
vn -0.0250 -0.0633 0.9977
vn 0.0069 0.0168 0.9998
vn -0.1825 0.1285 0.9748
vn 0.1916 -0.1065 0.9757
vn 0.1976 -0.0923 0.9759
vn 0.1904 -0.1230 0.9740
vn 0.4532 -0.2551 0.8541
vn 0.4594 -0.2388 0.8555
vn 0.4536 -0.2742 0.8480
vn 0.4423 -0.3273 0.8350
vn 0.1806 -0.1715 0.9685
vn 0.7077 -0.4952 0.5039
vn 0.7337 -0.4396 0.5182
vn 0.7394 -0.4196 0.5265
vn 0.8579 -0.5138 -0.0000
vn 0.8691 -0.4946 -0.0000
vn 0.8217 -0.5700 -0.0000
vn 0.8813 -0.4725 -0.0000
vn 0.7487 -0.3992 0.5292
vn 0.7394 -0.4196 -0.5265
vn 0.7487 -0.3992 -0.5292
vn 0.7337 -0.4396 -0.5182
vn 0.4532 -0.2551 -0.8541
vn 0.4594 -0.2388 -0.8555
vn 0.4536 -0.2742 -0.8480
vn 0.4423 -0.3273 -0.8350
vn 0.7077 -0.4952 -0.5039
vn 0.1806 -0.1715 -0.9685
vn 0.1904 -0.1230 -0.9740
vn 0.1916 -0.1065 -0.9757
vn -0.0078 -0.0169 -0.9998
vn -0.0009 0.0002 -1.0000
vn -0.0250 -0.0633 -0.9977
vn 0.0069 0.0168 -0.9998
vn 0.1976 -0.0923 -0.9759
vn -0.1952 0.1038 -0.9753
vn -0.1825 0.1285 -0.9748
vn -0.4056 0.3516 -0.8437
vn -0.1597 0.1821 -0.9702
vn 0.0280 0.0620 -0.9977
vn -0.6656 0.5388 -0.5164
vn -0.3471 0.4551 -0.8200
vn -0.1131 0.2827 -0.9525
vn -0.5633 0.6619 -0.4945
vn -0.7810 0.6246 -0.0000
vn -0.6474 0.7621 -0.0000
vn -0.3845 0.9231 -0.0000
vn -0.3404 0.7981 -0.4971
vn -0.2561 0.5671 -0.7828
vn -0.0155 0.8262 -0.5631
vn -0.0027 1.0000 -0.0000
vn -0.0518 0.5084 -0.8596
vn 0.1762 0.3913 -0.9032
vn 0.3277 0.7192 -0.6127
vn 0.4203 0.9074 -0.0000
vn 0.0760 0.1674 -0.9829
vn 0.3994 0.2374 -0.8855
vn 0.2669 0.0459 -0.9626
vn 0.6450 0.4758 -0.5980
vn 0.5746 0.0597 -0.8162
vn 0.5304 -0.0914 -0.8428
vn 0.8325 0.1105 -0.5430
vn 0.7974 0.6035 -0.0000
vn 0.9891 0.1473 -0.0000
vn 0.8305 -0.1955 -0.5216
vn 0.9742 -0.2255 -0.0000
vn 0.8325 0.1105 0.5430
vn 0.8305 -0.1955 0.5216
vn 0.6450 0.4758 0.5980
vn 0.5746 0.0597 0.8162
vn 0.5304 -0.0914 0.8428
vn 0.3994 0.2374 0.8855
vn 0.3277 0.7192 0.6127
vn 0.1762 0.3913 0.9032
vn 0.2669 0.0459 0.9626
vn 0.0760 0.1674 0.9829
vn -0.0518 0.5084 0.8596
vn -0.1131 0.2827 0.9525
vn -0.0155 0.8262 0.5631
vn -0.2561 0.5671 0.7828
vn -0.3471 0.4551 0.8200
vn -0.3404 0.7981 0.4971
vn -0.5633 0.6619 0.4945
vn -0.4056 0.3516 0.8437
vn -0.6656 0.5388 0.5164
vn -0.1597 0.1821 0.9702
vn 0.0280 0.0620 0.9977
vn 0.2208 -0.0499 0.9740
vn 0.4854 -0.1901 0.8534
vn 0.7789 -0.3368 0.5291
vn 0.9155 -0.4023 -0.0000
vn 0.7789 -0.3368 -0.5291
vn 0.4854 -0.1901 -0.8534
vn 0.2208 -0.0499 -0.9740
vn -0.0621 -0.1720 -0.9831
vn 0.1510 -0.2718 -0.9504
vn 0.4082 -0.4226 -0.8091
vn -0.1361 -0.4056 -0.9039
vn 0.1223 -0.5015 -0.8565
vn 0.3402 -0.5382 -0.7711
vn 0.1315 -0.8189 -0.5586
vn -0.2464 -0.7504 -0.6133
vn 0.4509 -0.7500 -0.4839
vn 0.6392 -0.6018 -0.4788
vn 0.5082 -0.8612 -0.0000
vn 0.1427 -0.9898 -0.0000
vn 0.7270 -0.6866 -0.0000
vn 0.6392 -0.6018 0.4788
vn 0.4509 -0.7500 0.4839
vn 0.4082 -0.4226 0.8091
vn 0.3402 -0.5382 0.7711
vn 0.1315 -0.8189 0.5586
vn 0.1223 -0.5015 0.8565
vn 0.1510 -0.2718 0.9504
vn -0.2464 -0.7504 0.6133
vn -0.1361 -0.4056 0.9039
vn -0.0621 -0.1720 0.9831
vn -0.3147 -0.9492 -0.0000
vt 0.571250 0.789250
vt 0.573016 0.778340
vt 0.580150 0.778724
vt 0.577006 0.787255
vt 0.578506 0.790747
vt 0.570988 0.795903
vt 0.584254 0.780365
vt 0.955755 0.917905
vt 0.956229 0.905340
vt 0.962708 0.907314
vt 0.961397 0.920268
vt 0.575282 0.763210
vt 0.583466 0.764162
vt 0.968925 0.907654
vt 0.966990 0.921065
vt 0.959466 0.928198
vt 0.964490 0.929550
vt 0.195890 0.961752
vt 0.198009 0.951297
vt 0.204232 0.951690
vt 0.201638 0.961713
vt 0.195177 0.971948
vt 0.200583 0.971146
vt 0.201725 0.979965
vt 0.196028 0.981555
vt 0.191381 0.981621
vt 0.190878 0.972700
vt 0.205013 0.970594
vt 0.207241 0.976417
vt 0.207241 0.964125
vt 0.556929 0.641088
vt 0.553818 0.632562
vt 0.560997 0.632206
vt 0.562704 0.643098
vt 0.550536 0.618003
vt 0.558773 0.617083
vt 0.549637 0.634167
vt 0.545451 0.618953
vt 0.548185 0.599381
vt 0.557024 0.598443
vt 0.542683 0.600009
vt 0.970345 0.890500
vt 0.975531 0.889047
vt 0.973950 0.906045
vt 0.971255 0.871370
vt 0.976449 0.869956
vt 0.541302 0.579291
vt 0.546978 0.578804
vt 0.971625 0.852059
vt 0.976788 0.850691
vt 0.541327 0.558854
vt 0.547000 0.558443
vt 0.964700 0.871282
vt 0.965102 0.852010
vt 0.963845 0.890366
vt 0.957792 0.869579
vt 0.958219 0.850377
vt 0.957028 0.888582
vt 0.577061 0.744568
vt 0.578026 0.724141
vt 0.587078 0.724964
vt 0.585845 0.745540
vt 0.566432 0.743409
vt 0.567075 0.723166
vt 0.565370 0.762046
vt 0.567073 0.702930
vt 0.578025 0.703835
vt 0.587078 0.704604
vt 0.556103 0.722203
vt 0.556104 0.702094
vt 0.555788 0.742208
vt 0.546989 0.721421
vt 0.546993 0.701420
vt 0.546947 0.741220
vt 0.547272 0.759095
vt 0.555477 0.760452
vt 0.542138 0.758610
vt 0.541428 0.740670
vt 0.541302 0.720955
vt 0.987859 0.368093
vt 0.987693 0.348618
vt 0.993185 0.349305
vt 0.993334 0.368781
vt 0.987817 0.386073
vt 0.993098 0.386590
vt 0.987472 0.328888
vt 0.992931 0.329585
vt 0.541305 0.700976
vt 0.981114 0.348848
vt 0.980925 0.329131
vt 0.981328 0.368327
vt 0.974482 0.350035
vt 0.974319 0.330298
vt 0.974773 0.369572
vt 0.975288 0.387279
vt 0.981548 0.386153
vt 0.578582 0.614349
vt 0.578301 0.596108
vt 0.587089 0.595108
vt 0.586736 0.612980
vt 0.578010 0.576103
vt 0.587071 0.575309
vt 0.567673 0.597304
vt 0.567055 0.577060
vt 0.568704 0.615938
vt 0.567079 0.556823
vt 0.578031 0.555993
vt 0.587089 0.555307
vt 0.556084 0.578015
vt 0.556107 0.557707
vt 0.548362 0.540155
vt 0.557071 0.539250
vt 0.567563 0.538206
vt 0.542959 0.540362
vt 0.551018 0.525642
vt 0.558740 0.524174
vt 0.546426 0.525221
vt 0.971342 0.833899
vt 0.970270 0.817965
vt 0.974839 0.817455
vt 0.976315 0.832770
vt 0.968267 0.804768
vt 0.972680 0.805235
vt 0.551980 0.514085
vt 0.553890 0.516851
vt 0.970239 0.796036
vt 0.965305 0.794734
vt 0.560063 0.513344
vt 0.559920 0.507035
vt 0.568852 0.511068
vt 0.569227 0.504005
vt 0.569004 0.964653
vt 0.572312 0.957391
vt 0.576659 0.956584
vt 0.573429 0.964190
vt 0.568234 0.522668
vt 0.577459 0.511794
vt 0.577631 0.522608
vt 0.578278 0.505305
vt 0.583268 0.514263
vt 0.585218 0.522790
vt 0.585473 0.511046
vt 0.567778 0.973464
vt 0.571885 0.973447
vt 0.568518 0.982368
vt 0.572413 0.983058
vt 0.974842 0.298560
vt 0.975447 0.290501
vt 0.979425 0.287105
vt 0.980457 0.296766
vt 0.984640 0.285519
vt 0.986173 0.295857
vt 0.575249 0.992002
vt 0.577900 0.983014
vt 0.580919 0.991250
vt 0.577777 0.974152
vt 0.582701 0.982491
vt 0.586429 0.987777
vt 0.584252 0.976263
vt 0.579540 0.965378
vt 0.586429 0.968145
vt 0.548876 0.668916
vt 0.550814 0.660401
vt 0.556647 0.657930
vt 0.556509 0.668725
vt 0.565264 0.657210
vt 0.565921 0.668790
vt 0.574041 0.659501
vt 0.575397 0.670313
vt 0.564818 0.650180
vt 0.574116 0.653223
vt 0.580188 0.663025
vt 0.583072 0.671809
vt 0.960050 0.797186
vt 0.963120 0.806314
vt 0.959107 0.808691
vt 0.955755 0.803561
vt 0.582311 0.958080
vt 0.958758 0.818028
vt 0.964587 0.818612
vt 0.958465 0.832662
vt 0.965073 0.834039
vt 0.577074 0.685380
vt 0.585729 0.686317
vt 0.566600 0.684317
vt 0.556132 0.683709
vt 0.547442 0.683254
vt 0.542003 0.682624
vt 0.544179 0.667702
vt 0.987041 0.310705
vt 0.990989 0.297165
vt 0.992296 0.311572
vt 0.980746 0.311135
vt 0.974400 0.312452
vt 0.578014 0.537604
vt 0.586653 0.537137
vt 0.569832 0.631496
vt 0.578527 0.629336
vt 0.585523 0.627318
vt 0.570791 0.643112
vt 0.578607 0.640116
vt 0.583842 0.636136
vt 0.579479 0.646300
vt 0.571373 0.650180
vt 0.974319 0.415380
vt 0.977004 0.410671
vt 0.980996 0.412959
vt 0.978903 0.421504
vt 0.976122 0.401656
vt 0.981646 0.401187
vt 0.986218 0.414224
vt 0.984325 0.423618
vt 0.987342 0.401590
vt 0.992179 0.401586
vt 0.990818 0.413331
vt 0.544115 0.773513
vt 0.548451 0.773442
vt 0.548004 0.784810
vt 0.550100 0.782270
vt 0.989370 0.421900
vt 0.554397 0.792462
vt 0.555351 0.786248
vt 0.555490 0.775449
vt 0.562504 0.796350
vt 0.563174 0.789249
vt 0.564198 0.777614
vt 0.198156 0.989776
vt 0.201158 0.995706
vt 0.196264 0.995197
vt 0.193144 0.989503
vt 0.204043 0.987758
vt 0.206607 0.993542
vt 0.562885 0.649721
s 1
f 3482/4229/3395 3486/4230/3396 3484/4231/3397 3481/4232/3398
f 3483/4233/3399 3640/4234/3400 3482/4229/3395 3481/4232/3398
f 3481/4232/3398 3484/4231/3397 3487/4235/3401 3483/4233/3399
f 3484/4236/3397 3485/4237/3402 3488/4238/3403 3487/4239/3401
f 3486/4230/3396 3518/4240/3404 3485/4241/3402 3484/4231/3397
f 3487/4239/3401 3488/4238/3403 3490/4242/3405 3489/4243/3406
f 3483/4244/3399 3487/4239/3401 3489/4243/3406 3492/4245/3407
f 3489/4246/3406 3490/4247/3405 3503/4248/3408 3491/4249/3409
f 3492/4250/3407 3489/4246/3406 3491/4249/3409 3494/4251/3410
f 3494/4251/3410 3495/4252/3411 3493/4253/3412 3492/4250/3407
f 3492/4250/3407 3493/4253/3412 3640/4254/3400 3483/4255/3399
f 3496/4256/3413 3497/4257/3414 3495/4252/3411 3494/4251/3410
f 3494/4251/3410 3491/4249/3409 3498/4258/3415 3496/4256/3413
f 3496/4259/3413 3498/4260/3415 3499/4261/3416 3497/4262/3414
f 3498/4260/3415 3500/4263/3417 3501/4264/3418 3499/4261/3416
f 3491/4265/3409 3503/4266/3408 3500/4263/3417 3498/4260/3415
f 3500/4263/3417 3502/4267/3419 3553/4268/3420 3501/4264/3418
f 3503/4266/3408 3504/4269/3421 3502/4267/3419 3500/4263/3417
f 3490/4242/3405 3505/4270/3422 3504/4271/3421 3503/4272/3408
f 3505/4270/3422 3509/4273/3423 3506/4274/3424 3504/4271/3421
f 3504/4269/3421 3506/4275/3424 3508/4276/3425 3502/4267/3419
f 3509/4273/3423 3510/4277/3426 3507/4278/3427 3506/4274/3424
f 3506/4275/3424 3507/4279/3427 3555/4280/3428 3508/4276/3425
f 3511/4281/3429 3512/4282/3430 3510/4277/3426 3509/4273/3423
f 3514/4283/3431 3511/4281/3429 3509/4273/3423 3505/4270/3422
f 3513/4284/3432 3599/4285/3433 3512/4282/3430 3511/4281/3429
f 3515/4286/3434 3513/4284/3432 3511/4281/3429 3514/4283/3431
f 3485/4237/3402 3515/4286/3434 3514/4283/3431 3488/4238/3403
f 3488/4238/3403 3514/4283/3431 3505/4270/3422 3490/4242/3405
f 3516/4287/3435 3519/4288/3436 3513/4289/3432 3515/4290/3434
f 3518/4240/3404 3516/4287/3435 3515/4290/3434 3485/4241/3402
f 3517/4291/3437 3521/4292/3438 3519/4288/3436 3516/4287/3435
f 3637/4293/3439 3517/4291/3437 3516/4287/3435 3518/4240/3404
f 3521/4292/3438 3522/4294/3440 3520/4295/3441 3519/4288/3436
f 3519/4288/3436 3520/4295/3441 3599/4296/3433 3513/4289/3432
f 3523/4297/3442 3524/4298/3443 3522/4294/3440 3521/4292/3438
f 3526/4299/3444 3523/4297/3442 3521/4292/3438 3517/4291/3437
f 3525/4300/3445 3606/4301/3446 3524/4298/3443 3523/4297/3442
f 3528/4302/3447 3525/4300/3445 3523/4297/3442 3526/4299/3444
f 3529/4303/3448 3528/4302/3447 3526/4299/3444 3527/4304/3449
f 3527/4304/3449 3526/4299/3444 3517/4291/3437 3637/4293/3439
f 3532/4305/3450 3530/4306/3451 3528/4302/3447 3529/4303/3448
f 3530/4306/3451 3533/4307/3452 3525/4300/3445 3528/4302/3447
f 3531/4308/3453 3535/4309/3454 3533/4310/3452 3530/4311/3451
f 3627/4312/3455 3531/4308/3453 3530/4311/3451 3532/4313/3450
f 3535/4309/3454 3536/4314/3456 3534/4315/3457 3533/4310/3452
f 3533/4307/3452 3534/4316/3457 3606/4301/3446 3525/4300/3445
f 3537/4317/3458 3538/4318/3459 3536/4314/3456 3535/4309/3454
f 3540/4319/3460 3537/4317/3458 3535/4309/3454 3531/4308/3453
f 3539/4320/3461 3612/4321/3462 3538/4318/3459 3537/4317/3458
f 3542/4322/3463 3539/4320/3461 3537/4317/3458 3540/4319/3460
f 3543/4323/3464 3542/4322/3463 3540/4319/3460 3541/4324/3465
f 3541/4324/3465 3540/4319/3460 3531/4308/3453 3627/4312/3455
f 3546/4325/3466 3544/4326/3467 3542/4327/3463 3543/4328/3464
f 3544/4326/3467 3547/4329/3468 3539/4330/3461 3542/4327/3463
f 3545/4331/3469 3549/4332/3470 3547/4329/3468 3544/4326/3467
f 3615/4333/3471 3545/4331/3469 3544/4326/3467 3546/4325/3466
f 3549/4332/3470 3550/4334/3472 3548/4335/3473 3547/4329/3468
f 3547/4329/3468 3548/4335/3473 3612/4336/3462 3539/4330/3461
f 3551/4337/3474 3552/4338/3475 3550/4334/3472 3549/4332/3470
f 3553/4268/3420 3551/4337/3474 3549/4332/3470 3545/4331/3469
f 3508/4276/3425 3555/4280/3428 3552/4338/3475 3551/4337/3474
f 3502/4267/3419 3508/4276/3425 3551/4337/3474 3553/4268/3420
f 3501/4264/3418 3553/4268/3420 3545/4331/3469 3615/4333/3471
f 3555/4280/3428 3556/4339/3476 3554/4340/3477 3552/4338/3475
f 3552/4338/3475 3554/4340/3477 3613/4341/3478 3550/4334/3472
f 3507/4279/3427 3558/4342/3479 3556/4339/3476 3555/4280/3428
f 3556/4339/3476 3557/4343/3480 3569/4344/3481 3554/4340/3477
f 3558/4342/3479 3560/4345/3482 3557/4343/3480 3556/4339/3476
f 3559/4346/3483 3561/4347/3484 3560/4348/3482 3558/4349/3479
f 3510/4277/3426 3559/4346/3483 3558/4349/3479 3507/4278/3427
f 3561/4347/3484 3563/4350/3485 3562/4351/3486 3560/4348/3482
f 3560/4345/3482 3562/4352/3486 3564/4353/3487 3557/4343/3480
f 3565/4354/3488 3562/4351/3486 3563/4350/3485 3567/4355/3489
f 3568/4356/3490 3564/4353/3487 3562/4352/3486 3565/4357/3488
f 3570/4358/3491 3568/4356/3490 3565/4357/3488 3566/4359/3492
f 3566/4360/3492 3565/4361/3488 3567/4362/3489 3614/4363/3493
f 3557/4343/3480 3564/4353/3487 3568/4356/3490 3569/4344/3481
f 3569/4344/3481 3568/4356/3490 3570/4358/3491 3571/4364/3494
f 3571/4364/3494 3570/4358/3491 3572/4365/3495 3573/4366/3496
f 3572/4365/3495 3570/4358/3491 3566/4359/3492 3575/4367/3497
f 3573/4366/3496 3572/4365/3495 3574/4368/3498 3610/4369/3499
f 3574/4368/3498 3572/4365/3495 3575/4367/3497 3577/4370/3500
f 3575/4371/3497 3566/4360/3492 3614/4363/3493 3576/4372/3501
f 3577/4373/3500 3575/4371/3497 3576/4372/3501 3579/4374/3502
f 3610/4375/3499 3574/4376/3498 3577/4377/3500 3578/4378/3503
f 3578/4378/3503 3577/4377/3500 3579/4379/3502 3580/4380/3504
f 3580/4381/3504 3579/4374/3502 3581/4382/3505 3582/4383/3506
f 3579/4374/3502 3576/4372/3501 3584/4384/3507 3581/4382/3505
f 3582/4383/3506 3581/4382/3505 3583/4385/3508 3604/4386/3509
f 3581/4382/3505 3584/4384/3507 3586/4387/3510 3583/4385/3508
f 3584/4384/3507 3585/4388/3511 3588/4389/3512 3586/4387/3510
f 3576/4372/3501 3614/4363/3493 3585/4388/3511 3584/4384/3507
f 3604/4390/3509 3583/4391/3508 3586/4392/3510 3587/4393/3513
f 3587/4393/3513 3586/4392/3510 3588/4394/3512 3589/4395/3514
f 3589/4395/3514 3588/4394/3512 3590/4396/3515 3591/4397/3516
f 3585/4398/3511 3593/4399/3517 3590/4396/3515 3588/4394/3512
f 3591/4397/3516 3590/4396/3515 3592/4400/3518 3597/4401/3519
f 3593/4402/3517 3594/4403/3520 3592/4404/3518 3590/4405/3515
f 3567/4355/3489 3563/4350/3485 3594/4403/3520 3593/4402/3517
f 3614/4363/3493 3567/4362/3489 3593/4406/3517 3585/4388/3511
f 3597/4407/3519 3592/4404/3518 3594/4403/3520 3595/4408/3521
f 3595/4408/3521 3594/4403/3520 3563/4350/3485 3561/4347/3484
f 3598/4409/3522 3597/4407/3519 3595/4408/3521 3596/4410/3523
f 3596/4410/3523 3595/4408/3521 3561/4347/3484 3559/4346/3483
f 3600/4411/3524 3591/4397/3516 3597/4401/3519 3598/4412/3522
f 3520/4295/3441 3600/4411/3524 3598/4412/3522 3599/4296/3433
f 3599/4285/3433 3598/4409/3522 3596/4410/3523 3512/4282/3430
f 3601/4413/3525 3589/4395/3514 3591/4397/3516 3600/4411/3524
f 3522/4294/3440 3601/4413/3525 3600/4411/3524 3520/4295/3441
f 3602/4414/3526 3587/4393/3513 3589/4395/3514 3601/4413/3525
f 3524/4298/3443 3602/4414/3526 3601/4413/3525 3522/4294/3440
f 3606/4301/3446 3603/4415/3527 3602/4414/3526 3524/4298/3443
f 3603/4415/3527 3604/4390/3509 3587/4393/3513 3602/4414/3526
f 3605/4416/3528 3582/4417/3506 3604/4390/3509 3603/4415/3527
f 3534/4316/3457 3605/4416/3528 3603/4415/3527 3606/4301/3446
f 3607/4418/3529 3580/4380/3504 3582/4419/3506 3605/4420/3528
f 3536/4314/3456 3607/4418/3529 3605/4420/3528 3534/4315/3457
f 3608/4421/3530 3578/4378/3503 3580/4380/3504 3607/4418/3529
f 3538/4318/3459 3608/4421/3530 3607/4418/3529 3536/4314/3456
f 3612/4321/3462 3609/4422/3531 3608/4421/3530 3538/4318/3459
f 3609/4422/3531 3610/4375/3499 3578/4378/3503 3608/4421/3530
f 3611/4423/3532 3573/4366/3496 3610/4369/3499 3609/4424/3531
f 3548/4335/3473 3611/4423/3532 3609/4424/3531 3612/4336/3462
f 3613/4341/3478 3571/4364/3494 3573/4366/3496 3611/4423/3532
f 3550/4334/3472 3613/4341/3478 3611/4423/3532 3548/4335/3473
f 3554/4340/3477 3569/4344/3481 3571/4364/3494 3613/4341/3478
f 3512/4282/3430 3596/4410/3523 3559/4346/3483 3510/4277/3426
f 3617/4425/3533 3615/4333/3471 3546/4325/3466 3616/4426/3534
f 3616/4426/3534 3546/4325/3466 3543/4328/3464 3618/4427/3535
f 3620/4428/3536 3617/4425/3533 3616/4426/3534 3619/4429/3537
f 3619/4429/3537 3616/4426/3534 3618/4427/3535 3622/4430/3538
f 3620/4428/3536 3619/4429/3537 3621/4431/3539 3641/4432/3540
f 3619/4433/3537 3622/4434/3538 3623/4435/3541 3621/4436/3539
f 3622/4434/3538 3618/4437/3535 3625/4438/3542 3623/4435/3541
f 3621/4436/3539 3623/4435/3541 3624/4439/3543 3642/4440/3544
f 3623/4435/3541 3625/4438/3542 3626/4441/3545 3624/4439/3543
f 3618/4437/3535 3543/4323/3464 3541/4324/3465 3625/4438/3542
f 3625/4438/3542 3541/4324/3465 3627/4312/3455 3626/4441/3545
f 3626/4441/3545 3627/4312/3455 3532/4313/3450 3628/4442/3546
f 3624/4439/3543 3626/4441/3545 3628/4442/3546 3630/4443/3547
f 3628/4444/3546 3532/4305/3450 3529/4303/3448 3629/4445/3548
f 3630/4446/3547 3628/4444/3546 3629/4445/3548 3632/4447/3549
f 3642/4440/3544 3624/4439/3543 3630/4443/3547 3631/4448/3550
f 3631/4449/3550 3630/4446/3547 3632/4447/3549 3633/4450/3551
f 3632/4447/3549 3629/4445/3548 3635/4451/3552 3633/4450/3551
f 3638/4452/3553 3631/4449/3550 3633/4450/3551 3634/4453/3554
f 3633/4450/3551 3635/4451/3552 3636/4454/3555 3634/4453/3554
f 3629/4445/3548 3529/4303/3448 3527/4304/3449 3635/4451/3552
f 3635/4451/3552 3527/4304/3449 3637/4293/3439 3636/4454/3555
f 3636/4454/3555 3637/4293/3439 3518/4240/3404 3486/4230/3396
f 3634/4453/3554 3636/4454/3555 3486/4230/3396 3482/4229/3395
f 3640/4234/3400 3638/4452/3553 3634/4453/3554 3482/4229/3395
f 3639/4455/3556 3642/4456/3544 3631/4457/3550 3638/4458/3553
f 3493/4253/3412 3639/4455/3556 3638/4458/3553 3640/4254/3400
f 3641/4459/3540 3621/4460/3539 3642/4456/3544 3639/4455/3556
f 3495/4252/3411 3641/4459/3540 3639/4455/3556 3493/4253/3412
f 3497/4262/3414 3620/4428/3536 3641/4432/3540 3495/4461/3411
f 3497/4262/3414 3499/4261/3416 3617/4425/3533 3620/4428/3536
f 3499/4261/3416 3501/4264/3418 3615/4333/3471 3617/4425/3533
o Cube.012
v 0.449494 0.582351 -0.019555
v 0.459779 0.574674 -0.031457
v 0.435825 0.566861 -0.015287
v 0.444554 0.612669 -0.015078
v 0.422847 0.601849 -0.005888
v 0.430103 0.661056 -0.011472
v 0.459456 0.614808 -0.030200
v 0.465066 0.614043 -0.048820
v 0.446571 0.666619 -0.028401
v 0.452259 0.667981 -0.048820
v 0.423317 0.727070 -0.027596
v 0.429063 0.729410 -0.048820
v 0.406154 0.719867 -0.010010
v 0.393025 0.790447 -0.027481
v 0.375585 0.782544 -0.009801
v 0.359050 0.850664 -0.027596
v 0.398838 0.793081 -0.048820
v 0.393025 0.790447 -0.070158
v 0.364784 0.853424 -0.048820
v 0.328682 0.905646 -0.048820
v 0.359050 0.850664 -0.070043
v 0.323561 0.902476 -0.069238
v 0.341747 0.842539 -0.087630
v 0.307387 0.894198 -0.086168
v 0.375585 0.782544 -0.087839
v 0.313736 0.829648 -0.098548
v 0.279941 0.814071 -0.102188
v 0.280268 0.882464 -0.096696
v 0.347488 0.769812 -0.098813
v 0.313578 0.754445 -0.102471
v 0.378599 0.708019 -0.098548
v 0.345333 0.693729 -0.102188
v 0.404350 0.650150 -0.096696
v 0.406154 0.719867 -0.087630
v 0.430103 0.661056 -0.086168
v 0.423317 0.727070 -0.070043
v 0.446571 0.666619 -0.069238
v 0.459456 0.614808 -0.067439
v 0.444554 0.612669 -0.082561
v 0.459779 0.574674 -0.066182
v 0.449494 0.582351 -0.078084
v 0.446190 0.546973 -0.067324
v 0.464922 0.570770 -0.048820
v 0.450579 0.540490 -0.048820
v 0.425248 0.524219 -0.048820
v 0.446190 0.546973 -0.030315
v 0.421929 0.531543 -0.029321
v 0.391585 0.529533 -0.030315
v 0.412015 0.553417 -0.013143
v 0.383988 0.549278 -0.015287
v 0.395639 0.589299 -0.002778
v 0.366398 0.581234 -0.005888
v 0.373189 0.637065 0.002573
v 0.341407 0.625352 -0.000943
v 0.345333 0.693729 0.004549
v 0.404350 0.650150 -0.000943
v 0.378599 0.708019 0.000909
v 0.347488 0.769812 0.001173
v 0.313736 0.829648 0.000909
v 0.313578 0.754445 0.004831
v 0.279941 0.814071 0.004549
v 0.279668 0.739078 0.001173
v 0.251571 0.726346 -0.009801
v 0.246247 0.798337 0.000909
v 0.311989 0.679611 0.000909
v 0.284356 0.667934 -0.010010
v 0.315032 0.615818 -0.011472
v 0.267270 0.660560 -0.027596
v 0.299186 0.608883 -0.028401
v 0.261601 0.658049 -0.048820
v 0.234131 0.718443 -0.027481
v 0.200934 0.777320 -0.027596
v 0.228318 0.715809 -0.048820
v 0.195099 0.774718 -0.048820
v 0.234131 0.718443 -0.070158
v 0.251571 0.726346 -0.087839
v 0.200934 0.777320 -0.070043
v 0.267270 0.660560 -0.070043
v 0.299186 0.608883 -0.069238
v 0.284356 0.667934 -0.087630
v 0.315032 0.615818 -0.086168
v 0.311989 0.679611 -0.098548
v 0.341407 0.625352 -0.096696
v 0.279668 0.739078 -0.098813
v 0.246247 0.798337 -0.098548
v 0.215785 0.852577 -0.096696
v 0.218339 0.785288 -0.087630
v 0.189476 0.839580 -0.086168
v 0.169890 0.884246 -0.082561
v 0.172492 0.832565 -0.069238
v 0.166561 0.830658 -0.048820
v 0.154112 0.880170 -0.067439
v 0.147995 0.880103 -0.048820
v 0.149562 0.918384 -0.066182
v 0.161471 0.912607 -0.078084
v 0.143596 0.921305 -0.048820
v 0.161261 0.947249 -0.067324
v 0.155845 0.952844 -0.048820
v 0.185800 0.966101 -0.068318
v 0.174528 0.929539 -0.082353
v 0.192015 0.897408 -0.091751
v 0.198714 0.945964 -0.084497
v 0.219839 0.912830 -0.094861
v 0.228393 0.953824 -0.082353
v 0.250311 0.924124 -0.091751
v 0.252386 0.953704 -0.078084
v 0.218261 0.972600 -0.067324
v 0.215754 0.979359 -0.048820
v 0.253359 0.964979 -0.066182
v 0.288214 0.941362 -0.067439
v 0.253833 0.970623 -0.048820
v 0.291683 0.945558 -0.048820
v 0.253359 0.964979 -0.031457
v 0.288214 0.941362 -0.030200
v 0.252386 0.953704 -0.019555
v 0.218261 0.972600 -0.030316
v 0.185800 0.966101 -0.029322
v 0.228393 0.953824 -0.015287
v 0.250311 0.924124 -0.005888
v 0.198714 0.945964 -0.013143
v 0.219839 0.912830 -0.002778
v 0.174528 0.929539 -0.015287
v 0.192015 0.897408 -0.005888
v 0.161471 0.912607 -0.019555
v 0.161261 0.947249 -0.030316
v 0.149562 0.918384 -0.031457
v 0.154112 0.880170 -0.030200
v 0.172492 0.832565 -0.028401
v 0.169890 0.884246 -0.015078
v 0.189476 0.839580 -0.011472
v 0.218339 0.785288 -0.010010
v 0.215785 0.852577 -0.000944
v 0.247622 0.868152 0.002573
v 0.280268 0.882464 -0.000944
v 0.307387 0.894198 -0.011472
v 0.323561 0.902476 -0.028401
v 0.341747 0.842539 -0.010010
v 0.275462 0.932568 -0.015078
v 0.181475 0.972844 -0.048820
v 0.275462 0.932568 -0.082561
v 0.247622 0.868152 -0.100213
v 0.366398 0.581234 -0.091751
v 0.373189 0.637065 -0.100213
v 0.395639 0.589299 -0.094861
v 0.422847 0.601849 -0.091751
v 0.412015 0.553417 -0.084497
v 0.421929 0.531543 -0.068318
v 0.435825 0.566861 -0.082352
v 0.383988 0.549278 -0.082352
v 0.391585 0.529533 -0.067324
v 0.361925 0.552311 -0.078084
v 0.360034 0.541465 -0.066182
v 0.342368 0.575540 -0.082561
v 0.329789 0.568275 -0.067439
v 0.326211 0.564556 -0.048820
v 0.294119 0.606149 -0.048820
v 0.329789 0.568275 -0.030200
v 0.359108 0.536065 -0.048820
v 0.393279 0.522596 -0.048820
v 0.360034 0.541465 -0.031457
v 0.361925 0.552311 -0.019555
v 0.342368 0.575540 -0.015078
vn 0.5912 -0.1125 0.7987
vn 0.8313 -0.1888 0.5227
vn 0.8620 0.0999 0.4969
vn 0.5627 0.0361 0.8259
vn 0.3923 -0.2707 0.8791
vn 0.6095 -0.5275 0.5918
vn 0.2772 -0.0696 0.9583
vn 0.5217 0.1424 0.8412
vn 0.2366 0.0316 0.9711
vn 0.8231 0.2490 0.5105
vn 0.9710 -0.2390 -0.0000
vn 0.9939 0.1101 -0.0000
vn 0.9561 0.2929 -0.0000
vn 0.9198 0.3923 -0.0000
vn 0.7861 0.3352 0.5193
vn 0.4869 0.2053 0.8490
vn 0.8876 0.4607 -0.0000
vn 0.7549 0.3930 0.5250
vn 0.4623 0.2427 0.8529
vn 0.7208 0.4529 0.5247
vn 0.4399 0.2832 0.8522
vn 0.8481 0.5298 -0.0000
vn 0.7861 0.3352 -0.5193
vn 0.7549 0.3930 -0.5250
vn 0.7208 0.4529 -0.5247
vn 0.7810 0.6246 -0.0000
vn 0.6656 0.5388 0.5164
vn 0.6656 0.5388 -0.5164
vn 0.4399 0.2832 -0.8522
vn 0.4056 0.3516 -0.8437
vn 0.4623 0.2427 -0.8529
vn 0.1825 0.1285 -0.9748
vn 0.1597 0.1821 -0.9702
vn 0.1952 0.1038 -0.9753
vn 0.0009 0.0002 -1.0000
vn -0.0069 0.0168 -0.9998
vn -0.0280 0.0620 -0.9977
vn 0.4869 0.2052 -0.8490
vn 0.2099 0.0808 -0.9744
vn 0.0078 -0.0169 -0.9998
vn 0.2366 0.0316 -0.9711
vn 0.0250 -0.0633 -0.9977
vn 0.5217 0.1424 -0.8412
vn 0.8231 0.2490 -0.5105
vn 0.8620 0.0999 -0.4969
vn 0.5627 0.0361 -0.8259
vn 0.8313 -0.1888 -0.5227
vn 0.5912 -0.1125 -0.7987
vn 0.6095 -0.5275 -0.5918
vn 0.3923 -0.2707 -0.8791
vn 0.7420 -0.6704 -0.0000
vn 0.3147 -0.9492 -0.0000
vn 0.2464 -0.7504 -0.6133
vn 0.2464 -0.7504 0.6133
vn 0.1361 -0.4056 0.9039
vn -0.1315 -0.8189 0.5586
vn -0.1427 -0.9898 -0.0000
vn -0.1223 -0.5015 0.8565
vn 0.0621 -0.1720 0.9831
vn -0.1510 -0.2718 0.9504
vn 0.0250 -0.0633 0.9977
vn -0.1806 -0.1715 0.9685
vn 0.0078 -0.0169 0.9998
vn -0.1904 -0.1230 0.9740
vn 0.2099 0.0808 0.9744
vn 0.1952 0.1038 0.9753
vn 0.0009 0.0002 1.0000
vn 0.1825 0.1285 0.9748
vn -0.0069 0.0168 0.9998
vn -0.1916 -0.1065 0.9757
vn -0.1976 -0.0923 0.9759
vn -0.4536 -0.2742 0.8480
vn -0.4532 -0.2551 0.8541
vn -0.4594 -0.2388 0.8555
vn -0.4423 -0.3273 0.8350
vn -0.7077 -0.4952 0.5039
vn -0.7337 -0.4396 0.5182
vn -0.7394 -0.4196 0.5265
vn -0.8217 -0.5700 -0.0000
vn -0.8579 -0.5138 -0.0000
vn -0.8691 -0.4946 -0.0000
vn -0.7487 -0.3992 0.5292
vn -0.8813 -0.4725 -0.0000
vn -0.7394 -0.4196 -0.5265
vn -0.7487 -0.3992 -0.5292
vn -0.7337 -0.4396 -0.5182
vn -0.4536 -0.2742 -0.8480
vn -0.4532 -0.2551 -0.8541
vn -0.4594 -0.2388 -0.8555
vn -0.7077 -0.4952 -0.5039
vn -0.4423 -0.3273 -0.8350
vn -0.1806 -0.1715 -0.9685
vn -0.1904 -0.1230 -0.9740
vn -0.1916 -0.1065 -0.9757
vn -0.1976 -0.0923 -0.9759
vn -0.2208 -0.0499 -0.9740
vn -0.4854 -0.1901 -0.8534
vn -0.7789 -0.3368 -0.5291
vn -0.5304 -0.0914 -0.8428
vn -0.2669 0.0459 -0.9626
vn -0.8305 -0.1955 -0.5216
vn -0.9155 -0.4023 -0.0000
vn -0.9742 -0.2255 -0.0000
vn -0.9891 0.1473 -0.0000
vn -0.8325 0.1105 -0.5430
vn -0.5746 0.0597 -0.8162
vn -0.6450 0.4758 -0.5980
vn -0.3994 0.2374 -0.8855
vn -0.7974 0.6035 -0.0000
vn -0.4203 0.9074 -0.0000
vn -0.3277 0.7192 -0.6127
vn -0.1762 0.3913 -0.9032
vn -0.0760 0.1674 -0.9829
vn 0.1131 0.2827 -0.9525
vn 0.0518 0.5084 -0.8596
vn 0.0155 0.8262 -0.5631
vn 0.3471 0.4551 -0.8200
vn 0.2561 0.5671 -0.7828
vn 0.3404 0.7981 -0.4971
vn 0.0027 1.0000 -0.0000
vn 0.3845 0.9231 -0.0000
vn 0.5633 0.6619 -0.4945
vn 0.6474 0.7621 -0.0000
vn 0.5633 0.6619 0.4945
vn 0.3404 0.7981 0.4971
vn 0.0155 0.8262 0.5631
vn 0.3471 0.4551 0.8200
vn 0.2561 0.5671 0.7828
vn 0.0518 0.5084 0.8596
vn -0.3277 0.7192 0.6127
vn -0.1762 0.3913 0.9032
vn 0.1131 0.2827 0.9525
vn -0.0760 0.1674 0.9829
vn -0.2669 0.0459 0.9626
vn -0.3994 0.2374 0.8855
vn -0.6450 0.4758 0.5980
vn -0.5304 -0.0914 0.8428
vn -0.5746 0.0597 0.8162
vn -0.8325 0.1105 0.5430
vn -0.8305 -0.1955 0.5216
vn -0.7789 -0.3368 0.5291
vn -0.4854 -0.1901 0.8534
vn -0.2208 -0.0499 0.9740
vn -0.0280 0.0620 0.9977
vn 0.1597 0.1821 0.9702
vn 0.4056 0.3516 0.8437
vn -0.1510 -0.2718 -0.9504
vn -0.4082 -0.4226 -0.8091
vn 0.0621 -0.1720 -0.9831
vn 0.2772 -0.0696 -0.9583
vn 0.1361 -0.4056 -0.9039
vn -0.1223 -0.5015 -0.8565
vn -0.1315 -0.8189 -0.5586
vn -0.4509 -0.7500 -0.4839
vn -0.3402 -0.5382 -0.7711
vn -0.6392 -0.6018 -0.4788
vn -0.5082 -0.8612 -0.0000
vn -0.7270 -0.6866 -0.0000
vn -0.6392 -0.6018 0.4788
vn -0.4509 -0.7500 0.4839
vn -0.3402 -0.5382 0.7711
vn -0.4082 -0.4226 0.8091
vt 0.974319 0.420946
vt 0.970546 0.424447
vt 0.968383 0.414991
vt 0.974113 0.413002
vt 0.904674 0.789133
vt 0.906206 0.785623
vt 0.911974 0.787612
vt 0.912195 0.794288
vt 0.903075 0.777085
vt 0.910233 0.776688
vt 0.899768 0.762518
vt 0.907981 0.761550
vt 0.966897 0.400547
vt 0.973490 0.399103
vt 0.965576 0.426075
vt 0.962828 0.415950
vt 0.960712 0.401000
vt 0.959172 0.382429
vt 0.965642 0.382205
vt 0.972587 0.381028
vt 0.958200 0.362069
vt 0.964726 0.361904
vt 0.971769 0.360843
vt 0.964319 0.341680
vt 0.971337 0.340695
vt 0.957824 0.341804
vt 0.954158 0.381688
vt 0.953180 0.361384
vt 0.952835 0.341164
vt 0.958169 0.323076
vt 0.964410 0.323149
vt 0.953362 0.322652
vt 0.941872 0.557248
vt 0.936252 0.556868
vt 0.934886 0.538577
vt 0.940237 0.538756
vt 0.941898 0.577686
vt 0.936275 0.577228
vt 0.927178 0.556151
vt 0.926209 0.537690
vt 0.927202 0.576458
vt 0.916242 0.575510
vt 0.916217 0.555273
vt 0.915727 0.536653
vt 0.935067 0.597805
vt 0.926261 0.596885
vt 0.915623 0.595753
vt 0.924507 0.615522
vt 0.914586 0.614384
vt 0.932712 0.616424
vt 0.937746 0.617345
vt 0.940517 0.598403
vt 0.955848 0.400050
vt 0.933555 0.632556
vt 0.929419 0.630977
vt 0.958308 0.414537
vt 0.367036 0.968661
vt 0.361631 0.967860
vt 0.360575 0.958426
vt 0.366324 0.958465
vt 0.357201 0.967308
vt 0.354972 0.960839
vt 0.360489 0.976678
vt 0.354972 0.973130
vt 0.366185 0.978268
vt 0.371336 0.969413
vt 0.370832 0.978334
vt 0.364058 0.986489
vt 0.358171 0.984472
vt 0.369070 0.986216
vt 0.920056 0.787608
vt 0.920682 0.794734
vt 0.365950 0.991911
vt 0.361055 0.992420
vt 0.927873 0.784611
vt 0.928786 0.790848
vt 0.919061 0.775957
vt 0.927761 0.773798
vt 0.917904 0.760382
vt 0.927788 0.758795
vt 0.916847 0.741743
vt 0.927483 0.740548
vt 0.906208 0.742907
vt 0.897394 0.743895
vt 0.905244 0.722480
vt 0.916206 0.721500
vt 0.896162 0.723319
vt 0.896162 0.702961
vt 0.905245 0.702175
vt 0.916207 0.701266
vt 0.927168 0.720544
vt 0.927168 0.700436
vt 0.936294 0.739578
vt 0.936252 0.719779
vt 0.936249 0.699780
vt 0.935964 0.757455
vt 0.941052 0.756996
vt 0.941765 0.739055
vt 0.941892 0.719341
vt 0.982305 0.895288
vt 0.977024 0.895805
vt 0.976788 0.877996
vt 0.982263 0.877308
vt 0.976937 0.858520
vt 0.982429 0.857833
vt 0.941889 0.699363
vt 0.977192 0.838800
vt 0.982651 0.838103
vt 0.989008 0.858063
vt 0.989197 0.838346
vt 0.988794 0.877542
vt 0.995349 0.878787
vt 0.995640 0.859250
vt 0.995803 0.839513
vt 0.988574 0.895368
vt 0.994834 0.896494
vt 0.904697 0.612789
vt 0.896511 0.611402
vt 0.896162 0.593533
vt 0.904983 0.594551
vt 0.896182 0.573734
vt 0.905275 0.574547
vt 0.896162 0.553733
vt 0.905253 0.554437
vt 0.905265 0.536045
vt 0.896594 0.535560
vt 0.989376 0.820350
vt 0.995722 0.821667
vt 0.898018 0.521208
vt 0.905634 0.521041
vt 0.989666 0.805981
vt 0.995280 0.807775
vt 0.983081 0.819920
vt 0.983949 0.805072
vt 0.985482 0.794734
vt 0.990697 0.796320
vt 0.994675 0.799716
vt 0.899955 0.512673
vt 0.897714 0.509436
vt 0.904912 0.503697
vt 0.905777 0.510211
vt 0.283951 0.988331
vt 0.280044 0.990036
vt 0.279768 0.981131
vt 0.283951 0.980011
vt 0.277551 0.971785
vt 0.282087 0.971062
vt 0.913967 0.502398
vt 0.914390 0.509489
vt 0.915040 0.521106
vt 0.924524 0.522607
vt 0.923173 0.511761
vt 0.923270 0.505427
vt 0.932219 0.524059
vt 0.929333 0.515261
vt 0.931207 0.512474
vt 0.960077 0.287328
vt 0.964909 0.285519
vt 0.961618 0.294401
vt 0.957325 0.295429
vt 0.273866 0.963370
vt 0.278340 0.963087
vt 0.936765 0.523612
vt 0.959381 0.307074
vt 0.954959 0.307209
vt 0.965034 0.307662
vt 0.966720 0.295852
vt 0.970089 0.287779
vt 0.970968 0.307620
vt 0.970750 0.298467
vt 0.974319 0.294185
vt 0.918372 0.648570
vt 0.917969 0.655575
vt 0.909187 0.657869
vt 0.909070 0.651614
vt 0.271547 0.973439
vt 0.268338 0.965343
vt 0.907856 0.668666
vt 0.900155 0.670175
vt 0.903027 0.661398
vt 0.917341 0.667138
vt 0.926744 0.667079
vt 0.926582 0.656299
vt 0.927427 0.649864
vt 0.934353 0.667285
vt 0.932403 0.658777
vt 0.274566 0.990448
vt 0.269782 0.989874
vt 0.267740 0.984011
vt 0.273949 0.982267
vt 0.939009 0.666095
vt 0.934631 0.655600
vt 0.979133 0.806380
vt 0.980876 0.796691
vt 0.941189 0.681013
vt 0.935796 0.681616
vt 0.977826 0.820787
vt 0.927134 0.682055
vt 0.916675 0.682657
vt 0.906192 0.683724
vt 0.897507 0.684677
vt 0.971146 0.322394
vt 0.904737 0.627767
vt 0.897713 0.625733
vt 0.913442 0.629932
vt 0.922267 0.630636
vt 0.920532 0.641513
vt 0.912451 0.641530
vt 0.904629 0.638530
vt 0.911820 0.648570
vt 0.903711 0.644689
vt 0.920306 0.648109
vt 0.995803 0.924595
vt 0.991219 0.930719
vt 0.989126 0.922174
vt 0.993119 0.919886
vt 0.899380 0.634543
vt 0.988476 0.910402
vt 0.994000 0.910871
vt 0.983904 0.923439
vt 0.982780 0.910805
vt 0.977943 0.910801
vt 0.979304 0.922546
vt 0.985797 0.932833
vt 0.980752 0.931115
vt 0.933114 0.780641
vt 0.935177 0.783199
vt 0.934775 0.771806
vt 0.939070 0.771900
vt 0.355607 0.990255
vt 0.926294 0.639495
s 1
f 3643/4462/3557 3644/4463/3558 3649/4464/3559 3646/4465/3560
f 3644/4466/3558 3643/4467/3557 3645/4468/3561 3688/4469/3562
f 3645/4468/3561 3643/4467/3557 3646/4470/3560 3647/4471/3563
f 3647/4471/3563 3646/4470/3560 3648/4472/3564 3698/4473/3565
f 3646/4465/3560 3649/4464/3559 3651/4474/3566 3648/4475/3564
f 3644/4463/3558 3685/4476/3567 3650/4477/3568 3649/4464/3559
f 3649/4464/3559 3650/4477/3568 3652/4478/3569 3651/4474/3566
f 3651/4474/3566 3652/4478/3569 3654/4479/3570 3653/4480/3571
f 3648/4475/3564 3651/4474/3566 3653/4480/3571 3655/4481/3572
f 3653/4480/3571 3654/4479/3570 3659/4482/3573 3656/4483/3574
f 3655/4481/3572 3653/4480/3571 3656/4483/3574 3657/4484/3575
f 3657/4484/3575 3656/4483/3574 3658/4485/3576 3779/4486/3577
f 3656/4483/3574 3659/4482/3573 3661/4487/3578 3658/4485/3576
f 3654/4479/3570 3678/4488/3579 3660/4489/3580 3659/4482/3573
f 3659/4482/3573 3660/4489/3580 3663/4490/3581 3661/4487/3578
f 3658/4485/3576 3661/4487/3578 3662/4491/3582 3778/4492/3583
f 3661/4487/3578 3663/4490/3581 3664/4493/3584 3662/4491/3582
f 3663/4494/3581 3665/4495/3585 3666/4496/3586 3664/4497/3584
f 3660/4498/3580 3667/4499/3587 3665/4495/3585 3663/4494/3581
f 3665/4495/3585 3668/4500/3588 3670/4501/3589 3666/4496/3586
f 3667/4499/3587 3671/4502/3590 3668/4500/3588 3665/4495/3585
f 3671/4502/3590 3672/4503/3591 3669/4504/3592 3668/4500/3588
f 3668/4500/3588 3669/4504/3592 3783/4505/3593 3670/4501/3589
f 3676/4506/3594 3673/4507/3595 3671/4502/3590 3667/4499/3587
f 3673/4507/3595 3674/4508/3596 3672/4503/3591 3671/4502/3590
f 3675/4509/3597 3785/4510/3598 3674/4508/3596 3673/4507/3595
f 3677/4511/3599 3675/4509/3597 3673/4507/3595 3676/4506/3594
f 3679/4512/3600 3677/4511/3599 3676/4506/3594 3678/4513/3579
f 3678/4513/3579 3676/4506/3594 3667/4499/3587 3660/4498/3580
f 3652/4478/3569 3679/4514/3600 3678/4488/3579 3654/4479/3570
f 3680/4515/3601 3681/4516/3602 3677/4511/3599 3679/4512/3600
f 3650/4477/3568 3680/4517/3601 3679/4514/3600 3652/4478/3569
f 3685/4518/3567 3682/4519/3603 3680/4520/3601 3650/4521/3568
f 3682/4519/3603 3683/4522/3604 3681/4523/3602 3680/4520/3601
f 3683/4522/3604 3682/4519/3603 3684/4524/3605 3790/4525/3606
f 3682/4519/3603 3685/4518/3567 3686/4526/3607 3684/4524/3605
f 3685/4518/3567 3644/4527/3558 3688/4528/3562 3686/4526/3607
f 3684/4524/3605 3686/4526/3607 3687/4529/3608 3789/4530/3609
f 3686/4526/3607 3688/4528/3562 3689/4531/3610 3687/4529/3608
f 3688/4469/3562 3645/4468/3561 3691/4532/3611 3689/4533/3610
f 3687/4529/3608 3689/4531/3610 3690/4534/3612 3801/4535/3613
f 3689/4533/3610 3691/4532/3611 3692/4536/3614 3690/4537/3612
f 3692/4536/3614 3691/4532/3611 3693/4538/3615 3694/4539/3616
f 3691/4532/3611 3645/4468/3561 3647/4471/3563 3693/4538/3615
f 3694/4539/3616 3693/4538/3615 3695/4540/3617 3696/4541/3618
f 3693/4538/3615 3647/4471/3563 3698/4473/3565 3695/4540/3617
f 3696/4541/3618 3695/4540/3617 3697/4542/3619 3707/4543/3620
f 3695/4540/3617 3698/4473/3565 3699/4544/3621 3697/4542/3619
f 3698/4473/3565 3648/4472/3564 3655/4545/3572 3699/4544/3621
f 3697/4542/3619 3699/4544/3621 3700/4546/3622 3702/4547/3623
f 3699/4544/3621 3655/4545/3572 3657/4548/3575 3700/4546/3622
f 3700/4546/3622 3657/4548/3575 3779/4549/3577 3701/4550/3624
f 3702/4547/3623 3700/4546/3622 3701/4550/3624 3703/4551/3625
f 3704/4552/3626 3702/4547/3623 3703/4551/3625 3706/4553/3627
f 3707/4543/3620 3697/4542/3619 3702/4547/3623 3704/4552/3626
f 3708/4554/3628 3707/4543/3620 3704/4552/3626 3705/4555/3629
f 3705/4555/3629 3704/4552/3626 3706/4553/3627 3773/4556/3630
f 3709/4557/3631 3696/4541/3618 3707/4543/3620 3708/4554/3628
f 3711/4558/3632 3709/4557/3631 3708/4554/3628 3710/4559/3633
f 3710/4559/3633 3708/4554/3628 3705/4555/3629 3713/4560/3634
f 3798/4561/3635 3711/4562/3632 3710/4563/3633 3712/4564/3636
f 3712/4564/3636 3710/4563/3633 3713/4565/3634 3715/4566/3637
f 3713/4560/3634 3705/4555/3629 3773/4556/3630 3714/4567/3638
f 3715/4566/3637 3713/4565/3634 3714/4568/3638 3716/4569/3639
f 3717/4570/3640 3715/4566/3637 3716/4569/3639 3719/4571/3641
f 3720/4572/3642 3712/4564/3636 3715/4566/3637 3717/4570/3640
f 3722/4573/3643 3720/4572/3642 3717/4570/3640 3718/4574/3644
f 3718/4574/3644 3717/4570/3640 3719/4571/3641 3729/4575/3645
f 3721/4576/3646 3798/4561/3635 3712/4564/3636 3720/4572/3642
f 3723/4577/3647 3721/4576/3646 3720/4572/3642 3722/4573/3643
f 3725/4578/3648 3723/4579/3647 3722/4580/3643 3724/4581/3649
f 3724/4581/3649 3722/4580/3643 3718/4582/3644 3726/4583/3650
f 3785/4510/3598 3725/4578/3648 3724/4581/3649 3674/4508/3596
f 3674/4508/3596 3724/4581/3649 3726/4583/3650 3672/4503/3591
f 3726/4583/3650 3718/4582/3644 3729/4584/3645 3727/4585/3651
f 3672/4503/3591 3726/4583/3650 3727/4585/3651 3669/4504/3592
f 3669/4504/3592 3727/4585/3651 3728/4586/3652 3783/4505/3593
f 3727/4585/3651 3729/4584/3645 3730/4587/3653 3728/4586/3652
f 3729/4575/3645 3719/4571/3641 3732/4588/3654 3730/4589/3653
f 3728/4586/3652 3730/4587/3653 3731/4590/3655 3743/4591/3656
f 3730/4589/3653 3732/4588/3654 3734/4592/3657 3731/4593/3655
f 3732/4588/3654 3733/4594/3658 3735/4595/3659 3734/4592/3657
f 3719/4571/3641 3716/4569/3639 3733/4594/3658 3732/4588/3654
f 3734/4592/3657 3735/4595/3659 3738/4596/3660 3736/4597/3661
f 3731/4593/3655 3734/4592/3657 3736/4597/3661 3737/4598/3662
f 3737/4599/3662 3736/4600/3661 3739/4601/3663 3742/4602/3664
f 3736/4603/3661 3738/4604/3660 3740/4605/3665 3739/4606/3663
f 3739/4606/3663 3740/4605/3665 3781/4607/3666 3741/4608/3667
f 3742/4602/3664 3739/4601/3663 3741/4609/3667 3744/4610/3668
f 3743/4591/3656 3731/4590/3655 3737/4599/3662 3742/4602/3664
f 3745/4611/3669 3743/4591/3656 3742/4602/3664 3744/4610/3668
f 3747/4612/3670 3745/4611/3669 3744/4610/3668 3746/4613/3671
f 3744/4610/3668 3741/4609/3667 3749/4614/3672 3746/4613/3671
f 3782/4615/3673 3747/4612/3670 3746/4613/3671 3748/4616/3674
f 3746/4613/3671 3749/4614/3672 3751/4617/3675 3748/4616/3674
f 3749/4618/3672 3750/4619/3676 3753/4620/3677 3751/4621/3675
f 3741/4608/3667 3781/4607/3666 3750/4622/3676 3749/4623/3672
f 3752/4624/3678 3782/4615/3673 3748/4616/3674 3751/4617/3675
f 3754/4625/3679 3752/4626/3678 3751/4621/3675 3753/4620/3677
f 3756/4627/3680 3754/4625/3679 3753/4620/3677 3755/4628/3681
f 3750/4619/3676 3758/4629/3682 3755/4628/3681 3753/4620/3677
f 3780/4630/3683 3756/4627/3680 3755/4628/3681 3757/4631/3684
f 3758/4629/3682 3760/4632/3685 3757/4631/3684 3755/4628/3681
f 3759/4633/3686 3762/4634/3687 3760/4635/3685 3758/4636/3682
f 3781/4607/3666 3759/4637/3686 3758/4638/3682 3750/4622/3676
f 3761/4639/3688 3780/4640/3683 3757/4641/3684 3760/4635/3685
f 3763/4642/3689 3761/4639/3688 3760/4635/3685 3762/4634/3687
f 3765/4643/3690 3763/4642/3689 3762/4634/3687 3764/4644/3691
f 3767/4645/3692 3764/4644/3691 3762/4634/3687 3759/4633/3686
f 3771/4646/3693 3765/4643/3690 3764/4644/3691 3766/4647/3694
f 3768/4648/3695 3766/4649/3694 3764/4650/3691 3767/4651/3692
f 3738/4604/3660 3768/4648/3695 3767/4651/3692 3740/4605/3665
f 3740/4605/3665 3767/4651/3692 3759/4637/3686 3781/4607/3666
f 3769/4652/3696 3771/4646/3693 3766/4647/3694 3768/4653/3695
f 3735/4595/3659 3769/4654/3696 3768/4655/3695 3738/4596/3660
f 3770/4656/3697 3772/4657/3698 3771/4646/3693 3769/4652/3696
f 3733/4594/3658 3770/4658/3697 3769/4654/3696 3735/4595/3659
f 3772/4657/3698 3774/4659/3699 3765/4643/3690 3771/4646/3693
f 3714/4567/3638 3773/4556/3630 3772/4657/3698 3770/4656/3697
f 3773/4556/3630 3706/4553/3627 3774/4659/3699 3772/4657/3698
f 3774/4659/3699 3775/4660/3700 3763/4642/3689 3765/4643/3690
f 3706/4553/3627 3703/4551/3625 3775/4660/3700 3774/4659/3699
f 3703/4551/3625 3701/4550/3624 3776/4661/3701 3775/4660/3700
f 3775/4660/3700 3776/4661/3701 3761/4639/3688 3763/4642/3689
f 3701/4550/3624 3779/4549/3577 3777/4662/3702 3776/4661/3701
f 3776/4661/3701 3777/4662/3702 3780/4640/3683 3761/4639/3688
f 3777/4663/3702 3778/4492/3583 3756/4627/3680 3780/4630/3683
f 3779/4486/3577 3658/4485/3576 3778/4492/3583 3777/4663/3702
f 3778/4492/3583 3662/4491/3582 3754/4625/3679 3756/4627/3680
f 3716/4569/3639 3714/4568/3638 3770/4658/3697 3733/4594/3658
f 3662/4491/3582 3664/4493/3584 3752/4626/3678 3754/4625/3679
f 3664/4497/3584 3666/4496/3586 3782/4615/3673 3752/4624/3678
f 3666/4496/3586 3670/4501/3589 3747/4612/3670 3782/4615/3673
f 3670/4501/3589 3783/4505/3593 3745/4611/3669 3747/4612/3670
f 3783/4505/3593 3728/4586/3652 3743/4591/3656 3745/4611/3669
f 3784/4664/3703 3795/4665/3704 3723/4579/3647 3725/4578/3648
f 3786/4666/3705 3784/4664/3703 3725/4578/3648 3785/4510/3598
f 3787/4667/3706 3786/4666/3705 3785/4510/3598 3675/4509/3597
f 3790/4668/3606 3788/4669/3707 3786/4666/3705 3787/4667/3706
f 3788/4669/3707 3791/4670/3708 3784/4664/3703 3786/4666/3705
f 3788/4669/3707 3789/4671/3609 3792/4672/3709 3791/4670/3708
f 3790/4668/3606 3684/4673/3605 3789/4671/3609 3788/4669/3707
f 3791/4674/3708 3792/4675/3709 3794/4676/3710 3793/4677/3711
f 3791/4670/3708 3793/4678/3711 3795/4665/3704 3784/4664/3703
f 3793/4677/3711 3794/4676/3710 3796/4679/3712 3795/4680/3704
f 3795/4680/3704 3796/4679/3712 3721/4576/3646 3723/4577/3647
f 3794/4676/3710 3800/4681/3713 3797/4682/3714 3796/4679/3712
f 3796/4679/3712 3797/4682/3714 3798/4561/3635 3721/4576/3646
f 3797/4682/3714 3799/4683/3715 3711/4562/3632 3798/4561/3635
f 3800/4681/3713 3802/4684/3716 3799/4683/3715 3797/4682/3714
f 3801/4685/3613 3690/4686/3612 3802/4684/3716 3800/4681/3713
f 3792/4675/3709 3801/4685/3613 3800/4681/3713 3794/4676/3710
f 3690/4537/3612 3692/4536/3614 3803/4687/3717 3802/4688/3716
f 3802/4688/3716 3803/4687/3717 3804/4689/3718 3799/4690/3715
f 3803/4687/3717 3692/4536/3614 3694/4539/3616 3804/4689/3718
f 3804/4689/3718 3694/4539/3616 3696/4541/3618 3709/4557/3631
f 3799/4690/3715 3804/4689/3718 3709/4557/3631 3711/4558/3632
f 3789/4530/3609 3687/4529/3608 3801/4535/3613 3792/4691/3709
f 3683/4692/3604 3790/4668/3606 3787/4667/3706 3681/4516/3602
f 3681/4516/3602 3787/4667/3706 3675/4509/3597 3677/4511/3599
o Cube.013
v -0.576927 0.851592 -0.031124
v -0.566029 0.830012 -0.028926
v -0.589127 0.852278 -0.038396
v -0.565808 0.872604 -0.027617
v -0.542684 0.901263 -0.023957
v -0.544580 0.850578 -0.022066
v -0.581253 0.883702 -0.037080
v -0.559994 0.914902 -0.035206
v -0.587315 0.886698 -0.048819
v -0.566051 0.919206 -0.048820
v -0.581253 0.883702 -0.060559
v -0.595176 0.852633 -0.048819
v -0.587368 0.817963 -0.048819
v -0.589127 0.852278 -0.059243
v -0.581375 0.820378 -0.059518
v -0.576927 0.851592 -0.066515
v -0.566029 0.830012 -0.068713
v -0.565808 0.872604 -0.070022
v -0.544580 0.850578 -0.075573
v -0.542684 0.901263 -0.073682
v -0.515899 0.878348 -0.080611
v -0.510296 0.931290 -0.076445
v -0.559994 0.914902 -0.062433
v -0.528761 0.945163 -0.063929
v -0.534951 0.949758 -0.048820
v -0.492396 0.972674 -0.064950
v -0.455511 0.995601 -0.065479
v -0.473644 0.959678 -0.078315
v -0.498647 0.977007 -0.048820
v -0.461433 0.999482 -0.048820
v -0.492396 0.972674 -0.032690
v -0.455511 0.995601 -0.032160
v -0.473644 0.959678 -0.019325
v -0.528761 0.945163 -0.033710
v -0.510296 0.931290 -0.021194
v -0.480686 0.908821 -0.013433
v -0.444924 0.881717 -0.010848
v -0.515899 0.878348 -0.017028
v -0.443433 0.938738 -0.011029
v -0.408755 0.965383 -0.009786
v -0.406972 0.913467 -0.008264
v -0.373870 0.942888 -0.006928
v -0.370510 0.888196 -0.011029
v -0.339052 0.920324 -0.009786
v -0.340299 0.867256 -0.019325
v -0.409034 0.854712 -0.013433
v -0.449818 0.824057 -0.017028
v -0.379296 0.832341 -0.021194
v -0.422013 0.801928 -0.023957
v -0.360959 0.818369 -0.033710
v -0.354896 0.813676 -0.048820
v -0.405723 0.787503 -0.035206
v -0.321547 0.854260 -0.032690
v -0.292296 0.890106 -0.032160
v -0.315297 0.849927 -0.048820
v -0.286307 0.886294 -0.048820
v -0.321547 0.854260 -0.064950
v -0.292296 0.890106 -0.065479
v -0.340299 0.867256 -0.078315
v -0.360959 0.818369 -0.063929
v -0.405723 0.787503 -0.062433
v -0.379296 0.832340 -0.076445
v -0.422013 0.801928 -0.073682
v -0.409034 0.854712 -0.084206
v -0.444924 0.881717 -0.086791
v -0.449818 0.824057 -0.080611
v -0.370510 0.888196 -0.086610
v -0.339052 0.920324 -0.087854
v -0.406972 0.913467 -0.089375
v -0.373870 0.942888 -0.090711
v -0.443433 0.938738 -0.086610
v -0.408755 0.965383 -0.087854
v -0.480686 0.908821 -0.084206
v -0.378528 0.987213 -0.087108
v -0.437652 0.984005 -0.079283
v -0.404651 1.002771 -0.078688
v -0.376478 1.014925 -0.075996
v -0.420245 1.012724 -0.065149
v -0.425196 1.016170 -0.048820
v -0.387853 1.023124 -0.063816
v -0.390934 1.026270 -0.048820
v -0.358138 1.026410 -0.062820
v -0.358500 1.029395 -0.048820
v -0.357222 1.020315 -0.072416
v -0.329751 1.022390 -0.063740
v -0.303719 1.011892 -0.064542
v -0.327898 1.025417 -0.048820
v -0.337284 1.014563 -0.075858
v -0.354053 1.003334 -0.083397
v -0.312254 1.003071 -0.077587
v -0.326509 0.988469 -0.085902
v -0.290855 0.987828 -0.075858
v -0.300716 0.971795 -0.083397
v -0.278144 0.974606 -0.072416
v -0.282923 0.995982 -0.063740
v -0.279540 0.998366 -0.048820
v -0.270001 0.975980 -0.062820
v -0.266915 0.952004 -0.063816
v -0.266008 0.976747 -0.048820
v -0.262085 0.950667 -0.048820
v -0.270001 0.975980 -0.034820
v -0.266915 0.952004 -0.033823
v -0.278144 0.974606 -0.025223
v -0.282923 0.995982 -0.033899
v -0.303719 1.011892 -0.033098
v -0.290855 0.987828 -0.021781
v -0.300716 0.971795 -0.014243
v -0.312254 1.003071 -0.020052
v -0.326509 0.988469 -0.011738
v -0.337284 1.014563 -0.021781
v -0.354053 1.003334 -0.014243
v -0.357222 1.020315 -0.025223
v -0.329751 1.022390 -0.033899
v -0.358138 1.026410 -0.034820
v -0.387853 1.023124 -0.033823
v -0.420245 1.012724 -0.032490
v -0.376478 1.014925 -0.021644
v -0.404651 1.002771 -0.018951
v -0.437652 0.984005 -0.018356
v -0.378528 0.987213 -0.010531
v -0.346928 0.968273 -0.007718
v -0.315862 0.948780 -0.010531
v -0.290275 0.932669 -0.018951
v -0.280290 0.958136 -0.021644
v -0.274145 0.923269 -0.032490
v -0.310222 0.901632 -0.018356
v -0.268659 0.920377 -0.048820
v -0.274145 0.923269 -0.065149
v -0.290275 0.932669 -0.078688
v -0.280290 0.958136 -0.075996
v -0.315862 0.948780 -0.087108
v -0.310222 0.901632 -0.079283
v -0.346928 0.968273 -0.089921
v -0.300861 1.014845 -0.048820
v -0.483369 0.850809 -0.082900
v -0.487149 0.800021 -0.075573
v -0.517533 0.824015 -0.077380
v -0.462109 0.780932 -0.070022
v -0.515103 0.782391 -0.068713
v -0.544026 0.803536 -0.069787
v -0.529237 0.769315 -0.059518
v -0.490428 0.771424 -0.066515
v -0.492005 0.760126 -0.059243
v -0.492876 0.754438 -0.048819
v -0.450477 0.766896 -0.060559
v -0.447750 0.761330 -0.048819
v -0.400686 0.782413 -0.048820
v -0.450477 0.766896 -0.037080
v -0.462109 0.780932 -0.027617
v -0.492005 0.760126 -0.038396
v -0.529237 0.769315 -0.038121
v -0.490428 0.771424 -0.031124
v -0.515103 0.782391 -0.028926
v -0.544026 0.803536 -0.027852
v -0.487149 0.800021 -0.022066
v -0.517533 0.824015 -0.020259
v -0.483369 0.850809 -0.014739
v -0.560296 0.791002 -0.037699
v -0.565744 0.786805 -0.048819
v -0.581375 0.820378 -0.038121
v -0.560296 0.791002 -0.059940
v -0.533224 0.764040 -0.048819
vn -0.3310 -0.1413 0.9330
vn -0.1981 -0.0407 0.9793
vn -0.3492 0.0891 0.9328
vn -0.4128 -0.0209 0.9106
vn -0.7199 -0.0070 0.6940
vn -0.6384 -0.2910 0.7126
vn -0.6591 0.2687 0.7024
vn -0.2916 0.1725 0.9409
vn -0.5595 0.4347 0.7057
vn -0.1497 0.0179 0.9886
vn -0.7773 0.6291 -0.0000
vn -0.9197 0.3926 -0.0000
vn -1.0000 0.0036 -0.0000
vn -0.5595 0.4347 -0.7057
vn -0.6591 0.2687 -0.7024
vn -0.7199 -0.0070 -0.6940
vn -0.6384 -0.2910 -0.7126
vn -0.9147 -0.4040 -0.0000
vn -0.4128 -0.0209 -0.9106
vn -0.3310 -0.1413 -0.9330
vn -0.3492 0.0891 -0.9328
vn -0.1981 -0.0407 -0.9793
vn -0.2916 0.1725 -0.9409
vn -0.1497 0.0179 -0.9886
vn -0.2595 0.2370 -0.9362
vn -0.1254 0.0560 -0.9905
vn -0.4882 0.5388 -0.6866
vn -0.6595 0.7517 -0.0000
vn -0.5696 0.8219 -0.0000
vn -0.4399 0.6165 -0.6531
vn -0.2448 0.2956 -0.9234
vn -0.4816 0.8764 -0.0000
vn -0.3895 0.6938 -0.6057
vn -0.2283 0.3703 -0.9004
vn -0.4399 0.6165 0.6531
vn -0.3895 0.6938 0.6057
vn -0.4882 0.5388 0.6866
vn -0.2448 0.2956 0.9234
vn -0.2283 0.3703 0.9004
vn -0.2595 0.2370 0.9362
vn -0.1254 0.0560 0.9905
vn -0.1141 0.0881 0.9896
vn -0.0396 -0.0519 0.9979
vn -0.0228 -0.0324 0.9992
vn -0.0660 -0.0799 0.9946
vn -0.0006 -0.0003 1.0000
vn -0.1003 0.1355 0.9857
vn 0.0803 -0.1356 0.9875
vn 0.1190 -0.1064 0.9872
vn 0.0508 -0.1525 0.9870
vn 0.2540 -0.2856 0.9241
vn 0.3240 -0.2427 0.9144
vn 0.1979 -0.3120 0.9293
vn 0.1392 -0.3443 0.9285
vn 0.0153 -0.1783 0.9839
vn 0.3422 -0.6446 0.6837
vn 0.4441 -0.5856 0.6782
vn 0.5365 -0.5236 0.6619
vn 0.6212 -0.7837 -0.0000
vn 0.7284 -0.6851 -0.0000
vn 0.4908 -0.8712 -0.0000
vn 0.8346 -0.5508 -0.0000
vn 0.6384 -0.4332 0.6363
vn 0.5365 -0.5236 -0.6619
vn 0.6384 -0.4332 -0.6363
vn 0.4441 -0.5856 -0.6782
vn 0.2540 -0.2857 -0.9241
vn 0.3240 -0.2427 -0.9144
vn 0.1979 -0.3120 -0.9293
vn 0.1392 -0.3443 -0.9285
vn 0.3422 -0.6446 -0.6837
vn 0.0153 -0.1783 -0.9839
vn 0.0508 -0.1525 -0.9870
vn 0.0803 -0.1356 -0.9875
vn -0.0396 -0.0519 -0.9979
vn -0.0228 -0.0324 -0.9992
vn -0.0660 -0.0799 -0.9946
vn -0.0006 -0.0003 -1.0000
vn 0.1190 -0.1064 -0.9872
vn -0.1142 0.0881 -0.9896
vn -0.1003 0.1355 -0.9857
vn -0.1854 0.4785 -0.8583
vn -0.0637 0.2257 -0.9721
vn 0.0455 0.0748 -0.9962
vn -0.3088 0.7816 -0.5419
vn -0.1023 0.6125 -0.7838
vn 0.0161 0.3755 -0.9267
vn -0.1810 0.8697 -0.4592
vn -0.3667 0.9304 -0.0000
vn -0.2039 0.9790 -0.0000
vn 0.0141 0.9999 -0.0000
vn 0.0129 0.9194 -0.3931
vn 0.0138 0.7212 -0.6926
vn 0.2328 0.8760 -0.4224
vn 0.2552 0.9669 -0.0000
vn 0.1424 0.6316 -0.7621
vn 0.2931 0.5057 -0.8114
vn 0.4414 0.7660 -0.4673
vn 0.4991 0.8666 -0.0000
vn 0.1390 0.2350 -0.9620
vn 0.4549 0.3688 -0.8106
vn 0.2831 0.1145 -0.9522
vn 0.6533 0.5928 -0.4710
vn 0.6002 0.2262 -0.7672
vn 0.5291 0.0113 -0.8485
vn 0.8260 0.3014 -0.4763
vn 0.7434 0.6689 -0.0000
vn 0.9402 0.3405 -0.0000
vn 0.8430 -0.0379 -0.5366
vn 0.9989 -0.0461 -0.0000
vn 0.8260 0.3014 0.4763
vn 0.8430 -0.0379 0.5366
vn 0.6533 0.5928 0.4710
vn 0.6002 0.2262 0.7672
vn 0.5291 0.0113 0.8485
vn 0.4549 0.3688 0.8106
vn 0.4414 0.7660 0.4673
vn 0.2931 0.5057 0.8114
vn 0.2831 0.1145 0.9522
vn 0.1390 0.2350 0.9620
vn 0.1424 0.6316 0.7621
vn 0.0161 0.3755 0.9267
vn 0.2328 0.8760 0.4224
vn 0.0138 0.7212 0.6926
vn -0.1023 0.6125 0.7838
vn 0.0129 0.9194 0.3931
vn -0.1810 0.8697 0.4592
vn -0.1854 0.4785 0.8583
vn -0.3088 0.7816 0.5419
vn -0.0637 0.2257 0.9721
vn 0.0455 0.0748 0.9962
vn 0.1833 -0.0352 0.9824
vn 0.4192 -0.1522 0.8950
vn 0.7502 -0.2819 0.5981
vn 0.9366 -0.3503 -0.0000
vn 0.7502 -0.2819 -0.5981
vn 0.4192 -0.1522 -0.8950
vn 0.1833 -0.0352 -0.9824
vn -0.1177 -0.1328 -0.9841
vn -0.0391 -0.2231 -0.9740
vn 0.0650 -0.3931 -0.9172
vn -0.2333 -0.2479 -0.9403
vn -0.1350 -0.3518 -0.9263
vn -0.0289 -0.4372 -0.8989
vn -0.2880 -0.6455 -0.7074
vn -0.4824 -0.4894 -0.7265
vn -0.0347 -0.7385 -0.6734
vn 0.1988 -0.7108 -0.6747
vn -0.0487 -0.9988 -0.0000
vn -0.4207 -0.9072 -0.0000
vn 0.2858 -0.9583 -0.0000
vn 0.1988 -0.7108 0.6747
vn -0.0347 -0.7385 0.6734
vn 0.0650 -0.3930 0.9172
vn -0.0289 -0.4372 0.8989
vn -0.2880 -0.6455 0.7074
vn -0.1350 -0.3518 0.9263
vn -0.0390 -0.2231 0.9740
vn -0.4824 -0.4894 0.7265
vn -0.2333 -0.2479 0.9403
vn -0.1177 -0.1328 0.9841
vn -0.7113 -0.7029 -0.0000
vt 0.442188 0.937787
vt 0.442453 0.929024
vt 0.451532 0.929370
vt 0.449110 0.935947
vt 0.451720 0.938491
vt 0.443155 0.943050
vt 0.457095 0.930579
vt 0.453281 0.918640
vt 0.459786 0.919758
vt 0.442903 0.917245
vt 0.462041 0.920221
vt 0.459046 0.931304
vt 0.989385 0.007544
vt 0.984728 0.002098
vt 0.987986 0.000000
vt 0.992603 0.006065
vt 0.510551 0.805170
vt 0.511546 0.794299
vt 0.516105 0.794740
vt 0.514554 0.805283
vt 0.511447 0.815464
vt 0.514959 0.814858
vt 0.517901 0.823342
vt 0.514485 0.824740
vt 0.995716 0.015292
vt 0.992122 0.016149
vt 0.540586 0.892110
vt 0.547619 0.893002
vt 0.547575 0.898460
vt 0.538516 0.895063
vt 0.532145 0.887909
vt 0.537254 0.885864
vt 0.546056 0.884267
vt 0.534053 0.875415
vt 0.543972 0.872591
vt 0.528046 0.877515
vt 0.532076 0.862486
vt 0.542342 0.858887
vt 0.525843 0.864844
vt 0.513976 0.783237
vt 0.518954 0.783715
vt 0.517296 0.772719
vt 0.522529 0.773094
vt 0.525171 0.851382
vt 0.531224 0.848798
vt 0.531786 0.910083
vt 0.533415 0.920253
vt 0.528371 0.922021
vt 0.526863 0.911965
vt 0.525712 0.838559
vt 0.531267 0.835955
vt 0.536133 0.912163
vt 0.537945 0.922224
vt 0.533863 0.902405
vt 0.529827 0.900340
vt 0.452564 0.891926
vt 0.450851 0.879201
vt 0.457035 0.880836
vt 0.459229 0.893484
vt 0.453518 0.905594
vt 0.460313 0.906917
vt 0.462671 0.907350
vt 0.442676 0.903489
vt 0.441937 0.889389
vt 0.429647 0.900925
vt 0.429173 0.886312
vt 0.430414 0.915480
vt 0.429148 0.873224
vt 0.440991 0.876499
vt 0.416454 0.883223
vt 0.417351 0.869966
vt 0.416657 0.898304
vt 0.405967 0.880651
vt 0.407634 0.867257
vt 0.405942 0.896120
vt 0.407649 0.911522
vt 0.417937 0.913326
vt 0.401359 0.910737
vt 0.399361 0.894791
vt 0.399527 0.879038
vt 0.935587 0.955410
vt 0.930714 0.946220
vt 0.935859 0.945644
vt 0.940458 0.954681
vt 0.941548 0.962961
vt 0.945899 0.962069
vt 0.927448 0.936654
vt 0.932671 0.936266
vt 0.401684 0.865536
vt 0.582454 0.829291
vt 0.578576 0.816189
vt 0.580793 0.815558
vt 0.584832 0.828676
vt 0.584660 0.844889
vt 0.587078 0.844367
vt 0.575932 0.831556
vt 0.572542 0.818491
vt 0.577985 0.846901
vt 0.578338 0.862417
vt 0.584760 0.860965
vt 0.587078 0.860742
vt 0.568197 0.865455
vt 0.567449 0.850361
vt 0.565657 0.835363
vt 0.554852 0.854617
vt 0.553384 0.840045
vt 0.556055 0.869186
vt 0.551698 0.827059
vt 0.563040 0.822331
vt 0.541207 0.844792
vt 0.540462 0.831883
vt 0.532195 0.824785
vt 0.540185 0.820884
vt 0.550009 0.816273
vt 0.527412 0.827105
vt 0.533968 0.815917
vt 0.540394 0.812273
vt 0.529721 0.931801
vt 0.530887 0.940970
vt 0.526842 0.944511
vt 0.525171 0.936632
vt 0.534642 0.930331
vt 0.535409 0.940051
vt 0.535688 0.949469
vt 0.531459 0.949590
vt 0.528281 0.950005
vt 0.530972 0.958054
vt 0.535473 0.958588
vt 0.526933 0.956032
vt 0.525689 0.963757
vt 0.530065 0.966046
vt 0.534793 0.966882
vt 0.535921 0.810361
vt 0.540580 0.806403
vt 0.547514 0.802174
vt 0.548555 0.807981
vt 0.554820 0.799496
vt 0.556954 0.804476
vt 0.525171 0.970563
vt 0.529234 0.972692
vt 0.560217 0.798626
vt 0.563811 0.801841
vt 0.554365 0.796350
vt 0.561405 0.796523
vt 0.533693 0.973696
vt 0.924200 0.910521
vt 0.926533 0.904279
vt 0.929858 0.904511
vt 0.927151 0.911190
vt 0.567744 0.799736
vt 0.922749 0.917489
vt 0.925760 0.918847
vt 0.931262 0.912044
vt 0.930313 0.919121
vt 0.934059 0.905902
vt 0.934871 0.912700
vt 0.935593 0.917581
vt 0.938064 0.908660
vt 0.937891 0.900681
vt 0.942201 0.903662
vt 0.933585 0.899065
vt 0.414247 0.849536
vt 0.417490 0.845818
vt 0.422876 0.846033
vt 0.421213 0.851377
vt 0.430430 0.847765
vt 0.429939 0.853799
vt 0.437899 0.851029
vt 0.438653 0.856953
vt 0.941944 0.896766
vt 0.945899 0.899443
vt 0.443115 0.854293
vt 0.445680 0.859611
vt 0.539547 0.958237
vt 0.539505 0.949761
vt 0.541842 0.950294
vt 0.542472 0.956363
vt 0.539100 0.966238
vt 0.542460 0.944843
vt 0.539506 0.941153
vt 0.448511 0.868225
vt 0.449827 0.860486
vt 0.453886 0.869684
vt 0.539105 0.932001
vt 0.439874 0.865533
vt 0.429462 0.862285
vt 0.419080 0.859251
vt 0.410567 0.856752
vt 0.930861 0.927257
vt 0.937001 0.924759
vt 0.405437 0.855010
vt 0.925825 0.927381
vt 0.922624 0.925481
vt 0.924268 0.934454
vt 0.568308 0.808474
vt 0.573520 0.806255
vt 0.559977 0.811951
vt 0.556998 0.882045
vt 0.567931 0.878625
vt 0.576847 0.875741
vt 0.557713 0.892007
vt 0.567697 0.888462
vt 0.574513 0.884280
vt 0.568693 0.894196
vt 0.558233 0.898180
vt 0.577132 0.886627
vt 0.582369 0.875342
vt 0.578556 0.887909
vt 0.569503 0.896173
vt 0.584384 0.875740
vt 0.403958 0.925132
vt 0.399361 0.910597
vt 0.405623 0.924664
vt 0.993370 0.047689
vt 0.988066 0.054873
vt 0.984728 0.053367
vt 0.989993 0.046822
vt 0.410926 0.924493
vt 0.412301 0.935161
vt 0.414423 0.932607
vt 0.996341 0.037757
vt 0.992627 0.037590
vt 0.421642 0.941575
vt 0.421673 0.935904
vt 0.420012 0.926281
vt 0.432528 0.944171
vt 0.432013 0.938136
vt 0.431262 0.928277
vt 0.997047 0.026407
vt 0.993200 0.026771
vt 0.558545 0.900340
vt 0.522529 0.830091
vt 0.519180 0.831964
s 1
f 3806/4693/3719 3810/4694/3720 3808/4695/3721 3805/4696/3722
f 3807/4697/3723 3964/4698/3724 3806/4693/3719 3805/4696/3722
f 3805/4696/3722 3808/4695/3721 3811/4699/3725 3807/4697/3723
f 3808/4695/3721 3809/4700/3726 3812/4701/3727 3811/4699/3725
f 3810/4694/3720 3842/4702/3728 3809/4700/3726 3808/4695/3721
f 3811/4699/3725 3812/4701/3727 3814/4703/3729 3813/4704/3730
f 3807/4705/3723 3811/4706/3725 3813/4707/3730 3816/4708/3731
f 3813/4709/3730 3814/4710/3729 3827/4711/3732 3815/4712/3733
f 3816/4713/3731 3813/4709/3730 3815/4712/3733 3818/4714/3734
f 3818/4714/3734 3819/4715/3735 3817/4716/3736 3816/4713/3731
f 3816/4708/3731 3817/4717/3736 3964/4718/3724 3807/4705/3723
f 3820/4719/3737 3821/4720/3738 3819/4721/3735 3818/4722/3734
f 3818/4722/3734 3815/4723/3733 3822/4724/3739 3820/4719/3737
f 3820/4719/3737 3822/4724/3739 3823/4725/3740 3821/4720/3738
f 3822/4724/3739 3824/4726/3741 3825/4727/3742 3823/4725/3740
f 3815/4723/3733 3827/4728/3732 3824/4726/3741 3822/4724/3739
f 3824/4726/3741 3826/4729/3743 3877/4730/3744 3825/4727/3742
f 3827/4728/3732 3828/4731/3745 3826/4729/3743 3824/4726/3741
f 3814/4710/3729 3829/4732/3746 3828/4733/3745 3827/4711/3732
f 3829/4732/3746 3833/4734/3747 3830/4735/3748 3828/4733/3745
f 3828/4731/3745 3830/4736/3748 3832/4737/3749 3826/4729/3743
f 3833/4738/3747 3834/4739/3750 3831/4740/3751 3830/4741/3748
f 3830/4736/3748 3831/4742/3751 3879/4743/3752 3832/4737/3749
f 3835/4744/3753 3836/4745/3754 3834/4739/3750 3833/4738/3747
f 3838/4746/3755 3835/4744/3753 3833/4738/3747 3829/4747/3746
f 3837/4748/3756 3923/4749/3757 3836/4750/3754 3835/4751/3753
f 3839/4752/3758 3837/4748/3756 3835/4751/3753 3838/4753/3755
f 3809/4700/3726 3839/4752/3758 3838/4753/3755 3812/4701/3727
f 3812/4701/3727 3838/4753/3755 3829/4754/3746 3814/4703/3729
f 3840/4755/3759 3843/4756/3760 3837/4748/3756 3839/4752/3758
f 3842/4702/3728 3840/4755/3759 3839/4752/3758 3809/4700/3726
f 3841/4757/3761 3845/4758/3762 3843/4756/3760 3840/4755/3759
f 3961/4759/3763 3841/4757/3761 3840/4755/3759 3842/4702/3728
f 3845/4758/3762 3846/4760/3764 3844/4761/3765 3843/4756/3760
f 3843/4756/3760 3844/4761/3765 3923/4749/3757 3837/4748/3756
f 3847/4762/3766 3848/4763/3767 3846/4760/3764 3845/4758/3762
f 3850/4764/3768 3847/4762/3766 3845/4758/3762 3841/4757/3761
f 3849/4765/3769 3930/4766/3770 3848/4763/3767 3847/4762/3766
f 3852/4767/3771 3849/4765/3769 3847/4762/3766 3850/4764/3768
f 3853/4768/3772 3852/4767/3771 3850/4764/3768 3851/4769/3773
f 3851/4769/3773 3850/4764/3768 3841/4757/3761 3961/4759/3763
f 3856/4770/3774 3854/4771/3775 3852/4767/3771 3853/4768/3772
f 3854/4771/3775 3857/4772/3776 3849/4765/3769 3852/4767/3771
f 3855/4773/3777 3859/4774/3778 3857/4775/3776 3854/4776/3775
f 3951/4777/3779 3855/4773/3777 3854/4776/3775 3856/4778/3774
f 3859/4774/3778 3860/4779/3780 3858/4780/3781 3857/4775/3776
f 3857/4772/3776 3858/4781/3781 3930/4766/3770 3849/4765/3769
f 3861/4782/3782 3862/4783/3783 3860/4784/3780 3859/4785/3778
f 3864/4786/3784 3861/4782/3782 3859/4785/3778 3855/4787/3777
f 3863/4788/3785 3936/4789/3786 3862/4783/3783 3861/4782/3782
f 3866/4790/3787 3863/4788/3785 3861/4782/3782 3864/4786/3784
f 3867/4791/3788 3866/4790/3787 3864/4786/3784 3865/4792/3789
f 3865/4792/3789 3864/4786/3784 3855/4787/3777 3951/4793/3779
f 3870/4794/3790 3868/4795/3791 3866/4790/3787 3867/4791/3788
f 3868/4795/3791 3871/4796/3792 3863/4788/3785 3866/4790/3787
f 3869/4797/3793 3873/4798/3794 3871/4796/3792 3868/4795/3791
f 3939/4799/3795 3869/4797/3793 3868/4795/3791 3870/4794/3790
f 3873/4798/3794 3874/4800/3796 3872/4801/3797 3871/4796/3792
f 3871/4796/3792 3872/4801/3797 3936/4789/3786 3863/4788/3785
f 3875/4802/3798 3876/4803/3799 3874/4800/3796 3873/4798/3794
f 3877/4730/3744 3875/4802/3798 3873/4798/3794 3869/4797/3793
f 3832/4737/3749 3879/4743/3752 3876/4803/3799 3875/4802/3798
f 3826/4729/3743 3832/4737/3749 3875/4802/3798 3877/4730/3744
f 3825/4727/3742 3877/4730/3744 3869/4797/3793 3939/4799/3795
f 3879/4743/3752 3880/4804/3800 3878/4805/3801 3876/4803/3799
f 3876/4803/3799 3878/4805/3801 3937/4806/3802 3874/4800/3796
f 3831/4742/3751 3882/4807/3803 3880/4804/3800 3879/4743/3752
f 3880/4804/3800 3881/4808/3804 3893/4809/3805 3878/4805/3801
f 3882/4810/3803 3884/4811/3806 3881/4812/3804 3880/4813/3800
f 3883/4814/3807 3885/4815/3808 3884/4811/3806 3882/4810/3803
f 3834/4739/3750 3883/4814/3807 3882/4810/3803 3831/4740/3751
f 3885/4815/3808 3887/4816/3809 3886/4817/3810 3884/4811/3806
f 3884/4811/3806 3886/4817/3810 3888/4818/3811 3881/4812/3804
f 3889/4819/3812 3886/4817/3810 3887/4816/3809 3891/4820/3813
f 3892/4821/3814 3888/4818/3811 3886/4817/3810 3889/4819/3812
f 3894/4822/3815 3892/4821/3814 3889/4819/3812 3890/4823/3816
f 3890/4823/3816 3889/4819/3812 3891/4820/3813 3938/4824/3817
f 3881/4808/3804 3888/4825/3811 3892/4826/3814 3893/4809/3805
f 3893/4809/3805 3892/4826/3814 3894/4827/3815 3895/4828/3818
f 3895/4828/3818 3894/4827/3815 3896/4829/3819 3897/4830/3820
f 3896/4831/3819 3894/4822/3815 3890/4823/3816 3899/4832/3821
f 3897/4830/3820 3896/4829/3819 3898/4833/3822 3934/4834/3823
f 3898/4833/3822 3896/4829/3819 3899/4835/3821 3901/4836/3824
f 3899/4832/3821 3890/4823/3816 3938/4824/3817 3900/4837/3825
f 3901/4838/3824 3899/4839/3821 3900/4840/3825 3903/4841/3826
f 3934/4834/3823 3898/4833/3822 3901/4836/3824 3902/4842/3827
f 3902/4843/3827 3901/4838/3824 3903/4841/3826 3904/4844/3828
f 3904/4844/3828 3903/4841/3826 3905/4845/3829 3906/4846/3830
f 3903/4841/3826 3900/4840/3825 3908/4847/3831 3905/4845/3829
f 3906/4846/3830 3905/4845/3829 3907/4848/3832 3928/4849/3833
f 3905/4845/3829 3908/4847/3831 3910/4850/3834 3907/4848/3832
f 3908/4847/3831 3909/4851/3835 3912/4852/3836 3910/4850/3834
f 3900/4840/3825 3938/4853/3817 3909/4851/3835 3908/4847/3831
f 3928/4854/3833 3907/4855/3832 3910/4856/3834 3911/4857/3837
f 3911/4857/3837 3910/4856/3834 3912/4858/3836 3913/4859/3838
f 3913/4859/3838 3912/4858/3836 3914/4860/3839 3915/4861/3840
f 3909/4851/3835 3917/4862/3841 3914/4863/3839 3912/4852/3836
f 3915/4861/3840 3914/4860/3839 3916/4864/3842 3921/4865/3843
f 3917/4866/3841 3918/4867/3844 3916/4868/3842 3914/4869/3839
f 3891/4820/3813 3887/4816/3809 3918/4867/3844 3917/4866/3841
f 3938/4824/3817 3891/4820/3813 3917/4866/3841 3909/4870/3835
f 3921/4871/3843 3916/4868/3842 3918/4867/3844 3919/4872/3845
f 3919/4872/3845 3918/4867/3844 3887/4816/3809 3885/4815/3808
f 3922/4873/3846 3921/4865/3843 3919/4874/3845 3920/4875/3847
f 3920/4876/3847 3919/4872/3845 3885/4815/3808 3883/4814/3807
f 3924/4877/3848 3915/4861/3840 3921/4865/3843 3922/4873/3846
f 3844/4761/3765 3924/4877/3848 3922/4873/3846 3923/4749/3757
f 3923/4749/3757 3922/4873/3846 3920/4875/3847 3836/4750/3754
f 3925/4878/3849 3913/4859/3838 3915/4861/3840 3924/4877/3848
f 3846/4760/3764 3925/4878/3849 3924/4877/3848 3844/4761/3765
f 3926/4879/3850 3911/4857/3837 3913/4859/3838 3925/4878/3849
f 3848/4763/3767 3926/4879/3850 3925/4878/3849 3846/4760/3764
f 3930/4766/3770 3927/4880/3851 3926/4879/3850 3848/4763/3767
f 3927/4880/3851 3928/4854/3833 3911/4857/3837 3926/4879/3850
f 3929/4881/3852 3906/4846/3830 3928/4849/3833 3927/4882/3851
f 3858/4781/3781 3929/4883/3852 3927/4880/3851 3930/4766/3770
f 3931/4884/3853 3904/4844/3828 3906/4846/3830 3929/4881/3852
f 3860/4779/3780 3931/4884/3853 3929/4881/3852 3858/4780/3781
f 3932/4885/3854 3902/4843/3827 3904/4844/3828 3931/4884/3853
f 3862/4886/3783 3932/4885/3854 3931/4884/3853 3860/4779/3780
f 3936/4789/3786 3933/4887/3855 3932/4888/3854 3862/4783/3783
f 3933/4887/3855 3934/4834/3823 3902/4842/3827 3932/4888/3854
f 3935/4889/3856 3897/4830/3820 3934/4834/3823 3933/4887/3855
f 3872/4801/3797 3935/4889/3856 3933/4887/3855 3936/4789/3786
f 3937/4806/3802 3895/4828/3818 3897/4830/3820 3935/4889/3856
f 3874/4800/3796 3937/4806/3802 3935/4889/3856 3872/4801/3797
f 3878/4805/3801 3893/4809/3805 3895/4828/3818 3937/4806/3802
f 3836/4745/3754 3920/4876/3847 3883/4814/3807 3834/4739/3750
f 3941/4890/3857 3939/4799/3795 3870/4794/3790 3940/4891/3858
f 3940/4891/3858 3870/4794/3790 3867/4791/3788 3942/4892/3859
f 3944/4893/3860 3941/4890/3857 3940/4891/3858 3943/4894/3861
f 3943/4894/3861 3940/4891/3858 3942/4892/3859 3946/4895/3862
f 3944/4893/3860 3943/4894/3861 3945/4896/3863 3965/4897/3864
f 3943/4894/3861 3946/4895/3862 3947/4898/3865 3945/4896/3863
f 3946/4895/3862 3942/4892/3859 3949/4899/3866 3947/4898/3865
f 3945/4896/3863 3947/4898/3865 3948/4900/3867 3966/4901/3868
f 3947/4898/3865 3949/4899/3866 3950/4902/3869 3948/4900/3867
f 3942/4892/3859 3867/4791/3788 3865/4792/3789 3949/4899/3866
f 3949/4899/3866 3865/4792/3789 3951/4793/3779 3950/4902/3869
f 3950/4903/3869 3951/4904/3779 3856/4770/3774 3952/4905/3870
f 3948/4906/3867 3950/4907/3869 3952/4908/3870 3954/4909/3871
f 3952/4905/3870 3856/4770/3774 3853/4768/3772 3953/4910/3872
f 3954/4911/3871 3952/4905/3870 3953/4910/3872 3956/4912/3873
f 3966/4913/3868 3948/4906/3867 3954/4909/3871 3955/4914/3874
f 3955/4915/3874 3954/4911/3871 3956/4912/3873 3957/4916/3875
f 3956/4912/3873 3953/4910/3872 3959/4917/3876 3957/4916/3875
f 3962/4918/3877 3955/4915/3874 3957/4916/3875 3958/4919/3878
f 3957/4916/3875 3959/4917/3876 3960/4920/3879 3958/4919/3878
f 3953/4910/3872 3853/4768/3772 3851/4769/3773 3959/4917/3876
f 3959/4917/3876 3851/4769/3773 3961/4759/3763 3960/4920/3879
f 3960/4920/3879 3961/4759/3763 3842/4702/3728 3810/4694/3720
f 3958/4919/3878 3960/4920/3879 3810/4694/3720 3806/4693/3719
f 3964/4698/3724 3962/4918/3877 3958/4919/3878 3806/4693/3719
f 3963/4921/3880 3966/4913/3868 3955/4914/3874 3962/4922/3877
f 3817/4717/3736 3963/4921/3880 3962/4922/3877 3964/4718/3724
f 3965/4897/3864 3945/4896/3863 3966/4901/3868 3963/4923/3880
f 3819/4715/3735 3965/4924/3864 3963/4925/3880 3817/4716/3736
f 3821/4720/3738 3944/4893/3860 3965/4897/3864 3819/4721/3735
f 3821/4720/3738 3823/4725/3740 3941/4890/3857 3944/4893/3860
f 3823/4725/3740 3825/4727/3742 3939/4799/3795 3941/4890/3857
o Cube.014
v 0.576928 0.851592 -0.031124
v 0.589128 0.852278 -0.038396
v 0.566030 0.830012 -0.028926
v 0.565809 0.872604 -0.027617
v 0.544581 0.850578 -0.022066
v 0.542685 0.901263 -0.023957
v 0.581253 0.883703 -0.037080
v 0.587315 0.886699 -0.048819
v 0.559995 0.914902 -0.035206
v 0.566052 0.919206 -0.048820
v 0.528761 0.945164 -0.033710
v 0.534952 0.949758 -0.048820
v 0.510297 0.931290 -0.021194
v 0.492397 0.972674 -0.032690
v 0.473645 0.959678 -0.019325
v 0.455511 0.995601 -0.032160
v 0.498647 0.977007 -0.048820
v 0.492397 0.972674 -0.064950
v 0.461433 0.999482 -0.048820
v 0.425196 1.016170 -0.048820
v 0.455511 0.995601 -0.065479
v 0.420246 1.012724 -0.065149
v 0.437653 0.984006 -0.079283
v 0.404651 1.002771 -0.078688
v 0.473645 0.959678 -0.078315
v 0.408756 0.965383 -0.087854
v 0.373871 0.942888 -0.090711
v 0.378529 0.987213 -0.087108
v 0.443434 0.938738 -0.086610
v 0.406972 0.913467 -0.089375
v 0.480687 0.908821 -0.084206
v 0.444924 0.881717 -0.086791
v 0.515900 0.878348 -0.080611
v 0.510297 0.931290 -0.076445
v 0.542685 0.901263 -0.073682
v 0.528761 0.945164 -0.063929
v 0.559995 0.914902 -0.062433
v 0.581253 0.883703 -0.060559
v 0.565809 0.872604 -0.070022
v 0.589128 0.852278 -0.059243
v 0.576928 0.851592 -0.066515
v 0.581375 0.820378 -0.059518
v 0.595177 0.852633 -0.048819
v 0.587369 0.817963 -0.048819
v 0.565744 0.786805 -0.048819
v 0.581375 0.820378 -0.038121
v 0.560297 0.791002 -0.037699
v 0.529237 0.769315 -0.038121
v 0.544027 0.803536 -0.027852
v 0.515103 0.782391 -0.028926
v 0.517533 0.824015 -0.020259
v 0.487150 0.800021 -0.022066
v 0.483369 0.850810 -0.014739
v 0.449818 0.824057 -0.017028
v 0.444924 0.881717 -0.010848
v 0.515900 0.878348 -0.017028
v 0.480687 0.908821 -0.013433
v 0.443434 0.938738 -0.011029
v 0.408756 0.965383 -0.009786
v 0.406972 0.913467 -0.008264
v 0.373871 0.942888 -0.006928
v 0.370511 0.888196 -0.011029
v 0.340300 0.867256 -0.019325
v 0.339052 0.920324 -0.009786
v 0.409035 0.854712 -0.013433
v 0.379297 0.832341 -0.021194
v 0.422013 0.801928 -0.023957
v 0.360960 0.818369 -0.033710
v 0.405723 0.787503 -0.035206
v 0.354897 0.813676 -0.048820
v 0.321548 0.854260 -0.032690
v 0.292297 0.890106 -0.032160
v 0.315297 0.849927 -0.048820
v 0.286308 0.886294 -0.048820
v 0.321548 0.854260 -0.064950
v 0.340300 0.867256 -0.078315
v 0.292297 0.890106 -0.065479
v 0.360960 0.818369 -0.063929
v 0.405723 0.787503 -0.062433
v 0.379297 0.832341 -0.076445
v 0.422013 0.801928 -0.073682
v 0.409035 0.854712 -0.084206
v 0.449818 0.824057 -0.080611
v 0.370511 0.888196 -0.086610
v 0.339052 0.920324 -0.087854
v 0.315862 0.948780 -0.087108
v 0.310222 0.901633 -0.079283
v 0.290275 0.932670 -0.078688
v 0.280291 0.958136 -0.075996
v 0.274145 0.923269 -0.065149
v 0.268660 0.920377 -0.048820
v 0.266916 0.952005 -0.063816
v 0.262086 0.950667 -0.048820
v 0.270001 0.975980 -0.062819
v 0.278144 0.974607 -0.072416
v 0.266009 0.976747 -0.048820
v 0.282923 0.995982 -0.063740
v 0.279541 0.998367 -0.048820
v 0.303720 1.011892 -0.064542
v 0.290855 0.987828 -0.075858
v 0.300717 0.971795 -0.083397
v 0.312255 1.003071 -0.077587
v 0.326510 0.988469 -0.085902
v 0.337285 1.014563 -0.075858
v 0.354053 1.003334 -0.083397
v 0.357223 1.020315 -0.072416
v 0.329752 1.022390 -0.063740
v 0.327898 1.025417 -0.048820
v 0.358139 1.026410 -0.062820
v 0.387854 1.023124 -0.063816
v 0.358501 1.029395 -0.048820
v 0.390934 1.026270 -0.048820
v 0.358139 1.026410 -0.034820
v 0.387854 1.023124 -0.033823
v 0.357223 1.020315 -0.025223
v 0.329752 1.022390 -0.033899
v 0.303720 1.011892 -0.033098
v 0.337285 1.014563 -0.021781
v 0.354053 1.003334 -0.014243
v 0.312255 1.003071 -0.020052
v 0.326510 0.988469 -0.011738
v 0.290855 0.987828 -0.021781
v 0.300717 0.971795 -0.014243
v 0.278144 0.974607 -0.025223
v 0.282923 0.995982 -0.033899
v 0.270001 0.975980 -0.034820
v 0.266916 0.952005 -0.033823
v 0.274145 0.923269 -0.032490
v 0.280291 0.958136 -0.021644
v 0.290275 0.932670 -0.018951
v 0.310222 0.901633 -0.018356
v 0.315862 0.948780 -0.010531
v 0.346928 0.968273 -0.007718
v 0.378529 0.987213 -0.010531
v 0.404651 1.002771 -0.018951
v 0.420246 1.012724 -0.032490
v 0.437653 0.984006 -0.018356
v 0.376479 1.014926 -0.021644
v 0.300862 1.014845 -0.048820
v 0.376479 1.014926 -0.075996
v 0.346928 0.968273 -0.089921
v 0.487150 0.800021 -0.075573
v 0.483369 0.850810 -0.082900
v 0.517533 0.824015 -0.077380
v 0.544581 0.850578 -0.075573
v 0.544027 0.803536 -0.069787
v 0.560297 0.791002 -0.059940
v 0.566030 0.830012 -0.068713
v 0.515103 0.782391 -0.068713
v 0.529237 0.769315 -0.059518
v 0.490429 0.771424 -0.066515
v 0.492006 0.760126 -0.059243
v 0.462109 0.780932 -0.070022
v 0.450477 0.766896 -0.060559
v 0.447751 0.761331 -0.048819
v 0.400687 0.782413 -0.048820
v 0.450477 0.766896 -0.037080
v 0.492877 0.754439 -0.048819
v 0.533225 0.764041 -0.048819
v 0.492006 0.760126 -0.038396
v 0.490429 0.771424 -0.031124
v 0.462109 0.780932 -0.027617
vn 0.4128 -0.0209 0.9106
vn 0.7199 -0.0070 0.6940
vn 0.6591 0.2687 0.7024
vn 0.3492 0.0891 0.9328
vn 0.3310 -0.1413 0.9330
vn 0.6384 -0.2910 0.7126
vn 0.1981 -0.0407 0.9793
vn 0.2916 0.1725 0.9409
vn 0.1497 0.0179 0.9886
vn 0.5595 0.4347 0.7057
vn 1.0000 0.0036 -0.0000
vn 0.9197 0.3926 -0.0000
vn 0.7773 0.6291 -0.0000
vn 0.6595 0.7517 -0.0000
vn 0.4882 0.5388 0.6866
vn 0.2595 0.2370 0.9362
vn 0.5696 0.8219 -0.0000
vn 0.4399 0.6165 0.6531
vn 0.2448 0.2956 0.9234
vn 0.3895 0.6938 0.6057
vn 0.2283 0.3703 0.9004
vn 0.4816 0.8764 -0.0000
vn 0.4882 0.5388 -0.6866
vn 0.4399 0.6165 -0.6531
vn 0.3895 0.6938 -0.6057
vn 0.3667 0.9304 -0.0000
vn 0.3088 0.7816 0.5419
vn 0.3088 0.7816 -0.5419
vn 0.2283 0.3703 -0.9004
vn 0.1854 0.4785 -0.8583
vn 0.2448 0.2956 -0.9234
vn 0.1003 0.1355 -0.9857
vn 0.0637 0.2257 -0.9721
vn 0.1142 0.0881 -0.9896
vn 0.0228 -0.0324 -0.9992
vn 0.0006 -0.0003 -1.0000
vn -0.0455 0.0748 -0.9962
vn 0.2595 0.2370 -0.9362
vn 0.1254 0.0560 -0.9905
vn 0.0396 -0.0519 -0.9979
vn 0.1497 0.0179 -0.9886
vn 0.0660 -0.0799 -0.9946
vn 0.2916 0.1725 -0.9409
vn 0.5595 0.4347 -0.7057
vn 0.6591 0.2687 -0.7024
vn 0.3492 0.0891 -0.9328
vn 0.7199 -0.0070 -0.6940
vn 0.4128 -0.0209 -0.9106
vn 0.6384 -0.2910 -0.7126
vn 0.3310 -0.1413 -0.9330
vn 0.9147 -0.4040 -0.0000
vn 0.7113 -0.7029 -0.0000
vn 0.4824 -0.4894 -0.7265
vn 0.4824 -0.4894 0.7265
vn 0.2333 -0.2479 0.9403
vn 0.2880 -0.6455 0.7074
vn 0.4207 -0.9072 -0.0000
vn 0.1350 -0.3518 0.9263
vn 0.1177 -0.1328 0.9841
vn 0.0391 -0.2231 0.9740
vn 0.0660 -0.0799 0.9946
vn -0.0153 -0.1783 0.9839
vn 0.0396 -0.0519 0.9979
vn -0.0508 -0.1525 0.9870
vn 0.1254 0.0560 0.9905
vn 0.1141 0.0881 0.9896
vn 0.0228 -0.0324 0.9992
vn 0.1003 0.1355 0.9857
vn 0.0006 -0.0003 1.0000
vn -0.0803 -0.1356 0.9875
vn -0.1190 -0.1064 0.9872
vn -0.1979 -0.3120 0.9293
vn -0.2540 -0.2856 0.9241
vn -0.3240 -0.2427 0.9144
vn -0.1392 -0.3443 0.9285
vn -0.3422 -0.6446 0.6837
vn -0.4441 -0.5856 0.6782
vn -0.5365 -0.5236 0.6619
vn -0.4908 -0.8712 -0.0000
vn -0.6212 -0.7837 -0.0000
vn -0.7284 -0.6851 -0.0000
vn -0.6384 -0.4332 0.6363
vn -0.8346 -0.5508 -0.0000
vn -0.5365 -0.5236 -0.6619
vn -0.6384 -0.4332 -0.6363
vn -0.4441 -0.5856 -0.6782
vn -0.1979 -0.3120 -0.9293
vn -0.2540 -0.2857 -0.9241
vn -0.3240 -0.2427 -0.9144
vn -0.3422 -0.6446 -0.6837
vn -0.1392 -0.3443 -0.9285
vn -0.0153 -0.1783 -0.9839
vn -0.0508 -0.1525 -0.9870
vn -0.0803 -0.1356 -0.9875
vn -0.1190 -0.1064 -0.9872
vn -0.1833 -0.0352 -0.9824
vn -0.4192 -0.1522 -0.8950
vn -0.7502 -0.2819 -0.5981
vn -0.5291 0.0113 -0.8485
vn -0.2831 0.1145 -0.9522
vn -0.8430 -0.0379 -0.5366
vn -0.9366 -0.3503 -0.0000
vn -0.9989 -0.0461 -0.0000
vn -0.9402 0.3405 -0.0000
vn -0.8260 0.3014 -0.4763
vn -0.6002 0.2262 -0.7672
vn -0.6533 0.5928 -0.4710
vn -0.4549 0.3688 -0.8106
vn -0.7434 0.6689 -0.0000
vn -0.4991 0.8666 -0.0000
vn -0.4414 0.7660 -0.4673
vn -0.2931 0.5057 -0.8114
vn -0.1390 0.2350 -0.9620
vn -0.0161 0.3755 -0.9267
vn -0.1424 0.6316 -0.7621
vn -0.2328 0.8760 -0.4224
vn 0.1023 0.6125 -0.7838
vn -0.0138 0.7212 -0.6926
vn -0.0129 0.9194 -0.3931
vn -0.2552 0.9669 -0.0000
vn -0.0141 0.9999 -0.0000
vn 0.1810 0.8697 -0.4592
vn 0.2039 0.9790 -0.0000
vn 0.1810 0.8697 0.4592
vn -0.0129 0.9194 0.3931
vn -0.2328 0.8760 0.4224
vn 0.1023 0.6125 0.7838
vn -0.0138 0.7212 0.6926
vn -0.1424 0.6316 0.7621
vn -0.4414 0.7660 0.4673
vn -0.2931 0.5057 0.8114
vn -0.0161 0.3755 0.9267
vn -0.1390 0.2350 0.9620
vn -0.2831 0.1145 0.9522
vn -0.4549 0.3688 0.8106
vn -0.6533 0.5928 0.4710
vn -0.5291 0.0113 0.8485
vn -0.6002 0.2262 0.7672
vn -0.8260 0.3014 0.4763
vn -0.8430 -0.0379 0.5366
vn -0.7502 -0.2819 0.5981
vn -0.4192 -0.1522 0.8950
vn -0.1833 -0.0352 0.9824
vn -0.0455 0.0748 0.9962
vn 0.0637 0.2257 0.9721
vn 0.1854 0.4785 0.8583
vn 0.0391 -0.2231 -0.9740
vn -0.0650 -0.3931 -0.9172
vn 0.1177 -0.1328 -0.9841
vn 0.1981 -0.0407 -0.9793
vn 0.2333 -0.2479 -0.9403
vn 0.1350 -0.3518 -0.9263
vn 0.2880 -0.6455 -0.7074
vn 0.0347 -0.7385 -0.6734
vn 0.0289 -0.4372 -0.8989
vn -0.1988 -0.7108 -0.6747
vn 0.0487 -0.9988 -0.0000
vn -0.2858 -0.9583 -0.0000
vn -0.1988 -0.7108 0.6747
vn 0.0347 -0.7385 0.6734
vn 0.0289 -0.4372 0.8989
vn -0.0650 -0.3930 0.9172
vt 0.911464 0.890507
vt 0.909222 0.893306
vt 0.902899 0.886134
vt 0.908228 0.884307
vt 0.918552 0.891488
vt 0.918287 0.896766
vt 0.917171 0.882874
vt 0.905145 0.873905
vt 0.915242 0.871279
vt 0.898878 0.875746
vt 0.959074 0.477298
vt 0.955550 0.477828
vt 0.954878 0.467516
vt 0.958878 0.467716
vt 0.956111 0.456669
vt 0.960659 0.457210
vt 0.958781 0.445663
vt 0.963748 0.446250
vt 0.896756 0.863085
vt 0.903279 0.861012
vt 0.962330 0.435220
vt 0.967553 0.435709
vt 0.896162 0.849632
vt 0.902524 0.847349
vt 0.896770 0.836817
vt 0.902642 0.834519
vt 0.966246 0.426075
vt 0.971538 0.426449
vt 0.975575 0.777075
vt 0.970834 0.775516
vt 0.971890 0.763853
vt 0.976908 0.765433
vt 0.972769 0.752202
vt 0.977903 0.753699
vt 0.982343 0.752006
vt 0.978521 0.742463
vt 0.982909 0.741041
vt 0.973524 0.741233
vt 0.967762 0.747469
vt 0.968737 0.737102
vt 0.522557 0.892915
vt 0.516193 0.891239
vt 0.514282 0.878539
vt 0.520157 0.880307
vt 0.504592 0.875848
vt 0.503267 0.864926
vt 0.511739 0.867623
vt 0.505733 0.888728
vt 0.492995 0.885802
vt 0.492774 0.872709
vt 0.492877 0.861793
vt 0.517341 0.904905
vt 0.506661 0.902839
vt 0.493663 0.900433
vt 0.507041 0.916633
vt 0.494591 0.915022
vt 0.517266 0.917984
vt 0.523514 0.919188
vt 0.523851 0.906332
vt 0.973945 0.787311
vt 0.969655 0.785772
vt 0.520970 0.930068
vt 0.515619 0.928788
vt 0.972042 0.794734
vt 0.968379 0.793134
vt 0.953709 0.477676
vt 0.952835 0.468142
vt 0.515708 0.938073
vt 0.513231 0.935452
vt 0.507240 0.942751
vt 0.506402 0.937358
vt 0.516833 0.939468
vt 0.507748 0.944691
vt 0.961831 0.485844
vt 0.958385 0.487167
vt 0.496660 0.946207
vt 0.496654 0.944025
vt 0.966310 0.492692
vt 0.962921 0.494492
vt 0.928690 0.890577
vt 0.928973 0.896562
vt 0.971538 0.496628
vt 0.968511 0.498621
vt 0.938683 0.887072
vt 0.939458 0.892633
vt 0.928179 0.880756
vt 0.939107 0.877367
vt 0.927409 0.867993
vt 0.939537 0.864292
vt 0.926349 0.853487
vt 0.938930 0.849257
vt 0.913745 0.857629
vt 0.912720 0.843568
vt 0.924996 0.838949
vt 0.912055 0.830672
vt 0.923391 0.825973
vt 0.937250 0.834288
vt 0.934711 0.821258
vt 0.949330 0.845708
vt 0.947379 0.830380
vt 0.944060 0.817307
vt 0.949558 0.861180
vt 0.955755 0.859546
vt 0.955755 0.843490
vt 0.365758 0.913479
vt 0.359156 0.914107
vt 0.358858 0.898837
vt 0.365611 0.897894
vt 0.369466 0.928870
vt 0.364925 0.928956
vt 0.370741 0.913079
vt 0.370834 0.897358
vt 0.357931 0.885382
vt 0.364551 0.884261
vt 0.369825 0.883648
vt 0.581525 0.946815
vt 0.576402 0.947565
vt 0.572811 0.938116
vt 0.578018 0.937551
vt 0.586429 0.955690
vt 0.581586 0.956584
vt 0.469653 0.896164
vt 0.462756 0.895144
vt 0.462671 0.879392
vt 0.469452 0.880684
vt 0.464602 0.865865
vt 0.470906 0.867265
vt 0.371855 0.928438
vt 0.373450 0.912904
vt 0.471561 0.911567
vt 0.464996 0.911065
vt 0.482036 0.913098
vt 0.480580 0.898055
vt 0.480172 0.882956
vt 0.480865 0.869681
vt 0.482386 0.858967
vt 0.473638 0.856739
vt 0.468158 0.855301
vt 0.477123 0.849521
vt 0.484290 0.851131
vt 0.581953 0.925903
vt 0.575902 0.928609
vt 0.575076 0.920496
vt 0.580301 0.918777
vt 0.570873 0.928905
vt 0.570516 0.920378
vt 0.571646 0.912678
vt 0.575783 0.913391
vt 0.579412 0.913923
vt 0.578369 0.907157
vt 0.582466 0.909776
vt 0.574123 0.905910
vt 0.577661 0.900340
vt 0.582020 0.901808
vt 0.586429 0.904640
vt 0.480210 0.845818
vt 0.485677 0.845894
vt 0.493109 0.853377
vt 0.493294 0.847481
vt 0.501808 0.856437
vt 0.500770 0.850656
vt 0.967762 0.709987
vt 0.971988 0.707086
vt 0.973300 0.714332
vt 0.969394 0.716898
vt 0.508696 0.859107
vt 0.505955 0.853894
vt 0.974240 0.722505
vt 0.971056 0.722516
vt 0.977766 0.713591
vt 0.978471 0.722420
vt 0.976665 0.706047
vt 0.974153 0.731346
vt 0.969935 0.728381
vt 0.978719 0.732046
vt 0.982771 0.731169
vt 0.982286 0.722341
vt 0.981875 0.714157
vt 0.985554 0.728061
vt 0.984617 0.722238
vt 0.984933 0.716581
vt 0.918255 0.797135
vt 0.919023 0.800791
vt 0.912022 0.804944
vt 0.911331 0.801706
vt 0.981023 0.706901
vt 0.911973 0.810965
vt 0.905362 0.814424
vt 0.907265 0.808807
vt 0.920220 0.806771
vt 0.928594 0.803268
vt 0.926315 0.798124
vt 0.925612 0.794734
vt 0.935314 0.800529
vt 0.931650 0.797219
vt 0.932643 0.794933
vt 0.568674 0.912110
vt 0.570792 0.905792
vt 0.975245 0.700396
vt 0.979419 0.701387
vt 0.360794 0.865493
vt 0.355647 0.866918
vt 0.354972 0.862749
vt 0.358101 0.860696
vt 0.365254 0.864580
vt 0.361991 0.859491
vt 0.362863 0.873342
vt 0.356728 0.874590
vt 0.367900 0.872626
vt 0.939848 0.807247
vt 0.931670 0.810839
vt 0.921728 0.815156
vt 0.911807 0.819652
vt 0.903607 0.823338
vt 0.898515 0.825362
vt 0.901410 0.815725
vt 0.484214 0.926089
vt 0.474974 0.924532
vt 0.495529 0.927882
vt 0.506678 0.928488
vt 0.496271 0.937842
vt 0.485877 0.935787
vt 0.485725 0.941604
vt 0.476276 0.935344
vt 0.478525 0.932641
vt 0.469453 0.924940
vt 0.475053 0.936819
vt 0.467517 0.925627
vt 0.462671 0.911181
vt 0.366943 0.942627
vt 0.363064 0.942127
vt 0.363062 0.952832
vt 0.359875 0.951589
vt 0.357864 0.958426
vt 0.354972 0.956683
vt 0.485212 0.943678
vt 0.945481 0.882888
vt 0.947937 0.885109
vt 0.947930 0.874429
vt 0.953259 0.873877
s 1
f 3967/4926/3881 3968/4927/3882 3973/4928/3883 3970/4929/3884
f 3968/4927/3882 3967/4926/3881 3969/4930/3885 4012/4931/3886
f 3969/4930/3885 3967/4926/3881 3970/4929/3884 3971/4932/3887
f 3971/4932/3887 3970/4929/3884 3972/4933/3888 4022/4934/3889
f 3970/4929/3884 3973/4928/3883 3975/4935/3890 3972/4933/3888
f 3968/4936/3882 4009/4937/3891 3974/4938/3892 3973/4939/3883
f 3973/4939/3883 3974/4938/3892 3976/4940/3893 3975/4941/3890
f 3975/4941/3890 3976/4940/3893 3978/4942/3894 3977/4943/3895
f 3972/4933/3888 3975/4935/3890 3977/4944/3895 3979/4945/3896
f 3977/4943/3895 3978/4942/3894 3983/4946/3897 3980/4947/3898
f 3979/4945/3896 3977/4944/3895 3980/4948/3898 3981/4949/3899
f 3981/4949/3899 3980/4948/3898 3982/4950/3900 4103/4951/3901
f 3980/4947/3898 3983/4946/3897 3985/4952/3902 3982/4953/3900
f 3978/4954/3894 4002/4955/3903 3984/4956/3904 3983/4957/3897
f 3983/4957/3897 3984/4956/3904 3987/4958/3905 3985/4959/3902
f 3982/4960/3900 3985/4959/3902 3986/4961/3906 4102/4962/3907
f 3985/4959/3902 3987/4958/3905 3988/4963/3908 3986/4961/3906
f 3987/4958/3905 3989/4964/3909 3990/4965/3910 3988/4963/3908
f 3984/4966/3904 3991/4967/3911 3989/4968/3909 3987/4969/3905
f 3989/4968/3909 3992/4970/3912 3994/4971/3913 3990/4972/3910
f 3991/4967/3911 3995/4973/3914 3992/4970/3912 3989/4968/3909
f 3995/4973/3914 3996/4974/3915 3993/4975/3916 3992/4970/3912
f 3992/4970/3912 3993/4975/3916 4107/4976/3917 3994/4971/3913
f 4000/4977/3918 3997/4978/3919 3995/4973/3914 3991/4967/3911
f 3997/4978/3919 3998/4979/3920 3996/4974/3915 3995/4973/3914
f 3999/4980/3921 4109/4981/3922 3998/4979/3920 3997/4978/3919
f 4001/4982/3923 3999/4980/3921 3997/4978/3919 4000/4977/3918
f 4003/4983/3924 4001/4982/3923 4000/4977/3918 4002/4984/3903
f 4002/4984/3903 4000/4977/3918 3991/4967/3911 3984/4966/3904
f 3976/4985/3893 4003/4986/3924 4002/4955/3903 3978/4954/3894
f 4004/4987/3925 4005/4988/3926 4001/4982/3923 4003/4983/3924
f 3974/4989/3892 4004/4990/3925 4003/4986/3924 3976/4985/3893
f 4009/4937/3891 4006/4991/3927 4004/4992/3925 3974/4938/3892
f 4006/4993/3927 4007/4994/3928 4005/4988/3926 4004/4987/3925
f 4007/4994/3928 4006/4993/3927 4008/4995/3929 4114/4996/3930
f 4006/4993/3927 4009/4997/3891 4010/4998/3931 4008/4995/3929
f 4009/4937/3891 3968/4936/3882 4012/4999/3886 4010/5000/3931
f 4008/4995/3929 4010/4998/3931 4011/5001/3932 4113/5002/3933
f 4010/5000/3931 4012/4999/3886 4013/5003/3934 4011/5004/3932
f 4012/4931/3886 3969/4930/3885 4015/5005/3935 4013/5006/3934
f 4011/5004/3932 4013/5003/3934 4014/5007/3936 4125/5008/3937
f 4013/5006/3934 4015/5005/3935 4016/5009/3938 4014/5010/3936
f 4016/5009/3938 4015/5005/3935 4017/5011/3939 4018/5012/3940
f 4015/5005/3935 3969/4930/3885 3971/4932/3887 4017/5011/3939
f 4018/5012/3940 4017/5011/3939 4019/5013/3941 4020/5014/3942
f 4017/5011/3939 3971/4932/3887 4022/4934/3889 4019/5013/3941
f 4020/5014/3942 4019/5013/3941 4021/5015/3943 4031/5016/3944
f 4019/5013/3941 4022/4934/3889 4023/5017/3945 4021/5015/3943
f 4022/4934/3889 3972/4933/3888 3979/4945/3896 4023/5017/3945
f 4021/5015/3943 4023/5017/3945 4024/5018/3946 4026/5019/3947
f 4023/5017/3945 3979/4945/3896 3981/4949/3899 4024/5018/3946
f 4024/5018/3946 3981/4949/3899 4103/4951/3901 4025/5020/3948
f 4026/5019/3947 4024/5018/3946 4025/5020/3948 4027/5021/3949
f 4028/5022/3950 4026/5019/3947 4027/5021/3949 4030/5023/3951
f 4031/5016/3944 4021/5015/3943 4026/5019/3947 4028/5022/3950
f 4032/5024/3952 4031/5016/3944 4028/5022/3950 4029/5025/3953
f 4029/5025/3953 4028/5022/3950 4030/5023/3951 4097/5026/3954
f 4033/5027/3955 4020/5014/3942 4031/5016/3944 4032/5024/3952
f 4035/5028/3956 4033/5027/3955 4032/5024/3952 4034/5029/3957
f 4034/5030/3957 4032/5031/3952 4029/5032/3953 4037/5033/3958
f 4122/5034/3959 4035/5035/3956 4034/5030/3957 4036/5036/3960
f 4036/5036/3960 4034/5030/3957 4037/5033/3958 4039/5037/3961
f 4037/5033/3958 4029/5032/3953 4097/5038/3954 4038/5039/3962
f 4039/5037/3961 4037/5033/3958 4038/5039/3962 4040/5040/3963
f 4041/5041/3964 4039/5042/3961 4040/5043/3963 4043/5044/3965
f 4044/5045/3966 4036/5046/3960 4039/5042/3961 4041/5041/3964
f 4046/5047/3967 4044/5048/3966 4041/5049/3964 4042/5050/3968
f 4042/5050/3968 4041/5049/3964 4043/5051/3965 4053/5052/3969
f 4045/5053/3970 4122/5034/3959 4036/5036/3960 4044/5054/3966
f 4047/5055/3971 4045/5056/3970 4044/5048/3966 4046/5047/3967
f 4049/5057/3972 4047/5055/3971 4046/5047/3967 4048/5058/3973
f 4048/5058/3973 4046/5047/3967 4042/5050/3968 4050/5059/3974
f 4109/4981/3922 4049/5057/3972 4048/5058/3973 3998/4979/3920
f 3998/4979/3920 4048/5058/3973 4050/5059/3974 3996/4974/3915
f 4050/5059/3974 4042/5050/3968 4053/5052/3969 4051/5060/3975
f 3996/4974/3915 4050/5059/3974 4051/5060/3975 3993/4975/3916
f 3993/4975/3916 4051/5060/3975 4052/5061/3976 4107/4976/3917
f 4051/5060/3975 4053/5052/3969 4054/5062/3977 4052/5061/3976
f 4053/5052/3969 4043/5051/3965 4056/5063/3978 4054/5062/3977
f 4052/5061/3976 4054/5062/3977 4055/5064/3979 4067/5065/3980
f 4054/5066/3977 4056/5067/3978 4058/5068/3981 4055/5069/3979
f 4056/5067/3978 4057/5070/3982 4059/5071/3983 4058/5068/3981
f 4043/5044/3965 4040/5043/3963 4057/5070/3982 4056/5067/3978
f 4058/5068/3981 4059/5071/3983 4062/5072/3984 4060/5073/3985
f 4055/5069/3979 4058/5068/3981 4060/5073/3985 4061/5074/3986
f 4061/5074/3986 4060/5073/3985 4063/5075/3987 4066/5076/3988
f 4060/5073/3985 4062/5072/3984 4064/5077/3989 4063/5075/3987
f 4063/5075/3987 4064/5077/3989 4105/5078/3990 4065/5079/3991
f 4066/5076/3988 4063/5075/3987 4065/5079/3991 4068/5080/3992
f 4067/5065/3980 4055/5064/3979 4061/5081/3986 4066/5082/3988
f 4069/5083/3993 4067/5065/3980 4066/5082/3988 4068/5084/3992
f 4071/5085/3994 4069/5083/3993 4068/5084/3992 4070/5086/3995
f 4068/5087/3992 4065/5088/3991 4073/5089/3996 4070/5090/3995
f 4106/5091/3997 4071/5085/3994 4070/5086/3995 4072/5092/3998
f 4070/5090/3995 4073/5089/3996 4075/5093/3999 4072/5094/3998
f 4073/5089/3996 4074/5095/4000 4077/5096/4001 4075/5093/3999
f 4065/5088/3991 4105/5097/3990 4074/5095/4000 4073/5089/3996
f 4076/5098/4002 4106/5099/3997 4072/5094/3998 4075/5093/3999
f 4078/5100/4003 4076/5098/4002 4075/5093/3999 4077/5096/4001
f 4080/5101/4004 4078/5100/4003 4077/5096/4001 4079/5102/4005
f 4074/5095/4000 4082/5103/4006 4079/5102/4005 4077/5096/4001
f 4104/5104/4007 4080/5101/4004 4079/5102/4005 4081/5105/4008
f 4082/5103/4006 4084/5106/4009 4081/5105/4008 4079/5102/4005
f 4083/5107/4010 4086/5108/4011 4084/5109/4009 4082/5110/4006
f 4105/5097/3990 4083/5111/4010 4082/5103/4006 4074/5095/4000
f 4085/5112/4012 4104/5113/4007 4081/5114/4008 4084/5109/4009
f 4087/5115/4013 4085/5112/4012 4084/5109/4009 4086/5108/4011
f 4089/5116/4014 4087/5115/4013 4086/5108/4011 4088/5117/4015
f 4091/5118/4016 4088/5117/4015 4086/5108/4011 4083/5107/4010
f 4095/5119/4017 4089/5116/4014 4088/5117/4015 4090/5120/4018
f 4092/5121/4019 4090/5120/4018 4088/5117/4015 4091/5118/4016
f 4062/5072/3984 4092/5122/4019 4091/5123/4016 4064/5077/3989
f 4064/5124/3989 4091/5125/4016 4083/5111/4010 4105/5097/3990
f 4093/5126/4020 4095/5127/4017 4090/5128/4018 4092/5129/4019
f 4059/5130/3983 4093/5126/4020 4092/5129/4019 4062/5131/3984
f 4094/5132/4021 4096/5133/4022 4095/5127/4017 4093/5126/4020
f 4057/5134/3982 4094/5132/4021 4093/5126/4020 4059/5130/3983
f 4096/5135/4022 4098/5136/4023 4089/5116/4014 4095/5119/4017
f 4038/5039/3962 4097/5038/3954 4096/5133/4022 4094/5132/4021
f 4097/5026/3954 4030/5023/3951 4098/5136/4023 4096/5135/4022
f 4098/5136/4023 4099/5137/4024 4087/5115/4013 4089/5116/4014
f 4030/5023/3951 4027/5021/3949 4099/5137/4024 4098/5136/4023
f 4027/5021/3949 4025/5020/3948 4100/5138/4025 4099/5137/4024
f 4099/5137/4024 4100/5138/4025 4085/5112/4012 4087/5115/4013
f 4025/5020/3948 4103/4951/3901 4101/5139/4026 4100/5138/4025
f 4100/5138/4025 4101/5139/4026 4104/5113/4007 4085/5112/4012
f 4101/5139/4026 4102/5140/3907 4080/5141/4004 4104/5113/4007
f 4103/4951/3901 3982/4950/3900 4102/5140/3907 4101/5139/4026
f 4102/4962/3907 3986/4961/3906 4078/5100/4003 4080/5101/4004
f 4040/5040/3963 4038/5039/3962 4094/5132/4021 4057/5134/3982
f 3986/4961/3906 3988/4963/3908 4076/5098/4002 4078/5100/4003
f 3988/4963/3908 3990/4965/3910 4106/5099/3997 4076/5098/4002
f 3990/4972/3910 3994/4971/3913 4071/5085/3994 4106/5091/3997
f 3994/4971/3913 4107/4976/3917 4069/5083/3993 4071/5085/3994
f 4107/4976/3917 4052/5061/3976 4067/5065/3980 4069/5083/3993
f 4108/5142/4027 4119/5143/4028 4047/5055/3971 4049/5057/3972
f 4110/5144/4029 4108/5142/4027 4049/5057/3972 4109/4981/3922
f 4111/5145/4030 4110/5144/4029 4109/4981/3922 3999/4980/3921
f 4114/4996/3930 4112/5146/4031 4110/5144/4029 4111/5145/4030
f 4112/5146/4031 4115/5147/4032 4108/5142/4027 4110/5144/4029
f 4112/5146/4031 4113/5002/3933 4116/5148/4033 4115/5147/4032
f 4114/4996/3930 4008/4995/3929 4113/5002/3933 4112/5146/4031
f 4115/5147/4032 4116/5148/4033 4118/5149/4034 4117/5150/4035
f 4115/5147/4032 4117/5150/4035 4119/5143/4028 4108/5142/4027
f 4117/5150/4035 4118/5149/4034 4120/5151/4036 4119/5143/4028
f 4119/5143/4028 4120/5151/4036 4045/5056/3970 4047/5055/3971
f 4118/5149/4034 4124/5152/4037 4121/5153/4038 4120/5151/4036
f 4120/5151/4036 4121/5153/4038 4122/5154/3959 4045/5056/3970
f 4121/5155/4038 4123/5156/4039 4035/5035/3956 4122/5034/3959
f 4124/5157/4037 4126/5158/4040 4123/5156/4039 4121/5155/4038
f 4125/5159/3937 4014/5160/3936 4126/5158/4040 4124/5157/4037
f 4116/5148/4033 4125/5161/3937 4124/5152/4037 4118/5149/4034
f 4014/5010/3936 4016/5009/3938 4127/5162/4041 4126/5163/4040
f 4126/5163/4040 4127/5162/4041 4128/5164/4042 4123/5165/4039
f 4127/5162/4041 4016/5009/3938 4018/5012/3940 4128/5164/4042
f 4128/5164/4042 4018/5012/3940 4020/5014/3942 4033/5027/3955
f 4123/5165/4039 4128/5164/4042 4033/5027/3955 4035/5028/3956
f 4113/5002/3933 4011/5001/3932 4125/5161/3937 4116/5148/4033
f 4007/4994/3928 4114/4996/3930 4111/5145/4030 4005/4988/3926
f 4005/4988/3926 4111/5145/4030 3999/4980/3921 4001/4982/3923
o Cube.015
v -0.604045 -0.739035 0.035841
v -0.606036 -0.732569 0.020998
v -0.608401 -0.752319 0.041165
v -0.595802 -0.736939 0.041493
v -0.598245 -0.756385 0.052936
v -0.582589 -0.736752 0.046464
v -0.595467 -0.724760 0.022611
v -0.595733 -0.720534 -0.000657
v -0.582421 -0.721905 0.025181
v -0.582613 -0.717034 -0.000657
v -0.567528 -0.721364 0.026873
v -0.568424 -0.716261 -0.000657
v -0.552989 -0.719943 0.026971
v -0.565944 -0.738023 0.049570
v -0.544635 -0.737531 0.052549
v -0.565919 -0.766878 0.062655
v -0.583869 -0.761008 0.059443
v -0.566608 -0.801249 0.066344
v -0.545143 -0.774157 0.064710
v -0.545138 -0.812447 0.067206
v -0.522478 -0.783770 0.067168
v -0.498439 -0.792506 0.068290
v -0.522134 -0.823248 0.067836
v -0.521259 -0.750100 0.062148
v -0.498542 -0.758229 0.064606
v -0.517061 -0.728853 0.056075
v -0.512262 -0.715716 0.050448
v -0.497575 -0.735131 0.059351
v -0.533038 -0.721447 0.044889
v -0.541897 -0.714888 0.024443
v -0.525755 -0.711405 0.039577
v -0.520472 -0.702506 0.035862
v -0.533894 -0.708260 0.021463
v -0.536523 -0.707051 -0.000657
v -0.528049 -0.700674 0.019329
v -0.530565 -0.700044 -0.000657
v -0.523828 -0.690867 0.018192
v -0.526226 -0.690430 -0.000657
v -0.516634 -0.692178 0.033811
v -0.520957 -0.677692 0.017990
v -0.519885 -0.661724 0.018516
v -0.523283 -0.677386 -0.000657
v -0.513978 -0.678608 0.033441
v -0.512854 -0.662305 0.034402
v -0.502735 -0.680083 0.043031
v -0.501526 -0.663240 0.044263
v -0.489166 -0.681864 0.046228
v -0.505045 -0.694291 0.043505
v -0.508218 -0.705363 0.046078
v -0.491057 -0.696841 0.046736
v -0.493397 -0.708725 0.049466
v -0.477069 -0.699392 0.043505
v -0.478558 -0.711993 0.046078
v -0.465479 -0.701505 0.033811
v -0.475597 -0.683645 0.043031
v -0.474182 -0.665499 0.044263
v -0.464354 -0.685121 0.033441
v -0.462854 -0.666435 0.034402
v -0.457376 -0.686037 0.017990
v -0.455823 -0.667016 0.018516
v -0.455050 -0.686342 -0.000657
v -0.458286 -0.702816 0.018192
v -0.458648 -0.716146 0.019329
v -0.455888 -0.703253 -0.000657
v -0.456116 -0.716626 -0.000657
v -0.458286 -0.702816 -0.019507
v -0.458648 -0.716146 -0.020644
v -0.465479 -0.701505 -0.035125
v -0.457376 -0.686037 -0.019305
v -0.455823 -0.667016 -0.019830
v -0.464354 -0.685121 -0.034756
v -0.475597 -0.683645 -0.044346
v -0.462854 -0.666435 -0.035717
v -0.474182 -0.665500 -0.045577
v -0.460572 -0.647153 -0.037565
v -0.472623 -0.646520 -0.047946
v -0.457101 -0.628979 -0.039857
v -0.453092 -0.647546 -0.020841
v -0.450598 -0.647677 -0.000657
v -0.448648 -0.629417 -0.022095
v -0.442109 -0.613480 -0.023375
v -0.445830 -0.629563 -0.000657
v -0.438774 -0.613736 -0.000657
v -0.448648 -0.629417 0.020780
v -0.442109 -0.613480 0.022061
v -0.457101 -0.628979 0.038543
v -0.453092 -0.647546 0.019527
v -0.460572 -0.647153 0.036251
v -0.472623 -0.646520 0.046631
v -0.487168 -0.645756 0.050091
v -0.470721 -0.628274 0.049568
v -0.468229 -0.611475 0.052568
v -0.487158 -0.627422 0.053243
v -0.487680 -0.609982 0.056463
v -0.503595 -0.626570 0.049568
v -0.507132 -0.608489 0.052568
v -0.517214 -0.625865 0.038543
v -0.501713 -0.644993 0.046631
v -0.513765 -0.644360 0.036251
v -0.521245 -0.643967 0.019527
v -0.523739 -0.643836 -0.000657
v -0.525667 -0.625427 0.020780
v -0.533252 -0.606484 0.022061
v -0.528485 -0.625281 -0.000657
v -0.536586 -0.606228 -0.000657
v -0.525667 -0.625427 -0.022095
v -0.533252 -0.606484 -0.023375
v -0.517214 -0.625865 -0.039857
v -0.521245 -0.643967 -0.020841
v -0.519885 -0.661724 -0.019830
v -0.513765 -0.644360 -0.037565
v -0.512854 -0.662305 -0.035717
v -0.501713 -0.644993 -0.047946
v -0.501526 -0.663240 -0.045577
v -0.487168 -0.645756 -0.051406
v -0.503595 -0.626570 -0.050882
v -0.507132 -0.608489 -0.053882
v -0.487158 -0.627422 -0.054557
v -0.487680 -0.609982 -0.057777
v -0.470721 -0.628274 -0.050882
v -0.468229 -0.611475 -0.053882
v -0.464728 -0.593431 -0.056693
v -0.452112 -0.612712 -0.042199
v -0.445582 -0.595513 -0.044392
v -0.437563 -0.573637 -0.046290
v -0.433697 -0.596806 -0.024575
v -0.429736 -0.597236 -0.000657
v -0.423789 -0.575523 -0.025613
v -0.419198 -0.576151 -0.000657
v -0.412758 -0.545760 -0.026408
v -0.407641 -0.546568 -0.000657
v -0.428109 -0.543336 -0.047744
v -0.401552 -0.505593 -0.026763
v -0.393401 -0.460890 -0.026015
v -0.396104 -0.506443 -0.000657
v -0.417855 -0.502883 -0.048396
v -0.444069 -0.498306 -0.061826
v -0.409758 -0.458624 -0.047040
v -0.435695 -0.453290 -0.060116
v -0.406729 -0.418762 -0.042715
v -0.429804 -0.411980 -0.054169
v -0.408354 -0.392520 -0.037155
v -0.391869 -0.418985 -0.023865
v -0.386559 -0.417760 -0.000657
v -0.399797 -0.384988 -0.022311
v -0.419314 -0.361756 -0.023735
v -0.395497 -0.381208 -0.000657
v -0.416402 -0.355676 -0.000657
v -0.399797 -0.384988 0.020997
v -0.419314 -0.361756 0.022421
v -0.408354 -0.392520 0.035841
v -0.391869 -0.418985 0.022551
v -0.393401 -0.460890 0.024701
v -0.406729 -0.418763 0.041401
v -0.409758 -0.458624 0.045726
v -0.429804 -0.411980 0.052855
v -0.435695 -0.453290 0.058801
v -0.458394 -0.404509 0.056732
v -0.425103 -0.380248 0.041165
v -0.451326 -0.370759 0.043839
v -0.446932 -0.349922 0.023661
v -0.479419 -0.370134 0.041165
v -0.477246 -0.350872 0.022421
v -0.499889 -0.375506 0.035841
v -0.487885 -0.401311 0.052855
v -0.498586 -0.442012 0.058801
v -0.511989 -0.399411 0.041401
v -0.525820 -0.394306 0.022551
v -0.524798 -0.437985 0.045726
v -0.540880 -0.434413 0.024701
v -0.533629 -0.483044 0.047081
v -0.537270 -0.526098 0.046430
v -0.549898 -0.480170 0.025449
v -0.507381 -0.487457 0.060512
v -0.475708 -0.492800 0.064990
v -0.512538 -0.530003 0.059673
v -0.513319 -0.563263 0.057810
v -0.482690 -0.534717 0.064088
v -0.486536 -0.566931 0.062088
v -0.452841 -0.539430 0.059673
v -0.459754 -0.570598 0.057810
v -0.428109 -0.543336 0.046430
v -0.444069 -0.498306 0.060512
v -0.417855 -0.502883 0.047081
v -0.401552 -0.505593 0.025449
v -0.412758 -0.545760 0.025094
v -0.423789 -0.575523 0.024298
v -0.433697 -0.596806 0.023261
v -0.437563 -0.573637 0.044976
v -0.445582 -0.595513 0.043078
v -0.452112 -0.612712 0.040884
v -0.464728 -0.593431 0.055379
v -0.487836 -0.590919 0.059479
v -0.510945 -0.588406 0.055379
v -0.530091 -0.586324 0.043078
v -0.523248 -0.607252 0.040884
v -0.535510 -0.560224 0.044976
v -0.541975 -0.585032 0.023261
v -0.545937 -0.584601 -0.000657
v -0.549283 -0.558338 0.024298
v -0.553875 -0.557710 -0.000657
v -0.552621 -0.523673 0.025094
v -0.557738 -0.522865 -0.000657
v -0.555311 -0.479157 -0.000657
v -0.552621 -0.523674 -0.026408
v -0.549898 -0.480170 -0.026763
v -0.537270 -0.526098 -0.047744
v -0.549283 -0.558338 -0.025613
v -0.541975 -0.585032 -0.024575
v -0.535510 -0.560224 -0.046290
v -0.513319 -0.563263 -0.059124
v -0.530091 -0.586324 -0.044392
v -0.510945 -0.588406 -0.056693
v -0.523248 -0.607252 -0.042199
v -0.487836 -0.590919 -0.060793
v -0.486536 -0.566931 -0.063402
v -0.459754 -0.570598 -0.059124
v -0.482690 -0.534717 -0.065402
v -0.452841 -0.539430 -0.060987
v -0.512538 -0.530003 -0.060987
v -0.475708 -0.492800 -0.066304
v -0.467003 -0.446998 -0.064483
v -0.507381 -0.487457 -0.061826
v -0.498586 -0.442012 -0.060116
v -0.533629 -0.483044 -0.048396
v -0.524798 -0.437985 -0.047040
v -0.540880 -0.434413 -0.026015
v -0.511989 -0.399411 -0.042715
v -0.525820 -0.394306 -0.023865
v -0.499889 -0.375506 -0.037155
v -0.487885 -0.401311 -0.054169
v -0.458394 -0.404509 -0.058046
v -0.479419 -0.370134 -0.042479
v -0.477246 -0.350872 -0.023735
v -0.451326 -0.370759 -0.045153
v -0.446932 -0.349922 -0.024975
v -0.425103 -0.380248 -0.042479
v -0.445461 -0.342946 -0.000657
v -0.477462 -0.344169 -0.000657
v -0.507156 -0.360310 -0.000657
v -0.530228 -0.391259 -0.000657
v -0.504725 -0.365394 -0.022311
v -0.504725 -0.365394 0.020997
v -0.546162 -0.432781 -0.000657
v -0.467003 -0.446998 0.063169
v -0.387844 -0.461215 -0.000657
v -0.487854 -0.664370 -0.048864
v -0.489166 -0.681864 -0.047542
v -0.502735 -0.680083 -0.044346
v -0.491057 -0.696841 -0.048051
v -0.493397 -0.708725 -0.050780
v -0.477069 -0.699392 -0.044819
v -0.505045 -0.694291 -0.044819
v -0.508218 -0.705363 -0.047392
v -0.516634 -0.692178 -0.035125
v -0.523828 -0.690867 -0.019507
v -0.520472 -0.702506 -0.037177
v -0.513978 -0.678608 -0.034756
v -0.520957 -0.677692 -0.019305
v -0.528049 -0.700674 -0.020644
v -0.525755 -0.711405 -0.040891
v -0.533894 -0.708260 -0.022778
v -0.533038 -0.721447 -0.046203
v -0.512262 -0.715716 -0.051762
v -0.517062 -0.728853 -0.057389
v -0.495736 -0.720226 -0.055247
v -0.497575 -0.735131 -0.060665
v -0.479065 -0.723994 -0.051762
v -0.477587 -0.739104 -0.057389
v -0.478558 -0.711993 -0.047392
v -0.465257 -0.726394 -0.040891
v -0.460403 -0.739860 -0.046203
v -0.466264 -0.714611 -0.037177
v -0.456808 -0.727162 -0.022778
v -0.450449 -0.737278 -0.025757
v -0.454040 -0.727162 -0.000657
v -0.447378 -0.735720 -0.000657
v -0.456808 -0.727162 0.021463
v -0.450449 -0.737278 0.024443
v -0.465257 -0.726394 0.039577
v -0.466264 -0.714611 0.035862
v -0.479065 -0.723994 0.050448
v -0.460403 -0.739860 0.044889
v -0.446860 -0.761781 0.052549
v -0.477587 -0.739104 0.056075
v -0.474702 -0.762645 0.062148
v -0.472800 -0.798484 0.067168
v -0.471382 -0.840194 0.067836
v -0.444592 -0.802573 0.064710
v -0.413112 -0.806919 0.062985
v -0.442873 -0.845848 0.067206
v -0.411732 -0.850101 0.066696
v -0.441456 -0.887257 0.061813
v -0.410452 -0.892309 0.061749
v -0.440394 -0.920848 0.048008
v -0.470080 -0.880491 0.061892
v -0.496607 -0.871865 0.061932
v -0.469023 -0.913242 0.048008
v -0.468369 -0.933488 0.025956
v -0.495679 -0.903756 0.048008
v -0.495094 -0.923481 0.025956
v -0.520811 -0.892125 0.048008
v -0.520402 -0.911181 0.025956
v -0.544864 -0.878087 0.048008
v -0.521454 -0.861284 0.061892
v -0.545008 -0.848767 0.061813
v -0.567286 -0.834573 0.061419
v -0.586856 -0.819804 0.059071
v -0.567837 -0.861650 0.047747
v -0.587924 -0.843917 0.045924
v -0.568229 -0.878342 0.025813
v -0.568380 -0.883887 -0.000657
v -0.588995 -0.858489 0.024809
v -0.544771 -0.896186 0.025956
v -0.544740 -0.902219 -0.000657
v -0.544771 -0.896186 -0.027270
v -0.520265 -0.917533 -0.000657
v -0.494899 -0.930057 -0.000657
v -0.520402 -0.911181 -0.027270
v -0.495094 -0.923481 -0.027270
v -0.520811 -0.892125 -0.049321
v -0.495679 -0.903756 -0.049321
v -0.544864 -0.878087 -0.049321
v -0.521454 -0.861284 -0.063206
v -0.496607 -0.871865 -0.063246
v -0.522134 -0.823248 -0.069150
v -0.545008 -0.848767 -0.063127
v -0.567286 -0.834573 -0.062733
v -0.545138 -0.812447 -0.068520
v -0.566608 -0.801249 -0.067658
v -0.545143 -0.774157 -0.066024
v -0.565919 -0.766878 -0.063969
v -0.544635 -0.737531 -0.053863
v -0.522478 -0.783770 -0.068482
v -0.498439 -0.792506 -0.069604
v -0.521259 -0.750100 -0.063462
v -0.498542 -0.758229 -0.065920
v -0.474702 -0.762645 -0.063462
v -0.446860 -0.761781 -0.053863
v -0.472800 -0.798484 -0.068482
v -0.471382 -0.840194 -0.069150
v -0.444592 -0.802573 -0.066024
v -0.442873 -0.845848 -0.068520
v -0.413112 -0.806919 -0.064299
v -0.379334 -0.810083 -0.063397
v -0.411732 -0.850101 -0.068010
v -0.413418 -0.771107 -0.051144
v -0.411218 -0.750906 -0.028330
v -0.379875 -0.774554 -0.049862
v -0.379658 -0.752980 -0.027642
v -0.344341 -0.776357 -0.049389
v -0.344578 -0.754273 -0.027317
v -0.307155 -0.778868 -0.049321
v -0.343847 -0.812033 -0.063057
v -0.343208 -0.855108 -0.067587
v -0.306967 -0.814202 -0.063008
v -0.269579 -0.817958 -0.062678
v -0.306741 -0.856847 -0.067571
v -0.269782 -0.858997 -0.067219
v -0.306515 -0.899491 -0.063008
v -0.270091 -0.900028 -0.062678
v -0.306328 -0.934825 -0.049321
v -0.342571 -0.898148 -0.063010
v -0.377351 -0.895857 -0.063025
v -0.342048 -0.933789 -0.049321
v -0.341723 -0.955908 -0.027270
v -0.376570 -0.931107 -0.049321
v -0.376090 -0.952965 -0.027270
v -0.409488 -0.926791 -0.049321
v -0.408902 -0.948130 -0.027270
v -0.440394 -0.920848 -0.049321
v -0.410452 -0.892309 -0.063063
v -0.441456 -0.887257 -0.063127
v -0.470080 -0.880491 -0.063206
v -0.469023 -0.913242 -0.049321
v -0.468369 -0.933488 -0.027270
v -0.468152 -0.940237 -0.000657
v -0.439749 -0.941604 -0.027270
v -0.439534 -0.948523 -0.000657
v -0.408706 -0.955243 -0.000657
v -0.439749 -0.941604 0.025956
v -0.408902 -0.948130 0.025956
v -0.376090 -0.952965 0.025956
v -0.409488 -0.926791 0.048008
v -0.376570 -0.931107 0.048008
v -0.342048 -0.933789 0.048007
v -0.377351 -0.895857 0.061711
v -0.378335 -0.853111 0.066392
v -0.342571 -0.898148 0.061696
v -0.343208 -0.855108 0.066274
v -0.306515 -0.899491 0.061694
v -0.306741 -0.856847 0.066257
v -0.306328 -0.934825 0.048007
v -0.270091 -0.900028 0.061364
v -0.269782 -0.858997 0.065905
v -0.236250 -0.899151 0.059054
v -0.270358 -0.934016 0.047747
v -0.237248 -0.930389 0.045923
v -0.270442 -0.955106 0.025813
v -0.237213 -0.949730 0.024809
v -0.270437 -0.962134 -0.000657
v -0.306212 -0.956757 0.025956
v -0.341723 -0.955908 0.025956
v -0.306173 -0.964068 -0.000657
v -0.341615 -0.963281 -0.000657
v -0.306212 -0.956757 -0.027270
v -0.270442 -0.955106 -0.027127
v -0.237213 -0.949730 -0.026123
v -0.270358 -0.934016 -0.049061
v -0.237248 -0.930389 -0.047237
v -0.236250 -0.899151 -0.060368
v -0.210517 -0.923276 -0.042740
v -0.208173 -0.896626 -0.054201
v -0.194154 -0.915187 -0.037155
v -0.209495 -0.939253 -0.023879
v -0.208334 -0.944575 -0.000657
v -0.188881 -0.922207 -0.022311
v -0.175858 -0.897011 -0.023735
v -0.186246 -0.925670 -0.000657
v -0.171871 -0.898682 -0.000657
v -0.188881 -0.922207 0.020998
v -0.175858 -0.897011 0.022421
v -0.194154 -0.915187 0.035841
v -0.209495 -0.939253 0.022565
v -0.210517 -0.923276 0.041426
v -0.208173 -0.896626 0.052887
v -0.205883 -0.863580 0.056766
v -0.187785 -0.894934 0.041165
v -0.183858 -0.865341 0.043839
v -0.170425 -0.866429 0.023661
v -0.185643 -0.835286 0.041165
v -0.173234 -0.835181 0.022421
v -0.190649 -0.814112 0.035841
v -0.206348 -0.830311 0.052887
v -0.234899 -0.823518 0.059054
v -0.207151 -0.803406 0.041426
v -0.205026 -0.787685 0.022565
v -0.234744 -0.792212 0.045923
v -0.233936 -0.772940 0.024809
v -0.269417 -0.783960 0.047747
v -0.269228 -0.762879 0.025813
v -0.307155 -0.778868 0.048007
v -0.269579 -0.817958 0.061364
v -0.306967 -0.814202 0.061694
v -0.343847 -0.812033 0.061743
v -0.379334 -0.810083 0.062083
v -0.344341 -0.776357 0.048075
v -0.379875 -0.774554 0.048548
v -0.344578 -0.754273 0.026003
v -0.379658 -0.752980 0.026328
v -0.344631 -0.746936 -0.000657
v -0.307271 -0.756936 0.025956
v -0.307310 -0.749625 -0.000657
v -0.269128 -0.755859 -0.000657
v -0.307271 -0.756936 -0.027270
v -0.269228 -0.762879 -0.027127
v -0.233936 -0.772940 -0.026123
v -0.269417 -0.783960 -0.049061
v -0.234744 -0.792212 -0.047237
v -0.207151 -0.803406 -0.042740
v -0.234899 -0.823518 -0.060368
v -0.235153 -0.861369 -0.064754
v -0.206348 -0.830311 -0.054201
v -0.205883 -0.863580 -0.058080
v -0.185643 -0.835286 -0.042479
v -0.183858 -0.865341 -0.045153
v -0.190649 -0.814112 -0.037155
v -0.173234 -0.835181 -0.023735
v -0.168979 -0.834177 -0.000657
v -0.170425 -0.866429 -0.024975
v -0.184548 -0.808013 -0.022311
v -0.181470 -0.805013 -0.000657
v -0.205026 -0.787685 -0.023879
v -0.203432 -0.782585 -0.000657
v -0.233376 -0.766578 -0.000657
v -0.184548 -0.808013 0.020997
v -0.165928 -0.866794 -0.000657
v -0.187785 -0.894934 -0.042479
v -0.379377 -0.745977 -0.000657
v -0.409907 -0.744796 -0.000657
v -0.411218 -0.750906 0.027016
v -0.433308 -0.741759 -0.000657
v -0.436148 -0.746012 -0.028285
v -0.436148 -0.746012 0.026971
v -0.413418 -0.771107 0.049830
v -0.235153 -0.861369 0.063440
v -0.236931 -0.956160 -0.000657
v -0.375930 -0.960251 -0.000657
v -0.378335 -0.853111 -0.067706
v -0.497635 -0.832736 -0.069474
v -0.552989 -0.719943 -0.028285
v -0.565944 -0.738023 -0.050884
v -0.567528 -0.721364 -0.028187
v -0.582589 -0.736752 -0.047778
v -0.582421 -0.721905 -0.026494
v -0.595802 -0.736939 -0.042807
v -0.583869 -0.761008 -0.060757
v -0.598245 -0.756385 -0.054249
v -0.585562 -0.790420 -0.064889
v -0.600919 -0.780737 -0.058097
v -0.586856 -0.819804 -0.060385
v -0.602199 -0.806007 -0.054203
v -0.587924 -0.843917 -0.047237
v -0.588995 -0.858489 -0.026123
v -0.567837 -0.861650 -0.049061
v -0.603072 -0.826494 -0.042740
v -0.605064 -0.837579 -0.023879
v -0.611614 -0.813199 -0.037155
v -0.613027 -0.795956 -0.042479
v -0.615392 -0.815706 -0.022311
v -0.619716 -0.792168 -0.023735
v -0.617316 -0.816893 -0.000657
v -0.622094 -0.791562 -0.000657
v -0.615392 -0.815706 0.020998
v -0.606230 -0.840864 -0.000657
v -0.589517 -0.863199 -0.000657
v -0.605064 -0.837579 0.022565
v -0.603072 -0.826494 0.041426
v -0.602199 -0.806007 0.052889
v -0.611614 -0.813199 0.035841
v -0.613027 -0.795956 0.041165
v -0.619716 -0.792168 0.022421
v -0.612163 -0.773144 0.043839
v -0.618976 -0.768469 0.023661
v -0.600919 -0.780737 0.056783
v -0.585562 -0.790420 0.063576
v -0.621257 -0.766904 -0.000657
v -0.614056 -0.747638 0.022421
v -0.615858 -0.745375 -0.000657
v -0.614056 -0.747638 -0.023735
v -0.607010 -0.729394 -0.000657
v -0.606036 -0.732569 -0.022311
v -0.604045 -0.739035 -0.037155
v -0.595467 -0.724760 -0.023925
v -0.608401 -0.752319 -0.042479
v -0.612163 -0.773144 -0.045153
v -0.618976 -0.768469 -0.024975
v -0.568229 -0.878342 -0.027127
v -0.555134 -0.715432 -0.000657
v -0.541897 -0.714888 -0.025757
v -0.544532 -0.712317 -0.000657
v -0.497635 -0.832736 0.068160
v -0.495736 -0.720226 0.053932
v -0.522229 -0.661530 -0.000657
v -0.487854 -0.664370 0.047550
v -0.453479 -0.667210 -0.000657
vn -0.7312 0.6337 0.2527
vn -0.6788 0.5593 0.4758
vn -0.4120 0.6453 0.6433
vn -0.4162 0.8494 0.3245
vn -0.9083 0.3522 0.2257
vn -0.7742 0.3401 0.5338
vn -0.4801 0.3372 0.8098
vn -0.1664 0.6545 0.7375
vn -0.1985 0.3072 0.9307
vn -0.1567 0.9112 0.3809
vn -0.7541 0.6568 -0.0000
vn -0.4345 0.9007 -0.0000
vn -0.1539 0.9881 -0.0000
vn -0.0768 0.9132 0.4002
vn -0.0685 0.9977 -0.0000
vn -0.0756 0.6193 0.7815
vn -0.2418 0.8840 0.4001
vn -0.2070 0.9783 -0.0000
vn -0.1883 0.5191 0.8337
vn -0.0686 0.2531 0.9650
vn -0.0728 0.1803 0.9809
vn -0.2837 0.0076 0.9589
vn -0.1209 -0.0224 0.9924
vn -0.0747 -0.0471 0.9961
vn -0.1117 0.2580 0.9597
vn -0.0562 0.0981 0.9936
vn -0.0602 -0.0694 0.9958
vn 0.0498 0.1832 0.9818
vn 0.0201 0.0644 0.9977
vn -0.0266 -0.0768 0.9967
vn -0.1776 0.4044 0.8972
vn -0.4002 0.6199 0.6750
vn 0.0747 0.2998 0.9511
vn -0.2436 0.4709 0.8479
vn -0.5182 0.6164 0.5929
vn 0.0850 0.3604 0.9289
vn -0.4782 0.8148 0.3279
vn -0.6512 0.7081 0.2729
vn -0.3241 0.3959 0.8592
vn -0.6453 0.4863 0.5892
vn -0.8081 0.5243 0.2686
vn -0.6772 0.7358 -0.0000
vn -0.4592 0.8883 -0.0000
vn -0.8465 0.5324 -0.0000
vn -0.9107 0.3087 0.2745
vn -0.9487 0.3162 -0.0000
vn -0.7458 0.2773 0.6057
vn -0.9531 0.1308 0.2730
vn -0.9899 0.1415 -0.0000
vn -0.7907 0.0941 0.6049
vn -0.8016 -0.0418 0.5964
vn -0.9632 -0.0176 0.2683
vn -0.9999 -0.0103 -0.0000
vn -0.4028 0.2096 0.8910
vn -0.4447 0.0357 0.8950
vn -0.4560 -0.0759 0.8867
vn 0.0027 -0.0187 0.9998
vn -0.0055 -0.1048 0.9945
vn 0.0303 0.1287 0.9912
vn 0.0668 0.2934 0.9537
vn 0.4640 0.2136 0.8597
vn 0.4621 0.0573 0.8850
vn 0.4506 -0.0536 0.8911
vn 0.7940 0.1492 0.5893
vn 0.8005 0.0027 0.5994
vn 0.7970 -0.0679 0.6002
vn 0.7937 -0.1232 0.5957
vn 0.4464 -0.1212 0.8866
vn 0.9619 -0.0264 0.2721
vn 0.9602 -0.0685 0.2709
vn 0.9562 -0.1173 0.2680
vn 0.9977 -0.0671 -0.0000
vn 0.9934 -0.1146 -0.0000
vn 0.9994 -0.0337 -0.0000
vn 0.9960 0.0896 -0.0000
vn 0.9578 0.1037 0.2681
vn 0.9578 0.1037 -0.2681
vn 0.9619 -0.0264 -0.2721
vn 0.9602 -0.0685 -0.2709
vn 0.7940 0.1492 -0.5893
vn 0.8005 0.0027 -0.5994
vn 0.7970 -0.0679 -0.6002
vn 0.7937 -0.1232 -0.5957
vn 0.9562 -0.1173 -0.2680
vn 0.4506 -0.0536 -0.8911
vn 0.4464 -0.1211 -0.8866
vn 0.4621 0.0573 -0.8850
vn 0.4358 -0.1698 -0.8839
vn 0.7795 -0.1870 -0.5978
vn 0.9427 -0.1961 -0.2700
vn 0.4083 -0.2089 -0.8886
vn 0.7437 -0.2662 -0.6133
vn 0.9079 -0.3115 -0.2804
vn 0.9800 -0.1989 -0.0000
vn 0.9451 -0.3269 -0.0000
vn 0.8628 -0.4069 -0.3000
vn 0.9003 -0.4353 -0.0000
vn 0.6958 -0.3231 -0.6415
vn 0.8628 -0.4069 0.3000
vn 0.9079 -0.3115 0.2804
vn 0.9427 -0.1961 0.2700
vn 0.6958 -0.3231 0.6415
vn 0.7437 -0.2662 0.6133
vn 0.7795 -0.1870 0.5978
vn 0.4083 -0.2089 0.8886
vn 0.4358 -0.1698 0.8839
vn -0.0063 -0.1560 0.9877
vn -0.0087 -0.1843 0.9828
vn 0.3699 -0.2227 0.9020
vn -0.0156 -0.1807 0.9834
vn -0.4013 -0.2206 0.8890
vn -0.4246 -0.2113 0.8804
vn -0.4473 -0.1549 0.8809
vn -0.7226 -0.3048 0.6204
vn -0.7545 -0.2661 0.6000
vn -0.7883 -0.1609 0.5938
vn -0.9128 -0.3052 0.2714
vn -0.9495 -0.1644 0.2673
vn -0.9861 -0.1659 -0.0000
vn -0.9482 -0.3175 -0.0000
vn -0.8847 -0.3678 0.2862
vn -0.9218 -0.3878 -0.0000
vn -0.8847 -0.3678 -0.2862
vn -0.9128 -0.3052 -0.2714
vn -0.9495 -0.1644 -0.2673
vn -0.7226 -0.3048 -0.6204
vn -0.7545 -0.2661 -0.6000
vn -0.7883 -0.1609 -0.5938
vn -0.9632 -0.0176 -0.2683
vn -0.8016 -0.0418 -0.5964
vn -0.4473 -0.1549 -0.8809
vn -0.4560 -0.0759 -0.8867
vn -0.4246 -0.2113 -0.8804
vn -0.0063 -0.1559 -0.9877
vn -0.0055 -0.1048 -0.9945
vn -0.0087 -0.1843 -0.9828
vn -0.4013 -0.2206 -0.8890
vn -0.0156 -0.1807 -0.9834
vn 0.3699 -0.2227 -0.9020
vn 0.3362 -0.1981 -0.9207
vn 0.6604 -0.3175 -0.6804
vn -0.0187 -0.1423 -0.9897
vn 0.8456 -0.4187 -0.3312
vn 0.3129 -0.1526 -0.9375
vn 0.6413 -0.2657 -0.7198
vn 0.8565 -0.3632 -0.3667
vn 0.8914 -0.4533 -0.0000
vn 0.9178 -0.3971 -0.0000
vn 0.8729 -0.2857 -0.3955
vn 0.9491 -0.3151 -0.0000
vn 0.6306 -0.2025 -0.7492
vn 0.8877 -0.2008 -0.4143
vn 0.9743 -0.2254 -0.0000
vn 0.6285 -0.1320 -0.7665
vn 0.6360 -0.0310 -0.7711
vn 0.9019 -0.0843 -0.4237
vn 0.9947 -0.1025 -0.0000
vn 0.2962 -0.0523 -0.9537
vn 0.3065 0.0347 -0.9513
vn 0.2990 -0.1064 -0.9483
vn 0.3258 0.1814 -0.9279
vn 0.6442 0.1168 -0.7559
vn 0.9032 0.0996 -0.4174
vn 0.3985 0.4382 -0.8057
vn 0.6327 0.3044 -0.7121
vn 0.8072 0.4059 -0.4287
vn 0.9941 0.1082 -0.0000
vn 0.8908 0.4544 -0.0000
vn 0.5293 0.6979 -0.4824
vn 0.5986 0.8011 -0.0000
vn 0.5293 0.6979 0.4824
vn 0.8072 0.4059 0.4287
vn 0.9032 0.0996 0.4174
vn 0.3985 0.4382 0.8057
vn 0.6327 0.3044 0.7121
vn 0.6442 0.1168 0.7559
vn 0.9019 -0.0843 0.4237
vn 0.6360 -0.0310 0.7711
vn 0.3258 0.1814 0.9279
vn 0.3065 0.0347 0.9513
vn 0.0456 0.2485 0.9676
vn 0.0161 0.0921 0.9956
vn 0.0991 0.5293 0.8426
vn 0.1598 0.8439 0.5122
vn -0.2330 0.8466 0.4786
vn -0.2096 0.5601 0.8015
vn -0.2372 0.2950 0.9256
vn -0.5914 0.6864 0.4231
vn -0.4713 0.5276 0.7067
vn -0.5535 0.3586 0.7517
vn -0.2741 0.1477 0.9503
vn -0.6036 0.2100 0.7691
vn -0.7958 0.4425 0.4134
vn -0.8685 0.2605 0.4216
vn -0.6368 0.0938 0.7653
vn -0.9027 0.1200 0.4133
vn -0.2977 0.0534 0.9532
vn -0.3221 -0.0165 0.9466
vn -0.6661 -0.0116 0.7457
vn -0.9193 -0.0176 0.3932
vn 0.0004 0.0074 1.0000
vn -0.0089 -0.0444 0.9990
vn -0.0154 -0.0909 0.9957
vn -0.3501 -0.0904 0.9324
vn -0.6913 -0.1308 0.7106
vn 0.3129 -0.1526 0.9375
vn 0.2990 -0.1064 0.9483
vn 0.2962 -0.0523 0.9537
vn 0.6413 -0.2657 0.7198
vn 0.6306 -0.2025 0.7492
vn 0.6285 -0.1320 0.7665
vn 0.8877 -0.2008 0.4143
vn 0.8729 -0.2857 0.3955
vn 0.8565 -0.3632 0.3667
vn 0.8456 -0.4187 0.3312
vn 0.6604 -0.3175 0.6804
vn 0.3362 -0.1981 0.9207
vn -0.0187 -0.1423 0.9897
vn -0.3776 -0.1696 0.9103
vn -0.7069 -0.2461 0.6631
vn -0.8954 -0.3097 0.3197
vn -0.9167 -0.1724 0.3605
vn -0.9435 -0.3314 -0.0000
vn -0.9821 -0.1885 -0.0000
vn -0.9998 -0.0218 -0.0000
vn -0.9919 0.1274 -0.0000
vn -0.9027 0.1200 -0.4133
vn -0.9193 -0.0176 -0.3932
vn -0.9167 -0.1724 -0.3605
vn -0.6368 0.0938 -0.7653
vn -0.6661 -0.0116 -0.7457
vn -0.6913 -0.1308 -0.7106
vn -0.8954 -0.3097 -0.3198
vn -0.7069 -0.2461 -0.6631
vn -0.3221 -0.0165 -0.9466
vn -0.3501 -0.0904 -0.9324
vn -0.3776 -0.1696 -0.9103
vn -0.0154 -0.0909 -0.9957
vn -0.0089 -0.0444 -0.9990
vn 0.0004 0.0074 -1.0000
vn -0.2977 0.0534 -0.9532
vn 0.0161 0.0921 -0.9956
vn -0.2741 0.1477 -0.9503
vn -0.6036 0.2100 -0.7691
vn -0.8685 0.2605 -0.4216
vn -0.7958 0.4425 -0.4134
vn -0.5535 0.3586 -0.7517
vn -0.2372 0.2950 -0.9256
vn -0.5914 0.6864 -0.4231
vn -0.4713 0.5276 -0.7067
vn -0.2096 0.5601 -0.8015
vn 0.0456 0.2485 -0.9676
vn 0.0991 0.5293 -0.8426
vn -0.2330 0.8466 -0.4786
vn 0.1598 0.8439 -0.5122
vn 0.1868 0.9824 -0.0000
vn -0.2573 0.9663 -0.0000
vn -0.6484 0.7613 -0.0000
vn -0.8746 0.4849 -0.0000
vn -0.9604 0.2788 -0.0000
vn -0.4447 0.0357 -0.8950
vn 0.0027 -0.0187 -0.9998
vn -0.4028 0.2096 -0.8910
vn 0.0303 0.1287 -0.9912
vn -0.3241 0.3959 -0.8592
vn 0.0668 0.2934 -0.9537
vn 0.4640 0.2136 -0.8597
vn -0.6453 0.4863 -0.5892
vn -0.7458 0.2773 -0.6057
vn -0.7907 0.0941 -0.6049
vn -0.9107 0.3087 -0.2745
vn -0.9531 0.1308 -0.2730
vn -0.8081 0.5243 -0.2686
vn -0.6512 0.7081 -0.2729
vn -0.5182 0.6164 -0.5929
vn -0.2436 0.4708 -0.8479
vn -0.4782 0.8148 -0.3279
vn -0.4002 0.6199 -0.6750
vn -0.1776 0.4044 -0.8972
vn 0.0850 0.3604 -0.9289
vn 0.0747 0.2997 -0.9511
vn 0.4266 0.3351 -0.8401
vn 0.3375 0.3425 -0.8768
vn 0.7267 0.3645 -0.5823
vn 0.5643 0.5060 -0.6523
vn 0.8803 0.3923 -0.2667
vn 0.6560 0.6860 -0.3148
vn 0.9151 0.4032 -0.0000
vn 0.6436 0.7654 -0.0000
vn 0.8803 0.3923 0.2667
vn 0.6560 0.6860 0.3148
vn 0.7267 0.3645 0.5823
vn 0.5643 0.5060 0.6523
vn 0.4266 0.3352 0.8400
vn 0.3375 0.3425 0.8768
vn 0.3530 0.8450 0.4017
vn 0.3010 0.4820 0.8229
vn 0.2183 0.2443 0.9448
vn 0.1039 0.1003 0.9895
vn 0.1128 0.1661 0.9796
vn 0.0079 -0.0626 0.9980
vn 0.0186 -0.0385 0.9991
vn 0.1275 0.5479 0.8268
vn 0.0665 0.2086 0.9757
vn 0.0134 -0.0187 0.9997
vn -0.0490 -0.2607 0.9642
vn -0.0322 -0.2490 0.9680
vn -0.0741 -0.2733 0.9591
vn -0.1303 -0.5664 0.8138
vn -0.0912 -0.5585 0.8244
vn -0.1785 -0.5722 0.8005
vn -0.1092 -0.2830 0.9529
vn -0.2365 -0.5744 0.7837
vn -0.2094 -0.8572 0.4705
vn -0.2752 -0.8472 0.4544
vn -0.3519 -0.8289 0.4349
vn -0.3019 -0.5728 0.7621
vn -0.4349 -0.8016 0.4103
vn -0.1480 -0.2874 0.9463
vn -0.3739 -0.5673 0.7338
vn -0.5190 -0.7655 0.3802
vn -0.1895 -0.2888 0.9385
vn -0.2690 -0.2853 0.9199
vn -0.4681 -0.5492 0.6923
vn -0.4312 -0.2608 0.8637
vn -0.6036 -0.4983 0.6224
vn -0.6089 -0.7149 0.3438
vn -0.7155 -0.6321 0.2975
vn -0.5658 -0.8245 -0.0000
vn -0.6508 -0.7592 -0.0000
vn -0.7469 -0.6649 -0.0000
vn -0.4810 -0.8767 -0.0000
vn -0.5190 -0.7655 -0.3802
vn -0.6089 -0.7149 -0.3438
vn -0.4349 -0.8016 -0.4103
vn -0.3942 -0.9190 -0.0000
vn -0.3519 -0.8289 -0.4349
vn -0.2365 -0.5744 -0.7837
vn -0.3019 -0.5728 -0.7621
vn -0.3739 -0.5673 -0.7338
vn -0.1480 -0.2874 -0.9463
vn -0.1092 -0.2830 -0.9529
vn -0.1895 -0.2888 -0.9385
vn -0.0602 -0.0694 -0.9958
vn -0.0266 -0.0768 -0.9967
vn -0.0747 -0.0471 -0.9961
vn -0.1209 -0.0224 -0.9924
vn -0.2690 -0.2853 -0.9199
vn -0.4681 -0.5492 -0.6923
vn -0.0686 0.2531 -0.9650
vn -0.0728 0.1803 -0.9809
vn -0.0562 0.0981 -0.9936
vn -0.0756 0.6193 -0.7815
vn -0.1883 0.5191 -0.8337
vn -0.1117 0.2580 -0.9597
vn 0.0498 0.1832 -0.9818
vn 0.0201 0.0644 -0.9977
vn 0.2183 0.2443 -0.9448
vn 0.1039 0.1003 -0.9895
vn 0.3010 0.4820 -0.8229
vn 0.1128 0.1660 -0.9796
vn 0.0079 -0.0626 -0.9980
vn 0.0186 -0.0385 -0.9991
vn 0.0665 0.2086 -0.9757
vn 0.0134 -0.0187 -0.9997
vn 0.1275 0.5479 -0.8268
vn 0.0555 0.5486 -0.8342
vn 0.0332 0.2264 -0.9735
vn 0.0067 -0.0072 -1.0000
vn 0.1322 0.8823 -0.4517
vn 0.0538 0.8730 -0.4848
vn 0.3530 0.8450 -0.4017
vn 0.0494 0.8663 -0.4971
vn 0.0368 0.5472 -0.8362
vn 0.0183 0.2334 -0.9722
vn 0.0980 0.8637 -0.4945
vn 0.0599 0.5511 -0.8323
vn 0.0253 0.2385 -0.9708
vn 0.0024 -0.0017 -1.0000
vn 0.0064 0.0003 -1.0000
vn 0.0707 0.2446 -0.9671
vn 0.0429 -0.0000 -0.9991
vn 0.1285 0.5567 -0.8207
vn 0.0412 -0.2453 -0.9686
vn -0.0005 -0.2380 -0.9713
vn -0.0119 -0.2367 -0.9715
vn 0.0632 -0.5614 -0.8251
vn 0.0017 -0.5514 -0.8342
vn -0.0294 -0.5481 -0.8359
vn -0.0205 -0.2406 -0.9704
vn -0.0583 -0.5514 -0.8322
vn -0.0471 -0.8649 -0.4998
vn -0.0991 -0.8634 -0.4946
vn 0.0094 -0.8675 -0.4973
vn -0.1523 -0.8616 -0.4841
vn -0.0912 -0.5585 -0.8244
vn -0.0322 -0.2490 -0.9680
vn -0.2094 -0.8572 -0.4705
vn -0.1303 -0.5664 -0.8138
vn -0.0490 -0.2607 -0.9642
vn -0.0741 -0.2733 -0.9591
vn -0.1785 -0.5722 -0.8005
vn -0.2752 -0.8472 -0.4544
vn -0.2414 -0.9704 -0.0000
vn -0.3125 -0.9499 -0.0000
vn -0.1783 -0.9840 -0.0000
vn -0.1523 -0.8616 0.4841
vn -0.0991 -0.8634 0.4946
vn -0.0583 -0.5514 0.8322
vn -0.1169 -0.9931 -0.0000
vn -0.0205 -0.2406 0.9704
vn -0.0471 -0.8649 0.4998
vn -0.0294 -0.5481 0.8359
vn -0.0119 -0.2367 0.9715
vn 0.0067 -0.0072 1.0000
vn 0.0024 -0.0017 1.0000
vn 0.0064 0.0003 1.0000
vn -0.0005 -0.2380 0.9713
vn 0.0017 -0.5514 0.8342
vn 0.0429 -0.0000 0.9991
vn 0.0412 -0.2453 0.9686
vn 0.0632 -0.5614 0.8251
vn 0.1505 -0.0028 0.9886
vn 0.1531 -0.2561 0.9545
vn 0.1925 -0.5682 0.8000
vn 0.2457 -0.8530 0.4606
vn 0.0951 -0.8690 0.4857
vn 0.0094 -0.8675 0.4973
vn 0.2702 -0.9628 -0.0000
vn 0.1102 -0.9939 -0.0000
vn 0.0137 -0.9999 -0.0000
vn -0.0545 -0.9985 -0.0000
vn 0.0951 -0.8690 -0.4857
vn 0.2457 -0.8530 -0.4606
vn 0.1925 -0.5682 -0.8000
vn 0.1531 -0.2561 -0.9545
vn 0.3601 -0.2573 -0.8967
vn 0.3925 -0.5486 -0.7382
vn 0.4703 -0.7821 -0.4089
vn 0.6628 -0.2668 -0.6997
vn 0.6089 -0.4783 -0.6328
vn 0.7272 -0.5876 -0.3549
vn 0.7763 -0.6304 -0.0000
vn 0.5111 -0.8595 -0.0000
vn 0.8825 -0.3058 -0.3573
vn 0.9438 -0.3306 -0.0000
vn 0.8825 -0.3058 0.3573
vn 0.7272 -0.5876 0.3549
vn 0.4703 -0.7821 0.4089
vn 0.6628 -0.2668 0.6997
vn 0.6089 -0.4783 0.6328
vn 0.3925 -0.5486 0.7382
vn 0.3601 -0.2573 0.8967
vn 0.3706 -0.0109 0.9287
vn 0.6881 -0.0260 0.7251
vn 0.9265 -0.0398 0.3742
vn 0.9048 0.2301 0.3584
vn 0.6835 0.2152 0.6975
vn 0.3862 0.2333 0.8924
vn 0.7762 0.5228 0.3523
vn 0.6485 0.4276 0.6297
vn 0.4489 0.5155 0.7299
vn 0.2587 0.5524 0.7925
vn 0.1842 0.2484 0.9510
vn 0.3403 0.8241 0.4528
vn 0.5468 0.7346 0.4019
vn 0.1923 0.8557 0.4804
vn 0.1285 0.5567 0.8207
vn 0.0707 0.2446 0.9671
vn 0.0980 0.8637 0.4945
vn 0.0599 0.5511 0.8323
vn 0.0253 0.2385 0.9708
vn 0.0183 0.2334 0.9722
vn 0.0368 0.5472 0.8362
vn 0.0555 0.5486 0.8342
vn 0.0332 0.2264 0.9735
vn 0.0494 0.8663 0.4971
vn 0.0538 0.8730 0.4848
vn 0.0443 0.9990 -0.0000
vn 0.0524 0.9986 -0.0000
vn 0.1142 0.9935 -0.0000
vn 0.2195 0.9756 -0.0000
vn 0.1923 0.8557 -0.4804
vn 0.3747 0.9271 -0.0000
vn 0.3403 0.8241 -0.4528
vn 0.2587 0.5524 -0.7925
vn 0.1842 0.2484 -0.9510
vn 0.5468 0.7346 -0.4019
vn 0.4489 0.5155 -0.7299
vn 0.3862 0.2333 -0.8924
vn 0.1505 -0.0028 -0.9886
vn 0.3706 -0.0109 -0.9287
vn 0.6835 0.2152 -0.6975
vn 0.6881 -0.0260 -0.7251
vn 0.6485 0.4276 -0.6297
vn 0.9048 0.2301 -0.3584
vn 0.9265 -0.0398 -0.3742
vn 0.7762 0.5228 -0.3523
vn 0.8285 0.5599 -0.0000
vn 0.9691 0.2467 -0.0000
vn 0.9990 -0.0449 -0.0000
vn 0.5930 0.8052 -0.0000
vn 0.1078 0.9942 -0.0000
vn 0.1322 0.8823 0.4517
vn 0.3055 0.9522 -0.0000
vn -0.2418 0.8840 -0.4001
vn -0.0768 0.9132 -0.4002
vn -0.1664 0.6545 -0.7375
vn -0.1567 0.9112 -0.3809
vn -0.1985 0.3072 -0.9307
vn -0.4120 0.6453 -0.6433
vn -0.4162 0.8494 -0.3245
vn -0.4801 0.3372 -0.8098
vn -0.2837 0.0076 -0.9589
vn -0.5703 0.0552 -0.8196
vn -0.4312 -0.2608 -0.8637
vn -0.6557 -0.1932 -0.7299
vn -0.6036 -0.4983 -0.6224
vn -0.7567 -0.4022 -0.5154
vn -0.7155 -0.6321 -0.2975
vn -0.8317 -0.5008 -0.2399
vn -0.9330 -0.3016 -0.1962
vn -0.8747 -0.2786 -0.3967
vn -0.8743 -0.1109 -0.4726
vn -0.9757 -0.0778 -0.2048
vn -0.9971 -0.0760 -0.0000
vn -0.9516 -0.3072 -0.0000
vn -0.8552 -0.5183 -0.0000
vn -0.9757 -0.0778 0.2048
vn -0.9330 -0.3016 0.1962
vn -0.8317 -0.5008 0.2399
vn -0.7567 -0.4022 0.5154
vn -0.8747 -0.2786 0.3967
vn -0.6557 -0.1932 0.7299
vn -0.8743 -0.1109 0.4726
vn -0.8438 0.1026 0.5267
vn -0.9658 0.1297 0.2247
vn -0.5703 0.0552 0.8196
vn -0.9903 0.1389 -0.0000
vn -0.9297 0.3683 -0.0000
vn -0.9083 0.3522 -0.2257
vn -0.9658 0.1297 -0.2247
vn -0.7312 0.6337 -0.2527
vn -0.6788 0.5593 -0.4758
vn -0.7742 0.3401 -0.5338
vn -0.8438 0.1026 -0.5267
vt 0.153166 0.977554
vt 0.152540 0.982260
vt 0.150750 0.983946
vt 0.151187 0.977792
vt 0.035544 0.873740
vt 0.039627 0.871177
vt 0.040027 0.875189
vt 0.034658 0.877575
vt 0.095958 0.761869
vt 0.098380 0.761281
vt 0.101351 0.764197
vt 0.099291 0.766684
vt 0.092486 0.763630
vt 0.096174 0.769871
vt 0.147373 0.985649
vt 0.148043 0.978643
vt 0.152884 0.971089
vt 0.150759 0.970814
vt 0.147558 0.970886
vt 0.144112 0.979412
vt 0.143774 0.971138
vt 0.142828 0.986967
vt 0.140306 0.979662
vt 0.140241 0.971368
vt 0.137196 0.988245
vt 0.082654 0.769005
vt 0.088303 0.766232
vt 0.092271 0.773859
vt 0.087812 0.778597
vt 0.100626 0.777380
vt 0.097131 0.782805
vt 0.093015 0.788661
vt 0.078265 0.775511
vt 0.083175 0.784205
vt 0.088442 0.794621
vt 0.073414 0.780736
vt 0.078052 0.789764
vt 0.083296 0.800437
vt 0.074253 0.770479
vt 0.077391 0.766327
vt 0.070003 0.774783
vt 0.071184 0.767661
vt 0.074091 0.764660
vt 0.067473 0.771099
vt 0.135442 0.985346
vt 0.137720 0.978871
vt 0.134314 0.983384
vt 0.136126 0.977795
vt 0.068698 0.765476
vt 0.071480 0.763027
vt 0.329384 0.961075
vt 0.330321 0.958727
vt 0.335380 0.957873
vt 0.334920 0.959815
vt 0.136066 0.971274
vt 0.137685 0.971410
vt 0.341329 0.957609
vt 0.341499 0.959381
vt 0.335584 0.955206
vt 0.341195 0.955001
vt 0.330802 0.955892
vt 0.335539 0.951491
vt 0.341089 0.951329
vt 0.330812 0.952053
vt 0.330462 0.947342
vt 0.335321 0.946878
vt 0.341026 0.946747
vt 0.066351 0.762989
vt 0.063815 0.759570
vt 0.066522 0.757623
vt 0.069062 0.760828
vt 0.061219 0.755316
vt 0.064020 0.753498
vt 0.060509 0.761890
vt 0.057798 0.757479
vt 0.063038 0.765568
vt 0.065277 0.768381
vt 0.061808 0.771240
vt 0.059696 0.768124
vt 0.057172 0.764187
vt 0.058886 0.773560
vt 0.056893 0.770217
vt 0.054374 0.766066
vt 0.051450 0.761366
vt 0.054345 0.759618
vt 0.287891 0.955820
vt 0.287719 0.950999
vt 0.292072 0.951345
vt 0.292285 0.956073
vt 0.287760 0.945489
vt 0.292243 0.945935
vt 0.282296 0.950884
vt 0.282181 0.945341
vt 0.282411 0.955735
vt 0.282514 0.959534
vt 0.288325 0.959618
vt 0.292975 0.959845
vt 0.276561 0.959618
vt 0.276797 0.955820
vt 0.276744 0.950999
vt 0.271481 0.959845
vt 0.271999 0.956073
vt 0.272004 0.951345
vt 0.271608 0.945935
vt 0.276475 0.945489
vt 0.320092 0.761556
vt 0.322811 0.756932
vt 0.325738 0.758552
vt 0.322925 0.763311
vt 0.317662 0.765552
vt 0.320505 0.767520
vt 0.325672 0.752116
vt 0.328832 0.753744
vt 0.270968 0.940287
vt 0.276091 0.939750
vt 0.328528 0.747545
vt 0.332097 0.749389
vt 0.270237 0.934851
vt 0.275693 0.934242
vt 0.282098 0.939571
vt 0.282078 0.934039
vt 0.275360 0.929171
vt 0.282136 0.928954
vt 0.269548 0.929821
vt 0.288731 0.929171
vt 0.288310 0.934242
vt 0.287971 0.939750
vt 0.293998 0.929821
vt 0.293309 0.934851
vt 0.292690 0.940287
vt 0.048245 0.756619
vt 0.044880 0.752325
vt 0.048413 0.750331
vt 0.051373 0.754854
vt 0.055106 0.752693
vt 0.052632 0.747891
vt 0.045495 0.746269
vt 0.050419 0.743251
vt 0.041375 0.748739
vt 0.055306 0.740207
vt 0.056815 0.745424
vt 0.058805 0.750507
vt 0.059315 0.737654
vt 0.060244 0.743352
vt 0.061835 0.748669
vt 0.329901 0.942058
vt 0.329273 0.936495
vt 0.334721 0.936009
vt 0.335018 0.941629
vt 0.341025 0.941512
vt 0.341106 0.935875
vt 0.334497 0.930127
vt 0.341272 0.929939
vt 0.328697 0.930778
vt 0.347876 0.930208
vt 0.347346 0.936086
vt 0.346904 0.941701
vt 0.353161 0.930927
vt 0.352358 0.936635
vt 0.351636 0.942190
vt 0.346612 0.946946
vt 0.351109 0.947468
vt 0.312985 0.750983
vt 0.315058 0.746117
vt 0.318139 0.747945
vt 0.315837 0.752792
vt 0.316526 0.740781
vt 0.320012 0.742837
vt 0.321893 0.750064
vt 0.319312 0.754894
vt 0.324256 0.745226
vt 0.321400 0.737606
vt 0.326361 0.740558
vt 0.317322 0.735079
vt 0.331352 0.743435
vt 0.335519 0.745737
vt 0.334606 0.739123
vt 0.339472 0.742036
vt 0.328775 0.735504
vt 0.268936 0.924395
vt 0.275095 0.923730
vt 0.338873 0.733727
vt 0.344426 0.737283
vt 0.268412 0.917518
vt 0.274879 0.916857
vt 0.282242 0.923508
vt 0.282350 0.916636
vt 0.274696 0.907490
vt 0.282416 0.907274
vt 0.267989 0.908135
vt 0.274562 0.895167
vt 0.282396 0.894935
vt 0.267740 0.895814
vt 0.267993 0.882605
vt 0.274634 0.881828
vt 0.282247 0.881438
vt 0.352385 0.716584
vt 0.360441 0.705697
vt 0.366693 0.710345
vt 0.358810 0.721064
vt 0.344736 0.726362
vt 0.350853 0.730473
vt 0.367374 0.695431
vt 0.372672 0.700109
vt 0.269021 0.871078
vt 0.274965 0.869852
vt 0.372773 0.687500
vt 0.375657 0.692876
vt 0.270400 0.863802
vt 0.274934 0.860932
vt 0.281926 0.869046
vt 0.281390 0.859491
vt 0.162743 0.979395
vt 0.169167 0.979757
vt 0.169523 0.988390
vt 0.163467 0.987401
vt 0.376776 0.683159
vt 0.378962 0.691841
vt 0.176212 0.979942
vt 0.176106 0.987915
vt 0.287679 0.860932
vt 0.288625 0.869852
vt 0.182539 0.980728
vt 0.180964 0.986636
vt 0.291881 0.863802
vt 0.293775 0.871078
vt 0.289558 0.881828
vt 0.295292 0.882605
vt 0.009380 0.714039
vt 0.003158 0.703967
vt 0.008353 0.699096
vt 0.015530 0.709165
vt 0.000000 0.696836
vt 0.002760 0.691359
vt 0.014866 0.693269
vt 0.022919 0.703281
vt 0.008372 0.685320
vt 0.176922 0.971082
vt 0.183715 0.972536
vt 0.177463 0.962938
vt 0.183715 0.964796
vt 0.015652 0.681335
vt 0.022158 0.688415
vt 0.021559 0.676586
vt 0.021730 0.679950
vt 0.012380 0.676505
vt 0.028176 0.684605
vt 0.030516 0.697672
vt 0.036792 0.693012
vt 0.327783 0.870610
vt 0.329053 0.864197
vt 0.333526 0.861049
vt 0.333679 0.868517
vt 0.326928 0.881275
vt 0.333526 0.879530
vt 0.326859 0.894023
vt 0.333643 0.892473
vt 0.038997 0.708418
vt 0.045227 0.703651
vt 0.046117 0.718888
vt 0.052019 0.714461
vt 0.327243 0.906427
vt 0.333916 0.905051
vt 0.031425 0.714134
vt 0.038938 0.724191
vt 0.044307 0.732121
vt 0.050823 0.727510
vt 0.056177 0.723656
vt 0.037751 0.736703
vt 0.031718 0.729463
vt 0.023842 0.719856
vt 0.032275 0.740466
vt 0.025690 0.733797
vt 0.017514 0.724567
vt 0.289926 0.895167
vt 0.295837 0.895814
vt 0.289852 0.907490
vt 0.295702 0.908135
vt 0.289567 0.916857
vt 0.295270 0.917518
vt 0.289172 0.923730
vt 0.294677 0.924395
vt 0.037338 0.745116
vt 0.042142 0.742015
vt 0.047889 0.738235
vt 0.053598 0.734426
vt 0.058285 0.731238
vt 0.328181 0.924348
vt 0.334320 0.923459
vt 0.327703 0.916475
vt 0.334143 0.915327
vt 0.341464 0.923194
vt 0.341608 0.914977
vt 0.341629 0.904625
vt 0.341467 0.891975
vt 0.349017 0.892567
vt 0.349081 0.905143
vt 0.348839 0.915417
vt 0.354972 0.894194
vt 0.354972 0.906596
vt 0.354576 0.916638
vt 0.348406 0.923545
vt 0.353937 0.924505
vt 0.320132 0.721042
vt 0.324075 0.711765
vt 0.330091 0.716131
vt 0.325588 0.724845
vt 0.318203 0.728657
vt 0.322975 0.731806
vt 0.332214 0.729327
vt 0.337397 0.721289
vt 0.344672 0.711070
vt 0.336964 0.705508
vt 0.352919 0.700015
vt 0.345187 0.694561
vt 0.330610 0.700809
vt 0.338792 0.689973
vt 0.348459 0.879620
vt 0.354243 0.881442
vt 0.335061 0.686740
vt 0.344260 0.678018
vt 0.347204 0.681345
vt 0.353320 0.685080
vt 0.353613 0.673055
vt 0.353534 0.676509
vt 0.359648 0.677784
vt 0.360728 0.689784
vt 0.367022 0.681612
vt 0.362789 0.672769
vt 0.370963 0.676453
vt 0.162729 0.970506
vt 0.169523 0.970387
vt 0.163994 0.962391
vt 0.170484 0.961831
vt 0.165738 0.956617
vt 0.171937 0.955626
vt 0.178376 0.957131
vt 0.339953 0.859491
vt 0.340620 0.867465
vt 0.346278 0.861126
vt 0.347346 0.868600
vt 0.341126 0.878855
vt 0.313341 0.757097
vt 0.316704 0.759357
vt 0.310887 0.760576
vt 0.314262 0.763095
vt 0.308602 0.763130
vt 0.312092 0.765974
vt 0.315626 0.768730
vt 0.305754 0.760687
vt 0.308118 0.758421
vt 0.310581 0.755158
vt 0.346685 0.955273
vt 0.346521 0.951558
vt 0.350892 0.952175
vt 0.351100 0.956015
vt 0.347151 0.957945
vt 0.351827 0.958858
vt 0.347947 0.959894
vt 0.353077 0.961219
vt 0.303184 0.762402
vt 0.306171 0.765398
vt 0.298502 0.761092
vt 0.301497 0.760339
vt 0.299929 0.764177
vt 0.303174 0.768320
vt 0.309966 0.768769
vt 0.307528 0.772541
vt 0.313922 0.771894
vt 0.312338 0.776152
vt 0.317322 0.774214
vt 0.316849 0.778470
vt 0.318593 0.770919
vt 0.297014 0.863831
vt 0.297910 0.860912
vt 0.303219 0.862987
vt 0.302838 0.865902
vt 0.270511 0.963087
vt 0.276072 0.962572
vt 0.309665 0.863353
vt 0.310076 0.866126
vt 0.282656 0.962332
vt 0.316117 0.862206
vt 0.317473 0.865016
vt 0.289092 0.962572
vt 0.321369 0.859491
vt 0.323570 0.862222
vt 0.294191 0.963087
vt 0.060237 0.776803
vt 0.063589 0.774338
vt 0.060813 0.781017
vt 0.065277 0.778526
vt 0.318621 0.869851
vt 0.326859 0.868226
vt 0.060266 0.788638
vt 0.067740 0.785121
vt 0.072125 0.794808
vt 0.065260 0.799700
vt 0.077412 0.805956
vt 0.070689 0.811306
vt 0.052736 0.795614
vt 0.057574 0.805106
vt 0.063085 0.816646
vt 0.075906 0.822353
vt 0.068449 0.827886
vt 0.082506 0.816693
vt 0.080117 0.831269
vt 0.072807 0.837023
vt 0.086604 0.825388
vt 0.088303 0.810830
vt 0.092318 0.819281
vt 0.082657 0.836730
vt 0.089073 0.830716
vt 0.094734 0.824462
vt 0.097340 0.812817
vt 0.099712 0.817799
vt 0.093393 0.804680
vt 0.044410 0.927153
vt 0.037148 0.922522
vt 0.036987 0.917284
vt 0.044213 0.921624
vt 0.097880 0.798197
vt 0.101753 0.805867
vt 0.101804 0.791446
vt 0.105556 0.798434
vt 0.104929 0.784905
vt 0.108417 0.791045
vt 0.036777 0.911398
vt 0.043916 0.915312
vt 0.036910 0.905216
vt 0.043730 0.908518
vt 0.052241 0.922294
vt 0.051884 0.915838
vt 0.051375 0.908825
vt 0.932335 0.397132
vt 0.925498 0.397324
vt 0.926346 0.389754
vt 0.933210 0.389522
vt 0.941209 0.388945
vt 0.934389 0.382076
vt 0.942307 0.381568
vt 0.940361 0.396515
vt 0.931742 0.404928
vt 0.924925 0.405097
vt 0.939789 0.404287
vt 0.947790 0.403246
vt 0.948303 0.395543
vt 0.949069 0.388092
vt 0.284850 0.802977
vt 0.290084 0.809004
vt 0.286257 0.817459
vt 0.281083 0.811117
vt 0.280211 0.796603
vt 0.276507 0.804276
vt 0.289568 0.792845
vt 0.294850 0.798539
vt 0.284855 0.786993
vt 0.280601 0.781231
vt 0.276128 0.789946
vt 0.272530 0.796934
vt 0.285246 0.772157
vt 0.289817 0.776799
vt 0.294587 0.782310
vt 0.289022 0.764365
vt 0.294738 0.767022
vt 0.299287 0.773477
vt 0.304262 0.778600
vt 0.299841 0.787752
vt 0.310036 0.782836
vt 0.305885 0.792648
vt 0.317583 0.786118
vt 0.312861 0.797361
vt 0.300863 0.803915
vt 0.307710 0.809101
vt 0.320671 0.802574
vt 0.315437 0.814256
vt 0.325273 0.792897
vt 0.333746 0.798142
vt 0.329241 0.807778
vt 0.323923 0.819375
vt 0.328558 0.787597
vt 0.336680 0.792227
vt 0.295837 0.870105
vt 0.302512 0.870827
vt 0.302712 0.878185
vt 0.297050 0.880234
vt 0.345836 0.797108
vt 0.342958 0.803216
vt 0.338421 0.812886
vt 0.355406 0.802644
vt 0.352515 0.808695
vt 0.347941 0.818235
vt 0.333000 0.824451
vt 0.342466 0.829633
vt 0.357392 0.824069
vt 0.352011 0.834985
vt 0.361886 0.814930
vt 0.346637 0.845798
vt 0.337026 0.840944
vt 0.327618 0.835920
vt 0.342220 0.854659
vt 0.332556 0.850220
vt 0.323198 0.845321
vt 0.318672 0.830810
vt 0.314370 0.840140
vt 0.948515 0.449220
vt 0.940282 0.450250
vt 0.939765 0.440068
vt 0.947969 0.439000
vt 0.949243 0.459748
vt 0.941024 0.460712
vt 0.939461 0.430292
vt 0.947614 0.429206
vt 0.310334 0.825583
vt 0.306181 0.834733
vt 0.939362 0.421048
vt 0.947459 0.419960
vt 0.302749 0.820229
vt 0.298737 0.829154
vt 0.296017 0.814728
vt 0.292113 0.823429
vt 0.947513 0.411339
vt 0.939465 0.412415
vt 0.931284 0.421703
vt 0.931403 0.413066
vt 0.931365 0.430947
vt 0.924598 0.431101
vt 0.924499 0.421857
vt 0.924601 0.413224
vt 0.075442 0.842628
vt 0.067481 0.848349
vt 0.064748 0.842622
vt 0.931651 0.440718
vt 0.924901 0.440878
vt 0.060238 0.833308
vt 0.058855 0.853785
vt 0.056045 0.848010
vt 0.051415 0.838628
vt 0.054722 0.821966
vt 0.045767 0.827255
vt 0.036426 0.832659
vt 0.042128 0.843872
vt 0.046806 0.853128
vt 0.027011 0.838237
vt 0.032634 0.848953
vt 0.037249 0.857795
vt 0.018227 0.843549
vt 0.023617 0.853306
vt 0.028053 0.861328
vt 0.030566 0.866337
vt 0.040027 0.863244
vt 0.049644 0.858825
vt 0.935250 0.481466
vt 0.928737 0.481596
vt 0.927183 0.471989
vt 0.933913 0.471779
vt 0.926160 0.461521
vt 0.932905 0.461326
vt 0.925419 0.451060
vt 0.932159 0.450887
vt 0.941966 0.471184
vt 0.950078 0.470304
vt 0.942960 0.480822
vt 0.950676 0.479966
vt 0.355752 0.849923
vt 0.351495 0.857964
vt 0.363564 0.852828
vt 0.359536 0.859491
vt 0.950708 0.487699
vt 0.943960 0.488720
vt 0.369245 0.854904
vt 0.364953 0.859408
vt 0.034452 0.959862
vt 0.039089 0.961156
vt 0.038554 0.967795
vt 0.032629 0.963663
vt 0.045590 0.961577
vt 0.045524 0.968847
vt 0.937002 0.489558
vt 0.038394 0.952931
vt 0.045303 0.952708
vt 0.032574 0.953673
vt 0.051960 0.952243
vt 0.051818 0.960511
vt 0.052204 0.967103
vt 0.057157 0.952427
vt 0.055906 0.958774
vt 0.057366 0.962410
vt 0.930991 0.489426
vt 0.021856 0.867338
vt 0.020048 0.863070
vt 0.015872 0.856431
vt 0.010233 0.858711
vt 0.014627 0.863146
vt 0.010808 0.848077
vt 0.005202 0.851482
vt 0.051758 0.943129
vt 0.057366 0.943703
vt 0.050629 0.934587
vt 0.055865 0.935429
vt 0.001582 0.843338
vt 0.006400 0.839264
vt 0.319647 0.945615
vt 0.324278 0.944364
vt 0.326859 0.947993
vt 0.321377 0.951704
vt 0.000000 0.837080
vt 0.002908 0.832049
vt 0.008658 0.825382
vt 0.013006 0.833629
vt 0.319097 0.928149
vt 0.326194 0.929699
vt 0.325401 0.938565
vt 0.319133 0.937730
vt 0.318935 0.917367
vt 0.326359 0.919273
vt 0.016653 0.818518
vt 0.021370 0.827472
vt 0.318726 0.906306
vt 0.326225 0.908388
vt 0.025874 0.812062
vt 0.030681 0.821414
vt 0.040072 0.815841
vt 0.035299 0.806358
vt 0.044388 0.801065
vt 0.049129 0.810516
vt 0.318648 0.895813
vt 0.326160 0.897945
vt 0.318716 0.886076
vt 0.326247 0.888024
vt 0.310507 0.885851
vt 0.310517 0.895454
vt 0.310610 0.905953
vt 0.310875 0.917081
vt 0.303208 0.907246
vt 0.303501 0.918302
vt 0.303103 0.896755
vt 0.364747 0.809145
vt 0.311361 0.928044
vt 0.304249 0.929048
vt 0.372828 0.816375
vt 0.370039 0.821592
vt 0.365897 0.830012
vt 0.299035 0.931344
vt 0.305593 0.938550
vt 0.300864 0.940051
vt 0.375941 0.828093
vt 0.372629 0.835452
vt 0.360916 0.840073
vt 0.368433 0.844385
vt 0.377532 0.839341
vt 0.374108 0.847580
vt 0.378962 0.833019
vt 0.031282 0.936675
vt 0.037064 0.935275
vt 0.037463 0.943853
vt 0.031211 0.945028
vt 0.032260 0.931068
vt 0.036621 0.928592
vt 0.042987 0.927153
vt 0.043918 0.934274
vt 0.044719 0.943198
vt 0.307021 0.946380
vt 0.302998 0.945653
vt 0.312112 0.938008
vt 0.313184 0.946505
vt 0.049350 0.927947
vt 0.302982 0.887029
vt 0.310480 0.877375
vt 0.318848 0.877208
vt 0.310356 0.870642
vt 0.326487 0.878451
vt 0.294890 0.761023
vt 0.290843 0.759518
vt 0.143512 0.958396
vt 0.145926 0.963699
vt 0.141856 0.963490
vt 0.138713 0.957918
vt 0.284775 0.761843
vt 0.281248 0.768244
vt 0.281259 0.760135
vt 0.282995 0.756762
vt 0.286822 0.757717
vt 0.278050 0.765093
vt 0.276976 0.775876
vt 0.274174 0.771251
vt 0.272848 0.783468
vt 0.270579 0.777759
vt 0.269494 0.789607
vt 0.267740 0.782976
vt 0.064084 0.901460
vt 0.058586 0.906465
vt 0.057317 0.899728
vt 0.062293 0.895865
vt 0.950012 0.380897
vt 0.943415 0.374941
vt 0.950708 0.374540
vt 0.056094 0.892968
vt 0.060242 0.891832
vt 0.061063 0.886571
vt 0.064719 0.889533
vt 0.055556 0.885903
vt 0.048843 0.886542
vt 0.049867 0.894089
vt 0.050710 0.901555
vt 0.042093 0.887764
vt 0.043462 0.894714
vt 0.043770 0.901600
vt 0.037743 0.899259
vt 0.038950 0.894775
vt 0.033482 0.893850
vt 0.036665 0.889943
vt 0.031994 0.898838
vt 0.034866 0.883509
vt 0.040675 0.881010
vt 0.031211 0.886776
vt 0.031211 0.879723
vt 0.103314 0.772730
vt 0.107058 0.779178
vt 0.047743 0.879465
vt 0.046693 0.873517
vt 0.045822 0.869340
vt 0.053490 0.873328
vt 0.054861 0.879049
vt 0.052260 0.869431
vt 0.045218 0.867338
vt 0.052186 0.867633
vt 0.278818 0.759570
vt 0.279182 0.757453
vt 0.056836 0.870797
vt 0.059056 0.874202
vt 0.149281 0.964334
vt 0.275922 0.762585
vt 0.060823 0.879920
vt 0.272218 0.767654
vt 0.064719 0.882144
vt 0.059358 0.913178
vt 0.138042 0.963683
vt 0.135664 0.964354
vt 0.134314 0.965001
s 1
f 4130/5166/4043 4129/5167/4044 4132/5168/4045 4135/5169/4046
f 4129/5170/4044 4130/5171/4043 4656/5172/4047 4131/5173/4048
f 4132/5174/4045 4129/5175/4044 4131/5176/4048 4133/5177/4049
f 4134/5178/4050 4132/5174/4045 4133/5177/4049 4145/5179/4051
f 4135/5169/4046 4132/5168/4045 4134/5180/4050 4137/5181/4052
f 4659/5182/4053 4130/5166/4043 4135/5169/4046 4136/5183/4054
f 4136/5183/4054 4135/5169/4046 4137/5181/4052 4138/5184/4055
f 4138/5184/4055 4137/5181/4052 4139/5185/4056 4140/5186/4057
f 4137/5181/4052 4134/5180/4050 4142/5187/4058 4139/5185/4056
f 4140/5186/4057 4139/5185/4056 4141/5188/4059 4667/5189/4060
f 4139/5185/4056 4142/5187/4058 4143/5190/4061 4141/5188/4059
f 4143/5191/4061 4142/5192/4058 4144/5193/4062 4147/5194/4063
f 4142/5192/4058 4134/5178/4050 4145/5179/4051 4144/5193/4062
f 4144/5193/4062 4145/5179/4051 4654/5195/4064 4146/5196/4065
f 4147/5194/4063 4144/5193/4062 4146/5196/4065 4148/5197/4066
f 4152/5198/4067 4143/5191/4061 4147/5194/4063 4149/5199/4068
f 4149/5199/4068 4147/5194/4063 4148/5197/4066 4151/5200/4069
f 4153/5201/4070 4152/5198/4067 4149/5199/4068 4150/5202/4071
f 4150/5202/4071 4149/5199/4068 4151/5200/4069 4670/5203/4072
f 4152/5198/4067 4154/5204/4073 4157/5205/4074 4143/5191/4061
f 4153/5201/4070 4156/5206/4075 4154/5204/4073 4152/5198/4067
f 4154/5204/4073 4155/5207/4076 4159/5208/4077 4157/5205/4074
f 4156/5206/4075 4671/5209/4078 4155/5207/4076 4154/5204/4073
f 4143/5190/4061 4157/5210/4074 4158/5211/4079 4141/5188/4059
f 4157/5210/4074 4159/5212/4077 4161/5213/4080 4158/5211/4079
f 4155/5207/4076 4177/5214/4081 4160/5215/4082 4159/5208/4077
f 4159/5216/4077 4160/5217/4082 4163/5218/4083 4161/5219/4080
f 4158/5211/4079 4161/5213/4080 4162/5220/4084 4669/5221/4085
f 4161/5219/4080 4163/5218/4083 4164/5222/4086 4162/5223/4084
f 4163/5218/4083 4165/5224/4087 4166/5225/4088 4164/5222/4086
f 4160/5217/4082 4167/5226/4089 4165/5224/4087 4163/5218/4083
f 4165/5224/4087 4168/5227/4090 4170/5228/4091 4166/5225/4088
f 4167/5226/4089 4171/5229/4092 4168/5227/4090 4165/5224/4087
f 4171/5229/4092 4172/5230/4093 4169/5231/4094 4168/5227/4090
f 4168/5227/4090 4169/5231/4094 4672/5232/4095 4170/5228/4091
f 4176/5233/4096 4173/5234/4097 4171/5235/4092 4167/5236/4089
f 4173/5234/4097 4174/5237/4098 4172/5238/4093 4171/5235/4092
f 4175/5239/4099 4673/5240/4100 4174/5237/4098 4173/5234/4097
f 4178/5241/4101 4175/5239/4099 4173/5234/4097 4176/5233/4096
f 4179/5242/4102 4178/5241/4101 4176/5233/4096 4177/5214/4081
f 4177/5214/4081 4176/5233/4096 4167/5236/4089 4160/5215/4082
f 4181/5243/4103 4180/5244/4104 4178/5241/4101 4179/5242/4102
f 4180/5244/4104 4183/5245/4105 4175/5239/4099 4178/5241/4101
f 4409/5246/4106 4182/5247/4107 4180/5244/4104 4181/5243/4103
f 4182/5247/4107 4185/5248/4108 4183/5245/4105 4180/5244/4104
f 4185/5248/4108 4186/5249/4109 4184/5250/4110 4183/5245/4105
f 4183/5245/4105 4184/5250/4110 4673/5240/4100 4175/5239/4099
f 4190/5251/4111 4187/5252/4112 4185/5253/4108 4182/5254/4107
f 4187/5252/4112 4188/5255/4113 4186/5256/4109 4185/5253/4108
f 4189/5257/4114 4674/5258/4115 4188/5255/4113 4187/5252/4112
f 4192/5259/4116 4189/5257/4114 4187/5252/4112 4190/5251/4111
f 4193/5260/4117 4192/5259/4116 4190/5251/4111 4191/5261/4118
f 4191/5261/4118 4190/5251/4111 4182/5254/4107 4409/5262/4106
f 4195/5263/4119 4194/5264/4120 4192/5259/4116 4193/5260/4117
f 4194/5264/4120 4197/5265/4121 4189/5257/4114 4192/5259/4116
f 4401/5266/4122 4196/5267/4123 4194/5264/4120 4195/5263/4119
f 4196/5267/4123 4199/5268/4124 4197/5265/4121 4194/5264/4120
f 4199/5268/4124 4201/5269/4125 4198/5270/4126 4197/5265/4121
f 4197/5265/4121 4198/5270/4126 4674/5258/4115 4189/5257/4114
f 4200/5271/4127 4202/5272/4128 4201/5273/4125 4199/5274/4124
f 4380/5275/4129 4200/5271/4127 4199/5274/4124 4196/5276/4123
f 4202/5272/4128 4204/5277/4130 4203/5278/4131 4201/5273/4125
f 4201/5269/4125 4203/5279/4131 4206/5280/4132 4198/5270/4126
f 4204/5277/4130 4248/5281/4133 4205/5282/4134 4203/5278/4131
f 4203/5279/4131 4205/5283/4134 4208/5284/4135 4206/5280/4132
f 4198/5270/4126 4206/5280/4132 4207/5285/4136 4674/5258/4115
f 4206/5280/4132 4208/5284/4135 4210/5286/4137 4207/5285/4136
f 4208/5284/4135 4209/5287/4138 4211/5288/4139 4210/5286/4137
f 4205/5283/4134 4251/5289/4140 4209/5287/4138 4208/5284/4135
f 4210/5286/4137 4211/5288/4139 4213/5290/4141 4212/5291/4142
f 4207/5285/4136 4210/5286/4137 4212/5291/4142 4215/5292/4143
f 4212/5291/4142 4213/5290/4141 4319/5293/4144 4214/5294/4145
f 4215/5292/4143 4212/5291/4142 4214/5294/4145 4216/5295/4146
f 4674/5258/4115 4207/5285/4136 4215/5292/4143 4188/5255/4113
f 4188/5255/4113 4215/5292/4143 4216/5295/4146 4186/5256/4109
f 4216/5296/4146 4214/5297/4145 4219/5298/4147 4217/5299/4148
f 4186/5249/4109 4216/5296/4146 4217/5299/4148 4184/5250/4110
f 4184/5250/4110 4217/5299/4148 4218/5300/4149 4673/5240/4100
f 4217/5299/4148 4219/5298/4147 4221/5301/4150 4218/5300/4149
f 4219/5298/4147 4220/5302/4151 4222/5303/4152 4221/5301/4150
f 4214/5297/4145 4319/5304/4144 4220/5302/4151 4219/5298/4147
f 4221/5301/4150 4222/5303/4152 4224/5305/4153 4223/5306/4154
f 4218/5300/4149 4221/5301/4150 4223/5306/4154 4226/5307/4155
f 4223/5306/4154 4224/5305/4153 4324/5308/4156 4225/5309/4157
f 4226/5307/4155 4223/5306/4154 4225/5309/4157 4227/5310/4158
f 4673/5240/4100 4218/5300/4149 4226/5307/4155 4174/5237/4098
f 4174/5237/4098 4226/5307/4155 4227/5310/4158 4172/5238/4093
f 4227/5311/4158 4225/5312/4157 4230/5313/4159 4228/5314/4160
f 4172/5230/4093 4227/5311/4158 4228/5314/4160 4169/5231/4094
f 4169/5231/4094 4228/5314/4160 4229/5315/4161 4672/5232/4095
f 4228/5314/4160 4230/5313/4159 4232/5316/4162 4229/5315/4161
f 4230/5313/4159 4231/5317/4163 4233/5318/4164 4232/5316/4162
f 4225/5312/4157 4324/5319/4156 4231/5317/4163 4230/5313/4159
f 4232/5316/4162 4233/5318/4164 4235/5320/4165 4234/5321/4166
f 4229/5315/4161 4232/5316/4162 4234/5321/4166 4237/5322/4167
f 4234/5321/4166 4235/5320/4165 4342/5323/4168 4236/5324/4169
f 4237/5322/4167 4234/5321/4166 4236/5324/4169 4239/5325/4170
f 4672/5232/4095 4229/5315/4161 4237/5322/4167 4238/5326/4171
f 4238/5326/4171 4237/5322/4167 4239/5325/4170 4240/5327/4172
f 4240/5328/4172 4239/5329/4170 4241/5330/4173 4242/5331/4174
f 4239/5329/4170 4236/5332/4169 4244/5333/4175 4241/5330/4173
f 4242/5331/4174 4241/5330/4173 4243/5334/4176 4375/5335/4177
f 4241/5330/4173 4244/5333/4175 4246/5336/4178 4243/5334/4176
f 4244/5333/4175 4245/5337/4179 4247/5338/4180 4246/5336/4178
f 4236/5332/4169 4342/5339/4168 4245/5337/4179 4244/5333/4175
f 4246/5336/4178 4247/5338/4180 4249/5340/4181 4248/5281/4133
f 4243/5334/4176 4246/5336/4178 4248/5281/4133 4204/5277/4130
f 4248/5281/4133 4249/5340/4181 4251/5341/4140 4205/5282/4134
f 4249/5340/4181 4250/5342/4182 4252/5343/4183 4251/5341/4140
f 4247/5338/4180 4343/5344/4184 4250/5342/4182 4249/5340/4181
f 4251/5289/4140 4252/5345/4183 4254/5346/4185 4209/5287/4138
f 4250/5342/4182 4345/5347/4186 4253/5348/4187 4252/5343/4183
f 4252/5345/4183 4253/5349/4187 4256/5350/4188 4254/5346/4185
f 4209/5287/4138 4254/5346/4185 4255/5351/4189 4211/5288/4139
f 4254/5346/4185 4256/5350/4188 4257/5352/4190 4255/5351/4189
f 4256/5350/4188 4258/5353/4191 4259/5354/4192 4257/5352/4190
f 4253/5349/4187 4260/5355/4193 4258/5353/4191 4256/5350/4188
f 4258/5353/4191 4261/5356/4194 4263/5357/4195 4259/5354/4192
f 4260/5355/4193 4264/5358/4196 4261/5356/4194 4258/5353/4191
f 4264/5358/4196 4266/5359/4197 4262/5360/4198 4261/5356/4194
f 4261/5356/4194 4262/5360/4198 4374/5361/4199 4263/5357/4195
f 4265/5362/4200 4267/5363/4201 4266/5364/4197 4264/5365/4196
f 4347/5366/4202 4265/5362/4200 4264/5365/4196 4260/5367/4193
f 4267/5363/4201 4269/5368/4203 4268/5369/4204 4266/5364/4197
f 4266/5359/4197 4268/5370/4204 4271/5371/4205 4262/5360/4198
f 4269/5368/4203 4365/5372/4206 4270/5373/4207 4268/5369/4204
f 4268/5370/4204 4270/5374/4207 4273/5375/4208 4271/5371/4205
f 4262/5360/4198 4271/5371/4205 4272/5376/4209 4374/5361/4199
f 4271/5371/4205 4273/5375/4208 4275/5377/4210 4272/5376/4209
f 4274/5378/4211 4276/5379/4212 4275/5380/4210 4273/5381/4208
f 4365/5372/4206 4274/5382/4211 4273/5383/4208 4270/5373/4207
f 4276/5379/4212 4278/5384/4213 4277/5385/4214 4275/5380/4210
f 4272/5376/4209 4275/5377/4210 4277/5386/4214 4280/5387/4215
f 4278/5384/4213 4287/5388/4216 4279/5389/4217 4277/5385/4214
f 4280/5387/4215 4277/5386/4214 4279/5390/4217 4282/5391/4218
f 4374/5361/4199 4272/5376/4209 4280/5387/4215 4281/5392/4219
f 4281/5392/4219 4280/5387/4215 4282/5391/4218 4283/5393/4220
f 4283/5394/4220 4282/5395/4218 4284/5396/4221 4285/5397/4222
f 4282/5395/4218 4279/5398/4217 4287/5399/4216 4284/5396/4221
f 4285/5397/4222 4284/5396/4221 4286/5400/4223 4373/5401/4224
f 4284/5396/4221 4287/5399/4216 4288/5402/4225 4286/5400/4223
f 4289/5403/4226 4288/5404/4225 4287/5388/4216 4278/5384/4213
f 4291/5405/4227 4290/5406/4228 4288/5404/4225 4289/5403/4226
f 4286/5400/4223 4288/5402/4225 4290/5407/4228 4293/5408/4229
f 4371/5409/4230 4292/5410/4231 4290/5407/4228 4291/5411/4227
f 4293/5408/4229 4290/5407/4228 4292/5410/4231 4295/5412/4232
f 4373/5401/4224 4286/5400/4223 4293/5408/4229 4294/5413/4233
f 4294/5413/4233 4293/5408/4229 4295/5412/4232 4297/5414/4234
f 4295/5415/4232 4292/5416/4231 4371/5417/4230 4296/5418/4235
f 4297/5419/4234 4295/5415/4232 4296/5418/4235 4298/5420/4236
f 4299/5421/4237 4297/5419/4234 4298/5420/4236 4301/5422/4238
f 4302/5423/4239 4294/5413/4233 4297/5414/4234 4299/5424/4237
f 4304/5425/4240 4302/5423/4239 4299/5424/4237 4300/5426/4241
f 4300/5427/4241 4299/5421/4237 4301/5422/4238 4330/5428/4242
f 4303/5429/4243 4373/5401/4224 4294/5413/4233 4302/5423/4239
f 4306/5430/4244 4303/5429/4243 4302/5423/4239 4304/5425/4240
f 4307/5431/4245 4306/5430/4244 4304/5425/4240 4305/5432/4246
f 4305/5432/4246 4304/5425/4240 4300/5426/4241 4325/5433/4247
f 4309/5434/4248 4308/5435/4249 4306/5430/4244 4307/5431/4245
f 4308/5435/4249 4311/5436/4250 4303/5429/4243 4306/5430/4244
f 4317/5437/4251 4310/5438/4252 4308/5435/4249 4309/5434/4248
f 4310/5438/4252 4312/5439/4253 4311/5436/4250 4308/5435/4249
f 4312/5439/4253 4283/5394/4220 4285/5397/4222 4311/5436/4250
f 4311/5436/4250 4285/5397/4222 4373/5401/4224 4303/5429/4243
f 4313/5440/4254 4281/5392/4219 4283/5393/4220 4312/5441/4253
f 4314/5442/4255 4313/5440/4254 4312/5441/4253 4310/5443/4252
f 4263/5357/4195 4374/5361/4199 4281/5392/4219 4313/5440/4254
f 4259/5354/4192 4263/5357/4195 4313/5440/4254 4314/5442/4255
f 4257/5352/4190 4259/5354/4192 4314/5442/4255 4315/5444/4256
f 4315/5444/4256 4314/5442/4255 4310/5443/4252 4317/5445/4251
f 4255/5351/4189 4257/5352/4190 4315/5444/4256 4316/5446/4257
f 4316/5446/4257 4315/5444/4256 4317/5445/4251 4318/5447/4258
f 4318/5448/4258 4317/5437/4251 4309/5434/4248 4320/5449/4259
f 4213/5290/4141 4316/5446/4257 4318/5447/4258 4319/5293/4144
f 4319/5304/4144 4318/5448/4258 4320/5449/4259 4220/5302/4151
f 4220/5302/4151 4320/5449/4259 4321/5450/4260 4222/5303/4152
f 4320/5449/4259 4309/5434/4248 4307/5431/4245 4321/5450/4260
f 4222/5303/4152 4321/5450/4260 4322/5451/4261 4224/5305/4153
f 4321/5450/4260 4307/5431/4245 4305/5432/4246 4322/5451/4261
f 4224/5305/4153 4322/5451/4261 4323/5452/4262 4324/5308/4156
f 4322/5451/4261 4305/5432/4246 4325/5433/4247 4323/5452/4262
f 4324/5319/4156 4323/5453/4262 4326/5454/4263 4231/5317/4163
f 4323/5453/4262 4325/5455/4247 4328/5456/4264 4326/5454/4263
f 4231/5317/4163 4326/5454/4263 4327/5457/4265 4233/5318/4164
f 4326/5454/4263 4328/5456/4264 4329/5458/4266 4327/5457/4265
f 4328/5456/4264 4330/5428/4242 4331/5459/4267 4329/5458/4266
f 4325/5455/4247 4300/5427/4241 4330/5428/4242 4328/5456/4264
f 4330/5428/4242 4301/5422/4238 4332/5460/4268 4331/5459/4267
f 4331/5459/4267 4332/5460/4268 4334/5461/4269 4333/5462/4270
f 4329/5458/4266 4331/5459/4267 4333/5462/4270 4336/5463/4271
f 4333/5462/4270 4334/5461/4269 4353/5464/4272 4335/5465/4273
f 4336/5463/4271 4333/5462/4270 4335/5465/4273 4338/5466/4274
f 4327/5457/4265 4329/5458/4266 4336/5463/4271 4337/5467/4275
f 4337/5467/4275 4336/5463/4271 4338/5466/4274 4340/5468/4276
f 4338/5469/4274 4335/5470/4273 4348/5471/4277 4339/5472/4278
f 4340/5473/4276 4338/5469/4274 4339/5472/4278 4341/5474/4279
f 4342/5339/4168 4340/5473/4276 4341/5474/4279 4245/5337/4179
f 4235/5320/4165 4337/5467/4275 4340/5468/4276 4342/5323/4168
f 4245/5337/4179 4341/5474/4279 4343/5344/4184 4247/5338/4180
f 4341/5474/4279 4339/5472/4278 4344/5475/4280 4343/5344/4184
f 4343/5344/4184 4344/5475/4280 4345/5347/4186 4250/5342/4182
f 4339/5472/4278 4348/5471/4277 4346/5476/4281 4344/5475/4280
f 4344/5475/4280 4346/5476/4281 4347/5366/4202 4345/5347/4186
f 4346/5476/4281 4349/5477/4282 4265/5362/4200 4347/5366/4202
f 4348/5471/4277 4351/5478/4283 4349/5477/4282 4346/5476/4281
f 4349/5477/4282 4350/5479/4284 4267/5363/4201 4265/5362/4200
f 4351/5478/4283 4352/5480/4285 4350/5479/4284 4349/5477/4282
f 4353/5481/4272 4354/5482/4286 4352/5480/4285 4351/5478/4283
f 4335/5470/4273 4353/5481/4272 4351/5478/4283 4348/5471/4277
f 4334/5461/4269 4355/5483/4287 4354/5484/4286 4353/5464/4272
f 4355/5485/4287 4357/5486/4288 4356/5487/4289 4354/5482/4286
f 4354/5482/4286 4356/5487/4289 4359/5488/4290 4352/5480/4285
f 4357/5486/4288 4370/5489/4291 4358/5490/4292 4356/5487/4289
f 4356/5487/4289 4358/5490/4292 4361/5491/4293 4359/5488/4290
f 4352/5480/4285 4359/5488/4290 4360/5492/4294 4350/5479/4284
f 4359/5488/4290 4361/5491/4293 4363/5493/4295 4360/5492/4294
f 4361/5491/4293 4362/5494/4296 4364/5495/4297 4363/5493/4295
f 4358/5490/4292 4370/5489/4291 4362/5494/4296 4361/5491/4293
f 4363/5493/4295 4364/5495/4297 4274/5382/4211 4365/5372/4206
f 4360/5492/4294 4363/5493/4295 4365/5372/4206 4269/5368/4203
f 4364/5496/4297 4366/5497/4298 4276/5379/4212 4274/5378/4211
f 4362/5498/4296 4367/5499/4299 4366/5497/4298 4364/5496/4297
f 4367/5499/4299 4291/5405/4227 4289/5403/4226 4366/5497/4298
f 4366/5497/4298 4289/5403/4226 4278/5384/4213 4276/5379/4212
f 4370/5500/4291 4368/5501/4300 4367/5499/4299 4362/5498/4296
f 4368/5501/4300 4371/5502/4230 4291/5405/4227 4367/5499/4299
f 4296/5418/4235 4371/5417/4230 4368/5503/4300 4369/5504/4301
f 4369/5504/4301 4368/5503/4300 4370/5505/4291 4357/5506/4288
f 4298/5420/4236 4296/5418/4235 4369/5504/4301 4372/5507/4302
f 4372/5507/4302 4369/5504/4301 4357/5506/4288 4355/5483/4287
f 4301/5422/4238 4298/5420/4236 4372/5507/4302 4332/5460/4268
f 4332/5460/4268 4372/5507/4302 4355/5483/4287 4334/5461/4269
f 4350/5479/4284 4360/5492/4294 4269/5368/4203 4267/5363/4201
f 4345/5347/4186 4347/5366/4202 4260/5367/4193 4253/5348/4187
f 4233/5318/4164 4327/5457/4265 4337/5467/4275 4235/5320/4165
f 4211/5288/4139 4255/5351/4189 4316/5446/4257 4213/5290/4141
f 4375/5335/4177 4243/5334/4176 4204/5277/4130 4202/5272/4128
f 4377/5508/4303 4242/5331/4174 4375/5335/4177 4376/5509/4304
f 4376/5509/4304 4375/5335/4177 4202/5272/4128 4200/5271/4127
f 4381/5510/4305 4377/5508/4303 4376/5509/4304 4378/5511/4306
f 4378/5511/4306 4376/5509/4304 4200/5271/4127 4380/5275/4129
f 4382/5512/4307 4381/5510/4305 4378/5511/4306 4379/5513/4308
f 4379/5513/4308 4378/5511/4306 4380/5275/4129 4398/5514/4309
f 4385/5515/4310 4383/5516/4311 4381/5510/4305 4382/5512/4307
f 4383/5516/4311 4386/5517/4312 4377/5508/4303 4381/5510/4305
f 4384/5518/4313 4387/5519/4314 4386/5520/4312 4383/5521/4311
f 4388/5522/4315 4384/5518/4313 4383/5521/4311 4385/5523/4310
f 4387/5519/4314 4238/5326/4171 4240/5327/4172 4386/5520/4312
f 4386/5517/4312 4240/5328/4172 4242/5331/4174 4377/5508/4303
f 4170/5228/4091 4672/5232/4095 4238/5326/4171 4387/5519/4314
f 4166/5225/4088 4170/5228/4091 4387/5519/4314 4384/5518/4313
f 4390/5524/4316 4388/5522/4315 4385/5523/4310 4389/5525/4317
f 4389/5526/4317 4385/5515/4310 4382/5512/4307 4392/5527/4318
f 4668/5528/4319 4390/5529/4316 4389/5526/4317 4391/5530/4320
f 4391/5530/4320 4389/5526/4317 4392/5527/4318 4393/5531/4321
f 4393/5531/4321 4392/5527/4318 4394/5532/4322 4395/5533/4323
f 4392/5527/4318 4382/5512/4307 4379/5513/4308 4394/5532/4322
f 4395/5533/4323 4394/5532/4322 4396/5534/4324 4397/5535/4325
f 4394/5532/4322 4379/5513/4308 4398/5514/4309 4396/5534/4324
f 4397/5535/4325 4396/5534/4324 4399/5536/4326 4400/5537/4327
f 4396/5534/4324 4398/5514/4309 4401/5538/4122 4399/5536/4326
f 4400/5539/4327 4399/5540/4326 4402/5541/4328 4403/5542/4329
f 4399/5543/4326 4401/5266/4122 4195/5263/4119 4402/5544/4328
f 4403/5542/4329 4402/5541/4328 4404/5545/4330 4405/5546/4331
f 4402/5544/4328 4195/5263/4119 4193/5260/4117 4404/5547/4330
f 4405/5546/4331 4404/5545/4330 4406/5548/4332 4407/5549/4333
f 4404/5547/4330 4193/5260/4117 4191/5261/4118 4406/5550/4332
f 4407/5549/4333 4406/5548/4332 4408/5551/4334 4411/5552/4335
f 4406/5550/4332 4191/5261/4118 4409/5262/4106 4408/5553/4334
f 4408/5554/4334 4409/5246/4106 4181/5243/4103 4410/5555/4336
f 4411/5556/4335 4408/5554/4334 4410/5555/4336 4413/5557/4337
f 4612/5558/4338 4407/5549/4333 4411/5552/4335 4412/5559/4339
f 4412/5560/4339 4411/5556/4335 4413/5557/4337 4414/5561/4340
f 4413/5557/4337 4410/5555/4336 4671/5209/4078 4156/5206/4075
f 4414/5561/4340 4413/5557/4337 4156/5206/4075 4153/5201/4070
f 4412/5560/4339 4414/5561/4340 4415/5562/4341 4417/5563/4342
f 4414/5561/4340 4153/5201/4070 4150/5202/4071 4415/5562/4341
f 4415/5562/4341 4150/5202/4071 4670/5203/4072 4416/5564/4343
f 4417/5563/4342 4415/5562/4341 4416/5564/4343 4419/5565/4344
f 4613/5566/4345 4412/5560/4339 4417/5563/4342 4418/5567/4346
f 4418/5567/4346 4417/5563/4342 4419/5565/4344 4420/5568/4347
f 4420/5568/4347 4419/5565/4344 4421/5569/4348 4422/5570/4349
f 4419/5565/4344 4416/5564/4343 4424/5571/4350 4421/5569/4348
f 4422/5570/4349 4421/5569/4348 4423/5572/4351 4512/5573/4352
f 4421/5569/4348 4424/5571/4350 4426/5574/4353 4423/5572/4351
f 4424/5571/4350 4425/5575/4354 4428/5576/4355 4426/5574/4353
f 4416/5564/4343 4670/5203/4072 4425/5575/4354 4424/5571/4350
f 4509/5577/4356 4423/5572/4351 4426/5574/4353 4427/5578/4357
f 4427/5578/4357 4426/5574/4353 4428/5576/4355 4429/5579/4358
f 4429/5579/4358 4428/5576/4355 4430/5580/4359 4431/5581/4360
f 4425/5575/4354 4433/5582/4361 4430/5580/4359 4428/5576/4355
f 4431/5583/4360 4430/5584/4359 4432/5585/4362 4442/5586/4363
f 4433/5582/4361 4434/5587/4364 4432/5588/4362 4430/5580/4359
f 4151/5200/4069 4148/5197/4066 4434/5587/4364 4433/5582/4361
f 4670/5203/4072 4151/5200/4069 4433/5582/4361 4425/5575/4354
f 4434/5587/4364 4435/5589/4365 4437/5590/4366 4432/5588/4362
f 4148/5197/4066 4146/5196/4065 4435/5589/4365 4434/5587/4364
f 4435/5589/4365 4436/5591/4367 4438/5592/4368 4437/5590/4366
f 4146/5196/4065 4654/5195/4064 4436/5591/4367 4435/5589/4365
f 4442/5586/4363 4432/5585/4362 4437/5593/4366 4439/5594/4369
f 4439/5594/4369 4437/5593/4366 4438/5595/4368 4441/5596/4370
f 4443/5597/4371 4442/5586/4363 4439/5594/4369 4440/5598/4372
f 4440/5598/4372 4439/5594/4369 4441/5596/4370 4644/5599/4373
f 4445/5600/4374 4431/5601/4360 4442/5602/4363 4443/5603/4371
f 4444/5604/4375 4443/5603/4371 4440/5605/4372 4666/5606/4376
f 4447/5607/4377 4445/5600/4374 4443/5603/4371 4444/5604/4375
f 4446/5608/4378 4429/5609/4358 4431/5601/4360 4445/5600/4374
f 4448/5610/4379 4446/5608/4378 4445/5600/4374 4447/5607/4377
f 4450/5611/4380 4448/5610/4379 4447/5607/4377 4449/5612/4381
f 4449/5612/4381 4447/5607/4377 4444/5604/4375 4451/5613/4382
f 4452/5614/4383 4453/5615/4384 4450/5616/4380 4449/5617/4381
f 4455/5618/4385 4452/5614/4383 4449/5617/4381 4451/5619/4382
f 4454/5620/4386 4618/5621/4387 4453/5615/4384 4452/5614/4383
f 4457/5622/4388 4454/5620/4386 4452/5614/4383 4455/5618/4385
f 4458/5623/4389 4457/5622/4388 4455/5618/4385 4456/5624/4390
f 4456/5624/4390 4455/5618/4385 4451/5619/4382 4633/5625/4391
f 4460/5626/4392 4459/5627/4393 4457/5622/4388 4458/5623/4389
f 4459/5627/4393 4462/5628/4394 4454/5620/4386 4457/5622/4388
f 4620/5629/4395 4461/5630/4396 4459/5627/4393 4460/5626/4392
f 4461/5630/4396 4464/5631/4397 4462/5628/4394 4459/5627/4393
f 4464/5631/4397 4465/5632/4398 4463/5633/4399 4462/5628/4394
f 4462/5628/4394 4463/5633/4399 4618/5621/4387 4454/5620/4386
f 4461/5630/4396 4391/5530/4320 4393/5531/4321 4464/5631/4397
f 4464/5631/4397 4393/5531/4321 4395/5533/4323 4465/5632/4398
f 4465/5632/4398 4395/5533/4323 4397/5535/4325 4466/5634/4400
f 4465/5632/4398 4466/5634/4400 4468/5635/4401 4463/5633/4399
f 4466/5634/4400 4397/5535/4325 4400/5537/4327 4467/5636/4402
f 4466/5634/4400 4467/5636/4402 4470/5637/4403 4468/5635/4401
f 4463/5633/4399 4468/5635/4401 4469/5638/4404 4618/5621/4387
f 4468/5635/4401 4470/5637/4403 4471/5639/4405 4469/5638/4404
f 4470/5637/4403 4472/5640/4406 4474/5641/4407 4471/5639/4405
f 4467/5636/4402 4475/5642/4408 4472/5640/4406 4470/5637/4403
f 4475/5642/4408 4477/5643/4409 4473/5644/4410 4472/5640/4406
f 4472/5640/4406 4473/5644/4410 4617/5645/4411 4474/5641/4407
f 4475/5642/4408 4476/5646/4412 4478/5647/4413 4477/5643/4409
f 4467/5648/4402 4611/5649/4414 4476/5650/4412 4475/5651/4408
f 4477/5643/4409 4478/5647/4413 4480/5652/4415 4479/5653/4416
f 4477/5643/4409 4479/5653/4416 4482/5654/4417 4473/5644/4410
f 4479/5653/4416 4480/5652/4415 4583/5655/4418 4481/5656/4419
f 4479/5653/4416 4481/5656/4419 4484/5657/4420 4482/5654/4417
f 4473/5644/4410 4482/5654/4417 4483/5658/4421 4617/5645/4411
f 4482/5654/4417 4484/5657/4420 4486/5659/4422 4483/5658/4421
f 4484/5657/4420 4485/5660/4423 4487/5661/4424 4486/5659/4422
f 4481/5656/4419 4586/5662/4425 4485/5660/4423 4484/5657/4420
f 4486/5659/4422 4487/5661/4424 4489/5663/4426 4488/5664/4427
f 4483/5658/4421 4486/5659/4422 4488/5664/4427 4491/5665/4428
f 4488/5664/4427 4489/5663/4426 4537/5666/4429 4490/5667/4430
f 4491/5665/4428 4488/5664/4427 4490/5667/4430 4493/5668/4431
f 4617/5645/4411 4483/5658/4421 4491/5665/4428 4492/5669/4432
f 4492/5669/4432 4491/5665/4428 4493/5668/4431 4495/5670/4433
f 4493/5671/4431 4494/5672/4434 4496/5673/4435 4495/5674/4433
f 4490/5675/4430 4534/5676/4436 4494/5672/4434 4493/5671/4431
f 4495/5674/4433 4496/5673/4435 4498/5677/4437 4497/5678/4438
f 4500/5679/4439 4492/5669/4432 4495/5670/4433 4497/5680/4438
f 4497/5678/4438 4498/5677/4437 4506/5681/4440 4499/5682/4441
f 4501/5683/4442 4500/5679/4439 4497/5680/4438 4499/5684/4441
f 4474/5641/4407 4617/5645/4411 4492/5669/4432 4500/5679/4439
f 4471/5639/4405 4474/5641/4407 4500/5679/4439 4501/5683/4442
f 4469/5638/4404 4471/5639/4405 4501/5683/4442 4502/5685/4443
f 4502/5685/4443 4501/5683/4442 4499/5684/4441 4503/5686/4444
f 4618/5621/4387 4469/5638/4404 4502/5685/4443 4453/5615/4384
f 4453/5615/4384 4502/5685/4443 4503/5686/4444 4450/5616/4380
f 4503/5687/4444 4504/5688/4445 4448/5610/4379 4450/5611/4380
f 4499/5682/4441 4506/5681/4440 4504/5688/4445 4503/5687/4444
f 4506/5681/4440 4507/5689/4446 4505/5690/4447 4504/5688/4445
f 4504/5688/4445 4505/5690/4447 4446/5608/4378 4448/5610/4379
f 4498/5677/4437 4508/5691/4448 4507/5689/4446 4506/5681/4440
f 4508/5691/4448 4510/5692/4449 4509/5693/4356 4507/5689/4446
f 4507/5689/4446 4509/5693/4356 4427/5694/4357 4505/5690/4447
f 4510/5695/4449 4512/5573/4352 4423/5572/4351 4509/5577/4356
f 4511/5696/4450 4513/5697/4451 4512/5573/4352 4510/5695/4449
f 4616/5698/4452 4511/5699/4450 4510/5692/4449 4508/5691/4448
f 4515/5700/4453 4422/5570/4349 4512/5573/4352 4513/5697/4451
f 4531/5701/4454 4514/5702/4455 4513/5697/4451 4511/5696/4450
f 4517/5703/4456 4515/5700/4453 4513/5697/4451 4514/5702/4455
f 4516/5704/4457 4420/5568/4347 4422/5570/4349 4515/5700/4453
f 4518/5705/4458 4516/5704/4457 4515/5700/4453 4517/5703/4456
f 4520/5706/4459 4518/5705/4458 4517/5703/4456 4519/5707/4460
f 4519/5707/4460 4517/5703/4456 4514/5702/4455 4521/5708/4461
f 4523/5709/4462 4520/5706/4459 4519/5707/4460 4522/5710/4463
f 4522/5710/4463 4519/5707/4460 4521/5708/4461 4525/5711/4464
f 4614/5712/4465 4523/5709/4462 4522/5710/4463 4524/5713/4466
f 4524/5713/4466 4522/5710/4463 4525/5711/4464 4526/5714/4467
f 4528/5715/4468 4526/5714/4467 4525/5711/4464 4527/5716/4469
f 4527/5716/4469 4525/5711/4464 4521/5708/4461 4530/5717/4470
f 4615/5718/4471 4528/5719/4468 4527/5720/4469 4529/5721/4472
f 4529/5721/4472 4527/5720/4469 4530/5722/4470 4532/5723/4473
f 4530/5717/4470 4521/5708/4461 4514/5702/4455 4531/5701/4454
f 4532/5723/4473 4530/5722/4470 4531/5724/4454 4533/5725/4474
f 4534/5676/4436 4532/5723/4473 4533/5725/4474 4494/5672/4434
f 4535/5726/4475 4529/5721/4472 4532/5723/4473 4534/5676/4436
f 4537/5727/4429 4535/5726/4475 4534/5676/4436 4490/5675/4430
f 4536/5728/4476 4615/5718/4471 4529/5721/4472 4535/5726/4475
f 4538/5729/4477 4536/5728/4476 4535/5726/4475 4537/5727/4429
f 4489/5663/4426 4539/5730/4478 4538/5731/4477 4537/5666/4429
f 4539/5730/4478 4541/5732/4479 4540/5733/4480 4538/5731/4477
f 4540/5734/4480 4543/5735/4481 4536/5728/4476 4538/5729/4477
f 4541/5732/4479 4606/5736/4482 4542/5737/4483 4540/5733/4480
f 4542/5738/4483 4545/5739/4484 4543/5740/4481 4540/5741/4480
f 4545/5739/4484 4547/5742/4485 4544/5743/4486 4543/5740/4481
f 4543/5735/4481 4544/5744/4486 4615/5718/4471 4536/5728/4476
f 4546/5745/4487 4548/5746/4488 4547/5742/4485 4545/5739/4484
f 4606/5747/4482 4546/5745/4487 4545/5739/4484 4542/5738/4483
f 4548/5746/4488 4550/5748/4489 4549/5749/4490 4547/5742/4485
f 4547/5742/4485 4549/5749/4490 4552/5750/4491 4544/5743/4486
f 4550/5748/4489 4556/5751/4492 4551/5752/4493 4549/5749/4490
f 4549/5749/4490 4551/5752/4493 4553/5753/4494 4552/5750/4491
f 4544/5744/4486 4552/5754/4491 4528/5719/4468 4615/5718/4471
f 4552/5755/4491 4553/5756/4494 4526/5714/4467 4528/5715/4468
f 4554/5757/4495 4524/5713/4466 4526/5714/4467 4553/5756/4494
f 4556/5758/4492 4554/5757/4495 4553/5756/4494 4551/5759/4493
f 4555/5760/4496 4614/5712/4465 4524/5713/4466 4554/5757/4495
f 4557/5761/4497 4555/5760/4496 4554/5757/4495 4556/5758/4492
f 4558/5762/4498 4557/5763/4497 4556/5751/4492 4550/5748/4489
f 4560/5764/4499 4559/5765/4500 4557/5763/4497 4558/5762/4498
f 4559/5766/4500 4562/5767/4501 4555/5760/4496 4557/5761/4497
f 4604/5768/4502 4561/5769/4503 4559/5770/4500 4560/5771/4499
f 4561/5772/4503 4564/5773/4504 4562/5767/4501 4559/5766/4500
f 4564/5773/4504 4566/5774/4505 4563/5775/4506 4562/5767/4501
f 4562/5767/4501 4563/5775/4506 4614/5712/4465 4555/5760/4496
f 4567/5776/4507 4566/5777/4505 4564/5778/4504 4565/5779/4508
f 4565/5779/4508 4564/5778/4504 4561/5769/4503 4604/5768/4502
f 4569/5780/4509 4568/5781/4510 4566/5777/4505 4567/5776/4507
f 4566/5774/4505 4568/5782/4510 4571/5783/4511 4563/5775/4506
f 4580/5784/4512 4570/5785/4513 4568/5781/4510 4569/5780/4509
f 4568/5782/4510 4570/5786/4513 4572/5787/4514 4571/5783/4511
f 4563/5775/4506 4571/5783/4511 4523/5709/4462 4614/5712/4465
f 4571/5783/4511 4572/5787/4514 4520/5706/4459 4523/5709/4462
f 4572/5787/4514 4573/5788/4515 4518/5705/4458 4520/5706/4459
f 4570/5786/4513 4575/5789/4516 4573/5788/4515 4572/5787/4514
f 4575/5789/4516 4576/5790/4517 4574/5791/4518 4573/5788/4515
f 4573/5788/4515 4574/5791/4518 4516/5704/4457 4518/5705/4458
f 4577/5792/4519 4575/5793/4516 4570/5785/4513 4580/5784/4512
f 4578/5794/4520 4576/5795/4517 4575/5793/4516 4577/5792/4519
f 4607/5796/4521 4578/5794/4520 4577/5792/4519 4579/5797/4522
f 4579/5797/4522 4577/5792/4519 4580/5784/4512 4581/5798/4523
f 4581/5798/4523 4580/5784/4512 4569/5780/4509 4582/5799/4524
f 4583/5800/4418 4581/5798/4523 4582/5799/4524 4584/5801/4525
f 4480/5802/4415 4579/5797/4522 4581/5798/4523 4583/5800/4418
f 4481/5656/4419 4583/5655/4418 4584/5803/4525 4586/5662/4425
f 4584/5801/4525 4582/5799/4524 4603/5804/4526 4585/5805/4527
f 4586/5662/4425 4584/5803/4525 4585/5806/4527 4587/5807/4528
f 4586/5662/4425 4587/5807/4528 4589/5808/4529 4485/5660/4423
f 4587/5809/4528 4585/5805/4527 4601/5810/4530 4588/5811/4531
f 4587/5807/4528 4588/5812/4531 4591/5813/4532 4589/5808/4529
f 4485/5660/4423 4589/5808/4529 4590/5814/4533 4487/5661/4424
f 4589/5808/4529 4591/5813/4532 4592/5815/4534 4590/5814/4533
f 4591/5813/4532 4593/5816/4535 4594/5817/4536 4592/5815/4534
f 4588/5812/4531 4595/5818/4537 4593/5816/4535 4591/5813/4532
f 4593/5819/4535 4596/5820/4538 4598/5821/4539 4594/5822/4536
f 4595/5823/4537 4599/5824/4540 4596/5820/4538 4593/5819/4535
f 4599/5824/4540 4600/5825/4541 4597/5826/4542 4596/5820/4538
f 4596/5820/4538 4597/5826/4542 4605/5827/4543 4598/5821/4539
f 4588/5811/4531 4601/5810/4530 4599/5828/4540 4595/5829/4537
f 4601/5810/4530 4602/5830/4544 4600/5831/4541 4599/5828/4540
f 4585/5805/4527 4603/5804/4526 4602/5830/4544 4601/5810/4530
f 4603/5804/4526 4567/5776/4507 4565/5779/4508 4602/5830/4544
f 4602/5830/4544 4565/5779/4508 4604/5768/4502 4600/5831/4541
f 4582/5799/4524 4569/5780/4509 4567/5776/4507 4603/5804/4526
f 4600/5825/4541 4604/5832/4502 4560/5764/4499 4597/5826/4542
f 4598/5821/4539 4605/5827/4543 4548/5746/4488 4546/5745/4487
f 4594/5822/4536 4598/5821/4539 4546/5745/4487 4606/5747/4482
f 4597/5826/4542 4560/5764/4499 4558/5762/4498 4605/5827/4543
f 4605/5827/4543 4558/5762/4498 4550/5748/4489 4548/5746/4488
f 4592/5815/4534 4594/5817/4536 4606/5736/4482 4541/5732/4479
f 4590/5814/4533 4592/5815/4534 4541/5732/4479 4539/5730/4478
f 4487/5661/4424 4590/5814/4533 4539/5730/4478 4489/5663/4426
f 4478/5833/4413 4607/5796/4521 4579/5797/4522 4480/5802/4415
f 4608/5834/4545 4609/5835/4546 4578/5794/4520 4607/5796/4521
f 4476/5650/4412 4608/5834/4545 4607/5796/4521 4478/5833/4413
f 4611/5649/4414 4610/5836/4547 4608/5834/4545 4476/5650/4412
f 4610/5836/4547 4612/5558/4338 4609/5835/4546 4608/5834/4545
f 4610/5836/4547 4405/5546/4331 4407/5549/4333 4612/5558/4338
f 4611/5649/4414 4403/5542/4329 4405/5546/4331 4610/5836/4547
f 4612/5558/4338 4412/5559/4339 4613/5837/4345 4609/5835/4546
f 4467/5648/4402 4400/5539/4327 4403/5542/4329 4611/5649/4414
f 4609/5835/4546 4613/5837/4345 4576/5795/4517 4578/5794/4520
f 4576/5790/4517 4613/5566/4345 4418/5567/4346 4574/5791/4518
f 4574/5791/4518 4418/5567/4346 4420/5568/4347 4516/5704/4457
f 4494/5672/4434 4533/5725/4474 4616/5698/4452 4496/5673/4435
f 4533/5725/4474 4531/5724/4454 4511/5699/4450 4616/5698/4452
f 4496/5673/4435 4616/5698/4452 4508/5691/4448 4498/5677/4437
f 4505/5690/4447 4427/5694/4357 4429/5609/4358 4446/5608/4378
f 4619/5838/4548 4668/5528/4319 4391/5530/4320 4461/5630/4396
f 4620/5629/4395 4621/5839/4549 4619/5838/4548 4461/5630/4396
f 4622/5840/4550 4623/5841/4551 4621/5842/4549 4620/5843/4395
f 4622/5844/4550 4620/5629/4395 4460/5626/4392 4625/5845/4552
f 4624/5846/4553 4662/5847/4554 4623/5848/4551 4622/5844/4550
f 4624/5846/4553 4622/5844/4550 4625/5845/4552 4626/5849/4555
f 4626/5849/4555 4625/5845/4552 4627/5850/4556 4628/5851/4557
f 4625/5845/4552 4460/5626/4392 4458/5623/4389 4627/5850/4556
f 4628/5851/4557 4627/5850/4556 4629/5852/4558 4630/5853/4559
f 4627/5850/4556 4458/5623/4389 4456/5624/4390 4629/5852/4558
f 4630/5853/4559 4629/5852/4558 4631/5854/4560 4634/5855/4561
f 4629/5852/4558 4456/5624/4390 4633/5625/4391 4631/5854/4560
f 4631/5856/4560 4632/5857/4562 4635/5858/4563 4634/5859/4561
f 4633/5860/4391 4666/5606/4376 4632/5861/4562 4631/5862/4560
f 4634/5859/4561 4635/5858/4563 4638/5863/4564 4636/5864/4565
f 4637/5865/4566 4630/5866/4559 4634/5859/4561 4636/5864/4565
f 4639/5867/4567 4637/5865/4566 4636/5864/4565 4638/5863/4564
f 4641/5868/4568 4639/5867/4567 4638/5863/4564 4640/5869/4569
f 4635/5858/4563 4643/5870/4570 4640/5869/4569 4638/5863/4564
f 4650/5871/4571 4641/5868/4568 4640/5869/4569 4642/5872/4572
f 4643/5870/4570 4645/5873/4573 4642/5872/4572 4640/5869/4569
f 4644/5599/4373 4441/5596/4370 4645/5873/4573 4643/5870/4570
f 4632/5857/4562 4644/5599/4373 4643/5870/4570 4635/5858/4563
f 4441/5596/4370 4438/5595/4368 4646/5874/4574 4645/5873/4573
f 4645/5873/4573 4646/5874/4574 4648/5875/4575 4642/5872/4572
f 4647/5876/4576 4649/5877/4577 4648/5875/4575 4646/5874/4574
f 4436/5878/4367 4647/5876/4576 4646/5874/4574 4438/5595/4368
f 4649/5877/4577 4650/5871/4571 4642/5872/4572 4648/5875/4575
f 4651/5879/4578 4652/5880/4579 4650/5871/4571 4649/5877/4577
f 4653/5881/4580 4651/5879/4578 4649/5877/4577 4647/5876/4576
f 4131/5173/4048 4656/5172/4047 4652/5880/4579 4651/5879/4578
f 4133/5882/4049 4131/5173/4048 4651/5879/4578 4653/5881/4580
f 4145/5179/4051 4133/5177/4049 4653/5883/4580 4654/5195/4064
f 4654/5195/4064 4653/5883/4580 4647/5884/4576 4436/5591/4367
f 4652/5880/4579 4655/5885/4581 4641/5868/4568 4650/5871/4571
f 4656/5172/4047 4657/5886/4582 4655/5885/4581 4652/5880/4579
f 4130/5171/4043 4659/5887/4053 4657/5886/4582 4656/5172/4047
f 4657/5886/4582 4658/5888/4583 4665/5889/4584 4655/5885/4581
f 4659/5887/4053 4660/5890/4585 4658/5888/4583 4657/5886/4582
f 4660/5890/4585 4659/5887/4053 4136/5891/4054 4662/5892/4554
f 4661/5893/4586 4660/5894/4585 4662/5847/4554 4624/5846/4553
f 4660/5890/4585 4661/5895/4586 4663/5896/4587 4658/5888/4583
f 4662/5897/4554 4136/5183/4054 4138/5184/4055 4623/5841/4551
f 4661/5893/4586 4624/5846/4553 4626/5849/4555 4663/5898/4587
f 4658/5888/4583 4663/5896/4587 4664/5899/4588 4665/5889/4584
f 4663/5898/4587 4626/5849/4555 4628/5851/4557 4664/5900/4588
f 4665/5889/4584 4664/5899/4588 4637/5865/4566 4639/5867/4567
f 4664/5899/4588 4628/5901/4557 4630/5866/4559 4637/5865/4566
f 4655/5885/4581 4665/5889/4584 4639/5867/4567 4641/5868/4568
f 4666/5902/4376 4440/5598/4372 4644/5599/4373 4632/5857/4562
f 4451/5613/4382 4444/5604/4375 4666/5606/4376 4633/5860/4391
f 4623/5841/4551 4138/5184/4055 4140/5186/4057 4621/5842/4549
f 4621/5842/4549 4140/5186/4057 4667/5189/4060 4619/5903/4548
f 4667/5189/4060 4669/5221/4085 4668/5904/4319 4619/5903/4548
f 4669/5221/4085 4162/5220/4084 4390/5905/4316 4668/5904/4319
f 4141/5188/4059 4158/5211/4079 4669/5221/4085 4667/5189/4060
f 4410/5555/4336 4181/5243/4103 4179/5242/4102 4671/5209/4078
f 4671/5209/4078 4179/5242/4102 4177/5214/4081 4155/5207/4076
f 4398/5514/4309 4380/5275/4129 4196/5276/4123 4401/5538/4122
f 4162/5223/4084 4164/5222/4086 4388/5522/4315 4390/5524/4316
f 4164/5222/4086 4166/5225/4088 4384/5518/4313 4388/5522/4315
o Cube.016
v 0.604046 -0.739035 0.035841
v 0.608403 -0.752319 0.041165
v 0.606038 -0.732569 0.020998
v 0.595803 -0.736939 0.041493
v 0.598246 -0.756385 0.052936
v 0.582590 -0.736752 0.046464
v 0.595468 -0.724760 0.022611
v 0.582422 -0.721905 0.025181
v 0.595734 -0.720534 -0.000657
v 0.582614 -0.717034 -0.000657
v 0.595468 -0.724760 -0.023925
v 0.607011 -0.729394 -0.000657
v 0.615859 -0.745375 -0.000657
v 0.606038 -0.732569 -0.022311
v 0.614057 -0.747638 -0.023735
v 0.604046 -0.739035 -0.037155
v 0.608403 -0.752319 -0.042479
v 0.595803 -0.736939 -0.042807
v 0.582590 -0.736752 -0.047778
v 0.598246 -0.756385 -0.054249
v 0.600920 -0.780737 -0.058097
v 0.583870 -0.761008 -0.060757
v 0.585563 -0.790420 -0.064889
v 0.565921 -0.766878 -0.063969
v 0.566610 -0.801249 -0.067658
v 0.545144 -0.774157 -0.066024
v 0.565946 -0.738023 -0.050884
v 0.567529 -0.721364 -0.028187
v 0.544636 -0.737531 -0.053863
v 0.552991 -0.719943 -0.028285
v 0.521260 -0.750100 -0.063462
v 0.533039 -0.721447 -0.046203
v 0.541898 -0.714888 -0.025757
v 0.525756 -0.711405 -0.040891
v 0.517063 -0.728853 -0.057389
v 0.497577 -0.735131 -0.060665
v 0.512264 -0.715716 -0.051762
v 0.495738 -0.720226 -0.055247
v 0.508219 -0.705363 -0.047392
v 0.493398 -0.708725 -0.050780
v 0.505046 -0.694291 -0.044819
v 0.520474 -0.702506 -0.037177
v 0.528051 -0.700674 -0.020644
v 0.516636 -0.692178 -0.035125
v 0.523829 -0.690867 -0.019507
v 0.513980 -0.678608 -0.034756
v 0.520958 -0.677692 -0.019305
v 0.512855 -0.662305 -0.035717
v 0.502737 -0.680083 -0.044346
v 0.489168 -0.681864 -0.047542
v 0.501527 -0.663240 -0.045577
v 0.487855 -0.664370 -0.048864
v 0.501715 -0.644993 -0.047946
v 0.487170 -0.645756 -0.051406
v 0.503596 -0.626570 -0.050882
v 0.513766 -0.644360 -0.037565
v 0.521246 -0.643967 -0.020841
v 0.517215 -0.625865 -0.039857
v 0.523250 -0.607252 -0.042199
v 0.525669 -0.625427 -0.022095
v 0.528486 -0.625281 -0.000657
v 0.533253 -0.606484 -0.023375
v 0.536588 -0.606228 -0.000657
v 0.541977 -0.585032 -0.024575
v 0.545938 -0.584601 -0.000657
v 0.549285 -0.558338 -0.025613
v 0.530093 -0.586324 -0.044392
v 0.510946 -0.588406 -0.056693
v 0.535511 -0.560224 -0.046290
v 0.513320 -0.563263 -0.059124
v 0.537272 -0.526098 -0.047744
v 0.552623 -0.523674 -0.026408
v 0.533631 -0.483044 -0.048396
v 0.512540 -0.530003 -0.060987
v 0.482691 -0.534717 -0.065402
v 0.507382 -0.487457 -0.061826
v 0.475709 -0.492800 -0.066304
v 0.498587 -0.442012 -0.060116
v 0.467004 -0.446998 -0.064483
v 0.487886 -0.401311 -0.054169
v 0.524800 -0.437985 -0.047040
v 0.540881 -0.434413 -0.026015
v 0.511991 -0.399411 -0.042715
v 0.525821 -0.394306 -0.023865
v 0.499890 -0.375506 -0.037155
v 0.504726 -0.365394 -0.022311
v 0.479420 -0.370134 -0.042479
v 0.477247 -0.350872 -0.023735
v 0.451328 -0.370759 -0.045153
v 0.446934 -0.349922 -0.024975
v 0.425105 -0.380248 -0.042479
v 0.458395 -0.404509 -0.058046
v 0.429805 -0.411980 -0.054169
v 0.435696 -0.453290 -0.060116
v 0.406730 -0.418762 -0.042715
v 0.409759 -0.458624 -0.047040
v 0.408356 -0.392520 -0.037155
v 0.391870 -0.418985 -0.023865
v 0.386560 -0.417760 -0.000657
v 0.393402 -0.460890 -0.026015
v 0.399799 -0.384988 -0.022311
v 0.419315 -0.361756 -0.023735
v 0.395498 -0.381208 -0.000657
v 0.416403 -0.355676 -0.000657
v 0.399799 -0.384988 0.020997
v 0.419315 -0.361756 0.022421
v 0.408356 -0.392520 0.035841
v 0.391870 -0.418985 0.022551
v 0.393402 -0.460890 0.024701
v 0.406730 -0.418763 0.041401
v 0.409759 -0.458624 0.045726
v 0.429805 -0.411980 0.052855
v 0.458395 -0.404509 0.056732
v 0.435696 -0.453290 0.058801
v 0.425105 -0.380248 0.041165
v 0.451328 -0.370759 0.043839
v 0.446934 -0.349922 0.023661
v 0.479420 -0.370134 0.041165
v 0.477247 -0.350872 0.022421
v 0.499890 -0.375506 0.035841
v 0.487886 -0.401311 0.052855
v 0.498587 -0.442012 0.058801
v 0.511991 -0.399411 0.041401
v 0.525821 -0.394306 0.022551
v 0.524800 -0.437985 0.045726
v 0.540881 -0.434413 0.024701
v 0.533631 -0.483044 0.047081
v 0.549900 -0.480170 0.025449
v 0.537272 -0.526098 0.046430
v 0.507382 -0.487457 0.060512
v 0.475709 -0.492800 0.064990
v 0.512540 -0.530003 0.059673
v 0.513320 -0.563263 0.057810
v 0.482691 -0.534717 0.064088
v 0.486537 -0.566931 0.062088
v 0.452842 -0.539430 0.059673
v 0.459755 -0.570598 0.057810
v 0.428110 -0.543336 0.046430
v 0.444071 -0.498306 0.060512
v 0.417856 -0.502883 0.047081
v 0.401553 -0.505593 0.025449
v 0.396105 -0.506443 -0.000657
v 0.412759 -0.545760 0.025094
v 0.423790 -0.575523 0.024298
v 0.407642 -0.546568 -0.000657
v 0.419199 -0.576151 -0.000657
v 0.412759 -0.545760 -0.026408
v 0.423790 -0.575523 -0.025613
v 0.428110 -0.543336 -0.047744
v 0.401553 -0.505593 -0.026763
v 0.417856 -0.502883 -0.048396
v 0.444071 -0.498306 -0.061826
v 0.452842 -0.539430 -0.060987
v 0.459755 -0.570598 -0.059124
v 0.464730 -0.593431 -0.056693
v 0.486537 -0.566931 -0.063402
v 0.437564 -0.573637 -0.046290
v 0.445583 -0.595513 -0.044392
v 0.433699 -0.596806 -0.024575
v 0.452114 -0.612712 -0.042199
v 0.442110 -0.613480 -0.023375
v 0.457103 -0.628979 -0.039857
v 0.468230 -0.611475 -0.053882
v 0.487682 -0.609982 -0.057777
v 0.470722 -0.628274 -0.050882
v 0.487159 -0.627422 -0.054557
v 0.472625 -0.646520 -0.047946
v 0.474183 -0.665500 -0.045577
v 0.460573 -0.647153 -0.037565
v 0.462855 -0.666435 -0.035717
v 0.453093 -0.647546 -0.020841
v 0.450599 -0.647677 -0.000657
v 0.455824 -0.667016 -0.019830
v 0.448649 -0.629417 -0.022095
v 0.445831 -0.629563 -0.000657
v 0.438776 -0.613736 -0.000657
v 0.448649 -0.629417 0.020780
v 0.442110 -0.613480 0.022061
v 0.457103 -0.628979 0.038543
v 0.453093 -0.647546 0.019527
v 0.455824 -0.667016 0.018516
v 0.460573 -0.647153 0.036251
v 0.472625 -0.646520 0.046631
v 0.462855 -0.666435 0.034402
v 0.474183 -0.665499 0.044263
v 0.464355 -0.685121 0.033441
v 0.475598 -0.683645 0.043031
v 0.465481 -0.701505 0.033811
v 0.457377 -0.686037 0.017990
v 0.455051 -0.686342 -0.000657
v 0.458287 -0.702816 0.018192
v 0.458650 -0.716146 0.019329
v 0.455889 -0.703253 -0.000657
v 0.456117 -0.716626 -0.000657
v 0.458287 -0.702816 -0.019507
v 0.458650 -0.716146 -0.020644
v 0.465481 -0.701505 -0.035125
v 0.457377 -0.686037 -0.019305
v 0.464356 -0.685121 -0.034756
v 0.475598 -0.683645 -0.044346
v 0.477070 -0.699392 -0.044819
v 0.478560 -0.711993 -0.047392
v 0.491058 -0.696841 -0.048051
v 0.479067 -0.723994 -0.051762
v 0.466266 -0.714611 -0.037177
v 0.465259 -0.726394 -0.040891
v 0.460404 -0.739860 -0.046203
v 0.456809 -0.727162 -0.022778
v 0.454041 -0.727162 -0.000657
v 0.450451 -0.737278 -0.025757
v 0.447379 -0.735720 -0.000657
v 0.436149 -0.746012 -0.028285
v 0.446861 -0.761781 -0.053863
v 0.433309 -0.741759 -0.000657
v 0.411220 -0.750906 -0.028330
v 0.379660 -0.752980 -0.027642
v 0.409909 -0.744796 -0.000657
v 0.413420 -0.771107 -0.051144
v 0.379876 -0.774554 -0.049862
v 0.413113 -0.806919 -0.064299
v 0.411734 -0.850101 -0.068010
v 0.379336 -0.810083 -0.063397
v 0.444593 -0.802573 -0.066024
v 0.442874 -0.845848 -0.068520
v 0.472801 -0.798484 -0.068482
v 0.471383 -0.840194 -0.069150
v 0.498440 -0.792506 -0.069604
v 0.474703 -0.762645 -0.063462
v 0.498544 -0.758229 -0.065920
v 0.477589 -0.739104 -0.057389
v 0.497637 -0.832736 -0.069474
v 0.522479 -0.783770 -0.068482
v 0.522135 -0.823248 -0.069150
v 0.521455 -0.861284 -0.063206
v 0.545139 -0.812447 -0.068520
v 0.545009 -0.848767 -0.063127
v 0.544866 -0.878087 -0.049321
v 0.567287 -0.834573 -0.062733
v 0.586857 -0.819804 -0.060385
v 0.567838 -0.861650 -0.049061
v 0.568230 -0.878342 -0.027127
v 0.587926 -0.843917 -0.047237
v 0.588996 -0.858489 -0.026123
v 0.603074 -0.826494 -0.042740
v 0.605065 -0.837579 -0.023879
v 0.611615 -0.813199 -0.037155
v 0.602201 -0.806007 -0.054203
v 0.613028 -0.795956 -0.042479
v 0.619717 -0.792168 -0.023735
v 0.612164 -0.773144 -0.045153
v 0.618977 -0.768469 -0.024975
v 0.621258 -0.766904 -0.000657
v 0.618977 -0.768469 0.023661
v 0.622095 -0.791562 -0.000657
v 0.619717 -0.792168 0.022421
v 0.617317 -0.816893 -0.000657
v 0.615393 -0.815706 0.020998
v 0.615393 -0.815706 -0.022311
v 0.606231 -0.840864 -0.000657
v 0.589518 -0.863199 -0.000657
v 0.605065 -0.837579 0.022565
v 0.588996 -0.858489 0.024809
v 0.603074 -0.826494 0.041426
v 0.587926 -0.843917 0.045924
v 0.602201 -0.806007 0.052889
v 0.611615 -0.813199 0.035841
v 0.613028 -0.795956 0.041165
v 0.612164 -0.773144 0.043840
v 0.600920 -0.780737 0.056783
v 0.585563 -0.790420 0.063576
v 0.566610 -0.801249 0.066344
v 0.583870 -0.761008 0.059443
v 0.586857 -0.819804 0.059071
v 0.567287 -0.834573 0.061419
v 0.545009 -0.848767 0.061813
v 0.567838 -0.861650 0.047747
v 0.544866 -0.878087 0.048008
v 0.568230 -0.878342 0.025813
v 0.568381 -0.883887 -0.000657
v 0.544772 -0.896186 0.025956
v 0.544741 -0.902219 -0.000657
v 0.520403 -0.911181 0.025956
v 0.520267 -0.917533 -0.000657
v 0.495095 -0.923481 0.025956
v 0.520812 -0.892125 0.048008
v 0.495681 -0.903756 0.048008
v 0.521455 -0.861284 0.061892
v 0.496608 -0.871865 0.061932
v 0.522135 -0.823248 0.067836
v 0.497637 -0.832736 0.068160
v 0.522479 -0.783770 0.067168
v 0.545139 -0.812447 0.067206
v 0.545144 -0.774157 0.064710
v 0.544636 -0.737531 0.052549
v 0.565921 -0.766878 0.062655
v 0.565946 -0.738023 0.049570
v 0.567529 -0.721364 0.026873
v 0.568426 -0.716261 -0.000657
v 0.552991 -0.719943 0.026971
v 0.555135 -0.715432 -0.000657
v 0.541898 -0.714888 0.024443
v 0.544533 -0.712317 -0.000657
v 0.533896 -0.708260 0.021463
v 0.533039 -0.721447 0.044889
v 0.525756 -0.711405 0.039577
v 0.517063 -0.728853 0.056075
v 0.497577 -0.735131 0.059351
v 0.512264 -0.715716 0.050448
v 0.521260 -0.750100 0.062148
v 0.498544 -0.758229 0.064606
v 0.498440 -0.792506 0.068290
v 0.474703 -0.762645 0.062148
v 0.472801 -0.798484 0.067168
v 0.446861 -0.761781 0.052549
v 0.477589 -0.739104 0.056075
v 0.479067 -0.723994 0.050448
v 0.460404 -0.739860 0.044889
v 0.465259 -0.726394 0.039577
v 0.450451 -0.737278 0.024443
v 0.456809 -0.727162 0.021463
v 0.436149 -0.746012 0.026971
v 0.411220 -0.750906 0.027016
v 0.379659 -0.752980 0.026328
v 0.413420 -0.771107 0.049830
v 0.413113 -0.806919 0.062985
v 0.379876 -0.774554 0.048548
v 0.379336 -0.810083 0.062083
v 0.344342 -0.776357 0.048075
v 0.343849 -0.812033 0.061743
v 0.307156 -0.778868 0.048007
v 0.344580 -0.754273 0.026003
v 0.344633 -0.746936 -0.000657
v 0.307272 -0.756936 0.025956
v 0.269229 -0.762879 0.025813
v 0.307311 -0.749625 -0.000657
v 0.269130 -0.755859 -0.000657
v 0.307272 -0.756936 -0.027270
v 0.269229 -0.762879 -0.027127
v 0.307156 -0.778868 -0.049321
v 0.344580 -0.754273 -0.027317
v 0.344342 -0.776357 -0.049389
v 0.343849 -0.812033 -0.063057
v 0.343210 -0.855108 -0.067587
v 0.306969 -0.814202 -0.063008
v 0.269580 -0.817958 -0.062678
v 0.306743 -0.856847 -0.067571
v 0.269784 -0.858997 -0.067219
v 0.306516 -0.899491 -0.063008
v 0.270093 -0.900028 -0.062678
v 0.306329 -0.934825 -0.049321
v 0.342573 -0.898148 -0.063010
v 0.377352 -0.895857 -0.063025
v 0.342049 -0.933789 -0.049321
v 0.341725 -0.955908 -0.027270
v 0.376571 -0.931107 -0.049321
v 0.376091 -0.952965 -0.027270
v 0.409489 -0.926791 -0.049321
v 0.408903 -0.948130 -0.027270
v 0.440395 -0.920848 -0.049321
v 0.410454 -0.892309 -0.063063
v 0.441458 -0.887257 -0.063127
v 0.470081 -0.880491 -0.063206
v 0.496608 -0.871865 -0.063246
v 0.469024 -0.913242 -0.049321
v 0.468371 -0.933488 -0.027270
v 0.495681 -0.903756 -0.049321
v 0.495095 -0.923481 -0.027270
v 0.520812 -0.892125 -0.049321
v 0.520403 -0.911181 -0.027270
v 0.544772 -0.896186 -0.027270
v 0.494900 -0.930057 -0.000657
v 0.468153 -0.940237 -0.000657
v 0.468371 -0.933488 0.025956
v 0.439535 -0.948523 -0.000657
v 0.439750 -0.941604 -0.027270
v 0.408707 -0.955243 -0.000657
v 0.439750 -0.941604 0.025956
v 0.408903 -0.948130 0.025956
v 0.440395 -0.920848 0.048008
v 0.409489 -0.926791 0.048008
v 0.469024 -0.913242 0.048008
v 0.441458 -0.887257 0.061813
v 0.410454 -0.892309 0.061749
v 0.442874 -0.845848 0.067206
v 0.470081 -0.880491 0.061892
v 0.471383 -0.840194 0.067836
v 0.411734 -0.850101 0.066696
v 0.444593 -0.802573 0.064710
v 0.378337 -0.853111 0.066392
v 0.343210 -0.855108 0.066274
v 0.377352 -0.895857 0.061711
v 0.342573 -0.898148 0.061696
v 0.376571 -0.931107 0.048008
v 0.376091 -0.952965 0.025956
v 0.342049 -0.933789 0.048008
v 0.341725 -0.955908 0.025956
v 0.306329 -0.934825 0.048008
v 0.306213 -0.956757 0.025956
v 0.306517 -0.899491 0.061694
v 0.270360 -0.934016 0.047747
v 0.237249 -0.930389 0.045923
v 0.270093 -0.900028 0.061364
v 0.270444 -0.955106 0.025813
v 0.270438 -0.962134 -0.000657
v 0.237214 -0.949730 0.024809
v 0.236932 -0.956160 -0.000657
v 0.209496 -0.939253 0.022565
v 0.208336 -0.944575 -0.000657
v 0.210519 -0.923276 0.041426
v 0.188883 -0.922207 0.020998
v 0.186247 -0.925670 -0.000657
v 0.175859 -0.897011 0.022421
v 0.194155 -0.915187 0.035841
v 0.187787 -0.894934 0.041165
v 0.183859 -0.865341 0.043839
v 0.208174 -0.896626 0.052887
v 0.205885 -0.863580 0.056766
v 0.236252 -0.899151 0.059054
v 0.235155 -0.861369 0.063440
v 0.234900 -0.823518 0.059054
v 0.269784 -0.858997 0.065905
v 0.269580 -0.817958 0.061364
v 0.306743 -0.856847 0.066257
v 0.306969 -0.814202 0.061694
v 0.269418 -0.783960 0.047747
v 0.234745 -0.792212 0.045923
v 0.207152 -0.803406 0.041426
v 0.233938 -0.772940 0.024809
v 0.233377 -0.766578 -0.000657
v 0.205027 -0.787685 0.022565
v 0.203433 -0.782585 -0.000657
v 0.184549 -0.808013 0.020997
v 0.173235 -0.835181 0.022421
v 0.190651 -0.814112 0.035841
v 0.181471 -0.805013 -0.000657
v 0.168981 -0.834177 -0.000657
v 0.184549 -0.808013 -0.022311
v 0.173235 -0.835181 -0.023735
v 0.190651 -0.814112 -0.037155
v 0.205027 -0.787685 -0.023879
v 0.233938 -0.772940 -0.026123
v 0.207152 -0.803406 -0.042740
v 0.206349 -0.830311 -0.054201
v 0.234745 -0.792212 -0.047237
v 0.234900 -0.823518 -0.060368
v 0.269418 -0.783960 -0.049061
v 0.235155 -0.861369 -0.064754
v 0.236252 -0.899151 -0.060368
v 0.205885 -0.863580 -0.058080
v 0.208174 -0.896626 -0.054201
v 0.183859 -0.865341 -0.045153
v 0.187787 -0.894934 -0.042479
v 0.185645 -0.835286 -0.042479
v 0.170427 -0.866429 -0.024975
v 0.165929 -0.866794 -0.000657
v 0.175859 -0.897011 -0.023735
v 0.171872 -0.898682 -0.000657
v 0.188883 -0.922207 -0.022311
v 0.194155 -0.915187 -0.037155
v 0.209496 -0.939253 -0.023879
v 0.237214 -0.949730 -0.026123
v 0.210519 -0.923276 -0.042740
v 0.237249 -0.930389 -0.047237
v 0.270360 -0.934016 -0.049061
v 0.270444 -0.955106 -0.027127
v 0.306213 -0.956757 -0.027270
v 0.306174 -0.964068 -0.000657
v 0.341616 -0.963281 -0.000657
v 0.375931 -0.960251 -0.000657
v 0.170427 -0.866429 0.023661
v 0.185645 -0.835286 0.041165
v 0.206349 -0.830311 0.052887
v 0.378337 -0.853111 -0.067706
v 0.379379 -0.745977 -0.000657
v 0.466265 -0.714611 0.035862
v 0.478560 -0.711993 0.046078
v 0.493398 -0.708725 0.049466
v 0.477070 -0.699392 0.043505
v 0.491058 -0.696841 0.046736
v 0.505046 -0.694291 0.043505
v 0.489167 -0.681864 0.046228
v 0.487855 -0.664370 0.047550
v 0.502737 -0.680083 0.043031
v 0.501527 -0.663240 0.044263
v 0.513980 -0.678608 0.033441
v 0.520958 -0.677692 0.017990
v 0.516636 -0.692178 0.033811
v 0.512855 -0.662305 0.034402
v 0.519886 -0.661724 0.018516
v 0.513766 -0.644360 0.036251
v 0.521246 -0.643967 0.019527
v 0.517215 -0.625865 0.038543
v 0.501715 -0.644993 0.046631
v 0.487170 -0.645756 0.050091
v 0.503596 -0.626570 0.049568
v 0.487159 -0.627422 0.053243
v 0.507133 -0.608489 0.052568
v 0.487682 -0.609982 0.056463
v 0.510946 -0.588406 0.055379
v 0.523250 -0.607252 0.040884
v 0.530093 -0.586324 0.043078
v 0.533253 -0.606484 0.022061
v 0.541977 -0.585032 0.023261
v 0.525669 -0.625427 0.020780
v 0.549285 -0.558338 0.024298
v 0.553876 -0.557710 -0.000657
v 0.552623 -0.523673 0.025094
v 0.535511 -0.560224 0.044976
v 0.557739 -0.522865 -0.000657
v 0.555313 -0.479157 -0.000657
v 0.546163 -0.432781 -0.000657
v 0.549900 -0.480170 -0.026763
v 0.530230 -0.391259 -0.000657
v 0.507157 -0.360310 -0.000657
v 0.504726 -0.365394 0.020997
v 0.477464 -0.344169 -0.000657
v 0.445462 -0.342946 -0.000657
v 0.487838 -0.590919 0.059479
v 0.464730 -0.593431 0.055379
v 0.468230 -0.611475 0.052568
v 0.445583 -0.595513 0.043078
v 0.452114 -0.612712 0.040884
v 0.433699 -0.596806 0.023261
v 0.437564 -0.573637 0.044976
v 0.429737 -0.597236 -0.000657
v 0.470722 -0.628274 0.049568
v 0.523740 -0.643836 -0.000657
v 0.522230 -0.661530 -0.000657
v 0.523284 -0.677386 -0.000657
v 0.519887 -0.661724 -0.019830
v 0.526227 -0.690430 -0.000657
v 0.530566 -0.700044 -0.000657
v 0.523829 -0.690867 0.018192
v 0.528051 -0.700674 0.019329
v 0.520474 -0.702506 0.035862
v 0.508219 -0.705363 0.046078
v 0.536524 -0.707051 -0.000657
v 0.533896 -0.708260 -0.022778
v 0.495738 -0.720226 0.053932
v 0.614057 -0.747638 0.022421
v 0.453480 -0.667210 -0.000657
v 0.507133 -0.608489 -0.053882
v 0.487838 -0.590919 -0.060793
v 0.387845 -0.461215 -0.000657
v 0.467004 -0.446998 0.063169
v 0.582422 -0.721905 -0.026494
vn 0.4120 0.6453 0.6433
vn 0.4801 0.3372 0.8098
vn 0.7742 0.3401 0.5338
vn 0.6788 0.5593 0.4758
vn 0.9083 0.3522 0.2257
vn 0.7312 0.6337 0.2527
vn 0.4162 0.8494 0.3245
vn 0.1664 0.6545 0.7375
vn 0.1985 0.3072 0.9307
vn 0.1567 0.9112 0.3809
vn 0.4345 0.9007 -0.0000
vn 0.1539 0.9881 -0.0000
vn 0.7541 0.6568 -0.0000
vn 0.4162 0.8494 -0.3245
vn 0.1567 0.9112 -0.3809
vn 0.7312 0.6337 -0.2527
vn 0.9297 0.3683 -0.0000
vn 0.9083 0.3522 -0.2257
vn 0.7742 0.3401 -0.5338
vn 0.6788 0.5593 -0.4758
vn 0.4120 0.6453 -0.6433
vn 0.4801 0.3372 -0.8098
vn 0.1664 0.6545 -0.7375
vn 0.1985 0.3072 -0.9307
vn 0.8438 0.1026 -0.5267
vn 0.5703 0.0552 -0.8196
vn 0.2837 0.0076 -0.9589
vn 0.1209 -0.0224 -0.9924
vn 0.0686 0.2531 -0.9650
vn 0.0756 0.6193 -0.7815
vn 0.0747 -0.0471 -0.9961
vn 0.0728 0.1803 -0.9809
vn 0.1883 0.5191 -0.8337
vn 0.0768 0.9132 -0.4002
vn 0.2418 0.8840 -0.4001
vn 0.4002 0.6199 -0.6750
vn 0.4782 0.8148 -0.3279
vn 0.0562 0.0981 -0.9936
vn 0.1117 0.2580 -0.9597
vn 0.1776 0.4044 -0.8972
vn 0.5182 0.6164 -0.5929
vn 0.6512 0.7081 -0.2729
vn 0.2436 0.4708 -0.8479
vn -0.0498 0.1832 -0.9818
vn -0.0747 0.2997 -0.9511
vn -0.0850 0.3604 -0.9289
vn -0.0668 0.2934 -0.9537
vn 0.3241 0.3959 -0.8592
vn 0.6453 0.4863 -0.5892
vn -0.0303 0.1287 -0.9912
vn 0.4028 0.2096 -0.8910
vn 0.7458 0.2773 -0.6057
vn 0.8081 0.5243 -0.2686
vn 0.9107 0.3087 -0.2745
vn 0.7907 0.0941 -0.6049
vn 0.9531 0.1308 -0.2730
vn 0.4447 0.0357 -0.8950
vn 0.8016 -0.0418 -0.5964
vn 0.9632 -0.0176 -0.2683
vn 0.4560 -0.0759 -0.8867
vn -0.0027 -0.0187 -0.9998
vn 0.0055 -0.1048 -0.9945
vn 0.0063 -0.1559 -0.9877
vn 0.4473 -0.1549 -0.8809
vn 0.7883 -0.1609 -0.5938
vn 0.0087 -0.1843 -0.9828
vn 0.4246 -0.2113 -0.8804
vn 0.7545 -0.2661 -0.6000
vn 0.9495 -0.1644 -0.2673
vn 0.9128 -0.3052 -0.2714
vn 0.4013 -0.2206 -0.8890
vn 0.7226 -0.3048 -0.6204
vn 0.8847 -0.3678 -0.2862
vn 0.9861 -0.1659 -0.0000
vn 0.9482 -0.3175 -0.0000
vn 0.9218 -0.3878 -0.0000
vn 0.8954 -0.3097 -0.3198
vn 0.9435 -0.3314 -0.0000
vn 0.7069 -0.2461 -0.6631
vn 0.9167 -0.1724 -0.3605
vn 0.9821 -0.1885 -0.0000
vn 0.6913 -0.1308 -0.7106
vn 0.3776 -0.1696 -0.9103
vn 0.3501 -0.0904 -0.9324
vn 0.3221 -0.0165 -0.9466
vn 0.6661 -0.0116 -0.7457
vn 0.9193 -0.0176 -0.3932
vn 0.6368 0.0938 -0.7653
vn 0.9027 0.1200 -0.4133
vn 0.2977 0.0534 -0.9532
vn 0.0089 -0.0444 -0.9990
vn -0.0004 0.0074 -1.0000
vn 0.0154 -0.0909 -0.9957
vn -0.0161 0.0921 -0.9956
vn 0.2741 0.1477 -0.9503
vn 0.6036 0.2100 -0.7691
vn -0.0456 0.2485 -0.9676
vn 0.2372 0.2950 -0.9256
vn 0.5535 0.3586 -0.7517
vn 0.8685 0.2605 -0.4216
vn 0.7958 0.4425 -0.4134
vn 0.4713 0.5276 -0.7067
vn 0.5914 0.6864 -0.4231
vn 0.2096 0.5601 -0.8015
vn 0.2330 0.8466 -0.4786
vn -0.0991 0.5293 -0.8426
vn -0.1598 0.8439 -0.5122
vn -0.3985 0.4382 -0.8057
vn -0.5293 0.6979 -0.4824
vn -0.3258 0.1814 -0.9279
vn -0.3065 0.0347 -0.9513
vn -0.6360 -0.0310 -0.7711
vn -0.6442 0.1168 -0.7559
vn -0.6327 0.3044 -0.7121
vn -0.9019 -0.0843 -0.4237
vn -0.9032 0.0996 -0.4174
vn -0.8072 0.4059 -0.4287
vn -0.9941 0.1082 -0.0000
vn -0.8908 0.4544 -0.0000
vn -0.9947 -0.1025 -0.0000
vn -0.5986 0.8011 -0.0000
vn -0.8072 0.4059 0.4287
vn -0.5293 0.6979 0.4824
vn -0.9032 0.0996 0.4174
vn -0.6327 0.3044 0.7121
vn -0.3985 0.4382 0.8057
vn -0.6442 0.1168 0.7559
vn -0.9019 -0.0843 0.4237
vn -0.6360 -0.0310 0.7711
vn -0.3065 0.0347 0.9513
vn -0.3258 0.1814 0.9279
vn -0.0456 0.2485 0.9676
vn -0.0991 0.5293 0.8426
vn -0.0161 0.0921 0.9956
vn -0.1598 0.8439 0.5122
vn 0.2330 0.8466 0.4786
vn 0.2096 0.5601 0.8015
vn 0.2372 0.2950 0.9256
vn 0.5914 0.6864 0.4231
vn 0.4713 0.5276 0.7067
vn 0.5535 0.3586 0.7517
vn 0.2741 0.1477 0.9503
vn 0.6036 0.2100 0.7691
vn 0.8685 0.2605 0.4216
vn 0.7958 0.4425 0.4134
vn 0.6368 0.0938 0.7653
vn 0.9027 0.1200 0.4133
vn 0.2977 0.0534 0.9532
vn 0.6661 -0.0116 0.7457
vn 0.9193 -0.0176 0.3932
vn 0.3221 -0.0165 0.9466
vn 0.0089 -0.0444 0.9990
vn -0.0004 0.0074 1.0000
vn 0.3501 -0.0904 0.9323
vn 0.6913 -0.1308 0.7106
vn 0.0154 -0.0909 0.9957
vn -0.3129 -0.1526 0.9375
vn -0.2990 -0.1064 0.9483
vn -0.2962 -0.0523 0.9537
vn -0.6413 -0.2657 0.7198
vn -0.6306 -0.2025 0.7492
vn -0.6285 -0.1320 0.7665
vn -0.8729 -0.2857 0.3955
vn -0.8877 -0.2008 0.4143
vn -0.9491 -0.3151 -0.0000
vn -0.9743 -0.2254 -0.0000
vn -0.8565 -0.3632 0.3667
vn -0.9178 -0.3971 -0.0000
vn -0.8565 -0.3632 -0.3667
vn -0.8729 -0.2857 -0.3955
vn -0.8877 -0.2008 -0.4143
vn -0.6413 -0.2657 -0.7198
vn -0.6306 -0.2025 -0.7492
vn -0.6285 -0.1320 -0.7665
vn -0.2990 -0.1064 -0.9483
vn -0.2962 -0.0523 -0.9537
vn -0.3129 -0.1526 -0.9375
vn -0.3362 -0.1981 -0.9207
vn -0.6604 -0.3175 -0.6804
vn 0.0187 -0.1423 -0.9897
vn -0.8456 -0.4187 -0.3312
vn -0.6958 -0.3231 -0.6415
vn -0.8628 -0.4069 -0.3000
vn -0.3699 -0.2227 -0.9020
vn -0.7437 -0.2662 -0.6133
vn -0.9079 -0.3115 -0.2804
vn -0.4083 -0.2089 -0.8886
vn 0.0156 -0.1807 -0.9834
vn -0.4358 -0.1698 -0.8839
vn -0.7795 -0.1870 -0.5978
vn -0.4464 -0.1211 -0.8866
vn -0.7937 -0.1232 -0.5957
vn -0.9562 -0.1173 -0.2680
vn -0.9427 -0.1961 -0.2700
vn -0.9800 -0.1989 -0.0000
vn -0.9451 -0.3269 -0.0000
vn -0.9934 -0.1146 -0.0000
vn -0.9003 -0.4353 -0.0000
vn -0.9079 -0.3115 0.2804
vn -0.8628 -0.4069 0.3000
vn -0.9427 -0.1961 0.2700
vn -0.7437 -0.2662 0.6133
vn -0.6958 -0.3231 0.6415
vn -0.7795 -0.1870 0.5978
vn -0.9562 -0.1173 0.2680
vn -0.7937 -0.1232 0.5957
vn -0.4464 -0.1212 0.8866
vn -0.4358 -0.1698 0.8839
vn -0.4083 -0.2089 0.8886
vn -0.7970 -0.0679 0.6002
vn -0.4506 -0.0536 0.8911
vn -0.9602 -0.0685 0.2709
vn -0.8005 0.0027 0.5994
vn -0.4621 0.0573 0.8850
vn -0.9619 -0.0264 0.2721
vn -0.9994 -0.0337 -0.0000
vn -0.9977 -0.0671 -0.0000
vn -0.9578 0.1037 0.2681
vn -0.7940 0.1492 0.5893
vn -0.9960 0.0896 -0.0000
vn -0.9578 0.1037 -0.2681
vn -0.9619 -0.0264 -0.2721
vn -0.9602 -0.0685 -0.2709
vn -0.7940 0.1492 -0.5893
vn -0.8005 0.0027 -0.5994
vn -0.7970 -0.0679 -0.6002
vn -0.4621 0.0573 -0.8850
vn -0.4506 -0.0536 -0.8911
vn -0.4640 0.2136 -0.8597
vn -0.4266 0.3351 -0.8401
vn -0.7267 0.3645 -0.5823
vn -0.8803 0.3923 -0.2667
vn -0.5643 0.5060 -0.6523
vn -0.6560 0.6860 -0.3148
vn -0.3375 0.3425 -0.8768
vn -0.9151 0.4032 -0.0000
vn -0.6436 0.7654 -0.0000
vn -0.3530 0.8450 -0.4017
vn -0.3055 0.9522 -0.0000
vn -0.3010 0.4820 -0.8229
vn -0.1275 0.5479 -0.8268
vn -0.1322 0.8823 -0.4517
vn -0.1078 0.9942 -0.0000
vn -0.0555 0.5486 -0.8342
vn -0.0538 0.8730 -0.4848
vn -0.0443 0.9990 -0.0000
vn -0.1128 0.1660 -0.9796
vn -0.0665 0.2086 -0.9757
vn -0.0332 0.2264 -0.9735
vn -0.0186 -0.0385 -0.9991
vn -0.0134 -0.0187 -0.9997
vn -0.0067 -0.0072 -1.0000
vn -0.1039 0.1003 -0.9895
vn -0.0079 -0.0626 -0.9980
vn -0.2183 0.2443 -0.9448
vn -0.0201 0.0644 -0.9977
vn 0.0266 -0.0768 -0.9967
vn 0.0602 -0.0694 -0.9958
vn 0.1480 -0.2874 -0.9463
vn 0.1092 -0.2830 -0.9529
vn 0.1895 -0.2888 -0.9385
vn 0.2690 -0.2853 -0.9199
vn 0.3739 -0.5673 -0.7338
vn 0.3019 -0.5728 -0.7621
vn 0.4681 -0.5492 -0.6923
vn 0.4312 -0.2608 -0.8637
vn 0.6036 -0.4983 -0.6224
vn 0.6089 -0.7149 -0.3438
vn 0.5190 -0.7655 -0.3802
vn 0.7155 -0.6321 -0.2975
vn 0.7567 -0.4022 -0.5154
vn 0.8317 -0.5008 -0.2399
vn 0.6557 -0.1932 -0.7299
vn 0.8747 -0.2786 -0.3967
vn 0.9330 -0.3016 -0.1962
vn 0.8743 -0.1109 -0.4726
vn 0.9757 -0.0778 -0.2048
vn 0.9658 0.1297 -0.2247
vn 0.9903 0.1389 -0.0000
vn 0.9971 -0.0760 -0.0000
vn 0.9658 0.1297 0.2247
vn 0.9757 -0.0778 0.2048
vn 0.9330 -0.3016 0.1962
vn 0.9516 -0.3072 -0.0000
vn 0.8552 -0.5183 -0.0000
vn 0.8317 -0.5008 0.2399
vn 0.7469 -0.6649 -0.0000
vn 0.7155 -0.6321 0.2975
vn 0.7567 -0.4022 0.5154
vn 0.6036 -0.4983 0.6224
vn 0.8747 -0.2786 0.3967
vn 0.4312 -0.2608 0.8637
vn 0.6557 -0.1932 0.7299
vn 0.8743 -0.1109 0.4726
vn 0.5703 0.0552 0.8196
vn 0.8438 0.1026 0.5267
vn 0.2837 0.0076 0.9589
vn 0.1209 -0.0224 0.9924
vn 0.2690 -0.2853 0.9199
vn 0.0686 0.2531 0.9650
vn 0.4681 -0.5492 0.6923
vn 0.0747 -0.0471 0.9961
vn 0.1895 -0.2888 0.9385
vn 0.3739 -0.5673 0.7338
vn 0.5190 -0.7655 0.3802
vn 0.6089 -0.7149 0.3438
vn 0.6508 -0.7592 -0.0000
vn 0.5658 -0.8245 -0.0000
vn 0.4349 -0.8016 0.4103
vn 0.3019 -0.5728 0.7621
vn 0.4810 -0.8767 -0.0000
vn 0.3942 -0.9190 -0.0000
vn 0.3519 -0.8289 0.4349
vn 0.2365 -0.5744 0.7837
vn 0.1480 -0.2874 0.9463
vn 0.1092 -0.2830 0.9529
vn 0.0266 -0.0768 0.9967
vn 0.0602 -0.0694 0.9958
vn -0.0201 0.0644 0.9977
vn 0.0562 0.0981 0.9936
vn 0.0728 0.1803 0.9809
vn 0.1117 0.2580 0.9597
vn 0.1883 0.5191 0.8337
vn 0.0756 0.6193 0.7815
vn 0.0768 0.9132 0.4002
vn 0.2418 0.8840 0.4001
vn 0.0685 0.9977 -0.0000
vn 0.2070 0.9783 -0.0000
vn 0.4592 0.8883 -0.0000
vn 0.4782 0.8148 0.3279
vn 0.4002 0.6199 0.6750
vn 0.6772 0.7358 -0.0000
vn 0.6512 0.7081 0.2729
vn 0.5182 0.6164 0.5929
vn 0.1776 0.4044 0.8972
vn 0.2436 0.4709 0.8479
vn -0.0498 0.1832 0.9818
vn -0.0747 0.2998 0.9511
vn -0.0850 0.3604 0.9289
vn -0.2183 0.2443 0.9448
vn -0.1039 0.1003 0.9895
vn -0.3375 0.3425 0.8768
vn -0.3010 0.4820 0.8229
vn -0.1128 0.1661 0.9796
vn -0.5643 0.5060 0.6523
vn -0.4266 0.3352 0.8400
vn -0.7267 0.3645 0.5823
vn -0.3530 0.8450 0.4017
vn -0.6560 0.6860 0.3148
vn -0.8803 0.3923 0.2667
vn -0.1322 0.8823 0.4517
vn -0.1275 0.5479 0.8268
vn -0.0538 0.8730 0.4848
vn -0.0555 0.5486 0.8342
vn -0.0332 0.2264 0.9735
vn -0.0665 0.2086 0.9757
vn -0.0368 0.5472 0.8362
vn -0.0183 0.2334 0.9722
vn -0.0494 0.8663 0.4971
vn -0.0599 0.5511 0.8323
vn -0.0253 0.2385 0.9708
vn -0.0980 0.8637 0.4945
vn -0.0524 0.9986 -0.0000
vn -0.1142 0.9935 -0.0000
vn -0.2195 0.9756 -0.0000
vn -0.1923 0.8557 0.4804
vn -0.1285 0.5567 0.8207
vn -0.0980 0.8637 -0.4945
vn -0.1923 0.8557 -0.4804
vn -0.0494 0.8663 -0.4971
vn -0.0599 0.5511 -0.8323
vn -0.1285 0.5567 -0.8207
vn -0.0368 0.5472 -0.8362
vn -0.0183 0.2334 -0.9722
vn -0.0253 0.2385 -0.9708
vn -0.0024 -0.0017 -1.0000
vn -0.0064 0.0003 -1.0000
vn -0.0707 0.2446 -0.9671
vn -0.0429 -0.0000 -0.9991
vn 0.0005 -0.2380 -0.9713
vn -0.0412 -0.2453 -0.9686
vn 0.0119 -0.2367 -0.9715
vn -0.0017 -0.5514 -0.8342
vn -0.0632 -0.5614 -0.8251
vn 0.0294 -0.5481 -0.8359
vn 0.0205 -0.2406 -0.9704
vn 0.0583 -0.5514 -0.8322
vn 0.0471 -0.8649 -0.4998
vn -0.0094 -0.8675 -0.4973
vn 0.0991 -0.8634 -0.4946
vn 0.0912 -0.5585 -0.8244
vn 0.1523 -0.8616 -0.4841
vn 0.0322 -0.2490 -0.9680
vn 0.1303 -0.5664 -0.8138
vn 0.2094 -0.8572 -0.4705
vn 0.0490 -0.2607 -0.9642
vn 0.0741 -0.2733 -0.9591
vn 0.1785 -0.5722 -0.8005
vn 0.2365 -0.5744 -0.7837
vn 0.2752 -0.8472 -0.4544
vn 0.3519 -0.8289 -0.4349
vn 0.4349 -0.8016 -0.4103
vn 0.3125 -0.9499 -0.0000
vn 0.2752 -0.8472 0.4544
vn 0.2414 -0.9704 -0.0000
vn 0.2094 -0.8572 0.4705
vn 0.1783 -0.9840 -0.0000
vn 0.1523 -0.8616 0.4841
vn 0.1303 -0.5664 0.8138
vn 0.0912 -0.5585 0.8244
vn 0.1785 -0.5722 0.8005
vn 0.0322 -0.2490 0.9680
vn 0.0490 -0.2607 0.9642
vn 0.0741 -0.2733 0.9591
vn -0.0134 -0.0187 0.9997
vn -0.0186 -0.0385 0.9991
vn -0.0079 -0.0626 0.9980
vn -0.0067 -0.0072 1.0000
vn 0.0205 -0.2406 0.9704
vn -0.0024 -0.0017 1.0000
vn 0.0119 -0.2367 0.9715
vn 0.0294 -0.5481 0.8359
vn 0.0583 -0.5514 0.8322
vn 0.0991 -0.8634 0.4946
vn 0.0471 -0.8649 0.4998
vn -0.0094 -0.8675 0.4973
vn -0.0017 -0.5514 0.8342
vn 0.0005 -0.2380 0.9713
vn -0.0951 -0.8690 0.4857
vn -0.0632 -0.5614 0.8251
vn -0.0412 -0.2453 0.9686
vn -0.2457 -0.8530 0.4606
vn -0.1925 -0.5682 0.8000
vn -0.1531 -0.2561 0.9545
vn -0.1102 -0.9939 -0.0000
vn -0.0137 -0.9999 -0.0000
vn -0.2702 -0.9628 -0.0000
vn -0.5111 -0.8595 -0.0000
vn -0.4703 -0.7821 0.4089
vn -0.3925 -0.5486 0.7382
vn -0.7763 -0.6304 -0.0000
vn -0.7272 -0.5876 0.3549
vn -0.6089 -0.4783 0.6328
vn -0.9438 -0.3306 -0.0000
vn -0.8825 -0.3058 0.3573
vn -0.6628 -0.2668 0.6997
vn -0.3601 -0.2573 0.8967
vn -0.9265 -0.0398 0.3742
vn -0.6881 -0.0260 0.7251
vn -0.3706 -0.0109 0.9287
vn -0.1505 -0.0028 0.9886
vn -0.0429 -0.0000 0.9991
vn -0.3862 0.2333 0.8924
vn -0.1842 0.2484 0.9510
vn -0.0707 0.2446 0.9671
vn -0.0064 0.0003 1.0000
vn -0.2587 0.5524 0.7925
vn -0.3403 0.8241 0.4528
vn -0.4489 0.5155 0.7299
vn -0.5468 0.7346 0.4019
vn -0.3747 0.9271 -0.0000
vn -0.5930 0.8052 -0.0000
vn -0.8285 0.5599 -0.0000
vn -0.7762 0.5228 0.3523
vn -0.6485 0.4276 0.6297
vn -0.9691 0.2467 -0.0000
vn -0.9048 0.2301 0.3584
vn -0.6835 0.2152 0.6975
vn -0.7762 0.5228 -0.3523
vn -0.9048 0.2301 -0.3584
vn -0.5468 0.7346 -0.4019
vn -0.6485 0.4276 -0.6297
vn -0.6835 0.2152 -0.6975
vn -0.4489 0.5155 -0.7299
vn -0.2587 0.5524 -0.7925
vn -0.3403 0.8241 -0.4528
vn -0.1842 0.2484 -0.9510
vn -0.3862 0.2333 -0.8924
vn -0.1505 -0.0028 -0.9886
vn -0.3706 -0.0109 -0.9287
vn -0.1531 -0.2561 -0.9545
vn -0.3601 -0.2573 -0.8967
vn -0.6881 -0.0260 -0.7251
vn -0.6628 -0.2668 -0.6997
vn -0.8825 -0.3058 -0.3573
vn -0.9265 -0.0398 -0.3742
vn -0.9990 -0.0449 -0.0000
vn -0.7272 -0.5876 -0.3549
vn -0.6089 -0.4783 -0.6328
vn -0.3925 -0.5486 -0.7382
vn -0.4703 -0.7821 -0.4089
vn -0.1925 -0.5682 -0.8000
vn -0.2457 -0.8530 -0.4606
vn -0.0951 -0.8690 -0.4857
vn 0.0545 -0.9985 -0.0000
vn 0.1169 -0.9931 -0.0000
vn -0.4640 0.2136 0.8597
vn -0.0668 0.2934 0.9537
vn -0.0303 0.1287 0.9912
vn -0.0027 -0.0187 0.9998
vn 0.4028 0.2096 0.8910
vn 0.4447 0.0357 0.8950
vn 0.3241 0.3959 0.8592
vn 0.0055 -0.1048 0.9945
vn 0.4560 -0.0759 0.8867
vn 0.7907 0.0941 0.6049
vn 0.8016 -0.0418 0.5964
vn 0.7458 0.2773 0.6057
vn 0.9531 0.1308 0.2730
vn 0.9632 -0.0176 0.2683
vn 0.9107 0.3087 0.2745
vn 0.9495 -0.1644 0.2673
vn 0.7883 -0.1609 0.5938
vn 0.4473 -0.1549 0.8809
vn 0.9128 -0.3052 0.2714
vn 0.7545 -0.2661 0.6000
vn 0.4246 -0.2113 0.8804
vn 0.0063 -0.1560 0.9877
vn 0.0087 -0.1843 0.9828
vn 0.4013 -0.2206 0.8890
vn 0.0156 -0.1807 0.9834
vn 0.7226 -0.3048 0.6204
vn 0.3776 -0.1696 0.9103
vn 0.0187 -0.1423 0.9897
vn 0.7069 -0.2461 0.6631
vn 0.8847 -0.3678 0.2862
vn 0.8954 -0.3097 0.3198
vn 0.9167 -0.1724 0.3605
vn 0.9998 -0.0218 -0.0000
vn 0.9919 0.1274 -0.0000
vn 0.9604 0.2788 -0.0000
vn 0.8746 0.4849 -0.0000
vn 0.6484 0.7613 -0.0000
vn 0.2573 0.9663 -0.0000
vn -0.1868 0.9824 -0.0000
vn -0.3699 -0.2227 0.9020
vn -0.3362 -0.1981 0.9207
vn -0.6604 -0.3175 0.6804
vn -0.8456 -0.4187 0.3312
vn -0.8914 -0.4533 -0.0000
vn 0.9999 -0.0103 -0.0000
vn 0.9899 0.1415 -0.0000
vn 0.9487 0.3162 -0.0000
vn 0.8465 0.5324 -0.0000
vn 0.8081 0.5243 0.2686
vn 0.6453 0.4863 0.5892
vt 0.025605 0.968580
vt 0.029452 0.971813
vt 0.025478 0.973778
vt 0.023686 0.970908
vt 0.019641 0.974277
vt 0.019079 0.970308
vt 0.019738 0.966578
vt 0.416426 0.743855
vt 0.412945 0.750210
vt 0.409723 0.747082
vt 0.412890 0.742165
vt 0.020935 0.962785
vt 0.027593 0.965116
vt 0.012822 0.965559
vt 0.013254 0.961604
vt 0.012638 0.969644
vt 0.006198 0.965386
vt 0.005900 0.961461
vt 0.006479 0.969198
vt 0.012780 0.973907
vt 0.006212 0.973094
vt 0.073524 0.867338
vt 0.073801 0.870891
vt 0.068384 0.873262
vt 0.069379 0.869768
vt 0.002449 0.969038
vt 0.001079 0.966421
vt 0.235647 0.761724
vt 0.238603 0.764684
vt 0.236536 0.767221
vt 0.233225 0.762328
vt 0.000174 0.962702
vt 0.233404 0.770423
vt 0.229746 0.764095
vt 0.242400 0.769685
vt 0.240525 0.773307
vt 0.237815 0.777976
vt 0.234289 0.783393
vt 0.229480 0.774405
vt 0.225549 0.766689
vt 0.230139 0.789229
vt 0.224995 0.779126
vt 0.219886 0.769445
vt 0.000000 0.958275
vt 0.006007 0.957331
vt 0.000000 0.952384
vt 0.006535 0.953235
vt 0.002197 0.947562
vt 0.007569 0.949710
vt 0.220326 0.784719
vt 0.215465 0.775974
vt 0.211479 0.770890
vt 0.214635 0.766698
vt 0.003724 0.944553
vt 0.008557 0.946848
vt 0.208424 0.768026
vt 0.211341 0.764985
vt 0.210584 0.781183
vt 0.207206 0.775185
vt 0.204694 0.771460
vt 0.202512 0.768707
vt 0.205947 0.765804
vt 0.208737 0.763318
vt 0.200289 0.765868
vt 0.203614 0.763292
vt 0.206331 0.761096
vt 0.004740 0.942179
vt 0.009178 0.944434
vt 0.197316 0.950396
vt 0.192208 0.951296
vt 0.192764 0.948737
vt 0.197587 0.948001
vt 0.192886 0.945133
vt 0.197650 0.944525
vt 0.201099 0.759857
vt 0.203811 0.757876
vt 0.192684 0.940606
vt 0.197576 0.940095
vt 0.198529 0.755596
vt 0.201335 0.753743
vt 0.197781 0.762175
vt 0.195097 0.757757
vt 0.192435 0.752971
vt 0.196146 0.750788
vt 0.199179 0.748914
vt 0.189992 0.748174
vt 0.194188 0.745712
vt 0.197621 0.743602
vt 0.192296 0.935427
vt 0.197447 0.934945
vt 0.191861 0.929870
vt 0.197348 0.929309
vt 0.192712 0.740504
vt 0.196729 0.737913
vt 0.191494 0.924059
vt 0.197343 0.923289
vt 0.203457 0.935016
vt 0.203737 0.929368
vt 0.204125 0.923293
vt 0.197415 0.916464
vt 0.204570 0.916385
vt 0.191211 0.917527
vt 0.197528 0.908282
vt 0.205009 0.908109
vt 0.191008 0.909659
vt 0.191040 0.734730
vt 0.195738 0.731505
vt 0.188309 0.727814
vt 0.193677 0.723924
vt 0.183655 0.719179
vt 0.189575 0.714717
vt 0.190878 0.899841
vt 0.197644 0.898188
vt 0.190878 0.887972
vt 0.197763 0.886119
vt 0.176599 0.708678
vt 0.182849 0.703877
vt 0.176449 0.724463
vt 0.168996 0.714373
vt 0.181769 0.732410
vt 0.160555 0.703466
vt 0.168182 0.697879
vt 0.174476 0.693187
vt 0.152558 0.693379
vt 0.159876 0.688547
vt 0.165909 0.684712
vt 0.191319 0.876011
vt 0.198025 0.873966
vt 0.192463 0.866267
vt 0.198471 0.863947
vt 0.069514 0.959791
vt 0.064719 0.956231
vt 0.066001 0.950286
vt 0.069803 0.950739
vt 0.153405 0.681372
vt 0.159488 0.679993
vt 0.065049 0.944001
vt 0.069948 0.941575
vt 0.146103 0.685328
vt 0.142044 0.680254
vt 0.150150 0.676427
vt 0.140453 0.691320
vt 0.136349 0.687063
vt 0.146007 0.699146
vt 0.153128 0.709284
vt 0.146940 0.714052
vt 0.140777 0.703926
vt 0.137658 0.696750
vt 0.538294 0.688269
vt 0.532530 0.688175
vt 0.531767 0.675870
vt 0.536936 0.676491
vt 0.530969 0.666310
vt 0.535151 0.668905
vt 0.525063 0.675267
vt 0.524687 0.665008
vt 0.525206 0.688014
vt 0.134314 0.695784
vt 0.530795 0.660429
vt 0.524049 0.658520
vt 0.518216 0.666310
vt 0.517204 0.660429
vt 0.518099 0.675870
vt 0.508373 0.665232
vt 0.510551 0.673922
vt 0.507302 0.674903
vt 0.504441 0.669506
vt 0.512168 0.676491
vt 0.513657 0.668905
vt 0.517596 0.688175
vt 0.510978 0.688269
vt 0.498368 0.692341
vt 0.492167 0.687643
vt 0.499082 0.677396
vt 0.504335 0.682118
vt 0.492453 0.671733
vt 0.498702 0.663606
vt 0.484663 0.681944
vt 0.502568 0.658520
vt 0.083391 0.942587
vt 0.084872 0.934298
vt 0.091276 0.938364
vt 0.089410 0.945835
vt 0.485031 0.667042
vt 0.491318 0.659786
vt 0.082417 0.951689
vt 0.087261 0.951886
vt 0.478872 0.663348
vt 0.485183 0.658532
vt 0.476917 0.676504
vt 0.470473 0.671963
vt 0.091276 0.966143
vt 0.084423 0.969617
vt 0.083032 0.960809
vt 0.089217 0.958075
vt 0.218934 0.889487
vt 0.213105 0.886947
vt 0.212928 0.874770
vt 0.218579 0.877483
vt 0.468695 0.687449
vt 0.462291 0.682798
vt 0.218551 0.901335
vt 0.212778 0.899005
vt 0.461814 0.698079
vt 0.455748 0.693760
vt 0.469135 0.703222
vt 0.476419 0.692995
vt 0.457300 0.706802
vt 0.451796 0.703046
vt 0.463941 0.711270
vt 0.470583 0.715687
vt 0.476456 0.708313
vt 0.484112 0.698528
vt 0.476085 0.719291
vt 0.482521 0.712474
vt 0.490485 0.703059
vt 0.517329 0.713848
vt 0.510644 0.713850
vt 0.510551 0.701565
vt 0.517348 0.701603
vt 0.525046 0.713848
vt 0.525178 0.701600
vt 0.517402 0.723047
vt 0.510953 0.723133
vt 0.524870 0.723019
vt 0.532098 0.723047
vt 0.532494 0.713848
vt 0.532723 0.701603
vt 0.537827 0.723133
vt 0.538374 0.713850
vt 0.538665 0.701565
vt 0.169194 0.729669
vt 0.163132 0.733898
vt 0.155012 0.724629
vt 0.161376 0.720026
vt 0.175183 0.736930
vt 0.169675 0.740594
vt 0.179540 0.742253
vt 0.174710 0.745260
vt 0.185312 0.738528
vt 0.537152 0.729891
vt 0.531625 0.729719
vt 0.536408 0.735214
vt 0.531125 0.734976
vt 0.182865 0.746508
vt 0.178723 0.748893
vt 0.535657 0.740194
vt 0.530645 0.739931
vt 0.185757 0.750570
vt 0.182205 0.752485
vt 0.187810 0.743541
vt 0.188688 0.755092
vt 0.185542 0.756784
vt 0.191630 0.759859
vt 0.188718 0.761538
vt 0.534443 0.751395
vt 0.529947 0.751240
vt 0.530236 0.745429
vt 0.534967 0.745660
vt 0.524356 0.745352
vt 0.524405 0.739843
vt 0.524362 0.751188
vt 0.524521 0.734896
vt 0.518020 0.739931
vt 0.517746 0.734976
vt 0.518349 0.745429
vt 0.512572 0.740194
vt 0.511944 0.735214
vt 0.513232 0.745660
vt 0.518655 0.751240
vt 0.513795 0.751395
vt 0.457347 0.740607
vt 0.454458 0.738950
vt 0.457331 0.734124
vt 0.460451 0.735791
vt 0.460199 0.729540
vt 0.463726 0.731426
vt 0.454529 0.745371
vt 0.451732 0.743580
vt 0.518847 0.756865
vt 0.514116 0.756920
vt 0.452108 0.749580
vt 0.449302 0.747575
vt 0.518833 0.761806
vt 0.514044 0.761755
vt 0.524446 0.761823
vt 0.524399 0.756847
vt 0.518542 0.765714
vt 0.513473 0.765618
vt 0.524494 0.765737
vt 0.530313 0.765714
vt 0.529933 0.761806
vt 0.529829 0.756865
vt 0.534980 0.765618
vt 0.534343 0.761755
vt 0.534197 0.756920
vt 0.196929 0.768387
vt 0.194107 0.770413
vt 0.191613 0.766247
vt 0.194428 0.764435
vt 0.199024 0.771528
vt 0.196081 0.773776
vt 0.200789 0.774658
vt 0.197415 0.777046
vt 0.536147 0.769012
vt 0.531033 0.768845
vt 0.537890 0.772719
vt 0.532113 0.771505
vt 0.202455 0.778883
vt 0.197970 0.781289
vt 0.524590 0.768718
vt 0.524795 0.770909
vt 0.108417 0.958471
vt 0.116240 0.956616
vt 0.115979 0.959794
vt 0.108757 0.961359
vt 0.197382 0.788944
vt 0.192309 0.786004
vt 0.194892 0.781764
vt 0.189809 0.795861
vt 0.186399 0.790636
vt 0.108575 0.952200
vt 0.116321 0.950557
vt 0.181428 0.801256
vt 0.178360 0.795410
vt 0.108783 0.943789
vt 0.116287 0.942344
vt 0.202318 0.800094
vt 0.194599 0.805446
vt 0.186121 0.810802
vt 0.207678 0.811739
vt 0.200043 0.817032
vt 0.191648 0.822301
vt 0.209213 0.795256
vt 0.214433 0.806432
vt 0.204883 0.785521
vt 0.215171 0.790253
vt 0.220351 0.800950
vt 0.225530 0.795164
vt 0.230417 0.805216
vt 0.225291 0.811334
vt 0.234943 0.798760
vt 0.238907 0.792032
vt 0.238761 0.806376
vt 0.234307 0.813299
vt 0.242608 0.798966
vt 0.242070 0.785498
vt 0.245512 0.791586
vt 0.966736 0.788191
vt 0.967762 0.794734
vt 0.960027 0.794460
vt 0.958842 0.787789
vt 0.069740 0.907714
vt 0.069981 0.900902
vt 0.076715 0.904266
vt 0.076779 0.911708
vt 0.070928 0.894538
vt 0.076892 0.896909
vt 0.066807 0.889212
vt 0.065230 0.894628
vt 0.072228 0.889885
vt 0.076733 0.889812
vt 0.070064 0.885084
vt 0.068430 0.878845
vt 0.064719 0.882357
vt 0.244229 0.779753
vt 0.075531 0.882871
vt 0.074288 0.876330
vt 0.081391 0.874967
vt 0.082308 0.881806
vt 0.080507 0.869412
vt 0.088528 0.874887
vt 0.089045 0.881502
vt 0.087315 0.869522
vt 0.089413 0.888528
vt 0.083151 0.889331
vt 0.083831 0.897037
vt 0.090490 0.895531
vt 0.084353 0.904785
vt 0.091627 0.902755
vt 0.095571 0.892041
vt 0.097256 0.898139
vt 0.093600 0.887720
vt 0.404536 0.765441
vt 0.401130 0.771631
vt 0.399361 0.765014
vt 0.402246 0.759753
vt 0.098161 0.886036
vt 0.094553 0.882603
vt 0.098354 0.878950
vt 0.094486 0.876205
vt 0.405859 0.753228
vt 0.403855 0.749678
vt 0.407551 0.744617
vt 0.092874 0.870781
vt 0.408686 0.757829
vt 0.412320 0.763176
vt 0.407824 0.771913
vt 0.416954 0.754113
vt 0.404171 0.778954
vt 0.416574 0.768937
vt 0.411905 0.778570
vt 0.408146 0.786296
vt 0.092558 0.917221
vt 0.092279 0.910137
vt 0.098083 0.904842
vt 0.098354 0.911485
vt 0.084735 0.912464
vt 0.084987 0.919705
vt 0.410360 0.798125
vt 0.405827 0.790986
vt 0.412719 0.793140
vt 0.085113 0.926174
vt 0.092675 0.923592
vt 0.949225 0.772822
vt 0.949892 0.780124
vt 0.943099 0.779359
vt 0.942453 0.772071
vt 0.415492 0.804669
vt 0.417891 0.799484
vt 0.416543 0.784946
vt 0.421775 0.790974
vt 0.426569 0.780483
vt 0.421288 0.774788
vt 0.431565 0.769692
vt 0.426309 0.764252
vt 0.421532 0.758749
vt 0.430994 0.755435
vt 0.426410 0.749013
vt 0.420684 0.746366
vt 0.022026 0.958742
vt 0.022612 0.954650
vt 0.030960 0.955110
vt 0.029226 0.960848
vt 0.013817 0.957681
vt 0.014341 0.953993
vt 0.014681 0.950764
vt 0.022175 0.950996
vt 0.028699 0.949896
vt 0.014845 0.947983
vt 0.021428 0.947981
vt 0.027135 0.946615
vt 0.431574 0.746196
vt 0.434860 0.750298
vt 0.434810 0.744440
vt 0.437837 0.747396
vt 0.435977 0.760551
vt 0.439225 0.754508
vt 0.441644 0.750755
vt 0.441740 0.764796
vt 0.437604 0.774593
vt 0.444022 0.758133
vt 0.449250 0.768115
vt 0.444569 0.779317
vt 0.448490 0.760492
vt 0.445586 0.753894
vt 0.448944 0.756255
vt 0.454138 0.765161
vt 0.451469 0.760974
vt 0.517332 0.771505
vt 0.511067 0.772719
vt 0.512453 0.769012
vt 0.518006 0.768845
vt 0.124510 0.957253
vt 0.123377 0.960252
vt 0.124693 0.950980
vt 0.132364 0.953310
vt 0.132788 0.961359
vt 0.124500 0.942599
vt 0.132062 0.944552
vt 0.465394 0.780157
vt 0.460937 0.789746
vt 0.452371 0.784537
vt 0.456928 0.774906
vt 0.474602 0.785234
vt 0.470114 0.794857
vt 0.124363 0.933163
vt 0.131905 0.935051
vt 0.484158 0.790716
vt 0.479632 0.800208
vt 0.124369 0.923262
vt 0.131898 0.925167
vt 0.116229 0.932954
vt 0.116249 0.923052
vt 0.116447 0.913306
vt 0.124510 0.913526
vt 0.131963 0.915423
vt 0.108868 0.924436
vt 0.109092 0.914692
vt 0.108835 0.934338
vt 0.162849 0.812141
vt 0.153590 0.818542
vt 0.150596 0.812824
vt 0.159821 0.806157
vt 0.172308 0.806493
vt 0.169291 0.800453
vt 0.177033 0.816072
vt 0.167609 0.821589
vt 0.182662 0.827537
vt 0.173290 0.832887
vt 0.158262 0.827590
vt 0.163841 0.838407
vt 0.178921 0.844103
vt 0.169397 0.849127
vt 0.188238 0.838913
vt 0.183534 0.853309
vt 0.173949 0.857919
vt 0.192804 0.848245
vt 0.197093 0.833645
vt 0.201538 0.842909
vt 0.966395 0.718757
vt 0.965721 0.729248
vt 0.957442 0.728828
vt 0.958129 0.718396
vt 0.965233 0.739366
vt 0.956983 0.738897
vt 0.964939 0.748992
vt 0.956741 0.748485
vt 0.205336 0.828271
vt 0.209630 0.837357
vt 0.964846 0.758006
vt 0.956706 0.757475
vt 0.212826 0.822783
vt 0.216974 0.831647
vt 0.219459 0.817163
vt 0.223496 0.825804
vt 0.229246 0.819731
vt 0.964965 0.766329
vt 0.956874 0.765789
vt 0.965308 0.774049
vt 0.957267 0.773523
vt 0.965893 0.781294
vt 0.957913 0.780811
vt 0.950849 0.787129
vt 0.076975 0.918800
vt 0.948816 0.765084
vt 0.942060 0.764337
vt 0.948632 0.756772
vt 0.941892 0.756023
vt 0.948647 0.747791
vt 0.941927 0.747033
vt 0.435202 0.822378
vt 0.427851 0.816650
vt 0.430368 0.811183
vt 0.437810 0.816763
vt 0.421297 0.810788
vt 0.423745 0.805455
vt 0.442020 0.807559
vt 0.434436 0.802203
vt 0.427706 0.796700
vt 0.447146 0.796210
vt 0.439422 0.791051
vt 0.432579 0.785861
vt 0.455630 0.801332
vt 0.450356 0.812788
vt 0.464705 0.806410
vt 0.459300 0.817899
vt 0.454824 0.827354
vt 0.445998 0.822172
vt 0.443294 0.827910
vt 0.452045 0.833142
vt 0.461371 0.837966
vt 0.464181 0.832255
vt 0.468707 0.822925
vt 0.471089 0.842158
vt 0.473843 0.836695
vt 0.478316 0.827781
vt 0.480615 0.845026
vt 0.483111 0.840008
vt 0.487421 0.831916
vt 0.950975 0.707217
vt 0.950013 0.717750
vt 0.943315 0.716944
vt 0.944290 0.706409
vt 0.952282 0.697290
vt 0.945813 0.696597
vt 0.954027 0.688735
vt 0.948056 0.688376
vt 0.489337 0.845818
vt 0.491134 0.841553
vt 0.555498 0.941332
vt 0.554915 0.947864
vt 0.548049 0.946264
vt 0.549054 0.940349
vt 0.542472 0.941565
vt 0.544547 0.938477
vt 0.555881 0.932793
vt 0.548981 0.932389
vt 0.543150 0.932249
vt 0.500845 0.836965
vt 0.496530 0.841490
vt 0.495209 0.834845
vt 0.548765 0.923205
vt 0.542472 0.923417
vt 0.505721 0.829628
vt 0.500097 0.826385
vt 0.492606 0.822047
vt 0.483712 0.816948
vt 0.504282 0.817463
vt 0.497575 0.811999
vt 0.489080 0.806045
vt 0.474170 0.811593
vt 0.493526 0.796953
vt 0.501671 0.803624
vt 0.496306 0.791248
vt 0.504381 0.798484
vt 0.507553 0.810144
vt 0.510153 0.806131
vt 0.116878 0.904720
vt 0.117594 0.898305
vt 0.124619 0.898792
vt 0.124617 0.905015
vt 0.555075 0.900340
vt 0.555647 0.905883
vt 0.549190 0.906807
vt 0.548196 0.901803
vt 0.544658 0.908804
vt 0.542584 0.906410
vt 0.555969 0.913826
vt 0.549062 0.914215
vt 0.543218 0.914734
vt 0.561942 0.906992
vt 0.562652 0.914413
vt 0.561870 0.902002
vt 0.566151 0.909116
vt 0.567845 0.915092
vt 0.139761 0.831957
vt 0.136819 0.836940
vt 0.134314 0.836022
vt 0.136992 0.827937
vt 0.145553 0.825349
vt 0.142643 0.820197
vt 0.109784 0.906137
vt 0.111093 0.899816
vt 0.149860 0.833686
vt 0.143217 0.839249
vt 0.138367 0.843233
vt 0.155024 0.843655
vt 0.147574 0.848104
vt 0.160353 0.853415
vt 0.152586 0.856462
vt 0.141939 0.851408
vt 0.146926 0.858648
vt 0.568674 0.923798
vt 0.567777 0.932607
vt 0.562571 0.932586
vt 0.563085 0.923414
vt 0.556043 0.923210
vt 0.561805 0.940534
vt 0.566039 0.938789
vt 0.967348 0.685193
vt 0.967762 0.690258
vt 0.960983 0.689643
vt 0.962649 0.683325
vt 0.956343 0.682003
vt 0.967743 0.698330
vt 0.959988 0.697986
vt 0.164732 0.861389
vt 0.156713 0.863063
vt 0.151289 0.863079
vt 0.967181 0.708162
vt 0.959025 0.707853
vt 0.949321 0.728163
vt 0.942627 0.727376
vt 0.948871 0.738215
vt 0.942168 0.737445
vt 0.510551 0.815092
vt 0.509139 0.821397
vt 0.447274 0.750745
vt 0.450202 0.752972
vt 0.443755 0.747976
vt 0.445916 0.745106
vt 0.448358 0.741369
vt 0.442529 0.742598
vt 0.444983 0.739120
vt 0.440252 0.745144
vt 0.450972 0.736899
vt 0.447485 0.734809
vt 0.442186 0.737215
vt 0.444596 0.733035
vt 0.439723 0.740479
vt 0.212925 0.946215
vt 0.208610 0.945117
vt 0.208844 0.940704
vt 0.213288 0.941718
vt 0.213021 0.949830
vt 0.208665 0.948600
vt 0.209309 0.935586
vt 0.213987 0.936599
vt 0.446678 0.728161
vt 0.449799 0.729951
vt 0.209947 0.929989
vt 0.214899 0.931114
vt 0.448157 0.722815
vt 0.451685 0.724831
vt 0.453565 0.732058
vt 0.455942 0.727207
vt 0.453087 0.719587
vt 0.458062 0.722525
vt 0.448964 0.717103
vt 0.454674 0.713775
vt 0.460489 0.717459
vt 0.449856 0.710670
vt 0.210695 0.924010
vt 0.215908 0.925377
vt 0.211472 0.917223
vt 0.216915 0.918915
vt 0.212194 0.909074
vt 0.217827 0.911107
vt 0.205377 0.897932
vt 0.205610 0.885786
vt 0.205653 0.873457
vt 0.205450 0.863078
vt 0.212110 0.864683
vt 0.076004 0.961138
vt 0.075848 0.951278
vt 0.076438 0.941356
vt 0.077613 0.932552
vt 0.070707 0.933232
vt 0.072511 0.927167
vt 0.079141 0.926174
vt 0.085954 0.928179
vt 0.463037 0.725418
vt 0.466304 0.721094
vt 0.467159 0.727764
vt 0.471122 0.724053
vt 0.511396 0.729891
vt 0.517540 0.729719
vt 0.524686 0.729662
vt 0.203284 0.940145
vt 0.203205 0.944537
vt 0.203204 0.947973
vt 0.203272 0.950321
vt 0.020808 0.945458
vt 0.014868 0.945552
vt 0.014742 0.943253
vt 0.020339 0.943139
vt 0.025990 0.944050
vt 0.025223 0.941750
vt 0.437366 0.742738
vt 0.030994 0.943754
vt 0.029560 0.941336
s 1
f 4678/5906/4589 4679/5907/4590 4676/5908/4591 4675/5909/4592
f 4675/5909/4592 4676/5908/4591 5214/5910/4593 4677/5911/4594
f 4677/5911/4594 4681/5912/4595 4678/5906/4589 4675/5909/4592
f 4680/5913/4596 4946/5914/4597 4679/5915/4590 4678/5916/4589
f 4681/5912/4595 4682/5917/4598 4680/5918/4596 4678/5906/4589
f 4683/5919/4599 4684/5920/4600 4682/5917/4598 4681/5912/4595
f 4686/5921/4601 4683/5919/4599 4681/5912/4595 4677/5911/4594
f 4685/5922/4602 5220/5923/4603 4684/5920/4600 4683/5919/4599
f 4688/5924/4604 4685/5922/4602 4683/5919/4599 4686/5921/4601
f 4677/5911/4594 5214/5910/4593 4687/5925/4605 4686/5921/4601
f 4686/5921/4601 4687/5925/4605 4689/5926/4606 4688/5924/4604
f 4688/5927/4604 4689/5928/4606 4691/5929/4607 4690/5930/4608
f 4690/5931/4608 4692/5932/4609 4685/5922/4602 4688/5924/4604
f 4690/5933/4608 4691/5934/4607 4694/5935/4610 4692/5936/4609
f 4692/5932/4609 4693/5937/4611 5220/5923/4603 4685/5922/4602
f 4692/5936/4609 4694/5935/4610 4696/5938/4612 4693/5939/4611
f 4691/5934/4607 4924/5940/4613 4695/5941/4614 4694/5935/4610
f 4694/5935/4610 4695/5941/4614 4697/5942/4615 4696/5938/4612
f 4696/5938/4612 4697/5942/4615 4699/5943/4616 4698/5944/4617
f 4693/5939/4611 4696/5938/4612 4698/5944/4617 4701/5945/4618
f 4698/5944/4617 4699/5943/4616 4909/5946/4619 4700/5947/4620
f 4701/5945/4618 4698/5944/4617 4700/5947/4620 4703/5948/4621
f 4693/5937/4611 4701/5949/4618 4702/5950/4622 5220/5923/4603
f 4701/5949/4618 4703/5951/4621 4704/5952/4623 4702/5950/4622
f 4704/5952/4623 4703/5951/4621 4706/5953/4624 4707/5954/4625
f 4703/5948/4621 4700/5947/4620 4906/5955/4626 4705/5956/4627
f 4703/5948/4621 4705/5956/4627 4709/5957/4628 4706/5958/4624
f 4707/5954/4625 4706/5953/4624 4708/5959/4629 5212/5960/4630
f 4706/5958/4624 4709/5957/4628 4711/5961/4631 4708/5962/4629
f 4705/5956/4627 4903/5963/4632 4710/5964/4633 4709/5957/4628
f 4709/5957/4628 4710/5964/4633 4712/5965/4634 4711/5961/4631
f 4711/5961/4631 4712/5965/4634 4714/5966/4635 4713/5967/4636
f 4708/5962/4629 4711/5961/4631 4713/5967/4636 4716/5968/4637
f 4713/5967/4636 4714/5966/4635 4877/5969/4638 4715/5970/4639
f 4716/5968/4637 4713/5967/4636 4715/5970/4639 4718/5971/4640
f 5212/5960/4630 4708/5959/4629 4716/5972/4637 4717/5973/4641
f 4717/5974/4641 4716/5975/4637 4718/5976/4640 4719/5977/4642
f 4719/5977/4642 4718/5976/4640 4720/5978/4643 4721/5979/4644
f 4718/5971/4640 4715/5970/4639 4723/5980/4645 4720/5981/4643
f 4721/5979/4644 4720/5978/4643 4722/5982/4646 5204/5983/4647
f 4720/5981/4643 4723/5980/4645 4725/5984/4648 4722/5985/4646
f 4715/5970/4639 4877/5969/4638 4724/5986/4649 4723/5980/4645
f 4723/5980/4645 4724/5986/4649 4726/5987/4650 4725/5984/4648
f 4725/5984/4648 4726/5987/4650 4728/5988/4651 4727/5989/4652
f 4722/5985/4646 4725/5984/4648 4727/5989/4652 4730/5990/4653
f 4727/5989/4652 4728/5988/4651 4840/5991/4654 4729/5992/4655
f 4730/5990/4653 4727/5989/4652 4729/5992/4655 4732/5993/4656
f 5204/5983/4647 4722/5982/4646 4730/5994/4653 4731/5995/4657
f 4731/5995/4657 4730/5994/4653 4732/5996/4656 4734/5997/4658
f 4732/5993/4656 4729/5992/4655 5216/5998/4659 4733/5999/4660
f 4734/5997/4658 4732/5996/4656 4733/6000/4660 4736/6001/4661
f 5201/6002/4662 4731/5995/4657 4734/5997/4658 4735/6003/4663
f 4735/6003/4663 4734/5997/4658 4736/6001/4661 4737/6004/4664
f 4737/6004/4664 4736/6001/4661 4738/6005/4665 4739/6006/4666
f 4736/6001/4661 4733/6000/4660 4741/6007/4667 4738/6005/4665
f 4739/6006/4666 4738/6005/4665 4740/6008/4668 5180/6009/4669
f 4738/6005/4665 4741/6007/4667 4743/6010/4670 4740/6008/4668
f 4733/5999/4660 5216/5998/4659 4742/6011/4671 4741/6012/4667
f 4741/6012/4667 4742/6011/4671 4744/6013/4672 4743/6014/4670
f 4743/6014/4670 4744/6013/4672 4748/6015/4673 4745/6016/4674
f 4740/6008/4668 4743/6010/4670 4745/6017/4674 4746/6018/4675
f 4746/6018/4675 4745/6017/4674 4747/6019/4676 5186/6020/4677
f 4745/6016/4674 4748/6015/4673 4750/6021/4678 4747/6022/4676
f 4748/6015/4673 4749/6023/4679 4751/6024/4680 4750/6021/4678
f 4744/6013/4672 4830/6025/4681 4749/6023/4679 4748/6015/4673
f 4750/6021/4678 4751/6024/4680 4753/6026/4682 4752/6027/4683
f 4747/6022/4676 4750/6021/4678 4752/6027/4683 4755/6028/4684
f 4752/6027/4683 4753/6026/4682 4766/6029/4685 4754/6030/4686
f 4755/6028/4684 4752/6027/4683 4754/6030/4686 4757/6031/4687
f 5186/6020/4677 4747/6019/4676 4755/6032/4684 4756/6033/4688
f 4756/6033/4688 4755/6032/4684 4757/6034/4687 4758/6035/4689
f 4758/6036/4689 4757/6037/4687 4759/6038/4690 4760/6039/4691
f 4757/6031/4687 4754/6030/4686 4761/6040/4692 4759/6041/4690
f 4759/6038/4690 4761/6042/4692 4762/6043/4693 4760/6039/4691
f 4761/6040/4692 4763/6044/4694 4764/6045/4695 4762/6046/4693
f 4754/6030/4686 4766/6029/4685 4763/6044/4694 4761/6040/4692
f 4763/6044/4694 4765/6047/4696 4776/6048/4697 4764/6045/4695
f 4766/6029/4685 4767/6049/4698 4765/6047/4696 4763/6044/4694
f 4753/6026/4682 4768/6050/4699 4767/6049/4698 4766/6029/4685
f 4768/6050/4699 4770/6051/4700 4769/6052/4701 4767/6049/4698
f 4767/6049/4698 4769/6052/4701 4771/6053/4702 4765/6047/4696
f 4770/6054/4700 4774/6055/4703 4772/6056/4704 4769/6057/4701
f 4769/6057/4701 4772/6056/4704 4775/6058/4705 4771/6059/4702
f 4772/6056/4704 4773/6060/4706 4777/6061/4707 4775/6058/4705
f 4774/6055/4703 5218/6062/4708 4773/6060/4706 4772/6056/4704
f 4765/6047/4696 4771/6053/4702 4775/6063/4705 4776/6048/4697
f 4776/6064/4697 4775/6058/4705 4777/6061/4707 4778/6065/4709
f 4778/6065/4709 4777/6061/4707 4779/6066/4710 4780/6067/4711
f 4773/6060/4706 4782/6068/4712 4779/6066/4710 4777/6061/4707
f 4780/6069/4711 4779/6070/4710 4781/6071/4713 4789/6072/4714
f 4782/6068/4712 4784/6073/4715 4781/6074/4713 4779/6066/4710
f 4783/6075/4716 4785/6076/4717 4784/6073/4715 4782/6068/4712
f 5218/6062/4708 4783/6075/4716 4782/6068/4712 4773/6060/4706
f 4785/6077/4717 4788/6078/4718 4786/6079/4719 4784/6080/4715
f 4784/6080/4715 4786/6079/4719 4789/6072/4714 4781/6071/4713
f 4786/6079/4719 4787/6081/4720 4790/6082/4721 4789/6072/4714
f 4788/6078/4718 5219/6083/4722 4787/6081/4720 4786/6079/4719
f 4791/6084/4723 4780/6069/4711 4789/6072/4714 4790/6082/4721
f 4793/6085/4724 4791/6086/4723 4790/6087/4721 4792/6088/4725
f 4787/6081/4720 4795/6089/4726 4792/6090/4725 4790/6082/4721
f 5189/6091/4727 4793/6085/4724 4792/6088/4725 4794/6092/4728
f 4795/6089/4726 4797/6093/4729 4794/6094/4728 4792/6090/4725
f 4796/6095/4730 4799/6096/4731 4797/6093/4729 4795/6089/4726
f 5219/6083/4722 4796/6095/4730 4795/6089/4726 4787/6081/4720
f 4799/6097/4731 4800/6098/4732 4798/6099/4733 4797/6100/4729
f 4797/6100/4729 4798/6099/4733 5189/6091/4727 4794/6092/4728
f 4801/6101/4734 4802/6102/4735 4800/6103/4732 4799/6104/4731
f 4804/6105/4736 4801/6106/4734 4799/6096/4731 4796/6095/4730
f 4803/6107/4737 5181/6108/4738 4802/6102/4735 4801/6101/4734
f 4806/6109/4739 4803/6110/4737 4801/6106/4734 4804/6105/4736
f 4808/6111/4740 4806/6109/4739 4804/6105/4736 4805/6112/4741
f 4805/6112/4741 4804/6105/4736 4796/6095/4730 5219/6083/4722
f 4807/6113/4742 5182/6114/4743 4803/6110/4737 4806/6109/4739
f 4809/6115/4744 4807/6113/4742 4806/6109/4739 4808/6111/4740
f 4811/6116/4745 4809/6115/4744 4808/6111/4740 4810/6117/4746
f 4810/6117/4746 4808/6111/4740 4805/6112/4741 4813/6118/4747
f 5198/6119/4748 4811/6116/4745 4810/6117/4746 4812/6120/4749
f 4812/6120/4749 4810/6117/4746 4813/6118/4747 4814/6121/4750
f 4813/6118/4747 4805/6112/4741 5219/6083/4722 4788/6078/4718
f 4814/6121/4750 4813/6118/4747 4788/6078/4718 4785/6077/4717
f 4817/6122/4751 4812/6123/4749 4814/6124/4750 4815/6125/4752
f 4815/6125/4752 4814/6124/4750 4785/6076/4717 4783/6075/4716
f 4819/6126/4753 4817/6122/4751 4815/6125/4752 4816/6127/4754
f 4816/6127/4754 4815/6125/4752 4783/6075/4716 5218/6062/4708
f 4818/6128/4755 5198/6129/4748 4812/6123/4749 4817/6122/4751
f 4820/6130/4756 4818/6128/4755 4817/6122/4751 4819/6126/4753
f 4822/6131/4757 4820/6130/4756 4819/6126/4753 4821/6132/4758
f 4821/6132/4758 4819/6126/4753 4816/6127/4754 4824/6133/4759
f 4831/6134/4760 4822/6131/4757 4821/6132/4758 4823/6135/4761
f 4823/6135/4761 4821/6132/4758 4824/6133/4759 4825/6136/4762
f 4824/6133/4759 4816/6127/4754 5218/6062/4708 4774/6055/4703
f 4825/6136/4762 4824/6133/4759 4774/6055/4703 4770/6054/4700
f 4827/6137/4763 4823/6138/4761 4825/6139/4762 4826/6140/4764
f 4826/6140/4764 4825/6139/4762 4770/6051/4700 4768/6050/4699
f 4749/6023/4679 4827/6137/4763 4826/6140/4764 4751/6024/4680
f 4751/6024/4680 4826/6140/4764 4768/6050/4699 4753/6026/4682
f 4828/6141/4765 4831/6142/4760 4823/6138/4761 4827/6137/4763
f 4830/6025/4681 4828/6141/4765 4827/6137/4763 4749/6023/4679
f 4829/6143/4766 4832/6144/4767 4831/6142/4760 4828/6141/4765
f 5217/6145/4768 4829/6143/4766 4828/6141/4765 4830/6025/4681
f 4832/6146/4767 4833/6147/4769 4822/6131/4757 4831/6134/4760
f 4834/6148/4770 4835/6149/4771 4833/6147/4769 4832/6146/4767
f 4837/6150/4772 4834/6151/4770 4832/6144/4767 4829/6143/4766
f 4836/6152/4773 4848/6153/4774 4835/6149/4771 4834/6148/4770
f 4839/6154/4775 4836/6155/4773 4834/6151/4770 4837/6150/4772
f 4840/5991/4654 4839/6154/4775 4837/6150/4772 4838/6156/4776
f 4838/6156/4776 4837/6150/4772 4829/6143/4766 5217/6145/4768
f 4728/5988/4651 4841/6157/4777 4839/6154/4775 4840/5991/4654
f 4841/6157/4777 4843/6158/4778 4836/6155/4773 4839/6154/4775
f 4842/6159/4779 4844/6160/4780 4843/6158/4778 4841/6157/4777
f 4726/5987/4650 4842/6159/4779 4841/6157/4777 4728/5988/4651
f 4844/6161/4780 4847/6162/4781 4845/6163/4782 4843/6164/4778
f 4843/6164/4778 4845/6163/4782 4848/6153/4774 4836/6152/4773
f 4845/6163/4782 4846/6165/4783 4849/6166/4784 4848/6153/4774
f 4847/6162/4781 5215/6167/4785 4846/6165/4783 4845/6163/4782
f 4848/6153/4774 4849/6166/4784 4850/6168/4786 4835/6149/4771
f 4849/6166/4784 4851/6169/4787 4852/6170/4788 4850/6168/4786
f 4846/6165/4783 4854/6171/4789 4851/6169/4787 4849/6166/4784
f 4851/6169/4787 4853/6172/4790 5196/6173/4791 4852/6170/4788
f 4854/6171/4789 4856/6174/4792 4853/6172/4790 4851/6169/4787
f 4855/6175/4793 4858/6176/4794 4856/6174/4792 4854/6171/4789
f 5215/6167/4785 4855/6175/4793 4854/6171/4789 4846/6165/4783
f 4858/6177/4794 4859/6178/4795 4857/6179/4796 4856/6180/4792
f 4856/6180/4792 4857/6179/4796 5200/6181/4797 4853/6182/4790
f 4860/6183/4798 4861/6184/4799 4859/6178/4795 4858/6177/4794
f 4863/6185/4800 4860/6186/4798 4858/6176/4794 4855/6175/4793
f 4862/6187/4801 5152/6188/4802 4861/6184/4799 4860/6183/4798
f 4865/6189/4803 4862/6190/4801 4860/6186/4798 4863/6185/4800
f 4867/6191/4804 4865/6189/4803 4863/6185/4800 4864/6192/4805
f 4864/6192/4805 4863/6185/4800 4855/6175/4793 5215/6167/4785
f 4866/6193/4806 5149/6194/4807 4862/6190/4801 4865/6189/4803
f 4868/6195/4808 4866/6193/4806 4865/6189/4803 4867/6191/4804
f 4870/6196/4809 4868/6195/4808 4867/6191/4804 4869/6197/4810
f 4869/6197/4810 4867/6191/4804 4864/6192/4805 4872/6198/4811
f 4879/6199/4812 4870/6196/4809 4869/6197/4810 4871/6200/4813
f 4871/6200/4813 4869/6197/4810 4872/6198/4811 4873/6201/4814
f 4872/6198/4811 4864/6192/4805 5215/6167/4785 4847/6162/4781
f 4873/6201/4814 4872/6198/4811 4847/6162/4781 4844/6161/4780
f 4875/6202/4815 4871/6203/4813 4873/6204/4814 4874/6205/4816
f 4874/6205/4816 4873/6204/4814 4844/6160/4780 4842/6159/4779
f 4877/5969/4638 4875/6202/4815 4874/6205/4816 4724/5986/4649
f 4724/5986/4649 4874/6205/4816 4842/6159/4779 4726/5987/4650
f 4876/6206/4817 4879/6207/4812 4871/6203/4813 4875/6202/4815
f 4714/5966/4635 4876/6206/4817 4875/6202/4815 4877/5969/4638
f 4878/6208/4818 4880/6209/4819 4879/6207/4812 4876/6206/4817
f 4712/5965/4634 4878/6208/4818 4876/6206/4817 4714/5966/4635
f 4880/6210/4819 4882/6211/4820 4870/6196/4809 4879/6199/4812
f 4881/6212/4821 4884/6213/4822 4882/6211/4820 4880/6210/4819
f 4904/6214/4823 4881/6215/4821 4880/6209/4819 4878/6208/4818
f 4882/6211/4820 4883/6216/4824 4868/6195/4808 4870/6196/4809
f 4884/6213/4822 4885/6217/4825 4883/6216/4824 4882/6211/4820
f 4886/6218/4826 4888/6219/4827 4885/6220/4825 4884/6221/4822
f 4887/6222/4828 4886/6223/4826 4884/6224/4822 4881/6215/4821
f 4887/6222/4828 4892/6225/4829 4889/6226/4830 4886/6223/4826
f 4886/6218/4826 4889/6227/4830 4891/6228/4831 4888/6219/4827
f 4892/6225/4829 4893/6229/4832 4890/6230/4833 4889/6226/4830
f 4889/6227/4830 4890/6231/4833 5148/6232/4834 4891/6228/4831
f 4887/6222/4828 4897/6233/4835 4894/6234/4836 4892/6225/4829
f 4892/6225/4829 4894/6234/4836 4896/6235/4837 4893/6229/4832
f 4897/6233/4835 4898/6236/4838 4895/6237/4839 4894/6234/4836
f 4894/6234/4836 4895/6237/4839 5147/6238/4840 4896/6235/4837
f 4899/6239/4841 4900/6240/4842 4898/6236/4838 4897/6233/4835
f 4902/6241/4843 4899/6239/4841 4897/6233/4835 4887/6222/4828
f 4901/6242/4844 4905/6243/4845 4900/6240/4842 4899/6239/4841
f 4903/5963/4632 4901/6242/4844 4899/6239/4841 4902/6241/4843
f 4902/6241/4843 4887/6222/4828 4881/6215/4821 4904/6214/4823
f 4903/5963/4632 4902/6241/4843 4904/6214/4823 4710/5964/4633
f 4710/5964/4633 4904/6214/4823 4878/6208/4818 4712/5965/4634
f 4705/5956/4627 4906/5955/4626 4901/6242/4844 4903/5963/4632
f 4906/5955/4626 4907/6244/4846 4905/6243/4845 4901/6242/4844
f 4700/5947/4620 4909/5946/4619 4907/6244/4846 4906/5955/4626
f 4907/6244/4846 4908/6245/4847 5037/6246/4848 4905/6243/4845
f 4909/5946/4619 4910/6247/4849 4908/6245/4847 4907/6244/4846
f 4699/5943/4616 4912/6248/4850 4910/6247/4849 4909/5946/4619
f 4910/6247/4849 4911/6249/4851 5042/6250/4852 4908/6245/4847
f 4912/6248/4850 4914/6251/4853 4911/6249/4851 4910/6247/4849
f 4913/6252/4854 4916/6253/4855 4914/6251/4853 4912/6248/4850
f 4697/5942/4615 4913/6252/4854 4912/6248/4850 4699/5943/4616
f 4911/6254/4851 4914/6255/4853 4915/6256/4856 5044/6257/4857
f 4914/6258/4853 4916/6259/4855 4917/6260/4858 4915/6261/4856
f 4916/6259/4855 4918/6262/4859 4919/6263/4860 4917/6260/4858
f 4921/6264/4861 4918/6262/4859 4916/6259/4855 4913/6265/4854
f 4918/6262/4859 4920/6266/4862 4932/6267/4863 4919/6263/4860
f 4922/6268/4864 4920/6266/4862 4918/6262/4859 4921/6264/4861
f 4924/6269/4613 4922/6268/4864 4921/6264/4861 4695/6270/4614
f 4695/5941/4614 4921/6271/4861 4913/6252/4854 4697/5942/4615
f 4923/6272/4865 4932/6267/4863 4920/6266/4862 4922/6268/4864
f 4925/6273/4866 4923/6272/4865 4922/6268/4864 4924/6269/4613
f 4689/5928/4606 4925/6273/4866 4924/6269/4613 4691/5929/4607
f 4926/6274/4867 4928/6275/4868 4923/6272/4865 4925/6273/4866
f 4687/6276/4605 4926/6274/4867 4925/6273/4866 4689/5928/4606
f 4927/6277/4869 4929/6278/4870 4928/6275/4868 4926/6274/4867
f 5214/6279/4593 4927/6277/4869 4926/6274/4867 4687/6276/4605
f 4929/6278/4870 4931/6280/4871 4930/6281/4872 4928/6275/4868
f 4928/6275/4868 4930/6281/4872 4932/6267/4863 4923/6272/4865
f 4933/6282/4873 4930/6281/4872 4931/6280/4871 4935/6283/4874
f 4919/6263/4860 4932/6267/4863 4930/6281/4872 4933/6282/4873
f 4917/6260/4858 4919/6263/4860 4933/6282/4873 4934/6284/4875
f 4934/6284/4875 4933/6282/4873 4935/6283/4874 4936/6285/4876
f 4936/6285/4876 4935/6283/4874 4937/6286/4877 4938/6287/4878
f 4935/6283/4874 4931/6280/4871 4940/6288/4879 4937/6286/4877
f 4947/6289/4880 4938/6290/4878 4937/6291/4877 4939/6292/4881
f 4939/6293/4881 4937/6286/4877 4940/6288/4879 4941/6294/4882
f 4941/6294/4882 4940/6288/4879 4931/6280/4871 4929/6278/4870
f 4943/6295/4883 4939/6293/4881 4941/6294/4882 4942/6296/4884
f 4942/6296/4884 4941/6294/4882 4929/6278/4870 4927/6277/4869
f 4679/5915/4590 4943/6297/4883 4942/6298/4884 4676/6299/4591
f 4676/6300/4591 4942/6296/4884 4927/6277/4869 5214/6279/4593
f 4944/6301/4885 4947/6289/4880 4939/6292/4881 4943/6297/4883
f 4946/5914/4597 4944/6301/4885 4943/6297/4883 4679/5915/4590
f 4945/6302/4886 4948/6303/4887 4947/6289/4880 4944/6301/4885
f 4969/6304/4888 4945/6302/4886 4944/6301/4885 4946/5914/4597
f 4948/6303/4887 4950/6305/4889 4938/6290/4878 4947/6289/4880
f 4966/6306/4890 4949/6307/4891 4948/6303/4887 4945/6302/4886
f 4949/6307/4891 4951/6308/4892 4950/6305/4889 4948/6303/4887
f 4954/6309/4893 4952/6310/4894 4950/6311/4889 4951/6312/4892
f 4952/6310/4894 4936/6285/4876 4938/6287/4878 4950/6311/4889
f 4953/6313/4895 4934/6284/4875 4936/6285/4876 4952/6310/4894
f 4955/6314/4896 4953/6313/4895 4952/6310/4894 4954/6309/4893
f 4956/6315/4897 4954/6316/4893 4951/6308/4892 4959/6317/4898
f 4957/6318/4899 4955/6314/4896 4954/6309/4893 4956/6319/4897
f 5045/6320/4900 4957/6321/4899 4956/6322/4897 4958/6323/4901
f 4958/6324/4901 4956/6315/4897 4959/6317/4898 4960/6325/4902
f 4961/6326/4903 4959/6317/4898 4951/6308/4892 4949/6307/4891
f 4962/6327/4904 4960/6325/4902 4959/6317/4898 4961/6326/4903
f 4964/6328/4905 4962/6327/4904 4961/6326/4903 4963/6329/4906
f 4963/6329/4906 4961/6326/4903 4949/6307/4891 4966/6306/4890
f 4985/6330/4907 4964/6328/4905 4963/6329/4906 4965/6331/4908
f 4965/6331/4908 4963/6329/4906 4966/6306/4890 4967/6332/4909
f 4967/6332/4909 4966/6306/4890 4945/6302/4886 4969/6304/4888
f 4983/6333/4910 4965/6331/4908 4967/6332/4909 4968/6334/4911
f 4968/6334/4911 4967/6332/4909 4969/6304/4888 4970/6335/4912
f 4970/6335/4912 4969/6304/4888 4946/5914/4597 4680/5913/4596
f 4971/6336/4913 4973/6337/4914 4968/6338/4911 4970/6339/4912
f 4682/5917/4598 4971/6336/4913 4970/6339/4912 4680/5918/4596
f 4972/6340/4915 4974/6341/4916 4973/6337/4914 4971/6336/4913
f 4684/5920/4600 4972/6340/4915 4971/6336/4913 4682/5917/4598
f 4973/6337/4914 4974/6341/4916 4976/6342/4917 4975/6343/4918
f 4968/6338/4911 4973/6337/4914 4975/6343/4918 4978/6344/4919
f 4975/6343/4918 4976/6342/4917 5211/6345/4920 4977/6346/4921
f 4978/6344/4919 4975/6343/4918 4977/6346/4921 4979/6347/4922
f 4983/6333/4910 4968/6334/4911 4978/6348/4919 4980/6349/4923
f 4980/6349/4923 4978/6348/4919 4979/6350/4922 4982/6351/4924
f 4984/6352/4925 4983/6333/4910 4980/6349/4923 4981/6353/4926
f 4981/6353/4926 4980/6349/4923 4982/6351/4924 5213/6354/4927
f 4984/6352/4925 4985/6330/4907 4965/6331/4908 4983/6333/4910
f 4986/6355/4928 4987/6356/4929 4985/6330/4907 4984/6352/4925
f 4986/6355/4928 4984/6352/4925 4981/6353/4926 4989/6357/4930
f 4988/6358/4931 5062/6359/4932 4987/6356/4929 4986/6355/4928
f 4988/6358/4931 4986/6355/4928 4989/6357/4930 4991/6360/4933
f 4989/6357/4930 4981/6353/4926 5213/6354/4927 4990/6361/4934
f 4991/6360/4933 4989/6357/4930 4990/6361/4934 4992/6362/4935
f 4995/6363/4936 4988/6358/4931 4991/6360/4933 4993/6364/4937
f 4993/6365/4937 4991/6366/4933 4992/6367/4935 4994/6368/4938
f 4888/6219/4827 4995/6369/4936 4993/6370/4937 4885/6220/4825
f 4885/6217/4825 4993/6365/4937 4994/6368/4938 4883/6216/4824
f 4888/6219/4827 4891/6228/4831 4996/6371/4939 4995/6369/4936
f 4995/6369/4936 4996/6371/4939 4998/6372/4940 4988/6373/4931
f 4996/6371/4939 4997/6374/4941 5000/6375/4942 4998/6372/4940
f 4891/6228/4831 5148/6232/4834 4997/6374/4941 4996/6371/4939
f 5000/6376/4942 5001/6377/4943 4999/6378/4944 4998/6379/4940
f 4998/6379/4940 4999/6378/4944 5062/6359/4932 4988/6358/4931
f 5002/6380/4945 5003/6381/4946 5001/6377/4943 5000/6376/4942
f 4997/6374/4941 5005/6382/4947 5002/6383/4945 5000/6375/4942
f 5004/6384/4948 5098/6385/4949 5003/6381/4946 5002/6380/4945
f 5005/6382/4947 5007/6386/4950 5004/6387/4948 5002/6383/4945
f 5006/6388/4951 5009/6389/4952 5007/6386/4950 5005/6382/4947
f 5148/6232/4834 5006/6388/4951 5005/6382/4947 4997/6374/4941
f 5009/6389/4952 5010/6390/4953 5008/6391/4954 5007/6386/4950
f 5007/6386/4950 5008/6391/4954 5099/6392/4955 5004/6387/4948
f 5011/6393/4956 5012/6394/4957 5010/6390/4953 5009/6389/4952
f 5014/6395/4958 5011/6393/4956 5009/6389/4952 5006/6388/4951
f 5013/6396/4959 5120/6397/4960 5012/6398/4957 5011/6399/4956
f 5015/6400/4961 5013/6396/4959 5011/6399/4956 5014/6401/4958
f 4893/6229/4832 5015/6400/4961 5014/6401/4958 4890/6230/4833
f 4890/6231/4833 5014/6395/4958 5006/6388/4951 5148/6232/4834
f 4893/6229/4832 4896/6235/4837 5016/6402/4962 5015/6400/4961
f 5015/6400/4961 5016/6402/4962 5018/6403/4963 5013/6396/4959
f 5016/6402/4962 5017/6404/4964 5020/6405/4965 5018/6403/4963
f 4896/6235/4837 5147/6238/4840 5017/6404/4964 5016/6402/4962
f 5013/6396/4959 5018/6403/4963 5019/6406/4966 5120/6397/4960
f 5018/6403/4963 5020/6405/4965 5021/6407/4967 5019/6406/4966
f 5020/6405/4965 5022/6408/4968 5023/6409/4969 5021/6407/4967
f 5017/6404/4964 5025/6410/4970 5022/6408/4968 5020/6405/4965
f 5022/6408/4968 5024/6411/4971 5138/6412/4972 5023/6409/4969
f 5025/6410/4970 5027/6413/4973 5024/6411/4971 5022/6408/4968
f 5026/6414/4974 5029/6415/4975 5027/6413/4973 5025/6410/4970
f 5147/6238/4840 5026/6414/4974 5025/6410/4970 5017/6404/4964
f 5024/6416/4971 5027/6417/4973 5028/6418/4976 5140/6419/4977
f 5027/6417/4973 5029/6420/4975 5030/6421/4978 5028/6418/4976
f 5029/6420/4975 5031/6422/4979 5032/6423/4980 5030/6421/4978
f 5034/6424/4981 5031/6425/4979 5029/6415/4975 5026/6414/4974
f 5031/6422/4979 5033/6426/4982 5049/6427/4983 5032/6423/4980
f 5035/6428/4984 5033/6429/4982 5031/6425/4979 5034/6424/4981
f 4898/6236/4838 5035/6428/4984 5034/6424/4981 4895/6237/4839
f 4895/6237/4839 5034/6424/4981 5026/6414/4974 5147/6238/4840
f 5036/6430/4985 5038/6431/4986 5033/6429/4982 5035/6428/4984
f 4900/6240/4842 5036/6430/4985 5035/6428/4984 4898/6236/4838
f 5037/6246/4848 5040/6432/4987 5038/6431/4986 5036/6430/4985
f 4905/6243/4845 5037/6246/4848 5036/6430/4985 4900/6240/4842
f 5033/6426/4982 5038/6433/4986 5039/6434/4988 5049/6427/4983
f 5038/6433/4986 5040/6435/4987 5041/6436/4989 5039/6434/4988
f 5040/6435/4987 5042/6437/4852 5043/6438/4990 5041/6436/4989
f 4908/6245/4847 5042/6250/4852 5040/6432/4987 5037/6246/4848
f 5042/6437/4852 4911/6254/4851 5044/6257/4857 5043/6438/4990
f 5041/6436/4989 5043/6438/4990 4957/6321/4899 5045/6320/4900
f 5043/6438/4990 5044/6257/4857 4955/6439/4896 4957/6321/4899
f 5044/6440/4857 4915/6261/4856 4953/6313/4895 4955/6314/4896
f 5039/6434/4988 5041/6436/4989 5045/6320/4900 5046/6441/4991
f 5046/6441/4991 5045/6320/4900 4958/6323/4901 5047/6442/4992
f 5049/6427/4983 5039/6434/4988 5046/6441/4991 5048/6443/4993
f 5048/6443/4993 5046/6441/4991 5047/6442/4992 5051/6444/4994
f 5032/6423/4980 5049/6427/4983 5048/6443/4993 5050/6445/4995
f 5050/6445/4995 5048/6443/4993 5051/6444/4994 5052/6446/4996
f 5052/6447/4996 5051/6448/4994 5053/6449/4997 5054/6450/4998
f 5051/6448/4994 5047/6451/4992 5055/6452/4999 5053/6449/4997
f 5057/6453/5000 5054/6450/4998 5053/6449/4997 5056/6454/5001
f 5056/6454/5001 5053/6449/4997 5055/6452/4999 5059/6455/5002
f 5061/6456/5003 5057/6453/5000 5056/6454/5001 5058/6457/5004
f 5058/6457/5004 5056/6454/5001 5059/6455/5002 5060/6458/5005
f 5060/6458/5005 5059/6455/5002 4962/6327/4904 4964/6328/4905
f 5059/6455/5002 5055/6452/4999 4960/6325/4902 4962/6327/4904
f 5062/6359/4932 5058/6457/5004 5060/6458/5005 4987/6356/4929
f 4987/6356/4929 5060/6458/5005 4964/6328/4905 4985/6330/4907
f 4999/6378/4944 5061/6456/5003 5058/6457/5004 5062/6359/4932
f 5063/6459/5006 5065/6460/5007 5057/6453/5000 5061/6456/5003
f 5001/6377/4943 5063/6459/5006 5061/6456/5003 4999/6378/4944
f 5064/6461/5008 5066/6462/5009 5065/6460/5007 5063/6459/5006
f 5003/6381/4946 5064/6461/5008 5063/6459/5006 5001/6377/4943
f 5066/6462/5009 5069/6463/5010 5067/6464/5011 5065/6460/5007
f 5065/6460/5007 5067/6464/5011 5054/6450/4998 5057/6453/5000
f 5068/6465/5012 5052/6447/4996 5054/6450/4998 5067/6464/5011
f 5070/6466/5013 5068/6465/5012 5067/6464/5011 5069/6463/5010
f 5072/6467/5014 5070/6466/5013 5069/6463/5010 5071/6468/5015
f 5073/6469/5016 5071/6468/5015 5069/6463/5010 5066/6462/5009
f 5077/6470/5017 5072/6467/5014 5071/6468/5015 5074/6471/5018
f 5076/6472/5019 5074/6471/5018 5071/6468/5015 5073/6469/5016
f 5079/6473/5020 5077/6470/5017 5074/6471/5018 5075/6474/5021
f 5092/6475/5022 5075/6474/5021 5074/6471/5018 5076/6472/5019
f 5078/6476/5023 5141/6477/5024 5072/6478/5014 5077/6479/5017
f 5080/6480/5025 5078/6476/5023 5077/6479/5017 5079/6481/5020
f 5082/6482/5026 5080/6480/5025 5079/6481/5020 5081/6483/5027
f 5081/6484/5027 5079/6473/5020 5075/6474/5021 5083/6485/5028
f 5085/6486/5029 5082/6487/5026 5081/6488/5027 5084/6489/5030
f 5084/6489/5030 5081/6488/5027 5083/6490/5028 5087/6491/5031
f 5131/6492/5032 5085/6486/5029 5084/6489/5030 5086/6493/5033
f 5086/6493/5033 5084/6489/5030 5087/6491/5031 5088/6494/5034
f 5088/6495/5034 5087/6496/5031 5083/6485/5028 5090/6497/5035
f 5144/6498/5036 5086/6493/5033 5088/6494/5034 5089/6499/5037
f 5089/6500/5037 5088/6495/5034 5090/6497/5035 5091/6501/5038
f 5091/6501/5038 5090/6497/5035 5092/6475/5022 5093/6502/5039
f 5090/6497/5035 5083/6485/5028 5075/6474/5021 5092/6475/5022
f 5093/6502/5039 5092/6475/5022 5076/6472/5019 5095/6503/5040
f 5146/6504/5041 5091/6501/5038 5093/6502/5039 5094/6505/5042
f 5094/6505/5042 5093/6502/5039 5095/6503/5040 5096/6506/5043
f 5096/6506/5043 5095/6503/5040 5097/6507/5044 5098/6385/4949
f 5095/6503/5040 5076/6472/5019 5073/6469/5016 5097/6507/5044
f 5098/6385/4949 5097/6507/5044 5064/6461/5008 5003/6381/4946
f 5097/6507/5044 5073/6469/5016 5066/6462/5009 5064/6461/5008
f 5099/6508/4955 5096/6506/5043 5098/6385/4949 5004/6384/4948
f 5100/6509/5045 5094/6505/5042 5096/6506/5043 5099/6508/4955
f 5008/6510/4954 5102/6511/5046 5100/6509/5045 5099/6508/4955
f 5101/6512/5047 5146/6504/5041 5094/6505/5042 5100/6509/5045
f 5102/6511/5046 5104/6513/5048 5101/6512/5047 5100/6509/5045
f 5103/6514/5049 5105/6515/5050 5104/6516/5048 5102/6517/5046
f 5010/6390/4953 5103/6514/5049 5102/6517/5046 5008/6391/4954
f 5105/6518/5050 5109/6519/5051 5106/6520/5052 5104/6521/5048
f 5104/6521/5048 5106/6520/5052 5108/6522/5053 5101/6523/5047
f 5109/6519/5051 5110/6524/5054 5107/6525/5055 5106/6520/5052
f 5106/6520/5052 5107/6525/5055 5145/6526/5056 5108/6522/5053
f 5111/6527/5057 5112/6528/5058 5110/6524/5054 5109/6519/5051
f 5114/6529/5059 5111/6527/5057 5109/6519/5051 5105/6518/5050
f 5113/6530/5060 5127/6531/5061 5112/6528/5058 5111/6527/5057
f 5116/6532/5062 5113/6533/5060 5111/6534/5057 5114/6535/5059
f 5118/6536/5063 5116/6532/5062 5114/6535/5059 5115/6537/5064
f 5115/6538/5064 5114/6539/5059 5105/6515/5050 5103/6514/5049
f 5118/6536/5063 5119/6540/5065 5117/6541/5066 5116/6532/5062
f 5116/6532/5062 5117/6541/5066 5127/6542/5061 5113/6533/5060
f 5120/6397/4960 5019/6406/4966 5119/6540/5065 5118/6536/5063
f 5120/6397/4960 5118/6536/5063 5115/6537/5064 5012/6398/4957
f 5119/6540/5065 5121/6543/5067 5123/6544/5068 5117/6541/5066
f 5019/6406/4966 5021/6407/4967 5121/6543/5067 5119/6540/5065
f 5021/6407/4967 5023/6409/4969 5122/6545/5069 5121/6543/5067
f 5121/6543/5067 5122/6545/5069 5124/6546/5070 5123/6544/5068
f 5117/6541/5066 5123/6544/5068 5125/6547/5071 5127/6542/5061
f 5123/6544/5068 5124/6546/5070 5126/6548/5072 5125/6547/5071
f 5125/6549/5071 5126/6550/5072 5130/6551/5073 5128/6552/5074
f 5127/6531/5061 5125/6549/5071 5128/6552/5074 5112/6528/5058
f 5112/6528/5058 5128/6552/5074 5129/6553/5075 5110/6524/5054
f 5128/6552/5074 5130/6551/5073 5131/6492/5032 5129/6553/5075
f 5130/6551/5073 5132/6554/5076 5085/6486/5029 5131/6492/5032
f 5126/6550/5072 5133/6555/5077 5132/6554/5076 5130/6551/5073
f 5133/6556/5077 5136/6557/5078 5134/6558/5079 5132/6559/5076
f 5132/6559/5076 5134/6558/5079 5082/6482/5026 5085/6560/5029
f 5136/6557/5078 5137/6561/5080 5135/6562/5081 5134/6558/5079
f 5134/6558/5079 5135/6562/5081 5080/6480/5025 5082/6482/5026
f 5122/6545/5069 5137/6563/5080 5136/6564/5078 5124/6546/5070
f 5124/6546/5070 5136/6564/5078 5133/6565/5077 5126/6548/5072
f 5137/6561/5080 5138/6566/4972 5139/6567/5082 5135/6562/5081
f 5023/6409/4969 5138/6412/4972 5137/6563/5080 5122/6545/5069
f 5138/6566/4972 5024/6416/4971 5140/6419/4977 5139/6567/5082
f 5135/6562/5081 5139/6567/5082 5078/6476/5023 5080/6480/5025
f 5139/6567/5082 5140/6419/4977 5141/6477/5024 5078/6476/5023
f 5140/6419/4977 5028/6418/4976 5142/6568/5083 5141/6477/5024
f 5141/6477/5024 5142/6568/5083 5070/6569/5013 5072/6478/5014
f 5142/6568/5083 5143/6570/5084 5068/6571/5012 5070/6569/5013
f 5028/6418/4976 5030/6421/4978 5143/6570/5084 5142/6568/5083
f 5030/6421/4978 5032/6423/4980 5050/6445/4995 5143/6570/5084
f 5143/6570/5084 5050/6445/4995 5052/6446/4996 5068/6571/5012
f 5129/6553/5075 5131/6492/5032 5086/6493/5033 5144/6498/5036
f 5110/6524/5054 5129/6553/5075 5144/6498/5036 5107/6525/5055
f 5107/6525/5055 5144/6498/5036 5089/6499/5037 5145/6526/5056
f 5012/6394/4957 5115/6538/5064 5103/6514/5049 5010/6390/4953
f 5108/6572/5053 5145/6573/5056 5146/6504/5041 5101/6512/5047
f 5145/6573/5056 5089/6500/5037 5091/6501/5038 5146/6504/5041
f 5047/6451/4992 4958/6324/4901 4960/6325/4902 5055/6452/4999
f 4883/6216/4824 4994/6368/4938 4866/6193/4806 4868/6195/4808
f 4994/6368/4938 4992/6367/4935 5149/6194/4807 4866/6193/4806
f 4992/6362/4935 4990/6361/4934 5150/6574/5085 5149/6575/4807
f 5149/6575/4807 5150/6574/5085 5152/6188/4802 4862/6187/4801
f 5150/6574/5085 5151/6576/5086 5153/6577/5087 5152/6188/4802
f 4990/6361/4934 5213/6354/4927 5151/6576/5086 5150/6574/5085
f 5152/6188/4802 5153/6577/5087 5155/6578/5088 4861/6184/4799
f 5153/6577/5087 5154/6579/5089 5157/6580/5090 5155/6578/5088
f 5151/6576/5086 5210/6581/5091 5154/6579/5089 5153/6577/5087
f 4861/6184/4799 5155/6578/5088 5156/6582/5092 4859/6178/4795
f 5155/6578/5088 5157/6580/5090 5158/6583/5093 5156/6582/5092
f 5157/6580/5090 5159/6584/5094 5162/6585/5095 5158/6583/5093
f 5154/6579/5089 5161/6586/5096 5159/6584/5094 5157/6580/5090
f 5159/6587/5094 5160/6588/5097 5163/6589/5098 5162/6590/5095
f 5161/6591/5096 5207/6592/5099 5160/6588/5097 5159/6587/5094
f 5162/6590/5095 5163/6589/5098 5165/6593/5100 5164/6594/5101
f 5158/6583/5093 5162/6585/5095 5164/6595/5101 5167/6596/5102
f 5164/6594/5101 5165/6593/5100 5178/6597/5103 5166/6598/5104
f 5167/6596/5102 5164/6595/5101 5166/6599/5104 5169/6600/5105
f 5156/6582/5092 5158/6583/5093 5167/6596/5102 5168/6601/5106
f 5168/6601/5106 5167/6596/5102 5169/6600/5105 5170/6602/5107
f 5170/6602/5107 5169/6600/5105 5171/6603/5108 5172/6604/5109
f 5169/6600/5105 5166/6599/5104 5174/6605/5110 5171/6603/5108
f 5172/6604/5109 5171/6603/5108 5173/6606/5111 5192/6607/5112
f 5171/6603/5108 5174/6605/5110 5175/6608/5113 5173/6606/5111
f 5166/6598/5104 5178/6597/5103 5176/6609/5114 5174/6610/5110
f 5174/6610/5110 5176/6609/5114 5177/6611/5115 5175/6612/5113
f 5178/6597/5103 4735/6003/4663 4737/6004/4664 5176/6609/5114
f 5176/6609/5114 4737/6004/4664 4739/6006/4666 5177/6611/5115
f 5165/6593/5100 5201/6002/4662 4735/6003/4663 5178/6597/5103
f 5177/6611/5115 4739/6006/4666 5180/6009/4669 5179/6613/5116
f 5175/6612/5113 5177/6611/5115 5179/6613/5116 5182/6614/4743
f 5179/6613/5116 5180/6009/4669 5183/6615/5117 5181/6108/4738
f 5182/6614/4743 5179/6613/5116 5181/6108/4738 4803/6107/4737
f 5173/6606/5111 5175/6608/5113 5182/6114/4743 4807/6113/4742
f 5181/6108/4738 5183/6615/5117 5184/6616/5118 4802/6102/4735
f 5183/6615/5117 4746/6018/4675 5186/6020/4677 5184/6616/5118
f 5180/6009/4669 4740/6008/4668 4746/6018/4675 5183/6615/5117
f 4802/6102/4735 5184/6616/5118 5185/6617/5119 4800/6103/4732
f 5184/6616/5118 5186/6020/4677 4756/6033/4688 5185/6617/5119
f 4800/6103/4732 5185/6617/5119 5187/6618/5120 4798/6619/4733
f 5185/6617/5119 4756/6033/4688 4758/6035/4689 5187/6618/5120
f 4798/6099/4733 5187/6620/5120 5188/6621/5121 5189/6091/4727
f 5187/6620/5120 4758/6036/4689 4760/6039/4691 5188/6621/5121
f 4760/6039/4691 4762/6043/4693 5190/6622/5122 5188/6621/5121
f 5188/6621/5121 5190/6622/5122 4793/6085/4724 5189/6091/4727
f 5190/6622/5122 5191/6623/5123 4791/6086/4723 4793/6085/4724
f 4762/6043/4693 4764/6624/4695 5191/6623/5123 5190/6622/5122
f 4764/6624/4695 4776/6625/4697 4778/6626/4709 5191/6623/5123
f 5191/6623/5123 4778/6626/4709 4780/6627/4711 4791/6086/4723
f 5192/6607/5112 5173/6606/5111 4807/6113/4742 4809/6115/4744
f 5194/6628/5124 5172/6604/5109 5192/6607/5112 5193/6629/5125
f 5193/6629/5125 5192/6607/5112 4809/6115/4744 4811/6116/4745
f 5196/6630/4791 5194/6628/5124 5193/6629/5125 5195/6631/5126
f 5195/6631/5126 5193/6629/5125 4811/6116/4745 5198/6119/4748
f 4852/6170/4788 5196/6173/4791 5195/6632/5126 5197/6633/5127
f 5197/6633/5127 5195/6632/5126 5198/6129/4748 4818/6128/4755
f 4850/6168/4786 4852/6170/4788 5197/6633/5127 5199/6634/5128
f 5199/6634/5128 5197/6633/5127 4818/6128/4755 4820/6130/4756
f 4835/6149/4771 4850/6168/4786 5199/6634/5128 4833/6147/4769
f 4833/6147/4769 5199/6634/5128 4820/6130/4756 4822/6131/4757
f 4853/6182/4790 5200/6181/4797 5194/6628/5124 5196/6630/4791
f 5200/6181/4797 5170/6602/5107 5172/6604/5109 5194/6628/5124
f 4857/6179/4796 5168/6601/5106 5170/6602/5107 5200/6181/4797
f 4859/6178/4795 5156/6582/5092 5168/6601/5106 4857/6179/4796
f 5163/6589/5098 5202/6635/5129 5201/6002/4662 5165/6593/5100
f 5202/6635/5129 5204/5983/4647 4731/5995/4657 5201/6002/4662
f 5203/6636/5130 4721/5979/4644 5204/5983/4647 5202/6635/5129
f 5160/6588/5097 5203/6636/5130 5202/6635/5129 5163/6589/5098
f 5207/6592/5099 5205/6637/5131 5203/6636/5130 5160/6588/5097
f 5205/6637/5131 4719/5977/4642 4721/5979/4644 5203/6636/5130
f 5206/6638/5132 4717/5974/4641 4719/5977/4642 5205/6637/5131
f 5208/6639/5133 5206/6640/5132 5205/6641/5131 5207/6642/5099
f 5209/6643/5134 5208/6639/5133 5207/6642/5099 5161/6644/5096
f 4977/6346/4921 5211/6345/4920 5206/6640/5132 5208/6639/5133
f 4979/6347/4922 4977/6346/4921 5208/6639/5133 5209/6643/5134
f 5210/6581/5091 5209/6645/5134 5161/6586/5096 5154/6579/5089
f 4982/6646/4924 4979/6347/4922 5209/6643/5134 5210/6647/5091
f 5213/6354/4927 4982/6351/4924 5210/6581/5091 5151/6576/5086
f 5211/6345/4920 5212/5960/4630 4717/5973/4641 5206/6640/5132
f 4976/6342/4917 4707/5954/4625 5212/5960/4630 5211/6345/4920
f 4974/6341/4916 4704/5952/4623 4707/5954/4625 4976/6342/4917
f 4702/5950/4622 4704/5952/4623 4974/6341/4916 4972/6340/4915
f 5220/5923/4603 4702/5950/4622 4972/6340/4915 4684/5920/4600
f 4915/6261/4856 4917/6260/4858 4934/6284/4875 4953/6313/4895
f 4729/5992/4655 4840/5991/4654 4838/6156/4776 5216/5998/4659
f 5216/5998/4659 4838/6156/4776 5217/6145/4768 4742/6011/4671
f 4742/6011/4671 5217/6145/4768 4830/6025/4681 4744/6013/4672
o Cube.017
v -0.596661 0.957429 0.037765
v -0.591565 0.961119 0.040035
v -0.598320 0.955873 0.031483
v -0.599143 0.956812 0.040072
v -0.603008 0.958844 0.041737
v -0.592817 0.961649 0.044918
v -0.602934 0.953795 0.032110
v -0.607327 0.955473 0.032930
v -0.604199 0.952747 0.022310
v -0.608765 0.954338 0.022310
v -0.602934 0.953795 0.012510
v -0.599154 0.955091 0.022310
v -0.592090 0.959943 0.022310
v -0.598320 0.955873 0.013137
v -0.591767 0.960388 0.012517
v -0.596661 0.957429 0.006855
v -0.591565 0.961119 0.004585
v -0.599143 0.956812 0.004548
v -0.592817 0.961649 -0.000298
v -0.603008 0.958844 0.002883
v -0.596039 0.964230 -0.002596
v -0.609153 0.965857 0.002675
v -0.607327 0.955473 0.011690
v -0.613520 0.962473 0.011572
v -0.614975 0.961344 0.022310
v -0.623563 0.976264 0.012069
v -0.638532 0.997245 0.012928
v -0.619393 0.979480 0.003584
v -0.624954 0.975192 0.022310
v -0.639841 0.996314 0.022310
v -0.623563 0.976264 0.032551
v -0.638532 0.997245 0.031692
v -0.619393 0.979480 0.041036
v -0.613520 0.962473 0.033048
v -0.609153 0.965857 0.041945
v -0.602116 0.971302 0.047470
v -0.593625 0.977874 0.049312
v -0.596039 0.964230 0.047216
v -0.612674 0.984662 0.046303
v -0.628539 1.004898 0.044280
v -0.604564 0.990915 0.048059
v -0.621128 1.010646 0.045883
v -0.596455 0.997169 0.046303
v -0.613644 1.016308 0.044280
v -0.589736 1.002350 0.041036
v -0.585136 0.984449 0.047470
v -0.579257 0.977248 0.047216
v -0.578102 0.989897 0.041945
v -0.572309 0.982659 0.041737
v -0.573732 0.993278 0.033048
v -0.572275 0.994404 0.022310
v -0.567969 0.986005 0.032930
v -0.585565 1.005566 0.032551
v -0.603651 1.023961 0.031692
v -0.584175 1.006638 0.022310
v -0.602415 1.024979 0.022310
v -0.585565 1.005566 0.012069
v -0.603651 1.023961 0.012928
v -0.589736 1.002350 0.003584
v -0.573732 0.993278 0.011572
v -0.567969 0.986005 0.011690
v -0.578102 0.989897 0.002675
v -0.572309 0.982659 0.002883
v -0.585136 0.984449 -0.002850
v -0.593625 0.977874 -0.004692
v -0.579257 0.977248 -0.002596
v -0.596455 0.997169 -0.001683
v -0.613644 1.016308 0.000340
v -0.604564 0.990915 -0.003439
v -0.621128 1.010646 -0.001263
v -0.612674 0.984662 -0.001683
v -0.628539 1.004898 0.000340
v -0.602116 0.971302 -0.002850
v -0.646724 1.028325 0.003086
v -0.634671 1.000131 0.005157
v -0.651851 1.023864 0.007262
v -0.666956 1.045753 0.009772
v -0.655468 1.021688 0.014065
v -0.656854 1.021205 0.022310
v -0.670627 1.045113 0.015358
v -0.672407 1.045630 0.022310
v -0.681184 1.064346 0.016265
v -0.683620 1.066364 0.022310
v -0.676297 1.060361 0.012016
v -0.685296 1.077588 0.016210
v -0.683249 1.084618 0.016010
v -0.688309 1.080865 0.022310
v -0.676829 1.067591 0.010833
v -0.663582 1.050408 0.006544
v -0.673965 1.073564 0.010265
v -0.658983 1.055726 0.005512
v -0.667151 1.074834 0.010833
v -0.652481 1.058777 0.006544
v -0.659821 1.072703 0.012016
v -0.675507 1.084867 0.016210
v -0.678190 1.088372 0.022310
v -0.662796 1.078079 0.016265
v -0.645436 1.064072 0.015358
v -0.664310 1.080763 0.022310
v -0.645560 1.065821 0.022310
v -0.662796 1.078079 0.028355
v -0.645436 1.064072 0.029262
v -0.659821 1.072703 0.032605
v -0.675507 1.084867 0.028410
v -0.683249 1.084618 0.028611
v -0.667151 1.074834 0.033787
v -0.652481 1.058777 0.038076
v -0.673965 1.073564 0.034356
v -0.658983 1.055726 0.039109
v -0.676829 1.067591 0.033787
v -0.663582 1.050408 0.038076
v -0.676297 1.060361 0.032605
v -0.685296 1.077588 0.028410
v -0.681184 1.064346 0.028355
v -0.670627 1.045113 0.029262
v -0.655468 1.021688 0.030555
v -0.666956 1.045753 0.034848
v -0.651851 1.023864 0.037359
v -0.634671 1.000131 0.039463
v -0.646724 1.028325 0.041534
v -0.640451 1.033658 0.042908
v -0.633596 1.038299 0.041534
v -0.627887 1.042066 0.037359
v -0.646932 1.060841 0.034848
v -0.624851 1.044936 0.030555
v -0.607439 1.020989 0.039463
v -0.624048 1.046112 0.022310
v -0.624851 1.044936 0.014065
v -0.627887 1.042066 0.007262
v -0.646932 1.060841 0.009772
v -0.633596 1.038299 0.003086
v -0.607439 1.020989 0.005157
v -0.640451 1.033658 0.001713
v -0.686358 1.088320 0.022310
v -0.587638 0.970727 -0.004428
v -0.577335 0.973668 -0.000298
v -0.585043 0.967619 -0.001941
v -0.571083 0.978596 0.004548
v -0.577075 0.972370 0.004585
v -0.584252 0.966662 0.003443
v -0.576298 0.972401 0.012517
v -0.572246 0.976387 0.006855
v -0.570319 0.977616 0.013137
v -0.569351 0.978234 0.022310
v -0.567218 0.981523 0.012510
v -0.565888 0.982491 0.022310
v -0.566512 0.987116 0.022310
v -0.567218 0.981523 0.032110
v -0.571083 0.978596 0.040072
v -0.570319 0.977616 0.031483
v -0.576298 0.972401 0.032103
v -0.572246 0.976387 0.037765
v -0.577075 0.972370 0.040035
v -0.584252 0.966662 0.041177
v -0.577335 0.973668 0.044918
v -0.585043 0.967619 0.046561
v -0.587638 0.970727 0.049048
v -0.583936 0.966276 0.032635
v -0.583830 0.966147 0.022310
v -0.591767 0.960388 0.032103
v -0.583936 0.966276 0.011985
v -0.575781 0.972609 0.022310
vn 0.5529 -0.8191 0.1529
vn 0.3107 -0.7522 0.5810
vn 0.1237 -0.8856 0.4476
vn 0.4885 -0.8609 0.1424
vn 0.4844 -0.8724 0.0656
vn 0.5824 -0.8120 0.0381
vn 0.0306 -0.9759 0.2159
vn -0.3535 -0.6460 0.6765
vn -0.5187 -0.7852 0.3382
vn -0.0927 -0.4332 0.8965
vn -0.5640 -0.8258 -0.0000
vn 0.0165 -0.9999 -0.0000
vn 0.4884 -0.8726 -0.0000
vn -0.5188 -0.7852 -0.3382
vn 0.0306 -0.9759 -0.2159
vn 0.4844 -0.8724 -0.0656
vn 0.5824 -0.8120 -0.0381
vn 0.5828 -0.8126 -0.0000
vn 0.4885 -0.8608 -0.1424
vn 0.5529 -0.8191 -0.1529
vn 0.1237 -0.8856 -0.4476
vn 0.3107 -0.7522 -0.5810
vn -0.3535 -0.6460 -0.6765
vn -0.0927 -0.4332 -0.8965
vn -0.5559 -0.4369 -0.7071
vn -0.2860 -0.2109 -0.9347
vn -0.7306 -0.5831 -0.3553
vn -0.7807 -0.6250 -0.0000
vn -0.8143 -0.5804 -0.0000
vn -0.7650 -0.5378 -0.3545
vn -0.5909 -0.3902 -0.7061
vn -0.8215 -0.5702 -0.0000
vn -0.7722 -0.5275 -0.3544
vn -0.5982 -0.3797 -0.7056
vn -0.7650 -0.5378 0.3545
vn -0.7722 -0.5275 0.3544
vn -0.7306 -0.5831 0.3553
vn -0.5909 -0.3902 0.7061
vn -0.5982 -0.3797 0.7056
vn -0.5559 -0.4369 0.7071
vn -0.2860 -0.2109 0.9347
vn -0.3202 -0.1647 0.9329
vn -0.0136 0.0176 0.9998
vn -0.0482 0.0624 0.9969
vn 0.1709 -0.2189 0.9607
vn -0.0557 0.0725 0.9958
vn -0.3276 -0.1544 0.9321
vn 0.2221 0.2903 0.9308
vn 0.2142 0.3003 0.9295
vn 0.2589 0.2457 0.9341
vn 0.4894 0.5162 0.7029
vn 0.4808 0.5258 0.7017
vn 0.5283 0.4713 0.7063
vn 0.6957 0.2206 0.6837
vn 0.4330 0.0009 0.9014
vn 0.8675 0.3601 0.3431
vn 0.7023 0.6172 0.3547
vn 0.6631 0.6604 0.3523
vn 0.7520 0.6591 -0.0000
vn 0.7130 0.7011 -0.0000
vn 0.9174 0.3980 -0.0000
vn 0.7040 0.7102 -0.0000
vn 0.6541 0.6696 0.3517
vn 0.6631 0.6604 -0.3523
vn 0.6541 0.6696 -0.3517
vn 0.7023 0.6172 -0.3547
vn 0.4894 0.5162 -0.7029
vn 0.4808 0.5258 -0.7017
vn 0.5283 0.4713 -0.7063
vn 0.6956 0.2206 -0.6837
vn 0.8675 0.3601 -0.3431
vn 0.4330 0.0009 -0.9014
vn 0.2589 0.2457 -0.9341
vn 0.2221 0.2903 -0.9308
vn -0.0136 0.0176 -0.9998
vn -0.0482 0.0624 -0.9969
vn 0.1709 -0.2189 -0.9607
vn -0.0557 0.0725 -0.9958
vn 0.2142 0.3003 -0.9295
vn -0.3202 -0.1647 -0.9329
vn -0.3276 -0.1544 -0.9321
vn -0.6109 -0.3611 -0.7046
vn -0.3418 -0.1361 -0.9299
vn -0.0699 0.0918 -0.9933
vn -0.7848 -0.5078 -0.3551
vn -0.6321 -0.3281 -0.7020
vn -0.3705 -0.0996 -0.9235
vn -0.8090 -0.4672 -0.3567
vn -0.8350 -0.5502 -0.0000
vn -0.8646 -0.5025 -0.0000
vn -0.9299 -0.3679 -0.0000
vn -0.8305 -0.3379 -0.4428
vn -0.6596 -0.2833 -0.6962
vn -0.7711 -0.0393 -0.6355
vn -0.9988 0.0497 -0.0000
vn -0.5034 -0.0641 -0.8617
vn -0.1866 0.2496 -0.9502
vn -0.4019 0.5265 -0.7492
vn -0.6188 0.7855 -0.0000
vn -0.1024 0.1359 -0.9854
vn 0.1707 0.4955 -0.8516
vn 0.1736 0.3560 -0.9182
vn 0.2038 0.7563 -0.6217
vn 0.4029 0.6050 -0.6867
vn 0.4395 0.5699 -0.6943
vn 0.4866 0.7596 -0.4316
vn 0.1728 0.9850 -0.0000
vn 0.5327 0.8463 -0.0000
vn 0.6032 0.7160 -0.3513
vn 0.6465 0.7629 -0.0000
vn 0.4866 0.7596 0.4316
vn 0.6032 0.7160 0.3513
vn 0.2038 0.7563 0.6217
vn 0.4029 0.6050 0.6867
vn 0.4395 0.5698 0.6943
vn 0.1707 0.4955 0.8516
vn -0.4019 0.5265 0.7492
vn -0.1866 0.2496 0.9502
vn 0.1736 0.3560 0.9182
vn -0.1024 0.1359 0.9854
vn -0.5033 -0.0641 0.8617
vn -0.3705 -0.0996 0.9235
vn -0.7711 -0.0393 0.6355
vn -0.6596 -0.2833 0.6962
vn -0.6321 -0.3281 0.7020
vn -0.8305 -0.3379 0.4428
vn -0.8090 -0.4672 0.3567
vn -0.6109 -0.3611 0.7046
vn -0.7848 -0.5078 0.3551
vn -0.3418 -0.1361 0.9299
vn -0.0699 0.0918 0.9933
vn 0.2006 0.3190 0.9263
vn 0.4658 0.5422 0.6993
vn 0.6376 0.6856 0.3515
vn 0.6869 0.7267 -0.0000
vn 0.6376 0.6856 -0.3515
vn 0.4658 0.5422 -0.6993
vn 0.2006 0.3190 -0.9263
vn 0.4869 -0.6244 -0.6108
vn 0.6527 -0.4790 -0.5869
vn 0.8299 -0.3212 -0.4562
vn 0.6064 -0.7808 -0.1500
vn 0.6569 -0.7382 -0.1535
vn 0.7139 -0.6855 -0.1432
vn 0.6426 -0.7653 -0.0381
vn 0.6129 -0.7892 -0.0381
vn 0.7262 -0.6843 -0.0662
vn 0.9433 -0.2468 -0.2218
vn 0.7254 -0.6884 -0.0000
vn 0.6430 -0.7659 -0.0000
vn 0.9714 -0.2375 -0.0000
vn 0.9433 -0.2468 0.2218
vn 0.7262 -0.6843 0.0662
vn 0.8299 -0.3212 0.4562
vn 0.7139 -0.6855 0.1432
vn 0.6426 -0.7653 0.0381
vn 0.6569 -0.7382 0.1535
vn 0.6528 -0.4790 0.5869
vn 0.6129 -0.7892 0.0381
vn 0.6064 -0.7808 0.1500
vn 0.4869 -0.6244 0.6108
vn 0.6133 -0.7898 -0.0000
vt 0.530402 0.986355
vt 0.530475 0.987773
vt 0.527925 0.986735
vt 0.528468 0.985983
vt 0.527499 0.984268
vt 0.529827 0.984089
vt 0.526128 0.984648
vt 0.207785 0.995671
vt 0.207322 0.994430
vt 0.210045 0.994192
vt 0.210244 0.995475
vt 0.104537 0.912535
vt 0.104697 0.911462
vt 0.107419 0.911081
vt 0.106995 0.912184
vt 0.213217 0.994116
vt 0.213170 0.995417
vt 0.525171 0.981878
vt 0.526718 0.981658
vt 0.216303 0.994192
vt 0.216019 0.995475
vt 0.525171 0.978951
vt 0.526603 0.978935
vt 0.528871 0.978396
vt 0.529192 0.981271
vt 0.526960 0.976998
vt 0.528671 0.976050
vt 0.526192 0.976409
vt 0.528268 0.974630
vt 0.511851 0.992827
vt 0.511271 0.991729
vt 0.513643 0.992077
vt 0.513999 0.993149
vt 0.218771 0.994430
vt 0.218252 0.995671
vt 0.511133 0.989019
vt 0.513529 0.989368
vt 0.216319 0.991440
vt 0.218812 0.991685
vt 0.213199 0.991358
vt 0.213124 0.986400
vt 0.216101 0.986479
vt 0.218478 0.986716
vt 0.213006 0.978907
vt 0.215733 0.978998
vt 0.217910 0.979236
vt 0.210066 0.986479
vt 0.210204 0.978998
vt 0.209992 0.991440
vt 0.207443 0.986716
vt 0.207802 0.979236
vt 0.207241 0.991685
vt 0.104670 0.908754
vt 0.104452 0.903734
vt 0.107074 0.903365
vt 0.107419 0.908372
vt 0.101467 0.908985
vt 0.101398 0.903959
vt 0.101530 0.911692
vt 0.101303 0.896340
vt 0.104100 0.896141
vt 0.106501 0.895813
vt 0.098429 0.904018
vt 0.098584 0.896419
vt 0.098354 0.909039
vt 0.131051 0.762025
vt 0.131113 0.754413
vt 0.133560 0.754280
vt 0.133725 0.761906
vt 0.131000 0.767069
vt 0.133804 0.766950
vt 0.130912 0.769795
vt 0.133690 0.769684
vt 0.098450 0.911738
vt 0.127846 0.769778
vt 0.127905 0.767049
vt 0.128100 0.762008
vt 0.124948 0.766908
vt 0.125280 0.761874
vt 0.124921 0.769643
vt 0.125829 0.754248
vt 0.128411 0.754386
vt 0.123027 0.761653
vt 0.123764 0.754061
vt 0.122586 0.766677
vt 0.522279 0.984402
vt 0.521679 0.976843
vt 0.523387 0.976516
vt 0.524148 0.984057
vt 0.522642 0.989409
vt 0.524602 0.989045
vt 0.522658 0.992105
vt 0.524602 0.991747
vt 0.122586 0.769410
vt 0.519867 0.992282
vt 0.519823 0.989582
vt 0.519591 0.984561
vt 0.516605 0.989563
vt 0.516522 0.984536
vt 0.516685 0.992271
vt 0.516405 0.976916
vt 0.519217 0.976965
vt 0.513589 0.984346
vt 0.513718 0.976750
vt 0.511304 0.984009
vt 0.511626 0.976450
vt 0.512095 0.967820
vt 0.513925 0.967971
vt 0.516284 0.968008
vt 0.215255 0.970389
vt 0.217164 0.970720
vt 0.512719 0.959972
vt 0.514219 0.959708
vt 0.214721 0.962369
vt 0.216296 0.963025
vt 0.212857 0.970191
vt 0.212693 0.961883
vt 0.212521 0.955256
vt 0.214297 0.956189
vt 0.215537 0.958047
vt 0.214154 0.952609
vt 0.212349 0.951296
vt 0.514478 0.953178
vt 0.513327 0.954845
vt 0.513095 0.952839
vt 0.514566 0.949102
vt 0.516203 0.952398
vt 0.516310 0.947915
vt 0.538735 0.658520
vt 0.540591 0.658762
vt 0.540586 0.660323
vt 0.538665 0.660121
vt 0.516204 0.959420
vt 0.518020 0.953356
vt 0.518292 0.959898
vt 0.518139 0.949293
vt 0.519358 0.955145
vt 0.520065 0.960317
vt 0.519819 0.953183
vt 0.516513 0.946207
vt 0.518397 0.947718
vt 0.126894 0.730555
vt 0.127849 0.726545
vt 0.129362 0.725353
vt 0.128324 0.729774
vt 0.521212 0.959607
vt 0.125810 0.737047
vt 0.127377 0.736762
vt 0.129889 0.730765
vt 0.129254 0.737288
vt 0.130871 0.726756
vt 0.131085 0.732602
vt 0.131145 0.737790
vt 0.132110 0.730698
vt 0.099410 0.868736
vt 0.101172 0.867338
vt 0.101115 0.871823
vt 0.099370 0.872801
vt 0.130416 0.723737
vt 0.131939 0.725272
vt 0.132859 0.737190
vt 0.099123 0.879346
vt 0.101132 0.878845
vt 0.102922 0.872582
vt 0.103208 0.879109
vt 0.102993 0.868505
vt 0.104233 0.874234
vt 0.104936 0.879353
vt 0.104647 0.872222
vt 0.210734 0.956189
vt 0.210559 0.952609
vt 0.540591 0.662319
vt 0.538735 0.662194
vt 0.208908 0.963025
vt 0.209471 0.958047
vt 0.210624 0.962369
vt 0.208296 0.970720
vt 0.210397 0.970389
vt 0.103663 0.887367
vt 0.105765 0.887192
vt 0.101204 0.887432
vt 0.098817 0.887631
vt 0.131157 0.745715
vt 0.133292 0.745470
vt 0.128802 0.745577
vt 0.126541 0.745338
vt 0.124717 0.745291
vt 0.520913 0.968200
vt 0.522394 0.967801
vt 0.518756 0.968179
vt 0.516808 0.993335
vt 0.519743 0.993336
vt 0.522262 0.993167
vt 0.531280 0.975292
vt 0.531035 0.973696
vt 0.533964 0.973715
vt 0.534003 0.975193
vt 0.536515 0.974750
vt 0.535942 0.975554
vt 0.534563 0.977482
vt 0.531689 0.977788
vt 0.536905 0.977280
vt 0.538311 0.976840
vt 0.537683 0.979896
vt 0.535193 0.980307
vt 0.539266 0.979613
vt 0.536969 0.974090
vt 0.538990 0.976395
vt 0.123130 0.770550
vt 0.125292 0.770774
vt 0.127985 0.770889
vt 0.539267 0.982537
vt 0.537801 0.982612
vt 0.130739 0.770895
vt 0.538249 0.985076
vt 0.537451 0.984539
vt 0.535519 0.983175
vt 0.535733 0.985498
vt 0.536170 0.986858
vt 0.532697 0.983790
vt 0.533121 0.986261
vt 0.533402 0.987795
vt 0.133224 0.770806
vt 0.098773 0.912788
vt 0.101616 0.912754
vt 0.532190 0.980793
s 1
f 5222/6648/5135 5226/6649/5136 5224/6650/5137 5221/6651/5138
f 5223/6652/5139 5380/6653/5140 5222/6648/5135 5221/6651/5138
f 5221/6651/5138 5224/6650/5137 5227/6654/5141 5223/6652/5139
f 5224/6655/5137 5225/6656/5142 5228/6657/5143 5227/6658/5141
f 5226/6659/5136 5258/6660/5144 5225/6661/5142 5224/6662/5137
f 5227/6658/5141 5228/6657/5143 5230/6663/5145 5229/6664/5146
f 5223/6652/5139 5227/6654/5141 5229/6665/5146 5232/6666/5147
f 5229/6664/5146 5230/6663/5145 5243/6667/5148 5231/6668/5149
f 5232/6666/5147 5229/6665/5146 5231/6669/5149 5234/6670/5150
f 5234/6670/5150 5235/6671/5151 5233/6672/5152 5232/6666/5147
f 5232/6666/5147 5233/6672/5152 5380/6653/5140 5223/6652/5139
f 5236/6673/5153 5237/6674/5154 5235/6671/5151 5234/6670/5150
f 5234/6670/5150 5231/6669/5149 5238/6675/5155 5236/6673/5153
f 5236/6673/5153 5238/6675/5155 5239/6676/5156 5237/6674/5154
f 5238/6677/5155 5240/6678/5157 5241/6679/5158 5239/6680/5156
f 5231/6668/5149 5243/6667/5148 5240/6681/5157 5238/6682/5155
f 5240/6678/5157 5242/6683/5159 5293/6684/5160 5241/6679/5158
f 5243/6667/5148 5244/6685/5161 5242/6686/5159 5240/6681/5157
f 5230/6663/5145 5245/6687/5162 5244/6685/5161 5243/6667/5148
f 5245/6687/5162 5249/6688/5163 5246/6689/5164 5244/6685/5161
f 5244/6685/5161 5246/6689/5164 5248/6690/5165 5242/6686/5159
f 5249/6688/5163 5250/6691/5166 5247/6692/5167 5246/6689/5164
f 5246/6689/5164 5247/6692/5167 5295/6693/5168 5248/6690/5165
f 5251/6694/5169 5252/6695/5170 5250/6691/5166 5249/6688/5163
f 5254/6696/5171 5251/6694/5169 5249/6688/5163 5245/6687/5162
f 5253/6697/5172 5339/6698/5173 5252/6695/5170 5251/6694/5169
f 5255/6699/5174 5253/6697/5172 5251/6694/5169 5254/6696/5171
f 5225/6656/5142 5255/6699/5174 5254/6696/5171 5228/6657/5143
f 5228/6657/5143 5254/6696/5171 5245/6687/5162 5230/6663/5145
f 5256/6700/5175 5259/6701/5176 5253/6702/5172 5255/6703/5174
f 5258/6660/5144 5256/6700/5175 5255/6703/5174 5225/6661/5142
f 5257/6704/5177 5261/6705/5178 5259/6701/5176 5256/6700/5175
f 5377/6706/5179 5257/6704/5177 5256/6700/5175 5258/6660/5144
f 5261/6705/5178 5262/6707/5180 5260/6708/5181 5259/6701/5176
f 5259/6701/5176 5260/6708/5181 5339/6709/5173 5253/6702/5172
f 5263/6710/5182 5264/6711/5183 5262/6707/5180 5261/6705/5178
f 5266/6712/5184 5263/6710/5182 5261/6705/5178 5257/6704/5177
f 5265/6713/5185 5346/6714/5186 5264/6715/5183 5263/6716/5182
f 5268/6717/5187 5265/6713/5185 5263/6716/5182 5266/6718/5184
f 5269/6719/5188 5268/6717/5187 5266/6718/5184 5267/6720/5189
f 5267/6721/5189 5266/6712/5184 5257/6704/5177 5377/6706/5179
f 5272/6722/5190 5270/6723/5191 5268/6717/5187 5269/6719/5188
f 5270/6723/5191 5273/6724/5192 5265/6713/5185 5268/6717/5187
f 5271/6725/5193 5275/6726/5194 5273/6724/5192 5270/6723/5191
f 5367/6727/5195 5271/6725/5193 5270/6723/5191 5272/6722/5190
f 5275/6726/5194 5276/6728/5196 5274/6729/5197 5273/6724/5192
f 5273/6724/5192 5274/6729/5197 5346/6714/5186 5265/6713/5185
f 5277/6730/5198 5278/6731/5199 5276/6728/5196 5275/6726/5194
f 5280/6732/5200 5277/6730/5198 5275/6726/5194 5271/6725/5193
f 5279/6733/5201 5352/6734/5202 5278/6735/5199 5277/6736/5198
f 5282/6737/5203 5279/6733/5201 5277/6736/5198 5280/6738/5200
f 5283/6739/5204 5282/6737/5203 5280/6738/5200 5281/6740/5205
f 5281/6741/5205 5280/6732/5200 5271/6725/5193 5367/6727/5195
f 5286/6742/5206 5284/6743/5207 5282/6737/5203 5283/6739/5204
f 5284/6743/5207 5287/6744/5208 5279/6733/5201 5282/6737/5203
f 5285/6745/5209 5289/6746/5210 5287/6744/5208 5284/6743/5207
f 5355/6747/5211 5285/6745/5209 5284/6743/5207 5286/6742/5206
f 5289/6746/5210 5290/6748/5212 5288/6749/5213 5287/6744/5208
f 5287/6744/5208 5288/6749/5213 5352/6734/5202 5279/6733/5201
f 5291/6750/5214 5292/6751/5215 5290/6748/5212 5289/6746/5210
f 5293/6684/5160 5291/6750/5214 5289/6746/5210 5285/6745/5209
f 5248/6752/5165 5295/6753/5168 5292/6751/5215 5291/6750/5214
f 5242/6683/5159 5248/6752/5165 5291/6750/5214 5293/6684/5160
f 5241/6679/5158 5293/6684/5160 5285/6745/5209 5355/6747/5211
f 5295/6753/5168 5296/6754/5216 5294/6755/5217 5292/6751/5215
f 5292/6751/5215 5294/6755/5217 5353/6756/5218 5290/6748/5212
f 5247/6692/5167 5298/6757/5219 5296/6758/5216 5295/6693/5168
f 5296/6754/5216 5297/6759/5220 5309/6760/5221 5294/6755/5217
f 5298/6757/5219 5300/6761/5222 5297/6762/5220 5296/6758/5216
f 5299/6763/5223 5301/6764/5224 5300/6761/5222 5298/6757/5219
f 5250/6691/5166 5299/6763/5223 5298/6757/5219 5247/6692/5167
f 5301/6764/5224 5303/6765/5225 5302/6766/5226 5300/6761/5222
f 5300/6761/5222 5302/6766/5226 5304/6767/5227 5297/6762/5220
f 5305/6768/5228 5302/6766/5226 5303/6765/5225 5307/6769/5229
f 5308/6770/5230 5304/6771/5227 5302/6772/5226 5305/6773/5228
f 5310/6774/5231 5308/6770/5230 5305/6773/5228 5306/6775/5232
f 5306/6776/5232 5305/6777/5228 5307/6778/5229 5354/6779/5233
f 5297/6759/5220 5304/6771/5227 5308/6770/5230 5309/6760/5221
f 5309/6760/5221 5308/6770/5230 5310/6774/5231 5311/6780/5234
f 5311/6780/5234 5310/6774/5231 5312/6781/5235 5313/6782/5236
f 5312/6781/5235 5310/6774/5231 5306/6775/5232 5315/6783/5237
f 5313/6782/5236 5312/6781/5235 5314/6784/5238 5350/6785/5239
f 5314/6784/5238 5312/6781/5235 5315/6783/5237 5317/6786/5240
f 5315/6783/5237 5306/6775/5232 5354/6787/5233 5316/6788/5241
f 5317/6789/5240 5315/6790/5237 5316/6791/5241 5319/6792/5242
f 5350/6785/5239 5314/6784/5238 5317/6786/5240 5318/6793/5243
f 5318/6794/5243 5317/6789/5240 5319/6792/5242 5320/6795/5244
f 5320/6795/5244 5319/6792/5242 5321/6796/5245 5322/6797/5246
f 5319/6792/5242 5316/6791/5241 5324/6798/5247 5321/6796/5245
f 5322/6797/5246 5321/6796/5245 5323/6799/5248 5344/6800/5249
f 5321/6796/5245 5324/6798/5247 5326/6801/5250 5323/6799/5248
f 5324/6802/5247 5325/6803/5251 5328/6804/5252 5326/6805/5250
f 5316/6791/5241 5354/6806/5233 5325/6807/5251 5324/6798/5247
f 5344/6800/5249 5323/6799/5248 5326/6801/5250 5327/6808/5253
f 5327/6809/5253 5326/6805/5250 5328/6804/5252 5329/6810/5254
f 5329/6810/5254 5328/6804/5252 5330/6811/5255 5331/6812/5256
f 5325/6803/5251 5333/6813/5257 5330/6811/5255 5328/6804/5252
f 5331/6812/5256 5330/6811/5255 5332/6814/5258 5337/6815/5259
f 5333/6813/5257 5334/6816/5260 5332/6814/5258 5330/6811/5255
f 5307/6769/5229 5303/6765/5225 5334/6817/5260 5333/6818/5257
f 5354/6779/5233 5307/6778/5229 5333/6819/5257 5325/6820/5251
f 5337/6821/5259 5332/6822/5258 5334/6817/5260 5335/6823/5261
f 5335/6823/5261 5334/6817/5260 5303/6765/5225 5301/6764/5224
f 5338/6824/5262 5337/6821/5259 5335/6823/5261 5336/6825/5263
f 5336/6825/5263 5335/6823/5261 5301/6764/5224 5299/6763/5223
f 5340/6826/5264 5331/6812/5256 5337/6815/5259 5338/6827/5262
f 5260/6708/5181 5340/6826/5264 5338/6827/5262 5339/6709/5173
f 5339/6698/5173 5338/6824/5262 5336/6825/5263 5252/6695/5170
f 5341/6828/5265 5329/6810/5254 5331/6812/5256 5340/6826/5264
f 5262/6707/5180 5341/6828/5265 5340/6826/5264 5260/6708/5181
f 5342/6829/5266 5327/6809/5253 5329/6810/5254 5341/6828/5265
f 5264/6711/5183 5342/6829/5266 5341/6828/5265 5262/6707/5180
f 5346/6714/5186 5343/6830/5267 5342/6831/5266 5264/6715/5183
f 5343/6830/5267 5344/6800/5249 5327/6808/5253 5342/6831/5266
f 5345/6832/5268 5322/6797/5246 5344/6800/5249 5343/6830/5267
f 5274/6729/5197 5345/6832/5268 5343/6830/5267 5346/6714/5186
f 5347/6833/5269 5320/6795/5244 5322/6797/5246 5345/6832/5268
f 5276/6728/5196 5347/6833/5269 5345/6832/5268 5274/6729/5197
f 5348/6834/5270 5318/6794/5243 5320/6795/5244 5347/6833/5269
f 5278/6731/5199 5348/6834/5270 5347/6833/5269 5276/6728/5196
f 5352/6734/5202 5349/6835/5271 5348/6836/5270 5278/6735/5199
f 5349/6835/5271 5350/6785/5239 5318/6793/5243 5348/6836/5270
f 5351/6837/5272 5313/6782/5236 5350/6785/5239 5349/6835/5271
f 5288/6749/5213 5351/6837/5272 5349/6835/5271 5352/6734/5202
f 5353/6756/5218 5311/6780/5234 5313/6782/5236 5351/6837/5272
f 5290/6748/5212 5353/6756/5218 5351/6837/5272 5288/6749/5213
f 5294/6755/5217 5309/6760/5221 5311/6780/5234 5353/6756/5218
f 5252/6695/5170 5336/6825/5263 5299/6763/5223 5250/6691/5166
f 5357/6838/5273 5355/6747/5211 5286/6742/5206 5356/6839/5274
f 5356/6839/5274 5286/6742/5206 5283/6739/5204 5358/6840/5275
f 5360/6841/5276 5357/6842/5273 5356/6843/5274 5359/6844/5277
f 5359/6844/5277 5356/6843/5274 5358/6845/5275 5362/6846/5278
f 5360/6841/5276 5359/6844/5277 5361/6847/5279 5381/6848/5280
f 5359/6844/5277 5362/6846/5278 5363/6849/5281 5361/6847/5279
f 5362/6846/5278 5358/6845/5275 5365/6850/5282 5363/6849/5281
f 5361/6847/5279 5363/6849/5281 5364/6851/5283 5382/6852/5284
f 5363/6849/5281 5365/6850/5282 5366/6853/5285 5364/6851/5283
f 5358/6845/5275 5283/6854/5204 5281/6855/5205 5365/6850/5282
f 5365/6856/5282 5281/6741/5205 5367/6727/5195 5366/6857/5285
f 5366/6857/5285 5367/6727/5195 5272/6722/5190 5368/6858/5286
f 5364/6851/5283 5366/6853/5285 5368/6859/5286 5370/6860/5287
f 5368/6858/5286 5272/6722/5190 5269/6719/5188 5369/6861/5288
f 5370/6860/5287 5368/6859/5286 5369/6862/5288 5372/6863/5289
f 5382/6852/5284 5364/6851/5283 5370/6860/5287 5371/6864/5290
f 5371/6864/5290 5370/6860/5287 5372/6863/5289 5373/6865/5291
f 5372/6863/5289 5369/6862/5288 5375/6866/5292 5373/6865/5291
f 5378/6867/5293 5371/6864/5290 5373/6865/5291 5374/6868/5294
f 5373/6865/5291 5375/6866/5292 5376/6869/5295 5374/6868/5294
f 5369/6861/5288 5269/6719/5188 5267/6720/5189 5375/6870/5292
f 5375/6871/5292 5267/6721/5189 5377/6706/5179 5376/6872/5295
f 5376/6872/5295 5377/6706/5179 5258/6660/5144 5226/6659/5136
f 5374/6868/5294 5376/6869/5295 5226/6649/5136 5222/6648/5135
f 5380/6653/5140 5378/6867/5293 5374/6868/5294 5222/6648/5135
f 5379/6873/5296 5382/6852/5284 5371/6864/5290 5378/6867/5293
f 5233/6672/5152 5379/6873/5296 5378/6867/5293 5380/6653/5140
f 5381/6848/5280 5361/6847/5279 5382/6852/5284 5379/6873/5296
f 5235/6671/5151 5381/6848/5280 5379/6873/5296 5233/6672/5152
f 5237/6674/5154 5360/6841/5276 5381/6848/5280 5235/6671/5151
f 5237/6674/5154 5239/6676/5156 5357/6842/5273 5360/6841/5276
f 5239/6680/5156 5241/6679/5158 5355/6747/5211 5357/6838/5273
o Cube.018
v 0.596663 0.957429 0.037765
v 0.598321 0.955873 0.031483
v 0.591566 0.961119 0.040035
v 0.599145 0.956812 0.040072
v 0.592818 0.961649 0.044918
v 0.603009 0.958844 0.041737
v 0.602936 0.953795 0.032110
v 0.604201 0.952747 0.022310
v 0.607329 0.955473 0.032930
v 0.608766 0.954338 0.022310
v 0.613521 0.962473 0.033048
v 0.614977 0.961344 0.022310
v 0.609154 0.965857 0.041945
v 0.623565 0.976264 0.032551
v 0.619394 0.979480 0.041036
v 0.638533 0.997245 0.031692
v 0.624955 0.975192 0.022310
v 0.623565 0.976264 0.012069
v 0.639843 0.996314 0.022310
v 0.656856 1.021205 0.022310
v 0.638533 0.997245 0.012928
v 0.655470 1.021688 0.014065
v 0.634673 1.000131 0.005157
v 0.651852 1.023864 0.007262
v 0.619394 0.979480 0.003584
v 0.628541 1.004898 0.000340
v 0.621129 1.010646 -0.001263
v 0.646726 1.028325 0.003086
v 0.612675 0.984662 -0.001683
v 0.604566 0.990915 -0.003439
v 0.602118 0.971302 -0.002850
v 0.593626 0.977874 -0.004692
v 0.596041 0.964230 -0.002596
v 0.609154 0.965857 0.002675
v 0.603009 0.958844 0.002883
v 0.613521 0.962473 0.011572
v 0.607329 0.955473 0.011690
v 0.602936 0.953795 0.012510
v 0.599145 0.956812 0.004548
v 0.598321 0.955873 0.013137
v 0.596663 0.957429 0.006855
v 0.591769 0.960388 0.012517
v 0.599156 0.955091 0.022310
v 0.592092 0.959943 0.022310
v 0.583831 0.966147 0.022310
v 0.591769 0.960388 0.032103
v 0.583937 0.966276 0.032635
v 0.576300 0.972401 0.032103
v 0.584254 0.966662 0.041177
v 0.577076 0.972370 0.040035
v 0.585045 0.967619 0.046561
v 0.577337 0.973668 0.044918
v 0.587640 0.970727 0.049048
v 0.579259 0.977248 0.047216
v 0.593626 0.977874 0.049312
v 0.596041 0.964230 0.047216
v 0.602118 0.971302 0.047470
v 0.612675 0.984662 0.046303
v 0.628541 1.004898 0.044280
v 0.604566 0.990915 0.048059
v 0.621129 1.010646 0.045883
v 0.596457 0.997169 0.046303
v 0.589738 1.002350 0.041036
v 0.613645 1.016308 0.044280
v 0.585137 0.984449 0.047470
v 0.578103 0.989897 0.041945
v 0.572310 0.982659 0.041737
v 0.573734 0.993278 0.033048
v 0.567971 0.986005 0.032930
v 0.572276 0.994404 0.022310
v 0.585567 1.005566 0.032551
v 0.603653 1.023961 0.031692
v 0.584177 1.006638 0.022310
v 0.602416 1.024979 0.022310
v 0.585567 1.005566 0.012069
v 0.589738 1.002350 0.003584
v 0.603653 1.023961 0.012928
v 0.573734 0.993278 0.011572
v 0.567971 0.986005 0.011690
v 0.578103 0.989897 0.002675
v 0.572310 0.982659 0.002883
v 0.585137 0.984449 -0.002850
v 0.579259 0.977248 -0.002596
v 0.596457 0.997169 -0.001683
v 0.613645 1.016308 0.000340
v 0.633597 1.038299 0.003086
v 0.607441 1.020989 0.005157
v 0.627888 1.042066 0.007262
v 0.646933 1.060841 0.009772
v 0.624853 1.044936 0.014065
v 0.624049 1.046112 0.022310
v 0.645438 1.064072 0.015358
v 0.645561 1.065821 0.022310
v 0.662798 1.078079 0.016265
v 0.659823 1.072703 0.012016
v 0.664311 1.080763 0.022310
v 0.675509 1.084867 0.016210
v 0.678191 1.088372 0.022310
v 0.683251 1.084618 0.016010
v 0.667153 1.074834 0.010833
v 0.652483 1.058777 0.006544
v 0.673966 1.073564 0.010265
v 0.658985 1.055726 0.005512
v 0.676831 1.067591 0.010833
v 0.663583 1.050408 0.006544
v 0.676299 1.060361 0.012016
v 0.685297 1.077588 0.016210
v 0.688310 1.080865 0.022310
v 0.681186 1.064346 0.016265
v 0.670628 1.045113 0.015358
v 0.683621 1.066364 0.022310
v 0.672408 1.045630 0.022310
v 0.681186 1.064346 0.028355
v 0.670628 1.045113 0.029262
v 0.676299 1.060361 0.032605
v 0.685297 1.077588 0.028410
v 0.683251 1.084618 0.028611
v 0.676831 1.067591 0.033787
v 0.663583 1.050408 0.038076
v 0.673966 1.073564 0.034356
v 0.658985 1.055726 0.039109
v 0.667153 1.074834 0.033787
v 0.652483 1.058777 0.038076
v 0.659823 1.072703 0.032605
v 0.675509 1.084867 0.028410
v 0.662798 1.078079 0.028355
v 0.645438 1.064072 0.029262
v 0.624853 1.044936 0.030555
v 0.646933 1.060841 0.034848
v 0.627888 1.042066 0.037359
v 0.607441 1.020989 0.039463
v 0.633597 1.038299 0.041534
v 0.640453 1.033659 0.042908
v 0.646726 1.028325 0.041534
v 0.651852 1.023864 0.037359
v 0.655470 1.021688 0.030555
v 0.634673 1.000131 0.039463
v 0.666957 1.045753 0.034848
v 0.686360 1.088320 0.022310
v 0.666957 1.045753 0.009772
v 0.640453 1.033659 0.001713
v 0.577337 0.973668 -0.000298
v 0.587640 0.970727 -0.004428
v 0.585045 0.967619 -0.001941
v 0.592818 0.961649 -0.000298
v 0.584254 0.966662 0.003443
v 0.583937 0.966276 0.011985
v 0.591566 0.961119 0.004585
v 0.577076 0.972370 0.004585
v 0.576300 0.972401 0.012517
v 0.572248 0.976387 0.006855
v 0.570321 0.977616 0.013137
v 0.571085 0.978596 0.004548
v 0.567220 0.981523 0.012510
v 0.565889 0.982491 0.022310
v 0.566514 0.987116 0.022310
v 0.567220 0.981523 0.032110
v 0.569352 0.978234 0.022310
v 0.575782 0.972609 0.022310
v 0.570321 0.977616 0.031483
v 0.572248 0.976387 0.037765
v 0.571085 0.978596 0.040072
vn -0.4885 -0.8608 0.1424
vn -0.4844 -0.8724 0.0656
vn -0.0305 -0.9759 0.2159
vn -0.1237 -0.8856 0.4476
vn -0.5529 -0.8191 0.1529
vn -0.5824 -0.8120 0.0381
vn -0.3107 -0.7522 0.5810
vn 0.3535 -0.6460 0.6765
vn 0.0927 -0.4332 0.8965
vn 0.5188 -0.7852 0.3382
vn -0.4884 -0.8726 -0.0000
vn -0.0165 -0.9999 -0.0000
vn 0.5640 -0.8258 -0.0000
vn 0.7807 -0.6250 -0.0000
vn 0.7306 -0.5831 0.3553
vn 0.5559 -0.4369 0.7071
vn 0.8143 -0.5804 -0.0000
vn 0.7650 -0.5378 0.3545
vn 0.5909 -0.3902 0.7061
vn 0.7722 -0.5275 0.3544
vn 0.5982 -0.3797 0.7056
vn 0.8215 -0.5702 -0.0000
vn 0.7306 -0.5831 -0.3553
vn 0.7650 -0.5378 -0.3545
vn 0.7722 -0.5275 -0.3544
vn 0.8350 -0.5502 -0.0000
vn 0.7848 -0.5078 0.3551
vn 0.7848 -0.5078 -0.3551
vn 0.5982 -0.3797 -0.7056
vn 0.6109 -0.3611 -0.7046
vn 0.5909 -0.3902 -0.7061
vn 0.3276 -0.1544 -0.9321
vn 0.3418 -0.1361 -0.9299
vn 0.3202 -0.1647 -0.9329
vn 0.0482 0.0624 -0.9969
vn 0.0557 0.0725 -0.9958
vn 0.0699 0.0918 -0.9933
vn 0.5559 -0.4369 -0.7071
vn 0.2861 -0.2109 -0.9347
vn 0.0136 0.0176 -0.9998
vn 0.0927 -0.4332 -0.8965
vn -0.1709 -0.2189 -0.9607
vn 0.3535 -0.6460 -0.6765
vn 0.5188 -0.7852 -0.3382
vn -0.0305 -0.9759 -0.2159
vn -0.1237 -0.8856 -0.4476
vn -0.4844 -0.8724 -0.0656
vn -0.4885 -0.8608 -0.1424
vn -0.5824 -0.8120 -0.0381
vn -0.5529 -0.8191 -0.1529
vn -0.5828 -0.8126 -0.0000
vn -0.6134 -0.7898 -0.0000
vn -0.6129 -0.7892 -0.0381
vn -0.6129 -0.7892 0.0381
vn -0.6064 -0.7808 0.1501
vn -0.6426 -0.7653 0.0381
vn -0.6430 -0.7659 -0.0000
vn -0.6569 -0.7382 0.1535
vn -0.4869 -0.6244 0.6108
vn -0.6528 -0.4790 0.5869
vn -0.1709 -0.2189 0.9607
vn -0.4330 0.0009 0.9014
vn 0.0136 0.0176 0.9998
vn -0.2589 0.2457 0.9341
vn 0.2861 -0.2109 0.9347
vn 0.3202 -0.1647 0.9329
vn 0.0482 0.0624 0.9969
vn 0.3276 -0.1544 0.9321
vn 0.0557 0.0725 0.9958
vn -0.2221 0.2903 0.9308
vn -0.2142 0.3003 0.9295
vn -0.5283 0.4713 0.7063
vn -0.4894 0.5162 0.7029
vn -0.4808 0.5258 0.7017
vn -0.6957 0.2206 0.6837
vn -0.8675 0.3601 0.3431
vn -0.7023 0.6172 0.3547
vn -0.6631 0.6604 0.3523
vn -0.9174 0.3980 -0.0000
vn -0.7520 0.6591 -0.0000
vn -0.7130 0.7011 -0.0000
vn -0.6541 0.6696 0.3517
vn -0.7040 0.7102 -0.0000
vn -0.6631 0.6604 -0.3523
vn -0.6541 0.6696 -0.3517
vn -0.7023 0.6172 -0.3547
vn -0.5283 0.4713 -0.7063
vn -0.4894 0.5162 -0.7029
vn -0.4808 0.5258 -0.7017
vn -0.8675 0.3601 -0.3431
vn -0.6956 0.2206 -0.6837
vn -0.4330 0.0009 -0.9014
vn -0.2589 0.2457 -0.9341
vn -0.2221 0.2903 -0.9308
vn -0.2142 0.3003 -0.9295
vn -0.2006 0.3190 -0.9263
vn -0.4658 0.5422 -0.6993
vn -0.6376 0.6856 -0.3515
vn -0.4395 0.5699 -0.6943
vn -0.1736 0.3560 -0.9182
vn -0.6032 0.7160 -0.3513
vn -0.6869 0.7267 -0.0000
vn -0.6465 0.7629 -0.0000
vn -0.5327 0.8463 -0.0000
vn -0.4866 0.7596 -0.4316
vn -0.4029 0.6050 -0.6867
vn -0.2038 0.7563 -0.6217
vn -0.1707 0.4955 -0.8516
vn -0.1728 0.9850 -0.0000
vn 0.6188 0.7855 -0.0000
vn 0.4019 0.5265 -0.7492
vn 0.1866 0.2496 -0.9502
vn 0.1024 0.1359 -0.9854
vn 0.3705 -0.0996 -0.9235
vn 0.5034 -0.0641 -0.8617
vn 0.7711 -0.0393 -0.6355
vn 0.6321 -0.3281 -0.7020
vn 0.6596 -0.2833 -0.6962
vn 0.8305 -0.3379 -0.4428
vn 0.9988 0.0497 -0.0000
vn 0.9299 -0.3679 -0.0000
vn 0.8090 -0.4672 -0.3567
vn 0.8646 -0.5025 -0.0000
vn 0.8090 -0.4672 0.3567
vn 0.8305 -0.3379 0.4428
vn 0.7711 -0.0393 0.6355
vn 0.6321 -0.3281 0.7020
vn 0.6596 -0.2833 0.6962
vn 0.5034 -0.0641 0.8617
vn 0.4019 0.5265 0.7492
vn 0.1866 0.2496 0.9502
vn 0.3705 -0.0996 0.9235
vn 0.1024 0.1359 0.9854
vn -0.1736 0.3560 0.9182
vn -0.1707 0.4955 0.8516
vn -0.2038 0.7563 0.6217
vn -0.4395 0.5699 0.6943
vn -0.4029 0.6050 0.6867
vn -0.4866 0.7596 0.4316
vn -0.6032 0.7160 0.3513
vn -0.6376 0.6856 0.3515
vn -0.4658 0.5422 0.6993
vn -0.2006 0.3190 0.9263
vn 0.0699 0.0918 0.9933
vn 0.3418 -0.1361 0.9299
vn 0.6109 -0.3611 0.7046
vn -0.6528 -0.4790 -0.5869
vn -0.8299 -0.3212 -0.4562
vn -0.4869 -0.6244 -0.6108
vn -0.3107 -0.7522 -0.5810
vn -0.6064 -0.7808 -0.1501
vn -0.6569 -0.7382 -0.1535
vn -0.6425 -0.7653 -0.0381
vn -0.7262 -0.6843 -0.0662
vn -0.7139 -0.6855 -0.1432
vn -0.9433 -0.2468 -0.2218
vn -0.7254 -0.6884 -0.0000
vn -0.9714 -0.2375 -0.0000
vn -0.9433 -0.2468 0.2218
vn -0.7262 -0.6843 0.0662
vn -0.7139 -0.6855 0.1432
vn -0.8299 -0.3212 0.4562
vt 0.102093 0.986246
vt 0.103050 0.984525
vt 0.104408 0.984970
vt 0.102629 0.987051
vt 0.100170 0.986595
vt 0.100732 0.984309
vt 0.100096 0.988070
vt 0.125372 0.861306
vt 0.123303 0.861337
vt 0.122713 0.860133
vt 0.124996 0.860084
vt 0.997494 0.193445
vt 0.995245 0.193442
vt 0.995408 0.192135
vt 0.997895 0.192159
vt 0.103811 0.981910
vt 0.105343 0.982198
vt 0.992399 0.193641
vt 0.992324 0.192337
vt 0.992053 0.189594
vt 0.995172 0.189395
vt 0.997686 0.189424
vt 0.991529 0.184670
vt 0.994504 0.184481
vt 0.996901 0.184512
vt 0.993458 0.177076
vt 0.995656 0.177126
vt 0.990731 0.177232
vt 0.988869 0.189972
vt 0.988492 0.185032
vt 0.987950 0.177581
vt 0.989792 0.168580
vt 0.992202 0.168562
vt 0.987362 0.169005
vt 0.985586 0.178047
vt 0.985305 0.169535
vt 0.985908 0.185518
vt 0.132926 0.706460
vt 0.130852 0.706866
vt 0.130197 0.698109
vt 0.132017 0.697865
vt 0.133633 0.713992
vt 0.131369 0.714445
vt 0.128448 0.714785
vt 0.128176 0.707169
vt 0.127843 0.698266
vt 0.134060 0.718987
vt 0.131685 0.719458
vt 0.128622 0.719809
vt 0.131709 0.722169
vt 0.128681 0.722517
vt 0.134060 0.721700
vt 0.989174 0.192706
vt 0.986491 0.193203
vt 0.986159 0.190479
vt 0.989492 0.193969
vt 0.987067 0.194399
vt 0.103905 0.979188
vt 0.105322 0.979268
vt 0.103534 0.977253
vt 0.104286 0.976716
vt 0.101645 0.978611
vt 0.101823 0.976281
vt 0.101347 0.981483
vt 0.098356 0.980975
vt 0.098834 0.977974
vt 0.097871 0.983982
vt 0.097460 0.986477
vt 0.095052 0.983351
vt 0.095358 0.980473
vt 0.094850 0.985698
vt 0.097179 0.988068
vt 0.094412 0.987112
vt 0.131077 0.861363
vt 0.128141 0.861325
vt 0.127994 0.860093
vt 0.131178 0.860148
vt 0.127930 0.857338
vt 0.131150 0.857400
vt 0.124899 0.857329
vt 0.122592 0.857381
vt 0.125009 0.852320
vt 0.127900 0.852333
vt 0.122809 0.852365
vt 0.123203 0.844809
vt 0.125218 0.844758
vt 0.127865 0.844763
vt 0.130970 0.852399
vt 0.130678 0.844849
vt 0.134022 0.857511
vt 0.133710 0.852510
vt 0.133186 0.844975
vt 0.134022 0.860251
vt 0.125548 0.815456
vt 0.122707 0.815321
vt 0.122586 0.812613
vt 0.125455 0.812746
vt 0.122674 0.807579
vt 0.125410 0.807708
vt 0.128733 0.815399
vt 0.128675 0.812685
vt 0.128481 0.807650
vt 0.122855 0.799979
vt 0.125360 0.800085
vt 0.128172 0.800016
vt 0.131375 0.807428
vt 0.130825 0.799828
vt 0.131709 0.812452
vt 0.134023 0.812075
vt 0.133581 0.807066
vt 0.132846 0.799509
vt 0.131733 0.815165
vt 0.134023 0.814789
vt 0.125503 0.722692
vt 0.122707 0.722656
vt 0.122586 0.719964
vt 0.125410 0.719992
vt 0.122692 0.714945
vt 0.125385 0.714966
vt 0.122907 0.707365
vt 0.125371 0.707361
vt 0.125383 0.698563
vt 0.123230 0.698694
vt 0.130126 0.791040
vt 0.131901 0.790876
vt 0.123674 0.690778
vt 0.125424 0.690269
vt 0.129361 0.782759
vt 0.130838 0.783015
vt 0.127791 0.791088
vt 0.127377 0.782474
vt 0.126958 0.775419
vt 0.128713 0.776205
vt 0.129939 0.777874
vt 0.124117 0.685577
vt 0.123556 0.683641
vt 0.125035 0.679670
vt 0.125362 0.683722
vt 0.126557 0.770895
vt 0.128357 0.772097
vt 0.124698 0.678110
vt 0.126502 0.676505
vt 0.126792 0.678200
vt 0.127127 0.682672
vt 0.127485 0.689685
vt 0.129482 0.689871
vt 0.128890 0.683363
vt 0.128595 0.679297
vt 0.130993 0.690058
vt 0.130125 0.684969
vt 0.984726 0.155302
vt 0.985921 0.151330
vt 0.986414 0.154863
vt 0.985327 0.156830
vt 0.987584 0.149860
vt 0.988108 0.153771
vt 0.128374 0.677722
vt 0.986862 0.161013
vt 0.985216 0.161828
vt 0.988876 0.160338
vt 0.990943 0.160639
vt 0.989963 0.154538
vt 0.989502 0.151002
vt 0.992576 0.161155
vt 0.991370 0.156277
vt 0.540392 0.662318
vt 0.540392 0.665764
vt 0.539047 0.666484
vt 0.538665 0.664450
vt 0.128198 0.816513
vt 0.127986 0.820688
vt 0.126275 0.821554
vt 0.126459 0.817768
vt 0.262190 0.696611
vt 0.264529 0.696555
vt 0.265191 0.698411
vt 0.262965 0.698528
vt 0.125915 0.827895
vt 0.124465 0.828401
vt 0.125134 0.823342
vt 0.127876 0.827492
vt 0.129960 0.827994
vt 0.129791 0.821652
vt 0.130008 0.817878
vt 0.131760 0.828581
vt 0.131123 0.823507
vt 0.125192 0.776370
vt 0.123942 0.778156
vt 0.123337 0.776166
vt 0.124804 0.772265
vt 0.262975 0.694835
vt 0.265198 0.694835
vt 0.125312 0.782950
vt 0.123536 0.783359
vt 0.125324 0.791266
vt 0.123136 0.791288
vt 0.132514 0.836380
vt 0.130318 0.836143
vt 0.127847 0.835940
vt 0.125521 0.836044
vt 0.123757 0.836198
vt 0.994139 0.168726
vt 0.125681 0.723738
vt 0.123157 0.723697
vt 0.128612 0.723587
vt 0.131408 0.723257
vt 0.099219 0.975499
vt 0.099440 0.973957
vt 0.102204 0.974915
vt 0.096503 0.975385
vt 0.096520 0.973957
vt 0.095965 0.977653
vt 0.093624 0.977455
vt 0.094570 0.975742
vt 0.093984 0.974979
vt 0.092209 0.977057
vt 0.133484 0.815897
vt 0.131409 0.816245
vt 0.092868 0.980065
vt 0.091276 0.979827
vt 0.128638 0.816469
vt 0.125701 0.816513
vt 0.092768 0.982792
vt 0.091295 0.982759
vt 0.093128 0.984735
vt 0.092327 0.985314
vt 0.133643 0.861441
vt 0.123139 0.816384
vt 0.985505 0.194930
vt 0.984726 0.193780
s 1
f 5383/6874/5297 5384/6875/5298 5389/6876/5299 5386/6877/5300
f 5384/6875/5298 5383/6874/5297 5385/6878/5301 5428/6879/5302
f 5385/6878/5301 5383/6874/5297 5386/6877/5300 5387/6880/5303
f 5387/6881/5303 5386/6882/5300 5388/6883/5304 5438/6884/5305
f 5386/6885/5300 5389/6886/5299 5391/6887/5306 5388/6888/5304
f 5384/6875/5298 5425/6889/5307 5390/6890/5308 5389/6876/5299
f 5389/6886/5299 5390/6891/5308 5392/6892/5309 5391/6887/5306
f 5391/6887/5306 5392/6892/5309 5394/6893/5310 5393/6894/5311
f 5388/6888/5304 5391/6887/5306 5393/6894/5311 5395/6895/5312
f 5393/6894/5311 5394/6893/5310 5399/6896/5313 5396/6897/5314
f 5395/6895/5312 5393/6894/5311 5396/6897/5314 5397/6898/5315
f 5397/6898/5315 5396/6897/5314 5398/6899/5316 5519/6900/5317
f 5396/6897/5314 5399/6896/5313 5401/6901/5318 5398/6899/5316
f 5394/6893/5310 5418/6902/5319 5400/6903/5320 5399/6896/5313
f 5399/6896/5313 5400/6903/5320 5403/6904/5321 5401/6901/5318
f 5398/6899/5316 5401/6901/5318 5402/6905/5322 5518/6906/5323
f 5401/6901/5318 5403/6904/5321 5404/6907/5324 5402/6905/5322
f 5403/6904/5321 5405/6908/5325 5406/6909/5326 5404/6907/5324
f 5400/6903/5320 5407/6910/5327 5405/6908/5325 5403/6904/5321
f 5405/6911/5325 5408/6912/5328 5410/6913/5329 5406/6914/5326
f 5407/6915/5327 5411/6916/5330 5408/6912/5328 5405/6911/5325
f 5411/6916/5330 5412/6917/5331 5409/6918/5332 5408/6912/5328
f 5408/6912/5328 5409/6918/5332 5523/6919/5333 5410/6913/5329
f 5416/6920/5334 5413/6921/5335 5411/6916/5330 5407/6915/5327
f 5413/6921/5335 5414/6922/5336 5412/6917/5331 5411/6916/5330
f 5415/6923/5337 5525/6924/5338 5414/6922/5336 5413/6921/5335
f 5417/6925/5339 5415/6923/5337 5413/6921/5335 5416/6920/5334
f 5419/6926/5340 5417/6927/5339 5416/6928/5334 5418/6902/5319
f 5418/6902/5319 5416/6928/5334 5407/6910/5327 5400/6903/5320
f 5392/6892/5309 5419/6926/5340 5418/6902/5319 5394/6893/5310
f 5420/6929/5341 5421/6930/5342 5417/6927/5339 5419/6926/5340
f 5390/6891/5308 5420/6929/5341 5419/6926/5340 5392/6892/5309
f 5425/6889/5307 5422/6931/5343 5420/6932/5341 5390/6890/5308
f 5422/6931/5343 5423/6933/5344 5421/6934/5342 5420/6932/5341
f 5423/6933/5344 5422/6931/5343 5424/6935/5345 5530/6936/5346
f 5422/6931/5343 5425/6889/5307 5426/6937/5347 5424/6935/5345
f 5425/6889/5307 5384/6875/5298 5428/6879/5302 5426/6937/5347
f 5424/6935/5345 5426/6937/5347 5427/6938/5348 5529/6939/5349
f 5426/6937/5347 5428/6879/5302 5429/6940/5350 5427/6938/5348
f 5428/6879/5302 5385/6878/5301 5431/6941/5351 5429/6940/5350
f 5427/6938/5348 5429/6940/5350 5430/6942/5352 5541/6943/5353
f 5429/6940/5350 5431/6941/5351 5432/6944/5354 5430/6942/5352
f 5432/6944/5354 5431/6941/5351 5433/6945/5355 5434/6946/5356
f 5431/6941/5351 5385/6878/5301 5387/6880/5303 5433/6945/5355
f 5434/6947/5356 5433/6948/5355 5435/6949/5357 5436/6950/5358
f 5433/6948/5355 5387/6881/5303 5438/6884/5305 5435/6949/5357
f 5436/6950/5358 5435/6949/5357 5437/6951/5359 5447/6952/5360
f 5435/6949/5357 5438/6884/5305 5439/6953/5361 5437/6951/5359
f 5438/6884/5305 5388/6883/5304 5395/6954/5312 5439/6953/5361
f 5437/6951/5359 5439/6953/5361 5440/6955/5362 5442/6956/5363
f 5439/6953/5361 5395/6954/5312 5397/6957/5315 5440/6955/5362
f 5440/6955/5362 5397/6957/5315 5519/6958/5317 5441/6959/5364
f 5442/6956/5363 5440/6955/5362 5441/6959/5364 5443/6960/5365
f 5444/6961/5366 5442/6956/5363 5443/6960/5365 5446/6962/5367
f 5447/6952/5360 5437/6951/5359 5442/6956/5363 5444/6961/5366
f 5448/6963/5368 5447/6952/5360 5444/6961/5366 5445/6964/5369
f 5445/6964/5369 5444/6961/5366 5446/6962/5367 5513/6965/5370
f 5449/6966/5371 5436/6950/5358 5447/6952/5360 5448/6963/5368
f 5451/6967/5372 5449/6968/5371 5448/6969/5368 5450/6970/5373
f 5450/6970/5373 5448/6969/5368 5445/6971/5369 5453/6972/5374
f 5538/6973/5375 5451/6967/5372 5450/6970/5373 5452/6974/5376
f 5452/6974/5376 5450/6970/5373 5453/6972/5374 5455/6975/5377
f 5453/6972/5374 5445/6971/5369 5513/6976/5370 5454/6977/5378
f 5455/6975/5377 5453/6972/5374 5454/6977/5378 5456/6978/5379
f 5457/6979/5380 5455/6975/5377 5456/6978/5379 5459/6980/5381
f 5460/6981/5382 5452/6974/5376 5455/6975/5377 5457/6979/5380
f 5462/6982/5383 5460/6981/5382 5457/6979/5380 5458/6983/5384
f 5458/6983/5384 5457/6979/5380 5459/6980/5381 5469/6984/5385
f 5461/6985/5386 5538/6973/5375 5452/6974/5376 5460/6981/5382
f 5463/6986/5387 5461/6985/5386 5460/6981/5382 5462/6982/5383
f 5465/6987/5388 5463/6988/5387 5462/6989/5383 5464/6990/5389
f 5464/6990/5389 5462/6989/5383 5458/6991/5384 5466/6992/5390
f 5525/6924/5338 5465/6987/5388 5464/6990/5389 5414/6922/5336
f 5414/6922/5336 5464/6990/5389 5466/6992/5390 5412/6917/5331
f 5466/6992/5390 5458/6991/5384 5469/6993/5385 5467/6994/5391
f 5412/6917/5331 5466/6992/5390 5467/6994/5391 5409/6918/5332
f 5409/6918/5332 5467/6994/5391 5468/6995/5392 5523/6919/5333
f 5467/6994/5391 5469/6993/5385 5470/6996/5393 5468/6995/5392
f 5469/6984/5385 5459/6980/5381 5472/6997/5394 5470/6998/5393
f 5468/6995/5392 5470/6996/5393 5471/6999/5395 5483/7000/5396
f 5470/6998/5393 5472/6997/5394 5474/7001/5397 5471/7002/5395
f 5472/6997/5394 5473/7003/5398 5475/7004/5399 5474/7001/5397
f 5459/6980/5381 5456/6978/5379 5473/7003/5398 5472/6997/5394
f 5474/7001/5397 5475/7004/5399 5478/7005/5400 5476/7006/5401
f 5471/7002/5395 5474/7001/5397 5476/7006/5401 5477/7007/5402
f 5477/7008/5402 5476/7009/5401 5479/7010/5403 5482/7011/5404
f 5476/7006/5401 5478/7005/5400 5480/7012/5405 5479/7013/5403
f 5479/7010/5403 5480/7014/5405 5521/7015/5406 5481/7016/5407
f 5482/7011/5404 5479/7010/5403 5481/7016/5407 5484/7017/5408
f 5483/7000/5396 5471/6999/5395 5477/7008/5402 5482/7011/5404
f 5485/7018/5409 5483/7000/5396 5482/7011/5404 5484/7017/5408
f 5487/7019/5410 5485/7018/5409 5484/7017/5408 5486/7020/5411
f 5484/7017/5408 5481/7016/5407 5489/7021/5412 5486/7020/5411
f 5522/7022/5413 5487/7019/5410 5486/7020/5411 5488/7023/5414
f 5486/7024/5411 5489/7025/5412 5491/7026/5415 5488/7027/5414
f 5489/7025/5412 5490/7028/5416 5493/7029/5417 5491/7026/5415
f 5481/7016/5407 5521/7015/5406 5490/7030/5416 5489/7021/5412
f 5492/7031/5418 5522/7032/5413 5488/7027/5414 5491/7026/5415
f 5494/7033/5419 5492/7031/5418 5491/7026/5415 5493/7029/5417
f 5496/7034/5420 5494/7033/5419 5493/7029/5417 5495/7035/5421
f 5490/7028/5416 5498/7036/5422 5495/7035/5421 5493/7029/5417
f 5520/7037/5423 5496/7034/5420 5495/7035/5421 5497/7038/5424
f 5498/7039/5422 5500/7040/5425 5497/7041/5424 5495/7042/5421
f 5499/7043/5426 5502/7044/5427 5500/7045/5425 5498/7046/5422
f 5521/7047/5406 5499/7048/5426 5498/7049/5422 5490/7050/5416
f 5501/7051/5428 5520/7052/5423 5497/7053/5424 5500/7045/5425
f 5503/7054/5429 5501/7051/5428 5500/7045/5425 5502/7044/5427
f 5505/7055/5430 5503/7054/5429 5502/7044/5427 5504/7056/5431
f 5507/7057/5432 5504/7056/5431 5502/7044/5427 5499/7043/5426
f 5511/7058/5433 5505/7055/5430 5504/7056/5431 5506/7059/5434
f 5508/7060/5435 5506/7061/5434 5504/7062/5431 5507/7063/5432
f 5478/7005/5400 5508/7060/5435 5507/7063/5432 5480/7012/5405
f 5480/7064/5405 5507/7065/5432 5499/7048/5426 5521/7047/5406
f 5509/7066/5436 5511/7067/5433 5506/7061/5434 5508/7060/5435
f 5475/7004/5399 5509/7066/5436 5508/7060/5435 5478/7005/5400
f 5510/7068/5437 5512/7069/5438 5511/7067/5433 5509/7066/5436
f 5473/7003/5398 5510/7068/5437 5509/7066/5436 5475/7004/5399
f 5512/7070/5438 5514/7071/5439 5505/7055/5430 5511/7058/5433
f 5454/6977/5378 5513/6976/5370 5512/7069/5438 5510/7068/5437
f 5513/6965/5370 5446/6962/5367 5514/7071/5439 5512/7070/5438
f 5514/7071/5439 5515/7072/5440 5503/7054/5429 5505/7055/5430
f 5446/6962/5367 5443/6960/5365 5515/7072/5440 5514/7071/5439
f 5443/6960/5365 5441/6959/5364 5516/7073/5441 5515/7072/5440
f 5515/7072/5440 5516/7073/5441 5501/7051/5428 5503/7054/5429
f 5441/6959/5364 5519/6958/5317 5517/7074/5442 5516/7073/5441
f 5516/7073/5441 5517/7074/5442 5520/7052/5423 5501/7051/5428
f 5517/7075/5442 5518/6906/5323 5496/7034/5420 5520/7037/5423
f 5519/6900/5317 5398/6899/5316 5518/6906/5323 5517/7075/5442
f 5518/6906/5323 5402/6905/5322 5494/7033/5419 5496/7034/5420
f 5456/6978/5379 5454/6977/5378 5510/7068/5437 5473/7003/5398
f 5402/6905/5322 5404/6907/5324 5492/7031/5418 5494/7033/5419
f 5404/6907/5324 5406/6909/5326 5522/7032/5413 5492/7031/5418
f 5406/6914/5326 5410/6913/5329 5487/7019/5410 5522/7022/5413
f 5410/6913/5329 5523/6919/5333 5485/7018/5409 5487/7019/5410
f 5523/6919/5333 5468/6995/5392 5483/7000/5396 5485/7018/5409
f 5524/7076/5443 5535/7077/5444 5463/6988/5387 5465/6987/5388
f 5526/7078/5445 5524/7076/5443 5465/6987/5388 5525/6924/5338
f 5527/7079/5446 5526/7078/5445 5525/6924/5338 5415/6923/5337
f 5530/6936/5346 5528/7080/5447 5526/7081/5445 5527/7082/5446
f 5528/7080/5447 5531/7083/5448 5524/7084/5443 5526/7081/5445
f 5528/7080/5447 5529/6939/5349 5532/7085/5449 5531/7083/5448
f 5530/6936/5346 5424/6935/5345 5529/6939/5349 5528/7080/5447
f 5531/7083/5448 5532/7085/5449 5534/7086/5450 5533/7087/5451
f 5531/7083/5448 5533/7087/5451 5535/7088/5444 5524/7084/5443
f 5533/7087/5451 5534/7086/5450 5536/7089/5452 5535/7088/5444
f 5535/7090/5444 5536/7091/5452 5461/6985/5386 5463/6986/5387
f 5534/7086/5450 5540/7092/5453 5537/7093/5454 5536/7089/5452
f 5536/7091/5452 5537/7094/5454 5538/6973/5375 5461/6985/5386
f 5537/7094/5454 5539/7095/5455 5451/6967/5372 5538/6973/5375
f 5540/7092/5453 5542/7096/5456 5539/7097/5455 5537/7093/5454
f 5541/6943/5353 5430/6942/5352 5542/7096/5456 5540/7092/5453
f 5532/7085/5449 5541/6943/5353 5540/7092/5453 5534/7086/5450
f 5430/6942/5352 5432/6944/5354 5543/7098/5457 5542/7096/5456
f 5542/7096/5456 5543/7098/5457 5544/7099/5458 5539/7097/5455
f 5543/7098/5457 5432/6944/5354 5434/6946/5356 5544/7099/5458
f 5544/7100/5458 5434/6947/5356 5436/6950/5358 5449/6966/5371
f 5539/7095/5455 5544/7101/5458 5449/6968/5371 5451/6967/5372
f 5529/6939/5349 5427/6938/5348 5541/6943/5353 5532/7085/5449
f 5423/6933/5344 5530/6936/5346 5527/7082/5446 5421/6934/5342
f 5421/6930/5342 5527/7102/5446 5415/7103/5337 5417/6927/5339
o Cube.019
v -0.221828 -0.889478 0.019463
v -0.228550 -0.894645 0.022522
v -0.219653 -0.887318 0.010997
v -0.218606 -0.888433 0.022577
v -0.214009 -0.890190 0.024860
v -0.226943 -0.895194 0.029109
v -0.213615 -0.884221 0.011845
v -0.208310 -0.885475 0.012972
v -0.211950 -0.882761 -0.001364
v -0.206414 -0.883888 -0.001364
v -0.213615 -0.884221 -0.014573
v -0.218560 -0.886232 -0.001364
v -0.227887 -0.893041 -0.001364
v -0.219653 -0.887318 -0.013725
v -0.228305 -0.893653 -0.014560
v -0.221828 -0.889478 -0.022191
v -0.228550 -0.894645 -0.025250
v -0.218606 -0.888433 -0.025304
v -0.226943 -0.895194 -0.031837
v -0.214009 -0.890190 -0.027588
v -0.223204 -0.897726 -0.034985
v -0.207324 -0.897142 -0.027977
v -0.208310 -0.885475 -0.015699
v -0.201538 -0.892390 -0.015917
v -0.199610 -0.890804 -0.001364
v -0.191060 -0.906149 -0.015363
v -0.175677 -0.926945 -0.014377
v -0.196634 -0.910704 -0.026962
v -0.189201 -0.904631 -0.001364
v -0.173912 -0.925585 -0.001364
v -0.191060 -0.906149 0.012635
v -0.175677 -0.926945 0.011649
v -0.196634 -0.910704 0.024234
v -0.201538 -0.892390 0.013189
v -0.207324 -0.897142 0.025249
v -0.216648 -0.904791 0.032737
v -0.227899 -0.914021 0.035233
v -0.223204 -0.897726 0.032257
v -0.205616 -0.918043 0.031434
v -0.189239 -0.937943 0.029112
v -0.216456 -0.926900 0.033834
v -0.199307 -0.946182 0.031337
v -0.227296 -0.935757 0.031434
v -0.209450 -0.954336 0.029112
v -0.236277 -0.943095 0.024234
v -0.239146 -0.923256 0.032737
v -0.245347 -0.915938 0.032257
v -0.248467 -0.930908 0.025249
v -0.254515 -0.923506 0.024860
v -0.254256 -0.935656 0.013189
v -0.256188 -0.937238 -0.001364
v -0.260241 -0.928189 0.012972
v -0.241852 -0.947650 0.012635
v -0.223012 -0.965335 0.011649
v -0.243710 -0.949169 -0.001364
v -0.224703 -0.966778 -0.001364
v -0.241852 -0.947650 -0.015363
v -0.223012 -0.965335 -0.014377
v -0.236277 -0.943095 -0.026962
v -0.254256 -0.935656 -0.015917
v -0.260241 -0.928189 -0.015699
v -0.248467 -0.930908 -0.027977
v -0.254515 -0.923506 -0.027588
v -0.239146 -0.923256 -0.035464
v -0.227899 -0.914021 -0.037961
v -0.245347 -0.915938 -0.034985
v -0.227296 -0.935757 -0.034161
v -0.209450 -0.954336 -0.031839
v -0.216456 -0.926900 -0.036561
v -0.199307 -0.946182 -0.034065
v -0.205616 -0.918043 -0.034161
v -0.189239 -0.937943 -0.031839
v -0.216648 -0.904791 -0.035464
v -0.170618 -0.960945 -0.028527
v -0.180906 -0.931112 -0.025156
v -0.163426 -0.954588 -0.022612
v -0.148340 -0.976420 -0.019368
v -0.158515 -0.951222 -0.013000
v -0.156693 -0.950338 -0.001364
v -0.143545 -0.974761 -0.011336
v -0.141373 -0.974919 -0.001364
v -0.133785 -0.994611 -0.010170
v -0.131052 -0.996351 -0.001364
v -0.139267 -0.991186 -0.016326
v -0.131238 -1.009163 -0.010364
v -0.135382 -1.018018 -0.010704
v -0.128038 -1.012249 -0.001364
v -0.140049 -0.999552 -0.018149
v -0.153503 -0.982681 -0.024062
v -0.144922 -1.007298 -0.019036
v -0.160319 -0.989998 -0.025582
v -0.153854 -1.010485 -0.018149
v -0.169092 -0.995117 -0.024062
v -0.162713 -1.009774 -0.016326
v -0.145379 -1.020296 -0.010364
v -0.142727 -1.023786 -0.001364
v -0.160117 -1.015426 -0.010170
v -0.179050 -1.003037 -0.011336
v -0.158793 -1.018246 -0.001364
v -0.179266 -1.005077 -0.001364
v -0.160117 -1.015426 0.007442
v -0.179050 -1.003037 0.008608
v -0.162713 -1.009774 0.013598
v -0.145379 -1.020296 0.007636
v -0.135382 -1.018018 0.007976
v -0.153854 -1.010485 0.015421
v -0.169092 -0.995117 0.021334
v -0.144922 -1.007298 0.016309
v -0.160319 -0.989998 0.022855
v -0.140049 -0.999552 0.015421
v -0.153503 -0.982681 0.021334
v -0.139267 -0.991186 0.013598
v -0.131238 -1.009163 0.007636
v -0.133785 -0.994611 0.007442
v -0.143545 -0.974761 0.008608
v -0.158515 -0.951222 0.010273
v -0.148340 -0.976420 0.016640
v -0.163426 -0.954588 0.019885
v -0.180906 -0.931112 0.022428
v -0.170618 -0.960945 0.025799
v -0.179386 -0.968572 0.027751
v -0.188752 -0.975527 0.025799
v -0.196542 -0.981212 0.019885
v -0.176490 -0.998866 0.016640
v -0.200855 -0.985250 0.010273
v -0.217858 -0.961083 0.022428
v -0.202079 -0.986807 -0.001364
v -0.200855 -0.985250 -0.013000
v -0.196542 -0.981212 -0.022612
v -0.176490 -0.998866 -0.019368
v -0.188752 -0.975527 -0.028527
v -0.217858 -0.961083 -0.025156
v -0.179386 -0.968572 -0.030479
v -0.132188 -1.021607 -0.001364
v -0.234289 -0.906816 -0.037457
v -0.247339 -0.911984 -0.031837
v -0.237186 -0.903537 -0.034052
v -0.255573 -0.918864 -0.025304
v -0.247635 -0.910359 -0.025250
v -0.238186 -0.902394 -0.026788
v -0.248679 -0.910430 -0.014560
v -0.253984 -0.915955 -0.022191
v -0.256532 -0.917685 -0.013725
v -0.257813 -0.918555 -0.001364
v -0.260667 -0.922957 -0.014573
v -0.262422 -0.924312 -0.001364
v -0.262164 -0.929744 -0.001364
v -0.260667 -0.922957 0.011845
v -0.255573 -0.918864 0.022577
v -0.256532 -0.917685 0.010997
v -0.248679 -0.910430 0.011832
v -0.253984 -0.915955 0.019463
v -0.247635 -0.910359 0.022522
v -0.238186 -0.902394 0.024060
v -0.247339 -0.911984 0.029109
v -0.237186 -0.903537 0.031324
v -0.234289 -0.906816 0.034729
v -0.238628 -0.901886 0.012550
v -0.238776 -0.901715 -0.001364
v -0.228305 -0.893653 0.011832
v -0.238628 -0.901886 -0.015277
v -0.249368 -0.910730 -0.001364
vn -0.5806 0.8019 0.1407
vn -0.3721 0.7629 0.5287
vn -0.2060 0.8894 0.4081
vn -0.5239 0.8417 0.1308
vn -0.5198 0.8521 0.0615
vn -0.6054 0.7950 0.0381
vn -0.1232 0.9725 0.1975
vn 0.2861 0.6924 0.6624
vn 0.4439 0.8326 0.3311
vn 0.0364 0.4777 0.8777
vn 0.4871 0.8733 -0.0000
vn -0.1104 0.9939 -0.0000
vn -0.5228 0.8524 -0.0000
vn 0.4439 0.8326 -0.3311
vn -0.1232 0.9725 -0.1975
vn -0.5198 0.8521 -0.0615
vn -0.6054 0.7950 -0.0381
vn -0.6058 0.7956 -0.0000
vn -0.5239 0.8417 -0.1308
vn -0.5806 0.8019 -0.1407
vn -0.2060 0.8894 -0.4081
vn -0.3721 0.7629 -0.5287
vn 0.2861 0.6924 -0.6624
vn 0.0364 0.4777 -0.8777
vn 0.5378 0.4591 -0.7071
vn 0.2746 0.2255 -0.9347
vn 0.7083 0.6099 -0.3554
vn 0.7574 0.6530 -0.0000
vn 0.8034 0.5955 -0.0000
vn 0.7553 0.5514 -0.3543
vn 0.5856 0.3988 -0.7057
vn 0.8144 0.5802 -0.0000
vn 0.7664 0.5359 -0.3541
vn 0.5970 0.3832 -0.7048
vn 0.7553 0.5514 0.3543
vn 0.7664 0.5359 0.3541
vn 0.7083 0.6099 0.3554
vn 0.5856 0.3988 0.7057
vn 0.5970 0.3832 0.7048
vn 0.5378 0.4591 0.7071
vn 0.2746 0.2255 0.9347
vn 0.3214 0.1659 0.9323
vn 0.0088 -0.0108 0.9999
vn 0.0561 -0.0686 0.9961
vn -0.2162 0.2611 0.9408
vn 0.0679 -0.0835 0.9942
vn 0.3330 0.1506 0.9308
vn -0.2071 -0.3040 0.9299
vn -0.1947 -0.3188 0.9276
vn -0.2574 -0.2465 0.9343
vn -0.4674 -0.5373 0.7020
vn -0.4538 -0.5513 0.7000
vn -0.5205 -0.4795 0.7065
vn -0.7193 -0.1830 0.6702
vn -0.4675 0.0391 0.8831
vn -0.8842 -0.3240 0.3365
vn -0.6902 -0.6305 0.3550
vn -0.6368 -0.6861 0.3519
vn -0.7387 -0.6741 -0.0000
vn -0.6855 -0.7281 -0.0000
vn -0.9320 -0.3625 -0.0000
vn -0.6713 -0.7411 -0.0000
vn -0.6227 -0.6994 0.3509
vn -0.6368 -0.6861 -0.3519
vn -0.6227 -0.6994 -0.3509
vn -0.6902 -0.6305 -0.3550
vn -0.4674 -0.5373 -0.7020
vn -0.4538 -0.5513 -0.7000
vn -0.5205 -0.4795 -0.7065
vn -0.7193 -0.1830 -0.6702
vn -0.8842 -0.3240 -0.3365
vn -0.4675 0.0391 -0.8831
vn -0.2574 -0.2465 -0.9343
vn -0.2071 -0.3040 -0.9299
vn 0.0088 -0.0108 -0.9999
vn 0.0561 -0.0686 -0.9961
vn -0.2162 0.2611 -0.9408
vn 0.0679 -0.0835 -0.9942
vn -0.1947 -0.3188 -0.9276
vn 0.3214 0.1659 -0.9323
vn 0.3330 0.1506 -0.9308
vn 0.6173 0.3540 -0.7026
vn 0.3555 0.1225 -0.9266
vn 0.0906 -0.1124 -0.9895
vn 0.7866 0.5055 -0.3546
vn 0.6507 0.3021 -0.6966
vn 0.3986 0.0665 -0.9147
vn 0.8233 0.4433 -0.3544
vn 0.8355 0.5495 -0.0000
vn 0.8784 0.4779 -0.0000
vn 0.9573 0.2890 -0.0000
vn 0.8664 0.2673 -0.4218
vn 0.6934 0.2289 -0.6832
vn 0.8130 -0.0913 -0.5751
vn 0.9865 -0.1639 -0.0000
vn 0.5468 -0.0143 -0.8372
vn 0.2562 -0.3230 -0.9111
vn 0.4745 -0.5911 -0.6522
vn 0.6321 -0.7749 -0.0000
vn 0.1404 -0.1758 -0.9744
vn -0.0793 -0.5607 -0.8242
vn -0.1279 -0.3996 -0.9077
vn -0.0524 -0.8270 -0.5598
vn -0.3233 -0.6678 -0.6704
vn -0.3856 -0.6166 -0.6864
vn -0.3838 -0.8286 -0.4077
vn -0.0159 -0.9999 -0.0000
vn -0.4164 -0.9092 -0.0000
vn -0.5412 -0.7659 -0.3472
vn -0.5806 -0.8142 -0.0000
vn -0.3838 -0.8286 0.4077
vn -0.5412 -0.7659 0.3472
vn -0.0524 -0.8270 0.5598
vn -0.3233 -0.6678 0.6704
vn -0.3856 -0.6166 0.6864
vn -0.0793 -0.5607 0.8242
vn 0.4745 -0.5911 0.6522
vn 0.2562 -0.3230 0.9111
vn -0.1279 -0.3996 0.9077
vn 0.1404 -0.1758 0.9744
vn 0.5468 -0.0143 0.8372
vn 0.3986 0.0665 0.9147
vn 0.8130 -0.0913 0.5751
vn 0.6934 0.2289 0.6832
vn 0.6507 0.3021 0.6966
vn 0.8664 0.2673 0.4218
vn 0.8233 0.4433 0.3544
vn 0.6173 0.3540 0.7026
vn 0.7866 0.5055 0.3546
vn 0.3555 0.1225 0.9266
vn 0.0906 -0.1124 0.9895
vn -0.1723 -0.3466 0.9221
vn -0.4292 -0.5759 0.6958
vn -0.5958 -0.7229 0.3500
vn -0.6438 -0.7652 -0.0000
vn -0.5958 -0.7229 -0.3500
vn -0.4292 -0.5759 -0.6958
vn -0.1723 -0.3466 -0.9221
vn -0.5295 0.6411 -0.5556
vn -0.6782 0.5050 -0.5338
vn -0.8360 0.3585 -0.4155
vn -0.6295 0.7645 -0.1387
vn -0.6758 0.7234 -0.1411
vn -0.7261 0.6749 -0.1313
vn -0.6642 0.7466 -0.0381
vn -0.6352 0.7714 -0.0381
vn -0.7372 0.6728 -0.0619
vn -0.9360 0.2878 -0.2026
vn -0.7369 0.6760 -0.0000
vn -0.6646 0.7472 -0.0000
vn -0.9606 0.2780 -0.0000
vn -0.9360 0.2878 0.2026
vn -0.7372 0.6728 0.0619
vn -0.8360 0.3585 0.4155
vn -0.7261 0.6749 0.1313
vn -0.6642 0.7466 0.0381
vn -0.6758 0.7234 0.1411
vn -0.6782 0.5050 0.5338
vn -0.6352 0.7714 0.0381
vn -0.6295 0.7645 0.1387
vn -0.5295 0.6411 0.5556
vn -0.6357 0.7719 -0.0000
vt 0.069212 0.974234
vt 0.067322 0.973625
vt 0.069545 0.970894
vt 0.070380 0.971962
vt 0.072813 0.971558
vt 0.072176 0.974598
vt 0.072717 0.969617
vt 0.988861 0.426075
vt 0.989573 0.427410
vt 0.986213 0.427642
vt 0.985825 0.426261
vt 0.066027 0.973154
vt 0.068540 0.970137
vt 0.982033 0.427715
vt 0.981973 0.426311
vt 0.076354 0.969732
vt 0.076202 0.971819
vt 0.977757 0.427642
vt 0.978033 0.426261
vt 0.079773 0.971130
vt 0.079417 0.972974
vt 0.079226 0.976109
vt 0.075758 0.975144
vt 0.081506 0.974347
vt 0.081972 0.976970
vt 0.082334 0.973636
vt 0.083601 0.977115
vt 0.988706 0.470798
vt 0.989531 0.472156
vt 0.986687 0.473529
vt 0.986128 0.472002
vt 0.974105 0.427410
vt 0.974739 0.426075
vt 0.989679 0.474673
vt 0.986793 0.476064
vt 0.977688 0.430502
vt 0.973984 0.430259
vt 0.982030 0.430582
vt 0.981978 0.435639
vt 0.977802 0.435559
vt 0.974239 0.435321
vt 0.981892 0.443200
vt 0.978010 0.443107
vt 0.974700 0.442862
vt 0.986059 0.435559
vt 0.985686 0.443107
vt 0.986272 0.430502
vt 0.989338 0.435321
vt 0.988733 0.442862
vt 0.989682 0.430259
vt 0.980569 0.935618
vt 0.980459 0.940691
vt 0.976822 0.941013
vt 0.976788 0.935946
vt 0.980744 0.932860
vt 0.977016 0.933186
vt 0.984925 0.935592
vt 0.984649 0.940658
vt 0.985036 0.932833
vt 0.984219 0.948269
vt 0.980326 0.948297
vt 0.976947 0.948591
vt 0.988687 0.940897
vt 0.987974 0.948461
vt 0.989123 0.935851
vt 0.991868 0.941391
vt 0.990931 0.948891
vt 0.992430 0.936372
vt 0.992430 0.933622
vt 0.989170 0.933098
vt 0.095397 0.927099
vt 0.095240 0.929872
vt 0.091276 0.929974
vt 0.091488 0.927204
vt 0.095089 0.934964
vt 0.091276 0.935066
vt 0.099596 0.930066
vt 0.099279 0.935150
vt 0.099689 0.927285
vt 0.098776 0.942785
vt 0.094883 0.942598
vt 0.091341 0.942683
vt 0.103154 0.935572
vt 0.102380 0.943163
vt 0.103625 0.930504
vt 0.106024 0.936178
vt 0.105048 0.943716
vt 0.106609 0.931130
vt 0.106596 0.928343
vt 0.103656 0.927722
vt 0.978493 0.474334
vt 0.978475 0.476874
vt 0.974468 0.476153
vt 0.974541 0.473630
vt 0.978555 0.481093
vt 0.974702 0.480393
vt 0.982821 0.476821
vt 0.982735 0.481050
vt 0.982775 0.474275
vt 0.982579 0.487327
vt 0.978695 0.487341
vt 0.975115 0.486667
vt 0.986555 0.480330
vt 0.986130 0.486656
vt 0.972516 0.442510
vt 0.971887 0.434936
vt 0.971538 0.429867
vt 0.975359 0.451406
vt 0.973424 0.451198
vt 0.985526 0.493836
vt 0.982349 0.494521
vt 0.978309 0.451750
vt 0.133512 0.862690
vt 0.133226 0.867905
vt 0.130855 0.867132
vt 0.130634 0.861441
vt 0.978674 0.459777
vt 0.976215 0.459105
vt 0.981779 0.451953
vt 0.981643 0.460269
vt 0.981481 0.466877
vt 0.978871 0.465940
vt 0.977028 0.464073
vt 0.978643 0.469484
vt 0.981297 0.470798
vt 0.131087 0.872163
vt 0.132773 0.871532
vt 0.133512 0.874023
vt 0.131528 0.876215
vt 0.128553 0.872550
vt 0.128974 0.876957
vt 0.131813 0.879138
vt 0.129172 0.880032
vt 0.127932 0.867122
vt 0.125885 0.872362
vt 0.124965 0.867369
vt 0.126212 0.876410
vt 0.123935 0.871873
vt 0.122593 0.868332
vt 0.123598 0.874397
vt 0.126296 0.879337
vt 0.099233 0.966750
vt 0.098607 0.970970
vt 0.095978 0.972040
vt 0.096714 0.967399
vt 0.102269 0.960103
vt 0.100967 0.965211
vt 0.100241 0.960169
vt 0.097449 0.960300
vt 0.094160 0.966367
vt 0.094496 0.959736
vt 0.093421 0.970579
vt 0.092347 0.964561
vt 0.091896 0.959321
vt 0.091337 0.966626
vt 0.984860 0.976190
vt 0.982166 0.977426
vt 0.982626 0.972801
vt 0.985227 0.971994
vt 0.095302 0.973957
vt 0.092675 0.972349
vt 0.988287 0.965236
vt 0.987062 0.970359
vt 0.986052 0.965426
vt 0.983150 0.965726
vt 0.980052 0.971942
vt 0.980192 0.965347
vt 0.979571 0.976153
vt 0.978269 0.970266
vt 0.977706 0.965095
vt 0.977455 0.972375
vt 0.984065 0.465940
vt 0.983951 0.469484
vt 0.981805 0.979346
vt 0.979126 0.977938
vt 0.986835 0.459105
vt 0.985854 0.464073
vt 0.984556 0.459777
vt 0.987892 0.451406
vt 0.985173 0.451750
vt 0.980222 0.957068
vt 0.977217 0.957224
vt 0.983697 0.957147
vt 0.987061 0.957187
vt 0.989704 0.957440
vt 0.094673 0.951409
vt 0.091523 0.951374
vt 0.098147 0.951692
vt 0.101377 0.951914
vt 0.103764 0.952297
vt 0.978879 0.494423
vt 0.979057 0.500848
vt 0.976410 0.499947
vt 0.975690 0.493715
vt 0.982020 0.501198
vt 0.984753 0.500364
vt 0.982519 0.472669
vt 0.978578 0.472747
vt 0.975022 0.472148
vt 0.081838 0.980634
vt 0.083601 0.981064
vt 0.082401 0.984761
vt 0.080849 0.984124
vt 0.080160 0.987494
vt 0.079614 0.986403
vt 0.078027 0.983748
vt 0.078842 0.979967
vt 0.077247 0.986800
vt 0.077006 0.988769
vt 0.073892 0.986536
vt 0.074494 0.983197
vt 0.073386 0.988652
vt 0.971538 0.472154
vt 0.972352 0.470798
vt 0.103182 0.926588
vt 0.099522 0.926174
vt 0.072723 0.989673
vt 0.069004 0.988137
vt 0.069950 0.987256
vt 0.070644 0.985384
vt 0.066161 0.985316
vt 0.067371 0.984751
vt 0.068488 0.984017
vt 0.070978 0.982236
vt 0.068089 0.981388
vt 0.066123 0.981270
vt 0.071409 0.978374
vt 0.068256 0.977721
vt 0.066139 0.977320
vt 0.064727 0.981451
vt 0.064719 0.977161
vt 0.075152 0.979168
s 1
f 5546/7104/5459 5550/7105/5460 5548/7106/5461 5545/7107/5462
f 5547/7108/5463 5704/7109/5464 5546/7104/5459 5545/7107/5462
f 5545/7107/5462 5548/7106/5461 5551/7110/5465 5547/7108/5463
f 5548/7111/5461 5549/7112/5466 5552/7113/5467 5551/7114/5465
f 5550/7105/5460 5582/7115/5468 5549/7116/5466 5548/7106/5461
f 5551/7114/5465 5552/7113/5467 5554/7117/5469 5553/7118/5470
f 5547/7108/5463 5551/7110/5465 5553/7119/5470 5556/7120/5471
f 5553/7118/5470 5554/7117/5469 5567/7121/5472 5555/7122/5473
f 5556/7120/5471 5553/7119/5470 5555/7123/5473 5558/7124/5474
f 5558/7124/5474 5559/7125/5475 5557/7126/5476 5556/7120/5471
f 5556/7120/5471 5557/7126/5476 5704/7109/5464 5547/7108/5463
f 5560/7127/5477 5561/7128/5478 5559/7125/5475 5558/7124/5474
f 5558/7124/5474 5555/7123/5473 5562/7129/5479 5560/7127/5477
f 5560/7127/5477 5562/7129/5479 5563/7130/5480 5561/7128/5478
f 5562/7131/5479 5564/7132/5481 5565/7133/5482 5563/7134/5480
f 5555/7122/5473 5567/7121/5472 5564/7135/5481 5562/7136/5479
f 5564/7132/5481 5566/7137/5483 5617/7138/5484 5565/7133/5482
f 5567/7121/5472 5568/7139/5485 5566/7140/5483 5564/7135/5481
f 5554/7117/5469 5569/7141/5486 5568/7139/5485 5567/7121/5472
f 5569/7141/5486 5573/7142/5487 5570/7143/5488 5568/7139/5485
f 5568/7139/5485 5570/7143/5488 5572/7144/5489 5566/7140/5483
f 5573/7142/5487 5574/7145/5490 5571/7146/5491 5570/7143/5488
f 5570/7143/5488 5571/7146/5491 5619/7147/5492 5572/7144/5489
f 5575/7148/5493 5576/7149/5494 5574/7145/5490 5573/7142/5487
f 5578/7150/5495 5575/7148/5493 5573/7142/5487 5569/7141/5486
f 5577/7151/5496 5663/7152/5497 5576/7149/5494 5575/7148/5493
f 5579/7153/5498 5577/7151/5496 5575/7148/5493 5578/7150/5495
f 5549/7112/5466 5579/7153/5498 5578/7150/5495 5552/7113/5467
f 5552/7113/5467 5578/7150/5495 5569/7141/5486 5554/7117/5469
f 5580/7154/5499 5583/7155/5500 5577/7156/5496 5579/7157/5498
f 5582/7158/5468 5580/7154/5499 5579/7157/5498 5549/7159/5466
f 5581/7160/5501 5585/7161/5502 5583/7155/5500 5580/7154/5499
f 5701/7162/5503 5581/7160/5501 5580/7154/5499 5582/7158/5468
f 5585/7161/5502 5586/7163/5504 5584/7164/5505 5583/7155/5500
f 5583/7155/5500 5584/7164/5505 5663/7165/5497 5577/7156/5496
f 5587/7166/5506 5588/7167/5507 5586/7163/5504 5585/7161/5502
f 5590/7168/5508 5587/7166/5506 5585/7161/5502 5581/7160/5501
f 5589/7169/5509 5670/7170/5510 5588/7167/5507 5587/7166/5506
f 5592/7171/5511 5589/7169/5509 5587/7166/5506 5590/7168/5508
f 5593/7172/5512 5592/7171/5511 5590/7168/5508 5591/7173/5513
f 5591/7173/5513 5590/7168/5508 5581/7160/5501 5701/7162/5503
f 5596/7174/5514 5594/7175/5515 5592/7176/5511 5593/7177/5512
f 5594/7175/5515 5597/7178/5516 5589/7179/5509 5592/7176/5511
f 5595/7180/5517 5599/7181/5518 5597/7178/5516 5594/7175/5515
f 5691/7182/5519 5595/7180/5517 5594/7175/5515 5596/7174/5514
f 5599/7181/5518 5600/7183/5520 5598/7184/5521 5597/7178/5516
f 5597/7178/5516 5598/7184/5521 5670/7185/5510 5589/7179/5509
f 5601/7186/5522 5602/7187/5523 5600/7183/5520 5599/7181/5518
f 5604/7188/5524 5601/7186/5522 5599/7181/5518 5595/7180/5517
f 5603/7189/5525 5676/7190/5526 5602/7187/5523 5601/7186/5522
f 5606/7191/5527 5603/7189/5525 5601/7186/5522 5604/7188/5524
f 5607/7192/5528 5606/7191/5527 5604/7188/5524 5605/7193/5529
f 5605/7193/5529 5604/7188/5524 5595/7180/5517 5691/7182/5519
f 5610/7194/5530 5608/7195/5531 5606/7196/5527 5607/7197/5528
f 5608/7195/5531 5611/7198/5532 5603/7199/5525 5606/7196/5527
f 5609/7200/5533 5613/7201/5534 5611/7198/5532 5608/7195/5531
f 5679/7202/5535 5609/7200/5533 5608/7195/5531 5610/7194/5530
f 5613/7201/5534 5614/7203/5536 5612/7204/5537 5611/7198/5532
f 5611/7198/5532 5612/7204/5537 5676/7205/5526 5603/7199/5525
f 5615/7206/5538 5616/7207/5539 5614/7203/5536 5613/7201/5534
f 5617/7138/5484 5615/7206/5538 5613/7201/5534 5609/7200/5533
f 5572/7144/5489 5619/7147/5492 5616/7208/5539 5615/7209/5538
f 5566/7140/5483 5572/7144/5489 5615/7209/5538 5617/7210/5484
f 5565/7133/5482 5617/7138/5484 5609/7200/5533 5679/7202/5535
f 5619/7147/5492 5620/7211/5540 5618/7212/5541 5616/7208/5539
f 5616/7207/5539 5618/7213/5541 5677/7214/5542 5614/7203/5536
f 5571/7146/5491 5622/7215/5543 5620/7211/5540 5619/7147/5492
f 5620/7216/5540 5621/7217/5544 5633/7218/5545 5618/7219/5541
f 5622/7215/5543 5624/7220/5546 5621/7221/5544 5620/7211/5540
f 5623/7222/5547 5625/7223/5548 5624/7220/5546 5622/7215/5543
f 5574/7145/5490 5623/7222/5547 5622/7215/5543 5571/7146/5491
f 5625/7223/5548 5627/7224/5549 5626/7225/5550 5624/7220/5546
f 5624/7220/5546 5626/7225/5550 5628/7226/5551 5621/7221/5544
f 5629/7227/5552 5626/7225/5550 5627/7224/5549 5631/7228/5553
f 5632/7229/5554 5628/7230/5551 5626/7231/5550 5629/7232/5552
f 5634/7233/5555 5632/7229/5554 5629/7232/5552 5630/7234/5556
f 5630/7234/5556 5629/7232/5552 5631/7235/5553 5678/7236/5557
f 5621/7217/5544 5628/7230/5551 5632/7229/5554 5633/7218/5545
f 5633/7218/5545 5632/7229/5554 5634/7233/5555 5635/7237/5558
f 5635/7237/5558 5634/7233/5555 5636/7238/5559 5637/7239/5560
f 5636/7238/5559 5634/7233/5555 5630/7234/5556 5639/7240/5561
f 5637/7239/5560 5636/7238/5559 5638/7241/5562 5674/7242/5563
f 5638/7241/5562 5636/7238/5559 5639/7240/5561 5641/7243/5564
f 5639/7240/5561 5630/7234/5556 5678/7236/5557 5640/7244/5565
f 5641/7245/5564 5639/7246/5561 5640/7247/5565 5643/7248/5566
f 5674/7249/5563 5638/7250/5562 5641/7245/5564 5642/7251/5567
f 5642/7251/5567 5641/7245/5564 5643/7248/5566 5644/7252/5568
f 5644/7252/5568 5643/7248/5566 5645/7253/5569 5646/7254/5570
f 5643/7248/5566 5640/7247/5565 5648/7255/5571 5645/7253/5569
f 5646/7254/5570 5645/7253/5569 5647/7256/5572 5668/7257/5573
f 5645/7253/5569 5648/7255/5571 5650/7258/5574 5647/7256/5572
f 5648/7259/5571 5649/7260/5575 5652/7261/5576 5650/7262/5574
f 5640/7247/5565 5678/7263/5557 5649/7264/5575 5648/7255/5571
f 5668/7265/5573 5647/7266/5572 5650/7262/5574 5651/7267/5577
f 5651/7267/5577 5650/7262/5574 5652/7261/5576 5653/7268/5578
f 5653/7268/5578 5652/7261/5576 5654/7269/5579 5655/7270/5580
f 5649/7260/5575 5657/7271/5581 5654/7269/5579 5652/7261/5576
f 5655/7270/5580 5654/7269/5579 5656/7272/5582 5661/7273/5583
f 5657/7271/5581 5658/7274/5584 5656/7272/5582 5654/7269/5579
f 5631/7228/5553 5627/7224/5549 5658/7275/5584 5657/7276/5581
f 5678/7277/5557 5631/7278/5553 5657/7271/5581 5649/7260/5575
f 5661/7279/5583 5656/7280/5582 5658/7275/5584 5659/7281/5585
f 5659/7281/5585 5658/7275/5584 5627/7224/5549 5625/7223/5548
f 5662/7282/5586 5661/7279/5583 5659/7281/5585 5660/7283/5587
f 5660/7283/5587 5659/7281/5585 5625/7223/5548 5623/7222/5547
f 5664/7284/5588 5655/7270/5580 5661/7273/5583 5662/7285/5586
f 5584/7164/5505 5664/7284/5588 5662/7285/5586 5663/7165/5497
f 5663/7152/5497 5662/7282/5586 5660/7283/5587 5576/7149/5494
f 5665/7286/5589 5653/7268/5578 5655/7270/5580 5664/7284/5588
f 5586/7163/5504 5665/7286/5589 5664/7284/5588 5584/7164/5505
f 5666/7287/5590 5651/7267/5577 5653/7268/5578 5665/7286/5589
f 5588/7167/5507 5666/7287/5590 5665/7286/5589 5586/7163/5504
f 5670/7170/5510 5667/7288/5591 5666/7287/5590 5588/7167/5507
f 5667/7288/5591 5668/7265/5573 5651/7267/5577 5666/7287/5590
f 5669/7289/5592 5646/7254/5570 5668/7257/5573 5667/7290/5591
f 5598/7184/5521 5669/7289/5592 5667/7290/5591 5670/7185/5510
f 5671/7291/5593 5644/7252/5568 5646/7254/5570 5669/7289/5592
f 5600/7183/5520 5671/7291/5593 5669/7289/5592 5598/7184/5521
f 5672/7292/5594 5642/7251/5567 5644/7252/5568 5671/7291/5593
f 5602/7187/5523 5672/7292/5594 5671/7291/5593 5600/7183/5520
f 5676/7190/5526 5673/7293/5595 5672/7292/5594 5602/7187/5523
f 5673/7293/5595 5674/7249/5563 5642/7251/5567 5672/7292/5594
f 5675/7294/5596 5637/7295/5560 5674/7296/5563 5673/7297/5595
f 5612/7204/5537 5675/7294/5596 5673/7297/5595 5676/7205/5526
f 5677/7214/5542 5635/7298/5558 5637/7295/5560 5675/7294/5596
f 5614/7203/5536 5677/7214/5542 5675/7294/5596 5612/7204/5537
f 5618/7213/5541 5633/7299/5545 5635/7298/5558 5677/7214/5542
f 5576/7149/5494 5660/7283/5587 5623/7222/5547 5574/7145/5490
f 5681/7300/5597 5679/7202/5535 5610/7194/5530 5680/7301/5598
f 5680/7301/5598 5610/7194/5530 5607/7197/5528 5682/7302/5599
f 5684/7303/5600 5681/7304/5597 5680/7305/5598 5683/7306/5601
f 5683/7306/5601 5680/7305/5598 5682/7307/5599 5686/7308/5602
f 5684/7303/5600 5683/7306/5601 5685/7309/5603 5705/7310/5604
f 5683/7306/5601 5686/7308/5602 5687/7311/5605 5685/7309/5603
f 5686/7308/5602 5682/7307/5599 5689/7312/5606 5687/7311/5605
f 5685/7309/5603 5687/7311/5605 5688/7313/5607 5706/7314/5608
f 5687/7311/5605 5689/7312/5606 5690/7315/5609 5688/7313/5607
f 5682/7302/5599 5607/7197/5528 5605/7316/5529 5689/7317/5606
f 5689/7318/5606 5605/7193/5529 5691/7182/5519 5690/7319/5609
f 5690/7315/5609 5691/7320/5519 5596/7321/5514 5692/7322/5610
f 5688/7313/5607 5690/7315/5609 5692/7322/5610 5694/7323/5611
f 5692/7322/5610 5596/7321/5514 5593/7324/5512 5693/7325/5612
f 5694/7323/5611 5692/7322/5610 5693/7325/5612 5696/7326/5613
f 5706/7314/5608 5688/7313/5607 5694/7323/5611 5695/7327/5614
f 5695/7327/5614 5694/7323/5611 5696/7326/5613 5697/7328/5615
f 5696/7326/5613 5693/7325/5612 5699/7329/5616 5697/7328/5615
f 5702/7330/5617 5695/7327/5614 5697/7328/5615 5698/7331/5618
f 5697/7328/5615 5699/7329/5616 5700/7332/5619 5698/7331/5618
f 5693/7325/5612 5593/7324/5512 5591/7333/5513 5699/7329/5616
f 5699/7329/5616 5591/7333/5513 5701/7334/5503 5700/7332/5619
f 5700/7332/5619 5701/7334/5503 5582/7115/5468 5550/7105/5460
f 5698/7331/5618 5700/7332/5619 5550/7105/5460 5546/7104/5459
f 5704/7109/5464 5702/7330/5617 5698/7331/5618 5546/7104/5459
f 5703/7335/5620 5706/7314/5608 5695/7327/5614 5702/7330/5617
f 5557/7126/5476 5703/7335/5620 5702/7330/5617 5704/7109/5464
f 5705/7310/5604 5685/7309/5603 5706/7314/5608 5703/7335/5620
f 5559/7125/5475 5705/7310/5604 5703/7335/5620 5557/7126/5476
f 5561/7128/5478 5684/7303/5600 5705/7310/5604 5559/7125/5475
f 5561/7128/5478 5563/7130/5480 5681/7304/5597 5684/7303/5600
f 5563/7134/5480 5565/7133/5482 5679/7202/5535 5681/7300/5597
o Cube.020
v 0.221830 -0.889478 0.019463
v 0.219655 -0.887319 0.010997
v 0.228552 -0.894645 0.022522
v 0.218608 -0.888433 0.022577
v 0.226945 -0.895194 0.029109
v 0.214011 -0.890190 0.024860
v 0.213617 -0.884221 0.011845
v 0.211952 -0.882761 -0.001364
v 0.208312 -0.885475 0.012972
v 0.206416 -0.883889 -0.001364
v 0.201540 -0.892390 0.013189
v 0.199612 -0.890804 -0.001364
v 0.207326 -0.897142 0.025249
v 0.191062 -0.906149 0.012635
v 0.196636 -0.910704 0.024234
v 0.175679 -0.926945 0.011649
v 0.189203 -0.904631 -0.001364
v 0.191062 -0.906149 -0.015363
v 0.173914 -0.925585 -0.001364
v 0.156695 -0.950338 -0.001364
v 0.175679 -0.926945 -0.014377
v 0.158517 -0.951222 -0.013000
v 0.180908 -0.931112 -0.025156
v 0.163428 -0.954588 -0.022612
v 0.196636 -0.910704 -0.026962
v 0.189241 -0.937943 -0.031839
v 0.199309 -0.946182 -0.034065
v 0.170620 -0.960945 -0.028527
v 0.205618 -0.918043 -0.034161
v 0.216458 -0.926900 -0.036561
v 0.216650 -0.904791 -0.035464
v 0.227901 -0.914021 -0.037961
v 0.223206 -0.897726 -0.034985
v 0.207326 -0.897142 -0.027977
v 0.214011 -0.890190 -0.027588
v 0.201540 -0.892390 -0.015917
v 0.208312 -0.885475 -0.015699
v 0.213617 -0.884221 -0.014573
v 0.218608 -0.888433 -0.025304
v 0.219655 -0.887319 -0.013725
v 0.221830 -0.889478 -0.022191
v 0.228307 -0.893653 -0.014560
v 0.218562 -0.886233 -0.001364
v 0.227889 -0.893041 -0.001364
v 0.238778 -0.901715 -0.001364
v 0.228307 -0.893653 0.011832
v 0.238630 -0.901886 0.012550
v 0.248681 -0.910430 0.011832
v 0.238188 -0.902394 0.024060
v 0.247637 -0.910359 0.022522
v 0.237188 -0.903537 0.031324
v 0.247341 -0.911984 0.029109
v 0.234291 -0.906816 0.034729
v 0.245349 -0.915938 0.032257
v 0.227901 -0.914021 0.035233
v 0.223206 -0.897726 0.032257
v 0.216650 -0.904791 0.032737
v 0.205618 -0.918043 0.031434
v 0.189241 -0.937943 0.029112
v 0.216458 -0.926900 0.033834
v 0.199309 -0.946182 0.031337
v 0.227298 -0.935757 0.031434
v 0.236279 -0.943095 0.024234
v 0.209452 -0.954336 0.029112
v 0.239148 -0.923256 0.032737
v 0.248469 -0.930908 0.025249
v 0.254517 -0.923506 0.024860
v 0.254258 -0.935656 0.013189
v 0.260243 -0.928189 0.012972
v 0.256190 -0.937238 -0.001364
v 0.241854 -0.947650 0.012635
v 0.223014 -0.965335 0.011649
v 0.243712 -0.949169 -0.001364
v 0.224705 -0.966778 -0.001364
v 0.241854 -0.947650 -0.015363
v 0.236279 -0.943095 -0.026962
v 0.223013 -0.965335 -0.014377
v 0.254258 -0.935656 -0.015917
v 0.260243 -0.928189 -0.015699
v 0.248469 -0.930908 -0.027977
v 0.254517 -0.923506 -0.027588
v 0.239148 -0.923256 -0.035464
v 0.245349 -0.915938 -0.034985
v 0.227298 -0.935757 -0.034161
v 0.209452 -0.954336 -0.031839
v 0.188754 -0.975527 -0.028527
v 0.217860 -0.961083 -0.025156
v 0.196544 -0.981212 -0.022612
v 0.176492 -0.998866 -0.019368
v 0.200857 -0.985250 -0.013000
v 0.202081 -0.986807 -0.001364
v 0.179052 -1.003037 -0.011336
v 0.179268 -1.005077 -0.001364
v 0.160119 -1.015426 -0.010170
v 0.162715 -1.009774 -0.016326
v 0.158795 -1.018246 -0.001364
v 0.145381 -1.020296 -0.010364
v 0.142729 -1.023786 -0.001364
v 0.135384 -1.018018 -0.010704
v 0.153856 -1.010485 -0.018149
v 0.169094 -0.995117 -0.024062
v 0.144924 -1.007298 -0.019036
v 0.160321 -0.989998 -0.025582
v 0.140051 -0.999552 -0.018149
v 0.153505 -0.982681 -0.024062
v 0.139269 -0.991186 -0.016326
v 0.131240 -1.009163 -0.010364
v 0.128040 -1.012249 -0.001364
v 0.133787 -0.994611 -0.010170
v 0.143547 -0.974761 -0.011336
v 0.131054 -0.996351 -0.001364
v 0.141375 -0.974919 -0.001364
v 0.133787 -0.994611 0.007442
v 0.143547 -0.974761 0.008608
v 0.139269 -0.991186 0.013598
v 0.131240 -1.009163 0.007636
v 0.135384 -1.018018 0.007976
v 0.140051 -0.999552 0.015421
v 0.153505 -0.982681 0.021334
v 0.144924 -1.007298 0.016309
v 0.160321 -0.989998 0.022855
v 0.153856 -1.010485 0.015421
v 0.169094 -0.995117 0.021334
v 0.162715 -1.009774 0.013598
v 0.145381 -1.020296 0.007636
v 0.160119 -1.015426 0.007442
v 0.179052 -1.003037 0.008608
v 0.200857 -0.985250 0.010273
v 0.176492 -0.998866 0.016640
v 0.196544 -0.981212 0.019885
v 0.217860 -0.961083 0.022428
v 0.188754 -0.975527 0.025799
v 0.179388 -0.968572 0.027751
v 0.170620 -0.960945 0.025799
v 0.163428 -0.954588 0.019885
v 0.158517 -0.951222 0.010273
v 0.180908 -0.931112 0.022428
v 0.148342 -0.976420 0.016640
v 0.132190 -1.021607 -0.001364
v 0.148342 -0.976420 -0.019368
v 0.179388 -0.968572 -0.030479
v 0.247341 -0.911984 -0.031837
v 0.234291 -0.906816 -0.037457
v 0.237188 -0.903537 -0.034052
v 0.226945 -0.895194 -0.031837
v 0.238188 -0.902394 -0.026788
v 0.238630 -0.901886 -0.015277
v 0.228552 -0.894645 -0.025250
v 0.247637 -0.910359 -0.025250
v 0.248681 -0.910430 -0.014560
v 0.253986 -0.915955 -0.022191
v 0.256534 -0.917685 -0.013725
v 0.255575 -0.918864 -0.025304
v 0.260669 -0.922957 -0.014573
v 0.262424 -0.924312 -0.001364
v 0.262166 -0.929744 -0.001364
v 0.260669 -0.922957 0.011845
v 0.257815 -0.918555 -0.001364
v 0.249370 -0.910730 -0.001364
v 0.256534 -0.917685 0.010997
v 0.253986 -0.915955 0.019463
v 0.255575 -0.918864 0.022577
vn 0.5239 0.8417 0.1308
vn 0.5198 0.8521 0.0615
vn 0.1232 0.9725 0.1975
vn 0.2060 0.8894 0.4081
vn 0.5806 0.8019 0.1407
vn 0.6054 0.7950 0.0381
vn 0.3721 0.7629 0.5287
vn -0.2861 0.6924 0.6624
vn -0.0364 0.4777 0.8777
vn -0.4439 0.8326 0.3311
vn 0.5228 0.8524 -0.0000
vn 0.1104 0.9939 -0.0000
vn -0.4871 0.8733 -0.0000
vn -0.7574 0.6530 -0.0000
vn -0.7083 0.6099 0.3554
vn -0.5378 0.4591 0.7071
vn -0.8034 0.5955 -0.0000
vn -0.7553 0.5514 0.3543
vn -0.5856 0.3988 0.7057
vn -0.7664 0.5359 0.3541
vn -0.5970 0.3832 0.7048
vn -0.8144 0.5802 -0.0000
vn -0.7083 0.6099 -0.3554
vn -0.7553 0.5514 -0.3543
vn -0.7664 0.5359 -0.3541
vn -0.8355 0.5495 -0.0000
vn -0.7866 0.5055 0.3546
vn -0.7866 0.5055 -0.3546
vn -0.5970 0.3832 -0.7048
vn -0.6173 0.3540 -0.7026
vn -0.5856 0.3988 -0.7057
vn -0.3330 0.1506 -0.9308
vn -0.3555 0.1225 -0.9266
vn -0.3214 0.1659 -0.9323
vn -0.0561 -0.0686 -0.9961
vn -0.0679 -0.0835 -0.9942
vn -0.0906 -0.1124 -0.9895
vn -0.5378 0.4591 -0.7071
vn -0.2746 0.2255 -0.9347
vn -0.0088 -0.0108 -0.9999
vn -0.0364 0.4777 -0.8777
vn 0.2162 0.2611 -0.9408
vn -0.2861 0.6924 -0.6624
vn -0.4439 0.8326 -0.3311
vn 0.1232 0.9725 -0.1975
vn 0.2060 0.8894 -0.4081
vn 0.5198 0.8521 -0.0615
vn 0.5239 0.8417 -0.1308
vn 0.6054 0.7950 -0.0381
vn 0.5806 0.8019 -0.1407
vn 0.6058 0.7956 -0.0000
vn 0.6357 0.7719 -0.0000
vn 0.6352 0.7714 -0.0381
vn 0.6352 0.7714 0.0381
vn 0.6295 0.7645 0.1387
vn 0.6642 0.7466 0.0381
vn 0.6646 0.7472 -0.0000
vn 0.6758 0.7234 0.1411
vn 0.5295 0.6411 0.5556
vn 0.6782 0.5050 0.5338
vn 0.2162 0.2611 0.9408
vn 0.4675 0.0391 0.8831
vn -0.0088 -0.0108 0.9999
vn 0.2574 -0.2465 0.9343
vn -0.2746 0.2255 0.9347
vn -0.3214 0.1659 0.9323
vn -0.0561 -0.0686 0.9961
vn -0.3330 0.1506 0.9308
vn -0.0679 -0.0835 0.9942
vn 0.2071 -0.3040 0.9299
vn 0.1947 -0.3188 0.9276
vn 0.5205 -0.4795 0.7065
vn 0.4674 -0.5373 0.7020
vn 0.4538 -0.5513 0.7000
vn 0.7193 -0.1830 0.6702
vn 0.8842 -0.3240 0.3365
vn 0.6902 -0.6305 0.3550
vn 0.6368 -0.6861 0.3519
vn 0.9320 -0.3625 -0.0000
vn 0.7387 -0.6741 -0.0000
vn 0.6855 -0.7281 -0.0000
vn 0.6227 -0.6994 0.3509
vn 0.6713 -0.7411 -0.0000
vn 0.6368 -0.6861 -0.3519
vn 0.6227 -0.6994 -0.3509
vn 0.6902 -0.6305 -0.3550
vn 0.5205 -0.4795 -0.7065
vn 0.4674 -0.5373 -0.7020
vn 0.4538 -0.5513 -0.7000
vn 0.8842 -0.3240 -0.3365
vn 0.7193 -0.1830 -0.6702
vn 0.4675 0.0391 -0.8831
vn 0.2574 -0.2465 -0.9343
vn 0.2071 -0.3040 -0.9299
vn 0.1947 -0.3188 -0.9276
vn 0.1723 -0.3466 -0.9221
vn 0.4292 -0.5759 -0.6958
vn 0.5958 -0.7229 -0.3500
vn 0.3856 -0.6166 -0.6864
vn 0.1279 -0.3996 -0.9077
vn 0.5412 -0.7659 -0.3471
vn 0.6438 -0.7652 -0.0000
vn 0.5806 -0.8142 -0.0000
vn 0.4164 -0.9092 -0.0000
vn 0.3838 -0.8286 -0.4077
vn 0.3233 -0.6678 -0.6704
vn 0.0524 -0.8270 -0.5598
vn 0.0793 -0.5607 -0.8242
vn 0.0159 -0.9999 -0.0000
vn -0.6321 -0.7749 -0.0000
vn -0.4745 -0.5911 -0.6522
vn -0.2562 -0.3230 -0.9111
vn -0.1404 -0.1758 -0.9744
vn -0.3986 0.0665 -0.9147
vn -0.5468 -0.0143 -0.8372
vn -0.8130 -0.0913 -0.5751
vn -0.6507 0.3021 -0.6966
vn -0.6934 0.2289 -0.6832
vn -0.8664 0.2673 -0.4218
vn -0.9865 -0.1639 -0.0000
vn -0.9573 0.2890 -0.0000
vn -0.8233 0.4433 -0.3544
vn -0.8784 0.4779 -0.0000
vn -0.8233 0.4433 0.3544
vn -0.8664 0.2673 0.4218
vn -0.8130 -0.0913 0.5751
vn -0.6507 0.3021 0.6966
vn -0.6934 0.2289 0.6832
vn -0.5468 -0.0143 0.8372
vn -0.4745 -0.5911 0.6522
vn -0.2562 -0.3230 0.9111
vn -0.3986 0.0665 0.9147
vn -0.1404 -0.1758 0.9744
vn 0.1279 -0.3996 0.9077
vn 0.0793 -0.5607 0.8242
vn 0.0524 -0.8270 0.5598
vn 0.3856 -0.6166 0.6864
vn 0.3233 -0.6678 0.6704
vn 0.3838 -0.8286 0.4077
vn 0.5412 -0.7659 0.3472
vn 0.5958 -0.7229 0.3500
vn 0.4292 -0.5759 0.6958
vn 0.1723 -0.3466 0.9221
vn -0.0906 -0.1124 0.9895
vn -0.3555 0.1225 0.9266
vn -0.6173 0.3540 0.7026
vn 0.6782 0.5050 -0.5338
vn 0.8360 0.3585 -0.4155
vn 0.5295 0.6411 -0.5556
vn 0.3721 0.7629 -0.5287
vn 0.6295 0.7645 -0.1387
vn 0.6758 0.7234 -0.1411
vn 0.6642 0.7466 -0.0381
vn 0.7372 0.6728 -0.0619
vn 0.7261 0.6749 -0.1313
vn 0.9360 0.2878 -0.2026
vn 0.7369 0.6760 -0.0000
vn 0.9606 0.2780 -0.0000
vn 0.9360 0.2878 0.2026
vn 0.7372 0.6728 0.0619
vn 0.7261 0.6749 0.1313
vn 0.8360 0.3585 0.4155
vt 0.035704 0.971263
vt 0.034387 0.973569
vt 0.032534 0.973036
vt 0.034970 0.970235
vt 0.038313 0.970777
vt 0.037526 0.973830
vt 0.038414 0.968854
vt 0.311732 0.951704
vt 0.314730 0.951828
vt 0.314380 0.953132
vt 0.311016 0.953014
vt 0.318399 0.951833
vt 0.318463 0.953160
vt 0.033319 0.977084
vt 0.031228 0.976767
vt 0.322257 0.951775
vt 0.322658 0.953115
vt 0.322753 0.955979
vt 0.318496 0.956019
vt 0.314356 0.955983
vt 0.322664 0.961076
vt 0.318569 0.961112
vt 0.314588 0.961072
vt 0.318682 0.968718
vt 0.314982 0.968657
vt 0.322488 0.968704
vt 0.326446 0.955877
vt 0.326216 0.960975
vt 0.325790 0.968591
vt 0.322206 0.977548
vt 0.318805 0.977441
vt 0.325161 0.977327
vt 0.984803 0.256514
vt 0.988165 0.256300
vt 0.988001 0.264976
vt 0.985008 0.265293
vt 0.984730 0.248887
vt 0.988350 0.248683
vt 0.991913 0.256348
vt 0.991330 0.265124
vt 0.992385 0.248729
vt 0.996271 0.248990
vt 0.995524 0.256594
vt 0.994548 0.265447
vt 0.988490 0.243587
vt 0.992686 0.243642
vt 0.996726 0.243922
vt 0.992795 0.240856
vt 0.996777 0.241130
vt 0.988656 0.240804
vt 0.984942 0.241000
vt 0.984726 0.243794
vt 0.326294 0.953021
vt 0.985612 0.239850
vt 0.988928 0.239688
vt 0.325614 0.951704
vt 0.033149 0.980754
vt 0.031211 0.980714
vt 0.033617 0.983369
vt 0.032572 0.984151
vt 0.036204 0.981500
vt 0.035920 0.984661
vt 0.036654 0.977626
vt 0.040694 0.978294
vt 0.040000 0.982342
vt 0.041393 0.974255
vt 0.041979 0.970924
vt 0.045194 0.975106
vt 0.044739 0.978972
vt 0.045495 0.971973
vt 0.042362 0.968847
vt 0.046090 0.970131
vt 0.991624 0.195002
vt 0.995579 0.194987
vt 0.995828 0.196341
vt 0.991532 0.196338
vt 0.999259 0.194930
vt 0.999818 0.196264
vt 0.995949 0.199189
vt 0.991588 0.199175
vt 1.000000 0.199110
vt 0.310947 0.955865
vt 0.999923 0.204171
vt 0.996027 0.204239
vt 0.311310 0.960951
vt 0.311939 0.968550
vt 0.999744 0.211729
vt 0.996122 0.211795
vt 0.991833 0.204216
vt 0.992223 0.211744
vt 0.987639 0.199062
vt 0.988034 0.204099
vt 0.988694 0.211607
vt 0.987637 0.196235
vt 0.984762 0.196023
vt 0.984726 0.198850
vt 0.985234 0.203891
vt 0.307739 0.953015
vt 0.310808 0.953489
vt 0.310947 0.956270
vt 0.307830 0.955795
vt 0.310602 0.961334
vt 0.307603 0.960876
vt 0.986094 0.211423
vt 0.309983 0.968918
vt 0.307194 0.968507
vt 0.303797 0.960650
vt 0.303657 0.968282
vt 0.303873 0.955560
vt 0.299683 0.955622
vt 0.299768 0.960714
vt 0.299914 0.968332
vt 0.303839 0.952788
vt 0.299706 0.952854
vt 0.295910 0.953230
vt 0.295837 0.956013
vt 0.296069 0.961098
vt 0.999986 0.241579
vt 0.999986 0.244366
vt 0.999407 0.249408
vt 0.296479 0.968717
vt 0.998441 0.256952
vt 0.997167 0.265635
vt 0.300116 0.977025
vt 0.297064 0.977499
vt 0.303446 0.977091
vt 0.300369 0.984975
vt 0.297880 0.985768
vt 0.303110 0.985416
vt 0.306602 0.977408
vt 0.305790 0.986008
vt 0.304699 0.993099
vt 0.302409 0.992043
vt 0.300604 0.990219
vt 0.301059 0.996246
vt 0.299130 0.992272
vt 0.303305 0.997731
vt 0.301739 0.999639
vt 0.299467 0.998006
vt 0.297437 0.993607
vt 0.295837 0.986676
vt 0.990665 0.273381
vt 0.993383 0.273968
vt 0.992038 0.280932
vt 0.989733 0.279898
vt 0.990535 0.285387
vt 0.988286 0.283945
vt 0.987940 0.272878
vt 0.987988 0.278062
vt 0.986484 0.280005
vt 0.986732 0.285519
vt 0.984842 0.281168
vt 0.262459 0.694834
vt 0.262477 0.692437
vt 0.265198 0.692137
vt 0.265082 0.694461
vt 0.985483 0.273537
vt 0.321771 0.985981
vt 0.324316 0.985469
vt 0.323419 0.991769
vt 0.321127 0.992734
vt 0.318869 0.985566
vt 0.318608 0.991855
vt 0.320245 0.996828
vt 0.317730 0.995562
vt 0.316138 0.985025
vt 0.316696 0.990050
vt 0.315528 0.991747
vt 0.995613 0.239688
vt 0.995989 0.235617
vt 0.998448 0.234727
vt 0.998149 0.238418
vt 0.262419 0.689438
vt 0.265043 0.689261
vt 0.313955 0.985408
vt 0.996169 0.228917
vt 0.998941 0.228473
vt 0.993179 0.228436
vt 0.993360 0.234676
vt 0.992949 0.238351
vt 0.990551 0.227836
vt 0.991409 0.232836
vt 0.990560 0.234498
vt 0.306689 0.992473
vt 0.305434 0.996685
vt 0.259680 0.692136
vt 0.259727 0.689261
vt 0.988713 0.228167
vt 0.307958 0.985903
vt 0.987255 0.220074
vt 0.989556 0.220129
vt 0.309102 0.977660
vt 0.992704 0.220381
vt 0.996192 0.220558
vt 0.999429 0.220397
vt 0.315509 0.977260
vt 0.312810 0.977270
vt 0.995667 0.273796
vt 0.043037 0.987845
vt 0.046483 0.986467
vt 0.047079 0.987335
vt 0.043255 0.988909
vt 0.039088 0.987848
vt 0.038966 0.988934
vt 0.035362 0.986567
vt 0.034925 0.987523
vt 0.039432 0.985703
vt 0.043103 0.985857
vt 0.043873 0.982777
vt 0.047028 0.983065
vt 0.045720 0.985384
vt 0.048918 0.983662
vt 0.299874 0.951773
vt 0.303580 0.951704
vt 0.048093 0.979544
vt 0.050222 0.979929
vt 0.051260 0.980189
vt 0.049824 0.984237
vt 0.050241 0.975984
vt 0.051260 0.975904
vt 0.048267 0.975880
vt 0.047806 0.973278
vt 0.048882 0.972551
vt 0.988118 0.194930
vt 0.049706 0.972091
vt 0.992642 0.239724
s 1
f 5707/7336/5621 5708/7337/5622 5713/7338/5623 5710/7339/5624
f 5708/7337/5622 5707/7336/5621 5709/7340/5625 5752/7341/5626
f 5709/7340/5625 5707/7336/5621 5710/7339/5624 5711/7342/5627
f 5711/7343/5627 5710/7344/5624 5712/7345/5628 5762/7346/5629
f 5710/7344/5624 5713/7347/5623 5715/7348/5630 5712/7345/5628
f 5708/7337/5622 5749/7349/5631 5714/7350/5632 5713/7338/5623
f 5713/7347/5623 5714/7351/5632 5716/7352/5633 5715/7348/5630
f 5715/7348/5630 5716/7352/5633 5718/7353/5634 5717/7354/5635
f 5712/7345/5628 5715/7348/5630 5717/7354/5635 5719/7355/5636
f 5717/7354/5635 5718/7353/5634 5723/7356/5637 5720/7357/5638
f 5719/7355/5636 5717/7354/5635 5720/7357/5638 5721/7358/5639
f 5721/7358/5639 5720/7357/5638 5722/7359/5640 5843/7360/5641
f 5720/7357/5638 5723/7356/5637 5725/7361/5642 5722/7359/5640
f 5718/7353/5634 5742/7362/5643 5724/7363/5644 5723/7356/5637
f 5723/7356/5637 5724/7363/5644 5727/7364/5645 5725/7361/5642
f 5722/7359/5640 5725/7361/5642 5726/7365/5646 5842/7366/5647
f 5725/7361/5642 5727/7364/5645 5728/7367/5648 5726/7365/5646
f 5727/7368/5645 5729/7369/5649 5730/7370/5650 5728/7371/5648
f 5724/7372/5644 5731/7373/5651 5729/7369/5649 5727/7368/5645
f 5729/7369/5649 5732/7374/5652 5734/7375/5653 5730/7370/5650
f 5731/7373/5651 5735/7376/5654 5732/7374/5652 5729/7369/5649
f 5735/7376/5654 5736/7377/5655 5733/7378/5656 5732/7374/5652
f 5732/7374/5652 5733/7378/5656 5847/7379/5657 5734/7375/5653
f 5740/7380/5658 5737/7381/5659 5735/7376/5654 5731/7373/5651
f 5737/7381/5659 5738/7382/5660 5736/7377/5655 5735/7376/5654
f 5739/7383/5661 5849/7384/5662 5738/7382/5660 5737/7381/5659
f 5741/7385/5663 5739/7383/5661 5737/7381/5659 5740/7380/5658
f 5743/7386/5664 5741/7385/5663 5740/7380/5658 5742/7387/5643
f 5742/7387/5643 5740/7380/5658 5731/7373/5651 5724/7372/5644
f 5716/7352/5633 5743/7388/5664 5742/7362/5643 5718/7353/5634
f 5744/7389/5665 5745/7390/5666 5741/7385/5663 5743/7386/5664
f 5714/7351/5632 5744/7391/5665 5743/7388/5664 5716/7352/5633
f 5749/7349/5631 5746/7392/5667 5744/7393/5665 5714/7350/5632
f 5746/7392/5667 5747/7394/5668 5745/7395/5666 5744/7393/5665
f 5747/7394/5668 5746/7392/5667 5748/7396/5669 5854/7397/5670
f 5746/7392/5667 5749/7349/5631 5750/7398/5671 5748/7396/5669
f 5749/7349/5631 5708/7337/5622 5752/7341/5626 5750/7398/5671
f 5748/7396/5669 5750/7398/5671 5751/7399/5672 5853/7400/5673
f 5750/7398/5671 5752/7341/5626 5753/7401/5674 5751/7399/5672
f 5752/7341/5626 5709/7340/5625 5755/7402/5675 5753/7401/5674
f 5751/7399/5672 5753/7401/5674 5754/7403/5676 5865/7404/5677
f 5753/7401/5674 5755/7402/5675 5756/7405/5678 5754/7403/5676
f 5756/7405/5678 5755/7402/5675 5757/7406/5679 5758/7407/5680
f 5755/7402/5675 5709/7340/5625 5711/7342/5627 5757/7406/5679
f 5758/7408/5680 5757/7409/5679 5759/7410/5681 5760/7411/5682
f 5757/7409/5679 5711/7412/5627 5762/7413/5629 5759/7410/5681
f 5760/7411/5682 5759/7410/5681 5761/7414/5683 5771/7415/5684
f 5759/7410/5681 5762/7413/5629 5763/7416/5685 5761/7414/5683
f 5762/7346/5629 5712/7345/5628 5719/7355/5636 5763/7417/5685
f 5761/7414/5683 5763/7416/5685 5764/7418/5686 5766/7419/5687
f 5763/7417/5685 5719/7355/5636 5721/7358/5639 5764/7420/5686
f 5764/7420/5686 5721/7358/5639 5843/7360/5641 5765/7421/5688
f 5766/7419/5687 5764/7418/5686 5765/7422/5688 5767/7423/5689
f 5768/7424/5690 5766/7419/5687 5767/7423/5689 5770/7425/5691
f 5771/7415/5684 5761/7414/5683 5766/7419/5687 5768/7424/5690
f 5772/7426/5692 5771/7415/5684 5768/7424/5690 5769/7427/5693
f 5769/7427/5693 5768/7424/5690 5770/7425/5691 5837/7428/5694
f 5773/7429/5695 5760/7411/5682 5771/7415/5684 5772/7426/5692
f 5775/7430/5696 5773/7429/5695 5772/7426/5692 5774/7431/5697
f 5774/7431/5697 5772/7426/5692 5769/7427/5693 5777/7432/5698
f 5862/7433/5699 5775/7434/5696 5774/7435/5697 5776/7436/5700
f 5776/7436/5700 5774/7435/5697 5777/7437/5698 5779/7438/5701
f 5777/7432/5698 5769/7427/5693 5837/7428/5694 5778/7439/5702
f 5779/7438/5701 5777/7437/5698 5778/7440/5702 5780/7441/5703
f 5781/7442/5704 5779/7438/5701 5780/7441/5703 5783/7443/5705
f 5784/7444/5706 5776/7436/5700 5779/7438/5701 5781/7442/5704
f 5786/7445/5707 5784/7444/5706 5781/7442/5704 5782/7446/5708
f 5782/7446/5708 5781/7442/5704 5783/7443/5705 5793/7447/5709
f 5785/7448/5710 5862/7433/5699 5776/7436/5700 5784/7444/5706
f 5787/7449/5711 5785/7448/5710 5784/7444/5706 5786/7445/5707
f 5789/7450/5712 5787/7449/5711 5786/7445/5707 5788/7451/5713
f 5788/7451/5713 5786/7445/5707 5782/7446/5708 5790/7452/5714
f 5849/7384/5662 5789/7453/5712 5788/7454/5713 5738/7382/5660
f 5738/7382/5660 5788/7454/5713 5790/7455/5714 5736/7377/5655
f 5790/7452/5714 5782/7446/5708 5793/7447/5709 5791/7456/5715
f 5736/7377/5655 5790/7455/5714 5791/7457/5715 5733/7378/5656
f 5733/7378/5656 5791/7457/5715 5792/7458/5716 5847/7379/5657
f 5791/7456/5715 5793/7447/5709 5794/7459/5717 5792/7460/5716
f 5793/7447/5709 5783/7443/5705 5796/7461/5718 5794/7459/5717
f 5792/7460/5716 5794/7459/5717 5795/7462/5719 5807/7463/5720
f 5794/7459/5717 5796/7461/5718 5798/7464/5721 5795/7462/5719
f 5796/7461/5718 5797/7465/5722 5799/7466/5723 5798/7464/5721
f 5783/7443/5705 5780/7441/5703 5797/7465/5722 5796/7461/5718
f 5798/7464/5721 5799/7466/5723 5802/7467/5724 5800/7468/5725
f 5795/7462/5719 5798/7464/5721 5800/7468/5725 5801/7469/5726
f 5801/7469/5726 5800/7468/5725 5803/7470/5727 5806/7471/5728
f 5800/7468/5725 5802/7467/5724 5804/7472/5729 5803/7470/5727
f 5803/7470/5727 5804/7472/5729 5845/7473/5730 5805/7474/5731
f 5806/7471/5728 5803/7470/5727 5805/7474/5731 5808/7475/5732
f 5807/7463/5720 5795/7462/5719 5801/7469/5726 5806/7471/5728
f 5809/7476/5733 5807/7463/5720 5806/7471/5728 5808/7475/5732
f 5811/7477/5734 5809/7478/5733 5808/7479/5732 5810/7480/5735
f 5808/7479/5732 5805/7481/5731 5813/7482/5736 5810/7480/5735
f 5846/7483/5737 5811/7477/5734 5810/7480/5735 5812/7484/5738
f 5810/7480/5735 5813/7482/5736 5815/7485/5739 5812/7484/5738
f 5813/7482/5736 5814/7486/5740 5817/7487/5741 5815/7485/5739
f 5805/7488/5731 5845/7489/5730 5814/7490/5740 5813/7491/5736
f 5816/7492/5742 5846/7483/5737 5812/7484/5738 5815/7485/5739
f 5818/7493/5743 5816/7494/5742 5815/7495/5739 5817/7496/5741
f 5820/7497/5744 5818/7493/5743 5817/7496/5741 5819/7498/5745
f 5814/7499/5740 5822/7500/5746 5819/7498/5745 5817/7496/5741
f 5844/7501/5747 5820/7497/5744 5819/7498/5745 5821/7502/5748
f 5822/7500/5746 5824/7503/5749 5821/7502/5748 5819/7498/5745
f 5823/7504/5750 5826/7505/5751 5824/7506/5749 5822/7507/5746
f 5845/7489/5730 5823/7508/5750 5822/7509/5746 5814/7490/5740
f 5825/7510/5752 5844/7501/5747 5821/7502/5748 5824/7503/5749
f 5827/7511/5753 5825/7512/5752 5824/7506/5749 5826/7505/5751
f 5829/7513/5754 5827/7511/5753 5826/7505/5751 5828/7514/5755
f 5831/7515/5756 5828/7514/5755 5826/7505/5751 5823/7504/5750
f 5835/7516/5757 5829/7513/5754 5828/7514/5755 5830/7517/5758
f 5832/7518/5759 5830/7517/5758 5828/7514/5755 5831/7515/5756
f 5802/7467/5724 5832/7519/5759 5831/7520/5756 5804/7472/5729
f 5804/7521/5729 5831/7522/5756 5823/7508/5750 5845/7489/5730
f 5833/7523/5760 5835/7516/5757 5830/7517/5758 5832/7518/5759
f 5799/7466/5723 5833/7524/5760 5832/7519/5759 5802/7467/5724
f 5834/7525/5761 5836/7526/5762 5835/7516/5757 5833/7523/5760
f 5797/7465/5722 5834/7527/5761 5833/7524/5760 5799/7466/5723
f 5836/7526/5762 5838/7528/5763 5829/7513/5754 5835/7516/5757
f 5778/7439/5702 5837/7428/5694 5836/7526/5762 5834/7525/5761
f 5837/7428/5694 5770/7425/5691 5838/7528/5763 5836/7526/5762
f 5838/7528/5763 5839/7529/5764 5827/7511/5753 5829/7513/5754
f 5770/7425/5691 5767/7423/5689 5839/7529/5764 5838/7528/5763
f 5767/7423/5689 5765/7422/5688 5840/7530/5765 5839/7529/5764
f 5839/7529/5764 5840/7530/5765 5825/7512/5752 5827/7511/5753
f 5765/7421/5688 5843/7360/5641 5841/7531/5766 5840/7532/5765
f 5840/7532/5765 5841/7531/5766 5844/7501/5747 5825/7510/5752
f 5841/7531/5766 5842/7366/5647 5820/7497/5744 5844/7501/5747
f 5843/7360/5641 5722/7359/5640 5842/7366/5647 5841/7531/5766
f 5842/7366/5647 5726/7365/5646 5818/7493/5743 5820/7497/5744
f 5780/7441/5703 5778/7440/5702 5834/7527/5761 5797/7465/5722
f 5726/7365/5646 5728/7367/5648 5816/7494/5742 5818/7493/5743
f 5728/7371/5648 5730/7370/5650 5846/7483/5737 5816/7492/5742
f 5730/7370/5650 5734/7375/5653 5811/7477/5734 5846/7483/5737
f 5734/7375/5653 5847/7379/5657 5809/7478/5733 5811/7477/5734
f 5847/7379/5657 5792/7458/5716 5807/7533/5720 5809/7478/5733
f 5848/7534/5767 5859/7535/5768 5787/7536/5711 5789/7537/5712
f 5850/7538/5769 5848/7534/5767 5789/7537/5712 5849/7539/5662
f 5851/7540/5770 5850/7538/5769 5849/7539/5662 5739/7541/5661
f 5854/7397/5670 5852/7542/5771 5850/7538/5769 5851/7540/5770
f 5852/7542/5771 5855/7543/5772 5848/7534/5767 5850/7538/5769
f 5852/7542/5771 5853/7400/5673 5856/7544/5773 5855/7543/5772
f 5854/7397/5670 5748/7396/5669 5853/7400/5673 5852/7542/5771
f 5855/7543/5772 5856/7544/5773 5858/7545/5774 5857/7546/5775
f 5855/7543/5772 5857/7546/5775 5859/7535/5768 5848/7534/5767
f 5857/7546/5775 5858/7545/5774 5860/7547/5776 5859/7535/5768
f 5859/7548/5768 5860/7549/5776 5785/7448/5710 5787/7449/5711
f 5858/7545/5774 5864/7550/5777 5861/7551/5778 5860/7547/5776
f 5860/7547/5776 5861/7551/5778 5862/7552/5699 5785/7553/5710
f 5861/7551/5778 5863/7554/5779 5775/7555/5696 5862/7552/5699
f 5864/7550/5777 5866/7556/5780 5863/7554/5779 5861/7551/5778
f 5865/7404/5677 5754/7403/5676 5866/7556/5780 5864/7550/5777
f 5856/7544/5773 5865/7404/5677 5864/7550/5777 5858/7545/5774
f 5754/7403/5676 5756/7405/5678 5867/7557/5781 5866/7556/5780
f 5866/7556/5780 5867/7557/5781 5868/7558/5782 5863/7554/5779
f 5867/7557/5781 5756/7405/5678 5758/7407/5680 5868/7558/5782
f 5868/7559/5782 5758/7408/5680 5760/7411/5682 5773/7429/5695
f 5863/7554/5779 5868/7558/5782 5773/7560/5695 5775/7555/5696
f 5853/7400/5673 5751/7399/5672 5865/7404/5677 5856/7544/5773
f 5747/7394/5668 5854/7397/5670 5851/7540/5770 5745/7395/5666
f 5745/7390/5666 5851/7561/5770 5739/7383/5661 5741/7385/5663
