# Blender 4.3.2
# www.blender.org
mtllib 4.mtl
o Cylinder.013
v 0.000000 0.991622 -0.043157
v 0.000000 0.999422 -0.043157
v 0.011170 0.991622 -0.041686
v 0.011170 0.999422 -0.041686
v 0.021578 0.991622 -0.037375
v 0.021578 0.999422 -0.037375
v 0.030517 0.991622 -0.030517
v 0.030517 0.999422 -0.030517
v 0.037375 0.991622 -0.021578
v 0.037375 0.999422 -0.021578
v 0.041686 0.991622 -0.011170
v 0.041686 0.999422 -0.011170
v 0.043157 0.991622 0.000000
v 0.043157 0.999422 0.000000
v 0.041686 0.991622 0.011170
v 0.041686 0.999422 0.011170
v 0.037375 0.991622 0.021578
v 0.037375 0.999422 0.021578
v 0.030517 0.991622 0.030517
v 0.030517 0.999422 0.030517
v 0.021578 0.991622 0.037375
v 0.021578 0.999422 0.037375
v 0.011170 0.991622 0.041686
v 0.011170 0.999422 0.041686
v 0.000000 0.991622 0.043157
v 0.000000 0.999422 0.043157
v -0.011170 0.991622 0.041686
v -0.011170 0.999422 0.041686
v -0.021578 0.991622 0.037375
v -0.021578 0.999422 0.037375
v -0.030517 0.991622 0.030517
v -0.030517 0.999422 0.030517
v -0.037375 0.991622 0.021578
v -0.037375 0.999422 0.021578
v -0.041686 0.991622 0.011170
v -0.041686 0.999422 0.011170
v -0.043157 0.991622 0.000000
v -0.043157 0.999422 0.000000
v -0.041686 0.991622 -0.011170
v -0.041686 0.999422 -0.011170
v -0.037375 0.991622 -0.021578
v -0.037375 0.999422 -0.021578
v -0.030517 0.991622 -0.030517
v -0.030517 0.999422 -0.030517
v -0.021578 0.991622 -0.037375
v -0.021578 0.999422 -0.037375
v -0.011170 0.991622 -0.041686
v -0.011170 0.999422 -0.041686
v 0.000000 0.991622 -0.205206
v 0.053111 0.991622 -0.198214
v 0.053111 0.999422 -0.198214
v 0.000000 0.999422 -0.205206
v 0.102603 0.991622 -0.177714
v 0.102603 0.999422 -0.177714
v 0.145103 0.991622 -0.145103
v 0.145103 0.999422 -0.145103
v 0.177714 0.991622 -0.102603
v 0.177714 0.999422 -0.102603
v 0.198214 0.991622 -0.053111
v 0.198214 0.999422 -0.053111
v 0.205206 0.991622 0.000000
v 0.205206 0.999422 0.000000
v 0.198214 0.991622 0.053111
v 0.198214 0.999422 0.053111
v 0.177714 0.991622 0.102603
v 0.177714 0.999422 0.102603
v 0.145103 0.991622 0.145103
v 0.145103 0.999422 0.145103
v 0.102603 0.991622 0.177714
v 0.102603 0.999422 0.177714
v 0.053111 0.991622 0.198214
v 0.053111 0.999422 0.198214
v 0.000000 0.991622 0.205206
v 0.000000 0.999422 0.205206
v -0.053111 0.991622 0.198214
v -0.053111 0.999422 0.198214
v -0.102603 0.991622 0.177714
v -0.102603 0.999422 0.177714
v -0.145103 0.991622 0.145103
v -0.145103 0.999422 0.145103
v -0.177714 0.991622 0.102603
v -0.177714 0.999422 0.102603
v -0.198214 0.991622 0.053111
v -0.198214 0.999422 0.053111
v -0.205206 0.991622 0.000000
v -0.205206 0.999422 0.000000
v -0.198214 0.991622 -0.053111
v -0.198214 0.999422 -0.053111
v -0.177714 0.991622 -0.102603
v -0.177714 0.999422 -0.102603
v -0.145103 0.991622 -0.145103
v -0.145103 0.999422 -0.145103
v -0.102603 0.991622 -0.177714
v -0.102603 0.999422 -0.177714
v -0.053111 0.991622 -0.198214
v -0.053111 0.999422 -0.198214
v 0.000000 1.002152 -0.043157
v 0.000000 1.009952 -0.043157
v 0.011170 1.002152 -0.041686
v 0.011170 1.009952 -0.041686
v 0.021578 1.002152 -0.037375
v 0.021578 1.009952 -0.037375
v 0.030517 1.002152 -0.030517
v 0.030517 1.009952 -0.030517
v 0.037375 1.002152 -0.021578
v 0.037375 1.009952 -0.021578
v 0.041686 1.002152 -0.011170
v 0.041686 1.009952 -0.011170
v 0.043157 1.002152 0.000000
v 0.043157 1.009952 0.000000
v 0.041686 1.002152 0.011170
v 0.041686 1.009952 0.011170
v 0.037375 1.002152 0.021578
v 0.037375 1.009952 0.021578
v 0.030517 1.002152 0.030517
v 0.030517 1.009952 0.030517
v 0.021578 1.002152 0.037375
v 0.021578 1.009952 0.037375
v 0.011170 1.002152 0.041686
v 0.011170 1.009952 0.041686
v 0.000000 1.002152 0.043157
v 0.000000 1.009952 0.043157
v -0.011170 1.002152 0.041686
v -0.011170 1.009952 0.041686
v -0.021578 1.002152 0.037375
v -0.021578 1.009952 0.037375
v -0.030517 1.002152 0.030517
v -0.030517 1.009952 0.030517
v -0.037375 1.002152 0.021578
v -0.037375 1.009952 0.021578
v -0.041686 1.002152 0.011170
v -0.041686 1.009952 0.011170
v -0.043157 1.002152 0.000000
v -0.043157 1.009952 0.000000
v -0.041686 1.002152 -0.011170
v -0.041686 1.009952 -0.011170
v -0.037375 1.002152 -0.021578
v -0.037375 1.009952 -0.021578
v -0.030517 1.002152 -0.030517
v -0.030517 1.009952 -0.030517
v -0.021578 1.002152 -0.037375
v -0.021578 1.009952 -0.037375
v -0.011170 1.002152 -0.041686
v -0.011170 1.009952 -0.041686
v 0.000000 1.002152 -0.205206
v 0.053111 1.002152 -0.198214
v 0.053111 1.009952 -0.198214
v 0.000000 1.009952 -0.205206
v 0.102603 1.002152 -0.177714
v 0.102603 1.009952 -0.177714
v 0.145103 1.002152 -0.145103
v 0.145103 1.009952 -0.145103
v 0.177714 1.002152 -0.102603
v 0.177714 1.009952 -0.102603
v 0.198214 1.002152 -0.053111
v 0.198214 1.009952 -0.053111
v 0.205206 1.002152 0.000000
v 0.205206 1.009952 0.000000
v 0.198214 1.002152 0.053111
v 0.198214 1.009952 0.053111
v 0.177714 1.002152 0.102603
v 0.177714 1.009952 0.102603
v 0.145103 1.002152 0.145103
v 0.145103 1.009952 0.145103
v 0.102603 1.002152 0.177714
v 0.102603 1.009952 0.177714
v 0.053111 1.002152 0.198214
v 0.053111 1.009952 0.198214
v 0.000000 1.002152 0.205206
v 0.000000 1.009952 0.205206
v -0.053111 1.002152 0.198214
v -0.053111 1.009952 0.198214
v -0.102603 1.002152 0.177714
v -0.102603 1.009952 0.177714
v -0.145103 1.002152 0.145103
v -0.145103 1.009952 0.145103
v -0.177714 1.002152 0.102603
v -0.177714 1.009952 0.102603
v -0.198214 1.002152 0.053111
v -0.198214 1.009952 0.053111
v -0.205206 1.002152 0.000000
v -0.205206 1.009952 0.000000
v -0.198214 1.002152 -0.053111
v -0.198214 1.009952 -0.053111
v -0.177714 1.002152 -0.102603
v -0.177714 1.009952 -0.102603
v -0.145103 1.002152 -0.145103
v -0.145103 1.009952 -0.145103
v -0.102603 1.002152 -0.177714
v -0.102603 1.009952 -0.177714
v -0.053111 1.002152 -0.198214
v -0.053111 1.009952 -0.198214
v 0.000000 1.012682 -0.043157
v 0.000000 1.020482 -0.043157
v 0.011170 1.012682 -0.041686
v 0.011170 1.020482 -0.041686
v 0.021578 1.012682 -0.037375
v 0.021578 1.020482 -0.037375
v 0.030517 1.012682 -0.030517
v 0.030517 1.020482 -0.030517
v 0.037375 1.012682 -0.021578
v 0.037375 1.020482 -0.021578
v 0.041686 1.012682 -0.011170
v 0.041686 1.020482 -0.011170
v 0.043157 1.012682 0.000000
v 0.043157 1.020482 0.000000
v 0.041686 1.012682 0.011170
v 0.041686 1.020482 0.011170
v 0.037375 1.012682 0.021578
v 0.037375 1.020482 0.021578
v 0.030517 1.012682 0.030517
v 0.030517 1.020482 0.030517
v 0.021578 1.012682 0.037375
v 0.021578 1.020482 0.037375
v 0.011170 1.012682 0.041686
v 0.011170 1.020482 0.041686
v 0.000000 1.012682 0.043157
v 0.000000 1.020482 0.043157
v -0.011170 1.012682 0.041686
v -0.011170 1.020482 0.041686
v -0.021578 1.012682 0.037375
v -0.021578 1.020482 0.037375
v -0.030517 1.012682 0.030517
v -0.030517 1.020482 0.030517
v -0.037375 1.012682 0.021578
v -0.037375 1.020482 0.021578
v -0.041686 1.012682 0.011170
v -0.041686 1.020482 0.011170
v -0.043157 1.012682 0.000000
v -0.043157 1.020482 0.000000
v -0.041686 1.012682 -0.011170
v -0.041686 1.020482 -0.011170
v -0.037375 1.012682 -0.021578
v -0.037375 1.020482 -0.021578
v -0.030517 1.012682 -0.030517
v -0.030517 1.020482 -0.030517
v -0.021578 1.012682 -0.037375
v -0.021578 1.020482 -0.037375
v -0.011170 1.012682 -0.041686
v -0.011170 1.020482 -0.041686
v 0.000000 1.012682 -0.205206
v 0.053111 1.012682 -0.198214
v 0.053111 1.020482 -0.198214
v 0.000000 1.020482 -0.205206
v 0.102603 1.012682 -0.177714
v 0.102603 1.020482 -0.177714
v 0.145103 1.012682 -0.145103
v 0.145103 1.020482 -0.145103
v 0.177714 1.012682 -0.102603
v 0.177714 1.020482 -0.102603
v 0.198214 1.012682 -0.053111
v 0.198214 1.020482 -0.053111
v 0.205206 1.012682 0.000000
v 0.205206 1.020482 0.000000
v 0.198214 1.012682 0.053111
v 0.198214 1.020482 0.053111
v 0.177714 1.012682 0.102603
v 0.177714 1.020482 0.102603
v 0.145103 1.012682 0.145103
v 0.145103 1.020482 0.145103
v 0.102603 1.012682 0.177714
v 0.102603 1.020482 0.177714
v 0.053111 1.012682 0.198214
v 0.053111 1.020482 0.198214
v 0.000000 1.012682 0.205206
v 0.000000 1.020482 0.205206
v -0.053111 1.012682 0.198214
v -0.053111 1.020482 0.198214
v -0.102603 1.012682 0.177714
v -0.102603 1.020482 0.177714
v -0.145103 1.012682 0.145103
v -0.145103 1.020482 0.145103
v -0.177714 1.012682 0.102603
v -0.177714 1.020482 0.102603
v -0.198214 1.012682 0.053111
v -0.198214 1.020482 0.053111
v -0.205206 1.012682 0.000000
v -0.205206 1.020482 0.000000
v -0.198214 1.012682 -0.053111
v -0.198214 1.020482 -0.053111
v -0.177714 1.012682 -0.102603
v -0.177714 1.020482 -0.102603
v -0.145103 1.012682 -0.145103
v -0.145103 1.020482 -0.145103
v -0.102603 1.012682 -0.177714
v -0.102603 1.020482 -0.177714
v -0.053111 1.012682 -0.198214
v -0.053111 1.020482 -0.198214
v 0.000000 1.023212 -0.043157
v 0.000000 1.031012 -0.043157
v 0.011170 1.023212 -0.041686
v 0.011170 1.031012 -0.041686
v 0.021578 1.023212 -0.037375
v 0.021578 1.031012 -0.037375
v 0.030517 1.023212 -0.030517
v 0.030517 1.031012 -0.030517
v 0.037375 1.023212 -0.021578
v 0.037375 1.031012 -0.021578
v 0.041686 1.023212 -0.011170
v 0.041686 1.031012 -0.011170
v 0.043157 1.023212 0.000000
v 0.043157 1.031012 0.000000
v 0.041686 1.023212 0.011170
v 0.041686 1.031012 0.011170
v 0.037375 1.023212 0.021578
v 0.037375 1.031012 0.021578
v 0.030517 1.023212 0.030517
v 0.030517 1.031012 0.030517
v 0.021578 1.023212 0.037375
v 0.021578 1.031012 0.037375
v 0.011170 1.023212 0.041686
v 0.011170 1.031012 0.041686
v 0.000000 1.023212 0.043157
v 0.000000 1.031012 0.043157
v -0.011170 1.023212 0.041686
v -0.011170 1.031012 0.041686
v -0.021578 1.023212 0.037375
v -0.021578 1.031012 0.037375
v -0.030517 1.023212 0.030517
v -0.030517 1.031012 0.030517
v -0.037375 1.023212 0.021578
v -0.037375 1.031012 0.021578
v -0.041686 1.023212 0.011170
v -0.041686 1.031012 0.011170
v -0.043157 1.023212 0.000000
v -0.043157 1.031012 0.000000
v -0.041686 1.023212 -0.011170
v -0.041686 1.031012 -0.011170
v -0.037375 1.023212 -0.021578
v -0.037375 1.031012 -0.021578
v -0.030517 1.023212 -0.030517
v -0.030517 1.031012 -0.030517
v -0.021578 1.023212 -0.037375
v -0.021578 1.031012 -0.037375
v -0.011170 1.023212 -0.041686
v -0.011170 1.031012 -0.041686
v 0.000000 1.023212 -0.205206
v 0.053111 1.023212 -0.198214
v 0.053111 1.031012 -0.198214
v 0.000000 1.031012 -0.205206
v 0.102603 1.023212 -0.177714
v 0.102603 1.031012 -0.177714
v 0.145103 1.023212 -0.145103
v 0.145103 1.031012 -0.145103
v 0.177714 1.023212 -0.102603
v 0.177714 1.031012 -0.102603
v 0.198214 1.023212 -0.053111
v 0.198214 1.031012 -0.053111
v 0.205206 1.023212 0.000000
v 0.205206 1.031012 0.000000
v 0.198214 1.023212 0.053111
v 0.198214 1.031012 0.053111
v 0.177714 1.023212 0.102603
v 0.177714 1.031012 0.102603
v 0.145103 1.023212 0.145103
v 0.145103 1.031012 0.145103
v 0.102603 1.023212 0.177714
v 0.102603 1.031012 0.177714
v 0.053111 1.023212 0.198214
v 0.053111 1.031012 0.198214
v 0.000000 1.023212 0.205206
v 0.000000 1.031012 0.205206
v -0.053111 1.023212 0.198214
v -0.053111 1.031012 0.198214
v -0.102603 1.023212 0.177714
v -0.102603 1.031012 0.177714
v -0.145103 1.023212 0.145103
v -0.145103 1.031012 0.145103
v -0.177714 1.023212 0.102603
v -0.177714 1.031012 0.102603
v -0.198214 1.023212 0.053111
v -0.198214 1.031012 0.053111
v -0.205206 1.023212 0.000000
v -0.205206 1.031012 0.000000
v -0.198214 1.023212 -0.053111
v -0.198214 1.031012 -0.053111
v -0.177714 1.023212 -0.102603
v -0.177714 1.031012 -0.102603
v -0.145103 1.023212 -0.145103
v -0.145103 1.031012 -0.145103
v -0.102603 1.023212 -0.177714
v -0.102603 1.031012 -0.177714
v -0.053111 1.023212 -0.198214
v -0.053111 1.031012 -0.198214
v 0.000000 1.033742 -0.043157
v 0.000000 1.041542 -0.043157
v 0.011170 1.033742 -0.041686
v 0.011170 1.041542 -0.041686
v 0.021578 1.033742 -0.037375
v 0.021578 1.041542 -0.037375
v 0.030517 1.033742 -0.030517
v 0.030517 1.041542 -0.030517
v 0.037375 1.033742 -0.021578
v 0.037375 1.041542 -0.021578
v 0.041686 1.033742 -0.011170
v 0.041686 1.041542 -0.011170
v 0.043157 1.033742 0.000000
v 0.043157 1.041542 0.000000
v 0.041686 1.033742 0.011170
v 0.041686 1.041542 0.011170
v 0.037375 1.033742 0.021578
v 0.037375 1.041542 0.021578
v 0.030517 1.033742 0.030517
v 0.030517 1.041542 0.030517
v 0.021578 1.033742 0.037375
v 0.021578 1.041542 0.037375
v 0.011170 1.033742 0.041686
v 0.011170 1.041542 0.041686
v 0.000000 1.033742 0.043157
v 0.000000 1.041542 0.043157
v -0.011170 1.033742 0.041686
v -0.011170 1.041542 0.041686
v -0.021578 1.033742 0.037375
v -0.021578 1.041542 0.037375
v -0.030517 1.033742 0.030517
v -0.030517 1.041542 0.030517
v -0.037375 1.033742 0.021578
v -0.037375 1.041542 0.021578
v -0.041686 1.033742 0.011170
v -0.041686 1.041542 0.011170
v -0.043157 1.033742 0.000000
v -0.043157 1.041542 0.000000
v -0.041686 1.033742 -0.011170
v -0.041686 1.041542 -0.011170
v -0.037375 1.033742 -0.021578
v -0.037375 1.041542 -0.021578
v -0.030517 1.033742 -0.030517
v -0.030517 1.041542 -0.030517
v -0.021578 1.033742 -0.037375
v -0.021578 1.041542 -0.037375
v -0.011170 1.033742 -0.041686
v -0.011170 1.041542 -0.041686
v 0.000000 1.033742 -0.205206
v 0.053111 1.033742 -0.198214
v 0.053111 1.041542 -0.198214
v 0.000000 1.041542 -0.205206
v 0.102603 1.033742 -0.177714
v 0.102603 1.041542 -0.177714
v 0.145103 1.033742 -0.145103
v 0.145103 1.041542 -0.145103
v 0.177714 1.033742 -0.102603
v 0.177714 1.041542 -0.102603
v 0.198214 1.033742 -0.053111
v 0.198214 1.041542 -0.053111
v 0.205206 1.033742 0.000000
v 0.205206 1.041542 0.000000
v 0.198214 1.033742 0.053111
v 0.198214 1.041542 0.053111
v 0.177714 1.033742 0.102603
v 0.177714 1.041542 0.102603
v 0.145103 1.033742 0.145103
v 0.145103 1.041542 0.145103
v 0.102603 1.033742 0.177714
v 0.102603 1.041542 0.177714
v 0.053111 1.033742 0.198214
v 0.053111 1.041542 0.198214
v 0.000000 1.033742 0.205206
v 0.000000 1.041542 0.205206
v -0.053111 1.033742 0.198214
v -0.053111 1.041542 0.198214
v -0.102603 1.033742 0.177714
v -0.102603 1.041542 0.177714
v -0.145103 1.033742 0.145103
v -0.145103 1.041542 0.145103
v -0.177714 1.033742 0.102603
v -0.177714 1.041542 0.102603
v -0.198214 1.033742 0.053111
v -0.198214 1.041542 0.053111
v -0.205206 1.033742 0.000000
v -0.205206 1.041542 0.000000
v -0.198214 1.033742 -0.053111
v -0.198214 1.041542 -0.053111
v -0.177714 1.033742 -0.102603
v -0.177714 1.041542 -0.102603
v -0.145103 1.033742 -0.145103
v -0.145103 1.041542 -0.145103
v -0.102603 1.033742 -0.177714
v -0.102603 1.041542 -0.177714
v -0.053111 1.033742 -0.198214
v -0.053111 1.041542 -0.198214
v 0.000000 1.044272 -0.043157
v 0.000000 1.052072 -0.043157
v 0.011170 1.044272 -0.041686
v 0.011170 1.052072 -0.041686
v 0.021578 1.044272 -0.037375
v 0.021578 1.052072 -0.037375
v 0.030517 1.044272 -0.030517
v 0.030517 1.052072 -0.030517
v 0.037375 1.044272 -0.021578
v 0.037375 1.052072 -0.021578
v 0.041686 1.044272 -0.011170
v 0.041686 1.052072 -0.011170
v 0.043157 1.044272 0.000000
v 0.043157 1.052072 0.000000
v 0.041686 1.044272 0.011170
v 0.041686 1.052072 0.011170
v 0.037375 1.044272 0.021578
v 0.037375 1.052072 0.021578
v 0.030517 1.044272 0.030517
v 0.030517 1.052072 0.030517
v 0.021578 1.044272 0.037375
v 0.021578 1.052072 0.037375
v 0.011170 1.044272 0.041686
v 0.011170 1.052072 0.041686
v 0.000000 1.044272 0.043157
v 0.000000 1.052072 0.043157
v -0.011170 1.044272 0.041686
v -0.011170 1.052072 0.041686
v -0.021578 1.044272 0.037375
v -0.021578 1.052072 0.037375
v -0.030517 1.044272 0.030517
v -0.030517 1.052072 0.030517
v -0.037375 1.044272 0.021578
v -0.037375 1.052072 0.021578
v -0.041686 1.044272 0.011170
v -0.041686 1.052072 0.011170
v -0.043157 1.044272 0.000000
v -0.043157 1.052072 0.000000
v -0.041686 1.044272 -0.011170
v -0.041686 1.052072 -0.011170
v -0.037375 1.044272 -0.021578
v -0.037375 1.052072 -0.021578
v -0.030517 1.044272 -0.030517
v -0.030517 1.052072 -0.030517
v -0.021578 1.044272 -0.037375
v -0.021578 1.052072 -0.037375
v -0.011170 1.044272 -0.041686
v -0.011170 1.052072 -0.041686
v 0.000000 1.044272 -0.205206
v 0.053111 1.044272 -0.198214
v 0.053111 1.052072 -0.198214
v 0.000000 1.052072 -0.205206
v 0.102603 1.044272 -0.177714
v 0.102603 1.052072 -0.177714
v 0.145103 1.044272 -0.145103
v 0.145103 1.052072 -0.145103
v 0.177714 1.044272 -0.102603
v 0.177714 1.052072 -0.102603
v 0.198214 1.044272 -0.053111
v 0.198214 1.052072 -0.053111
v 0.205206 1.044272 0.000000
v 0.205206 1.052072 0.000000
v 0.198214 1.044272 0.053111
v 0.198214 1.052072 0.053111
v 0.177714 1.044272 0.102603
v 0.177714 1.052072 0.102603
v 0.145103 1.044272 0.145103
v 0.145103 1.052072 0.145103
v 0.102603 1.044272 0.177714
v 0.102603 1.052072 0.177714
v 0.053111 1.044272 0.198214
v 0.053111 1.052072 0.198214
v 0.000000 1.044272 0.205206
v 0.000000 1.052072 0.205206
v -0.053111 1.044272 0.198214
v -0.053111 1.052072 0.198214
v -0.102603 1.044272 0.177714
v -0.102603 1.052072 0.177714
v -0.145103 1.044272 0.145103
v -0.145103 1.052072 0.145103
v -0.177714 1.044272 0.102603
v -0.177714 1.052072 0.102603
v -0.198214 1.044272 0.053111
v -0.198214 1.052072 0.053111
v -0.205206 1.044272 0.000000
v -0.205206 1.052072 0.000000
v -0.198214 1.044272 -0.053111
v -0.198214 1.052072 -0.053111
v -0.177714 1.044272 -0.102603
v -0.177714 1.052072 -0.102603
v -0.145103 1.044272 -0.145103
v -0.145103 1.052072 -0.145103
v -0.102603 1.044272 -0.177714
v -0.102603 1.052072 -0.177714
v -0.053111 1.044272 -0.198214
v -0.053111 1.052072 -0.198214
v 0.000000 1.054802 -0.043157
v 0.000000 1.062602 -0.043157
v 0.011170 1.054802 -0.041686
v 0.011170 1.062602 -0.041686
v 0.021578 1.054802 -0.037375
v 0.021578 1.062602 -0.037375
v 0.030517 1.054802 -0.030517
v 0.030517 1.062602 -0.030517
v 0.037375 1.054802 -0.021578
v 0.037375 1.062602 -0.021578
v 0.041686 1.054802 -0.011170
v 0.041686 1.062602 -0.011170
v 0.043157 1.054802 0.000000
v 0.043157 1.062602 0.000000
v 0.041686 1.054802 0.011170
v 0.041686 1.062602 0.011170
v 0.037375 1.054802 0.021578
v 0.037375 1.062602 0.021578
v 0.030517 1.054802 0.030517
v 0.030517 1.062602 0.030517
v 0.021578 1.054802 0.037375
v 0.021578 1.062602 0.037375
v 0.011170 1.054802 0.041686
v 0.011170 1.062602 0.041686
v 0.000000 1.054802 0.043157
v 0.000000 1.062602 0.043157
v -0.011170 1.054802 0.041686
v -0.011170 1.062602 0.041686
v -0.021578 1.054802 0.037375
v -0.021578 1.062602 0.037375
v -0.030517 1.054802 0.030517
v -0.030517 1.062602 0.030517
v -0.037375 1.054802 0.021578
v -0.037375 1.062602 0.021578
v -0.041686 1.054802 0.011170
v -0.041686 1.062602 0.011170
v -0.043157 1.054802 0.000000
v -0.043157 1.062602 0.000000
v -0.041686 1.054802 -0.011170
v -0.041686 1.062602 -0.011170
v -0.037375 1.054802 -0.021578
v -0.037375 1.062602 -0.021578
v -0.030517 1.054802 -0.030517
v -0.030517 1.062602 -0.030517
v -0.021578 1.054802 -0.037375
v -0.021578 1.062602 -0.037375
v -0.011170 1.054802 -0.041686
v -0.011170 1.062602 -0.041686
v 0.000000 1.054802 -0.205206
v 0.053111 1.054802 -0.198214
v 0.053111 1.062602 -0.198214
v 0.000000 1.062602 -0.205206
v 0.102603 1.054802 -0.177714
v 0.102603 1.062602 -0.177714
v 0.145103 1.054802 -0.145103
v 0.145103 1.062602 -0.145103
v 0.177714 1.054802 -0.102603
v 0.177714 1.062602 -0.102603
v 0.198214 1.054802 -0.053111
v 0.198214 1.062602 -0.053111
v 0.205206 1.054802 0.000000
v 0.205206 1.062602 0.000000
v 0.198214 1.054802 0.053111
v 0.198214 1.062602 0.053111
v 0.177714 1.054802 0.102603
v 0.177714 1.062602 0.102603
v 0.145103 1.054802 0.145103
v 0.145103 1.062602 0.145103
v 0.102603 1.054802 0.177714
v 0.102603 1.062602 0.177714
v 0.053111 1.054802 0.198214
v 0.053111 1.062602 0.198214
v 0.000000 1.054802 0.205206
v 0.000000 1.062602 0.205206
v -0.053111 1.054802 0.198214
v -0.053111 1.062602 0.198214
v -0.102603 1.054802 0.177714
v -0.102603 1.062602 0.177714
v -0.145103 1.054802 0.145103
v -0.145103 1.062602 0.145103
v -0.177714 1.054802 0.102603
v -0.177714 1.062602 0.102603
v -0.198214 1.054802 0.053111
v -0.198214 1.062602 0.053111
v -0.205206 1.054802 0.000000
v -0.205206 1.062602 0.000000
v -0.198214 1.054802 -0.053111
v -0.198214 1.062602 -0.053111
v -0.177714 1.054802 -0.102603
v -0.177714 1.062602 -0.102603
v -0.145103 1.054802 -0.145103
v -0.145103 1.062602 -0.145103
v -0.102603 1.054802 -0.177714
v -0.102603 1.062602 -0.177714
v -0.053111 1.054802 -0.198214
v -0.053111 1.062602 -0.198214
v 0.000000 1.065332 -0.043157
v 0.000000 1.073132 -0.043157
v 0.011170 1.065332 -0.041686
v 0.011170 1.073132 -0.041686
v 0.021578 1.065332 -0.037375
v 0.021578 1.073132 -0.037375
v 0.030517 1.065332 -0.030517
v 0.030517 1.073132 -0.030517
v 0.037375 1.065332 -0.021578
v 0.037375 1.073132 -0.021578
v 0.041686 1.065332 -0.011170
v 0.041686 1.073132 -0.011170
v 0.043157 1.065332 0.000000
v 0.043157 1.073132 0.000000
v 0.041686 1.065332 0.011170
v 0.041686 1.073132 0.011170
v 0.037375 1.065332 0.021578
v 0.037375 1.073132 0.021578
v 0.030517 1.065332 0.030517
v 0.030517 1.073132 0.030517
v 0.021578 1.065332 0.037375
v 0.021578 1.073132 0.037375
v 0.011170 1.065332 0.041686
v 0.011170 1.073132 0.041686
v 0.000000 1.065332 0.043157
v 0.000000 1.073132 0.043157
v -0.011170 1.065332 0.041686
v -0.011170 1.073132 0.041686
v -0.021578 1.065332 0.037375
v -0.021578 1.073132 0.037375
v -0.030517 1.065332 0.030517
v -0.030517 1.073132 0.030517
v -0.037375 1.065332 0.021578
v -0.037375 1.073132 0.021578
v -0.041686 1.065332 0.011170
v -0.041686 1.073132 0.011170
v -0.043157 1.065332 0.000000
v -0.043157 1.073132 0.000000
v -0.041686 1.065332 -0.011170
v -0.041686 1.073132 -0.011170
v -0.037375 1.065332 -0.021578
v -0.037375 1.073132 -0.021578
v -0.030517 1.065332 -0.030517
v -0.030517 1.073132 -0.030517
v -0.021578 1.065332 -0.037375
v -0.021578 1.073132 -0.037375
v -0.011170 1.065332 -0.041686
v -0.011170 1.073132 -0.041686
v 0.000000 1.065332 -0.205206
v 0.053111 1.065332 -0.198214
v 0.053111 1.073132 -0.198214
v 0.000000 1.073132 -0.205206
v 0.102603 1.065332 -0.177714
v 0.102603 1.073132 -0.177714
v 0.145103 1.065332 -0.145103
v 0.145103 1.073132 -0.145103
v 0.177714 1.065332 -0.102603
v 0.177714 1.073132 -0.102603
v 0.198214 1.065332 -0.053111
v 0.198214 1.073132 -0.053111
v 0.205206 1.065332 0.000000
v 0.205206 1.073132 0.000000
v 0.198214 1.065332 0.053111
v 0.198214 1.073132 0.053111
v 0.177714 1.065332 0.102603
v 0.177714 1.073132 0.102603
v 0.145103 1.065332 0.145103
v 0.145103 1.073132 0.145103
v 0.102603 1.065332 0.177714
v 0.102603 1.073132 0.177714
v 0.053111 1.065332 0.198214
v 0.053111 1.073132 0.198214
v 0.000000 1.065332 0.205206
v 0.000000 1.073132 0.205206
v -0.053111 1.065332 0.198214
v -0.053111 1.073132 0.198214
v -0.102603 1.065332 0.177714
v -0.102603 1.073132 0.177714
v -0.145103 1.065332 0.145103
v -0.145103 1.073132 0.145103
v -0.177714 1.065332 0.102603
v -0.177714 1.073132 0.102603
v -0.198214 1.065332 0.053111
v -0.198214 1.073132 0.053111
v -0.205206 1.065332 0.000000
v -0.205206 1.073132 0.000000
v -0.198214 1.065332 -0.053111
v -0.198214 1.073132 -0.053111
v -0.177714 1.065332 -0.102603
v -0.177714 1.073132 -0.102603
v -0.145103 1.065332 -0.145103
v -0.145103 1.073132 -0.145103
v -0.102603 1.065332 -0.177714
v -0.102603 1.073132 -0.177714
v -0.053111 1.065332 -0.198214
v -0.053111 1.073132 -0.198214
v 0.000000 1.075861 -0.043157
v 0.000000 1.083661 -0.043157
v 0.011170 1.075861 -0.041686
v 0.011170 1.083661 -0.041686
v 0.021578 1.075861 -0.037375
v 0.021578 1.083661 -0.037375
v 0.030517 1.075861 -0.030517
v 0.030517 1.083661 -0.030517
v 0.037375 1.075861 -0.021578
v 0.037375 1.083661 -0.021578
v 0.041686 1.075861 -0.011170
v 0.041686 1.083661 -0.011170
v 0.043157 1.075861 0.000000
v 0.043157 1.083661 0.000000
v 0.041686 1.075861 0.011170
v 0.041686 1.083661 0.011170
v 0.037375 1.075861 0.021578
v 0.037375 1.083661 0.021578
v 0.030517 1.075861 0.030517
v 0.030517 1.083661 0.030517
v 0.021578 1.075861 0.037375
v 0.021578 1.083661 0.037375
v 0.011170 1.075861 0.041686
v 0.011170 1.083661 0.041686
v 0.000000 1.075861 0.043157
v 0.000000 1.083661 0.043157
v -0.011170 1.075861 0.041686
v -0.011170 1.083661 0.041686
v -0.021578 1.075861 0.037375
v -0.021578 1.083661 0.037375
v -0.030517 1.075861 0.030517
v -0.030517 1.083661 0.030517
v -0.037375 1.075861 0.021578
v -0.037375 1.083661 0.021578
v -0.041686 1.075861 0.011170
v -0.041686 1.083661 0.011170
v -0.043157 1.075861 0.000000
v -0.043157 1.083661 0.000000
v -0.041686 1.075861 -0.011170
v -0.041686 1.083661 -0.011170
v -0.037375 1.075861 -0.021578
v -0.037375 1.083661 -0.021578
v -0.030517 1.075861 -0.030517
v -0.030517 1.083661 -0.030517
v -0.021578 1.075861 -0.037375
v -0.021578 1.083661 -0.037375
v -0.011170 1.075861 -0.041686
v -0.011170 1.083661 -0.041686
v 0.000000 1.075861 -0.205206
v 0.053111 1.075861 -0.198214
v 0.053111 1.083661 -0.198214
v 0.000000 1.083661 -0.205206
v 0.102603 1.075861 -0.177714
v 0.102603 1.083661 -0.177714
v 0.145103 1.075861 -0.145103
v 0.145103 1.083661 -0.145103
v 0.177714 1.075861 -0.102603
v 0.177714 1.083661 -0.102603
v 0.198214 1.075861 -0.053111
v 0.198214 1.083661 -0.053111
v 0.205206 1.075861 0.000000
v 0.205206 1.083661 0.000000
v 0.198214 1.075861 0.053111
v 0.198214 1.083661 0.053111
v 0.177714 1.075861 0.102603
v 0.177714 1.083661 0.102603
v 0.145103 1.075861 0.145103
v 0.145103 1.083661 0.145103
v 0.102603 1.075861 0.177714
v 0.102603 1.083661 0.177714
v 0.053111 1.075861 0.198214
v 0.053111 1.083661 0.198214
v 0.000000 1.075861 0.205206
v 0.000000 1.083661 0.205206
v -0.053111 1.075861 0.198214
v -0.053111 1.083661 0.198214
v -0.102603 1.075861 0.177714
v -0.102603 1.083661 0.177714
v -0.145103 1.075861 0.145103
v -0.145103 1.083661 0.145103
v -0.177714 1.075861 0.102603
v -0.177714 1.083661 0.102603
v -0.198214 1.075861 0.053111
v -0.198214 1.083661 0.053111
v -0.205206 1.075861 0.000000
v -0.205206 1.083661 0.000000
v -0.198214 1.075861 -0.053111
v -0.198214 1.083661 -0.053111
v -0.177714 1.075861 -0.102603
v -0.177714 1.083661 -0.102603
v -0.145103 1.075861 -0.145103
v -0.145103 1.083661 -0.145103
v -0.102603 1.075861 -0.177714
v -0.102603 1.083661 -0.177714
v -0.053111 1.075861 -0.198214
v -0.053111 1.083661 -0.198214
v 0.000000 1.086391 -0.043157
v 0.000000 1.094191 -0.043157
v 0.011170 1.086391 -0.041686
v 0.011170 1.094191 -0.041686
v 0.021578 1.086391 -0.037375
v 0.021578 1.094191 -0.037375
v 0.030517 1.086391 -0.030517
v 0.030517 1.094191 -0.030517
v 0.037375 1.086391 -0.021578
v 0.037375 1.094191 -0.021578
v 0.041686 1.086391 -0.011170
v 0.041686 1.094191 -0.011170
v 0.043157 1.086391 0.000000
v 0.043157 1.094191 0.000000
v 0.041686 1.086391 0.011170
v 0.041686 1.094191 0.011170
v 0.037375 1.086391 0.021578
v 0.037375 1.094191 0.021578
v 0.030517 1.086391 0.030517
v 0.030517 1.094191 0.030517
v 0.021578 1.086391 0.037375
v 0.021578 1.094191 0.037375
v 0.011170 1.086391 0.041686
v 0.011170 1.094191 0.041686
v 0.000000 1.086391 0.043157
v 0.000000 1.094191 0.043157
v -0.011170 1.086391 0.041686
v -0.011170 1.094191 0.041686
v -0.021578 1.086391 0.037375
v -0.021578 1.094191 0.037375
v -0.030517 1.086391 0.030517
v -0.030517 1.094191 0.030517
v -0.037375 1.086391 0.021578
v -0.037375 1.094191 0.021578
v -0.041686 1.086391 0.011170
v -0.041686 1.094191 0.011170
v -0.043157 1.086391 0.000000
v -0.043157 1.094191 0.000000
v -0.041686 1.086391 -0.011170
v -0.041686 1.094191 -0.011170
v -0.037375 1.086391 -0.021578
v -0.037375 1.094191 -0.021578
v -0.030517 1.086391 -0.030517
v -0.030517 1.094191 -0.030517
v -0.021578 1.086391 -0.037375
v -0.021578 1.094191 -0.037375
v -0.011170 1.086391 -0.041686
v -0.011170 1.094191 -0.041686
v 0.000000 1.086391 -0.205206
v 0.053111 1.086391 -0.198214
v 0.053111 1.094191 -0.198214
v 0.000000 1.094191 -0.205206
v 0.102603 1.086391 -0.177714
v 0.102603 1.094191 -0.177714
v 0.145103 1.086391 -0.145103
v 0.145103 1.094191 -0.145103
v 0.177714 1.086391 -0.102603
v 0.177714 1.094191 -0.102603
v 0.198214 1.086391 -0.053111
v 0.198214 1.094191 -0.053111
v 0.205206 1.086391 0.000000
v 0.205206 1.094191 0.000000
v 0.198214 1.086391 0.053111
v 0.198214 1.094191 0.053111
v 0.177714 1.086391 0.102603
v 0.177714 1.094191 0.102603
v 0.145103 1.086391 0.145103
v 0.145103 1.094191 0.145103
v 0.102603 1.086391 0.177714
v 0.102603 1.094191 0.177714
v 0.053111 1.086391 0.198214
v 0.053111 1.094191 0.198214
v 0.000000 1.086391 0.205206
v 0.000000 1.094191 0.205206
v -0.053111 1.086391 0.198214
v -0.053111 1.094191 0.198214
v -0.102603 1.086391 0.177714
v -0.102603 1.094191 0.177714
v -0.145103 1.086391 0.145103
v -0.145103 1.094191 0.145103
v -0.177714 1.086391 0.102603
v -0.177714 1.094191 0.102603
v -0.198214 1.086391 0.053111
v -0.198214 1.094191 0.053111
v -0.205206 1.086391 0.000000
v -0.205206 1.094191 0.000000
v -0.198214 1.086391 -0.053111
v -0.198214 1.094191 -0.053111
v -0.177714 1.086391 -0.102603
v -0.177714 1.094191 -0.102603
v -0.145103 1.086391 -0.145103
v -0.145103 1.094191 -0.145103
v -0.102603 1.086391 -0.177714
v -0.102603 1.094191 -0.177714
v -0.053111 1.086391 -0.198214
v -0.053111 1.094191 -0.198214
v 0.000000 1.096921 -0.043157
v 0.000000 1.104721 -0.043157
v 0.011170 1.096921 -0.041686
v 0.011170 1.104721 -0.041686
v 0.021578 1.096921 -0.037375
v 0.021578 1.104721 -0.037375
v 0.030517 1.096921 -0.030517
v 0.030517 1.104721 -0.030517
v 0.037375 1.096921 -0.021578
v 0.037375 1.104721 -0.021578
v 0.041686 1.096921 -0.011170
v 0.041686 1.104721 -0.011170
v 0.043157 1.096921 0.000000
v 0.043157 1.104721 0.000000
v 0.041686 1.096921 0.011170
v 0.041686 1.104721 0.011170
v 0.037375 1.096921 0.021578
v 0.037375 1.104721 0.021578
v 0.030517 1.096921 0.030517
v 0.030517 1.104721 0.030517
v 0.021578 1.096921 0.037375
v 0.021578 1.104721 0.037375
v 0.011170 1.096921 0.041686
v 0.011170 1.104721 0.041686
v 0.000000 1.096921 0.043157
v 0.000000 1.104721 0.043157
v -0.011170 1.096921 0.041686
v -0.011170 1.104721 0.041686
v -0.021578 1.096921 0.037375
v -0.021578 1.104721 0.037375
v -0.030517 1.096921 0.030517
v -0.030517 1.104721 0.030517
v -0.037375 1.096921 0.021578
v -0.037375 1.104721 0.021578
v -0.041686 1.096921 0.011170
v -0.041686 1.104721 0.011170
v -0.043157 1.096921 0.000000
v -0.043157 1.104721 0.000000
v -0.041686 1.096921 -0.011170
v -0.041686 1.104721 -0.011170
v -0.037375 1.096921 -0.021578
v -0.037375 1.104721 -0.021578
v -0.030517 1.096921 -0.030517
v -0.030517 1.104721 -0.030517
v -0.021578 1.096921 -0.037375
v -0.021578 1.104721 -0.037375
v -0.011170 1.096921 -0.041686
v -0.011170 1.104721 -0.041686
v 0.000000 1.096921 -0.205206
v 0.053111 1.096921 -0.198214
v 0.053111 1.104721 -0.198214
v 0.000000 1.104721 -0.205206
v 0.102603 1.096921 -0.177714
v 0.102603 1.104721 -0.177714
v 0.145103 1.096921 -0.145103
v 0.145103 1.104721 -0.145103
v 0.177714 1.096921 -0.102603
v 0.177714 1.104721 -0.102603
v 0.198214 1.096921 -0.053111
v 0.198214 1.104721 -0.053111
v 0.205206 1.096921 0.000000
v 0.205206 1.104721 0.000000
v 0.198214 1.096921 0.053111
v 0.198214 1.104721 0.053111
v 0.177714 1.096921 0.102603
v 0.177714 1.104721 0.102603
v 0.145103 1.096921 0.145103
v 0.145103 1.104721 0.145103
v 0.102603 1.096921 0.177714
v 0.102603 1.104721 0.177714
v 0.053111 1.096921 0.198214
v 0.053111 1.104721 0.198214
v 0.000000 1.096921 0.205206
v 0.000000 1.104721 0.205206
v -0.053111 1.096921 0.198214
v -0.053111 1.104721 0.198214
v -0.102603 1.096921 0.177714
v -0.102603 1.104721 0.177714
v -0.145103 1.096921 0.145103
v -0.145103 1.104721 0.145103
v -0.177714 1.096921 0.102603
v -0.177714 1.104721 0.102603
v -0.198214 1.096921 0.053111
v -0.198214 1.104721 0.053111
v -0.205206 1.096921 0.000000
v -0.205206 1.104721 0.000000
v -0.198214 1.096921 -0.053111
v -0.198214 1.104721 -0.053111
v -0.177714 1.096921 -0.102603
v -0.177714 1.104721 -0.102603
v -0.145103 1.096921 -0.145103
v -0.145103 1.104721 -0.145103
v -0.102603 1.096921 -0.177714
v -0.102603 1.104721 -0.177714
v -0.053111 1.096921 -0.198214
v -0.053111 1.104721 -0.198214
v 0.000000 1.107451 -0.043157
v 0.000000 1.115251 -0.043157
v 0.011170 1.107451 -0.041686
v 0.011170 1.115251 -0.041686
v 0.021578 1.107451 -0.037375
v 0.021578 1.115251 -0.037375
v 0.030517 1.107451 -0.030517
v 0.030517 1.115251 -0.030517
v 0.037375 1.107451 -0.021578
v 0.037375 1.115251 -0.021578
v 0.041686 1.107451 -0.011170
v 0.041686 1.115251 -0.011170
v 0.043157 1.107451 0.000000
v 0.043157 1.115251 0.000000
v 0.041686 1.107451 0.011170
v 0.041686 1.115251 0.011170
v 0.037375 1.107451 0.021578
v 0.037375 1.115251 0.021578
v 0.030517 1.107451 0.030517
v 0.030517 1.115251 0.030517
v 0.021578 1.107451 0.037375
v 0.021578 1.115251 0.037375
v 0.011170 1.107451 0.041686
v 0.011170 1.115251 0.041686
v 0.000000 1.107451 0.043157
v 0.000000 1.115251 0.043157
v -0.011170 1.107451 0.041686
v -0.011170 1.115251 0.041686
v -0.021578 1.107451 0.037375
v -0.021578 1.115251 0.037375
v -0.030517 1.107451 0.030517
v -0.030517 1.115251 0.030517
v -0.037375 1.107451 0.021578
v -0.037375 1.115251 0.021578
v -0.041686 1.107451 0.011170
v -0.041686 1.115251 0.011170
v -0.043157 1.107451 0.000000
v -0.043157 1.115251 0.000000
v -0.041686 1.107451 -0.011170
v -0.041686 1.115251 -0.011170
v -0.037375 1.107451 -0.021578
v -0.037375 1.115251 -0.021578
v -0.030517 1.107451 -0.030517
v -0.030517 1.115251 -0.030517
v -0.021578 1.107451 -0.037375
v -0.021578 1.115251 -0.037375
v -0.011170 1.107451 -0.041686
v -0.011170 1.115251 -0.041686
v 0.000000 1.107451 -0.205206
v 0.053111 1.107451 -0.198214
v 0.053111 1.115251 -0.198214
v 0.000000 1.115251 -0.205206
v 0.102603 1.107451 -0.177714
v 0.102603 1.115251 -0.177714
v 0.145103 1.107451 -0.145103
v 0.145103 1.115251 -0.145103
v 0.177714 1.107451 -0.102603
v 0.177714 1.115251 -0.102603
v 0.198214 1.107451 -0.053111
v 0.198214 1.115251 -0.053111
v 0.205206 1.107451 0.000000
v 0.205206 1.115251 0.000000
v 0.198214 1.107451 0.053111
v 0.198214 1.115251 0.053111
v 0.177714 1.107451 0.102603
v 0.177714 1.115251 0.102603
v 0.145103 1.107451 0.145103
v 0.145103 1.115251 0.145103
v 0.102603 1.107451 0.177714
v 0.102603 1.115251 0.177714
v 0.053111 1.107451 0.198214
v 0.053111 1.115251 0.198214
v 0.000000 1.107451 0.205206
v 0.000000 1.115251 0.205206
v -0.053111 1.107451 0.198214
v -0.053111 1.115251 0.198214
v -0.102603 1.107451 0.177714
v -0.102603 1.115251 0.177714
v -0.145103 1.107451 0.145103
v -0.145103 1.115251 0.145103
v -0.177714 1.107451 0.102603
v -0.177714 1.115251 0.102603
v -0.198214 1.107451 0.053111
v -0.198214 1.115251 0.053111
v -0.205206 1.107451 0.000000
v -0.205206 1.115251 0.000000
v -0.198214 1.107451 -0.053111
v -0.198214 1.115251 -0.053111
v -0.177714 1.107451 -0.102603
v -0.177714 1.115251 -0.102603
v -0.145103 1.107451 -0.145103
v -0.145103 1.115251 -0.145103
v -0.102603 1.107451 -0.177714
v -0.102603 1.115251 -0.177714
v -0.053111 1.107451 -0.198214
v -0.053111 1.115251 -0.198214
v 0.000000 1.117981 -0.043157
v 0.000000 1.125781 -0.043157
v 0.011170 1.117981 -0.041686
v 0.011170 1.125781 -0.041686
v 0.021578 1.117981 -0.037375
v 0.021578 1.125781 -0.037375
v 0.030517 1.117981 -0.030517
v 0.030517 1.125781 -0.030517
v 0.037375 1.117981 -0.021578
v 0.037375 1.125781 -0.021578
v 0.041686 1.117981 -0.011170
v 0.041686 1.125781 -0.011170
v 0.043157 1.117981 0.000000
v 0.043157 1.125781 0.000000
v 0.041686 1.117981 0.011170
v 0.041686 1.125781 0.011170
v 0.037375 1.117981 0.021578
v 0.037375 1.125781 0.021578
v 0.030517 1.117981 0.030517
v 0.030517 1.125781 0.030517
v 0.021578 1.117981 0.037375
v 0.021578 1.125781 0.037375
v 0.011170 1.117981 0.041686
v 0.011170 1.125781 0.041686
v 0.000000 1.117981 0.043157
v 0.000000 1.125781 0.043157
v -0.011170 1.117981 0.041686
v -0.011170 1.125781 0.041686
v -0.021578 1.117981 0.037375
v -0.021578 1.125781 0.037375
v -0.030517 1.117981 0.030517
v -0.030517 1.125781 0.030517
v -0.037375 1.117981 0.021578
v -0.037375 1.125781 0.021578
v -0.041686 1.117981 0.011170
v -0.041686 1.125781 0.011170
v -0.043157 1.117981 0.000000
v -0.043157 1.125781 0.000000
v -0.041686 1.117981 -0.011170
v -0.041686 1.125781 -0.011170
v -0.037375 1.117981 -0.021578
v -0.037375 1.125781 -0.021578
v -0.030517 1.117981 -0.030517
v -0.030517 1.125781 -0.030517
v -0.021578 1.117981 -0.037375
v -0.021578 1.125781 -0.037375
v -0.011170 1.117981 -0.041686
v -0.011170 1.125781 -0.041686
v 0.000000 1.117981 -0.205206
v 0.053111 1.117981 -0.198214
v 0.053111 1.125781 -0.198214
v 0.000000 1.125781 -0.205206
v 0.102603 1.117981 -0.177714
v 0.102603 1.125781 -0.177714
v 0.145103 1.117981 -0.145103
v 0.145103 1.125781 -0.145103
v 0.177714 1.117981 -0.102603
v 0.177714 1.125781 -0.102603
v 0.198214 1.117981 -0.053111
v 0.198214 1.125781 -0.053111
v 0.205206 1.117981 0.000000
v 0.205206 1.125781 0.000000
v 0.198214 1.117981 0.053111
v 0.198214 1.125781 0.053111
v 0.177714 1.117981 0.102603
v 0.177714 1.125781 0.102603
v 0.145103 1.117981 0.145103
v 0.145103 1.125781 0.145103
v 0.102603 1.117981 0.177714
v 0.102603 1.125781 0.177714
v 0.053111 1.117981 0.198214
v 0.053111 1.125781 0.198214
v 0.000000 1.117981 0.205206
v 0.000000 1.125781 0.205206
v -0.053111 1.117981 0.198214
v -0.053111 1.125781 0.198214
v -0.102603 1.117981 0.177714
v -0.102603 1.125781 0.177714
v -0.145103 1.117981 0.145103
v -0.145103 1.125781 0.145103
v -0.177714 1.117981 0.102603
v -0.177714 1.125781 0.102603
v -0.198214 1.117981 0.053111
v -0.198214 1.125781 0.053111
v -0.205206 1.117981 0.000000
v -0.205206 1.125781 0.000000
v -0.198214 1.117981 -0.053111
v -0.198214 1.125781 -0.053111
v -0.177714 1.117981 -0.102603
v -0.177714 1.125781 -0.102603
v -0.145103 1.117981 -0.145103
v -0.145103 1.125781 -0.145103
v -0.102603 1.117981 -0.177714
v -0.102603 1.125781 -0.177714
v -0.053111 1.117981 -0.198214
v -0.053111 1.125781 -0.198214
v 0.000000 1.128511 -0.043157
v 0.000000 1.136311 -0.043157
v 0.011170 1.128511 -0.041686
v 0.011170 1.136311 -0.041686
v 0.021578 1.128511 -0.037375
v 0.021578 1.136311 -0.037375
v 0.030517 1.128511 -0.030517
v 0.030517 1.136311 -0.030517
v 0.037375 1.128511 -0.021578
v 0.037375 1.136311 -0.021578
v 0.041686 1.128511 -0.011170
v 0.041686 1.136311 -0.011170
v 0.043157 1.128511 0.000000
v 0.043157 1.136311 0.000000
v 0.041686 1.128511 0.011170
v 0.041686 1.136311 0.011170
v 0.037375 1.128511 0.021578
v 0.037375 1.136311 0.021578
v 0.030517 1.128511 0.030517
v 0.030517 1.136311 0.030517
v 0.021578 1.128511 0.037375
v 0.021578 1.136311 0.037375
v 0.011170 1.128511 0.041686
v 0.011170 1.136311 0.041686
v 0.000000 1.128511 0.043157
v 0.000000 1.136311 0.043157
v -0.011170 1.128511 0.041686
v -0.011170 1.136311 0.041686
v -0.021578 1.128511 0.037375
v -0.021578 1.136311 0.037375
v -0.030517 1.128511 0.030517
v -0.030517 1.136311 0.030517
v -0.037375 1.128511 0.021578
v -0.037375 1.136311 0.021578
v -0.041686 1.128511 0.011170
v -0.041686 1.136311 0.011170
v -0.043157 1.128511 0.000000
v -0.043157 1.136311 0.000000
v -0.041686 1.128511 -0.011170
v -0.041686 1.136311 -0.011170
v -0.037375 1.128511 -0.021578
v -0.037375 1.136311 -0.021578
v -0.030517 1.128511 -0.030517
v -0.030517 1.136311 -0.030517
v -0.021578 1.128511 -0.037375
v -0.021578 1.136311 -0.037375
v -0.011170 1.128511 -0.041686
v -0.011170 1.136311 -0.041686
v 0.000000 1.128511 -0.205206
v 0.053111 1.128511 -0.198214
v 0.053111 1.136311 -0.198214
v 0.000000 1.136311 -0.205206
v 0.102603 1.128511 -0.177714
v 0.102603 1.136311 -0.177714
v 0.145103 1.128511 -0.145103
v 0.145103 1.136311 -0.145103
v 0.177714 1.128511 -0.102603
v 0.177714 1.136311 -0.102603
v 0.198214 1.128511 -0.053111
v 0.198214 1.136311 -0.053111
v 0.205206 1.128511 0.000000
v 0.205206 1.136311 0.000000
v 0.198214 1.128511 0.053111
v 0.198214 1.136311 0.053111
v 0.177714 1.128511 0.102603
v 0.177714 1.136311 0.102603
v 0.145103 1.128511 0.145103
v 0.145103 1.136311 0.145103
v 0.102603 1.128511 0.177714
v 0.102603 1.136311 0.177714
v 0.053111 1.128511 0.198214
v 0.053111 1.136311 0.198214
v 0.000000 1.128511 0.205206
v 0.000000 1.136311 0.205206
v -0.053111 1.128511 0.198214
v -0.053111 1.136311 0.198214
v -0.102603 1.128511 0.177714
v -0.102603 1.136311 0.177714
v -0.145103 1.128511 0.145103
v -0.145103 1.136311 0.145103
v -0.177714 1.128511 0.102603
v -0.177714 1.136311 0.102603
v -0.198214 1.128511 0.053111
v -0.198214 1.136311 0.053111
v -0.205206 1.128511 0.000000
v -0.205206 1.136311 0.000000
v -0.198214 1.128511 -0.053111
v -0.198214 1.136311 -0.053111
v -0.177714 1.128511 -0.102603
v -0.177714 1.136311 -0.102603
v -0.145103 1.128511 -0.145103
v -0.145103 1.136311 -0.145103
v -0.102603 1.128511 -0.177714
v -0.102603 1.136311 -0.177714
v -0.053111 1.128511 -0.198214
v -0.053111 1.136311 -0.198214
v 0.000000 1.139041 -0.043157
v 0.000000 1.146841 -0.043157
v 0.011170 1.139041 -0.041686
v 0.011170 1.146841 -0.041686
v 0.021578 1.139041 -0.037375
v 0.021578 1.146841 -0.037375
v 0.030517 1.139041 -0.030517
v 0.030517 1.146841 -0.030517
v 0.037375 1.139041 -0.021578
v 0.037375 1.146841 -0.021578
v 0.041686 1.139041 -0.011170
v 0.041686 1.146841 -0.011170
v 0.043157 1.139041 0.000000
v 0.043157 1.146841 0.000000
v 0.041686 1.139041 0.011170
v 0.041686 1.146841 0.011170
v 0.037375 1.139041 0.021578
v 0.037375 1.146841 0.021578
v 0.030517 1.139041 0.030517
v 0.030517 1.146841 0.030517
v 0.021578 1.139041 0.037375
v 0.021578 1.146841 0.037375
v 0.011170 1.139041 0.041686
v 0.011170 1.146841 0.041686
v 0.000000 1.139041 0.043157
v 0.000000 1.146841 0.043157
v -0.011170 1.139041 0.041686
v -0.011170 1.146841 0.041686
v -0.021578 1.139041 0.037375
v -0.021578 1.146841 0.037375
v -0.030517 1.139041 0.030517
v -0.030517 1.146841 0.030517
v -0.037375 1.139041 0.021578
v -0.037375 1.146841 0.021578
v -0.041686 1.139041 0.011170
v -0.041686 1.146841 0.011170
v -0.043157 1.139041 0.000000
v -0.043157 1.146841 0.000000
v -0.041686 1.139041 -0.011170
v -0.041686 1.146841 -0.011170
v -0.037375 1.139041 -0.021578
v -0.037375 1.146841 -0.021578
v -0.030517 1.139041 -0.030517
v -0.030517 1.146841 -0.030517
v -0.021578 1.139041 -0.037375
v -0.021578 1.146841 -0.037375
v -0.011170 1.139041 -0.041686
v -0.011170 1.146841 -0.041686
v 0.000000 1.139041 -0.205206
v 0.053111 1.139041 -0.198214
v 0.053111 1.146841 -0.198214
v 0.000000 1.146841 -0.205206
v 0.102603 1.139041 -0.177714
v 0.102603 1.146841 -0.177714
v 0.145103 1.139041 -0.145103
v 0.145103 1.146841 -0.145103
v 0.177714 1.139041 -0.102603
v 0.177714 1.146841 -0.102603
v 0.198214 1.139041 -0.053111
v 0.198214 1.146841 -0.053111
v 0.205206 1.139041 0.000000
v 0.205206 1.146841 0.000000
v 0.198214 1.139041 0.053111
v 0.198214 1.146841 0.053111
v 0.177714 1.139041 0.102603
v 0.177714 1.146841 0.102603
v 0.145103 1.139041 0.145103
v 0.145103 1.146841 0.145103
v 0.102603 1.139041 0.177714
v 0.102603 1.146841 0.177714
v 0.053111 1.139041 0.198214
v 0.053111 1.146841 0.198214
v 0.000000 1.139041 0.205206
v 0.000000 1.146841 0.205206
v -0.053111 1.139041 0.198214
v -0.053111 1.146841 0.198214
v -0.102603 1.139041 0.177714
v -0.102603 1.146841 0.177714
v -0.145103 1.139041 0.145103
v -0.145103 1.146841 0.145103
v -0.177714 1.139041 0.102603
v -0.177714 1.146841 0.102603
v -0.198214 1.139041 0.053111
v -0.198214 1.146841 0.053111
v -0.205206 1.139041 0.000000
v -0.205206 1.146841 0.000000
v -0.198214 1.139041 -0.053111
v -0.198214 1.146841 -0.053111
v -0.177714 1.139041 -0.102603
v -0.177714 1.146841 -0.102603
v -0.145103 1.139041 -0.145103
v -0.145103 1.146841 -0.145103
v -0.102603 1.139041 -0.177714
v -0.102603 1.146841 -0.177714
v -0.053111 1.139041 -0.198214
v -0.053111 1.146841 -0.198214
v 0.000000 1.149571 -0.043157
v 0.000000 1.157371 -0.043157
v 0.011170 1.149571 -0.041686
v 0.011170 1.157371 -0.041686
v 0.021578 1.149571 -0.037375
v 0.021578 1.157371 -0.037375
v 0.030517 1.149571 -0.030517
v 0.030517 1.157371 -0.030517
v 0.037375 1.149571 -0.021578
v 0.037375 1.157371 -0.021578
v 0.041686 1.149571 -0.011170
v 0.041686 1.157371 -0.011170
v 0.043157 1.149571 0.000000
v 0.043157 1.157371 0.000000
v 0.041686 1.149571 0.011170
v 0.041686 1.157371 0.011170
v 0.037375 1.149571 0.021578
v 0.037375 1.157371 0.021578
v 0.030517 1.149571 0.030517
v 0.030517 1.157371 0.030517
v 0.021578 1.149571 0.037375
v 0.021578 1.157371 0.037375
v 0.011170 1.149571 0.041686
v 0.011170 1.157371 0.041686
v 0.000000 1.149571 0.043157
v 0.000000 1.157371 0.043157
v -0.011170 1.149571 0.041686
v -0.011170 1.157371 0.041686
v -0.021578 1.149571 0.037375
v -0.021578 1.157371 0.037375
v -0.030517 1.149571 0.030517
v -0.030517 1.157371 0.030517
v -0.037375 1.149571 0.021578
v -0.037375 1.157371 0.021578
v -0.041686 1.149571 0.011170
v -0.041686 1.157371 0.011170
v -0.043157 1.149571 0.000000
v -0.043157 1.157371 0.000000
v -0.041686 1.149571 -0.011170
v -0.041686 1.157371 -0.011170
v -0.037375 1.149571 -0.021578
v -0.037375 1.157371 -0.021578
v -0.030517 1.149571 -0.030517
v -0.030517 1.157371 -0.030517
v -0.021578 1.149571 -0.037375
v -0.021578 1.157371 -0.037375
v -0.011170 1.149571 -0.041686
v -0.011170 1.157371 -0.041686
v 0.000000 1.149571 -0.205206
v 0.053111 1.149571 -0.198214
v 0.053111 1.157371 -0.198214
v 0.000000 1.157371 -0.205206
v 0.102603 1.149571 -0.177714
v 0.102603 1.157371 -0.177714
v 0.145103 1.149571 -0.145103
v 0.145103 1.157371 -0.145103
v 0.177714 1.149571 -0.102603
v 0.177714 1.157371 -0.102603
v 0.198214 1.149571 -0.053111
v 0.198214 1.157371 -0.053111
v 0.205206 1.149571 0.000000
v 0.205206 1.157371 0.000000
v 0.198214 1.149571 0.053111
v 0.198214 1.157371 0.053111
v 0.177714 1.149571 0.102603
v 0.177714 1.157371 0.102603
v 0.145103 1.149571 0.145103
v 0.145103 1.157371 0.145103
v 0.102603 1.149571 0.177714
v 0.102603 1.157371 0.177714
v 0.053111 1.149571 0.198214
v 0.053111 1.157371 0.198214
v 0.000000 1.149571 0.205206
v 0.000000 1.157371 0.205206
v -0.053111 1.149571 0.198214
v -0.053111 1.157371 0.198214
v -0.102603 1.149571 0.177714
v -0.102603 1.157371 0.177714
v -0.145103 1.149571 0.145103
v -0.145103 1.157371 0.145103
v -0.177714 1.149571 0.102603
v -0.177714 1.157371 0.102603
v -0.198214 1.149571 0.053111
v -0.198214 1.157371 0.053111
v -0.205206 1.149571 0.000000
v -0.205206 1.157371 0.000000
v -0.198214 1.149571 -0.053111
v -0.198214 1.157371 -0.053111
v -0.177714 1.149571 -0.102603
v -0.177714 1.157371 -0.102603
v -0.145103 1.149571 -0.145103
v -0.145103 1.157371 -0.145103
v -0.102603 1.149571 -0.177714
v -0.102603 1.157371 -0.177714
v -0.053111 1.149571 -0.198214
v -0.053111 1.157371 -0.198214
v 0.000000 1.160101 -0.043157
v 0.000000 1.167901 -0.043157
v 0.011170 1.160101 -0.041686
v 0.011170 1.167901 -0.041686
v 0.021578 1.160101 -0.037375
v 0.021578 1.167901 -0.037375
v 0.030517 1.160101 -0.030517
v 0.030517 1.167901 -0.030517
v 0.037375 1.160101 -0.021578
v 0.037375 1.167901 -0.021578
v 0.041686 1.160101 -0.011170
v 0.041686 1.167901 -0.011170
v 0.043157 1.160101 0.000000
v 0.043157 1.167901 0.000000
v 0.041686 1.160101 0.011170
v 0.041686 1.167901 0.011170
v 0.037375 1.160101 0.021578
v 0.037375 1.167901 0.021578
v 0.030517 1.160101 0.030517
v 0.030517 1.167901 0.030517
v 0.021578 1.160101 0.037375
v 0.021578 1.167901 0.037375
v 0.011170 1.160101 0.041686
v 0.011170 1.167901 0.041686
v 0.000000 1.160101 0.043157
v 0.000000 1.167901 0.043157
v -0.011170 1.160101 0.041686
v -0.011170 1.167901 0.041686
v -0.021578 1.160101 0.037375
v -0.021578 1.167901 0.037375
v -0.030517 1.160101 0.030517
v -0.030517 1.167901 0.030517
v -0.037375 1.160101 0.021578
v -0.037375 1.167901 0.021578
v -0.041686 1.160101 0.011170
v -0.041686 1.167901 0.011170
v -0.043157 1.160101 0.000000
v -0.043157 1.167901 0.000000
v -0.041686 1.160101 -0.011170
v -0.041686 1.167901 -0.011170
v -0.037375 1.160101 -0.021578
v -0.037375 1.167901 -0.021578
v -0.030517 1.160101 -0.030517
v -0.030517 1.167901 -0.030517
v -0.021578 1.160101 -0.037375
v -0.021578 1.167901 -0.037375
v -0.011170 1.160101 -0.041686
v -0.011170 1.167901 -0.041686
v 0.000000 1.160101 -0.205206
v 0.053111 1.160101 -0.198214
v 0.053111 1.167901 -0.198214
v 0.000000 1.167901 -0.205206
v 0.102603 1.160101 -0.177714
v 0.102603 1.167901 -0.177714
v 0.145103 1.160101 -0.145103
v 0.145103 1.167901 -0.145103
v 0.177714 1.160101 -0.102603
v 0.177714 1.167901 -0.102603
v 0.198214 1.160101 -0.053111
v 0.198214 1.167901 -0.053111
v 0.205206 1.160101 0.000000
v 0.205206 1.167901 0.000000
v 0.198214 1.160101 0.053111
v 0.198214 1.167901 0.053111
v 0.177714 1.160101 0.102603
v 0.177714 1.167901 0.102603
v 0.145103 1.160101 0.145103
v 0.145103 1.167901 0.145103
v 0.102603 1.160101 0.177714
v 0.102603 1.167901 0.177714
v 0.053111 1.160101 0.198214
v 0.053111 1.167901 0.198214
v 0.000000 1.160101 0.205206
v 0.000000 1.167901 0.205206
v -0.053111 1.160101 0.198214
v -0.053111 1.167901 0.198214
v -0.102603 1.160101 0.177714
v -0.102603 1.167901 0.177714
v -0.145103 1.160101 0.145103
v -0.145103 1.167901 0.145103
v -0.177714 1.160101 0.102603
v -0.177714 1.167901 0.102603
v -0.198214 1.160101 0.053111
v -0.198214 1.167901 0.053111
v -0.205206 1.160101 0.000000
v -0.205206 1.167901 0.000000
v -0.198214 1.160101 -0.053111
v -0.198214 1.167901 -0.053111
v -0.177714 1.160101 -0.102603
v -0.177714 1.167901 -0.102603
v -0.145103 1.160101 -0.145103
v -0.145103 1.167901 -0.145103
v -0.102603 1.160101 -0.177714
v -0.102603 1.167901 -0.177714
v -0.053111 1.160101 -0.198214
v -0.053111 1.167901 -0.198214
v 0.000000 1.170631 -0.043157
v 0.000000 1.178431 -0.043157
v 0.011170 1.170631 -0.041686
v 0.011170 1.178431 -0.041686
v 0.021578 1.170631 -0.037375
v 0.021578 1.178431 -0.037375
v 0.030517 1.170631 -0.030517
v 0.030517 1.178431 -0.030517
v 0.037375 1.170631 -0.021578
v 0.037375 1.178431 -0.021578
v 0.041686 1.170631 -0.011170
v 0.041686 1.178431 -0.011170
v 0.043157 1.170631 0.000000
v 0.043157 1.178431 0.000000
v 0.041686 1.170631 0.011170
v 0.041686 1.178431 0.011170
v 0.037375 1.170631 0.021578
v 0.037375 1.178431 0.021578
v 0.030517 1.170631 0.030517
v 0.030517 1.178431 0.030517
v 0.021578 1.170631 0.037375
v 0.021578 1.178431 0.037375
v 0.011170 1.170631 0.041686
v 0.011170 1.178431 0.041686
v 0.000000 1.170631 0.043157
v 0.000000 1.178431 0.043157
v -0.011170 1.170631 0.041686
v -0.011170 1.178431 0.041686
v -0.021578 1.170631 0.037375
v -0.021578 1.178431 0.037375
v -0.030517 1.170631 0.030517
v -0.030517 1.178431 0.030517
v -0.037375 1.170631 0.021578
v -0.037375 1.178431 0.021578
v -0.041686 1.170631 0.011170
v -0.041686 1.178431 0.011170
v -0.043157 1.170631 0.000000
v -0.043157 1.178431 0.000000
v -0.041686 1.170631 -0.011170
v -0.041686 1.178431 -0.011170
v -0.037375 1.170631 -0.021578
v -0.037375 1.178431 -0.021578
v -0.030517 1.170631 -0.030517
v -0.030517 1.178431 -0.030517
v -0.021578 1.170631 -0.037375
v -0.021578 1.178431 -0.037375
v -0.011170 1.170631 -0.041686
v -0.011170 1.178431 -0.041686
v 0.000000 1.170631 -0.205206
v 0.053111 1.170631 -0.198214
v 0.053111 1.178431 -0.198214
v 0.000000 1.178431 -0.205206
v 0.102603 1.170631 -0.177714
v 0.102603 1.178431 -0.177714
v 0.145103 1.170631 -0.145103
v 0.145103 1.178431 -0.145103
v 0.177714 1.170631 -0.102603
v 0.177714 1.178431 -0.102603
v 0.198214 1.170631 -0.053111
v 0.198214 1.178431 -0.053111
v 0.205206 1.170631 0.000000
v 0.205206 1.178431 0.000000
v 0.198214 1.170631 0.053111
v 0.198214 1.178431 0.053111
v 0.177714 1.170631 0.102603
v 0.177714 1.178431 0.102603
v 0.145103 1.170631 0.145103
v 0.145103 1.178431 0.145103
v 0.102603 1.170631 0.177714
v 0.102603 1.178431 0.177714
v 0.053111 1.170631 0.198214
v 0.053111 1.178431 0.198214
v 0.000000 1.170631 0.205206
v 0.000000 1.178431 0.205206
v -0.053111 1.170631 0.198214
v -0.053111 1.178431 0.198214
v -0.102603 1.170631 0.177714
v -0.102603 1.178431 0.177714
v -0.145103 1.170631 0.145103
v -0.145103 1.178431 0.145103
v -0.177714 1.170631 0.102603
v -0.177714 1.178431 0.102603
v -0.198214 1.170631 0.053111
v -0.198214 1.178431 0.053111
v -0.205206 1.170631 0.000000
v -0.205206 1.178431 0.000000
v -0.198214 1.170631 -0.053111
v -0.198214 1.178431 -0.053111
v -0.177714 1.170631 -0.102603
v -0.177714 1.178431 -0.102603
v -0.145103 1.170631 -0.145103
v -0.145103 1.178431 -0.145103
v -0.102603 1.170631 -0.177714
v -0.102603 1.178431 -0.177714
v -0.053111 1.170631 -0.198214
v -0.053111 1.178431 -0.198214
v 0.000000 1.181161 -0.043157
v 0.000000 1.188961 -0.043157
v 0.011170 1.181161 -0.041686
v 0.011170 1.188961 -0.041686
v 0.021578 1.181161 -0.037375
v 0.021578 1.188961 -0.037375
v 0.030517 1.181161 -0.030517
v 0.030517 1.188961 -0.030517
v 0.037375 1.181161 -0.021578
v 0.037375 1.188961 -0.021578
v 0.041686 1.181161 -0.011170
v 0.041686 1.188961 -0.011170
v 0.043157 1.181161 0.000000
v 0.043157 1.188961 0.000000
v 0.041686 1.181161 0.011170
v 0.041686 1.188961 0.011170
v 0.037375 1.181161 0.021578
v 0.037375 1.188961 0.021578
v 0.030517 1.181161 0.030517
v 0.030517 1.188961 0.030517
v 0.021578 1.181161 0.037375
v 0.021578 1.188961 0.037375
v 0.011170 1.181161 0.041686
v 0.011170 1.188961 0.041686
v 0.000000 1.181161 0.043157
v 0.000000 1.188961 0.043157
v -0.011170 1.181161 0.041686
v -0.011170 1.188961 0.041686
v -0.021578 1.181161 0.037375
v -0.021578 1.188961 0.037375
v -0.030517 1.181161 0.030517
v -0.030517 1.188961 0.030517
v -0.037375 1.181161 0.021578
v -0.037375 1.188961 0.021578
v -0.041686 1.181161 0.011170
v -0.041686 1.188961 0.011170
v -0.043157 1.181161 0.000000
v -0.043157 1.188961 0.000000
v -0.041686 1.181161 -0.011170
v -0.041686 1.188961 -0.011170
v -0.037375 1.181161 -0.021578
v -0.037375 1.188961 -0.021578
v -0.030517 1.181161 -0.030517
v -0.030517 1.188961 -0.030517
v -0.021578 1.181161 -0.037375
v -0.021578 1.188961 -0.037375
v -0.011170 1.181161 -0.041686
v -0.011170 1.188961 -0.041686
v 0.000000 1.181161 -0.205206
v 0.053111 1.181161 -0.198214
v 0.053111 1.188961 -0.198214
v 0.000000 1.188961 -0.205206
v 0.102603 1.181161 -0.177714
v 0.102603 1.188961 -0.177714
v 0.145103 1.181161 -0.145103
v 0.145103 1.188961 -0.145103
v 0.177714 1.181161 -0.102603
v 0.177714 1.188961 -0.102603
v 0.198214 1.181161 -0.053111
v 0.198214 1.188961 -0.053111
v 0.205206 1.181161 0.000000
v 0.205206 1.188961 0.000000
v 0.198214 1.181161 0.053111
v 0.198214 1.188961 0.053111
v 0.177714 1.181161 0.102603
v 0.177714 1.188961 0.102603
v 0.145103 1.181161 0.145103
v 0.145103 1.188961 0.145103
v 0.102603 1.181161 0.177714
v 0.102603 1.188961 0.177714
v 0.053111 1.181161 0.198214
v 0.053111 1.188961 0.198214
v 0.000000 1.181161 0.205206
v 0.000000 1.188961 0.205206
v -0.053111 1.181161 0.198214
v -0.053111 1.188961 0.198214
v -0.102603 1.181161 0.177714
v -0.102603 1.188961 0.177714
v -0.145103 1.181161 0.145103
v -0.145103 1.188961 0.145103
v -0.177714 1.181161 0.102603
v -0.177714 1.188961 0.102603
v -0.198214 1.181161 0.053111
v -0.198214 1.188961 0.053111
v -0.205206 1.181161 0.000000
v -0.205206 1.188961 0.000000
v -0.198214 1.181161 -0.053111
v -0.198214 1.188961 -0.053111
v -0.177714 1.181161 -0.102603
v -0.177714 1.188961 -0.102603
v -0.145103 1.181161 -0.145103
v -0.145103 1.188961 -0.145103
v -0.102603 1.181161 -0.177714
v -0.102603 1.188961 -0.177714
v -0.053111 1.181161 -0.198214
v -0.053111 1.188961 -0.198214
v 0.000000 1.191691 -0.043157
v 0.000000 1.199491 -0.043157
v 0.011170 1.191691 -0.041686
v 0.011170 1.199491 -0.041686
v 0.021578 1.191691 -0.037375
v 0.021578 1.199491 -0.037375
v 0.030517 1.191691 -0.030517
v 0.030517 1.199491 -0.030517
v 0.037375 1.191691 -0.021578
v 0.037375 1.199491 -0.021578
v 0.041686 1.191691 -0.011170
v 0.041686 1.199491 -0.011170
v 0.043157 1.191691 0.000000
v 0.043157 1.199491 0.000000
v 0.041686 1.191691 0.011170
v 0.041686 1.199491 0.011170
v 0.037375 1.191691 0.021578
v 0.037375 1.199491 0.021578
v 0.030517 1.191691 0.030517
v 0.030517 1.199491 0.030517
v 0.021578 1.191691 0.037375
v 0.021578 1.199491 0.037375
v 0.011170 1.191691 0.041686
v 0.011170 1.199491 0.041686
v 0.000000 1.191691 0.043157
v 0.000000 1.199491 0.043157
v -0.011170 1.191691 0.041686
v -0.011170 1.199491 0.041686
v -0.021578 1.191691 0.037375
v -0.021578 1.199491 0.037375
v -0.030517 1.191691 0.030517
v -0.030517 1.199491 0.030517
v -0.037375 1.191691 0.021578
v -0.037375 1.199491 0.021578
v -0.041686 1.191691 0.011170
v -0.041686 1.199491 0.011170
v -0.043157 1.191691 0.000000
v -0.043157 1.199491 0.000000
v -0.041686 1.191691 -0.011170
v -0.041686 1.199491 -0.011170
v -0.037375 1.191691 -0.021578
v -0.037375 1.199491 -0.021578
v -0.030517 1.191691 -0.030517
v -0.030517 1.199491 -0.030517
v -0.021578 1.191691 -0.037375
v -0.021578 1.199491 -0.037375
v -0.011170 1.191691 -0.041686
v -0.011170 1.199491 -0.041686
v 0.000000 1.191691 -0.205206
v 0.053111 1.191691 -0.198214
v 0.053111 1.199491 -0.198214
v 0.000000 1.199491 -0.205206
v 0.102603 1.191691 -0.177714
v 0.102603 1.199491 -0.177714
v 0.145103 1.191691 -0.145103
v 0.145103 1.199491 -0.145103
v 0.177714 1.191691 -0.102603
v 0.177714 1.199491 -0.102603
v 0.198214 1.191691 -0.053111
v 0.198214 1.199491 -0.053111
v 0.205206 1.191691 0.000000
v 0.205206 1.199491 0.000000
v 0.198214 1.191691 0.053111
v 0.198214 1.199491 0.053111
v 0.177714 1.191691 0.102603
v 0.177714 1.199491 0.102603
v 0.145103 1.191691 0.145103
v 0.145103 1.199491 0.145103
v 0.102603 1.191691 0.177714
v 0.102603 1.199491 0.177714
v 0.053111 1.191691 0.198214
v 0.053111 1.199491 0.198214
v 0.000000 1.191691 0.205206
v 0.000000 1.199491 0.205206
v -0.053111 1.191691 0.198214
v -0.053111 1.199491 0.198214
v -0.102603 1.191691 0.177714
v -0.102603 1.199491 0.177714
v -0.145103 1.191691 0.145103
v -0.145103 1.199491 0.145103
v -0.177714 1.191691 0.102603
v -0.177714 1.199491 0.102603
v -0.198214 1.191691 0.053111
v -0.198214 1.199491 0.053111
v -0.205206 1.191691 0.000000
v -0.205206 1.199491 0.000000
v -0.198214 1.191691 -0.053111
v -0.198214 1.199491 -0.053111
v -0.177714 1.191691 -0.102603
v -0.177714 1.199491 -0.102603
v -0.145103 1.191691 -0.145103
v -0.145103 1.199491 -0.145103
v -0.102603 1.191691 -0.177714
v -0.102603 1.199491 -0.177714
v -0.053111 1.191691 -0.198214
v -0.053111 1.199491 -0.198214
v 0.000000 1.202221 -0.043157
v 0.000000 1.210021 -0.043157
v 0.011170 1.202221 -0.041686
v 0.011170 1.210021 -0.041686
v 0.021578 1.202221 -0.037375
v 0.021578 1.210021 -0.037375
v 0.030517 1.202221 -0.030517
v 0.030517 1.210021 -0.030517
v 0.037375 1.202221 -0.021578
v 0.037375 1.210021 -0.021578
v 0.041686 1.202221 -0.011170
v 0.041686 1.210021 -0.011170
v 0.043157 1.202221 0.000000
v 0.043157 1.210021 0.000000
v 0.041686 1.202221 0.011170
v 0.041686 1.210021 0.011170
v 0.037375 1.202221 0.021578
v 0.037375 1.210021 0.021578
v 0.030517 1.202221 0.030517
v 0.030517 1.210021 0.030517
v 0.021578 1.202221 0.037375
v 0.021578 1.210021 0.037375
v 0.011170 1.202221 0.041686
v 0.011170 1.210021 0.041686
v 0.000000 1.202221 0.043157
v 0.000000 1.210021 0.043157
v -0.011170 1.202221 0.041686
v -0.011170 1.210021 0.041686
v -0.021578 1.202221 0.037375
v -0.021578 1.210021 0.037375
v -0.030517 1.202221 0.030517
v -0.030517 1.210021 0.030517
v -0.037375 1.202221 0.021578
v -0.037375 1.210021 0.021578
v -0.041686 1.202221 0.011170
v -0.041686 1.210021 0.011170
v -0.043157 1.202221 0.000000
v -0.043157 1.210021 0.000000
v -0.041686 1.202221 -0.011170
v -0.041686 1.210021 -0.011170
v -0.037375 1.202221 -0.021578
v -0.037375 1.210021 -0.021578
v -0.030517 1.202221 -0.030517
v -0.030517 1.210021 -0.030517
v -0.021578 1.202221 -0.037375
v -0.021578 1.210021 -0.037375
v -0.011170 1.202221 -0.041686
v -0.011170 1.210021 -0.041686
v 0.000000 1.202221 -0.205206
v 0.053111 1.202221 -0.198214
v 0.053111 1.210021 -0.198214
v 0.000000 1.210021 -0.205206
v 0.102603 1.202221 -0.177714
v 0.102603 1.210021 -0.177714
v 0.145103 1.202221 -0.145103
v 0.145103 1.210021 -0.145103
v 0.177714 1.202221 -0.102603
v 0.177714 1.210021 -0.102603
v 0.198214 1.202221 -0.053111
v 0.198214 1.210021 -0.053111
v 0.205206 1.202221 0.000000
v 0.205206 1.210021 0.000000
v 0.198214 1.202221 0.053111
v 0.198214 1.210021 0.053111
v 0.177714 1.202221 0.102603
v 0.177714 1.210021 0.102603
v 0.145103 1.202221 0.145103
v 0.145103 1.210021 0.145103
v 0.102603 1.202221 0.177714
v 0.102603 1.210021 0.177714
v 0.053111 1.202221 0.198214
v 0.053111 1.210021 0.198214
v 0.000000 1.202221 0.205206
v 0.000000 1.210021 0.205206
v -0.053111 1.202221 0.198214
v -0.053111 1.210021 0.198214
v -0.102603 1.202221 0.177714
v -0.102603 1.210021 0.177714
v -0.145103 1.202221 0.145103
v -0.145103 1.210021 0.145103
v -0.177714 1.202221 0.102603
v -0.177714 1.210021 0.102603
v -0.198214 1.202221 0.053111
v -0.198214 1.210021 0.053111
v -0.205206 1.202221 0.000000
v -0.205206 1.210021 0.000000
v -0.198214 1.202221 -0.053111
v -0.198214 1.210021 -0.053111
v -0.177714 1.202221 -0.102603
v -0.177714 1.210021 -0.102603
v -0.145103 1.202221 -0.145103
v -0.145103 1.210021 -0.145103
v -0.102603 1.202221 -0.177714
v -0.102603 1.210021 -0.177714
v -0.053111 1.202221 -0.198214
v -0.053111 1.210021 -0.198214
vn -0.0000 -0.0000 -1.0000
vn 0.2588 -0.0000 -0.9659
vn 0.5000 -0.0000 -0.8660
vn 0.7071 -0.0000 -0.7071
vn 0.8660 -0.0000 -0.5000
vn 0.9659 -0.0000 -0.2588
vn 1.0000 -0.0000 -0.0000
vn 0.9659 -0.0000 0.2588
vn 0.8660 -0.0000 0.5000
vn 0.7071 -0.0000 0.7071
vn 0.5000 -0.0000 0.8660
vn 0.2588 -0.0000 0.9659
vn -0.0000 -0.0000 1.0000
vn -0.2588 -0.0000 0.9659
vn -0.5000 -0.0000 0.8660
vn -0.7071 -0.0000 0.7071
vn -0.8660 -0.0000 0.5000
vn -0.9659 -0.0000 0.2588
vn -1.0000 -0.0000 -0.0000
vn -0.9659 -0.0000 -0.2588
vn -0.8660 -0.0000 -0.5000
vn -0.7071 -0.0000 -0.7071
vn -0.5000 -0.0000 -0.8660
vn -0.2588 -0.0000 -0.9659
vn -0.0000 -1.0000 -0.0000
vn -0.0000 1.0000 -0.0000
vt 0.145542 0.458357
vt 0.151606 0.458339
vt 0.151730 0.499991
vt 0.145665 0.500009
vt 0.151854 0.541643
vt 0.145789 0.541661
vt 0.151977 0.583294
vt 0.145912 0.583312
vt 0.152100 0.624946
vt 0.146035 0.624964
vt 0.152222 0.666598
vt 0.146157 0.666615
vt 0.152342 0.708250
vt 0.146277 0.708267
vt 0.152460 0.749901
vt 0.146395 0.749918
vt 0.152575 0.791553
vt 0.146510 0.791570
vt 0.152684 0.833206
vt 0.146619 0.833221
vt 0.152777 0.874860
vt 0.146712 0.874869
vt 0.152757 0.916533
vt 0.146691 0.916501
vt 0.152178 0.958243
vt 0.146116 0.958089
vt 0.150674 0.999913
vt 0.144618 0.999670
vt 0.146721 0.000087
vt 0.152777 0.000330
vt 0.151280 0.041911
vt 0.145217 0.041757
vt 0.150704 0.083499
vt 0.144638 0.083467
vt 0.150683 0.125131
vt 0.144618 0.125140
vt 0.150776 0.166779
vt 0.144712 0.166794
vt 0.150885 0.208430
vt 0.144821 0.208447
vt 0.151000 0.250082
vt 0.144935 0.250099
vt 0.151118 0.291733
vt 0.145053 0.291751
vt 0.151238 0.333385
vt 0.145174 0.333402
vt 0.151360 0.375036
vt 0.145295 0.375054
vt 0.203724 0.830014
vt 0.203841 0.791407
vt 0.230480 0.791553
vt 0.230387 0.829856
vt 0.151483 0.416688
vt 0.145418 0.416706
vt 0.204289 0.868862
vt 0.230951 0.867925
vt 0.626158 0.771673
vt 0.635570 0.781085
vt 0.519024 0.932970
vt 0.474273 0.888219
vt 0.673263 0.209104
vt 0.659953 0.209104
vt 0.634964 0.019294
vt 0.698252 0.019294
vt 0.619503 0.760146
vt 0.442629 0.833410
vt 0.647097 0.212548
vt 0.573833 0.035674
vt 0.616058 0.747290
vt 0.426249 0.772279
vt 0.635570 0.219204
vt 0.519024 0.067318
vt 0.616058 0.733980
vt 0.426249 0.708991
vt 0.626158 0.228615
vt 0.474273 0.112069
vt 0.619503 0.721123
vt 0.442629 0.647860
vt 0.619503 0.240142
vt 0.442629 0.166878
vt 0.626158 0.709597
vt 0.474273 0.593051
vt 0.616058 0.252998
vt 0.426249 0.228009
vt 0.635570 0.700185
vt 0.519024 0.548300
vt 0.616058 0.266308
vt 0.426249 0.291297
vt 0.647097 0.693530
vt 0.573833 0.516656
vt 0.619503 0.279165
vt 0.442629 0.352428
vt 0.659953 0.690085
vt 0.634964 0.500276
vt 0.626158 0.290692
vt 0.474273 0.407237
vt 0.673263 0.690085
vt 0.698252 0.500276
vt 0.635570 0.300103
vt 0.519024 0.451989
vt 0.686120 0.693530
vt 0.759383 0.516656
vt 0.647097 0.306758
vt 0.573833 0.483632
vt 0.697646 0.700185
vt 0.814192 0.548300
vt 0.659953 0.310203
vt 0.634964 0.500012
vt 0.707058 0.709597
vt 0.858943 0.593051
vt 0.673263 0.310203
vt 0.698252 0.500012
vt 0.713713 0.721123
vt 0.890587 0.647860
vt 0.686120 0.306758
vt 0.759383 0.483632
vt 0.717158 0.733980
vt 0.906967 0.708991
vt 0.697646 0.300103
vt 0.814192 0.451989
vt 0.717158 0.747290
vt 0.906967 0.772279
vt 0.707058 0.290692
vt 0.858943 0.407237
vt 0.713713 0.760146
vt 0.890587 0.833410
vt 0.713713 0.279165
vt 0.890587 0.352429
vt 0.707058 0.771673
vt 0.858943 0.888219
vt 0.717158 0.266308
vt 0.906967 0.291297
vt 0.697646 0.781085
vt 0.814192 0.932970
vt 0.717158 0.252998
vt 0.906967 0.228010
vt 0.686120 0.787740
vt 0.759383 0.964614
vt 0.713713 0.240142
vt 0.890587 0.166878
vt 0.673263 0.791185
vt 0.698252 0.980994
vt 0.707058 0.228615
vt 0.858943 0.112070
vt 0.659953 0.791185
vt 0.634964 0.980994
vt 0.697646 0.219204
vt 0.814192 0.067318
vt 0.647097 0.787740
vt 0.573833 0.964614
vt 0.686120 0.212548
vt 0.759383 0.035674
vt 0.204173 0.752903
vt 0.230801 0.753151
vt 0.204571 0.714433
vt 0.231195 0.714716
vt 0.204994 0.675974
vt 0.231616 0.676271
vt 0.205428 0.637519
vt 0.232050 0.637822
vt 0.205869 0.599066
vt 0.232490 0.599372
vt 0.206313 0.560613
vt 0.232935 0.560921
vt 0.206760 0.522161
vt 0.233381 0.522470
vt 0.207208 0.483709
vt 0.233829 0.484019
vt 0.207655 0.445257
vt 0.234277 0.445567
vt 0.208102 0.406806
vt 0.234724 0.407114
vt 0.208547 0.368355
vt 0.235168 0.368662
vt 0.208987 0.329905
vt 0.235609 0.330208
vt 0.209421 0.291457
vt 0.236043 0.291753
vt 0.209842 0.253012
vt 0.236466 0.253294
vt 0.210236 0.214576
vt 0.236864 0.214825
vt 0.210556 0.176174
vt 0.237196 0.176321
vt 0.210650 0.137871
vt 0.237313 0.137713
vt 0.210086 0.099803
vt 0.236748 0.098865
vt 0.207980 0.062058
vt 0.234463 0.059776
vt 0.203724 0.024235
vt 0.230006 0.021166
vt 0.211031 0.946562
vt 0.206574 0.907952
vt 0.233057 0.905669
vt 0.237313 0.943493
s 1
usemtl Material.047
f 49/1/1 52/2/1 51/3/2 50/4/2
f 50/4/2 51/3/2 54/5/3 53/6/3
f 53/6/3 54/5/3 56/7/4 55/8/4
f 55/8/4 56/7/4 58/9/5 57/10/5
f 57/10/5 58/9/5 60/11/6 59/12/6
f 59/12/6 60/11/6 62/13/7 61/14/7
f 61/14/7 62/13/7 64/15/8 63/16/8
f 63/16/8 64/15/8 66/17/9 65/18/9
f 65/18/9 66/17/9 68/19/10 67/20/10
f 67/20/10 68/19/10 70/21/11 69/22/11
f 69/22/11 70/21/11 72/23/12 71/24/12
f 71/24/12 72/23/12 74/25/13 73/26/13
f 73/26/13 74/25/13 76/27/14 75/28/14
f 75/29/14 76/30/14 78/31/15 77/32/15
f 77/32/15 78/31/15 80/33/16 79/34/16
f 79/34/16 80/33/16 82/35/17 81/36/17
f 81/36/17 82/35/17 84/37/18 83/38/18
f 83/38/18 84/37/18 86/39/19 85/40/19
f 85/40/19 86/39/19 88/41/20 87/42/20
f 87/42/20 88/41/20 90/43/21 89/44/21
f 89/44/21 90/43/21 92/45/22 91/46/22
f 91/46/22 92/45/22 94/47/23 93/48/23
f 48/49/12 46/50/11 45/51/11 47/52/12
f 93/48/23 94/47/23 96/53/24 95/54/24
f 95/54/24 96/53/24 52/2/1 49/1/1
f 2/55/13 48/49/12 47/52/12 1/56/13
f 3/57/25 1/58/25 49/59/25 50/60/25
f 2/61/26 4/62/26 51/63/26 52/64/26
f 5/65/25 3/57/25 50/60/25 53/66/25
f 4/62/26 6/67/26 54/68/26 51/63/26
f 7/69/25 5/65/25 53/66/25 55/70/25
f 6/67/26 8/71/26 56/72/26 54/68/26
f 9/73/25 7/69/25 55/70/25 57/74/25
f 8/71/26 10/75/26 58/76/26 56/72/26
f 11/77/25 9/73/25 57/74/25 59/78/25
f 10/75/26 12/79/26 60/80/26 58/76/26
f 13/81/25 11/77/25 59/78/25 61/82/25
f 12/79/26 14/83/26 62/84/26 60/80/26
f 15/85/25 13/81/25 61/82/25 63/86/25
f 14/83/26 16/87/26 64/88/26 62/84/26
f 17/89/25 15/85/25 63/86/25 65/90/25
f 16/87/26 18/91/26 66/92/26 64/88/26
f 19/93/25 17/89/25 65/90/25 67/94/25
f 18/91/26 20/95/26 68/96/26 66/92/26
f 21/97/25 19/93/25 67/94/25 69/98/25
f 20/95/26 22/99/26 70/100/26 68/96/26
f 23/101/25 21/97/25 69/98/25 71/102/25
f 22/99/26 24/103/26 72/104/26 70/100/26
f 25/105/25 23/101/25 71/102/25 73/106/25
f 24/103/26 26/107/26 74/108/26 72/104/26
f 27/109/25 25/105/25 73/106/25 75/110/25
f 26/107/26 28/111/26 76/112/26 74/108/26
f 29/113/25 27/109/25 75/110/25 77/114/25
f 28/111/26 30/115/26 78/116/26 76/112/26
f 31/117/25 29/113/25 77/114/25 79/118/25
f 30/115/26 32/119/26 80/120/26 78/116/26
f 33/121/25 31/117/25 79/118/25 81/122/25
f 32/119/26 34/123/26 82/124/26 80/120/26
f 35/125/25 33/121/25 81/122/25 83/126/25
f 34/123/26 36/127/26 84/128/26 82/124/26
f 37/129/25 35/125/25 83/126/25 85/130/25
f 36/127/26 38/131/26 86/132/26 84/128/26
f 39/133/25 37/129/25 85/130/25 87/134/25
f 38/131/26 40/135/26 88/136/26 86/132/26
f 41/137/25 39/133/25 87/134/25 89/138/25
f 40/135/26 42/139/26 90/140/26 88/136/26
f 43/141/25 41/137/25 89/138/25 91/142/25
f 42/139/26 44/143/26 92/144/26 90/140/26
f 45/145/25 43/141/25 91/142/25 93/146/25
f 44/143/26 46/147/26 94/148/26 92/144/26
f 47/149/25 45/145/25 93/146/25 95/150/25
f 46/147/26 48/151/26 96/152/26 94/148/26
f 1/58/25 47/149/25 95/150/25 49/59/25
f 48/151/26 2/61/26 52/64/26 96/152/26
f 46/50/11 44/153/10 43/154/10 45/51/11
f 44/153/10 42/155/9 41/156/9 43/154/10
f 42/155/9 40/157/8 39/158/8 41/156/9
f 40/157/8 38/159/7 37/160/7 39/158/8
f 38/159/7 36/161/6 35/162/6 37/160/7
f 36/161/6 34/163/5 33/164/5 35/162/6
f 34/163/5 32/165/4 31/166/4 33/164/5
f 32/165/4 30/167/3 29/168/3 31/166/4
f 30/167/3 28/169/2 27/170/2 29/168/3
f 28/169/2 26/171/1 25/172/1 27/170/2
f 26/171/1 24/173/24 23/174/24 25/172/1
f 24/173/24 22/175/23 21/176/23 23/174/24
f 22/175/23 20/177/22 19/178/22 21/176/23
f 20/177/22 18/179/21 17/180/21 19/178/22
f 18/179/21 16/181/20 15/182/20 17/180/21
f 16/181/20 14/183/19 13/184/19 15/182/20
f 14/183/19 12/185/18 11/186/18 13/184/19
f 12/185/18 10/187/17 9/188/17 11/186/18
f 10/187/17 8/189/16 7/190/16 9/188/17
f 8/189/16 6/191/15 5/192/15 7/190/16
f 6/193/15 4/194/14 3/195/14 5/196/15
f 4/194/14 2/55/13 1/56/13 3/195/14
f 145/1/1 148/2/1 147/3/2 146/4/2
f 146/4/2 147/3/2 150/5/3 149/6/3
f 149/6/3 150/5/3 152/7/4 151/8/4
f 151/8/4 152/7/4 154/9/5 153/10/5
f 153/10/5 154/9/5 156/11/6 155/12/6
f 155/12/6 156/11/6 158/13/7 157/14/7
f 157/14/7 158/13/7 160/15/8 159/16/8
f 159/16/8 160/15/8 162/17/9 161/18/9
f 161/18/9 162/17/9 164/19/10 163/20/10
f 163/20/10 164/19/10 166/21/11 165/22/11
f 165/22/11 166/21/11 168/23/12 167/24/12
f 167/24/12 168/23/12 170/25/13 169/26/13
f 169/26/13 170/25/13 172/27/14 171/28/14
f 171/29/14 172/30/14 174/31/15 173/32/15
f 173/32/15 174/31/15 176/33/16 175/34/16
f 175/34/16 176/33/16 178/35/17 177/36/17
f 177/36/17 178/35/17 180/37/18 179/38/18
f 179/38/18 180/37/18 182/39/19 181/40/19
f 181/40/19 182/39/19 184/41/20 183/42/20
f 183/42/20 184/41/20 186/43/21 185/44/21
f 185/44/21 186/43/21 188/45/22 187/46/22
f 187/46/22 188/45/22 190/47/23 189/48/23
f 144/49/12 142/50/11 141/51/11 143/52/12
f 189/48/23 190/47/23 192/53/24 191/54/24
f 191/54/24 192/53/24 148/2/1 145/1/1
f 98/55/13 144/49/12 143/52/12 97/56/13
f 99/57/25 97/58/25 145/59/25 146/60/25
f 98/61/26 100/62/26 147/63/26 148/64/26
f 101/65/25 99/57/25 146/60/25 149/66/25
f 100/62/26 102/67/26 150/68/26 147/63/26
f 103/69/25 101/65/25 149/66/25 151/70/25
f 102/67/26 104/71/26 152/72/26 150/68/26
f 105/73/25 103/69/25 151/70/25 153/74/25
f 104/71/26 106/75/26 154/76/26 152/72/26
f 107/77/25 105/73/25 153/74/25 155/78/25
f 106/75/26 108/79/26 156/80/26 154/76/26
f 109/81/25 107/77/25 155/78/25 157/82/25
f 108/79/26 110/83/26 158/84/26 156/80/26
f 111/85/25 109/81/25 157/82/25 159/86/25
f 110/83/26 112/87/26 160/88/26 158/84/26
f 113/89/25 111/85/25 159/86/25 161/90/25
f 112/87/26 114/91/26 162/92/26 160/88/26
f 115/93/25 113/89/25 161/90/25 163/94/25
f 114/91/26 116/95/26 164/96/26 162/92/26
f 117/97/25 115/93/25 163/94/25 165/98/25
f 116/95/26 118/99/26 166/100/26 164/96/26
f 119/101/25 117/97/25 165/98/25 167/102/25
f 118/99/26 120/103/26 168/104/26 166/100/26
f 121/105/25 119/101/25 167/102/25 169/106/25
f 120/103/26 122/107/26 170/108/26 168/104/26
f 123/109/25 121/105/25 169/106/25 171/110/25
f 122/107/26 124/111/26 172/112/26 170/108/26
f 125/113/25 123/109/25 171/110/25 173/114/25
f 124/111/26 126/115/26 174/116/26 172/112/26
f 127/117/25 125/113/25 173/114/25 175/118/25
f 126/115/26 128/119/26 176/120/26 174/116/26
f 129/121/25 127/117/25 175/118/25 177/122/25
f 128/119/26 130/123/26 178/124/26 176/120/26
f 131/125/25 129/121/25 177/122/25 179/126/25
f 130/123/26 132/127/26 180/128/26 178/124/26
f 133/129/25 131/125/25 179/126/25 181/130/25
f 132/127/26 134/131/26 182/132/26 180/128/26
f 135/133/25 133/129/25 181/130/25 183/134/25
f 134/131/26 136/135/26 184/136/26 182/132/26
f 137/137/25 135/133/25 183/134/25 185/138/25
f 136/135/26 138/139/26 186/140/26 184/136/26
f 139/141/25 137/137/25 185/138/25 187/142/25
f 138/139/26 140/143/26 188/144/26 186/140/26
f 141/145/25 139/141/25 187/142/25 189/146/25
f 140/143/26 142/147/26 190/148/26 188/144/26
f 143/149/25 141/145/25 189/146/25 191/150/25
f 142/147/26 144/151/26 192/152/26 190/148/26
f 97/58/25 143/149/25 191/150/25 145/59/25
f 144/151/26 98/61/26 148/64/26 192/152/26
f 142/50/11 140/153/10 139/154/10 141/51/11
f 140/153/10 138/155/9 137/156/9 139/154/10
f 138/155/9 136/157/8 135/158/8 137/156/9
f 136/157/8 134/159/7 133/160/7 135/158/8
f 134/159/7 132/161/6 131/162/6 133/160/7
f 132/161/6 130/163/5 129/164/5 131/162/6
f 130/163/5 128/165/4 127/166/4 129/164/5
f 128/165/4 126/167/3 125/168/3 127/166/4
f 126/167/3 124/169/2 123/170/2 125/168/3
f 124/169/2 122/171/1 121/172/1 123/170/2
f 122/171/1 120/173/24 119/174/24 121/172/1
f 120/173/24 118/175/23 117/176/23 119/174/24
f 118/175/23 116/177/22 115/178/22 117/176/23
f 116/177/22 114/179/21 113/180/21 115/178/22
f 114/179/21 112/181/20 111/182/20 113/180/21
f 112/181/20 110/183/19 109/184/19 111/182/20
f 110/183/19 108/185/18 107/186/18 109/184/19
f 108/185/18 106/187/17 105/188/17 107/186/18
f 106/187/17 104/189/16 103/190/16 105/188/17
f 104/189/16 102/191/15 101/192/15 103/190/16
f 102/193/15 100/194/14 99/195/14 101/196/15
f 100/194/14 98/55/13 97/56/13 99/195/14
f 241/1/1 244/2/1 243/3/2 242/4/2
f 242/4/2 243/3/2 246/5/3 245/6/3
f 245/6/3 246/5/3 248/7/4 247/8/4
f 247/8/4 248/7/4 250/9/5 249/10/5
f 249/10/5 250/9/5 252/11/6 251/12/6
f 251/12/6 252/11/6 254/13/7 253/14/7
f 253/14/7 254/13/7 256/15/8 255/16/8
f 255/16/8 256/15/8 258/17/9 257/18/9
f 257/18/9 258/17/9 260/19/10 259/20/10
f 259/20/10 260/19/10 262/21/11 261/22/11
f 261/22/11 262/21/11 264/23/12 263/24/12
f 263/24/12 264/23/12 266/25/13 265/26/13
f 265/26/13 266/25/13 268/27/14 267/28/14
f 267/29/14 268/30/14 270/31/15 269/32/15
f 269/32/15 270/31/15 272/33/16 271/34/16
f 271/34/16 272/33/16 274/35/17 273/36/17
f 273/36/17 274/35/17 276/37/18 275/38/18
f 275/38/18 276/37/18 278/39/19 277/40/19
f 277/40/19 278/39/19 280/41/20 279/42/20
f 279/42/20 280/41/20 282/43/21 281/44/21
f 281/44/21 282/43/21 284/45/22 283/46/22
f 283/46/22 284/45/22 286/47/23 285/48/23
f 240/49/12 238/50/11 237/51/11 239/52/12
f 285/48/23 286/47/23 288/53/24 287/54/24
f 287/54/24 288/53/24 244/2/1 241/1/1
f 194/55/13 240/49/12 239/52/12 193/56/13
f 195/57/25 193/58/25 241/59/25 242/60/25
f 194/61/26 196/62/26 243/63/26 244/64/26
f 197/65/25 195/57/25 242/60/25 245/66/25
f 196/62/26 198/67/26 246/68/26 243/63/26
f 199/69/25 197/65/25 245/66/25 247/70/25
f 198/67/26 200/71/26 248/72/26 246/68/26
f 201/73/25 199/69/25 247/70/25 249/74/25
f 200/71/26 202/75/26 250/76/26 248/72/26
f 203/77/25 201/73/25 249/74/25 251/78/25
f 202/75/26 204/79/26 252/80/26 250/76/26
f 205/81/25 203/77/25 251/78/25 253/82/25
f 204/79/26 206/83/26 254/84/26 252/80/26
f 207/85/25 205/81/25 253/82/25 255/86/25
f 206/83/26 208/87/26 256/88/26 254/84/26
f 209/89/25 207/85/25 255/86/25 257/90/25
f 208/87/26 210/91/26 258/92/26 256/88/26
f 211/93/25 209/89/25 257/90/25 259/94/25
f 210/91/26 212/95/26 260/96/26 258/92/26
f 213/97/25 211/93/25 259/94/25 261/98/25
f 212/95/26 214/99/26 262/100/26 260/96/26
f 215/101/25 213/97/25 261/98/25 263/102/25
f 214/99/26 216/103/26 264/104/26 262/100/26
f 217/105/25 215/101/25 263/102/25 265/106/25
f 216/103/26 218/107/26 266/108/26 264/104/26
f 219/109/25 217/105/25 265/106/25 267/110/25
f 218/107/26 220/111/26 268/112/26 266/108/26
f 221/113/25 219/109/25 267/110/25 269/114/25
f 220/111/26 222/115/26 270/116/26 268/112/26
f 223/117/25 221/113/25 269/114/25 271/118/25
f 222/115/26 224/119/26 272/120/26 270/116/26
f 225/121/25 223/117/25 271/118/25 273/122/25
f 224/119/26 226/123/26 274/124/26 272/120/26
f 227/125/25 225/121/25 273/122/25 275/126/25
f 226/123/26 228/127/26 276/128/26 274/124/26
f 229/129/25 227/125/25 275/126/25 277/130/25
f 228/127/26 230/131/26 278/132/26 276/128/26
f 231/133/25 229/129/25 277/130/25 279/134/25
f 230/131/26 232/135/26 280/136/26 278/132/26
f 233/137/25 231/133/25 279/134/25 281/138/25
f 232/135/26 234/139/26 282/140/26 280/136/26
f 235/141/25 233/137/25 281/138/25 283/142/25
f 234/139/26 236/143/26 284/144/26 282/140/26
f 237/145/25 235/141/25 283/142/25 285/146/25
f 236/143/26 238/147/26 286/148/26 284/144/26
f 239/149/25 237/145/25 285/146/25 287/150/25
f 238/147/26 240/151/26 288/152/26 286/148/26
f 193/58/25 239/149/25 287/150/25 241/59/25
f 240/151/26 194/61/26 244/64/26 288/152/26
f 238/50/11 236/153/10 235/154/10 237/51/11
f 236/153/10 234/155/9 233/156/9 235/154/10
f 234/155/9 232/157/8 231/158/8 233/156/9
f 232/157/8 230/159/7 229/160/7 231/158/8
f 230/159/7 228/161/6 227/162/6 229/160/7
f 228/161/6 226/163/5 225/164/5 227/162/6
f 226/163/5 224/165/4 223/166/4 225/164/5
f 224/165/4 222/167/3 221/168/3 223/166/4
f 222/167/3 220/169/2 219/170/2 221/168/3
f 220/169/2 218/171/1 217/172/1 219/170/2
f 218/171/1 216/173/24 215/174/24 217/172/1
f 216/173/24 214/175/23 213/176/23 215/174/24
f 214/175/23 212/177/22 211/178/22 213/176/23
f 212/177/22 210/179/21 209/180/21 211/178/22
f 210/179/21 208/181/20 207/182/20 209/180/21
f 208/181/20 206/183/19 205/184/19 207/182/20
f 206/183/19 204/185/18 203/186/18 205/184/19
f 204/185/18 202/187/17 201/188/17 203/186/18
f 202/187/17 200/189/16 199/190/16 201/188/17
f 200/189/16 198/191/15 197/192/15 199/190/16
f 198/193/15 196/194/14 195/195/14 197/196/15
f 196/194/14 194/55/13 193/56/13 195/195/14
f 337/1/1 340/2/1 339/3/2 338/4/2
f 338/4/2 339/3/2 342/5/3 341/6/3
f 341/6/3 342/5/3 344/7/4 343/8/4
f 343/8/4 344/7/4 346/9/5 345/10/5
f 345/10/5 346/9/5 348/11/6 347/12/6
f 347/12/6 348/11/6 350/13/7 349/14/7
f 349/14/7 350/13/7 352/15/8 351/16/8
f 351/16/8 352/15/8 354/17/9 353/18/9
f 353/18/9 354/17/9 356/19/10 355/20/10
f 355/20/10 356/19/10 358/21/11 357/22/11
f 357/22/11 358/21/11 360/23/12 359/24/12
f 359/24/12 360/23/12 362/25/13 361/26/13
f 361/26/13 362/25/13 364/27/14 363/28/14
f 363/29/14 364/30/14 366/31/15 365/32/15
f 365/32/15 366/31/15 368/33/16 367/34/16
f 367/34/16 368/33/16 370/35/17 369/36/17
f 369/36/17 370/35/17 372/37/18 371/38/18
f 371/38/18 372/37/18 374/39/19 373/40/19
f 373/40/19 374/39/19 376/41/20 375/42/20
f 375/42/20 376/41/20 378/43/21 377/44/21
f 377/44/21 378/43/21 380/45/22 379/46/22
f 379/46/22 380/45/22 382/47/23 381/48/23
f 336/49/12 334/50/11 333/51/11 335/52/12
f 381/48/23 382/47/23 384/53/24 383/54/24
f 383/54/24 384/53/24 340/2/1 337/1/1
f 290/55/13 336/49/12 335/52/12 289/56/13
f 291/57/25 289/58/25 337/59/25 338/60/25
f 290/61/26 292/62/26 339/63/26 340/64/26
f 293/65/25 291/57/25 338/60/25 341/66/25
f 292/62/26 294/67/26 342/68/26 339/63/26
f 295/69/25 293/65/25 341/66/25 343/70/25
f 294/67/26 296/71/26 344/72/26 342/68/26
f 297/73/25 295/69/25 343/70/25 345/74/25
f 296/71/26 298/75/26 346/76/26 344/72/26
f 299/77/25 297/73/25 345/74/25 347/78/25
f 298/75/26 300/79/26 348/80/26 346/76/26
f 301/81/25 299/77/25 347/78/25 349/82/25
f 300/79/26 302/83/26 350/84/26 348/80/26
f 303/85/25 301/81/25 349/82/25 351/86/25
f 302/83/26 304/87/26 352/88/26 350/84/26
f 305/89/25 303/85/25 351/86/25 353/90/25
f 304/87/26 306/91/26 354/92/26 352/88/26
f 307/93/25 305/89/25 353/90/25 355/94/25
f 306/91/26 308/95/26 356/96/26 354/92/26
f 309/97/25 307/93/25 355/94/25 357/98/25
f 308/95/26 310/99/26 358/100/26 356/96/26
f 311/101/25 309/97/25 357/98/25 359/102/25
f 310/99/26 312/103/26 360/104/26 358/100/26
f 313/105/25 311/101/25 359/102/25 361/106/25
f 312/103/26 314/107/26 362/108/26 360/104/26
f 315/109/25 313/105/25 361/106/25 363/110/25
f 314/107/26 316/111/26 364/112/26 362/108/26
f 317/113/25 315/109/25 363/110/25 365/114/25
f 316/111/26 318/115/26 366/116/26 364/112/26
f 319/117/25 317/113/25 365/114/25 367/118/25
f 318/115/26 320/119/26 368/120/26 366/116/26
f 321/121/25 319/117/25 367/118/25 369/122/25
f 320/119/26 322/123/26 370/124/26 368/120/26
f 323/125/25 321/121/25 369/122/25 371/126/25
f 322/123/26 324/127/26 372/128/26 370/124/26
f 325/129/25 323/125/25 371/126/25 373/130/25
f 324/127/26 326/131/26 374/132/26 372/128/26
f 327/133/25 325/129/25 373/130/25 375/134/25
f 326/131/26 328/135/26 376/136/26 374/132/26
f 329/137/25 327/133/25 375/134/25 377/138/25
f 328/135/26 330/139/26 378/140/26 376/136/26
f 331/141/25 329/137/25 377/138/25 379/142/25
f 330/139/26 332/143/26 380/144/26 378/140/26
f 333/145/25 331/141/25 379/142/25 381/146/25
f 332/143/26 334/147/26 382/148/26 380/144/26
f 335/149/25 333/145/25 381/146/25 383/150/25
f 334/147/26 336/151/26 384/152/26 382/148/26
f 289/58/25 335/149/25 383/150/25 337/59/25
f 336/151/26 290/61/26 340/64/26 384/152/26
f 334/50/11 332/153/10 331/154/10 333/51/11
f 332/153/10 330/155/9 329/156/9 331/154/10
f 330/155/9 328/157/8 327/158/8 329/156/9
f 328/157/8 326/159/7 325/160/7 327/158/8
f 326/159/7 324/161/6 323/162/6 325/160/7
f 324/161/6 322/163/5 321/164/5 323/162/6
f 322/163/5 320/165/4 319/166/4 321/164/5
f 320/165/4 318/167/3 317/168/3 319/166/4
f 318/167/3 316/169/2 315/170/2 317/168/3
f 316/169/2 314/171/1 313/172/1 315/170/2
f 314/171/1 312/173/24 311/174/24 313/172/1
f 312/173/24 310/175/23 309/176/23 311/174/24
f 310/175/23 308/177/22 307/178/22 309/176/23
f 308/177/22 306/179/21 305/180/21 307/178/22
f 306/179/21 304/181/20 303/182/20 305/180/21
f 304/181/20 302/183/19 301/184/19 303/182/20
f 302/183/19 300/185/18 299/186/18 301/184/19
f 300/185/18 298/187/17 297/188/17 299/186/18
f 298/187/17 296/189/16 295/190/16 297/188/17
f 296/189/16 294/191/15 293/192/15 295/190/16
f 294/193/15 292/194/14 291/195/14 293/196/15
f 292/194/14 290/55/13 289/56/13 291/195/14
f 433/1/1 436/2/1 435/3/2 434/4/2
f 434/4/2 435/3/2 438/5/3 437/6/3
f 437/6/3 438/5/3 440/7/4 439/8/4
f 439/8/4 440/7/4 442/9/5 441/10/5
f 441/10/5 442/9/5 444/11/6 443/12/6
f 443/12/6 444/11/6 446/13/7 445/14/7
f 445/14/7 446/13/7 448/15/8 447/16/8
f 447/16/8 448/15/8 450/17/9 449/18/9
f 449/18/9 450/17/9 452/19/10 451/20/10
f 451/20/10 452/19/10 454/21/11 453/22/11
f 453/22/11 454/21/11 456/23/12 455/24/12
f 455/24/12 456/23/12 458/25/13 457/26/13
f 457/26/13 458/25/13 460/27/14 459/28/14
f 459/29/14 460/30/14 462/31/15 461/32/15
f 461/32/15 462/31/15 464/33/16 463/34/16
f 463/34/16 464/33/16 466/35/17 465/36/17
f 465/36/17 466/35/17 468/37/18 467/38/18
f 467/38/18 468/37/18 470/39/19 469/40/19
f 469/40/19 470/39/19 472/41/20 471/42/20
f 471/42/20 472/41/20 474/43/21 473/44/21
f 473/44/21 474/43/21 476/45/22 475/46/22
f 475/46/22 476/45/22 478/47/23 477/48/23
f 432/49/12 430/50/11 429/51/11 431/52/12
f 477/48/23 478/47/23 480/53/24 479/54/24
f 479/54/24 480/53/24 436/2/1 433/1/1
f 386/55/13 432/49/12 431/52/12 385/56/13
f 387/57/25 385/58/25 433/59/25 434/60/25
f 386/61/26 388/62/26 435/63/26 436/64/26
f 389/65/25 387/57/25 434/60/25 437/66/25
f 388/62/26 390/67/26 438/68/26 435/63/26
f 391/69/25 389/65/25 437/66/25 439/70/25
f 390/67/26 392/71/26 440/72/26 438/68/26
f 393/73/25 391/69/25 439/70/25 441/74/25
f 392/71/26 394/75/26 442/76/26 440/72/26
f 395/77/25 393/73/25 441/74/25 443/78/25
f 394/75/26 396/79/26 444/80/26 442/76/26
f 397/81/25 395/77/25 443/78/25 445/82/25
f 396/79/26 398/83/26 446/84/26 444/80/26
f 399/85/25 397/81/25 445/82/25 447/86/25
f 398/83/26 400/87/26 448/88/26 446/84/26
f 401/89/25 399/85/25 447/86/25 449/90/25
f 400/87/26 402/91/26 450/92/26 448/88/26
f 403/93/25 401/89/25 449/90/25 451/94/25
f 402/91/26 404/95/26 452/96/26 450/92/26
f 405/97/25 403/93/25 451/94/25 453/98/25
f 404/95/26 406/99/26 454/100/26 452/96/26
f 407/101/25 405/97/25 453/98/25 455/102/25
f 406/99/26 408/103/26 456/104/26 454/100/26
f 409/105/25 407/101/25 455/102/25 457/106/25
f 408/103/26 410/107/26 458/108/26 456/104/26
f 411/109/25 409/105/25 457/106/25 459/110/25
f 410/107/26 412/111/26 460/112/26 458/108/26
f 413/113/25 411/109/25 459/110/25 461/114/25
f 412/111/26 414/115/26 462/116/26 460/112/26
f 415/117/25 413/113/25 461/114/25 463/118/25
f 414/115/26 416/119/26 464/120/26 462/116/26
f 417/121/25 415/117/25 463/118/25 465/122/25
f 416/119/26 418/123/26 466/124/26 464/120/26
f 419/125/25 417/121/25 465/122/25 467/126/25
f 418/123/26 420/127/26 468/128/26 466/124/26
f 421/129/25 419/125/25 467/126/25 469/130/25
f 420/127/26 422/131/26 470/132/26 468/128/26
f 423/133/25 421/129/25 469/130/25 471/134/25
f 422/131/26 424/135/26 472/136/26 470/132/26
f 425/137/25 423/133/25 471/134/25 473/138/25
f 424/135/26 426/139/26 474/140/26 472/136/26
f 427/141/25 425/137/25 473/138/25 475/142/25
f 426/139/26 428/143/26 476/144/26 474/140/26
f 429/145/25 427/141/25 475/142/25 477/146/25
f 428/143/26 430/147/26 478/148/26 476/144/26
f 431/149/25 429/145/25 477/146/25 479/150/25
f 430/147/26 432/151/26 480/152/26 478/148/26
f 385/58/25 431/149/25 479/150/25 433/59/25
f 432/151/26 386/61/26 436/64/26 480/152/26
f 430/50/11 428/153/10 427/154/10 429/51/11
f 428/153/10 426/155/9 425/156/9 427/154/10
f 426/155/9 424/157/8 423/158/8 425/156/9
f 424/157/8 422/159/7 421/160/7 423/158/8
f 422/159/7 420/161/6 419/162/6 421/160/7
f 420/161/6 418/163/5 417/164/5 419/162/6
f 418/163/5 416/165/4 415/166/4 417/164/5
f 416/165/4 414/167/3 413/168/3 415/166/4
f 414/167/3 412/169/2 411/170/2 413/168/3
f 412/169/2 410/171/1 409/172/1 411/170/2
f 410/171/1 408/173/24 407/174/24 409/172/1
f 408/173/24 406/175/23 405/176/23 407/174/24
f 406/175/23 404/177/22 403/178/22 405/176/23
f 404/177/22 402/179/21 401/180/21 403/178/22
f 402/179/21 400/181/20 399/182/20 401/180/21
f 400/181/20 398/183/19 397/184/19 399/182/20
f 398/183/19 396/185/18 395/186/18 397/184/19
f 396/185/18 394/187/17 393/188/17 395/186/18
f 394/187/17 392/189/16 391/190/16 393/188/17
f 392/189/16 390/191/15 389/192/15 391/190/16
f 390/193/15 388/194/14 387/195/14 389/196/15
f 388/194/14 386/55/13 385/56/13 387/195/14
f 529/1/1 532/2/1 531/3/2 530/4/2
f 530/4/2 531/3/2 534/5/3 533/6/3
f 533/6/3 534/5/3 536/7/4 535/8/4
f 535/8/4 536/7/4 538/9/5 537/10/5
f 537/10/5 538/9/5 540/11/6 539/12/6
f 539/12/6 540/11/6 542/13/7 541/14/7
f 541/14/7 542/13/7 544/15/8 543/16/8
f 543/16/8 544/15/8 546/17/9 545/18/9
f 545/18/9 546/17/9 548/19/10 547/20/10
f 547/20/10 548/19/10 550/21/11 549/22/11
f 549/22/11 550/21/11 552/23/12 551/24/12
f 551/24/12 552/23/12 554/25/13 553/26/13
f 553/26/13 554/25/13 556/27/14 555/28/14
f 555/29/14 556/30/14 558/31/15 557/32/15
f 557/32/15 558/31/15 560/33/16 559/34/16
f 559/34/16 560/33/16 562/35/17 561/36/17
f 561/36/17 562/35/17 564/37/18 563/38/18
f 563/38/18 564/37/18 566/39/19 565/40/19
f 565/40/19 566/39/19 568/41/20 567/42/20
f 567/42/20 568/41/20 570/43/21 569/44/21
f 569/44/21 570/43/21 572/45/22 571/46/22
f 571/46/22 572/45/22 574/47/23 573/48/23
f 528/49/12 526/50/11 525/51/11 527/52/12
f 573/48/23 574/47/23 576/53/24 575/54/24
f 575/54/24 576/53/24 532/2/1 529/1/1
f 482/55/13 528/49/12 527/52/12 481/56/13
f 483/57/25 481/58/25 529/59/25 530/60/25
f 482/61/26 484/62/26 531/63/26 532/64/26
f 485/65/25 483/57/25 530/60/25 533/66/25
f 484/62/26 486/67/26 534/68/26 531/63/26
f 487/69/25 485/65/25 533/66/25 535/70/25
f 486/67/26 488/71/26 536/72/26 534/68/26
f 489/73/25 487/69/25 535/70/25 537/74/25
f 488/71/26 490/75/26 538/76/26 536/72/26
f 491/77/25 489/73/25 537/74/25 539/78/25
f 490/75/26 492/79/26 540/80/26 538/76/26
f 493/81/25 491/77/25 539/78/25 541/82/25
f 492/79/26 494/83/26 542/84/26 540/80/26
f 495/85/25 493/81/25 541/82/25 543/86/25
f 494/83/26 496/87/26 544/88/26 542/84/26
f 497/89/25 495/85/25 543/86/25 545/90/25
f 496/87/26 498/91/26 546/92/26 544/88/26
f 499/93/25 497/89/25 545/90/25 547/94/25
f 498/91/26 500/95/26 548/96/26 546/92/26
f 501/97/25 499/93/25 547/94/25 549/98/25
f 500/95/26 502/99/26 550/100/26 548/96/26
f 503/101/25 501/97/25 549/98/25 551/102/25
f 502/99/26 504/103/26 552/104/26 550/100/26
f 505/105/25 503/101/25 551/102/25 553/106/25
f 504/103/26 506/107/26 554/108/26 552/104/26
f 507/109/25 505/105/25 553/106/25 555/110/25
f 506/107/26 508/111/26 556/112/26 554/108/26
f 509/113/25 507/109/25 555/110/25 557/114/25
f 508/111/26 510/115/26 558/116/26 556/112/26
f 511/117/25 509/113/25 557/114/25 559/118/25
f 510/115/26 512/119/26 560/120/26 558/116/26
f 513/121/25 511/117/25 559/118/25 561/122/25
f 512/119/26 514/123/26 562/124/26 560/120/26
f 515/125/25 513/121/25 561/122/25 563/126/25
f 514/123/26 516/127/26 564/128/26 562/124/26
f 517/129/25 515/125/25 563/126/25 565/130/25
f 516/127/26 518/131/26 566/132/26 564/128/26
f 519/133/25 517/129/25 565/130/25 567/134/25
f 518/131/26 520/135/26 568/136/26 566/132/26
f 521/137/25 519/133/25 567/134/25 569/138/25
f 520/135/26 522/139/26 570/140/26 568/136/26
f 523/141/25 521/137/25 569/138/25 571/142/25
f 522/139/26 524/143/26 572/144/26 570/140/26
f 525/145/25 523/141/25 571/142/25 573/146/25
f 524/143/26 526/147/26 574/148/26 572/144/26
f 527/149/25 525/145/25 573/146/25 575/150/25
f 526/147/26 528/151/26 576/152/26 574/148/26
f 481/58/25 527/149/25 575/150/25 529/59/25
f 528/151/26 482/61/26 532/64/26 576/152/26
f 526/50/11 524/153/10 523/154/10 525/51/11
f 524/153/10 522/155/9 521/156/9 523/154/10
f 522/155/9 520/157/8 519/158/8 521/156/9
f 520/157/8 518/159/7 517/160/7 519/158/8
f 518/159/7 516/161/6 515/162/6 517/160/7
f 516/161/6 514/163/5 513/164/5 515/162/6
f 514/163/5 512/165/4 511/166/4 513/164/5
f 512/165/4 510/167/3 509/168/3 511/166/4
f 510/167/3 508/169/2 507/170/2 509/168/3
f 508/169/2 506/171/1 505/172/1 507/170/2
f 506/171/1 504/173/24 503/174/24 505/172/1
f 504/173/24 502/175/23 501/176/23 503/174/24
f 502/175/23 500/177/22 499/178/22 501/176/23
f 500/177/22 498/179/21 497/180/21 499/178/22
f 498/179/21 496/181/20 495/182/20 497/180/21
f 496/181/20 494/183/19 493/184/19 495/182/20
f 494/183/19 492/185/18 491/186/18 493/184/19
f 492/185/18 490/187/17 489/188/17 491/186/18
f 490/187/17 488/189/16 487/190/16 489/188/17
f 488/189/16 486/191/15 485/192/15 487/190/16
f 486/193/15 484/194/14 483/195/14 485/196/15
f 484/194/14 482/55/13 481/56/13 483/195/14
f 625/1/1 628/2/1 627/3/2 626/4/2
f 626/4/2 627/3/2 630/5/3 629/6/3
f 629/6/3 630/5/3 632/7/4 631/8/4
f 631/8/4 632/7/4 634/9/5 633/10/5
f 633/10/5 634/9/5 636/11/6 635/12/6
f 635/12/6 636/11/6 638/13/7 637/14/7
f 637/14/7 638/13/7 640/15/8 639/16/8
f 639/16/8 640/15/8 642/17/9 641/18/9
f 641/18/9 642/17/9 644/19/10 643/20/10
f 643/20/10 644/19/10 646/21/11 645/22/11
f 645/22/11 646/21/11 648/23/12 647/24/12
f 647/24/12 648/23/12 650/25/13 649/26/13
f 649/26/13 650/25/13 652/27/14 651/28/14
f 651/29/14 652/30/14 654/31/15 653/32/15
f 653/32/15 654/31/15 656/33/16 655/34/16
f 655/34/16 656/33/16 658/35/17 657/36/17
f 657/36/17 658/35/17 660/37/18 659/38/18
f 659/38/18 660/37/18 662/39/19 661/40/19
f 661/40/19 662/39/19 664/41/20 663/42/20
f 663/42/20 664/41/20 666/43/21 665/44/21
f 665/44/21 666/43/21 668/45/22 667/46/22
f 667/46/22 668/45/22 670/47/23 669/48/23
f 624/49/12 622/50/11 621/51/11 623/52/12
f 669/48/23 670/47/23 672/53/24 671/54/24
f 671/54/24 672/53/24 628/2/1 625/1/1
f 578/55/13 624/49/12 623/52/12 577/56/13
f 579/57/25 577/58/25 625/59/25 626/60/25
f 578/61/26 580/62/26 627/63/26 628/64/26
f 581/65/25 579/57/25 626/60/25 629/66/25
f 580/62/26 582/67/26 630/68/26 627/63/26
f 583/69/25 581/65/25 629/66/25 631/70/25
f 582/67/26 584/71/26 632/72/26 630/68/26
f 585/73/25 583/69/25 631/70/25 633/74/25
f 584/71/26 586/75/26 634/76/26 632/72/26
f 587/77/25 585/73/25 633/74/25 635/78/25
f 586/75/26 588/79/26 636/80/26 634/76/26
f 589/81/25 587/77/25 635/78/25 637/82/25
f 588/79/26 590/83/26 638/84/26 636/80/26
f 591/85/25 589/81/25 637/82/25 639/86/25
f 590/83/26 592/87/26 640/88/26 638/84/26
f 593/89/25 591/85/25 639/86/25 641/90/25
f 592/87/26 594/91/26 642/92/26 640/88/26
f 595/93/25 593/89/25 641/90/25 643/94/25
f 594/91/26 596/95/26 644/96/26 642/92/26
f 597/97/25 595/93/25 643/94/25 645/98/25
f 596/95/26 598/99/26 646/100/26 644/96/26
f 599/101/25 597/97/25 645/98/25 647/102/25
f 598/99/26 600/103/26 648/104/26 646/100/26
f 601/105/25 599/101/25 647/102/25 649/106/25
f 600/103/26 602/107/26 650/108/26 648/104/26
f 603/109/25 601/105/25 649/106/25 651/110/25
f 602/107/26 604/111/26 652/112/26 650/108/26
f 605/113/25 603/109/25 651/110/25 653/114/25
f 604/111/26 606/115/26 654/116/26 652/112/26
f 607/117/25 605/113/25 653/114/25 655/118/25
f 606/115/26 608/119/26 656/120/26 654/116/26
f 609/121/25 607/117/25 655/118/25 657/122/25
f 608/119/26 610/123/26 658/124/26 656/120/26
f 611/125/25 609/121/25 657/122/25 659/126/25
f 610/123/26 612/127/26 660/128/26 658/124/26
f 613/129/25 611/125/25 659/126/25 661/130/25
f 612/127/26 614/131/26 662/132/26 660/128/26
f 615/133/25 613/129/25 661/130/25 663/134/25
f 614/131/26 616/135/26 664/136/26 662/132/26
f 617/137/25 615/133/25 663/134/25 665/138/25
f 616/135/26 618/139/26 666/140/26 664/136/26
f 619/141/25 617/137/25 665/138/25 667/142/25
f 618/139/26 620/143/26 668/144/26 666/140/26
f 621/145/25 619/141/25 667/142/25 669/146/25
f 620/143/26 622/147/26 670/148/26 668/144/26
f 623/149/25 621/145/25 669/146/25 671/150/25
f 622/147/26 624/151/26 672/152/26 670/148/26
f 577/58/25 623/149/25 671/150/25 625/59/25
f 624/151/26 578/61/26 628/64/26 672/152/26
f 622/50/11 620/153/10 619/154/10 621/51/11
f 620/153/10 618/155/9 617/156/9 619/154/10
f 618/155/9 616/157/8 615/158/8 617/156/9
f 616/157/8 614/159/7 613/160/7 615/158/8
f 614/159/7 612/161/6 611/162/6 613/160/7
f 612/161/6 610/163/5 609/164/5 611/162/6
f 610/163/5 608/165/4 607/166/4 609/164/5
f 608/165/4 606/167/3 605/168/3 607/166/4
f 606/167/3 604/169/2 603/170/2 605/168/3
f 604/169/2 602/171/1 601/172/1 603/170/2
f 602/171/1 600/173/24 599/174/24 601/172/1
f 600/173/24 598/175/23 597/176/23 599/174/24
f 598/175/23 596/177/22 595/178/22 597/176/23
f 596/177/22 594/179/21 593/180/21 595/178/22
f 594/179/21 592/181/20 591/182/20 593/180/21
f 592/181/20 590/183/19 589/184/19 591/182/20
f 590/183/19 588/185/18 587/186/18 589/184/19
f 588/185/18 586/187/17 585/188/17 587/186/18
f 586/187/17 584/189/16 583/190/16 585/188/17
f 584/189/16 582/191/15 581/192/15 583/190/16
f 582/193/15 580/194/14 579/195/14 581/196/15
f 580/194/14 578/55/13 577/56/13 579/195/14
f 721/1/1 724/2/1 723/3/2 722/4/2
f 722/4/2 723/3/2 726/5/3 725/6/3
f 725/6/3 726/5/3 728/7/4 727/8/4
f 727/8/4 728/7/4 730/9/5 729/10/5
f 729/10/5 730/9/5 732/11/6 731/12/6
f 731/12/6 732/11/6 734/13/7 733/14/7
f 733/14/7 734/13/7 736/15/8 735/16/8
f 735/16/8 736/15/8 738/17/9 737/18/9
f 737/18/9 738/17/9 740/19/10 739/20/10
f 739/20/10 740/19/10 742/21/11 741/22/11
f 741/22/11 742/21/11 744/23/12 743/24/12
f 743/24/12 744/23/12 746/25/13 745/26/13
f 745/26/13 746/25/13 748/27/14 747/28/14
f 747/29/14 748/30/14 750/31/15 749/32/15
f 749/32/15 750/31/15 752/33/16 751/34/16
f 751/34/16 752/33/16 754/35/17 753/36/17
f 753/36/17 754/35/17 756/37/18 755/38/18
f 755/38/18 756/37/18 758/39/19 757/40/19
f 757/40/19 758/39/19 760/41/20 759/42/20
f 759/42/20 760/41/20 762/43/21 761/44/21
f 761/44/21 762/43/21 764/45/22 763/46/22
f 763/46/22 764/45/22 766/47/23 765/48/23
f 720/49/12 718/50/11 717/51/11 719/52/12
f 765/48/23 766/47/23 768/53/24 767/54/24
f 767/54/24 768/53/24 724/2/1 721/1/1
f 674/55/13 720/49/12 719/52/12 673/56/13
f 675/57/25 673/58/25 721/59/25 722/60/25
f 674/61/26 676/62/26 723/63/26 724/64/26
f 677/65/25 675/57/25 722/60/25 725/66/25
f 676/62/26 678/67/26 726/68/26 723/63/26
f 679/69/25 677/65/25 725/66/25 727/70/25
f 678/67/26 680/71/26 728/72/26 726/68/26
f 681/73/25 679/69/25 727/70/25 729/74/25
f 680/71/26 682/75/26 730/76/26 728/72/26
f 683/77/25 681/73/25 729/74/25 731/78/25
f 682/75/26 684/79/26 732/80/26 730/76/26
f 685/81/25 683/77/25 731/78/25 733/82/25
f 684/79/26 686/83/26 734/84/26 732/80/26
f 687/85/25 685/81/25 733/82/25 735/86/25
f 686/83/26 688/87/26 736/88/26 734/84/26
f 689/89/25 687/85/25 735/86/25 737/90/25
f 688/87/26 690/91/26 738/92/26 736/88/26
f 691/93/25 689/89/25 737/90/25 739/94/25
f 690/91/26 692/95/26 740/96/26 738/92/26
f 693/97/25 691/93/25 739/94/25 741/98/25
f 692/95/26 694/99/26 742/100/26 740/96/26
f 695/101/25 693/97/25 741/98/25 743/102/25
f 694/99/26 696/103/26 744/104/26 742/100/26
f 697/105/25 695/101/25 743/102/25 745/106/25
f 696/103/26 698/107/26 746/108/26 744/104/26
f 699/109/25 697/105/25 745/106/25 747/110/25
f 698/107/26 700/111/26 748/112/26 746/108/26
f 701/113/25 699/109/25 747/110/25 749/114/25
f 700/111/26 702/115/26 750/116/26 748/112/26
f 703/117/25 701/113/25 749/114/25 751/118/25
f 702/115/26 704/119/26 752/120/26 750/116/26
f 705/121/25 703/117/25 751/118/25 753/122/25
f 704/119/26 706/123/26 754/124/26 752/120/26
f 707/125/25 705/121/25 753/122/25 755/126/25
f 706/123/26 708/127/26 756/128/26 754/124/26
f 709/129/25 707/125/25 755/126/25 757/130/25
f 708/127/26 710/131/26 758/132/26 756/128/26
f 711/133/25 709/129/25 757/130/25 759/134/25
f 710/131/26 712/135/26 760/136/26 758/132/26
f 713/137/25 711/133/25 759/134/25 761/138/25
f 712/135/26 714/139/26 762/140/26 760/136/26
f 715/141/25 713/137/25 761/138/25 763/142/25
f 714/139/26 716/143/26 764/144/26 762/140/26
f 717/145/25 715/141/25 763/142/25 765/146/25
f 716/143/26 718/147/26 766/148/26 764/144/26
f 719/149/25 717/145/25 765/146/25 767/150/25
f 718/147/26 720/151/26 768/152/26 766/148/26
f 673/58/25 719/149/25 767/150/25 721/59/25
f 720/151/26 674/61/26 724/64/26 768/152/26
f 718/50/11 716/153/10 715/154/10 717/51/11
f 716/153/10 714/155/9 713/156/9 715/154/10
f 714/155/9 712/157/8 711/158/8 713/156/9
f 712/157/8 710/159/7 709/160/7 711/158/8
f 710/159/7 708/161/6 707/162/6 709/160/7
f 708/161/6 706/163/5 705/164/5 707/162/6
f 706/163/5 704/165/4 703/166/4 705/164/5
f 704/165/4 702/167/3 701/168/3 703/166/4
f 702/167/3 700/169/2 699/170/2 701/168/3
f 700/169/2 698/171/1 697/172/1 699/170/2
f 698/171/1 696/173/24 695/174/24 697/172/1
f 696/173/24 694/175/23 693/176/23 695/174/24
f 694/175/23 692/177/22 691/178/22 693/176/23
f 692/177/22 690/179/21 689/180/21 691/178/22
f 690/179/21 688/181/20 687/182/20 689/180/21
f 688/181/20 686/183/19 685/184/19 687/182/20
f 686/183/19 684/185/18 683/186/18 685/184/19
f 684/185/18 682/187/17 681/188/17 683/186/18
f 682/187/17 680/189/16 679/190/16 681/188/17
f 680/189/16 678/191/15 677/192/15 679/190/16
f 678/193/15 676/194/14 675/195/14 677/196/15
f 676/194/14 674/55/13 673/56/13 675/195/14
f 817/1/1 820/2/1 819/3/2 818/4/2
f 818/4/2 819/3/2 822/5/3 821/6/3
f 821/6/3 822/5/3 824/7/4 823/8/4
f 823/8/4 824/7/4 826/9/5 825/10/5
f 825/10/5 826/9/5 828/11/6 827/12/6
f 827/12/6 828/11/6 830/13/7 829/14/7
f 829/14/7 830/13/7 832/15/8 831/16/8
f 831/16/8 832/15/8 834/17/9 833/18/9
f 833/18/9 834/17/9 836/19/10 835/20/10
f 835/20/10 836/19/10 838/21/11 837/22/11
f 837/22/11 838/21/11 840/23/12 839/24/12
f 839/24/12 840/23/12 842/25/13 841/26/13
f 841/26/13 842/25/13 844/27/14 843/28/14
f 843/29/14 844/30/14 846/31/15 845/32/15
f 845/32/15 846/31/15 848/33/16 847/34/16
f 847/34/16 848/33/16 850/35/17 849/36/17
f 849/36/17 850/35/17 852/37/18 851/38/18
f 851/38/18 852/37/18 854/39/19 853/40/19
f 853/40/19 854/39/19 856/41/20 855/42/20
f 855/42/20 856/41/20 858/43/21 857/44/21
f 857/44/21 858/43/21 860/45/22 859/46/22
f 859/46/22 860/45/22 862/47/23 861/48/23
f 816/49/12 814/50/11 813/51/11 815/52/12
f 861/48/23 862/47/23 864/53/24 863/54/24
f 863/54/24 864/53/24 820/2/1 817/1/1
f 770/55/13 816/49/12 815/52/12 769/56/13
f 771/57/25 769/58/25 817/59/25 818/60/25
f 770/61/26 772/62/26 819/63/26 820/64/26
f 773/65/25 771/57/25 818/60/25 821/66/25
f 772/62/26 774/67/26 822/68/26 819/63/26
f 775/69/25 773/65/25 821/66/25 823/70/25
f 774/67/26 776/71/26 824/72/26 822/68/26
f 777/73/25 775/69/25 823/70/25 825/74/25
f 776/71/26 778/75/26 826/76/26 824/72/26
f 779/77/25 777/73/25 825/74/25 827/78/25
f 778/75/26 780/79/26 828/80/26 826/76/26
f 781/81/25 779/77/25 827/78/25 829/82/25
f 780/79/26 782/83/26 830/84/26 828/80/26
f 783/85/25 781/81/25 829/82/25 831/86/25
f 782/83/26 784/87/26 832/88/26 830/84/26
f 785/89/25 783/85/25 831/86/25 833/90/25
f 784/87/26 786/91/26 834/92/26 832/88/26
f 787/93/25 785/89/25 833/90/25 835/94/25
f 786/91/26 788/95/26 836/96/26 834/92/26
f 789/97/25 787/93/25 835/94/25 837/98/25
f 788/95/26 790/99/26 838/100/26 836/96/26
f 791/101/25 789/97/25 837/98/25 839/102/25
f 790/99/26 792/103/26 840/104/26 838/100/26
f 793/105/25 791/101/25 839/102/25 841/106/25
f 792/103/26 794/107/26 842/108/26 840/104/26
f 795/109/25 793/105/25 841/106/25 843/110/25
f 794/107/26 796/111/26 844/112/26 842/108/26
f 797/113/25 795/109/25 843/110/25 845/114/25
f 796/111/26 798/115/26 846/116/26 844/112/26
f 799/117/25 797/113/25 845/114/25 847/118/25
f 798/115/26 800/119/26 848/120/26 846/116/26
f 801/121/25 799/117/25 847/118/25 849/122/25
f 800/119/26 802/123/26 850/124/26 848/120/26
f 803/125/25 801/121/25 849/122/25 851/126/25
f 802/123/26 804/127/26 852/128/26 850/124/26
f 805/129/25 803/125/25 851/126/25 853/130/25
f 804/127/26 806/131/26 854/132/26 852/128/26
f 807/133/25 805/129/25 853/130/25 855/134/25
f 806/131/26 808/135/26 856/136/26 854/132/26
f 809/137/25 807/133/25 855/134/25 857/138/25
f 808/135/26 810/139/26 858/140/26 856/136/26
f 811/141/25 809/137/25 857/138/25 859/142/25
f 810/139/26 812/143/26 860/144/26 858/140/26
f 813/145/25 811/141/25 859/142/25 861/146/25
f 812/143/26 814/147/26 862/148/26 860/144/26
f 815/149/25 813/145/25 861/146/25 863/150/25
f 814/147/26 816/151/26 864/152/26 862/148/26
f 769/58/25 815/149/25 863/150/25 817/59/25
f 816/151/26 770/61/26 820/64/26 864/152/26
f 814/50/11 812/153/10 811/154/10 813/51/11
f 812/153/10 810/155/9 809/156/9 811/154/10
f 810/155/9 808/157/8 807/158/8 809/156/9
f 808/157/8 806/159/7 805/160/7 807/158/8
f 806/159/7 804/161/6 803/162/6 805/160/7
f 804/161/6 802/163/5 801/164/5 803/162/6
f 802/163/5 800/165/4 799/166/4 801/164/5
f 800/165/4 798/167/3 797/168/3 799/166/4
f 798/167/3 796/169/2 795/170/2 797/168/3
f 796/169/2 794/171/1 793/172/1 795/170/2
f 794/171/1 792/173/24 791/174/24 793/172/1
f 792/173/24 790/175/23 789/176/23 791/174/24
f 790/175/23 788/177/22 787/178/22 789/176/23
f 788/177/22 786/179/21 785/180/21 787/178/22
f 786/179/21 784/181/20 783/182/20 785/180/21
f 784/181/20 782/183/19 781/184/19 783/182/20
f 782/183/19 780/185/18 779/186/18 781/184/19
f 780/185/18 778/187/17 777/188/17 779/186/18
f 778/187/17 776/189/16 775/190/16 777/188/17
f 776/189/16 774/191/15 773/192/15 775/190/16
f 774/193/15 772/194/14 771/195/14 773/196/15
f 772/194/14 770/55/13 769/56/13 771/195/14
f 913/1/1 916/2/1 915/3/2 914/4/2
f 914/4/2 915/3/2 918/5/3 917/6/3
f 917/6/3 918/5/3 920/7/4 919/8/4
f 919/8/4 920/7/4 922/9/5 921/10/5
f 921/10/5 922/9/5 924/11/6 923/12/6
f 923/12/6 924/11/6 926/13/7 925/14/7
f 925/14/7 926/13/7 928/15/8 927/16/8
f 927/16/8 928/15/8 930/17/9 929/18/9
f 929/18/9 930/17/9 932/19/10 931/20/10
f 931/20/10 932/19/10 934/21/11 933/22/11
f 933/22/11 934/21/11 936/23/12 935/24/12
f 935/24/12 936/23/12 938/25/13 937/26/13
f 937/26/13 938/25/13 940/27/14 939/28/14
f 939/29/14 940/30/14 942/31/15 941/32/15
f 941/32/15 942/31/15 944/33/16 943/34/16
f 943/34/16 944/33/16 946/35/17 945/36/17
f 945/36/17 946/35/17 948/37/18 947/38/18
f 947/38/18 948/37/18 950/39/19 949/40/19
f 949/40/19 950/39/19 952/41/20 951/42/20
f 951/42/20 952/41/20 954/43/21 953/44/21
f 953/44/21 954/43/21 956/45/22 955/46/22
f 955/46/22 956/45/22 958/47/23 957/48/23
f 912/49/12 910/50/11 909/51/11 911/52/12
f 957/48/23 958/47/23 960/53/24 959/54/24
f 959/54/24 960/53/24 916/2/1 913/1/1
f 866/55/13 912/49/12 911/52/12 865/56/13
f 867/57/25 865/58/25 913/59/25 914/60/25
f 866/61/26 868/62/26 915/63/26 916/64/26
f 869/65/25 867/57/25 914/60/25 917/66/25
f 868/62/26 870/67/26 918/68/26 915/63/26
f 871/69/25 869/65/25 917/66/25 919/70/25
f 870/67/26 872/71/26 920/72/26 918/68/26
f 873/73/25 871/69/25 919/70/25 921/74/25
f 872/71/26 874/75/26 922/76/26 920/72/26
f 875/77/25 873/73/25 921/74/25 923/78/25
f 874/75/26 876/79/26 924/80/26 922/76/26
f 877/81/25 875/77/25 923/78/25 925/82/25
f 876/79/26 878/83/26 926/84/26 924/80/26
f 879/85/25 877/81/25 925/82/25 927/86/25
f 878/83/26 880/87/26 928/88/26 926/84/26
f 881/89/25 879/85/25 927/86/25 929/90/25
f 880/87/26 882/91/26 930/92/26 928/88/26
f 883/93/25 881/89/25 929/90/25 931/94/25
f 882/91/26 884/95/26 932/96/26 930/92/26
f 885/97/25 883/93/25 931/94/25 933/98/25
f 884/95/26 886/99/26 934/100/26 932/96/26
f 887/101/25 885/97/25 933/98/25 935/102/25
f 886/99/26 888/103/26 936/104/26 934/100/26
f 889/105/25 887/101/25 935/102/25 937/106/25
f 888/103/26 890/107/26 938/108/26 936/104/26
f 891/109/25 889/105/25 937/106/25 939/110/25
f 890/107/26 892/111/26 940/112/26 938/108/26
f 893/113/25 891/109/25 939/110/25 941/114/25
f 892/111/26 894/115/26 942/116/26 940/112/26
f 895/117/25 893/113/25 941/114/25 943/118/25
f 894/115/26 896/119/26 944/120/26 942/116/26
f 897/121/25 895/117/25 943/118/25 945/122/25
f 896/119/26 898/123/26 946/124/26 944/120/26
f 899/125/25 897/121/25 945/122/25 947/126/25
f 898/123/26 900/127/26 948/128/26 946/124/26
f 901/129/25 899/125/25 947/126/25 949/130/25
f 900/127/26 902/131/26 950/132/26 948/128/26
f 903/133/25 901/129/25 949/130/25 951/134/25
f 902/131/26 904/135/26 952/136/26 950/132/26
f 905/137/25 903/133/25 951/134/25 953/138/25
f 904/135/26 906/139/26 954/140/26 952/136/26
f 907/141/25 905/137/25 953/138/25 955/142/25
f 906/139/26 908/143/26 956/144/26 954/140/26
f 909/145/25 907/141/25 955/142/25 957/146/25
f 908/143/26 910/147/26 958/148/26 956/144/26
f 911/149/25 909/145/25 957/146/25 959/150/25
f 910/147/26 912/151/26 960/152/26 958/148/26
f 865/58/25 911/149/25 959/150/25 913/59/25
f 912/151/26 866/61/26 916/64/26 960/152/26
f 910/50/11 908/153/10 907/154/10 909/51/11
f 908/153/10 906/155/9 905/156/9 907/154/10
f 906/155/9 904/157/8 903/158/8 905/156/9
f 904/157/8 902/159/7 901/160/7 903/158/8
f 902/159/7 900/161/6 899/162/6 901/160/7
f 900/161/6 898/163/5 897/164/5 899/162/6
f 898/163/5 896/165/4 895/166/4 897/164/5
f 896/165/4 894/167/3 893/168/3 895/166/4
f 894/167/3 892/169/2 891/170/2 893/168/3
f 892/169/2 890/171/1 889/172/1 891/170/2
f 890/171/1 888/173/24 887/174/24 889/172/1
f 888/173/24 886/175/23 885/176/23 887/174/24
f 886/175/23 884/177/22 883/178/22 885/176/23
f 884/177/22 882/179/21 881/180/21 883/178/22
f 882/179/21 880/181/20 879/182/20 881/180/21
f 880/181/20 878/183/19 877/184/19 879/182/20
f 878/183/19 876/185/18 875/186/18 877/184/19
f 876/185/18 874/187/17 873/188/17 875/186/18
f 874/187/17 872/189/16 871/190/16 873/188/17
f 872/189/16 870/191/15 869/192/15 871/190/16
f 870/193/15 868/194/14 867/195/14 869/196/15
f 868/194/14 866/55/13 865/56/13 867/195/14
f 1009/1/1 1012/2/1 1011/3/2 1010/4/2
f 1010/4/2 1011/3/2 1014/5/3 1013/6/3
f 1013/6/3 1014/5/3 1016/7/4 1015/8/4
f 1015/8/4 1016/7/4 1018/9/5 1017/10/5
f 1017/10/5 1018/9/5 1020/11/6 1019/12/6
f 1019/12/6 1020/11/6 1022/13/7 1021/14/7
f 1021/14/7 1022/13/7 1024/15/8 1023/16/8
f 1023/16/8 1024/15/8 1026/17/9 1025/18/9
f 1025/18/9 1026/17/9 1028/19/10 1027/20/10
f 1027/20/10 1028/19/10 1030/21/11 1029/22/11
f 1029/22/11 1030/21/11 1032/23/12 1031/24/12
f 1031/24/12 1032/23/12 1034/25/13 1033/26/13
f 1033/26/13 1034/25/13 1036/27/14 1035/28/14
f 1035/29/14 1036/30/14 1038/31/15 1037/32/15
f 1037/32/15 1038/31/15 1040/33/16 1039/34/16
f 1039/34/16 1040/33/16 1042/35/17 1041/36/17
f 1041/36/17 1042/35/17 1044/37/18 1043/38/18
f 1043/38/18 1044/37/18 1046/39/19 1045/40/19
f 1045/40/19 1046/39/19 1048/41/20 1047/42/20
f 1047/42/20 1048/41/20 1050/43/21 1049/44/21
f 1049/44/21 1050/43/21 1052/45/22 1051/46/22
f 1051/46/22 1052/45/22 1054/47/23 1053/48/23
f 1008/49/12 1006/50/11 1005/51/11 1007/52/12
f 1053/48/23 1054/47/23 1056/53/24 1055/54/24
f 1055/54/24 1056/53/24 1012/2/1 1009/1/1
f 962/55/13 1008/49/12 1007/52/12 961/56/13
f 963/57/25 961/58/25 1009/59/25 1010/60/25
f 962/61/26 964/62/26 1011/63/26 1012/64/26
f 965/65/25 963/57/25 1010/60/25 1013/66/25
f 964/62/26 966/67/26 1014/68/26 1011/63/26
f 967/69/25 965/65/25 1013/66/25 1015/70/25
f 966/67/26 968/71/26 1016/72/26 1014/68/26
f 969/73/25 967/69/25 1015/70/25 1017/74/25
f 968/71/26 970/75/26 1018/76/26 1016/72/26
f 971/77/25 969/73/25 1017/74/25 1019/78/25
f 970/75/26 972/79/26 1020/80/26 1018/76/26
f 973/81/25 971/77/25 1019/78/25 1021/82/25
f 972/79/26 974/83/26 1022/84/26 1020/80/26
f 975/85/25 973/81/25 1021/82/25 1023/86/25
f 974/83/26 976/87/26 1024/88/26 1022/84/26
f 977/89/25 975/85/25 1023/86/25 1025/90/25
f 976/87/26 978/91/26 1026/92/26 1024/88/26
f 979/93/25 977/89/25 1025/90/25 1027/94/25
f 978/91/26 980/95/26 1028/96/26 1026/92/26
f 981/97/25 979/93/25 1027/94/25 1029/98/25
f 980/95/26 982/99/26 1030/100/26 1028/96/26
f 983/101/25 981/97/25 1029/98/25 1031/102/25
f 982/99/26 984/103/26 1032/104/26 1030/100/26
f 985/105/25 983/101/25 1031/102/25 1033/106/25
f 984/103/26 986/107/26 1034/108/26 1032/104/26
f 987/109/25 985/105/25 1033/106/25 1035/110/25
f 986/107/26 988/111/26 1036/112/26 1034/108/26
f 989/113/25 987/109/25 1035/110/25 1037/114/25
f 988/111/26 990/115/26 1038/116/26 1036/112/26
f 991/117/25 989/113/25 1037/114/25 1039/118/25
f 990/115/26 992/119/26 1040/120/26 1038/116/26
f 993/121/25 991/117/25 1039/118/25 1041/122/25
f 992/119/26 994/123/26 1042/124/26 1040/120/26
f 995/125/25 993/121/25 1041/122/25 1043/126/25
f 994/123/26 996/127/26 1044/128/26 1042/124/26
f 997/129/25 995/125/25 1043/126/25 1045/130/25
f 996/127/26 998/131/26 1046/132/26 1044/128/26
f 999/133/25 997/129/25 1045/130/25 1047/134/25
f 998/131/26 1000/135/26 1048/136/26 1046/132/26
f 1001/137/25 999/133/25 1047/134/25 1049/138/25
f 1000/135/26 1002/139/26 1050/140/26 1048/136/26
f 1003/141/25 1001/137/25 1049/138/25 1051/142/25
f 1002/139/26 1004/143/26 1052/144/26 1050/140/26
f 1005/145/25 1003/141/25 1051/142/25 1053/146/25
f 1004/143/26 1006/147/26 1054/148/26 1052/144/26
f 1007/149/25 1005/145/25 1053/146/25 1055/150/25
f 1006/147/26 1008/151/26 1056/152/26 1054/148/26
f 961/58/25 1007/149/25 1055/150/25 1009/59/25
f 1008/151/26 962/61/26 1012/64/26 1056/152/26
f 1006/50/11 1004/153/10 1003/154/10 1005/51/11
f 1004/153/10 1002/155/9 1001/156/9 1003/154/10
f 1002/155/9 1000/157/8 999/158/8 1001/156/9
f 1000/157/8 998/159/7 997/160/7 999/158/8
f 998/159/7 996/161/6 995/162/6 997/160/7
f 996/161/6 994/163/5 993/164/5 995/162/6
f 994/163/5 992/165/4 991/166/4 993/164/5
f 992/165/4 990/167/3 989/168/3 991/166/4
f 990/167/3 988/169/2 987/170/2 989/168/3
f 988/169/2 986/171/1 985/172/1 987/170/2
f 986/171/1 984/173/24 983/174/24 985/172/1
f 984/173/24 982/175/23 981/176/23 983/174/24
f 982/175/23 980/177/22 979/178/22 981/176/23
f 980/177/22 978/179/21 977/180/21 979/178/22
f 978/179/21 976/181/20 975/182/20 977/180/21
f 976/181/20 974/183/19 973/184/19 975/182/20
f 974/183/19 972/185/18 971/186/18 973/184/19
f 972/185/18 970/187/17 969/188/17 971/186/18
f 970/187/17 968/189/16 967/190/16 969/188/17
f 968/189/16 966/191/15 965/192/15 967/190/16
f 966/193/15 964/194/14 963/195/14 965/196/15
f 964/194/14 962/55/13 961/56/13 963/195/14
f 1105/1/1 1108/2/1 1107/3/2 1106/4/2
f 1106/4/2 1107/3/2 1110/5/3 1109/6/3
f 1109/6/3 1110/5/3 1112/7/4 1111/8/4
f 1111/8/4 1112/7/4 1114/9/5 1113/10/5
f 1113/10/5 1114/9/5 1116/11/6 1115/12/6
f 1115/12/6 1116/11/6 1118/13/7 1117/14/7
f 1117/14/7 1118/13/7 1120/15/8 1119/16/8
f 1119/16/8 1120/15/8 1122/17/9 1121/18/9
f 1121/18/9 1122/17/9 1124/19/10 1123/20/10
f 1123/20/10 1124/19/10 1126/21/11 1125/22/11
f 1125/22/11 1126/21/11 1128/23/12 1127/24/12
f 1127/24/12 1128/23/12 1130/25/13 1129/26/13
f 1129/26/13 1130/25/13 1132/27/14 1131/28/14
f 1131/29/14 1132/30/14 1134/31/15 1133/32/15
f 1133/32/15 1134/31/15 1136/33/16 1135/34/16
f 1135/34/16 1136/33/16 1138/35/17 1137/36/17
f 1137/36/17 1138/35/17 1140/37/18 1139/38/18
f 1139/38/18 1140/37/18 1142/39/19 1141/40/19
f 1141/40/19 1142/39/19 1144/41/20 1143/42/20
f 1143/42/20 1144/41/20 1146/43/21 1145/44/21
f 1145/44/21 1146/43/21 1148/45/22 1147/46/22
f 1147/46/22 1148/45/22 1150/47/23 1149/48/23
f 1104/49/12 1102/50/11 1101/51/11 1103/52/12
f 1149/48/23 1150/47/23 1152/53/24 1151/54/24
f 1151/54/24 1152/53/24 1108/2/1 1105/1/1
f 1058/55/13 1104/49/12 1103/52/12 1057/56/13
f 1059/57/25 1057/58/25 1105/59/25 1106/60/25
f 1058/61/26 1060/62/26 1107/63/26 1108/64/26
f 1061/65/25 1059/57/25 1106/60/25 1109/66/25
f 1060/62/26 1062/67/26 1110/68/26 1107/63/26
f 1063/69/25 1061/65/25 1109/66/25 1111/70/25
f 1062/67/26 1064/71/26 1112/72/26 1110/68/26
f 1065/73/25 1063/69/25 1111/70/25 1113/74/25
f 1064/71/26 1066/75/26 1114/76/26 1112/72/26
f 1067/77/25 1065/73/25 1113/74/25 1115/78/25
f 1066/75/26 1068/79/26 1116/80/26 1114/76/26
f 1069/81/25 1067/77/25 1115/78/25 1117/82/25
f 1068/79/26 1070/83/26 1118/84/26 1116/80/26
f 1071/85/25 1069/81/25 1117/82/25 1119/86/25
f 1070/83/26 1072/87/26 1120/88/26 1118/84/26
f 1073/89/25 1071/85/25 1119/86/25 1121/90/25
f 1072/87/26 1074/91/26 1122/92/26 1120/88/26
f 1075/93/25 1073/89/25 1121/90/25 1123/94/25
f 1074/91/26 1076/95/26 1124/96/26 1122/92/26
f 1077/97/25 1075/93/25 1123/94/25 1125/98/25
f 1076/95/26 1078/99/26 1126/100/26 1124/96/26
f 1079/101/25 1077/97/25 1125/98/25 1127/102/25
f 1078/99/26 1080/103/26 1128/104/26 1126/100/26
f 1081/105/25 1079/101/25 1127/102/25 1129/106/25
f 1080/103/26 1082/107/26 1130/108/26 1128/104/26
f 1083/109/25 1081/105/25 1129/106/25 1131/110/25
f 1082/107/26 1084/111/26 1132/112/26 1130/108/26
f 1085/113/25 1083/109/25 1131/110/25 1133/114/25
f 1084/111/26 1086/115/26 1134/116/26 1132/112/26
f 1087/117/25 1085/113/25 1133/114/25 1135/118/25
f 1086/115/26 1088/119/26 1136/120/26 1134/116/26
f 1089/121/25 1087/117/25 1135/118/25 1137/122/25
f 1088/119/26 1090/123/26 1138/124/26 1136/120/26
f 1091/125/25 1089/121/25 1137/122/25 1139/126/25
f 1090/123/26 1092/127/26 1140/128/26 1138/124/26
f 1093/129/25 1091/125/25 1139/126/25 1141/130/25
f 1092/127/26 1094/131/26 1142/132/26 1140/128/26
f 1095/133/25 1093/129/25 1141/130/25 1143/134/25
f 1094/131/26 1096/135/26 1144/136/26 1142/132/26
f 1097/137/25 1095/133/25 1143/134/25 1145/138/25
f 1096/135/26 1098/139/26 1146/140/26 1144/136/26
f 1099/141/25 1097/137/25 1145/138/25 1147/142/25
f 1098/139/26 1100/143/26 1148/144/26 1146/140/26
f 1101/145/25 1099/141/25 1147/142/25 1149/146/25
f 1100/143/26 1102/147/26 1150/148/26 1148/144/26
f 1103/149/25 1101/145/25 1149/146/25 1151/150/25
f 1102/147/26 1104/151/26 1152/152/26 1150/148/26
f 1057/58/25 1103/149/25 1151/150/25 1105/59/25
f 1104/151/26 1058/61/26 1108/64/26 1152/152/26
f 1102/50/11 1100/153/10 1099/154/10 1101/51/11
f 1100/153/10 1098/155/9 1097/156/9 1099/154/10
f 1098/155/9 1096/157/8 1095/158/8 1097/156/9
f 1096/157/8 1094/159/7 1093/160/7 1095/158/8
f 1094/159/7 1092/161/6 1091/162/6 1093/160/7
f 1092/161/6 1090/163/5 1089/164/5 1091/162/6
f 1090/163/5 1088/165/4 1087/166/4 1089/164/5
f 1088/165/4 1086/167/3 1085/168/3 1087/166/4
f 1086/167/3 1084/169/2 1083/170/2 1085/168/3
f 1084/169/2 1082/171/1 1081/172/1 1083/170/2
f 1082/171/1 1080/173/24 1079/174/24 1081/172/1
f 1080/173/24 1078/175/23 1077/176/23 1079/174/24
f 1078/175/23 1076/177/22 1075/178/22 1077/176/23
f 1076/177/22 1074/179/21 1073/180/21 1075/178/22
f 1074/179/21 1072/181/20 1071/182/20 1073/180/21
f 1072/181/20 1070/183/19 1069/184/19 1071/182/20
f 1070/183/19 1068/185/18 1067/186/18 1069/184/19
f 1068/185/18 1066/187/17 1065/188/17 1067/186/18
f 1066/187/17 1064/189/16 1063/190/16 1065/188/17
f 1064/189/16 1062/191/15 1061/192/15 1063/190/16
f 1062/193/15 1060/194/14 1059/195/14 1061/196/15
f 1060/194/14 1058/55/13 1057/56/13 1059/195/14
f 1201/1/1 1204/2/1 1203/3/2 1202/4/2
f 1202/4/2 1203/3/2 1206/5/3 1205/6/3
f 1205/6/3 1206/5/3 1208/7/4 1207/8/4
f 1207/8/4 1208/7/4 1210/9/5 1209/10/5
f 1209/10/5 1210/9/5 1212/11/6 1211/12/6
f 1211/12/6 1212/11/6 1214/13/7 1213/14/7
f 1213/14/7 1214/13/7 1216/15/8 1215/16/8
f 1215/16/8 1216/15/8 1218/17/9 1217/18/9
f 1217/18/9 1218/17/9 1220/19/10 1219/20/10
f 1219/20/10 1220/19/10 1222/21/11 1221/22/11
f 1221/22/11 1222/21/11 1224/23/12 1223/24/12
f 1223/24/12 1224/23/12 1226/25/13 1225/26/13
f 1225/26/13 1226/25/13 1228/27/14 1227/28/14
f 1227/29/14 1228/30/14 1230/31/15 1229/32/15
f 1229/32/15 1230/31/15 1232/33/16 1231/34/16
f 1231/34/16 1232/33/16 1234/35/17 1233/36/17
f 1233/36/17 1234/35/17 1236/37/18 1235/38/18
f 1235/38/18 1236/37/18 1238/39/19 1237/40/19
f 1237/40/19 1238/39/19 1240/41/20 1239/42/20
f 1239/42/20 1240/41/20 1242/43/21 1241/44/21
f 1241/44/21 1242/43/21 1244/45/22 1243/46/22
f 1243/46/22 1244/45/22 1246/47/23 1245/48/23
f 1200/49/12 1198/50/11 1197/51/11 1199/52/12
f 1245/48/23 1246/47/23 1248/53/24 1247/54/24
f 1247/54/24 1248/53/24 1204/2/1 1201/1/1
f 1154/55/13 1200/49/12 1199/52/12 1153/56/13
f 1155/57/25 1153/58/25 1201/59/25 1202/60/25
f 1154/61/26 1156/62/26 1203/63/26 1204/64/26
f 1157/65/25 1155/57/25 1202/60/25 1205/66/25
f 1156/62/26 1158/67/26 1206/68/26 1203/63/26
f 1159/69/25 1157/65/25 1205/66/25 1207/70/25
f 1158/67/26 1160/71/26 1208/72/26 1206/68/26
f 1161/73/25 1159/69/25 1207/70/25 1209/74/25
f 1160/71/26 1162/75/26 1210/76/26 1208/72/26
f 1163/77/25 1161/73/25 1209/74/25 1211/78/25
f 1162/75/26 1164/79/26 1212/80/26 1210/76/26
f 1165/81/25 1163/77/25 1211/78/25 1213/82/25
f 1164/79/26 1166/83/26 1214/84/26 1212/80/26
f 1167/85/25 1165/81/25 1213/82/25 1215/86/25
f 1166/83/26 1168/87/26 1216/88/26 1214/84/26
f 1169/89/25 1167/85/25 1215/86/25 1217/90/25
f 1168/87/26 1170/91/26 1218/92/26 1216/88/26
f 1171/93/25 1169/89/25 1217/90/25 1219/94/25
f 1170/91/26 1172/95/26 1220/96/26 1218/92/26
f 1173/97/25 1171/93/25 1219/94/25 1221/98/25
f 1172/95/26 1174/99/26 1222/100/26 1220/96/26
f 1175/101/25 1173/97/25 1221/98/25 1223/102/25
f 1174/99/26 1176/103/26 1224/104/26 1222/100/26
f 1177/105/25 1175/101/25 1223/102/25 1225/106/25
f 1176/103/26 1178/107/26 1226/108/26 1224/104/26
f 1179/109/25 1177/105/25 1225/106/25 1227/110/25
f 1178/107/26 1180/111/26 1228/112/26 1226/108/26
f 1181/113/25 1179/109/25 1227/110/25 1229/114/25
f 1180/111/26 1182/115/26 1230/116/26 1228/112/26
f 1183/117/25 1181/113/25 1229/114/25 1231/118/25
f 1182/115/26 1184/119/26 1232/120/26 1230/116/26
f 1185/121/25 1183/117/25 1231/118/25 1233/122/25
f 1184/119/26 1186/123/26 1234/124/26 1232/120/26
f 1187/125/25 1185/121/25 1233/122/25 1235/126/25
f 1186/123/26 1188/127/26 1236/128/26 1234/124/26
f 1189/129/25 1187/125/25 1235/126/25 1237/130/25
f 1188/127/26 1190/131/26 1238/132/26 1236/128/26
f 1191/133/25 1189/129/25 1237/130/25 1239/134/25
f 1190/131/26 1192/135/26 1240/136/26 1238/132/26
f 1193/137/25 1191/133/25 1239/134/25 1241/138/25
f 1192/135/26 1194/139/26 1242/140/26 1240/136/26
f 1195/141/25 1193/137/25 1241/138/25 1243/142/25
f 1194/139/26 1196/143/26 1244/144/26 1242/140/26
f 1197/145/25 1195/141/25 1243/142/25 1245/146/25
f 1196/143/26 1198/147/26 1246/148/26 1244/144/26
f 1199/149/25 1197/145/25 1245/146/25 1247/150/25
f 1198/147/26 1200/151/26 1248/152/26 1246/148/26
f 1153/58/25 1199/149/25 1247/150/25 1201/59/25
f 1200/151/26 1154/61/26 1204/64/26 1248/152/26
f 1198/50/11 1196/153/10 1195/154/10 1197/51/11
f 1196/153/10 1194/155/9 1193/156/9 1195/154/10
f 1194/155/9 1192/157/8 1191/158/8 1193/156/9
f 1192/157/8 1190/159/7 1189/160/7 1191/158/8
f 1190/159/7 1188/161/6 1187/162/6 1189/160/7
f 1188/161/6 1186/163/5 1185/164/5 1187/162/6
f 1186/163/5 1184/165/4 1183/166/4 1185/164/5
f 1184/165/4 1182/167/3 1181/168/3 1183/166/4
f 1182/167/3 1180/169/2 1179/170/2 1181/168/3
f 1180/169/2 1178/171/1 1177/172/1 1179/170/2
f 1178/171/1 1176/173/24 1175/174/24 1177/172/1
f 1176/173/24 1174/175/23 1173/176/23 1175/174/24
f 1174/175/23 1172/177/22 1171/178/22 1173/176/23
f 1172/177/22 1170/179/21 1169/180/21 1171/178/22
f 1170/179/21 1168/181/20 1167/182/20 1169/180/21
f 1168/181/20 1166/183/19 1165/184/19 1167/182/20
f 1166/183/19 1164/185/18 1163/186/18 1165/184/19
f 1164/185/18 1162/187/17 1161/188/17 1163/186/18
f 1162/187/17 1160/189/16 1159/190/16 1161/188/17
f 1160/189/16 1158/191/15 1157/192/15 1159/190/16
f 1158/193/15 1156/194/14 1155/195/14 1157/196/15
f 1156/194/14 1154/55/13 1153/56/13 1155/195/14
f 1297/1/1 1300/2/1 1299/3/2 1298/4/2
f 1298/4/2 1299/3/2 1302/5/3 1301/6/3
f 1301/6/3 1302/5/3 1304/7/4 1303/8/4
f 1303/8/4 1304/7/4 1306/9/5 1305/10/5
f 1305/10/5 1306/9/5 1308/11/6 1307/12/6
f 1307/12/6 1308/11/6 1310/13/7 1309/14/7
f 1309/14/7 1310/13/7 1312/15/8 1311/16/8
f 1311/16/8 1312/15/8 1314/17/9 1313/18/9
f 1313/18/9 1314/17/9 1316/19/10 1315/20/10
f 1315/20/10 1316/19/10 1318/21/11 1317/22/11
f 1317/22/11 1318/21/11 1320/23/12 1319/24/12
f 1319/24/12 1320/23/12 1322/25/13 1321/26/13
f 1321/26/13 1322/25/13 1324/27/14 1323/28/14
f 1323/29/14 1324/30/14 1326/31/15 1325/32/15
f 1325/32/15 1326/31/15 1328/33/16 1327/34/16
f 1327/34/16 1328/33/16 1330/35/17 1329/36/17
f 1329/36/17 1330/35/17 1332/37/18 1331/38/18
f 1331/38/18 1332/37/18 1334/39/19 1333/40/19
f 1333/40/19 1334/39/19 1336/41/20 1335/42/20
f 1335/42/20 1336/41/20 1338/43/21 1337/44/21
f 1337/44/21 1338/43/21 1340/45/22 1339/46/22
f 1339/46/22 1340/45/22 1342/47/23 1341/48/23
f 1296/49/12 1294/50/11 1293/51/11 1295/52/12
f 1341/48/23 1342/47/23 1344/53/24 1343/54/24
f 1343/54/24 1344/53/24 1300/2/1 1297/1/1
f 1250/55/13 1296/49/12 1295/52/12 1249/56/13
f 1251/57/25 1249/58/25 1297/59/25 1298/60/25
f 1250/61/26 1252/62/26 1299/63/26 1300/64/26
f 1253/65/25 1251/57/25 1298/60/25 1301/66/25
f 1252/62/26 1254/67/26 1302/68/26 1299/63/26
f 1255/69/25 1253/65/25 1301/66/25 1303/70/25
f 1254/67/26 1256/71/26 1304/72/26 1302/68/26
f 1257/73/25 1255/69/25 1303/70/25 1305/74/25
f 1256/71/26 1258/75/26 1306/76/26 1304/72/26
f 1259/77/25 1257/73/25 1305/74/25 1307/78/25
f 1258/75/26 1260/79/26 1308/80/26 1306/76/26
f 1261/81/25 1259/77/25 1307/78/25 1309/82/25
f 1260/79/26 1262/83/26 1310/84/26 1308/80/26
f 1263/85/25 1261/81/25 1309/82/25 1311/86/25
f 1262/83/26 1264/87/26 1312/88/26 1310/84/26
f 1265/89/25 1263/85/25 1311/86/25 1313/90/25
f 1264/87/26 1266/91/26 1314/92/26 1312/88/26
f 1267/93/25 1265/89/25 1313/90/25 1315/94/25
f 1266/91/26 1268/95/26 1316/96/26 1314/92/26
f 1269/97/25 1267/93/25 1315/94/25 1317/98/25
f 1268/95/26 1270/99/26 1318/100/26 1316/96/26
f 1271/101/25 1269/97/25 1317/98/25 1319/102/25
f 1270/99/26 1272/103/26 1320/104/26 1318/100/26
f 1273/105/25 1271/101/25 1319/102/25 1321/106/25
f 1272/103/26 1274/107/26 1322/108/26 1320/104/26
f 1275/109/25 1273/105/25 1321/106/25 1323/110/25
f 1274/107/26 1276/111/26 1324/112/26 1322/108/26
f 1277/113/25 1275/109/25 1323/110/25 1325/114/25
f 1276/111/26 1278/115/26 1326/116/26 1324/112/26
f 1279/117/25 1277/113/25 1325/114/25 1327/118/25
f 1278/115/26 1280/119/26 1328/120/26 1326/116/26
f 1281/121/25 1279/117/25 1327/118/25 1329/122/25
f 1280/119/26 1282/123/26 1330/124/26 1328/120/26
f 1283/125/25 1281/121/25 1329/122/25 1331/126/25
f 1282/123/26 1284/127/26 1332/128/26 1330/124/26
f 1285/129/25 1283/125/25 1331/126/25 1333/130/25
f 1284/127/26 1286/131/26 1334/132/26 1332/128/26
f 1287/133/25 1285/129/25 1333/130/25 1335/134/25
f 1286/131/26 1288/135/26 1336/136/26 1334/132/26
f 1289/137/25 1287/133/25 1335/134/25 1337/138/25
f 1288/135/26 1290/139/26 1338/140/26 1336/136/26
f 1291/141/25 1289/137/25 1337/138/25 1339/142/25
f 1290/139/26 1292/143/26 1340/144/26 1338/140/26
f 1293/145/25 1291/141/25 1339/142/25 1341/146/25
f 1292/143/26 1294/147/26 1342/148/26 1340/144/26
f 1295/149/25 1293/145/25 1341/146/25 1343/150/25
f 1294/147/26 1296/151/26 1344/152/26 1342/148/26
f 1249/58/25 1295/149/25 1343/150/25 1297/59/25
f 1296/151/26 1250/61/26 1300/64/26 1344/152/26
f 1294/50/11 1292/153/10 1291/154/10 1293/51/11
f 1292/153/10 1290/155/9 1289/156/9 1291/154/10
f 1290/155/9 1288/157/8 1287/158/8 1289/156/9
f 1288/157/8 1286/159/7 1285/160/7 1287/158/8
f 1286/159/7 1284/161/6 1283/162/6 1285/160/7
f 1284/161/6 1282/163/5 1281/164/5 1283/162/6
f 1282/163/5 1280/165/4 1279/166/4 1281/164/5
f 1280/165/4 1278/167/3 1277/168/3 1279/166/4
f 1278/167/3 1276/169/2 1275/170/2 1277/168/3
f 1276/169/2 1274/171/1 1273/172/1 1275/170/2
f 1274/171/1 1272/173/24 1271/174/24 1273/172/1
f 1272/173/24 1270/175/23 1269/176/23 1271/174/24
f 1270/175/23 1268/177/22 1267/178/22 1269/176/23
f 1268/177/22 1266/179/21 1265/180/21 1267/178/22
f 1266/179/21 1264/181/20 1263/182/20 1265/180/21
f 1264/181/20 1262/183/19 1261/184/19 1263/182/20
f 1262/183/19 1260/185/18 1259/186/18 1261/184/19
f 1260/185/18 1258/187/17 1257/188/17 1259/186/18
f 1258/187/17 1256/189/16 1255/190/16 1257/188/17
f 1256/189/16 1254/191/15 1253/192/15 1255/190/16
f 1254/193/15 1252/194/14 1251/195/14 1253/196/15
f 1252/194/14 1250/55/13 1249/56/13 1251/195/14
f 1393/1/1 1396/2/1 1395/3/2 1394/4/2
f 1394/4/2 1395/3/2 1398/5/3 1397/6/3
f 1397/6/3 1398/5/3 1400/7/4 1399/8/4
f 1399/8/4 1400/7/4 1402/9/5 1401/10/5
f 1401/10/5 1402/9/5 1404/11/6 1403/12/6
f 1403/12/6 1404/11/6 1406/13/7 1405/14/7
f 1405/14/7 1406/13/7 1408/15/8 1407/16/8
f 1407/16/8 1408/15/8 1410/17/9 1409/18/9
f 1409/18/9 1410/17/9 1412/19/10 1411/20/10
f 1411/20/10 1412/19/10 1414/21/11 1413/22/11
f 1413/22/11 1414/21/11 1416/23/12 1415/24/12
f 1415/24/12 1416/23/12 1418/25/13 1417/26/13
f 1417/26/13 1418/25/13 1420/27/14 1419/28/14
f 1419/29/14 1420/30/14 1422/31/15 1421/32/15
f 1421/32/15 1422/31/15 1424/33/16 1423/34/16
f 1423/34/16 1424/33/16 1426/35/17 1425/36/17
f 1425/36/17 1426/35/17 1428/37/18 1427/38/18
f 1427/38/18 1428/37/18 1430/39/19 1429/40/19
f 1429/40/19 1430/39/19 1432/41/20 1431/42/20
f 1431/42/20 1432/41/20 1434/43/21 1433/44/21
f 1433/44/21 1434/43/21 1436/45/22 1435/46/22
f 1435/46/22 1436/45/22 1438/47/23 1437/48/23
f 1392/49/12 1390/50/11 1389/51/11 1391/52/12
f 1437/48/23 1438/47/23 1440/53/24 1439/54/24
f 1439/54/24 1440/53/24 1396/2/1 1393/1/1
f 1346/55/13 1392/49/12 1391/52/12 1345/56/13
f 1347/57/25 1345/58/25 1393/59/25 1394/60/25
f 1346/61/26 1348/62/26 1395/63/26 1396/64/26
f 1349/65/25 1347/57/25 1394/60/25 1397/66/25
f 1348/62/26 1350/67/26 1398/68/26 1395/63/26
f 1351/69/25 1349/65/25 1397/66/25 1399/70/25
f 1350/67/26 1352/71/26 1400/72/26 1398/68/26
f 1353/73/25 1351/69/25 1399/70/25 1401/74/25
f 1352/71/26 1354/75/26 1402/76/26 1400/72/26
f 1355/77/25 1353/73/25 1401/74/25 1403/78/25
f 1354/75/26 1356/79/26 1404/80/26 1402/76/26
f 1357/81/25 1355/77/25 1403/78/25 1405/82/25
f 1356/79/26 1358/83/26 1406/84/26 1404/80/26
f 1359/85/25 1357/81/25 1405/82/25 1407/86/25
f 1358/83/26 1360/87/26 1408/88/26 1406/84/26
f 1361/89/25 1359/85/25 1407/86/25 1409/90/25
f 1360/87/26 1362/91/26 1410/92/26 1408/88/26
f 1363/93/25 1361/89/25 1409/90/25 1411/94/25
f 1362/91/26 1364/95/26 1412/96/26 1410/92/26
f 1365/97/25 1363/93/25 1411/94/25 1413/98/25
f 1364/95/26 1366/99/26 1414/100/26 1412/96/26
f 1367/101/25 1365/97/25 1413/98/25 1415/102/25
f 1366/99/26 1368/103/26 1416/104/26 1414/100/26
f 1369/105/25 1367/101/25 1415/102/25 1417/106/25
f 1368/103/26 1370/107/26 1418/108/26 1416/104/26
f 1371/109/25 1369/105/25 1417/106/25 1419/110/25
f 1370/107/26 1372/111/26 1420/112/26 1418/108/26
f 1373/113/25 1371/109/25 1419/110/25 1421/114/25
f 1372/111/26 1374/115/26 1422/116/26 1420/112/26
f 1375/117/25 1373/113/25 1421/114/25 1423/118/25
f 1374/115/26 1376/119/26 1424/120/26 1422/116/26
f 1377/121/25 1375/117/25 1423/118/25 1425/122/25
f 1376/119/26 1378/123/26 1426/124/26 1424/120/26
f 1379/125/25 1377/121/25 1425/122/25 1427/126/25
f 1378/123/26 1380/127/26 1428/128/26 1426/124/26
f 1381/129/25 1379/125/25 1427/126/25 1429/130/25
f 1380/127/26 1382/131/26 1430/132/26 1428/128/26
f 1383/133/25 1381/129/25 1429/130/25 1431/134/25
f 1382/131/26 1384/135/26 1432/136/26 1430/132/26
f 1385/137/25 1383/133/25 1431/134/25 1433/138/25
f 1384/135/26 1386/139/26 1434/140/26 1432/136/26
f 1387/141/25 1385/137/25 1433/138/25 1435/142/25
f 1386/139/26 1388/143/26 1436/144/26 1434/140/26
f 1389/145/25 1387/141/25 1435/142/25 1437/146/25
f 1388/143/26 1390/147/26 1438/148/26 1436/144/26
f 1391/149/25 1389/145/25 1437/146/25 1439/150/25
f 1390/147/26 1392/151/26 1440/152/26 1438/148/26
f 1345/58/25 1391/149/25 1439/150/25 1393/59/25
f 1392/151/26 1346/61/26 1396/64/26 1440/152/26
f 1390/50/11 1388/153/10 1387/154/10 1389/51/11
f 1388/153/10 1386/155/9 1385/156/9 1387/154/10
f 1386/155/9 1384/157/8 1383/158/8 1385/156/9
f 1384/157/8 1382/159/7 1381/160/7 1383/158/8
f 1382/159/7 1380/161/6 1379/162/6 1381/160/7
f 1380/161/6 1378/163/5 1377/164/5 1379/162/6
f 1378/163/5 1376/165/4 1375/166/4 1377/164/5
f 1376/165/4 1374/167/3 1373/168/3 1375/166/4
f 1374/167/3 1372/169/2 1371/170/2 1373/168/3
f 1372/169/2 1370/171/1 1369/172/1 1371/170/2
f 1370/171/1 1368/173/24 1367/174/24 1369/172/1
f 1368/173/24 1366/175/23 1365/176/23 1367/174/24
f 1366/175/23 1364/177/22 1363/178/22 1365/176/23
f 1364/177/22 1362/179/21 1361/180/21 1363/178/22
f 1362/179/21 1360/181/20 1359/182/20 1361/180/21
f 1360/181/20 1358/183/19 1357/184/19 1359/182/20
f 1358/183/19 1356/185/18 1355/186/18 1357/184/19
f 1356/185/18 1354/187/17 1353/188/17 1355/186/18
f 1354/187/17 1352/189/16 1351/190/16 1353/188/17
f 1352/189/16 1350/191/15 1349/192/15 1351/190/16
f 1350/193/15 1348/194/14 1347/195/14 1349/196/15
f 1348/194/14 1346/55/13 1345/56/13 1347/195/14
f 1489/1/1 1492/2/1 1491/3/2 1490/4/2
f 1490/4/2 1491/3/2 1494/5/3 1493/6/3
f 1493/6/3 1494/5/3 1496/7/4 1495/8/4
f 1495/8/4 1496/7/4 1498/9/5 1497/10/5
f 1497/10/5 1498/9/5 1500/11/6 1499/12/6
f 1499/12/6 1500/11/6 1502/13/7 1501/14/7
f 1501/14/7 1502/13/7 1504/15/8 1503/16/8
f 1503/16/8 1504/15/8 1506/17/9 1505/18/9
f 1505/18/9 1506/17/9 1508/19/10 1507/20/10
f 1507/20/10 1508/19/10 1510/21/11 1509/22/11
f 1509/22/11 1510/21/11 1512/23/12 1511/24/12
f 1511/24/12 1512/23/12 1514/25/13 1513/26/13
f 1513/26/13 1514/25/13 1516/27/14 1515/28/14
f 1515/29/14 1516/30/14 1518/31/15 1517/32/15
f 1517/32/15 1518/31/15 1520/33/16 1519/34/16
f 1519/34/16 1520/33/16 1522/35/17 1521/36/17
f 1521/36/17 1522/35/17 1524/37/18 1523/38/18
f 1523/38/18 1524/37/18 1526/39/19 1525/40/19
f 1525/40/19 1526/39/19 1528/41/20 1527/42/20
f 1527/42/20 1528/41/20 1530/43/21 1529/44/21
f 1529/44/21 1530/43/21 1532/45/22 1531/46/22
f 1531/46/22 1532/45/22 1534/47/23 1533/48/23
f 1488/49/12 1486/50/11 1485/51/11 1487/52/12
f 1533/48/23 1534/47/23 1536/53/24 1535/54/24
f 1535/54/24 1536/53/24 1492/2/1 1489/1/1
f 1442/55/13 1488/49/12 1487/52/12 1441/56/13
f 1443/57/25 1441/58/25 1489/59/25 1490/60/25
f 1442/61/26 1444/62/26 1491/63/26 1492/64/26
f 1445/65/25 1443/57/25 1490/60/25 1493/66/25
f 1444/62/26 1446/67/26 1494/68/26 1491/63/26
f 1447/69/25 1445/65/25 1493/66/25 1495/70/25
f 1446/67/26 1448/71/26 1496/72/26 1494/68/26
f 1449/73/25 1447/69/25 1495/70/25 1497/74/25
f 1448/71/26 1450/75/26 1498/76/26 1496/72/26
f 1451/77/25 1449/73/25 1497/74/25 1499/78/25
f 1450/75/26 1452/79/26 1500/80/26 1498/76/26
f 1453/81/25 1451/77/25 1499/78/25 1501/82/25
f 1452/79/26 1454/83/26 1502/84/26 1500/80/26
f 1455/85/25 1453/81/25 1501/82/25 1503/86/25
f 1454/83/26 1456/87/26 1504/88/26 1502/84/26
f 1457/89/25 1455/85/25 1503/86/25 1505/90/25
f 1456/87/26 1458/91/26 1506/92/26 1504/88/26
f 1459/93/25 1457/89/25 1505/90/25 1507/94/25
f 1458/91/26 1460/95/26 1508/96/26 1506/92/26
f 1461/97/25 1459/93/25 1507/94/25 1509/98/25
f 1460/95/26 1462/99/26 1510/100/26 1508/96/26
f 1463/101/25 1461/97/25 1509/98/25 1511/102/25
f 1462/99/26 1464/103/26 1512/104/26 1510/100/26
f 1465/105/25 1463/101/25 1511/102/25 1513/106/25
f 1464/103/26 1466/107/26 1514/108/26 1512/104/26
f 1467/109/25 1465/105/25 1513/106/25 1515/110/25
f 1466/107/26 1468/111/26 1516/112/26 1514/108/26
f 1469/113/25 1467/109/25 1515/110/25 1517/114/25
f 1468/111/26 1470/115/26 1518/116/26 1516/112/26
f 1471/117/25 1469/113/25 1517/114/25 1519/118/25
f 1470/115/26 1472/119/26 1520/120/26 1518/116/26
f 1473/121/25 1471/117/25 1519/118/25 1521/122/25
f 1472/119/26 1474/123/26 1522/124/26 1520/120/26
f 1475/125/25 1473/121/25 1521/122/25 1523/126/25
f 1474/123/26 1476/127/26 1524/128/26 1522/124/26
f 1477/129/25 1475/125/25 1523/126/25 1525/130/25
f 1476/127/26 1478/131/26 1526/132/26 1524/128/26
f 1479/133/25 1477/129/25 1525/130/25 1527/134/25
f 1478/131/26 1480/135/26 1528/136/26 1526/132/26
f 1481/137/25 1479/133/25 1527/134/25 1529/138/25
f 1480/135/26 1482/139/26 1530/140/26 1528/136/26
f 1483/141/25 1481/137/25 1529/138/25 1531/142/25
f 1482/139/26 1484/143/26 1532/144/26 1530/140/26
f 1485/145/25 1483/141/25 1531/142/25 1533/146/25
f 1484/143/26 1486/147/26 1534/148/26 1532/144/26
f 1487/149/25 1485/145/25 1533/146/25 1535/150/25
f 1486/147/26 1488/151/26 1536/152/26 1534/148/26
f 1441/58/25 1487/149/25 1535/150/25 1489/59/25
f 1488/151/26 1442/61/26 1492/64/26 1536/152/26
f 1486/50/11 1484/153/10 1483/154/10 1485/51/11
f 1484/153/10 1482/155/9 1481/156/9 1483/154/10
f 1482/155/9 1480/157/8 1479/158/8 1481/156/9
f 1480/157/8 1478/159/7 1477/160/7 1479/158/8
f 1478/159/7 1476/161/6 1475/162/6 1477/160/7
f 1476/161/6 1474/163/5 1473/164/5 1475/162/6
f 1474/163/5 1472/165/4 1471/166/4 1473/164/5
f 1472/165/4 1470/167/3 1469/168/3 1471/166/4
f 1470/167/3 1468/169/2 1467/170/2 1469/168/3
f 1468/169/2 1466/171/1 1465/172/1 1467/170/2
f 1466/171/1 1464/173/24 1463/174/24 1465/172/1
f 1464/173/24 1462/175/23 1461/176/23 1463/174/24
f 1462/175/23 1460/177/22 1459/178/22 1461/176/23
f 1460/177/22 1458/179/21 1457/180/21 1459/178/22
f 1458/179/21 1456/181/20 1455/182/20 1457/180/21
f 1456/181/20 1454/183/19 1453/184/19 1455/182/20
f 1454/183/19 1452/185/18 1451/186/18 1453/184/19
f 1452/185/18 1450/187/17 1449/188/17 1451/186/18
f 1450/187/17 1448/189/16 1447/190/16 1449/188/17
f 1448/189/16 1446/191/15 1445/192/15 1447/190/16
f 1446/193/15 1444/194/14 1443/195/14 1445/196/15
f 1444/194/14 1442/55/13 1441/56/13 1443/195/14
f 1585/1/1 1588/2/1 1587/3/2 1586/4/2
f 1586/4/2 1587/3/2 1590/5/3 1589/6/3
f 1589/6/3 1590/5/3 1592/7/4 1591/8/4
f 1591/8/4 1592/7/4 1594/9/5 1593/10/5
f 1593/10/5 1594/9/5 1596/11/6 1595/12/6
f 1595/12/6 1596/11/6 1598/13/7 1597/14/7
f 1597/14/7 1598/13/7 1600/15/8 1599/16/8
f 1599/16/8 1600/15/8 1602/17/9 1601/18/9
f 1601/18/9 1602/17/9 1604/19/10 1603/20/10
f 1603/20/10 1604/19/10 1606/21/11 1605/22/11
f 1605/22/11 1606/21/11 1608/23/12 1607/24/12
f 1607/24/12 1608/23/12 1610/25/13 1609/26/13
f 1609/26/13 1610/25/13 1612/27/14 1611/28/14
f 1611/29/14 1612/30/14 1614/31/15 1613/32/15
f 1613/32/15 1614/31/15 1616/33/16 1615/34/16
f 1615/34/16 1616/33/16 1618/35/17 1617/36/17
f 1617/36/17 1618/35/17 1620/37/18 1619/38/18
f 1619/38/18 1620/37/18 1622/39/19 1621/40/19
f 1621/40/19 1622/39/19 1624/41/20 1623/42/20
f 1623/42/20 1624/41/20 1626/43/21 1625/44/21
f 1625/44/21 1626/43/21 1628/45/22 1627/46/22
f 1627/46/22 1628/45/22 1630/47/23 1629/48/23
f 1584/49/12 1582/50/11 1581/51/11 1583/52/12
f 1629/48/23 1630/47/23 1632/53/24 1631/54/24
f 1631/54/24 1632/53/24 1588/2/1 1585/1/1
f 1538/55/13 1584/49/12 1583/52/12 1537/56/13
f 1539/57/25 1537/58/25 1585/59/25 1586/60/25
f 1538/61/26 1540/62/26 1587/63/26 1588/64/26
f 1541/65/25 1539/57/25 1586/60/25 1589/66/25
f 1540/62/26 1542/67/26 1590/68/26 1587/63/26
f 1543/69/25 1541/65/25 1589/66/25 1591/70/25
f 1542/67/26 1544/71/26 1592/72/26 1590/68/26
f 1545/73/25 1543/69/25 1591/70/25 1593/74/25
f 1544/71/26 1546/75/26 1594/76/26 1592/72/26
f 1547/77/25 1545/73/25 1593/74/25 1595/78/25
f 1546/75/26 1548/79/26 1596/80/26 1594/76/26
f 1549/81/25 1547/77/25 1595/78/25 1597/82/25
f 1548/79/26 1550/83/26 1598/84/26 1596/80/26
f 1551/85/25 1549/81/25 1597/82/25 1599/86/25
f 1550/83/26 1552/87/26 1600/88/26 1598/84/26
f 1553/89/25 1551/85/25 1599/86/25 1601/90/25
f 1552/87/26 1554/91/26 1602/92/26 1600/88/26
f 1555/93/25 1553/89/25 1601/90/25 1603/94/25
f 1554/91/26 1556/95/26 1604/96/26 1602/92/26
f 1557/97/25 1555/93/25 1603/94/25 1605/98/25
f 1556/95/26 1558/99/26 1606/100/26 1604/96/26
f 1559/101/25 1557/97/25 1605/98/25 1607/102/25
f 1558/99/26 1560/103/26 1608/104/26 1606/100/26
f 1561/105/25 1559/101/25 1607/102/25 1609/106/25
f 1560/103/26 1562/107/26 1610/108/26 1608/104/26
f 1563/109/25 1561/105/25 1609/106/25 1611/110/25
f 1562/107/26 1564/111/26 1612/112/26 1610/108/26
f 1565/113/25 1563/109/25 1611/110/25 1613/114/25
f 1564/111/26 1566/115/26 1614/116/26 1612/112/26
f 1567/117/25 1565/113/25 1613/114/25 1615/118/25
f 1566/115/26 1568/119/26 1616/120/26 1614/116/26
f 1569/121/25 1567/117/25 1615/118/25 1617/122/25
f 1568/119/26 1570/123/26 1618/124/26 1616/120/26
f 1571/125/25 1569/121/25 1617/122/25 1619/126/25
f 1570/123/26 1572/127/26 1620/128/26 1618/124/26
f 1573/129/25 1571/125/25 1619/126/25 1621/130/25
f 1572/127/26 1574/131/26 1622/132/26 1620/128/26
f 1575/133/25 1573/129/25 1621/130/25 1623/134/25
f 1574/131/26 1576/135/26 1624/136/26 1622/132/26
f 1577/137/25 1575/133/25 1623/134/25 1625/138/25
f 1576/135/26 1578/139/26 1626/140/26 1624/136/26
f 1579/141/25 1577/137/25 1625/138/25 1627/142/25
f 1578/139/26 1580/143/26 1628/144/26 1626/140/26
f 1581/145/25 1579/141/25 1627/142/25 1629/146/25
f 1580/143/26 1582/147/26 1630/148/26 1628/144/26
f 1583/149/25 1581/145/25 1629/146/25 1631/150/25
f 1582/147/26 1584/151/26 1632/152/26 1630/148/26
f 1537/58/25 1583/149/25 1631/150/25 1585/59/25
f 1584/151/26 1538/61/26 1588/64/26 1632/152/26
f 1582/50/11 1580/153/10 1579/154/10 1581/51/11
f 1580/153/10 1578/155/9 1577/156/9 1579/154/10
f 1578/155/9 1576/157/8 1575/158/8 1577/156/9
f 1576/157/8 1574/159/7 1573/160/7 1575/158/8
f 1574/159/7 1572/161/6 1571/162/6 1573/160/7
f 1572/161/6 1570/163/5 1569/164/5 1571/162/6
f 1570/163/5 1568/165/4 1567/166/4 1569/164/5
f 1568/165/4 1566/167/3 1565/168/3 1567/166/4
f 1566/167/3 1564/169/2 1563/170/2 1565/168/3
f 1564/169/2 1562/171/1 1561/172/1 1563/170/2
f 1562/171/1 1560/173/24 1559/174/24 1561/172/1
f 1560/173/24 1558/175/23 1557/176/23 1559/174/24
f 1558/175/23 1556/177/22 1555/178/22 1557/176/23
f 1556/177/22 1554/179/21 1553/180/21 1555/178/22
f 1554/179/21 1552/181/20 1551/182/20 1553/180/21
f 1552/181/20 1550/183/19 1549/184/19 1551/182/20
f 1550/183/19 1548/185/18 1547/186/18 1549/184/19
f 1548/185/18 1546/187/17 1545/188/17 1547/186/18
f 1546/187/17 1544/189/16 1543/190/16 1545/188/17
f 1544/189/16 1542/191/15 1541/192/15 1543/190/16
f 1542/193/15 1540/194/14 1539/195/14 1541/196/15
f 1540/194/14 1538/55/13 1537/56/13 1539/195/14
f 1681/1/1 1684/2/1 1683/3/2 1682/4/2
f 1682/4/2 1683/3/2 1686/5/3 1685/6/3
f 1685/6/3 1686/5/3 1688/7/4 1687/8/4
f 1687/8/4 1688/7/4 1690/9/5 1689/10/5
f 1689/10/5 1690/9/5 1692/11/6 1691/12/6
f 1691/12/6 1692/11/6 1694/13/7 1693/14/7
f 1693/14/7 1694/13/7 1696/15/8 1695/16/8
f 1695/16/8 1696/15/8 1698/17/9 1697/18/9
f 1697/18/9 1698/17/9 1700/19/10 1699/20/10
f 1699/20/10 1700/19/10 1702/21/11 1701/22/11
f 1701/22/11 1702/21/11 1704/23/12 1703/24/12
f 1703/24/12 1704/23/12 1706/25/13 1705/26/13
f 1705/26/13 1706/25/13 1708/27/14 1707/28/14
f 1707/29/14 1708/30/14 1710/31/15 1709/32/15
f 1709/32/15 1710/31/15 1712/33/16 1711/34/16
f 1711/34/16 1712/33/16 1714/35/17 1713/36/17
f 1713/36/17 1714/35/17 1716/37/18 1715/38/18
f 1715/38/18 1716/37/18 1718/39/19 1717/40/19
f 1717/40/19 1718/39/19 1720/41/20 1719/42/20
f 1719/42/20 1720/41/20 1722/43/21 1721/44/21
f 1721/44/21 1722/43/21 1724/45/22 1723/46/22
f 1723/46/22 1724/45/22 1726/47/23 1725/48/23
f 1680/49/12 1678/50/11 1677/51/11 1679/52/12
f 1725/48/23 1726/47/23 1728/53/24 1727/54/24
f 1727/54/24 1728/53/24 1684/2/1 1681/1/1
f 1634/55/13 1680/49/12 1679/52/12 1633/56/13
f 1635/57/25 1633/58/25 1681/59/25 1682/60/25
f 1634/61/26 1636/62/26 1683/63/26 1684/64/26
f 1637/65/25 1635/57/25 1682/60/25 1685/66/25
f 1636/62/26 1638/67/26 1686/68/26 1683/63/26
f 1639/69/25 1637/65/25 1685/66/25 1687/70/25
f 1638/67/26 1640/71/26 1688/72/26 1686/68/26
f 1641/73/25 1639/69/25 1687/70/25 1689/74/25
f 1640/71/26 1642/75/26 1690/76/26 1688/72/26
f 1643/77/25 1641/73/25 1689/74/25 1691/78/25
f 1642/75/26 1644/79/26 1692/80/26 1690/76/26
f 1645/81/25 1643/77/25 1691/78/25 1693/82/25
f 1644/79/26 1646/83/26 1694/84/26 1692/80/26
f 1647/85/25 1645/81/25 1693/82/25 1695/86/25
f 1646/83/26 1648/87/26 1696/88/26 1694/84/26
f 1649/89/25 1647/85/25 1695/86/25 1697/90/25
f 1648/87/26 1650/91/26 1698/92/26 1696/88/26
f 1651/93/25 1649/89/25 1697/90/25 1699/94/25
f 1650/91/26 1652/95/26 1700/96/26 1698/92/26
f 1653/97/25 1651/93/25 1699/94/25 1701/98/25
f 1652/95/26 1654/99/26 1702/100/26 1700/96/26
f 1655/101/25 1653/97/25 1701/98/25 1703/102/25
f 1654/99/26 1656/103/26 1704/104/26 1702/100/26
f 1657/105/25 1655/101/25 1703/102/25 1705/106/25
f 1656/103/26 1658/107/26 1706/108/26 1704/104/26
f 1659/109/25 1657/105/25 1705/106/25 1707/110/25
f 1658/107/26 1660/111/26 1708/112/26 1706/108/26
f 1661/113/25 1659/109/25 1707/110/25 1709/114/25
f 1660/111/26 1662/115/26 1710/116/26 1708/112/26
f 1663/117/25 1661/113/25 1709/114/25 1711/118/25
f 1662/115/26 1664/119/26 1712/120/26 1710/116/26
f 1665/121/25 1663/117/25 1711/118/25 1713/122/25
f 1664/119/26 1666/123/26 1714/124/26 1712/120/26
f 1667/125/25 1665/121/25 1713/122/25 1715/126/25
f 1666/123/26 1668/127/26 1716/128/26 1714/124/26
f 1669/129/25 1667/125/25 1715/126/25 1717/130/25
f 1668/127/26 1670/131/26 1718/132/26 1716/128/26
f 1671/133/25 1669/129/25 1717/130/25 1719/134/25
f 1670/131/26 1672/135/26 1720/136/26 1718/132/26
f 1673/137/25 1671/133/25 1719/134/25 1721/138/25
f 1672/135/26 1674/139/26 1722/140/26 1720/136/26
f 1675/141/25 1673/137/25 1721/138/25 1723/142/25
f 1674/139/26 1676/143/26 1724/144/26 1722/140/26
f 1677/145/25 1675/141/25 1723/142/25 1725/146/25
f 1676/143/26 1678/147/26 1726/148/26 1724/144/26
f 1679/149/25 1677/145/25 1725/146/25 1727/150/25
f 1678/147/26 1680/151/26 1728/152/26 1726/148/26
f 1633/58/25 1679/149/25 1727/150/25 1681/59/25
f 1680/151/26 1634/61/26 1684/64/26 1728/152/26
f 1678/50/11 1676/153/10 1675/154/10 1677/51/11
f 1676/153/10 1674/155/9 1673/156/9 1675/154/10
f 1674/155/9 1672/157/8 1671/158/8 1673/156/9
f 1672/157/8 1670/159/7 1669/160/7 1671/158/8
f 1670/159/7 1668/161/6 1667/162/6 1669/160/7
f 1668/161/6 1666/163/5 1665/164/5 1667/162/6
f 1666/163/5 1664/165/4 1663/166/4 1665/164/5
f 1664/165/4 1662/167/3 1661/168/3 1663/166/4
f 1662/167/3 1660/169/2 1659/170/2 1661/168/3
f 1660/169/2 1658/171/1 1657/172/1 1659/170/2
f 1658/171/1 1656/173/24 1655/174/24 1657/172/1
f 1656/173/24 1654/175/23 1653/176/23 1655/174/24
f 1654/175/23 1652/177/22 1651/178/22 1653/176/23
f 1652/177/22 1650/179/21 1649/180/21 1651/178/22
f 1650/179/21 1648/181/20 1647/182/20 1649/180/21
f 1648/181/20 1646/183/19 1645/184/19 1647/182/20
f 1646/183/19 1644/185/18 1643/186/18 1645/184/19
f 1644/185/18 1642/187/17 1641/188/17 1643/186/18
f 1642/187/17 1640/189/16 1639/190/16 1641/188/17
f 1640/189/16 1638/191/15 1637/192/15 1639/190/16
f 1638/193/15 1636/194/14 1635/195/14 1637/196/15
f 1636/194/14 1634/55/13 1633/56/13 1635/195/14
f 1777/1/1 1780/2/1 1779/3/2 1778/4/2
f 1778/4/2 1779/3/2 1782/5/3 1781/6/3
f 1781/6/3 1782/5/3 1784/7/4 1783/8/4
f 1783/8/4 1784/7/4 1786/9/5 1785/10/5
f 1785/10/5 1786/9/5 1788/11/6 1787/12/6
f 1787/12/6 1788/11/6 1790/13/7 1789/14/7
f 1789/14/7 1790/13/7 1792/15/8 1791/16/8
f 1791/16/8 1792/15/8 1794/17/9 1793/18/9
f 1793/18/9 1794/17/9 1796/19/10 1795/20/10
f 1795/20/10 1796/19/10 1798/21/11 1797/22/11
f 1797/22/11 1798/21/11 1800/23/12 1799/24/12
f 1799/24/12 1800/23/12 1802/25/13 1801/26/13
f 1801/26/13 1802/25/13 1804/27/14 1803/28/14
f 1803/29/14 1804/30/14 1806/31/15 1805/32/15
f 1805/32/15 1806/31/15 1808/33/16 1807/34/16
f 1807/34/16 1808/33/16 1810/35/17 1809/36/17
f 1809/36/17 1810/35/17 1812/37/18 1811/38/18
f 1811/38/18 1812/37/18 1814/39/19 1813/40/19
f 1813/40/19 1814/39/19 1816/41/20 1815/42/20
f 1815/42/20 1816/41/20 1818/43/21 1817/44/21
f 1817/44/21 1818/43/21 1820/45/22 1819/46/22
f 1819/46/22 1820/45/22 1822/47/23 1821/48/23
f 1776/49/12 1774/50/11 1773/51/11 1775/52/12
f 1821/48/23 1822/47/23 1824/53/24 1823/54/24
f 1823/54/24 1824/53/24 1780/2/1 1777/1/1
f 1730/55/13 1776/49/12 1775/52/12 1729/56/13
f 1731/57/25 1729/58/25 1777/59/25 1778/60/25
f 1730/61/26 1732/62/26 1779/63/26 1780/64/26
f 1733/65/25 1731/57/25 1778/60/25 1781/66/25
f 1732/62/26 1734/67/26 1782/68/26 1779/63/26
f 1735/69/25 1733/65/25 1781/66/25 1783/70/25
f 1734/67/26 1736/71/26 1784/72/26 1782/68/26
f 1737/73/25 1735/69/25 1783/70/25 1785/74/25
f 1736/71/26 1738/75/26 1786/76/26 1784/72/26
f 1739/77/25 1737/73/25 1785/74/25 1787/78/25
f 1738/75/26 1740/79/26 1788/80/26 1786/76/26
f 1741/81/25 1739/77/25 1787/78/25 1789/82/25
f 1740/79/26 1742/83/26 1790/84/26 1788/80/26
f 1743/85/25 1741/81/25 1789/82/25 1791/86/25
f 1742/83/26 1744/87/26 1792/88/26 1790/84/26
f 1745/89/25 1743/85/25 1791/86/25 1793/90/25
f 1744/87/26 1746/91/26 1794/92/26 1792/88/26
f 1747/93/25 1745/89/25 1793/90/25 1795/94/25
f 1746/91/26 1748/95/26 1796/96/26 1794/92/26
f 1749/97/25 1747/93/25 1795/94/25 1797/98/25
f 1748/95/26 1750/99/26 1798/100/26 1796/96/26
f 1751/101/25 1749/97/25 1797/98/25 1799/102/25
f 1750/99/26 1752/103/26 1800/104/26 1798/100/26
f 1753/105/25 1751/101/25 1799/102/25 1801/106/25
f 1752/103/26 1754/107/26 1802/108/26 1800/104/26
f 1755/109/25 1753/105/25 1801/106/25 1803/110/25
f 1754/107/26 1756/111/26 1804/112/26 1802/108/26
f 1757/113/25 1755/109/25 1803/110/25 1805/114/25
f 1756/111/26 1758/115/26 1806/116/26 1804/112/26
f 1759/117/25 1757/113/25 1805/114/25 1807/118/25
f 1758/115/26 1760/119/26 1808/120/26 1806/116/26
f 1761/121/25 1759/117/25 1807/118/25 1809/122/25
f 1760/119/26 1762/123/26 1810/124/26 1808/120/26
f 1763/125/25 1761/121/25 1809/122/25 1811/126/25
f 1762/123/26 1764/127/26 1812/128/26 1810/124/26
f 1765/129/25 1763/125/25 1811/126/25 1813/130/25
f 1764/127/26 1766/131/26 1814/132/26 1812/128/26
f 1767/133/25 1765/129/25 1813/130/25 1815/134/25
f 1766/131/26 1768/135/26 1816/136/26 1814/132/26
f 1769/137/25 1767/133/25 1815/134/25 1817/138/25
f 1768/135/26 1770/139/26 1818/140/26 1816/136/26
f 1771/141/25 1769/137/25 1817/138/25 1819/142/25
f 1770/139/26 1772/143/26 1820/144/26 1818/140/26
f 1773/145/25 1771/141/25 1819/142/25 1821/146/25
f 1772/143/26 1774/147/26 1822/148/26 1820/144/26
f 1775/149/25 1773/145/25 1821/146/25 1823/150/25
f 1774/147/26 1776/151/26 1824/152/26 1822/148/26
f 1729/58/25 1775/149/25 1823/150/25 1777/59/25
f 1776/151/26 1730/61/26 1780/64/26 1824/152/26
f 1774/50/11 1772/153/10 1771/154/10 1773/51/11
f 1772/153/10 1770/155/9 1769/156/9 1771/154/10
f 1770/155/9 1768/157/8 1767/158/8 1769/156/9
f 1768/157/8 1766/159/7 1765/160/7 1767/158/8
f 1766/159/7 1764/161/6 1763/162/6 1765/160/7
f 1764/161/6 1762/163/5 1761/164/5 1763/162/6
f 1762/163/5 1760/165/4 1759/166/4 1761/164/5
f 1760/165/4 1758/167/3 1757/168/3 1759/166/4
f 1758/167/3 1756/169/2 1755/170/2 1757/168/3
f 1756/169/2 1754/171/1 1753/172/1 1755/170/2
f 1754/171/1 1752/173/24 1751/174/24 1753/172/1
f 1752/173/24 1750/175/23 1749/176/23 1751/174/24
f 1750/175/23 1748/177/22 1747/178/22 1749/176/23
f 1748/177/22 1746/179/21 1745/180/21 1747/178/22
f 1746/179/21 1744/181/20 1743/182/20 1745/180/21
f 1744/181/20 1742/183/19 1741/184/19 1743/182/20
f 1742/183/19 1740/185/18 1739/186/18 1741/184/19
f 1740/185/18 1738/187/17 1737/188/17 1739/186/18
f 1738/187/17 1736/189/16 1735/190/16 1737/188/17
f 1736/189/16 1734/191/15 1733/192/15 1735/190/16
f 1734/193/15 1732/194/14 1731/195/14 1733/196/15
f 1732/194/14 1730/55/13 1729/56/13 1731/195/14
f 1873/1/1 1876/2/1 1875/3/2 1874/4/2
f 1874/4/2 1875/3/2 1878/5/3 1877/6/3
f 1877/6/3 1878/5/3 1880/7/4 1879/8/4
f 1879/8/4 1880/7/4 1882/9/5 1881/10/5
f 1881/10/5 1882/9/5 1884/11/6 1883/12/6
f 1883/12/6 1884/11/6 1886/13/7 1885/14/7
f 1885/14/7 1886/13/7 1888/15/8 1887/16/8
f 1887/16/8 1888/15/8 1890/17/9 1889/18/9
f 1889/18/9 1890/17/9 1892/19/10 1891/20/10
f 1891/20/10 1892/19/10 1894/21/11 1893/22/11
f 1893/22/11 1894/21/11 1896/23/12 1895/24/12
f 1895/24/12 1896/23/12 1898/25/13 1897/26/13
f 1897/26/13 1898/25/13 1900/27/14 1899/28/14
f 1899/29/14 1900/30/14 1902/31/15 1901/32/15
f 1901/32/15 1902/31/15 1904/33/16 1903/34/16
f 1903/34/16 1904/33/16 1906/35/17 1905/36/17
f 1905/36/17 1906/35/17 1908/37/18 1907/38/18
f 1907/38/18 1908/37/18 1910/39/19 1909/40/19
f 1909/40/19 1910/39/19 1912/41/20 1911/42/20
f 1911/42/20 1912/41/20 1914/43/21 1913/44/21
f 1913/44/21 1914/43/21 1916/45/22 1915/46/22
f 1915/46/22 1916/45/22 1918/47/23 1917/48/23
f 1872/49/12 1870/50/11 1869/51/11 1871/52/12
f 1917/48/23 1918/47/23 1920/53/24 1919/54/24
f 1919/54/24 1920/53/24 1876/2/1 1873/1/1
f 1826/55/13 1872/49/12 1871/52/12 1825/56/13
f 1827/57/25 1825/58/25 1873/59/25 1874/60/25
f 1826/61/26 1828/62/26 1875/63/26 1876/64/26
f 1829/65/25 1827/57/25 1874/60/25 1877/66/25
f 1828/62/26 1830/67/26 1878/68/26 1875/63/26
f 1831/69/25 1829/65/25 1877/66/25 1879/70/25
f 1830/67/26 1832/71/26 1880/72/26 1878/68/26
f 1833/73/25 1831/69/25 1879/70/25 1881/74/25
f 1832/71/26 1834/75/26 1882/76/26 1880/72/26
f 1835/77/25 1833/73/25 1881/74/25 1883/78/25
f 1834/75/26 1836/79/26 1884/80/26 1882/76/26
f 1837/81/25 1835/77/25 1883/78/25 1885/82/25
f 1836/79/26 1838/83/26 1886/84/26 1884/80/26
f 1839/85/25 1837/81/25 1885/82/25 1887/86/25
f 1838/83/26 1840/87/26 1888/88/26 1886/84/26
f 1841/89/25 1839/85/25 1887/86/25 1889/90/25
f 1840/87/26 1842/91/26 1890/92/26 1888/88/26
f 1843/93/25 1841/89/25 1889/90/25 1891/94/25
f 1842/91/26 1844/95/26 1892/96/26 1890/92/26
f 1845/97/25 1843/93/25 1891/94/25 1893/98/25
f 1844/95/26 1846/99/26 1894/100/26 1892/96/26
f 1847/101/25 1845/97/25 1893/98/25 1895/102/25
f 1846/99/26 1848/103/26 1896/104/26 1894/100/26
f 1849/105/25 1847/101/25 1895/102/25 1897/106/25
f 1848/103/26 1850/107/26 1898/108/26 1896/104/26
f 1851/109/25 1849/105/25 1897/106/25 1899/110/25
f 1850/107/26 1852/111/26 1900/112/26 1898/108/26
f 1853/113/25 1851/109/25 1899/110/25 1901/114/25
f 1852/111/26 1854/115/26 1902/116/26 1900/112/26
f 1855/117/25 1853/113/25 1901/114/25 1903/118/25
f 1854/115/26 1856/119/26 1904/120/26 1902/116/26
f 1857/121/25 1855/117/25 1903/118/25 1905/122/25
f 1856/119/26 1858/123/26 1906/124/26 1904/120/26
f 1859/125/25 1857/121/25 1905/122/25 1907/126/25
f 1858/123/26 1860/127/26 1908/128/26 1906/124/26
f 1861/129/25 1859/125/25 1907/126/25 1909/130/25
f 1860/127/26 1862/131/26 1910/132/26 1908/128/26
f 1863/133/25 1861/129/25 1909/130/25 1911/134/25
f 1862/131/26 1864/135/26 1912/136/26 1910/132/26
f 1865/137/25 1863/133/25 1911/134/25 1913/138/25
f 1864/135/26 1866/139/26 1914/140/26 1912/136/26
f 1867/141/25 1865/137/25 1913/138/25 1915/142/25
f 1866/139/26 1868/143/26 1916/144/26 1914/140/26
f 1869/145/25 1867/141/25 1915/142/25 1917/146/25
f 1868/143/26 1870/147/26 1918/148/26 1916/144/26
f 1871/149/25 1869/145/25 1917/146/25 1919/150/25
f 1870/147/26 1872/151/26 1920/152/26 1918/148/26
f 1825/58/25 1871/149/25 1919/150/25 1873/59/25
f 1872/151/26 1826/61/26 1876/64/26 1920/152/26
f 1870/50/11 1868/153/10 1867/154/10 1869/51/11
f 1868/153/10 1866/155/9 1865/156/9 1867/154/10
f 1866/155/9 1864/157/8 1863/158/8 1865/156/9
f 1864/157/8 1862/159/7 1861/160/7 1863/158/8
f 1862/159/7 1860/161/6 1859/162/6 1861/160/7
f 1860/161/6 1858/163/5 1857/164/5 1859/162/6
f 1858/163/5 1856/165/4 1855/166/4 1857/164/5
f 1856/165/4 1854/167/3 1853/168/3 1855/166/4
f 1854/167/3 1852/169/2 1851/170/2 1853/168/3
f 1852/169/2 1850/171/1 1849/172/1 1851/170/2
f 1850/171/1 1848/173/24 1847/174/24 1849/172/1
f 1848/173/24 1846/175/23 1845/176/23 1847/174/24
f 1846/175/23 1844/177/22 1843/178/22 1845/176/23
f 1844/177/22 1842/179/21 1841/180/21 1843/178/22
f 1842/179/21 1840/181/20 1839/182/20 1841/180/21
f 1840/181/20 1838/183/19 1837/184/19 1839/182/20
f 1838/183/19 1836/185/18 1835/186/18 1837/184/19
f 1836/185/18 1834/187/17 1833/188/17 1835/186/18
f 1834/187/17 1832/189/16 1831/190/16 1833/188/17
f 1832/189/16 1830/191/15 1829/192/15 1831/190/16
f 1830/193/15 1828/194/14 1827/195/14 1829/196/15
f 1828/194/14 1826/55/13 1825/56/13 1827/195/14
f 1969/1/1 1972/2/1 1971/3/2 1970/4/2
f 1970/4/2 1971/3/2 1974/5/3 1973/6/3
f 1973/6/3 1974/5/3 1976/7/4 1975/8/4
f 1975/8/4 1976/7/4 1978/9/5 1977/10/5
f 1977/10/5 1978/9/5 1980/11/6 1979/12/6
f 1979/12/6 1980/11/6 1982/13/7 1981/14/7
f 1981/14/7 1982/13/7 1984/15/8 1983/16/8
f 1983/16/8 1984/15/8 1986/17/9 1985/18/9
f 1985/18/9 1986/17/9 1988/19/10 1987/20/10
f 1987/20/10 1988/19/10 1990/21/11 1989/22/11
f 1989/22/11 1990/21/11 1992/23/12 1991/24/12
f 1991/24/12 1992/23/12 1994/25/13 1993/26/13
f 1993/26/13 1994/25/13 1996/27/14 1995/28/14
f 1995/29/14 1996/30/14 1998/31/15 1997/32/15
f 1997/32/15 1998/31/15 2000/33/16 1999/34/16
f 1999/34/16 2000/33/16 2002/35/17 2001/36/17
f 2001/36/17 2002/35/17 2004/37/18 2003/38/18
f 2003/38/18 2004/37/18 2006/39/19 2005/40/19
f 2005/40/19 2006/39/19 2008/41/20 2007/42/20
f 2007/42/20 2008/41/20 2010/43/21 2009/44/21
f 2009/44/21 2010/43/21 2012/45/22 2011/46/22
f 2011/46/22 2012/45/22 2014/47/23 2013/48/23
f 1968/49/12 1966/50/11 1965/51/11 1967/52/12
f 2013/48/23 2014/47/23 2016/53/24 2015/54/24
f 2015/54/24 2016/53/24 1972/2/1 1969/1/1
f 1922/55/13 1968/49/12 1967/52/12 1921/56/13
f 1923/57/25 1921/58/25 1969/59/25 1970/60/25
f 1922/61/26 1924/62/26 1971/63/26 1972/64/26
f 1925/65/25 1923/57/25 1970/60/25 1973/66/25
f 1924/62/26 1926/67/26 1974/68/26 1971/63/26
f 1927/69/25 1925/65/25 1973/66/25 1975/70/25
f 1926/67/26 1928/71/26 1976/72/26 1974/68/26
f 1929/73/25 1927/69/25 1975/70/25 1977/74/25
f 1928/71/26 1930/75/26 1978/76/26 1976/72/26
f 1931/77/25 1929/73/25 1977/74/25 1979/78/25
f 1930/75/26 1932/79/26 1980/80/26 1978/76/26
f 1933/81/25 1931/77/25 1979/78/25 1981/82/25
f 1932/79/26 1934/83/26 1982/84/26 1980/80/26
f 1935/85/25 1933/81/25 1981/82/25 1983/86/25
f 1934/83/26 1936/87/26 1984/88/26 1982/84/26
f 1937/89/25 1935/85/25 1983/86/25 1985/90/25
f 1936/87/26 1938/91/26 1986/92/26 1984/88/26
f 1939/93/25 1937/89/25 1985/90/25 1987/94/25
f 1938/91/26 1940/95/26 1988/96/26 1986/92/26
f 1941/97/25 1939/93/25 1987/94/25 1989/98/25
f 1940/95/26 1942/99/26 1990/100/26 1988/96/26
f 1943/101/25 1941/97/25 1989/98/25 1991/102/25
f 1942/99/26 1944/103/26 1992/104/26 1990/100/26
f 1945/105/25 1943/101/25 1991/102/25 1993/106/25
f 1944/103/26 1946/107/26 1994/108/26 1992/104/26
f 1947/109/25 1945/105/25 1993/106/25 1995/110/25
f 1946/107/26 1948/111/26 1996/112/26 1994/108/26
f 1949/113/25 1947/109/25 1995/110/25 1997/114/25
f 1948/111/26 1950/115/26 1998/116/26 1996/112/26
f 1951/117/25 1949/113/25 1997/114/25 1999/118/25
f 1950/115/26 1952/119/26 2000/120/26 1998/116/26
f 1953/121/25 1951/117/25 1999/118/25 2001/122/25
f 1952/119/26 1954/123/26 2002/124/26 2000/120/26
f 1955/125/25 1953/121/25 2001/122/25 2003/126/25
f 1954/123/26 1956/127/26 2004/128/26 2002/124/26
f 1957/129/25 1955/125/25 2003/126/25 2005/130/25
f 1956/127/26 1958/131/26 2006/132/26 2004/128/26
f 1959/133/25 1957/129/25 2005/130/25 2007/134/25
f 1958/131/26 1960/135/26 2008/136/26 2006/132/26
f 1961/137/25 1959/133/25 2007/134/25 2009/138/25
f 1960/135/26 1962/139/26 2010/140/26 2008/136/26
f 1963/141/25 1961/137/25 2009/138/25 2011/142/25
f 1962/139/26 1964/143/26 2012/144/26 2010/140/26
f 1965/145/25 1963/141/25 2011/142/25 2013/146/25
f 1964/143/26 1966/147/26 2014/148/26 2012/144/26
f 1967/149/25 1965/145/25 2013/146/25 2015/150/25
f 1966/147/26 1968/151/26 2016/152/26 2014/148/26
f 1921/58/25 1967/149/25 2015/150/25 1969/59/25
f 1968/151/26 1922/61/26 1972/64/26 2016/152/26
f 1966/50/11 1964/153/10 1963/154/10 1965/51/11
f 1964/153/10 1962/155/9 1961/156/9 1963/154/10
f 1962/155/9 1960/157/8 1959/158/8 1961/156/9
f 1960/157/8 1958/159/7 1957/160/7 1959/158/8
f 1958/159/7 1956/161/6 1955/162/6 1957/160/7
f 1956/161/6 1954/163/5 1953/164/5 1955/162/6
f 1954/163/5 1952/165/4 1951/166/4 1953/164/5
f 1952/165/4 1950/167/3 1949/168/3 1951/166/4
f 1950/167/3 1948/169/2 1947/170/2 1949/168/3
f 1948/169/2 1946/171/1 1945/172/1 1947/170/2
f 1946/171/1 1944/173/24 1943/174/24 1945/172/1
f 1944/173/24 1942/175/23 1941/176/23 1943/174/24
f 1942/175/23 1940/177/22 1939/178/22 1941/176/23
f 1940/177/22 1938/179/21 1937/180/21 1939/178/22
f 1938/179/21 1936/181/20 1935/182/20 1937/180/21
f 1936/181/20 1934/183/19 1933/184/19 1935/182/20
f 1934/183/19 1932/185/18 1931/186/18 1933/184/19
f 1932/185/18 1930/187/17 1929/188/17 1931/186/18
f 1930/187/17 1928/189/16 1927/190/16 1929/188/17
f 1928/189/16 1926/191/15 1925/192/15 1927/190/16
f 1926/193/15 1924/194/14 1923/195/14 1925/196/15
f 1924/194/14 1922/55/13 1921/56/13 1923/195/14
