# Blender 4.4.3
# www.blender.org
mtllib 低模.mtl
o D3_LOW
v -0.059171 0.789927 0.551394
v -0.059171 1.043829 0.551394
v -0.059171 0.789927 -0.252338
v -0.059171 1.043829 -0.252338
v 0.059171 0.789927 0.551394
v 0.059171 1.043829 0.551394
v 0.059171 0.789927 -0.252338
v 0.059171 1.043829 -0.252338
v -0.048430 -0.052617 0.549053
v -0.048430 0.865805 0.549053
v -0.048430 -0.052617 0.414287
v -0.048430 0.865805 0.414287
v 0.048430 -0.052617 0.549053
v 0.048430 0.865805 0.549053
v 0.048430 -0.052617 0.414287
v 0.048430 0.865805 0.414287
v 0.036776 0.775371 -0.124712
v 0.036776 0.832221 -0.124430
v 0.036776 0.853680 -0.177055
v 0.036776 0.784790 -0.281166
v 0.036776 0.835793 -0.319889
v 0.036776 0.947659 -0.234760
v 0.036776 0.721839 -0.270858
v 0.036776 0.731875 -0.290054
v 0.036776 0.775371 0.201531
v 0.036776 0.832221 0.201813
v 0.036776 0.724415 0.372203
v 0.036776 0.823429 0.372485
v 0.036776 0.783977 0.443661
v 0.036776 0.824981 0.443943
v 0.004000 0.775371 -0.124712
v 0.004000 0.832221 -0.124430
v 0.004000 0.853680 -0.177055
v 0.004000 0.784790 -0.281166
v 0.004000 0.835793 -0.319889
v 0.004000 0.947659 -0.234760
v 0.004000 0.721839 -0.270858
v 0.004000 0.731875 -0.290054
v 0.004000 0.775371 0.201531
v 0.004000 0.832221 0.201813
v 0.004000 0.724415 0.372203
v 0.004000 0.823429 0.372485
v 0.004000 0.783977 0.443661
v 0.004000 0.824981 0.443943
v 0.049762 -0.856065 -0.662160
v 0.049762 -0.799215 -0.595265
v 0.049762 -0.856065 0.526620
v 0.049762 -0.799215 0.550486
v 0.049762 -0.799215 -0.502187
v 0.049762 -0.856065 -0.505332
v 0.049762 -0.918559 -0.606933
v 0.049762 -0.918559 -0.591591
v 0.049762 -0.705239 -0.658090
v 0.049762 -0.705239 -0.628738
v 0.049762 -0.838221 -0.734330
v 0.049762 -0.814597 -0.734330
v 0.049762 -0.847143 -0.698245
v 0.049762 -0.790596 -0.696210
v 0.049762 -0.103749 -0.658090
v 0.049762 -0.103749 -0.628738
v 0.016986 -0.856065 -0.662160
v 0.016986 -0.799215 -0.595265
v 0.016986 -0.856065 0.526620
v 0.016986 -0.799215 0.550486
v 0.016986 -0.799215 -0.502187
v 0.016986 -0.856065 -0.505332
v 0.016986 -0.918559 -0.606933
v 0.016986 -0.918559 -0.591591
v 0.016986 -0.705239 -0.658090
v 0.016986 -0.705239 -0.628738
v 0.016986 -0.838221 -0.734330
v 0.016986 -0.814597 -0.734330
v 0.016986 -0.847143 -0.698245
v 0.016986 -0.790596 -0.696210
v 0.016986 -0.103749 -0.658090
v 0.016986 -0.103749 -0.628738
vn -1.0000 -0.0000 -0.0000
vn -0.0000 -0.0000 -1.0000
vn 1.0000 -0.0000 -0.0000
vn -0.0000 -0.0000 1.0000
vn -0.0000 -1.0000 -0.0000
vn -0.0000 1.0000 -0.0000
vn -0.0000 -0.6047 -0.7965
vn -0.0000 -0.9390 0.3439
vn -0.0000 0.5233 0.8522
vn -0.0000 0.9260 0.3776
vn -0.0000 0.6056 -0.7958
vn -0.0000 -0.8862 -0.4633
vn -0.0000 0.1657 -0.9862
vn -0.0000 0.9987 0.0514
vn -0.0000 -0.9582 -0.2861
vn -0.0000 -0.0069 1.0000
vn -0.0000 0.9998 -0.0217
vn -0.0000 -0.7681 0.6403
vn -0.0000 -0.3871 0.9220
vn -0.0000 -0.8098 0.5867
vn -0.0000 -0.6622 -0.7493
vn -0.0000 0.3355 0.9420
vn -0.0000 -0.9708 -0.2400
vn -0.0000 0.4078 -0.9131
vn -0.0000 0.8462 -0.5328
vt 0.388889 0.421296
vt 0.338299 0.421296
vt 0.338299 0.261154
vt 0.388889 0.261154
vt 0.265717 0.833333
vt 0.265717 0.782863
vt 0.289352 0.782863
vt 0.289352 0.833333
vt 0.833333 0.162037
vt 0.782744 0.162037
vt 0.782744 0.001895
vt 0.833333 0.001895
vt 0.805096 0.215278
vt 0.805096 0.164749
vt 0.828704 0.164749
vt 0.828704 0.215278
vt 0.021013 0.782407
vt 0.021013 0.758391
vt 0.178241 0.758391
vt 0.178241 0.782407
vt 0.412037 0.648148
vt 0.388308 0.648148
vt 0.388308 0.489012
vt 0.412037 0.489012
vt 0.306481 0.185185
vt 0.306481 0.002191
vt 0.333333 0.002191
vt 0.333333 0.185185
vt 0.392693 0.182870
vt 0.392693 0.000306
vt 0.412037 0.000306
vt 0.412037 0.182870
vt 0.338889 0.185185
vt 0.338889 0.002192
vt 0.365741 0.002192
vt 0.365741 0.185185
vt 0.369567 0.182870
vt 0.369567 0.000095
vt 0.388889 0.000095
vt 0.388889 0.182870
vt 0.721084 0.783822
vt 0.740741 0.783822
vt 0.740741 0.810185
vt 0.721084 0.810185
vt 0.509259 0.680556
vt 0.489838 0.680556
vt 0.489838 0.653872
vt 0.509259 0.653872
vt 0.833333 0.587544
vt 0.807140 0.568749
vt 0.811457 0.558281
vt 0.822784 0.558382
vt 0.810589 0.597222
vt 0.788368 0.580171
vt 0.820783 0.589547
vt 0.831318 0.591361
vt 0.811717 0.493278
vt 0.823044 0.493380
vt 0.813605 0.459279
vt 0.833333 0.459414
vt 0.813353 0.445040
vt 0.821523 0.445129
vt 0.788368 0.740322
vt 0.798918 0.711160
vt 0.810245 0.711058
vt 0.814562 0.721527
vt 0.811113 0.750000
vt 0.800919 0.742325
vt 0.833333 0.732949
vt 0.790383 0.744139
vt 0.798657 0.646157
vt 0.809984 0.646056
vt 0.788368 0.612192
vt 0.808096 0.612057
vt 0.800179 0.597907
vt 0.808349 0.597818
vt 0.143519 0.826587
vt 0.143519 0.837963
vt 0.136193 0.837963
vt 0.136193 0.826587
vt 0.523148 0.553267
vt 0.523148 0.579299
vt 0.516410 0.579299
vt 0.516410 0.553267
vt 0.824082 0.326389
vt 0.824082 0.305703
vt 0.831019 0.305703
vt 0.831019 0.326389
vt 0.256944 0.369818
vt 0.256944 0.379630
vt 0.250325 0.379630
vt 0.250325 0.369818
vt 0.277778 0.358427
vt 0.277778 0.384259
vt 0.270697 0.384259
vt 0.270697 0.358427
vt 0.523148 0.548914
vt 0.516410 0.548914
vt 0.171296 0.811081
vt 0.171296 0.821759
vt 0.164758 0.821759
vt 0.164758 0.811081
vt 0.256944 0.304751
vt 0.250325 0.304751
vt 0.523148 0.643948
vt 0.516410 0.643948
vt 0.256944 0.270992
vt 0.250325 0.270992
vt 0.523148 0.680556
vt 0.516410 0.680556
vt 0.814017 0.607501
vt 0.814017 0.597843
vt 0.821759 0.597843
vt 0.821759 0.607501
vt 0.256944 0.256691
vt 0.250325 0.256691
vt 0.814017 0.620370
vt 0.821759 0.620370
vt 0.102985 0.877139
vt 0.097771 0.867064
vt 0.278434 0.760515
vt 0.280093 0.772687
vt 0.076070 0.893013
vt 0.081797 0.876485
vt 0.094507 0.896595
vt 0.091874 0.898148
vt 0.061502 0.866716
vt 0.066540 0.863745
vt 0.063600 0.885223
vt 0.068974 0.895134
vt 0.061878 0.897255
vt 0.059487 0.893201
vt 0.000621 0.763486
vt 0.005658 0.760515
vt 0.767635 0.374487
vt 0.872087 0.197380
vt 0.884259 0.199038
vt 0.777710 0.379702
vt 0.751761 0.401403
vt 0.768289 0.395676
vt 0.746626 0.385599
vt 0.748179 0.382966
vt 0.781029 0.410933
vt 0.778058 0.415970
vt 0.759551 0.413873
vt 0.751573 0.417986
vt 0.747519 0.415595
vt 0.749640 0.408499
vt 0.884259 0.471814
vt 0.881288 0.476852
vt 0.837997 0.162037
vt 0.837997 0.150427
vt 0.844907 0.150427
vt 0.844907 0.162037
vt 0.259259 0.002312
vt 0.259259 0.210738
vt 0.252687 0.210738
vt 0.252687 0.002312
vt 0.259259 0.229167
vt 0.252687 0.229167
vt 0.194444 0.076924
vt 0.194444 0.282407
vt 0.187674 0.282407
vt 0.187674 0.076924
vt 0.194444 0.060128
vt 0.194444 0.063183
vt 0.187674 0.063183
vt 0.187674 0.060128
vt 0.194444 0.045696
vt 0.187674 0.045696
vt 0.414742 0.634259
vt 0.414742 0.615049
vt 0.421296 0.615049
vt 0.421296 0.634259
vt 0.583267 0.731880
vt 0.587963 0.731880
vt 0.587963 0.738426
vt 0.583267 0.738426
vt 0.194444 0.030345
vt 0.194444 0.038020
vt 0.187674 0.038020
vt 0.187674 0.030345
vt 0.715278 0.699832
vt 0.715278 0.717593
vt 0.708711 0.717593
vt 0.708711 0.699832
vt 0.668981 0.748337
vt 0.668981 0.756944
vt 0.662172 0.756944
vt 0.662172 0.748337
vt 0.431688 0.678613
vt 0.437500 0.678613
vt 0.437500 0.685185
vt 0.431688 0.685185
vt 0.715278 0.579886
vt 0.708711 0.579886
vt 0.414742 0.495049
vt 0.421296 0.495049
s 0
f 1/1/1 2/2/1 4/3/1 3/4/1
f 3/5/2 4/6/2 8/7/2 7/8/2
f 7/9/3 8/10/3 6/11/3 5/12/3
f 5/13/4 6/14/4 2/15/4 1/16/4
f 3/17/5 7/18/5 5/19/5 1/20/5
f 8/21/6 4/22/6 2/23/6 6/24/6
f 9/25/1 10/26/1 12/27/1 11/28/1
f 11/29/2 12/30/2 16/31/2 15/32/2
f 15/33/3 16/34/3 14/35/3 13/36/3
f 13/37/4 14/38/4 10/39/4 9/40/4
f 11/41/5 15/42/5 13/43/5 9/44/5
f 16/45/6 12/46/6 10/47/6 14/48/6
f 23/49/3 19/50/3 18/51/3 17/52/3
f 21/53/3 22/54/3 19/50/3 20/55/3
f 20/55/3 19/50/3 23/49/3 24/56/3
f 17/52/3 18/51/3 26/57/3 25/58/3
f 25/58/3 26/57/3 28/59/3 27/60/3
f 27/60/3 28/59/3 30/61/3 29/62/3
f 37/63/1 31/64/1 32/65/1 33/66/1
f 35/67/1 34/68/1 33/66/1 36/69/1
f 34/68/1 38/70/1 37/63/1 33/66/1
f 31/64/1 39/71/1 40/72/1 32/65/1
f 39/71/1 41/73/1 42/74/1 40/72/1
f 41/73/1 43/75/1 44/76/1 42/74/1
f 21/77/7 20/78/7 34/79/7 35/80/7
f 23/81/8 17/82/8 31/83/8 37/84/8
f 19/85/9 22/86/9 36/87/9 33/88/9
f 18/89/10 19/90/10 33/91/10 32/92/10
f 22/93/11 21/94/11 35/95/11 36/96/11
f 24/97/12 23/81/12 37/84/12 38/98/12
f 20/99/13 24/100/13 38/101/13 34/102/13
f 26/103/6 18/89/6 32/92/6 40/104/6
f 17/82/5 25/105/5 39/106/5 31/83/5
f 28/107/14 26/103/14 40/104/14 42/108/14
f 25/105/15 27/109/15 41/110/15 39/106/15
f 29/111/16 30/112/16 44/113/16 43/114/16
f 30/115/17 28/107/17 42/108/17 44/116/17
f 27/117/18 29/111/18 43/114/18 41/118/18
f 50/119/3 49/120/3 48/121/3 47/122/3
f 45/123/3 46/124/3 49/120/3 50/119/3
f 45/123/3 50/119/3 52/125/3 51/126/3
f 46/124/3 45/123/3 53/127/3 54/128/3
f 58/129/3 57/130/3 55/131/3 56/132/3
f 53/127/3 45/123/3 57/130/3 58/129/3
f 54/128/3 53/127/3 59/133/3 60/134/3
f 66/135/1 63/136/1 64/137/1 65/138/1
f 61/139/1 66/135/1 65/138/1 62/140/1
f 61/139/1 67/141/1 68/142/1 66/135/1
f 62/140/1 70/143/1 69/144/1 61/139/1
f 74/145/1 72/146/1 71/147/1 73/148/1
f 69/144/1 74/145/1 73/148/1 61/139/1
f 70/143/1 76/149/1 75/150/1 69/144/1
f 47/151/19 48/152/19 64/153/19 63/154/19
f 48/155/6 49/156/6 65/157/6 64/158/6
f 49/156/6 46/159/6 62/160/6 65/157/6
f 50/161/5 47/162/5 63/163/5 66/164/5
f 51/165/5 52/166/5 68/167/5 67/168/5
f 52/166/20 50/161/20 66/164/20 68/167/20
f 45/169/21 51/165/21 67/168/21 61/170/21
f 46/171/22 54/172/22 70/173/22 62/174/22
f 56/175/2 55/176/2 71/177/2 72/178/2
f 55/179/23 57/180/23 73/181/23 71/182/23
f 53/183/24 58/184/24 74/185/24 69/186/24
f 57/180/23 45/169/23 61/170/23 73/181/23
f 58/187/25 56/188/25 72/189/25 74/190/25
f 60/191/6 59/192/6 75/193/6 76/194/6
f 59/195/2 53/183/2 69/186/2 75/196/2
f 54/172/4 60/197/4 76/198/4 70/173/4
o D2_LOW
v 0.014880 -0.329725 0.584040
v 0.014880 -0.797589 0.695143
v 0.014880 0.560814 -0.319162
v 0.014880 -0.074337 -0.192728
v 0.014880 0.560626 0.155694
v 0.014880 -0.832846 0.607079
v 0.014880 -0.927721 0.457670
v 0.014880 -0.944305 0.579862
v 0.014880 0.865417 0.584040
v 0.014880 0.865417 0.242423
v 0.014880 0.235596 -0.661644
v 0.014880 -0.927721 -0.661644
v 0.014880 -0.927721 -0.322278
v 0.014880 -0.186943 -0.320383
v -0.080160 -0.329725 0.584040
v -0.080159 -0.797589 0.695143
v -0.080160 0.560814 -0.319162
v -0.080159 -0.074337 -0.192728
v -0.080160 0.560626 0.155694
v -0.080159 -0.832846 0.607079
v -0.080159 -0.927721 0.457670
v -0.080159 -0.944305 0.579862
v -0.080159 0.865417 0.584040
v -0.080160 0.865417 0.242423
v -0.080159 0.235596 -0.661644
v -0.080159 -0.927721 -0.661644
v -0.080159 -0.927721 -0.322278
v -0.080159 -0.186943 -0.320383
v -0.017011 1.066040 -0.712361
v -0.017011 1.052649 -0.721871
v -0.017011 0.956695 -0.819525
v -0.017011 0.923530 -0.819525
v -0.017011 0.594755 -0.381140
v -0.017011 0.409197 -0.732998
v -0.017011 1.006846 -0.724926
v -0.017011 1.018557 -0.462075
v -0.017011 -0.055541 -0.251810
v -0.017011 -0.107261 -0.321009
v -0.017011 0.594755 0.330476
v -0.017011 1.018557 0.435490
v -0.074034 1.066040 -0.712361
v -0.074034 1.052649 -0.721872
v -0.074034 0.956695 -0.819525
v -0.074034 0.923530 -0.819525
v -0.074034 0.594755 -0.381140
v -0.074034 0.409197 -0.732998
v -0.074034 1.006846 -0.724926
v -0.074034 1.018557 -0.462075
v -0.074034 -0.055541 -0.251810
v -0.074034 -0.107261 -0.321009
v -0.074034 0.594755 0.330476
v -0.074034 1.018557 0.435490
v -0.041563 0.887105 -0.221870
v -0.041563 1.005201 -0.221870
v -0.041563 0.887105 -0.720413
v -0.041563 1.005201 -0.720413
v 0.041563 0.887105 -0.221870
v 0.041563 1.005201 -0.221870
v 0.041563 0.887105 -0.720413
v 0.041563 1.005201 -0.720413
v -0.041563 0.887105 -0.584360
v -0.041563 1.005201 -0.584360
v 0.041563 0.887105 -0.584360
v 0.041563 1.005201 -0.584360
v -0.041563 -0.930308 -0.720413
v 0.041563 -0.930308 -0.720413
v -0.041563 -0.930308 -0.584360
v 0.041563 -0.930308 -0.584360
v -0.041563 -0.764972 -0.720413
v -0.041563 -0.764972 -0.584360
v 0.041563 -0.764972 -0.584360
v 0.041563 -0.764972 -0.720413
v -0.041563 -0.930308 0.521408
v 0.041564 -0.930308 0.521408
v -0.041563 -0.764972 0.521408
v 0.041564 -0.764972 0.521408
v 0.041564 -0.930308 0.452544
v -0.041563 -0.930308 0.452544
v -0.041563 -0.764972 0.452544
v 0.041564 -0.764972 0.452544
v -0.041563 -0.039897 0.521408
v 0.041564 -0.039897 0.521408
v -0.041563 -0.039897 0.452544
v 0.041564 -0.039897 0.452544
v 0.028078 -0.926311 0.498484
v 0.028078 0.998548 0.498484
v 0.028078 -0.926311 -0.710277
v 0.028078 0.998548 -0.710277
v -0.038274 0.998548 -0.710277
v -0.038274 -0.926311 -0.710277
v -0.038274 -0.926311 0.498484
v -0.038274 0.998548 0.498484
vn 1.0000 -0.0000 -0.0000
vn -1.0000 -0.0000 -0.0000
vn -0.0000 0.2310 0.9729
vn -0.0000 -0.1952 -0.9808
vn -0.0000 1.0000 0.0004
vn -0.0000 -0.9284 0.3717
vn -0.0000 -0.9909 -0.1345
vn -0.0000 -0.2372 0.9715
vn -0.0000 1.0000 -0.0000
vn -0.0000 0.2737 -0.9618
vn -0.0000 -0.0000 1.0000
vn -0.0000 -0.0000 -1.0000
vn -0.0000 -1.0000 -0.0000
vn -0.0000 0.7499 -0.6615
vn -0.0000 0.6283 0.7780
vn -0.0000 0.8835 -0.4684
vn -0.0000 -0.1659 -0.9861
vn -0.0000 0.5790 -0.8153
vn -0.0000 0.0665 -0.9978
vn -0.0000 0.9825 0.1864
vn -0.0000 -0.8010 0.5987
vn -0.0000 0.1951 0.9808
vn -0.0000 -0.6236 -0.7817
vn -0.0000 -0.2405 0.9706
vt 0.684641 0.850849
vt 0.406995 0.940787
vt 0.558126 0.781427
vt 0.684679 0.756235
vt 0.507241 0.936196
vt 0.414020 0.958333
vt 0.384787 0.935364
vt 0.388091 0.911017
vt 0.745370 0.868130
vt 0.745370 0.936196
vt 0.535690 0.755992
vt 0.388091 0.755614
vt 0.388091 0.687996
vt 0.619880 0.687996
vt 0.620525 0.683484
vt 0.525911 0.683521
vt 0.551103 0.556969
vt 0.710463 0.405837
vt 0.705872 0.506083
vt 0.728009 0.412862
vt 0.680693 0.386934
vt 0.705040 0.383629
vt 0.705872 0.744213
vt 0.637806 0.744213
vt 0.525668 0.534532
vt 0.457672 0.618722
vt 0.457672 0.386934
vt 0.525290 0.386934
vt 0.068949 0.333333
vt 0.068949 0.239849
vt 0.087963 0.239849
vt 0.087963 0.333333
vt 0.842593 0.593890
vt 0.842593 0.722222
vt 0.823553 0.722222
vt 0.823553 0.593890
vt 0.020833 0.391517
vt 0.020833 0.486111
vt 0.001893 0.486111
vt 0.001893 0.391517
vt 0.000223 0.864697
vt 0.018519 0.864697
vt 0.018519 0.884259
vt 0.000223 0.884259
vt 0.290536 0.388457
vt 0.314815 0.388457
vt 0.314815 0.407407
vt 0.290536 0.407407
vt 0.236111 0.759861
vt 0.236111 0.782407
vt 0.216911 0.782407
vt 0.216911 0.759861
vt 0.511574 0.580095
vt 0.511574 0.648148
vt 0.492634 0.648148
vt 0.492634 0.580095
vt 0.208333 0.285656
vt 0.208333 0.342593
vt 0.187334 0.342593
vt 0.187334 0.285656
vt 0.068949 0.000749
vt 0.087963 0.000749
vt 0.282407 0.001956
vt 0.282407 0.226852
vt 0.262891 0.226852
vt 0.262891 0.001956
vt 0.067411 0.388457
vt 0.135060 0.388457
vt 0.135060 0.407407
vt 0.067411 0.407407
vt 0.409722 0.650823
vt 0.409722 0.680556
vt 0.388121 0.680556
vt 0.388121 0.650823
vt 0.279411 0.356481
vt 0.279411 0.261232
vt 0.300926 0.261232
vt 0.300926 0.356481
vt 0.957904 0.736907
vt 0.960648 0.738690
vt 0.953256 0.788908
vt 0.948761 0.736676
vt 0.829715 0.739991
vt 0.931395 0.718530
vt 0.937998 0.718257
vt 0.869553 0.808510
vt 0.741159 0.839612
vt 0.730293 0.826262
vt 0.960648 0.967593
vt 0.875414 0.950177
vt 0.381515 0.981350
vt 0.372372 0.981580
vt 0.376868 0.929349
vt 0.384259 0.979567
vt 0.361609 1.000000
vt 0.355006 0.999727
vt 0.253326 0.978266
vt 0.293164 0.909747
vt 0.153904 0.891994
vt 0.164770 0.878645
vt 0.299025 0.768080
vt 0.384259 0.750664
vt 0.699074 0.820078
vt 0.699074 0.840278
vt 0.687074 0.840278
vt 0.687074 0.820078
vt 0.444437 0.627918
vt 0.444437 0.523652
vt 0.456019 0.523652
vt 0.456019 0.627918
vt 0.444437 0.634259
vt 0.456019 0.634259
vt 0.206168 0.029652
vt 0.206168 0.027671
vt 0.217593 0.027671
vt 0.217593 0.029652
vt 0.650964 0.747394
vt 0.659722 0.747394
vt 0.659722 0.759259
vt 0.650964 0.759259
vt 0.206168 0.079505
vt 0.217593 0.079505
vt 0.858796 0.715941
vt 0.858796 0.731482
vt 0.846211 0.731482
vt 0.846211 0.715941
vt 0.784818 0.562500
vt 0.784818 0.431736
vt 0.796296 0.431736
vt 0.796296 0.562500
vt 0.444437 0.396686
vt 0.456019 0.396686
vt 0.303290 0.347222
vt 0.303290 0.261458
vt 0.314815 0.261458
vt 0.314815 0.347222
vt 0.206168 0.259259
vt 0.217593 0.259259
vt 0.425926 0.001751
vt 0.425926 0.143519
vt 0.414563 0.143519
vt 0.414563 0.001751
vt 0.220577 0.024458
vt 0.220577 0.000928
vt 0.247685 0.000928
vt 0.247685 0.024458
vt 0.686633 0.023653
vt 0.686633 0.000822
vt 0.703704 0.000822
vt 0.703704 0.023653
vt 0.064968 0.460160
vt 0.041437 0.460160
vt 0.041437 0.387935
vt 0.064968 0.387935
vt 0.282048 0.384259
vt 0.282048 0.360729
vt 0.298611 0.360729
vt 0.298611 0.384259
vt 0.022787 0.390748
vt 0.039352 0.390748
vt 0.039352 0.462963
vt 0.022787 0.462963
vt 0.275463 0.329379
vt 0.258897 0.329379
vt 0.258897 0.257168
vt 0.275463 0.257168
vt 0.275463 0.356481
vt 0.258897 0.356481
vt 0.220577 0.353631
vt 0.247685 0.353631
vt 0.247685 0.386574
vt 0.220577 0.386574
vt 0.064968 0.487269
vt 0.041437 0.487269
vt 0.148352 0.024458
vt 0.148352 0.000928
vt 0.067420 0.430556
vt 0.067420 0.413990
vt 0.094524 0.413990
vt 0.094524 0.430556
vt 0.301096 0.430556
vt 0.301096 0.413990
vt 0.314815 0.413990
vt 0.314815 0.430556
vt 0.686633 0.343037
vt 0.703704 0.343037
vt 0.703704 0.375000
vt 0.686633 0.375000
vt 0.394141 0.487269
vt 0.394141 0.460160
vt 0.427083 0.460160
vt 0.427083 0.487269
vt 0.089918 0.004163
vt 0.106481 0.004163
vt 0.106481 0.333333
vt 0.089918 0.333333
vt 0.319085 0.402243
vt 0.335648 0.402243
vt 0.335648 0.435185
vt 0.319085 0.435185
vt 0.394141 0.239838
vt 0.394141 0.253559
vt 0.249671 0.253559
vt 0.249671 0.239838
vt 0.427083 0.253559
vt 0.427083 0.239838
vt 0.013976 0.353631
vt 0.013976 0.386574
vt 0.000255 0.386574
vt 0.000255 0.353631
vt 0.300926 0.208333
vt 0.284360 0.208333
vt 0.284360 0.001775
vt 0.300926 0.001775
vt 0.143519 0.863063
vt 0.143519 0.879630
vt 0.129800 0.879630
vt 0.129800 0.863063
vt 0.319085 0.257774
vt 0.335648 0.257774
vt 0.800926 0.305556
vt 0.783855 0.305556
vt 0.783855 0.165382
vt 0.800926 0.165382
vt 0.000255 0.209162
vt 0.013976 0.209162
vt 0.000735 0.488324
vt 0.384259 0.488324
vt 0.384259 0.729167
vt 0.000735 0.729167
vt 0.670139 0.384259
vt 0.429296 0.384259
vt 0.429296 0.000735
vt 0.670139 0.000735
vt 0.442130 0.629630
vt 0.428906 0.629630
vt 0.428906 0.388836
vt 0.442130 0.388836
vt 0.719907 0.372685
vt 0.706282 0.372685
vt 0.706282 0.000566
vt 0.719907 0.000566
vt 0.671965 0.000737
vt 0.685185 0.000737
vt 0.685185 0.384259
vt 0.671965 0.384259
vt 0.310185 0.435852
vt 0.310185 0.449074
vt 0.069377 0.449074
vt 0.069377 0.435852
s 0
f 81/199/26 82/200/26 80/201/26 79/202/26
f 77/203/26 78/204/26 82/200/26 81/199/26
f 80/201/26 82/200/26 84/205/26 83/206/26
f 77/203/26 81/199/26 86/207/26 85/208/26
f 90/209/26 89/210/26 88/211/26 87/212/26
f 80/201/26 83/206/26 89/210/26 90/209/26
f 95/213/27 93/214/27 94/215/27 96/216/27
f 91/217/27 95/213/27 96/216/27 92/218/27
f 94/215/27 97/219/27 98/220/27 96/216/27
f 91/217/27 99/221/27 100/222/27 95/213/27
f 104/223/27 101/224/27 102/225/27 103/226/27
f 94/215/27 104/223/27 103/226/27 97/219/27
f 78/227/28 77/228/28 91/229/28 92/230/28
f 79/231/29 80/232/29 94/233/29 93/234/29
f 81/235/30 79/236/30 93/237/30 95/238/30
f 82/239/31 78/240/31 92/241/31 96/242/31
f 83/243/32 84/244/32 98/245/32 97/246/32
f 84/247/33 82/248/33 96/249/33 98/250/33
f 85/251/34 86/252/34 100/253/34 99/254/34
f 86/255/35 81/256/35 95/257/35 100/258/35
f 77/228/36 85/259/36 99/260/36 91/229/36
f 87/261/37 88/262/37 102/263/37 101/264/37
f 88/265/38 89/266/38 103/267/38 102/268/38
f 80/269/39 90/270/39 104/271/39 94/272/39
f 89/266/38 83/243/38 97/246/38 103/267/38
f 90/273/40 87/274/40 101/275/40 104/276/40
f 106/277/26 105/278/26 112/279/26 111/280/26
f 111/280/26 110/281/26 108/282/26 107/283/26
f 111/280/26 112/279/26 109/284/26 110/281/26
f 110/281/26 109/284/26 113/285/26 114/286/26
f 109/284/26 112/279/26 116/287/26 115/288/26
f 118/289/27 123/290/27 124/291/27 117/292/27
f 123/290/27 119/293/27 120/294/27 122/295/27
f 123/290/27 122/295/27 121/296/27 124/291/27
f 122/295/27 126/297/27 125/298/27 121/296/27
f 121/296/27 127/299/27 128/300/27 124/291/27
f 111/301/41 107/302/41 119/303/41 123/304/41
f 108/305/42 110/306/42 122/307/42 120/308/42
f 107/309/37 108/305/37 120/308/37 119/310/37
f 105/311/43 106/312/43 118/313/43 117/314/43
f 106/315/44 111/316/44 123/317/44 118/318/44
f 112/319/45 105/311/45 117/314/45 124/320/45
f 114/321/46 113/322/46 125/323/46 126/324/46
f 113/325/47 109/326/47 121/327/47 125/328/47
f 110/306/48 114/329/48 126/330/48 122/307/48
f 115/331/49 116/332/49 128/333/49 127/334/49
f 116/335/34 112/319/34 124/320/34 128/336/34
f 109/337/38 115/338/38 127/339/38 121/340/38
f 137/341/27 138/342/27 132/343/27 131/344/27
f 131/345/37 132/346/37 136/347/37 135/348/37
f 139/349/26 140/350/26 134/351/26 133/352/26
f 133/353/36 134/354/36 130/355/36 129/356/36
f 137/357/38 139/358/38 133/359/38 129/360/38
f 140/361/34 138/362/34 130/363/34 134/364/34
f 136/365/34 132/366/34 138/362/34 140/361/34
f 146/367/27 145/368/27 141/369/27 143/370/27
f 135/371/26 136/372/26 140/350/26 139/349/26
f 129/373/27 130/374/27 138/342/27 137/341/27
f 141/375/38 142/376/38 144/377/38 143/378/38
f 154/379/38 153/380/38 150/381/38 149/382/38
f 145/383/37 148/384/37 142/385/37 141/386/37
f 148/387/26 147/388/26 144/389/26 142/390/26
f 135/371/26 139/349/26 147/388/26 148/387/26
f 131/345/37 135/348/37 148/384/37 145/383/37
f 139/391/36 137/392/36 146/393/36 147/394/36
f 137/341/27 131/344/27 145/368/27 146/367/27
f 152/395/36 151/396/36 149/397/36 150/398/36
f 152/399/26 156/400/26 160/401/26 158/402/26
f 153/403/26 156/400/26 152/399/26 150/404/26
f 155/405/27 154/406/27 149/407/27 151/408/27
f 146/367/27 143/370/27 154/406/27 155/405/27
f 144/389/26 147/388/26 156/400/26 153/403/26
f 147/409/34 146/410/34 155/411/34 156/412/34
f 143/378/38 144/377/38 153/380/38 154/379/38
f 160/413/34 159/414/34 157/415/34 158/416/34
f 151/396/36 152/395/36 158/417/36 157/418/36
f 156/419/37 155/420/37 159/421/37 160/422/37
f 155/405/27 151/408/27 157/423/27 159/424/27
f 163/425/26 164/426/26 162/427/26 161/428/26
f 166/429/27 167/430/27 168/431/27 165/432/27
f 164/433/34 165/434/34 168/435/34 162/436/34
f 163/437/37 166/438/37 165/439/37 164/440/37
f 162/441/36 168/442/36 167/443/36 161/444/36
f 161/445/38 167/446/38 166/447/38 163/448/38
o D1_LOW
v 0.036078 -0.878039 0.060900
v 0.034859 -0.874765 0.068905
v 0.031451 -0.875447 0.076917
v 0.026766 -0.879901 0.082789
v 0.022061 -0.886935 0.084949
v 0.018595 -0.894662 0.082817
v 0.017298 -0.901014 0.076965
v 0.018517 -0.904287 0.068961
v 0.021925 -0.903605 0.060949
v 0.026610 -0.899151 0.055076
v 0.031315 -0.892118 0.052916
v 0.034781 -0.884390 0.055048
v 0.071095 -0.900594 0.078427
v 0.068950 -0.896712 0.085951
v 0.064129 -0.896466 0.093229
v 0.057926 -0.899923 0.098313
v 0.052001 -0.906155 0.099839
v 0.047942 -0.913493 0.097399
v 0.046838 -0.919971 0.091647
v 0.048983 -0.923853 0.084124
v 0.053803 -0.924098 0.076845
v 0.060006 -0.920642 0.071762
v 0.065931 -0.914410 0.070235
v 0.069990 -0.907072 0.072675
v 0.093294 -0.922045 0.099311
v 0.090207 -0.917227 0.105908
v 0.083972 -0.915575 0.111796
v 0.076260 -0.917531 0.115397
v 0.069136 -0.922572 0.115745
v 0.064511 -0.929346 0.112748
v 0.063622 -0.936039 0.107208
v 0.066709 -0.940857 0.100610
v 0.072943 -0.942509 0.094722
v 0.080656 -0.940553 0.091122
v 0.087779 -0.935512 0.090773
v 0.092405 -0.928738 0.093771
v 0.103157 -0.941910 0.123071
v 0.099479 -0.935872 0.128196
v 0.092369 -0.932416 0.131910
v 0.083734 -0.932471 0.133217
v 0.075888 -0.936020 0.131766
v 0.070932 -0.942113 0.127947
v 0.070194 -0.949117 0.122783
v 0.073873 -0.955156 0.117658
v 0.080982 -0.958611 0.113944
v 0.089617 -0.958557 0.112637
v 0.097464 -0.955008 0.114088
v 0.102420 -0.948915 0.117907
v 0.101319 -0.958922 0.148105
v 0.097751 -0.951716 0.151511
v 0.090802 -0.946570 0.152736
v 0.082334 -0.944863 0.151451
v 0.074616 -0.947053 0.148000
v 0.069716 -0.952552 0.143308
v 0.068947 -0.959889 0.138632
v 0.072515 -0.967095 0.135226
v 0.079464 -0.972241 0.134001
v 0.087932 -0.973948 0.135286
v 0.095650 -0.971758 0.138737
v 0.100550 -0.966258 0.143429
v 0.089794 -0.972009 0.172471
v 0.086909 -0.963988 0.174372
v 0.080925 -0.957692 0.173469
v 0.073444 -0.954808 0.170006
v 0.066471 -0.956109 0.164911
v 0.061876 -0.961246 0.159547
v 0.060888 -0.968843 0.155354
v 0.063774 -0.976864 0.153453
v 0.069758 -0.983160 0.154356
v 0.077239 -0.986044 0.157819
v 0.084211 -0.984743 0.162914
v 0.088807 -0.979606 0.168278
v 0.071113 -0.980936 0.195129
v 0.069138 -0.972463 0.195895
v 0.064398 -0.965550 0.193444
v 0.058161 -0.962049 0.188432
v 0.052100 -0.962898 0.182202
v 0.047838 -0.967870 0.176424
v 0.046517 -0.975632 0.172645
v 0.048491 -0.984104 0.171879
v 0.053232 -0.991018 0.174330
v 0.059468 -0.994519 0.179342
v 0.065530 -0.993670 0.185572
v 0.069792 -0.988698 0.191350
v 0.047279 -0.985775 0.215690
v 0.046269 -0.977101 0.215610
v 0.042794 -0.969923 0.212050
v 0.037784 -0.966166 0.205963
v 0.032581 -0.966835 0.198980
v 0.028580 -0.971752 0.192973
v 0.026852 -0.979599 0.189551
v 0.027862 -0.988274 0.189631
v 0.031337 -0.995451 0.193191
v 0.036347 -0.999209 0.199278
v 0.041550 -0.998539 0.206260
v 0.045551 -0.993622 0.212268
v 0.019865 -0.986484 0.233814
v 0.019863 -0.977783 0.233063
v 0.017649 -0.970573 0.228661
v 0.013815 -0.966784 0.221789
v 0.009390 -0.967433 0.214288
v 0.005558 -0.972346 0.208168
v 0.003347 -0.980205 0.205068
v 0.003350 -0.988906 0.205820
v 0.005564 -0.996117 0.210221
v 0.009398 -0.999906 0.217093
v 0.013823 -0.999257 0.224594
v 0.017654 -0.994344 0.230714
v -0.009705 -0.982864 0.249039
v -0.008605 -0.974301 0.247718
v -0.009500 -0.967256 0.242635
v -0.012150 -0.963617 0.235151
v -0.015845 -0.964357 0.227273
v -0.019595 -0.969280 0.221110
v -0.022395 -0.977066 0.218315
v -0.023495 -0.985628 0.219636
v -0.022600 -0.992673 0.224719
v -0.019950 -0.996313 0.232203
v -0.016255 -0.995572 0.240081
v -0.012505 -0.990650 0.246244
v -0.040033 -0.974601 0.260786
v -0.037666 -0.966391 0.258976
v -0.037102 -0.959753 0.253329
v -0.038490 -0.956465 0.245359
v -0.041460 -0.957408 0.237200
v -0.045215 -0.962330 0.231039
v -0.048749 -0.969911 0.228528
v -0.051115 -0.978120 0.230338
v -0.051680 -0.984758 0.235985
v -0.050291 -0.988046 0.243955
v -0.047322 -0.987103 0.252114
v -0.043567 -0.982182 0.258275
v -0.069673 -0.961296 0.268376
v -0.065832 -0.953762 0.266194
v -0.063618 -0.947880 0.260130
v -0.063624 -0.945226 0.251809
v -0.065848 -0.946511 0.243462
v -0.069694 -0.951390 0.237325
v -0.074133 -0.958557 0.235042
v -0.077974 -0.966090 0.237224
v -0.080188 -0.971972 0.243288
v -0.080182 -0.974626 0.251609
v -0.077958 -0.973342 0.259956
v -0.074112 -0.968462 0.266093
v -0.096443 -0.942957 0.271019
v -0.091163 -0.936411 0.268665
v -0.087466 -0.931546 0.262425
v -0.086345 -0.929666 0.253970
v -0.088098 -0.931273 0.245567
v -0.092256 -0.935939 0.239467
v -0.097706 -0.942412 0.237304
v -0.102986 -0.948958 0.239658
v -0.106682 -0.953823 0.245898
v -0.107804 -0.955703 0.254353
v -0.106051 -0.954095 0.262756
v -0.101892 -0.949430 0.268856
v -0.125638 -0.914148 0.270944
v -0.119155 -0.908806 0.268558
v -0.114454 -0.904945 0.262291
v -0.112798 -0.903599 0.253822
v -0.114628 -0.905130 0.245421
v -0.119455 -0.909127 0.239339
v -0.125985 -0.914519 0.237204
v -0.132469 -0.919861 0.239590
v -0.137169 -0.923722 0.245857
v -0.138826 -0.925067 0.254326
v -0.136996 -0.923536 0.262727
v -0.132169 -0.919540 0.268809
v -0.142821 -0.888335 0.270891
v -0.135245 -0.884700 0.268508
v -0.129757 -0.882073 0.262244
v -0.127825 -0.881158 0.253776
v -0.129967 -0.882200 0.245374
v -0.135610 -0.884919 0.239289
v -0.143242 -0.888588 0.237151
v -0.150817 -0.892223 0.239534
v -0.156306 -0.894850 0.245798
v -0.158238 -0.895765 0.254266
v -0.156096 -0.894723 0.262668
v -0.150452 -0.892003 0.268753
v -0.150194 -0.865182 0.270866
v -0.141870 -0.864041 0.268486
v -0.135839 -0.863216 0.262224
v -0.133718 -0.862929 0.253757
v -0.136075 -0.863258 0.245354
v -0.142279 -0.864113 0.239267
v -0.150667 -0.865266 0.237127
v -0.158992 -0.866407 0.239507
v -0.165023 -0.867232 0.245769
v -0.167144 -0.867519 0.254236
v -0.164787 -0.867190 0.262639
v -0.158583 -0.866335 0.268726
v -0.149475 -0.844834 0.270865
v -0.141259 -0.846597 0.268485
v -0.135307 -0.847873 0.262223
v -0.133214 -0.848319 0.253756
v -0.135540 -0.847816 0.245353
v -0.141662 -0.846498 0.239266
v -0.149940 -0.844719 0.237126
v -0.158156 -0.842956 0.239505
v -0.164108 -0.841680 0.245768
v -0.166201 -0.841234 0.254235
v -0.163875 -0.841737 0.262638
v -0.157753 -0.843055 0.268725
v -0.142359 -0.827417 0.270882
v -0.135146 -0.831725 0.268500
v -0.129918 -0.834840 0.262236
v -0.128077 -0.835928 0.253768
v -0.130117 -0.834697 0.245366
v -0.135490 -0.831477 0.239280
v -0.142757 -0.827131 0.237142
v -0.149971 -0.822823 0.239524
v -0.155198 -0.819708 0.245788
v -0.157039 -0.818620 0.254256
v -0.154999 -0.819851 0.262658
v -0.149626 -0.823071 0.268744
v -0.130529 -0.813074 0.270911
v -0.124728 -0.819151 0.268525
v -0.120523 -0.823546 0.262258
v -0.119039 -0.825081 0.253790
v -0.120675 -0.823345 0.245389
v -0.124991 -0.818802 0.239306
v -0.130832 -0.812670 0.237171
v -0.136633 -0.806593 0.239557
v -0.140838 -0.802198 0.245823
v -0.142322 -0.800663 0.254292
v -0.140686 -0.802400 0.262693
v -0.136370 -0.806942 0.268776
v -0.115668 -0.801964 0.270946
v -0.111321 -0.809152 0.268557
v -0.108168 -0.814351 0.262288
v -0.107052 -0.816167 0.253819
v -0.108272 -0.814113 0.245418
v -0.111503 -0.808740 0.239338
v -0.115877 -0.801488 0.237207
v -0.120223 -0.794299 0.239596
v -0.123376 -0.789101 0.245865
v -0.124492 -0.787285 0.254334
v -0.123272 -0.789339 0.262734
v -0.120042 -0.794712 0.268815
v -0.099471 -0.794251 0.270983
v -0.096582 -0.802137 0.268590
v -0.094482 -0.807841 0.262319
v -0.093736 -0.809834 0.253849
v -0.094541 -0.807581 0.245450
v -0.096684 -0.801687 0.239372
v -0.099589 -0.793731 0.237244
v -0.102478 -0.785844 0.239636
v -0.104578 -0.780140 0.245907
v -0.105325 -0.778148 0.254377
v -0.104519 -0.780400 0.262777
v -0.102376 -0.786294 0.268855
v -0.083643 -0.790095 0.271015
v -0.082429 -0.798405 0.268619
v -0.081543 -0.804415 0.262346
v -0.081221 -0.806516 0.253875
v -0.081551 -0.804143 0.245476
v -0.082444 -0.797933 0.239401
v -0.083660 -0.789550 0.237276
v -0.084874 -0.781240 0.239672
v -0.085761 -0.775229 0.245945
v -0.086082 -0.773129 0.254416
v -0.085752 -0.775502 0.262815
v -0.084859 -0.781712 0.268890
v -0.069895 -0.789648 0.271037
v -0.071132 -0.797953 0.268638
v -0.072021 -0.803961 0.262362
v -0.072324 -0.806060 0.253890
v -0.071960 -0.803688 0.245492
v -0.071027 -0.797482 0.239420
v -0.069774 -0.789103 0.237299
v -0.068537 -0.780797 0.239698
v -0.067648 -0.774790 0.245974
v -0.067345 -0.772691 0.254446
v -0.067709 -0.775062 0.262844
v -0.068642 -0.781269 0.268916
v -0.059945 -0.793030 0.271044
v -0.065182 -0.799594 0.268644
v -0.068971 -0.804338 0.262366
v -0.070295 -0.805992 0.253894
v -0.068801 -0.804113 0.245497
v -0.064889 -0.799204 0.239425
v -0.059606 -0.792580 0.237306
v -0.054369 -0.786017 0.239707
v -0.050580 -0.781272 0.245984
v -0.049255 -0.779618 0.254457
v -0.050749 -0.781497 0.262854
v -0.054662 -0.786407 0.268925
v -0.055424 -0.800348 0.271031
v -0.063746 -0.801485 0.268641
v -0.069772 -0.802296 0.262371
v -0.071885 -0.802563 0.253901
v -0.069520 -0.802216 0.245501
v -0.063311 -0.801346 0.239422
v -0.054921 -0.800187 0.237292
v -0.046598 -0.799050 0.239682
v -0.040573 -0.798239 0.245952
v -0.038460 -0.797972 0.254421
v -0.040824 -0.798320 0.262821
v -0.047034 -0.799190 0.268901
v -0.035709 0.942709 0.468187
v -0.032764 0.941539 0.476325
v -0.030902 0.944752 0.484230
v -0.030624 0.951487 0.489783
v -0.032003 0.959939 0.491497
v -0.034670 0.967843 0.488912
v -0.037910 0.973082 0.482722
v -0.040855 0.974252 0.474583
v -0.042717 0.971039 0.466679
v -0.042995 0.964304 0.461125
v -0.041616 0.955853 0.459411
v -0.038949 0.947948 0.461996
v -0.050516 0.938482 0.469495
v -0.051631 0.936138 0.477833
v -0.054189 0.938073 0.485956
v -0.057504 0.943769 0.491687
v -0.060688 0.951699 0.493491
v -0.062888 0.959738 0.490883
v -0.063514 0.965733 0.484563
v -0.062399 0.968077 0.476224
v -0.059841 0.966142 0.468101
v -0.056526 0.960446 0.462370
v -0.053342 0.952516 0.460567
v -0.051142 0.944477 0.463175
v -0.061091 0.933941 0.462951
v -0.065678 0.930182 0.469362
v -0.071954 0.930601 0.475421
v -0.078237 0.935087 0.479503
v -0.082845 0.942437 0.480516
v -0.084541 0.950681 0.478188
v -0.082872 0.957612 0.473143
v -0.078285 0.961371 0.466732
v -0.072009 0.960951 0.460673
v -0.065725 0.956466 0.456590
v -0.061118 0.949116 0.455578
v -0.059422 0.940871 0.457906
v -0.069691 0.928742 0.448355
v -0.075882 0.924090 0.452392
v -0.083829 0.923578 0.455978
v -0.091402 0.927346 0.458151
v -0.096572 0.934382 0.458331
v -0.097954 0.942801 0.456468
v -0.095178 0.950349 0.453062
v -0.088986 0.955001 0.449026
v -0.081039 0.955512 0.445440
v -0.073466 0.951745 0.443266
v -0.068296 0.944709 0.443087
v -0.066914 0.936289 0.444950
v -0.075849 0.923640 0.426474
v -0.082572 0.918583 0.428821
v -0.091043 0.917672 0.430739
v -0.098994 0.921152 0.431712
v -0.104293 0.928090 0.431480
v -0.105522 0.936627 0.430106
v -0.102350 0.944475 0.427957
v -0.095627 0.949531 0.425609
v -0.087156 0.950442 0.423692
v -0.079205 0.946962 0.422719
v -0.073906 0.940024 0.422951
v -0.072677 0.931488 0.424325
v -0.079349 0.919644 0.399738
v -0.086242 0.914412 0.400913
v -0.094867 0.913344 0.401781
v -0.102911 0.916727 0.402109
v -0.108221 0.923655 0.401809
v -0.109372 0.932271 0.400962
v -0.106057 0.940266 0.399795
v -0.099164 0.945498 0.398620
v -0.090540 0.946565 0.397753
v -0.082495 0.943182 0.397425
v -0.077186 0.936254 0.397724
v -0.076034 0.927639 0.398571
v -0.080613 0.917575 0.370611
v -0.087554 0.912280 0.370853
v -0.096214 0.911165 0.371017
v -0.104274 0.914530 0.371060
v -0.109573 0.921471 0.370969
v -0.110691 0.930130 0.370770
v -0.107329 0.938187 0.370516
v -0.100389 0.943482 0.370274
v -0.091728 0.944597 0.370110
v -0.083669 0.941233 0.370067
v -0.078370 0.934291 0.370158
v -0.077252 0.925632 0.370357
v -0.080268 0.918189 0.341324
v -0.087203 0.912921 0.340673
v -0.095860 0.911821 0.340326
v -0.103919 0.915185 0.340375
v -0.109221 0.922111 0.340808
v -0.110346 0.930744 0.341509
v -0.106991 0.938769 0.342289
v -0.100056 0.944038 0.342939
v -0.091400 0.945137 0.343286
v -0.083340 0.941773 0.343237
v -0.078038 0.934847 0.342804
v -0.076913 0.926215 0.342104
v -0.078985 0.922332 0.313857
v -0.085876 0.917241 0.312165
v -0.094516 0.916209 0.311418
v -0.102590 0.919513 0.311817
v -0.107935 0.926269 0.313255
v -0.109118 0.934665 0.315347
v -0.105823 0.942452 0.317532
v -0.098933 0.947544 0.319225
v -0.090293 0.948575 0.319972
v -0.082218 0.945271 0.319573
v -0.076874 0.938515 0.318134
v -0.075690 0.930119 0.316043
v -0.077446 0.931310 0.289933
v -0.084255 0.926806 0.286829
v -0.092876 0.925907 0.285763
v -0.101000 0.928855 0.287019
v -0.106450 0.934860 0.290261
v -0.107767 0.942312 0.294620
v -0.104596 0.949215 0.298928
v -0.097787 0.953719 0.302032
v -0.089166 0.954618 0.303099
v -0.081042 0.951670 0.301843
v -0.075591 0.945665 0.298601
v -0.074275 0.938213 0.294241
v -0.076466 0.947413 0.271994
v -0.083202 0.944501 0.267259
v -0.091814 0.943796 0.265995
v -0.099996 0.945485 0.268540
v -0.105554 0.949116 0.274214
v -0.107000 0.953717 0.281495
v -0.103946 0.958054 0.288433
v -0.097210 0.960966 0.293168
v -0.088597 0.961671 0.294433
v -0.080416 0.959982 0.291887
v -0.074857 0.956350 0.286213
v -0.073412 0.951750 0.278932
v -0.077137 0.971313 0.265226
v -0.083948 0.970842 0.259781
v -0.092565 0.970265 0.258479
v -0.100678 0.969738 0.261669
v -0.106113 0.969401 0.268497
v -0.107414 0.969344 0.277133
v -0.104232 0.969583 0.285262
v -0.097420 0.970054 0.290708
v -0.088804 0.970631 0.292010
v -0.080691 0.971158 0.288819
v -0.075256 0.971495 0.281991
v -0.073955 0.971552 0.273356
v -0.079773 0.997625 0.272131
v -0.086681 0.999065 0.266985
v -0.095331 0.999160 0.265789
v -0.103406 0.997886 0.268862
v -0.108742 0.995584 0.275381
v -0.109908 0.992870 0.283600
v -0.106594 0.990473 0.291316
v -0.099685 0.989033 0.296461
v -0.091035 0.988938 0.297658
v -0.082960 0.990212 0.294584
v -0.077624 0.992514 0.288065
v -0.076458 0.995228 0.279846
v -0.079202 1.018802 0.280483
v -0.085956 1.021680 0.275754
v -0.094378 1.023921 0.275179
v -0.102210 1.024922 0.278911
v -0.107354 1.024416 0.285951
v -0.108431 1.022539 0.294412
v -0.105153 1.019793 0.302027
v -0.098399 1.016915 0.306756
v -0.089977 1.014675 0.307331
v -0.082145 1.013674 0.303599
v -0.077001 1.014179 0.296559
v -0.075924 1.016056 0.288098
v -0.072827 1.032449 0.282179
v -0.078953 1.036688 0.277622
v -0.086081 1.041730 0.277400
v -0.092300 1.046223 0.281571
v -0.095945 1.048963 0.289020
v -0.096039 1.049216 0.297749
v -0.092556 1.046914 0.305420
v -0.086430 1.042675 0.309977
v -0.079302 1.037632 0.310200
v -0.073083 1.033140 0.306028
v -0.069438 1.030400 0.298580
v -0.069344 1.030147 0.289850
v -0.061278 1.043509 0.279709
v -0.066519 1.048655 0.274984
v -0.071802 1.055586 0.274413
v -0.075712 1.062444 0.278148
v -0.077201 1.067391 0.285189
v -0.075870 1.069103 0.293649
v -0.072076 1.067120 0.301261
v -0.066835 1.061974 0.305986
v -0.061552 1.055043 0.306557
v -0.057642 1.048186 0.302822
v -0.056153 1.043238 0.295781
v -0.057484 1.041526 0.287321
v -0.044588 1.052310 0.273144
v -0.049079 1.057878 0.268135
v -0.052768 1.065706 0.266957
v -0.054667 1.073697 0.269928
v -0.054266 1.079708 0.276251
v -0.051674 1.082130 0.284231
v -0.047584 1.080313 0.291731
v -0.043093 1.074745 0.296740
v -0.039404 1.066917 0.297917
v -0.037505 1.058927 0.294947
v -0.037905 1.052916 0.288624
v -0.040498 1.050494 0.280644
v -0.024398 1.057899 0.262996
v -0.028336 1.063629 0.257711
v -0.030809 1.071814 0.255930
v -0.031155 1.080259 0.258128
v -0.029281 1.086702 0.263718
v -0.025689 1.089417 0.271201
v -0.021341 1.087676 0.278573
v -0.017403 1.081945 0.283857
v -0.014930 1.073761 0.285639
v -0.014584 1.065316 0.283441
v -0.016458 1.058873 0.277851
v -0.020050 1.056158 0.270368
v -0.003046 1.059737 0.250365
v -0.006553 1.065506 0.244825
v -0.008031 1.073781 0.242455
v -0.007084 1.082343 0.243889
v -0.003965 1.088900 0.248743
v 0.000489 1.091693 0.255717
v 0.005085 1.089974 0.262941
v 0.008592 1.084205 0.268481
v 0.010070 1.075930 0.270851
v 0.009123 1.067368 0.269417
v 0.006004 1.060811 0.264563
v 0.001550 1.058018 0.257590
v 0.017101 1.057766 0.236581
v 0.013977 1.063496 0.230777
v 0.013440 1.071674 0.227758
v 0.015633 1.080108 0.228333
v 0.019969 1.086538 0.232348
v 0.025286 1.089242 0.238727
v 0.030159 1.087495 0.245761
v 0.033283 1.081765 0.251565
v 0.033820 1.073588 0.254583
v 0.031627 1.065154 0.254008
v 0.027291 1.058723 0.249993
v 0.021974 1.056020 0.243614
v 0.033738 1.052326 0.223135
v 0.031005 1.057919 0.217009
v 0.031489 1.065738 0.213149
v 0.035060 1.073688 0.212588
v 0.040761 1.079639 0.215478
v 0.047065 1.081997 0.221044
v 0.052282 1.080129 0.227794
v 0.055015 1.074537 0.233920
v 0.054531 1.066718 0.237780
v 0.050960 1.058767 0.238340
v 0.045259 1.052816 0.235450
v 0.038955 1.050458 0.229885
v 0.044825 1.044348 0.211696
v 0.042505 1.049610 0.205123
v 0.044125 1.056520 0.200034
v 0.049251 1.063226 0.197792
v 0.056508 1.067932 0.198999
v 0.063953 1.069377 0.203330
v 0.069590 1.067173 0.209626
v 0.071909 1.061911 0.216199
v 0.070289 1.055001 0.221288
v 0.065164 1.048295 0.223530
v 0.057907 1.043589 0.222323
v 0.050462 1.042144 0.217992
v 0.049567 1.035228 0.203461
v 0.047542 1.039818 0.196312
v 0.050000 1.044817 0.189586
v 0.056281 1.048885 0.185084
v 0.064703 1.050933 0.184013
v 0.073009 1.050411 0.186660
v 0.078974 1.047459 0.192315
v 0.080999 1.042869 0.199463
v 0.078542 1.037870 0.206190
v 0.072260 1.033802 0.210692
v 0.063838 1.031755 0.211763
v 0.055532 1.032277 0.209116
v 0.048316 1.024264 0.197716
v 0.046196 1.027958 0.190091
v 0.048377 1.030348 0.181979
v 0.054275 1.030793 0.175554
v 0.062309 1.029175 0.172536
v 0.070327 1.025927 0.173735
v 0.076180 1.021919 0.178829
v 0.078299 1.018225 0.186453
v 0.076118 1.015835 0.194565
v 0.070221 1.015390 0.200991
v 0.062187 1.017008 0.204009
v 0.054169 1.020257 0.202810
v 0.038650 1.008331 0.193968
v 0.036121 1.011298 0.186153
v 0.037094 1.011538 0.177478
v 0.041307 1.008986 0.170266
v 0.047631 1.004326 0.166451
v 0.054373 0.998806 0.167054
v 0.059724 0.993906 0.171914
v 0.062253 0.990939 0.179729
v 0.061280 0.990700 0.188405
v 0.057067 0.993252 0.195617
v 0.050743 0.997912 0.199432
v 0.044001 1.003431 0.198829
v -0.023926 0.933101 0.082473
v -0.019659 0.932417 0.090062
v -0.017373 0.935794 0.097785
v -0.017680 0.942328 0.103571
v -0.020497 0.950269 0.105871
v -0.025070 0.957488 0.104068
v -0.030173 0.962050 0.098645
v -0.034440 0.962734 0.091055
v -0.036726 0.959357 0.083333
v -0.036420 0.952823 0.077547
v -0.033603 0.944883 0.075247
v -0.029030 0.937664 0.077050
v -0.048577 0.921173 0.097096
v -0.043595 0.920833 0.104261
v -0.040464 0.924617 0.111482
v -0.040022 0.931512 0.116824
v -0.042388 0.939670 0.118856
v -0.046927 0.946904 0.117033
v -0.052424 0.951277 0.111843
v -0.057406 0.951617 0.104678
v -0.060537 0.947833 0.097457
v -0.060979 0.940938 0.092115
v -0.058613 0.932781 0.090083
v -0.054074 0.925546 0.091906
v -0.069920 0.911999 0.113275
v -0.064267 0.911945 0.119932
v -0.060307 0.916082 0.126526
v -0.059102 0.923301 0.131291
v -0.060975 0.931669 0.132949
v -0.065422 0.938943 0.131056
v -0.071254 0.943173 0.126121
v -0.076907 0.943228 0.119464
v -0.080866 0.939091 0.112870
v -0.082071 0.931871 0.108105
v -0.080199 0.923504 0.106447
v -0.075751 0.916230 0.108339
v -0.088072 0.905654 0.130333
v -0.081802 0.905811 0.136411
v -0.077029 0.910227 0.142241
v -0.075032 0.917718 0.146261
v -0.076344 0.926278 0.147394
v -0.080616 0.933612 0.145336
v -0.086702 0.937755 0.140639
v -0.092971 0.937598 0.134561
v -0.097745 0.933182 0.128731
v -0.099742 0.925691 0.124711
v -0.098430 0.917132 0.123578
v -0.094158 0.909797 0.125636
v -0.103176 0.902250 0.147656
v -0.096341 0.902529 0.153085
v -0.090748 0.907120 0.157975
v -0.087897 0.914794 0.161017
v -0.088552 0.923495 0.161394
v -0.092536 0.930891 0.159006
v -0.098782 0.935000 0.154494
v -0.105618 0.934721 0.149065
v -0.111210 0.930130 0.144174
v -0.114061 0.922455 0.141133
v -0.113407 0.913755 0.140756
v -0.109423 0.906359 0.143143
v -0.115403 0.902019 0.164760
v -0.108048 0.902297 0.169460
v -0.101602 0.906888 0.173155
v -0.097793 0.914560 0.174854
v -0.097640 0.923260 0.174102
v -0.101187 0.930655 0.171100
v -0.107481 0.934765 0.166654
v -0.114836 0.934487 0.161954
v -0.121282 0.929896 0.158259
v -0.125091 0.922223 0.156560
v -0.125243 0.913524 0.157312
v -0.121697 0.906129 0.160313
v -0.124892 0.905528 0.181314
v -0.117070 0.905615 0.185197
v -0.109726 0.909838 0.187320
v -0.104828 0.917066 0.187112
v -0.103688 0.925361 0.184630
v -0.106611 0.932501 0.180539
v -0.112815 0.936573 0.175934
v -0.120636 0.936486 0.172050
v -0.127980 0.932263 0.169928
v -0.132879 0.925036 0.170135
v -0.134019 0.916741 0.172617
v -0.131096 0.909601 0.176709
v -0.131429 0.914008 0.196729
v -0.123255 0.913611 0.199777
v -0.115090 0.916706 0.199956
v -0.109123 0.922465 0.197218
v -0.106953 0.929345 0.192295
v -0.109160 0.935501 0.186507
v -0.115154 0.939285 0.181406
v -0.123329 0.939683 0.178357
v -0.131493 0.936587 0.178178
v -0.137460 0.930828 0.180917
v -0.139630 0.923949 0.185840
v -0.137423 0.917792 0.191627
v -0.134020 0.928501 0.208732
v -0.125715 0.927364 0.211182
v -0.117174 0.928332 0.209638
v -0.110686 0.931148 0.204514
v -0.107989 0.935056 0.197184
v -0.109806 0.939009 0.189612
v -0.115650 0.941948 0.183826
v -0.123956 0.943085 0.181377
v -0.132497 0.942117 0.182921
v -0.138985 0.939301 0.188044
v -0.141682 0.935393 0.195374
v -0.139865 0.931440 0.202946
v -0.132095 0.947202 0.214051
v -0.123848 0.945427 0.216312
v -0.115525 0.944027 0.214068
v -0.109355 0.943378 0.207921
v -0.106992 0.943654 0.199518
v -0.109069 0.944780 0.191110
v -0.115030 0.946456 0.184951
v -0.123277 0.948232 0.182690
v -0.131600 0.949632 0.184934
v -0.137769 0.950281 0.191081
v -0.140132 0.950005 0.199484
v -0.138055 0.948878 0.207892
v -0.126714 0.967252 0.212129
v -0.118543 0.965177 0.214412
v -0.110643 0.962119 0.212290
v -0.105130 0.958896 0.206333
v -0.103480 0.956372 0.198137
v -0.106137 0.955225 0.189897
v -0.112389 0.955760 0.183822
v -0.120559 0.957834 0.181539
v -0.128460 0.960893 0.183660
v -0.133973 0.964115 0.189618
v -0.135622 0.966639 0.197814
v -0.132965 0.967787 0.206054
v -0.118859 0.988315 0.203890
v -0.110712 0.986176 0.206196
v -0.103146 0.982195 0.204416
v -0.098188 0.977437 0.199025
v -0.097167 0.973179 0.191469
v -0.100356 0.970561 0.183772
v -0.106901 0.970284 0.177996
v -0.115048 0.972422 0.175690
v -0.122615 0.976404 0.177471
v -0.127573 0.981161 0.182862
v -0.128594 0.985419 0.190418
v -0.125405 0.988038 0.198115
v -0.108787 1.011026 0.189563
v -0.100825 1.008489 0.192103
v -0.093615 1.003746 0.190769
v -0.089087 0.998068 0.185919
v -0.088455 0.992975 0.178853
v -0.091889 0.989833 0.171463
v -0.098468 0.989483 0.165730
v -0.106430 0.992020 0.163190
v -0.113640 0.996763 0.164524
v -0.118168 1.002442 0.169374
v -0.118800 1.007534 0.176441
v -0.115366 1.010676 0.183830
v -0.094351 1.033763 0.173331
v -0.087119 1.030134 0.176616
v -0.080591 1.024367 0.175980
v -0.076516 1.018009 0.171593
v -0.075987 1.012763 0.164631
v -0.079145 1.010034 0.156960
v -0.085144 1.010554 0.150634
v -0.092376 1.014184 0.147349
v -0.098904 1.019950 0.147985
v -0.102979 1.026308 0.152372
v -0.103508 1.031555 0.159334
v -0.100350 1.034283 0.167005
v -0.075368 1.052307 0.161003
v -0.069381 1.047451 0.165108
v -0.063910 1.040644 0.165168
v -0.060421 1.033710 0.161167
v -0.059848 1.028506 0.154176
v -0.062346 1.026427 0.146070
v -0.067245 1.028030 0.139020
v -0.073233 1.032885 0.134916
v -0.078704 1.039692 0.134856
v -0.082193 1.046627 0.138857
v -0.082765 1.051831 0.145847
v -0.080267 1.053910 0.153953
v -0.053109 1.066873 0.152052
v -0.048500 1.061108 0.156721
v -0.044223 1.053513 0.157269
v -0.041423 1.046124 0.153550
v -0.040851 1.040920 0.146560
v -0.042659 1.039296 0.138171
v -0.046364 1.041686 0.130633
v -0.050973 1.047451 0.125964
v -0.055250 1.055046 0.125415
v -0.058050 1.062435 0.129135
v -0.058622 1.067639 0.136125
v -0.056814 1.069263 0.144513
v -0.029003 1.077450 0.146079
v -0.025807 1.071063 0.151105
v -0.022787 1.062914 0.151971
v -0.020754 1.055187 0.148445
v -0.020251 1.049952 0.141472
v -0.021414 1.048612 0.132921
v -0.023931 1.051527 0.125082
v -0.027127 1.057914 0.120057
v -0.030147 1.066063 0.119191
v -0.032180 1.073790 0.122716
v -0.032683 1.079024 0.129689
v -0.031520 1.080364 0.138240
v -0.004424 1.084029 0.142686
v -0.002677 1.077256 0.147916
v -0.000998 1.068751 0.148970
v 0.000164 1.060792 0.145567
v 0.000497 1.055512 0.138619
v -0.000088 1.054327 0.129986
v -0.001434 1.057552 0.121982
v -0.003181 1.064325 0.116753
v -0.004860 1.072830 0.115698
v -0.006022 1.080789 0.119101
v -0.006355 1.086069 0.126050
v -0.005770 1.087255 0.134682
v 0.019349 1.086560 0.141490
v 0.019504 1.079629 0.146801
v 0.019643 1.070970 0.147935
v 0.019730 1.062905 0.144587
v 0.019741 1.057593 0.137654
v 0.019673 1.056458 0.128995
v 0.019545 1.059805 0.120930
v 0.019390 1.066736 0.115619
v 0.019251 1.075395 0.114485
v 0.019164 1.083460 0.117833
v 0.019153 1.088772 0.124766
v 0.019221 1.089906 0.133425
v 0.041179 1.084843 0.142162
v 0.039386 1.078097 0.147410
v 0.037551 1.069625 0.148479
v 0.036165 1.061699 0.145084
v 0.035602 1.056442 0.138133
v 0.036010 1.055263 0.129489
v 0.037282 1.058477 0.121469
v 0.039075 1.065223 0.116221
v 0.040910 1.073694 0.115151
v 0.042295 1.081620 0.118547
v 0.042859 1.086877 0.125498
v 0.042451 1.088057 0.134142
v 0.060018 1.078215 0.144503
v 0.055673 1.072453 0.149420
v 0.051145 1.065020 0.150141
v 0.047647 1.057908 0.146472
v 0.046117 1.053023 0.139396
v 0.046965 1.051674 0.130809
v 0.049963 1.054222 0.123012
v 0.054309 1.059985 0.118095
v 0.058837 1.067418 0.117374
v 0.062334 1.074530 0.121043
v 0.063864 1.079414 0.128119
v 0.063016 1.080763 0.136706
v 0.073886 1.065340 0.148428
v 0.066846 1.062233 0.152559
v 0.059391 1.057686 0.152426
v 0.053519 1.052917 0.148063
v 0.050802 1.049202 0.140641
v 0.051969 1.047538 0.132147
v 0.056708 1.048371 0.124858
v 0.063747 1.051476 0.120727
v 0.071202 1.056024 0.120861
v 0.077075 1.060794 0.125223
v 0.079792 1.064508 0.132646
v 0.078625 1.066172 0.141139
v 0.078812 1.046508 0.153276
v 0.070701 1.047351 0.156401
v 0.062058 1.047179 0.155154
v 0.055201 1.046039 0.149867
v 0.051966 1.044236 0.141958
v 0.053219 1.042253 0.133546
v 0.058626 1.040622 0.126884
v 0.066737 1.039779 0.123758
v 0.075379 1.039951 0.125006
v 0.082237 1.041091 0.130292
v 0.085472 1.042894 0.138201
v 0.084218 1.044877 0.146614
v 0.072848 1.024703 0.157836
v 0.065463 1.028656 0.160307
v 0.057640 1.031991 0.158321
v 0.051473 1.033812 0.152410
v 0.048617 1.033632 0.144159
v 0.049836 1.031500 0.135778
v 0.054803 1.027986 0.129513
v 0.062188 1.024033 0.127043
v 0.070012 1.020699 0.129029
v 0.076178 1.018877 0.134939
v 0.079034 1.019057 0.143190
v 0.077816 1.021189 0.151571
v 0.056460 1.000866 0.161631
v 0.050212 1.006562 0.163819
v 0.043689 1.011890 0.161510
v 0.038639 1.015422 0.155322
v 0.036415 1.016213 0.146913
v 0.037614 1.014050 0.138537
v 0.041914 1.009512 0.132438
v 0.048162 1.003817 0.130251
v 0.054685 0.998489 0.132560
v 0.059735 0.994956 0.138748
v 0.061959 0.994166 0.147156
v 0.060760 0.996329 0.155532
v -0.060397 0.945962 -0.036811
v -0.058270 0.945047 -0.028390
v -0.055584 0.948532 -0.020846
v -0.053060 0.955483 -0.016200
v -0.051373 0.964037 -0.015697
v -0.050976 0.971902 -0.019472
v -0.051976 0.976972 -0.026512
v -0.054103 0.977886 -0.034933
v -0.056789 0.974401 -0.042477
v -0.059313 0.967451 -0.047123
v -0.061000 0.958897 -0.047627
v -0.061396 0.951031 -0.043852
v -0.062921 0.946202 -0.036425
v -0.063390 0.945493 -0.027733
v -0.063890 0.949232 -0.019856
v -0.064288 0.956415 -0.014905
v -0.064475 0.965119 -0.014206
v -0.064403 0.973010 -0.017947
v -0.064090 0.977975 -0.025125
v -0.063620 0.978683 -0.033817
v -0.063120 0.974945 -0.041693
v -0.062723 0.967761 -0.046645
v -0.062535 0.959058 -0.047344
v -0.062608 0.951167 -0.043603
v -0.064250 0.945992 -0.036746
v -0.067515 0.944973 -0.028710
v -0.071322 0.948343 -0.021609
v -0.074651 0.955200 -0.017346
v -0.076610 0.963706 -0.017063
v -0.076674 0.971582 -0.020836
v -0.074826 0.976718 -0.027653
v -0.071561 0.977738 -0.035689
v -0.067754 0.974367 -0.042790
v -0.064425 0.967510 -0.047053
v -0.062466 0.959004 -0.047336
v -0.062402 0.951128 -0.043563
v -0.066183 0.945270 -0.038145
v -0.071529 0.943623 -0.031438
v -0.077661 0.946293 -0.025823
v -0.082938 0.952563 -0.022803
v -0.085943 0.960754 -0.023188
v -0.085873 0.968671 -0.026875
v -0.082746 0.974192 -0.032876
v -0.077400 0.975838 -0.039583
v -0.071267 0.973168 -0.045199
v -0.065991 0.966898 -0.048218
v -0.062985 0.958707 -0.047833
v -0.063055 0.950791 -0.044146
v -0.068933 0.943809 -0.041498
v -0.075467 0.941599 -0.036141
v -0.082804 0.943698 -0.031894
v -0.088978 0.949542 -0.029895
v -0.092334 0.957566 -0.030679
v -0.091974 0.965620 -0.034037
v -0.087994 0.971546 -0.039068
v -0.081460 0.973756 -0.044425
v -0.074123 0.971657 -0.048672
v -0.067949 0.965813 -0.050671
v -0.064592 0.957789 -0.049887
v -0.064952 0.949735 -0.046529
v -0.071927 0.941938 -0.046867
v -0.079111 0.939353 -0.042625
v -0.086992 0.941138 -0.039313
v -0.093459 0.946814 -0.037816
v -0.096779 0.954859 -0.038538
v -0.096062 0.963119 -0.041283
v -0.091501 0.969380 -0.045316
v -0.084317 0.971964 -0.049558
v -0.076436 0.970179 -0.052870
v -0.069969 0.964504 -0.054366
v -0.066649 0.956458 -0.053645
v -0.067366 0.948198 -0.050900
v -0.074888 0.940273 -0.053931
v -0.082464 0.937486 -0.050596
v -0.090557 0.939162 -0.047774
v -0.096999 0.944850 -0.046221
v -0.100065 0.953027 -0.046354
v -0.098932 0.961501 -0.048136
v -0.093904 0.968002 -0.051091
v -0.086329 0.970788 -0.054426
v -0.078236 0.969112 -0.057248
v -0.071793 0.963424 -0.058801
v -0.068728 0.955248 -0.058668
v -0.069861 0.946774 -0.056886
v -0.077866 0.939586 -0.062444
v -0.085715 0.936749 -0.059870
v -0.093824 0.938422 -0.057094
v -0.100022 0.944155 -0.054859
v -0.102647 0.952412 -0.053766
v -0.100996 0.960982 -0.054106
v -0.095512 0.967566 -0.055788
v -0.087663 0.970402 -0.058362
v -0.079554 0.968730 -0.061139
v -0.073356 0.962997 -0.063373
v -0.070731 0.954740 -0.064467
v -0.072382 0.946170 -0.064127
v -0.081087 0.940984 -0.072158
v -0.089150 0.938249 -0.070216
v -0.097112 0.939852 -0.067006
v -0.102839 0.945363 -0.063387
v -0.104797 0.953306 -0.060329
v -0.102461 0.961552 -0.058653
v -0.096456 0.967892 -0.058806
v -0.088393 0.970627 -0.060748
v -0.080431 0.969024 -0.063958
v -0.074704 0.963513 -0.067577
v -0.072746 0.955570 -0.070635
v -0.075082 0.947324 -0.072311
v -0.084734 0.945887 -0.082134
v -0.092964 0.943377 -0.080638
v -0.100621 0.944567 -0.076608
v -0.105652 0.949139 -0.071126
v -0.106710 0.955866 -0.065658
v -0.103511 0.962947 -0.061671
v -0.096912 0.968485 -0.060233
v -0.088682 0.970995 -0.061729
v -0.081026 0.969805 -0.065758
v -0.075995 0.965233 -0.071241
v -0.074937 0.958506 -0.076709
v -0.078136 0.951425 -0.080696
v -0.088671 0.954904 -0.090329
v -0.097002 0.952624 -0.089043
v -0.104268 0.952932 -0.084207
v -0.108521 0.955745 -0.077117
v -0.108621 0.960311 -0.069673
v -0.104542 0.965405 -0.063869
v -0.097377 0.969662 -0.061261
v -0.089045 0.971943 -0.062547
v -0.081780 0.971635 -0.067383
v -0.077527 0.968821 -0.074473
v -0.077426 0.964256 -0.081917
v -0.081505 0.959162 -0.087721
v -0.092612 0.967105 -0.095216
v -0.100981 0.964939 -0.093977
v -0.107896 0.964181 -0.088697
v -0.111503 0.965033 -0.080789
v -0.110836 0.967268 -0.072373
v -0.106074 0.970287 -0.065704
v -0.098492 0.973280 -0.062568
v -0.090123 0.975446 -0.063806
v -0.083208 0.976204 -0.069087
v -0.079601 0.975352 -0.076995
v -0.080268 0.973117 -0.085411
v -0.085030 0.970098 -0.092080
v -0.096412 0.981603 -0.096778
v -0.104948 0.980156 -0.095627
v -0.111779 0.979037 -0.090303
v -0.115076 0.978545 -0.082230
v -0.113954 0.978811 -0.073574
v -0.108715 0.979765 -0.066652
v -0.100762 0.981151 -0.063319
v -0.092227 0.982597 -0.064470
v -0.085395 0.983716 -0.069794
v -0.082099 0.984208 -0.077867
v -0.083220 0.983942 -0.086524
v -0.088460 0.982988 -0.093446
v -0.098438 1.011078 -0.094329
v -0.107020 1.011976 -0.092978
v -0.113872 1.011911 -0.087564
v -0.117158 1.010901 -0.079536
v -0.115998 1.009217 -0.071045
v -0.110703 1.007310 -0.064367
v -0.102691 1.005690 -0.061291
v -0.094110 1.004793 -0.062641
v -0.087258 1.004858 -0.068056
v -0.083972 1.005867 -0.076084
v -0.085131 1.007552 -0.084575
v -0.090426 1.009459 -0.091253
v -0.089869 1.035074 -0.087464
v -0.097493 1.038761 -0.085332
v -0.103830 1.040197 -0.079497
v -0.107181 1.038999 -0.071521
v -0.106649 1.035487 -0.063543
v -0.102375 1.030602 -0.057699
v -0.095505 1.025653 -0.055557
v -0.087880 1.021967 -0.057688
v -0.081544 1.020530 -0.063524
v -0.078192 1.021729 -0.071499
v -0.078725 1.025241 -0.079477
v -0.082999 1.030126 -0.085321
v -0.073212 1.053452 -0.077358
v -0.079363 1.058856 -0.074320
v -0.084916 1.061206 -0.068002
v -0.088383 1.059872 -0.060098
v -0.088835 1.055212 -0.052726
v -0.086151 1.048475 -0.047860
v -0.081050 1.041465 -0.046806
v -0.074899 1.036061 -0.049844
v -0.069346 1.033711 -0.056162
v -0.065879 1.035045 -0.064066
v -0.065427 1.039705 -0.071438
v -0.068111 1.046442 -0.076303
v -0.051107 1.066452 -0.065151
v -0.055926 1.072678 -0.061371
v -0.060785 1.075456 -0.054667
v -0.064382 1.074043 -0.046835
v -0.065752 1.068816 -0.039974
v -0.064529 1.061177 -0.035922
v -0.061041 1.053172 -0.035764
v -0.056221 1.046947 -0.039544
v -0.051362 1.044168 -0.046248
v -0.047766 1.045582 -0.054080
v -0.046395 1.050808 -0.060941
v -0.047618 1.058448 -0.064993
v -0.025804 1.074513 -0.051773
v -0.029543 1.081096 -0.047420
v -0.033858 1.084054 -0.040427
v -0.037593 1.082595 -0.032668
v -0.039746 1.077110 -0.026223
v -0.039742 1.069067 -0.022818
v -0.037581 1.060623 -0.023366
v -0.033841 1.054040 -0.027719
v -0.029526 1.051082 -0.034712
v -0.025792 1.052541 -0.042471
v -0.023638 1.058027 -0.048916
v -0.023643 1.066069 -0.052321
v 0.000622 1.077934 -0.038088
v -0.002174 1.084641 -0.033244
v -0.006038 1.087659 -0.026016
v -0.009936 1.086178 -0.018343
v -0.012824 1.080596 -0.012279
v -0.013926 1.072407 -0.009449
v -0.012949 1.063807 -0.010612
v -0.010153 1.057100 -0.015457
v -0.006289 1.054082 -0.022684
v -0.002391 1.055563 -0.030357
v 0.000496 1.061145 -0.036421
v 0.001599 1.069334 -0.039251
v 0.026159 1.076876 -0.024932
v 0.024330 1.083537 -0.019588
v 0.020895 1.086534 -0.012139
v 0.016774 1.085063 -0.004581
v 0.013072 1.079520 0.001062
v 0.010779 1.071389 0.003276
v 0.010512 1.062849 0.001469
v 0.012341 1.056188 -0.003875
v 0.015776 1.053191 -0.011324
v 0.019896 1.054661 -0.018883
v 0.023599 1.060204 -0.024525
v 0.025891 1.068336 -0.026739
v 0.048896 1.071313 -0.013090
v 0.048273 1.077652 -0.007114
v 0.045334 1.080516 0.000595
v 0.040866 1.079139 0.007971
v 0.036066 1.073889 0.013038
v 0.032220 1.066174 0.014439
v 0.030359 1.058061 0.011797
v 0.030981 1.051723 0.005820
v 0.033920 1.048859 -0.001889
v 0.038389 1.050236 -0.009265
v 0.043189 1.055485 -0.014332
v 0.047034 1.063200 -0.015732
v 0.067009 1.060675 -0.003258
v 0.068091 1.065899 0.003656
v 0.065810 1.068334 0.011727
v 0.060775 1.067327 0.018791
v 0.054336 1.063148 0.022957
v 0.048219 1.056917 0.023107
v 0.044062 1.050303 0.019202
v 0.042979 1.045079 0.012288
v 0.045261 1.042644 0.004217
v 0.050296 1.043651 -0.002848
v 0.056735 1.047830 -0.007013
v 0.062852 1.054061 -0.007163
v 0.077564 1.043643 0.003396
v 0.080280 1.045942 0.011372
v 0.078602 1.047295 0.019835
v 0.072981 1.047339 0.026519
v 0.064921 1.046063 0.029631
v 0.056583 1.043808 0.028339
v 0.050202 1.041178 0.022988
v 0.047486 1.038879 0.015012
v 0.049163 1.037527 0.006549
v 0.054785 1.037482 -0.000134
v 0.062844 1.038759 -0.003247
v 0.071182 1.041013 -0.001954
v 0.075917 1.021667 0.004648
v 0.078447 1.020243 0.012884
v 0.076703 1.020254 0.021442
v 0.071151 1.021696 0.028027
v 0.063279 1.024184 0.030876
v 0.055196 1.027050 0.029224
v 0.049068 1.029526 0.023516
v 0.046537 1.030950 0.015279
v 0.048282 1.030939 0.006722
v 0.053834 1.029496 0.000136
v 0.061706 1.027009 -0.002712
v 0.069789 1.024143 -0.001061
v 0.060747 0.998067 -0.000306
v 0.061961 0.994387 0.007521
v 0.059752 0.993602 0.015934
v 0.054712 0.995922 0.022678
v 0.048192 1.000725 0.025948
v 0.041938 1.006724 0.024865
v 0.037627 1.012312 0.019722
v 0.036413 1.015992 0.011895
v 0.038622 1.016777 0.003482
v 0.043662 1.014457 -0.003262
v 0.050182 1.009654 -0.006532
v 0.056436 1.003655 -0.005449
v 0.043996 0.802887 0.119728
v 0.043268 0.798360 0.112296
v 0.043872 0.797961 0.103592
v 0.045646 0.801798 0.095950
v 0.048115 0.808842 0.091417
v 0.050617 0.817207 0.091207
v 0.052482 0.824651 0.095377
v 0.053210 0.829178 0.102810
v 0.052606 0.829577 0.111513
v 0.050832 0.825740 0.119155
v 0.048363 0.818695 0.123688
v 0.045861 0.810331 0.123898
v 0.060269 0.799668 0.120247
v 0.059672 0.795115 0.112819
v 0.059474 0.794873 0.104091
v 0.059727 0.799008 0.096403
v 0.060364 0.806411 0.091814
v 0.061214 0.815099 0.091554
v 0.062050 0.822744 0.095692
v 0.062647 0.827297 0.103121
v 0.062845 0.827539 0.111849
v 0.062592 0.823404 0.119537
v 0.061955 0.816001 0.124126
v 0.061105 0.807313 0.124386
v 0.075885 0.799674 0.119124
v 0.075408 0.795121 0.111686
v 0.074325 0.794877 0.103024
v 0.072926 0.799008 0.095457
v 0.071587 0.806406 0.091014
v 0.070665 0.815090 0.090885
v 0.070408 0.822732 0.095104
v 0.070885 0.827285 0.102541
v 0.071967 0.827529 0.111204
v 0.073366 0.823398 0.118771
v 0.074706 0.816000 0.123214
v 0.075628 0.807317 0.123343
v 0.090311 0.802755 0.116421
v 0.089929 0.798223 0.108966
v 0.087908 0.797776 0.100481
v 0.084791 0.801535 0.093240
v 0.081413 0.808492 0.089184
v 0.078679 0.816783 0.089398
v 0.077321 0.824187 0.093826
v 0.077703 0.828720 0.101282
v 0.079724 0.829167 0.109766
v 0.082840 0.825408 0.117007
v 0.086219 0.818451 0.121064
v 0.088953 0.810159 0.120849
v 0.102946 0.808768 0.112197
v 0.102625 0.804264 0.104721
v 0.099667 0.803367 0.096553
v 0.094865 0.806317 0.089882
v 0.089505 0.812323 0.086494
v 0.085024 0.819776 0.087299
v 0.082622 0.826679 0.092079
v 0.082944 0.831182 0.099555
v 0.085902 0.832079 0.107723
v 0.090704 0.829129 0.114395
v 0.096064 0.823123 0.117782
v 0.100545 0.815671 0.116978
v 0.113052 0.817531 0.106533
v 0.112757 0.813051 0.099042
v 0.108955 0.811416 0.091352
v 0.102665 0.813065 0.085522
v 0.095572 0.817556 0.083115
v 0.089576 0.823685 0.084777
v 0.086285 0.829810 0.090061
v 0.086580 0.834290 0.097552
v 0.090381 0.835924 0.105242
v 0.096672 0.834275 0.111072
v 0.103765 0.829785 0.113478
v 0.109761 0.823656 0.111817
v 0.119720 0.828670 0.099624
v 0.119426 0.824192 0.092131
v 0.115022 0.821544 0.085070
v 0.107687 0.821437 0.080331
v 0.099386 0.823899 0.079185
v 0.092345 0.828270 0.081938
v 0.088449 0.833379 0.087854
v 0.088742 0.837857 0.095346
v 0.093146 0.840504 0.102408
v 0.100482 0.840611 0.107146
v 0.108782 0.838149 0.108293
v 0.115824 0.833779 0.105539
v 0.122085 0.841436 0.091880
v 0.121786 0.836931 0.084404
v 0.117164 0.833114 0.078053
v 0.109456 0.831007 0.074529
v 0.100727 0.831175 0.074776
v 0.093318 0.833573 0.078728
v 0.089212 0.837558 0.085326
v 0.089511 0.842063 0.092802
v 0.094133 0.845880 0.099153
v 0.101841 0.847987 0.102677
v 0.110569 0.847819 0.102430
v 0.117979 0.845421 0.098478
v 0.119717 0.854820 0.083856
v 0.119427 0.850266 0.076410
v 0.114997 0.845319 0.070737
v 0.107615 0.841306 0.068358
v 0.099258 0.839300 0.069909
v 0.092165 0.839841 0.074977
v 0.088238 0.842782 0.082201
v 0.088528 0.847336 0.089648
v 0.092957 0.852282 0.095321
v 0.100340 0.856296 0.097700
v 0.108697 0.858301 0.096148
v 0.115790 0.857761 0.091081
v 0.112699 0.867974 0.076006
v 0.112438 0.863364 0.068593
v 0.108493 0.857489 0.063475
v 0.101921 0.851925 0.062022
v 0.094482 0.848161 0.064624
v 0.088170 0.847208 0.070584
v 0.084676 0.849319 0.078304
v 0.084936 0.853930 0.085717
v 0.088881 0.859805 0.090835
v 0.095454 0.865369 0.092288
v 0.102893 0.869132 0.089686
v 0.109205 0.870086 0.083726
v 0.101253 0.880468 0.068541
v 0.101039 0.875806 0.061159
v 0.097705 0.869252 0.056447
v 0.092144 0.862563 0.055667
v 0.085847 0.857531 0.059028
v 0.080500 0.855505 0.065629
v 0.077537 0.857027 0.073702
v 0.077750 0.861689 0.081083
v 0.081085 0.868243 0.085796
v 0.086645 0.874932 0.086576
v 0.092942 0.879964 0.083215
v 0.098289 0.881990 0.076614
v 0.085415 0.892154 0.061512
v 0.085256 0.887450 0.054155
v 0.082541 0.880432 0.049722
v 0.077997 0.872981 0.049401
v 0.072842 0.867093 0.053277
v 0.068457 0.864346 0.060312
v 0.066017 0.865475 0.068621
v 0.066176 0.870178 0.075978
v 0.068891 0.877196 0.080411
v 0.073435 0.884647 0.080732
v 0.078590 0.890536 0.076856
v 0.082975 0.893283 0.069821
v 0.064962 0.902972 0.054922
v 0.064861 0.898238 0.047583
v 0.062725 0.890910 0.043339
v 0.059126 0.882953 0.043326
v 0.055030 0.876497 0.047548
v 0.051533 0.873274 0.054873
v 0.049573 0.874146 0.063338
v 0.049675 0.878881 0.070676
v 0.051811 0.886209 0.074921
v 0.055409 0.894166 0.074934
v 0.059505 0.900621 0.070712
v 0.063002 0.903845 0.063387
vn 0.6317 0.6313 -0.4499
vn 0.5394 0.8420 0.0055
vn 0.3033 0.8319 0.4647
vn -0.0166 0.5963 0.8026
vn -0.3326 0.1965 0.9224
vn -0.5573 -0.2567 0.7897
vn -0.6297 -0.6395 0.4410
vn -0.5299 -0.8475 -0.0288
vn -0.2849 -0.8237 -0.4903
vn 0.0363 -0.5771 -0.8159
vn 0.3447 -0.1803 -0.9212
vn 0.5606 0.2593 -0.7864
vn 0.7205 0.5683 -0.3974
vn 0.5992 0.7996 0.0397
vn 0.3199 0.8226 0.4701
vn -0.0473 0.6250 0.7792
vn -0.4041 0.2541 0.8787
vn -0.6508 -0.1894 0.7352
vn -0.7169 -0.5803 0.3864
vn -0.5841 -0.8088 -0.0686
vn -0.2920 -0.8147 -0.5009
vn 0.0763 -0.6029 -0.7942
vn 0.4215 -0.2350 -0.8759
vn 0.6555 0.1915 -0.7305
vn 0.8815 0.4063 -0.2405
vn 0.7087 0.6912 0.1415
vn 0.3497 0.7983 0.4903
vn -0.1068 0.6926 0.7133
vn -0.5392 0.3944 0.7441
vn -0.8241 -0.0173 0.5662
vn -0.8766 -0.4243 0.2271
vn -0.6828 -0.7096 -0.1739
vn -0.3032 -0.7975 -0.5216
vn 0.1528 -0.6721 -0.7245
vn 0.5643 -0.3734 -0.7363
vn 0.8286 0.0190 -0.5595
vn 0.9789 0.2042 0.0011
vn 0.7742 0.5577 0.2993
vn 0.3664 0.7697 0.5228
vn -0.1449 0.7791 0.6100
vn -0.6241 0.5739 0.5303
vn -0.9321 0.2040 0.2994
vn -0.9742 -0.2250 -0.0177
vn -0.7409 -0.5868 -0.3268
vn -0.3075 -0.7824 -0.5416
vn 0.2012 -0.7671 -0.6092
vn 0.6521 -0.5532 -0.5184
vn 0.9340 -0.1997 -0.2961
vn 0.9618 0.0193 0.2731
vn 0.7624 0.4394 0.4751
vn 0.3622 0.7490 0.5548
vn -0.1402 0.8627 0.4860
vn -0.6102 0.7408 0.2809
vn -0.9124 0.4094 -0.0055
vn -0.9563 -0.0389 -0.2898
vn -0.7319 -0.4733 -0.4903
vn -0.3095 -0.7721 -0.5550
vn 0.1900 -0.8607 -0.4724
vn 0.6349 -0.7244 -0.2685
vn 0.9149 -0.4038 0.0027
vn 0.8589 -0.1030 0.5017
vn 0.6963 0.3655 0.6177
vn 0.3493 0.7422 0.5720
vn -0.0949 0.9238 0.3709
vn -0.5165 0.8539 0.0648
vn -0.7962 0.5457 -0.2612
vn -0.8539 0.0847 -0.5135
vn -0.6747 -0.3977 -0.6218
vn -0.3126 -0.7669 -0.5605
vn 0.1298 -0.9271 -0.3516
vn 0.5346 -0.8434 -0.0532
vn 0.7995 -0.5428 0.2572
vn 0.7301 -0.1659 0.6629
vn 0.6185 0.3307 0.7128
vn 0.3426 0.7436 0.5742
vn -0.0274 0.9598 0.2793
vn -0.3920 0.9151 -0.0947
vn -0.6495 0.6172 -0.4440
vn -0.7275 0.1486 -0.6698
vn -0.6052 -0.3591 -0.7105
vn -0.3192 -0.7656 -0.5585
vn 0.0500 -0.9645 -0.2595
vn 0.4038 -0.9088 0.1052
vn 0.6514 -0.6173 0.4411
vn 0.6054 -0.1914 0.7726
vn 0.5493 0.3183 0.7726
vn 0.3471 0.7468 0.5674
vn 0.0501 0.9769 0.2075
vn -0.2621 0.9417 -0.2112
vn -0.5029 0.6471 -0.5730
vn -0.6052 0.1746 -0.7767
vn -0.5417 -0.3438 -0.7670
vn -0.3320 -0.7661 -0.5503
vn -0.0351 -0.9814 -0.1887
vn 0.2695 -0.9375 0.2203
vn 0.5029 -0.6491 0.5707
vn 0.4885 -0.1947 0.8506
vn 0.4912 0.3173 0.8112
vn 0.3630 0.7480 0.5556
vn 0.1361 0.9795 0.1484
vn -0.1290 0.9447 -0.3015
vn -0.3592 0.6502 -0.6695
vn -0.4905 0.1774 -0.8532
vn -0.4876 -0.3419 -0.8034
vn -0.3532 -0.7659 -0.5373
vn -0.1258 -0.9835 -0.1300
vn 0.1337 -0.9415 0.3093
vn 0.3578 -0.6537 0.6669
vn 0.3737 -0.1813 0.9096
vn 0.4411 0.3229 0.8373
vn 0.3911 0.7443 0.5413
vn 0.2348 0.9672 0.0970
vn 0.0136 0.9265 -0.3760
vn -0.2116 0.6308 -0.7465
vn -0.3784 0.1622 -0.9113
vn -0.4414 -0.3484 -0.8269
vn -0.3854 -0.7620 -0.5204
vn -0.2275 -0.9707 -0.0778
vn -0.0107 -0.9237 0.3831
vn 0.2086 -0.6357 0.7432
vn 0.2540 -0.1498 0.9555
vn 0.3958 0.3338 0.8556
vn 0.4326 0.7319 0.5265
vn 0.3521 0.9345 0.0524
vn 0.1744 0.8816 -0.4386
vn -0.0515 0.5851 -0.8093
vn -0.2627 0.1280 -0.9564
vn -0.4013 -0.3614 -0.8416
vn -0.4314 -0.7500 -0.5014
vn -0.3473 -0.9372 -0.0309
vn -0.1729 -0.8785 0.4453
vn 0.0463 -0.5916 0.8049
vn 0.1259 -0.0930 0.9877
vn 0.3535 0.3510 0.8671
vn 0.4884 0.7049 0.5144
vn 0.4921 0.8703 0.0189
vn 0.3602 0.7966 -0.4855
vn 0.1278 0.5008 -0.8561
vn -0.1396 0.0673 -0.9879
vn -0.3668 -0.3808 -0.8488
vn -0.4936 -0.7228 -0.4837
vn -0.4894 -0.8720 0.0058
vn -0.3578 -0.7939 0.4916
vn -0.1335 -0.5102 0.8496
vn 0.0289 -0.0277 0.9992
vn 0.3419 0.3610 0.8676
vn 0.5652 0.6552 0.5012
vn 0.6360 0.7717 -0.0046
vn 0.5319 0.6752 -0.5110
vn 0.2808 0.3926 -0.8758
vn -0.0466 0.0042 -0.9989
vn -0.3592 -0.3825 -0.8513
vn -0.5736 -0.6649 -0.4784
vn -0.6359 -0.7716 0.0179
vn -0.5321 -0.6772 0.5081
vn -0.2899 -0.4064 0.8665
vn -0.0033 -0.0004 1.0000
vn 0.3842 0.3198 0.8661
vn 0.6691 0.5550 0.4942
vn 0.7704 0.6374 -0.0152
vn 0.6591 0.5433 -0.5199
vn 0.3674 0.3008 -0.8801
vn -0.0226 -0.0211 -0.9995
vn -0.4042 -0.3346 -0.8513
vn -0.6769 -0.5580 -0.4800
vn -0.7721 -0.6353 0.0146
vn -0.6668 -0.5479 0.5052
vn -0.3872 -0.3172 0.8657
vn -0.0083 -0.0022 1.0000
vn 0.4456 0.2163 0.8687
vn 0.7807 0.3785 0.4972
vn 0.8999 0.4359 -0.0149
vn 0.7677 0.3706 -0.5228
vn 0.4235 0.2029 -0.8829
vn -0.0333 -0.0173 -0.9993
vn -0.4768 -0.2293 -0.8486
vn -0.7924 -0.3792 -0.4779
vn -0.9023 -0.4308 0.0141
vn -0.7804 -0.3720 0.5026
vn -0.4557 -0.2166 0.8634
vn -0.0141 -0.0013 0.9999
vn 0.4856 0.0677 0.8715
vn 0.8574 0.1198 0.5005
vn 0.9903 0.1385 -0.0147
vn 0.8426 0.1171 -0.5257
vn 0.4607 0.0633 -0.8853
vn -0.0420 -0.0062 -0.9991
vn -0.5272 -0.0722 -0.8467
vn -0.8712 -0.1186 -0.4764
vn -0.9908 -0.1345 0.0138
vn -0.8579 -0.1162 0.5005
vn -0.5037 -0.0681 0.8612
vn -0.0146 0.0026 0.9999
vn 0.4785 -0.1036 0.8719
vn 0.8458 -0.1834 0.5010
vn 0.9772 -0.2119 -0.0147
vn 0.8312 -0.1797 -0.5262
vn 0.4539 -0.0975 -0.8857
vn -0.0421 0.0094 -0.9991
vn -0.5207 0.1117 -0.8464
vn -0.8599 0.1840 -0.4762
vn -0.9778 0.2089 0.0137
vn -0.8468 0.1808 0.5003
vn -0.4975 0.1061 0.8609
vn -0.0097 0.0041 0.9999
vn 0.4227 -0.2552 0.8696
vn 0.7421 -0.4483 0.4982
vn 0.8558 -0.5170 -0.0149
vn 0.7299 -0.4393 -0.5237
vn 0.4018 -0.2400 -0.8837
vn -0.0332 0.0210 -0.9992
vn -0.4552 0.2720 -0.8478
vn -0.7552 0.4494 -0.4772
vn -0.8597 0.5106 0.0141
vn -0.7439 0.4413 0.5018
vn -0.4353 0.2577 0.8626
vn -0.0047 0.0022 1.0000
vn 0.3421 -0.3623 0.8670
vn 0.5969 -0.6311 0.4953
vn 0.6874 -0.7261 -0.0152
vn 0.5877 -0.6187 -0.5214
vn 0.3262 -0.3411 -0.8816
vn -0.0227 0.0261 -0.9994
vn -0.3634 0.3820 -0.8497
vn -0.6066 0.6347 -0.4788
vn -0.6916 0.7221 0.0145
vn -0.5979 0.6232 0.5042
vn -0.3481 0.3617 0.8649
vn -0.0023 -0.0002 1.0000
vn 0.2573 -0.4302 0.8653
vn 0.4478 -0.7456 0.4935
vn 0.5156 -0.8567 -0.0155
vn 0.4414 -0.7311 -0.5202
vn 0.2464 -0.4053 -0.8803
vn -0.0147 0.0280 -0.9995
vn -0.2703 0.4502 -0.8510
vn -0.4534 0.7512 -0.4798
vn -0.5177 0.8554 0.0150
vn -0.4474 0.7375 0.5060
vn -0.2597 0.4262 0.8665
vn -0.0018 -0.0009 1.0000
vn 0.1711 -0.4722 0.8647
vn 0.2986 -0.8174 0.4927
vn 0.3443 -0.9387 -0.0159
vn 0.2949 -0.8016 -0.5201
vn 0.1649 -0.4451 -0.8801
vn -0.0087 0.0299 -0.9995
vn -0.1785 0.4937 -0.8511
vn -0.3000 0.8245 -0.4797
vn -0.3429 0.9392 0.0154
vn -0.2967 0.8095 0.5066
vn -0.1726 0.4674 0.8670
vn -0.0017 0.0022 1.0000
vn 0.0730 -0.4959 0.8653
vn 0.1315 -0.8603 0.4926
vn 0.1537 -0.9880 -0.0163
vn 0.1307 -0.8437 -0.5206
vn 0.0719 -0.4674 -0.8811
vn -0.0027 0.0345 -0.9994
vn -0.0726 0.5230 -0.8492
vn -0.1217 0.8701 -0.4776
vn -0.1392 0.9901 0.0158
vn -0.1213 0.8545 0.5052
vn -0.0719 0.4955 0.8656
vn 0.0035 0.0124 0.9999
vn -0.0536 -0.4983 0.8653
vn -0.0362 -0.8759 0.4812
vn -0.0061 -0.9999 -0.0159
vn -0.0372 -0.8593 -0.5102
vn -0.0493 -0.4689 -0.8819
vn 0.0107 0.0450 -0.9989
vn 0.0899 0.5308 -0.8427
vn 0.1488 0.8695 -0.4710
vn 0.1688 0.9855 0.0161
vn 0.1450 0.8542 0.4992
vn 0.0833 0.5037 0.8598
vn 0.0286 0.0280 0.9992
vn -0.0893 -0.5353 0.8399
vn 0.3556 -0.8456 0.3982
vn 0.7259 -0.6878 -0.0051
vn 0.2271 -0.8171 -0.5298
vn -0.1754 -0.4469 -0.8772
vn 0.0485 0.0545 -0.9973
vn 0.3550 0.4228 -0.8338
vn 0.5704 0.6774 -0.4645
vn 0.6442 0.7647 0.0160
vn 0.5610 0.6652 0.4927
vn 0.3381 0.4013 0.8513
vn 0.0508 0.0249 0.9984
vn -0.0866 -0.5456 0.8336
vn 0.9312 -0.3644 -0.0130
vn 0.9169 0.3989 0.0145
vn 0.8761 -0.3817 -0.2947
vn -0.2391 -0.4134 -0.8786
vn 0.0782 0.0457 -0.9959
vn 0.5049 0.3018 -0.8087
vn 0.7757 0.4587 -0.4334
vn 0.8616 0.5074 0.0146
vn 0.7648 0.4507 0.4603
vn 0.4835 0.2861 0.8273
vn 0.2082 -0.8695 -0.4479
vn 0.2793 -0.9569 0.0791
vn 0.2639 -0.7722 0.5780
vn 0.1761 -0.3900 0.9038
vn 0.0489 0.0722 0.9962
vn -0.0873 0.5125 0.8542
vn -0.2053 0.8402 0.5018
vn -0.2761 0.9611 0.0016
vn -0.2757 0.8122 -0.5141
vn -0.2026 0.4285 -0.8805
vn -0.0768 -0.0669 -0.9948
vn 0.0738 -0.5391 -0.8390
vn 0.3850 -0.8290 -0.4056
vn 0.3078 -0.9465 0.0965
vn 0.1527 -0.8125 0.5626
vn -0.0385 -0.4737 0.8799
vn -0.2188 -0.0186 0.9756
vn -0.3445 0.4405 0.8290
vn -0.3849 0.7913 0.4751
vn -0.3282 0.9446 -0.0026
vn -0.1846 0.8533 -0.4876
vn 0.0149 0.5255 -0.8507
vn 0.2176 0.0349 -0.9754
vn 0.3556 -0.4714 -0.8071
vn 0.6382 -0.7187 -0.2759
vn 0.3496 -0.9308 0.1064
vn -0.0216 -0.8882 0.4589
vn -0.3797 -0.6163 0.6899
vn -0.6389 -0.1912 0.7452
vn -0.7381 0.2808 0.6135
vn -0.6521 0.6844 0.3261
vn -0.3966 0.9167 -0.0485
vn -0.0269 0.9100 -0.4137
vn 0.3637 0.6531 -0.6642
vn 0.6569 0.2081 -0.7246
vn 0.7567 -0.2990 -0.5813
vn 0.7476 -0.6515 -0.1288
vn 0.3705 -0.9223 0.1099
vn -0.1005 -0.9418 0.3207
vn -0.5391 -0.7138 0.4471
vn -0.8358 -0.3034 0.4575
vn -0.9184 0.1841 0.3502
vn -0.7644 0.6267 0.1514
vn -0.4069 0.9091 -0.0887
vn 0.0664 0.9502 -0.3044
vn 0.5269 0.7310 -0.4336
vn 0.8423 0.3089 -0.4418
vn 0.9227 -0.1990 -0.3302
vn 0.7787 -0.6262 -0.0401
vn 0.3752 -0.9217 0.0985
vn -0.1257 -0.9693 0.2111
vn -0.5906 -0.7611 0.2681
vn -0.8996 -0.3545 0.2549
vn -0.9739 0.1448 0.1747
vn -0.7925 0.6080 0.0482
vn -0.3989 0.9124 -0.0916
vn 0.1051 0.9728 -0.2066
vn 0.5830 0.7682 -0.2646
vn 0.9017 0.3527 -0.2501
vn 0.9729 -0.1591 -0.1677
vn 0.7859 -0.6183 -0.0003
vn 0.3747 -0.9246 0.0689
vn -0.1344 -0.9837 0.1198
vn -0.6065 -0.7828 0.1392
vn -0.9185 -0.3762 0.1219
vn -0.9889 0.1302 0.0722
vn -0.7972 0.6037 0.0032
vn -0.3912 0.9179 -0.0669
vn 0.1221 0.9854 -0.1189
vn 0.6038 0.7851 -0.1384
vn 0.9210 0.3705 -0.1202
vn 0.9871 -0.1442 -0.0695
vn 0.7864 -0.6178 0.0030
vn 0.3738 -0.9274 0.0170
vn -0.1364 -0.9903 0.0266
vn -0.6098 -0.7920 0.0293
vn -0.9227 -0.3848 0.0243
vn -0.9920 0.1253 0.0126
vn -0.7970 0.6039 -0.0026
vn -0.3869 0.9220 -0.0173
vn 0.1295 0.9912 -0.0272
vn 0.6114 0.7908 -0.0295
vn 0.9267 0.3751 -0.0238
vn 0.9899 -0.1413 -0.0119
vn 0.7857 -0.6179 -0.0300
vn 0.3747 -0.9246 -0.0686
vn -0.1335 -0.9871 -0.0888
vn -0.6064 -0.7905 -0.0856
vn -0.9208 -0.3854 -0.0599
vn -0.9921 0.1237 -0.0186
vn -0.7979 0.6022 0.0273
vn -0.3869 0.9198 0.0656
vn 0.1307 0.9876 0.0864
vn 0.6130 0.7856 0.0839
vn 0.9274 0.3695 0.0584
vn 0.9893 -0.1450 0.0166
vn 0.7863 -0.6071 -0.1146
vn 0.3797 -0.9000 -0.2141
vn -0.1237 -0.9584 -0.2573
vn -0.5956 -0.7686 -0.2334
vn -0.9144 -0.3766 -0.1486
vn -0.9926 0.1191 -0.0251
vn -0.8030 0.5869 0.1036
vn -0.3930 0.8968 0.2031
vn 0.1259 0.9606 0.2479
vn 0.6103 0.7593 0.2257
vn 0.9261 0.3499 0.1408
vn 0.9884 -0.1513 0.0156
vn 0.7904 -0.5433 -0.2830
vn 0.3916 -0.7958 -0.4619
vn -0.1042 -0.8462 -0.5225
vn -0.5751 -0.6829 -0.4504
vn -0.9026 -0.3416 -0.2618
vn -0.9952 0.0979 -0.0046
vn -0.8160 0.5212 0.2499
vn -0.4081 0.8049 0.4309
vn 0.1140 0.8612 0.4953
vn 0.6050 0.6728 0.4258
vn 0.9253 0.2993 0.2331
vn 0.9888 -0.1463 -0.0288
vn 0.7966 -0.3242 -0.5102
vn 0.4047 -0.4853 -0.7751
vn -0.0870 -0.5255 -0.8463
vn -0.5579 -0.4350 -0.7068
vn -0.8914 -0.2339 -0.3882
vn -0.9989 0.0328 0.0340
vn -0.8387 0.3014 0.4536
vn -0.4333 0.4943 0.7536
vn 0.1095 0.5392 0.8350
vn 0.6129 0.4206 0.6689
vn 0.9292 0.1906 0.3168
vn 0.9902 -0.0800 -0.1142
vn 0.7889 0.0429 -0.6131
vn 0.3928 0.0124 -0.9195
vn -0.1009 -0.0204 -0.9947
vn -0.5693 -0.0474 -0.8207
vn -0.8965 -0.0627 -0.4386
vn -0.9959 -0.0655 0.0630
vn -0.8263 -0.0588 0.5602
vn -0.4140 -0.0408 0.9094
vn 0.1254 -0.0063 0.9921
vn 0.6211 0.0356 0.7829
vn 0.9309 0.0622 0.3601
vn 0.9868 0.0627 -0.1490
vn 0.7845 0.2179 -0.5807
vn 0.3751 0.2937 -0.8792
vn -0.1318 0.2951 -0.9463
vn -0.6062 0.2228 -0.7635
vn -0.9217 0.0927 -0.3766
vn -0.9918 -0.0648 0.1098
vn -0.7989 -0.2101 0.5635
vn -0.3970 -0.3037 0.8661
vn 0.1118 -0.3157 0.9423
vn 0.5984 -0.2365 0.7655
vn 0.9237 -0.0878 0.3728
vn 0.9890 0.0804 -0.1238
vn 0.7659 -0.0190 -0.6427
vn 0.3423 0.1543 -0.9268
vn -0.1690 0.2814 -0.9446
vn -0.6232 0.3338 -0.7073
vn -0.9085 0.3015 -0.2892
vn -0.9605 0.1933 0.2000
vn -0.7693 0.0359 0.6378
vn -0.3830 -0.1314 0.9143
vn 0.1025 -0.2663 0.9584
vn 0.5663 -0.3321 0.7544
vn 0.8873 -0.3062 0.3450
vn 0.9669 -0.1905 -0.1697
vn 0.5781 -0.4314 -0.6926
vn 0.2001 -0.1663 -0.9656
vn -0.2293 0.1409 -0.9631
vn -0.5903 0.4023 -0.6998
vn -0.7923 0.5531 -0.2574
vn -0.7903 0.5611 0.2462
vn -0.5890 0.4277 0.6857
vn -0.2388 0.1865 0.9530
vn 0.1747 -0.1040 0.9791
vn 0.5474 -0.3719 0.7497
vn 0.7771 -0.5458 0.3134
vn 0.7913 -0.5711 -0.2185
vn 0.3122 -0.7029 -0.6391
vn -0.0042 -0.3858 -0.9226
vn -0.3181 0.0359 -0.9474
vn -0.5445 0.4410 -0.7135
vn -0.6258 0.7227 -0.2933
vn -0.5450 0.8145 0.1986
vn -0.3254 0.6984 0.6374
vn -0.0222 0.4043 0.9144
vn 0.2890 0.0036 0.9573
vn 0.5263 -0.4038 0.7483
vn 0.6214 -0.7087 0.3342
vn 0.5428 -0.8212 -0.1761
vn 0.0848 -0.8303 -0.5509
vn -0.1845 -0.4919 -0.8509
vn -0.4022 -0.0198 -0.9153
vn -0.5105 0.4535 -0.7306
vn -0.4831 0.8014 -0.3528
vn -0.3300 0.9370 0.1144
vn -0.0920 0.8300 0.5502
vn 0.1703 0.5084 0.8441
vn 0.3895 0.0523 0.9195
vn 0.5066 -0.4219 0.7519
vn 0.4864 -0.7868 0.3800
vn 0.3316 -0.9383 -0.0983
vn -0.0921 -0.8821 -0.4620
vn -0.3278 -0.5359 -0.7781
vn -0.4730 -0.0444 -0.8800
vn -0.4898 0.4560 -0.7431
vn -0.3763 0.8313 -0.4090
vn -0.1647 0.9859 0.0307
vn 0.0892 0.8829 0.4610
vn 0.3202 0.5498 0.7715
vn 0.4681 0.0712 0.8808
vn 0.4923 -0.4296 0.7570
vn 0.3836 -0.8181 0.4285
vn 0.1692 -0.9854 -0.0187
vn -0.2413 -0.8958 -0.3733
vn -0.4510 -0.5478 -0.7046
vn -0.5367 -0.0514 -0.8422
vn -0.4769 0.4562 -0.7513
vn -0.2902 0.8388 -0.4606
vn -0.0281 0.9983 -0.0502
vn 0.2407 0.8965 0.3721
vn 0.4467 0.5605 0.6974
vn 0.5361 0.0761 0.8407
vn 0.4836 -0.4313 0.7616
vn 0.3006 -0.8259 0.4769
vn 0.0348 -0.9976 0.0607
vn -0.3860 -0.8811 -0.2733
vn -0.5730 -0.5350 -0.6208
vn -0.6023 -0.0436 -0.7971
vn -0.4679 0.4567 -0.7566
vn -0.2091 0.8314 -0.5149
vn 0.1033 0.9848 -0.1394
vn 0.3877 0.8810 0.2711
vn 0.5711 0.5480 0.6112
vn 0.6056 0.0702 0.7926
vn 0.4800 -0.4295 0.7649
vn 0.2247 -0.8173 0.5307
vn -0.0930 -0.9843 0.1499
vn -0.5460 -0.8258 -0.1416
vn -0.7101 -0.4861 -0.5094
vn -0.6777 -0.0134 -0.7352
vn -0.4596 0.4589 -0.7604
vn -0.1195 0.8032 -0.5835
vn 0.2494 0.9339 -0.2561
vn 0.5519 0.8228 0.1358
vn 0.7121 0.4999 0.4930
vn 0.6881 0.0456 0.7242
vn 0.4827 -0.4252 0.7656
vn 0.1463 -0.7868 0.5996
vn -0.2313 -0.9357 0.2665
vn -0.7275 -0.6841 0.0531
vn -0.8673 -0.3597 -0.3441
vn -0.7634 0.0641 -0.6428
vn -0.4487 0.4625 -0.7647
vn -0.0170 0.7293 -0.6840
vn 0.4143 0.8030 -0.4283
vn 0.7374 0.6723 -0.0655
vn 0.8735 0.3718 0.3142
vn 0.7871 -0.0256 0.6163
vn 0.4942 -0.4220 0.7600
vn 0.0655 -0.7131 0.6980
vn -0.3840 -0.8128 0.4381
vn -0.8701 -0.3688 0.3270
vn -0.9899 -0.0807 -0.1164
vn -0.8245 0.2258 -0.5189
vn -0.4367 0.4615 -0.7722
vn 0.0591 0.5699 -0.8196
vn 0.5340 0.5312 -0.6578
vn 0.8722 0.3594 -0.3317
vn 0.9922 0.0978 0.0773
vn 0.8626 -0.1896 0.4691
vn 0.5094 -0.4319 0.7443
vn 0.0144 -0.5652 0.8248
vn -0.4952 -0.5463 0.6755
vn -0.8230 0.0752 0.5631
vn -0.9496 0.3005 0.0894
vn -0.8037 0.4371 -0.4037
vn -0.4390 0.4537 -0.7755
vn 0.0356 0.3524 -0.9352
vn 0.4952 0.1628 -0.8534
vn 0.8273 -0.0666 -0.5578
vn 0.9523 -0.2794 -0.1227
vn 0.8375 -0.4230 0.3459
vn 0.5051 -0.4586 0.7312
vn 0.0322 -0.3700 0.9285
vn -0.4580 -0.1738 0.8718
vn -0.7219 0.2888 0.6289
vn -0.8611 0.4813 0.1639
vn -0.7630 0.5423 -0.3517
vn -0.4478 0.4538 -0.7705
vn -0.0113 0.2444 -0.9696
vn 0.4165 -0.0213 -0.9089
vn 0.7310 -0.2757 -0.6242
vn 0.8661 -0.4633 -0.1879
vn 0.7854 -0.5383 0.3056
vn 0.4928 -0.4699 0.7323
vn 0.0596 -0.2659 0.9622
vn -0.3868 0.0151 0.9220
vn 0.1459 -0.8727 -0.4659
vn 0.4205 -0.9068 -0.0310
vn 0.5838 -0.6981 0.4145
vn 0.5899 -0.2999 0.7497
vn 0.4357 0.1805 0.8818
vn 0.1628 0.6119 0.7740
vn -0.1542 0.8767 0.4556
vn -0.4288 0.9033 0.0142
vn -0.5869 0.6864 -0.4294
vn -0.5877 0.2875 -0.7563
vn -0.4334 -0.1854 -0.8819
vn -0.1658 -0.6087 -0.7759
vn 0.1098 -0.8903 -0.4419
vn 0.4046 -0.9143 -0.0206
vn 0.5927 -0.6944 0.4081
vn 0.6220 -0.2863 0.7288
vn 0.4822 0.2011 0.8527
vn 0.2105 0.6343 0.7439
vn -0.1183 0.8940 0.4321
vn -0.4140 0.9103 0.0042
vn -0.5969 0.6817 -0.4230
vn -0.6202 0.2726 -0.7356
vn -0.4796 -0.2071 -0.8527
vn -0.2130 -0.6316 -0.7454
vn 0.0352 -0.9223 -0.3848
vn 0.3689 -0.9294 0.0063
vn 0.6060 -0.6890 0.3976
vn 0.6811 -0.2620 0.6838
vn 0.5713 0.2379 0.7855
vn 0.3052 0.6738 0.6729
vn -0.0441 0.9254 0.3765
vn -0.3802 0.9246 -0.0215
vn -0.6124 0.6748 -0.4118
vn -0.6803 0.2461 -0.6904
vn -0.5682 -0.2459 -0.7853
vn -0.3069 -0.6724 -0.6736
vn -0.0451 -0.9501 -0.3087
vn 0.3242 -0.9448 0.0480
vn 0.6091 -0.6885 0.3936
vn 0.7319 -0.2459 0.6355
vn 0.6563 0.2655 0.7062
vn 0.4010 0.7056 0.5842
vn 0.0359 0.9526 0.3022
vn -0.3378 0.9392 -0.0616
vn -0.6185 0.6721 -0.4071
vn -0.7327 0.2268 -0.6417
vn -0.6527 -0.2766 -0.7054
vn -0.4015 -0.7059 -0.5835
vn -0.1349 -0.9695 -0.2046
vn 0.2664 -0.9572 0.1132
vn 0.5993 -0.6918 0.4028
vn 0.7737 -0.2394 0.5866
vn 0.7385 0.2807 0.6130
vn 0.5006 0.7257 0.4719
vn 0.1251 0.9716 0.2009
vn -0.2834 0.9508 -0.1248
vn -0.6131 0.6722 -0.4151
vn -0.7769 0.2149 -0.5918
vn -0.7346 -0.2966 -0.6103
vn -0.4999 -0.7284 -0.4685
vn -0.2400 -0.9692 -0.0557
vn 0.1895 -0.9573 0.2184
vn 0.5720 -0.6943 0.4368
vn 0.8047 -0.2438 0.5412
vn 0.8197 0.2769 0.5015
vn 0.6080 0.7243 0.3251
vn 0.2282 0.9719 0.0583
vn -0.2128 0.9508 -0.2253
vn -0.5937 0.6699 -0.4458
vn -0.8129 0.2107 -0.5429
vn -0.8160 -0.3005 -0.4938
vn -0.6064 -0.7300 -0.3153
vn -0.3634 -0.9171 0.1641
vn 0.0894 -0.9166 0.3896
vn 0.5224 -0.6793 0.5154
vn 0.8217 -0.2591 0.5076
vn 0.8993 0.2388 0.3662
vn 0.7247 0.6770 0.1279
vn 0.3473 0.9263 -0.1462
vn -0.1235 0.9151 -0.3839
vn -0.5583 0.6508 -0.5145
vn -0.8399 0.2140 -0.4987
vn -0.8976 -0.2728 -0.3462
vn -0.7226 -0.6835 -0.1037
vn -0.4847 -0.7442 0.4596
vn -0.0161 -0.7706 0.6372
vn 0.4598 -0.6016 0.6532
vn 0.8217 -0.2738 0.4999
vn 0.9673 0.1366 0.2135
vn 0.8422 0.5234 -0.1292
vn 0.4733 0.7663 -0.4345
vn -0.0270 0.7823 -0.6223
vn -0.5142 0.5765 -0.6350
vn -0.8561 0.2221 -0.4666
vn -0.9684 -0.1807 -0.1717
vn -0.8312 -0.5307 0.1658
vn -0.5428 -0.4000 0.7385
vn -0.0679 -0.4656 0.8824
vn 0.4266 -0.4143 0.8040
vn 0.8164 -0.2569 0.5172
vn 0.9956 -0.0309 0.0881
vn 0.9038 0.2079 -0.3740
vn 0.5477 0.3956 -0.7373
vn 0.0274 0.4677 -0.8835
vn -0.4889 0.4011 -0.7747
vn -0.8603 0.2248 -0.4576
vn -0.9997 -0.0072 -0.0251
vn -0.8819 -0.2339 0.4093
vn -0.5042 0.0133 0.8635
vn -0.0301 -0.0873 0.9957
vn 0.4541 -0.1661 0.8753
vn 0.8254 -0.2044 0.5263
vn 0.9804 -0.1948 0.0306
vn 0.8652 -0.1405 -0.4813
vn 0.5053 -0.0474 -0.8617
vn 0.0020 0.0685 -0.9976
vn -0.5003 0.1648 -0.8500
vn -0.8587 0.2043 -0.4699
vn -0.9829 0.1820 0.0286
vn -0.8512 0.1113 0.5129
vn -0.4226 0.3346 0.8423
vn 0.0512 0.2152 0.9752
vn 0.5137 0.0402 0.8570
vn 0.8453 -0.1478 0.5135
vn 0.9530 -0.3014 0.0295
vn 0.8000 -0.3781 -0.4658
vn 0.4248 -0.3515 -0.8343
vn -0.0682 -0.2242 -0.9722
vn -0.5416 -0.0336 -0.8400
vn -0.8641 0.1616 -0.4767
vn -0.9516 0.3072 0.0119
vn -0.7884 0.3687 0.4924
vn -0.3517 0.5319 0.7703
vn 0.1245 0.4068 0.9050
vn 0.5693 0.1754 0.8032
vn 0.8661 -0.1034 0.4891
vn 0.9330 -0.3572 0.0432
vn 0.7475 -0.5174 -0.4165
vn 0.3565 -0.5375 -0.7642
vn -0.1333 -0.4088 -0.9028
vn -0.5856 -0.1671 -0.7932
vn -0.8761 0.1186 -0.4673
vn -0.9293 0.3689 -0.0175
vn -0.7365 0.5187 0.4342
vn -0.3125 0.6388 0.7031
vn 0.1568 0.4917 0.8565
vn 0.5865 0.2135 0.7813
vn 0.8601 -0.1234 0.4950
vn 0.9004 -0.4288 0.0732
vn 0.6941 -0.6181 -0.3691
vn 0.2983 -0.6381 -0.7099
vn -0.1760 -0.4840 -0.8572
vn -0.6002 -0.2005 -0.7744
vn -0.8632 0.1349 -0.4865
vn -0.8984 0.4334 -0.0707
vn -0.6976 0.6173 0.3638
vn -0.2876 0.6922 0.6619
vn 0.1399 0.4835 0.8641
vn 0.5339 0.1417 0.8336
vn 0.7835 -0.2419 0.5723
vn 0.8151 -0.5593 0.1511
vn 0.6204 -0.7204 -0.3101
vn 0.2583 -0.6832 -0.6830
vn -0.1694 -0.4631 -0.8700
vn -0.5494 -0.1222 -0.8266
vn -0.7846 0.2490 -0.5678
vn -0.8160 0.5549 -0.1620
vn -0.6355 0.7170 0.2864
vn -0.2516 0.7258 0.6403
vn 0.1026 0.4432 0.8905
vn 0.4315 0.0379 0.9013
vn 0.6437 -0.3801 0.6642
vn 0.6781 -0.6937 0.2426
vn 0.5253 -0.8149 -0.2450
vn 0.2297 -0.7129 -0.6626
vn -0.1255 -0.4202 -0.8987
vn -0.4450 -0.0188 -0.8953
vn -0.6466 0.3854 -0.6583
vn -0.6800 0.6889 -0.2509
vn -0.5366 0.8139 0.2226
vn -0.2072 0.7535 0.6239
vn 0.0652 0.4166 0.9067
vn 0.3217 -0.0355 0.9462
vn 0.4913 -0.4804 0.7265
vn 0.5260 -0.7936 0.3060
vn 0.4157 -0.8876 -0.1982
vn 0.1924 -0.7391 -0.6455
vn -0.0813 -0.3928 -0.9160
vn -0.3318 0.0551 -0.9418
vn -0.4940 0.4863 -0.7207
vn -0.5273 0.7902 -0.3125
vn -0.4231 0.8885 0.1779
vn -0.1548 0.7757 0.6119
vn 0.0339 0.4018 0.9151
vn 0.2146 -0.0831 0.9732
vn 0.3376 -0.5477 0.7655
vn 0.3682 -0.8626 0.3468
vn 0.2975 -0.9401 -0.1668
vn 0.1458 -0.7607 -0.6326
vn -0.0444 -0.3775 -0.9249
vn -0.2216 0.1035 -0.9696
vn -0.3396 0.5549 -0.7595
vn -0.3686 0.8605 -0.3516
vn -0.3015 0.9418 0.1486
vn -0.0907 0.7925 0.6031
vn 0.0120 0.3962 0.9181
vn 0.1124 -0.1095 0.9876
vn 0.1830 -0.5880 0.7879
vn 0.2035 -0.9061 0.3710
vn 0.1679 -0.9747 -0.1476
vn 0.0864 -0.7768 -0.6238
vn -0.0179 -0.3703 -0.9288
vn -0.1164 0.1322 -0.9844
vn -0.1837 0.5972 -0.7808
vn -0.2027 0.9050 -0.3739
vn -0.1689 0.9769 0.1308
vn -0.0051 0.8017 0.5976
vn 0.0033 0.3974 0.9176
vn 0.0117 -0.1173 0.9930
vn 0.0182 -0.6031 0.7975
vn 0.0199 -0.9242 0.3815
vn 0.0154 -0.9901 -0.1395
vn 0.0065 -0.7842 -0.6205
vn -0.0035 -0.3669 -0.9302
vn -0.0115 0.1451 -0.9893
vn -0.0157 0.6156 -0.7879
vn -0.0157 0.9239 -0.3823
vn -0.0119 0.9924 0.1227
vn 0.1219 0.7919 0.5983
vn 0.0148 0.4016 0.9157
vn -0.0946 -0.1021 0.9903
vn -0.1747 -0.5830 0.7934
vn -0.2053 -0.9037 0.3759
vn -0.1814 -0.9725 -0.1460
vn -0.1088 -0.7719 -0.6264
vn -0.0040 -0.3621 -0.9321
vn 0.1046 0.1398 -0.9846
vn 0.1867 0.5995 -0.7783
vn 0.2203 0.9015 -0.3726
vn 0.1969 0.9720 0.1282
vn 0.3153 0.7205 0.6176
vn 0.0600 0.3947 0.9169
vn -0.2109 -0.0459 0.9764
vn -0.4167 -0.4872 0.7674
vn -0.4997 -0.7960 0.3415
vn -0.4498 -0.8745 -0.1814
vn -0.2780 -0.7039 -0.6536
vn -0.0220 -0.3445 -0.9385
vn 0.2448 0.0963 -0.9648
vn 0.4475 0.5031 -0.7393
vn 0.5350 0.7784 -0.3284
vn 0.4873 0.8577 0.1641
vn 0.5324 0.5069 0.6779
vn 0.1304 0.3373 0.9323
vn -0.3111 0.0754 0.9474
vn -0.6751 -0.2177 0.7049
vn -0.8514 -0.4605 0.2510
vn -0.7748 -0.5641 -0.2853
vn -0.4750 -0.4968 -0.7264
vn -0.0502 -0.2972 -0.9535
vn 0.3820 -0.0274 -0.9237
vn 0.7122 0.2441 -0.6582
vn 0.8618 0.4523 -0.2297
vn 0.7968 0.5477 0.2551
vn 0.6210 0.1746 0.7641
vn 0.1572 0.2238 0.9619
vn -0.3559 0.2194 0.9084
vn -0.7817 0.1637 0.6018
vn -0.9911 0.0644 0.1165
vn -0.9123 -0.0623 -0.4047
vn -0.5694 -0.1731 -0.8036
vn -0.0743 -0.2250 -0.9715
vn 0.4302 -0.2081 -0.8784
vn 0.8163 -0.1357 -0.5615
vn 0.9939 -0.0300 -0.1060
vn 0.9233 0.0825 0.3751
vn 0.5516 -0.1022 0.8278
vn 0.1217 0.1266 0.9845
vn -0.3452 0.3284 0.8792
vn -0.7198 0.4482 0.5300
vn -0.8942 0.4465 0.0314
vn -0.8209 0.3164 -0.4755
vn -0.5192 0.0951 -0.8494
vn -0.0731 -0.1473 -0.9864
vn 0.3898 -0.3409 -0.8555
vn 0.7448 -0.4394 -0.5021
vn 0.9053 -0.4240 -0.0235
vn 0.8353 -0.3016 0.4597
vn 0.4914 -0.2030 0.8469
vn 0.0946 0.0926 0.9912
vn -0.3317 0.3684 0.8685
vn -0.6674 0.5459 0.5065
vn -0.8188 0.5741 0.0067
vn -0.7472 0.4448 -0.4938
vn -0.4716 0.1928 -0.8605
vn -0.0649 -0.1119 -0.9916
vn 0.3591 -0.3828 -0.8512
vn 0.6825 -0.5465 -0.4853
vn 0.8246 -0.5657 0.0012
vn 0.7553 -0.4412 0.4847
vn -0.1417 -0.9358 -0.3228
vn -0.0613 -0.9776 0.2015
vn 0.0165 -0.7432 0.6689
vn 0.0833 -0.3119 0.9465
vn 0.1267 0.1889 0.9738
vn 0.1389 0.6358 0.7592
vn 0.1174 0.9276 0.3547
vn 0.0644 0.9865 -0.1506
vn -0.0121 0.7795 -0.6263
vn -0.1008 0.3540 -0.9298
vn -0.1850 -0.1640 -0.9690
vn -0.2032 -0.6313 -0.7485
vn 0.0458 -0.9509 -0.3060
vn 0.0063 -0.9768 0.2140
vn -0.0258 -0.7407 0.6713
vn -0.0499 -0.3140 0.9481
vn -0.0603 0.1893 0.9801
vn -0.0550 0.6431 0.7638
vn -0.0358 0.9348 0.3534
vn -0.0080 0.9885 -0.1509
vn 0.0193 0.7832 -0.6215
vn 0.0360 0.3652 -0.9302
vn -0.0218 0.0191 -0.9996
vn -0.0908 -0.8488 -0.5209
vn 0.3451 -0.9103 -0.2287
vn 0.1115 -0.9651 0.2371
vn -0.1180 -0.7531 0.6472
vn -0.3070 -0.3455 0.8868
vn -0.4144 0.1477 0.8980
vn -0.4165 0.6021 0.6812
vn -0.3133 0.9042 0.2902
vn -0.1294 0.9753 -0.1791
vn 0.0923 0.7905 -0.6055
vn 0.3083 0.3933 -0.8662
vn 0.8540 0.3264 -0.4052
vn 0.6948 -0.6334 -0.3407
vn 0.5024 -0.8552 -0.1274
vn 0.1620 -0.9522 0.2591
vn -0.2027 -0.7852 0.5851
vn -0.5052 -0.4116 0.7585
vn -0.6741 0.0664 0.7356
vn -0.6701 0.5263 0.5234
vn -0.4942 0.8516 0.1745
vn -0.1878 0.9565 -0.2231
vn 0.1764 0.8079 -0.5623
vn 0.5146 0.4404 -0.7357
vn 0.7352 -0.0429 -0.6765
vn 0.7274 -0.5124 -0.4565
vn 0.5603 -0.8261 -0.0594
vn 0.1661 -0.9530 0.2536
vn -0.2666 -0.8230 0.5016
vn -0.6248 -0.4763 0.6186
vn -0.8186 -0.0063 0.5743
vn -0.7997 0.4653 0.3795
vn -0.5716 0.8163 0.0834
vn -0.1901 0.9528 -0.2368
vn 0.2481 0.8341 -0.4926
vn 0.6255 0.4883 -0.6085
vn 0.8323 0.0090 -0.5542
vn 0.8071 -0.4730 -0.3535
vn 0.5725 -0.8189 -0.0405
vn 0.1454 -0.9673 0.2080
vn -0.3175 -0.8586 0.4024
vn -0.6954 -0.5243 0.4915
vn -0.8908 -0.0523 0.4513
vn -0.8525 0.4343 0.2910
vn -0.5880 0.8073 0.0513
vn -0.1640 0.9653 -0.2033
vn 0.3077 0.8625 -0.4017
vn 0.6977 0.5241 -0.4883
vn 0.8961 0.0425 -0.4418
vn 0.8488 -0.4498 -0.2779
vn 0.5548 -0.8278 -0.0831
vn 0.1081 -0.9878 0.1120
vn -0.3655 -0.8882 0.2784
vn -0.7434 -0.5558 0.3722
vn -0.9271 -0.0760 0.3671
vn -0.8660 0.4259 0.2620
vn -0.5728 0.8154 0.0834
vn -0.1229 0.9853 -0.1184
vn 0.3631 0.8869 -0.2856
vn 0.7505 0.5452 -0.3735
vn 0.9305 0.0552 -0.3622
vn 0.8568 -0.4475 -0.2562
vn 0.5124 -0.8350 -0.2006
vn 0.0533 -0.9973 -0.0503
vn -0.4189 -0.9009 0.1138
vn -0.7836 -0.5694 0.2487
vn -0.9448 -0.0855 0.3163
vn -0.8560 0.4255 0.2936
vn -0.5362 0.8239 0.1837
vn -0.0684 0.9974 0.0245
vn 0.4225 0.8964 -0.1339
vn 0.7963 0.5476 -0.2570
vn 0.9467 0.0516 -0.3179
vn 0.8400 -0.4534 -0.2981
vn 0.4436 -0.8012 -0.4016
vn -0.0242 -0.9574 -0.2878
vn -0.4858 -0.8684 -0.0996
vn -0.8244 -0.5542 0.1148
vn -0.9505 -0.0900 0.2974
vn -0.8253 0.4072 0.3913
vn -0.4773 0.8011 0.3611
vn 0.0052 0.9714 0.2375
vn 0.4970 0.8652 0.0658
vn 0.8430 0.5206 -0.1352
vn 0.9487 0.0435 -0.3133
vn 0.7995 -0.4379 -0.4113
vn 0.3505 -0.6729 -0.6514
vn -0.1245 -0.8169 -0.5632
vn -0.5683 -0.7531 -0.3314
vn -0.8689 -0.4949 -0.0134
vn -0.9454 -0.1028 0.3094
vn -0.7707 0.3250 0.5481
vn -0.3828 0.6736 0.6322
vn 0.1269 0.8306 0.5421
vn 0.5973 0.7422 0.3039
vn 0.8897 0.4561 -0.0225
vn 0.9372 0.0546 -0.3445
vn 0.7379 -0.3565 -0.5730
vn 0.2512 -0.4439 -0.8602
vn -0.2299 -0.5759 -0.7845
vn -0.6532 -0.5608 -0.5087
vn -0.9108 -0.4005 -0.0999
vn -0.9308 -0.1337 0.3402
vn -0.6971 0.1690 0.6968
vn -0.2618 0.4211 0.8684
vn 0.2498 0.5550 0.7935
vn 0.6843 0.5395 0.4906
vn 0.9262 0.3728 0.0561
vn 0.9178 0.1010 -0.3840
vn 0.6696 -0.1976 -0.7160
vn 0.1699 -0.1901 -0.9670
vn -0.3166 -0.3144 -0.8949
vn -0.7219 -0.3571 -0.5927
vn -0.9418 -0.3082 -0.1344
vn -0.9132 -0.1801 0.3656
vn -0.6334 -0.0064 0.7738
vn -0.1743 0.1679 0.9703
vn 0.3310 0.3005 0.8945
vn 0.7409 0.3536 0.5710
vn 0.9478 0.3046 0.0945
vn 0.8999 0.1675 -0.4028
vn 0.6142 -0.0145 -0.7890
vn 0.1124 0.0084 -0.9936
vn -0.3855 -0.0721 -0.9199
vn -0.7816 -0.1329 -0.6094
vn -0.9767 -0.1609 -0.1421
vn -0.9189 -0.1497 0.3649
vn -0.6171 -0.1002 0.7805
vn -0.1457 -0.0203 0.9891
vn 0.3687 0.0726 0.9267
vn 0.7818 0.1483 0.6056
vn 0.9771 0.1776 0.1168
vn 0.9030 0.1539 -0.4011
vn 0.5844 0.0905 -0.8064
vn 0.0925 0.1645 -0.9820
vn -0.4022 0.2149 -0.8900
vn -0.7923 0.2108 -0.5726
vn -0.9820 0.1533 -0.1106
vn -0.9229 0.0564 0.3808
vn -0.6263 -0.0559 0.7776
vn -0.1613 -0.1542 0.9748
vn 0.3564 -0.2104 0.9103
vn 0.7834 -0.2065 0.5862
vn 0.9857 -0.1432 0.0883
vn 0.9017 -0.0406 -0.4305
vn 0.5694 0.0717 -0.8189
vn 0.1408 0.2936 -0.9455
vn -0.3028 0.5016 -0.8104
vn -0.6657 0.5799 -0.4696
vn -0.8592 0.5115 -0.0108
vn -0.8350 0.3131 0.4525
vn -0.5949 0.0317 0.8032
vn -0.1942 -0.2634 0.9449
vn 0.2645 -0.4932 0.8287
vn 0.6535 -0.5877 0.4770
vn 0.8581 -0.5134 -0.0116
vn 0.8188 -0.2929 -0.4937
vn 0.5525 0.0043 -0.8335
vn 0.2170 0.3709 -0.9030
vn -0.1445 0.6811 -0.7178
vn -0.4663 0.8131 -0.3486
vn -0.6675 0.7365 0.1093
vn -0.6974 0.4702 0.5408
vn -0.5455 0.0785 0.8344
vn -0.2472 -0.3395 0.9076
vn 0.1201 -0.6703 0.7323
vn 0.4555 -0.8176 0.3523
vn 0.6652 -0.7360 -0.1262
vn 0.6898 -0.4492 -0.5678
vn 0.5238 -0.0420 -0.8508
vn 0.2864 0.4066 -0.8676
vn 0.0017 0.7679 -0.6406
vn -0.2820 0.9269 -0.2478
vn -0.4920 0.8451 0.2090
vn -0.5743 0.5431 0.6126
vn -0.5059 0.0960 0.8572
vn -0.3022 -0.3806 0.8740
vn -0.0156 -0.7575 0.6527
vn 0.2762 -0.9278 0.2509
vn 0.4924 -0.8420 -0.2204
vn 0.5730 -0.5245 -0.6298
vn 0.4964 -0.0659 -0.8656
vn 0.3446 0.4225 -0.8383
vn 0.1232 0.8064 -0.5785
vn -0.1297 0.9772 -0.1679
vn -0.3485 0.8926 0.2861
vn -0.4763 0.5738 0.6663
vn -0.4788 0.1016 0.8720
vn -0.3533 -0.4008 0.8453
vn -0.1315 -0.7973 0.5891
vn 0.1269 -0.9771 0.1707
vn 0.3509 -0.8888 -0.2949
vn 0.4784 -0.5573 -0.6786
vn 0.4754 -0.0761 -0.8765
vn 0.3997 0.4290 -0.8101
vn 0.2337 0.8204 -0.5218
vn 0.0070 0.9952 -0.0975
vn -0.2215 0.9094 0.3520
vn -0.3923 0.5846 0.7101
vn -0.4600 0.1034 0.8819
vn -0.4046 -0.4084 0.8183
vn -0.2391 -0.8120 0.5324
vn -0.0078 -0.9950 0.1000
vn 0.2257 -0.9052 -0.3600
vn 0.3971 -0.5683 -0.7207
vn 0.4602 -0.0788 -0.8843
vn 0.4629 0.4275 -0.7765
vn 0.3538 0.8151 -0.4588
vn 0.1526 0.9880 -0.0226
vn -0.0884 0.9036 0.4192
vn -0.3071 0.5823 0.7527
vn -0.4455 0.1047 0.8891
vn -0.4644 -0.4043 0.7880
vn -0.3564 -0.8062 0.4722
vn -0.1504 -0.9883 0.0259
vn 0.0966 -0.8987 -0.4279
vn 0.3166 -0.5630 -0.7634
vn 0.4501 -0.0762 -0.8897
vn 0.5528 0.4089 -0.7261
vn 0.5143 0.7732 -0.3710
vn 0.3434 0.9360 0.0771
vn 0.0839 0.8590 0.5050
vn -0.1991 0.5592 0.8048
vn -0.4313 0.1078 0.8958
vn -0.5459 -0.3790 0.7473
vn -0.5076 -0.7661 0.3943
vn -0.3291 -0.9418 -0.0680
vn -0.0622 -0.8561 -0.5130
vn 0.2217 -0.5337 -0.8161
vn 0.4467 -0.0683 -0.8921
vn 0.6947 0.3261 -0.6411
vn 0.7513 0.6172 -0.2336
vn 0.6189 0.7515 0.2287
vn 0.3317 0.6989 0.6336
vn -0.0421 0.4696 0.8819
vn -0.4095 0.1120 0.9054
vn -0.6650 -0.2917 0.6875
vn -0.7242 -0.6301 0.2803
vn -0.5781 -0.7900 -0.2042
vn -0.2808 -0.7169 -0.6381
vn 0.0984 -0.4407 -0.8922
vn 0.4575 -0.0570 -0.8874
vn 0.8329 0.0831 -0.5471
vn 0.9737 0.2108 -0.0863
vn 0.8733 0.2861 0.3944
vn 0.5572 0.2909 0.7777
vn 0.1021 0.2235 0.9693
vn -0.3825 0.0988 0.9187
vn -0.7755 -0.0566 0.6288
vn -0.9662 -0.2065 0.1547
vn -0.8697 -0.3005 -0.3915
vn -0.4992 -0.2950 -0.8147
vn -0.0008 -0.2045 -0.9789
vn 0.4814 -0.0669 -0.8739
vn 0.8159 -0.2359 -0.5279
vn 0.9497 -0.3091 -0.0500
vn 0.8463 -0.3053 0.4366
vn 0.5332 -0.2261 0.8152
vn 0.0840 -0.0900 0.9924
vn -0.3938 0.0732 0.9163
vn -0.7733 0.2292 0.5911
vn -0.9367 0.3376 0.0930
vn -0.8300 0.3501 -0.4343
vn -0.4881 0.2483 -0.8367
vn -0.0079 0.0769 -0.9970
vn 0.4699 -0.0988 -0.8772
vn 0.7518 -0.3678 -0.5473
vn 0.8476 -0.5253 -0.0751
vn 0.7311 -0.5494 0.4046
vn 0.4347 -0.4406 0.7854
vn 0.0203 -0.2175 0.9759
vn -0.4106 0.0742 0.9088
vn -0.7279 0.3554 0.5864
vn -0.8349 0.5405 0.1038
vn -0.7134 0.5755 -0.3998
vn -0.4023 0.4510 -0.7967
vn 0.0248 0.2000 -0.9795
vn 0.4521 -0.1036 -0.8859
vn -0.1564 -0.6739 0.7221
vn -0.1946 -0.9368 0.2908
vn -0.1828 -0.9589 -0.2169
vn -0.1229 -0.7297 -0.6726
vn -0.0291 -0.3023 -0.9528
vn 0.0737 0.2101 -0.9749
vn 0.1566 0.6655 -0.7298
vn 0.1963 0.9383 -0.2847
vn 0.1820 0.9539 0.2386
vn 0.1180 0.7079 0.6963
vn 0.0227 0.2704 0.9625
vn -0.0776 -0.2351 0.9689
vn -0.0526 -0.6881 0.7237
vn -0.0873 -0.9528 0.2907
vn -0.0995 -0.9707 -0.2185
vn -0.0857 -0.7346 -0.6731
vn -0.0486 -0.3013 -0.9523
vn 0.0025 0.2172 -0.9761
vn 0.0535 0.6794 -0.7318
vn 0.0895 0.9546 -0.2840
vn 0.1004 0.9651 0.2417
vn 0.0841 0.7110 0.6981
vn 0.0457 0.2672 0.9626
vn -0.0042 -0.2438 0.9698
vn 0.1632 -0.6874 0.7077
vn 0.1353 -0.9520 0.2746
vn 0.0722 -0.9704 -0.2303
vn -0.0100 -0.7352 -0.6778
vn -0.0897 -0.3024 -0.9490
vn -0.1451 0.2163 -0.9655
vn -0.1606 0.6791 -0.7163
vn -0.1319 0.9545 -0.2674
vn -0.0671 0.9646 0.2549
vn 0.0162 0.7101 0.7039
vn 0.0952 0.2663 0.9592
vn 0.1487 -0.2440 0.9583
vn 0.3865 -0.6390 0.6651
vn 0.3641 -0.9021 0.2317
vn 0.2474 -0.9327 -0.2624
vn 0.0656 -0.7198 -0.6911
vn -0.1347 -0.3134 -0.9400
vn -0.2993 0.1824 -0.9366
vn -0.3819 0.6316 -0.6747
vn -0.3590 0.9060 -0.2240
vn -0.2370 0.9278 0.2882
vn -0.0499 0.6947 0.7175
vn 0.1500 0.2769 0.9491
vn 0.3089 -0.2099 0.9276
vn 0.6044 -0.5341 0.5911
vn 0.5855 -0.7952 0.1574
vn 0.4157 -0.8522 -0.3179
vn 0.1364 -0.6872 -0.7135
vn -0.1811 -0.3375 -0.9238
vn -0.4514 0.1086 -0.8857
vn -0.5981 0.5286 -0.6024
vn -0.5790 0.8015 -0.1495
vn -0.3992 0.8498 0.3444
vn -0.1098 0.6644 0.7393
vn 0.2074 0.3028 0.9302
vn 0.4674 -0.1347 0.8737
vn 0.7953 -0.3668 0.4827
vn 0.7781 -0.6263 0.0489
vn 0.5609 -0.7257 -0.3985
vn 0.1963 -0.6368 -0.7456
vn -0.2237 -0.3772 -0.8987
vn -0.5868 -0.0108 -0.8097
vn -0.7894 0.3626 -0.4953
vn -0.7719 0.6345 -0.0401
vn -0.5387 0.7273 0.4252
vn -0.1583 0.6198 0.7686
vn 0.2613 0.3477 0.9004
vn 0.6081 -0.0125 0.7937
vn 0.9282 -0.1427 0.3436
vn 0.9112 -0.4020 -0.0898
vn 0.6606 -0.5588 -0.5014
vn 0.2364 -0.5715 -0.7858
vn -0.2551 -0.4323 -0.8649
vn -0.6830 -0.1733 -0.7096
vn -0.9248 0.1366 -0.3551
vn -0.9070 0.4088 0.1012
vn -0.6346 0.5651 0.5272
vn -0.1898 0.5645 0.8033
vn 0.3008 0.4124 0.8599
vn 0.7072 0.1537 0.6901
vn 0.9755 0.1109 0.1900
vn 0.9584 -0.1499 -0.2428
vn 0.6953 -0.3729 -0.6144
vn 0.2494 -0.5005 -0.8290
vn -0.2677 -0.4971 -0.8254
vn -0.7180 -0.3592 -0.5961
vn -0.9727 -0.1209 -0.1981
vn -0.9543 0.1529 0.2568
vn -0.6684 0.3835 0.6373
vn -0.2012 0.5056 0.8390
vn 0.3146 0.4893 0.8134
vn 0.7423 0.3440 0.5750
vn 0.9347 0.3526 0.0457
vn 0.9181 0.0885 -0.3863
vn 0.6649 -0.1989 -0.7200
vn 0.2364 -0.4366 -0.8680
vn -0.2591 -0.5614 -0.7859
vn -0.6888 -0.5363 -0.4878
vn -0.9303 -0.3632 -0.0514
vn -0.9124 -0.0871 0.4000
vn -0.6404 0.2134 0.7378
vn -0.1944 0.4518 0.8707
vn 0.2997 0.5645 0.7691
vn 0.7105 0.5267 0.4667
vn 0.8324 0.5496 -0.0710
vn 0.8176 0.2815 -0.5024
vn 0.5906 -0.0601 -0.8047
vn 0.2075 -0.3882 -0.8979
vn -0.2338 -0.6164 -0.7519
vn -0.6145 -0.6803 -0.3994
vn -0.8276 -0.5574 0.0659
vn -0.8116 -0.2788 0.5134
vn -0.5712 0.0770 0.8172
vn -0.1757 0.4086 0.8957
vn 0.2645 0.6262 0.7334
vn 0.6316 0.6760 0.3795
vn 0.7044 0.6925 -0.1555
vn 0.6922 0.4206 -0.5865
vn 0.4993 0.0385 -0.8656
vn 0.1740 -0.3559 -0.9182
vn -0.1996 -0.6585 -0.7256
vn -0.5210 -0.7853 -0.3344
vn -0.7007 -0.6974 0.1507
vn -0.6876 -0.4165 0.5947
vn -0.4856 -0.0214 0.8739
vn -0.1519 0.3771 0.9136
vn 0.2209 0.6708 0.7079
vn 0.5330 0.7846 0.3167
vn 0.5759 0.7893 -0.2129
vn 0.5668 0.5142 -0.6437
vn 0.4090 0.1038 -0.9066
vn 0.1425 -0.3359 -0.9311
vn -0.1633 -0.6885 -0.7066
vn -0.4263 -0.8571 -0.2894
vn -0.5736 -0.7921 0.2086
vn -0.5639 -0.5097 0.6498
vn -0.4000 -0.0880 0.9123
vn -0.1279 0.3556 0.9259
vn 0.1773 0.7008 0.6909
vn 0.4341 0.8581 0.2742
vn 0.5125 0.8258 -0.2351
vn 0.5051 0.5499 -0.6652
vn 0.3651 0.1289 -0.9220
vn 0.1275 -0.3288 -0.9357
vn -0.1455 -0.7010 -0.6981
vn -0.3798 -0.8847 -0.2704
vn -0.5110 -0.8279 0.2314
vn -0.5031 -0.5456 0.6702
vn -0.3584 -0.1149 0.9265
vn -0.1165 0.3463 0.9309
vn 0.1560 0.7122 0.6845
vn 0.3856 0.8860 0.2574
vt 0.111968 0.347155
vt 0.112194 0.337449
vt 0.114068 0.337463
vt 0.113841 0.347222
vt 0.110393 0.346992
vt 0.110613 0.337546
vt 0.379131 0.188716
vt 0.370758 0.188798
vt 0.370890 0.187093
vt 0.379630 0.187001
vt 0.379033 0.190618
vt 0.371053 0.190690
vt 0.379361 0.192198
vt 0.371698 0.192261
vt 0.373329 0.749803
vt 0.373166 0.741691
vt 0.374834 0.741561
vt 0.375000 0.749839
vt 0.371457 0.749862
vt 0.371293 0.741696
vt 0.369887 0.750000
vt 0.369719 0.741575
vt 0.795231 0.359888
vt 0.803415 0.359633
vt 0.803615 0.361331
vt 0.795799 0.361580
vt 0.795053 0.357989
vt 0.803632 0.357729
vt 0.795312 0.356393
vt 0.804208 0.356128
vt 0.115734 0.337583
vt 0.115511 0.347176
vt 0.112200 0.329685
vt 0.114075 0.329622
vt 0.110621 0.330118
vt 0.364346 0.190728
vt 0.364011 0.189175
vt 0.365140 0.192458
vt 0.366180 0.193901
vt 0.373169 0.735966
vt 0.374839 0.735635
vt 0.371297 0.735895
vt 0.369724 0.735440
vt 0.809683 0.361237
vt 0.809409 0.362803
vt 0.810406 0.359474
vt 0.811384 0.357986
vt 0.115741 0.329944
vt 0.111957 0.323876
vt 0.113827 0.323722
vt 0.110393 0.324664
vt 0.359760 0.194185
vt 0.358936 0.193008
vt 0.361070 0.195518
vt 0.362516 0.196650
vt 0.373322 0.732276
vt 0.375000 0.731749
vt 0.371454 0.732115
vt 0.369897 0.731309
vt 0.814213 0.364362
vt 0.813433 0.365571
vt 0.815470 0.362975
vt 0.816866 0.361782
vt 0.115502 0.324242
vt 0.689859 0.813330
vt 0.694972 0.811111
vt 0.696100 0.812553
vt 0.690887 0.814815
vt 0.689403 0.811466
vt 0.694166 0.809397
vt 0.356868 0.198811
vt 0.355694 0.198183
vt 0.358543 0.199572
vt 0.360270 0.200263
vt 0.363709 0.197277
vt 0.361586 0.200697
vt 0.621891 0.761318
vt 0.618528 0.760490
vt 0.619425 0.758891
vt 0.622685 0.759694
vt 0.621747 0.763234
vt 0.618022 0.762319
vt 0.817186 0.368704
vt 0.816032 0.369378
vt 0.818831 0.367875
vt 0.820528 0.367112
vt 0.818028 0.361102
vt 0.821821 0.366620
vt 0.700160 0.807488
vt 0.701390 0.808859
vt 0.699035 0.805994
vt 0.693898 0.807871
vt 0.698317 0.804778
vt 0.357329 0.204434
vt 0.355501 0.204237
vt 0.359171 0.204698
vt 0.360534 0.204959
vt 0.614635 0.758619
vt 0.615643 0.757072
vt 0.613782 0.760285
vt 0.618041 0.763889
vt 0.613310 0.761624
vt 0.820569 0.373705
vt 0.818748 0.373977
vt 0.822399 0.373363
vt 0.823746 0.373043
vt 0.705081 0.802877
vt 0.706401 0.804165
vt 0.703711 0.801611
vt 0.702658 0.800706
vt 0.357307 0.209868
vt 0.355470 0.210124
vt 0.359155 0.209801
vt 0.360521 0.209940
vt 0.610353 0.755747
vt 0.611462 0.754268
vt 0.609220 0.757228
vt 0.608369 0.758316
vt 0.820870 0.380041
vt 0.819021 0.379861
vt 0.822720 0.380030
vt 0.824074 0.379831
vt 0.709543 0.797570
vt 0.710940 0.798767
vt 0.707990 0.796520
vt 0.706698 0.795899
vt 0.358366 0.215552
vt 0.356590 0.216153
vt 0.360172 0.215243
vt 0.607190 0.750615
vt 0.607921 0.749485
vt 0.612252 0.753189
vt 0.605989 0.752016
vt 0.604640 0.753313
vt 0.603504 0.754159
vt 0.819936 0.386544
vt 0.818134 0.386016
vt 0.821753 0.386777
vt 0.711807 0.799790
vt 0.707317 0.805130
vt 0.713376 0.791790
vt 0.714840 0.792884
vt 0.711682 0.790953
vt 0.710212 0.790599
vt 0.360367 0.221132
vt 0.358688 0.222008
vt 0.362109 0.220641
vt 0.603172 0.746323
vt 0.603874 0.745161
vt 0.601887 0.747633
vt 0.600361 0.748742
vt 0.816225 0.392103
vt 0.815012 0.391122
vt 0.816829 0.385334
vt 0.817941 0.392910
vt 0.819701 0.393327
vt 0.715683 0.793944
vt 0.716381 0.785745
vt 0.717906 0.786718
vt 0.714576 0.785134
vt 0.361591 0.227369
vt 0.360566 0.228656
vt 0.357523 0.223035
vt 0.363143 0.226259
vt 0.364807 0.225623
vt 0.599733 0.741625
vt 0.600423 0.740448
vt 0.598367 0.742825
vt 0.596691 0.743726
vt 0.813433 0.397783
vt 0.812351 0.396536
vt 0.815032 0.398829
vt 0.816720 0.399393
vt 0.423640 0.684453
vt 0.425253 0.680196
vt 0.427019 0.680940
vt 0.425410 0.685185
vt 0.718337 0.779646
vt 0.719907 0.780471
vt 0.716451 0.779290
vt 0.365124 0.231915
vt 0.364286 0.233441
vt 0.366514 0.230598
vt 0.368085 0.229844
vt 0.451597 0.680556
vt 0.450150 0.676319
vt 0.451931 0.675652
vt 0.453378 0.679888
vt 0.595723 0.737819
vt 0.597162 0.736759
vt 0.593922 0.738479
vt 0.809896 0.402719
vt 0.808992 0.401225
vt 0.811341 0.403978
vt 0.812940 0.404665
vt 0.427309 0.675035
vt 0.429075 0.675778
vt 0.426021 0.673867
vt 0.428338 0.668056
vt 0.429696 0.669045
vt 0.717076 0.773656
vt 0.718991 0.773715
vt 0.369108 0.235336
vt 0.368520 0.237073
vt 0.370290 0.233843
vt 0.450281 0.670877
vt 0.452003 0.670691
vt 0.453704 0.675613
vt 0.448494 0.671526
vt 0.594223 0.732838
vt 0.595713 0.731956
vt 0.592338 0.733207
vt 0.805747 0.406563
vt 0.805084 0.404849
vt 0.806990 0.408006
vt 0.431470 0.669770
vt 0.433182 0.670037
vt 0.430846 0.675898
vt 0.430780 0.661719
vt 0.432227 0.662468
vt 0.716227 0.768554
vt 0.718096 0.768319
vt 0.715347 0.774197
vt 0.714546 0.769399
vt 0.374340 0.235733
vt 0.373356 0.237324
vt 0.448494 0.665595
vt 0.450180 0.665296
vt 0.446683 0.666170
vt 0.447120 0.672463
vt 0.445232 0.666866
vt 0.592212 0.728026
vt 0.594107 0.727959
vt 0.590563 0.732966
vt 0.590427 0.727472
vt 0.802158 0.410515
vt 0.801109 0.408966
vt 0.434028 0.663119
vt 0.435699 0.663498
vt 0.433466 0.653206
vt 0.435007 0.653636
vt 0.713501 0.762433
vt 0.715252 0.761927
vt 0.711919 0.763504
vt 0.379630 0.236811
vt 0.378751 0.238426
vt 0.446386 0.657844
vt 0.448078 0.657568
vt 0.444526 0.658221
vt 0.442996 0.658597
vt 0.593819 0.721086
vt 0.595649 0.721309
vt 0.592089 0.720290
vt 0.795997 0.412037
vt 0.795053 0.410460
vt 0.436866 0.654090
vt 0.438544 0.654446
vt 0.434597 0.646497
vt 0.436208 0.646484
vt 0.710380 0.758011
vt 0.711906 0.757197
vt 0.708961 0.759305
vt 0.710929 0.764853
vt 0.708028 0.760731
vt 0.445618 0.651881
vt 0.447324 0.651731
vt 0.443720 0.651930
vt 0.442139 0.651864
vt 0.596418 0.715440
vt 0.598083 0.716008
vt 0.594807 0.714395
vt 0.590921 0.719135
vt 0.593681 0.713154
vt 0.438118 0.646609
vt 0.439815 0.646839
vt 0.434468 0.641301
vt 0.436058 0.640728
vt 0.707069 0.755015
vt 0.708191 0.753845
vt 0.705942 0.756566
vt 0.705111 0.758082
vt 0.445870 0.647649
vt 0.447564 0.647657
vt 0.444002 0.647286
vt 0.442461 0.646663
vt 0.599840 0.711042
vt 0.601169 0.712032
vt 0.598471 0.709693
vt 0.597429 0.708346
vt 0.437953 0.640438
vt 0.439644 0.640509
vt 0.433329 0.637470
vt 0.434754 0.636346
vt 0.703723 0.753174
vt 0.704287 0.751698
vt 0.702999 0.754946
vt 0.702309 0.756539
vt 0.446819 0.644782
vt 0.448463 0.644943
vt 0.445086 0.644016
vt 0.443727 0.642849
vt 0.603864 0.707855
vt 0.604694 0.709239
vt 0.602856 0.706221
vt 0.601940 0.704774
vt 0.436527 0.635647
vt 0.438172 0.635563
vt 0.431430 0.634856
vt 0.432580 0.633342
vt 0.700373 0.752224
vt 0.700368 0.750580
vt 0.700061 0.754117
vt 0.699514 0.755752
vt 0.764381 0.372685
vt 0.763439 0.370915
vt 0.765304 0.370650
vt 0.766194 0.372325
vt 0.446773 0.641823
vt 0.448297 0.642871
vt 0.445697 0.640278
vt 0.608146 0.705849
vt 0.608439 0.707489
vt 0.607527 0.704029
vt 0.606747 0.702518
vt 0.419118 0.235739
vt 0.420693 0.232841
vt 0.422551 0.233118
vt 0.420924 0.236111
vt 0.434149 0.632356
vt 0.429016 0.633314
vt 0.429873 0.631603
vt 0.697075 0.752002
vt 0.696610 0.750322
vt 0.697095 0.753922
vt 0.696665 0.755567
vt 0.762774 0.368357
vt 0.764670 0.368202
vt 0.761768 0.371843
vt 0.761025 0.368996
vt 0.448128 0.638799
vt 0.448911 0.640532
vt 0.612346 0.704891
vt 0.612186 0.706639
vt 0.612055 0.702992
vt 0.611389 0.701454
vt 0.421732 0.228971
vt 0.423620 0.229139
vt 0.419036 0.231905
vt 0.419995 0.228323
vt 0.426336 0.632702
vt 0.426927 0.630926
vt 0.693998 0.752395
vt 0.693194 0.750754
vt 0.694262 0.754286
vt 0.764293 0.365205
vt 0.765815 0.365484
vt 0.766204 0.368573
vt 0.762383 0.365256
vt 0.760598 0.365622
vt 0.450782 0.638262
vt 0.451303 0.640052
vt 0.616227 0.704781
vt 0.615719 0.706543
vt 0.616187 0.702874
vt 0.424212 0.224695
vt 0.425735 0.224429
vt 0.425156 0.228781
vt 0.422308 0.224631
vt 0.420535 0.224254
vt 0.423640 0.632878
vt 0.423986 0.631118
vt 0.691364 0.753262
vt 0.690299 0.751706
vt 0.691818 0.755091
vt 0.764177 0.362039
vt 0.765695 0.362230
vt 0.762263 0.361991
vt 0.760468 0.362098
vt 0.453421 0.638514
vt 0.453704 0.640282
vt 0.619613 0.705338
vt 0.618826 0.707055
vt 0.619774 0.703464
vt 0.424407 0.220153
vt 0.425926 0.219975
vt 0.422499 0.220187
vt 0.420715 0.220068
vt 0.419531 0.219828
vt 0.419408 0.216230
vt 0.420577 0.216087
vt 0.715057 0.499242
vt 0.715692 0.496932
vt 0.717593 0.497414
vt 0.716886 0.500000
vt 0.690022 0.756152
vt 0.689403 0.754423
vt 0.764291 0.359183
vt 0.765814 0.359277
vt 0.762382 0.359027
vt 0.760600 0.358850
vt 0.759272 0.362333
vt 0.759421 0.358700
vt 0.622338 0.706419
vt 0.621294 0.708030
vt 0.622685 0.704620
vt 0.424254 0.215781
vt 0.425777 0.215699
vt 0.422351 0.215923
vt 0.419036 0.213247
vt 0.420132 0.212573
vt 0.715709 0.494920
vt 0.717593 0.494960
vt 0.713786 0.497125
vt 0.713815 0.495435
vt 0.764533 0.357240
vt 0.766075 0.357199
vt 0.762646 0.356933
vt 0.760922 0.356362
vt 0.759821 0.355679
vt 0.253094 0.802765
vt 0.252115 0.800178
vt 0.253787 0.799482
vt 0.254630 0.801672
vt 0.251315 0.803241
vt 0.250238 0.800366
vt 0.423734 0.211724
vt 0.425275 0.211776
vt 0.421851 0.212015
vt 0.472723 0.668982
vt 0.472015 0.667596
vt 0.473456 0.666282
vt 0.474537 0.668219
vt 0.715352 0.493736
vt 0.716873 0.492938
vt 0.713722 0.494859
vt 0.764591 0.356798
vt 0.766204 0.356557
vt 0.762782 0.356270
vt 0.761261 0.355114
vt 0.120370 0.001675
vt 0.120370 0.003374
vt 0.118425 0.002782
vt 0.118342 0.001786
vt 0.252112 0.797218
vt 0.253744 0.797392
vt 0.250263 0.796775
vt 0.248657 0.799995
vt 0.248692 0.796182
vt 0.420809 0.208651
vt 0.422617 0.208138
vt 0.419286 0.209792
vt 0.470391 0.667110
vt 0.470617 0.665473
vt 0.714976 0.493352
vt 0.715422 0.491639
vt 0.386574 0.626709
vt 0.386354 0.627315
vt 0.386354 0.621668
vt 0.386442 0.622583
vt 0.125000 0.002315
vt 0.124197 0.002315
vt 0.124224 0.000675
vt 0.124687 0.000694
vt 0.022390 0.000531
vt 0.022809 0.000561
vt 0.023148 0.002315
vt 0.022390 0.002218
vt 0.761491 0.354871
vt 0.762599 0.356339
vt 0.119044 0.004630
vt 0.118071 0.003172
vt 0.253644 0.794294
vt 0.254630 0.795661
vt 0.252263 0.792987
vt 0.250858 0.792088
vt 0.474354 0.664533
vt 0.470617 0.663485
vt 0.470391 0.661679
vt 0.474468 0.662818
vt 0.001348 0.157263
vt 0.004696 0.157585
vt 0.004221 0.159313
vt 0.001460 0.159067
vt 0.001149 0.155408
vt 0.005411 0.155848
vt 0.000918 0.154000
vt 0.006172 0.154568
vt 0.479518 0.596908
vt 0.479507 0.601852
vt 0.477601 0.601152
vt 0.477601 0.596858
vt 0.481481 0.596435
vt 0.481465 0.601705
vt 0.407407 0.186316
vt 0.401075 0.187275
vt 0.400917 0.186030
vt 0.407354 0.185054
vt 0.407365 0.188121
vt 0.401617 0.188981
vt 0.407239 0.189985
vt 0.402398 0.190691
vt 0.407062 0.191408
vt 0.403209 0.191947
vt 0.502315 0.574461
vt 0.499768 0.574447
vt 0.499069 0.572585
vt 0.502273 0.572585
vt 0.501876 0.576389
vt 0.499659 0.576368
vt 0.004112 0.160569
vt 0.001455 0.160337
vt 0.006858 0.159156
vt 0.005910 0.160568
vt 0.008287 0.157898
vt 0.009814 0.157130
vt 0.212982 0.263919
vt 0.213876 0.269214
vt 0.212255 0.269446
vt 0.211496 0.264891
vt 0.214841 0.263395
vt 0.215799 0.269044
vt 0.216573 0.263458
vt 0.217508 0.268982
vt 0.397756 0.191924
vt 0.396753 0.190553
vt 0.399233 0.193126
vt 0.400789 0.193839
vt 0.135298 0.291292
vt 0.134885 0.293694
vt 0.133283 0.293412
vt 0.133843 0.290278
vt 0.137145 0.291857
vt 0.136802 0.293907
vt 0.138889 0.291819
vt 0.138522 0.293993
vt 0.008309 0.162126
vt 0.007167 0.163198
vt 0.010019 0.161360
vt 0.011839 0.161105
vt 0.213958 0.274978
vt 0.212320 0.274679
vt 0.215887 0.275040
vt 0.217593 0.274848
vt 0.395814 0.196123
vt 0.394630 0.195100
vt 0.397553 0.196821
vt 0.399382 0.197008
vt 0.134790 0.297228
vt 0.133159 0.297478
vt 0.136719 0.297209
vt 0.138432 0.297425
vt 0.472993 0.680556
vt 0.470503 0.678472
vt 0.471853 0.677119
vt 0.474200 0.679089
vt 0.010715 0.165941
vt 0.008944 0.166376
vt 0.012595 0.166012
vt 0.213607 0.280748
vt 0.211983 0.280183
vt 0.215533 0.280902
vt 0.217243 0.280602
vt 0.121280 0.350339
vt 0.124244 0.348271
vt 0.125524 0.349686
vt 0.122411 0.351852
vt 0.397038 0.201410
vt 0.395251 0.201045
vt 0.398915 0.201267
vt 0.134955 0.301720
vt 0.133331 0.302238
vt 0.136883 0.301609
vt 0.138598 0.301934
vt 0.467803 0.675200
vt 0.469251 0.673966
vt 0.010530 0.171286
vt 0.008763 0.171496
vt 0.012406 0.171559
vt 0.213111 0.286432
vt 0.211496 0.285741
vt 0.215035 0.286599
vt 0.216753 0.286196
vt 0.127247 0.345133
vt 0.128631 0.346440
vt 0.397419 0.206582
vt 0.395645 0.206444
vt 0.399284 0.206237
vt 0.135242 0.306617
vt 0.133624 0.307262
vt 0.137169 0.306493
vt 0.138889 0.306922
vt 0.465254 0.671111
vt 0.466781 0.670004
vt 0.009652 0.177063
vt 0.007911 0.177093
vt 0.011508 0.177472
vt 0.013889 0.172242
vt 0.012983 0.178210
vt 0.214626 0.291983
vt 0.212699 0.291853
vt 0.216352 0.291467
vt 0.130002 0.341309
vt 0.131471 0.342498
vt 0.398459 0.212007
vt 0.396718 0.212048
vt 0.400299 0.211527
vt 0.400740 0.205501
vt 0.401745 0.210736
vt 0.137385 0.311362
vt 0.135457 0.311449
vt 0.468564 0.669482
vt 0.470978 0.673354
vt 0.463194 0.666574
vt 0.464792 0.665627
vt 0.008269 0.182974
vt 0.006569 0.182828
vt 0.010103 0.183483
vt 0.011578 0.184220
vt 0.214530 0.296817
vt 0.212602 0.296771
vt 0.133744 0.338222
vt 0.135564 0.338682
vt 0.133223 0.343090
vt 0.132196 0.337184
vt 0.399919 0.217318
vt 0.398225 0.217533
vt 0.401732 0.216738
vt 0.403178 0.215949
vt 0.137328 0.315804
vt 0.135402 0.315806
vt 0.466636 0.665245
vt 0.461962 0.661919
vt 0.463618 0.661211
vt 0.006548 0.188780
vt 0.004911 0.188421
vt 0.008358 0.189372
vt 0.009854 0.190037
vt 0.214978 0.300827
vt 0.213071 0.300926
vt 0.135135 0.333985
vt 0.137024 0.334219
vt 0.133519 0.333176
vt 0.401535 0.222090
vt 0.399912 0.222517
vt 0.403321 0.221429
vt 0.404791 0.220710
vt 0.136805 0.319444
vt 0.134904 0.319300
vt 0.465519 0.661066
vt 0.461971 0.657405
vt 0.463608 0.657102
vt 0.004605 0.194352
vt 0.003078 0.193677
vt 0.006390 0.195015
vt 0.007953 0.195489
vt 0.137234 0.330008
vt 0.138889 0.329268
vt 0.138678 0.333814
vt 0.135344 0.330196
vt 0.133727 0.329781
vt 0.402989 0.225794
vt 0.401488 0.226531
vt 0.404748 0.225062
vt 0.406292 0.224532
vt 0.465489 0.657390
vt 0.467109 0.658190
vt 0.467155 0.661522
vt 0.463894 0.653344
vt 0.465206 0.653649
vt 0.002564 0.199455
vt 0.001210 0.198345
vt 0.004328 0.200171
vt 0.006028 0.200300
vt 0.135726 0.326399
vt 0.137109 0.325099
vt 0.134163 0.327261
vt 0.132840 0.327453
vt 0.403978 0.228001
vt 0.402667 0.229167
vt 0.405713 0.227218
vt 0.407407 0.227026
vt 0.466726 0.654611
vt 0.468047 0.655972
vt 0.176907 0.804844
vt 0.175210 0.800760
vt 0.176841 0.800134
vt 0.178241 0.803520
vt 0.175226 0.805556
vt 0.173352 0.801056
vt 0.002673 0.203704
vt 0.000918 0.202970
vt 0.132802 0.322191
vt 0.133243 0.320532
vt 0.137943 0.323708
vt 0.132122 0.323970
vt 0.131383 0.325393
vt 0.841179 0.477639
vt 0.842261 0.475806
vt 0.843765 0.476690
vt 0.842286 0.479167
vt 0.839616 0.476663
vt 0.840462 0.475215
vt 0.406323 0.228358
vt 0.404596 0.229159
vt 0.470105 0.654710
vt 0.470466 0.656361
vt 0.468813 0.657369
vt 0.469512 0.652894
vt 0.468845 0.651399
vt 0.174992 0.794946
vt 0.176661 0.794874
vt 0.173107 0.794841
vt 0.171766 0.800943
vt 0.171511 0.794587
vt 0.126500 0.321257
vt 0.126781 0.319559
vt 0.126240 0.323142
vt 0.126071 0.324708
vt 0.843136 0.471189
vt 0.844764 0.471530
vt 0.841247 0.470991
vt 0.838850 0.475073
vt 0.839604 0.470987
vt 0.474483 0.654477
vt 0.474681 0.656160
vt 0.474316 0.652575
vt 0.474225 0.650963
vt 0.175644 0.790131
vt 0.177303 0.790134
vt 0.173801 0.789716
vt 0.172269 0.789001
vt 0.120326 0.320263
vt 0.121106 0.318696
vt 0.119672 0.322045
vt 0.119320 0.323563
vt 0.843278 0.464528
vt 0.844907 0.464793
vt 0.841384 0.464644
vt 0.839732 0.465109
vt 0.479912 0.653979
vt 0.480617 0.655558
vt 0.479346 0.652159
vt 0.479069 0.650585
vt 0.176552 0.787583
vt 0.178241 0.787502
vt 0.174799 0.786913
vt 0.173452 0.785674
vt 0.116206 0.317449
vt 0.117663 0.316340
vt 0.114924 0.318804
vt 0.114159 0.320042
vt 0.842238 0.459212
vt 0.843884 0.459564
vt 0.840395 0.459595
vt 0.838850 0.460609
vt 0.483803 0.651635
vt 0.485206 0.652796
vt 0.482587 0.650203
vt 0.481885 0.648885
vt 0.181361 0.346239
vt 0.181525 0.343082
vt 0.183413 0.343205
vt 0.183244 0.346448
vt 0.179626 0.346652
vt 0.179803 0.343251
vt 0.115644 0.312718
vt 0.117167 0.312623
vt 0.118903 0.315775
vt 0.113832 0.313237
vt 0.112218 0.314041
vt 0.216062 0.342386
vt 0.215766 0.336853
vt 0.217318 0.336474
vt 0.217593 0.341614
vt 0.214179 0.342593
vt 0.213879 0.336974
vt 0.212448 0.342177
vt 0.212161 0.336803
vt 0.487979 0.648477
vt 0.489500 0.648607
vt 0.486421 0.653376
vt 0.486192 0.647880
vt 0.484618 0.646974
vt 0.184960 0.343586
vt 0.184770 0.347222
vt 0.181660 0.338781
vt 0.183550 0.338827
vt 0.179944 0.338755
vt 0.114902 0.308090
vt 0.116500 0.308384
vt 0.112998 0.308118
vt 0.111297 0.308461
vt 0.215574 0.330608
vt 0.217136 0.330555
vt 0.213684 0.330651
vt 0.211972 0.330674
vt 0.489127 0.643203
vt 0.490741 0.642952
vt 0.487223 0.643085
vt 0.485540 0.642631
vt 0.185107 0.338881
vt 0.181733 0.333751
vt 0.183624 0.333733
vt 0.180019 0.333587
vt 0.115357 0.302869
vt 0.116933 0.303453
vt 0.113479 0.302527
vt 0.111804 0.302520
vt 0.215491 0.324131
vt 0.217056 0.324328
vt 0.213600 0.324110
vt 0.211890 0.324271
vt 0.488913 0.637429
vt 0.490520 0.636891
vt 0.487018 0.637678
vt 0.485343 0.637572
vt 0.185185 0.333537
vt 0.181717 0.328562
vt 0.183607 0.328483
vt 0.180003 0.328293
vt 0.116866 0.297528
vt 0.118377 0.298346
vt 0.115073 0.296883
vt 0.113479 0.296583
vt 0.215528 0.317767
vt 0.217092 0.318174
vt 0.213637 0.317686
vt 0.211927 0.317952
vt 0.487544 0.631551
vt 0.489097 0.630778
vt 0.485719 0.632104
vt 0.484111 0.632291
vt 0.185168 0.328077
vt 0.181591 0.323771
vt 0.183480 0.323626
vt 0.179875 0.323411
vt 0.119242 0.292539
vt 0.120647 0.293576
vt 0.117588 0.291604
vt 0.116130 0.291021
vt 0.215705 0.311869
vt 0.217263 0.312481
vt 0.213817 0.311722
vt 0.212103 0.312080
vt 0.485182 0.625958
vt 0.486640 0.624964
vt 0.483482 0.626806
vt 0.481996 0.627279
vt 0.185035 0.323015
vt 0.181349 0.319911
vt 0.183232 0.319686
vt 0.179626 0.319460
vt 0.122254 0.288372
vt 0.123484 0.289644
vt 0.120838 0.287118
vt 0.119616 0.286219
vt 0.216052 0.306817
vt 0.217593 0.307657
vt 0.214169 0.306590
vt 0.212449 0.307038
vt 0.481943 0.621045
vt 0.483236 0.619808
vt 0.480465 0.622220
vt 0.479200 0.623018
vt 0.184771 0.318847
vt 0.029581 0.470672
vt 0.028607 0.473576
vt 0.026747 0.473406
vt 0.027756 0.470383
vt 0.126517 0.286999
vt 0.127114 0.288045
vt 0.124198 0.290595
vt 0.125609 0.285464
vt 0.124634 0.283852
vt 0.123852 0.282595
vt 0.589266 0.741877
vt 0.590813 0.746342
vt 0.589116 0.747023
vt 0.587673 0.742875
vt 0.591080 0.741529
vt 0.592664 0.746111
vt 0.478865 0.615716
vt 0.479515 0.614648
vt 0.483999 0.618841
vt 0.477880 0.617229
vt 0.476825 0.618782
vt 0.475983 0.619959
vt 0.025009 0.472780
vt 0.026117 0.469435
vt 0.028285 0.476260
vt 0.026404 0.476305
vt 0.030093 0.473245
vt 0.029752 0.476122
vt 0.129004 0.284111
vt 0.129367 0.285839
vt 0.128780 0.282232
vt 0.128756 0.280705
vt 0.591544 0.751810
vt 0.589779 0.751930
vt 0.593421 0.751792
vt 0.594173 0.746392
vt 0.594907 0.751881
vt 0.473031 0.615072
vt 0.473480 0.613336
vt 0.472715 0.616931
vt 0.472617 0.618416
vt 0.024614 0.476245
vt 0.028600 0.478938
vt 0.026749 0.479242
vt 0.030093 0.479020
vt 0.132455 0.284465
vt 0.132194 0.286134
vt 0.133098 0.282668
vt 0.133950 0.281225
vt 0.591067 0.757792
vt 0.589354 0.757245
vt 0.592923 0.758033
vt 0.594427 0.757903
vt 0.467744 0.615290
vt 0.467567 0.613578
vt 0.468299 0.617118
vt 0.469082 0.618571
vt 0.025036 0.479851
vt 0.029863 0.482221
vt 0.028078 0.482712
vt 0.034722 0.480583
vt 0.034722 0.483796
vt 0.032583 0.483678
vt 0.032585 0.480596
vt 0.136179 0.287005
vt 0.135486 0.288402
vt 0.137424 0.285587
vt 0.138889 0.284528
vt 0.589238 0.763460
vt 0.587673 0.762433
vt 0.591037 0.763889
vt 0.425924 0.608110
vt 0.425926 0.613302
vt 0.423766 0.613426
vt 0.423766 0.608101
vt 0.462585 0.618294
vt 0.461962 0.616825
vt 0.463761 0.619783
vt 0.465175 0.620892
vt 0.026535 0.483796
vt 0.413522 0.205888
vt 0.412353 0.212463
vt 0.410585 0.212216
vt 0.411774 0.205536
vt 0.415313 0.206315
vt 0.414177 0.212699
vt 0.416667 0.206703
vt 0.415571 0.212862
vt 0.182285 0.790029
vt 0.187753 0.792066
vt 0.187083 0.793704
vt 0.181431 0.791600
vt 0.182892 0.788293
vt 0.188250 0.790289
vt 0.183092 0.786857
vt 0.188442 0.788850
vt 0.386549 0.427383
vt 0.387535 0.433318
vt 0.385771 0.433542
vt 0.384803 0.427712
vt 0.388343 0.426977
vt 0.389361 0.433103
vt 0.389703 0.426603
vt 0.390758 0.432954
vt 0.584140 0.755252
vt 0.578678 0.758740
vt 0.577694 0.757267
vt 0.582990 0.753884
vt 0.585113 0.756817
vt 0.579550 0.760369
vt 0.585648 0.758161
vt 0.580078 0.761718
vt 0.411812 0.218519
vt 0.410036 0.218367
vt 0.413654 0.218565
vt 0.415069 0.218494
vt 0.192915 0.793486
vt 0.192451 0.795180
vt 0.193278 0.791673
vt 0.193445 0.790226
vt 0.387947 0.438658
vt 0.386175 0.438788
vt 0.389788 0.438632
vt 0.391204 0.438718
vt 0.573394 0.761496
vt 0.572602 0.759924
vt 0.574143 0.763189
vt 0.574648 0.764550
vt 0.411780 0.223978
vt 0.410003 0.223902
vt 0.413623 0.223839
vt 0.415040 0.223523
vt 0.197668 0.794307
vt 0.197441 0.796041
vt 0.197865 0.792466
vt 0.197979 0.791011
vt 0.387917 0.443298
vt 0.386145 0.443351
vt 0.389756 0.443457
vt 0.391171 0.443786
vt 0.568411 0.763507
vt 0.567842 0.761845
vt 0.569002 0.765263
vt 0.569457 0.766643
vt 0.412141 0.228771
vt 0.410368 0.228746
vt 0.413971 0.228453
vt 0.415368 0.227878
vt 0.201909 0.794549
vt 0.201963 0.796296
vt 0.201890 0.792697
vt 0.201909 0.791238
vt 0.387578 0.447125
vt 0.385811 0.447128
vt 0.389402 0.447463
vt 0.390795 0.448051
vt 0.563848 0.764762
vt 0.563551 0.763028
vt 0.564229 0.766574
vt 0.564592 0.767979
vt 0.412788 0.232839
vt 0.411018 0.232830
vt 0.414591 0.232349
vt 0.415944 0.231491
vt 0.205536 0.794227
vt 0.205940 0.795938
vt 0.205220 0.792405
vt 0.205079 0.790962
vt 0.387078 0.450016
vt 0.385314 0.450003
vt 0.388872 0.450525
vt 0.390216 0.451395
vt 0.559824 0.765252
vt 0.559878 0.763480
vt 0.559910 0.767096
vt 0.560113 0.768519
vt 0.413632 0.236111
vt 0.411854 0.236071
vt 0.415394 0.235461
vt 0.416667 0.234297
vt 0.208454 0.793352
vt 0.209311 0.794916
vt 0.207729 0.791666
vt 0.207329 0.790307
vt 0.386575 0.451859
vt 0.384803 0.451877
vt 0.388326 0.452528
vt 0.389586 0.453704
vt 0.556471 0.764969
vt 0.556996 0.763248
vt 0.556129 0.766768
vt 0.556062 0.768161
vt 0.209998 0.773148
vt 0.209658 0.769758
vt 0.211539 0.769455
vt 0.211868 0.772733
vt 0.208148 0.772865
vt 0.207826 0.769664
vt 0.211973 0.793092
vt 0.213138 0.793817
vt 0.210069 0.795937
vt 0.210585 0.791913
vt 0.209348 0.790598
vt 0.208593 0.789497
vt 0.505575 0.571366
vt 0.505708 0.570189
vt 0.507649 0.570467
vt 0.507506 0.571759
vt 0.503691 0.571689
vt 0.503842 0.570318
vt 0.555059 0.762475
vt 0.556086 0.761497
vt 0.557564 0.762065
vt 0.553937 0.763929
vt 0.553020 0.765470
vt 0.552554 0.766685
vt 0.209361 0.765640
vt 0.211258 0.765576
vt 0.207543 0.765755
vt 0.213605 0.790329
vt 0.215061 0.790551
vt 0.211816 0.789848
vt 0.210174 0.789236
vt 0.507731 0.569421
vt 0.509259 0.569394
vt 0.509144 0.571078
vt 0.505778 0.569388
vt 0.503923 0.569302
vt 0.554007 0.761348
vt 0.555421 0.760804
vt 0.552350 0.762201
vt 0.550892 0.763135
vt 0.212723 0.765579
vt 0.212963 0.768837
vt 0.209323 0.761500
vt 0.211221 0.761717
vt 0.207505 0.761756
vt 0.213785 0.786846
vt 0.215278 0.786541
vt 0.211943 0.787135
vt 0.210245 0.787330
vt 0.507721 0.568127
vt 0.509239 0.567453
vt 0.505772 0.568383
vt 0.503914 0.568151
vt 0.553609 0.759725
vt 0.555167 0.759690
vt 0.551739 0.759834
vt 0.550059 0.759987
vt 0.212690 0.762350
vt 0.209650 0.757928
vt 0.211530 0.758352
vt 0.207827 0.758239
vt 0.212461 0.783030
vt 0.213842 0.782374
vt 0.210792 0.783863
vt 0.209281 0.784651
vt 0.507479 0.566245
vt 0.508947 0.565149
vt 0.505556 0.566711
vt 0.503691 0.566425
vt 0.553956 0.757220
vt 0.555479 0.757553
vt 0.552140 0.756759
vt 0.550519 0.756293
vt 0.212963 0.759396
vt 0.726814 0.406704
vt 0.728931 0.403151
vt 0.730593 0.403988
vt 0.728556 0.407407
vt 0.725488 0.405455
vt 0.727599 0.401912
vt 0.209744 0.778971
vt 0.211005 0.778128
vt 0.208274 0.780116
vt 0.206989 0.781256
vt 0.345548 0.232075
vt 0.344175 0.229370
vt 0.345723 0.229269
vt 0.347222 0.232225
vt 0.343768 0.232650
vt 0.342465 0.230084
vt 0.342360 0.233796
vt 0.341051 0.231220
vt 0.555362 0.753710
vt 0.556809 0.754250
vt 0.553675 0.752902
vt 0.552200 0.752045
vt 0.732141 0.404199
vt 0.730246 0.407376
vt 0.732061 0.398605
vt 0.733714 0.399457
vt 0.730678 0.397447
vt 0.205778 0.774771
vt 0.206902 0.773778
vt 0.204474 0.776097
vt 0.203339 0.777400
vt 0.341765 0.225348
vt 0.343253 0.225138
vt 0.340063 0.226077
vt 0.338604 0.227130
vt 0.558170 0.749049
vt 0.559514 0.749765
vt 0.556606 0.748030
vt 0.555241 0.746980
vt 0.735194 0.399774
vt 0.735128 0.393082
vt 0.736891 0.393719
vt 0.733607 0.392193
vt 0.201160 0.770777
vt 0.202056 0.769585
vt 0.200007 0.772236
vt 0.198907 0.773570
vt 0.339373 0.220284
vt 0.340906 0.220179
vt 0.337577 0.220792
vt 0.335999 0.221566
vt 0.562286 0.743562
vt 0.563449 0.744521
vt 0.560842 0.742381
vt 0.559504 0.741295
vt 0.738424 0.393934
vt 0.736780 0.387267
vt 0.738640 0.387566
vt 0.735148 0.386761
vt 0.196766 0.767548
vt 0.197381 0.766149
vt 0.195769 0.769121
vt 0.194657 0.770446
vt 0.338284 0.215069
vt 0.339861 0.215169
vt 0.336414 0.215234
vt 0.334753 0.215620
vt 0.566702 0.738586
vt 0.567633 0.739807
vt 0.565386 0.737260
vt 0.564040 0.736185
vt 0.740232 0.387578
vt 0.737246 0.381350
vt 0.739134 0.381331
vt 0.735583 0.381212
vt 0.192495 0.764923
vt 0.192850 0.763364
vt 0.191648 0.766588
vt 0.190536 0.767914
vt 0.338245 0.209842
vt 0.339825 0.210126
vt 0.336371 0.209688
vt 0.334705 0.209706
vt 0.571090 0.734410
vt 0.571796 0.735845
vt 0.569904 0.732960
vt 0.568558 0.731885
vt 0.740741 0.381159
vt 0.736735 0.375576
vt 0.738599 0.375271
vt 0.735101 0.375777
vt 0.188473 0.762936
vt 0.188590 0.761259
vt 0.187770 0.764672
vt 0.186671 0.766004
vt 0.339054 0.204818
vt 0.340610 0.205255
vt 0.337224 0.204382
vt 0.335610 0.204066
vt 0.575302 0.731085
vt 0.575797 0.732687
vt 0.574245 0.729533
vt 0.572910 0.728449
vt 0.740193 0.374944
vt 0.735450 0.370176
vt 0.737253 0.369614
vt 0.733891 0.370696
vt 0.184845 0.761626
vt 0.184739 0.759870
vt 0.184288 0.763415
vt 0.183217 0.764757
vt 0.340496 0.200242
vt 0.342014 0.200804
vt 0.338744 0.199555
vt 0.337228 0.198928
vt 0.579209 0.728651
vt 0.579497 0.730381
vt 0.578288 0.727016
vt 0.576979 0.725915
vt 0.738817 0.369160
vt 0.733579 0.365371
vt 0.735286 0.364564
vt 0.732145 0.366212
vt 0.181767 0.761029
vt 0.181431 0.759231
vt 0.165667 0.327711
vt 0.166966 0.324627
vt 0.168792 0.325449
vt 0.167424 0.328704
vt 0.163755 0.327478
vt 0.165032 0.324445
vt 0.342326 0.196382
vt 0.343796 0.197045
vt 0.340688 0.195459
vt 0.339319 0.194521
vt 0.582695 0.727152
vt 0.582759 0.728976
vt 0.581930 0.725452
vt 0.294507 0.236111
vt 0.292237 0.232630
vt 0.294054 0.232129
vt 0.296296 0.235565
vt 0.736809 0.364006
vt 0.731277 0.361367
vt 0.732834 0.360304
vt 0.730051 0.362562
vt 0.169667 0.322090
vt 0.170988 0.322957
vt 0.170022 0.326692
vt 0.167773 0.321547
vt 0.165814 0.321475
vt 0.344248 0.193520
vt 0.345660 0.194265
vt 0.342776 0.192354
vt 0.341640 0.191078
vt 0.585648 0.726652
vt 0.585443 0.728515
vt 0.292259 0.228219
vt 0.293966 0.227365
vt 0.295650 0.231022
vt 0.290398 0.228622
vt 0.734306 0.359659
vt 0.728637 0.358394
vt 0.729947 0.357063
vt 0.727777 0.359985
vt 0.169939 0.318977
vt 0.171296 0.319210
vt 0.168017 0.318932
vt 0.166044 0.319088
vt 0.345877 0.191890
vt 0.347222 0.192698
vt 0.344671 0.190475
vt 0.343928 0.188832
vt 0.292945 0.223505
vt 0.294185 0.223023
vt 0.295063 0.226287
vt 0.291125 0.223893
vt 0.289213 0.224083
vt 0.731357 0.356350
vt 0.725778 0.356915
vt 0.726720 0.355407
vt 0.725488 0.358782
vt 0.169560 0.316399
vt 0.170743 0.315676
vt 0.167779 0.317129
vt 0.165877 0.317672
vt 0.164550 0.319402
vt 0.164364 0.317882
vt 0.346074 0.189825
vt 0.346900 0.191390
vt 0.345919 0.187950
vt 0.292857 0.219657
vt 0.294098 0.220116
vt 0.291036 0.219281
vt 0.289124 0.219089
vt 0.287721 0.224023
vt 0.287632 0.219131
vt 0.818134 0.642452
vt 0.817007 0.646085
vt 0.815164 0.645818
vt 0.816442 0.641711
vt 0.819445 0.643678
vt 0.818561 0.646552
vt 0.168417 0.314351
vt 0.169125 0.312764
vt 0.167030 0.315799
vt 0.165335 0.316720
vt 0.581692 0.764484
vt 0.582064 0.765474
vt 0.580457 0.765554
vt 0.580110 0.764623
vt 0.583318 0.763645
vt 0.583877 0.765089
vt 0.584552 0.762332
vt 0.585411 0.764504
vt 0.293960 0.216325
vt 0.294903 0.217698
vt 0.292387 0.215190
vt 0.290605 0.214598
vt 0.813524 0.645821
vt 0.814821 0.641653
vt 0.816964 0.650999
vt 0.815108 0.651151
vt 0.818538 0.650773
vt 0.166177 0.312901
vt 0.166381 0.310944
vt 0.165216 0.314662
vt 0.163755 0.315754
vt 0.582193 0.767908
vt 0.580584 0.767956
vt 0.584047 0.767938
vt 0.585648 0.768038
vt 0.603671 0.759691
vt 0.604865 0.762773
vt 0.603263 0.763781
vt 0.602309 0.761230
vt 0.295071 0.212471
vt 0.296296 0.213986
vt 0.293479 0.211670
vt 0.813467 0.651187
vt 0.817935 0.656958
vt 0.816116 0.657363
vt 0.819444 0.656300
vt 0.720612 0.715220
vt 0.720623 0.719887
vt 0.719038 0.719319
vt 0.719038 0.714204
vt 0.722616 0.715625
vt 0.722636 0.719907
vt 0.724511 0.715311
vt 0.724537 0.719376
vt 0.581719 0.772327
vt 0.580110 0.772367
vt 0.583550 0.772613
vt 0.585113 0.773148
vt 0.604829 0.767963
vt 0.603219 0.768519
vt 0.606890 0.762385
vt 0.606861 0.767963
vt 0.608796 0.762721
vt 0.608771 0.768519
vt 0.814477 0.657407
vt 0.120019 0.329133
vt 0.120496 0.329365
vt 0.119404 0.330883
vt 0.119171 0.330781
vt 0.120479 0.327356
vt 0.121439 0.327847
vt 0.305520 0.217711
vt 0.306573 0.218631
vt 0.305654 0.220043
vt 0.305001 0.219484
vt 0.306643 0.216212
vt 0.308063 0.217463
vt 0.060463 0.002315
vt 0.060463 0.000077
vt 0.062498 0.000217
vt 0.062500 0.002138
vt 0.645926 0.746864
vt 0.643894 0.748832
vt 0.642674 0.748038
vt 0.644657 0.746117
vt 0.647204 0.748206
vt 0.645369 0.749980
vt 0.648148 0.749783
vt 0.646704 0.751174
vt 0.171134 0.333214
vt 0.170414 0.333975
vt 0.169362 0.332652
vt 0.170437 0.331496
vt 0.172411 0.334584
vt 0.172018 0.334984
vt 0.018349 0.002315
vt 0.018068 0.002308
vt 0.017921 0.000338
vt 0.018519 0.000338
vt 0.118456 0.331994
vt 0.118162 0.331860
vt 0.120724 0.329560
vt 0.119373 0.330850
vt 0.122138 0.328456
vt 0.307176 0.219966
vt 0.305984 0.220786
vt 0.308909 0.219323
vt 0.309725 0.216852
vt 0.310717 0.219028
vt 0.642417 0.751162
vt 0.641213 0.750341
vt 0.644077 0.752018
vt 0.645747 0.752681
vt 0.170136 0.334836
vt 0.168877 0.334124
vt 0.171923 0.335303
vt 0.173742 0.335409
vt 0.173759 0.335400
vt 0.067082 0.000768
vt 0.067130 0.000762
vt 0.067130 0.002310
vt 0.067115 0.002315
vt 0.121000 0.329983
vt 0.119463 0.331007
vt 0.122717 0.329313
vt 0.307392 0.221615
vt 0.306109 0.221843
vt 0.309200 0.221468
vt 0.311049 0.221440
vt 0.641686 0.753399
vt 0.640471 0.752612
vt 0.643449 0.753947
vt 0.645286 0.754108
vt 0.170130 0.335768
vt 0.168843 0.335652
vt 0.171939 0.335736
vt 0.173786 0.335564
vt 0.175151 0.335100
vt 0.175176 0.335299
vt 0.121299 0.330800
vt 0.119667 0.331580
vt 0.123149 0.330470
vt 0.307337 0.223432
vt 0.306059 0.223245
vt 0.309141 0.223593
vt 0.310989 0.223687
vt 0.312444 0.221540
vt 0.312385 0.223686
vt 0.643326 0.755584
vt 0.641541 0.755297
vt 0.645196 0.755380
vt 0.170282 0.336787
vt 0.169044 0.337083
vt 0.172056 0.336448
vt 0.173889 0.336156
vt 0.175291 0.335990
vt 0.121486 0.331976
vt 0.119816 0.332534
vt 0.123379 0.331894
vt 0.124721 0.330677
vt 0.124987 0.332309
vt 0.308951 0.225623
vt 0.307157 0.225332
vt 0.310800 0.225700
vt 0.312208 0.225542
vt 0.643502 0.756966
vt 0.641743 0.756904
vt 0.645343 0.756512
vt 0.646649 0.754742
vt 0.646771 0.755663
vt 0.172255 0.337375
vt 0.170505 0.337843
vt 0.174091 0.337099
vt 0.175522 0.337090
vt 0.121495 0.333458
vt 0.119822 0.333787
vt 0.123390 0.333568
vt 0.125000 0.334087
vt 0.308791 0.227556
vt 0.306996 0.227278
vt 0.310649 0.227497
vt 0.312073 0.227117
vt 0.643839 0.758130
vt 0.642141 0.758289
vt 0.645627 0.757491
vt 0.647028 0.756542
vt 0.172454 0.338382
vt 0.170702 0.338836
vt 0.174313 0.338241
vt 0.175782 0.338452
vt 0.121300 0.335255
vt 0.119655 0.335313
vt 0.123179 0.335526
vt 0.124787 0.336055
vt 0.308807 0.229381
vt 0.307016 0.229247
vt 0.310659 0.229063
vt 0.312074 0.228377
vt 0.644223 0.759045
vt 0.642629 0.759457
vt 0.645949 0.758255
vt 0.647346 0.757297
vt 0.172557 0.339347
vt 0.170795 0.339657
vt 0.174435 0.339468
vt 0.175926 0.339985
vt 0.120883 0.337412
vt 0.119303 0.337127
vt 0.122734 0.337825
vt 0.124361 0.338257
vt 0.309159 0.231045
vt 0.307431 0.231181
vt 0.310921 0.230343
vt 0.312244 0.229264
vt 0.644535 0.759640
vt 0.643101 0.760362
vt 0.646195 0.758721
vt 0.647637 0.757851
vt 0.172484 0.340187
vt 0.170758 0.340219
vt 0.174310 0.340702
vt 0.175748 0.341625
vt 0.120257 0.339868
vt 0.118776 0.339189
vt 0.122081 0.340391
vt 0.123759 0.340620
vt 0.310007 0.232428
vt 0.308491 0.232898
vt 0.311494 0.231295
vt 0.312555 0.229802
vt 0.644720 0.759937
vt 0.643491 0.761010
vt 0.646322 0.758920
vt 0.647870 0.758231
vt 0.172164 0.340886
vt 0.170617 0.340559
vt 0.173759 0.341865
vt 0.174975 0.343232
vt 0.119542 0.342283
vt 0.118162 0.341259
vt 0.121348 0.342869
vt 0.123095 0.342860
vt 0.375983 0.457317
vt 0.376563 0.456053
vt 0.378366 0.456734
vt 0.377631 0.458333
vt 0.312448 0.231923
vt 0.311427 0.233370
vt 0.313080 0.230142
vt 0.644899 0.760199
vt 0.643864 0.761574
vt 0.646467 0.759128
vt 0.648148 0.758647
vt 0.249076 0.773148
vt 0.248752 0.772449
vt 0.250562 0.771816
vt 0.250727 0.772173
vt 0.172605 0.342823
vt 0.171445 0.341478
vt 0.173421 0.344527
vt 0.173674 0.346134
vt 0.171128 0.346997
vt 0.171139 0.345296
vt 0.120697 0.344907
vt 0.118898 0.344302
vt 0.378591 0.454432
vt 0.380494 0.454228
vt 0.380245 0.456749
vt 0.376746 0.454151
vt 0.313932 0.232232
vt 0.313409 0.233796
vt 0.314120 0.230346
vt 0.313153 0.228504
vt 0.313923 0.228644
vt 0.646795 0.759601
vt 0.645238 0.760689
vt 0.250485 0.770874
vt 0.252356 0.771113
vt 0.252410 0.771836
vt 0.248632 0.771105
vt 0.170756 0.343438
vt 0.170082 0.341920
vt 0.168031 0.347222
vt 0.168379 0.345500
vt 0.380205 0.450997
vt 0.381664 0.450517
vt 0.381944 0.453595
vt 0.378307 0.451277
vt 0.376478 0.451282
vt 0.316403 0.232147
vt 0.316292 0.233692
vt 0.316158 0.230281
vt 0.315624 0.228595
vt 0.252557 0.769605
vt 0.253954 0.770097
vt 0.253744 0.771757
vt 0.250691 0.769290
vt 0.248857 0.769236
vt 0.168431 0.343614
vt 0.168171 0.342070
vt 0.162059 0.345972
vt 0.163003 0.344399
vt 0.379512 0.443971
vt 0.381007 0.444011
vt 0.377597 0.444017
vt 0.375776 0.444137
vt 0.322361 0.230185
vt 0.322623 0.231592
vt 0.321571 0.228524
vt 0.320463 0.227051
vt 0.253183 0.764757
vt 0.254627 0.764733
vt 0.251297 0.764674
vt 0.249473 0.764506
vt 0.163621 0.342656
vt 0.163748 0.341209
vt 0.157968 0.342717
vt 0.159483 0.341586
vt 0.379700 0.437694
vt 0.381179 0.438386
vt 0.377795 0.437389
vt 0.375973 0.437553
vt 0.374536 0.444299
vt 0.374722 0.438142
vt 0.325161 0.224934
vt 0.326415 0.226146
vt 0.323536 0.223965
vt 0.253183 0.760775
vt 0.254630 0.760107
vt 0.251294 0.761039
vt 0.249471 0.760828
vt 0.248200 0.764299
vt 0.248200 0.760198
vt 0.160612 0.340238
vt 0.155595 0.338009
vt 0.157384 0.337384
vt 0.156473 0.343327
vt 0.153872 0.338197
vt 0.378727 0.432096
vt 0.380595 0.432630
vt 0.376899 0.432294
vt 0.384899 0.230590
vt 0.386445 0.226216
vt 0.388209 0.226866
vt 0.386574 0.231482
vt 0.326949 0.220102
vt 0.328397 0.220832
vt 0.325107 0.219669
vt 0.321975 0.223499
vt 0.323366 0.219650
vt 0.250850 0.757758
vt 0.252712 0.757269
vt 0.249023 0.757514
vt 0.371008 0.231482
vt 0.370003 0.228152
vt 0.371810 0.227578
vt 0.372735 0.230660
vt 0.158759 0.336491
vt 0.154690 0.332396
vt 0.156554 0.332184
vt 0.152904 0.332244
vt 0.380116 0.428139
vt 0.381944 0.428791
vt 0.389359 0.221014
vt 0.391179 0.221073
vt 0.390023 0.226956
vt 0.387549 0.220589
vt 0.327228 0.214520
vt 0.328704 0.214869
vt 0.325357 0.214507
vt 0.323591 0.214835
vt 0.373639 0.227572
vt 0.372975 0.223125
vt 0.374309 0.223517
vt 0.375000 0.228135
vt 0.371141 0.223099
vt 0.369298 0.223446
vt 0.157998 0.331665
vt 0.154993 0.326333
vt 0.156845 0.326441
vt 0.153218 0.325922
vt 0.391896 0.214520
vt 0.393224 0.214328
vt 0.392522 0.220749
vt 0.390072 0.214495
vt 0.388241 0.214260
vt 0.326290 0.208616
vt 0.327722 0.208673
vt 0.324465 0.208921
vt 0.322737 0.209507
vt 0.372631 0.217752
vt 0.373955 0.218010
vt 0.370794 0.217692
vt 0.368937 0.217846
vt 0.158277 0.326214
vt 0.156286 0.320242
vt 0.158081 0.320623
vt 0.154557 0.319612
vt 0.392195 0.207742
vt 0.393519 0.207660
vt 0.390369 0.207757
vt 0.388530 0.207701
vt 0.386893 0.213878
vt 0.387171 0.207589
vt 0.322656 0.203378
vt 0.324394 0.202806
vt 0.320997 0.204177
vt 0.372635 0.212042
vt 0.373959 0.212189
vt 0.370798 0.211942
vt 0.368942 0.211916
vt 0.367558 0.218173
vt 0.367563 0.211970
vt 0.158382 0.314538
vt 0.160072 0.315196
vt 0.156732 0.313692
vt 0.153355 0.318902
vt 0.155566 0.312885
vt 0.390240 0.201226
vt 0.392065 0.201156
vt 0.388406 0.201369
vt 0.387053 0.201549
vt 0.320186 0.198349
vt 0.321792 0.197510
vt 0.318630 0.199355
vt 0.319862 0.204988
vt 0.317540 0.200259
vt 0.371151 0.206459
vt 0.372984 0.206614
vt 0.369308 0.206232
vt 0.367950 0.205993
vt 0.161135 0.309618
vt 0.162626 0.310621
vt 0.159637 0.308512
vt 0.158534 0.307599
vt 0.389639 0.195288
vt 0.391454 0.195132
vt 0.387835 0.195702
vt 0.386525 0.196265
vt 0.317355 0.194318
vt 0.318725 0.193157
vt 0.315977 0.195568
vt 0.314961 0.196572
vt 0.371812 0.201889
vt 0.373631 0.202130
vt 0.370012 0.201391
vt 0.368714 0.200768
vt 0.164514 0.305879
vt 0.165548 0.307353
vt 0.163355 0.304423
vt 0.162383 0.303375
vt 0.388415 0.190291
vt 0.390192 0.189993
vt 0.386723 0.191118
vt 0.385568 0.192254
vt 0.314574 0.191760
vt 0.315442 0.190179
vt 0.313570 0.193322
vt 0.312697 0.194446
vt 0.372634 0.198915
vt 0.374407 0.199298
vt 0.370966 0.198005
vt 0.369852 0.196812
vt 0.168543 0.303977
vt 0.168653 0.305843
vt 0.168062 0.302233
vt 0.167341 0.301078
vt 0.821264 0.623308
vt 0.820216 0.627079
vt 0.818356 0.626775
vt 0.819456 0.622804
vt 0.384899 0.188300
vt 0.386280 0.187036
vt 0.312194 0.189009
vt 0.311738 0.187543
vt 0.315939 0.189002
vt 0.312282 0.190880
vt 0.311979 0.192655
vt 0.311366 0.193857
vt 0.373348 0.197756
vt 0.375000 0.198294
vt 0.372016 0.196419
vt 0.168363 0.307331
vt 0.166180 0.308449
vt 0.172592 0.304874
vt 0.171752 0.306560
vt 0.172804 0.303260
vt 0.817914 0.632584
vt 0.816260 0.632421
vt 0.816678 0.626900
vt 0.819799 0.632589
vt 0.821759 0.627731
vt 0.821407 0.632435
vt 0.309231 0.190067
vt 0.307853 0.188887
vt 0.310238 0.191652
vt 0.310605 0.193218
vt 0.475507 0.605517
vt 0.475647 0.606941
vt 0.474028 0.607144
vt 0.473853 0.605435
vt 0.477352 0.605148
vt 0.477528 0.606869
vt 0.478894 0.604427
vt 0.479167 0.606947
vt 0.170509 0.307869
vt 0.175926 0.308756
vt 0.174632 0.309971
vt 0.490741 0.610612
vt 0.490741 0.615741
vt 0.488654 0.615455
vt 0.488675 0.610748
vt 0.818305 0.638889
vt 0.816640 0.638539
vt 0.820178 0.638688
vt 0.821759 0.637991
vt 0.306778 0.193775
vt 0.305001 0.193121
vt 0.308182 0.194837
vt 0.527749 0.538374
vt 0.527778 0.541439
vt 0.525704 0.541667
vt 0.525704 0.538184
vt 0.475478 0.610350
vt 0.473853 0.610741
vt 0.477353 0.610485
vt 0.478977 0.611111
vt 0.172933 0.310804
vt 0.714097 0.404586
vt 0.714097 0.401281
vt 0.716059 0.401545
vt 0.716060 0.404642
vt 0.712230 0.404940
vt 0.712230 0.401608
vt 0.724537 0.377936
vt 0.721266 0.378228
vt 0.720745 0.376585
vt 0.724185 0.376277
vt 0.724527 0.379840
vt 0.721574 0.380103
vt 0.724156 0.381479
vt 0.721588 0.381707
vt 0.417527 0.683535
vt 0.419673 0.683617
vt 0.420429 0.685185
vt 0.417949 0.685092
vt 0.417534 0.681557
vt 0.419472 0.681631
vt 0.417968 0.679688
vt 0.419880 0.679761
vt 0.355319 0.736249
vt 0.357480 0.736428
vt 0.356965 0.738090
vt 0.354972 0.737925
vt 0.355296 0.734331
vt 0.357779 0.734539
vt 0.354911 0.732687
vt 0.357780 0.732928
vt 0.717592 0.402331
vt 0.717593 0.405093
vt 0.714419 0.398587
vt 0.716359 0.399040
vt 0.712555 0.398894
vt 0.718195 0.379079
vt 0.717492 0.377486
vt 0.718845 0.380858
vt 0.719267 0.382347
vt 0.057021 0.838953
vt 0.057799 0.837654
vt 0.059339 0.838735
vt 0.058415 0.840278
vt 0.420909 0.681513
vt 0.421296 0.683483
vt 0.421296 0.679645
vt 0.359382 0.736941
vt 0.358683 0.738551
vt 0.360025 0.735146
vt 0.360438 0.733647
vt 0.040353 0.805556
vt 0.039084 0.803706
vt 0.040552 0.802535
vt 0.041667 0.804158
vt 0.037290 0.804308
vt 0.036319 0.801832
vt 0.038187 0.801420
vt 0.035650 0.804181
vt 0.034673 0.801689
vt 0.715432 0.380429
vt 0.714538 0.378931
vt 0.716431 0.382036
vt 0.717268 0.383322
vt 0.058277 0.836214
vt 0.059925 0.836967
vt 0.055971 0.837136
vt 0.056383 0.835895
vt 0.054344 0.837319
vt 0.054751 0.836096
vt 0.360976 0.737703
vt 0.360084 0.739220
vt 0.361972 0.736079
vt 0.362803 0.734784
vt 0.039776 0.800561
vt 0.035774 0.798969
vt 0.037686 0.798794
vt 0.034125 0.798811
vt 0.713092 0.382219
vt 0.712011 0.380865
vt 0.714426 0.383568
vt 0.715657 0.384549
vt 0.058483 0.834741
vt 0.060185 0.835085
vt 0.056556 0.834667
vt 0.054921 0.834881
vt 0.362222 0.738635
vt 0.361140 0.740009
vt 0.363556 0.737270
vt 0.364787 0.736278
vt 0.039351 0.798333
vt 0.035692 0.795842
vt 0.037612 0.795943
vt 0.034044 0.795676
vt 0.711307 0.384377
vt 0.710065 0.383220
vt 0.712927 0.385377
vt 0.714490 0.385953
vt 0.058448 0.833326
vt 0.060138 0.833194
vt 0.056529 0.833531
vt 0.054895 0.833754
vt 0.363097 0.739668
vt 0.361851 0.740844
vt 0.364721 0.738650
vt 0.366290 0.738064
vt 0.039288 0.795954
vt 0.036110 0.792636
vt 0.037992 0.793030
vt 0.034462 0.792469
vt 0.710231 0.386798
vt 0.708882 0.385883
vt 0.712036 0.387378
vt 0.713813 0.387469
vt 0.058204 0.832013
vt 0.059800 0.831378
vt 0.056340 0.832508
vt 0.054705 0.832731
vt 0.363600 0.740764
vt 0.362245 0.741698
vt 0.365414 0.740168
vt 0.367201 0.740068
vt 0.039601 0.793545
vt 0.037025 0.789610
vt 0.038826 0.790270
vt 0.035375 0.789449
vt 0.710003 0.389324
vt 0.708630 0.388665
vt 0.711848 0.389468
vt 0.713670 0.389057
vt 0.057749 0.830790
vt 0.059176 0.829699
vt 0.055980 0.831545
vt 0.054344 0.831762
vt 0.363714 0.741941
vt 0.362334 0.742618
vt 0.365572 0.741784
vt 0.367409 0.742187
vt 0.040295 0.791254
vt 0.038377 0.787026
vt 0.040073 0.787889
vt 0.805428 0.480473
vt 0.804716 0.483093
vt 0.802932 0.483096
vt 0.803647 0.480466
vt 0.807175 0.481183
vt 0.806523 0.483582
vt 0.712429 0.391539
vt 0.710689 0.391781
vt 0.714133 0.390690
vt 0.057036 0.829647
vt 0.058253 0.828214
vt 0.055385 0.830595
vt 0.815770 0.269035
vt 0.816009 0.270075
vt 0.814234 0.269983
vt 0.813996 0.268953
vt 0.817545 0.268402
vt 0.817836 0.269662
vt 0.365110 0.743464
vt 0.363354 0.743235
vt 0.366831 0.744309
vt 0.041355 0.789232
vt 0.040077 0.785049
vt 0.041667 0.786037
vt 0.804262 0.486416
vt 0.802476 0.486433
vt 0.806103 0.486671
vt 0.807870 0.484432
vt 0.807504 0.487130
vt 0.715305 0.392329
vt 0.713827 0.393505
vt 0.715344 0.389460
vt 0.716323 0.390822
vt 0.054465 0.829710
vt 0.056000 0.828648
vt 0.816165 0.271753
vt 0.814388 0.271647
vt 0.818015 0.271573
vt 0.819225 0.268855
vt 0.819443 0.271156
vt 0.365412 0.746330
vt 0.363917 0.745156
vt 0.368056 0.745542
vt 0.366446 0.747844
vt 0.802303 0.490372
vt 0.801059 0.490472
vt 0.801224 0.486718
vt 0.804089 0.490339
vt 0.805940 0.490382
vt 0.807358 0.490489
vt 0.717299 0.393908
vt 0.716086 0.395299
vt 0.718094 0.392219
vt 0.814387 0.274081
vt 0.813160 0.273902
vt 0.813160 0.271284
vt 0.816164 0.274204
vt 0.818015 0.274235
vt 0.819444 0.274168
vt 0.363113 0.748177
vt 0.361882 0.746785
vt 0.363923 0.749875
vt 0.364095 0.751423
vt 0.360529 0.753208
vt 0.360475 0.751599
vt 0.804210 0.494836
vt 0.802424 0.494885
vt 0.806056 0.494701
vt 0.807467 0.494517
vt 0.720220 0.395345
vt 0.719264 0.396866
vt 0.720799 0.393546
vt 0.718258 0.390684
vt 0.720845 0.391952
vt 0.815929 0.277483
vt 0.814153 0.277345
vt 0.817768 0.277692
vt 0.819177 0.277916
vt 0.359882 0.749790
vt 0.358908 0.748267
vt 0.355993 0.754630
vt 0.356046 0.752987
vt 0.804645 0.499937
vt 0.802860 0.500000
vt 0.806479 0.499657
vt 0.807870 0.499235
vt 0.724155 0.396554
vt 0.723433 0.398148
vt 0.724537 0.394693
vt 0.724477 0.393066
vt 0.815391 0.281593
vt 0.813617 0.281441
vt 0.817211 0.281947
vt 0.818590 0.282407
vt 0.355650 0.751115
vt 0.354911 0.749517
s 1
f 169/449/50 181/450/62 192/451/73 180/452/61
f 170/453/51 182/454/63 181/450/62 169/449/50
f 171/455/52 183/456/64 182/457/63 170/458/51
f 172/459/53 184/460/65 183/456/64 171/455/52
f 173/461/54 185/462/66 184/460/65 172/459/53
f 174/463/55 186/464/67 185/465/66 173/466/54
f 175/467/56 187/468/68 186/464/67 174/463/55
f 176/469/57 188/470/69 187/468/68 175/467/56
f 177/471/58 189/472/70 188/473/69 176/474/57
f 178/475/59 190/476/71 189/472/70 177/471/58
f 179/477/60 191/478/72 190/476/71 178/475/59
f 180/452/61 192/451/73 191/479/72 179/480/60
f 181/450/62 193/481/74 204/482/85 192/451/73
f 182/454/63 194/483/75 193/481/74 181/450/62
f 183/456/64 195/484/76 194/485/75 182/457/63
f 184/460/65 196/486/77 195/484/76 183/456/64
f 185/462/66 197/487/78 196/486/77 184/460/65
f 186/464/67 198/488/79 197/489/78 185/465/66
f 187/468/68 199/490/80 198/488/79 186/464/67
f 188/470/69 200/491/81 199/490/80 187/468/68
f 189/472/70 201/492/82 200/493/81 188/473/69
f 190/476/71 202/494/83 201/492/82 189/472/70
f 191/478/72 203/495/84 202/494/83 190/476/71
f 192/451/73 204/482/85 203/496/84 191/479/72
f 193/481/74 205/497/86 216/498/97 204/482/85
f 194/483/75 206/499/87 205/497/86 193/481/74
f 195/484/76 207/500/88 206/501/87 194/485/75
f 196/486/77 208/502/89 207/500/88 195/484/76
f 197/487/78 209/503/90 208/502/89 196/486/77
f 198/488/79 210/504/91 209/505/90 197/489/78
f 199/490/80 211/506/92 210/504/91 198/488/79
f 200/491/81 212/507/93 211/506/92 199/490/80
f 201/492/82 213/508/94 212/509/93 200/493/81
f 202/494/83 214/510/95 213/508/94 201/492/82
f 203/495/84 215/511/96 214/510/95 202/494/83
f 204/482/85 216/498/97 215/512/96 203/496/84
f 205/513/86 217/514/98 228/515/109 216/516/97
f 206/517/87 218/518/99 217/514/98 205/513/86
f 207/500/88 219/519/100 218/520/99 206/501/87
f 208/502/89 220/521/101 219/519/100 207/500/88
f 209/503/90 221/522/102 220/521/101 208/502/89
f 210/523/91 222/524/103 221/522/102 209/503/90
f 211/525/92 223/526/104 222/527/103 210/528/91
f 212/529/93 224/530/105 223/526/104 211/525/92
f 213/508/94 225/531/106 224/532/105 212/509/93
f 214/510/95 226/533/107 225/531/106 213/508/94
f 215/511/96 227/534/108 226/533/107 214/510/95
f 216/535/97 228/536/109 227/534/108 215/511/96
f 217/514/98 229/537/110 240/538/121 228/515/109
f 218/518/99 230/539/111 229/537/110 217/514/98
f 219/540/100 231/541/112 230/539/111 218/518/99
f 220/521/101 232/542/113 231/543/112 219/519/100
f 221/522/102 233/544/114 232/542/113 220/521/101
f 222/524/103 234/545/115 233/544/114 221/522/102
f 223/526/104 235/546/116 234/547/115 222/527/103
f 224/530/105 236/548/117 235/546/116 223/526/104
f 225/549/106 237/550/118 236/548/117 224/530/105
f 226/533/107 238/551/119 237/552/118 225/531/106
f 227/534/108 239/553/120 238/551/119 226/533/107
f 228/536/109 240/554/121 239/553/120 227/534/108
f 229/537/110 241/555/122 252/556/133 240/538/121
f 230/539/111 242/557/123 241/555/122 229/537/110
f 231/541/112 243/558/124 242/557/123 230/539/111
f 232/542/113 244/559/125 243/560/124 231/543/112
f 233/544/114 245/561/126 244/559/125 232/542/113
f 234/545/115 246/562/127 245/561/126 233/544/114
f 235/546/116 247/563/128 246/564/127 234/547/115
f 236/548/117 248/565/129 247/563/128 235/546/116
f 237/550/118 249/566/130 248/565/129 236/548/117
f 238/551/119 250/567/131 249/568/130 237/552/118
f 239/553/120 251/569/132 250/567/131 238/551/119
f 240/554/121 252/570/133 251/569/132 239/553/120
f 241/555/122 253/571/134 264/572/145 252/556/133
f 242/557/123 254/573/135 253/571/134 241/555/122
f 243/558/124 255/574/136 254/573/135 242/557/123
f 244/559/125 256/575/137 255/576/136 243/560/124
f 245/561/126 257/577/138 256/575/137 244/559/125
f 246/564/127 258/578/139 257/579/138 245/580/126
f 247/563/128 259/581/140 258/578/139 246/564/127
f 248/565/129 260/582/141 259/581/140 247/563/128
f 249/566/130 261/583/142 260/582/141 248/565/129
f 250/567/131 262/584/143 261/585/142 249/568/130
f 251/569/132 263/586/144 262/584/143 250/567/131
f 252/556/133 264/572/145 263/587/144 251/588/132
f 253/571/134 265/589/146 276/590/157 264/572/145
f 254/573/135 266/591/147 265/589/146 253/571/134
f 255/574/136 267/592/148 266/591/147 254/573/135
f 256/575/137 268/593/149 267/594/148 255/576/136
f 257/577/138 269/595/150 268/593/149 256/575/137
f 258/578/139 270/596/151 269/597/150 257/579/138
f 259/581/140 271/598/152 270/596/151 258/578/139
f 260/582/141 272/599/153 271/598/152 259/581/140
f 261/585/142 273/600/154 272/601/153 260/602/141
f 262/584/143 274/603/155 273/600/154 261/585/142
f 263/586/144 275/604/156 274/603/155 262/584/143
f 264/572/145 276/590/157 275/605/156 263/587/144
f 265/589/146 277/606/158 288/607/169 276/590/157
f 266/591/147 278/608/159 277/606/158 265/589/146
f 267/594/148 279/609/160 278/610/159 266/611/147
f 268/593/149 280/612/161 279/609/160 267/594/148
f 269/595/150 281/613/162 280/612/161 268/593/149
f 270/596/151 282/614/163 281/615/162 269/597/150
f 271/598/152 283/616/164 282/614/163 270/596/151
f 272/599/153 284/617/165 283/616/164 271/598/152
f 273/600/154 285/618/166 284/619/165 272/601/153
f 274/603/155 286/620/167 285/618/166 273/600/154
f 275/604/156 287/621/168 286/620/167 274/603/155
f 276/622/157 288/623/169 287/624/168 275/625/156
f 277/606/158 289/626/170 300/627/181 288/607/169
f 278/608/159 290/628/171 289/626/170 277/606/158
f 279/609/160 291/629/172 290/630/171 278/610/159
f 280/612/161 292/631/173 291/629/172 279/609/160
f 281/613/162 293/632/174 292/631/173 280/612/161
f 282/633/163 294/634/175 293/635/174 281/636/162
f 283/616/164 295/637/176 294/638/175 282/614/163
f 284/617/165 296/639/177 295/637/176 283/616/164
f 285/618/166 297/640/178 296/641/177 284/619/165
f 286/620/167 298/642/179 297/640/178 285/618/166
f 287/621/168 299/643/180 298/642/179 286/620/167
f 288/623/169 300/644/181 299/645/180 287/624/168
f 289/646/170 301/647/182 312/648/193 300/644/181
f 290/628/171 302/649/183 301/650/182 289/626/170
f 291/629/172 303/651/184 302/652/183 290/630/171
f 292/631/173 304/653/185 303/651/184 291/629/172
f 293/635/174 305/654/186 304/655/185 292/656/173
f 294/634/175 306/657/187 305/654/186 293/635/174
f 295/637/176 307/658/188 306/659/187 294/638/175
f 296/639/177 308/660/189 307/658/188 295/637/176
f 297/640/178 309/661/190 308/662/189 296/641/177
f 298/642/179 310/663/191 309/661/190 297/640/178
f 299/645/180 311/664/192 310/665/191 298/666/179
f 300/644/181 312/648/193 311/664/192 299/645/180
f 301/647/182 313/667/194 324/668/205 312/648/193
f 302/649/183 314/669/195 313/670/194 301/650/182
f 303/671/184 315/672/196 314/669/195 302/649/183
f 304/653/185 316/673/197 315/674/196 303/651/184
f 305/654/186 317/675/198 316/676/197 304/655/185
f 306/657/187 318/677/199 317/675/198 305/654/186
f 307/678/188 319/679/200 318/677/199 306/657/187
f 308/660/189 320/680/201 319/681/200 307/658/188
f 309/682/190 321/683/202 320/680/201 308/660/189
f 310/663/191 322/684/203 321/685/202 309/661/190
f 311/664/192 323/686/204 322/687/203 310/665/191
f 312/648/193 324/668/205 323/686/204 311/664/192
f 313/667/194 325/688/206 336/689/217 324/668/205
f 314/669/195 326/690/207 325/691/206 313/670/194
f 315/672/196 327/692/208 326/690/207 314/669/195
f 316/673/197 328/693/209 327/694/208 315/674/196
f 317/675/198 329/695/210 328/696/209 316/676/197
f 318/677/199 330/697/211 329/695/210 317/675/198
f 319/679/200 331/698/212 330/697/211 318/677/199
f 320/680/201 332/699/213 331/700/212 319/681/200
f 321/683/202 333/701/214 332/699/213 320/680/201
f 322/684/203 334/702/215 333/703/214 321/685/202
f 323/686/204 335/704/216 334/705/215 322/687/203
f 324/668/205 336/689/217 335/704/216 323/686/204
f 325/688/206 337/706/218 348/707/229 336/689/217
f 326/690/207 338/708/219 337/709/218 325/691/206
f 327/692/208 339/710/220 338/708/219 326/690/207
f 328/711/209 340/712/221 339/710/220 327/692/208
f 329/695/210 341/713/222 340/714/221 328/696/209
f 330/697/211 342/715/223 341/713/222 329/695/210
f 331/698/212 343/716/224 342/715/223 330/697/211
f 332/699/213 344/717/225 343/718/224 331/700/212
f 333/701/214 345/719/226 344/717/225 332/699/213
f 334/720/215 346/721/227 345/719/226 333/701/214
f 335/704/216 347/722/228 346/723/227 334/705/215
f 336/689/217 348/707/229 347/722/228 335/704/216
f 337/706/218 349/724/230 360/725/241 348/707/229
f 338/708/219 350/726/231 349/727/230 337/709/218
f 339/710/220 351/728/232 350/726/231 338/708/219
f 340/712/221 352/729/233 351/728/232 339/710/220
f 341/713/222 353/730/234 352/731/233 340/714/221
f 342/715/223 354/732/235 353/730/234 341/713/222
f 343/716/224 355/733/236 354/732/235 342/715/223
f 344/717/225 356/734/237 355/735/236 343/718/224
f 345/719/226 357/736/238 356/734/237 344/717/225
f 346/721/227 358/737/239 357/736/238 345/719/226
f 347/722/228 359/738/240 358/739/239 346/723/227
f 348/707/229 360/725/241 359/738/240 347/722/228
f 349/724/230 361/740/242 372/741/253 360/725/241
f 350/726/231 362/742/243 361/743/242 349/727/230
f 351/728/232 363/744/244 362/742/243 350/726/231
f 352/729/233 364/745/245 363/744/244 351/728/232
f 353/730/234 365/746/246 364/747/245 352/731/233
f 354/732/235 366/748/247 365/746/246 353/730/234
f 355/733/236 367/749/248 366/748/247 354/732/235
f 356/734/237 368/750/249 367/751/248 355/735/236
f 357/736/238 369/752/250 368/750/249 356/734/237
f 358/737/239 370/753/251 369/752/250 357/736/238
f 359/738/240 371/754/252 370/755/251 358/739/239
f 360/725/241 372/741/253 371/754/252 359/738/240
f 361/740/242 373/756/254 384/757/265 372/741/253
f 362/742/243 374/758/255 373/759/254 361/743/242
f 363/744/244 375/760/256 374/758/255 362/742/243
f 364/745/245 376/761/257 375/760/256 363/744/244
f 365/762/246 377/763/258 376/764/257 364/765/245
f 366/748/247 378/766/259 377/767/258 365/746/246
f 367/749/248 379/768/260 378/766/259 366/748/247
f 368/750/249 380/769/261 379/770/260 367/751/248
f 369/752/250 381/771/262 380/769/261 368/750/249
f 370/753/251 382/772/263 381/771/262 369/752/250
f 371/773/252 383/774/264 382/775/263 370/776/251
f 372/741/253 384/757/265 383/777/264 371/754/252
f 373/756/254 385/778/266 396/779/277 384/757/265
f 374/758/255 386/780/267 385/781/266 373/759/254
f 375/760/256 387/782/268 386/780/267 374/758/255
f 376/761/257 388/783/269 387/782/268 375/760/256
f 377/763/258 389/784/270 388/785/269 376/764/257
f 378/786/259 390/787/271 389/784/270 377/763/258
f 379/768/260 391/788/272 390/789/271 378/766/259
f 380/769/261 392/790/273 391/791/272 379/770/260
f 381/771/262 393/792/274 392/790/273 380/769/261
f 382/772/263 394/793/275 393/792/274 381/771/262
f 383/774/264 395/794/276 394/795/275 382/775/263
f 384/796/265 396/797/277 395/794/276 383/774/264
f 385/778/266 397/798/278 408/799/289 396/779/277
f 386/780/267 398/800/279 397/801/278 385/781/266
f 387/782/268 399/802/280 398/800/279 386/780/267
f 388/785/269 400/803/281 399/804/280 387/805/268
f 389/784/270 401/806/282 400/803/281 388/785/269
f 390/787/271 402/807/283 401/806/282 389/784/270
f 391/788/272 403/808/284 402/809/283 390/789/271
f 392/790/273 404/810/285 403/811/284 391/791/272
f 393/792/274 405/812/286 404/810/285 392/790/273
f 394/795/275 406/813/287 405/814/286 393/815/274
f 395/794/276 407/816/288 406/813/287 394/795/275
f 396/797/277 408/817/289 407/816/288 395/794/276
f 397/798/278 409/818/290 420/819/301 408/799/289
f 398/800/279 410/820/291 409/821/290 397/801/278
f 399/802/280 411/822/292 410/820/291 398/800/279
f 400/803/281 412/823/293 411/824/292 399/804/280
f 401/806/282 413/825/294 412/823/293 400/803/281
f 402/807/283 414/826/295 413/825/294 401/806/282
f 403/808/284 415/827/296 414/828/295 402/809/283
f 404/810/285 416/829/297 415/830/296 403/811/284
f 405/812/286 417/831/298 416/829/297 404/810/285
f 406/813/287 418/832/299 417/833/298 405/814/286
f 407/816/288 419/834/300 418/832/299 406/813/287
f 408/817/289 420/835/301 419/834/300 407/816/288
f 409/836/290 421/837/302 432/838/313 420/835/301
f 410/839/291 422/840/303 421/841/302 409/842/290
f 411/822/292 423/843/304 422/844/303 410/820/291
f 412/823/293 424/845/305 423/846/304 411/824/292
f 413/825/294 425/847/306 424/845/305 412/823/293
f 414/826/295 426/848/307 425/847/306 413/825/294
f 415/849/296 427/850/308 426/848/307 414/826/295
f 416/829/297 428/851/309 427/852/308 415/830/296
f 417/831/298 429/853/310 428/851/309 416/829/297
f 418/832/299 430/854/311 429/855/310 417/833/298
f 419/834/300 431/856/312 430/854/311 418/832/299
f 420/835/301 432/838/313 431/856/312 419/834/300
f 421/837/302 433/857/314 444/858/325 432/838/313
f 422/840/303 434/859/315 433/860/314 421/841/302
f 423/861/304 435/862/316 434/859/315 422/840/303
f 424/845/305 436/863/317 435/864/316 423/846/304
f 425/847/306 437/865/318 436/863/317 424/845/305
f 426/848/307 438/866/319 437/865/318 425/847/306
f 427/850/308 439/867/320 438/866/319 426/848/307
f 428/868/309 440/869/321 439/870/320 427/871/308
f 429/872/310 441/873/322 440/869/321 428/868/309
f 430/854/311 442/874/323 441/875/322 429/855/310
f 431/856/312 443/876/324 442/874/323 430/854/311
f 432/838/313 444/858/325 443/876/324 431/856/312
f 433/877/314 445/878/326 456/879/337 444/880/325
f 434/859/315 446/881/327 445/882/326 433/860/314
f 435/862/316 447/883/328 446/881/327 434/859/315
f 436/863/317 448/884/329 447/885/328 435/864/316
f 437/865/318 449/886/330 448/884/329 436/863/317
f 438/866/319 450/887/331 449/886/330 437/865/318
f 439/888/320 451/889/332 450/890/331 438/891/319
f 440/869/321 452/892/333 451/893/332 439/870/320
f 441/873/322 453/894/334 452/892/333 440/869/321
f 442/895/323 454/896/335 453/894/334 441/873/322
f 443/876/324 455/897/336 454/898/335 442/874/323
f 444/858/325 456/899/337 455/897/336 443/876/324
f 445/878/326 457/900/338 468/901/349 456/879/337
f 446/881/327 458/902/339 457/903/338 445/882/326
f 447/904/328 459/905/340 458/906/339 446/907/327
f 448/908/329 460/909/341 459/910/340 447/911/328
f 449/912/330 461/913/342 460/914/341 448/915/329
f 450/887/331 462/916/343 461/917/342 449/886/330
f 451/889/332 463/918/344 462/919/343 450/890/331
f 452/892/333 464/920/345 463/921/344 451/893/332
f 453/894/334 465/922/346 464/920/345 452/892/333
f 454/896/335 466/923/347 465/922/346 453/894/334
f 455/924/336 467/925/348 466/926/347 454/927/335
f 456/879/337 468/901/349 467/925/348 455/924/336
f 469/928/350 481/929/362 492/930/373 480/931/361
f 470/932/351 482/933/363 481/929/362 469/928/350
f 471/934/352 483/935/364 482/933/363 470/932/351
f 472/936/353 484/937/365 483/938/364 471/939/352
f 473/940/354 485/941/366 484/937/365 472/936/353
f 474/942/355 486/943/367 485/944/366 473/945/354
f 475/946/356 487/947/368 486/943/367 474/942/355
f 476/948/357 488/949/369 487/947/368 475/946/356
f 477/950/358 489/951/370 488/949/369 476/948/357
f 478/952/359 490/953/371 489/954/370 477/955/358
f 479/956/360 491/957/372 490/953/371 478/952/359
f 480/931/361 492/930/373 491/958/372 479/959/360
f 481/929/362 493/960/374 504/961/385 492/930/373
f 482/933/363 494/962/375 493/960/374 481/929/362
f 483/935/364 495/963/376 494/962/375 482/933/363
f 484/964/365 496/965/377 495/966/376 483/967/364
f 485/968/366 497/969/378 496/965/377 484/964/365
f 486/970/367 498/971/379 497/969/378 485/968/366
f 487/947/368 499/972/380 498/973/379 486/943/367
f 488/949/369 500/974/381 499/972/380 487/947/368
f 489/951/370 501/975/382 500/974/381 488/949/369
f 490/976/371 502/977/383 501/978/382 489/979/370
f 491/980/372 503/981/384 502/977/383 490/976/371
f 492/982/373 504/983/385 503/981/384 491/980/372
f 493/960/374 505/984/386 516/985/397 504/961/385
f 494/962/375 506/986/387 505/984/386 493/960/374
f 495/963/376 507/987/388 506/986/387 494/962/375
f 496/965/377 508/988/389 507/989/388 495/966/376
f 497/969/378 509/990/390 508/988/389 496/965/377
f 498/971/379 510/991/391 509/990/390 497/969/378
f 499/972/380 511/992/392 510/993/391 498/973/379
f 500/974/381 512/994/393 511/992/392 499/972/380
f 501/975/382 513/995/394 512/994/393 500/974/381
f 502/977/383 514/996/395 513/997/394 501/978/382
f 503/981/384 515/998/396 514/996/395 502/977/383
f 504/983/385 516/999/397 515/998/396 503/981/384
f 505/1000/386 517/1001/398 528/1002/409 516/1003/397
f 506/986/387 518/1004/399 517/1005/398 505/984/386
f 507/987/388 519/1006/400 518/1004/399 506/986/387
f 508/988/389 520/1007/401 519/1008/400 507/989/388
f 509/990/390 521/1009/402 520/1007/401 508/988/389
f 510/991/391 522/1010/403 521/1009/402 509/990/390
f 511/1011/392 523/1012/404 522/1013/403 510/1014/391
f 512/994/393 524/1015/405 523/1016/404 511/992/392
f 513/995/394 525/1017/406 524/1015/405 512/994/393
f 514/996/395 526/1018/407 525/1019/406 513/997/394
f 515/998/396 527/1020/408 526/1018/407 514/996/395
f 516/999/397 528/1021/409 527/1020/408 515/998/396
f 517/1001/398 529/1022/410 540/1023/421 528/1002/409
f 518/1004/399 530/1024/411 529/1025/410 517/1005/398
f 519/1006/400 531/1026/412 530/1024/411 518/1004/399
f 520/1007/401 532/1027/413 531/1028/412 519/1008/400
f 521/1009/402 533/1029/414 532/1027/413 520/1007/401
f 522/1010/403 534/1030/415 533/1029/414 521/1009/402
f 523/1012/404 535/1031/416 534/1032/415 522/1013/403
f 524/1015/405 536/1033/417 535/1034/416 523/1016/404
f 525/1017/406 537/1035/418 536/1033/417 524/1015/405
f 526/1018/407 538/1036/419 537/1037/418 525/1019/406
f 527/1020/408 539/1038/420 538/1036/419 526/1018/407
f 528/1021/409 540/1039/421 539/1038/420 527/1020/408
f 529/1022/410 541/1040/422 552/1041/433 540/1023/421
f 530/1024/411 542/1042/423 541/1043/422 529/1025/410
f 531/1026/412 543/1044/424 542/1042/423 530/1024/411
f 532/1045/413 544/1046/425 543/1044/424 531/1026/412
f 533/1029/414 545/1047/426 544/1048/425 532/1027/413
f 534/1030/415 546/1049/427 545/1047/426 533/1029/414
f 535/1031/416 547/1050/428 546/1051/427 534/1032/415
f 536/1033/417 548/1052/429 547/1053/428 535/1034/416
f 537/1035/418 549/1054/430 548/1052/429 536/1033/417
f 538/1055/419 550/1056/431 549/1054/430 537/1035/418
f 539/1038/420 551/1057/432 550/1058/431 538/1036/419
f 540/1023/421 552/1041/433 551/1059/432 539/1060/420
f 541/1040/422 553/1061/434 564/1062/445 552/1041/433
f 542/1042/423 554/1063/435 553/1064/434 541/1043/422
f 543/1044/424 555/1065/436 554/1063/435 542/1042/423
f 544/1046/425 556/1066/437 555/1065/436 543/1044/424
f 545/1047/426 557/1067/438 556/1068/437 544/1048/425
f 546/1051/427 558/1069/439 557/1070/438 545/1071/426
f 547/1050/428 559/1072/440 558/1069/439 546/1051/427
f 548/1052/429 560/1073/441 559/1074/440 547/1053/428
f 549/1054/430 561/1075/442 560/1073/441 548/1052/429
f 550/1056/431 562/1076/443 561/1075/442 549/1054/430
f 551/1057/432 563/1077/444 562/1078/443 550/1058/431
f 552/1041/433 564/1062/445 563/1079/444 551/1059/432
f 553/1061/434 565/1080/446 576/1081/457 564/1062/445
f 554/1063/435 566/1082/447 565/1083/446 553/1064/434
f 555/1065/436 567/1084/448 566/1082/447 554/1063/435
f 556/1066/437 568/1085/449 567/1084/448 555/1065/436
f 557/1067/438 569/1086/450 568/1087/449 556/1068/437
f 558/1069/439 570/1088/451 569/1089/450 557/1070/438
f 559/1072/440 571/1090/452 570/1088/451 558/1069/439
f 560/1073/441 572/1091/453 571/1092/452 559/1074/440
f 561/1075/442 573/1093/454 572/1091/453 560/1073/441
f 562/1076/443 574/1094/455 573/1093/454 561/1075/442
f 563/1077/444 575/1095/456 574/1096/455 562/1078/443
f 564/1062/445 576/1081/457 575/1097/456 563/1079/444
f 565/1080/446 577/1098/458 588/1099/469 576/1081/457
f 566/1082/447 578/1100/459 577/1101/458 565/1083/446
f 567/1084/448 579/1102/460 578/1100/459 566/1082/447
f 568/1085/449 580/1103/461 579/1102/460 567/1084/448
f 569/1089/450 581/1104/462 580/1105/461 568/1106/449
f 570/1088/451 582/1107/463 581/1104/462 569/1089/450
f 571/1090/452 583/1108/464 582/1107/463 570/1088/451
f 572/1091/453 584/1109/465 583/1110/464 571/1092/452
f 573/1093/454 585/1111/466 584/1109/465 572/1091/453
f 574/1094/455 586/1112/467 585/1111/466 573/1093/454
f 575/1097/456 587/1113/468 586/1114/467 574/1115/455
f 576/1081/457 588/1099/469 587/1113/468 575/1097/456
f 577/1098/458 589/1116/470 600/1117/481 588/1099/469
f 578/1100/459 590/1118/471 589/1119/470 577/1101/458
f 579/1102/460 591/1120/472 590/1118/471 578/1100/459
f 580/1103/461 592/1121/473 591/1120/472 579/1102/460
f 581/1104/462 593/1122/474 592/1123/473 580/1105/461
f 582/1107/463 594/1124/475 593/1122/474 581/1104/462
f 583/1108/464 595/1125/476 594/1124/475 582/1107/463
f 584/1109/465 596/1126/477 595/1127/476 583/1110/464
f 585/1111/466 597/1128/478 596/1126/477 584/1109/465
f 586/1112/467 598/1129/479 597/1128/478 585/1111/466
f 587/1113/468 599/1130/480 598/1131/479 586/1114/467
f 588/1099/469 600/1117/481 599/1130/480 587/1113/468
f 589/1132/470 601/1133/482 612/1134/493 600/1135/481
f 590/1136/471 602/1137/483 601/1133/482 589/1132/470
f 591/1120/472 603/1138/484 602/1139/483 590/1118/471
f 592/1123/473 604/1140/485 603/1141/484 591/1142/472
f 593/1122/474 605/1143/486 604/1140/485 592/1123/473
f 594/1124/475 606/1144/487 605/1143/486 593/1122/474
f 595/1145/476 607/1146/488 606/1147/487 594/1148/475
f 596/1149/477 608/1150/489 607/1146/488 595/1145/476
f 597/1128/478 609/1151/490 608/1152/489 596/1126/477
f 598/1131/479 610/1153/491 609/1154/490 597/1155/478
f 599/1130/480 611/1156/492 610/1153/491 598/1131/479
f 600/1117/481 612/1157/493 611/1156/492 599/1130/480
f 601/1133/482 613/1158/494 624/1159/505 612/1134/493
f 602/1137/483 614/1160/495 613/1158/494 601/1133/482
f 603/1161/484 615/1162/496 614/1160/495 602/1137/483
f 604/1140/485 616/1163/497 615/1164/496 603/1141/484
f 605/1143/486 617/1165/498 616/1163/497 604/1140/485
f 606/1144/487 618/1166/499 617/1165/498 605/1143/486
f 607/1146/488 619/1167/500 618/1168/499 606/1147/487
f 608/1150/489 620/1169/501 619/1167/500 607/1146/488
f 609/1170/490 621/1171/502 620/1169/501 608/1150/489
f 610/1153/491 622/1172/503 621/1173/502 609/1154/490
f 611/1156/492 623/1174/504 622/1172/503 610/1153/491
f 612/1157/493 624/1175/505 623/1174/504 611/1156/492
f 613/1158/494 625/1176/506 636/1177/517 624/1159/505
f 614/1160/495 626/1178/507 625/1176/506 613/1158/494
f 615/1162/496 627/1179/508 626/1178/507 614/1160/495
f 616/1163/497 628/1180/509 627/1181/508 615/1164/496
f 617/1165/498 629/1182/510 628/1180/509 616/1163/497
f 618/1166/499 630/1183/511 629/1182/510 617/1165/498
f 619/1167/500 631/1184/512 630/1185/511 618/1168/499
f 620/1169/501 632/1186/513 631/1184/512 619/1167/500
f 621/1171/502 633/1187/514 632/1186/513 620/1169/501
f 622/1172/503 634/1188/515 633/1189/514 621/1173/502
f 623/1174/504 635/1190/516 634/1188/515 622/1172/503
f 624/1175/505 636/1191/517 635/1190/516 623/1174/504
f 625/1176/506 637/1192/518 648/1193/529 636/1177/517
f 626/1178/507 638/1194/519 637/1192/518 625/1176/506
f 627/1179/508 639/1195/520 638/1194/519 626/1178/507
f 628/1180/509 640/1196/521 639/1197/520 627/1181/508
f 629/1182/510 641/1198/522 640/1196/521 628/1180/509
f 630/1183/511 642/1199/523 641/1198/522 629/1182/510
f 631/1184/512 643/1200/524 642/1201/523 630/1185/511
f 632/1186/513 644/1202/525 643/1200/524 631/1184/512
f 633/1187/514 645/1203/526 644/1202/525 632/1186/513
f 634/1188/515 646/1204/527 645/1205/526 633/1189/514
f 635/1190/516 647/1206/528 646/1204/527 634/1188/515
f 636/1191/517 648/1207/529 647/1206/528 635/1190/516
f 637/1208/518 649/1209/530 660/1210/541 648/1211/529
f 638/1212/519 650/1213/531 649/1209/530 637/1208/518
f 639/1197/520 651/1214/532 650/1215/531 638/1216/519
f 640/1196/521 652/1217/533 651/1214/532 639/1197/520
f 641/1198/522 653/1218/534 652/1217/533 640/1196/521
f 642/1219/523 654/1220/535 653/1221/534 641/1222/522
f 643/1223/524 655/1224/536 654/1220/535 642/1219/523
f 644/1225/525 656/1226/537 655/1224/536 643/1223/524
f 645/1205/526 657/1227/538 656/1228/537 644/1229/525
f 646/1204/527 658/1230/539 657/1227/538 645/1205/526
f 647/1206/528 659/1231/540 658/1230/539 646/1204/527
f 648/1211/529 660/1210/541 659/1232/540 647/1233/528
f 649/1209/530 661/1234/542 672/1235/553 660/1210/541
f 650/1213/531 662/1236/543 661/1234/542 649/1209/530
f 651/1214/532 663/1237/544 662/1238/543 650/1215/531
f 652/1217/533 664/1239/545 663/1237/544 651/1214/532
f 653/1218/534 665/1240/546 664/1239/545 652/1217/533
f 654/1220/535 666/1241/547 665/1242/546 653/1221/534
f 655/1224/536 667/1243/548 666/1241/547 654/1220/535
f 656/1226/537 668/1244/549 667/1243/548 655/1224/536
f 657/1227/538 669/1245/550 668/1246/549 656/1228/537
f 658/1230/539 670/1247/551 669/1245/550 657/1227/538
f 659/1231/540 671/1248/552 670/1247/551 658/1230/539
f 660/1210/541 672/1235/553 671/1249/552 659/1232/540
f 661/1234/542 673/1250/554 684/1251/565 672/1235/553
f 662/1236/543 674/1252/555 673/1250/554 661/1234/542
f 663/1237/544 675/1253/556 674/1254/555 662/1238/543
f 664/1239/545 676/1255/557 675/1253/556 663/1237/544
f 665/1240/546 677/1256/558 676/1255/557 664/1239/545
f 666/1241/547 678/1257/559 677/1258/558 665/1242/546
f 667/1243/548 679/1259/560 678/1257/559 666/1241/547
f 668/1244/549 680/1260/561 679/1259/560 667/1243/548
f 669/1245/550 681/1261/562 680/1262/561 668/1246/549
f 670/1247/551 682/1263/563 681/1261/562 669/1245/550
f 671/1248/552 683/1264/564 682/1263/563 670/1247/551
f 672/1235/553 684/1251/565 683/1265/564 671/1249/552
f 673/1250/554 685/1266/566 696/1267/577 684/1251/565
f 674/1252/555 686/1268/567 685/1266/566 673/1250/554
f 675/1253/556 687/1269/568 686/1270/567 674/1254/555
f 676/1255/557 688/1271/569 687/1269/568 675/1253/556
f 677/1256/558 689/1272/570 688/1271/569 676/1255/557
f 678/1257/559 690/1273/571 689/1274/570 677/1258/558
f 679/1259/560 691/1275/572 690/1273/571 678/1257/559
f 680/1260/561 692/1276/573 691/1275/572 679/1259/560
f 681/1261/562 693/1277/574 692/1278/573 680/1262/561
f 682/1263/563 694/1279/575 693/1277/574 681/1261/562
f 683/1264/564 695/1280/576 694/1279/575 682/1263/563
f 684/1251/565 696/1267/577 695/1281/576 683/1265/564
f 685/1266/566 697/1282/578 708/1283/589 696/1267/577
f 686/1268/567 698/1284/579 697/1282/578 685/1266/566
f 687/1269/568 699/1285/580 698/1286/579 686/1270/567
f 688/1271/569 700/1287/581 699/1285/580 687/1269/568
f 689/1272/570 701/1288/582 700/1287/581 688/1271/569
f 690/1273/571 702/1289/583 701/1290/582 689/1274/570
f 691/1275/572 703/1291/584 702/1289/583 690/1273/571
f 692/1276/573 704/1292/585 703/1291/584 691/1275/572
f 693/1277/574 705/1293/586 704/1294/585 692/1278/573
f 694/1279/575 706/1295/587 705/1293/586 693/1277/574
f 695/1280/576 707/1296/588 706/1295/587 694/1279/575
f 696/1267/577 708/1283/589 707/1297/588 695/1281/576
f 697/1282/578 709/1298/590 720/1299/601 708/1283/589
f 698/1284/579 710/1300/591 709/1298/590 697/1282/578
f 699/1285/580 711/1301/592 710/1302/591 698/1286/579
f 700/1287/581 712/1303/593 711/1301/592 699/1285/580
f 701/1288/582 713/1304/594 712/1303/593 700/1287/581
f 702/1289/583 714/1305/595 713/1306/594 701/1290/582
f 703/1291/584 715/1307/596 714/1305/595 702/1289/583
f 704/1292/585 716/1308/597 715/1307/596 703/1291/584
f 705/1293/586 717/1309/598 716/1310/597 704/1294/585
f 706/1295/587 718/1311/599 717/1309/598 705/1293/586
f 707/1296/588 719/1312/600 718/1311/599 706/1295/587
f 708/1283/589 720/1299/601 719/1313/600 707/1297/588
f 709/1314/590 721/1315/602 732/1316/613 720/1317/601
f 710/1302/591 722/1318/603 721/1319/602 709/1320/590
f 711/1301/592 723/1321/604 722/1318/603 710/1302/591
f 712/1303/593 724/1322/605 723/1321/604 711/1301/592
f 713/1304/594 725/1323/606 724/1322/605 712/1303/593
f 714/1324/595 726/1325/607 725/1326/606 713/1327/594
f 715/1328/596 727/1329/608 726/1325/607 714/1324/595
f 716/1310/597 728/1330/609 727/1331/608 715/1332/596
f 717/1309/598 729/1333/610 728/1330/609 716/1310/597
f 718/1311/599 730/1334/611 729/1333/610 717/1309/598
f 719/1312/600 731/1335/612 730/1334/611 718/1311/599
f 720/1317/601 732/1316/613 731/1336/612 719/1337/600
f 721/1315/602 733/1338/614 744/1339/625 732/1316/613
f 722/1340/603 734/1341/615 733/1338/614 721/1315/602
f 723/1321/604 735/1342/616 734/1343/615 722/1318/603
f 724/1322/605 736/1344/617 735/1342/616 723/1321/604
f 725/1323/606 737/1345/618 736/1344/617 724/1322/605
f 726/1325/607 738/1346/619 737/1347/618 725/1326/606
f 727/1329/608 739/1348/620 738/1346/619 726/1325/607
f 728/1349/609 740/1350/621 739/1348/620 727/1329/608
f 729/1333/610 741/1351/622 740/1352/621 728/1330/609
f 730/1334/611 742/1353/623 741/1351/622 729/1333/610
f 731/1335/612 743/1354/624 742/1353/623 730/1334/611
f 732/1316/613 744/1339/625 743/1355/624 731/1336/612
f 733/1338/614 745/1356/626 756/1357/637 744/1339/625
f 734/1341/615 746/1358/627 745/1356/626 733/1338/614
f 735/1342/616 747/1359/628 746/1360/627 734/1343/615
f 736/1344/617 748/1361/629 747/1359/628 735/1342/616
f 737/1345/618 749/1362/630 748/1361/629 736/1344/617
f 738/1346/619 750/1363/631 749/1364/630 737/1347/618
f 739/1348/620 751/1365/632 750/1363/631 738/1346/619
f 740/1350/621 752/1366/633 751/1365/632 739/1348/620
f 741/1351/622 753/1367/634 752/1368/633 740/1352/621
f 742/1353/623 754/1369/635 753/1367/634 741/1351/622
f 743/1354/624 755/1370/636 754/1369/635 742/1353/623
f 744/1339/625 756/1357/637 755/1371/636 743/1355/624
f 745/1356/626 757/1372/638 768/1373/649 756/1357/637
f 746/1374/627 758/1375/639 757/1376/638 745/1377/626
f 747/1359/628 759/1378/640 758/1379/639 746/1360/627
f 748/1361/629 760/1380/641 759/1378/640 747/1359/628
f 749/1362/630 761/1381/642 760/1380/641 748/1361/629
f 750/1363/631 762/1382/643 761/1383/642 749/1364/630
f 751/1365/632 763/1384/644 762/1382/643 750/1363/631
f 752/1385/633 764/1386/645 763/1387/644 751/1388/632
f 753/1367/634 765/1389/646 764/1390/645 752/1368/633
f 754/1369/635 766/1391/647 765/1389/646 753/1367/634
f 755/1370/636 767/1392/648 766/1391/647 754/1369/635
f 756/1357/637 768/1373/649 767/1393/648 755/1371/636
f 769/1394/650 781/1395/662 792/1396/673 780/1397/661
f 770/1398/651 782/1399/663 781/1395/662 769/1394/650
f 771/1400/652 783/1401/664 782/1399/663 770/1398/651
f 772/1402/653 784/1403/665 783/1404/664 771/1405/652
f 773/1406/654 785/1407/666 784/1403/665 772/1402/653
f 774/1408/655 786/1409/667 785/1407/666 773/1406/654
f 775/1410/656 787/1411/668 786/1412/667 774/1413/655
f 776/1414/657 788/1415/669 787/1411/668 775/1410/656
f 777/1416/658 789/1417/670 788/1415/669 776/1414/657
f 778/1418/659 790/1419/671 789/1420/670 777/1421/658
f 779/1422/660 791/1423/672 790/1419/671 778/1418/659
f 780/1424/661 792/1425/673 791/1423/672 779/1422/660
f 781/1395/662 793/1426/674 804/1427/685 792/1396/673
f 782/1399/663 794/1428/675 793/1426/674 781/1395/662
f 783/1401/664 795/1429/676 794/1428/675 782/1399/663
f 784/1403/665 796/1430/677 795/1431/676 783/1404/664
f 785/1407/666 797/1432/678 796/1430/677 784/1403/665
f 786/1409/667 798/1433/679 797/1432/678 785/1407/666
f 787/1411/668 799/1434/680 798/1435/679 786/1412/667
f 788/1415/669 800/1436/681 799/1434/680 787/1411/668
f 789/1417/670 801/1437/682 800/1436/681 788/1415/669
f 790/1419/671 802/1438/683 801/1439/682 789/1420/670
f 791/1423/672 803/1440/684 802/1438/683 790/1419/671
f 792/1425/673 804/1441/685 803/1440/684 791/1423/672
f 793/1426/674 805/1442/686 816/1443/697 804/1427/685
f 794/1428/675 806/1444/687 805/1442/686 793/1426/674
f 795/1429/676 807/1445/688 806/1444/687 794/1428/675
f 796/1430/677 808/1446/689 807/1447/688 795/1431/676
f 797/1432/678 809/1448/690 808/1446/689 796/1430/677
f 798/1433/679 810/1449/691 809/1448/690 797/1432/678
f 799/1434/680 811/1450/692 810/1451/691 798/1435/679
f 800/1436/681 812/1452/693 811/1450/692 799/1434/680
f 801/1437/682 813/1453/694 812/1452/693 800/1436/681
f 802/1438/683 814/1454/695 813/1455/694 801/1439/682
f 803/1440/684 815/1456/696 814/1454/695 802/1438/683
f 804/1441/685 816/1457/697 815/1456/696 803/1440/684
f 805/1442/686 817/1458/698 828/1459/709 816/1443/697
f 806/1444/687 818/1460/699 817/1458/698 805/1442/686
f 807/1445/688 819/1461/700 818/1460/699 806/1444/687
f 808/1446/689 820/1462/701 819/1463/700 807/1447/688
f 809/1448/690 821/1464/702 820/1462/701 808/1446/689
f 810/1449/691 822/1465/703 821/1464/702 809/1448/690
f 811/1450/692 823/1466/704 822/1467/703 810/1451/691
f 812/1452/693 824/1468/705 823/1466/704 811/1450/692
f 813/1453/694 825/1469/706 824/1468/705 812/1452/693
f 814/1454/695 826/1470/707 825/1471/706 813/1455/694
f 815/1456/696 827/1472/708 826/1470/707 814/1454/695
f 816/1457/697 828/1473/709 827/1472/708 815/1456/696
f 817/1458/698 829/1474/710 840/1475/721 828/1459/709
f 818/1460/699 830/1476/711 829/1474/710 817/1458/698
f 819/1461/700 831/1477/712 830/1476/711 818/1460/699
f 820/1462/701 832/1478/713 831/1479/712 819/1463/700
f 821/1464/702 833/1480/714 832/1478/713 820/1462/701
f 822/1465/703 834/1481/715 833/1480/714 821/1464/702
f 823/1466/704 835/1482/716 834/1483/715 822/1467/703
f 824/1468/705 836/1484/717 835/1482/716 823/1466/704
f 825/1469/706 837/1485/718 836/1484/717 824/1468/705
f 826/1470/707 838/1486/719 837/1487/718 825/1471/706
f 827/1472/708 839/1488/720 838/1486/719 826/1470/707
f 828/1473/709 840/1489/721 839/1488/720 827/1472/708
f 829/1474/710 841/1490/722 852/1491/733 840/1475/721
f 830/1476/711 842/1492/723 841/1490/722 829/1474/710
f 831/1477/712 843/1493/724 842/1492/723 830/1476/711
f 832/1478/713 844/1494/725 843/1495/724 831/1479/712
f 833/1480/714 845/1496/726 844/1494/725 832/1478/713
f 834/1481/715 846/1497/727 845/1496/726 833/1480/714
f 835/1482/716 847/1498/728 846/1499/727 834/1483/715
f 836/1484/717 848/1500/729 847/1498/728 835/1482/716
f 837/1485/718 849/1501/730 848/1500/729 836/1484/717
f 838/1486/719 850/1502/731 849/1503/730 837/1487/718
f 839/1488/720 851/1504/732 850/1502/731 838/1486/719
f 840/1489/721 852/1505/733 851/1504/732 839/1488/720
f 841/1506/722 853/1507/734 864/1508/745 852/1509/733
f 842/1510/723 854/1511/735 853/1507/734 841/1506/722
f 843/1495/724 855/1512/736 854/1513/735 842/1514/723
f 844/1494/725 856/1515/737 855/1512/736 843/1495/724
f 845/1496/726 857/1516/738 856/1515/737 844/1494/725
f 846/1497/727 858/1517/739 857/1516/738 845/1496/726
f 847/1518/728 859/1519/740 858/1520/739 846/1521/727
f 848/1522/729 860/1523/741 859/1519/740 847/1518/728
f 849/1503/730 861/1524/742 860/1525/741 848/1526/729
f 850/1502/731 862/1527/743 861/1524/742 849/1503/730
f 851/1504/732 863/1528/744 862/1527/743 850/1502/731
f 852/1505/733 864/1529/745 863/1528/744 851/1504/732
f 853/1507/734 865/1530/746 876/1531/757 864/1508/745
f 854/1511/735 866/1532/747 865/1530/746 853/1507/734
f 855/1512/736 867/1533/748 866/1534/747 854/1513/735
f 856/1515/737 868/1535/749 867/1533/748 855/1512/736
f 857/1516/738 869/1536/750 868/1535/749 856/1515/737
f 858/1520/739 870/1537/751 869/1538/750 857/1539/738
f 859/1519/740 871/1540/752 870/1537/751 858/1520/739
f 860/1523/741 872/1541/753 871/1540/752 859/1519/740
f 861/1524/742 873/1542/754 872/1543/753 860/1525/741
f 862/1527/743 874/1544/755 873/1542/754 861/1524/742
f 863/1528/744 875/1545/756 874/1544/755 862/1527/743
f 864/1508/745 876/1531/757 875/1546/756 863/1547/744
f 865/1530/746 877/1548/758 888/1549/769 876/1531/757
f 866/1532/747 878/1550/759 877/1548/758 865/1530/746
f 867/1533/748 879/1551/760 878/1552/759 866/1534/747
f 868/1535/749 880/1553/761 879/1551/760 867/1533/748
f 869/1536/750 881/1554/762 880/1553/761 868/1535/749
f 870/1537/751 882/1555/763 881/1556/762 869/1538/750
f 871/1540/752 883/1557/764 882/1555/763 870/1537/751
f 872/1541/753 884/1558/765 883/1557/764 871/1540/752
f 873/1542/754 885/1559/766 884/1560/765 872/1543/753
f 874/1544/755 886/1561/767 885/1559/766 873/1542/754
f 875/1545/756 887/1562/768 886/1561/767 874/1544/755
f 876/1531/757 888/1549/769 887/1563/768 875/1546/756
f 877/1548/758 889/1564/770 900/1565/781 888/1549/769
f 878/1550/759 890/1566/771 889/1564/770 877/1548/758
f 879/1551/760 891/1567/772 890/1568/771 878/1552/759
f 880/1553/761 892/1569/773 891/1567/772 879/1551/760
f 881/1554/762 893/1570/774 892/1569/773 880/1553/761
f 882/1555/763 894/1571/775 893/1572/774 881/1556/762
f 883/1557/764 895/1573/776 894/1571/775 882/1555/763
f 884/1558/765 896/1574/777 895/1573/776 883/1557/764
f 885/1559/766 897/1575/778 896/1576/777 884/1560/765
f 886/1561/767 898/1577/779 897/1575/778 885/1559/766
f 887/1562/768 899/1578/780 898/1577/779 886/1561/767
f 888/1549/769 900/1565/781 899/1579/780 887/1563/768
f 889/1580/770 901/1581/782 912/1582/793 900/1583/781
f 890/1584/771 902/1585/783 901/1581/782 889/1580/770
f 891/1567/772 903/1586/784 902/1587/783 890/1568/771
f 892/1569/773 904/1588/785 903/1586/784 891/1567/772
f 893/1570/774 905/1589/786 904/1588/785 892/1569/773
f 894/1590/775 906/1591/787 905/1592/786 893/1593/774
f 895/1594/776 907/1595/788 906/1591/787 894/1590/775
f 896/1596/777 908/1597/789 907/1595/788 895/1594/776
f 897/1575/778 909/1598/790 908/1599/789 896/1576/777
f 898/1577/779 910/1600/791 909/1598/790 897/1575/778
f 899/1578/780 911/1601/792 910/1600/791 898/1577/779
f 900/1583/781 912/1582/793 911/1602/792 899/1603/780
f 901/1581/782 913/1604/794 924/1605/805 912/1582/793
f 902/1585/783 914/1606/795 913/1604/794 901/1581/782
f 903/1586/784 915/1607/796 914/1608/795 902/1587/783
f 904/1588/785 916/1609/797 915/1607/796 903/1586/784
f 905/1589/786 917/1610/798 916/1609/797 904/1588/785
f 906/1591/787 918/1611/799 917/1612/798 905/1592/786
f 907/1595/788 919/1613/800 918/1611/799 906/1591/787
f 908/1597/789 920/1614/801 919/1613/800 907/1595/788
f 909/1598/790 921/1615/802 920/1616/801 908/1599/789
f 910/1600/791 922/1617/803 921/1615/802 909/1598/790
f 911/1601/792 923/1618/804 922/1617/803 910/1600/791
f 912/1582/793 924/1605/805 923/1619/804 911/1602/792
f 913/1604/794 925/1620/806 936/1621/817 924/1605/805
f 914/1606/795 926/1622/807 925/1620/806 913/1604/794
f 915/1607/796 927/1623/808 926/1624/807 914/1608/795
f 916/1609/797 928/1625/809 927/1623/808 915/1607/796
f 917/1610/798 929/1626/810 928/1625/809 916/1609/797
f 918/1611/799 930/1627/811 929/1628/810 917/1612/798
f 919/1613/800 931/1629/812 930/1627/811 918/1611/799
f 920/1614/801 932/1630/813 931/1629/812 919/1613/800
f 921/1615/802 933/1631/814 932/1632/813 920/1616/801
f 922/1617/803 934/1633/815 933/1631/814 921/1615/802
f 923/1618/804 935/1634/816 934/1633/815 922/1617/803
f 924/1605/805 936/1621/817 935/1635/816 923/1619/804
f 925/1620/806 937/1636/818 948/1637/829 936/1621/817
f 926/1622/807 938/1638/819 937/1636/818 925/1620/806
f 927/1623/808 939/1639/820 938/1640/819 926/1624/807
f 928/1625/809 940/1641/821 939/1639/820 927/1623/808
f 929/1626/810 941/1642/822 940/1641/821 928/1625/809
f 930/1627/811 942/1643/823 941/1644/822 929/1628/810
f 931/1629/812 943/1645/824 942/1643/823 930/1627/811
f 932/1630/813 944/1646/825 943/1645/824 931/1629/812
f 933/1631/814 945/1647/826 944/1648/825 932/1632/813
f 934/1633/815 946/1649/827 945/1647/826 933/1631/814
f 935/1634/816 947/1650/828 946/1649/827 934/1633/815
f 936/1621/817 948/1637/829 947/1651/828 935/1635/816
f 937/1636/818 949/1652/830 960/1653/841 948/1637/829
f 938/1638/819 950/1654/831 949/1652/830 937/1636/818
f 939/1639/820 951/1655/832 950/1656/831 938/1640/819
f 940/1641/821 952/1657/833 951/1655/832 939/1639/820
f 941/1642/822 953/1658/834 952/1657/833 940/1641/821
f 942/1643/823 954/1659/835 953/1660/834 941/1644/822
f 943/1645/824 955/1661/836 954/1659/835 942/1643/823
f 944/1646/825 956/1662/837 955/1661/836 943/1645/824
f 945/1647/826 957/1663/838 956/1664/837 944/1648/825
f 946/1649/827 958/1665/839 957/1663/838 945/1647/826
f 947/1650/828 959/1666/840 958/1665/839 946/1649/827
f 948/1637/829 960/1653/841 959/1667/840 947/1651/828
f 949/1652/830 961/1668/842 972/1669/853 960/1653/841
f 950/1654/831 962/1670/843 961/1668/842 949/1652/830
f 951/1655/832 963/1671/844 962/1672/843 950/1656/831
f 952/1657/833 964/1673/845 963/1671/844 951/1655/832
f 953/1658/834 965/1674/846 964/1673/845 952/1657/833
f 954/1659/835 966/1675/847 965/1676/846 953/1660/834
f 955/1661/836 967/1677/848 966/1675/847 954/1659/835
f 956/1662/837 968/1678/849 967/1677/848 955/1661/836
f 957/1663/838 969/1679/850 968/1680/849 956/1664/837
f 958/1665/839 970/1681/851 969/1679/850 957/1663/838
f 959/1666/840 971/1682/852 970/1681/851 958/1665/839
f 960/1653/841 972/1669/853 971/1683/852 959/1667/840
f 961/1668/842 973/1684/854 984/1685/865 972/1669/853
f 962/1670/843 974/1686/855 973/1684/854 961/1668/842
f 963/1671/844 975/1687/856 974/1688/855 962/1672/843
f 964/1673/845 976/1689/857 975/1687/856 963/1671/844
f 965/1674/846 977/1690/858 976/1689/857 964/1673/845
f 966/1675/847 978/1691/859 977/1692/858 965/1676/846
f 967/1677/848 979/1693/860 978/1691/859 966/1675/847
f 968/1678/849 980/1694/861 979/1693/860 967/1677/848
f 969/1679/850 981/1695/862 980/1696/861 968/1680/849
f 970/1681/851 982/1697/863 981/1695/862 969/1679/850
f 971/1682/852 983/1698/864 982/1697/863 970/1681/851
f 972/1669/853 984/1685/865 983/1699/864 971/1683/852
f 973/1684/854 985/1700/866 996/1701/877 984/1685/865
f 974/1686/855 986/1702/867 985/1700/866 973/1684/854
f 975/1687/856 987/1703/868 986/1704/867 974/1688/855
f 976/1705/857 988/1706/869 987/1707/868 975/1708/856
f 977/1709/858 989/1710/870 988/1706/869 976/1705/857
f 978/1691/859 990/1711/871 989/1712/870 977/1692/858
f 979/1693/860 991/1713/872 990/1711/871 978/1691/859
f 980/1694/861 992/1714/873 991/1713/872 979/1693/860
f 981/1695/862 993/1715/874 992/1716/873 980/1696/861
f 982/1697/863 994/1717/875 993/1715/874 981/1695/862
f 983/1718/864 995/1719/876 994/1720/875 982/1721/863
f 984/1685/865 996/1701/877 995/1722/876 983/1699/864
f 985/1700/866 997/1723/878 1008/1724/889 996/1701/877
f 986/1702/867 998/1725/879 997/1723/878 985/1700/866
f 987/1707/868 999/1726/880 998/1727/879 986/1728/867
f 988/1706/869 1000/1729/881 999/1726/880 987/1707/868
f 989/1710/870 1001/1730/882 1000/1729/881 988/1706/869
f 990/1711/871 1002/1731/883 1001/1732/882 989/1712/870
f 991/1713/872 1003/1733/884 1002/1731/883 990/1711/871
f 992/1714/873 1004/1734/885 1003/1733/884 991/1713/872
f 993/1715/874 1005/1735/886 1004/1736/885 992/1716/873
f 994/1720/875 1006/1737/887 1005/1738/886 993/1739/874
f 995/1719/876 1007/1740/888 1006/1737/887 994/1720/875
f 996/1701/877 1008/1724/889 1007/1741/888 995/1722/876
f 997/1723/878 1009/1742/890 1020/1743/901 1008/1724/889
f 998/1725/879 1010/1744/891 1009/1742/890 997/1723/878
f 999/1726/880 1011/1745/892 1010/1746/891 998/1727/879
f 1000/1729/881 1012/1747/893 1011/1745/892 999/1726/880
f 1001/1730/882 1013/1748/894 1012/1747/893 1000/1729/881
f 1002/1731/883 1014/1749/895 1013/1750/894 1001/1732/882
f 1003/1733/884 1015/1751/896 1014/1749/895 1002/1731/883
f 1004/1734/885 1016/1752/897 1015/1751/896 1003/1733/884
f 1005/1738/886 1017/1753/898 1016/1754/897 1004/1755/885
f 1006/1737/887 1018/1756/899 1017/1753/898 1005/1738/886
f 1007/1740/888 1019/1757/900 1018/1756/899 1006/1737/887
f 1008/1724/889 1020/1743/901 1019/1758/900 1007/1741/888
f 1009/1742/890 1021/1759/902 1032/1760/913 1020/1743/901
f 1010/1744/891 1022/1761/903 1021/1759/902 1009/1742/890
f 1011/1745/892 1023/1762/904 1022/1763/903 1010/1746/891
f 1012/1747/893 1024/1764/905 1023/1762/904 1011/1745/892
f 1013/1748/894 1025/1765/906 1024/1764/905 1012/1747/893
f 1014/1766/895 1026/1767/907 1025/1765/906 1013/1748/894
f 1015/1751/896 1027/1768/908 1026/1769/907 1014/1749/895
f 1016/1752/897 1028/1770/909 1027/1768/908 1015/1751/896
f 1017/1753/898 1029/1771/910 1028/1772/909 1016/1754/897
f 1018/1756/899 1030/1773/911 1029/1771/910 1017/1753/898
f 1019/1757/900 1031/1774/912 1030/1773/911 1018/1756/899
f 1020/1775/901 1032/1776/913 1031/1774/912 1019/1757/900
f 1021/1777/902 1033/1778/914 1044/1779/925 1032/1780/913
f 1022/1781/903 1034/1782/915 1033/1778/914 1021/1777/902
f 1023/1762/904 1035/1783/916 1034/1784/915 1022/1763/903
f 1024/1764/905 1036/1785/917 1035/1783/916 1023/1762/904
f 1025/1765/906 1037/1786/918 1036/1785/917 1024/1764/905
f 1026/1787/907 1038/1788/919 1037/1789/918 1025/1790/906
f 1027/1791/908 1039/1792/920 1038/1788/919 1026/1787/907
f 1028/1793/909 1040/1794/921 1039/1792/920 1027/1791/908
f 1029/1771/910 1041/1795/922 1040/1796/921 1028/1772/909
f 1030/1773/911 1042/1797/923 1041/1795/922 1029/1771/910
f 1031/1774/912 1043/1798/924 1042/1797/923 1030/1773/911
f 1032/1780/913 1044/1779/925 1043/1799/924 1031/1800/912
f 1033/1778/914 1045/1801/926 1056/1802/937 1044/1779/925
f 1034/1782/915 1046/1803/927 1045/1801/926 1033/1778/914
f 1035/1783/916 1047/1804/928 1046/1805/927 1034/1784/915
f 1036/1785/917 1048/1806/929 1047/1804/928 1035/1783/916
f 1037/1786/918 1049/1807/930 1048/1806/929 1036/1785/917
f 1038/1788/919 1050/1808/931 1049/1809/930 1037/1789/918
f 1039/1792/920 1051/1810/932 1050/1808/931 1038/1788/919
f 1040/1794/921 1052/1811/933 1051/1810/932 1039/1792/920
f 1041/1812/922 1053/1813/934 1052/1814/933 1040/1815/921
f 1042/1797/923 1054/1816/935 1053/1817/934 1041/1795/922
f 1043/1798/924 1055/1818/936 1054/1816/935 1042/1797/923
f 1044/1779/925 1056/1802/937 1055/1819/936 1043/1799/924
f 1045/1801/926 1057/1820/938 1068/1821/949 1056/1802/937
f 1046/1803/927 1058/1822/939 1057/1820/938 1045/1801/926
f 1047/1823/928 1059/1824/940 1058/1825/939 1046/1826/927
f 1048/1827/929 1060/1828/941 1059/1824/940 1047/1823/928
f 1049/1829/930 1061/1830/942 1060/1828/941 1048/1827/929
f 1050/1808/931 1062/1831/943 1061/1832/942 1049/1809/930
f 1051/1810/932 1063/1833/944 1062/1831/943 1050/1808/931
f 1052/1811/933 1064/1834/945 1063/1833/944 1051/1810/932
f 1053/1813/934 1065/1835/946 1064/1836/945 1052/1814/933
f 1054/1837/935 1066/1838/947 1065/1835/946 1053/1813/934
f 1055/1839/936 1067/1840/948 1066/1838/947 1054/1837/935
f 1056/1802/937 1068/1821/949 1067/1841/948 1055/1819/936
f 1069/1842/950 1081/1843/962 1092/1844/973 1080/1845/961
f 1070/1846/951 1082/1847/963 1081/1843/962 1069/1842/950
f 1071/1848/952 1083/1849/964 1082/1850/963 1070/1851/951
f 1072/1852/953 1084/1853/965 1083/1849/964 1071/1848/952
f 1073/1854/954 1085/1855/966 1084/1856/965 1072/1857/953
f 1074/1858/955 1086/1859/967 1085/1860/966 1073/1861/954
f 1075/1862/956 1087/1863/968 1086/1859/967 1074/1858/955
f 1076/1864/957 1088/1865/969 1087/1863/968 1075/1862/956
f 1077/1866/958 1089/1867/970 1088/1868/969 1076/1869/957
f 1078/1870/959 1090/1871/971 1089/1867/970 1077/1866/958
f 1079/1872/960 1091/1873/972 1090/1874/971 1078/1875/959
f 1080/1845/961 1092/1844/973 1091/1876/972 1079/1877/960
f 1081/1843/962 1093/1878/974 1104/1879/985 1092/1844/973
f 1082/1847/963 1094/1880/975 1093/1878/974 1081/1843/962
f 1083/1849/964 1095/1881/976 1094/1882/975 1082/1850/963
f 1084/1853/965 1096/1883/977 1095/1881/976 1083/1849/964
f 1085/1884/966 1097/1885/978 1096/1883/977 1084/1853/965
f 1086/1859/967 1098/1886/979 1097/1887/978 1085/1860/966
f 1087/1863/968 1099/1888/980 1098/1886/979 1086/1859/967
f 1088/1865/969 1100/1889/981 1099/1888/980 1087/1863/968
f 1089/1867/970 1101/1890/982 1100/1891/981 1088/1868/969
f 1090/1871/971 1102/1892/983 1101/1890/982 1089/1867/970
f 1091/1893/972 1103/1894/984 1102/1892/983 1090/1871/971
f 1092/1895/973 1104/1896/985 1103/1897/984 1091/1898/972
f 1093/1878/974 1105/1899/986 1116/1900/997 1104/1879/985
f 1094/1880/975 1106/1901/987 1105/1899/986 1093/1878/974
f 1095/1881/976 1107/1902/988 1106/1903/987 1094/1882/975
f 1096/1883/977 1108/1904/989 1107/1902/988 1095/1881/976
f 1097/1885/978 1109/1905/990 1108/1904/989 1096/1883/977
f 1098/1886/979 1110/1906/991 1109/1907/990 1097/1887/978
f 1099/1888/980 1111/1908/992 1110/1906/991 1098/1886/979
f 1100/1889/981 1112/1909/993 1111/1908/992 1099/1888/980
f 1101/1890/982 1113/1910/994 1112/1911/993 1100/1891/981
f 1102/1892/983 1114/1912/995 1113/1910/994 1101/1890/982
f 1103/1894/984 1115/1913/996 1114/1912/995 1102/1892/983
f 1104/1914/985 1116/1915/997 1115/1913/996 1103/1894/984
f 1105/1899/986 1117/1916/998 1128/1917/1009 1116/1900/997
f 1106/1901/987 1118/1918/999 1117/1916/998 1105/1899/986
f 1107/1902/988 1119/1919/1000 1118/1920/999 1106/1903/987
f 1108/1904/989 1120/1921/1001 1119/1919/1000 1107/1902/988
f 1109/1905/990 1121/1922/1002 1120/1921/1001 1108/1904/989
f 1110/1923/991 1122/1924/1003 1121/1922/1002 1109/1905/990
f 1111/1908/992 1123/1925/1004 1122/1926/1003 1110/1906/991
f 1112/1909/993 1124/1927/1005 1123/1925/1004 1111/1908/992
f 1113/1910/994 1125/1928/1006 1124/1929/1005 1112/1911/993
f 1114/1912/995 1126/1930/1007 1125/1928/1006 1113/1910/994
f 1115/1913/996 1127/1931/1008 1126/1930/1007 1114/1912/995
f 1116/1915/997 1128/1932/1009 1127/1931/1008 1115/1913/996
f 1117/1916/998 1129/1933/1010 1140/1934/1021 1128/1917/1009
f 1118/1918/999 1130/1935/1011 1129/1933/1010 1117/1916/998
f 1119/1936/1000 1131/1937/1012 1130/1935/1011 1118/1918/999
f 1120/1921/1001 1132/1938/1013 1131/1939/1012 1119/1919/1000
f 1121/1922/1002 1133/1940/1014 1132/1938/1013 1120/1921/1001
f 1122/1924/1003 1134/1941/1015 1133/1940/1014 1121/1922/1002
f 1123/1925/1004 1135/1942/1016 1134/1943/1015 1122/1926/1003
f 1124/1927/1005 1136/1944/1017 1135/1942/1016 1123/1925/1004
f 1125/1945/1006 1137/1946/1018 1136/1944/1017 1124/1927/1005
f 1126/1930/1007 1138/1947/1019 1137/1948/1018 1125/1928/1006
f 1127/1931/1008 1139/1949/1020 1138/1947/1019 1126/1930/1007
f 1128/1932/1009 1140/1950/1021 1139/1949/1020 1127/1931/1008
f 1129/1933/1010 1141/1951/1022 1152/1952/1033 1140/1934/1021
f 1130/1935/1011 1142/1953/1023 1141/1951/1022 1129/1933/1010
f 1131/1937/1012 1143/1954/1024 1142/1953/1023 1130/1935/1011
f 1132/1938/1013 1144/1955/1025 1143/1956/1024 1131/1939/1012
f 1133/1940/1014 1145/1957/1026 1144/1955/1025 1132/1938/1013
f 1134/1941/1015 1146/1958/1027 1145/1957/1026 1133/1940/1014
f 1135/1942/1016 1147/1959/1028 1146/1960/1027 1134/1943/1015
f 1136/1944/1017 1148/1961/1029 1147/1959/1028 1135/1942/1016
f 1137/1946/1018 1149/1962/1030 1148/1961/1029 1136/1944/1017
f 1138/1947/1019 1150/1963/1031 1149/1964/1030 1137/1948/1018
f 1139/1949/1020 1151/1965/1032 1150/1963/1031 1138/1947/1019
f 1140/1950/1021 1152/1966/1033 1151/1965/1032 1139/1949/1020
f 1141/1951/1022 1153/1967/1034 1164/1968/1045 1152/1952/1033
f 1142/1953/1023 1154/1969/1035 1153/1967/1034 1141/1951/1022
f 1143/1954/1024 1155/1970/1036 1154/1969/1035 1142/1953/1023
f 1144/1955/1025 1156/1971/1037 1155/1972/1036 1143/1956/1024
f 1145/1957/1026 1157/1973/1038 1156/1971/1037 1144/1955/1025
f 1146/1958/1027 1158/1974/1039 1157/1973/1038 1145/1957/1026
f 1147/1959/1028 1159/1975/1040 1158/1976/1039 1146/1960/1027
f 1148/1961/1029 1160/1977/1041 1159/1975/1040 1147/1959/1028
f 1149/1962/1030 1161/1978/1042 1160/1977/1041 1148/1961/1029
f 1150/1963/1031 1162/1979/1043 1161/1980/1042 1149/1964/1030
f 1151/1965/1032 1163/1981/1044 1162/1979/1043 1150/1963/1031
f 1152/1966/1033 1164/1982/1045 1163/1981/1044 1151/1965/1032
f 1153/1967/1034 1165/1983/1046 1176/1984/1057 1164/1968/1045
f 1154/1969/1035 1166/1985/1047 1165/1983/1046 1153/1967/1034
f 1155/1970/1036 1167/1986/1048 1166/1985/1047 1154/1969/1035
f 1156/1971/1037 1168/1987/1049 1167/1988/1048 1155/1972/1036
f 1157/1973/1038 1169/1989/1050 1168/1987/1049 1156/1971/1037
f 1158/1974/1039 1170/1990/1051 1169/1989/1050 1157/1973/1038
f 1159/1975/1040 1171/1991/1052 1170/1992/1051 1158/1976/1039
f 1160/1977/1041 1172/1993/1053 1171/1991/1052 1159/1975/1040
f 1161/1978/1042 1173/1994/1054 1172/1993/1053 1160/1977/1041
f 1162/1979/1043 1174/1995/1055 1173/1996/1054 1161/1980/1042
f 1163/1981/1044 1175/1997/1056 1174/1995/1055 1162/1979/1043
f 1164/1982/1045 1176/1998/1057 1175/1997/1056 1163/1981/1044
f 1165/1983/1046 1177/1999/1058 1188/2000/1069 1176/1984/1057
f 1166/1985/1047 1178/2001/1059 1177/1999/1058 1165/1983/1046
f 1167/1986/1048 1179/2002/1060 1178/2001/1059 1166/1985/1047
f 1168/1987/1049 1180/2003/1061 1179/2004/1060 1167/1988/1048
f 1169/1989/1050 1181/2005/1062 1180/2003/1061 1168/1987/1049
f 1170/1990/1051 1182/2006/1063 1181/2005/1062 1169/1989/1050
f 1171/1991/1052 1183/2007/1064 1182/2008/1063 1170/1992/1051
f 1172/1993/1053 1184/2009/1065 1183/2007/1064 1171/1991/1052
f 1173/1994/1054 1185/2010/1066 1184/2009/1065 1172/1993/1053
f 1174/1995/1055 1186/2011/1067 1185/2012/1066 1173/1996/1054
f 1175/1997/1056 1187/2013/1068 1186/2011/1067 1174/1995/1055
f 1176/1998/1057 1188/2014/1069 1187/2013/1068 1175/1997/1056
f 1177/1999/1058 1189/2015/1070 1200/2016/1081 1188/2000/1069
f 1178/2001/1059 1190/2017/1071 1189/2015/1070 1177/1999/1058
f 1179/2002/1060 1191/2018/1072 1190/2017/1071 1178/2001/1059
f 1180/2019/1061 1192/2020/1073 1191/2021/1072 1179/2022/1060
f 1181/2005/1062 1193/2023/1074 1192/2024/1073 1180/2003/1061
f 1182/2006/1063 1194/2025/1075 1193/2023/1074 1181/2005/1062
f 1183/2007/1064 1195/2026/1076 1194/2027/1075 1182/2008/1063
f 1184/2009/1065 1196/2028/1077 1195/2026/1076 1183/2007/1064
f 1185/2010/1066 1197/2029/1078 1196/2028/1077 1184/2009/1065
f 1186/2030/1067 1198/2031/1079 1197/2032/1078 1185/2033/1066
f 1187/2013/1068 1199/2034/1080 1198/2035/1079 1186/2011/1067
f 1188/2014/1069 1200/2036/1081 1199/2034/1080 1187/2013/1068
f 1189/2037/1070 1201/2038/1082 1212/2039/1093 1200/2036/1081
f 1190/2017/1071 1202/2040/1083 1201/2041/1082 1189/2015/1070
f 1191/2021/1072 1203/2042/1084 1202/2043/1083 1190/2044/1071
f 1192/2020/1073 1204/2045/1085 1203/2042/1084 1191/2021/1072
f 1193/2023/1074 1205/2046/1086 1204/2047/1085 1192/2024/1073
f 1194/2025/1075 1206/2048/1087 1205/2046/1086 1193/2023/1074
f 1195/2049/1076 1207/2050/1088 1206/2048/1087 1194/2025/1075
f 1196/2028/1077 1208/2051/1089 1207/2052/1088 1195/2026/1076
f 1197/2032/1078 1209/2053/1090 1208/2054/1089 1196/2055/1077
f 1198/2031/1079 1210/2056/1091 1209/2053/1090 1197/2032/1078
f 1199/2034/1080 1211/2057/1092 1210/2058/1091 1198/2035/1079
f 1200/2036/1081 1212/2039/1093 1211/2057/1092 1199/2034/1080
f 1201/2038/1082 1213/2059/1094 1224/2060/1105 1212/2039/1093
f 1202/2043/1083 1214/2061/1095 1213/2062/1094 1201/2063/1082
f 1203/2042/1084 1215/2064/1096 1214/2061/1095 1202/2043/1083
f 1204/2045/1085 1216/2065/1097 1215/2064/1096 1203/2042/1084
f 1205/2046/1086 1217/2066/1098 1216/2067/1097 1204/2047/1085
f 1206/2048/1087 1218/2068/1099 1217/2066/1098 1205/2046/1086
f 1207/2050/1088 1219/2069/1100 1218/2068/1099 1206/2048/1087
f 1208/2054/1089 1220/2070/1101 1219/2071/1100 1207/2072/1088
f 1209/2053/1090 1221/2073/1102 1220/2070/1101 1208/2054/1089
f 1210/2056/1091 1222/2074/1103 1221/2073/1102 1209/2053/1090
f 1211/2057/1092 1223/2075/1104 1222/2076/1103 1210/2058/1091
f 1212/2039/1093 1224/2060/1105 1223/2075/1104 1211/2057/1092
f 1213/2059/1094 1225/2077/1106 1236/2078/1117 1224/2060/1105
f 1214/2061/1095 1226/2079/1107 1225/2080/1106 1213/2062/1094
f 1215/2064/1096 1227/2081/1108 1226/2079/1107 1214/2061/1095
f 1216/2065/1097 1228/2082/1109 1227/2081/1108 1215/2064/1096
f 1217/2066/1098 1229/2083/1110 1228/2084/1109 1216/2067/1097
f 1218/2068/1099 1230/2085/1111 1229/2083/1110 1217/2066/1098
f 1219/2069/1100 1231/2086/1112 1230/2085/1111 1218/2068/1099
f 1220/2070/1101 1232/2087/1113 1231/2088/1112 1219/2071/1100
f 1221/2073/1102 1233/2089/1114 1232/2087/1113 1220/2070/1101
f 1222/2074/1103 1234/2090/1115 1233/2089/1114 1221/2073/1102
f 1223/2075/1104 1235/2091/1116 1234/2092/1115 1222/2076/1103
f 1224/2060/1105 1236/2078/1117 1235/2091/1116 1223/2075/1104
f 1225/2077/1106 1237/2093/1118 1248/2094/1129 1236/2078/1117
f 1226/2079/1107 1238/2095/1119 1237/2096/1118 1225/2080/1106
f 1227/2081/1108 1239/2097/1120 1238/2095/1119 1226/2079/1107
f 1228/2082/1109 1240/2098/1121 1239/2097/1120 1227/2081/1108
f 1229/2099/1110 1241/2100/1122 1240/2098/1121 1228/2082/1109
f 1230/2085/1111 1242/2101/1123 1241/2102/1122 1229/2083/1110
f 1231/2086/1112 1243/2103/1124 1242/2101/1123 1230/2085/1111
f 1232/2087/1113 1244/2104/1125 1243/2105/1124 1231/2088/1112
f 1233/2089/1114 1245/2106/1126 1244/2104/1125 1232/2087/1113
f 1234/2090/1115 1246/2107/1127 1245/2106/1126 1233/2089/1114
f 1235/2108/1116 1247/2109/1128 1246/2107/1127 1234/2090/1115
f 1236/2078/1117 1248/2094/1129 1247/2110/1128 1235/2091/1116
f 1237/2093/1118 1249/2111/1130 1260/2112/1141 1248/2094/1129
f 1238/2113/1119 1250/2114/1131 1249/2111/1130 1237/2093/1118
f 1239/2097/1120 1251/2115/1132 1250/2116/1131 1238/2095/1119
f 1240/2098/1121 1252/2117/1133 1251/2115/1132 1239/2097/1120
f 1241/2118/1122 1253/2119/1134 1252/2120/1133 1240/2121/1121
f 1242/2101/1123 1254/2122/1135 1253/2123/1134 1241/2102/1122
f 1243/2103/1124 1255/2124/1136 1254/2122/1135 1242/2101/1123
f 1244/2125/1125 1256/2126/1137 1255/2124/1136 1243/2103/1124
f 1245/2106/1126 1257/2127/1138 1256/2128/1137 1244/2104/1125
f 1246/2107/1127 1258/2129/1139 1257/2127/1138 1245/2106/1126
f 1247/2130/1128 1259/2131/1140 1258/2132/1139 1246/2133/1127
f 1248/2094/1129 1260/2112/1141 1259/2134/1140 1247/2110/1128
f 1249/2111/1130 1261/2135/1142 1272/2136/1153 1260/2112/1141
f 1250/2114/1131 1262/2137/1143 1261/2135/1142 1249/2111/1130
f 1251/2115/1132 1263/2138/1144 1262/2139/1143 1250/2116/1131
f 1252/2120/1133 1264/2140/1145 1263/2141/1144 1251/2142/1132
f 1253/2119/1134 1265/2143/1146 1264/2140/1145 1252/2120/1133
f 1254/2122/1135 1266/2144/1147 1265/2145/1146 1253/2123/1134
f 1255/2124/1136 1267/2146/1148 1266/2144/1147 1254/2122/1135
f 1256/2126/1137 1268/2147/1149 1267/2146/1148 1255/2124/1136
f 1257/2148/1138 1269/2149/1150 1268/2150/1149 1256/2151/1137
f 1258/2132/1139 1270/2152/1151 1269/2149/1150 1257/2148/1138
f 1259/2131/1140 1271/2153/1152 1270/2152/1151 1258/2132/1139
f 1260/2112/1141 1272/2136/1153 1271/2154/1152 1259/2134/1140
f 1261/2135/1142 1273/2155/1154 1284/2156/1165 1272/2136/1153
f 1262/2137/1143 1274/2157/1155 1273/2155/1154 1261/2135/1142
f 1263/2141/1144 1275/2158/1156 1274/2159/1155 1262/2160/1143
f 1264/2140/1145 1276/2161/1157 1275/2158/1156 1263/2141/1144
f 1265/2143/1146 1277/2162/1158 1276/2161/1157 1264/2140/1145
f 1266/2144/1147 1278/2163/1159 1277/2164/1158 1265/2145/1146
f 1267/2146/1148 1279/2165/1160 1278/2163/1159 1266/2144/1147
f 1268/2147/1149 1280/2166/1161 1279/2165/1160 1267/2146/1148
f 1269/2149/1150 1281/2167/1162 1280/2168/1161 1268/2150/1149
f 1270/2152/1151 1282/2169/1163 1281/2167/1162 1269/2149/1150
f 1271/2153/1152 1283/2170/1164 1282/2169/1163 1270/2152/1151
f 1272/2136/1153 1284/2156/1165 1283/2171/1164 1271/2154/1152
f 1273/2155/1154 1285/2172/1166 1296/2173/1177 1284/2156/1165
f 1274/2157/1155 1286/2174/1167 1285/2172/1166 1273/2155/1154
f 1275/2158/1156 1287/2175/1168 1286/2176/1167 1274/2159/1155
f 1276/2161/1157 1288/2177/1169 1287/2175/1168 1275/2158/1156
f 1277/2162/1158 1289/2178/1170 1288/2177/1169 1276/2161/1157
f 1278/2179/1159 1290/2180/1171 1289/2178/1170 1277/2162/1158
f 1279/2165/1160 1291/2181/1172 1290/2182/1171 1278/2163/1159
f 1280/2166/1161 1292/2183/1173 1291/2181/1172 1279/2165/1160
f 1281/2167/1162 1293/2184/1174 1292/2185/1173 1280/2168/1161
f 1282/2169/1163 1294/2186/1175 1293/2184/1174 1281/2167/1162
f 1283/2170/1164 1295/2187/1176 1294/2186/1175 1282/2169/1163
f 1284/2188/1165 1296/2189/1177 1295/2187/1176 1283/2170/1164
f 1285/2172/1166 1297/2190/1178 1308/2191/1189 1296/2173/1177
f 1286/2174/1167 1298/2192/1179 1297/2190/1178 1285/2172/1166
f 1287/2193/1168 1299/2194/1180 1298/2192/1179 1286/2174/1167
f 1288/2177/1169 1300/2195/1181 1299/2196/1180 1287/2175/1168
f 1289/2178/1170 1301/2197/1182 1300/2195/1181 1288/2177/1169
f 1290/2180/1171 1302/2198/1183 1301/2197/1182 1289/2178/1170
f 1291/2181/1172 1303/2199/1184 1302/2200/1183 1290/2182/1171
f 1292/2183/1173 1304/2201/1185 1303/2199/1184 1291/2181/1172
f 1293/2202/1174 1305/2203/1186 1304/2201/1185 1292/2183/1173
f 1294/2186/1175 1306/2204/1187 1305/2205/1186 1293/2184/1174
f 1295/2187/1176 1307/2206/1188 1306/2204/1187 1294/2186/1175
f 1296/2189/1177 1308/2207/1189 1307/2206/1188 1295/2187/1176
f 1297/2190/1178 1309/2208/1190 1320/2209/1201 1308/2191/1189
f 1298/2192/1179 1310/2210/1191 1309/2208/1190 1297/2190/1178
f 1299/2194/1180 1311/2211/1192 1310/2210/1191 1298/2192/1179
f 1300/2195/1181 1312/2212/1193 1311/2213/1192 1299/2196/1180
f 1301/2197/1182 1313/2214/1194 1312/2212/1193 1300/2195/1181
f 1302/2198/1183 1314/2215/1195 1313/2214/1194 1301/2197/1182
f 1303/2199/1184 1315/2216/1196 1314/2217/1195 1302/2200/1183
f 1304/2201/1185 1316/2218/1197 1315/2216/1196 1303/2199/1184
f 1305/2203/1186 1317/2219/1198 1316/2218/1197 1304/2201/1185
f 1306/2204/1187 1318/2220/1199 1317/2221/1198 1305/2205/1186
f 1307/2206/1188 1319/2222/1200 1318/2220/1199 1306/2204/1187
f 1308/2207/1189 1320/2223/1201 1319/2222/1200 1307/2206/1188
f 1309/2208/1190 1321/2224/1202 1332/2225/1213 1320/2209/1201
f 1310/2210/1191 1322/2226/1203 1321/2224/1202 1309/2208/1190
f 1311/2211/1192 1323/2227/1204 1322/2226/1203 1310/2210/1191
f 1312/2212/1193 1324/2228/1205 1323/2229/1204 1311/2213/1192
f 1313/2214/1194 1325/2230/1206 1324/2228/1205 1312/2212/1193
f 1314/2215/1195 1326/2231/1207 1325/2230/1206 1313/2214/1194
f 1315/2216/1196 1327/2232/1208 1326/2233/1207 1314/2217/1195
f 1316/2218/1197 1328/2234/1209 1327/2232/1208 1315/2216/1196
f 1317/2219/1198 1329/2235/1210 1328/2234/1209 1316/2218/1197
f 1318/2220/1199 1330/2236/1211 1329/2237/1210 1317/2221/1198
f 1319/2222/1200 1331/2238/1212 1330/2236/1211 1318/2220/1199
f 1320/2223/1201 1332/2239/1213 1331/2238/1212 1319/2222/1200
f 1321/2224/1202 1333/2240/1214 1344/2241/1225 1332/2225/1213
f 1322/2226/1203 1334/2242/1215 1333/2240/1214 1321/2224/1202
f 1323/2227/1204 1335/2243/1216 1334/2242/1215 1322/2226/1203
f 1324/2244/1205 1336/2245/1217 1335/2246/1216 1323/2247/1204
f 1325/2230/1206 1337/2248/1218 1336/2249/1217 1324/2228/1205
f 1326/2233/1207 1338/2250/1219 1337/2251/1218 1325/2252/1206
f 1327/2232/1208 1339/2253/1220 1338/2250/1219 1326/2233/1207
f 1328/2234/1209 1340/2254/1221 1339/2253/1220 1327/2232/1208
f 1329/2235/1210 1341/2255/1222 1340/2254/1221 1328/2234/1209
f 1330/2236/1211 1342/2256/1223 1341/2257/1222 1329/2237/1210
f 1331/2238/1212 1343/2258/1224 1342/2256/1223 1330/2236/1211
f 1332/2225/1213 1344/2241/1225 1343/2259/1224 1331/2260/1212
f 1333/2240/1214 1345/2261/1226 1356/2262/1237 1344/2241/1225
f 1334/2242/1215 1346/2263/1227 1345/2261/1226 1333/2240/1214
f 1335/2246/1216 1347/2264/1228 1346/2265/1227 1334/2266/1215
f 1336/2245/1217 1348/2267/1229 1347/2264/1228 1335/2246/1216
f 1337/2268/1218 1349/2269/1230 1348/2267/1229 1336/2245/1217
f 1338/2250/1219 1350/2270/1231 1349/2271/1230 1337/2251/1218
f 1339/2253/1220 1351/2272/1232 1350/2270/1231 1338/2250/1219
f 1340/2254/1221 1352/2273/1233 1351/2272/1232 1339/2253/1220
f 1341/2274/1222 1353/2275/1234 1352/2276/1233 1340/2277/1221
f 1342/2278/1223 1354/2279/1235 1353/2275/1234 1341/2274/1222
f 1343/2280/1224 1355/2281/1236 1354/2279/1235 1342/2278/1223
f 1344/2241/1225 1356/2262/1237 1355/2282/1236 1343/2259/1224
f 1345/2261/1226 1357/2283/1238 1368/2284/1249 1356/2262/1237
f 1346/2285/1227 1358/2286/1239 1357/2287/1238 1345/2288/1226
f 1347/2264/1228 1359/2289/1240 1358/2290/1239 1346/2265/1227
f 1348/2267/1229 1360/2291/1241 1359/2289/1240 1347/2264/1228
f 1349/2269/1230 1361/2292/1242 1360/2291/1241 1348/2267/1229
f 1350/2270/1231 1362/2293/1243 1361/2294/1242 1349/2271/1230
f 1351/2272/1232 1363/2295/1244 1362/2293/1243 1350/2270/1231
f 1352/2296/1233 1364/2297/1245 1363/2298/1244 1351/2299/1232
f 1353/2275/1234 1365/2300/1246 1364/2301/1245 1352/2276/1233
f 1354/2279/1235 1366/2302/1247 1365/2300/1246 1353/2275/1234
f 1355/2281/1236 1367/2303/1248 1366/2302/1247 1354/2279/1235
f 1356/2262/1237 1368/2284/1249 1367/2304/1248 1355/2282/1236
f 1369/2305/1250 1381/2306/1262 1392/2307/1273 1380/2308/1261
f 1370/2309/1251 1382/2310/1263 1381/2306/1262 1369/2305/1250
f 1371/2311/1252 1383/2312/1264 1382/2313/1263 1370/2314/1251
f 1372/2315/1253 1384/2316/1265 1383/2312/1264 1371/2311/1252
f 1373/2317/1254 1385/2318/1266 1384/2316/1265 1372/2315/1253
f 1374/2319/1255 1386/2320/1267 1385/2321/1266 1373/2322/1254
f 1375/2323/1256 1387/2324/1268 1386/2320/1267 1374/2319/1255
f 1376/2325/1257 1388/2326/1269 1387/2324/1268 1375/2323/1256
f 1377/2327/1258 1389/2328/1270 1388/2329/1269 1376/2330/1257
f 1378/2331/1259 1390/2332/1271 1389/2328/1270 1377/2327/1258
f 1379/2333/1260 1391/2334/1272 1390/2332/1271 1378/2331/1259
f 1380/2308/1261 1392/2307/1273 1391/2335/1272 1379/2336/1260
f 1381/2306/1262 1393/2337/1274 1404/2338/1285 1392/2307/1273
f 1382/2310/1263 1394/2339/1275 1393/2337/1274 1381/2306/1262
f 1383/2312/1264 1395/2340/1276 1394/2341/1275 1382/2313/1263
f 1384/2316/1265 1396/2342/1277 1395/2340/1276 1383/2312/1264
f 1385/2318/1266 1397/2343/1278 1396/2342/1277 1384/2316/1265
f 1386/2344/1267 1398/2345/1279 1397/2346/1278 1385/2347/1266
f 1387/2324/1268 1399/2348/1280 1398/2349/1279 1386/2320/1267
f 1388/2326/1269 1400/2350/1281 1399/2348/1280 1387/2324/1268
f 1389/2328/1270 1401/2351/1282 1400/2352/1281 1388/2329/1269
f 1390/2332/1271 1402/2353/1283 1401/2351/1282 1389/2328/1270
f 1391/2334/1272 1403/2354/1284 1402/2353/1283 1390/2332/1271
f 1392/2355/1273 1404/2356/1285 1403/2357/1284 1391/2358/1272
f 1393/2359/1274 1405/2360/1286 1416/2361/1297 1404/2356/1285
f 1394/2362/1275 1406/2363/1287 1405/2360/1286 1393/2359/1274
f 1395/2340/1276 1407/2364/1288 1406/2365/1287 1394/2341/1275
f 1396/2342/1277 1408/2366/1289 1407/2364/1288 1395/2340/1276
f 1397/2343/1278 1409/2367/1290 1408/2366/1289 1396/2342/1277
f 1398/2345/1279 1410/2368/1291 1409/2369/1290 1397/2346/1278
f 1399/2370/1280 1411/2371/1292 1410/2368/1291 1398/2345/1279
f 1400/2372/1281 1412/2373/1293 1411/2371/1292 1399/2370/1280
f 1401/2351/1282 1413/2374/1294 1412/2375/1293 1400/2352/1281
f 1402/2353/1283 1414/2376/1295 1413/2374/1294 1401/2351/1282
f 1403/2354/1284 1415/2377/1296 1414/2376/1295 1402/2353/1283
f 1404/2356/1285 1416/2361/1297 1415/2378/1296 1403/2357/1284
f 1405/2360/1286 1417/2379/1298 1428/2380/1309 1416/2361/1297
f 1406/2363/1287 1418/2381/1299 1417/2379/1298 1405/2360/1286
f 1407/2364/1288 1419/2382/1300 1418/2383/1299 1406/2365/1287
f 1408/2366/1289 1420/2384/1301 1419/2382/1300 1407/2364/1288
f 1409/2367/1290 1421/2385/1302 1420/2384/1301 1408/2366/1289
f 1410/2368/1291 1422/2386/1303 1421/2387/1302 1409/2369/1290
f 1411/2371/1292 1423/2388/1304 1422/2386/1303 1410/2368/1291
f 1412/2373/1293 1424/2389/1305 1423/2388/1304 1411/2371/1292
f 1413/2374/1294 1425/2390/1306 1424/2391/1305 1412/2375/1293
f 1414/2376/1295 1426/2392/1307 1425/2390/1306 1413/2374/1294
f 1415/2377/1296 1427/2393/1308 1426/2392/1307 1414/2376/1295
f 1416/2361/1297 1428/2380/1309 1427/2394/1308 1415/2378/1296
f 1417/2379/1298 1429/2395/1310 1440/2396/1321 1428/2380/1309
f 1418/2381/1299 1430/2397/1311 1429/2395/1310 1417/2379/1298
f 1419/2382/1300 1431/2398/1312 1430/2399/1311 1418/2383/1299
f 1420/2384/1301 1432/2400/1313 1431/2398/1312 1419/2382/1300
f 1421/2385/1302 1433/2401/1314 1432/2400/1313 1420/2384/1301
f 1422/2386/1303 1434/2402/1315 1433/2403/1314 1421/2387/1302
f 1423/2388/1304 1435/2404/1316 1434/2402/1315 1422/2386/1303
f 1424/2389/1305 1436/2405/1317 1435/2404/1316 1423/2388/1304
f 1425/2390/1306 1437/2406/1318 1436/2407/1317 1424/2391/1305
f 1426/2392/1307 1438/2408/1319 1437/2406/1318 1425/2390/1306
f 1427/2393/1308 1439/2409/1320 1438/2408/1319 1426/2392/1307
f 1428/2380/1309 1440/2396/1321 1439/2410/1320 1427/2394/1308
f 1429/2395/1310 1441/2411/1322 1452/2412/1333 1440/2396/1321
f 1430/2397/1311 1442/2413/1323 1441/2411/1322 1429/2395/1310
f 1431/2398/1312 1443/2414/1324 1442/2415/1323 1430/2399/1311
f 1432/2400/1313 1444/2416/1325 1443/2414/1324 1431/2398/1312
f 1433/2401/1314 1445/2417/1326 1444/2416/1325 1432/2400/1313
f 1434/2402/1315 1446/2418/1327 1445/2419/1326 1433/2403/1314
f 1435/2404/1316 1447/2420/1328 1446/2418/1327 1434/2402/1315
f 1436/2405/1317 1448/2421/1329 1447/2420/1328 1435/2404/1316
f 1437/2406/1318 1449/2422/1330 1448/2423/1329 1436/2407/1317
f 1438/2408/1319 1450/2424/1331 1449/2422/1330 1437/2406/1318
f 1439/2409/1320 1451/2425/1332 1450/2424/1331 1438/2408/1319
f 1440/2396/1321 1452/2412/1333 1451/2426/1332 1439/2410/1320
f 1441/2411/1322 1453/2427/1334 1464/2428/1345 1452/2412/1333
f 1442/2413/1323 1454/2429/1335 1453/2427/1334 1441/2411/1322
f 1443/2414/1324 1455/2430/1336 1454/2431/1335 1442/2415/1323
f 1444/2416/1325 1456/2432/1337 1455/2430/1336 1443/2414/1324
f 1445/2417/1326 1457/2433/1338 1456/2432/1337 1444/2416/1325
f 1446/2418/1327 1458/2434/1339 1457/2435/1338 1445/2419/1326
f 1447/2420/1328 1459/2436/1340 1458/2434/1339 1446/2418/1327
f 1448/2421/1329 1460/2437/1341 1459/2436/1340 1447/2420/1328
f 1449/2422/1330 1461/2438/1342 1460/2439/1341 1448/2423/1329
f 1450/2424/1331 1462/2440/1343 1461/2438/1342 1449/2422/1330
f 1451/2425/1332 1463/2441/1344 1462/2440/1343 1450/2424/1331
f 1452/2412/1333 1464/2428/1345 1463/2442/1344 1451/2426/1332
f 1453/2427/1334 1465/2443/1346 1476/2444/1357 1464/2428/1345
f 1454/2445/1335 1466/2446/1347 1465/2447/1346 1453/2448/1334
f 1455/2449/1336 1467/2450/1348 1466/2446/1347 1454/2445/1335
f 1456/2432/1337 1468/2451/1349 1467/2452/1348 1455/2430/1336
f 1457/2433/1338 1469/2453/1350 1468/2451/1349 1456/2432/1337
f 1458/2434/1339 1470/2454/1351 1469/2455/1350 1457/2435/1338
f 1459/2436/1340 1471/2456/1352 1470/2454/1351 1458/2434/1339
f 1460/2457/1341 1472/2458/1353 1471/2459/1352 1459/2460/1340
f 1461/2461/1342 1473/2462/1354 1472/2458/1353 1460/2457/1341
f 1462/2440/1343 1474/2463/1355 1473/2464/1354 1461/2438/1342
f 1463/2441/1344 1475/2465/1356 1474/2463/1355 1462/2440/1343
f 1464/2428/1345 1476/2444/1357 1475/2466/1356 1463/2442/1344
f 1465/2443/1346 1477/2467/1358 1488/2468/1369 1476/2444/1357
f 1466/2446/1347 1478/2469/1359 1477/2470/1358 1465/2447/1346
f 1467/2450/1348 1479/2471/1360 1478/2469/1359 1466/2446/1347
f 1468/2472/1349 1480/2473/1361 1479/2471/1360 1467/2450/1348
f 1469/2453/1350 1481/2474/1362 1480/2475/1361 1468/2451/1349
f 1470/2476/1351 1482/2477/1363 1481/2474/1362 1469/2453/1350
f 1471/2456/1352 1483/2478/1364 1482/2479/1363 1470/2454/1351
f 1472/2458/1353 1484/2480/1365 1483/2481/1364 1471/2459/1352
f 1473/2462/1354 1485/2482/1366 1484/2480/1365 1472/2458/1353
f 1474/2483/1355 1486/2484/1367 1485/2482/1366 1473/2462/1354
f 1475/2465/1356 1487/2485/1368 1486/2486/1367 1474/2463/1355
f 1476/2487/1357 1488/2488/1369 1487/2485/1368 1475/2465/1356
f 1477/2470/1358 1489/2489/1370 1500/2490/1381 1488/2491/1369
f 1478/2469/1359 1490/2492/1371 1489/2489/1370 1477/2470/1358
f 1479/2471/1360 1491/2493/1372 1490/2492/1371 1478/2469/1359
f 1480/2473/1361 1492/2494/1373 1491/2493/1372 1479/2471/1360
f 1481/2474/1362 1493/2495/1374 1492/2496/1373 1480/2475/1361
f 1482/2477/1363 1494/2497/1375 1493/2495/1374 1481/2474/1362
f 1483/2481/1364 1495/2498/1376 1494/2499/1375 1482/2500/1363
f 1484/2480/1365 1496/2501/1377 1495/2498/1376 1483/2481/1364
f 1485/2482/1366 1497/2502/1378 1496/2501/1377 1484/2480/1365
f 1486/2484/1367 1498/2503/1379 1497/2502/1378 1485/2482/1366
f 1487/2485/1368 1499/2504/1380 1498/2505/1379 1486/2486/1367
f 1488/2488/1369 1500/2506/1381 1499/2504/1380 1487/2485/1368
f 1489/2507/1370 1501/2508/1382 1512/2509/1393 1500/2506/1381
f 1490/2492/1371 1502/2510/1383 1501/2511/1382 1489/2489/1370
f 1491/2493/1372 1503/2512/1384 1502/2510/1383 1490/2492/1371
f 1492/2494/1373 1504/2513/1385 1503/2512/1384 1491/2493/1372
f 1493/2495/1374 1505/2514/1386 1504/2515/1385 1492/2496/1373
f 1494/2497/1375 1506/2516/1387 1505/2514/1386 1493/2495/1374
f 1495/2517/1376 1507/2518/1388 1506/2516/1387 1494/2497/1375
f 1496/2501/1377 1508/2519/1389 1507/2520/1388 1495/2498/1376
f 1497/2502/1378 1509/2521/1390 1508/2519/1389 1496/2501/1377
f 1498/2503/1379 1510/2522/1391 1509/2521/1390 1497/2502/1378
f 1499/2504/1380 1511/2523/1392 1510/2524/1391 1498/2505/1379
f 1500/2506/1381 1512/2509/1393 1511/2523/1392 1499/2504/1380
f 1501/2508/1382 1513/2525/1394 1524/2526/1405 1512/2509/1393
f 1502/2510/1383 1514/2527/1395 1513/2528/1394 1501/2511/1382
f 1503/2512/1384 1515/2529/1396 1514/2527/1395 1502/2510/1383
f 1504/2513/1385 1516/2530/1397 1515/2529/1396 1503/2512/1384
f 1505/2514/1386 1517/2531/1398 1516/2532/1397 1504/2515/1385
f 1506/2516/1387 1518/2533/1399 1517/2531/1398 1505/2514/1386
f 1507/2518/1388 1519/2534/1400 1518/2533/1399 1506/2516/1387
f 1508/2519/1389 1520/2535/1401 1519/2536/1400 1507/2520/1388
f 1509/2521/1390 1521/2537/1402 1520/2535/1401 1508/2519/1389
f 1510/2522/1391 1522/2538/1403 1521/2537/1402 1509/2521/1390
f 1511/2523/1392 1523/2539/1404 1522/2540/1403 1510/2524/1391
f 1512/2509/1393 1524/2526/1405 1523/2539/1404 1511/2523/1392
o D4_LOW
v 0.038500 0.830473 0.047418
v 0.038500 1.015901 0.047418
v 0.038500 0.830473 -0.113516
v 0.038500 1.015901 -0.113516
v 0.083208 0.830473 0.047418
v 0.083208 1.015901 0.047418
v 0.083208 0.830473 -0.113516
v 0.083208 1.015901 -0.113516
v -0.022805 -0.764389 0.686025
v -0.022805 0.993112 0.686025
v -0.022805 -0.764389 0.406688
v -0.022805 0.993112 0.406688
v 0.022805 -0.764389 0.686025
v 0.022805 0.993112 0.686025
v 0.022805 -0.764389 0.406688
v 0.022805 0.993112 0.406688
v 0.038500 0.830473 0.283034
v 0.038500 1.015901 0.283034
v 0.038500 0.830473 0.122099
v 0.038500 1.015901 0.122099
v 0.083208 0.830473 0.283034
v 0.083208 1.015901 0.283034
v 0.083208 0.830473 0.122099
v 0.083208 1.015901 0.122099
v 0.038500 0.830473 0.493937
v 0.038500 1.015901 0.493937
v 0.038500 0.830473 0.333002
v 0.038500 1.015901 0.333002
v 0.083208 0.830473 0.493937
v 0.083208 1.015901 0.493937
v 0.083208 0.830473 0.333002
v 0.083208 1.015901 0.333002
v 0.001924 -0.599788 0.661158
v 0.001924 0.834423 0.661158
v 0.001924 -0.514714 0.501572
v 0.001924 0.749349 0.501572
v 0.031677 -0.599788 0.661158
v 0.031677 0.834423 0.661158
v 0.031677 -0.514714 0.501572
v 0.031677 0.749349 0.501572
v -0.009031 -0.734515 0.731964
v -0.009031 0.962040 0.731964
v -0.009031 -0.734515 0.657784
v -0.009031 0.962040 0.657784
v 0.009031 -0.734515 0.731964
v 0.009031 0.962040 0.731964
v 0.009031 -0.734515 0.657784
v 0.009031 0.962040 0.657784
v 0.043673 1.008187 -0.259544
v 0.043673 0.903279 -0.259544
v 0.043673 1.008187 -0.248291
v 0.043673 0.903279 -0.248291
v -0.023117 1.008187 -0.259544
v -0.023117 0.903279 -0.259544
v -0.023117 1.008187 -0.248291
v -0.023117 0.903279 -0.248291
v 0.043673 1.008187 -0.277774
v 0.043673 0.903279 -0.277774
v 0.043673 1.008187 -0.266521
v 0.043673 0.903279 -0.266521
v -0.023117 1.008187 -0.277774
v -0.023117 0.903279 -0.277774
v -0.023117 1.008187 -0.266521
v -0.023117 0.903279 -0.266521
v 0.043673 1.008187 -0.296004
v 0.043673 0.903279 -0.296004
v 0.043673 1.008187 -0.284751
v 0.043673 0.903279 -0.284751
v -0.023117 1.008187 -0.296004
v -0.023117 0.903279 -0.296004
v -0.023117 1.008187 -0.284751
v -0.023117 0.903279 -0.284751
v 0.043673 1.008187 -0.314234
v 0.043673 0.903279 -0.314234
v 0.043673 1.008187 -0.302981
v 0.043673 0.903279 -0.302981
v -0.023117 1.008187 -0.314234
v -0.023117 0.903279 -0.314234
v -0.023117 1.008187 -0.302981
v -0.023117 0.903279 -0.302981
v 0.043673 1.008187 -0.332464
v 0.043673 0.903279 -0.332464
v 0.043673 1.008187 -0.321211
v 0.043673 0.903279 -0.321211
v -0.023117 1.008187 -0.332464
v -0.023117 0.903279 -0.332464
v -0.023117 1.008187 -0.321211
v -0.023117 0.903279 -0.321211
v 0.043673 1.008187 -0.350694
v 0.043673 0.903279 -0.350694
v 0.043673 1.008187 -0.339441
v 0.043673 0.903279 -0.339441
v -0.023117 1.008187 -0.350694
v -0.023117 0.903279 -0.350694
v -0.023117 1.008187 -0.339441
v -0.023117 0.903279 -0.339441
v 0.043673 1.008187 -0.368924
v 0.043673 0.903279 -0.368924
v 0.043673 1.008187 -0.357670
v 0.043673 0.903279 -0.357670
v -0.023117 1.008187 -0.368924
v -0.023117 0.903279 -0.368924
v -0.023117 1.008187 -0.357670
v -0.023117 0.903279 -0.357670
v 0.043673 1.008187 -0.387154
v 0.043673 0.903279 -0.387154
v 0.043673 1.008187 -0.375900
v 0.043673 0.903279 -0.375900
v -0.023117 1.008187 -0.387154
v -0.023117 0.903279 -0.387154
v -0.023117 1.008187 -0.375900
v -0.023117 0.903279 -0.375900
v 0.043673 1.008187 -0.405384
v 0.043673 0.903279 -0.405384
v 0.043673 1.008187 -0.394130
v 0.043673 0.903279 -0.394130
v -0.023117 1.008187 -0.405384
v -0.023117 0.903279 -0.405384
v -0.023117 1.008187 -0.394130
v -0.023117 0.903279 -0.394130
v 0.043673 1.008187 -0.423613
v 0.043673 0.903279 -0.423613
v 0.043673 1.008187 -0.412360
v 0.043673 0.903279 -0.412360
v -0.023117 1.008187 -0.423613
v -0.023117 0.903279 -0.423613
v -0.023117 1.008187 -0.412360
v -0.023117 0.903279 -0.412360
v 0.043673 1.008187 -0.441843
v 0.043673 0.903279 -0.441843
v 0.043673 1.008187 -0.430590
v 0.043673 0.903279 -0.430590
v -0.023117 1.008187 -0.441843
v -0.023117 0.903279 -0.441843
v -0.023117 1.008187 -0.430590
v -0.023117 0.903279 -0.430590
v 0.043673 1.008187 -0.460073
v 0.043673 0.903279 -0.460073
v 0.043673 1.008187 -0.448820
v 0.043673 0.903279 -0.448820
v -0.023117 1.008187 -0.460073
v -0.023117 0.903279 -0.460073
v -0.023117 1.008187 -0.448820
v -0.023117 0.903279 -0.448820
v 0.043673 1.008187 -0.478303
v 0.043673 0.903279 -0.478303
v 0.043673 1.008187 -0.467050
v 0.043673 0.903279 -0.467050
v -0.023117 1.008187 -0.478303
v -0.023117 0.903279 -0.478303
v -0.023117 1.008187 -0.467050
v -0.023117 0.903279 -0.467050
v 0.014549 -0.425790 -0.575882
v 0.014549 -0.394803 -0.575882
v 0.014549 -0.425790 -0.647886
v 0.014549 -0.394803 -0.647886
v 0.045806 -0.425790 -0.575882
v 0.045806 -0.394803 -0.575882
v 0.045806 -0.425790 -0.647886
v 0.045806 -0.394803 -0.647886
v 0.014549 -0.490863 -0.575882
v 0.014549 -0.459876 -0.575882
v 0.014549 -0.490863 -0.647886
v 0.014549 -0.459876 -0.647886
v 0.045806 -0.490863 -0.575882
v 0.045806 -0.459876 -0.575882
v 0.045806 -0.490863 -0.647886
v 0.045806 -0.459876 -0.647886
v 0.014549 -0.555936 -0.575882
v 0.014549 -0.524949 -0.575882
v 0.014549 -0.555936 -0.647886
v 0.014549 -0.524949 -0.647886
v 0.045806 -0.555936 -0.575882
v 0.045806 -0.524949 -0.575882
v 0.045806 -0.555936 -0.647886
v 0.045806 -0.524949 -0.647886
v 0.014549 -0.621009 -0.575882
v 0.014549 -0.590022 -0.575882
v 0.014549 -0.621009 -0.647886
v 0.014549 -0.590022 -0.647886
v 0.045806 -0.621009 -0.575882
v 0.045806 -0.590022 -0.575882
v 0.045806 -0.621009 -0.647886
v 0.045806 -0.590022 -0.647886
v 0.043673 -0.933501 -0.572928
v 0.043673 -0.821616 -0.572928
v 0.043673 -0.933501 -0.584181
v 0.043673 -0.821616 -0.584181
v -0.044948 -0.933501 -0.572928
v -0.044948 -0.821616 -0.572928
v -0.044948 -0.933501 -0.584181
v -0.044948 -0.821616 -0.584181
v 0.043673 -0.933501 -0.541307
v 0.043673 -0.821616 -0.541307
v 0.043673 -0.933501 -0.552560
v 0.043673 -0.821616 -0.552560
v -0.044948 -0.933501 -0.541307
v -0.044948 -0.821616 -0.541307
v -0.044948 -0.933501 -0.552560
v -0.044948 -0.821616 -0.552560
v 0.043673 -0.933501 -0.509686
v 0.043673 -0.821616 -0.509686
v 0.043673 -0.933501 -0.520939
v 0.043673 -0.821616 -0.520939
v -0.044948 -0.933501 -0.509686
v -0.044948 -0.821616 -0.509686
v -0.044948 -0.933501 -0.520939
v -0.044948 -0.821616 -0.520939
v 0.043673 -0.933501 -0.478065
v 0.043673 -0.821616 -0.478065
v 0.043673 -0.933501 -0.489318
v 0.043673 -0.821616 -0.489318
v -0.044948 -0.933501 -0.478065
v -0.044948 -0.821616 -0.478065
v -0.044948 -0.933501 -0.489318
v -0.044948 -0.821616 -0.489318
v 0.043673 -0.933501 -0.446444
v 0.043673 -0.821616 -0.446444
v 0.043673 -0.933501 -0.457697
v 0.043673 -0.821616 -0.457697
v -0.044948 -0.933501 -0.446444
v -0.044948 -0.821616 -0.446444
v -0.044948 -0.933501 -0.457697
v -0.044948 -0.821616 -0.457697
v 0.043673 -0.933501 -0.414823
v 0.043673 -0.821616 -0.414823
v 0.043673 -0.933501 -0.426076
v 0.043673 -0.821616 -0.426076
v -0.044948 -0.933501 -0.414823
v -0.044948 -0.821616 -0.414823
v -0.044948 -0.933501 -0.426076
v -0.044948 -0.821616 -0.426076
v 0.043673 -0.933501 -0.383202
v 0.043673 -0.821616 -0.383202
v 0.043673 -0.933501 -0.394455
v 0.043673 -0.821616 -0.394455
v -0.044948 -0.933501 -0.383202
v -0.044948 -0.821616 -0.383202
v -0.044948 -0.933501 -0.394455
v -0.044948 -0.821616 -0.394455
v 0.043673 -0.933501 -0.351580
v 0.043673 -0.821616 -0.351580
v 0.043673 -0.933501 -0.362833
v 0.043673 -0.821616 -0.362834
v -0.044948 -0.933501 -0.351580
v -0.044948 -0.821616 -0.351580
v -0.044948 -0.933501 -0.362833
v -0.044948 -0.821616 -0.362834
v 0.043673 -0.933501 -0.319959
v 0.043673 -0.821616 -0.319959
v 0.043673 -0.933501 -0.331212
v 0.043673 -0.821616 -0.331212
v -0.044948 -0.933501 -0.319959
v -0.044948 -0.821616 -0.319959
v -0.044948 -0.933501 -0.331212
v -0.044948 -0.821616 -0.331212
v 0.043673 -0.933501 -0.288338
v 0.043673 -0.821616 -0.288338
v 0.043673 -0.933501 -0.299591
v 0.043673 -0.821616 -0.299591
v -0.044948 -0.933501 -0.288338
v -0.044948 -0.821616 -0.288338
v -0.044948 -0.933501 -0.299591
v -0.044948 -0.821616 -0.299591
v 0.043673 -0.933501 -0.256717
v 0.043673 -0.821616 -0.256717
v 0.043673 -0.933501 -0.267970
v 0.043673 -0.821616 -0.267970
v -0.044948 -0.933501 -0.256717
v -0.044948 -0.821616 -0.256717
v -0.044948 -0.933501 -0.267970
v -0.044948 -0.821616 -0.267970
v 0.043673 -0.933501 -0.225096
v 0.043673 -0.821616 -0.225096
v 0.043673 -0.933501 -0.236349
v 0.043673 -0.821616 -0.236349
v -0.044948 -0.933501 -0.225096
v -0.044948 -0.821616 -0.225096
v -0.044948 -0.933501 -0.236349
v -0.044948 -0.821616 -0.236349
v 0.043673 -0.933501 -0.193475
v 0.043673 -0.821616 -0.193475
v 0.043673 -0.933501 -0.204728
v 0.043673 -0.821616 -0.204728
v -0.044948 -0.933501 -0.193475
v -0.044948 -0.821616 -0.193475
v -0.044948 -0.933501 -0.204728
v -0.044948 -0.821616 -0.204728
v 0.043673 -0.933501 -0.161853
v 0.043673 -0.821616 -0.161854
v 0.043673 -0.933501 -0.173107
v 0.043673 -0.821616 -0.173107
v -0.044948 -0.933501 -0.161853
v -0.044948 -0.821616 -0.161854
v -0.044948 -0.933501 -0.173107
v -0.044948 -0.821616 -0.173107
v 0.043673 -0.933501 -0.130232
v 0.043673 -0.821616 -0.130232
v 0.043673 -0.933501 -0.141485
v 0.043673 -0.821616 -0.141486
v -0.044948 -0.933501 -0.130232
v -0.044948 -0.821616 -0.130232
v -0.044948 -0.933501 -0.141485
v -0.044948 -0.821616 -0.141486
v 0.043673 -0.933501 -0.098611
v 0.043673 -0.821616 -0.098611
v 0.043673 -0.933501 -0.109864
v 0.043673 -0.821616 -0.109864
v -0.044948 -0.933501 -0.098611
v -0.044948 -0.821616 -0.098611
v -0.044948 -0.933501 -0.109864
v -0.044948 -0.821616 -0.109864
v 0.043673 -0.933501 -0.066990
v 0.043673 -0.821616 -0.066990
v 0.043673 -0.933501 -0.078243
v 0.043673 -0.821616 -0.078243
v -0.044948 -0.933501 -0.066990
v -0.044948 -0.821616 -0.066990
v -0.044948 -0.933501 -0.078243
v -0.044948 -0.821616 -0.078243
v 0.043673 -0.933501 -0.035369
v 0.043673 -0.821616 -0.035369
v 0.043673 -0.933501 -0.046622
v 0.043673 -0.821616 -0.046622
v -0.044948 -0.933501 -0.035369
v -0.044948 -0.821616 -0.035369
v -0.044948 -0.933501 -0.046622
v -0.044948 -0.821616 -0.046622
v 0.043673 -0.933501 -0.003748
v 0.043673 -0.821616 -0.003748
v 0.043673 -0.933501 -0.015001
v 0.043673 -0.821616 -0.015001
v -0.044948 -0.933501 -0.003748
v -0.044948 -0.821616 -0.003748
v -0.044948 -0.933501 -0.015001
v -0.044948 -0.821616 -0.015001
v 0.043673 -0.933501 0.027873
v 0.043673 -0.821616 0.027873
v 0.043673 -0.933501 0.016620
v 0.043673 -0.821616 0.016620
v -0.044948 -0.933501 0.027873
v -0.044948 -0.821616 0.027873
v -0.044948 -0.933501 0.016620
v -0.044948 -0.821616 0.016620
vn -1.0000 -0.0000 -0.0000
vn -0.0000 -0.0000 -1.0000
vn 1.0000 -0.0000 -0.0000
vn -0.0000 -0.0000 1.0000
vn -0.0000 -1.0000 -0.0000
vn -0.0000 1.0000 -0.0000
vn -0.0000 -0.8824 -0.4704
vn -0.0000 0.8824 -0.4704
vt 0.046638 0.824074
vt 0.046638 0.787128
vt 0.078704 0.787128
vt 0.078704 0.824074
vt 0.613777 0.750000
vt 0.613777 0.713054
vt 0.622685 0.713054
vt 0.622685 0.750000
vt 0.812842 0.861111
vt 0.812842 0.824165
vt 0.844907 0.824165
vt 0.844907 0.861111
vt 0.141555 0.351852
vt 0.141555 0.314906
vt 0.150463 0.314906
vt 0.150463 0.351852
vt 0.713314 0.722565
vt 0.722222 0.722565
vt 0.722222 0.754630
vt 0.713314 0.754630
vt 0.358796 0.458333
vt 0.349888 0.458333
vt 0.349888 0.426268
vt 0.358796 0.426268
vt 0.722121 0.351852
vt 0.722121 0.001673
vt 0.777778 0.001673
vt 0.777778 0.351852
vt 0.351852 0.740741
vt 0.001673 0.740741
vt 0.001673 0.731653
vt 0.351852 0.731653
vt 0.726750 0.777778
vt 0.726750 0.427599
vt 0.782407 0.427599
vt 0.782407 0.777778
vt 0.351852 0.754630
vt 0.001674 0.754630
vt 0.001674 0.745542
vt 0.351852 0.745542
vt 0.416838 0.148048
vt 0.425926 0.148048
vt 0.425926 0.203704
vt 0.416838 0.203704
vt 0.534722 0.601852
vt 0.525634 0.601852
vt 0.525634 0.546196
vt 0.534722 0.546196
vt 0.116082 0.824074
vt 0.116082 0.787128
vt 0.148148 0.787128
vt 0.148148 0.824074
vt 0.414703 0.675926
vt 0.414703 0.638980
vt 0.423611 0.638980
vt 0.423611 0.675926
vt 0.081360 0.824074
vt 0.081360 0.787128
vt 0.113426 0.787128
vt 0.113426 0.824074
vt 0.687851 0.796296
vt 0.687851 0.759350
vt 0.696759 0.759350
vt 0.696759 0.796296
vt 0.338314 0.426268
vt 0.347222 0.426268
vt 0.347222 0.458333
vt 0.338314 0.458333
vt 0.717593 0.574074
vt 0.708684 0.574074
vt 0.708684 0.542009
vt 0.717593 0.542009
vt 0.000342 0.861111
vt 0.000342 0.824165
vt 0.032407 0.824165
vt 0.032407 0.861111
vt 0.708685 0.539352
vt 0.708685 0.502406
vt 0.717593 0.502406
vt 0.717593 0.539352
vt 0.229508 0.842593
vt 0.229508 0.805647
vt 0.261574 0.805647
vt 0.261574 0.842593
vt 0.787388 0.405093
vt 0.787388 0.368147
vt 0.796296 0.368147
vt 0.796296 0.405093
vt 0.787388 0.646176
vt 0.796296 0.646176
vt 0.796296 0.678241
vt 0.787388 0.678241
vt 0.370370 0.458333
vt 0.361462 0.458333
vt 0.361462 0.426268
vt 0.370370 0.426268
vt 0.109407 0.287037
vt 0.109407 0.001273
vt 0.141204 0.018224
vt 0.141204 0.270086
vt 0.197775 0.282407
vt 0.197775 0.030545
vt 0.203704 0.030545
vt 0.203704 0.282407
vt 0.175926 0.041372
vt 0.175926 0.293234
vt 0.144129 0.310185
vt 0.144129 0.024422
vt 0.179257 0.314815
vt 0.179257 0.029051
vt 0.185185 0.029051
vt 0.185185 0.314815
vt 0.306207 0.350312
vt 0.312500 0.350312
vt 0.312500 0.384259
vt 0.306207 0.384259
vt 0.532407 0.638889
vt 0.526115 0.638889
vt 0.526115 0.604942
vt 0.532407 0.604942
vt 0.036146 0.342593
vt 0.036146 0.004558
vt 0.050926 0.004558
vt 0.050926 0.342593
vt 0.054272 0.342593
vt 0.054272 0.004557
vt 0.057870 0.004557
vt 0.057870 0.342593
vt 0.017627 0.342593
vt 0.017627 0.004557
vt 0.032407 0.004557
vt 0.032407 0.342593
vt 0.061216 0.342593
vt 0.061216 0.004557
vt 0.064815 0.004557
vt 0.064815 0.342593
vt 0.378346 0.732905
vt 0.381944 0.732905
vt 0.381944 0.747685
vt 0.378346 0.747685
vt 0.819444 0.678241
vt 0.815846 0.678241
vt 0.815846 0.663461
vt 0.819444 0.663461
vt 0.787110 0.585579
vt 0.789352 0.585579
vt 0.789352 0.606481
vt 0.787110 0.606481
vt 0.870952 0.666597
vt 0.884259 0.666597
vt 0.884259 0.687500
vt 0.870952 0.687500
vt 0.699147 0.761505
vt 0.701389 0.761505
vt 0.701389 0.782407
vt 0.699147 0.782407
vt 0.868637 0.388819
vt 0.881945 0.388819
vt 0.881945 0.409722
vt 0.868637 0.409722
vt 0.828776 0.329285
vt 0.831019 0.329285
vt 0.831019 0.342593
vt 0.828776 0.342593
vt 0.763889 0.793981
vt 0.761647 0.793981
vt 0.761647 0.780673
vt 0.763889 0.780673
vt 0.743128 0.782338
vt 0.745370 0.782338
vt 0.745370 0.803241
vt 0.743128 0.803241
vt 0.868637 0.261505
vt 0.881944 0.261505
vt 0.881944 0.282407
vt 0.868637 0.282407
vt 0.798684 0.432801
vt 0.800926 0.432801
vt 0.800926 0.453704
vt 0.798684 0.453704
vt 0.866322 0.615671
vt 0.879630 0.615671
vt 0.879630 0.636574
vt 0.866322 0.636574
vt 0.789425 0.630210
vt 0.791667 0.630210
vt 0.791667 0.643519
vt 0.789425 0.643519
vt 0.807870 0.562500
vt 0.805628 0.562500
vt 0.805628 0.549192
vt 0.807870 0.549192
vt 0.798684 0.458264
vt 0.800926 0.458264
vt 0.800926 0.479167
vt 0.798684 0.479167
vt 0.870952 0.439745
vt 0.884259 0.439745
vt 0.884259 0.460648
vt 0.870952 0.460648
vt 0.722295 0.627245
vt 0.724537 0.627245
vt 0.724537 0.648148
vt 0.722295 0.648148
vt 0.764470 0.858727
vt 0.777778 0.858727
vt 0.777778 0.879630
vt 0.764470 0.879630
vt 0.257017 0.789933
vt 0.259259 0.789933
vt 0.259259 0.803241
vt 0.257017 0.803241
vt 0.831019 0.358796
vt 0.828776 0.358796
vt 0.828776 0.345488
vt 0.831019 0.345488
vt 0.747758 0.782338
vt 0.750000 0.782338
vt 0.750000 0.803241
vt 0.747758 0.803241
vt 0.866322 0.497616
vt 0.879630 0.497616
vt 0.879630 0.518519
vt 0.866322 0.518519
vt 0.738499 0.400393
vt 0.740741 0.400393
vt 0.740741 0.421296
vt 0.738499 0.421296
vt 0.743637 0.356412
vt 0.756944 0.356412
vt 0.756944 0.377315
vt 0.743637 0.377315
vt 0.020906 0.806136
vt 0.023148 0.806136
vt 0.023148 0.819444
vt 0.020906 0.819444
vt 0.796296 0.321759
vt 0.794054 0.321759
vt 0.794054 0.308451
vt 0.796296 0.308451
vt 0.000073 0.770764
vt 0.002315 0.770764
vt 0.002315 0.791667
vt 0.000073 0.791667
vt 0.799192 0.367986
vt 0.812500 0.367986
vt 0.812500 0.388889
vt 0.799192 0.388889
vt 0.791739 0.682801
vt 0.793981 0.682801
vt 0.793981 0.703704
vt 0.791739 0.703704
vt 0.868637 0.414282
vt 0.881944 0.414282
vt 0.881944 0.435185
vt 0.868637 0.435185
vt 0.819517 0.313081
vt 0.821759 0.313081
vt 0.821759 0.326389
vt 0.819517 0.326389
vt 0.263889 0.803241
vt 0.261647 0.803241
vt 0.261647 0.789933
vt 0.263889 0.789933
vt 0.784795 0.615671
vt 0.787037 0.615671
vt 0.787037 0.636574
vt 0.784795 0.636574
vt 0.250581 0.863357
vt 0.263889 0.863357
vt 0.263889 0.884259
vt 0.250581 0.884259
vt 0.722295 0.759190
vt 0.724537 0.759190
vt 0.724537 0.780093
vt 0.722295 0.780093
vt 0.868637 0.337894
vt 0.881945 0.337894
vt 0.881945 0.358796
vt 0.868637 0.358796
vt 0.826462 0.361692
vt 0.828704 0.361692
vt 0.828704 0.375000
vt 0.826462 0.375000
vt 0.835648 0.479167
vt 0.833406 0.479167
vt 0.833406 0.465859
vt 0.835648 0.465859
vt 0.780165 0.307801
vt 0.782407 0.307801
vt 0.782407 0.328704
vt 0.780165 0.328704
vt 0.868637 0.523079
vt 0.881945 0.523079
vt 0.881945 0.543981
vt 0.868637 0.543981
vt 0.782480 0.377245
vt 0.784722 0.377245
vt 0.784722 0.398148
vt 0.782480 0.398148
vt 0.868637 0.286968
vt 0.881945 0.286968
vt 0.881945 0.307870
vt 0.868637 0.307870
vt 0.831091 0.563081
vt 0.833333 0.563081
vt 0.833333 0.576389
vt 0.831091 0.576389
vt 0.016204 0.770833
vt 0.013962 0.770833
vt 0.013962 0.757525
vt 0.016204 0.757525
vt 0.787110 0.682801
vt 0.789352 0.682801
vt 0.789352 0.703704
vt 0.787110 0.703704
vt 0.866322 0.641134
vt 0.879630 0.641134
vt 0.879630 0.662037
vt 0.866322 0.662037
vt 0.722295 0.652708
vt 0.724537 0.652708
vt 0.724537 0.673611
vt 0.722295 0.673611
vt 0.792248 0.856412
vt 0.805556 0.856412
vt 0.805556 0.877315
vt 0.792248 0.877315
vt 0.798684 0.391785
vt 0.800926 0.391785
vt 0.800926 0.405093
vt 0.798684 0.405093
vt 0.812500 0.421296
vt 0.810258 0.421296
vt 0.810258 0.407988
vt 0.812500 0.407988
vt 0.703776 0.763819
vt 0.706019 0.763819
vt 0.706019 0.784722
vt 0.703776 0.784722
vt 0.868637 0.363357
vt 0.881945 0.363357
vt 0.881945 0.384259
vt 0.868637 0.384259
vt 0.729239 0.370301
vt 0.731482 0.370301
vt 0.731482 0.391204
vt 0.729239 0.391204
vt 0.035303 0.854097
vt 0.048611 0.854097
vt 0.048611 0.875000
vt 0.035303 0.875000
vt 0.789425 0.708914
vt 0.791667 0.708914
vt 0.791667 0.722222
vt 0.789425 0.722222
vt 0.189815 0.810185
vt 0.187573 0.810185
vt 0.187573 0.796877
vt 0.189815 0.796877
vt 0.784795 0.310116
vt 0.787037 0.310116
vt 0.787037 0.331019
vt 0.784795 0.331019
vt 0.148729 0.854097
vt 0.162037 0.854097
vt 0.162037 0.875000
vt 0.148729 0.875000
vt 0.784795 0.705949
vt 0.787037 0.705949
vt 0.787037 0.726852
vt 0.784795 0.726852
vt 0.866322 0.236042
vt 0.879630 0.236042
vt 0.879630 0.256945
vt 0.866322 0.256945
vt 0.004702 0.778359
vt 0.006944 0.778359
vt 0.006944 0.791667
vt 0.004702 0.791667
vt 0.569444 0.756944
vt 0.567202 0.756944
vt 0.567202 0.743636
vt 0.569444 0.743636
vt 0.708406 0.722153
vt 0.710648 0.722153
vt 0.710648 0.743056
vt 0.708406 0.743056
vt 0.185766 0.856412
vt 0.199074 0.856412
vt 0.199074 0.877315
vt 0.185766 0.877315
vt 0.743128 0.388819
vt 0.745370 0.388819
vt 0.745370 0.409722
vt 0.743128 0.409722
vt 0.854748 0.175856
vt 0.868056 0.175856
vt 0.868056 0.196759
vt 0.854748 0.196759
vt 0.798684 0.745951
vt 0.800926 0.745951
vt 0.800926 0.759259
vt 0.798684 0.759259
vt 0.162037 0.824074
vt 0.159795 0.824074
vt 0.159795 0.810766
vt 0.162037 0.810766
vt 0.629702 0.731412
vt 0.631944 0.731412
vt 0.631944 0.752315
vt 0.629702 0.752315
vt 0.866322 0.590208
vt 0.879630 0.590208
vt 0.879630 0.611111
vt 0.866322 0.611111
vt 0.625073 0.742986
vt 0.627315 0.742986
vt 0.627315 0.763889
vt 0.625073 0.763889
vt 0.866322 0.692060
vt 0.879630 0.692060
vt 0.879630 0.712963
vt 0.866322 0.712963
vt 0.291739 0.808451
vt 0.293982 0.808451
vt 0.293982 0.821759
vt 0.291739 0.821759
vt 0.724537 0.826389
vt 0.722295 0.826389
vt 0.722295 0.813081
vt 0.724537 0.813081
vt 0.787110 0.747616
vt 0.789352 0.747616
vt 0.789352 0.768519
vt 0.787110 0.768519
vt 0.815396 0.407338
vt 0.828704 0.407338
vt 0.828704 0.428241
vt 0.815396 0.428241
vt 0.291739 0.761504
vt 0.293982 0.761504
vt 0.293982 0.782407
vt 0.291739 0.782407
vt 0.868637 0.312431
vt 0.881945 0.312431
vt 0.881945 0.333333
vt 0.868637 0.333333
vt 0.803313 0.340859
vt 0.805556 0.340859
vt 0.805556 0.354167
vt 0.803313 0.354167
vt 0.805556 0.303241
vt 0.803314 0.303241
vt 0.803314 0.289933
vt 0.805556 0.289933
vt 0.310185 0.210648
vt 0.304011 0.210648
vt 0.304011 0.196302
vt 0.310185 0.196302
vt 0.750000 0.425926
vt 0.743826 0.425926
vt 0.743826 0.419698
vt 0.750000 0.419698
vt 0.833333 0.259259
vt 0.827159 0.259259
vt 0.827159 0.244913
vt 0.833333 0.244913
vt 0.203704 0.763889
vt 0.197530 0.763889
vt 0.197530 0.757661
vt 0.203704 0.757661
vt 0.824790 0.386117
vt 0.831019 0.386117
vt 0.831019 0.400463
vt 0.824790 0.400463
vt 0.157407 0.828704
vt 0.151179 0.828704
vt 0.151179 0.814358
vt 0.157407 0.814358
vt 0.083333 0.351852
vt 0.077159 0.351852
vt 0.077159 0.337505
vt 0.083333 0.337505
vt 0.766204 0.423611
vt 0.760030 0.423611
vt 0.760030 0.417383
vt 0.766204 0.417383
vt 0.085648 0.870371
vt 0.079474 0.870371
vt 0.079474 0.856024
vt 0.085648 0.856024
vt 0.777778 0.425926
vt 0.771604 0.425926
vt 0.771604 0.419698
vt 0.777778 0.419698
vt 0.188216 0.772691
vt 0.194444 0.772691
vt 0.194444 0.787037
vt 0.188216 0.787037
vt 0.131944 0.842593
vt 0.125716 0.842593
vt 0.125716 0.828246
vt 0.131944 0.828246
vt 0.868056 0.456019
vt 0.861881 0.456019
vt 0.861881 0.441672
vt 0.868056 0.441672
vt 0.303241 0.763889
vt 0.297067 0.763889
vt 0.297067 0.757661
vt 0.303241 0.757661
vt 0.858796 0.212963
vt 0.852622 0.212963
vt 0.852622 0.198616
vt 0.858796 0.198616
vt 0.574074 0.775463
vt 0.567900 0.775463
vt 0.567900 0.769235
vt 0.574074 0.769235
vt 0.702105 0.837506
vt 0.708333 0.837506
vt 0.708333 0.851852
vt 0.702105 0.851852
vt 0.821759 0.715278
vt 0.815531 0.715278
vt 0.815531 0.700931
vt 0.821759 0.700931
vt 0.291667 0.872685
vt 0.285493 0.872685
vt 0.285493 0.858339
vt 0.291667 0.858339
vt 0.263889 0.766204
vt 0.257715 0.766204
vt 0.257715 0.759976
vt 0.263889 0.759976
vt 0.074074 0.349537
vt 0.067900 0.349537
vt 0.067900 0.335190
vt 0.074074 0.335190
vt 0.678241 0.752315
vt 0.672067 0.752315
vt 0.672067 0.746087
vt 0.678241 0.746087
vt 0.285439 0.839821
vt 0.291667 0.839821
vt 0.291667 0.854167
vt 0.285439 0.854167
vt 0.821759 0.696759
vt 0.815531 0.696759
vt 0.815531 0.682413
vt 0.821759 0.682413
vt 0.722222 0.516204
vt 0.719980 0.516204
vt 0.719980 0.493911
vt 0.722222 0.493911
vt 0.226852 0.865741
vt 0.209194 0.865741
vt 0.209194 0.843448
vt 0.226852 0.843448
vt 0.002315 0.189815
vt 0.000073 0.189815
vt 0.000073 0.167522
vt 0.002315 0.167522
vt 0.810185 0.851852
vt 0.792528 0.851852
vt 0.792528 0.829559
vt 0.810185 0.829559
vt 0.571832 0.739287
vt 0.574074 0.739287
vt 0.574074 0.756944
vt 0.571832 0.756944
vt 0.319444 0.224537
vt 0.317202 0.224537
vt 0.317202 0.206879
vt 0.319444 0.206879
vt 0.539352 0.576389
vt 0.537110 0.576389
vt 0.537110 0.554096
vt 0.539352 0.554096
vt 0.821759 0.240741
vt 0.804102 0.240741
vt 0.804102 0.218448
vt 0.821759 0.218448
vt 0.539352 0.604167
vt 0.537110 0.604167
vt 0.537110 0.581874
vt 0.539352 0.581874
vt 0.865741 0.287037
vt 0.848083 0.287037
vt 0.848083 0.264744
vt 0.865741 0.264744
vt 0.597295 0.750861
vt 0.599537 0.750861
vt 0.599537 0.768519
vt 0.597295 0.768519
vt 0.807870 0.520833
vt 0.805628 0.520833
vt 0.805628 0.503176
vt 0.807870 0.503176
vt 0.513889 0.675926
vt 0.511647 0.675926
vt 0.511647 0.653633
vt 0.513889 0.653633
vt 0.863426 0.534722
vt 0.845769 0.534722
vt 0.845769 0.512429
vt 0.863426 0.512429
vt 0.527778 0.664352
vt 0.525536 0.664352
vt 0.525536 0.642059
vt 0.527778 0.642059
vt 0.851852 0.187500
vt 0.834195 0.187500
vt 0.834195 0.165207
vt 0.851852 0.165207
vt 0.634332 0.746231
vt 0.636574 0.746231
vt 0.636574 0.763889
vt 0.634332 0.763889
vt 0.759259 0.798611
vt 0.757017 0.798611
vt 0.757017 0.780953
vt 0.759259 0.780953
vt 0.479167 0.682870
vt 0.476925 0.682870
vt 0.476925 0.660578
vt 0.479167 0.660578
vt 0.849537 0.212963
vt 0.831880 0.212963
vt 0.831880 0.190670
vt 0.849537 0.190670
vt 0.719907 0.601852
vt 0.717665 0.601852
vt 0.717665 0.579559
vt 0.719907 0.579559
vt 0.761574 0.863426
vt 0.743917 0.863426
vt 0.743917 0.841133
vt 0.761574 0.841133
vt 0.243128 0.757805
vt 0.245370 0.757805
vt 0.245370 0.775463
vt 0.243128 0.775463
vt 0.810185 0.287037
vt 0.807943 0.287037
vt 0.807943 0.269379
vt 0.810185 0.269379
vt 0.460648 0.685185
vt 0.458406 0.685185
vt 0.458406 0.662892
vt 0.460648 0.662892
vt 0.842593 0.240741
vt 0.824935 0.240741
vt 0.824935 0.218448
vt 0.842593 0.218448
vt 0.425926 0.574074
vt 0.423684 0.574074
vt 0.423684 0.551781
vt 0.425926 0.551781
vt 0.719908 0.833333
vt 0.702250 0.833333
vt 0.702250 0.811041
vt 0.719908 0.811041
vt 0.284795 0.760120
vt 0.287037 0.760120
vt 0.287037 0.777778
vt 0.284795 0.777778
vt 0.780093 0.402778
vt 0.777851 0.402778
vt 0.777851 0.385120
vt 0.780093 0.385120
vt 0.722222 0.710648
vt 0.719980 0.710648
vt 0.719980 0.688355
vt 0.722222 0.688355
vt 0.844907 0.509259
vt 0.827250 0.509259
vt 0.827250 0.486966
vt 0.844907 0.486966
vt 0.428241 0.662037
vt 0.425999 0.662037
vt 0.425999 0.639744
vt 0.428241 0.639744
vt 0.842593 0.534722
vt 0.824935 0.534722
vt 0.824935 0.512429
vt 0.842593 0.512429
vt 0.805628 0.526324
vt 0.807870 0.526324
vt 0.807870 0.543981
vt 0.805628 0.543981
vt 0.791667 0.326389
vt 0.789425 0.326389
vt 0.789425 0.308731
vt 0.791667 0.308731
vt 0.719907 0.655093
vt 0.717665 0.655093
vt 0.717665 0.632800
vt 0.719907 0.632800
vt 0.226852 0.840278
vt 0.209194 0.840278
vt 0.209194 0.817985
vt 0.226852 0.817985
vt 0.425926 0.546296
vt 0.423684 0.546296
vt 0.423684 0.524003
vt 0.425926 0.524003
vt 0.844907 0.560185
vt 0.827250 0.560185
vt 0.827250 0.537892
vt 0.844907 0.537892
vt 0.122758 0.297157
vt 0.125000 0.297157
vt 0.125000 0.314815
vt 0.122758 0.314815
vt 0.810185 0.474537
vt 0.807943 0.474537
vt 0.807943 0.456879
vt 0.810185 0.456879
vt 0.129630 0.312500
vt 0.127387 0.312500
vt 0.127387 0.290207
vt 0.129630 0.290207
vt 0.206019 0.851852
vt 0.188361 0.851852
vt 0.188361 0.829559
vt 0.206019 0.829559
vt 0.490741 0.606481
vt 0.488499 0.606481
vt 0.488499 0.584189
vt 0.490741 0.584189
vt 0.168981 0.807870
vt 0.151324 0.807870
vt 0.151324 0.785578
vt 0.168981 0.785578
vt 0.328777 0.188360
vt 0.331019 0.188360
vt 0.331019 0.206019
vt 0.328777 0.206019
vt 0.182870 0.784722
vt 0.180628 0.784722
vt 0.180628 0.767064
vt 0.182870 0.767064
vt 0.300926 0.233796
vt 0.298684 0.233796
vt 0.298684 0.211503
vt 0.300926 0.211503
vt 0.122685 0.849537
vt 0.105028 0.849537
vt 0.105028 0.827244
vt 0.122685 0.827244
vt 0.719907 0.629630
vt 0.717665 0.629630
vt 0.717665 0.607337
vt 0.719907 0.607337
vt 0.875000 0.585648
vt 0.857343 0.585648
vt 0.857343 0.563355
vt 0.875000 0.563355
vt 0.794054 0.746231
vt 0.796296 0.746231
vt 0.796296 0.763889
vt 0.794054 0.763889
vt 0.407407 0.212963
vt 0.405165 0.212963
vt 0.405165 0.195305
vt 0.407407 0.195305
vt 0.317130 0.372685
vt 0.314887 0.372685
vt 0.314887 0.350392
vt 0.317130 0.350392
vt 0.789352 0.856481
vt 0.771694 0.856481
vt 0.771694 0.834189
vt 0.789352 0.834189
vt 0.486111 0.613426
vt 0.483869 0.613426
vt 0.483869 0.591133
vt 0.486111 0.591133
vt 0.081019 0.851852
vt 0.063361 0.851852
vt 0.063361 0.829559
vt 0.081019 0.829559
vt 0.798684 0.496231
vt 0.800926 0.496231
vt 0.800926 0.513889
vt 0.798684 0.513889
vt 0.333333 0.236111
vt 0.331091 0.236111
vt 0.331091 0.218453
vt 0.333333 0.218453
vt 0.719907 0.488426
vt 0.717665 0.488426
vt 0.717665 0.466133
vt 0.719907 0.466133
vt 0.865741 0.687500
vt 0.848083 0.687500
vt 0.848083 0.665207
vt 0.865741 0.665207
vt 0.724537 0.467593
vt 0.722295 0.467593
vt 0.722295 0.445300
vt 0.724537 0.445300
vt 0.863426 0.712963
vt 0.845769 0.712963
vt 0.845769 0.690670
vt 0.863426 0.690670
vt 0.733869 0.405953
vt 0.736111 0.405953
vt 0.736111 0.423611
vt 0.733869 0.423611
vt 0.293982 0.803241
vt 0.291739 0.803241
vt 0.291739 0.785583
vt 0.293982 0.785583
vt 0.719907 0.682870
vt 0.717665 0.682870
vt 0.717665 0.660578
vt 0.719907 0.660578
vt 0.854167 0.585648
vt 0.836509 0.585648
vt 0.836509 0.563355
vt 0.854167 0.563355
vt 0.606481 0.736111
vt 0.604239 0.736111
vt 0.604239 0.713818
vt 0.606481 0.713818
vt 0.865741 0.560185
vt 0.848083 0.560185
vt 0.848083 0.537892
vt 0.865741 0.537892
vt 0.708406 0.767064
vt 0.710648 0.767064
vt 0.710648 0.784722
vt 0.708406 0.784722
vt 0.800926 0.534722
vt 0.798684 0.534722
vt 0.798684 0.517064
vt 0.800926 0.517064
vt 0.722222 0.569444
vt 0.719980 0.569444
vt 0.719980 0.547152
vt 0.722222 0.547152
vt 0.863426 0.662037
vt 0.845769 0.662037
vt 0.845769 0.639744
vt 0.863426 0.639744
vt 0.724537 0.597222
vt 0.722295 0.597222
vt 0.722295 0.574929
vt 0.724537 0.574929
vt 0.863426 0.636574
vt 0.845769 0.636574
vt 0.845769 0.614281
vt 0.863426 0.614281
vt 0.328776 0.440675
vt 0.331019 0.440675
vt 0.331019 0.458333
vt 0.328776 0.458333
vt 0.335648 0.456019
vt 0.333406 0.456019
vt 0.333406 0.438361
vt 0.335648 0.438361
vt 0.543982 0.578704
vt 0.541739 0.578704
vt 0.541739 0.556411
vt 0.543981 0.556411
vt 0.282407 0.861111
vt 0.264750 0.861111
vt 0.264750 0.838818
vt 0.282407 0.838818
vt 0.722222 0.541667
vt 0.719980 0.541667
vt 0.719980 0.519374
vt 0.722222 0.519374
vt 0.736111 0.858796
vt 0.718454 0.858796
vt 0.718454 0.836504
vt 0.736111 0.836504
vt 0.238499 0.757805
vt 0.240741 0.757805
vt 0.240741 0.775463
vt 0.238499 0.775463
vt 0.185185 0.812500
vt 0.182943 0.812500
vt 0.182943 0.794842
vt 0.185185 0.794842
vt 0.261574 0.384259
vt 0.259332 0.384259
vt 0.259332 0.361966
vt 0.261574 0.361966
vt 0.863426 0.611111
vt 0.845769 0.611111
vt 0.845769 0.588818
vt 0.863426 0.588818
vt 0.611111 0.736111
vt 0.608869 0.736111
vt 0.608869 0.713818
vt 0.611111 0.713818
vt 0.824074 0.266204
vt 0.806417 0.266204
vt 0.806417 0.243911
vt 0.824074 0.243911
vt 0.319517 0.438360
vt 0.321759 0.438360
vt 0.321759 0.456019
vt 0.319517 0.456019
vt 0.803241 0.557870
vt 0.800999 0.557870
vt 0.800999 0.540213
vt 0.803241 0.540213
vt 0.425926 0.604167
vt 0.423684 0.604167
vt 0.423684 0.581874
vt 0.425926 0.581874
vt 0.865741 0.493056
vt 0.848083 0.493056
vt 0.848083 0.470763
vt 0.865741 0.470763
vt 0.724537 0.622685
vt 0.722295 0.622685
vt 0.722295 0.600392
vt 0.724537 0.600392
vt 0.872685 0.171296
vt 0.855028 0.171296
vt 0.855028 0.149004
vt 0.872685 0.149004
vt 0.803314 0.269379
vt 0.805556 0.269379
vt 0.805556 0.287037
vt 0.803314 0.287037
vt 0.513889 0.574074
vt 0.511647 0.574074
vt 0.511647 0.556416
vt 0.513889 0.556416
vt 0.266204 0.381944
vt 0.263962 0.381944
vt 0.263962 0.359652
vt 0.266204 0.359652
vt 0.865741 0.837963
vt 0.848083 0.837963
vt 0.848083 0.815670
vt 0.865741 0.815670
vt 0.303241 0.384259
vt 0.300999 0.384259
vt 0.300999 0.361966
vt 0.303241 0.361966
vt 0.182870 0.865741
vt 0.165213 0.865741
vt 0.165213 0.843448
vt 0.182870 0.843448
vt 0.578776 0.734657
vt 0.581019 0.734657
vt 0.581019 0.752315
vt 0.578776 0.752315
vt 0.724537 0.488426
vt 0.722295 0.488426
vt 0.722295 0.470768
vt 0.724537 0.470768
vt 0.483796 0.680556
vt 0.481554 0.680556
vt 0.481554 0.658263
vt 0.483796 0.658263
vt 0.247685 0.868056
vt 0.230028 0.868056
vt 0.230028 0.845763
vt 0.247685 0.845763
vt 0.442130 0.682870
vt 0.439887 0.682870
vt 0.439887 0.660578
vt 0.442130 0.660578
vt 0.101852 0.849537
vt 0.084194 0.849537
vt 0.084194 0.827244
vt 0.101852 0.827244
vt 0.805628 0.436046
vt 0.807870 0.436046
vt 0.807870 0.453704
vt 0.805628 0.453704
vt 0.805556 0.474537
vt 0.803314 0.474537
vt 0.803314 0.456879
vt 0.805556 0.456879
vt 0.425926 0.516204
vt 0.423684 0.516204
vt 0.423684 0.493911
vt 0.425926 0.493911
vt 0.865741 0.863426
vt 0.848083 0.863426
vt 0.848083 0.841133
vt 0.865741 0.841133
vt 0.456019 0.666667
vt 0.453776 0.666667
vt 0.453776 0.644374
vt 0.456019 0.644374
vt 0.826389 0.354167
vt 0.808732 0.354167
vt 0.808732 0.331874
vt 0.826389 0.331874
vt 0.752388 0.783268
vt 0.754630 0.783268
vt 0.754630 0.800926
vt 0.752388 0.800926
vt 0.208333 0.280093
vt 0.206091 0.280093
vt 0.206091 0.262434
vt 0.208333 0.262434
vt 0.317130 0.456019
vt 0.314887 0.456019
vt 0.314887 0.433726
vt 0.317130 0.433726
vt 0.476852 0.648148
vt 0.459194 0.648148
vt 0.459194 0.625855
vt 0.476852 0.625855
vt 0.627315 0.736111
vt 0.625073 0.736111
vt 0.625073 0.713818
vt 0.627315 0.713818
vt 0.018519 0.819444
vt 0.000861 0.819444
vt 0.000861 0.797152
vt 0.018519 0.797152
vt 0.599610 0.718453
vt 0.601852 0.718453
vt 0.601852 0.736111
vt 0.599610 0.736111
vt 0.326389 0.456019
vt 0.324147 0.456019
vt 0.324147 0.438360
vt 0.326389 0.438360
s 0
f 1525/2541/1406 1526/2542/1406 1528/2543/1406 1527/2544/1406
f 1527/2545/1407 1528/2546/1407 1532/2547/1407 1531/2548/1407
f 1531/2549/1408 1532/2550/1408 1530/2551/1408 1529/2552/1408
f 1529/2553/1409 1530/2554/1409 1526/2555/1409 1525/2556/1409
f 1527/2557/1410 1531/2558/1410 1529/2559/1410 1525/2560/1410
f 1532/2561/1411 1528/2562/1411 1526/2563/1411 1530/2564/1411
f 1533/2565/1406 1534/2566/1406 1536/2567/1406 1535/2568/1406
f 1535/2569/1407 1536/2570/1407 1540/2571/1407 1539/2572/1407
f 1539/2573/1408 1540/2574/1408 1538/2575/1408 1537/2576/1408
f 1537/2577/1409 1538/2578/1409 1534/2579/1409 1533/2580/1409
f 1535/2581/1410 1539/2582/1410 1537/2583/1410 1533/2584/1410
f 1540/2585/1411 1536/2586/1411 1534/2587/1411 1538/2588/1411
f 1541/2589/1406 1542/2590/1406 1544/2591/1406 1543/2592/1406
f 1543/2593/1407 1544/2594/1407 1548/2595/1407 1547/2596/1407
f 1547/2597/1408 1548/2598/1408 1546/2599/1408 1545/2600/1408
f 1545/2601/1409 1546/2602/1409 1542/2603/1409 1541/2604/1409
f 1543/2605/1410 1547/2606/1410 1545/2607/1410 1541/2608/1410
f 1548/2609/1411 1544/2610/1411 1542/2611/1411 1546/2612/1411
f 1549/2613/1406 1550/2614/1406 1552/2615/1406 1551/2616/1406
f 1551/2617/1407 1552/2618/1407 1556/2619/1407 1555/2620/1407
f 1555/2621/1408 1556/2622/1408 1554/2623/1408 1553/2624/1408
f 1553/2625/1409 1554/2626/1409 1550/2627/1409 1549/2628/1409
f 1551/2629/1410 1555/2630/1410 1553/2631/1410 1549/2632/1410
f 1556/2633/1411 1552/2634/1411 1550/2635/1411 1554/2636/1411
f 1557/2637/1406 1558/2638/1406 1560/2639/1406 1559/2640/1406
f 1559/2641/1407 1560/2642/1407 1564/2643/1407 1563/2644/1407
f 1563/2645/1408 1564/2646/1408 1562/2647/1408 1561/2648/1408
f 1561/2649/1409 1562/2650/1409 1558/2651/1409 1557/2652/1409
f 1559/2653/1412 1563/2654/1412 1561/2655/1412 1557/2656/1412
f 1564/2657/1413 1560/2658/1413 1558/2659/1413 1562/2660/1413
f 1565/2661/1406 1566/2662/1406 1568/2663/1406 1567/2664/1406
f 1567/2665/1407 1568/2666/1407 1572/2667/1407 1571/2668/1407
f 1571/2669/1408 1572/2670/1408 1570/2671/1408 1569/2672/1408
f 1569/2673/1409 1570/2674/1409 1566/2675/1409 1565/2676/1409
f 1567/2677/1410 1571/2678/1410 1569/2679/1410 1565/2680/1410
f 1572/2681/1411 1568/2682/1411 1566/2683/1411 1570/2684/1411
f 1573/2685/1408 1575/2686/1408 1576/2687/1408 1574/2688/1408
f 1575/2689/1409 1579/2690/1409 1580/2691/1409 1576/2692/1409
f 1579/2693/1406 1577/2694/1406 1578/2695/1406 1580/2696/1406
f 1577/2697/1407 1573/2698/1407 1574/2699/1407 1578/2700/1407
f 1575/2701/1411 1573/2702/1411 1577/2703/1411 1579/2704/1411
f 1580/2705/1410 1578/2706/1410 1574/2707/1410 1576/2708/1410
f 1581/2709/1408 1583/2710/1408 1584/2711/1408 1582/2712/1408
f 1583/2713/1409 1587/2714/1409 1588/2715/1409 1584/2716/1409
f 1587/2717/1406 1585/2718/1406 1586/2719/1406 1588/2720/1406
f 1585/2721/1407 1581/2722/1407 1582/2723/1407 1586/2724/1407
f 1583/2725/1411 1581/2726/1411 1585/2727/1411 1587/2728/1411
f 1588/2729/1410 1586/2730/1410 1582/2731/1410 1584/2732/1410
f 1589/2733/1408 1591/2734/1408 1592/2735/1408 1590/2736/1408
f 1591/2737/1409 1595/2738/1409 1596/2739/1409 1592/2740/1409
f 1595/2741/1406 1593/2742/1406 1594/2743/1406 1596/2744/1406
f 1593/2745/1407 1589/2746/1407 1590/2747/1407 1594/2748/1407
f 1591/2749/1411 1589/2750/1411 1593/2751/1411 1595/2752/1411
f 1596/2753/1410 1594/2754/1410 1590/2755/1410 1592/2756/1410
f 1597/2757/1408 1599/2758/1408 1600/2759/1408 1598/2760/1408
f 1599/2761/1409 1603/2762/1409 1604/2763/1409 1600/2764/1409
f 1603/2765/1406 1601/2766/1406 1602/2767/1406 1604/2768/1406
f 1601/2769/1407 1597/2770/1407 1598/2771/1407 1602/2772/1407
f 1599/2773/1411 1597/2774/1411 1601/2775/1411 1603/2776/1411
f 1604/2777/1410 1602/2778/1410 1598/2779/1410 1600/2780/1410
f 1605/2781/1408 1607/2782/1408 1608/2783/1408 1606/2784/1408
f 1607/2785/1409 1611/2786/1409 1612/2787/1409 1608/2788/1409
f 1611/2789/1406 1609/2790/1406 1610/2791/1406 1612/2792/1406
f 1609/2793/1407 1605/2794/1407 1606/2795/1407 1610/2796/1407
f 1607/2797/1411 1605/2798/1411 1609/2799/1411 1611/2800/1411
f 1612/2801/1410 1610/2802/1410 1606/2803/1410 1608/2804/1410
f 1613/2805/1408 1615/2806/1408 1616/2807/1408 1614/2808/1408
f 1615/2809/1409 1619/2810/1409 1620/2811/1409 1616/2812/1409
f 1619/2813/1406 1617/2814/1406 1618/2815/1406 1620/2816/1406
f 1617/2817/1407 1613/2818/1407 1614/2819/1407 1618/2820/1407
f 1615/2821/1411 1613/2822/1411 1617/2823/1411 1619/2824/1411
f 1620/2825/1410 1618/2826/1410 1614/2827/1410 1616/2828/1410
f 1621/2829/1408 1623/2830/1408 1624/2831/1408 1622/2832/1408
f 1623/2833/1409 1627/2834/1409 1628/2835/1409 1624/2836/1409
f 1627/2837/1406 1625/2838/1406 1626/2839/1406 1628/2840/1406
f 1625/2841/1407 1621/2842/1407 1622/2843/1407 1626/2844/1407
f 1623/2845/1411 1621/2846/1411 1625/2847/1411 1627/2848/1411
f 1628/2849/1410 1626/2850/1410 1622/2851/1410 1624/2852/1410
f 1629/2853/1408 1631/2854/1408 1632/2855/1408 1630/2856/1408
f 1631/2857/1409 1635/2858/1409 1636/2859/1409 1632/2860/1409
f 1635/2861/1406 1633/2862/1406 1634/2863/1406 1636/2864/1406
f 1633/2865/1407 1629/2866/1407 1630/2867/1407 1634/2868/1407
f 1631/2869/1411 1629/2870/1411 1633/2871/1411 1635/2872/1411
f 1636/2873/1410 1634/2874/1410 1630/2875/1410 1632/2876/1410
f 1637/2877/1408 1639/2878/1408 1640/2879/1408 1638/2880/1408
f 1639/2881/1409 1643/2882/1409 1644/2883/1409 1640/2884/1409
f 1643/2885/1406 1641/2886/1406 1642/2887/1406 1644/2888/1406
f 1641/2889/1407 1637/2890/1407 1638/2891/1407 1642/2892/1407
f 1639/2893/1411 1637/2894/1411 1641/2895/1411 1643/2896/1411
f 1644/2897/1410 1642/2898/1410 1638/2899/1410 1640/2900/1410
f 1645/2901/1408 1647/2902/1408 1648/2903/1408 1646/2904/1408
f 1647/2905/1409 1651/2906/1409 1652/2907/1409 1648/2908/1409
f 1651/2909/1406 1649/2910/1406 1650/2911/1406 1652/2912/1406
f 1649/2913/1407 1645/2914/1407 1646/2915/1407 1650/2916/1407
f 1647/2917/1411 1645/2918/1411 1649/2919/1411 1651/2920/1411
f 1652/2921/1410 1650/2922/1410 1646/2923/1410 1648/2924/1410
f 1653/2925/1408 1655/2926/1408 1656/2927/1408 1654/2928/1408
f 1655/2929/1409 1659/2930/1409 1660/2931/1409 1656/2932/1409
f 1659/2933/1406 1657/2934/1406 1658/2935/1406 1660/2936/1406
f 1657/2937/1407 1653/2938/1407 1654/2939/1407 1658/2940/1407
f 1655/2941/1411 1653/2942/1411 1657/2943/1411 1659/2944/1411
f 1660/2945/1410 1658/2946/1410 1654/2947/1410 1656/2948/1410
f 1661/2949/1408 1663/2950/1408 1664/2951/1408 1662/2952/1408
f 1663/2953/1409 1667/2954/1409 1668/2955/1409 1664/2956/1409
f 1667/2957/1406 1665/2958/1406 1666/2959/1406 1668/2960/1406
f 1665/2961/1407 1661/2962/1407 1662/2963/1407 1666/2964/1407
f 1663/2965/1411 1661/2966/1411 1665/2967/1411 1667/2968/1411
f 1668/2969/1410 1666/2970/1410 1662/2971/1410 1664/2972/1410
f 1669/2973/1408 1671/2974/1408 1672/2975/1408 1670/2976/1408
f 1671/2977/1409 1675/2978/1409 1676/2979/1409 1672/2980/1409
f 1675/2981/1406 1673/2982/1406 1674/2983/1406 1676/2984/1406
f 1673/2985/1407 1669/2986/1407 1670/2987/1407 1674/2988/1407
f 1671/2989/1411 1669/2990/1411 1673/2991/1411 1675/2992/1411
f 1676/2993/1410 1674/2994/1410 1670/2995/1410 1672/2996/1410
f 1677/2997/1406 1678/2998/1406 1680/2999/1406 1679/3000/1406
f 1679/3001/1407 1680/3002/1407 1684/3003/1407 1683/3004/1407
f 1683/3005/1408 1684/3006/1408 1682/3007/1408 1681/3008/1408
f 1681/3009/1409 1682/3010/1409 1678/3011/1409 1677/3012/1409
f 1679/3013/1410 1683/3014/1410 1681/3015/1410 1677/3016/1410
f 1684/3017/1411 1680/3018/1411 1678/3019/1411 1682/3020/1411
f 1685/3021/1406 1686/3022/1406 1688/3023/1406 1687/3024/1406
f 1687/3025/1407 1688/3026/1407 1692/3027/1407 1691/3028/1407
f 1691/3029/1408 1692/3030/1408 1690/3031/1408 1689/3032/1408
f 1689/3033/1409 1690/3034/1409 1686/3035/1409 1685/3036/1409
f 1687/3037/1410 1691/3038/1410 1689/3039/1410 1685/3040/1410
f 1692/3041/1411 1688/3042/1411 1686/3043/1411 1690/3044/1411
f 1693/3045/1406 1694/3046/1406 1696/3047/1406 1695/3048/1406
f 1695/3049/1407 1696/3050/1407 1700/3051/1407 1699/3052/1407
f 1699/3053/1408 1700/3054/1408 1698/3055/1408 1697/3056/1408
f 1697/3057/1409 1698/3058/1409 1694/3059/1409 1693/3060/1409
f 1695/3061/1410 1699/3062/1410 1697/3063/1410 1693/3064/1410
f 1700/3065/1411 1696/3066/1411 1694/3067/1411 1698/3068/1411
f 1701/3069/1406 1702/3070/1406 1704/3071/1406 1703/3072/1406
f 1703/3073/1407 1704/3074/1407 1708/3075/1407 1707/3076/1407
f 1707/3077/1408 1708/3078/1408 1706/3079/1408 1705/3080/1408
f 1705/3081/1409 1706/3082/1409 1702/3083/1409 1701/3084/1409
f 1703/3085/1410 1707/3086/1410 1705/3087/1410 1701/3088/1410
f 1708/3089/1411 1704/3090/1411 1702/3091/1411 1706/3092/1411
f 1709/3093/1408 1711/3094/1408 1712/3095/1408 1710/3096/1408
f 1711/3097/1407 1715/3098/1407 1716/3099/1407 1712/3100/1407
f 1715/3101/1406 1713/3102/1406 1714/3103/1406 1716/3104/1406
f 1713/3105/1409 1709/3106/1409 1710/3107/1409 1714/3108/1409
f 1711/3109/1410 1709/3110/1410 1713/3111/1410 1715/3112/1410
f 1716/3113/1411 1714/3114/1411 1710/3115/1411 1712/3116/1411
f 1717/3117/1408 1719/3118/1408 1720/3119/1408 1718/3120/1408
f 1719/3121/1407 1723/3122/1407 1724/3123/1407 1720/3124/1407
f 1723/3125/1406 1721/3126/1406 1722/3127/1406 1724/3128/1406
f 1721/3129/1409 1717/3130/1409 1718/3131/1409 1722/3132/1409
f 1719/3133/1410 1717/3134/1410 1721/3135/1410 1723/3136/1410
f 1724/3137/1411 1722/3138/1411 1718/3139/1411 1720/3140/1411
f 1725/3141/1408 1727/3142/1408 1728/3143/1408 1726/3144/1408
f 1727/3145/1407 1731/3146/1407 1732/3147/1407 1728/3148/1407
f 1731/3149/1406 1729/3150/1406 1730/3151/1406 1732/3152/1406
f 1729/3153/1409 1725/3154/1409 1726/3155/1409 1730/3156/1409
f 1727/3157/1410 1725/3158/1410 1729/3159/1410 1731/3160/1410
f 1732/3161/1411 1730/3162/1411 1726/3163/1411 1728/3164/1411
f 1733/3165/1408 1735/3166/1408 1736/3167/1408 1734/3168/1408
f 1735/3169/1407 1739/3170/1407 1740/3171/1407 1736/3172/1407
f 1739/3173/1406 1737/3174/1406 1738/3175/1406 1740/3176/1406
f 1737/3177/1409 1733/3178/1409 1734/3179/1409 1738/3180/1409
f 1735/3181/1410 1733/3182/1410 1737/3183/1410 1739/3184/1410
f 1740/3185/1411 1738/3186/1411 1734/3187/1411 1736/3188/1411
f 1741/3189/1408 1743/3190/1408 1744/3191/1408 1742/3192/1408
f 1743/3193/1407 1747/3194/1407 1748/3195/1407 1744/3196/1407
f 1747/3197/1406 1745/3198/1406 1746/3199/1406 1748/3200/1406
f 1745/3201/1409 1741/3202/1409 1742/3203/1409 1746/3204/1409
f 1743/3205/1410 1741/3206/1410 1745/3207/1410 1747/3208/1410
f 1748/3209/1411 1746/3210/1411 1742/3211/1411 1744/3212/1411
f 1749/3213/1408 1751/3214/1408 1752/3215/1408 1750/3216/1408
f 1751/3217/1407 1755/3218/1407 1756/3219/1407 1752/3220/1407
f 1755/3221/1406 1753/3222/1406 1754/3223/1406 1756/3224/1406
f 1753/3225/1409 1749/3226/1409 1750/3227/1409 1754/3228/1409
f 1751/3229/1410 1749/3230/1410 1753/3231/1410 1755/3232/1410
f 1756/3233/1411 1754/3234/1411 1750/3235/1411 1752/3236/1411
f 1757/3237/1408 1759/3238/1408 1760/3239/1408 1758/3240/1408
f 1759/3241/1407 1763/3242/1407 1764/3243/1407 1760/3244/1407
f 1763/3245/1406 1761/3246/1406 1762/3247/1406 1764/3248/1406
f 1761/3249/1409 1757/3250/1409 1758/3251/1409 1762/3252/1409
f 1759/3253/1410 1757/3254/1410 1761/3255/1410 1763/3256/1410
f 1764/3257/1411 1762/3258/1411 1758/3259/1411 1760/3260/1411
f 1765/3261/1408 1767/3262/1408 1768/3263/1408 1766/3264/1408
f 1767/3265/1407 1771/3266/1407 1772/3267/1407 1768/3268/1407
f 1771/3269/1406 1769/3270/1406 1770/3271/1406 1772/3272/1406
f 1769/3273/1409 1765/3274/1409 1766/3275/1409 1770/3276/1409
f 1767/3277/1410 1765/3278/1410 1769/3279/1410 1771/3280/1410
f 1772/3281/1411 1770/3282/1411 1766/3283/1411 1768/3284/1411
f 1773/3285/1408 1775/3286/1408 1776/3287/1408 1774/3288/1408
f 1775/3289/1407 1779/3290/1407 1780/3291/1407 1776/3292/1407
f 1779/3293/1406 1777/3294/1406 1778/3295/1406 1780/3296/1406
f 1777/3297/1409 1773/3298/1409 1774/3299/1409 1778/3300/1409
f 1775/3301/1410 1773/3302/1410 1777/3303/1410 1779/3304/1410
f 1780/3305/1411 1778/3306/1411 1774/3307/1411 1776/3308/1411
f 1781/3309/1408 1783/3310/1408 1784/3311/1408 1782/3312/1408
f 1783/3313/1407 1787/3314/1407 1788/3315/1407 1784/3316/1407
f 1787/3317/1406 1785/3318/1406 1786/3319/1406 1788/3320/1406
f 1785/3321/1409 1781/3322/1409 1782/3323/1409 1786/3324/1409
f 1783/3325/1410 1781/3326/1410 1785/3327/1410 1787/3328/1410
f 1788/3329/1411 1786/3330/1411 1782/3331/1411 1784/3332/1411
f 1789/3333/1408 1791/3334/1408 1792/3335/1408 1790/3336/1408
f 1791/3337/1407 1795/3338/1407 1796/3339/1407 1792/3340/1407
f 1795/3341/1406 1793/3342/1406 1794/3343/1406 1796/3344/1406
f 1793/3345/1409 1789/3346/1409 1790/3347/1409 1794/3348/1409
f 1791/3349/1410 1789/3350/1410 1793/3351/1410 1795/3352/1410
f 1796/3353/1411 1794/3354/1411 1790/3355/1411 1792/3356/1411
f 1797/3357/1408 1799/3358/1408 1800/3359/1408 1798/3360/1408
f 1799/3361/1407 1803/3362/1407 1804/3363/1407 1800/3364/1407
f 1803/3365/1406 1801/3366/1406 1802/3367/1406 1804/3368/1406
f 1801/3369/1409 1797/3370/1409 1798/3371/1409 1802/3372/1409
f 1799/3373/1410 1797/3374/1410 1801/3375/1410 1803/3376/1410
f 1804/3377/1411 1802/3378/1411 1798/3379/1411 1800/3380/1411
f 1805/3381/1408 1807/3382/1408 1808/3383/1408 1806/3384/1408
f 1807/3385/1407 1811/3386/1407 1812/3387/1407 1808/3388/1407
f 1811/3389/1406 1809/3390/1406 1810/3391/1406 1812/3392/1406
f 1809/3393/1409 1805/3394/1409 1806/3395/1409 1810/3396/1409
f 1807/3397/1410 1805/3398/1410 1809/3399/1410 1811/3400/1410
f 1812/3401/1411 1810/3402/1411 1806/3403/1411 1808/3404/1411
f 1813/3405/1408 1815/3406/1408 1816/3407/1408 1814/3408/1408
f 1815/3409/1407 1819/3410/1407 1820/3411/1407 1816/3412/1407
f 1819/3413/1406 1817/3414/1406 1818/3415/1406 1820/3416/1406
f 1817/3417/1409 1813/3418/1409 1814/3419/1409 1818/3420/1409
f 1815/3421/1410 1813/3422/1410 1817/3423/1410 1819/3424/1410
f 1820/3425/1411 1818/3426/1411 1814/3427/1411 1816/3428/1411
f 1821/3429/1408 1823/3430/1408 1824/3431/1408 1822/3432/1408
f 1823/3433/1407 1827/3434/1407 1828/3435/1407 1824/3436/1407
f 1827/3437/1406 1825/3438/1406 1826/3439/1406 1828/3440/1406
f 1825/3441/1409 1821/3442/1409 1822/3443/1409 1826/3444/1409
f 1823/3445/1410 1821/3446/1410 1825/3447/1410 1827/3448/1410
f 1828/3449/1411 1826/3450/1411 1822/3451/1411 1824/3452/1411
f 1829/3453/1408 1831/3454/1408 1832/3455/1408 1830/3456/1408
f 1831/3457/1407 1835/3458/1407 1836/3459/1407 1832/3460/1407
f 1835/3461/1406 1833/3462/1406 1834/3463/1406 1836/3464/1406
f 1833/3465/1409 1829/3466/1409 1830/3467/1409 1834/3468/1409
f 1831/3469/1410 1829/3470/1410 1833/3471/1410 1835/3472/1410
f 1836/3473/1411 1834/3474/1411 1830/3475/1411 1832/3476/1411
f 1837/3477/1408 1839/3478/1408 1840/3479/1408 1838/3480/1408
f 1839/3481/1407 1843/3482/1407 1844/3483/1407 1840/3484/1407
f 1843/3485/1406 1841/3486/1406 1842/3487/1406 1844/3488/1406
f 1841/3489/1409 1837/3490/1409 1838/3491/1409 1842/3492/1409
f 1839/3493/1410 1837/3494/1410 1841/3495/1410 1843/3496/1410
f 1844/3497/1411 1842/3498/1411 1838/3499/1411 1840/3500/1411
f 1845/3501/1408 1847/3502/1408 1848/3503/1408 1846/3504/1408
f 1847/3505/1407 1851/3506/1407 1852/3507/1407 1848/3508/1407
f 1851/3509/1406 1849/3510/1406 1850/3511/1406 1852/3512/1406
f 1849/3513/1409 1845/3514/1409 1846/3515/1409 1850/3516/1409
f 1847/3517/1410 1845/3518/1410 1849/3519/1410 1851/3520/1410
f 1852/3521/1411 1850/3522/1411 1846/3523/1411 1848/3524/1411
f 1853/3525/1408 1855/3526/1408 1856/3527/1408 1854/3528/1408
f 1855/3529/1407 1859/3530/1407 1860/3531/1407 1856/3532/1407
f 1859/3533/1406 1857/3534/1406 1858/3535/1406 1860/3536/1406
f 1857/3537/1409 1853/3538/1409 1854/3539/1409 1858/3540/1409
f 1855/3541/1410 1853/3542/1410 1857/3543/1410 1859/3544/1410
f 1860/3545/1411 1858/3546/1411 1854/3547/1411 1856/3548/1411
f 1861/3549/1408 1863/3550/1408 1864/3551/1408 1862/3552/1408
f 1863/3553/1407 1867/3554/1407 1868/3555/1407 1864/3556/1407
f 1867/3557/1406 1865/3558/1406 1866/3559/1406 1868/3560/1406
f 1865/3561/1409 1861/3562/1409 1862/3563/1409 1866/3564/1409
f 1863/3565/1410 1861/3566/1410 1865/3567/1410 1867/3568/1410
f 1868/3569/1411 1866/3570/1411 1862/3571/1411 1864/3572/1411
o D5_LOW
v 0.043246 0.848552 -0.206499
v 0.036677 0.842124 -0.194265
v 0.039962 0.845338 -0.203759
v 0.038252 0.843664 -0.199342
v 0.043246 1.001472 -0.206499
v 0.036677 1.008201 -0.194265
v 0.039962 1.004836 -0.203759
v 0.038252 1.006589 -0.199342
v 0.063188 0.896898 -0.206499
v 0.072121 0.896620 -0.194015
v 0.067029 0.896759 -0.203759
v 0.069706 0.896686 -0.199342
v 0.047194 0.848466 -0.206499
v 0.048347 0.842805 -0.194015
v 0.047842 0.845167 -0.203759
v 0.048179 0.843449 -0.199342
v 0.060030 0.871035 -0.206499
v 0.068795 0.869383 -0.194015
v 0.063787 0.870209 -0.203759
v 0.066420 0.869779 -0.199342
v 0.052726 0.852883 -0.206499
v 0.060162 0.847930 -0.194015
v 0.055819 0.850407 -0.203759
v 0.058106 0.849117 -0.199342
v 0.048782 1.001338 -0.206499
v 0.048866 1.007489 -0.194015
v 0.049280 1.004611 -0.203759
v 0.049539 1.006316 -0.199342
v 0.060319 0.974290 -0.206499
v 0.069209 0.975174 -0.194015
v 0.064139 0.974732 -0.203759
v 0.066804 0.974962 -0.199342
v 0.050298 0.999582 -0.206499
v 0.056475 1.005322 -0.194015
v 0.052761 1.002452 -0.203759
v 0.054720 1.003946 -0.199342
v 0.056058 0.992344 -0.206499
v 0.064463 0.995284 -0.194015
v 0.059636 0.993814 -0.203759
v 0.062175 0.994580 -0.199342
v 0.036677 0.842124 -0.183269
v 0.048489 0.841868 -0.183269
v 0.036677 1.008201 -0.183269
v 0.049777 1.007885 -0.183269
v 0.071096 0.869383 -0.183269
v 0.074423 0.896620 -0.183269
v 0.071510 0.975174 -0.183269
v 0.062464 0.847930 -0.183269
v 0.058776 1.005322 -0.183269
v 0.066765 0.995284 -0.183269
v 0.048489 0.841868 0.159595
v 0.074423 0.896620 0.159595
v 0.071510 0.975174 0.159595
v 0.062464 0.847930 0.159595
v 0.066765 0.995284 0.159595
v 0.036677 0.842124 0.159595
v 0.036677 1.008201 0.159595
v 0.049777 1.007885 0.159595
v 0.071096 0.869383 0.159595
v 0.058776 1.005322 0.159595
v 0.043246 0.848552 0.525688
v 0.036677 0.842124 0.513454
v 0.039962 0.845338 0.522948
v 0.038252 0.843664 0.518531
v 0.043246 1.001472 0.525688
v 0.036677 1.008201 0.513454
v 0.039962 1.004836 0.522948
v 0.038252 1.006589 0.518531
v 0.063188 0.896898 0.525688
v 0.072121 0.896620 0.513204
v 0.067029 0.896759 0.522948
v 0.069706 0.896686 0.518531
v 0.047194 0.848466 0.525688
v 0.048347 0.842805 0.513204
v 0.047842 0.845167 0.522948
v 0.048179 0.843449 0.518531
v 0.060030 0.871035 0.525688
v 0.068795 0.869383 0.513204
v 0.063787 0.870209 0.522948
v 0.066420 0.869779 0.518531
v 0.052726 0.852883 0.525688
v 0.060162 0.847930 0.513204
v 0.055819 0.850407 0.522948
v 0.058106 0.849117 0.518531
v 0.048782 1.001338 0.525688
v 0.048866 1.007489 0.513204
v 0.049280 1.004611 0.522948
v 0.049539 1.006316 0.518531
v 0.060319 0.974290 0.525688
v 0.069209 0.975174 0.513204
v 0.064139 0.974732 0.522948
v 0.066804 0.974962 0.518531
v 0.050298 0.999582 0.525688
v 0.056475 1.005322 0.513204
v 0.052761 1.002452 0.522948
v 0.054720 1.003946 0.518531
v 0.056058 0.992344 0.525688
v 0.064463 0.995284 0.513204
v 0.059636 0.993814 0.522948
v 0.062175 0.994580 0.518531
v 0.036677 0.842124 0.502459
v 0.048489 0.841868 0.502459
v 0.036677 1.008201 0.502459
v 0.049777 1.007885 0.502459
v 0.071096 0.869383 0.502459
v 0.074423 0.896620 0.502459
v 0.071510 0.975174 0.502459
v 0.062464 0.847930 0.502459
v 0.058776 1.005322 0.502459
v 0.066765 0.995284 0.502459
vn -0.2690 -0.2632 -0.9265
vn -0.6877 -0.7039 -0.1778
vn -0.5512 -0.5394 -0.6366
vn -0.6409 -0.6547 -0.4007
vn -0.2605 0.2669 -0.9279
vn -0.6792 0.7101 -0.1856
vn -0.5355 0.5486 -0.6421
vn -0.6261 0.6552 -0.4229
vn 0.3183 -0.0135 -0.9479
vn 0.9494 -0.0402 -0.3114
vn 0.7369 -0.0313 -0.6753
vn 0.8844 -0.0374 -0.4653
vn 0.1183 -0.3654 -0.9233
vn 0.2234 -0.9639 -0.1447
vn 0.2149 -0.7769 -0.5918
vn 0.2335 -0.9220 -0.3088
vn 0.3168 -0.0825 -0.9449
vn 0.9217 -0.2384 -0.3060
vn 0.7179 -0.1862 -0.6707
vn 0.8589 -0.2212 -0.4618
vn 0.2770 -0.2199 -0.9354
vn 0.6935 -0.6783 -0.2426
vn 0.5844 -0.5022 -0.6374
vn 0.6770 -0.6143 -0.4053
vn 0.1490 0.3724 -0.9160
vn 0.1627 0.9760 -0.1448
vn 0.2229 0.7781 -0.5873
vn 0.2124 0.9236 -0.3192
vn 0.3187 0.0434 -0.9469
vn 0.9422 0.1278 -0.3099
vn 0.7322 0.0995 -0.6738
vn 0.8777 0.1186 -0.4643
vn 0.2308 0.2297 -0.9455
vn 0.5437 0.8097 -0.2209
vn 0.5100 0.5909 -0.6251
vn 0.5541 0.7358 -0.3893
vn 0.3060 0.1518 -0.9399
vn 0.8582 0.4203 -0.2947
vn 0.6715 0.3310 -0.6630
vn 0.8006 0.3892 -0.4555
vn -0.7078 -0.7062 -0.0152
vn 0.2019 -0.9789 -0.0325
vn -0.6955 0.7184 -0.0072
vn 0.1572 0.9874 -0.0202
vn 0.9639 -0.2461 -0.1013
vn 0.9936 -0.0418 -0.1047
vn 0.9857 0.1324 -0.1037
vn 0.7257 -0.6837 -0.0770
vn 0.5671 0.8214 -0.0612
vn 0.8982 0.4294 -0.0943
vn 0.1926 -0.9813 -0.0000
vn 0.9991 -0.0422 -0.0000
vn 0.9910 0.1340 -0.0000
vn 0.7165 -0.6976 -0.0000
vn 0.8996 0.4368 -0.0000
vn -0.7147 -0.6994 -0.0000
vn -0.6985 0.7156 -0.0000
vn 0.1502 0.9887 -0.0000
vn 0.9684 -0.2494 -0.0000
vn 0.5547 0.8320 -0.0000
vn -0.2690 -0.2632 0.9265
vn -0.6877 -0.7039 0.1778
vn -0.5512 -0.5394 0.6366
vn -0.6409 -0.6547 0.4007
vn -0.2605 0.2669 0.9279
vn -0.6792 0.7101 0.1856
vn -0.5355 0.5486 0.6421
vn -0.6261 0.6552 0.4229
vn 0.3183 -0.0135 0.9479
vn 0.9494 -0.0402 0.3114
vn 0.7369 -0.0313 0.6753
vn 0.8844 -0.0374 0.4653
vn 0.1183 -0.3654 0.9233
vn 0.2234 -0.9639 0.1447
vn 0.2149 -0.7769 0.5918
vn 0.2335 -0.9220 0.3088
vn 0.3168 -0.0825 0.9449
vn 0.9217 -0.2384 0.3060
vn 0.7179 -0.1862 0.6707
vn 0.8589 -0.2212 0.4618
vn 0.2770 -0.2199 0.9354
vn 0.6935 -0.6783 0.2426
vn 0.5844 -0.5022 0.6374
vn 0.6770 -0.6143 0.4053
vn 0.1490 0.3724 0.9160
vn 0.1627 0.9760 0.1448
vn 0.2229 0.7781 0.5873
vn 0.2124 0.9236 0.3192
vn 0.3187 0.0434 0.9469
vn 0.9422 0.1278 0.3099
vn 0.7322 0.0995 0.6738
vn 0.8777 0.1186 0.4643
vn 0.2308 0.2297 0.9455
vn 0.5437 0.8097 0.2209
vn 0.5100 0.5909 0.6251
vn 0.5541 0.7358 0.3893
vn 0.3060 0.1518 0.9399
vn 0.8582 0.4203 0.2947
vn 0.6715 0.3310 0.6630
vn 0.8006 0.3892 0.4555
vn -0.7078 -0.7062 0.0152
vn 0.2019 -0.9789 0.0325
vn -0.6955 0.7184 0.0072
vn 0.1572 0.9874 0.0202
vn 0.9639 -0.2461 0.1013
vn 0.9936 -0.0418 0.1047
vn 0.9857 0.1324 0.1037
vn 0.7257 -0.6837 0.0770
vn 0.5671 0.8214 0.0612
vn 0.8982 0.4294 0.0943
vt 0.379323 0.228464
vt 0.379323 0.196728
vt 0.380472 0.196755
vt 0.380787 0.197120
vt 0.381982 0.198622
vt 0.382867 0.202369
vt 0.383462 0.218431
vt 0.382807 0.223798
vt 0.381291 0.227565
vt 0.380143 0.228482
vt 0.861353 0.433341
vt 0.861360 0.435522
vt 0.855821 0.435522
vt 0.855814 0.433341
vt 0.004611 0.144014
vt 0.004604 0.146182
vt 0.002072 0.146182
vt 0.001615 0.144014
vt 0.865734 0.433341
vt 0.865741 0.435522
vt 0.870370 0.005015
vt 0.837255 0.005015
vt 0.837255 0.002823
vt 0.870370 0.002823
vt 0.378642 0.229131
vt 0.378642 0.196029
vt 0.837926 0.000930
vt 0.869730 0.000930
vt 0.870063 0.001810
vt 0.837577 0.001810
vt 0.381933 0.228079
vt 0.380277 0.229167
vt 0.004618 0.148148
vt 0.002842 0.148148
vt 0.002436 0.147257
vt 0.004614 0.147257
vt 0.383586 0.223970
vt 0.865251 0.437500
vt 0.861208 0.437500
vt 0.861287 0.436603
vt 0.865506 0.436603
vt 0.384259 0.218460
vt 0.855809 0.437500
vt 0.855815 0.436603
vt 0.380576 0.196076
vt 0.381298 0.196524
vt 0.012783 0.148148
vt 0.012030 0.148148
vt 0.012031 0.147264
vt 0.013126 0.147264
vt 0.011863 0.146198
vt 0.013433 0.146198
vt 0.382725 0.198317
vt 0.836131 0.437500
vt 0.834398 0.437500
vt 0.834089 0.436603
vt 0.835968 0.436603
vt 0.833804 0.435522
vt 0.835818 0.435522
vt 0.383659 0.202277
vt 0.839990 0.437500
vt 0.839936 0.436603
vt 0.839885 0.435522
vt 0.006175 0.148148
vt 0.006575 0.147257
vt 0.006944 0.146233
vt 0.010178 0.148148
vt 0.009788 0.147264
vt 0.009429 0.146248
vt 0.006944 0.144014
vt 0.870370 0.073382
vt 0.837255 0.073382
vt 0.833798 0.433341
vt 0.835811 0.433341
vt 0.839878 0.433341
vt 0.012032 0.144047
vt 0.013889 0.144047
vt 0.865734 0.363738
vt 0.861353 0.363738
vt 0.009429 0.144047
vt 0.004611 0.074836
vt 0.001615 0.074836
vt 0.855814 0.363738
vt 0.006944 0.074836
vt 0.833798 0.363738
vt 0.835811 0.363738
vt 0.839878 0.363738
vt 0.012032 0.075416
vt 0.013889 0.075416
vt 0.009429 0.075416
vt 0.351170 0.226149
vt 0.350351 0.226167
vt 0.349203 0.225250
vt 0.347687 0.221483
vt 0.347032 0.216116
vt 0.347627 0.200054
vt 0.348511 0.196307
vt 0.349707 0.194805
vt 0.350021 0.194441
vt 0.351170 0.194413
vt 0.861353 0.294135
vt 0.855814 0.294135
vt 0.855821 0.291954
vt 0.861360 0.291954
vt 0.004611 0.005658
vt 0.001615 0.005658
vt 0.002072 0.003490
vt 0.004604 0.003490
vt 0.865734 0.294135
vt 0.865741 0.291954
vt 0.870370 0.141748
vt 0.870370 0.143940
vt 0.837255 0.143940
vt 0.837255 0.141748
vt 0.351852 0.193715
vt 0.351852 0.226816
vt 0.837926 0.145833
vt 0.837577 0.144953
vt 0.870063 0.144953
vt 0.869730 0.145833
vt 0.350217 0.226852
vt 0.348561 0.225764
vt 0.004618 0.001524
vt 0.004614 0.002415
vt 0.002436 0.002415
vt 0.002842 0.001524
vt 0.346907 0.221655
vt 0.865251 0.289976
vt 0.865506 0.290872
vt 0.861287 0.290872
vt 0.861208 0.289976
vt 0.346234 0.216145
vt 0.855815 0.290872
vt 0.855809 0.289976
vt 0.349196 0.194210
vt 0.349918 0.193761
vt 0.012783 0.002684
vt 0.013126 0.003568
vt 0.012031 0.003568
vt 0.012030 0.002684
vt 0.013433 0.004634
vt 0.011863 0.004634
vt 0.347769 0.196002
vt 0.836131 0.289976
vt 0.835968 0.290872
vt 0.834089 0.290872
vt 0.834398 0.289976
vt 0.835818 0.291954
vt 0.833804 0.291954
vt 0.346834 0.199962
vt 0.839990 0.289976
vt 0.839936 0.290872
vt 0.839885 0.291954
vt 0.006175 0.001524
vt 0.006575 0.002415
vt 0.006944 0.003440
vt 0.009788 0.003568
vt 0.010178 0.002684
vt 0.009429 0.004584
vt 0.006944 0.005658
vt 0.835811 0.294135
vt 0.833798 0.294135
vt 0.839878 0.294135
vt 0.013889 0.006785
vt 0.012032 0.006785
vt 0.009429 0.006785
s 1
f 1869/3573/1414 1873/3574/1418 1893/3575/1438 1901/3576/1446 1905/3577/1450 1897/3578/1442 1877/3579/1422 1885/3580/1430 1889/3581/1434 1881/3582/1426
f 1913/3583/1458 1886/3584/1431 1878/3585/1423 1914/3586/1459
f 1910/3587/1455 1882/3588/1427 1890/3589/1435 1916/3590/1461
f 1916/3591/1461 1890/3592/1435 1886/3584/1431 1913/3583/1458
f 1909/3593/1454 1911/3594/1456 1874/3595/1419 1870/3596/1415
f 1873/3574/1418 1869/3573/1414 1871/3597/1416 1875/3598/1420
f 1875/3599/1420 1871/3600/1416 1872/3601/1417 1876/3602/1421
f 1876/3602/1421 1872/3601/1417 1870/3596/1415 1874/3595/1419
f 1881/3582/1426 1889/3581/1434 1891/3603/1436 1883/3604/1428
f 1883/3605/1428 1891/3606/1436 1892/3607/1437 1884/3608/1429
f 1884/3608/1429 1892/3607/1437 1890/3589/1435 1882/3588/1427
f 1889/3581/1434 1885/3580/1430 1887/3609/1432 1891/3603/1436
f 1891/3610/1436 1887/3611/1432 1888/3612/1433 1892/3613/1437
f 1892/3613/1437 1888/3612/1433 1886/3584/1431 1890/3592/1435
f 1885/3580/1430 1877/3579/1422 1879/3614/1424 1887/3609/1432
f 1887/3611/1432 1879/3615/1424 1880/3616/1425 1888/3612/1433
f 1888/3612/1433 1880/3616/1425 1878/3585/1423 1886/3584/1431
f 1901/3576/1446 1893/3575/1438 1895/3617/1440 1903/3618/1448
f 1903/3619/1448 1895/3620/1440 1896/3621/1441 1904/3622/1449
f 1904/3622/1449 1896/3621/1441 1894/3623/1439 1902/3624/1447
f 1905/3577/1450 1901/3576/1446 1903/3618/1448 1907/3625/1452
f 1907/3626/1452 1903/3627/1448 1904/3628/1449 1908/3629/1453
f 1908/3629/1453 1904/3628/1449 1902/3630/1447 1906/3631/1451
f 1897/3578/1442 1905/3577/1450 1907/3625/1452 1899/3632/1444
f 1899/3633/1444 1907/3626/1452 1908/3629/1453 1900/3634/1445
f 1900/3634/1445 1908/3629/1453 1906/3631/1451 1898/3635/1443
f 1869/3573/1414 1881/3582/1426 1883/3604/1428 1871/3597/1416
f 1871/3636/1416 1883/3605/1428 1884/3608/1429 1872/3637/1417
f 1872/3637/1417 1884/3608/1429 1882/3588/1427 1870/3638/1415
f 1877/3579/1422 1897/3578/1442 1899/3632/1444 1879/3614/1424
f 1879/3615/1424 1899/3633/1444 1900/3634/1445 1880/3616/1425
f 1880/3616/1425 1900/3634/1445 1898/3635/1443 1878/3585/1423
f 1893/3575/1438 1873/3574/1418 1875/3598/1420 1895/3617/1440
f 1895/3620/1440 1875/3639/1420 1876/3640/1421 1896/3621/1441
f 1896/3621/1441 1876/3640/1421 1874/3641/1419 1894/3623/1439
f 1870/3638/1415 1882/3588/1427 1910/3587/1455 1909/3642/1454
f 1924/3643/1469 1925/3644/1470 1911/3594/1456 1909/3593/1454
f 1902/3630/1447 1917/3645/1462 1918/3646/1463 1906/3631/1451
f 1906/3631/1451 1918/3646/1463 1915/3647/1460 1898/3635/1443
f 1878/3585/1423 1898/3635/1443 1915/3647/1460 1914/3586/1459
f 1894/3623/1439 1912/3648/1457 1917/3649/1462 1902/3624/1447
f 1922/3650/1467 1916/3591/1461 1913/3583/1458 1927/3651/1472
f 1894/3623/1439 1874/3641/1419 1911/3652/1456 1912/3648/1457
f 1919/3653/1464 1910/3587/1455 1916/3590/1461 1922/3654/1467
f 1927/3651/1472 1913/3583/1458 1914/3586/1459 1920/3655/1465
f 1909/3642/1454 1910/3587/1455 1919/3653/1464 1924/3656/1469
f 1917/3645/1462 1928/3657/1473 1923/3658/1468 1918/3646/1463
f 1918/3646/1463 1923/3658/1468 1921/3659/1466 1915/3647/1460
f 1914/3586/1459 1915/3647/1460 1921/3659/1466 1920/3655/1465
f 1912/3648/1457 1926/3660/1471 1928/3661/1473 1917/3649/1462
f 1912/3648/1457 1911/3652/1456 1925/3662/1470 1926/3660/1471
f 1929/3663/1474 1941/3664/1486 1949/3665/1494 1945/3666/1490 1937/3667/1482 1957/3668/1502 1965/3669/1510 1961/3670/1506 1953/3671/1498 1933/3672/1478
f 1973/3673/1518 1974/3674/1519 1938/3675/1483 1946/3676/1491
f 1970/3677/1515 1976/3678/1521 1950/3679/1495 1942/3680/1487
f 1976/3681/1521 1973/3673/1518 1946/3676/1491 1950/3682/1495
f 1969/3683/1514 1930/3684/1475 1934/3685/1479 1971/3686/1516
f 1933/3672/1478 1935/3687/1480 1931/3688/1476 1929/3663/1474
f 1935/3689/1480 1936/3690/1481 1932/3691/1477 1931/3692/1476
f 1936/3690/1481 1934/3685/1479 1930/3684/1475 1932/3691/1477
f 1941/3664/1486 1943/3693/1488 1951/3694/1496 1949/3665/1494
f 1943/3695/1488 1944/3696/1489 1952/3697/1497 1951/3698/1496
f 1944/3696/1489 1942/3680/1487 1950/3679/1495 1952/3697/1497
f 1949/3665/1494 1951/3694/1496 1947/3699/1492 1945/3666/1490
f 1951/3700/1496 1952/3701/1497 1948/3702/1493 1947/3703/1492
f 1952/3701/1497 1950/3682/1495 1946/3676/1491 1948/3702/1493
f 1945/3666/1490 1947/3699/1492 1939/3704/1484 1937/3667/1482
f 1947/3703/1492 1948/3702/1493 1940/3705/1485 1939/3706/1484
f 1948/3702/1493 1946/3676/1491 1938/3675/1483 1940/3705/1485
f 1961/3670/1506 1963/3707/1508 1955/3708/1500 1953/3671/1498
f 1963/3709/1508 1964/3710/1509 1956/3711/1501 1955/3712/1500
f 1964/3710/1509 1962/3713/1507 1954/3714/1499 1956/3711/1501
f 1965/3669/1510 1967/3715/1512 1963/3707/1508 1961/3670/1506
f 1967/3716/1512 1968/3717/1513 1964/3718/1509 1963/3719/1508
f 1968/3717/1513 1966/3720/1511 1962/3721/1507 1964/3718/1509
f 1957/3668/1502 1959/3722/1504 1967/3715/1512 1965/3669/1510
f 1959/3723/1504 1960/3724/1505 1968/3717/1513 1967/3716/1512
f 1960/3724/1505 1958/3725/1503 1966/3720/1511 1968/3717/1513
f 1929/3663/1474 1931/3688/1476 1943/3693/1488 1941/3664/1486
f 1931/3726/1476 1932/3727/1477 1944/3696/1489 1943/3695/1488
f 1932/3727/1477 1930/3728/1475 1942/3680/1487 1944/3696/1489
f 1937/3667/1482 1939/3704/1484 1959/3722/1504 1957/3668/1502
f 1939/3706/1484 1940/3705/1485 1960/3724/1505 1959/3723/1504
f 1940/3705/1485 1938/3675/1483 1958/3725/1503 1960/3724/1505
f 1953/3671/1498 1955/3708/1500 1935/3687/1480 1933/3672/1478
f 1955/3712/1500 1956/3711/1501 1936/3729/1481 1935/3730/1480
f 1956/3711/1501 1954/3714/1499 1934/3731/1479 1936/3729/1481
f 1930/3728/1475 1969/3732/1514 1970/3677/1515 1942/3680/1487
f 1924/3643/1469 1969/3683/1514 1971/3686/1516 1925/3644/1470
f 1962/3721/1507 1966/3720/1511 1978/3733/1523 1977/3734/1522
f 1966/3720/1511 1958/3725/1503 1975/3735/1520 1978/3733/1523
f 1938/3675/1483 1974/3674/1519 1975/3735/1520 1958/3725/1503
f 1954/3714/1499 1962/3713/1507 1977/3736/1522 1972/3737/1517
f 1922/3650/1467 1927/3651/1472 1973/3673/1518 1976/3681/1521
f 1954/3714/1499 1972/3737/1517 1971/3738/1516 1934/3731/1479
f 1919/3653/1464 1922/3654/1467 1976/3678/1521 1970/3677/1515
f 1927/3651/1472 1920/3655/1465 1974/3674/1519 1973/3673/1518
f 1969/3732/1514 1924/3656/1469 1919/3653/1464 1970/3677/1515
f 1977/3734/1522 1978/3733/1523 1923/3658/1468 1928/3657/1473
f 1978/3733/1523 1975/3735/1520 1921/3659/1466 1923/3658/1468
f 1974/3674/1519 1920/3655/1465 1921/3659/1466 1975/3735/1520
f 1972/3737/1517 1977/3736/1522 1928/3661/1473 1926/3660/1471
f 1972/3737/1517 1926/3660/1471 1925/3662/1470 1971/3738/1516
