# Blender 4.4.3
# www.blender.org
mtllib 楚瑜调整 .mtl
o 222.001
v 0.346596 1.510487 -0.504577
v 0.029734 1.219670 -0.385604
v -0.187932 1.450171 -0.398983
v -0.248515 1.245121 -0.314215
v -0.071668 1.455338 -0.482179
v -0.162632 1.255499 -0.389930
v -0.360599 1.394290 -0.031506
v -0.340646 1.164043 -0.031506
v 0.127307 1.125259 -0.559071
v -0.299557 1.069499 -0.553225
v -0.153738 1.218914 -0.562988
v -0.399536 1.016691 -0.031506
v 0.384059 0.862909 -0.212798
v 0.339625 0.857087 -0.278269
v 0.326339 0.799631 -0.510431
v 0.119180 0.914789 -0.814400
v -0.323314 0.767033 -0.746865
v -0.244430 0.946098 -0.798515
v -0.470703 0.675311 -0.031506
v 0.136419 0.406327 -0.620296
v 0.053409 0.820202 -0.950141
v -0.352918 0.482496 -0.918788
v -0.296437 0.709628 -1.068387
v -0.361428 0.557827 -0.471341
v 0.067383 0.419762 -0.787852
v 0.459319 -0.016770 -0.199643
v 0.413439 -0.033226 -0.281094
v 0.332593 -0.016492 -0.360796
v 0.191409 -0.086978 -0.485781
v -0.414282 -0.183790 -0.538697
v 0.214240 0.961495 -0.554594
v 0.174105 1.036216 -0.324565
v 0.326472 1.160929 -0.270183
v 0.194137 0.732976 -0.733180
v 0.111565 0.657522 -0.889088
v -0.323671 1.170377 -0.193799
v -0.326515 1.412747 -0.308236
v -0.369103 0.932333 -0.398564
v -0.343977 0.628429 -0.601107
v -0.290304 0.367778 -0.840882
v -0.444636 0.525831 -0.031506
v -0.558455 -0.239134 -0.031506
v -0.363373 1.149219 -0.124619
v -0.424371 0.927418 -0.200081
v -0.483088 0.720370 -0.230318
v -0.316948 1.404535 -0.179408
v -0.435092 0.552645 -0.207328
v -0.553326 -0.218842 -0.290779
v -0.010694 0.362258 -0.719624
v -0.041450 0.354561 -0.739708
v -0.071974 0.268079 -0.630047
v -0.062826 -0.132712 -0.556983
v -0.169368 0.341115 -0.719448
v -0.126634 0.350699 -0.748950
v -0.297825 0.182457 -0.453853
v -0.402066 0.179003 -0.031506
v 0.421833 0.441768 -0.179232
v 0.376752 0.412006 -0.270804
v 0.356571 0.354319 -0.434087
v 0.127383 0.172713 -0.554967
v -0.392358 0.190471 -0.241040
v -0.077113 0.066630 -0.576851
v 0.045357 0.715515 -1.038835
v -0.394718 0.383088 -0.960190
v -0.369453 0.563692 -1.202399
v 0.068861 0.333786 -0.816838
v 0.095599 0.473488 -0.934539
v -0.326338 0.241934 -0.832692
v -0.041286 0.247462 -0.734865
v -0.126479 0.246023 -0.741989
v 0.111358 1.492768 -0.531849
v -0.028835 1.265477 -0.361791
v 0.022590 1.198998 -0.532487
v -0.042199 1.013294 -0.772841
v -0.081881 0.838509 -0.941941
v -0.087337 0.742761 -1.068283
v 0.041480 0.516455 -1.268890
v -0.087133 0.570594 -1.314640
v 0.041480 0.507738 -1.219089
v 0.095599 0.407744 -1.044876
v 0.073013 0.200994 -0.862356
v 0.091447 0.246820 -1.001362
v -0.394718 0.193826 -1.069885
v -0.369453 0.307583 -1.214919
v -0.391199 0.111299 -0.940786
v -0.358758 0.106325 -0.852701
v -0.291023 0.186968 -0.861759
v -0.150757 0.191453 -0.795386
v -0.041286 0.156111 -0.743702
v -0.126479 0.154323 -0.751413
v 0.042828 0.120383 -0.764272
v -0.007687 0.113910 -0.723093
v -0.371990 0.412257 -1.267508
v -0.114131 0.491545 -1.335861
v 0.346596 1.510487 0.441566
v 0.029734 1.219670 0.322593
v -0.187932 1.450171 0.335972
v -0.248515 1.245121 0.251204
v -0.071668 1.455338 0.419168
v -0.162632 1.255499 0.326919
v 0.127307 1.125260 0.496060
v -0.299557 1.069499 0.490214
v -0.153738 1.218914 0.499977
v 0.384059 0.862909 0.149786
v 0.339625 0.857087 0.215257
v 0.326339 0.799631 0.447420
v 0.119180 0.914789 0.751389
v -0.323314 0.767033 0.683854
v -0.244430 0.946098 0.735504
v 0.136419 0.406327 0.557285
v 0.053409 0.820202 0.887130
v -0.352918 0.482496 0.855777
v -0.296437 0.709628 1.005375
v -0.361428 0.557827 0.408330
v 0.067383 0.419762 0.724841
v 0.459319 -0.016770 0.136632
v 0.413439 -0.033226 0.218083
v 0.332593 -0.016492 0.297784
v 0.191409 -0.086978 0.422770
v -0.414282 -0.183790 0.475685
v 0.214240 0.961495 0.491583
v 0.174105 1.036216 0.261554
v 0.326472 1.160929 0.207172
v 0.194138 0.732976 0.670169
v 0.111565 0.657522 0.826076
v -0.323671 1.170377 0.130788
v -0.326515 1.412746 0.245225
v -0.369103 0.932333 0.335553
v -0.343977 0.628429 0.538096
v -0.290304 0.367778 0.777870
v -0.363373 1.149219 0.061608
v -0.424371 0.927419 0.137070
v -0.483088 0.720370 0.167306
v -0.316948 1.404535 0.116397
v -0.435092 0.552645 0.144317
v -0.553326 -0.218842 0.227767
v -0.010694 0.362258 0.656612
v -0.041450 0.354561 0.676697
v -0.071974 0.268079 0.567036
v -0.062825 -0.132713 0.493972
v -0.169368 0.341115 0.656437
v -0.126634 0.350699 0.685939
v -0.297825 0.182457 0.390842
v 0.421833 0.441768 0.116221
v 0.376752 0.412006 0.207792
v 0.356571 0.354319 0.371075
v 0.127383 0.172713 0.491956
v -0.392358 0.190471 0.178029
v -0.077113 0.066630 0.513840
v 0.045357 0.715515 0.975824
v -0.394718 0.383088 0.897179
v -0.369452 0.563692 1.139387
v 0.068861 0.333786 0.753826
v 0.095600 0.473488 0.871528
v -0.326337 0.241934 0.769680
v -0.041286 0.247462 0.671854
v -0.126479 0.246023 0.678977
v 0.111358 1.492768 0.468838
v -0.028835 1.265477 0.298780
v 0.022590 1.198998 0.469476
v -0.042199 1.013294 0.709830
v -0.081881 0.838509 0.878930
v -0.087337 0.742761 1.005272
v 0.041481 0.516455 1.205879
v -0.087133 0.570594 1.251629
v 0.083848 0.512523 1.138859
v 0.107705 0.409572 0.976836
v 0.073013 0.200994 0.799345
v 0.091447 0.246819 0.938351
v -0.394718 0.193826 1.006874
v -0.369452 0.307583 1.151908
v -0.391198 0.111299 0.877775
v -0.358758 0.106325 0.789689
v -0.291023 0.186968 0.798748
v -0.150757 0.191453 0.732375
v -0.041286 0.156111 0.680690
v -0.126479 0.154323 0.688401
v 0.042828 0.120383 0.701261
v -0.007687 0.113910 0.660082
v -0.371990 0.412257 1.204496
v -0.114130 0.491544 1.272849
v 0.349265 2.199304 -0.031505
v 0.416394 2.085505 -0.031505
v 0.313689 1.430068 -0.031506
v 0.379637 1.635086 -0.031506
v 0.172142 2.176689 -0.334855
v 0.182794 2.046167 -0.404165
v 0.102794 1.483085 -0.305887
v 0.173112 1.732990 -0.402003
v -0.054664 2.181820 -0.384616
v -0.042279 2.049103 -0.460340
v -0.060247 1.562942 -0.368284
v -0.052732 1.795036 -0.450903
v -0.244529 2.190324 -0.293354
v -0.246767 2.082123 -0.369053
v -0.158171 1.567400 -0.305305
v -0.222642 1.806889 -0.379169
v -0.415102 2.202776 -0.031505
v -0.451174 2.080418 -0.031505
v -0.269990 1.572780 -0.031505
v -0.422484 1.802904 -0.031505
v 0.257058 1.371475 -0.031506
v -0.046664 1.457419 -0.031505
v -0.193038 1.540379 -0.031505
v -0.034023 1.476803 -0.197346
v -0.132983 1.508580 -0.184267
v 0.076193 1.428460 -0.224494
v 0.365996 1.523931 -0.031506
v 0.142655 1.578151 -0.358823
v -0.066547 1.648876 -0.405983
v -0.205316 1.657853 -0.362588
v -0.379496 1.658758 -0.031505
v 0.431712 1.881603 -0.031506
v 0.181276 1.940916 -0.414780
v -0.047506 1.932027 -0.461318
v -0.237095 1.957252 -0.374111
v -0.444795 1.971933 -0.031505
v 0.424187 1.585282 -0.031506
v 0.164428 1.642788 -0.373191
v -0.065889 1.702277 -0.426266
v -0.213990 1.723042 -0.393297
v -0.399290 1.715921 -0.031505
v 0.341617 1.706718 -0.031505
v 0.173871 1.807523 -0.409731
v -0.050119 1.863532 -0.451476
v -0.230665 1.879681 -0.376640
v -0.436826 1.875469 -0.031505
v 0.249953 1.436000 -0.161544
v 0.265446 1.683168 -0.223481
v 0.357385 2.085173 -0.233578
v 0.305962 2.197771 -0.197330
v -0.226248 1.566039 -0.168405
v -0.324953 1.807287 -0.205337
v -0.350564 2.080473 -0.200279
v -0.329816 2.198807 -0.165749
v -0.050475 1.462736 -0.121064
v 0.192475 1.393809 -0.113679
v -0.142918 1.502998 -0.114525
v -0.295987 1.658306 -0.206860
v 0.299604 1.544456 -0.206488
v -0.337759 1.954236 -0.202808
v 0.386564 1.902622 -0.228530
v 0.319238 1.610556 -0.220959
v -0.305046 1.718685 -0.206249
v -0.331356 1.880762 -0.204073
v 0.270878 1.780562 -0.226005
v 0.172142 2.176689 0.271845
v 0.182794 2.046167 0.341154
v 0.102795 1.483085 0.242876
v 0.173112 1.732990 0.338992
v -0.054664 2.181821 0.321605
v -0.042279 2.049103 0.397329
v -0.060247 1.562942 0.305273
v -0.052732 1.795036 0.387892
v -0.244529 2.190324 0.230343
v -0.246767 2.082122 0.306042
v -0.158171 1.567400 0.242294
v -0.222643 1.806889 0.316158
v -0.034023 1.476802 0.134335
v -0.132983 1.508580 0.121256
v 0.076193 1.428460 0.161483
v 0.142655 1.578151 0.295812
v -0.066547 1.648876 0.342972
v -0.205316 1.657853 0.299577
v 0.181276 1.940917 0.351769
v -0.047506 1.932027 0.398307
v -0.237095 1.957252 0.311100
v 0.164428 1.642788 0.310180
v -0.065889 1.702278 0.363255
v -0.213990 1.723042 0.330286
v 0.173871 1.807523 0.346720
v -0.050119 1.863532 0.388465
v -0.230665 1.879681 0.313629
v 0.249953 1.436000 0.098533
v 0.265446 1.683168 0.160470
v 0.357385 2.085173 0.170567
v 0.305962 2.197770 0.134319
v -0.226248 1.566039 0.105394
v -0.324953 1.807287 0.142326
v -0.350564 2.080473 0.137268
v -0.329815 2.198807 0.102738
v -0.050475 1.462736 0.058053
v 0.192475 1.393809 0.050668
v -0.142918 1.502998 0.051514
v -0.295987 1.658306 0.143849
v 0.299604 1.544456 0.143477
v -0.337758 1.954236 0.139797
v 0.386564 1.902622 0.165519
v 0.319238 1.610556 0.157948
v -0.305046 1.718685 0.143238
v -0.331356 1.880762 0.141062
v 0.270878 1.780562 0.162994
v 0.020957 1.778378 -0.405769
v -0.036664 1.786616 -0.585364
v 0.021868 1.648438 -0.392437
v -0.030492 1.659912 -0.559783
v 0.028273 1.580175 -0.378518
v -0.004847 1.592711 -0.504905
v -0.002955 1.805293 -0.538166
v 0.000901 1.661986 -0.520808
v 0.014777 1.586478 -0.467991
v 0.021413 1.713408 -0.399103
v -0.033578 1.709922 -0.580576
v -0.001027 1.723318 -0.527423
v 0.020957 1.778379 0.342758
v -0.036664 1.786616 0.522353
v 0.021869 1.648438 0.329426
v -0.030492 1.659912 0.496772
v 0.028273 1.580175 0.315506
v -0.004846 1.592711 0.441894
v -0.002954 1.805293 0.475155
v 0.000901 1.661987 0.457797
v 0.014778 1.586478 0.404980
v 0.021413 1.713408 0.336092
v -0.033578 1.709922 0.517565
v -0.001027 1.723318 0.464412
v 0.314155 2.344330 -0.031505
v -0.433919 2.207506 -0.031505
v 0.213466 1.833048 -0.417199
v -0.330146 1.526080 -0.111908
v 0.057354 2.416515 -0.031505
v 0.012905 1.796457 -0.501752
v 0.313975 2.227635 -0.396329
v -0.492173 2.062041 -0.273137
v -0.054776 2.217703 -0.671950
v -0.520737 1.948681 -0.327056
v -0.082459 2.114677 -0.602097
v 0.324254 2.110245 -0.514358
v -0.335725 2.302169 -0.031505
v -0.129107 1.612814 -0.459879
v -0.340932 2.212147 -0.387976
v -0.314509 2.101943 -0.529874
v -0.537139 1.747803 -0.031505
v -0.519730 2.003134 -0.031505
v -0.540586 1.898807 -0.031505
v 0.402634 2.247063 -0.031506
v 0.442002 1.972170 -0.224225
v 0.430609 2.158668 -0.228907
v 0.436240 2.086338 -0.236972
v 0.465590 1.988107 -0.031506
v 0.435357 2.173266 -0.031506
v 0.457872 2.088198 -0.031506
v 0.110242 1.648050 -0.394795
v 0.068608 1.606624 -0.412499
v -0.334147 1.531606 -0.031506
v -0.021768 1.691106 -0.455996
v -0.074008 1.625801 -0.468089
v -0.287391 1.494087 -0.063307
v -0.276693 1.483107 -0.181351
v -0.110423 1.570498 -0.357388
v 0.339544 1.969540 -0.368890
v 0.392482 2.102932 -0.339811
v 0.385371 2.191886 -0.311455
v 0.374848 2.294431 -0.031505
v 0.213466 1.833048 0.354188
v -0.330146 1.526080 0.048897
v 0.012905 1.796457 0.438741
v 0.313975 2.227635 0.333318
v -0.492173 2.062041 0.210126
v -0.054776 2.217703 0.608940
v -0.520737 1.948681 0.264045
v -0.082459 2.114677 0.539086
v 0.324254 2.110245 0.451347
v -0.129107 1.612814 0.396868
v -0.340932 2.212147 0.324965
v -0.314509 2.101943 0.466863
v 0.442002 1.972170 0.161214
v 0.430609 2.158668 0.165896
v 0.436240 2.086338 0.173961
v 0.110242 1.648050 0.331783
v 0.068608 1.606623 0.349488
v -0.021767 1.691106 0.392985
v -0.074008 1.625801 0.405078
v -0.287391 1.494087 0.000296
v -0.276693 1.483107 0.118340
v -0.110422 1.570498 0.294377
v 0.339544 1.969539 0.305879
v 0.392482 2.102932 0.276799
v 0.385371 2.191886 0.248444
v -0.475219 2.229489 0.375352
v -0.011471 2.393858 0.146554
v -0.491783 2.252264 -0.371962
v -0.106381 2.325524 -0.385763
v 0.205646 2.464369 -0.619953
v 0.207421 2.471326 -0.533466
v 0.243094 2.442598 -0.531888
v 0.241319 2.435641 -0.618374
v -0.317969 2.385872 -0.400905
v -0.301828 2.414058 0.229188
v -0.008404 2.459749 0.128643
v -0.019447 2.416464 -0.409491
v 0.269308 2.423392 0.438060
v 0.303058 2.409819 0.352022
v 0.298119 2.465025 0.373897
v 0.267609 2.470150 0.416684
v 0.466399 2.415096 -0.154679
v 0.456069 2.408941 -0.187842
v 0.470284 2.456483 -0.158536
v 0.462114 2.454511 -0.196323
v -0.727168 2.391988 0.011477
v -0.709768 2.388199 0.422122
v -0.606591 2.366003 -0.070789
v -0.677877 2.379507 0.351810
v -0.570793 2.210430 0.272096
v -0.475190 2.186727 0.421007
v -0.393296 2.332224 0.185778
v -0.318389 2.332347 0.343519
v -0.608551 1.930861 0.289056
v -0.557987 1.918324 0.367816
v -0.281221 2.271508 0.158964
v -0.213985 2.316471 0.293224
v -0.362236 2.178612 0.437453
v -0.296109 2.155299 0.469222
v -0.333713 1.959472 0.421567
v -0.262720 1.980425 0.442695
v -0.410495 2.331941 -0.104299
v -0.325997 2.325421 -0.071703
v -0.415702 2.333010 0.055101
v -0.321099 2.302193 0.014192
v -0.555559 2.253412 0.187535
v -0.539471 2.256603 0.106379
v -0.640843 2.019750 0.177595
v -0.625278 2.096848 0.086658
v -0.401792 2.274432 0.269273
v -0.461659 2.143426 0.406842
v -0.640844 2.195443 -0.149988
v -0.658190 2.150158 -0.068790
v -0.650455 1.837884 0.072168
v -0.682924 1.841052 -0.029038
v -0.357235 2.322281 -0.248599
v -0.283357 2.317224 -0.202509
v -0.539238 2.168701 -0.303291
v -0.663871 1.959214 -0.228359
v -0.651049 1.953666 -0.336094
v -0.274324 2.304374 -0.324463
v -0.192521 2.338020 -0.238841
v -0.512325 2.225437 -0.308778
v -0.404500 2.236796 -0.418898
v -0.580545 2.016581 -0.395908
v -0.521666 2.022959 -0.437475
v -0.258834 2.235885 0.410675
v -0.344099 2.255480 0.419937
v -0.435512 2.208929 0.367509
v -0.070754 2.320628 -0.367654
v -0.055667 2.335734 -0.249721
v -0.095759 2.259702 -0.492280
v -0.170348 2.328571 -0.346058
v -0.329571 2.245147 -0.461617
v -0.124094 2.336877 -0.244281
v -0.101964 2.046006 -0.524475
v -0.258398 2.041126 -0.525801
v -0.089323 1.793464 -0.480732
v -0.138760 1.771624 -0.481190
v 0.100680 2.367735 -0.270399
v -0.048197 2.311915 -0.256805
v -0.018584 2.321950 -0.435198
v 0.130294 2.377771 -0.448792
v 0.359455 1.832417 -0.654679
v 0.298870 1.790815 -0.667197
v 0.293658 1.837306 -0.736658
v 0.354242 1.878908 -0.724139
v 0.204215 2.081230 -0.707565
v 0.104127 2.021690 -0.719464
v 0.092765 2.033393 -0.410395
v 0.192853 2.092932 -0.398497
v 0.069627 2.182561 -0.527526
v 0.185710 2.238387 -0.344262
v 0.194109 2.277896 -0.482792
v 0.061227 2.180707 -0.343414
v 0.167463 2.240909 -0.588252
v 0.216809 2.296260 -0.557541
v 0.204822 2.176411 -0.578850
v 0.242330 2.266798 -0.509305
v 0.302006 2.086614 -0.868571
v 0.347265 2.103584 -0.872704
v 0.321834 2.087167 -0.830047
v 0.359268 2.104113 -0.837198
v 0.244298 2.146598 -0.332856
v 0.146970 2.136047 -0.445570
v 0.183247 2.292361 -0.313045
v 0.083443 2.291011 -0.435493
v 0.565039 2.188796 -0.633847
v 0.530850 2.187813 -0.672679
v 0.573613 2.241165 -0.642480
v 0.539165 2.243121 -0.684998
v 0.283261 2.313426 -0.545628
v 0.300893 2.168814 -0.539308
v 0.373383 2.189211 -0.467044
v 0.349597 2.317745 -0.462733
v 0.400079 2.107877 0.212610
v 0.352234 2.197622 -0.045783
v 0.434764 2.248380 0.230038
v 0.394238 2.341126 -0.039443
v 0.680594 1.768111 -0.164440
v 0.665190 1.780635 -0.196829
v 0.706691 1.797710 -0.165250
v 0.692788 1.812185 -0.200079
v 0.548224 1.983155 -0.128233
v 0.473376 1.905316 -0.117798
v 0.513050 1.871364 -0.032074
v 0.583902 1.944387 -0.035957
v 0.412805 2.152295 -0.076576
v 0.456565 2.077408 0.161541
v 0.471231 2.262967 -0.078623
v 0.509333 2.184172 0.168314
v 0.657790 2.195814 -0.280342
v 0.660619 2.236954 -0.281509
v 0.675126 2.182228 -0.249210
v 0.681738 2.212977 -0.240925
v 0.415493 2.333544 -0.173795
v 0.344134 2.206881 -0.175547
v 0.458408 2.141580 -0.150305
v 0.522495 2.237272 -0.140170
v 0.128911 2.352014 -0.082532
v 0.149282 2.455200 -0.188081
v 0.160620 2.451653 -0.007136
v 0.192219 2.562104 -0.115129
v 0.284038 1.924666 -0.291813
v 0.314374 2.079026 -0.429155
v 0.488190 1.946085 -0.221537
v 0.518035 2.108691 -0.370680
v 0.411618 2.519652 -0.190421
v 0.218989 2.355305 -0.350828
v 0.184235 2.170612 -0.146886
v 0.357721 2.319271 0.017259
v 0.475610 1.656087 -0.570371
v 0.492795 1.730014 -0.639731
v 0.663149 1.585873 -0.617177
v 0.688562 1.663640 -0.688892
v -0.160591 2.252079 0.379700
v -0.022664 2.252785 0.367147
v 0.014114 2.223396 0.430982
v -0.128453 2.206528 0.446181
v 0.152058 1.914909 0.402132
v 0.047067 1.902487 0.413325
v 0.259450 1.734982 0.341186
v 0.226407 1.725135 0.344836
v -0.165174 2.250038 0.306875
v -0.027247 2.250745 0.294322
v 0.238753 1.833171 -0.492832
v 0.208022 1.878265 -0.433253
v 0.172578 1.793112 -0.525910
v 0.147491 1.812627 -0.500324
v 0.229421 1.775928 -0.545443
v 0.207644 1.762745 -0.556329
v 0.291097 1.874446 -0.382972
v 0.248615 1.918322 -0.386352
v -0.242699 1.155257 0.073423
v -0.208337 1.570488 0.073423
v -0.242699 1.155257 -0.131122
v -0.208337 1.570488 -0.131122
v -0.017473 1.142911 0.073423
v 0.042597 1.442149 0.082516
v -0.017473 1.142911 -0.131122
v 0.042597 1.440145 -0.148792
v -0.139528 1.155257 0.115813
v -0.105165 1.497703 0.135645
v 0.018174 1.137216 -0.027352
v 0.090949 1.426451 -0.027352
v -0.271309 1.155257 -0.030647
v -0.279668 1.600595 -0.030647
v -0.141325 1.155257 -0.161380
v -0.106963 1.497703 -0.182780
v -0.216917 1.466807 0.073423
v -0.216917 1.466807 -0.131122
v 0.014776 1.344762 -0.131122
v 0.014776 1.344762 0.073423
v -0.113745 1.412195 0.115813
v 0.050423 1.339067 -0.027352
v -0.245527 1.466807 -0.030647
v -0.115543 1.412195 -0.161380
v -0.228087 0.912026 -0.713515
v 0.145499 0.845550 -0.677126
v -0.229556 1.139493 -0.028850
v 0.104349 1.075787 -0.028850
v -0.032916 0.955114 -0.711373
v -0.032916 1.183288 -0.028850
v -0.375783 0.780963 -0.331681
v -0.397965 0.794851 -0.028850
v 0.182599 0.830318 -0.432336
v 0.201466 0.790719 -0.028850
v 0.104349 1.076490 -0.233126
v -0.234645 1.139438 -0.238173
v -0.032916 1.184164 -0.238265
v -0.441886 0.781720 -0.224536
v 0.187664 0.803241 -0.215203
v 0.206179 0.636659 -0.302330
v 0.222507 0.637612 -0.028850
v 0.209417 0.638529 -0.138787
v -0.253105 -0.032212 -0.353305
v -0.275857 -0.013111 -0.028850
v -0.283760 -0.017998 -0.175833
v -0.351407 0.960682 -0.344076
v -0.361463 1.006786 -0.028850
v -0.385694 0.999824 -0.235324
v -0.326379 -0.514439 -0.238739
v -0.400967 -0.504678 -0.028850
v -0.219055 -0.531045 -0.443246
v 0.109171 0.683861 -0.602551
v -0.086801 0.738788 -0.610772
v -0.292358 0.716383 -0.605979
v 0.165347 -0.094298 -0.273200
v 0.261733 -0.089893 -0.028850
v 0.236374 -0.092919 -0.115413
v 0.141232 -0.105866 -0.316021
v 0.019094 -0.080680 -0.441562
v -0.142506 -0.028449 -0.392975
v -0.052410 0.661713 -1.079014
v -0.224972 0.525025 -0.972961
v 0.059599 0.483233 -0.945474
v 0.040477 0.446935 -0.896160
v -0.095363 0.452309 -0.876014
v -0.217892 0.499333 -0.923040
v -0.076541 -0.272852 -2.188901
v -0.191876 -0.299114 -2.174646
v 0.021838 -0.318108 -2.140155
v 0.000360 -0.336115 -2.119879
v -0.111700 -0.354263 -2.102890
v -0.183159 -0.322794 -2.136369
v 0.315390 -0.640994 -0.257282
v 0.314198 -0.648619 -0.028850
v 0.314676 -0.643263 -0.144584
v 0.174486 -0.669163 -0.394440
v 0.006371 -0.657752 -0.500242
v -0.183761 -0.583475 -0.461832
v -0.319275 0.352762 -0.301507
v -0.395099 0.362068 -0.140385
v -0.370831 0.358979 -0.028850
v -0.099494 0.309660 -0.452661
v -0.020581 0.294420 -0.472496
v 0.222943 0.261222 -0.146594
v 0.223905 0.256937 -0.028850
v 0.083524 0.275055 -0.405621
v 0.190651 0.267516 -0.252447
v -0.073025 -0.311235 -2.311451
v -0.226066 -0.337502 -2.297189
v 0.075887 -0.363175 -2.255947
v 0.052787 -0.483747 -2.218030
v -0.103111 -0.455911 -2.194934
v -0.190425 -0.405704 -2.239694
v -0.073025 -0.487981 -2.459024
v -0.226066 -0.514236 -2.444783
v 0.075888 -0.539675 -2.403315
v 0.028801 -0.636361 -2.316753
v -0.095289 -0.593724 -2.359317
v -0.209339 -0.556506 -2.376781
v 0.062552 0.908283 -0.707323
v 0.062552 1.137020 -0.028850
v 0.062552 1.137800 -0.235661
v 0.090868 -0.663633 -0.459979
v 0.002177 0.707283 -0.606188
v 0.106387 -0.090823 -0.395406
v 0.026138 0.606397 -1.034609
v -0.027443 0.440598 -0.868182
v -0.020429 -0.298690 -2.161057
v -0.055440 -0.367798 -2.085423
v 0.031226 0.285007 -0.439090
v 0.001347 -0.337440 -2.283598
v -0.038942 -0.472235 -2.188943
v 0.001431 -0.513843 -2.431144
v -0.045069 -0.610538 -2.343854
v -0.187974 0.933518 -0.712156
v -0.131031 1.161453 -0.028850
v -0.131031 1.162439 -0.238213
v -0.194988 0.732888 -0.600684
v -0.064158 -0.055584 -0.400586
v -0.186598 0.611705 -1.039011
v -0.136031 0.468185 -0.894360
v -0.134209 -0.286007 -2.181736
v -0.149545 -0.324398 -2.304273
v -0.145624 -0.336861 -2.111820
v -0.087602 -0.621061 -0.468768
v -0.059797 0.301970 -0.462539
v -0.149848 -0.435766 -2.209001
v -0.149545 -0.501122 -2.451880
v -0.164716 -0.581618 -2.362129
v 0.118340 -0.737916 -2.593842
v 0.098879 -0.777887 -2.558050
v 0.072544 -0.725731 -2.605354
v 0.058341 -0.763353 -2.568843
v 0.014875 -0.700460 -2.600851
v -0.031051 -0.690650 -2.621143
v 0.006895 -0.767665 -2.536570
v -0.048044 -0.755432 -2.555594
v -0.098007 -0.705579 -2.641753
v -0.086150 -0.757050 -2.551692
v -0.161479 -0.705911 -2.634606
v -0.148758 -0.751675 -2.543561
v -0.214751 -0.697680 -2.577657
v -0.260337 -0.713622 -2.573504
v -0.250498 -0.750953 -2.519569
v -0.201843 -0.749035 -2.524321
v 0.075888 -0.498067 -2.367003
v 0.048806 -0.579130 -2.307016
v -0.073025 -0.446397 -2.422676
v -0.198746 -0.506087 -2.335500
v -0.224990 -0.472440 -2.406956
v -0.105964 -0.545432 -2.296181
v -0.039239 -0.568241 -2.285125
v 0.001431 -0.472218 -2.394778
v -0.156318 -0.528733 -2.307552
v -0.149542 -0.459044 -2.415106
v 0.245657 -0.583024 -2.401671
v 0.230240 -0.649369 -2.330065
v 0.191567 -0.640947 -2.436005
v 0.178234 -0.688697 -2.387468
v 0.044981 0.338377 -1.328722
v -0.064476 0.416035 -1.400572
v -0.207914 0.311975 -1.283800
v -0.103695 0.200285 -1.202565
v 0.020337 0.206559 -1.222093
v -0.217260 0.362201 -1.326554
v -0.041679 0.181070 -1.196309
v 0.012927 0.365908 -1.354124
v -0.151229 0.367244 -1.355902
v -0.140827 0.224884 -1.220227
v 0.033410 -0.007008 -1.736249
v -0.180839 -0.046678 -1.700013
v 0.010349 -0.060589 -1.688624
v -0.048560 -0.121577 -1.661510
v -0.003751 0.052249 -1.776605
v -0.142719 0.069252 -1.794582
v -0.143226 -0.116650 -1.676284
v -0.070508 0.090232 -1.813751
v -0.107697 -0.137651 -1.662988
v -0.176435 0.049806 -1.775941
v -0.228087 0.912026 0.655815
v 0.145499 0.845550 0.619426
v -0.032916 0.955114 0.653673
v -0.375783 0.780963 0.273981
v 0.182599 0.830318 0.374636
v 0.104349 1.076490 0.175426
v -0.234645 1.139438 0.180473
v -0.032916 1.184164 0.180565
v -0.441886 0.781720 0.166836
v 0.187664 0.803241 0.157503
v 0.206179 0.636659 0.244630
v 0.209417 0.638529 0.081087
v -0.253105 -0.032212 0.295605
v -0.283760 -0.017998 0.118133
v -0.351407 0.960682 0.286376
v -0.385694 0.999824 0.177624
v -0.326379 -0.514439 0.181039
v -0.219055 -0.531045 0.385546
v 0.109171 0.683861 0.544851
v -0.086801 0.738788 0.553072
v -0.292358 0.716383 0.548279
v 0.165347 -0.094298 0.215500
v 0.236374 -0.092919 0.057713
v 0.141232 -0.105866 0.258321
v 0.019094 -0.080680 0.383862
v -0.142506 -0.028449 0.335275
v -0.052410 0.661713 1.021314
v -0.224972 0.525025 0.915261
v 0.059599 0.483233 0.887774
v 0.039665 0.450058 0.841055
v -0.095363 0.452309 0.818314
v -0.217892 0.499333 0.865340
v -0.076541 -0.272852 2.131201
v -0.191876 -0.299114 2.116946
v 0.021839 -0.318108 2.082455
v 0.000360 -0.336115 2.062178
v -0.111700 -0.354263 2.045191
v -0.183159 -0.322794 2.078669
v 0.315390 -0.640994 0.199582
v 0.314676 -0.643263 0.086884
v 0.174486 -0.669163 0.336740
v 0.006371 -0.657752 0.442542
v -0.183762 -0.583475 0.404132
v -0.319275 0.352762 0.243807
v -0.395099 0.362068 0.082685
v -0.099494 0.309660 0.394961
v -0.020581 0.294420 0.414796
v 0.222943 0.261222 0.088894
v 0.083524 0.275055 0.347921
v 0.190651 0.267516 0.194747
v -0.073025 -0.311235 2.253751
v -0.226065 -0.337502 2.239490
v 0.075887 -0.363175 2.198247
v 0.052787 -0.483747 2.160331
v -0.103111 -0.455911 2.137234
v -0.190425 -0.405704 2.181995
v -0.073025 -0.487981 2.401324
v -0.226065 -0.514236 2.387083
v 0.075888 -0.539675 2.345614
v 0.028801 -0.636361 2.259053
v -0.095289 -0.593724 2.301617
v -0.209339 -0.556506 2.319081
v 0.062552 0.908283 0.649623
v 0.062552 1.137800 0.177961
v 0.090868 -0.663633 0.402279
v 0.002177 0.707283 0.548488
v 0.106387 -0.090823 0.337706
v 0.026138 0.606397 0.976909
v -0.027443 0.440598 0.810482
v -0.020429 -0.298689 2.103358
v -0.055440 -0.367798 2.027724
v 0.031226 0.285007 0.381390
v 0.001347 -0.337440 2.225899
v -0.038942 -0.472235 2.131243
v 0.001432 -0.513843 2.373444
v -0.045069 -0.610538 2.286154
v -0.187974 0.933517 0.654456
v -0.131031 1.162439 0.180513
v -0.194988 0.732888 0.542984
v -0.064158 -0.055584 0.342886
v -0.186598 0.611705 0.981312
v -0.136031 0.468185 0.836659
v -0.134209 -0.286007 2.124035
v -0.149545 -0.324398 2.246573
v -0.145624 -0.336861 2.054120
v -0.087602 -0.621061 0.411068
v -0.059797 0.301970 0.404839
v -0.149848 -0.435766 2.151301
v -0.149545 -0.501122 2.394181
v -0.164715 -0.581618 2.304430
v 0.118340 -0.737916 2.536143
v 0.098879 -0.777887 2.500350
v 0.072544 -0.725731 2.547654
v 0.058341 -0.763353 2.511144
v 0.014876 -0.700460 2.543151
v -0.031051 -0.690650 2.563443
v 0.006895 -0.767665 2.478870
v -0.048044 -0.755432 2.497894
v -0.098007 -0.705579 2.584054
v -0.086150 -0.757050 2.493993
v -0.161478 -0.705911 2.576906
v -0.148758 -0.751674 2.485861
v -0.214750 -0.697680 2.519957
v -0.260337 -0.713622 2.515805
v -0.250498 -0.750953 2.461869
v -0.201843 -0.749035 2.466621
v 0.075888 -0.498067 2.309303
v 0.048806 -0.579130 2.249317
v -0.073025 -0.446397 2.364976
v -0.198745 -0.506087 2.277801
v -0.224990 -0.472440 2.349256
v -0.105964 -0.545432 2.238481
v -0.039239 -0.568241 2.227425
v 0.001432 -0.472218 2.337078
v -0.156318 -0.528733 2.249852
v -0.149542 -0.459044 2.357405
v 0.245657 -0.583024 2.343971
v 0.230240 -0.649369 2.272366
v 0.191567 -0.640947 2.378305
v 0.178234 -0.688697 2.329767
v 0.044981 0.338377 1.271022
v -0.064475 0.416036 1.342872
v -0.207914 0.311975 1.226100
v -0.103695 0.200285 1.144865
v 0.020337 0.206559 1.164393
v -0.217260 0.362201 1.268854
v -0.041679 0.181070 1.138610
v 0.012927 0.365908 1.296424
v -0.151229 0.367244 1.298202
v -0.140827 0.224884 1.162527
v 0.033410 -0.007008 1.678549
v -0.180839 -0.046678 1.642313
v 0.010349 -0.060589 1.630924
v -0.048559 -0.121577 1.603810
v -0.003751 0.052249 1.718905
v -0.142719 0.069252 1.736882
v -0.143226 -0.116650 1.618584
v -0.070508 0.090232 1.756051
v -0.107697 -0.137650 1.605288
v -0.176435 0.049806 1.718241
v 0.102413 2.137983 0.207125
v 0.145736 2.130248 0.039557
v 0.057060 2.286243 0.170671
v 0.115530 2.263935 -0.009724
v 0.532903 2.162602 0.303681
v 0.545754 2.162133 0.253557
v 0.546765 2.214447 0.306936
v 0.562625 2.216851 0.254582
v 0.315363 2.287836 0.095518
v 0.307786 2.155275 0.128069
v 0.287389 2.173250 0.239144
v 0.275154 2.302630 0.224430
v -0.253800 0.912027 -0.713515
v 0.162862 0.861809 -0.703865
v -0.321588 1.139493 -0.028850
v 0.151031 0.998199 -0.028850
v -0.032916 0.989097 -0.745256
v -0.375783 0.780963 -0.331681
v -0.416347 0.794851 -0.028850
v 0.223960 0.830318 -0.432336
v 0.223960 0.805676 -0.028850
v 0.139116 1.091448 -0.233126
v -0.301814 1.139438 -0.238173
v -0.048633 1.187622 -0.255601
v -0.441886 0.781720 -0.224536
v 0.223960 0.806529 -0.217253
v 0.230951 0.636659 -0.302330
v 0.237874 0.637612 -0.028850
v 0.238095 0.638529 -0.138787
v -0.267218 -0.030871 -0.359800
v -0.353939 -0.010082 -0.028850
v -0.322994 -0.015757 -0.175860
v -0.351407 0.960682 -0.344076
v -0.375614 1.006786 -0.028850
v -0.385694 0.999824 -0.235324
v -0.399037 -0.561542 -0.238739
v -0.447498 -0.551749 -0.028850
v -0.252697 -0.573883 -0.461413
v 0.136330 0.658513 -0.602551
v -0.086801 0.603204 -0.610772
v -0.311380 0.703648 -0.609838
v 0.268940 -0.092423 -0.261302
v 0.293139 -0.087955 -0.028850
v 0.308882 -0.092565 -0.111419
v 0.145989 -0.103555 -0.326291
v 0.018876 -0.077972 -0.477847
v -0.148127 -0.026507 -0.404302
v -0.052410 0.670404 -1.081729
v -0.238019 0.532418 -0.989519
v 0.059599 0.483233 -0.945474
v 0.046168 0.438696 -0.889328
v -0.095363 0.432755 -0.857908
v -0.230939 0.506726 -0.939598
v -0.068683 -0.220104 -2.220282
v -0.245919 -0.264270 -2.201825
v 0.077793 -0.294809 -2.142581
v 0.045631 -0.346094 -2.103396
v -0.137474 -0.448221 -2.021580
v -0.270978 -0.305067 -2.125458
v 0.315390 -0.640994 -0.257282
v 0.314198 -0.648619 -0.028850
v 0.314676 -0.643263 -0.144584
v 0.174486 -0.669163 -0.394440
v 0.006371 -0.653490 -0.543685
v -0.161350 -0.545146 -0.502529
v -0.358361 0.355446 -0.301507
v -0.403767 0.362594 -0.140385
v -0.379077 0.359682 -0.028850
v -0.099494 0.310038 -0.454769
v -0.020581 0.294958 -0.475493
v 0.227235 0.261659 -0.146680
v 0.229302 0.257468 -0.028850
v 0.083524 0.275727 -0.409364
v 0.238388 0.267945 -0.247292
v 0.062552 0.927857 -0.719545
v 0.062552 1.145797 -0.265234
v 0.090868 -0.659371 -0.478146
v 0.002177 0.643025 -0.606188
v 0.107977 -0.088202 -0.430313
v 0.026138 0.606397 -1.034609
v -0.027443 0.421044 -0.850076
v 0.045111 -0.272416 -2.183910
v -0.044722 -0.410411 -2.038497
v 0.031226 0.285641 -0.442627
v -0.187974 0.962583 -0.734704
v -0.338378 1.161453 -0.028850
v -0.131031 1.182251 -0.212673
v -0.194988 0.644099 -0.600684
v -0.066439 -0.053137 -0.414575
v -0.175129 0.659417 -1.039011
v -0.189512 0.475578 -0.894359
v -0.144793 -0.241749 -2.216535
v -0.182246 -0.425253 -2.033364
v -0.065191 -0.581033 -0.499045
v -0.059797 0.302437 -0.465143
v 0.065901 0.334558 -1.307957
v -0.064476 0.416035 -1.400572
v -0.232692 0.311976 -1.283800
v -0.103695 0.200285 -1.202565
v 0.028269 0.201425 -1.214788
v -0.217260 0.362201 -1.326554
v -0.041679 0.181070 -1.196309
v 0.012927 0.365908 -1.354124
v -0.151229 0.400357 -1.355902
v -0.140827 0.224884 -1.220227
v 0.057273 0.044486 -1.757341
v -0.225695 -0.064256 -1.677729
v 0.034212 -0.114307 -1.669345
v -0.048560 -0.142893 -1.639226
v -0.003751 0.080347 -1.790816
v -0.142719 0.097350 -1.808792
v -0.143226 -0.137966 -1.653999
v -0.070508 0.118330 -1.827961
v -0.107698 -0.158966 -1.640704
v -0.230076 0.019968 -1.740134
v 0.090480 1.172516 -0.028850
v 0.050927 1.202241 -0.167207
v -0.027545 1.237457 -0.221961
v 0.052250 1.223779 -0.192818
v -0.306721 1.234476 -0.028850
v -0.111017 1.234606 -0.213012
v 0.284315 -0.377589 -0.216679
v 0.233993 -0.383546 -0.349757
v -0.257702 -0.305775 -0.410606
v -0.325352 -0.287517 -0.207299
v 0.311860 -0.408037 -0.028850
v 0.299016 -0.399107 -0.160810
v 0.034932 -0.367688 -0.528082
v -0.157199 -0.315348 -0.470912
v -0.350948 -0.285156 -0.028850
v 0.152028 -0.390176 -0.464966
v -0.050573 -0.334660 -0.498291
v 0.315192 -0.503851 -0.258287
v -0.220655 -0.438130 -0.436009
v 0.031908 -0.477428 -0.521909
v -0.411980 -0.416332 -0.028850
v 0.117556 -0.484396 -0.460872
v -0.082311 -0.447506 -0.521186
v 0.183388 -0.484812 -0.378905
v -0.367898 -0.425096 -0.223019
v 0.320348 -0.508453 -0.028850
v 0.324643 -0.505588 -0.136293
v -0.174853 -0.441037 -0.498412
v 0.075832 1.296011 -0.028850
v 0.032268 1.320025 -0.134382
v -0.049300 1.323563 -0.191336
v -0.004280 1.324343 -0.169751
v -0.306571 1.320251 -0.028850
v -0.131498 1.322876 -0.172112
v -0.338473 1.139465 -0.138268
v -0.438308 0.788286 -0.131449
v -0.338467 -0.012919 -0.102355
v -0.387729 1.003305 -0.136843
v -0.423268 -0.556645 -0.133794
v -0.391422 0.361138 -0.084617
v -0.309428 1.171852 -0.107986
v -0.272478 1.234541 -0.125688
v -0.338150 -0.286336 -0.118075
v -0.389939 -0.420714 -0.125935
v -0.272947 1.320375 -0.135733
v 0.048118 -0.125852 -1.956857
v -0.220781 -0.210845 -1.910863
v 0.025848 -0.233895 -1.895988
v -0.052000 -0.262226 -1.863701
v 0.008190 -0.098248 -1.989238
v -0.138464 -0.058832 -1.982095
v -0.151434 -0.265386 -1.869143
v -0.073525 -0.017029 -1.969740
v -0.116708 -0.284587 -1.858031
v -0.227330 -0.112955 -1.972414
v -0.068498 0.232464 -1.668899
v -0.066487 0.318786 -1.527981
v -0.106363 -0.022701 -1.484565
v -0.105029 0.079158 -1.331179
v -0.251002 0.138134 -1.590515
v -0.237567 0.244441 -1.458535
v 0.049078 0.234659 -1.463422
v 0.061346 0.138958 -1.599109
v -0.213841 0.188609 -1.409230
v -0.219768 0.065243 -1.534661
v 0.024962 0.098228 -1.353744
v 0.029587 0.009163 -1.510168
v -0.043972 0.071706 -1.326516
v -0.046266 -0.047024 -1.472332
v 0.017190 0.262235 -1.484634
v 0.014407 0.185852 -1.628653
v -0.153641 0.292228 -1.494689
v -0.145556 0.193118 -1.641229
v -0.141627 0.102558 -1.347385
v -0.142426 -0.000501 -1.499316
v 0.043541 -0.213399 -2.053049
v -0.242185 -0.244068 -2.026615
v 0.021667 -0.268228 -2.009997
v -0.053720 -0.351212 -1.976627
v 0.014160 -0.189924 -2.084882
v -0.136337 -0.171943 -2.108130
v -0.155538 -0.303635 -1.977403
v -0.075033 -0.154398 -2.115051
v -0.121213 -0.368640 -1.931757
v -0.240274 -0.195083 -2.081546
v -0.045159 -0.289187 -2.342529
v -0.271034 -0.333599 -2.315300
v 0.106787 -0.380583 -2.238837
v 0.070854 -0.445450 -2.189717
v -0.168720 -0.540350 -2.110631
v -0.319536 -0.397851 -2.220432
v 0.075280 -0.348217 -2.291178
v -0.053501 -0.499361 -2.139611
v -0.141623 -0.317589 -2.338089
v -0.225473 -0.511236 -2.125569
v -0.253800 0.912027 0.655815
v 0.162862 0.861809 0.646165
v -0.032916 0.989097 0.687556
v -0.375783 0.780963 0.273981
v 0.223960 0.830318 0.374636
v 0.139116 1.091448 0.175426
v -0.301814 1.139438 0.180473
v -0.048633 1.187621 0.197901
v -0.441886 0.781720 0.166836
v 0.223960 0.806529 0.159553
v 0.230951 0.636659 0.244630
v 0.238095 0.638529 0.081087
v -0.267218 -0.030871 0.302099
v -0.322994 -0.015757 0.118160
v -0.351407 0.960682 0.286376
v -0.385694 0.999824 0.177624
v -0.399037 -0.561542 0.181039
v -0.252697 -0.573883 0.403713
v 0.136330 0.658513 0.544851
v -0.086801 0.603204 0.553072
v -0.311380 0.703648 0.552138
v 0.268939 -0.092423 0.203602
v 0.308883 -0.092566 0.053719
v 0.145989 -0.103554 0.268591
v 0.018876 -0.077972 0.420147
v -0.148127 -0.026507 0.346602
v -0.052410 0.670404 1.024029
v -0.238019 0.532418 0.931819
v 0.059599 0.483233 0.887774
v 0.040478 0.446935 0.838460
v -0.095363 0.432755 0.800208
v -0.230939 0.506726 0.881898
v -0.068683 -0.220104 2.162582
v -0.245919 -0.264270 2.144125
v 0.077793 -0.294809 2.084881
v 0.045631 -0.346093 2.045696
v -0.137473 -0.448221 1.963880
v -0.270978 -0.305067 2.067759
v 0.315390 -0.640994 0.199582
v 0.314676 -0.643263 0.086884
v 0.174486 -0.669163 0.336740
v 0.006371 -0.653490 0.485985
v -0.161350 -0.545146 0.444829
v -0.358361 0.355446 0.243807
v -0.403767 0.362594 0.082685
v -0.099494 0.310038 0.397069
v -0.020581 0.294958 0.417793
v 0.227235 0.261659 0.088980
v 0.083524 0.275727 0.351664
v 0.238388 0.267945 0.189592
v 0.062552 0.927857 0.661844
v 0.062552 1.145797 0.207534
v 0.090868 -0.659371 0.420446
v 0.002177 0.643025 0.548488
v 0.107977 -0.088201 0.372612
v 0.026138 0.606397 0.976909
v -0.027443 0.421044 0.792376
v 0.045111 -0.272416 2.126210
v -0.044722 -0.410411 1.980797
v 0.031226 0.285641 0.384927
v -0.187974 0.962584 0.677004
v -0.131031 1.182251 0.154973
v -0.194988 0.644099 0.542984
v -0.066439 -0.053137 0.356874
v -0.175129 0.659417 0.981312
v -0.189512 0.475578 0.836659
v -0.144792 -0.241749 2.158835
v -0.182246 -0.425253 1.975665
v -0.065191 -0.581033 0.441344
v -0.059797 0.302437 0.407443
v 0.050354 0.337011 1.269334
v -0.064475 0.416036 1.342872
v -0.232691 0.311976 1.226100
v -0.103695 0.200285 1.144865
v 0.020337 0.206559 1.164393
v -0.217260 0.362201 1.268854
v -0.041679 0.181070 1.138610
v 0.012927 0.365908 1.296424
v -0.151229 0.400357 1.298202
v -0.140827 0.224884 1.162527
v 0.057273 0.044486 1.699641
v -0.225695 -0.064256 1.620028
v 0.034212 -0.114307 1.611645
v -0.048559 -0.142893 1.581526
v -0.003751 0.080347 1.733116
v -0.142719 0.097350 1.751092
v -0.143226 -0.137965 1.596299
v -0.070508 0.118330 1.770261
v -0.107697 -0.158966 1.583003
v -0.230076 0.019968 1.682433
v 0.050927 1.202241 0.109507
v -0.027545 1.237457 0.164261
v 0.052250 1.223779 0.135119
v -0.111017 1.234605 0.155312
v 0.284315 -0.377589 0.158979
v 0.233993 -0.383546 0.292057
v -0.257702 -0.305775 0.352906
v -0.325352 -0.287517 0.149599
v 0.299016 -0.399107 0.103110
v 0.034932 -0.367688 0.470382
v -0.157199 -0.315348 0.413212
v 0.152028 -0.390176 0.407266
v -0.050573 -0.334660 0.440590
v 0.315192 -0.503851 0.200587
v -0.220655 -0.438130 0.378309
v 0.031908 -0.477428 0.464209
v 0.117556 -0.484396 0.403171
v -0.082311 -0.447506 0.463486
v 0.183388 -0.484812 0.321205
v -0.367898 -0.425096 0.165319
v 0.324643 -0.505588 0.078593
v -0.174853 -0.441037 0.440712
v 0.032268 1.320025 0.076682
v -0.049300 1.323563 0.133636
v -0.004280 1.324343 0.112051
v -0.131498 1.322876 0.114412
v -0.338473 1.139465 0.080568
v -0.438308 0.788286 0.073749
v -0.338467 -0.012919 0.044655
v -0.387729 1.003305 0.079143
v -0.423268 -0.556645 0.076094
v -0.391422 0.361138 0.026917
v -0.309429 1.171852 0.050286
v -0.272478 1.234541 0.067988
v -0.338150 -0.286336 0.060375
v -0.389939 -0.420714 0.068234
v -0.272947 1.320374 0.078034
v 0.048119 -0.125852 1.899158
v -0.220781 -0.210845 1.853163
v 0.025849 -0.233895 1.838288
v -0.052000 -0.262226 1.806001
v 0.008190 -0.098248 1.931538
v -0.138464 -0.058832 1.924395
v -0.151434 -0.265386 1.811443
v -0.073525 -0.017028 1.912039
v -0.116707 -0.284587 1.800331
v -0.227330 -0.112954 1.914714
v -0.068497 0.232464 1.611199
v -0.066486 0.318787 1.470281
v -0.106363 -0.022701 1.426865
v -0.105029 0.079158 1.273479
v -0.251002 0.138134 1.532815
v -0.237567 0.244441 1.400835
v 0.049078 0.234659 1.405722
v 0.061346 0.138958 1.541409
v -0.213841 0.188609 1.351530
v -0.219768 0.065243 1.476961
v 0.024962 0.098227 1.296044
v 0.029587 0.009163 1.452468
v -0.043972 0.071706 1.268816
v -0.046266 -0.047024 1.414632
v 0.017190 0.262235 1.426934
v 0.014407 0.185852 1.570953
v -0.153641 0.292229 1.436989
v -0.145556 0.193118 1.583529
v -0.141627 0.102558 1.289685
v -0.142426 -0.000501 1.441616
v 0.043541 -0.213399 1.995349
v -0.242185 -0.244068 1.968915
v 0.021667 -0.268228 1.952298
v -0.053720 -0.351212 1.918927
v 0.014160 -0.189924 2.027183
v -0.136336 -0.171943 2.050430
v -0.155538 -0.303635 1.919703
v -0.075033 -0.154398 2.057351
v -0.121213 -0.368640 1.874057
v -0.240274 -0.195083 2.023847
v -0.045159 -0.289187 2.284829
v -0.271034 -0.333599 2.257600
v 0.106787 -0.380583 2.181137
v 0.070854 -0.445450 2.132016
v -0.168719 -0.540350 2.052931
v -0.319536 -0.397851 2.162732
v 0.075280 -0.348217 2.233479
v -0.053501 -0.499360 2.081911
v -0.141622 -0.317589 2.280389
v -0.225473 -0.511236 2.067869
v -0.066942 2.256392 0.092973
v 0.099648 2.209124 0.098404
v -0.007875 2.395337 0.042256
v 0.170758 2.330132 0.059501
v -0.040755 2.286937 0.531666
v -0.004628 2.279543 0.524888
v -0.031611 2.323600 0.541136
v 0.007251 2.317824 0.535623
v 0.115012 2.351351 0.313533
v 0.052076 2.230001 0.311918
v -0.053646 2.273338 0.316567
v -0.012571 2.396735 0.302733
v -0.222786 2.264800 -0.263776
v -0.307692 2.233184 -0.116104
v -0.174404 2.396019 -0.187571
v -0.278515 2.350065 -0.034248
v -0.425281 2.367684 -0.429414
v -0.486916 2.358179 -0.414783
v -0.435897 2.433313 -0.432479
v -0.502060 2.427304 -0.419042
v -0.417262 2.414251 -0.188483
v -0.414198 2.290051 -0.245527
v -0.364718 2.324698 -0.342625
v -0.344487 2.446198 -0.298651
v -0.104066 -1.217787 -0.028850
v 0.294839 -1.015200 -0.028850
v 0.410395 -0.494978 -0.028850
v -0.454541 -0.540746 -0.028850
v -0.455426 -0.890209 -0.028850
v -0.260871 -0.538231 -0.452240
v -0.312752 -0.963514 -0.463255
v -0.350938 -0.523862 -0.273126
v -0.390296 -0.926157 -0.323605
v 0.237412 -0.515535 -0.376941
v 0.262888 -0.924188 -0.479021
v 0.314916 -0.511818 -0.283715
v 0.335716 -0.920077 -0.357796
v -0.622833 -3.895012 -0.554499
v -0.609741 -3.898212 -0.420683
v -0.546848 -3.910855 -0.759634
v 0.100658 -3.971157 -0.667860
v 0.180560 -3.960786 -0.511711
v 0.169333 -3.989533 -0.349625
v 0.061824 -0.520812 -0.538137
v -0.049246 -1.007584 -0.585576
v -0.169982 -3.991984 -0.897328
v -0.175027 -3.993325 -0.157344
v -0.391053 -0.517591 -0.212475
v -0.442235 -0.909156 -0.230054
v 0.359931 -0.498841 -0.207094
v 0.262746 -1.020512 -0.229605
v -0.104337 -1.219552 -0.069564
v 0.117834 -1.131842 -0.028850
v 0.151001 -0.518836 -0.475210
v -0.020700 -4.026598 -0.228873
v 0.112460 -0.988780 -0.610597
v -0.013928 -4.025461 -0.876043
v 0.082795 -1.135072 -0.141557
v -0.305341 -1.153091 -0.028850
v -0.173570 -0.953200 -0.544471
v -0.374595 -3.948211 -0.836848
v -0.089894 -0.523387 -0.535049
v -0.460063 -3.931402 -0.257183
v -0.306830 -1.153885 -0.072678
v -0.497992 -0.713683 -0.028850
v -0.268237 -0.771830 -0.467374
v -0.370389 -0.760142 -0.291303
v 0.245812 -0.725821 -0.422212
v 0.304139 -0.715673 -0.315074
v 0.410893 -0.756828 -0.028850
v 0.037380 -0.759970 -0.580723
v -0.449074 -0.748802 -0.217273
v 0.347687 -0.761940 -0.199791
v 0.152612 -0.745451 -0.547242
v -0.126244 -0.764749 -0.562419
v 0.136639 -1.357603 -0.562489
v 0.017981 -3.213017 -0.652629
v -0.435652 -3.119817 -0.600250
v -0.327393 -1.265428 -0.487430
v -0.483412 -3.134854 -0.501031
v -0.383146 -1.255654 -0.396811
v 0.218453 -1.336729 -0.422228
v 0.049047 -3.215242 -0.499683
v -0.120912 -1.390800 -0.649940
v -0.213764 -3.145520 -0.885255
v -0.160816 -1.554412 -0.180796
v -0.197995 -3.290323 -0.185644
v -0.465765 -3.193651 -0.388321
v -0.371704 -1.385314 -0.261887
v 0.072062 -3.263259 -0.379429
v 0.211934 -1.391102 -0.298641
v -0.061974 -3.272899 -0.255655
v 0.071153 -1.486891 -0.235564
v -0.069392 -3.173130 -0.918190
v 0.004213 -1.387591 -0.670367
v -0.329305 -3.123417 -0.756994
v -0.214851 -1.328715 -0.599555
v -0.356269 -3.255830 -0.253404
v -0.320867 -1.478369 -0.253830
v 0.055613 -3.515974 -0.646997
v 0.082153 -3.803270 -0.584804
v 0.107108 -3.523789 -0.496480
v 0.155733 -3.827732 -0.500476
v -0.191584 -3.450670 -0.866129
v -0.182143 -3.740260 -0.791308
v -0.183854 -3.544652 -0.211047
v -0.180905 -3.783428 -0.137494
v -0.503842 -3.677885 -0.603623
v -0.463482 -3.408928 -0.630604
v -0.568079 -3.681306 -0.527689
v -0.520393 -3.413552 -0.512638
v -0.555001 -3.704692 -0.361457
v -0.504677 -3.453196 -0.447195
v 0.147522 -3.843571 -0.318009
v 0.052249 -3.541215 -0.420927
v -0.033723 -3.813057 -0.201194
v -0.040343 -3.545758 -0.267525
v -0.030594 -3.772253 -0.788625
v -0.044476 -3.480613 -0.881848
v -0.355482 -3.704689 -0.708330
v -0.335997 -3.421660 -0.760271
v -0.421842 -3.735489 -0.217489
v -0.384860 -3.500009 -0.270922
v -0.612661 -4.150513 -0.568274
v -0.630338 -4.120688 -0.447725
v -0.551890 -4.129512 -0.754332
v 0.077507 -4.133280 -0.710402
v 0.203780 -4.120460 -0.527429
v 0.187683 -4.130587 -0.343916
v -0.187171 -4.248254 -0.877106
v -0.188940 -4.249461 -0.210490
v -0.048602 -4.275343 -0.276126
v -0.044575 -4.289325 -0.841103
v -0.373374 -4.208820 -0.822625
v -0.480067 -4.160970 -0.300433
v -0.020654 -2.284008 -0.633000
v -0.456152 -2.210282 -0.589981
v -0.509200 -2.232666 -0.497960
v 0.027649 -2.296419 -0.495635
v -0.237316 -2.246788 -0.801414
v -0.238198 -2.477001 -0.199591
v -0.483627 -2.349573 -0.372211
v 0.040838 -2.361739 -0.382007
v -0.072314 -2.428638 -0.265666
v -0.108068 -2.257375 -0.822333
v -0.344252 -2.215630 -0.717667
v -0.399857 -2.426502 -0.269290
v -0.324785 -1.025135 -0.469173
v -0.387459 -0.988825 -0.339226
v -0.401146 -0.983846 -0.249904
v 0.248698 -1.091492 -0.260060
v 0.083342 -1.204950 -0.159079
v 0.076499 -1.076839 -0.648086
v -0.193962 -1.032473 -0.561501
v -0.300213 -1.215654 -0.155393
v 0.231693 -1.013735 -0.521843
v 0.310848 -1.000988 -0.382692
v -0.074343 -1.090095 -0.613089
v -0.110577 -1.286033 -0.079517
v -0.260871 -0.538231 0.394540
v -0.312752 -0.963514 0.405555
v -0.350938 -0.523862 0.215426
v -0.390296 -0.926157 0.265905
v 0.237412 -0.515535 0.319241
v 0.262888 -0.924188 0.421321
v 0.314916 -0.511818 0.226015
v 0.335716 -0.920077 0.300096
v -0.622834 -3.895012 0.496799
v -0.609741 -3.898212 0.362983
v -0.546848 -3.910855 0.701934
v 0.100659 -3.971156 0.610160
v 0.180560 -3.960786 0.454011
v 0.169333 -3.989532 0.291924
v 0.061824 -0.520812 0.480437
v -0.049246 -1.007584 0.527875
v -0.169982 -3.991984 0.839628
v -0.175027 -3.993325 0.099644
v -0.391053 -0.517591 0.154775
v -0.442235 -0.909156 0.172354
v 0.359932 -0.498841 0.149393
v 0.262746 -1.020512 0.171905
v -0.104337 -1.219552 0.011864
v 0.151001 -0.518836 0.417510
v -0.020700 -4.026598 0.171172
v 0.112460 -0.988780 0.552896
v -0.013928 -4.025460 0.818343
v 0.082795 -1.135072 0.083857
v -0.173570 -0.953200 0.486771
v -0.374595 -3.948210 0.779148
v -0.089894 -0.523387 0.477349
v -0.460063 -3.931403 0.199483
v -0.306830 -1.153885 0.014978
v -0.268237 -0.771830 0.409674
v -0.370389 -0.760142 0.233603
v 0.245812 -0.725821 0.364512
v 0.304138 -0.715673 0.257374
v 0.037380 -0.759969 0.523023
v -0.449074 -0.748802 0.159573
v 0.347687 -0.761940 0.142091
v 0.152612 -0.745451 0.489542
v -0.126244 -0.764748 0.504718
v 0.136639 -1.357603 0.504788
v 0.017981 -3.213017 0.594929
v -0.435652 -3.119817 0.542550
v -0.327393 -1.265428 0.429730
v -0.483412 -3.134853 0.443331
v -0.383146 -1.255654 0.339111
v 0.218453 -1.336729 0.364528
v 0.049047 -3.215241 0.441983
v -0.120912 -1.390800 0.592240
v -0.213764 -3.145519 0.827554
v -0.160816 -1.554412 0.123096
v -0.197995 -3.290323 0.127944
v -0.465765 -3.193651 0.330620
v -0.371704 -1.385314 0.204187
v 0.072062 -3.263260 0.321728
v 0.211934 -1.391102 0.240940
v -0.061974 -3.272899 0.197954
v 0.071153 -1.486891 0.177864
v -0.069392 -3.173130 0.860489
v 0.004213 -1.387591 0.612667
v -0.329305 -3.123417 0.699294
v -0.214851 -1.328715 0.541855
v -0.356269 -3.255830 0.195704
v -0.320867 -1.478369 0.196130
v 0.055613 -3.515975 0.589297
v 0.082153 -3.803271 0.527104
v 0.107108 -3.523789 0.438779
v 0.155733 -3.827732 0.442775
v -0.191584 -3.450669 0.808429
v -0.182143 -3.740260 0.733607
v -0.183854 -3.544652 0.153347
v -0.180905 -3.783428 0.079794
v -0.503842 -3.677884 0.545923
v -0.463482 -3.408928 0.572904
v -0.568079 -3.681305 0.469989
v -0.520393 -3.413552 0.454937
v -0.555001 -3.704692 0.303757
v -0.504677 -3.453196 0.389495
v 0.147522 -3.843572 0.260309
v 0.052248 -3.541215 0.363227
v -0.033723 -3.813057 0.143494
v -0.040343 -3.545758 0.209825
v -0.030594 -3.772253 0.730925
v -0.044475 -3.480612 0.824147
v -0.355482 -3.704689 0.650630
v -0.335997 -3.421659 0.702571
v -0.421842 -3.735489 0.159789
v -0.384860 -3.500009 0.213222
v -0.612661 -4.150513 0.510574
v -0.630338 -4.120687 0.390025
v -0.551891 -4.129512 0.696632
v 0.077507 -4.133280 0.652702
v 0.203781 -4.120459 0.469728
v 0.187683 -4.130587 0.286215
v -0.187171 -4.248254 0.819406
v -0.188940 -4.249461 0.152789
v -0.048602 -4.275343 0.218426
v -0.044575 -4.289325 0.783403
v -0.373374 -4.208820 0.764924
v -0.480067 -4.160970 0.242733
v -0.020654 -2.284008 0.575300
v -0.456152 -2.210282 0.532281
v -0.509200 -2.232666 0.440259
v 0.027649 -2.296418 0.437935
v -0.237316 -2.246788 0.743713
v -0.238198 -2.477000 0.141891
v -0.483627 -2.349573 0.314510
v 0.040838 -2.361739 0.324307
v -0.072314 -2.428638 0.207965
v -0.108068 -2.257375 0.764633
v -0.344252 -2.215630 0.659967
v -0.399857 -2.426502 0.211590
v -0.324785 -1.025135 0.411473
v -0.387459 -0.988825 0.281525
v -0.401146 -0.983846 0.192204
v 0.248698 -1.091492 0.202360
v 0.083342 -1.204950 0.101379
v 0.076499 -1.076839 0.590385
v -0.193962 -1.032473 0.503801
v -0.300213 -1.215654 0.097693
v 0.231693 -1.013735 0.464142
v 0.310848 -1.000988 0.324992
v -0.074343 -1.090095 0.555389
v -0.110577 -1.286033 0.021817
v -0.291025 0.803811 0.747976
v 0.027228 0.880423 0.828683
v -0.291025 0.991680 0.534083
v 0.027228 1.102991 0.630779
v -0.280817 0.874080 0.812319
v -0.280817 1.088809 0.619837
v 0.088370 0.822349 0.748034
v 0.088370 1.014891 0.542285
v -0.150090 0.890825 0.851875
v -0.150090 1.120971 0.647910
v -0.291025 0.803811 -0.805676
v 0.027228 0.880423 -0.886383
v -0.291025 0.991680 -0.591783
v 0.027228 1.102991 -0.688479
v -0.280817 0.874080 -0.870019
v -0.280817 1.088809 -0.677537
v 0.088370 0.822349 -0.805735
v 0.088370 1.014892 -0.599986
v -0.150090 0.890825 -0.909576
v -0.150090 1.120971 -0.705611
v 0.362516 1.799171 -0.109986
v 0.362681 1.765775 -0.087657
v 0.294633 1.847907 -0.323551
v 0.289842 1.798977 -0.361667
v 0.365764 1.834189 -0.216816
v 0.362550 1.821255 -0.164090
v 0.345173 1.784645 -0.164459
v 0.338807 1.795918 -0.230312
v 0.326442 1.726227 -0.124391
v 0.326132 1.702638 -0.114154
v 0.233912 1.771222 -0.300957
v 0.233292 1.746684 -0.304676
v 0.286979 1.769728 -0.215440
v 0.305492 1.758035 -0.170000
v 0.303715 1.738831 -0.178954
v 0.284024 1.750724 -0.226703
v 0.212874 1.745575 -0.342956
v 0.209229 1.739446 -0.347886
v 0.217051 1.711766 -0.332152
v 0.208878 1.726462 -0.350625
v 0.242542 1.745598 -0.296467
v 0.246775 1.770208 -0.283436
v 0.317658 1.741655 -0.140648
v 0.316793 1.727759 -0.154202
v 0.302783 1.701653 -0.193219
v 0.283593 1.704756 -0.242554
v 0.242470 1.709318 -0.287646
v 0.314570 1.699336 -0.172432
v 0.302783 1.701653 -0.193219
v 0.283593 1.704756 -0.242554
v 0.242470 1.709318 -0.287646
v 0.310529 1.699336 -0.172432
v 0.294811 1.687841 -0.200430
v 0.256511 1.685440 -0.249517
v 0.208190 1.687762 -0.327552
v 0.314570 1.689869 -0.176604
v 0.322845 1.698947 -0.133424
v 0.322845 1.692879 -0.153849
v 0.362516 1.799171 0.046975
v 0.362681 1.765775 0.024646
v 0.294633 1.847907 0.260540
v 0.289842 1.798977 0.298656
v 0.365764 1.834189 0.153805
v 0.362550 1.821255 0.101079
v 0.345173 1.784645 0.101448
v 0.338807 1.795919 0.167301
v 0.326442 1.726227 0.061380
v 0.326132 1.702638 0.051143
v 0.233912 1.771222 0.237946
v 0.233292 1.746684 0.241665
v 0.286979 1.769728 0.152429
v 0.305492 1.758035 0.106989
v 0.303715 1.738831 0.115943
v 0.284024 1.750724 0.163692
v 0.212874 1.745575 0.279945
v 0.209229 1.739446 0.284875
v 0.217051 1.711766 0.269141
v 0.208878 1.726462 0.287614
v 0.242542 1.745598 0.233455
v 0.246775 1.770208 0.220425
v 0.317658 1.741655 0.077637
v 0.316793 1.727759 0.091191
v 0.302783 1.701653 0.130208
v 0.283593 1.704756 0.179543
v 0.242470 1.709318 0.224635
v 0.314570 1.699336 0.109421
v 0.302783 1.701653 0.130208
v 0.283593 1.704756 0.179543
v 0.242470 1.709318 0.224635
v 0.310529 1.699336 0.109421
v 0.294811 1.687840 0.137419
v 0.256511 1.685440 0.186506
v 0.208190 1.687762 0.264541
v 0.314570 1.689869 0.113592
v 0.322845 1.698947 0.070413
v 0.322845 1.692879 0.090838
v 0.367406 1.532876 -0.015099
v 0.362741 1.520566 -0.013091
v 0.356435 1.530373 -0.055939
v 0.351770 1.518064 -0.053931
v 0.370259 1.537118 -0.045419
v 0.373916 1.537953 -0.031806
v 0.368917 1.519040 -0.029304
v 0.365260 1.518206 -0.042917
v 0.356220 1.527600 0.004951
v 0.355136 1.519925 0.003469
v 0.060673 1.590958 -0.405578
v 0.059532 1.536259 -0.407426
v 0.021898 1.580965 -0.468390
v 0.027832 1.534087 -0.458778
v 0.036378 1.607469 -0.444933
v 0.040030 1.536259 -0.439018
v 0.064390 1.643488 -0.399556
v 0.059493 1.649092 -0.407490
v 0.012692 1.623446 -0.483304
v 0.016329 1.630466 -0.477411
v 0.088269 1.566912 -0.360874
v 0.087872 1.553449 -0.361518
v 0.001058 1.543019 -0.502149
v 0.003937 1.533796 -0.497485
v 0.052532 1.488986 -0.418765
v 0.042299 1.484468 -0.435343
v 0.047535 1.482033 -0.426860
v 0.029440 1.589667 0.396372
v 0.029614 1.553050 0.400095
v 0.035363 1.576102 0.348526
v 0.034456 1.545954 0.360413
v 0.033151 1.596327 0.364246
v 0.032593 1.549574 0.375557
v 0.028872 1.625298 0.396095
v 0.029620 1.628156 0.389404
v 0.036769 1.602741 0.332936
v 0.036214 1.608063 0.336851
v 0.025225 1.578578 0.433362
v 0.025286 1.569545 0.434132
v 0.038546 1.547127 0.325883
v 0.038106 1.541501 0.330375
v 0.030684 1.520333 0.395746
v 0.032247 1.515501 0.383295
v 0.031447 1.514814 0.390114
v 0.464478 -0.070004 0.125747
v 0.465030 -0.121432 0.124862
v 0.483253 -0.080796 0.059185
v 0.480380 -0.124621 0.070328
v 0.476241 -0.055372 0.083593
v 0.474473 -0.122138 0.091287
v 0.462678 -0.020520 0.131109
v 0.465049 -0.015433 0.122566
v 0.487711 -0.041220 0.042496
v 0.485949 -0.034493 0.048620
v 0.451115 -0.091595 0.173734
v 0.451308 -0.104257 0.173315
v 0.493344 -0.117198 0.024056
v 0.491950 -0.125758 0.029194
v 0.468419 -0.166097 0.113745
v 0.473375 -0.170712 0.096215
v 0.470839 -0.172809 0.105279
v 0.533023 -4.094689 -0.223849
v 0.704827 -4.127828 -0.261022
v 0.507540 -4.143343 -0.712569
v 0.668811 -4.179640 -0.702371
v -0.003770 -3.781848 -0.302201
v -0.003802 -3.819506 -0.702566
v -0.409746 -3.931045 -0.295928
v -0.410722 -3.943718 -0.714916
v -0.460929 -3.924366 -0.297593
v -0.478113 -3.965094 -0.714949
v 0.448112 -4.327419 -0.807822
v 0.696414 -4.338685 -0.719233
v -0.135190 -4.246996 -0.809669
v -0.300348 -4.367793 -0.810230
v -0.615031 -4.338906 -0.744205
v 0.502837 -4.295185 -0.151922
v 0.711481 -4.284481 -0.217910
v -0.147711 -4.274365 -0.139217
v -0.300334 -4.355971 -0.139739
v -0.615029 -4.303014 -0.194631
v -0.060975 -4.009749 -0.761758
v -0.415879 -4.165730 -0.762675
v -0.570806 -4.129148 -0.727896
v 0.501354 -4.245611 -0.759772
v 0.667169 -4.255080 -0.708495
v -0.073441 -4.008217 -0.181863
v 0.544760 -4.212389 -0.180310
v -0.416746 -4.126938 -0.182708
v 0.730496 -4.210211 -0.229101
v -0.576455 -4.087883 -0.210655
v 0.452456 -4.108530 -0.467483
v 0.745890 -4.160404 -0.456228
v -0.003867 -3.810059 -0.504909
v -0.410420 -3.942794 -0.521388
v -0.469526 -3.947172 -0.513662
v 0.789274 -4.351985 -0.498394
v 0.399987 -4.360820 -0.489682
v -0.136551 -4.267377 -0.519581
v -0.300442 -4.384381 -0.522988
v -0.615036 -4.367290 -0.503633
v -0.603089 -4.111756 -0.488358
v 0.790628 -4.259723 -0.482799
v 0.533023 -4.094689 0.166148
v 0.704827 -4.127828 0.203321
v 0.507540 -4.143343 0.654869
v 0.668811 -4.179640 0.644670
v -0.003770 -3.781848 0.244501
v -0.003802 -3.819506 0.644865
v -0.409746 -3.931045 0.238228
v -0.410722 -3.943718 0.657215
v -0.460929 -3.924366 0.239893
v -0.478114 -3.965094 0.657249
v 0.448112 -4.327419 0.750122
v 0.696415 -4.338685 0.661532
v -0.135190 -4.246996 0.751968
v -0.300348 -4.367793 0.752530
v -0.615031 -4.338906 0.686505
v 0.502837 -4.295185 0.094221
v 0.711481 -4.284481 0.160210
v -0.147711 -4.274365 0.081517
v -0.300334 -4.355971 0.082039
v -0.615029 -4.303014 0.136930
v -0.060975 -4.009749 0.704057
v -0.415879 -4.165730 0.704975
v -0.570806 -4.129148 0.670196
v 0.501354 -4.245611 0.702072
v 0.667169 -4.255081 0.650794
v -0.073441 -4.008217 0.124162
v 0.544760 -4.212389 0.122610
v -0.416746 -4.126938 0.125008
v 0.730497 -4.210210 0.171400
v -0.576455 -4.087883 0.152954
v 0.452456 -4.108530 0.409783
v 0.745890 -4.160404 0.398528
v -0.003867 -3.810059 0.447209
v -0.410420 -3.942794 0.463688
v -0.469525 -3.947172 0.455962
v 0.789274 -4.351985 0.440693
v 0.399987 -4.360820 0.431982
v -0.136551 -4.267377 0.461881
v -0.300442 -4.384382 0.465287
v -0.615036 -4.367290 0.445933
v -0.603089 -4.111756 0.430658
v 0.790628 -4.259723 0.425098
v 0.347971 1.505783 -0.506705
v 0.384650 0.860888 -0.213727
v 0.459364 -0.043651 -0.199400
v 0.327695 1.156748 -0.272101
v 0.419736 0.466688 -0.181584
v 0.347971 1.511894 -0.472757
v 0.384650 0.866998 -0.179779
v 0.459364 -0.038760 -0.167503
v 0.327695 1.162858 -0.238153
v 0.419736 0.472799 -0.147636
v 0.331079 1.215012 -0.311263
v 0.344745 1.450257 -0.469383
v 0.331079 1.221122 -0.277315
v 0.344745 1.456368 -0.435435
v 0.365665 0.959508 -0.233185
v 0.353641 1.021966 -0.245508
v 0.365665 0.965618 -0.199237
v 0.353641 1.028077 -0.211560
v 0.413629 0.535303 -0.187179
v 0.392545 0.772182 -0.206494
v 0.413629 0.541414 -0.153231
v 0.392545 0.778292 -0.172546
v 0.446911 0.117053 -0.194288
v 0.442006 0.180879 -0.191400
v 0.446911 0.123147 -0.160370
v 0.442006 0.186990 -0.157452
v 0.335635 1.293427 -0.363970
v 0.340190 1.371842 -0.416676
v 0.335635 1.299538 -0.330022
v 0.340190 1.377953 -0.382728
v 0.406921 0.610672 -0.193324
v 0.400212 0.686040 -0.199470
v 0.406921 0.616783 -0.159376
v 0.400212 0.692151 -0.165522
v 0.429551 0.341633 -0.185135
v 0.424644 0.404160 -0.183359
v 0.429551 0.347743 -0.151187
v 0.424644 0.410271 -0.149411
v 0.437855 0.234464 -0.189311
v 0.433703 0.288048 -0.187223
v 0.437855 0.240574 -0.155363
v 0.433703 0.294159 -0.153275
v 0.455213 0.009924 -0.197685
v 0.451062 0.063394 -0.196146
v 0.455213 0.015132 -0.165254
v 0.451062 0.069124 -0.162839
v 0.347971 1.505783 0.443693
v 0.384650 0.860888 0.150715
v 0.459364 -0.043651 0.136389
v 0.327695 1.156748 0.209090
v 0.419736 0.466688 0.118572
v 0.347971 1.511894 0.409745
v 0.384650 0.866998 0.116767
v 0.459364 -0.038760 0.104492
v 0.327695 1.162858 0.175142
v 0.419736 0.472799 0.084624
v 0.331079 1.215012 0.248252
v 0.344745 1.450257 0.406372
v 0.331079 1.221122 0.214304
v 0.344745 1.456368 0.372424
v 0.365665 0.959508 0.170173
v 0.353641 1.021966 0.182497
v 0.365665 0.965618 0.136225
v 0.353641 1.028077 0.148549
v 0.413629 0.535303 0.124167
v 0.392545 0.772182 0.143482
v 0.413629 0.541414 0.090219
v 0.392545 0.778292 0.109534
v 0.446911 0.117053 0.131277
v 0.442006 0.180879 0.128388
v 0.446911 0.123147 0.097358
v 0.442006 0.186990 0.094440
v 0.335635 1.293427 0.300958
v 0.340190 1.371842 0.353665
v 0.335635 1.299537 0.267011
v 0.340190 1.377952 0.319717
v 0.406921 0.610672 0.130313
v 0.400212 0.686040 0.136458
v 0.406921 0.616782 0.096365
v 0.400212 0.692151 0.102510
v 0.429551 0.341633 0.122123
v 0.424644 0.404160 0.120348
v 0.429551 0.347743 0.088175
v 0.424644 0.410271 0.086400
v 0.437855 0.234464 0.126300
v 0.433703 0.288048 0.124212
v 0.437855 0.240574 0.092352
v 0.433703 0.294159 0.090264
v 0.455213 0.009924 0.134674
v 0.451062 0.063394 0.133135
v 0.455213 0.015132 0.102243
v 0.451062 0.069124 0.099827
v 0.268045 0.892717 -0.164627
v 0.277106 0.862913 -0.179064
v 0.308356 0.811319 -0.030944
v 0.316443 0.777951 -0.030944
v 0.121131 1.122211 -0.284913
v 0.137729 1.101282 -0.306484
v -0.095966 1.228582 -0.286039
v -0.079368 1.218223 -0.314253
v -0.268121 1.181726 -0.280534
v -0.251523 1.171366 -0.308747
v -0.307937 1.143690 -0.120925
v -0.331667 1.123857 -0.122549
v -0.322290 1.143280 -0.030944
v -0.343923 1.121319 -0.030944
v 0.297385 0.804854 -0.125135
v 0.288811 0.836440 -0.117916
v 0.268045 0.892717 0.102739
v 0.277106 0.862912 0.117176
v 0.121131 1.122211 0.223025
v 0.137729 1.101282 0.244595
v -0.095966 1.228582 0.224151
v -0.079368 1.218223 0.252364
v -0.268121 1.181726 0.218645
v -0.251523 1.171366 0.246859
v -0.307937 1.143690 0.059036
v -0.331667 1.123857 0.060661
v 0.297385 0.804853 0.063246
v 0.288811 0.836440 0.056028
v 0.292327 0.665366 -0.221583
v 0.311754 0.530905 -0.030944
v 0.319841 0.497537 -0.030944
v 0.300783 0.544827 -0.142803
v 0.292209 0.576413 -0.135585
v 0.283753 0.692209 -0.203439
v 0.268750 0.864178 -0.259320
v 0.263764 0.881352 -0.230974
v 0.178421 1.019177 -0.292286
v 0.173435 1.017587 -0.259182
v 0.292327 0.665366 0.159695
v 0.300783 0.544827 0.080915
v 0.292209 0.576412 0.073696
v 0.283753 0.692209 0.141550
v 0.268750 0.864178 0.197431
v 0.263764 0.881352 0.169085
v 0.178421 1.019177 0.230398
v 0.173435 1.017587 0.197293
v 0.393982 -0.440577 -0.028850
v -0.472643 -0.448992 -0.028850
v -0.303198 -0.445989 -0.461289
v -0.388898 -0.451566 -0.272378
v 0.258759 -0.449504 -0.381871
v 0.344781 -0.448561 -0.283545
v 0.061162 -0.450834 -0.551884
v -0.445098 -0.449143 -0.145172
v 0.392991 -0.427174 -0.139496
v 0.158982 -0.450393 -0.485515
v -0.105985 -0.451507 -0.548627
v -0.487409 -0.658249 -0.028850
v -0.280304 -0.651554 -0.471650
v -0.367334 -0.646686 -0.289652
v 0.283729 -0.618283 -0.421648
v 0.348117 -0.611953 -0.312686
v 0.404070 -0.603070 -0.028850
v 0.063895 -0.642647 -0.585489
v -0.441651 -0.656486 -0.152928
v 0.398742 -0.611074 -0.137796
v 0.180871 -0.632251 -0.547616
v -0.109795 -0.645790 -0.568324
v -0.303198 -0.445989 0.403588
v -0.388898 -0.451566 0.214677
v 0.258759 -0.449504 0.324170
v 0.344781 -0.448561 0.225845
v 0.061162 -0.450834 0.494184
v -0.445098 -0.449143 0.087472
v 0.392991 -0.427174 0.081795
v 0.158982 -0.450393 0.427815
v -0.105985 -0.451507 0.490926
v -0.280304 -0.651554 0.413949
v -0.367334 -0.646686 0.231951
v 0.283729 -0.618283 0.363948
v 0.348117 -0.611953 0.254985
v 0.063896 -0.642647 0.527788
v -0.441651 -0.656486 0.095228
v 0.398742 -0.611074 0.080096
v 0.180871 -0.632251 0.489916
v -0.109795 -0.645790 0.510624
v 0.408777 -0.494965 0.054484
v 0.409726 -0.636735 0.044296
v 0.438479 -0.495156 -0.158446
v 0.433999 -0.614351 -0.105502
v 0.427356 -0.430309 -0.062699
v 0.424657 -0.633631 -0.050888
v 0.405860 -0.329518 0.001547
v 0.409602 -0.325325 -0.027857
v 0.407486 -0.306790 -0.287864
v 0.404691 -0.289150 -0.269518
v 0.386518 -0.592641 0.176118
v 0.386840 -0.627516 0.173040
v 0.454486 -0.526673 -0.293438
v 0.452294 -0.554393 -0.291779
v 0.415149 -0.807157 0.166019
v 0.422990 -0.837426 0.124561
v 0.418984 -0.833286 0.150577
v 0.287687 -0.443278 -0.393727
v 0.322193 -0.442900 -0.354286
v 0.308288 -0.621902 -0.393903
v 0.333694 -0.619033 -0.348577
v 0.191012 -0.430631 -0.358026
v 0.225518 -0.430253 -0.318586
v 0.250331 -0.658660 -0.357292
v 0.275737 -0.655791 -0.311966
v 0.287687 -0.443278 0.336027
v 0.322193 -0.442900 0.296586
v 0.308288 -0.621901 0.336203
v 0.333694 -0.619033 0.290877
v 0.191012 -0.430631 0.300326
v 0.225518 -0.430253 0.260885
v 0.250331 -0.658660 0.299592
v 0.275737 -0.655791 0.254265
v -0.134828 -0.439753 -0.555466
v -0.083585 -0.439375 -0.566436
v -0.124964 -0.643624 -0.573553
v -0.073003 -0.640756 -0.573709
v -0.142648 -0.429949 -0.486159
v -0.091405 -0.429571 -0.497129
v -0.121159 -0.680382 -0.505106
v -0.069198 -0.677514 -0.505263
v -0.134828 -0.439753 0.497765
v -0.083585 -0.439375 0.508736
v -0.124964 -0.643624 0.515852
v -0.073003 -0.640756 0.516009
v -0.142648 -0.429949 0.428458
v -0.091405 -0.429571 0.439429
v -0.121159 -0.680382 0.447406
v -0.069198 -0.677514 0.447562
v -0.415278 -0.443474 -0.234579
v -0.390157 -0.443095 -0.280570
v -0.422548 -0.647345 -0.253856
v -0.388765 -0.644476 -0.293335
v -0.322314 -0.443666 -0.202311
v -0.297193 -0.443288 -0.248301
v -0.297683 -0.684428 -0.210027
v -0.263899 -0.681559 -0.249506
v -0.415278 -0.443474 0.176879
v -0.390157 -0.443095 0.222870
v -0.422548 -0.647345 0.196155
v -0.388764 -0.644476 0.235634
v -0.322314 -0.443666 0.144610
v -0.297193 -0.443288 0.190601
v -0.297683 -0.684428 0.152327
v -0.263899 -0.681559 0.191806
v 0.304570 -0.335196 0.383216
v 0.304244 -0.414637 0.384403
v 0.391113 -0.389220 0.149043
v 0.389789 -0.469649 0.149043
v 0.036002 -0.307069 0.503341
v 0.034684 -0.384828 0.520718
v -0.286309 -0.234335 0.419794
v -0.287626 -0.312095 0.437170
v -0.416949 -0.232065 0.276565
v -0.418267 -0.309824 0.293942
v -0.501077 -0.358462 -0.125892
v -0.502395 -0.436222 -0.108515
v -0.425832 -0.496043 -0.383744
v -0.427150 -0.573803 -0.366367
v -0.165784 -0.661718 -0.570402
v -0.170928 -0.768879 -0.585291
v 0.160285 -0.734408 -0.583498
v 0.157072 -0.822172 -0.585066
v 0.430832 -0.631084 -0.316481
v 0.429504 -0.712823 -0.273556
v 0.361728 -0.507230 0.253859
v 0.359533 -0.533303 0.261192
v 0.373554 -0.523616 0.222893
v 0.369481 -0.543878 0.234967
v 0.370202 -0.506785 0.231006
v 0.365715 -0.539180 0.244856
v 0.363005 -0.481401 0.249013
v 0.364820 -0.480241 0.244061
v 0.378459 -0.506408 0.208744
v 0.377634 -0.502010 0.210727
v 0.351855 -0.510224 0.280619
v 0.351352 -0.516677 0.282326
v 0.378387 -0.547745 0.211186
v 0.377043 -0.551216 0.214995
v 0.359542 -0.557649 0.262492
v 0.362575 -0.562858 0.254604
v 0.360801 -0.562425 0.259360
v 0.222715 -0.516666 0.449261
v 0.226237 -0.540619 0.461600
v 0.246469 -0.532539 0.425787
v 0.245346 -0.551006 0.440973
v 0.236417 -0.516781 0.429099
v 0.237923 -0.546432 0.448590
v 0.217762 -0.492882 0.439160
v 0.220406 -0.491923 0.434551
v 0.249781 -0.516944 0.409471
v 0.247237 -0.512829 0.410216
v 0.207426 -0.518820 0.473430
v 0.208363 -0.524751 0.476390
v 0.260926 -0.555131 0.420972
v 0.259680 -0.558254 0.425101
v 0.232885 -0.563113 0.468253
v 0.239252 -0.568113 0.462507
v 0.236240 -0.567603 0.466584
v 0.010666 -0.522135 0.512262
v -0.000204 -0.546825 0.515526
v 0.041451 -0.542577 0.513519
v 0.026263 -0.560882 0.516198
v 0.034883 -0.524861 0.511699
v 0.016368 -0.554881 0.515860
v 0.018877 -0.497341 0.509082
v 0.024251 -0.496883 0.508833
v 0.058469 -0.527571 0.511157
v 0.056898 -0.522960 0.510678
v -0.017989 -0.521382 0.513215
v -0.020565 -0.527507 0.514020
v 0.050947 -0.567987 0.516128
v 0.046504 -0.570881 0.516625
v -0.004488 -0.570648 0.518450
v 0.003230 -0.576876 0.518894
v -0.001746 -0.575790 0.518948
v -0.241511 -0.528157 0.436392
v -0.253523 -0.552115 0.431908
v -0.215323 -0.550942 0.449132
v -0.230704 -0.568175 0.442858
v -0.219752 -0.532685 0.446408
v -0.239171 -0.561423 0.438764
v -0.231904 -0.503897 0.439777
v -0.226983 -0.503836 0.441999
v -0.198567 -0.537152 0.456162
v -0.199595 -0.532411 0.455511
v -0.267469 -0.525278 0.424542
v -0.270340 -0.531230 0.423480
v -0.208902 -0.577131 0.453069
v -0.213188 -0.579705 0.451233
v -0.259478 -0.575691 0.430146
v -0.253009 -0.582510 0.433341
v -0.257434 -0.581052 0.431282
v -0.366664 -0.528447 0.299614
v -0.372917 -0.552405 0.288421
v -0.354950 -0.551232 0.326276
v -0.362613 -0.568466 0.311538
v -0.356563 -0.532975 0.321333
v -0.366416 -0.561714 0.302937
v -0.361533 -0.504188 0.308413
v -0.359221 -0.504126 0.313292
v -0.346730 -0.537442 0.342482
v -0.347091 -0.532701 0.341320
v -0.378779 -0.525568 0.273779
v -0.380279 -0.531521 0.271110
v -0.352605 -0.577421 0.333434
v -0.354683 -0.579995 0.329260
v -0.376316 -0.575982 0.283223
v -0.373453 -0.582800 0.289845
v -0.375493 -0.581342 0.285411
v -0.491681 -0.530898 -0.038948
v -0.495359 -0.557817 -0.038444
v -0.497479 -0.535902 -0.002773
v -0.499712 -0.558956 -0.008809
v -0.493845 -0.522827 -0.016047
v -0.497951 -0.557860 -0.020199
v -0.487800 -0.505041 -0.041883
v -0.488090 -0.502294 -0.037243
v -0.495964 -0.515018 0.006279
v -0.495028 -0.511555 0.002948
v -0.489563 -0.542670 -0.065015
v -0.490483 -0.549295 -0.064781
v -0.502695 -0.554620 0.016332
v -0.502907 -0.559151 0.013544
v -0.499337 -0.581095 -0.032384
v -0.500988 -0.583340 -0.022856
v -0.500449 -0.584527 -0.027781
v -0.341961 -0.542462 -0.386522
v -0.334750 -0.564355 -0.400913
v -0.351072 -0.569145 -0.362600
v -0.343023 -0.583842 -0.379692
v -0.350800 -0.550345 -0.365215
v -0.340023 -0.575825 -0.387487
v -0.348177 -0.519896 -0.374507
v -0.350272 -0.520602 -0.369580
v -0.359401 -0.558078 -0.344475
v -0.359383 -0.553215 -0.345032
v -0.331193 -0.535561 -0.412193
v -0.329450 -0.541018 -0.415654
v -0.351490 -0.596123 -0.358781
v -0.349444 -0.598008 -0.363322
v -0.330144 -0.586813 -0.409210
v -0.332290 -0.594584 -0.403419
v -0.330539 -0.592449 -0.407699
v 0.018472 -0.535025 -0.568016
v 0.033194 -0.561666 -0.572981
v -0.014173 -0.559807 -0.577038
v 0.004777 -0.579069 -0.579838
v -0.008546 -0.539706 -0.571701
v 0.015327 -0.571736 -0.577084
v 0.006735 -0.508087 -0.562696
v 0.000633 -0.507946 -0.563242
v -0.034853 -0.544327 -0.575305
v -0.033544 -0.539105 -0.573933
v 0.050687 -0.532228 -0.564286
v 0.054204 -0.538846 -0.565533
v -0.022328 -0.588640 -0.584700
v -0.017031 -0.591546 -0.584891
v 0.040409 -0.587796 -0.578537
v 0.032335 -0.595232 -0.581080
v 0.037835 -0.593687 -0.580189
v 0.266334 -0.524549 -0.415854
v 0.269715 -0.551511 -0.415739
v 0.247454 -0.533507 -0.446359
v 0.253846 -0.555892 -0.440789
v 0.252857 -0.518987 -0.435391
v 0.259855 -0.553550 -0.431174
v 0.264413 -0.498382 -0.413890
v 0.261532 -0.496144 -0.417871
v 0.239726 -0.513623 -0.454436
v 0.241057 -0.509797 -0.451688
v 0.282026 -0.533463 -0.393564
v 0.282799 -0.540112 -0.393628
v 0.239664 -0.554308 -0.462146
v 0.241786 -0.558533 -0.459696
v 0.269596 -0.575442 -0.420399
v 0.264749 -0.578729 -0.428414
v 0.267573 -0.579376 -0.424224
v 0.378605 -0.500216 -0.212949
v 0.381784 -0.527203 -0.213085
v 0.367739 -0.507778 -0.247474
v 0.372516 -0.530434 -0.241407
v 0.370332 -0.493751 -0.234949
v 0.375996 -0.528533 -0.230530
v 0.376329 -0.474121 -0.210473
v 0.374515 -0.471698 -0.214945
v 0.362274 -0.487508 -0.256397
v 0.362902 -0.483806 -0.253257
v 0.388342 -0.510163 -0.187873
v 0.389090 -0.516813 -0.188011
v 0.363995 -0.527866 -0.265503
v 0.365442 -0.532207 -0.262778
v 0.382748 -0.550936 -0.218582
v 0.380001 -0.553857 -0.227663
v 0.381712 -0.554697 -0.222939
v 0.315537 -0.252528 0.401823
v 0.314154 -0.342629 0.407702
v 0.390253 -0.420235 0.164772
v 0.388870 -0.505970 0.163789
v 0.078669 -0.075015 0.442100
v 0.077226 -0.155905 0.460110
v -0.302103 -0.223883 0.445726
v -0.303451 -0.299080 0.462814
v -0.445168 -0.256789 0.302915
v -0.446961 -0.333372 0.319954
v -0.510189 -0.480362 -0.112226
v -0.515665 -0.563321 -0.094324
v -0.457156 -0.653332 -0.293503
v -0.457223 -0.730003 -0.277072
v -0.205389 -0.790155 -0.572602
v -0.213681 -0.888340 -0.592459
v 0.142315 -0.913146 -0.627738
v 0.140671 -0.993261 -0.603122
v 0.427224 -0.792347 -0.353621
v 0.426208 -0.865565 -0.305712
v 0.333901 -0.223286 0.340734
v 0.338325 -0.285080 0.303763
v 0.391485 -0.148082 0.037811
v 0.390274 -0.196277 -0.017805
v 0.151149 -0.309664 0.447274
v 0.143808 -0.377826 0.419654
v -0.094956 -0.323293 0.473608
v -0.122896 -0.391940 0.471843
v -0.289388 -0.164731 0.347547
v -0.330754 -0.221285 0.330314
v -0.402829 0.017403 0.010743
v -0.404037 -0.043743 -0.030417
v -0.334476 0.115539 -0.192172
v -0.335685 0.054393 -0.233331
v -0.172669 0.102439 -0.479441
v -0.177641 0.004184 -0.499246
v -0.005053 0.048632 -0.551538
v -0.008115 -0.033673 -0.546901
v 0.302230 -0.035849 -0.383916
v 0.301017 -0.120773 -0.409287
v -0.315765 0.835510 0.631225
v 0.038993 0.936322 0.786613
v -0.315765 0.931902 0.536663
v 0.038993 1.048565 0.700836
v -0.306458 0.938373 0.777190
v -0.306458 1.044219 0.675211
v 0.112379 0.851612 0.661703
v 0.112378 0.949928 0.571158
v -0.149945 0.953084 0.819677
v -0.149945 1.069124 0.731299
v -0.315765 0.835510 -0.688925
v 0.038993 0.936322 -0.844313
v -0.315765 0.931902 -0.594363
v 0.038993 1.048565 -0.758536
v -0.306458 0.938373 -0.834890
v -0.306458 1.044219 -0.732911
v 0.112378 0.851612 -0.719403
v 0.112379 0.949928 -0.628858
v -0.149945 0.953084 -0.877377
v -0.149945 1.069124 -0.788999
v 0.455271 0.004435 0.148325
v 0.462971 -0.059114 0.130088
v 0.456393 0.019405 0.111922
v 0.464093 -0.044144 0.093686
v 0.452205 0.055844 0.160731
v 0.453328 0.055261 0.121375
v 0.439178 0.069638 0.160731
v 0.440300 0.069056 0.121375
v 0.164077 1.112619 0.283141
v 0.191847 1.076784 0.269853
v 0.176298 1.146709 0.182625
v 0.199640 1.110281 0.170620
v 0.169938 1.100948 0.498349
v 0.189567 1.065628 0.475347
v 0.111735 1.013529 0.674564
v 0.133916 0.985909 0.656030
v 0.096674 0.870729 0.840263
v 0.117776 0.838171 0.817405
v 0.055389 0.762775 0.945852
v 0.071483 0.717585 0.944997
v 0.156359 1.097772 0.447539
v 0.183042 1.061210 0.437842
v 0.092880 1.177035 0.498291
v 0.086777 1.183550 0.452697
v -0.134531 1.222372 0.529087
v -0.136111 1.243861 0.465452
v -0.393302 0.570632 0.460591
v -0.396180 0.587870 0.402528
v -0.302660 1.111588 0.502729
v -0.381495 0.995103 0.477105
v -0.384421 1.012337 0.419018
v -0.305668 1.128887 0.444615
v -0.346443 0.199192 0.286420
v -0.381815 0.216459 0.240303
v -0.508893 -0.206096 0.371977
v -0.522802 -0.218022 0.316335
v 0.164077 1.112619 -0.340841
v 0.191847 1.076784 -0.327553
v 0.176298 1.146709 -0.240325
v 0.199640 1.110281 -0.228320
v 0.169938 1.100948 -0.556049
v 0.189567 1.065628 -0.533047
v 0.111735 1.013529 -0.732264
v 0.133916 0.985909 -0.713730
v 0.096674 0.870729 -0.897964
v 0.117776 0.838171 -0.875105
v 0.055389 0.762775 -1.003552
v 0.071483 0.717584 -1.002697
v 0.156359 1.097772 -0.505239
v 0.183042 1.061210 -0.495542
v 0.092880 1.177035 -0.555991
v 0.086777 1.183550 -0.510397
v -0.134531 1.222372 -0.586787
v -0.136111 1.243861 -0.523152
v -0.393302 0.570631 -0.518291
v -0.396180 0.587870 -0.460228
v -0.302660 1.111588 -0.560429
v -0.381494 0.995103 -0.534805
v -0.384421 1.012337 -0.476718
v -0.305668 1.128887 -0.502315
v -0.346443 0.199192 -0.344120
v -0.381815 0.216459 -0.298003
v -0.508893 -0.206096 -0.429677
v -0.522802 -0.218022 -0.374035
v 0.354302 0.713861 -0.460347
v -0.454923 0.605864 -0.634013
v 0.303203 0.586433 -0.617475
v -0.314955 0.404595 -0.824977
v -0.340724 0.470146 -0.476649
v 0.123809 0.476323 -0.751824
v 0.372818 0.016581 -0.410731
v 0.316409 -0.029435 -0.475209
v -0.444200 -0.210469 -0.540370
v 0.311102 0.827826 -0.541033
v 0.256085 0.816756 -0.591329
v 0.203387 0.715513 -0.706883
v -0.420061 0.550660 -0.569513
v -0.228616 0.332962 -0.774561
v 0.066293 0.346866 -0.694184
v 0.045605 0.369076 -0.723830
v -0.066161 0.237214 -0.627112
v -0.020629 -0.121897 -0.557544
v -0.083957 0.268172 -0.660305
v -0.067695 0.300345 -0.700985
v -0.321037 0.174893 -0.490034
v 0.355702 0.351016 -0.444094
v 0.286720 0.178921 -0.487044
v -0.015425 0.066630 -0.606313
v -0.245141 -0.160722 -0.567015
v -0.264311 0.395054 -0.653057
v -0.153535 0.306401 -0.707255
v -0.201262 0.369477 -0.576509
v -0.184310 0.123155 -0.588933
v 0.121178 0.371148 -0.633218
v 0.147890 -0.075666 -0.516376
v -0.008832 0.307519 -0.677244
v 0.135647 0.122775 -0.546679
v -0.011045 0.334711 -0.712407
v 0.354302 0.713861 0.397335
v -0.454923 0.605864 0.571002
v 0.303203 0.586433 0.554464
v -0.314955 0.404595 0.761966
v -0.340724 0.470146 0.413637
v 0.123809 0.476323 0.688812
v 0.372818 0.016581 0.347720
v 0.316409 -0.029435 0.412198
v -0.444200 -0.210469 0.477358
v 0.311102 0.827826 0.478021
v 0.256085 0.816756 0.528318
v 0.203387 0.715513 0.643872
v -0.420061 0.550660 0.506502
v -0.228616 0.332962 0.711550
v 0.066293 0.346866 0.631172
v 0.045605 0.369076 0.660819
v -0.066161 0.237214 0.564101
v -0.020629 -0.121897 0.494532
v -0.083957 0.268172 0.597293
v -0.067695 0.300345 0.637973
v -0.321037 0.174892 0.427023
v 0.355702 0.351016 0.381083
v 0.286720 0.178921 0.424033
v -0.015425 0.066630 0.543302
v -0.245140 -0.160722 0.504004
v -0.264311 0.395054 0.590046
v -0.153535 0.306401 0.644244
v -0.201262 0.369477 0.513497
v -0.184310 0.123155 0.525921
v 0.121178 0.371148 0.570207
v 0.147890 -0.075666 0.453365
v -0.008832 0.307519 0.614233
v 0.135647 0.122775 0.483667
v -0.011045 0.334710 0.649396
v 0.323766 1.868545 -0.296269
v 0.303184 1.873707 -0.286986
v 0.326477 1.874184 -0.293913
v 0.306483 1.880567 -0.284121
v 0.329932 1.875840 -0.288433
v 0.310685 1.882580 -0.277454
v 0.332105 1.872541 -0.283038
v 0.313328 1.878568 -0.270892
v 0.331724 1.866220 -0.280889
v 0.312865 1.870880 -0.268278
v 0.329012 1.860581 -0.283245
v 0.309566 1.864020 -0.271144
v 0.325558 1.858926 -0.288725
v 0.305364 1.862006 -0.277810
v 0.323385 1.862224 -0.294120
v 0.302721 1.866019 -0.284372
v 0.307288 1.872767 -0.294024
v 0.314974 1.870854 -0.298290
v 0.319577 1.880425 -0.294292
v 0.311891 1.882339 -0.290026
v 0.325440 1.883234 -0.284991
v 0.317754 1.885148 -0.280724
v 0.329128 1.877635 -0.275835
v 0.321442 1.879549 -0.271568
v 0.328482 1.866909 -0.272187
v 0.320796 1.868823 -0.267921
v 0.323879 1.857337 -0.276185
v 0.316193 1.859251 -0.271919
v 0.318016 1.854528 -0.285487
v 0.310330 1.856442 -0.281220
v 0.314327 1.860127 -0.294643
v 0.306641 1.862041 -0.290377
v 0.271918 1.656347 -0.324461
v 0.244520 1.663218 -0.312104
v 0.275528 1.663854 -0.321325
v 0.248911 1.672350 -0.308290
v 0.280126 1.666057 -0.314030
v 0.254505 1.675031 -0.299415
v 0.283019 1.661666 -0.306848
v 0.258024 1.669689 -0.290680
v 0.282512 1.653253 -0.303988
v 0.257407 1.659455 -0.287200
v 0.278902 1.645746 -0.307124
v 0.253016 1.650323 -0.291015
v 0.274303 1.643542 -0.314419
v 0.247422 1.647643 -0.299889
v 0.271410 1.647934 -0.321600
v 0.243903 1.652985 -0.308624
v 0.249983 1.661968 -0.321472
v 0.260214 1.659420 -0.327152
v 0.266341 1.672161 -0.321830
v 0.256110 1.674709 -0.316150
v 0.274146 1.675901 -0.309448
v 0.263915 1.678449 -0.303768
v 0.279056 1.668448 -0.297259
v 0.268825 1.670996 -0.291580
v 0.278195 1.654169 -0.292404
v 0.267964 1.656717 -0.286725
v 0.272068 1.641428 -0.297726
v 0.261837 1.643975 -0.292047
v 0.264264 1.637688 -0.310108
v 0.254032 1.640236 -0.304429
v 0.259354 1.645141 -0.322297
v 0.249122 1.647688 -0.316617
v 0.313533 1.657151 -0.261289
v 0.290939 1.662817 -0.251098
v 0.316510 1.663342 -0.258703
v 0.294560 1.670348 -0.247952
v 0.320303 1.665159 -0.252686
v 0.299173 1.672559 -0.240634
v 0.322689 1.661538 -0.246764
v 0.302075 1.668154 -0.233430
v 0.322270 1.654599 -0.244405
v 0.301567 1.659714 -0.230560
v 0.319293 1.648408 -0.246991
v 0.297945 1.652183 -0.233706
v 0.315501 1.646591 -0.253007
v 0.293332 1.649973 -0.241024
v 0.313115 1.650212 -0.258930
v 0.290430 1.654378 -0.248229
v 0.295444 1.661786 -0.258824
v 0.303882 1.659685 -0.263508
v 0.308935 1.670192 -0.259119
v 0.300497 1.672294 -0.254435
v 0.315371 1.673277 -0.248908
v 0.306933 1.675378 -0.244224
v 0.319420 1.667130 -0.238856
v 0.310983 1.669232 -0.234172
v 0.318711 1.655355 -0.234852
v 0.310273 1.657456 -0.230168
v 0.313658 1.644847 -0.239241
v 0.305220 1.646948 -0.234557
v 0.307221 1.641763 -0.249452
v 0.298784 1.643864 -0.244769
v 0.303172 1.647909 -0.259504
v 0.294734 1.650010 -0.254820
v -0.002596 1.661689 -0.544287
v -0.008690 1.685501 -0.555136
v -0.013941 1.650985 -0.573754
v -0.020035 1.676884 -0.577492
v -0.001786 1.673303 -0.493777
v -0.007880 1.697116 -0.504625
v -0.047930 1.647382 -0.583462
v -0.054024 1.673281 -0.587199
v -0.077867 1.647300 -0.552300
v -0.083961 1.673077 -0.556803
v -0.054138 1.652149 -0.521738
v -0.060232 1.677369 -0.528718
v -0.013064 1.678007 -0.499148
v -0.019158 1.703227 -0.506127
v -0.002596 1.704145 -0.560866
v -0.008690 1.727957 -0.571715
v -0.013941 1.693441 -0.590333
v -0.020035 1.719340 -0.594070
v -0.001786 1.712287 -0.520771
v -0.007880 1.736100 -0.531620
v -0.047930 1.689838 -0.600040
v -0.054024 1.715737 -0.603778
v -0.077867 1.689756 -0.568879
v -0.083961 1.715533 -0.573382
v -0.054138 1.694605 -0.538317
v -0.060232 1.719825 -0.545297
v -0.013064 1.712239 -0.519042
v -0.019158 1.735680 -0.530673
v 0.019326 1.621625 0.450041
v 0.013232 1.596592 0.442420
v 0.007981 1.610153 0.479218
v 0.001887 1.588261 0.464883
v 0.020136 1.642049 0.414590
v 0.014042 1.617016 0.406968
v -0.026008 1.606432 0.488880
v -0.032102 1.584540 0.474546
v -0.055945 1.627112 0.465569
v -0.062039 1.604805 0.451890
v -0.032216 1.643697 0.439446
v -0.038310 1.620170 0.427992
v 0.008858 1.643229 0.413325
v 0.002764 1.617958 0.406537
v 0.039275 1.687611 0.419613
v 0.022542 1.691778 0.412383
v 0.039344 1.692164 0.422512
v 0.022627 1.697317 0.415909
v 0.037954 1.693500 0.427554
v 0.020935 1.698942 0.422042
v 0.035917 1.690837 0.431785
v 0.018458 1.695703 0.427189
v 0.034428 1.685735 0.432726
v 0.016646 1.689496 0.428334
v 0.034358 1.681182 0.429827
v 0.016562 1.683958 0.424807
v 0.035749 1.679845 0.424785
v 0.018253 1.682333 0.418674
v 0.037786 1.682508 0.420554
v 0.020731 1.685572 0.413528
v 0.028973 1.691020 0.411003
v 0.035699 1.689475 0.413268
v 0.035817 1.697202 0.418189
v 0.029091 1.698747 0.415924
v 0.033457 1.699470 0.426746
v 0.026731 1.701015 0.424481
v 0.030000 1.694950 0.433927
v 0.023274 1.696495 0.431662
v 0.027473 1.686290 0.435525
v 0.020747 1.687835 0.433260
v 0.027354 1.678563 0.430604
v 0.020629 1.680108 0.428339
v 0.029715 1.676295 0.422047
v 0.022989 1.677840 0.419782
v 0.033171 1.680815 0.414866
v 0.026445 1.682360 0.412601
v 0.404522 1.629705 -0.026051
v 0.394422 1.652509 -0.024607
v 0.390312 1.626692 -0.074736
v 0.380333 1.649429 -0.071980
v 0.408079 1.628830 0.005679
v 0.397617 1.651142 0.001574
v 0.385240 1.623396 0.028010
v 0.374778 1.645708 0.023905
v 0.368591 1.616395 -0.091827
v 0.358612 1.639132 -0.089071
v 0.343665 1.733214 -0.073348
v 0.327534 1.736800 -0.062573
v 0.346036 1.738144 -0.071764
v 0.330418 1.742797 -0.060646
v 0.349654 1.739739 -0.067664
v 0.334819 1.744737 -0.055660
v 0.352399 1.737065 -0.063451
v 0.338158 1.741484 -0.050535
v 0.352663 1.731688 -0.061592
v 0.338479 1.734943 -0.048274
v 0.350291 1.726758 -0.063177
v 0.335594 1.728947 -0.050201
v 0.346674 1.725163 -0.067276
v 0.331194 1.727007 -0.055187
v 0.343929 1.727838 -0.071489
v 0.327855 1.730260 -0.060312
v 0.329995 1.736124 -0.069075
v 0.335903 1.734790 -0.073770
v 0.339928 1.743157 -0.071081
v 0.334020 1.744490 -0.066386
v 0.346068 1.745864 -0.064124
v 0.340161 1.747197 -0.059429
v 0.350727 1.741325 -0.056974
v 0.344819 1.742658 -0.052279
v 0.351175 1.732199 -0.053819
v 0.345267 1.733533 -0.049124
v 0.347150 1.723833 -0.056507
v 0.341242 1.725166 -0.051812
v 0.341010 1.721126 -0.063465
v 0.335102 1.722459 -0.058770
v 0.336351 1.725665 -0.070615
v 0.330443 1.726998 -0.065920
v 0.382575 1.661803 -0.025632
v 0.375512 1.677749 -0.024623
v 0.370103 1.656018 -0.059763
v 0.363125 1.671917 -0.057836
v 0.386131 1.660927 0.006098
v 0.378815 1.676530 0.003227
v 0.363293 1.655493 0.028429
v 0.355977 1.671096 0.025559
v 0.347704 1.646943 -0.082195
v 0.340726 1.662842 -0.080268
v 0.421228 1.591449 -0.037903
v 0.412262 1.611693 -0.036621
v 0.410375 1.589256 -0.058624
v 0.401517 1.609439 -0.056177
v 0.424493 1.591114 -0.007389
v 0.415206 1.610920 -0.011033
v 0.391048 1.580298 0.002868
v 0.381761 1.600105 -0.000777
v 0.386052 1.577641 -0.066162
v 0.377194 1.597824 -0.063715
v 0.408306 1.695961 0.001624
v 0.400982 1.708986 -0.007426
v 0.412791 1.666130 -0.019521
v 0.406520 1.670959 -0.035095
v 0.391036 1.701340 0.029953
v 0.383955 1.711848 0.017928
v 0.365418 1.686483 0.030995
v 0.358336 1.696992 0.018970
v 0.373292 1.649779 -0.016397
v 0.367146 1.653846 -0.032236
v 0.361904 1.666063 0.019441
v 0.356101 1.668157 0.003097
v 0.274871 1.531490 -0.239527
v 0.259575 1.537745 -0.228753
v 0.278040 1.535950 -0.237943
v 0.263430 1.543169 -0.226826
v 0.281875 1.536912 -0.233844
v 0.268095 1.544339 -0.221840
v 0.284129 1.533813 -0.229631
v 0.270837 1.540570 -0.216715
v 0.283483 1.528469 -0.227772
v 0.270051 1.534069 -0.214454
v 0.280315 1.524010 -0.229356
v 0.266197 1.528645 -0.216381
v 0.276480 1.523047 -0.233456
v 0.261532 1.527474 -0.221367
v 0.274225 1.526146 -0.237669
v 0.258789 1.531244 -0.226492
v 0.261888 1.536662 -0.235255
v 0.267486 1.534352 -0.239950
v 0.272864 1.541921 -0.237261
v 0.267266 1.544231 -0.232566
v 0.279373 1.543554 -0.230304
v 0.273774 1.545864 -0.225609
v 0.283199 1.538295 -0.223153
v 0.277601 1.540604 -0.218458
v 0.282103 1.529224 -0.219998
v 0.276504 1.531534 -0.215303
v 0.276725 1.521656 -0.222687
v 0.271126 1.523965 -0.217992
v 0.270216 1.520023 -0.229644
v 0.264618 1.522333 -0.224949
v 0.266389 1.525282 -0.236795
v 0.260791 1.527592 -0.232100
v 0.257419 1.531491 0.175033
v 0.242123 1.537745 0.185808
v 0.260588 1.535950 0.176617
v 0.245978 1.543169 0.187735
v 0.264423 1.536912 0.180716
v 0.250642 1.544339 0.192721
v 0.266677 1.533813 0.184929
v 0.253385 1.540570 0.197846
v 0.266031 1.528469 0.186788
v 0.252599 1.534069 0.200107
v 0.262862 1.524009 0.185204
v 0.248744 1.528645 0.198180
v 0.259027 1.523047 0.181105
v 0.244080 1.527474 0.193194
v 0.256773 1.526146 0.176892
v 0.241337 1.531244 0.188069
v 0.244436 1.536662 0.179306
v 0.250034 1.534352 0.174611
v 0.255412 1.541921 0.177299
v 0.249814 1.544231 0.181995
v 0.261920 1.543554 0.184257
v 0.256322 1.545864 0.188952
v 0.265747 1.538294 0.191407
v 0.260149 1.540605 0.196102
v 0.264650 1.529224 0.194562
v 0.259052 1.531534 0.199257
v 0.259272 1.521655 0.191873
v 0.253674 1.523966 0.196569
v 0.252764 1.520023 0.184916
v 0.247166 1.522333 0.189611
v 0.248937 1.525282 0.177766
v 0.243339 1.527592 0.182461
v 0.249857 1.601282 0.230059
v 0.241720 1.603028 0.252916
v 0.270822 1.651725 0.231247
v 0.261984 1.652452 0.253985
v 0.231101 1.572621 0.227473
v 0.225942 1.578691 0.250082
v 0.196396 1.569973 0.225822
v 0.191237 1.576042 0.248431
v 0.245713 1.678355 0.225385
v 0.236875 1.679082 0.248123
v 0.275663 1.602147 0.195551
v 0.268764 1.600575 0.216338
v 0.287624 1.652369 0.201281
v 0.277604 1.651285 0.221574
v 0.262714 1.575355 0.189237
v 0.252298 1.577949 0.211330
v 0.226108 1.566022 0.184177
v 0.210748 1.565779 0.206843
v 0.277561 1.672435 0.194235
v 0.258477 1.671350 0.214527
v 0.286556 1.627414 0.273761
v 0.282295 1.642835 0.283610
v 0.287015 1.635108 0.234899
v 0.282754 1.653372 0.233788
v 0.267024 1.617831 0.296403
v 0.262763 1.635091 0.302477
v 0.236940 1.621807 0.282625
v 0.232679 1.639067 0.288700
v 0.241838 1.631656 0.226403
v 0.237577 1.649846 0.224418
v 0.230073 1.628980 0.258299
v 0.225812 1.646795 0.254124
v 0.286556 1.582111 0.263293
v 0.282295 1.591745 0.278849
v 0.287015 1.605877 0.231598
v 0.282754 1.622820 0.238507
v 0.267024 1.563667 0.279551
v 0.262763 1.576594 0.292502
v 0.236940 1.573218 0.268854
v 0.232679 1.586144 0.281805
v 0.241838 1.606445 0.222445
v 0.237577 1.623700 0.228534
v 0.230073 1.590219 0.250035
v 0.225812 1.608085 0.253988
v -0.080552 1.229321 -0.274314
v -0.046029 1.302058 -0.274314
v 0.077882 1.154125 -0.201672
v 0.112405 1.226862 -0.201672
v 0.143507 1.122977 -0.026299
v 0.178030 1.195714 -0.026299
v 0.077882 1.154125 0.149074
v 0.112405 1.226862 0.149074
v -0.080552 1.229321 0.221716
v -0.046029 1.302058 0.221716
v -0.276790 1.275393 0.149074
v -0.267412 1.355358 0.149074
v -0.326383 1.294116 -0.032791
v -0.319209 1.374310 -0.032791
v -0.269707 1.275392 -0.201672
v -0.260329 1.355358 -0.201672
v -0.052091 1.370329 -0.182165
v -0.037594 1.411933 -0.182165
v 0.034131 1.346498 -0.155979
v 0.042324 1.389788 -0.155979
v 0.094240 1.318765 -0.026299
v 0.102850 1.361974 -0.026299
v 0.031861 1.345985 0.084128
v 0.040054 1.389274 0.084128
v -0.052841 1.379327 0.129663
v -0.038344 1.420931 0.129663
v -0.125886 1.383165 0.133399
v -0.120755 1.426924 0.133399
v -0.268145 1.384079 -0.021009
v -0.264219 1.427962 -0.021009
v -0.123000 1.378054 -0.185365
v -0.118896 1.422377 -0.177446
v -0.224671 1.382095 -0.142242
v -0.220656 1.426198 -0.138282
v -0.224569 1.383622 0.080443
v -0.220041 1.427443 0.080443
v 0.318267 0.563290 -0.034333
v 0.322234 0.506139 -0.005305
v 0.330397 0.525090 -0.111131
v 0.331753 0.461909 -0.065230
v 0.324356 0.561643 -0.088746
v 0.328001 0.495411 -0.045942
v 0.313682 0.603789 -0.053099
v 0.314759 0.606660 -0.067648
v 0.330301 0.557877 -0.135015
v 0.328759 0.570544 -0.130680
v 0.311702 0.570234 0.037660
v 0.312713 0.554211 0.046711
v 0.339078 0.434475 -0.159681
v 0.338839 0.419940 -0.144613
v 0.327441 0.451564 -0.002485
v 0.330767 0.434660 -0.023706
v 0.329380 0.437473 -0.010035
v 0.321247 0.647752 -0.177258
v 0.323588 0.626000 -0.138905
v 0.328405 0.591645 -0.197523
v 0.329205 0.582347 -0.159766
v 0.324841 0.621011 -0.206258
v 0.326992 0.599638 -0.152696
v 0.318542 0.672184 -0.212236
v 0.319177 0.667634 -0.219711
v 0.328349 0.594896 -0.234446
v 0.327439 0.602406 -0.236900
v 0.317373 0.676171 -0.140528
v 0.317970 0.670659 -0.131171
v 0.333528 0.549456 -0.185094
v 0.333387 0.549940 -0.176455
v 0.326661 0.599072 -0.110011
v 0.328624 0.583570 -0.114013
v 0.327805 0.589749 -0.108568
v 0.155814 1.104154 -0.276814
v 0.153259 1.107810 -0.252608
v 0.249001 0.994301 -0.221036
v 0.234155 1.002007 -0.200526
v 0.320357 0.757492 0.150426
v 0.315552 0.777061 0.134762
v 0.216133 0.977079 0.178341
v 0.207574 0.995101 0.158050
v 0.097895 1.169487 0.246330
v 0.100024 1.162695 0.215793
v -0.057749 1.217331 0.258391
v -0.054355 1.220369 0.226895
v -0.136663 1.217331 0.187309
v -0.117144 1.220370 0.162359
v 0.032200 1.177437 -0.313908
v 0.029067 1.181919 -0.284227
v -0.052529 1.216128 -0.303089
v -0.055662 1.220610 -0.273408
v 0.296092 0.842372 -0.132271
v 0.284310 0.873033 -0.116058
v 0.316535 0.754069 -0.056657
v 0.325015 0.741962 -0.079549
v 0.340624 0.696733 -0.038635
v 0.341263 0.684758 0.063783
v 0.333737 0.710822 0.053535
v 0.330112 0.724295 -0.032246
v 0.368329 -1.259738 0.290047
v 0.381411 -1.258304 0.289967
v 0.369708 -1.278948 0.294100
v 0.382810 -1.277509 0.294018
v 0.370988 -1.295594 0.304910
v 0.384109 -1.294147 0.304831
v 0.371952 -1.307116 0.320853
v 0.385088 -1.305663 0.320782
v 0.372420 -1.311726 0.339540
v 0.385565 -1.310269 0.339478
v 0.372297 -1.308700 0.358149
v 0.385445 -1.307240 0.358097
v 0.371601 -1.298500 0.373846
v 0.384745 -1.297040 0.373805
v 0.370459 -1.282702 0.384220
v 0.383593 -1.281244 0.384187
v 0.369077 -1.263740 0.387661
v 0.382195 -1.262287 0.387634
v 0.367688 -1.244523 0.383624
v 0.380787 -1.243076 0.383599
v 0.366507 -1.227977 0.372720
v 0.379586 -1.226536 0.372695
v 0.365692 -1.216600 0.356628
v 0.378754 -1.215166 0.356598
v 0.365337 -1.212098 0.337827
v 0.378386 -1.210668 0.337787
v 0.365469 -1.215130 0.319203
v 0.378515 -1.213703 0.319151
v 0.366066 -1.225232 0.303599
v 0.379117 -1.223805 0.303535
v 0.367059 -1.240884 0.293372
v 0.380123 -1.239455 0.293298
v 0.363102 -1.248987 0.118959
v 0.369670 -1.336639 0.137735
v 0.382804 -1.335219 0.137527
v 0.376142 -1.247589 0.118744
v 0.376728 -1.413776 0.185943
v 0.389937 -1.412326 0.185769
v 0.382601 -1.467849 0.257111
v 0.395859 -1.466367 0.256983
v 0.385650 -1.489702 0.341460
v 0.398935 -1.488195 0.341375
v 0.385063 -1.475712 0.426494
v 0.398356 -1.474193 0.426446
v 0.381025 -1.428279 0.498963
v 0.394307 -1.426757 0.498944
v 0.374526 -1.355102 0.547295
v 0.387776 -1.353590 0.547302
v 0.367034 -1.267759 0.563666
v 0.380230 -1.266265 0.563696
v 0.360098 -1.179807 0.545324
v 0.373216 -1.178340 0.545372
v 0.354902 -1.104653 0.495057
v 0.367924 -1.103218 0.495115
v 0.351930 -1.053492 0.420761
v 0.364857 -1.052086 0.420808
v 0.351028 -1.033692 0.334156
v 0.363887 -1.032307 0.334166
v 0.351843 -1.047851 0.248868
v 0.364681 -1.046474 0.248815
v 0.354153 -1.093559 0.178179
v 0.367023 -1.092180 0.178054
v 0.357893 -1.163954 0.132795
v 0.370836 -1.162568 0.132610
v 0.347764 -1.237114 -0.174972
v 0.406004 -1.493513 -0.104793
v 0.232982 -1.464986 -0.661384
v 0.259973 -1.824797 -0.674859
v 0.306459 -0.817277 0.455147
v 0.339304 -1.073445 0.552299
v -0.047508 -0.474724 0.556242
v -0.013640 -0.736466 0.632868
v -0.534520 -0.512512 0.073909
v -0.530786 -0.768062 0.119923
v -0.259777 -0.699700 0.581100
v -0.303638 -0.447203 0.585183
v -0.425881 -0.792566 -0.463162
v -0.414311 -1.060524 -0.487824
v 0.132823 -1.450656 -0.762825
v 0.061684 -1.724787 -0.778632
v 0.372841 -2.151330 0.121200
v 0.274854 -1.771666 0.635950
v 0.380512 -1.355518 0.240532
v 0.339089 -1.101425 0.157184
v 0.324610 -2.081237 0.434154
v -0.570895 -1.120341 0.203142
v -0.290278 -1.150721 0.561499
v -0.398432 -0.418379 0.324700
v -0.368807 -0.724575 0.335935
v -0.439502 -1.240936 0.382664
v 0.457530 -1.361465 0.262327
v 0.486019 -1.502635 -0.087225
v 0.403670 -2.085863 0.457087
v 0.452317 -2.156536 0.143327
v 0.414560 -1.078441 0.576179
v 0.353260 -1.776263 0.659260
v -0.424090 -0.723309 0.379275
v -0.316458 -0.698679 0.626458
v -0.494839 -1.240513 0.425829
v -0.345344 -1.149702 0.605946
v -0.586010 -0.766546 0.160018
v -0.627921 -1.120227 0.244298
v 0.392523 -1.364965 0.067442
v 0.405714 -1.363576 0.067136
v 0.394102 -1.384303 0.071433
v 0.407312 -1.382910 0.071130
v 0.395841 -1.401376 0.081890
v 0.409064 -1.399976 0.081597
v 0.397434 -1.413538 0.097265
v 0.410665 -1.412128 0.096988
v 0.398598 -1.418882 0.115283
v 0.411831 -1.417463 0.115024
v 0.399140 -1.416567 0.133239
v 0.412368 -1.415140 0.132998
v 0.398994 -1.406963 0.148396
v 0.412211 -1.405530 0.148169
v 0.398222 -1.391575 0.158404
v 0.411424 -1.390140 0.158186
v 0.396979 -1.372792 0.161688
v 0.410163 -1.371359 0.161475
v 0.395468 -1.353497 0.157713
v 0.408634 -1.352069 0.157498
v 0.393903 -1.336616 0.147082
v 0.407053 -1.335194 0.146859
v 0.392486 -1.324682 0.131445
v 0.405624 -1.323267 0.131209
v 0.391397 -1.319468 0.113232
v 0.404531 -1.318061 0.112979
v 0.390786 -1.321739 0.095260
v 0.403926 -1.320340 0.094988
v 0.390760 -1.331154 0.080275
v 0.403913 -1.329761 0.079986
v 0.391357 -1.346314 0.070529
v 0.404528 -1.344925 0.070227
v 0.381392 -1.347289 -0.096705
v 0.389181 -1.435745 -0.078228
v 0.402513 -1.434464 -0.078733
v 0.394646 -1.346023 -0.097234
v 0.398844 -1.515711 -0.032623
v 0.412212 -1.514375 -0.033047
v 0.407737 -1.573313 0.035019
v 0.421112 -1.571912 0.034692
v 0.413531 -1.598365 0.116117
v 0.426898 -1.596911 0.115872
v 0.415193 -1.586881 0.198661
v 0.428542 -1.585395 0.198477
v 0.412955 -1.541293 0.269444
v 0.426273 -1.539792 0.269303
v 0.407900 -1.469432 0.316804
v 0.421172 -1.467933 0.316692
v 0.401472 -1.382940 0.332828
v 0.414679 -1.381453 0.332734
v 0.394922 -1.295238 0.314726
v 0.408047 -1.293772 0.314637
v 0.388874 -1.219385 0.265284
v 0.401910 -1.217944 0.265179
v 0.383475 -1.166317 0.192390
v 0.396441 -1.164901 0.192240
v 0.379042 -1.143625 0.107733
v 0.391977 -1.142234 0.107510
v 0.376163 -1.154390 0.024922
v 0.389121 -1.153024 0.024607
v 0.375296 -1.196571 -0.042762
v 0.388328 -1.195238 -0.043171
v 0.376834 -1.263861 -0.084979
v 0.389977 -1.262569 -0.085467
v -0.014713 -1.418039 -0.731690
v -0.017499 -1.416061 -0.748141
v -0.011293 -1.438687 -0.737259
v -0.014061 -1.436717 -0.753711
v -0.000465 -1.455099 -0.743619
v -0.003207 -1.453153 -0.760096
v 0.016114 -1.464740 -0.749770
v 0.013407 -1.462832 -0.766293
v 0.035894 -1.466122 -0.754777
v 0.033223 -1.464262 -0.771365
v 0.055831 -1.459038 -0.757917
v 0.053195 -1.457228 -0.774578
v 0.072873 -1.444596 -0.758758
v 0.070264 -1.442830 -0.775490
v 0.084432 -1.425032 -0.757204
v 0.081838 -1.423297 -0.773991
v 0.088771 -1.403350 -0.753488
v 0.086177 -1.401626 -0.770306
v 0.085258 -1.382847 -0.748146
v 0.082647 -1.381111 -0.764962
v 0.074447 -1.366614 -0.741947
v 0.071805 -1.364846 -0.758729
v 0.057982 -1.357080 -0.735798
v 0.055301 -1.355267 -0.752522
v 0.038349 -1.355672 -0.730630
v 0.035628 -1.353809 -0.747283
v 0.018506 -1.362610 -0.727262
v 0.015749 -1.360701 -0.743844
v 0.001448 -1.376874 -0.726259
v -0.001333 -1.374927 -0.742779
v -0.010226 -1.396331 -0.727814
v -0.013017 -1.394360 -0.744289
v -0.194326 -1.449814 -0.698585
v -0.179581 -1.545314 -0.726528
v -0.182680 -1.542828 -0.742214
v -0.197516 -1.447321 -0.714290
v -0.129614 -1.621929 -0.757439
v -0.132622 -1.619490 -0.773171
v -0.052390 -1.667592 -0.786224
v -0.055303 -1.665247 -0.802068
v 0.039626 -1.675113 -0.808717
v 0.036816 -1.672905 -0.824731
v 0.131846 -1.643369 -0.822177
v 0.129144 -1.641330 -0.838404
v 0.210035 -1.577566 -0.825462
v 0.207435 -1.575701 -0.841920
v 0.262472 -1.488334 -0.818666
v 0.259943 -1.486603 -0.835330
v 0.281531 -1.389731 -0.802673
v 0.279015 -1.388048 -0.819465
v 0.264657 -1.296760 -0.779337
v 0.262079 -1.295015 -0.796113
v 0.214697 -1.223024 -0.751561
v 0.211988 -1.221128 -0.768176
v 0.139461 -1.178958 -0.722819
v 0.136582 -1.176880 -0.739198
v 0.050419 -1.170784 -0.696992
v 0.047362 -1.168548 -0.713150
v -0.039407 -1.199944 -0.678522
v -0.042612 -1.197595 -0.694519
v -0.117378 -1.262777 -0.671754
v -0.120659 -1.260356 -0.687634
v -0.172070 -1.350468 -0.678912
v -0.175335 -1.348000 -0.694691
v -0.295213 -1.129145 -0.552784
v -0.299997 -1.128781 -0.563152
v -0.296015 -1.144222 -0.554563
v -0.300775 -1.143865 -0.564937
v -0.292024 -1.157308 -0.558761
v -0.296753 -1.156959 -0.569142
v -0.283834 -1.166375 -0.564695
v -0.288528 -1.166036 -0.575086
v -0.272693 -1.170035 -0.571461
v -0.277355 -1.169707 -0.581863
v -0.260312 -1.167752 -0.578074
v -0.264950 -1.167432 -0.588485
v -0.248593 -1.159916 -0.583591
v -0.253217 -1.159601 -0.594008
v -0.239331 -1.147757 -0.587216
v -0.243953 -1.147442 -0.597633
v -0.233938 -1.133134 -0.588394
v -0.238571 -1.132813 -0.598804
v -0.233227 -1.118245 -0.586898
v -0.237883 -1.117914 -0.597297
v -0.237293 -1.105313 -0.582893
v -0.241978 -1.104970 -0.593280
v -0.245498 -1.096275 -0.576950
v -0.250217 -1.095921 -0.587326
v -0.256586 -1.092503 -0.569978
v -0.261337 -1.092141 -0.580346
v -0.268876 -1.094598 -0.563083
v -0.273654 -1.094231 -0.573446
v -0.280520 -1.102280 -0.557371
v -0.285313 -1.101911 -0.567734
v -0.289767 -1.114409 -0.553755
v -0.294562 -1.114041 -0.564120
v -0.406527 -1.121199 -0.490742
v -0.410598 -1.191251 -0.500540
v -0.415485 -1.190853 -0.510832
v -0.411532 -1.120797 -0.501035
v -0.392159 -1.252148 -0.520720
v -0.396905 -1.251765 -0.531022
v -0.353805 -1.293983 -0.547372
v -0.358412 -1.293635 -0.557710
v -0.301743 -1.310032 -0.576296
v -0.306228 -1.309741 -0.586705
v -0.244374 -1.298075 -0.603791
v -0.248760 -1.297855 -0.614292
v -0.190562 -1.260841 -0.627017
v -0.194885 -1.260677 -0.637595
v -0.148314 -1.205058 -0.643584
v -0.152629 -1.204904 -0.654176
v -0.124000 -1.139453 -0.650857
v -0.128363 -1.139251 -0.661386
v -0.121509 -1.073163 -0.646441
v -0.125966 -1.072881 -0.656865
v -0.141261 -1.015202 -0.629750
v -0.145837 -1.014845 -0.640081
v -0.179890 -0.973915 -0.602886
v -0.184597 -0.973507 -0.613158
v -0.231044 -0.955766 -0.570215
v -0.235886 -0.955337 -0.580465
v -0.286858 -0.964054 -0.537409
v -0.291822 -0.963625 -0.547664
v -0.339364 -0.998130 -0.510358
v -0.344411 -0.997712 -0.520631
v -0.381312 -1.053272 -0.493933
v -0.386376 -1.052864 -0.504222
v -0.418314 -0.690109 0.288831
v -0.427052 -0.689320 0.294520
v -0.420882 -0.705161 0.287772
v -0.429622 -0.704371 0.293446
v -0.426620 -0.718365 0.282167
v -0.435366 -0.717577 0.287823
v -0.434655 -0.727716 0.272894
v -0.443411 -0.726930 0.278528
v -0.443795 -0.731800 0.261378
v -0.452564 -0.731020 0.266992
v -0.452691 -0.730010 0.249372
v -0.461475 -0.729233 0.254972
v -0.460025 -0.722622 0.238684
v -0.468823 -0.721849 0.244276
v -0.464687 -0.710756 0.230916
v -0.473494 -0.709987 0.236509
v -0.465938 -0.696209 0.227235
v -0.474748 -0.695441 0.232838
v -0.463540 -0.681182 0.228206
v -0.472348 -0.680414 0.233826
v -0.457817 -0.667959 0.233702
v -0.466616 -0.667189 0.239344
v -0.449633 -0.658556 0.242911
v -0.458420 -0.657783 0.248574
v -0.440268 -0.654416 0.254442
v -0.449042 -0.653640 0.260123
v -0.431201 -0.656182 0.266536
v -0.439962 -0.655401 0.272230
v -0.423852 -0.663589 0.277332
v -0.432602 -0.662805 0.283032
v -0.419340 -0.675506 0.285165
v -0.428082 -0.674719 0.290864
v -0.348293 -0.684406 0.405591
v -0.360213 -0.753603 0.400829
v -0.368971 -0.752806 0.406619
v -0.357055 -0.683611 0.411429
v -0.385671 -0.814076 0.375049
v -0.394439 -0.813285 0.380772
v -0.420911 -0.856675 0.332554
v -0.429708 -0.855901 0.338194
v -0.460896 -0.875113 0.280185
v -0.469747 -0.874361 0.285735
v -0.499999 -0.866792 0.226003
v -0.508926 -0.866063 0.231468
v -0.532790 -0.833073 0.177880
v -0.541796 -0.832363 0.183289
v -0.554622 -0.779017 0.142511
v -0.563678 -0.778316 0.147913
v -0.561972 -0.712665 0.124915
v -0.571033 -0.711964 0.130370
v -0.552918 -0.643927 0.127982
v -0.561943 -0.643218 0.133529
v -0.527919 -0.583176 0.151790
v -0.536889 -0.582456 0.157442
v -0.490440 -0.539721 0.193152
v -0.499356 -0.538988 0.198897
v -0.446776 -0.520350 0.245867
v -0.455646 -0.519604 0.251680
v -0.404733 -0.528212 0.301711
v -0.413565 -0.527452 0.307567
v -0.371517 -0.562215 0.351864
v -0.380318 -0.561442 0.357736
v -0.351998 -0.617128 0.388400
v -0.360775 -0.616342 0.394265
v -0.360524 -0.747278 0.481672
v -0.369767 -0.747214 0.487520
v -0.362458 -0.762660 0.480276
v -0.371693 -0.762597 0.486118
v -0.366628 -0.775854 0.473849
v -0.375859 -0.775792 0.479681
v -0.372404 -0.784830 0.463353
v -0.381633 -0.784771 0.469174
v -0.378884 -0.788207 0.450375
v -0.388114 -0.788151 0.456183
v -0.385048 -0.785467 0.436883
v -0.394281 -0.785414 0.442679
v -0.389934 -0.777040 0.424938
v -0.399172 -0.776989 0.430727
v -0.392794 -0.764233 0.416375
v -0.402039 -0.764183 0.422161
v -0.393210 -0.749010 0.412514
v -0.402463 -0.748961 0.418303
v -0.391146 -0.733692 0.413947
v -0.400406 -0.733642 0.419744
v -0.386941 -0.720594 0.420448
v -0.396207 -0.720542 0.426256
v -0.381248 -0.711689 0.431009
v -0.390518 -0.711634 0.436829
v -0.374921 -0.708317 0.444007
v -0.384191 -0.708260 0.449840
v -0.368889 -0.710993 0.457462
v -0.378156 -0.710934 0.463304
v -0.364036 -0.719324 0.469333
v -0.373296 -0.719263 0.475181
v -0.361092 -0.732061 0.477830
v -0.370343 -0.731998 0.483680
v -0.306315 -0.744686 0.606441
v -0.313658 -0.815283 0.600483
v -0.322831 -0.815198 0.606397
v -0.315507 -0.744601 0.612373
v -0.332687 -0.876329 0.571973
v -0.341852 -0.876253 0.577856
v -0.360441 -0.918260 0.525116
v -0.369610 -0.918199 0.530954
v -0.392166 -0.934408 0.466885
v -0.401349 -0.934366 0.472666
v -0.422377 -0.922174 0.406033
v -0.431584 -0.922148 0.411751
v -0.446181 -0.883582 0.351833
v -0.455418 -0.883567 0.357497
v -0.460242 -0.824967 0.312708
v -0.469505 -0.824953 0.318348
v -0.462850 -0.755678 0.294895
v -0.472133 -0.755661 0.300553
v -0.453649 -0.686250 0.301291
v -0.462957 -0.686225 0.307001
v -0.434078 -0.626822 0.330798
v -0.443422 -0.626790 0.336573
v -0.407632 -0.586023 0.378587
v -0.417004 -0.585984 0.384422
v -0.378594 -0.569929 0.437141
v -0.387960 -0.569881 0.443022
v -0.350647 -0.581094 0.497557
v -0.359972 -0.581036 0.503470
v -0.327082 -0.618053 0.550818
v -0.336353 -0.617983 0.556750
v -0.311305 -0.675435 0.589010
v -0.320529 -0.675356 0.594948
v -0.146529 -1.116748 -0.633773
v -0.176314 -1.387792 -0.654008
v 0.322964 0.788069 -0.048854
v 0.332127 0.741821 -0.040754
v 0.323171 0.773773 -0.104561
v 0.332661 0.726663 -0.092843
v 0.321200 0.790213 -0.078922
v 0.333784 0.727582 -0.064075
v 0.327492 0.766689 -0.038633
v 0.327492 0.751107 -0.104364
v 0.327492 0.758898 -0.071498
v 0.300668 0.858824 -0.096175
v 0.308133 0.821147 -0.089576
v 0.300837 0.847177 -0.141558
v 0.308568 0.808798 -0.132012
v 0.299231 0.860571 -0.120671
v 0.309483 0.809547 -0.108575
v 0.304357 0.841406 -0.087848
v 0.304357 0.828712 -0.141398
v 0.304357 0.835059 -0.114623
v -0.516696 0.747597 0.151418
v -0.576816 0.764879 -0.123867
v -0.482751 0.332582 0.056651
v -0.438453 0.485126 -0.270814
v -0.435228 0.482990 0.225775
v -0.520534 0.619970 -0.159471
v -0.446222 0.723517 0.458234
v -0.435473 0.651067 0.486933
v -0.409665 0.218328 0.295632
v -0.416902 0.272533 0.341395
v -0.429872 1.118901 0.103011
v -0.438106 1.132846 0.057072
v -0.410335 0.042182 -0.415131
v -0.378274 0.094225 -0.470235
v -0.457550 0.758465 -0.445275
v -0.436888 0.680509 -0.488190
v -0.450661 0.725305 -0.487103
v -0.546756 0.794400 0.020439
v -0.460602 0.410065 -0.129494
v -0.477881 0.551480 0.033152
v -0.433989 1.132270 0.081059
v -0.394304 0.058151 -0.451715
v 0.307972 1.654781 -0.242683
v 0.332478 1.609612 -0.201974
v 0.268478 1.575437 -0.282328
v 0.295720 1.551375 -0.240420
v 0.291719 1.625146 -0.266173
v 0.318711 1.581217 -0.221852
v 0.272883 1.672763 -0.273139
v 0.263329 1.668168 -0.283446
v 0.241979 1.591226 -0.325755
v 0.244240 1.602808 -0.326234
v 0.332921 1.686034 -0.189976
v 0.336562 1.675163 -0.180442
v 0.255153 1.510870 -0.281331
v 0.259111 1.508368 -0.270311
v 0.343629 1.560689 -0.175024
v 0.330404 1.539175 -0.184714
v 0.342988 1.547495 -0.176881
v 0.319694 1.671788 -0.217356
v 0.337128 1.643768 -0.192235
v -0.645875 -3.915465 -0.556814
v -0.632001 -3.918826 -0.416220
v -0.566043 -3.932113 -0.772338
v 0.115535 -3.995517 -0.675916
v 0.199744 -3.984622 -0.511859
v 0.187988 -4.014799 -0.341563
v -0.169522 -4.017364 -0.917006
v -0.174407 -4.018754 -0.139544
v -0.012084 -4.053716 -0.214695
v -0.005298 -4.052533 -0.894643
v -0.384795 -3.971370 -0.853463
v -0.474372 -3.953699 -0.244439
v 0.030142 -3.201266 -0.659698
v -0.447033 -3.103167 -0.604788
v -0.497337 -3.118434 -0.500454
v 0.062657 -3.203420 -0.499020
v -0.213597 -3.130203 -0.904447
v -0.197179 -3.281346 -0.169025
v -0.478610 -3.180102 -0.382007
v 0.086491 -3.253175 -0.372736
v 0.072640 -3.290829 -0.205867
v -0.061858 -3.159049 -0.939111
v -0.335256 -3.107059 -0.769569
v -0.363627 -3.245170 -0.240236
v 0.068996 -3.518045 -0.653751
v 0.096188 -3.819243 -0.588655
v 0.123076 -3.526164 -0.495640
v 0.173699 -3.844914 -0.500055
v -0.191119 -3.449308 -0.884194
v -0.181802 -3.753063 -0.805620
v -0.174350 -3.542029 -0.180315
v -0.180200 -3.798325 -0.118688
v -0.519988 -3.686740 -0.607946
v -0.476807 -3.405442 -0.636619
v -0.587505 -3.690444 -0.528254
v -0.536467 -3.410156 -0.512570
v -0.573708 -3.715388 -0.353853
v -0.519973 -3.451758 -0.443797
v 0.165191 -3.861521 -0.308347
v 0.065321 -3.544439 -0.416251
v -0.025474 -3.829460 -0.185614
v -0.032034 -3.549101 -0.255109
v -0.022376 -3.786671 -0.802801
v -0.036332 -3.480748 -0.900685
v -0.364078 -3.715592 -0.718380
v -0.342972 -3.418763 -0.772868
v -0.433627 -3.747920 -0.202707
v -0.393907 -3.501028 -0.258575
v -0.636751 -4.183843 -0.571285
v -0.655081 -4.152511 -0.444631
v -0.572680 -4.161787 -0.766766
v 0.090700 -4.165783 -0.720612
v 0.223840 -4.152317 -0.528371
v 0.206973 -4.162946 -0.335564
v -0.189019 -4.286540 -0.895758
v -0.190256 -4.287801 -0.195381
v -0.042547 -4.314996 -0.264342
v -0.038955 -4.329689 -0.857931
v -0.384990 -4.245107 -0.838517
v -0.496666 -4.194834 -0.289879
v 0.032792 -2.716366 -0.676377
v -0.518121 -2.636631 -0.599803
v -0.570734 -2.651680 -0.497961
v 0.070321 -2.743341 -0.533957
v -0.256793 -2.667289 -0.859583
v -0.070580 -2.875324 -0.140397
v -0.546136 -2.737509 -0.371643
v 0.101273 -2.773603 -0.424408
v 0.039604 -2.812749 -0.269833
v -0.080181 -2.687230 -0.886975
v -0.400661 -2.641439 -0.749733
v -0.445365 -2.806031 -0.246244
v 0.096937 -2.575700 -0.526710
v 0.120349 -2.672905 -0.454922
v -0.155252 -2.375199 -0.193381
v -0.135820 -2.521786 -0.204938
v 0.057050 -2.515843 -0.382093
v 0.073356 -2.654881 -0.374221
v -0.480481 -2.274107 -0.291525
v -0.486055 -2.504112 -0.336346
v -0.409880 -2.106851 -0.685061
v -0.393795 -2.262867 -0.725908
v -0.105651 -2.205678 -0.832474
v -0.111589 -2.359287 -0.837309
v 0.348167 -0.880096 -0.300682
v 0.321249 -0.972769 -0.238690
v 0.310446 -1.071440 -0.338930
v 0.334126 -0.970725 -0.359415
v -0.252623 -2.348354 -0.821667
v -0.269912 -2.157753 -0.817914
v -0.531350 -2.362857 -0.521251
v -0.540479 -2.187438 -0.482296
v -0.288014 -2.477036 -0.190603
v -0.341256 -2.302849 -0.201385
v 0.343477 -0.810718 -0.293915
v 0.377303 -0.742522 -0.213547
v 0.345906 -0.608967 -0.269342
v 0.362418 -0.582451 -0.175159
v -0.494475 -2.294831 -0.637102
v -0.511504 -2.113951 -0.574706
v -0.516985 -2.497397 -0.620209
v -0.425452 -2.457589 -0.711077
v 0.274569 -1.031380 -0.486013
v 0.266101 -1.127742 -0.440272
v 0.153314 -1.564793 -0.265550
v 0.204868 -1.586670 -0.343065
v -0.020464 -1.912491 -0.226736
v 0.071536 -1.938265 -0.281825
v -0.058782 -2.563081 -0.257317
v -0.072221 -2.463064 -0.260709
v 0.006458 -2.393267 -0.594127
v 0.030183 -2.480014 -0.641245
v -0.053701 -2.300124 -0.723810
v -0.046116 -2.420098 -0.746946
v 0.296254 -0.595442 -0.381317
v 0.217695 -0.616420 -0.496785
v 0.338002 -0.797036 -0.370324
v 0.251952 -0.858847 -0.486616
v -0.645875 -3.915465 0.499113
v -0.632001 -3.918826 0.358520
v -0.566043 -3.932113 0.714638
v 0.115535 -3.995517 0.618216
v 0.199744 -3.984622 0.454159
v 0.187988 -4.014799 0.283862
v -0.169522 -4.017364 0.859306
v -0.174407 -4.018754 0.081843
v -0.012084 -4.053716 0.156995
v -0.005298 -4.052533 0.836942
v -0.384795 -3.971370 0.795762
v -0.474372 -3.953700 0.186739
v 0.030142 -3.201266 0.601998
v -0.447033 -3.103167 0.547088
v -0.497337 -3.118434 0.442753
v 0.062656 -3.203421 0.441320
v -0.213597 -3.130204 0.846747
v -0.197178 -3.281346 0.111325
v -0.478610 -3.180103 0.324307
v 0.086491 -3.253175 0.315036
v 0.072640 -3.290829 0.148167
v -0.061858 -3.159048 0.881410
v -0.335256 -3.107059 0.711869
v -0.363627 -3.245170 0.182535
v 0.068996 -3.518045 0.596051
v 0.096188 -3.819243 0.530955
v 0.123076 -3.526165 0.437939
v 0.173699 -3.844914 0.442355
v -0.191119 -3.449308 0.826493
v -0.181802 -3.753063 0.747919
v -0.174350 -3.542029 0.122615
v -0.180200 -3.798325 0.060987
v -0.519988 -3.686740 0.550246
v -0.476807 -3.405441 0.578919
v -0.587505 -3.690444 0.470554
v -0.536466 -3.410156 0.454870
v -0.573708 -3.715389 0.296153
v -0.519973 -3.451759 0.386097
v 0.165191 -3.861521 0.250646
v 0.065321 -3.544439 0.358550
v -0.025474 -3.829460 0.127914
v -0.032034 -3.549102 0.197408
v -0.022377 -3.786671 0.745101
v -0.036332 -3.480749 0.842985
v -0.364078 -3.715593 0.660679
v -0.342972 -3.418763 0.715168
v -0.433627 -3.747920 0.145007
v -0.393907 -3.501028 0.200875
v -0.636751 -4.183843 0.513584
v -0.655081 -4.152511 0.386931
v -0.572680 -4.161787 0.709066
v 0.090701 -4.165783 0.662911
v 0.223840 -4.152317 0.470671
v 0.206973 -4.162947 0.277864
v -0.189019 -4.286540 0.838058
v -0.190256 -4.287802 0.137680
v -0.042547 -4.314997 0.206641
v -0.038955 -4.329689 0.800231
v -0.384990 -4.245107 0.780817
v -0.496666 -4.194834 0.232179
v 0.032792 -2.716367 0.618677
v -0.518121 -2.636631 0.542103
v -0.570733 -2.651680 0.440261
v 0.070321 -2.743342 0.476257
v -0.256793 -2.667289 0.801883
v -0.070580 -2.875324 0.082697
v -0.546136 -2.737509 0.313943
v 0.101273 -2.773603 0.366708
v 0.039604 -2.812749 0.212133
v -0.080181 -2.687230 0.829275
v -0.400660 -2.641439 0.692033
v -0.445365 -2.806031 0.188544
v 0.096937 -2.575700 0.469010
v 0.120349 -2.672905 0.397222
v -0.155252 -2.375199 0.135681
v -0.135819 -2.521785 0.147238
v 0.057050 -2.515844 0.324393
v 0.073356 -2.654881 0.316520
v -0.480481 -2.274107 0.233825
v -0.486055 -2.504113 0.278646
v -0.409880 -2.106852 0.627361
v -0.393795 -2.262867 0.668208
v -0.105651 -2.205678 0.774774
v -0.111589 -2.359287 0.779609
v 0.348168 -0.880096 0.242982
v 0.321249 -0.972769 0.180990
v 0.310446 -1.071440 0.281229
v 0.334126 -0.970725 0.301715
v -0.252623 -2.348354 0.763967
v -0.269912 -2.157753 0.760214
v -0.531350 -2.362857 0.463550
v -0.540479 -2.187438 0.424595
v -0.288014 -2.477036 0.132903
v -0.341256 -2.302849 0.143685
v 0.343477 -0.810718 0.236215
v 0.377303 -0.742522 0.155847
v 0.345906 -0.608967 0.211642
v 0.362418 -0.582451 0.117458
v -0.494475 -2.294831 0.579402
v -0.511504 -2.113951 0.517006
v -0.516985 -2.497397 0.562509
v -0.425452 -2.457590 0.653377
v 0.274570 -1.031380 0.428313
v 0.266101 -1.127742 0.382572
v 0.153315 -1.564793 0.207850
v 0.204868 -1.586670 0.285364
v -0.020464 -1.912492 0.169036
v 0.071536 -1.938265 0.224125
v -0.058782 -2.563081 0.199617
v -0.072221 -2.463064 0.203009
v 0.006458 -2.393267 0.536427
v 0.030183 -2.480014 0.583545
v -0.053701 -2.300124 0.666110
v -0.046116 -2.420098 0.689245
v 0.296254 -0.595442 0.323616
v 0.217695 -0.616420 0.439085
v 0.338002 -0.797036 0.312624
v 0.251952 -0.858847 0.428916
v -0.085295 -0.062133 -2.101985
v -0.083724 -0.017410 -2.054023
v 0.025684 -0.089118 -2.041164
v 0.022254 -0.043892 -1.992789
v 0.075286 -0.142918 -1.985267
v 0.069358 -0.096611 -1.936865
v 0.034855 -0.269081 -1.902909
v 0.030647 -0.220088 -1.857166
v -0.091621 -0.332576 -1.849004
v -0.090910 -0.283033 -1.806616
v -0.214937 -0.288201 -1.891216
v -0.209638 -0.239779 -1.846553
v -0.247696 -0.157970 -1.984571
v -0.240168 -0.111638 -1.936754
v -0.215319 -0.113003 -2.033244
v -0.208758 -0.067386 -1.985270
v -0.082109 0.117310 -1.933188
v -0.082672 0.156013 -1.873026
v 0.042730 0.044787 -1.900980
v 0.048053 0.082843 -1.839259
v 0.092960 -0.090350 -1.881833
v 0.096373 -0.049430 -1.819747
v 0.045638 -0.197003 -1.818304
v 0.046284 -0.154537 -1.757859
v -0.091104 -0.278998 -1.774804
v -0.089962 -0.234012 -1.719526
v -0.225104 -0.222023 -1.809583
v -0.224048 -0.177878 -1.751932
v -0.263913 -0.107083 -1.883059
v -0.266619 -0.064504 -1.823588
v -0.227975 0.010779 -1.904353
v -0.234870 0.050706 -1.844365
v -0.082577 0.151633 -1.865230
v -0.083183 0.175295 -1.826967
v 0.040095 0.104478 -1.801781
v 0.043389 0.126494 -1.762317
v 0.083121 0.026835 -1.750920
v 0.087609 0.047441 -1.709884
v 0.048874 -0.104619 -1.691691
v 0.053619 -0.114232 -1.642998
v -0.089066 -0.213068 -1.654596
v -0.088122 -0.191727 -1.611228
v -0.228387 -0.153464 -1.683912
v -0.229479 -0.130133 -1.643069
v -0.245871 0.010230 -1.759111
v -0.251170 0.033648 -1.720275
v -0.220131 0.067015 -1.801657
v -0.225264 0.090611 -1.763291
v -0.090728 -0.141842 -2.222188
v -0.088834 -0.076181 -2.191983
v 0.057125 -0.163668 -2.104010
v 0.043517 -0.097082 -2.113228
v 0.108242 -0.108616 -1.924610
v 0.078177 -0.047969 -1.929931
v -0.268846 -0.091401 -1.874546
v -0.256600 -0.031784 -1.900871
v -0.247147 -0.132694 -2.107783
v -0.240585 -0.066291 -2.079058
v -0.296666 -0.010810 -1.673375
v -0.323686 0.081502 -1.697414
v -0.276366 0.011098 -1.578604
v -0.286498 0.061369 -1.587769
v -0.205491 -0.059271 -1.516317
v -0.230251 0.026000 -1.463805
v -0.088203 -0.090547 -1.443744
v -0.114733 -0.006544 -1.395290
v 0.016801 -0.092011 -1.463633
v 0.006123 -0.003748 -1.413508
v 0.076878 -0.075807 -1.582880
v 0.091068 0.004751 -1.521953
v 0.072094 -0.064032 -1.757429
v 0.094371 -0.007469 -1.733499
v -0.103529 -0.169489 -2.254611
v -0.103526 -0.148787 -2.195695
v 0.058378 -0.235768 -2.225027
v 0.058377 -0.215774 -2.166166
v 0.119523 -0.331333 -2.193285
v 0.119517 -0.312019 -2.134474
v 0.049059 -0.489432 -2.154871
v 0.049049 -0.470204 -2.096823
v -0.103428 -0.527470 -2.137823
v -0.103435 -0.508237 -2.079018
v -0.252431 -0.518149 -2.145876
v -0.252438 -0.497984 -2.087827
v -0.326622 -0.351104 -2.193114
v -0.326616 -0.330490 -2.134210
v -0.289110 -0.250428 -2.239949
v -0.289111 -0.229440 -2.180999
v 0.054045 -0.147157 1.979084
v 0.055245 -0.171500 2.019535
v 0.083127 -0.200807 1.958944
v 0.078982 -0.212850 1.998545
v 0.072122 -0.171244 1.949285
v 0.069840 -0.196379 2.005614
v 0.050930 -0.120436 1.942108
v 0.054560 -0.124339 1.934384
v 0.089747 -0.194777 1.920323
v 0.086981 -0.187199 1.917624
v 0.033544 -0.122012 2.016924
v 0.033927 -0.128152 2.026797
v 0.098963 -0.243270 1.972694
v 0.096867 -0.243456 1.981707
v 0.060783 -0.200209 2.050202
v 0.068470 -0.215155 2.046305
v 0.064566 -0.209493 2.051880
v -0.133476 -0.107427 2.047280
v -0.125364 -0.138415 2.081982
v -0.071130 -0.096106 2.057978
v -0.075086 -0.125707 2.086937
v -0.097041 -0.087224 2.039590
v -0.094587 -0.129827 2.084186
v -0.145403 -0.078823 2.013659
v -0.138321 -0.073440 2.010670
v -0.061503 -0.067595 2.032168
v -0.068053 -0.065155 2.027320
v -0.174252 -0.133423 2.059360
v -0.172072 -0.140999 2.067914
v -0.033864 -0.108774 2.084317
v -0.037343 -0.115351 2.089821
v -0.108863 -0.162548 2.112653
v -0.092191 -0.160643 2.116665
v -0.100175 -0.164350 2.117611
v -0.270095 -0.217326 1.985969
v -0.266114 -0.199751 2.029622
v -0.244778 -0.159804 1.972555
v -0.245773 -0.154476 2.013800
v -0.255587 -0.187933 1.959127
v -0.253679 -0.172288 2.018806
v -0.275590 -0.237895 1.945501
v -0.272800 -0.232634 1.938248
v -0.241435 -0.159241 1.933055
v -0.244171 -0.166412 1.929389
v -0.286260 -0.249168 2.020742
v -0.285206 -0.244678 2.031421
v -0.229233 -0.119380 1.991719
v -0.230520 -0.120742 2.000783
v -0.258839 -0.176094 2.064013
v -0.252045 -0.160364 2.061996
v -0.255239 -0.167028 2.066870
v -0.200039 -0.283741 1.837172
v -0.169236 -0.319490 1.835311
v -0.223627 -0.321210 1.883749
v -0.191992 -0.346302 1.873745
v -0.228002 -0.292715 1.867707
v -0.184009 -0.335134 1.859035
v -0.227634 -0.247307 1.835771
v -0.234589 -0.247667 1.842061
v -0.255195 -0.301541 1.897471
v -0.256504 -0.294153 1.893464
v -0.165212 -0.276917 1.802173
v -0.157719 -0.285810 1.801857
v -0.217446 -0.362091 1.906846
v -0.209926 -0.365655 1.902796
v -0.147170 -0.355210 1.841018
v -0.152307 -0.366296 1.853199
v -0.146930 -0.363645 1.846684
v -0.031200 -0.329945 1.839710
v 0.010420 -0.310287 1.850278
v -0.014769 -0.365392 1.890732
v 0.019317 -0.341548 1.890990
v -0.038124 -0.360819 1.867883
v 0.014883 -0.330028 1.875101
v -0.071769 -0.346169 1.826226
v -0.074885 -0.353259 1.831526
v -0.044783 -0.390875 1.895372
v -0.050923 -0.389864 1.889572
v -0.019335 -0.292861 1.808590
v -0.009064 -0.288141 1.811340
v 0.018691 -0.372048 1.923581
v 0.025006 -0.365625 1.921453
v 0.047766 -0.299385 1.867064
v 0.053524 -0.308025 1.880843
v 0.054166 -0.301798 1.874583
v -0.466128 2.286747 -0.075494
v -0.448179 2.175092 0.055757
v -0.389458 2.386742 0.021920
v -0.383131 2.254253 0.159272
v -0.732118 2.372814 -0.046052
v -0.773335 2.338833 -0.010700
v -0.745934 2.427209 -0.010280
v -0.791709 2.395222 0.028137
v -0.588626 2.323381 0.146943
v -0.612696 2.238942 0.042157
v -0.630384 2.322253 -0.034153
v -0.594772 2.416987 0.048688
v 0.397238 2.130927 -0.057942
v 0.378310 2.174350 0.027019
v 0.471547 1.988541 -0.040210
v 0.472926 1.995751 -0.011919
v 0.430890 2.082253 0.014571
v 0.434393 2.059734 -0.049076
v 0.456287 1.976034 -0.144602
v 0.419132 2.047227 -0.153468
v 0.415558 1.923824 -0.196499
v 0.391837 1.954450 -0.209312
v 0.455275 1.908849 -0.161730
v 0.441872 1.891667 -0.178809
v 0.250205 2.096718 0.274952
v 0.299648 2.243907 0.241192
v 0.216177 2.154990 0.404508
v 0.279729 2.310560 0.355231
v 0.519693 1.851182 0.328284
v 0.571104 1.873991 0.311307
v 0.539724 1.848368 0.385874
v 0.595889 1.870697 0.371327
v 0.435841 2.190512 0.385015
v 0.422256 2.141592 0.270370
v 0.446416 1.921559 0.302726
v 0.425766 1.959423 0.458961
v -0.121254 2.403257 -0.054388
v -0.239429 2.359128 0.064369
v -0.037991 2.452682 0.072068
v -0.180357 2.404101 0.189672
v -0.222356 2.646194 -0.153305
v -0.283698 2.661949 -0.143701
v -0.203079 2.703918 -0.126367
v -0.266679 2.725033 -0.116196
v -0.244092 2.582002 0.082677
v -0.282883 2.506084 -0.024193
v -0.204859 2.548967 -0.095958
v -0.144047 2.617028 -0.002282
v -0.249854 2.338795 -0.261191
v -0.107401 2.547850 0.013498
v -0.179363 2.196125 -0.146724
v -0.020425 2.411315 0.133077
v 0.212648 2.887551 -0.566369
v 0.220224 2.916267 -0.524801
v 0.251748 2.855005 -0.551230
v 0.263218 2.884084 -0.507127
v 0.103955 2.729042 -0.282204
v -0.011369 2.808523 -0.323052
v -0.032903 2.562973 -0.470822
v 0.072132 2.482170 -0.436363
v -0.032245 2.592550 -0.052976
v -0.161527 2.393795 -0.297776
v 0.068905 2.484542 0.027238
v -0.073764 2.282058 -0.223312
v 0.392463 2.736729 -0.016228
v 0.408906 2.704074 0.025499
v 0.387582 2.709412 -0.059355
v 0.398965 2.674012 -0.036326
v 0.089520 2.505456 0.260380
v -0.028653 2.634916 0.173757
v 0.064594 2.722537 -0.025849
v 0.159632 2.548348 0.004999
v -0.076363 -0.203288 2.171702
v -0.074352 -0.102902 2.040431
v -0.120747 -0.461203 1.940967
v -0.113221 -0.335955 1.822348
v -0.274237 -0.290279 2.077041
v -0.245432 -0.169696 1.963692
v 0.063297 -0.179929 1.967545
v 0.087590 -0.297135 2.075951
v -0.229133 -0.258966 1.891602
v -0.267931 -0.366022 2.005787
v 0.048291 -0.294736 1.875172
v 0.021722 -0.409041 1.990805
v -0.087925 -0.313647 1.802229
v -0.054131 -0.461030 1.947379
v 0.009325 -0.123791 1.994687
v 0.016276 -0.233129 2.128681
v -0.161506 -0.125888 2.004579
v -0.254966 -0.223931 2.141239
v -0.169097 -0.307078 1.833234
v -0.175098 -0.436152 1.941607
v -0.074429 0.127675 1.774883
v -0.072218 0.238036 1.630566
v -0.116417 -0.146940 1.547002
v -0.114950 -0.018177 1.390812
v -0.275070 0.033403 1.678481
v -0.260300 0.164605 1.546202
v 0.079109 0.153355 1.550438
v 0.070851 0.044259 1.687650
v -0.242381 0.066464 1.466949
v -0.262286 -0.048452 1.603341
v 0.062612 0.027139 1.448886
v 0.033402 -0.098525 1.576009
v -0.047467 -0.009326 1.382267
v -0.049988 -0.155680 1.528268
v 0.019774 0.215072 1.580277
v 0.019506 0.088181 1.723776
v -0.168034 0.212766 1.591152
v -0.159145 0.087784 1.740168
v -0.176379 0.013570 1.402780
v -0.177258 -0.116340 1.557243
v -0.074429 0.309672 1.522228
v -0.072218 0.420033 1.377911
v -0.116417 0.035057 1.294347
v -0.114950 0.163821 1.138157
v -0.275070 0.215401 1.425826
v -0.260300 0.346603 1.293547
v 0.079109 0.335353 1.297783
v 0.068317 0.215329 1.435317
v -0.242381 0.248461 1.214293
v -0.262285 0.133545 1.350686
v 0.062612 0.209137 1.196230
v 0.033402 0.083472 1.323353
v -0.047467 0.172671 1.129611
v -0.049988 0.026317 1.275612
v 0.019774 0.397069 1.327622
v 0.016714 0.263260 1.472936
v -0.168034 0.394763 1.338497
v -0.159145 0.269781 1.487513
v -0.176379 0.195568 1.150124
v -0.177258 0.065658 1.304587
v -0.074010 0.546472 1.212978
v -0.072637 0.615031 1.123325
v -0.099363 0.243010 1.000890
v -0.072902 0.358149 0.826675
v -0.253115 0.441599 1.155591
v -0.242826 0.571623 1.020143
v 0.078707 0.544734 1.013344
v 0.069380 0.422099 1.152352
v -0.245775 0.482947 0.947386
v -0.264707 0.364947 1.082999
v 0.065736 0.448940 0.933546
v 0.040015 0.324343 1.062640
v 0.070965 0.425683 0.867194
v 0.018860 0.281590 1.010179
v 0.002351 0.617317 1.055229
v -0.000548 0.487949 1.200354
v -0.149887 0.615448 1.064044
v -0.143101 0.493235 1.212170
v -0.188879 0.421484 0.880360
v -0.193361 0.294414 1.031400
vn 0.1113 -0.4481 -0.8870
vn 0.6086 0.2597 -0.7498
vn -0.6096 -0.1594 -0.7765
vn -0.7932 0.1459 -0.5913
vn -0.1793 -0.4333 -0.8832
vn -0.4881 0.4559 -0.7442
vn -0.9990 0.0446 -0.0000
vn -0.9874 0.1579 -0.0000
vn 0.6813 0.6645 -0.3071
vn -0.8552 0.4262 -0.2948
vn -0.2912 0.8246 -0.4850
vn -0.9616 0.2744 -0.0000
vn 0.7183 0.0496 -0.6939
vn 0.8428 0.2024 -0.4987
vn 0.9252 0.1597 -0.3442
vn 0.6333 0.4955 -0.5946
vn -0.9739 0.1755 -0.1437
vn -0.5386 0.6324 -0.5567
vn -0.9994 -0.0340 -0.0000
vn 0.6485 -0.3405 -0.6808
vn 0.5544 0.5071 -0.6599
vn -0.9681 0.1655 0.1880
vn -0.6250 0.6495 -0.4330
vn -0.8925 -0.3195 -0.3184
vn 0.9223 -0.3828 0.0535
vn 0.8718 0.0879 -0.4818
vn 0.9003 0.0372 -0.4337
vn 0.7934 -0.0796 -0.6034
vn 0.4433 -0.1440 -0.8848
vn -0.6452 0.3087 -0.6989
vn 0.8814 0.3951 -0.2588
vn 0.7692 0.2478 -0.5889
vn 0.3563 -0.2585 -0.8979
vn 0.8904 -0.0018 -0.4552
vn 0.9324 -0.0212 -0.3608
vn -0.9407 0.1971 -0.2759
vn -0.7964 -0.1658 -0.5816
vn -0.9320 0.2600 -0.2524
vn -0.9723 -0.2147 -0.0920
vn -0.7702 -0.0933 0.6309
vn -0.9857 -0.1685 -0.0000
vn -0.9336 0.3584 -0.0000
vn -0.9709 0.2169 -0.1019
vn -0.9504 0.2805 -0.1342
vn -0.9869 0.0151 -0.1609
vn -0.9918 0.0402 -0.1215
vn -0.9664 -0.1952 -0.1674
vn -0.9073 0.3714 -0.1972
vn 0.3687 -0.8553 -0.3639
vn 0.3418 -0.7253 0.5976
vn -0.1554 -0.5063 -0.8482
vn -0.0005 0.0105 -0.9999
vn -0.5296 -0.8479 0.0258
vn -0.2775 -0.6051 0.7462
vn -0.7198 0.0490 -0.6925
vn -0.9910 0.1337 -0.0000
vn 0.8668 0.0665 -0.4943
vn 0.9316 0.0541 -0.3594
vn 0.8371 -0.0621 -0.5436
vn 0.4193 -0.1844 -0.8889
vn -0.9692 0.1241 -0.2128
vn -0.0763 -0.0802 -0.9939
vn 0.6998 0.4810 -0.5280
vn -0.9411 0.1565 0.2998
vn -0.6936 0.5588 -0.4547
vn 0.8625 -0.0474 0.5038
vn 0.9998 0.0162 -0.0112
vn -0.6899 -0.0635 0.7211
vn 0.2325 0.0286 0.9722
vn -0.2388 -0.0823 0.9676
vn -0.0180 -0.4837 -0.8751
vn 0.1609 0.1372 -0.9774
vn 0.3006 0.8613 -0.4095
vn 0.1117 0.7295 -0.6748
vn 0.0264 0.7332 -0.6795
vn 0.0754 0.7388 -0.6697
vn 0.3893 0.7251 -0.5680
vn 0.9728 0.1621 -0.1655
vn 0.9889 -0.0444 0.1420
vn -0.9938 0.0294 -0.1073
vn -0.8872 0.0623 0.4571
vn -0.3264 -0.5893 0.7390
vn -0.0844 -0.0989 0.9915
vn 0.5382 0.1650 0.8265
vn -0.2114 0.6317 -0.7459
vn 0.1113 -0.4481 0.8870
vn 0.6086 0.2597 0.7498
vn -0.6096 -0.1594 0.7765
vn -0.7932 0.1459 0.5913
vn -0.1793 -0.4333 0.8832
vn -0.4881 0.4559 0.7442
vn 0.6813 0.6645 0.3071
vn -0.8552 0.4262 0.2948
vn -0.2912 0.8246 0.4850
vn 0.7183 0.0496 0.6939
vn 0.8428 0.2024 0.4987
vn 0.9252 0.1597 0.3442
vn 0.6333 0.4955 0.5946
vn -0.9739 0.1755 0.1437
vn -0.5386 0.6324 0.5567
vn 0.6485 -0.3405 0.6808
vn 0.5544 0.5071 0.6599
vn -0.9681 0.1655 -0.1880
vn -0.6250 0.6495 0.4330
vn -0.8925 -0.3195 0.3184
vn 0.9223 -0.3828 -0.0535
vn 0.8718 0.0879 0.4818
vn 0.9003 0.0372 0.4337
vn 0.7934 -0.0796 0.6034
vn 0.4433 -0.1440 0.8848
vn -0.6452 0.3087 0.6989
vn 0.8814 0.3951 0.2588
vn 0.7692 0.2478 0.5889
vn 0.3563 -0.2585 0.8979
vn 0.8904 -0.0018 0.4552
vn 0.9324 -0.0212 0.3608
vn -0.9407 0.1971 0.2759
vn -0.7964 -0.1658 0.5816
vn -0.9320 0.2600 0.2524
vn -0.9723 -0.2147 0.0920
vn -0.7702 -0.0933 -0.6309
vn -0.9709 0.2169 0.1019
vn -0.9504 0.2805 0.1342
vn -0.9869 0.0151 0.1609
vn -0.9918 0.0402 0.1215
vn -0.9664 -0.1952 0.1674
vn -0.9073 0.3714 0.1972
vn 0.3687 -0.8553 0.3639
vn 0.3418 -0.7253 -0.5976
vn -0.1554 -0.5063 0.8482
vn -0.0005 0.0105 0.9999
vn -0.5296 -0.8479 -0.0258
vn -0.2775 -0.6051 -0.7462
vn -0.7198 0.0490 0.6925
vn 0.8668 0.0665 0.4943
vn 0.9316 0.0541 0.3594
vn 0.8371 -0.0621 0.5436
vn 0.4193 -0.1844 0.8889
vn -0.9692 0.1241 0.2128
vn -0.0763 -0.0802 0.9939
vn 0.7043 0.4968 0.5071
vn -0.9411 0.1565 -0.2998
vn -0.6936 0.5588 0.4547
vn 0.8625 -0.0473 -0.5038
vn 0.9989 0.0287 -0.0358
vn -0.6899 -0.0635 -0.7211
vn 0.2325 0.0286 -0.9722
vn -0.2388 -0.0823 -0.9676
vn -0.0180 -0.4837 0.8751
vn 0.1609 0.1372 0.9774
vn 0.3006 0.8613 0.4095
vn 0.1117 0.7295 0.6748
vn 0.0264 0.7332 0.6795
vn 0.0754 0.7388 0.6697
vn 0.3893 0.7251 0.5680
vn 0.9798 0.1997 0.0139
vn 0.9889 -0.0444 -0.1420
vn -0.9938 0.0294 0.1073
vn -0.8872 0.0623 -0.4571
vn -0.3264 -0.5893 -0.7390
vn -0.0844 -0.0989 -0.9915
vn 0.5382 0.1650 -0.8265
vn -0.2114 0.6317 0.7459
vn 0.8693 0.4943 -0.0000
vn 0.9543 0.2988 -0.0000
vn 0.7434 -0.6689 -0.0000
vn 0.8757 0.4828 -0.0000
vn 0.4293 0.4728 -0.7695
vn 0.4463 0.2592 -0.8565
vn 0.1179 -0.7224 -0.6814
vn 0.5560 -0.1084 -0.8241
vn -0.0844 0.5085 -0.8569
vn -0.0706 0.2561 -0.9641
vn -0.2030 -0.6567 -0.7263
vn -0.0896 -0.1000 -0.9909
vn -0.6385 0.4092 -0.6519
vn -0.6192 0.2212 -0.7534
vn -0.4859 -0.7286 -0.4828
vn -0.6588 -0.0602 -0.7499
vn -0.9511 0.3088 -0.0000
vn -0.9937 0.1123 -0.0000
vn -0.6074 -0.7944 -0.0000
vn -0.9830 -0.1836 -0.0000
vn 0.2929 -0.9561 -0.0000
vn -0.3630 -0.9318 -0.0000
vn -0.4886 -0.8725 -0.0000
vn -0.3320 -0.9027 -0.2735
vn -0.4257 -0.8658 -0.2629
vn -0.1460 -0.9248 -0.3513
vn 0.8409 -0.5412 -0.0000
vn 0.3420 -0.4267 -0.8372
vn -0.1161 -0.4229 -0.8987
vn -0.6033 -0.4534 -0.6560
vn -0.8806 -0.4739 -0.0000
vn 0.9675 -0.2528 -0.0000
vn 0.4695 -0.0734 -0.8799
vn -0.1081 -0.0226 -0.9939
vn -0.6647 -0.0401 -0.7461
vn -0.9970 -0.0772 -0.0000
vn 1.0000 0.0052 -0.0000
vn 0.4881 -0.2054 -0.8483
vn -0.0936 -0.2658 -0.9595
vn -0.5983 -0.1990 -0.7761
vn -0.9718 -0.2359 -0.0000
vn 0.9903 -0.1393 -0.0000
vn 0.5142 -0.1576 -0.8431
vn -0.1130 -0.0530 -0.9922
vn -0.6635 -0.0521 -0.7464
vn -0.9942 -0.1071 -0.0000
vn 0.5331 -0.6810 -0.5021
vn 0.8659 0.1784 -0.4674
vn 0.8094 0.2929 -0.5090
vn 0.7488 0.4787 -0.4583
vn -0.6045 -0.7622 -0.2318
vn -0.8628 -0.1265 -0.4894
vn -0.8442 0.1208 -0.5223
vn -0.8083 0.2947 -0.5097
vn -0.3568 -0.9315 -0.0714
vn 0.0596 -0.9574 -0.2826
vn -0.4650 -0.8817 -0.0801
vn -0.7948 -0.4601 -0.3956
vn 0.6749 -0.4841 -0.5569
vn -0.8547 -0.0635 -0.5152
vn 0.8500 -0.1828 -0.4941
vn 0.8281 -0.0028 -0.5605
vn -0.8668 -0.1872 -0.4621
vn -0.8571 -0.0795 -0.5091
vn 0.8406 -0.2290 -0.4909
vn 0.4293 0.4728 0.7695
vn 0.4463 0.2592 0.8565
vn 0.1179 -0.7224 0.6814
vn 0.5560 -0.1084 0.8241
vn -0.0844 0.5085 0.8569
vn -0.0706 0.2561 0.9641
vn -0.2030 -0.6567 0.7263
vn -0.0896 -0.1000 0.9909
vn -0.6385 0.4092 0.6519
vn -0.6192 0.2212 0.7534
vn -0.4859 -0.7286 0.4828
vn -0.6588 -0.0602 0.7499
vn -0.3320 -0.9027 0.2735
vn -0.4257 -0.8658 0.2629
vn -0.1460 -0.9248 0.3513
vn 0.3420 -0.4267 0.8372
vn -0.1161 -0.4229 0.8987
vn -0.6033 -0.4534 0.6560
vn 0.4695 -0.0734 0.8799
vn -0.1081 -0.0226 0.9939
vn -0.6647 -0.0401 0.7461
vn 0.4881 -0.2054 0.8483
vn -0.0936 -0.2658 0.9595
vn -0.5983 -0.1990 0.7761
vn 0.5142 -0.1576 0.8431
vn -0.1130 -0.0530 0.9922
vn -0.6635 -0.0521 0.7464
vn 0.5331 -0.6810 0.5021
vn 0.8659 0.1784 0.4674
vn 0.8094 0.2929 0.5090
vn 0.7488 0.4787 0.4583
vn -0.6045 -0.7622 0.2318
vn -0.8628 -0.1265 0.4894
vn -0.8442 0.1208 0.5223
vn -0.8083 0.2947 0.5097
vn -0.3568 -0.9315 0.0714
vn 0.0596 -0.9574 0.2826
vn -0.4650 -0.8817 0.0801
vn -0.7948 -0.4601 0.3956
vn 0.6749 -0.4841 0.5569
vn -0.8547 -0.0635 0.5152
vn 0.8500 -0.1828 0.4941
vn 0.8281 -0.0028 0.5605
vn -0.8668 -0.1872 0.4621
vn -0.8571 -0.0795 0.5091
vn 0.8406 -0.2290 0.4909
vn 0.9844 -0.0048 -0.1757
vn 0.8381 -0.0268 -0.5448
vn 0.9868 0.0409 -0.1569
vn 0.8208 -0.1307 -0.5561
vn 0.9863 0.0697 -0.1497
vn 0.8091 -0.1944 -0.5546
vn 0.9258 -0.0168 -0.3775
vn 0.9128 -0.0820 -0.4000
vn 0.9645 -0.0005 -0.2641
vn 0.9853 -0.0015 -0.1707
vn 0.8323 -0.0631 -0.5508
vn 0.9293 -0.0322 -0.3678
vn 0.9844 -0.0048 0.1757
vn 0.8381 -0.0268 0.5448
vn 0.9868 0.0409 0.1569
vn 0.8208 -0.1307 0.5561
vn 0.9863 0.0697 0.1497
vn 0.8091 -0.1944 0.5546
vn 0.9258 -0.0168 0.3775
vn 0.9128 -0.0820 0.4000
vn 0.9645 -0.0005 0.2641
vn 0.9853 -0.0015 0.1707
vn 0.8323 -0.0631 0.5508
vn 0.9293 -0.0322 0.3678
vn -0.4423 -0.8969 -0.0000
vn 0.8111 -0.5849 -0.0000
vn -0.4359 0.3357 0.8350
vn 0.7202 0.6208 0.3096
vn -0.0102 -0.9999 -0.0000
vn -0.1527 0.2982 0.9422
vn -0.5766 -0.6504 0.4944
vn 0.8712 -0.4370 0.2238
vn 0.0083 -0.6466 0.7628
vn 0.8815 0.0984 0.4618
vn 0.0729 0.0060 0.9973
vn -0.6212 0.0746 0.7801
vn 0.5086 -0.8610 -0.0000
vn 0.3641 0.4489 0.8160
vn 0.5899 -0.7003 0.4020
vn 0.5848 -0.0265 0.8107
vn 0.8857 0.4642 -0.0000
vn 0.9549 -0.2969 -0.0000
vn 0.9906 0.1368 -0.0000
vn -0.8573 -0.5149 -0.0000
vn -0.9496 0.0332 0.3118
vn -0.9204 -0.3334 0.2044
vn -0.9537 -0.0568 0.2953
vn -0.9984 -0.0559 -0.0000
vn -0.9542 -0.2991 -0.0000
vn -0.9930 -0.1178 -0.0000
vn -0.4524 0.3068 0.8374
vn 0.7119 0.7023 -0.0000
vn -0.2615 0.3133 0.9129
vn 0.7118 0.7023 -0.0128
vn 0.5054 0.6482 0.5696
vn -0.8171 0.3172 0.4814
vn -0.8876 -0.0223 0.4601
vn -0.8110 -0.4896 0.3202
vn -0.7256 -0.6881 -0.0000
vn -0.4359 0.3357 -0.8350
vn 0.7202 0.6208 -0.3096
vn -0.1527 0.2982 -0.9422
vn -0.5766 -0.6504 -0.4944
vn 0.8712 -0.4370 -0.2238
vn 0.0083 -0.6466 -0.7628
vn 0.8815 0.0984 -0.4618
vn 0.0729 0.0060 -0.9973
vn -0.6212 0.0746 -0.7801
vn 0.3641 0.4489 -0.8160
vn 0.5899 -0.7003 -0.4020
vn 0.5848 -0.0265 -0.8107
vn -0.9496 0.0332 -0.3118
vn -0.9204 -0.3334 -0.2044
vn -0.9537 -0.0568 -0.2953
vn -0.4524 0.3068 -0.8374
vn -0.2615 0.3133 -0.9129
vn 0.7118 0.7023 0.0128
vn 0.5054 0.6482 -0.5696
vn -0.8171 0.3172 -0.4814
vn -0.8876 -0.0223 -0.4601
vn -0.8110 -0.4896 -0.3202
vn -0.0483 -0.6233 0.7805
vn 0.5043 -0.8621 -0.0495
vn -0.4559 -0.4367 -0.7755
vn 0.1886 -0.7604 -0.6214
vn 0.7418 0.2241 -0.6320
vn 0.0805 0.9959 -0.0402
vn 0.9859 -0.1510 0.0720
vn 0.8414 -0.5015 -0.2015
vn -0.2010 0.5909 -0.7813
vn -0.1224 0.9414 0.3143
vn 0.2596 0.9634 0.0664
vn 0.1916 -0.8275 -0.5278
vn 0.5734 -0.2460 0.7815
vn 0.7655 -0.5219 -0.3764
vn 0.8103 0.5841 -0.0474
vn 0.2633 0.8065 0.5294
vn 0.7768 -0.5143 0.3635
vn 0.5554 -0.7481 -0.3632
vn 0.7411 0.6279 0.2377
vn 0.6532 0.4678 -0.5954
vn -0.9468 0.2676 -0.1790
vn -0.4070 -0.2265 0.8849
vn -0.2359 0.9414 -0.2409
vn 0.2270 0.9247 0.3055
vn -0.7042 0.5271 0.4757
vn -0.6973 0.5401 0.4712
vn -0.0925 0.9948 0.0419
vn -0.1287 0.9267 0.3530
vn -0.8221 0.1444 0.5508
vn 0.3224 0.9371 -0.1340
vn 0.3121 0.9436 0.1109
vn -0.3176 0.3227 0.8916
vn -0.2259 0.0980 0.9692
vn -0.3579 -0.1553 0.9208
vn -0.2461 0.9671 -0.0642
vn 0.1569 0.9870 0.0358
vn -0.1662 0.9841 0.0630
vn 0.2999 0.9524 0.0541
vn -0.7562 0.6539 0.0244
vn -0.7164 0.6955 0.0547
vn -0.9174 0.3977 0.0168
vn -0.9147 0.3841 0.1255
vn -0.6502 0.6821 0.3348
vn -0.5115 0.4511 0.7314
vn -0.6629 0.7235 -0.1925
vn -0.7918 0.5909 0.1543
vn -0.9593 0.0961 0.2655
vn -0.2269 0.9444 -0.2379
vn -0.0074 0.9971 -0.0760
vn -0.6819 0.6150 -0.3959
vn -0.8402 0.3526 -0.4119
vn -0.2195 0.9467 -0.2356
vn -0.1287 0.9850 -0.1153
vn -0.5198 0.6586 -0.5441
vn -0.4155 0.7953 -0.4414
vn -0.6304 0.4369 -0.6417
vn 0.1939 0.5874 0.7857
vn -0.2354 0.6434 0.7285
vn -0.5888 0.5681 0.5749
vn -0.0308 0.9528 -0.3021
vn 0.0351 0.9927 -0.1156
vn -0.0959 0.6218 -0.7773
vn -0.1053 0.9581 -0.2664
vn -0.1978 0.7744 -0.6009
vn -0.0372 0.9925 -0.1168
vn -0.0285 0.0289 -0.9992
vn -0.0404 0.0682 -0.9969
vn 0.0293 -0.1596 -0.9867
vn 0.5865 -0.0863 0.8054
vn -0.3909 -0.6690 0.6322
vn -0.8535 -0.2066 -0.4785
vn 0.4813 0.8256 -0.2944
vn 0.9025 -0.3881 0.1866
vn -0.0326 -0.9929 0.1142
vn -0.1208 -0.6200 -0.7752
vn 0.7726 0.0981 -0.6273
vn 0.3867 0.6233 -0.6797
vn -0.7060 -0.0430 -0.7070
vn -0.5535 -0.6018 0.5757
vn 0.6994 -0.2464 0.6709
vn -0.8720 -0.0237 -0.4890
vn 0.7836 -0.0275 0.6206
vn 0.9067 0.2440 0.3440
vn -0.4840 -0.5835 0.6521
vn -0.5776 0.3114 -0.7546
vn 0.3227 0.8816 -0.3445
vn -0.1007 -0.9425 0.3187
vn 0.8101 0.0044 0.5863
vn -0.5889 -0.2758 -0.7597
vn 0.5476 -0.0810 -0.8328
vn 0.0236 -0.9890 0.1460
vn 0.9760 -0.2016 0.0822
vn 0.6578 -0.5385 0.5266
vn -0.2322 -0.6844 -0.6912
vn 0.3440 0.8036 0.4856
vn -0.4233 0.6859 -0.5919
vn 0.8006 -0.5760 0.1650
vn 0.1332 -0.6789 -0.7221
vn 0.8986 0.4383 -0.0232
vn 0.2167 0.4104 -0.8858
vn -0.3181 0.6953 -0.6445
vn -0.2281 -0.7575 -0.6117
vn 0.5856 -0.5915 0.5542
vn 0.4473 0.7856 0.4275
vn 0.1036 -0.7309 0.6746
vn -0.5763 -0.8079 -0.1229
vn 0.7794 0.3171 0.5403
vn 0.7058 0.6976 0.1231
vn 0.2697 -0.9478 0.1699
vn -0.1426 -0.6360 -0.7584
vn 0.9719 -0.1631 0.1698
vn 0.5884 0.1863 -0.7868
vn 0.4119 0.4281 -0.8044
vn -0.7790 -0.3439 -0.5243
vn -0.3338 -0.7582 0.5600
vn 0.8909 0.0332 0.4530
vn -0.5834 -0.7471 -0.3186
vn -0.0428 -0.7769 0.6282
vn 0.8744 0.4741 0.1029
vn 0.8610 0.1660 0.4807
vn 0.2083 -0.3200 -0.9242
vn 0.4775 0.6421 -0.5998
vn 0.6816 -0.7259 -0.0924
vn 0.9163 0.1522 0.3705
vn 0.3474 0.8143 -0.4650
vn -0.4833 -0.5889 -0.6478
vn 0.1245 -0.9894 0.0744
vn 0.6966 0.2078 0.6867
vn -0.8195 -0.4040 0.4064
vn -0.6447 0.4225 -0.6370
vn 0.0275 0.2196 0.9752
vn 0.1528 0.9808 0.1210
vn -0.7483 -0.6126 0.2546
vn -0.5288 0.1801 -0.8294
vn 0.5048 -0.4218 0.7531
vn 0.8323 0.4301 -0.3497
vn 0.5981 0.7922 -0.1213
vn -0.4761 0.2978 -0.8274
vn -0.8096 -0.4849 0.3308
vn 0.3650 -0.0440 0.9300
vn -0.6113 -0.7890 -0.0606
vn -0.4606 0.0186 -0.8874
vn 0.4740 -0.8771 -0.0773
vn 0.6806 -0.0897 -0.7271
vn -0.0066 0.9757 0.2189
vn -0.0063 0.9617 0.2740
vn 0.0756 0.3683 0.9266
vn 0.0472 0.5914 0.8050
vn 0.1302 -0.1616 0.9782
vn 0.1209 -0.1033 0.9873
vn 0.1413 -0.2350 0.9617
vn -0.0076 0.9996 -0.0275
vn 0.0259 0.7416 -0.6704
vn 0.2424 0.7376 -0.6302
vn -0.0816 0.7185 -0.6908
vn -0.1164 0.7531 -0.6476
vn -0.0459 0.6800 -0.7318
vn 0.3930 0.7000 -0.5962
vn -0.7544 0.0640 0.6532
vn -0.7755 -0.0826 0.6259
vn -0.7201 0.0608 -0.6912
vn -0.7548 -0.0900 -0.6498
vn 0.6836 -0.1034 0.7225
vn 0.5877 -0.2913 0.7548
vn 0.6529 -0.1000 -0.7508
vn 0.5236 -0.3308 -0.7851
vn -0.0439 -0.0017 0.9990
vn -0.2049 -0.1159 0.9719
vn 0.9875 -0.1578 0.0046
vn 0.9276 -0.3733 0.0146
vn -0.9966 0.0825 -0.0045
vn -0.9942 -0.1070 -0.0050
vn -0.0369 -0.0007 -0.9993
vn -0.2085 -0.1368 -0.9684
vn -0.7408 -0.0149 0.6715
vn -0.7086 -0.0229 -0.7053
vn 0.6220 -0.2138 -0.7533
vn 0.6532 -0.1945 0.7318
vn -0.0807 -0.0733 0.9940
vn 0.9629 -0.2696 0.0093
vn -0.9999 -0.0107 -0.0059
vn -0.0913 -0.0857 -0.9921
vn -0.8105 0.4341 -0.3933
vn 0.9403 0.2003 -0.2752
vn -0.4695 0.8830 -0.0000
vn 0.8983 0.4395 -0.0000
vn 0.1399 0.8319 -0.5370
vn 0.1164 0.9932 -0.0000
vn -0.9003 -0.0459 -0.4328
vn -0.9965 0.0835 -0.0000
vn 0.9843 0.1233 -0.1263
vn 0.9785 0.2062 -0.0000
vn 0.8611 0.4966 -0.1094
vn -0.4790 0.8585 -0.1830
vn 0.1241 0.9697 -0.2104
vn -0.9882 0.0291 -0.1503
vn 0.9750 0.2191 -0.0375
vn 0.9796 -0.0398 -0.1970
vn 0.9978 0.0664 -0.0000
vn 0.9952 0.0606 -0.0773
vn -0.7435 0.0053 -0.6687
vn -0.9986 -0.0525 -0.0000
vn -0.9816 -0.0543 -0.1831
vn -0.8373 0.3919 -0.3814
vn -0.8642 0.5031 -0.0000
vn -0.8685 0.4720 -0.1518
vn -0.9550 0.1139 -0.2737
vn -0.9838 0.1792 -0.0000
vn -0.5784 0.1264 -0.8059
vn 0.8362 -0.4859 -0.2543
vn -0.1680 -0.9729 -0.1591
vn -0.8720 -0.3218 -0.3687
vn 0.8728 0.0752 -0.4823
vn 0.9956 0.0937 -0.0000
vn 0.9726 0.0938 -0.2127
vn 0.7776 0.0730 -0.6245
vn 0.0762 0.0266 -0.9967
vn -0.2849 0.0091 -0.9585
vn 0.1226 0.7561 -0.6429
vn -0.9650 0.1566 -0.2104
vn 0.9931 -0.0275 -0.1142
vn 0.7029 -0.5940 0.3912
vn -0.2841 -0.7105 0.6438
vn -0.8618 -0.4499 0.2343
vn 0.1439 0.8684 -0.4745
vn -0.8821 0.4503 -0.1380
vn 0.9528 0.2946 0.0729
vn 0.7653 -0.4123 0.4942
vn -0.3636 -0.7434 0.5613
vn -0.9036 -0.3157 0.2895
vn 0.8615 0.1849 -0.4729
vn 0.9927 0.1202 -0.0000
vn 0.9696 0.1609 -0.1842
vn 0.7473 0.1214 -0.6534
vn 0.1179 0.1058 -0.9874
vn -0.1140 0.1297 -0.9850
vn -0.8347 -0.2047 -0.5112
vn -0.9816 -0.1740 -0.0789
vn -0.9850 -0.1727 -0.0000
vn -0.3547 -0.2366 -0.9046
vn 0.0054 -0.2183 -0.9759
vn 0.9839 0.0125 -0.1781
vn 0.9990 0.0443 -0.0000
vn 0.7535 -0.1336 -0.6437
vn 0.9292 -0.0541 -0.3656
vn 0.1345 0.8248 -0.5492
vn -0.8260 0.5041 -0.2523
vn 0.8021 0.5928 -0.0717
vn 0.4986 -0.3542 0.7912
vn -0.3663 -0.6646 0.6512
vn -0.8394 -0.3575 0.4094
vn 0.1467 0.6223 -0.7689
vn -0.8044 0.4310 -0.4088
vn 0.9206 0.2856 -0.2664
vn 0.2806 -0.6915 0.6657
vn -0.2631 -0.7893 0.5548
vn -0.7840 -0.3234 0.5298
vn 0.6515 0.6091 -0.4522
vn 0.6536 0.7569 -0.0000
vn 0.6094 0.7726 -0.1780
vn 0.6270 0.0891 -0.7739
vn 0.0319 -0.9731 -0.2282
vn 0.6592 0.0523 -0.7502
vn 0.7808 0.4450 -0.4385
vn -0.0303 -0.7514 0.6591
vn 0.5801 0.7302 -0.3611
vn 0.2063 -0.7541 0.6235
vn 0.3976 -0.1917 -0.8973
vn 0.4623 0.7544 -0.4660
vn 0.0071 -0.6655 0.7464
vn 0.4424 0.5836 -0.6810
vn -0.3154 -0.7667 0.5591
vn -0.3726 0.7789 -0.5044
vn -0.2169 0.9762 -0.0000
vn -0.2146 0.9537 -0.2106
vn -0.1714 -0.9408 -0.2924
vn -0.2428 -0.0090 -0.9700
vn -0.6326 0.5836 -0.5091
vn -0.4046 -0.7185 0.5657
vn -0.2970 0.8360 -0.4614
vn -0.2060 0.8178 -0.5373
vn -0.6403 -0.6174 0.4570
vn -0.2249 0.1193 -0.9670
vn -0.1909 -0.2405 -0.9517
vn -0.5647 -0.5803 0.5869
vn -0.2097 0.5918 -0.7783
vn -0.2885 -0.6994 0.6539
vn 0.8003 -0.1362 -0.5839
vn 0.4117 -0.9111 0.0202
vn -0.2401 0.0887 -0.9667
vn -0.6357 -0.6915 -0.3431
vn 0.7779 -0.1460 -0.6112
vn -0.2938 0.0221 -0.9556
vn 0.4721 -0.8722 0.1281
vn -0.6201 -0.7486 -0.2345
vn 0.4630 -0.1958 -0.8645
vn 0.5568 -0.8271 0.0767
vn -0.6510 -0.1244 -0.7488
vn -0.6171 -0.7783 0.1161
vn 0.4339 -0.0682 -0.8984
vn -0.6808 -0.2305 -0.6952
vn -0.6486 -0.7449 0.1561
vn 0.4740 -0.8796 0.0408
vn 0.3580 0.4252 -0.8313
vn 0.1197 -0.8101 0.5740
vn 0.1459 0.6397 -0.7546
vn -0.8257 -0.3411 0.4494
vn -0.8579 0.3679 -0.3587
vn -0.3313 -0.7127 0.6183
vn -0.1665 -0.6912 0.7032
vn 0.4541 0.5765 -0.6793
vn -0.4954 -0.6088 0.6196
vn -0.1828 0.6372 -0.7487
vn 0.8993 0.2779 -0.3377
vn 0.6398 -0.5280 0.5584
vn 0.1406 -0.2742 -0.9513
vn -0.0584 -0.9739 -0.2195
vn 0.9882 0.1039 -0.1122
vn 0.0863 0.7856 -0.6126
vn -0.9369 -0.3055 0.1701
vn -0.3837 -0.7380 0.5551
vn 0.8168 -0.4915 0.3021
vn -0.9242 0.2926 -0.2455
vn 0.1958 -0.8006 0.5663
vn 0.7916 0.4774 -0.3815
vn -0.5447 0.6735 -0.4997
vn -0.6965 -0.5819 0.4198
vn 0.9884 0.0913 -0.1218
vn -0.9495 -0.2672 0.1645
vn 0.8428 -0.4623 0.2755
vn 0.3299 -0.8067 0.4904
vn 0.7228 0.5190 -0.4563
vn -0.4199 0.7013 -0.5761
vn -0.7042 -0.6023 0.3760
vn 0.1192 0.7531 -0.6470
vn -0.3249 -0.8074 0.4924
vn -0.8358 0.4208 -0.3527
vn -0.8105 0.4341 0.3933
vn 0.9406 0.1993 0.2747
vn 0.1399 0.8319 0.5370
vn -0.9003 -0.0459 0.4328
vn 0.9843 0.1233 0.1263
vn 0.8611 0.4966 0.1094
vn -0.4790 0.8585 0.1830
vn 0.1241 0.9697 0.2104
vn -0.9882 0.0291 0.1503
vn 0.9750 0.2191 0.0375
vn 0.9796 -0.0398 0.1970
vn 0.9952 0.0606 0.0773
vn -0.7435 0.0053 0.6687
vn -0.9816 -0.0543 0.1831
vn -0.8373 0.3919 0.3814
vn -0.8685 0.4720 0.1518
vn -0.9550 0.1139 0.2737
vn -0.5784 0.1264 0.8059
vn 0.8361 -0.4860 0.2543
vn -0.1680 -0.9729 0.1591
vn -0.8720 -0.3218 0.3687
vn 0.8728 0.0752 0.4823
vn 0.9726 0.0938 0.2127
vn 0.7776 0.0730 0.6245
vn 0.0762 0.0266 0.9967
vn -0.2849 0.0091 0.9585
vn 0.1226 0.7561 0.6429
vn -0.9650 0.1566 0.2104
vn 0.9933 -0.0305 0.1117
vn 0.7113 -0.5879 -0.3853
vn -0.2841 -0.7105 -0.6438
vn -0.8618 -0.4499 -0.2343
vn 0.1439 0.8684 0.4745
vn -0.8821 0.4503 0.1380
vn 0.9528 0.2946 -0.0729
vn 0.7653 -0.4123 -0.4942
vn -0.3636 -0.7434 -0.5613
vn -0.9036 -0.3157 -0.2894
vn 0.8615 0.1849 0.4729
vn 0.9696 0.1609 0.1842
vn 0.7473 0.1214 0.6534
vn 0.1179 0.1058 0.9874
vn -0.1140 0.1297 0.9850
vn -0.8347 -0.2047 0.5112
vn -0.9816 -0.1740 0.0789
vn -0.3547 -0.2366 0.9046
vn 0.0054 -0.2183 0.9759
vn 0.9839 0.0125 0.1781
vn 0.7535 -0.1336 0.6437
vn 0.9292 -0.0541 0.3656
vn 0.1345 0.8248 0.5492
vn -0.8260 0.5041 0.2523
vn 0.8021 0.5928 0.0717
vn 0.4986 -0.3542 -0.7912
vn -0.3663 -0.6646 -0.6512
vn -0.8394 -0.3575 -0.4094
vn 0.1467 0.6223 0.7689
vn -0.8044 0.4310 0.4088
vn 0.9206 0.2856 0.2664
vn 0.2806 -0.6915 -0.6657
vn -0.2631 -0.7893 -0.5548
vn -0.7840 -0.3234 -0.5298
vn 0.6515 0.6091 0.4522
vn 0.6094 0.7726 0.1780
vn 0.6270 0.0891 0.7739
vn 0.0414 -0.9722 0.2304
vn 0.6592 0.0523 0.7502
vn 0.7808 0.4450 0.4385
vn -0.0182 -0.7525 -0.6583
vn 0.5801 0.7302 0.3611
vn 0.2063 -0.7541 -0.6235
vn 0.3976 -0.1917 0.8973
vn 0.4623 0.7544 0.4660
vn 0.0071 -0.6655 -0.7464
vn 0.4424 0.5836 0.6810
vn -0.3154 -0.7667 -0.5591
vn -0.3726 0.7789 0.5044
vn -0.2146 0.9537 0.2106
vn -0.1714 -0.9408 0.2924
vn -0.2428 -0.0090 0.9700
vn -0.6326 0.5836 0.5091
vn -0.4046 -0.7185 -0.5657
vn -0.2970 0.8360 0.4614
vn -0.2060 0.8178 0.5373
vn -0.6403 -0.6174 -0.4570
vn -0.2249 0.1193 0.9670
vn -0.1909 -0.2405 0.9517
vn -0.5647 -0.5803 -0.5869
vn -0.2097 0.5918 0.7783
vn -0.2885 -0.6994 -0.6539
vn 0.8003 -0.1362 0.5839
vn 0.4117 -0.9111 -0.0202
vn -0.2401 0.0887 0.9667
vn -0.6356 -0.6915 0.3431
vn 0.7779 -0.1460 0.6112
vn -0.2938 0.0221 0.9556
vn 0.4721 -0.8722 -0.1281
vn -0.6201 -0.7486 0.2345
vn 0.4630 -0.1958 0.8645
vn 0.5568 -0.8271 -0.0767
vn -0.6510 -0.1244 0.7488
vn -0.6171 -0.7783 -0.1161
vn 0.4339 -0.0682 0.8984
vn -0.6808 -0.2305 0.6952
vn -0.6486 -0.7449 -0.1561
vn 0.4740 -0.8796 -0.0408
vn 0.3580 0.4252 0.8313
vn 0.1197 -0.8101 -0.5740
vn 0.1459 0.6397 0.7546
vn -0.8257 -0.3411 -0.4494
vn -0.8579 0.3679 0.3587
vn -0.3313 -0.7127 -0.6183
vn -0.1665 -0.6912 -0.7032
vn 0.4541 0.5765 0.6793
vn -0.4954 -0.6088 -0.6196
vn -0.1828 0.6372 0.7487
vn 0.8993 0.2779 0.3377
vn 0.6398 -0.5280 -0.5584
vn 0.1406 -0.2742 0.9513
vn -0.0584 -0.9739 0.2195
vn 0.9884 0.1030 0.1112
vn 0.0863 0.7856 0.6126
vn -0.9369 -0.3055 -0.1701
vn -0.3837 -0.7380 -0.5551
vn 0.8192 -0.4879 -0.3015
vn -0.9242 0.2926 0.2455
vn 0.2034 -0.7988 -0.5662
vn 0.7916 0.4774 0.3815
vn -0.5447 0.6735 0.4997
vn -0.6965 -0.5819 -0.4198
vn 0.9884 0.0913 0.1218
vn -0.9495 -0.2672 -0.1645
vn 0.8428 -0.4623 -0.2755
vn 0.3299 -0.8067 -0.4904
vn 0.7228 0.5190 0.4563
vn -0.4199 0.7013 0.5761
vn -0.7042 -0.6023 -0.3760
vn 0.1192 0.7531 0.6470
vn -0.3249 -0.8074 -0.4924
vn -0.8358 0.4208 0.3527
vn -0.0842 -0.5607 0.8237
vn 0.4309 -0.7037 -0.5649
vn -0.1784 0.8301 0.5283
vn 0.3223 0.6042 -0.7288
vn 0.2941 -0.6056 0.7394
vn 0.6329 -0.7235 -0.2755
vn 0.5546 0.4135 0.7221
vn 0.8828 0.3553 -0.3074
vn 0.4193 0.6229 -0.6604
vn 0.3594 -0.7902 -0.4965
vn -0.1504 -0.6095 0.7784
vn -0.0712 0.8020 0.5930
vn -0.8090 0.4391 -0.3907
vn 0.9038 0.2431 -0.3521
vn -0.9529 0.3034 -0.0000
vn 0.9298 0.3681 -0.0000
vn 0.1707 0.8246 -0.5393
vn -0.9163 -0.0255 -0.3997
vn -0.9975 0.0712 -0.0000
vn 0.9831 0.1079 -0.1477
vn 0.9797 0.2003 -0.0000
vn 0.8468 0.5179 -0.1211
vn -0.5917 0.7458 -0.3059
vn 0.0146 0.7632 -0.6460
vn -0.9807 0.0475 -0.1899
vn 0.9805 0.1961 -0.0102
vn 0.9802 -0.0761 -0.1830
vn 0.9996 0.0287 -0.0000
vn 0.9996 0.0284 -0.0010
vn -0.7559 0.0130 -0.6546
vn -0.9985 -0.0544 -0.0000
vn -0.9773 -0.0784 -0.1969
vn -0.8989 0.2749 -0.3412
vn -0.9573 0.2889 -0.0000
vn -0.9166 0.3238 -0.2346
vn -0.8786 0.2595 -0.4009
vn -0.9677 0.2523 -0.0000
vn -0.7226 0.2152 -0.6569
vn 0.8542 -0.4319 -0.2895
vn -0.1153 -0.9553 -0.2721
vn -0.9227 -0.2408 -0.3012
vn 0.8720 0.0755 -0.4837
vn 0.9934 0.1151 -0.0000
vn 0.9935 0.0945 -0.0633
vn 0.7751 0.1155 -0.6213
vn 0.0251 0.1128 -0.9933
vn -0.3227 0.0584 -0.9447
vn 0.2108 0.7219 -0.6591
vn -0.9419 0.2228 -0.2515
vn 0.9879 -0.0005 -0.1548
vn 0.7431 -0.5844 0.3260
vn -0.2814 -0.7875 0.5484
vn -0.9332 -0.3426 0.1083
vn 0.1086 0.8559 -0.5055
vn -0.6322 0.7085 -0.3137
vn 0.9637 0.2438 0.1089
vn 0.7977 -0.3274 0.5065
vn -0.0930 -0.6602 0.7453
vn -0.9546 0.0972 0.2815
vn 0.9050 -0.0101 -0.4254
vn 0.9983 -0.0585 -0.0000
vn 0.9989 -0.0463 -0.0098
vn 0.7173 -0.0001 -0.6967
vn 0.2969 0.0026 -0.9549
vn -0.3609 0.0164 -0.9325
vn -0.8491 -0.1844 -0.4950
vn -0.9828 -0.1371 -0.1236
vn -0.9955 -0.0950 -0.0000
vn -0.3987 -0.2573 -0.8803
vn 0.0008 -0.2345 -0.9721
vn 0.9966 0.0817 -0.0131
vn 0.9956 0.0938 -0.0000
vn 0.7198 -0.1277 -0.6823
vn 0.9363 -0.0092 -0.3510
vn 0.6284 0.6226 -0.4663
vn 0.5612 0.7204 -0.4077
vn 0.6678 -0.0055 -0.7444
vn 0.3244 -0.9226 -0.2088
vn 0.7022 0.1478 -0.6965
vn 0.7787 0.4301 -0.4567
vn 0.1145 -0.7996 0.5895
vn 0.6512 0.6847 -0.3273
vn 0.5579 -0.5897 0.5839
vn 0.4640 -0.1766 -0.8681
vn -0.3962 0.7649 -0.5078
vn -0.9448 0.3278 -0.0000
vn -0.3839 0.6282 -0.6767
vn -0.4696 -0.8120 -0.3466
vn -0.3183 0.0681 -0.9455
vn -0.5739 0.5913 -0.5665
vn -0.5674 -0.7117 0.4142
vn -0.2589 0.8249 -0.5025
vn -0.6978 -0.3304 0.6355
vn -0.1985 -0.0258 -0.9798
vn -0.3007 -0.2785 -0.9121
vn 0.9829 0.1374 -0.1223
vn 0.1653 0.7742 -0.6110
vn -0.9532 -0.2495 0.1709
vn -0.4226 -0.7100 0.5633
vn 0.7817 -0.5198 0.3445
vn -0.9095 0.3296 -0.2531
vn 0.0958 -0.7914 0.6038
vn 0.7474 0.5285 -0.4026
vn -0.5478 0.6590 -0.5153
vn -0.6877 -0.5796 0.4373
vn 0.9373 0.2664 -0.2245
vn -0.8843 -0.3755 0.2774
vn 0.8175 -0.4987 0.2881
vn 0.2938 -0.8125 0.5035
vn 0.6315 0.6043 -0.4858
vn -0.5366 0.6712 -0.5114
vn -0.6236 -0.6275 0.4662
vn 0.1027 0.7767 -0.6214
vn -0.2444 -0.8048 0.5410
vn -0.9398 0.2653 -0.2152
vn 0.9383 0.3459 -0.0000
vn 0.8878 0.4140 -0.2009
vn 0.0980 0.4715 -0.8764
vn 0.6527 0.5325 -0.5389
vn -0.9767 0.2147 -0.0000
vn -0.3163 0.2741 -0.9082
vn 0.9132 0.1117 -0.3920
vn 0.8123 0.0789 -0.5779
vn -0.7566 0.1147 -0.6438
vn -0.9507 0.1237 -0.2843
vn 0.9959 0.0900 -0.0000
vn 0.9880 0.1227 -0.0936
vn 0.1496 0.0868 -0.9849
vn -0.3531 0.2026 -0.9134
vn -0.9791 0.2034 -0.0000
vn 0.7038 -0.0127 -0.7103
vn -0.2448 0.1938 -0.9500
vn 0.9122 0.0789 -0.4020
vn -0.7303 0.1571 -0.6649
vn 0.2182 -0.0151 -0.9758
vn -0.9462 0.3237 -0.0000
vn 0.6613 -0.1005 -0.7433
vn -0.1687 0.0674 -0.9834
vn 0.7624 -0.0666 -0.6437
vn -0.9019 0.2372 -0.3609
vn 0.9988 0.0490 -0.0000
vn 0.9967 0.0744 -0.0335
vn -0.4199 0.1125 -0.9006
vn 0.9843 0.1762 -0.0000
vn 0.9084 0.2781 -0.3121
vn 0.0828 0.3814 -0.9207
vn 0.6099 0.4174 -0.6736
vn -0.9998 -0.0214 -0.0000
vn -0.2935 0.2106 -0.9325
vn -0.7936 0.5975 -0.1150
vn -0.9907 0.0717 0.1153
vn -0.9930 -0.0669 -0.0975
vn -0.9503 0.3109 0.0193
vn -0.9427 0.2442 -0.2271
vn -0.9911 -0.1116 0.0724
vn -0.7835 0.5236 -0.3345
vn -0.7097 0.1419 -0.6900
vn -0.9654 0.1892 -0.1795
vn -0.9303 0.3041 -0.2049
vn -0.7147 0.0574 -0.6971
vn 0.9526 0.2019 -0.2277
vn -0.8920 -0.3900 0.2286
vn 0.8262 -0.5051 0.2495
vn 0.4513 -0.7642 0.4608
vn 0.6145 0.5829 -0.5316
vn -0.4385 0.6856 -0.5811
vn -0.6969 -0.6145 0.3698
vn 0.1123 0.7317 -0.6723
vn -0.2082 -0.8005 0.5621
vn -0.8662 0.4130 -0.2813
vn 0.0871 0.8320 -0.5479
vn 0.1135 0.8181 -0.5637
vn -0.4132 -0.7272 0.5481
vn -0.4361 -0.6988 0.5671
vn -0.9518 0.2566 -0.1682
vn -0.9307 0.3105 -0.1933
vn 0.9561 0.2428 -0.1643
vn 0.9593 0.2457 -0.1392
vn -0.9043 -0.3132 0.2901
vn -0.8744 -0.3618 0.3233
vn 0.8147 -0.4720 0.3368
vn 0.8552 -0.4202 0.3034
vn 0.1378 -0.7815 0.6085
vn 0.2020 -0.7985 0.5671
vn 0.6915 0.6001 -0.4021
vn 0.6699 0.6229 -0.4041
vn -0.5173 0.6925 -0.5029
vn -0.5524 0.6852 -0.4747
vn -0.6978 -0.5514 0.4572
vn -0.6578 -0.5795 0.4811
vn 0.9746 0.2128 -0.0702
vn -0.9477 -0.1391 0.2872
vn 0.8601 -0.3755 0.3452
vn 0.5746 -0.6170 0.5377
vn 0.6257 0.6385 -0.4481
vn -0.3127 0.7705 -0.5556
vn -0.7650 -0.4482 0.4625
vn 0.0978 0.7899 -0.6054
vn -0.2010 -0.6755 0.7094
vn -0.7872 0.5515 -0.2760
vn 0.1464 0.8655 -0.4791
vn -0.5746 0.7477 -0.3329
vn 0.9635 0.2437 0.1111
vn 0.7649 -0.3659 0.5301
vn -0.0914 -0.6765 0.7308
vn -0.9461 0.1955 0.2581
vn 0.6598 0.6878 -0.3026
vn 0.5026 -0.6285 0.5936
vn -0.2414 0.8281 -0.5060
vn -0.6709 -0.3505 0.6534
vn -0.8090 0.4391 0.3907
vn 0.9052 0.2398 0.3508
vn 0.1707 0.8246 0.5393
vn -0.9163 -0.0255 0.3997
vn 0.9831 0.1079 0.1477
vn 0.8468 0.5179 0.1211
vn -0.5917 0.7458 0.3059
vn 0.0146 0.7632 0.6460
vn -0.9807 0.0475 0.1899
vn 0.9805 0.1961 0.0102
vn 0.9802 -0.0761 0.1830
vn 0.9996 0.0284 0.0010
vn -0.7559 0.0130 0.6546
vn -0.9773 -0.0784 0.1969
vn -0.8989 0.2749 0.3412
vn -0.9166 0.3238 0.2346
vn -0.8786 0.2595 0.4009
vn -0.7226 0.2152 0.6569
vn 0.8530 -0.4333 0.2910
vn -0.1153 -0.9553 0.2721
vn -0.9227 -0.2408 0.3012
vn 0.8720 0.0755 0.4837
vn 0.9935 0.0945 0.0633
vn 0.7751 0.1155 0.6213
vn 0.0251 0.1128 0.9933
vn -0.3227 0.0584 0.9447
vn 0.2108 0.7219 0.6591
vn -0.9419 0.2228 0.2515
vn 0.9878 -0.0240 0.1539
vn 0.7764 -0.5591 -0.2910
vn -0.2814 -0.7875 -0.5484
vn -0.9332 -0.3426 -0.1083
vn 0.1086 0.8559 0.5055
vn -0.6322 0.7085 0.3137
vn 0.9637 0.2438 -0.1089
vn 0.7977 -0.3274 -0.5065
vn -0.0930 -0.6602 -0.7453
vn -0.9546 0.0972 -0.2815
vn 0.9050 -0.0101 0.4254
vn 0.9989 -0.0463 0.0098
vn 0.7173 -0.0001 0.6967
vn 0.2969 0.0026 0.9549
vn -0.3609 0.0164 0.9325
vn -0.8491 -0.1844 0.4950
vn -0.9828 -0.1371 0.1236
vn -0.3987 -0.2573 0.8803
vn 0.0008 -0.2345 0.9721
vn 0.9966 0.0817 0.0131
vn 0.7198 -0.1277 0.6823
vn 0.9363 -0.0092 0.3510
vn 0.6284 0.6226 0.4663
vn 0.5612 0.7204 0.4077
vn 0.6678 -0.0055 0.7444
vn 0.3448 -0.9125 0.2200
vn 0.7022 0.1478 0.6965
vn 0.7854 0.4196 0.4551
vn 0.1597 -0.7995 -0.5791
vn 0.6512 0.6847 0.3273
vn 0.5579 -0.5897 -0.5839
vn 0.4640 -0.1766 0.8681
vn -0.3962 0.7649 0.5078
vn -0.3839 0.6282 0.6767
vn -0.4696 -0.8120 0.3466
vn -0.3183 0.0681 0.9455
vn -0.5739 0.5913 0.5665
vn -0.5674 -0.7117 -0.4142
vn -0.2589 0.8249 0.5025
vn -0.6978 -0.3304 -0.6355
vn -0.1985 -0.0258 0.9798
vn -0.3007 -0.2785 0.9121
vn 0.9804 0.1547 0.1220
vn 0.1653 0.7742 0.6110
vn -0.9532 -0.2495 -0.1709
vn -0.4227 -0.7100 -0.5633
vn 0.8196 -0.4659 -0.3334
vn -0.9095 0.3296 0.2531
vn 0.1524 -0.7813 -0.6053
vn 0.7633 0.5127 0.3930
vn -0.5478 0.6590 0.5153
vn -0.6877 -0.5796 -0.4373
vn 0.9373 0.2664 0.2245
vn -0.8843 -0.3755 -0.2774
vn 0.8175 -0.4987 -0.2881
vn 0.2938 -0.8125 -0.5035
vn 0.6315 0.6043 0.4858
vn -0.5366 0.6712 0.5114
vn -0.6236 -0.6275 -0.4662
vn 0.1027 0.7767 0.6214
vn -0.2444 -0.8048 -0.5410
vn -0.9398 0.2653 0.2152
vn 0.8878 0.4140 0.2009
vn 0.0980 0.4715 0.8764
vn 0.6527 0.5325 0.5389
vn -0.3163 0.2741 0.9082
vn 0.9132 0.1117 0.3920
vn 0.8123 0.0789 0.5779
vn -0.7566 0.1147 0.6438
vn -0.9507 0.1237 0.2843
vn 0.9880 0.1227 0.0936
vn 0.1496 0.0868 0.9849
vn -0.3531 0.2026 0.9134
vn 0.7038 -0.0127 0.7103
vn -0.2448 0.1938 0.9500
vn 0.9122 0.0789 0.4020
vn -0.7303 0.1571 0.6649
vn 0.2182 -0.0151 0.9758
vn 0.6613 -0.1005 0.7433
vn -0.1687 0.0674 0.9834
vn 0.7624 -0.0666 0.6437
vn -0.9019 0.2372 0.3609
vn 0.9967 0.0744 0.0335
vn -0.4199 0.1125 0.9006
vn 0.9084 0.2781 0.3121
vn 0.0828 0.3814 0.9207
vn 0.6099 0.4174 0.6736
vn -0.2935 0.2106 0.9325
vn -0.7936 0.5975 0.1150
vn -0.9907 0.0717 -0.1153
vn -0.9930 -0.0669 0.0975
vn -0.9503 0.3109 -0.0193
vn -0.9427 0.2442 0.2271
vn -0.9911 -0.1116 -0.0724
vn -0.7835 0.5236 0.3345
vn -0.7097 0.1419 0.6900
vn -0.9654 0.1892 0.1795
vn -0.9303 0.3041 0.2049
vn -0.7147 0.0574 0.6971
vn 0.9526 0.2019 0.2277
vn -0.8920 -0.3900 -0.2286
vn 0.8262 -0.5051 -0.2495
vn 0.4513 -0.7642 -0.4608
vn 0.6145 0.5829 0.5316
vn -0.4385 0.6856 0.5811
vn -0.6969 -0.6145 -0.3698
vn 0.1123 0.7317 0.6723
vn -0.2082 -0.8005 -0.5621
vn -0.8662 0.4130 0.2813
vn 0.0871 0.8320 0.5479
vn 0.1135 0.8181 0.5637
vn -0.4132 -0.7272 -0.5481
vn -0.4361 -0.6988 -0.5671
vn -0.9518 0.2566 0.1682
vn -0.9307 0.3105 0.1933
vn 0.9590 0.2463 0.1402
vn 0.9593 0.2457 0.1392
vn -0.9043 -0.3132 -0.2901
vn -0.8744 -0.3618 -0.3233
vn 0.8276 -0.4394 -0.3492
vn 0.8552 -0.4202 -0.3034
vn 0.1576 -0.7736 -0.6137
vn 0.2020 -0.7985 -0.5671
vn 0.6946 0.5985 0.3992
vn 0.6699 0.6229 0.4041
vn -0.5173 0.6925 0.5029
vn -0.5524 0.6852 0.4747
vn -0.6978 -0.5514 -0.4572
vn -0.6578 -0.5795 -0.4811
vn 0.9746 0.2128 0.0702
vn -0.9477 -0.1391 -0.2872
vn 0.8601 -0.3755 -0.3452
vn 0.5746 -0.6170 -0.5377
vn 0.6257 0.6385 0.4481
vn -0.3127 0.7705 0.5556
vn -0.7650 -0.4482 -0.4625
vn 0.0978 0.7899 0.6054
vn -0.2010 -0.6755 -0.7094
vn -0.7872 0.5515 0.2760
vn 0.1464 0.8655 0.4791
vn -0.5746 0.7477 0.3329
vn 0.9635 0.2437 -0.1111
vn 0.7649 -0.3659 -0.5301
vn -0.0914 -0.6765 -0.7308
vn -0.9461 0.1955 -0.2581
vn 0.6598 0.6878 0.3026
vn 0.5026 -0.6285 -0.5936
vn -0.2414 0.8281 0.5060
vn -0.6709 -0.3505 -0.6534
vn -0.9396 -0.3398 0.0399
vn 0.4765 -0.8549 0.2052
vn -0.3321 0.9432 0.0008
vn 0.8847 0.4368 0.1627
vn -0.7085 -0.4140 0.5715
vn 0.2757 -0.7685 0.5774
vn -0.3858 0.5064 0.7712
vn 0.6124 0.2556 0.7481
vn 0.8667 0.4011 0.2965
vn 0.3505 -0.9066 0.2350
vn -0.8985 -0.4337 0.0681
vn -0.4065 0.9072 0.1081
vn 0.3134 -0.4719 -0.8241
vn -0.6961 -0.6596 0.2834
vn 0.4036 0.8843 -0.2349
vn -0.5321 0.5189 0.6690
vn 0.3356 -0.4174 -0.8445
vn -0.6922 -0.5670 -0.4465
vn 0.1854 0.6331 -0.7516
vn -0.8151 0.4465 -0.3690
vn -0.6419 0.5526 0.5316
vn -0.6729 -0.7340 0.0923
vn 0.3965 -0.5784 -0.7129
vn 0.3727 0.8797 -0.2954
vn -0.0381 0.9993 -0.0000
vn -0.7874 0.6165 -0.0000
vn -0.9996 0.0269 -0.0000
vn 0.9690 -0.2469 -0.0000
vn 0.9510 0.3092 -0.0000
vn 0.7136 -0.1069 0.6924
vn 0.7157 -0.1785 0.6752
vn 0.8037 -0.1220 0.5824
vn 0.8780 -0.0416 0.4768
vn -0.7932 -0.1384 0.5930
vn -0.7875 -0.0856 0.6104
vn -0.8742 -0.0293 0.4847
vn -0.9797 0.0581 0.1916
vn 0.9697 -0.1643 0.1810
vn 0.9263 -0.0714 -0.3700
vn 0.6730 -0.2362 0.7009
vn -0.8463 -0.1547 0.5098
vn -0.9586 -0.1752 0.2243
vn -0.8577 -0.0352 -0.5130
vn -0.1962 -0.1839 0.9632
vn 0.1697 -0.2487 0.9536
vn 0.0535 -0.1539 0.9866
vn -0.0319 0.1480 -0.9885
vn 0.8425 -0.1969 0.5014
vn 0.9441 0.1865 0.2719
vn -0.9313 0.0244 0.3633
vn -0.8835 0.4442 -0.1490
vn -0.0855 0.8302 -0.5508
vn -0.4671 0.8842 -0.0000
vn -0.6194 -0.1965 0.7601
vn -0.4386 0.1264 -0.8898
vn -0.3279 -0.2012 0.9230
vn -0.5471 -0.0788 0.8333
vn -0.5918 0.6819 -0.4299
vn 0.6303 0.7764 -0.0000
vn 0.3803 -0.1586 0.9112
vn 0.3288 -0.2131 0.9200
vn 0.2683 -0.1426 0.9527
vn 0.5586 0.0767 -0.8259
vn 0.7235 0.6576 -0.2103
vn 0.9973 -0.0737 -0.0000
vn 0.6986 -0.1214 0.7052
vn 0.8093 -0.1344 0.5718
vn -0.7851 -0.1738 0.5945
vn -0.9186 -0.0467 0.3924
vn -0.9832 0.1827 -0.0000
vn -0.0331 -0.1360 0.9902
vn 0.8998 -0.0812 0.4288
vn -0.9657 0.1460 0.2148
vn -0.5118 -0.1784 0.8404
vn 0.3251 -0.0953 0.9409
vn -0.8055 0.1149 0.5813
vn -0.9498 -0.0783 0.3030
vn 0.8424 -0.0467 0.5368
vn 0.7648 -0.1311 0.6308
vn 0.9901 -0.0448 0.1331
vn 0.9678 -0.0590 0.2446
vn -0.9580 0.1870 0.2176
vn -0.9875 -0.0659 0.1434
vn 0.3093 -0.1764 0.9345
vn 0.4455 -0.0021 0.8953
vn 0.0651 0.1448 -0.9873
vn -0.0217 0.0262 -0.9994
vn 0.8995 -0.0211 -0.4364
vn 0.8842 0.0258 -0.4664
vn -0.9165 -0.0124 -0.3998
vn -0.8788 0.2127 -0.4271
vn -0.5802 0.0114 -0.8144
vn -0.4984 0.1959 -0.8445
vn -0.4689 -0.0278 0.8828
vn -0.3164 -0.0576 0.9469
vn 0.7324 -0.0222 0.6805
vn 0.5364 -0.1653 0.8276
vn 0.5936 0.0192 -0.8045
vn 0.5571 0.0787 -0.8267
vn -0.9248 -0.0515 0.3769
vn -0.8670 -0.1424 0.4776
vn -0.9879 -0.1351 0.0765
vn -0.9631 -0.2138 0.1636
vn 0.3774 0.1511 0.9136
vn 0.2047 -0.0888 0.9748
vn -0.0709 -0.1262 -0.9895
vn -0.0464 -0.0817 -0.9956
vn 0.7331 -0.2421 0.6356
vn 0.7978 -0.0735 0.5984
vn 0.9532 -0.2489 0.1714
vn 0.9800 -0.1449 0.1361
vn 0.8636 -0.1933 -0.4656
vn 0.9063 -0.1651 -0.3890
vn -0.8269 -0.1470 -0.5428
vn -0.8842 -0.1547 -0.4407
vn -0.5128 -0.1003 -0.8526
vn -0.5968 -0.1300 -0.7918
vn -0.5821 -0.1084 0.8058
vn -0.4905 0.1180 0.8634
vn 0.4744 -0.1953 0.8584
vn 0.6615 0.0436 0.7487
vn 0.5149 -0.1195 -0.8488
vn 0.5629 -0.1433 -0.8140
vn 0.9814 -0.0085 0.1918
vn 0.9446 0.0069 -0.3280
vn 0.7115 0.0221 0.7024
vn -0.8481 0.0353 0.5286
vn -0.9641 -0.1194 0.2373
vn -0.7746 0.0040 -0.6324
vn 0.0446 0.0923 0.9947
vn -0.0617 0.2015 -0.9776
vn -0.4037 0.1678 -0.8993
vn -0.4645 0.1202 0.8774
vn 0.3334 0.0465 0.9416
vn 0.5415 0.1060 -0.8340
vn -0.9111 0.0199 0.4117
vn 0.8127 -0.0898 0.5757
vn 0.9858 -0.0660 0.1547
vn -0.9682 0.0761 0.2383
vn 0.4041 -0.1269 0.9059
vn 0.0334 0.0023 -0.9994
vn 0.8860 -0.0038 -0.4636
vn -0.9352 0.0732 -0.3465
vn -0.5145 0.0336 -0.8568
vn -0.4059 -0.0944 0.9090
vn 0.6672 -0.1103 0.7366
vn 0.5854 0.0039 -0.8107
vn 0.7445 -0.1442 0.6519
vn 0.9446 -0.0035 0.3282
vn 0.9672 0.2539 0.0047
vn -0.8299 0.2813 -0.4818
vn -0.5023 0.2475 -0.8285
vn -0.2152 -0.1620 0.9630
vn 0.4335 -0.2190 0.8741
vn 0.6642 0.3311 -0.6703
vn -0.7509 0.0363 0.6594
vn -0.9619 0.2154 0.1686
vn 0.2535 -0.2377 0.9377
vn -0.0065 0.3682 -0.9297
vn 0.7136 -0.1069 -0.6924
vn 0.7157 -0.1785 -0.6752
vn 0.8037 -0.1220 -0.5824
vn 0.8780 -0.0416 -0.4768
vn -0.7932 -0.1384 -0.5930
vn -0.7875 -0.0856 -0.6104
vn -0.8742 -0.0293 -0.4847
vn -0.9797 0.0581 -0.1916
vn 0.9697 -0.1643 -0.1810
vn 0.9263 -0.0714 0.3700
vn 0.6730 -0.2362 -0.7009
vn -0.8463 -0.1547 -0.5098
vn -0.9586 -0.1752 -0.2243
vn -0.8577 -0.0352 0.5130
vn -0.1962 -0.1839 -0.9632
vn 0.1697 -0.2487 -0.9536
vn 0.0535 -0.1539 -0.9866
vn -0.0319 0.1480 0.9885
vn 0.8425 -0.1969 -0.5014
vn 0.9441 0.1865 -0.2719
vn -0.9313 0.0244 -0.3633
vn -0.8835 0.4442 0.1490
vn -0.0855 0.8302 0.5508
vn -0.6194 -0.1965 -0.7601
vn -0.4386 0.1264 0.8898
vn -0.3279 -0.2012 -0.9230
vn -0.5471 -0.0788 -0.8333
vn -0.5918 0.6819 0.4299
vn 0.3803 -0.1586 -0.9112
vn 0.3288 -0.2131 -0.9200
vn 0.2683 -0.1426 -0.9527
vn 0.5586 0.0767 0.8259
vn 0.7235 0.6576 0.2103
vn 0.6986 -0.1214 -0.7052
vn 0.8093 -0.1344 -0.5718
vn -0.7851 -0.1738 -0.5945
vn -0.9186 -0.0467 -0.3924
vn -0.0331 -0.1360 -0.9902
vn 0.8998 -0.0812 -0.4288
vn -0.9657 0.1460 -0.2148
vn -0.5118 -0.1784 -0.8404
vn 0.3251 -0.0953 -0.9409
vn -0.8055 0.1149 -0.5813
vn -0.9498 -0.0783 -0.3030
vn 0.8424 -0.0467 -0.5368
vn 0.7648 -0.1311 -0.6308
vn 0.9901 -0.0448 -0.1331
vn 0.9678 -0.0590 -0.2446
vn -0.9580 0.1870 -0.2176
vn -0.9875 -0.0659 -0.1434
vn 0.3093 -0.1764 -0.9345
vn 0.4455 -0.0021 -0.8953
vn 0.0651 0.1448 0.9873
vn -0.0217 0.0262 0.9994
vn 0.8995 -0.0211 0.4364
vn 0.8842 0.0258 0.4664
vn -0.9165 -0.0124 0.3998
vn -0.8788 0.2127 0.4271
vn -0.5802 0.0114 0.8144
vn -0.4984 0.1959 0.8445
vn -0.4689 -0.0278 -0.8828
vn -0.3164 -0.0576 -0.9469
vn 0.7324 -0.0222 -0.6805
vn 0.5364 -0.1653 -0.8276
vn 0.5936 0.0192 0.8045
vn 0.5571 0.0787 0.8267
vn -0.9248 -0.0515 -0.3769
vn -0.8670 -0.1424 -0.4776
vn -0.9879 -0.1351 -0.0765
vn -0.9631 -0.2138 -0.1637
vn 0.3774 0.1511 -0.9136
vn 0.2047 -0.0888 -0.9748
vn -0.0709 -0.1262 0.9895
vn -0.0464 -0.0817 0.9956
vn 0.7331 -0.2421 -0.6356
vn 0.7978 -0.0735 -0.5984
vn 0.9532 -0.2489 -0.1714
vn 0.9800 -0.1449 -0.1361
vn 0.8636 -0.1933 0.4656
vn 0.9063 -0.1651 0.3890
vn -0.8269 -0.1470 0.5428
vn -0.8842 -0.1547 0.4407
vn -0.5128 -0.1003 0.8526
vn -0.5968 -0.1300 0.7918
vn -0.5821 -0.1084 -0.8058
vn -0.4905 0.1180 -0.8634
vn 0.4744 -0.1953 -0.8584
vn 0.6615 0.0436 -0.7487
vn 0.5149 -0.1195 0.8488
vn 0.5629 -0.1433 0.8140
vn 0.9814 -0.0084 -0.1918
vn 0.9446 0.0069 0.3280
vn 0.7115 0.0221 -0.7024
vn -0.8481 0.0353 -0.5286
vn -0.9641 -0.1194 -0.2373
vn -0.7746 0.0040 0.6324
vn 0.0446 0.0923 -0.9947
vn -0.0617 0.2015 0.9776
vn -0.4037 0.1678 0.8993
vn -0.4645 0.1202 -0.8774
vn 0.3334 0.0465 -0.9416
vn 0.5415 0.1060 0.8340
vn -0.9111 0.0199 -0.4117
vn 0.8127 -0.0898 -0.5757
vn 0.9858 -0.0660 -0.1547
vn -0.9682 0.0761 -0.2383
vn 0.4041 -0.1269 -0.9059
vn 0.0334 0.0023 0.9994
vn 0.8860 -0.0038 0.4636
vn -0.9352 0.0732 0.3465
vn -0.5145 0.0336 0.8568
vn -0.4059 -0.0944 -0.9090
vn 0.6672 -0.1103 -0.7366
vn 0.5854 0.0039 0.8107
vn 0.7445 -0.1442 -0.6519
vn 0.9446 -0.0035 -0.3282
vn 0.9672 0.2539 -0.0047
vn -0.8299 0.2813 0.4818
vn -0.5023 0.2475 0.8285
vn -0.2152 -0.1620 -0.9630
vn 0.4335 -0.2190 -0.8741
vn 0.6642 0.3311 0.6703
vn -0.7509 0.0363 -0.6594
vn -0.9619 0.2154 -0.1686
vn 0.2535 -0.2377 -0.9377
vn -0.0065 0.3682 0.9297
vn -0.9959 0.0643 0.0637
vn 0.5500 0.5631 0.6167
vn 0.5592 0.5592 0.6120
vn -0.7791 0.4196 0.4658
vn -0.7581 0.4362 0.4847
vn 0.8770 0.3350 0.3445
vn -0.0807 0.6624 0.7448
vn -0.0830 0.6623 0.7447
vn -0.9959 0.0643 -0.0637
vn 0.5500 0.5631 -0.6167
vn 0.5592 0.5592 -0.6120
vn -0.7791 0.4196 -0.4658
vn -0.7581 0.4362 -0.4847
vn 0.8770 0.3350 -0.3445
vn -0.0807 0.6624 -0.7448
vn -0.0830 0.6623 -0.7447
vn 0.9300 -0.2967 -0.2170
vn 0.8899 -0.0560 -0.4528
vn 0.9074 -0.3252 -0.2661
vn 0.8961 -0.4133 -0.1619
vn 0.9048 -0.3887 -0.1741
vn 0.9125 -0.2401 -0.3311
vn 0.9514 -0.0026 -0.3081
vn 0.8071 0.0960 -0.5825
vn 0.8417 0.0566 -0.5370
vn 0.9039 0.1006 -0.4157
vn 0.9269 0.1222 -0.3548
vn 0.9182 0.1292 -0.3746
vn 0.8840 0.1035 -0.4559
vn 0.8822 0.0101 -0.4708
vn 0.8847 -0.0077 -0.4661
vn 0.8855 -0.0138 -0.4644
vn 0.7983 0.1112 -0.5920
vn 0.8186 0.1435 -0.5562
vn 0.9422 0.0722 -0.3273
vn 0.9240 0.1182 -0.3636
vn 0.9115 0.1378 -0.3876
vn 0.8689 0.0749 -0.4892
vn 0.8109 0.0449 -0.5834
vn 0.8850 0.1718 -0.4327
vn 0.8477 -0.1256 -0.5154
vn 0.7111 -0.5349 -0.4562
vn 0.7117 -0.4470 -0.5420
vn 0.8187 0.4135 -0.3985
vn 0.7852 -0.4037 -0.4695
vn 0.7127 -0.4824 -0.5092
vn 0.8340 0.3413 -0.4336
vn 0.7352 0.6211 -0.2715
vn 0.9300 -0.2967 0.2170
vn 0.8899 -0.0560 0.4528
vn 0.9074 -0.3252 0.2661
vn 0.8961 -0.4133 0.1619
vn 0.9048 -0.3887 0.1741
vn 0.9125 -0.2401 0.3311
vn 0.9514 -0.0026 0.3081
vn 0.8071 0.0960 0.5825
vn 0.8417 0.0566 0.5370
vn 0.9039 0.1006 0.4157
vn 0.9269 0.1222 0.3548
vn 0.9182 0.1292 0.3746
vn 0.8840 0.1035 0.4559
vn 0.8822 0.0101 0.4708
vn 0.8847 -0.0077 0.4661
vn 0.8855 -0.0138 0.4644
vn 0.7983 0.1112 0.5920
vn 0.8186 0.1435 0.5562
vn 0.9422 0.0722 0.3273
vn 0.9240 0.1182 0.3636
vn 0.9115 0.1378 0.3876
vn 0.8689 0.0749 0.4892
vn 0.8109 0.0449 0.5834
vn 0.8850 0.1718 0.4327
vn 0.8477 -0.1256 0.5154
vn 0.7111 -0.5349 0.4562
vn 0.7117 -0.4470 0.5420
vn 0.8187 0.4135 0.3985
vn 0.7852 -0.4037 0.4695
vn 0.7127 -0.4824 0.5092
vn 0.8340 0.3413 0.4336
vn 0.7352 0.6211 0.2715
vn 0.9038 -0.2382 0.3556
vn 0.8949 -0.2396 0.3764
vn 0.6361 -0.2996 -0.7111
vn 0.8438 -0.2980 -0.4463
vn 0.9626 -0.2709 -0.0041
vn 0.9620 -0.2666 0.0600
vn 0.8111 -0.3010 -0.5015
vn 0.8786 -0.2419 0.4118
vn 0.8509 -0.0000 -0.5253
vn 0.9929 0.0167 0.1182
vn 0.9627 0.0057 0.2706
vn 0.2965 0.7849 0.5440
vn 0.5389 0.7471 0.3891
vn 0.3062 0.7022 -0.6427
vn 0.5118 0.6405 -0.5726
vn 0.0839 0.9187 0.3859
vn 0.1201 0.8386 -0.5314
vn -0.1502 0.8526 0.5006
vn -0.2206 0.7472 -0.6270
vn -0.3451 0.8617 0.3721
vn -0.4720 0.6627 -0.5813
vn 0.0679 -0.5533 -0.8302
vn 0.5836 -0.5073 -0.6341
vn 0.1134 -0.4274 -0.8969
vn 0.1429 -0.6576 -0.7397
vn -0.6810 -0.4635 -0.5669
vn 0.0782 -0.5670 0.8200
vn 0.5408 -0.5039 0.6735
vn 0.1349 -0.5043 0.8530
vn 0.1224 -0.6643 0.7373
vn -0.6860 -0.4298 0.5871
vn 0.0158 0.2669 -0.9636
vn -0.1405 0.1789 -0.9738
vn -0.7106 0.3111 -0.6310
vn 0.2082 0.2792 -0.9374
vn 0.6067 0.2850 -0.7421
vn -0.0293 0.3544 0.9346
vn 0.1875 0.2630 0.9464
vn -0.1110 0.2831 0.9526
vn 0.7359 0.2150 0.6421
vn -0.6628 0.4104 0.6264
vn 0.3969 0.9115 -0.1080
vn 0.6918 0.7142 -0.1067
vn 0.1250 0.9886 -0.0844
vn -0.2085 0.9763 -0.0575
vn -0.4952 0.8668 -0.0587
vn 0.7650 -0.6412 -0.0611
vn -0.0558 -0.9981 0.0261
vn 0.2315 -0.9728 -0.0084
vn 0.2408 -0.9706 0.0052
vn -0.7444 -0.6676 0.0071
vn -0.9345 0.3547 -0.0286
vn 0.9825 0.1605 -0.0949
vn 0.2965 0.7849 -0.5440
vn 0.5389 0.7471 -0.3891
vn 0.3062 0.7022 0.6427
vn 0.5118 0.6405 0.5726
vn 0.0839 0.9187 -0.3859
vn 0.1201 0.8386 0.5314
vn -0.1502 0.8526 -0.5006
vn -0.2206 0.7472 0.6270
vn -0.3451 0.8617 -0.3721
vn -0.4720 0.6627 0.5813
vn 0.0679 -0.5533 0.8302
vn 0.5836 -0.5073 0.6341
vn 0.1134 -0.4274 0.8969
vn 0.1429 -0.6576 0.7397
vn -0.6810 -0.4635 0.5669
vn 0.0782 -0.5670 -0.8200
vn 0.5408 -0.5039 -0.6735
vn 0.1349 -0.5043 -0.8530
vn 0.1224 -0.6643 -0.7373
vn -0.6860 -0.4298 -0.5871
vn 0.0158 0.2669 0.9636
vn -0.1405 0.1789 0.9738
vn -0.7106 0.3111 0.6310
vn 0.2082 0.2792 0.9374
vn 0.6067 0.2850 0.7421
vn -0.0293 0.3544 -0.9346
vn 0.1875 0.2630 -0.9464
vn -0.1110 0.2831 -0.9526
vn 0.7359 0.2150 -0.6421
vn -0.6628 0.4104 -0.6264
vn 0.3969 0.9115 0.1080
vn 0.6918 0.7142 0.1067
vn 0.1250 0.9886 0.0844
vn -0.2085 0.9763 0.0575
vn -0.4952 0.8668 0.0587
vn 0.7650 -0.6412 0.0611
vn -0.0558 -0.9981 -0.0261
vn 0.2315 -0.9728 0.0084
vn 0.2408 -0.9706 -0.0052
vn -0.7444 -0.6676 -0.0071
vn -0.9345 0.3547 0.0286
vn 0.9825 0.1605 0.0949
vn 0.9986 -0.0517 0.0093
vn 0.9907 0.1340 -0.0241
vn 0.9969 0.0775 -0.0122
vn 0.9986 0.0516 -0.0093
vn 0.9965 0.0826 -0.0149
vn 0.9903 0.1364 -0.0246
vn 0.9963 0.0844 -0.0152
vn 0.9964 0.0834 -0.0150
vn 0.9826 0.1827 -0.0329
vn 0.9961 0.0874 -0.0157
vn 0.9969 0.0773 -0.0137
vn 0.9969 0.0775 -0.0139
vn 0.9969 0.0773 -0.0138
vn 0.9969 0.0775 -0.0140
vn 0.9968 0.0782 -0.0141
vn 0.9968 0.0786 -0.0142
vn 0.9968 0.0783 -0.0141
vn 0.9969 0.0778 -0.0140
vn 0.9969 0.0775 -0.0125
vn 0.9969 0.0774 -0.0132
vn 0.9969 0.0775 -0.0126
vn 0.9969 0.0774 -0.0133
vn 0.9986 -0.0517 -0.0093
vn 0.9907 0.1340 0.0241
vn 0.9969 0.0775 0.0122
vn 0.9986 0.0516 0.0093
vn 0.9965 0.0826 0.0149
vn 0.9903 0.1364 0.0246
vn 0.9963 0.0844 0.0152
vn 0.9964 0.0834 0.0150
vn 0.9826 0.1827 0.0329
vn 0.9961 0.0874 0.0157
vn 0.9969 0.0773 0.0137
vn 0.9969 0.0775 0.0139
vn 0.9969 0.0773 0.0138
vn 0.9969 0.0775 0.0140
vn 0.9968 0.0782 0.0141
vn 0.9968 0.0786 0.0142
vn 0.9968 0.0783 0.0141
vn 0.9969 0.0778 0.0140
vn 0.9969 0.0775 0.0125
vn 0.9969 0.0774 0.0132
vn 0.9969 0.0775 0.0126
vn 0.9969 0.0774 0.0133
vn 0.9007 0.4290 -0.0685
vn 0.9321 0.3570 -0.0617
vn 0.9651 0.2620 -0.0000
vn 0.6045 0.7721 -0.1962
vn 0.7757 0.6183 -0.1266
vn -0.0206 0.9107 -0.4127
vn 0.2193 0.9149 -0.3388
vn -0.7434 0.5941 -0.3072
vn -0.4093 0.8052 -0.4290
vn -0.8080 0.5683 -0.1556
vn -0.7779 0.6129 -0.1390
vn -0.6759 0.7370 -0.0000
vn 0.9567 0.2722 -0.1028
vn 0.9561 0.2806 -0.0846
vn 0.9007 0.4290 0.0685
vn 0.9321 0.3570 0.0617
vn 0.6045 0.7721 0.1962
vn 0.7757 0.6183 0.1266
vn -0.0206 0.9107 0.4127
vn 0.2193 0.9149 0.3388
vn -0.7434 0.5941 0.3072
vn -0.4093 0.8052 0.4290
vn -0.8080 0.5683 0.1556
vn -0.7779 0.6129 0.1390
vn 0.9567 0.2722 0.1028
vn 0.9561 0.2806 0.0846
vn 0.9657 0.1777 0.1892
vn 0.9669 0.2550 -0.0000
vn 0.9712 0.2374 0.0206
vn 0.9701 0.2178 0.1068
vn 0.9730 0.1547 0.1711
vn 0.9508 0.2931 0.1003
vn 0.9187 0.3899 0.0625
vn 0.8494 0.5277 0.0040
vn 0.9657 0.1777 -0.1892
vn 0.9712 0.2374 -0.0206
vn 0.9701 0.2178 -0.1068
vn 0.9730 0.1547 -0.1711
vn 0.9508 0.2931 -0.1003
vn 0.9187 0.3899 -0.0625
vn 0.8494 0.5277 -0.0040
vn -0.9990 -0.0455 -0.0000
vn 0.9995 -0.0328 -0.0000
vn 0.7333 0.0178 0.6797
vn 0.8999 0.0481 0.4334
vn -0.7548 -0.2334 0.6130
vn -0.8967 -0.1110 0.4284
vn -0.1872 -0.2018 0.9614
vn 0.9304 -0.0026 0.3665
vn -0.9851 -0.0475 0.1652
vn -0.5832 -0.2730 0.7651
vn 0.2610 -0.0928 0.9609
vn 0.7003 0.0093 0.7138
vn 0.9005 0.0511 0.4318
vn -0.7484 -0.2409 0.6180
vn -0.8769 -0.1282 0.4632
vn -0.1726 -0.1982 0.9648
vn 0.9294 -0.0016 0.3691
vn -0.9848 -0.0475 0.1670
vn -0.5544 -0.2700 0.7872
vn 0.2609 -0.0929 0.9609
vn 0.7333 0.0178 -0.6797
vn 0.8999 0.0481 -0.4334
vn -0.7548 -0.2334 -0.6130
vn -0.8967 -0.1110 -0.4284
vn -0.1872 -0.2018 -0.9614
vn 0.9304 -0.0026 -0.3665
vn -0.9851 -0.0475 -0.1652
vn -0.5832 -0.2730 -0.7651
vn 0.2610 -0.0928 -0.9609
vn 0.7003 0.0093 -0.7138
vn 0.9005 0.0511 -0.4318
vn -0.7484 -0.2409 -0.6180
vn -0.8769 -0.1282 -0.4632
vn -0.1726 -0.1982 -0.9648
vn 0.9294 -0.0016 -0.3691
vn -0.9848 -0.0475 -0.1670
vn -0.5544 -0.2700 -0.7872
vn 0.2609 -0.0929 -0.9609
vn 0.9858 0.0141 0.1674
vn 0.9867 0.0487 0.1549
vn 0.9952 0.0501 0.0837
vn 0.9907 0.0209 0.1341
vn 0.9895 0.0703 0.1262
vn 0.9830 0.0811 0.1645
vn 0.9779 0.0875 0.1900
vn 0.9866 0.1631 0.0024
vn 0.9845 -0.0061 0.1754
vn 0.9944 -0.0059 0.1057
vn 0.9824 0.1226 0.1411
vn 0.9695 0.1554 0.1897
vn 0.9774 0.1363 0.1614
vn -0.5272 -0.7537 0.3925
vn -0.6521 -0.5896 0.4767
vn -0.7469 0.4814 0.4586
vn -0.7437 0.4896 0.4553
vn -0.0953 -0.9911 0.0929
vn -0.4376 0.8789 0.1897
vn -0.5272 -0.7537 -0.3925
vn -0.6521 -0.5896 -0.4767
vn -0.7469 0.4814 -0.4586
vn -0.7437 0.4896 -0.4553
vn -0.0953 -0.9911 -0.0929
vn -0.4376 0.8789 -0.1897
vn 0.0893 -0.7376 0.6693
vn 0.1000 -0.5932 0.7988
vn 0.0371 0.4862 0.8731
vn 0.0361 0.4917 0.8700
vn 0.0382 -0.9888 0.1442
vn -0.0471 0.8789 0.4746
vn 0.0893 -0.7376 -0.6693
vn 0.1000 -0.5932 -0.7988
vn 0.0371 0.4862 -0.8731
vn 0.0361 0.4917 -0.8700
vn 0.0382 -0.9888 -0.1442
vn -0.0471 0.8789 -0.4746
vn 0.5882 -0.7038 0.3983
vn 0.5481 -0.7499 0.3704
vn 0.6917 0.4885 0.5320
vn 0.6075 0.6266 0.4882
vn 0.0007 -1.0000 -0.0079
vn 0.1984 0.9506 0.2389
vn 0.5882 -0.7038 -0.3983
vn 0.5481 -0.7499 -0.3704
vn 0.6917 0.4885 -0.5320
vn 0.6075 0.6266 -0.4882
vn 0.0007 -1.0000 0.0079
vn 0.1984 0.9506 -0.2389
vn 0.7161 0.0560 0.6958
vn 0.7654 0.0454 0.6420
vn 0.9686 -0.0020 0.2486
vn 0.9818 0.0011 0.1897
vn 0.1023 0.1723 0.9797
vn 0.1529 0.1631 0.9747
vn -0.5230 0.1943 0.8299
vn -0.4505 0.2020 0.8696
vn -0.8922 0.1128 0.4372
vn -0.8858 0.1154 0.4494
vn -0.9998 0.0145 -0.0109
vn -0.9981 0.0033 -0.0611
vn -0.8663 -0.0215 -0.4991
vn -0.7955 -0.0110 -0.6059
vn -0.3887 0.0425 -0.9204
vn -0.2426 0.0599 -0.9683
vn 0.4284 -0.0557 -0.9019
vn 0.3880 -0.0418 -0.9207
vn 0.9459 -0.0946 -0.3103
vn 0.9522 -0.0900 -0.2920
vn 0.9373 0.0189 0.3479
vn 0.9373 0.0189 0.3480
vn 0.7661 0.3797 0.5185
vn 0.7661 0.3798 0.5185
vn 0.0361 0.1154 0.9927
vn -0.4117 0.0360 0.9106
vn -0.9033 0.0360 0.4276
vn -0.9815 0.1315 -0.1391
vn -0.9173 -0.0418 -0.3960
vn 0.0920 0.2314 -0.9685
vn 0.8322 0.1020 -0.5450
vn 0.9405 0.1124 -0.3206
vn 0.5583 0.0941 0.8243
vn 0.8272 0.0395 0.5605
vn 0.9725 -0.0029 0.2327
vn 0.9898 0.0020 0.1425
vn 0.0904 0.1810 0.9793
vn 0.1151 0.1748 0.9779
vn -0.3841 0.2100 0.8991
vn -0.4701 0.2028 0.8590
vn -0.8830 0.1309 0.4508
vn -0.9114 0.1211 0.3933
vn -0.9991 0.0374 -0.0215
vn -0.9922 0.0120 -0.1245
vn -0.9014 0.0044 -0.4329
vn -0.8520 0.0219 -0.5230
vn -0.5347 0.0231 -0.8447
vn -0.3750 0.0061 -0.9270
vn 0.3419 -0.1755 -0.9232
vn 0.3896 -0.1914 -0.9009
vn 0.9404 -0.1630 -0.2986
vn 0.9457 -0.1568 -0.2848
vn 0.8298 -0.2632 0.4921
vn 0.8646 -0.2391 0.4419
vn 0.9985 -0.0355 0.0424
vn 0.9953 0.0394 -0.0882
vn 0.4157 -0.3249 0.8495
vn 0.3657 -0.3109 0.8773
vn -0.1526 -0.0724 0.9856
vn -0.1925 -0.0487 0.9801
vn -0.7426 0.1591 0.6505
vn -0.7507 0.1598 0.6410
vn -0.9808 0.1805 0.0737
vn -0.9831 0.1812 0.0265
vn -0.9186 0.1981 -0.3420
vn -0.8903 0.2093 -0.4045
vn -0.6540 0.1817 -0.7343
vn -0.5609 0.1580 -0.8127
vn 0.0212 0.1029 -0.9945
vn 0.1349 0.1036 -0.9854
vn 0.7931 0.1086 -0.5994
vn 0.7986 0.1086 -0.5920
vn -0.9986 0.0366 0.0377
vn 0.6035 0.4920 0.6275
vn 0.6162 0.4863 0.6195
vn -0.7546 0.4286 0.4969
vn -0.8200 0.3743 0.4330
vn 0.9053 0.2726 0.3256
vn -0.0555 0.6274 0.7767
vn -0.0657 0.6279 0.7755
vn -0.9986 0.0366 -0.0377
vn 0.6035 0.4920 -0.6275
vn 0.6162 0.4863 -0.6195
vn -0.7546 0.4286 -0.4969
vn -0.8200 0.3743 -0.4330
vn 0.9053 0.2726 -0.3256
vn -0.0555 0.6274 -0.7767
vn -0.0657 0.6279 -0.7755
vn 0.9950 0.0814 0.0575
vn 0.9924 0.0997 0.0716
vn 0.9954 0.0783 0.0551
vn 0.9029 0.4292 0.0258
vn 0.9298 0.3669 0.0288
vn 0.7270 0.6866 0.0106
vn 0.8219 0.5452 0.1652
vn 0.8239 0.5369 0.1816
vn 0.8295 0.4986 0.2518
vn 0.8451 0.5295 0.0737
vn 0.8572 0.5146 0.0217
vn 0.8569 0.3241 0.4008
vn 0.8574 0.3209 0.4024
vn 0.8391 0.2904 0.4599
vn 0.8381 0.2872 0.4638
vn 0.8162 0.2286 0.5306
vn 0.7761 0.6230 -0.0974
vn 0.8020 0.5954 -0.0484
vn 0.5345 0.8443 0.0397
vn 0.4958 0.8658 0.0674
vn -0.1844 0.9444 0.2721
vn -0.1729 0.9468 0.2715
vn -0.9802 -0.0944 0.1739
vn -0.9824 -0.0858 0.1657
vn -0.7106 0.6622 0.2378
vn -0.9570 0.2613 0.1259
vn -0.9414 0.3073 0.1389
vn -0.7071 0.6656 0.2387
vn -0.9224 0.1101 0.3702
vn -0.9299 0.0719 0.3608
vn -0.8250 0.3788 0.4194
vn 0.8219 0.5452 -0.1652
vn 0.8239 0.5369 -0.1816
vn 0.8295 0.4986 -0.2518
vn 0.8451 0.5295 -0.0737
vn 0.8572 0.5146 -0.0217
vn 0.8569 0.3241 -0.4008
vn 0.8574 0.3209 -0.4024
vn 0.8391 0.2904 -0.4599
vn 0.8381 0.2872 -0.4638
vn 0.8162 0.2286 -0.5306
vn 0.7761 0.6230 0.0974
vn 0.8020 0.5954 0.0484
vn 0.5345 0.8443 -0.0397
vn 0.4958 0.8658 -0.0674
vn -0.1844 0.9444 -0.2721
vn -0.1729 0.9468 -0.2715
vn -0.9802 -0.0944 -0.1739
vn -0.9824 -0.0858 -0.1657
vn -0.7106 0.6622 -0.2378
vn -0.9570 0.2613 -0.1259
vn -0.9414 0.3073 -0.1389
vn -0.7071 0.6656 -0.2387
vn -0.9224 0.1101 -0.3702
vn -0.9299 0.0719 -0.3608
vn -0.8250 0.3788 -0.4194
vn 0.8750 0.0498 -0.4816
vn -0.7509 -0.6571 0.0667
vn 0.7900 -0.0867 -0.6069
vn -0.7384 -0.6128 -0.2814
vn 0.7002 -0.3983 -0.5925
vn 0.6568 -0.0062 -0.7541
vn 0.4696 -0.0411 -0.8819
vn -0.3463 0.1346 -0.9284
vn 0.8414 0.1379 -0.5225
vn 0.7989 0.1103 -0.5912
vn 0.7066 0.0579 -0.7052
vn -0.7012 -0.7090 0.0752
vn -0.6581 -0.7349 0.1639
vn 0.5755 -0.6610 -0.4816
vn 0.4924 -0.6344 -0.5959
vn -0.0264 -0.4407 -0.8972
vn 0.1393 -0.1635 -0.9767
vn -0.2091 -0.9463 -0.2467
vn 0.0368 -0.9109 -0.4109
vn -0.4878 0.0578 -0.8710
vn 0.8793 -0.0810 -0.4694
vn 0.5627 -0.1108 -0.8192
vn 0.1237 -0.1605 -0.9793
vn -0.2330 0.0321 -0.9719
vn -0.6072 -0.7837 0.1309
vn -0.4994 -0.8660 0.0250
vn -0.7149 -0.5284 -0.4579
vn -0.2947 -0.0179 -0.9554
vn 0.5392 -0.4951 -0.6813
vn 0.3358 -0.1296 -0.9330
vn 0.3876 -0.7444 -0.5438
vn 0.3361 -0.1782 -0.9248
vn 0.2836 -0.7412 -0.6085
vn 0.8750 0.0498 0.4816
vn -0.7509 -0.6571 -0.0667
vn 0.7900 -0.0867 0.6069
vn -0.7384 -0.6128 0.2814
vn 0.7002 -0.3983 0.5925
vn 0.6568 -0.0062 0.7541
vn 0.4696 -0.0411 0.8819
vn -0.3463 0.1346 0.9284
vn 0.8414 0.1379 0.5225
vn 0.7989 0.1103 0.5912
vn 0.7066 0.0579 0.7052
vn -0.7012 -0.7090 -0.0752
vn -0.6581 -0.7349 -0.1639
vn 0.5755 -0.6610 0.4816
vn 0.4924 -0.6344 0.5959
vn -0.0264 -0.4407 0.8972
vn 0.1393 -0.1635 0.9767
vn -0.2091 -0.9463 0.2467
vn 0.0368 -0.9109 0.4109
vn -0.4878 0.0578 0.8710
vn 0.8793 -0.0810 0.4694
vn 0.5627 -0.1108 0.8192
vn 0.1237 -0.1605 0.9793
vn -0.2330 0.0321 0.9719
vn -0.6072 -0.7837 -0.1309
vn -0.4994 -0.8660 -0.0250
vn -0.7149 -0.5284 0.4579
vn -0.2947 -0.0179 0.9554
vn 0.5392 -0.4951 0.6813
vn 0.3358 -0.1296 0.9330
vn 0.3876 -0.7444 0.5438
vn 0.3361 -0.1782 0.9248
vn 0.2836 -0.7412 0.6085
vn 0.5177 -0.1192 -0.8472
vn -0.9608 0.2505 -0.1192
vn 0.6711 0.1997 -0.7140
vn -0.7820 0.6222 0.0361
vn 0.8664 0.2933 -0.4040
vn -0.5543 0.7313 0.3974
vn 0.9893 0.1068 -0.0989
vn -0.4111 0.5139 0.7529
vn 0.9678 -0.2507 0.0226
vn -0.4362 0.0973 0.8946
vn 0.8144 -0.5696 -0.1106
vn -0.6149 -0.2744 0.7393
vn 0.6191 -0.6632 -0.4206
vn -0.8426 -0.3835 0.3781
vn 0.4962 -0.4767 -0.7257
vn -0.9859 -0.1661 0.0225
vn -0.6549 0.1820 -0.7334
vn -0.1542 0.0569 -0.9864
vn 0.1395 0.6677 -0.7313
vn -0.3544 0.8070 -0.4724
vn 0.5136 0.8469 -0.1378
vn 0.0284 0.9904 0.1350
vn 0.7489 0.4897 0.4464
vn 0.2693 0.6249 0.7328
vn 0.7077 -0.1948 0.6792
vn 0.2271 -0.0755 0.9709
vn 0.4140 -0.8055 0.4240
vn -0.0735 -0.7005 0.7099
vn 0.0399 -0.9847 -0.1695
vn -0.4563 -0.8839 0.1026
vn -0.1955 -0.6275 -0.7537
vn -0.6971 -0.5184 -0.4953
vn -0.9583 -0.1668 0.2319
vn -0.9498 -0.1527 0.2730
vn -0.6538 -0.0139 0.7565
vn -0.6422 -0.0108 0.7664
vn -0.9735 -0.2191 0.0660
vn 0.2011 0.1917 0.9606
vn 0.2779 0.2073 0.9380
vn 0.9791 0.2032 -0.0040
vn 0.9745 0.2150 0.0639
vn 0.6592 -0.0334 -0.7512
vn 0.6641 -0.0305 -0.7471
vn 0.5292 -0.1051 -0.8419
vn -0.9587 -0.1677 0.2296
vn -0.9496 -0.1524 0.2740
vn -0.9734 -0.2198 0.0643
vn 0.6180 -0.0997 -0.7798
vn 0.6384 -0.0834 -0.7652
vn 0.4473 -0.2196 -0.8670
vn -0.9587 0.2777 -0.0612
vn -0.9496 0.2956 -0.1046
vn -0.6538 0.5110 -0.5580
vn -0.6422 0.5152 -0.5675
vn -0.9734 0.2074 0.0972
vn 0.2011 0.4919 -0.8471
vn 0.2779 0.4652 -0.8405
vn 0.9791 -0.1550 -0.1315
vn 0.9745 -0.1189 -0.1902
vn 0.6180 -0.4412 0.6507
vn 0.6384 -0.4438 0.6289
vn 0.4473 -0.4090 0.7954
vn 0.9749 -0.1192 -0.1882
vn -0.5592 0.2505 -0.7903
vn 0.9797 0.1997 0.0149
vn -0.5535 0.6222 -0.5535
vn 0.8823 0.2933 0.3681
vn -0.6671 0.7313 -0.1419
vn 0.7397 0.1068 0.6645
vn -0.8334 0.5139 0.2035
vn 0.6353 -0.2507 0.7304
vn -0.9549 0.0973 0.2804
vn 0.6305 -0.5696 0.5273
vn -0.9606 -0.2744 0.0437
vn 0.7279 -0.6632 0.1741
vn -0.8471 -0.3835 -0.3680
vn 0.8705 -0.4767 -0.1223
vn -0.6808 -0.1661 -0.7134
vn 0.1008 0.1820 -0.9781
vn 0.6250 0.0569 -0.7785
vn 0.6344 0.6677 -0.3896
vn 0.1103 0.8070 -0.5801
vn 0.4478 0.8469 0.2867
vn -0.0806 0.9904 0.1119
vn 0.1747 0.4897 0.8542
vn -0.3601 0.6249 0.6927
vn -0.0251 -0.1948 0.9805
vn -0.5645 -0.0755 0.8219
vn -0.0345 -0.8055 0.5916
vn -0.5741 -0.7005 0.4240
vn 0.1521 -0.9847 -0.0847
vn -0.3832 -0.8839 -0.2681
vn 0.4253 -0.6275 -0.6522
vn -0.1037 -0.5184 -0.8489
vn -0.8926 -0.4106 0.1863
vn -0.8922 -0.4106 0.1881
vn -0.7109 -0.3805 0.5915
vn -0.7282 -0.3848 0.5671
vn -0.8141 -0.4491 -0.3681
vn -0.8386 -0.4494 -0.3077
vn -0.5883 -0.4047 -0.7001
vn -0.4907 -0.3139 0.8128
vn 0.3715 -0.1006 -0.9230
vn -0.9784 0.2013 0.0461
vn 0.5290 0.2267 -0.8178
vn -0.7949 0.5828 0.1687
vn 0.7692 0.3326 -0.5456
vn -0.5150 0.7062 0.4859
vn 0.9515 0.1551 -0.2659
vn -0.3026 0.4993 0.8119
vn 0.9690 -0.2019 -0.1424
vn -0.2821 0.0832 0.9558
vn 0.8115 -0.5293 -0.2476
vn -0.4656 -0.2983 0.8332
vn 0.5713 -0.6351 -0.5198
vn -0.7456 -0.4217 0.5160
vn 0.3891 -0.4576 -0.7995
vn -0.9580 -0.2148 0.1899
vn -0.7784 0.1429 -0.6113
vn -0.3223 0.0407 -0.9458
vn -0.0208 0.6675 -0.7444
vn -0.4699 0.7843 -0.4052
vn 0.4392 0.8702 -0.2232
vn 0.0008 0.9918 0.1281
vn 0.7882 0.5302 0.3125
vn 0.3580 0.6438 0.6763
vn 0.8217 -0.1534 0.5488
vn 0.3923 -0.0557 0.9181
vn 0.5202 -0.7802 0.3474
vn 0.0838 -0.6971 0.7120
vn 0.0603 -0.9829 -0.1738
vn -0.3869 -0.9046 0.1787
vn -0.2887 -0.6429 -0.7094
vn -0.7441 -0.5567 -0.3694
vn -0.8803 -0.4100 0.2385
vn -0.8813 -0.4101 0.2348
vn -0.7223 -0.3824 0.5762
vn -0.7355 -0.3854 0.5572
vn -0.8142 -0.4491 -0.3680
vn -0.8383 -0.4495 -0.3087
vn -0.5896 -0.3472 0.7292
vn -0.8678 -0.4085 0.2829
vn -0.8657 -0.4082 0.2899
vn -0.5340 -0.3227 0.7815
vn -0.5458 -0.3264 0.7717
vn -0.6909 -0.4306 -0.5808
vn -0.7363 -0.4396 -0.5143
vn -0.2022 -0.2681 -0.9419
vn -0.1997 -0.2038 0.9584
vn -0.8495 -0.5276 -0.0038
vn -0.8282 -0.5579 -0.0530
vn -0.8722 0.2565 0.4165
vn -0.7714 0.4639 0.4356
vn -0.1447 -0.7595 -0.6343
vn -0.2415 -0.7672 -0.5942
vn 0.7276 -0.2808 -0.6259
vn 0.7005 -0.3128 -0.6415
vn -0.3373 0.8624 0.3775
vn 0.9219 0.1007 -0.3740
vn 0.3493 -0.1618 -0.9230
vn -0.9305 0.3634 0.0461
vn 0.5597 0.1343 -0.8178
vn -0.6853 0.7085 0.1687
vn 0.8143 0.1982 -0.5456
vn -0.3885 0.7829 0.4859
vn 0.9640 -0.0076 -0.2659
vn -0.2141 0.5431 0.8119
vn 0.9211 -0.3624 -0.1424
vn -0.2641 0.1295 0.9558
vn 0.7107 -0.6585 -0.2476
vn -0.5093 -0.2155 0.8332
vn 0.4561 -0.7224 -0.5198
vn -0.8060 -0.2900 0.5160
vn 0.3064 -0.5166 -0.7995
vn -0.9805 -0.0502 0.1899
vn -0.7432 0.2721 -0.6113
vn -0.3108 0.0944 -0.9458
vn 0.0921 0.6614 -0.7444
vn -0.3309 0.8522 -0.4052
vn 0.5796 0.7837 -0.2232
vn 0.1680 0.9774 0.1281
vn 0.8663 0.3898 0.3125
vn 0.4614 0.5743 0.6763
vn 0.7841 -0.2897 0.5488
vn 0.3773 -0.1211 0.9181
vn 0.3813 -0.8567 0.3474
vn -0.0350 -0.7013 0.7120
vn -0.1063 -0.9790 -0.1738
vn -0.5339 -0.8264 0.1787
vn -0.3930 -0.5851 -0.7094
vn -0.8273 -0.4233 -0.3694
vn 0.0920 0.6614 -0.7444
vn -0.8274 0.4521 -0.3332
vn -0.8251 0.4568 -0.3326
vn -0.9185 -0.1888 -0.3474
vn -0.9165 -0.2002 -0.3463
vn -0.4593 0.8265 -0.3255
vn -0.4655 0.8228 -0.3259
vn -0.0604 0.9605 -0.2716
vn -0.6789 -0.6933 -0.2417
vn -0.8547 0.3853 -0.3478
vn -0.8519 0.3922 -0.3471
vn -0.8465 -0.2458 -0.4722
vn -0.8547 -0.2223 -0.4690
vn -0.5589 0.7810 -0.2786
vn -0.5174 0.8127 -0.2679
vn -0.2392 0.9526 -0.1878
vn -0.6214 -0.6202 -0.4788
vn -0.9436 -0.0951 -0.3172
vn -0.8949 -0.0185 -0.4459
vn -0.8383 -0.1506 0.5240
vn -0.7018 -0.1036 0.7048
vn -0.2689 0.3081 -0.9126
vn -0.1327 0.3393 -0.9313
vn 0.7473 0.3551 -0.5617
vn 0.7759 0.3471 -0.5268
vn 0.4336 0.1976 0.8792
vn 0.4642 0.2043 0.8619
vn 0.9638 0.2628 0.0460
vn 0.9475 0.2702 0.1708
vn -0.9436 0.0517 -0.3271
vn -0.8949 0.1765 -0.4099
vn -0.8383 -0.3627 0.4071
vn -0.7018 -0.3986 0.5904
vn -0.2689 0.6729 -0.6891
vn -0.1327 0.7091 -0.6925
vn 0.7473 0.5633 -0.3525
vn 0.7759 0.5410 -0.3245
vn 0.4336 -0.2027 0.8780
vn 0.4642 -0.1892 0.8653
vn 0.9638 0.2169 0.1553
vn 0.9475 0.1696 0.2709
vn -0.0052 -0.0311 -0.9995
vn 0.0379 -0.0477 -0.9981
vn 0.6388 -0.3032 -0.7071
vn 0.9034 -0.4288 -0.0000
vn 0.6388 -0.3032 0.7071
vn -0.0010 -0.0322 0.9995
vn 0.0433 -0.0493 0.9978
vn -0.6941 0.1056 0.7121
vn -0.7355 0.1062 0.6691
vn -0.9943 0.1027 -0.0290
vn -0.9943 0.1028 -0.0289
vn -0.6778 0.1044 -0.7278
vn -0.7183 0.1047 -0.6879
vn 0.1304 0.0158 -0.9913
vn 0.1556 0.0008 -0.9878
vn 0.6509 -0.1369 -0.7467
vn 0.6115 -0.1306 -0.7804
vn 0.9809 -0.1905 0.0396
vn 0.9808 -0.1905 0.0416
vn 0.6874 -0.1489 0.7108
vn 0.6501 -0.1448 0.7459
vn 0.2386 -0.0628 0.9691
vn 0.2690 -0.0711 0.9605
vn -0.2336 0.0230 0.9721
vn -0.2074 0.0198 0.9781
vn -0.9945 0.1011 0.0266
vn -0.9944 0.1010 0.0304
vn -0.1837 0.1262 -0.9748
vn -0.1889 0.1271 -0.9737
vn -0.7050 0.1409 -0.6951
vn -0.7154 0.1398 -0.6846
vn -0.7426 0.0749 0.6656
vn -0.7242 0.0734 0.6856
vn 0.9866 0.1293 0.0991
vn 0.9891 0.1093 0.0991
vn 0.9929 0.0826 0.0850
vn 0.9947 0.0741 0.0707
vn 0.9881 0.1146 0.1029
vn 0.9908 0.0988 0.0926
vn 0.9815 0.1599 0.1048
vn 0.9889 0.0872 0.1200
vn 0.9908 0.1091 0.0801
vn 0.9964 0.0610 0.0595
vn 0.9894 0.0955 0.1091
vn 0.9945 0.0727 0.0749
vn 0.9924 0.0832 0.0907
vn 0.9923 0.1232 0.0093
vn 0.6330 0.7740 0.0157
vn 0.6510 0.7584 0.0318
vn 0.8277 0.5369 0.1634
vn 0.8154 0.5571 0.1570
vn 0.9473 0.3179 0.0399
vn 0.9295 0.3625 0.0684
vn 0.8850 0.4592 0.0762
vn 0.8661 0.4983 0.0394
vn 0.5476 0.8366 -0.0153
vn 0.6768 0.7361 -0.0060
vn 0.1660 0.9860 0.0138
vn 0.0976 0.9947 0.0322
vn -0.0738 0.9943 0.0771
vn 0.4692 0.8791 -0.0832
vn 0.4612 0.8832 -0.0847
vn 0.4035 0.9101 -0.0949
vn 0.9220 0.3575 0.1488
vn 0.9009 0.3971 0.1754
vn 0.9271 0.3638 0.0899
vn 0.9273 0.3631 0.0906
vn 0.9356 0.3514 0.0331
vn 0.9567 0.2908 0.0135
vn 0.9558 0.2935 0.0143
vn 0.9292 0.3675 0.0389
vn -0.7407 -0.0363 0.6709
vn 0.7610 0.0603 0.6459
vn -0.7609 0.1967 0.6183
vn 0.7361 0.3074 0.6030
vn -0.7819 0.3905 0.4859
vn 0.7141 0.5170 0.4720
vn -0.8005 0.5273 0.2848
vn 0.6984 0.6629 0.2697
vn -0.8116 0.5832 0.0341
vn 0.6920 0.7216 0.0192
vn -0.8104 0.5390 -0.2295
vn 0.6963 0.6756 -0.2423
vn -0.7961 0.3962 -0.4574
vn 0.7107 0.5268 -0.4662
vn -0.7726 0.1813 -0.6085
vn 0.7319 0.3038 -0.6100
vn -0.7457 -0.0662 -0.6630
vn 0.7555 0.0496 -0.6532
vn -0.7210 -0.3089 -0.6203
vn 0.7777 -0.1939 -0.5980
vn -0.7019 -0.5171 -0.4898
vn 0.7955 -0.3945 -0.4600
vn -0.6907 -0.6647 -0.2847
vn 0.8077 -0.5289 -0.2604
vn -0.6883 -0.7250 -0.0261
vn 0.8137 -0.5808 -0.0232
vn -0.6942 -0.6758 0.2478
vn 0.8124 -0.5388 0.2230
vn -0.7065 -0.5181 0.4822
vn 0.8026 -0.4022 0.4405
vn -0.7224 -0.2875 0.6289
vn 0.7846 -0.1901 0.5902
vn -0.6801 -0.0679 -0.7300
vn -0.6581 -0.3301 -0.6767
vn 0.6782 -0.2251 -0.6995
vn 0.6514 0.0298 -0.7581
vn -0.6309 -0.5562 -0.5410
vn 0.7018 -0.4412 -0.5593
vn -0.6046 -0.7294 -0.3200
vn 0.7206 -0.6072 -0.3347
vn -0.5899 -0.8070 -0.0288
vn 0.7308 -0.6813 -0.0405
vn -0.5928 -0.7564 0.2764
vn 0.7280 -0.6312 0.2676
vn -0.6114 -0.5871 0.5306
vn 0.7118 -0.4654 0.5260
vn -0.6393 -0.3366 0.6913
vn 0.6862 -0.2196 0.6934
vn -0.6702 -0.0495 0.7406
vn 0.6571 0.0639 0.7511
vn -0.6980 0.2300 0.6781
vn 0.6302 0.3430 0.6965
vn -0.7186 0.4621 0.5197
vn 0.6102 0.5787 0.5411
vn -0.7297 0.6184 0.2917
vn 0.5986 0.7398 0.3072
vn -0.7318 0.6811 0.0216
vn 0.5942 0.8040 0.0229
vn -0.7262 0.6356 -0.2622
vn 0.5963 0.7532 -0.2775
vn -0.7141 0.4730 -0.5161
vn 0.6062 0.5808 -0.5434
vn -0.6981 0.2172 -0.6823
vn 0.6253 0.3163 -0.7134
vn 0.9776 0.1491 -0.1489
vn 0.7990 0.2915 -0.5260
vn 0.8219 0.0597 -0.5664
vn 0.7990 0.0533 -0.5990
vn 0.7600 0.2979 0.5776
vn 0.7177 0.6122 0.3318
vn 0.1533 0.2065 0.9664
vn 0.3444 0.2750 0.8976
vn -0.9677 -0.0134 0.2518
vn -0.9334 0.3078 -0.1843
vn -0.1603 0.4430 0.8821
vn -0.6452 -0.0099 0.7640
vn -0.9250 -0.0053 -0.3800
vn -0.6715 0.0575 -0.7388
vn 0.0821 0.0743 -0.9938
vn 0.2993 0.0434 -0.9532
vn 0.0689 -0.8444 -0.5312
vn -0.2927 -0.2210 0.9303
vn 0.6931 0.6414 -0.3290
vn 0.9871 0.1591 -0.0166
vn -0.2028 -0.8282 0.5225
vn -0.5002 -0.5370 -0.6793
vn 0.4988 -0.5924 0.6327
vn -0.8889 -0.0578 0.4545
vn -0.7135 0.6470 0.2690
vn -0.0381 -0.9981 -0.0478
vn 0.8469 0.4971 -0.1891
vn 0.7187 0.2947 -0.6298
vn 0.5071 -0.6720 0.5397
vn 0.6112 -0.7407 -0.2788
vn 0.4983 0.7406 0.4508
vn 0.4059 -0.2063 0.8903
vn -0.5605 0.7832 0.2691
vn -0.1294 0.5843 0.8012
vn -0.5902 -0.7363 0.3310
vn -0.1399 -0.4561 0.8789
vn -0.8055 0.5481 -0.2252
vn -0.9261 -0.3598 -0.1139
vn -0.7219 -0.0353 0.6911
vn 0.7745 0.0658 0.6291
vn -0.7414 0.1814 0.6461
vn 0.7475 0.3083 0.5884
vn -0.7660 0.3669 0.5279
vn 0.7226 0.5109 0.4657
vn -0.7921 0.5084 0.3377
vn 0.7033 0.6563 0.2731
vn -0.8126 0.5766 0.0850
vn 0.6927 0.7208 0.0243
vn -0.8190 0.5408 -0.1920
vn 0.6925 0.6780 -0.2464
vn -0.8086 0.3979 -0.4334
vn 0.7022 0.5248 -0.4812
vn -0.7867 0.1811 -0.5902
vn 0.7187 0.2958 -0.6293
vn -0.7612 -0.0631 -0.6455
vn 0.7382 0.0425 -0.6732
vn -0.7374 -0.2990 -0.6057
vn 0.7578 -0.1930 -0.6233
vn -0.7177 -0.5031 -0.4814
vn 0.7762 -0.3858 -0.4987
vn -0.7034 -0.6525 -0.2819
vn 0.7933 -0.5214 -0.3144
vn -0.6956 -0.7180 -0.0226
vn 0.8080 -0.5834 -0.0820
vn -0.6950 -0.6705 0.2598
vn 0.8166 -0.5499 0.1751
vn -0.6997 -0.5077 0.5026
vn 0.8140 -0.4111 0.4103
vn -0.7083 -0.2755 0.6499
vn 0.7987 -0.1896 0.5711
vn -0.7034 -0.0754 -0.7067
vn -0.6820 -0.3190 -0.6581
vn 0.6597 -0.2062 -0.7227
vn 0.6322 0.0222 -0.7745
vn -0.6488 -0.5340 -0.5421
vn 0.6853 -0.4098 -0.6021
vn -0.6120 -0.7159 -0.3360
vn 0.7100 -0.5873 -0.3885
vn -0.5871 -0.8085 -0.0403
vn 0.7284 -0.6798 -0.0857
vn -0.5841 -0.7620 0.2796
vn 0.7326 -0.6370 0.2401
vn -0.5999 -0.5875 0.5431
vn 0.7213 -0.4690 0.5097
vn -0.6260 -0.3319 0.7057
vn 0.6994 -0.2208 0.6798
vn -0.6548 -0.0444 0.7545
vn 0.6736 0.0615 0.7365
vn -0.6811 0.2297 0.6952
vn 0.6497 0.3358 0.6820
vn -0.7022 0.4543 0.5482
vn 0.6301 0.5660 0.5316
vn -0.7172 0.6100 0.3370
vn 0.6136 0.7273 0.3073
vn -0.7260 0.6836 0.0754
vn 0.5995 0.7998 0.0282
vn -0.7281 0.6497 -0.2187
vn 0.5902 0.7570 -0.2805
vn -0.7234 0.4823 -0.4940
vn 0.5905 0.5783 -0.5630
vn -0.7151 0.2093 -0.6670
vn 0.6056 0.3001 -0.7370
vn 0.7901 -0.1705 0.5888
vn 0.5042 0.1999 -0.8401
vn 0.7624 0.0652 0.6438
vn 0.4333 0.4468 -0.7827
vn 0.6293 0.2960 0.7186
vn 0.2638 0.6467 -0.7157
vn 0.3921 0.4608 0.7962
vn 0.0264 0.7594 -0.6501
vn 0.1047 0.5066 0.8558
vn -0.2277 0.7691 -0.5972
vn -0.1576 0.4327 0.8877
vn -0.4544 0.6899 -0.5635
vn -0.3515 0.2750 0.8949
vn -0.6309 0.5466 -0.5506
vn -0.4655 0.0644 0.8827
vn -0.7486 0.3592 -0.5573
vn -0.4914 -0.1785 0.8525
vn -0.8002 0.1394 -0.5833
vn -0.4158 -0.4251 0.8040
vn -0.7703 -0.1000 -0.6298
vn -0.2392 -0.6283 0.7403
vn -0.6402 -0.3275 -0.6949
vn 0.0033 -0.7413 0.6711
vn -0.4135 -0.4880 -0.7687
vn 0.2540 -0.7502 0.6105
vn -0.1345 -0.5334 -0.8351
vn 0.4677 -0.6756 0.5699
vn 0.1344 -0.4563 -0.8796
vn 0.6290 -0.5466 0.5529
vn 0.3455 -0.2841 -0.8944
vn 0.7385 -0.3773 0.5588
vn 0.4727 -0.0542 -0.8795
vn -0.5904 -0.1626 0.7906
vn -0.5422 -0.4401 0.7158
vn -0.8263 -0.1405 -0.5453
vn -0.8669 0.1375 -0.4791
vn -0.3745 -0.6839 0.6261
vn -0.6641 -0.3998 -0.6318
vn -0.1056 -0.8338 0.5419
vn -0.3930 -0.5712 -0.7206
vn 0.2004 -0.8521 0.4834
vn -0.0765 -0.6080 -0.7903
vn 0.4727 -0.7535 0.4569
vn 0.2092 -0.5186 -0.8291
vn 0.6765 -0.5793 0.4546
vn 0.4220 -0.3439 -0.8388
vn 0.8082 -0.3583 0.4673
vn 0.5529 -0.1158 -0.8252
vn 0.8638 -0.1003 0.4937
vn 0.5951 0.1498 -0.7896
vn 0.8223 0.1799 0.5399
vn 0.5304 0.4286 -0.7314
vn 0.6638 0.4339 0.6091
vn 0.3495 0.6698 -0.6552
vn 0.4079 0.5952 0.6923
vn 0.0824 0.8154 -0.5731
vn 0.1111 0.6266 0.7714
vn -0.2106 0.8401 -0.4999
vn -0.1686 0.5332 0.8290
vn -0.4745 0.7570 -0.4492
vn -0.3903 0.3473 0.8526
vn -0.6769 0.5978 -0.4295
vn -0.5344 0.1069 0.8385
vn -0.8095 0.3885 -0.4402
vn 0.9063 -0.2144 0.3642
vn 0.2543 -0.0063 -0.9671
vn 0.9233 0.0085 0.3840
vn 0.2412 0.2503 -0.9376
vn 0.8548 0.2561 0.4513
vn 0.1305 0.4845 -0.8650
vn 0.6759 0.4741 0.5643
vn -0.0651 0.6483 -0.7586
vn 0.4154 0.5863 0.6955
vn -0.3000 0.7080 -0.6393
vn 0.1553 0.5664 0.8093
vn -0.5240 0.6663 -0.5305
vn -0.0468 0.4507 0.8914
vn -0.7065 0.5489 -0.4468
vn -0.1816 0.2752 0.9441
vn -0.8372 0.3808 -0.3926
vn -0.2484 0.0519 0.9673
vn -0.9124 0.1769 -0.3690
vn -0.2310 -0.2076 0.9506
vn -0.9234 -0.0526 -0.3802
vn -0.1100 -0.4609 0.8806
vn -0.8538 -0.2886 -0.4332
vn 0.0993 -0.6387 0.7630
vn -0.6922 -0.4891 -0.5306
vn 0.3387 -0.6993 0.6295
vn -0.4572 -0.5973 -0.6589
vn 0.5521 -0.6565 0.5140
vn -0.2015 -0.5810 -0.7885
vn 0.7165 -0.5481 0.4315
vn 0.0207 -0.4534 -0.8911
vn 0.8336 -0.3991 0.3819
vn 0.1775 -0.2504 -0.9517
vn -0.3438 0.0363 0.9383
vn -0.3542 -0.2378 0.9044
vn -0.9611 -0.0623 -0.2689
vn -0.9481 0.2009 -0.2464
vn -0.2626 -0.5101 0.8191
vn -0.8722 -0.3490 -0.3426
vn -0.0489 -0.7231 0.6890
vn -0.6543 -0.5919 -0.4707
vn 0.2446 -0.7992 0.5491
vn -0.3501 -0.6981 -0.6246
vn 0.5184 -0.7330 0.4404
vn -0.0640 -0.6510 -0.7564
vn 0.7193 -0.5892 0.3680
vn 0.1437 -0.5140 -0.8457
vn 0.8574 -0.4073 0.3146
vn 0.2827 -0.3294 -0.9009
vn 0.9441 -0.1812 0.2754
vn 0.3643 -0.0893 -0.9270
vn 0.9580 0.0952 0.2705
vn 0.3607 0.2058 -0.9097
vn 0.8663 0.3794 0.3250
vn 0.2397 0.4983 -0.8332
vn 0.6712 0.5980 0.4381
vn 0.0175 0.7077 -0.7063
vn 0.4115 0.6986 0.5853
vn -0.2520 0.7905 -0.5582
vn 0.1409 0.6641 0.7343
vn -0.5122 0.7482 -0.4217
vn -0.0901 0.5145 0.8528
vn -0.7215 0.6133 -0.3215
vn -0.2538 0.2930 0.9218
vn -0.8655 0.4253 -0.2645
vn 0.2943 -0.1063 -0.9498
vn -0.9851 0.0420 -0.1666
vn 0.3260 0.1248 -0.9371
vn -0.9397 0.3099 -0.1448
vn 0.4011 0.3271 -0.8557
vn -0.8441 0.5347 -0.0387
vn 0.5096 0.4752 -0.7172
vn -0.7121 0.6889 0.1352
vn 0.6392 0.5495 -0.5379
vn -0.5602 0.7493 0.3532
vn 0.7741 0.5342 -0.3397
vn -0.4105 0.7030 0.5808
vn 0.8936 0.4221 -0.1524
vn -0.2876 0.5576 0.7787
vn 0.9745 0.2240 -0.0111
vn -0.2104 0.3417 0.9159
vn 0.9981 -0.0273 0.0546
vn -0.1872 0.0921 0.9780
vn 0.9585 -0.2834 0.0318
vn -0.2179 -0.1573 0.9632
vn 0.8651 -0.4967 -0.0708
vn -0.2979 -0.3778 0.8766
vn 0.7384 -0.6340 -0.2296
vn -0.4206 -0.5439 0.7261
vn 0.6021 -0.6816 -0.4157
vn -0.5752 -0.6288 0.5233
vn 0.4762 -0.6404 -0.6026
vn -0.7402 -0.6063 0.2907
vn 0.3754 -0.5192 -0.7678
vn -0.8819 -0.4663 0.0688
vn 0.3117 -0.3326 -0.8901
vn -0.9679 -0.2332 -0.0939
vn 0.9619 -0.0293 0.2717
vn 0.9143 -0.3198 0.2484
vn -0.2020 -0.1717 0.9642
vn -0.1579 0.0962 0.9827
vn 0.8118 -0.5677 0.1367
vn -0.2937 -0.4048 0.8660
vn 0.6672 -0.7432 -0.0495
vn -0.4223 -0.5765 0.6995
vn 0.4986 -0.8175 -0.2882
vn -0.5747 -0.6616 0.4817
vn 0.3328 -0.7716 -0.5421
vn -0.7313 -0.6374 0.2428
vn 0.2001 -0.6140 -0.7635
vn -0.8645 -0.5018 0.0279
vn 0.1170 -0.3813 -0.9170
vn -0.9516 -0.2807 -0.1250
vn 0.0866 -0.1086 -0.9903
vn -0.9805 -0.0077 -0.1965
vn 0.1136 0.1768 -0.9777
vn -0.9438 0.2802 -0.1750
vn 0.2029 0.4357 -0.8769
vn -0.8442 0.5326 -0.0609
vn 0.3446 0.6240 -0.7013
vn -0.7010 0.7029 0.1203
vn 0.5177 0.7128 -0.4732
vn -0.5397 0.7727 0.3342
vn 0.6974 0.6828 -0.2180
vn -0.3809 0.7379 0.5572
vn 0.8502 0.5260 0.0228
vn -0.2492 0.5960 0.7633
vn 0.9428 0.2696 0.1963
vn -0.1716 0.3668 0.9143
vn 0.3574 -0.0792 -0.9306
vn -0.9716 0.0151 -0.2360
vn 0.3789 0.1725 -0.9092
vn -0.9461 0.2550 -0.1997
vn 0.4540 0.3980 -0.7972
vn -0.8776 0.4710 -0.0894
vn 0.5732 0.5527 -0.6050
vn -0.7713 0.6308 0.0849
vn 0.7117 0.5984 -0.3681
vn -0.6418 0.7056 0.3003
vn 0.8370 0.5290 -0.1400
vn -0.5104 0.6809 0.5252
vn 0.9268 0.3738 0.0352
vn -0.3981 0.5590 0.7274
vn 0.9751 0.1728 0.1388
vn -0.3217 0.3548 0.8778
vn 0.9843 -0.0438 0.1711
vn -0.2935 0.0942 0.9513
vn 0.9572 -0.2549 0.1367
vn -0.3213 -0.1860 0.9285
vn 0.8969 -0.4404 0.0409
vn -0.4057 -0.4386 0.8019
vn 0.8080 -0.5791 -0.1091
vn -0.5340 -0.6094 0.5861
vn 0.6971 -0.6498 -0.3030
vn -0.6770 -0.6583 0.3290
vn 0.5762 -0.6310 -0.5195
vn -0.8041 -0.5873 0.0917
vn 0.4660 -0.5146 -0.7197
vn -0.8985 -0.4301 -0.0879
vn 0.3885 -0.3196 -0.8642
vn -0.9550 -0.2209 -0.1980
vn 0.9411 0.0131 0.3378
vn 0.9142 -0.2644 0.3070
vn -0.2534 -0.1992 0.9466
vn -0.2338 0.0812 0.9689
vn 0.8336 -0.5192 0.1887
vn -0.3313 -0.4559 0.8261
vn 0.7061 -0.7080 -0.0115
vn -0.4608 -0.6393 0.6156
vn 0.5535 -0.7893 -0.2658
vn -0.6175 -0.7042 0.3505
vn 0.4076 -0.7459 -0.5268
vn -0.7651 -0.6378 0.0885
vn 0.2935 -0.5946 -0.7486
vn -0.8747 -0.4697 -0.1192
vn 0.2201 -0.3650 -0.9046
vn -0.9371 -0.2430 -0.2508
vn 0.1922 -0.0814 -0.9780
vn -0.9531 0.0144 -0.3023
vn 0.2202 0.2213 -0.9500
vn -0.9225 0.2774 -0.2684
vn 0.3064 0.4900 -0.8161
vn -0.8479 0.5079 -0.1521
vn 0.4352 0.6762 -0.5944
vn -0.7379 0.6742 0.0324
vn 0.5844 0.7448 -0.3220
vn -0.6042 0.7499 0.2694
vn 0.7288 0.6825 -0.0552
vn -0.4670 0.7125 0.5238
vn 0.8438 0.5140 0.1539
vn -0.3495 0.5682 0.7450
vn 0.9163 0.2808 0.2856
vn -0.2683 0.3472 0.8986
vn -0.4227 0.0974 -0.9010
vn -0.3467 0.1123 -0.9312
vn 0.9814 0.1867 -0.0443
vn -0.9751 -0.1199 0.1868
vn -0.9881 -0.1525 0.0197
vn -0.9985 0.0034 0.0541
vn -0.9597 -0.1934 -0.2038
vn -0.9814 -0.1165 0.1527
vn -0.9547 -0.2792 -0.1028
vn -0.9623 -0.2106 0.1724
vn -0.9753 -0.0367 0.2178
vn -0.9182 0.2532 0.3048
vn -0.9468 0.2885 0.1427
vn -0.9854 -0.0026 -0.1700
vn -0.9724 -0.0017 -0.2334
vn -0.9322 -0.1994 -0.3020
vn -0.9081 -0.3048 -0.2872
vn -0.9194 -0.2613 -0.2938
vn -0.9799 0.0387 0.1955
vn -0.9903 -0.0846 -0.1101
vn -0.9800 -0.1822 0.0804
vn -0.9363 0.2724 0.2216
vn -0.9792 -0.0021 -0.2029
vn 0.8145 0.0574 -0.5774
vn 0.8599 -0.0114 -0.5103
vn 0.7879 -0.1915 -0.5852
vn 0.7720 -0.2182 -0.5970
vn 0.7849 -0.0396 -0.6183
vn 0.8135 -0.1457 -0.5630
vn 0.6918 0.1711 -0.7015
vn 0.8043 -0.1907 -0.5629
vn 0.8999 0.1121 -0.4215
vn 0.7911 -0.2132 -0.5733
vn 0.8728 -0.0485 -0.4857
vn 0.7557 -0.3028 -0.5807
vn 0.8216 -0.1813 -0.5405
vn 0.8825 0.0790 -0.4637
vn 0.8815 0.0773 -0.4659
vn 0.9690 -0.1686 0.1806
vn 0.9255 -0.0752 -0.3713
vn 0.6719 -0.2390 0.7010
vn -0.8458 -0.1534 0.5110
vn -0.9586 -0.1743 0.2252
vn -0.8577 -0.0339 -0.5130
vn 0.0530 -0.1542 0.9866
vn -0.0322 0.1480 -0.9885
vn -0.4378 0.1276 -0.8900
vn -0.5468 -0.0775 0.8337
vn 0.3280 -0.2145 0.9200
vn 0.5575 0.0748 -0.8268
vn -0.9519 -0.0555 0.3013
vn 0.8474 0.0095 0.5309
vn 0.9869 0.0263 0.1589
vn -0.9857 -0.0275 0.1663
vn 0.4369 0.0112 0.8994
vn 0.0520 0.0558 -0.9971
vn 0.9089 0.0367 -0.4153
vn -0.9876 0.0417 -0.1514
vn -0.7322 0.1142 -0.6714
vn -0.4621 -0.0157 0.8867
vn 0.7339 0.0190 0.6790
vn 0.5748 0.0348 -0.8175
vn -0.9247 -0.0499 0.3773
vn -0.8666 -0.1415 0.4785
vn -0.9881 -0.1339 0.0762
vn -0.9630 -0.2133 0.1645
vn 0.3773 0.1509 0.9137
vn 0.2045 -0.0893 0.9748
vn -0.0309 -0.0776 -0.9965
vn -0.0511 -0.0664 -0.9965
vn 0.7329 -0.2440 0.6350
vn 0.7978 -0.0753 0.5981
vn 0.9526 -0.2522 0.1703
vn 0.9798 -0.1474 0.1351
vn 0.8625 -0.1959 -0.4666
vn 0.9054 -0.1676 -0.3901
vn -0.8269 -0.1464 -0.5429
vn -0.9289 -0.1042 -0.3554
vn -0.5234 -0.0902 -0.8473
vn -0.6275 -0.0393 -0.7776
vn -0.5817 -0.1073 0.8063
vn -0.4904 0.1192 0.8633
vn 0.4741 -0.1967 0.8582
vn 0.6616 0.0423 0.7486
vn 0.5220 -0.1130 -0.8454
vn 0.5726 -0.1452 -0.8069
vn 0.9814 -0.0142 0.1915
vn 0.9444 0.0016 -0.3289
vn 0.7116 0.0180 0.7023
vn -0.8472 0.0383 0.5299
vn -0.9640 -0.1176 0.2383
vn -0.7745 0.0059 -0.6325
vn 0.0454 0.0920 0.9947
vn -0.0604 0.2016 -0.9776
vn -0.4028 0.1696 -0.8994
vn -0.4625 0.1222 0.8782
vn 0.3328 0.0447 0.9419
vn 0.5409 0.1032 -0.8347
vn -0.9465 0.0255 0.3216
vn 0.8183 0.0851 0.5685
vn 0.9528 0.1456 0.2665
vn -0.9571 0.0752 0.2799
vn 0.4854 -0.0228 0.8740
vn -0.1146 0.0076 -0.9934
vn 0.9540 0.1536 -0.2574
vn -0.9984 0.0095 0.0553
vn -0.8347 -0.0300 -0.5499
vn -0.4363 -0.0791 0.8963
vn 0.7553 0.0550 0.6531
vn 0.6539 0.0956 -0.7505
vn -0.9759 -0.2133 0.0450
vn -0.9969 -0.0771 0.0124
vn -0.3366 0.0339 -0.9410
vn -0.4366 -0.0404 -0.8987
vn -0.8723 -0.2505 -0.4199
vn -0.8717 -0.2070 -0.4442
vn 0.8385 0.0997 -0.5356
vn 0.8036 0.1064 -0.5855
vn 0.6766 -0.1048 0.7288
vn 0.6571 -0.0830 0.7492
vn -0.2813 -0.0385 0.9589
vn -0.5482 -0.0478 0.8350
vn -0.9839 0.1778 0.0186
vn -0.9788 0.1982 -0.0517
vn -0.9695 0.2312 0.0813
vn -0.9657 0.1436 0.2162
vn 0.2993 -0.0302 0.9537
vn 0.4329 -0.0352 0.9007
vn 0.9898 0.0047 0.1423
vn 0.9965 0.0159 0.0816
vn 0.2244 0.0551 -0.9729
vn 0.4046 0.0972 -0.9093
vn -0.9853 0.0980 0.1397
vn -0.9636 -0.0303 0.2657
vn -0.9434 -0.0881 0.3199
vn 0.8616 -0.0700 0.5027
vn 0.8554 -0.0814 0.5115
vn 0.8085 -0.0160 0.5883
vn 0.8074 -0.0152 0.5899
vn -0.9071 0.1312 0.3999
vn -0.9722 0.2267 0.0589
vn -0.8501 0.1982 -0.4879
vn -0.8673 0.1997 -0.4561
vn -0.5780 0.1342 -0.8049
vn -0.5859 0.1392 -0.7984
vn -0.6799 -0.0999 -0.7265
vn -0.6270 -0.0361 -0.7782
vn -0.9151 -0.3439 0.2107
vn -0.9150 -0.3627 0.1765
vn -0.8912 -0.1266 0.4356
vn -0.8969 -0.1790 0.4044
vn -0.7922 -0.1070 0.6009
vn -0.8172 -0.0758 0.5714
vn -0.8287 -0.0604 0.5564
vn 0.9690 -0.1686 -0.1806
vn 0.9255 -0.0752 0.3713
vn 0.6719 -0.2390 -0.7010
vn -0.8458 -0.1534 -0.5110
vn -0.9586 -0.1743 -0.2252
vn -0.8577 -0.0339 0.5130
vn 0.0530 -0.1542 -0.9866
vn -0.0322 0.1480 0.9885
vn -0.4378 0.1276 0.8900
vn -0.5468 -0.0775 -0.8337
vn 0.3280 -0.2145 -0.9200
vn 0.5575 0.0748 0.8268
vn -0.9519 -0.0555 -0.3013
vn 0.8474 0.0095 -0.5309
vn 0.9869 0.0263 -0.1589
vn -0.9857 -0.0275 -0.1663
vn 0.4369 0.0112 -0.8994
vn 0.0520 0.0558 0.9971
vn 0.9089 0.0367 0.4153
vn -0.9876 0.0417 0.1514
vn -0.7322 0.1142 0.6714
vn -0.4621 -0.0157 -0.8867
vn 0.7339 0.0190 -0.6790
vn 0.5748 0.0348 0.8175
vn -0.9247 -0.0499 -0.3773
vn -0.8666 -0.1415 -0.4785
vn -0.9881 -0.1339 -0.0762
vn -0.9630 -0.2133 -0.1645
vn 0.3773 0.1509 -0.9137
vn 0.2045 -0.0893 -0.9748
vn -0.0309 -0.0776 0.9965
vn -0.0511 -0.0664 0.9965
vn 0.7329 -0.2440 -0.6350
vn 0.7978 -0.0753 -0.5981
vn 0.9526 -0.2522 -0.1703
vn 0.9798 -0.1474 -0.1351
vn 0.8625 -0.1959 0.4666
vn 0.9054 -0.1676 0.3901
vn -0.8269 -0.1464 0.5429
vn -0.9289 -0.1042 0.3554
vn -0.5234 -0.0902 0.8473
vn -0.6275 -0.0393 0.7776
vn -0.5817 -0.1073 -0.8063
vn -0.4904 0.1192 -0.8633
vn 0.4741 -0.1967 -0.8582
vn 0.6616 0.0423 -0.7486
vn 0.5220 -0.1130 0.8454
vn 0.5726 -0.1452 0.8069
vn 0.9814 -0.0142 -0.1915
vn 0.9444 0.0016 0.3289
vn 0.7116 0.0180 -0.7023
vn -0.8472 0.0383 -0.5299
vn -0.9640 -0.1176 -0.2383
vn -0.7745 0.0059 0.6325
vn 0.0454 0.0920 -0.9947
vn -0.0604 0.2016 0.9776
vn -0.4028 0.1696 0.8994
vn -0.4625 0.1222 -0.8782
vn 0.3328 0.0447 -0.9419
vn 0.5409 0.1032 0.8347
vn -0.9465 0.0255 -0.3216
vn 0.8183 0.0851 -0.5685
vn 0.9528 0.1456 -0.2665
vn -0.9571 0.0752 -0.2799
vn 0.4854 -0.0228 -0.8740
vn -0.1146 0.0076 0.9934
vn 0.9540 0.1536 0.2574
vn -0.9984 0.0095 -0.0553
vn -0.8347 -0.0300 0.5499
vn -0.4363 -0.0791 -0.8963
vn 0.7553 0.0550 -0.6531
vn 0.6539 0.0956 0.7505
vn -0.9759 -0.2133 -0.0450
vn -0.9969 -0.0771 -0.0124
vn -0.3366 0.0339 0.9410
vn -0.4366 -0.0404 0.8987
vn -0.8723 -0.2505 0.4199
vn -0.8717 -0.2070 0.4442
vn 0.8385 0.0997 0.5356
vn 0.8036 0.1064 0.5855
vn 0.6766 -0.1048 -0.7288
vn 0.6571 -0.0830 -0.7492
vn -0.2813 -0.0385 -0.9589
vn -0.5482 -0.0478 -0.8350
vn -0.9839 0.1778 -0.0186
vn -0.9788 0.1982 0.0517
vn -0.9695 0.2312 -0.0813
vn -0.9657 0.1436 -0.2162
vn 0.2993 -0.0302 -0.9537
vn 0.4329 -0.0352 -0.9007
vn 0.9898 0.0047 -0.1423
vn 0.9965 0.0159 -0.0816
vn 0.2244 0.0551 0.9729
vn 0.4046 0.0972 0.9093
vn -0.9853 0.0980 -0.1397
vn -0.9636 -0.0303 -0.2657
vn -0.9434 -0.0881 -0.3199
vn 0.8616 -0.0700 -0.5027
vn 0.8554 -0.0814 -0.5115
vn 0.8085 -0.0160 -0.5883
vn 0.8074 -0.0152 -0.5899
vn -0.9071 0.1312 -0.3999
vn -0.9722 0.2267 -0.0589
vn -0.8501 0.1982 0.4879
vn -0.8673 0.1997 0.4561
vn -0.5780 0.1342 0.8049
vn -0.5859 0.1392 0.7984
vn -0.6799 -0.0999 0.7265
vn -0.6270 -0.0361 0.7782
vn -0.9151 -0.3439 -0.2107
vn -0.9150 -0.3627 -0.1765
vn -0.8912 -0.1266 -0.4356
vn -0.8969 -0.1790 -0.4043
vn -0.7922 -0.1070 -0.6009
vn -0.8172 -0.0758 -0.5714
vn -0.8287 -0.0604 -0.5564
vn -0.0635 0.7445 -0.6646
vn -0.0069 0.7451 -0.6669
vn 0.6787 0.5575 -0.4781
vn 0.7002 0.5445 -0.4618
vn 0.9898 0.1399 -0.0251
vn 0.9832 0.1729 -0.0581
vn 0.7848 -0.3847 0.4859
vn 0.8181 -0.3520 0.4547
vn 0.0483 -0.6495 0.7588
vn 0.0718 -0.6487 0.7576
vn -0.7696 -0.3805 0.5127
vn -0.7973 -0.3545 0.4885
vn -0.9888 0.1496 0.0003
vn -0.9855 0.1688 -0.0185
vn -0.7451 0.5273 -0.4084
vn -0.7490 0.5245 -0.4049
vn -0.0427 0.8251 -0.5634
vn -0.0053 0.8264 -0.5631
vn 0.7787 0.5078 -0.3684
vn 0.7308 0.5574 -0.3939
vn 0.9980 -0.0630 0.0001
vn 0.9969 0.0349 -0.0699
vn 0.7655 -0.5283 0.3673
vn 0.7862 -0.5091 0.3502
vn 0.0486 -0.7900 0.6112
vn 0.0776 -0.7891 0.6093
vn -0.7512 -0.5222 0.4037
vn -0.7725 -0.5032 0.3873
vn -0.9990 -0.0449 -0.0030
vn -0.9973 0.0307 -0.0672
vn -0.8231 0.4425 -0.3561
vn -0.7629 0.5125 -0.3940
vn -0.0837 0.8362 -0.5420
vn -0.0311 0.8398 -0.5420
vn 0.7185 0.5805 -0.3831
vn 0.7685 0.5293 -0.3595
vn 0.9831 0.0481 -0.1766
vn 0.9845 0.0343 -0.1720
vn 0.8648 -0.5019 -0.0164
vn 0.7562 -0.6540 0.0207
vn 0.0540 -0.9533 0.2973
vn 0.0904 -0.9544 0.2845
vn -0.8028 -0.5424 0.2475
vn -0.8291 -0.5108 0.2274
vn -0.9887 0.0540 -0.1400
vn -0.9890 0.0520 -0.1386
vn -0.7893 0.4809 -0.3818
vn -0.8195 0.4418 -0.3649
vn 0.0531 0.3299 -0.9425
vn -0.0031 0.3396 -0.9406
vn 0.8014 0.2447 -0.5458
vn 0.7709 0.2353 -0.5919
vn 0.9715 0.1851 -0.1485
vn 0.9780 0.1684 -0.1228
vn -0.9898 -0.0151 -0.1416
vn -0.9904 0.0095 -0.1382
vn -0.7567 0.3168 -0.5719
vn -0.8813 0.2561 -0.3973
vn -0.9842 -0.1693 0.0511
vn -0.9850 -0.1683 0.0392
vn -0.8954 -0.2836 0.3432
vn -0.9188 -0.2419 0.3118
vn -0.6867 -0.4745 0.5508
vn -0.7152 -0.4570 0.5287
vn -0.1506 -0.5361 0.8306
vn -0.2696 -0.5497 0.7907
vn 0.5845 -0.4199 0.6942
vn 0.4500 -0.4468 0.7732
vn 0.9404 -0.2918 0.1744
vn 0.8858 -0.3177 0.3382
vn 0.9980 -0.0587 0.0245
vn 0.9881 -0.1532 0.0112
vn -0.0087 0.9439 -0.3301
vn 0.0185 0.9438 -0.3299
vn 0.6601 0.7109 -0.2427
vn 0.6646 0.7072 -0.2413
vn 0.9984 0.0528 -0.0185
vn 0.9968 0.0755 -0.0260
vn 0.6487 -0.7228 0.2381
vn 0.6597 -0.7138 0.2352
vn 0.0927 -0.9446 0.3148
vn 0.0930 -0.9446 0.3148
vn -0.5799 -0.7712 0.2625
vn -0.5877 -0.7659 0.2608
vn -0.9994 -0.0328 0.0107
vn -0.9991 -0.0406 0.0135
vn -0.7343 0.6400 -0.2262
vn -0.7385 0.6357 -0.2247
vn 0.8901 0.4017 0.2153
vn -0.2424 0.6948 0.6771
vn -0.9190 0.3876 -0.0722
vn -0.5804 -0.4653 -0.6683
vn 0.4609 -0.6524 -0.6017
vn -0.1972 0.0105 -0.9803
vn -0.3685 -0.9061 0.2076
vn 0.1469 0.9859 0.0802
vn -0.0730 0.0179 0.9972
vn -0.1937 0.0727 -0.9784
vn -0.7924 -0.5452 -0.2735
vn -0.3166 0.8954 -0.3130
vn -0.9002 0.2604 0.3491
vn -0.2436 0.0638 0.9678
vn -0.4563 -0.8895 0.0216
vn -0.0597 -0.0969 -0.9935
vn 0.0870 0.9950 0.0492
vn 0.8727 0.4814 -0.0819
vn 0.8811 0.4469 -0.1544
vn 0.8806 0.4564 -0.1273
vn 0.8755 0.4734 -0.0967
vn 0.8793 0.4573 -0.1330
vn 0.7835 0.3181 -0.5338
vn 0.8293 0.3752 -0.4142
vn 0.6667 0.2031 -0.7172
vn 0.6488 0.2337 -0.7242
vn 0.6846 0.1704 -0.7087
vn -0.7055 -0.3736 -0.6022
vn -0.1601 0.5364 -0.8286
vn -0.8334 0.0163 0.5524
vn -0.2586 0.9481 0.1848
vn -0.2277 -0.8517 -0.4720
vn 0.6488 -0.2880 -0.7044
vn 0.1488 -0.8208 0.5515
vn 0.9537 -0.2014 0.2233
vn 0.6384 0.6263 0.4474
vn 0.5301 0.2846 -0.7987
vn -0.4608 -0.6299 -0.6252
vn -0.2019 -0.3993 0.8943
vn 0.2413 -0.1865 -0.9524
vn -0.9524 -0.3028 -0.0346
vn 0.7807 0.5976 0.1829
vn -0.3827 0.3891 0.8380
vn 0.2883 -0.1460 -0.9463
vn -0.7619 0.0617 -0.6447
vn 0.5855 0.7114 -0.3886
vn -0.4533 0.8835 -0.1178
vn -0.4373 0.5226 0.7319
vn -0.9251 -0.2952 -0.2390
vn 0.2466 -0.3541 -0.9021
vn 0.7637 0.6329 0.1272
vn -0.4064 -0.1056 -0.9076
vn -0.6717 0.7162 -0.1892
vn 0.4652 -0.8136 -0.3488
vn 0.6632 -0.7437 0.0844
vn -0.0795 0.3608 -0.9292
vn 0.0617 0.9753 -0.2121
vn 0.8123 -0.1126 -0.5722
vn 0.8729 0.4040 0.2736
vn 0.7696 0.2928 0.5675
vn -0.5289 0.8271 0.1904
vn -0.6307 -0.0962 -0.7700
vn 0.5403 -0.6258 -0.5625
vn -0.5141 0.8454 -0.1450
vn -0.6804 -0.0595 -0.7304
vn 0.7964 -0.5903 -0.1316
vn 0.5083 -0.7554 -0.4136
vn 0.5322 0.8059 0.2593
vn 0.8603 0.0367 0.5085
vn 0.5070 0.5092 -0.6955
vn 0.6822 -0.4739 -0.5568
vn 0.7197 -0.2838 0.6336
vn -0.2643 0.8929 0.3645
vn -0.2480 0.7560 -0.6057
vn 0.4101 -0.6835 -0.6039
vn 0.0985 0.8178 0.5670
vn 0.1264 0.8132 0.5681
vn -0.1370 -0.6695 -0.7301
vn -0.1195 -0.6725 -0.7304
vn -0.9385 0.3411 -0.0530
vn -0.9252 0.3786 -0.0273
vn 0.9545 0.2487 0.1646
vn 0.9854 0.1486 0.0832
vn -0.8895 -0.1816 -0.4194
vn -0.9042 -0.1534 -0.3986
vn 0.8010 -0.4197 -0.4269
vn 0.7728 -0.4446 -0.4530
vn 0.3431 -0.6527 -0.6755
vn 0.3287 -0.6561 -0.6793
vn 0.6233 0.6208 0.4754
vn 0.6203 0.6226 0.4770
vn -0.4987 0.7757 0.3868
vn -0.5979 0.7360 0.3175
vn -0.5818 -0.5010 -0.6407
vn -0.5501 -0.5202 -0.6533
vn -0.0003 0.7717 0.6360
vn 0.0442 0.7707 0.6356
vn -0.2967 -0.7180 -0.6296
vn -0.2966 -0.7180 -0.6297
vn -0.9185 0.3300 0.2178
vn -0.9008 0.3570 0.2472
vn 0.9502 0.1930 0.2447
vn 0.9548 0.1806 0.2363
vn -0.8953 -0.2905 -0.3377
vn -0.9062 -0.2710 -0.3246
vn 0.8624 -0.4156 -0.2890
vn 0.8353 -0.4443 -0.3238
vn 0.2584 -0.7189 -0.6453
vn 0.2293 -0.7239 -0.6506
vn 0.6380 0.5854 0.5004
vn 0.6348 0.5875 0.5018
vn -0.5316 0.6437 0.5506
vn -0.5246 0.6485 0.5516
vn -0.6039 -0.5971 -0.5280
vn -0.5927 -0.6046 -0.5321
vn 0.0216 0.7666 0.6417
vn 0.0573 0.7651 0.6414
vn 0.9474 0.1849 0.2613
vn 0.9571 0.1590 0.2423
vn 0.8628 -0.4156 -0.2879
vn 0.8386 -0.4414 -0.3192
vn 0.6513 0.5617 0.5101
vn 0.6510 0.5620 0.5102
vn 0.0193 0.7667 0.6417
vn 0.0509 0.7654 0.6415
vn -0.1463 -0.7884 -0.5975
vn -0.0356 -0.8020 -0.5963
vn -0.8683 0.4000 0.2934
vn -0.8579 0.4124 0.3067
vn 0.9510 0.1852 0.2474
vn 0.9586 0.1650 0.2323
vn -0.9555 -0.1749 -0.2377
vn -0.9600 -0.1624 -0.2279
vn 0.9740 -0.2264 -0.0081
vn 0.9750 -0.2220 -0.0111
vn 0.7552 -0.5852 -0.2954
vn 0.7341 -0.6020 -0.3140
vn 0.6644 0.5535 0.5022
vn 0.6601 0.5569 0.5041
vn -0.5291 0.6454 0.5509
vn -0.5234 0.6493 0.5517
vn -0.6903 -0.5384 -0.4833
vn -0.6920 -0.5369 -0.4826
vt 0.784080 0.041451
vt 0.808977 0.048221
vt 0.813538 0.059322
vt 0.788944 0.055964
vt 0.774939 0.022701
vt 0.805382 0.036587
vt 0.656519 0.651712
vt 0.669909 0.674960
vt 0.660975 0.679782
vt 0.646722 0.660001
vt 0.672902 0.670247
vt 0.675504 0.659042
vt 0.707082 0.658357
vt 0.705636 0.676930
vt 0.877897 0.184020
vt 0.871640 0.182216
vt 0.858384 0.164355
vt 0.869320 0.165742
vt 0.903217 0.184210
vt 0.891960 0.177899
vt 0.887521 0.158741
vt 0.905817 0.155063
vt 0.826490 0.893918
vt 0.807220 0.888233
vt 0.810038 0.865481
vt 0.830271 0.874638
vt 0.789390 0.889099
vt 0.803522 0.860560
vt 0.871483 0.857478
vt 0.854910 0.887030
vt 0.856445 0.133996
vt 0.873534 0.136040
vt 0.742478 0.671667
vt 0.740465 0.691184
vt 0.961219 0.035608
vt 0.943556 0.052632
vt 0.943556 0.021759
vt 0.955938 0.000209
vt 0.884578 0.870587
vt 0.873735 0.893093
vt 0.861851 0.116690
vt 0.876504 0.114815
vt 0.775170 0.684585
vt 0.774656 0.700436
vt 0.732840 0.655864
vt 0.770794 0.658434
vt 0.838301 0.829121
vt 0.828357 0.824559
vt 0.859422 0.788715
vt 0.867803 0.793768
vt 0.883187 0.835998
vt 0.854105 0.834628
vt 0.875117 0.802615
vt 0.893677 0.809525
vt 0.741565 0.747452
vt 0.776299 0.774312
vt 0.757287 0.791000
vt 0.726038 0.760373
vt 0.850924 0.908551
vt 0.869045 0.911357
vt 0.818935 0.910154
vt 0.808369 0.028597
vt 0.768164 0.001363
vt 0.809925 0.002571
vt 0.825485 0.011645
vt 0.804329 0.911357
vt 0.498011 0.903466
vt 0.491225 0.882958
vt 0.523890 0.868493
vt 0.527455 0.907309
vt 0.691829 0.687405
vt 0.709167 0.701321
vt 0.825485 0.069300
vt 0.797860 0.072022
vt 0.716802 0.717992
vt 0.704918 0.730232
vt 0.696030 0.717029
vt 0.735252 0.704175
vt 0.672092 0.690471
vt 0.545706 0.856372
vt 0.544997 0.901441
vt 0.666424 0.643244
vt 0.763939 0.711729
vt 0.763418 0.713077
vt 0.701672 0.607596
vt 0.712431 0.600510
vt 0.709334 0.617418
vt 0.695785 0.631579
vt 0.714681 0.627916
vt 0.712084 0.614471
vt 0.758347 0.727074
vt 0.714681 0.605711
vt 0.482642 0.919064
vt 0.471150 0.892614
vt 0.486500 0.944598
vt 0.501713 0.925354
vt 0.756241 0.738299
vt 0.544510 0.944598
vt 0.862210 0.105701
vt 0.875577 0.099848
vt 0.519958 0.524931
vt 0.508190 0.517964
vt 0.508328 0.506901
vt 0.522161 0.516334
vt 0.783107 0.710435
vt 0.770118 0.720883
vt 0.501621 0.517773
vt 0.501621 0.506941
vt 0.792790 0.660794
vt 0.785995 0.689323
vt 0.892326 0.865497
vt 0.889900 0.881980
vt 0.882491 0.908547
vt 0.898829 0.094911
vt 0.905817 0.077101
vt 0.895945 0.128096
vt 0.860226 0.078325
vt 0.872376 0.071054
vt 0.901885 0.883111
vt 0.909015 0.902752
vt 0.904275 0.857607
vt 0.909972 0.868321
vt 0.810249 0.681456
vt 0.806824 0.698729
vt 0.801846 0.713255
vt 0.794311 0.719703
vt 0.787952 0.714301
vt 0.778518 0.721657
vt 0.502544 0.497587
vt 0.509214 0.497578
vt 0.510953 0.493007
vt 0.517642 0.493956
vt 0.096365 0.881610
vt 0.085070 0.853382
vt 0.113573 0.851501
vt 0.113573 0.883657
vt 0.599182 0.689151
vt 0.609318 0.681530
vt 0.630883 0.692044
vt 0.621848 0.697958
vt 0.803335 0.249307
vt 0.790168 0.248513
vt 0.784912 0.228613
vt 0.798347 0.227142
vt 0.633176 0.668978
vt 0.655213 0.685830
vt 0.647287 0.689192
vt 0.647703 0.719778
vt 0.624739 0.719260
vt 0.896163 0.182700
vt 0.885409 0.199613
vt 0.874303 0.198476
vt 0.889704 0.183050
vt 0.922438 0.185715
vt 0.922438 0.213934
vt 0.903262 0.209725
vt 0.909994 0.190888
vt 0.801212 0.634057
vt 0.800826 0.614955
vt 0.822056 0.622893
vt 0.825120 0.644459
vt 0.814321 0.198908
vt 0.828494 0.176668
vt 0.836565 0.176271
vt 0.832921 0.209231
vt 0.801902 0.190936
vt 0.785032 0.167532
vt 0.781836 0.133458
vt 0.811642 0.171517
vt 0.790804 0.219656
vt 0.766884 0.201819
vt 0.776454 0.188511
vt 0.796875 0.209974
vt 0.650565 0.757676
vt 0.629572 0.755174
vt 0.611782 0.745401
vt 0.610296 0.711359
vt 0.766784 0.161494
vt 0.765484 0.136673
vt 0.749829 0.184463
vt 0.760612 0.180066
vt 0.646911 0.794919
vt 0.635129 0.788162
vt 0.607143 0.779475
vt 0.824769 0.128581
vt 0.819875 0.080541
vt 0.829263 0.081200
vt 0.834952 0.130640
vt 0.781338 0.108548
vt 0.786921 0.079515
vt 0.808149 0.084049
vt 0.811700 0.123317
vt 0.708494 0.771912
vt 0.735378 0.804579
vt 0.801098 0.221269
vt 0.825546 0.246809
vt 0.803997 0.653394
vt 0.825485 0.666205
vt 0.760641 0.101061
vt 0.751445 0.117043
vt 0.729982 0.080444
vt 0.759822 0.079515
vt 0.665222 0.707084
vt 0.677788 0.724529
vt 0.622748 0.675548
vt 0.689052 0.738517
vt 0.665832 0.755520
vt 0.689582 0.787602
vt 0.709686 0.819945
vt 0.920286 0.236356
vt 0.940300 0.238839
vt 0.934048 0.268698
vt 0.923254 0.235840
vt 0.569436 0.107906
vt 0.574792 0.131579
vt 0.561432 0.117765
vt 0.558156 0.101170
vt 0.555984 0.128211
vt 0.558710 0.114892
vt 0.663879 0.796945
vt 0.654840 0.793384
vt 0.555984 0.106314
vt 0.761042 0.122580
vt 0.681176 0.810525
vt 0.811364 0.564840
vt 0.825485 0.572269
vt 0.739740 0.174763
vt 0.752546 0.169345
vt 0.963287 0.400816
vt 0.962522 0.391690
vt 0.977065 0.385949
vt 0.974375 0.396636
vt 0.920426 0.225183
vt 0.944040 0.225679
vt 0.911487 0.236185
vt 0.911729 0.224739
vt 0.639420 0.797733
vt 0.607987 0.797479
vt 0.947195 0.422438
vt 0.947969 0.403451
vt 0.955679 0.240511
vt 0.949337 0.251109
vt 0.759471 0.142334
vt 0.909665 0.270493
vt 0.915430 0.287924
vt 0.886087 0.262601
vt 0.888396 0.248506
vt 0.909567 0.238906
vt 0.887057 0.228486
vt 0.721240 0.157197
vt 0.734285 0.148940
vt 0.761773 0.441645
vt 0.761773 0.469003
vt 0.744037 0.469529
vt 0.740088 0.457936
vt 0.947195 0.379664
vt 0.961181 0.377556
vt 0.642936 0.819945
vt 0.623470 0.819603
vt 0.948690 0.211267
vt 0.955679 0.211485
vt 0.925368 0.219180
vt 0.942066 0.219338
vt 0.912511 0.214894
vt 0.921236 0.215298
vt 0.972948 0.371470
vt 0.979224 0.372222
vt 0.916123 0.295014
vt 0.883778 0.292953
vt 0.446089 0.876184
vt 0.444759 0.865174
vt 0.465541 0.870410
vt 0.468116 0.880049
vt 0.449272 0.900881
vt 0.449378 0.890755
vt 0.470294 0.895979
vt 0.470914 0.903731
vt 0.444649 0.944289
vt 0.445200 0.932263
vt 0.469836 0.928585
vt 0.464136 0.942376
vt 0.667775 0.893399
vt 0.678670 0.898992
vt 0.669805 0.913014
vt 0.660169 0.912589
vt 0.642474 0.889625
vt 0.650578 0.889544
vt 0.643926 0.910254
vt 0.636544 0.910416
vt 0.603565 0.895400
vt 0.616836 0.890533
vt 0.616465 0.910470
vt 0.603031 0.915796
vt 0.670241 0.925442
vt 0.660008 0.928260
vt 0.643837 0.930241
vt 0.636052 0.931619
vt 0.614393 0.934859
vt 0.603561 0.938574
vt 0.740713 0.901492
vt 0.742601 0.908139
vt 0.729353 0.916600
vt 0.721378 0.910296
vt 0.638038 0.948979
vt 0.645914 0.947811
vt 0.648494 0.964876
vt 0.640722 0.966771
vt 0.604229 0.952535
vt 0.616639 0.952347
vt 0.618707 0.969529
vt 0.605454 0.966750
vt 0.744871 0.917459
vt 0.752464 0.922727
vt 0.746351 0.930368
vt 0.735300 0.921456
vt 0.771123 0.939178
vt 0.770337 0.950169
vt 0.779778 0.939828
vt 0.775722 0.954994
vt 0.770447 0.902986
vt 0.778477 0.918298
vt 0.769834 0.922397
vt 0.759411 0.917732
vt 0.757955 0.901492
vt 0.750713 0.912427
vt 0.655388 0.945221
vt 0.661856 0.943903
vt 0.663898 0.959674
vt 0.657796 0.962009
vt 0.654203 0.912006
vt 0.652685 0.928234
vt 0.660614 0.891048
vt 0.446309 0.882965
vt 0.468213 0.886668
vt 0.630162 0.950146
vt 0.630363 0.968190
vt 0.629063 0.910183
vt 0.627749 0.932870
vt 0.628050 0.889544
vt 0.443266 0.913118
vt 0.470914 0.917597
vt 0.423200 0.911131
vt 0.428088 0.893274
vt 0.426088 0.885647
vt 0.423729 0.880269
vt 0.423931 0.932453
vt 0.426864 0.874116
vt 0.672027 0.938029
vt 0.427469 0.944598
vt 0.429698 0.864548
vt 0.943684 0.535606
vt 0.920419 0.539284
vt 0.920146 0.529624
vt 0.942032 0.524520
vt 0.940293 0.561021
vt 0.920264 0.563432
vt 0.920576 0.555477
vt 0.939835 0.550609
vt 0.945780 0.605779
vt 0.925388 0.603522
vt 0.921746 0.589038
vt 0.947810 0.593167
vt 0.899295 0.547867
vt 0.902099 0.538820
vt 0.898170 0.570554
vt 0.897878 0.563218
vt 0.902467 0.605151
vt 0.898568 0.590383
vt 0.958811 0.905878
vt 0.949023 0.907083
vt 0.945545 0.896993
vt 0.955646 0.896516
vt 0.963165 0.928892
vt 0.948596 0.930836
vt 0.949431 0.923081
vt 0.963259 0.921614
vt 0.955197 0.962398
vt 0.938664 0.963473
vt 0.946465 0.952380
vt 0.963666 0.948646
vt 0.930047 0.906612
vt 0.909411 0.906012
vt 0.914038 0.896489
vt 0.929328 0.896353
vt 0.927558 0.930377
vt 0.906354 0.929257
vt 0.907187 0.921491
vt 0.928206 0.922548
vt 0.922653 0.963989
vt 0.906001 0.963989
vt 0.905033 0.951102
vt 0.925689 0.951662
vt 0.733076 0.931283
vt 0.739740 0.937640
vt 0.759449 0.952862
vt 0.761303 0.961482
vt 0.723151 0.930936
vt 0.722599 0.959067
vt 0.735849 0.945349
vt 0.742415 0.954534
vt 0.739495 0.963989
vt 0.719055 0.947086
vt 0.729009 0.937865
vt 0.929407 0.913062
vt 0.908420 0.912160
vt 0.960646 0.911663
vt 0.951479 0.914210
vt 0.921506 0.546011
vt 0.898150 0.553479
vt 0.944580 0.542502
vt 0.905684 0.939543
vt 0.926909 0.938206
vt 0.947807 0.939094
vt 0.963989 0.936220
vt 0.897878 0.577837
vt 0.920788 0.577682
vt 0.950405 0.573416
vt 0.966759 0.572034
vt 0.958642 0.553796
vt 0.961853 0.545875
vt 0.965666 0.540258
vt 0.965724 0.594023
vt 0.960499 0.534020
vt 0.960036 0.606648
vt 0.955798 0.524256
vt 0.784464 0.648224
vt 0.784637 0.642033
vt 0.789600 0.642536
vt 0.790859 0.647746
vt 0.772733 0.639237
vt 0.772147 0.632238
vt 0.780430 0.633862
vt 0.784508 0.635045
vt 0.772440 0.645775
vt 0.772147 0.652313
vt 0.784363 0.656510
vt 0.790377 0.655462
vt 0.241084 0.144123
vt 0.235004 0.144091
vt 0.235210 0.138895
vt 0.240066 0.137965
vt 0.836515 0.314840
vt 0.839935 0.305804
vt 0.847645 0.304047
vt 0.847436 0.311818
vt 0.238792 0.131135
vt 0.242382 0.129699
vt 0.847541 0.319143
vt 0.836670 0.321756
vt 0.847645 0.326468
vt 0.836657 0.331025
vt 0.242382 0.152355
vt 0.236431 0.151777
vt 0.300213 0.870148
vt 0.309215 0.904890
vt 0.271453 0.936007
vt 0.251775 0.899074
vt 0.260167 0.830887
vt 0.283395 0.851126
vt 0.255662 0.874340
vt 0.248930 0.863582
vt 0.076929 0.873312
vt 0.060909 0.892451
vt 0.000281 0.859959
vt 0.046575 0.849890
vt 0.033132 0.924335
vt 0.025236 0.933061
vt 0.000281 0.922854
vt 0.003487 0.901564
vt 0.490888 0.228138
vt 0.483691 0.185973
vt 0.495475 0.190076
vt 0.501897 0.214593
vt 0.316306 0.870840
vt 0.318560 0.897399
vt 0.287124 0.838062
vt 0.751959 0.795427
vt 0.764238 0.802071
vt 0.758501 0.823035
vt 0.747286 0.821844
vt 0.318074 0.925155
vt 0.305753 0.936288
vt 0.780279 0.827863
vt 0.506023 0.234637
vt 0.519333 0.227284
vt 0.522344 0.245834
vt 0.509816 0.246366
vt 0.496793 0.238794
vt 0.502093 0.248246
vt 0.489751 0.268323
vt 0.495162 0.268557
vt 0.523726 0.266385
vt 0.512876 0.267869
vt 0.503472 0.268512
vt 0.275077 0.495544
vt 0.292244 0.490048
vt 0.292244 0.515235
vt 0.286792 0.512935
vt 0.705825 0.825923
vt 0.730909 0.821989
vt 0.706616 0.833194
vt 0.702282 0.832815
vt 0.261834 0.932343
vt 0.251189 0.906402
vt 0.248930 0.894271
vt 0.251256 0.886764
vt 0.483691 0.266857
vt 0.531856 0.215107
vt 0.769420 0.880892
vt 0.715476 0.884514
vt 0.706176 0.840905
vt 0.753251 0.850497
vt 0.132115 0.877196
vt 0.156267 0.894330
vt 0.151034 0.917722
vt 0.114344 0.917802
vt 0.103878 0.899450
vt 0.100876 0.946961
vt 0.059478 0.949989
vt 0.038234 0.955679
vt 0.120948 0.868238
vt 0.104523 0.914124
vt 0.781163 0.866239
vt 0.765294 0.847095
vt 0.781163 0.908587
vt 0.769966 0.900510
vt 0.164045 0.936288
vt 0.106804 0.936288
vt 0.137152 0.863720
vt 0.141496 0.855957
vt 0.153298 0.859523
vt 0.148127 0.875220
vt 0.128184 0.859519
vt 0.134080 0.853177
vt 0.507881 0.287889
vt 0.505001 0.295014
vt 0.515840 0.287628
vt 0.527995 0.284536
vt 0.170823 0.910269
vt 0.173130 0.916507
vt 0.702421 0.838741
vt 0.710587 0.875990
vt 0.701443 0.850329
vt 0.160593 0.923175
vt 0.164914 0.931106
vt 0.080239 0.869167
vt 0.101439 0.888545
vt 0.171767 0.820154
vt 0.247458 0.818017
vt 0.249307 0.857807
vt 0.195274 0.869137
vt 0.323659 0.829598
vt 0.320500 0.829667
vt 0.320424 0.820841
vt 0.323583 0.820773
vt 0.538011 0.966759
vt 0.564028 0.919800
vt 0.596953 0.915217
vt 0.592772 0.922764
vt 0.378293 0.840793
vt 0.378855 0.904943
vt 0.538011 0.905282
vt 0.594406 0.913641
vt 0.348264 0.895987
vt 0.399603 0.917918
vt 0.322147 0.927978
vt 0.321544 0.926135
vt 0.716067 0.933472
vt 0.716067 0.970914
vt 0.705886 0.951338
vt 0.708531 0.922876
vt 0.408969 0.873228
vt 0.417683 0.915957
vt 0.009828 0.429475
vt 0.019391 0.433685
vt 0.015062 0.483297
vt 0.009828 0.483027
vt 0.156642 0.008310
vt 0.156642 0.000069
vt 0.162050 0.002526
vt 0.161800 0.007773
vt 0.912843 0.240032
vt 0.919668 0.238573
vt 0.919668 0.277008
vt 0.913826 0.275321
vt 0.318375 0.921855
vt 0.174941 0.901087
vt 0.166113 0.898059
vt 0.010011 0.487003
vt 0.014741 0.487535
vt 0.229965 0.915717
vt 0.226601 0.916897
vt 0.249308 0.936183
vt 0.242796 0.937673
vt 0.242796 0.882205
vt 0.246841 0.881541
vt 0.408587 0.915118
vt 0.408587 0.968144
vt 0.361243 0.941037
vt 0.361946 0.937304
vt 0.421053 0.881377
vt 0.421053 0.923049
vt 0.581904 0.939587
vt 0.601108 0.913937
vt 0.600159 0.955292
vt 0.601108 0.962604
vt 0.166113 0.799603
vt 0.207717 0.797445
vt 0.397851 0.842240
vt 0.922204 0.521301
vt 0.908797 0.533241
vt 0.893192 0.521095
vt 0.905212 0.507604
vt 0.605263 0.814404
vt 0.587713 0.814404
vt 0.591902 0.786998
vt 0.601184 0.786998
vt 0.884633 0.512908
vt 0.895950 0.501438
vt 0.816541 0.171973
vt 0.824262 0.176128
vt 0.820088 0.184211
vt 0.815066 0.183644
vt 0.127424 0.152180
vt 0.120933 0.155125
vt 0.120933 0.128800
vt 0.126355 0.131064
vt 0.911244 0.495237
vt 0.903624 0.488251
vt 0.906244 0.479873
vt 0.915427 0.479172
vt 0.923214 0.503916
vt 0.922471 0.512492
vt 0.317175 0.565097
vt 0.309788 0.563899
vt 0.307424 0.546432
vt 0.317175 0.539999
vt 0.016620 0.013850
vt 0.007476 0.013519
vt 0.004890 0.000216
vt 0.016620 0.001180
vt 0.941750 0.481253
vt 0.941828 0.489785
vt 0.934903 0.504200
vt 0.580332 0.165643
vt 0.564730 0.170360
vt 0.568286 0.140133
vt 0.578764 0.140133
vt 0.914569 0.463152
vt 0.936670 0.462848
vt 0.906013 0.465522
vt 0.831025 0.045706
vt 0.812311 0.045706
vt 0.820017 0.019568
vt 0.826539 0.018526
vt 0.897775 0.459211
vt 0.908914 0.453055
vt 0.925645 0.447403
vt 0.933237 0.461608
vt 0.391967 0.638445
vt 0.378625 0.646814
vt 0.378625 0.621551
vt 0.385235 0.617454
vt 0.253463 0.146796
vt 0.245066 0.149584
vt 0.245463 0.138791
vt 0.253463 0.138425
vt 0.815066 0.156790
vt 0.825485 0.164534
vt 0.919370 0.440906
vt 0.898891 0.447826
vt 0.889833 0.442663
vt 0.896966 0.430853
vt 0.891204 0.456610
vt 0.884633 0.454010
vt 0.272853 0.970914
vt 0.249475 0.970914
vt 0.249606 0.949214
vt 0.264320 0.949846
vt 0.251275 0.922925
vt 0.256007 0.921041
vt 0.244434 0.127957
vt 0.252078 0.126762
vt 0.252078 0.134539
vt 0.244434 0.135734
vt 0.770083 0.656510
vt 0.759258 0.656001
vt 0.759258 0.629602
vt 0.765938 0.629338
vt 0.234517 0.631586
vt 0.224137 0.631680
vt 0.237063 0.588924
vt 0.243416 0.589550
vt 0.976454 0.437781
vt 0.951285 0.452624
vt 0.951285 0.418520
vt 0.959798 0.419953
vt 0.628809 0.172622
vt 0.603314 0.154076
vt 0.619865 0.139177
vt 0.628809 0.138882
vt 0.624632 0.189687
vt 0.608980 0.179494
vt 0.967602 0.467446
vt 0.954272 0.469529
vt 0.240691 0.646999
vt 0.227986 0.649127
vt 0.865651 0.431591
vt 0.850181 0.436288
vt 0.853635 0.410163
vt 0.865651 0.409153
vt 0.167590 0.523546
vt 0.153476 0.513179
vt 0.153307 0.497887
vt 0.160739 0.498078
vt 0.239167 0.666199
vt 0.224137 0.670360
vt 0.252155 0.659320
vt 0.251882 0.645384
vt 0.620205 0.204986
vt 0.605348 0.196262
vt 0.975069 0.079682
vt 0.965758 0.075858
vt 0.960317 0.045575
vt 0.963735 0.042579
vt 0.972301 0.084965
vt 0.956175 0.088643
vt 0.256055 0.640648
vt 0.259003 0.643177
vt 0.130194 0.015052
vt 0.120982 0.030471
vt 0.120982 0.006026
vt 0.126354 0.001065
vt 0.956175 0.043047
vt 0.960507 0.039882
vt 0.465374 0.472306
vt 0.457449 0.475069
vt 0.457449 0.442775
vt 0.460617 0.446890
vt 0.979224 0.209012
vt 0.972573 0.211911
vt 0.972573 0.178832
vt 0.975148 0.175391
vt 0.163299 0.460658
vt 0.167590 0.463809
vt 0.253573 0.147967
vt 0.258688 0.148209
vt 0.259003 0.153740
vt 0.253573 0.153191
vt 0.480457 0.944491
vt 0.466136 0.944320
vt 0.475780 0.916671
vt 0.481097 0.918474
vt 0.976610 0.245961
vt 0.966405 0.246850
vt 0.971268 0.221173
vt 0.976315 0.221154
vt 0.962637 0.833517
vt 0.952117 0.833586
vt 0.953267 0.805644
vt 0.958629 0.805611
vt 0.426593 0.946117
vt 0.413764 0.945326
vt 0.411266 0.920583
vt 0.416259 0.918866
vt 0.426252 0.968144
vt 0.411266 0.963700
vt 0.966759 0.855956
vt 0.951180 0.855956
vt 0.977839 0.264543
vt 0.963206 0.264543
vt 0.481994 0.962291
vt 0.466136 0.966759
vt 0.138640 0.523883
vt 0.142659 0.525302
vt 0.141359 0.528723
vt 0.137191 0.527096
vt 0.904432 0.928290
vt 0.894412 0.931324
vt 0.888705 0.908723
vt 0.892515 0.907350
vt 0.249307 0.182826
vt 0.238839 0.181851
vt 0.238839 0.160143
vt 0.242819 0.160464
vt 0.142623 0.548801
vt 0.131649 0.544446
vt 0.160567 0.307139
vt 0.151023 0.306581
vt 0.158729 0.283210
vt 0.162417 0.283635
vt 0.164820 0.337206
vt 0.154248 0.332645
vt 0.142065 0.580786
vt 0.115991 0.572212
vt 0.491690 0.073407
vt 0.466506 0.073407
vt 0.472359 0.048667
vt 0.482518 0.048145
vt 0.898720 0.953069
vt 0.888705 0.959834
vt 0.986641 0.717452
vt 0.971983 0.715434
vt 0.971983 0.685290
vt 0.976181 0.684126
vt 0.234143 0.590028
vt 0.231904 0.559586
vt 0.238229 0.556017
vt 0.240414 0.584106
vt 0.142659 0.590028
vt 0.114271 0.579913
vt 0.162624 0.349030
vt 0.151023 0.340466
vt 0.084865 0.073820
vt 0.088643 0.072432
vt 0.088046 0.077458
vt 0.084865 0.077562
vt 0.785055 0.414746
vt 0.773872 0.416520
vt 0.785523 0.393218
vt 0.788674 0.394158
vt 0.793629 0.425208
vt 0.791770 0.394370
vt 0.990305 0.705481
vt 0.977699 0.683195
vt 0.231904 0.544202
vt 0.243767 0.547451
vt 0.289474 0.434903
vt 0.282195 0.428088
vt 0.277487 0.419252
vt 0.289474 0.417637
vt 0.785004 0.423697
vt 0.772062 0.425208
vt 0.566510 0.486055
vt 0.587258 0.493202
vt 0.577990 0.547091
vt 0.567309 0.544325
vt 0.490305 0.469741
vt 0.467772 0.494460
vt 0.467772 0.444067
vt 0.484727 0.437208
vt 0.069721 0.758017
vt 0.041022 0.761517
vt 0.057735 0.733486
vt 0.078947 0.728282
vt 0.556249 0.438967
vt 0.584242 0.445995
vt 0.344875 0.731302
vt 0.316577 0.717599
vt 0.318355 0.697853
vt 0.344570 0.699768
vt 0.060336 0.792244
vt 0.060078 0.777462
vt 0.078947 0.786382
vt 0.572053 0.420259
vt 0.587258 0.424241
vt 0.044769 0.780010
vt 0.581570 0.007077
vt 0.584487 0.017572
vt 0.563086 0.030471
vt 0.563086 0.000202
vt 0.936288 0.711032
vt 0.926203 0.713240
vt 0.916992 0.690785
vt 0.928046 0.689027
vt 0.326151 0.659599
vt 0.344875 0.648407
vt 0.915879 0.760388
vt 0.901849 0.747683
vt 0.936288 0.755109
vt 0.518270 0.303484
vt 0.518177 0.289326
vt 0.524931 0.291204
vt 0.524931 0.306094
vt 0.168975 0.058682
vt 0.156757 0.063712
vt 0.156757 0.026852
vt 0.165755 0.023148
vt 0.165289 0.000845
vt 0.168418 0.000231
vt 0.510752 0.303792
vt 0.510659 0.289634
vt 0.065097 0.012465
vt 0.058320 0.009359
vt 0.061246 0.001015
vt 0.065097 0.001441
vt 0.055339 0.003536
vt 0.056302 0.000790
vt 0.352256 0.393231
vt 0.355278 0.399773
vt 0.355956 0.408587
vt 0.349681 0.408587
vt 0.460673 0.975850
vt 0.466759 0.988920
vt 0.455437 0.988655
vt 0.454027 0.977955
vt 0.442103 0.974540
vt 0.442283 0.983738
vt 0.428272 0.979762
vt 0.429549 0.969305
vt 0.995670 0.359985
vt 0.997230 0.369438
vt 0.986370 0.368368
vt 0.986625 0.358223
vt 0.983289 0.887111
vt 0.984765 0.896443
vt 0.973783 0.903657
vt 0.974451 0.892604
vt 0.597313 0.730202
vt 0.598338 0.739612
vt 0.585255 0.739612
vt 0.586486 0.730797
vt 0.969638 0.371191
vt 0.971892 0.362706
vt 0.960333 0.905817
vt 0.962993 0.891497
vt 0.449791 0.945801
vt 0.439036 0.947949
vt 0.976458 0.859390
vt 0.965000 0.858283
vt 0.988185 0.337161
vt 0.975162 0.336089
vt 0.596980 0.709918
vt 0.586154 0.710513
vt 0.984765 0.859725
vt 0.997230 0.338923
vt 0.428272 0.948219
vt 0.954167 0.890358
vt 0.956174 0.857144
vt 0.593310 0.086220
vt 0.599246 0.082403
vt 0.632160 0.114103
vt 0.626974 0.122585
vt 0.610977 0.395303
vt 0.622014 0.395313
vt 0.618046 0.448879
vt 0.600810 0.448871
vt 0.610803 0.745514
vt 0.608248 0.753703
vt 0.589179 0.752735
vt 0.587547 0.741950
vt 0.594956 0.064438
vt 0.623533 0.052929
vt 0.626329 0.070320
vt 0.628221 0.090270
vt 0.207701 0.653722
vt 0.205391 0.674788
vt 0.182699 0.674512
vt 0.185525 0.653771
vt 0.611073 0.372308
vt 0.622112 0.372311
vt 0.588973 0.068030
vt 0.639114 0.048414
vt 0.641465 0.058795
vt 0.645174 0.073298
vt 0.139172 0.661747
vt 0.136737 0.674466
vt 0.095729 0.674448
vt 0.098702 0.658402
vt 0.139674 0.649887
vt 0.100361 0.643770
vt 0.599988 0.372305
vt 0.599321 0.395295
vt 0.580610 0.395712
vt 0.583472 0.373017
vt 0.596093 0.449106
vt 0.583650 0.407985
vt 0.042535 0.678670
vt 0.046156 0.662990
vt 0.722270 0.061541
vt 0.719987 0.056744
vt 0.774722 0.035213
vt 0.781595 0.054184
vt 0.610969 0.491273
vt 0.595566 0.487013
vt 0.647457 0.105915
vt 0.267340 0.680109
vt 0.256111 0.678853
vt 0.262294 0.642078
vt 0.270685 0.645675
vt 0.155020 0.273076
vt 0.140491 0.285319
vt 0.124564 0.257058
vt 0.145245 0.249893
vt 0.542715 0.793610
vt 0.542291 0.797878
vt 0.502993 0.804376
vt 0.504599 0.794403
vt 0.680312 0.050406
vt 0.678231 0.039913
vt 0.713598 0.030211
vt 0.715947 0.039108
vt 0.685461 0.080935
vt 0.682167 0.061575
vt 0.544451 0.761445
vt 0.543151 0.789297
vt 0.506853 0.786254
vt 0.505290 0.774003
vt 0.685542 0.086896
vt 0.722679 0.070715
vt 0.148664 0.114216
vt 0.140423 0.116296
vt 0.134855 0.063742
vt 0.138648 0.065623
vt 0.738292 0.201143
vt 0.743245 0.194297
vt 0.783934 0.223521
vt 0.782699 0.228050
vt 0.675771 0.134261
vt 0.665265 0.146610
vt 0.139311 0.210381
vt 0.144756 0.212576
vt 0.678591 0.130148
vt 0.289021 0.680513
vt 0.279678 0.679623
vt 0.274819 0.647927
vt 0.282166 0.649161
vt 0.476794 0.231178
vt 0.473190 0.232096
vt 0.469484 0.213616
vt 0.481994 0.219496
vt 0.134749 0.049896
vt 0.140309 0.051210
vt 0.481994 0.270083
vt 0.474213 0.269580
vt 0.273956 0.555833
vt 0.267005 0.555238
vt 0.265197 0.504001
vt 0.271135 0.506256
vt 0.591144 0.573852
vt 0.599337 0.575927
vt 0.592591 0.619649
vt 0.586102 0.618862
vt 0.127969 0.117364
vt 0.130263 0.062249
vt 0.770636 0.015036
vt 0.772554 0.025298
vt 0.443366 0.811634
vt 0.446231 0.800897
vt 0.783049 0.064541
vt 0.449473 0.790949
vt 0.454503 0.786232
vt 0.049023 0.645463
vt 0.587167 0.801226
vt 0.585343 0.811634
vt 0.540106 0.805364
vt 0.541225 0.801596
vt 0.586282 0.772736
vt 0.588547 0.781729
vt 0.589959 0.792508
vt 0.542996 0.747413
vt 0.264766 0.493059
vt 0.271613 0.494038
vt 0.592286 0.633385
vt 0.583744 0.632567
vt 0.124564 0.049334
vt 0.598298 0.616857
vt 0.602597 0.614761
vt 0.607690 0.627880
vt 0.599975 0.630623
vt 0.945087 0.709599
vt 0.936953 0.703934
vt 0.935617 0.697286
vt 0.945796 0.703655
vt 0.952792 0.708894
vt 0.953505 0.702946
vt 0.136496 0.035377
vt 0.128480 0.031589
vt 0.129408 0.025764
vt 0.137619 0.028435
vt 0.270322 0.482600
vt 0.263349 0.481060
vt 0.264014 0.473688
vt 0.269221 0.475662
vt 0.500517 0.771233
vt 0.491495 0.771468
vt 0.491649 0.766907
vt 0.500673 0.766618
vt 0.141339 0.037048
vt 0.141880 0.028979
vt 0.361496 0.518006
vt 0.346976 0.518006
vt 0.355762 0.491978
vt 0.361265 0.491726
vt 0.735457 0.626039
vt 0.722497 0.622196
vt 0.725152 0.597535
vt 0.735457 0.596319
vt 0.961219 0.702238
vt 0.956545 0.676279
vt 0.961219 0.675079
vt 0.052632 0.000504
vt 0.052632 0.012465
vt 0.047987 0.007508
vt 0.044701 0.000731
vt 0.960506 0.708181
vt 0.465882 0.234857
vt 0.463741 0.221756
vt 0.723272 0.079668
vt 0.783934 0.072732
vt 0.281959 0.553388
vt 0.278257 0.502812
vt 0.300554 0.681440
vt 0.290107 0.646401
vt 0.622958 0.129087
vt 0.661112 0.155941
vt 0.735679 0.208821
vt 0.781055 0.234072
vt 0.685673 0.092812
vt 0.631758 0.372781
vt 0.631660 0.395498
vt 0.627685 0.448909
vt 0.136266 0.001142
vt 0.142984 0.002904
vt 0.258098 0.479550
vt 0.256472 0.473019
vt 0.509437 0.771071
vt 0.509695 0.766325
vt 0.579614 0.618083
vt 0.575202 0.631759
vt 0.587167 0.571886
vt 0.141612 0.065987
vt 0.144195 0.052113
vt 0.152242 0.114704
vt 0.970914 0.529363
vt 0.965982 0.530471
vt 0.960610 0.491226
vt 0.970914 0.482761
vt 0.354493 0.487599
vt 0.360499 0.487611
vt 0.948397 0.675513
vt 0.952462 0.674994
vt 0.785319 0.483380
vt 0.777121 0.482995
vt 0.777121 0.455715
vt 0.781470 0.455490
vt 0.513850 0.458449
vt 0.499351 0.458449
vt 0.503191 0.433049
vt 0.509186 0.433049
vt 0.271054 0.443740
vt 0.275885 0.446275
vt 0.273235 0.453225
vt 0.267431 0.450794
vt 0.862881 0.786596
vt 0.848527 0.788089
vt 0.853880 0.761791
vt 0.862881 0.761117
vt 0.519391 0.213296
vt 0.504340 0.212822
vt 0.504340 0.188734
vt 0.513541 0.190607
vt 0.256190 0.441365
vt 0.263374 0.440924
vt 0.263092 0.451007
vt 0.256111 0.451593
vt 0.824100 0.154136
vt 0.812860 0.155125
vt 0.812860 0.127416
vt 0.822795 0.129802
vt 0.495402 0.743576
vt 0.502735 0.743576
vt 0.035584 0.519079
vt 0.041551 0.520453
vt 0.040007 0.526885
vt 0.033928 0.525621
vt 0.591413 0.340720
vt 0.580643 0.339729
vt 0.580643 0.315657
vt 0.588203 0.315781
vt 0.238227 0.537031
vt 0.229970 0.537396
vt 0.233215 0.516991
vt 0.238227 0.515871
vt 0.041551 0.549861
vt 0.037253 0.546675
vt 0.566486 0.577562
vt 0.566489 0.569019
vt 0.581663 0.566135
vt 0.581716 0.574621
vt 0.144883 0.038081
vt 0.958768 0.727150
vt 0.951041 0.727820
vt 0.281883 0.491204
vt 0.280143 0.480567
vt 0.566486 0.560470
vt 0.581717 0.557576
vt 0.943349 0.728532
vt 0.228890 0.340856
vt 0.222317 0.354571
vt 0.222317 0.320166
vt 0.229494 0.318760
vt 0.254848 0.219438
vt 0.254848 0.228532
vt 0.245810 0.226452
vt 0.246120 0.220167
vt 0.472178 0.184927
vt 0.481678 0.185905
vt 0.293053 0.471617
vt 0.299291 0.478660
vt 0.239612 0.337996
vt 0.236128 0.317220
vt 0.155125 0.216120
vt 0.151488 0.214754
vt 0.150224 0.172837
vt 0.154415 0.173449
vt 0.590017 0.480296
vt 0.595284 0.523578
vt 0.588027 0.520285
vt 0.696906 0.170070
vt 0.693322 0.179404
vt 0.277619 0.610394
vt 0.285260 0.607945
vt 0.130179 0.172299
vt 0.137210 0.172297
vt 0.605499 0.528284
vt 0.271073 0.609412
vt 0.710409 0.154545
vt 0.698954 0.165513
vt 0.747906 0.190160
vt 0.224040 0.581717
vt 0.216585 0.541035
vt 0.228243 0.540909
vt 0.231243 0.578499
vt 0.611201 0.349298
vt 0.601542 0.298722
vt 0.618777 0.298902
vt 0.622238 0.349296
vt 0.208664 0.634455
vt 0.185801 0.636287
vt 0.186413 0.623238
vt 0.205332 0.622242
vt 0.590521 0.046503
vt 0.618369 0.037570
vt 0.604468 0.000175
vt 0.610986 0.019361
vt 0.584476 0.049875
vt 0.636769 0.039475
vt 0.633492 0.025236
vt 0.140940 0.639960
vt 0.101032 0.629690
vt 0.100872 0.611069
vt 0.141059 0.621205
vt 0.580831 0.350341
vt 0.599545 0.349299
vt 0.222992 0.629191
vt 0.202855 0.581033
vt 0.049483 0.621990
vt 0.049104 0.597722
vt 0.311709 0.790190
vt 0.251809 0.800231
vt 0.252266 0.779195
vt 0.312467 0.785277
vt 0.596649 0.265041
vt 0.612094 0.260511
vt 0.412742 0.799134
vt 0.396127 0.799818
vt 0.389057 0.773326
vt 0.410115 0.780785
vt 0.265928 0.683030
vt 0.263508 0.716322
vt 0.254353 0.718837
vt 0.254353 0.682335
vt 0.181605 0.592775
vt 0.432117 0.361496
vt 0.423448 0.319035
vt 0.431525 0.315373
vt 0.434903 0.360299
vt 0.675283 0.029713
vt 0.712249 0.023895
vt 0.353030 0.795376
vt 0.350236 0.776714
vt 0.101318 0.602905
vt 0.137205 0.597590
vt 0.311192 0.769276
vt 0.348867 0.767391
vt 0.354986 0.801798
vt 0.313998 0.797943
vt 0.102226 0.477020
vt 0.082551 0.433146
vt 0.084313 0.432304
vt 0.109854 0.476623
vt 0.216576 0.416152
vt 0.219908 0.367820
vt 0.225295 0.369096
vt 0.225095 0.414536
vt 0.217977 0.498529
vt 0.232687 0.493262
vt 0.161140 0.557496
vt 0.164251 0.553062
vt 0.465374 0.072022
vt 0.425317 0.056963
vt 0.426899 0.050311
vt 0.460503 0.053146
vt 0.836691 0.123269
vt 0.835328 0.086920
vt 0.842783 0.084851
vt 0.847094 0.122385
vt 0.289545 0.066551
vt 0.276173 0.072022
vt 0.271174 0.059192
vt 0.290573 0.063114
vt 0.944371 0.892231
vt 0.943775 0.879522
vt 0.950139 0.880153
vt 0.949477 0.891529
vt 0.338355 0.066494
vt 0.338767 0.058429
vt 0.637081 0.270054
vt 0.641458 0.317605
vt 0.635980 0.320907
vt 0.630304 0.271659
vt 0.593035 0.185852
vt 0.588408 0.145789
vt 0.594905 0.145001
vt 0.601249 0.183714
vt 0.087125 0.429059
vt 0.120580 0.469660
vt 0.767610 0.004959
vt 0.427464 0.251665
vt 0.434903 0.246564
vt 0.253861 0.811403
vt 0.043659 0.594190
vt 0.251846 0.772197
vt 0.400342 0.808835
vt 0.672615 0.022280
vt 0.406233 0.824931
vt 0.358293 0.810792
vt 0.356877 0.808183
vt 0.405120 0.816262
vt 0.933444 0.893352
vt 0.930869 0.880733
vt 0.937907 0.879698
vt 0.940030 0.892044
vt 0.586181 0.132567
vt 0.594732 0.131808
vt 0.076440 0.421958
vt 0.084145 0.418175
vt 0.600582 0.148327
vt 0.602391 0.135166
vt 0.610076 0.138500
vt 0.604859 0.150825
vt 0.085873 0.039674
vt 0.085415 0.044803
vt 0.071570 0.045279
vt 0.075521 0.041251
vt 0.295336 0.956368
vt 0.295904 0.961600
vt 0.287103 0.961584
vt 0.286537 0.956355
vt 0.066675 0.412274
vt 0.061731 0.408328
vt 0.066750 0.402613
vt 0.070838 0.406537
vt 0.930000 0.868497
vt 0.930761 0.862452
vt 0.936855 0.861767
vt 0.937768 0.867883
vt 0.584058 0.121323
vt 0.583395 0.117573
vt 0.591945 0.116818
vt 0.592599 0.120523
vt 0.943718 0.867288
vt 0.944075 0.860182
vt 0.949996 0.860576
vt 0.949809 0.867170
vt 0.603878 0.756157
vt 0.597034 0.783885
vt 0.591705 0.783934
vt 0.590388 0.756157
vt 0.484765 0.858488
vt 0.478783 0.885042
vt 0.469441 0.883432
vt 0.469441 0.858738
vt 0.304709 0.961615
vt 0.303088 0.985624
vt 0.297703 0.984906
vt 0.921993 0.870289
vt 0.921584 0.863465
vt 0.304140 0.956387
vt 0.277972 0.055225
vt 0.293089 0.056543
vt 0.316564 0.808143
vt 0.255921 0.821055
vt 0.338843 0.049864
vt 0.645429 0.147770
vt 0.640101 0.182286
vt 0.631854 0.180814
vt 0.634257 0.150753
vt 0.206272 0.540296
vt 0.206454 0.497600
vt 0.207398 0.414597
vt 0.212749 0.366126
vt 0.631881 0.350053
vt 0.628412 0.299821
vt 0.042535 0.394727
vt 0.046907 0.390085
vt 0.575620 0.122192
vt 0.574846 0.118324
vt 0.581912 0.146568
vt 0.577632 0.133316
vt 0.406078 0.833795
vt 0.359732 0.813445
vt 0.324617 0.818122
vt 0.266783 0.833795
vt 0.261266 0.826566
vt 0.320494 0.812306
vt 0.589038 0.187981
vt 0.632826 0.322715
vt 0.627151 0.273990
vt 0.848222 0.084130
vt 0.856837 0.117212
vt 0.173789 0.545676
vt 0.205006 0.579741
vt 0.596826 0.298658
vt 0.492711 0.462604
vt 0.491617 0.457799
vt 0.496107 0.457698
vt 0.497840 0.462604
vt 0.292188 0.986150
vt 0.287232 0.985919
vt 0.498615 0.430221
vt 0.490188 0.431220
vt 0.085873 0.071826
vt 0.080148 0.072022
vt 0.119714 0.077562
vt 0.119714 0.069233
vt 0.126039 0.069428
vt 0.125200 0.077268
vt 0.437673 0.182239
vt 0.435571 0.207367
vt 0.426367 0.207756
vt 0.423237 0.182239
vt 0.016620 0.493322
vt 0.014692 0.517273
vt 0.005605 0.518006
vt 0.002679 0.493322
vt 0.925694 0.843564
vt 0.932153 0.842136
vt 0.214474 0.675698
vt 0.214148 0.665191
vt 0.221079 0.665501
vt 0.221607 0.675900
vt 0.221607 0.644201
vt 0.214151 0.645208
vt 0.875346 0.044773
vt 0.872471 0.069222
vt 0.863086 0.070637
vt 0.863086 0.044152
vt 0.578872 0.098897
vt 0.585793 0.098209
vt 0.126257 0.279646
vt 0.126194 0.273500
vt 0.131579 0.273641
vt 0.131579 0.279778
vt 0.108033 0.778796
vt 0.101948 0.801154
vt 0.094824 0.803324
vt 0.094824 0.780513
vt 0.963989 0.234785
vt 0.961113 0.264543
vt 0.958255 0.260652
vt 0.958255 0.229759
vt 0.945810 0.837549
vt 0.950139 0.835565
vt 0.302688 0.939588
vt 0.293880 0.939611
vt 0.249308 0.184787
vt 0.249308 0.195291
vt 0.238913 0.195217
vt 0.238308 0.183984
vt 0.285085 0.939588
vt 0.275554 0.969868
vt 0.271146 0.961683
vt 0.254317 0.056187
vt 0.245849 0.056787
vt 0.245849 0.050311
vt 0.254848 0.046875
vt 0.243295 0.069213
vt 0.244081 0.058871
vt 0.454090 0.969529
vt 0.454090 0.945557
vt 0.463249 0.945985
vt 0.463989 0.962446
vt 0.267313 0.219197
vt 0.267313 0.236432
vt 0.260181 0.236842
vt 0.256598 0.218486
vt 0.842549 0.049103
vt 0.848080 0.049458
vt 0.149932 0.517170
vt 0.150536 0.511761
vt 0.206272 0.461459
vt 0.217470 0.462876
vt 0.640800 0.219232
vt 0.632864 0.217872
vt 0.144294 0.520656
vt 0.596706 0.231973
vt 0.606968 0.226863
vt 0.835328 0.050090
vt 0.389844 0.068959
vt 0.388743 0.050853
vt 0.429528 0.071336
vt 0.391493 0.071696
vt 0.861496 0.053576
vt 0.858821 0.082833
vt 0.842387 0.000840
vt 0.847411 0.001023
vt 0.589418 0.235128
vt 0.645429 0.271620
vt 0.626602 0.220060
vt 0.222840 0.463139
vt 0.134482 0.523684
vt 0.965864 0.092778
vt 0.966127 0.087950
vt 0.972656 0.086379
vt 0.972042 0.091661
vt 0.962266 0.330067
vt 0.976454 0.328271
vt 0.966698 0.355956
vt 0.960977 0.354618
vt 0.966272 0.820369
vt 0.977387 0.819359
vt 0.971023 0.844875
vt 0.965914 0.844853
vt 0.954730 0.204425
vt 0.968303 0.204556
vt 0.968063 0.231265
vt 0.962580 0.231302
vt 0.984764 0.112556
vt 0.968925 0.112357
vt 0.984328 0.130194
vt 0.965864 0.128275
vt 0.950468 0.182077
vt 0.969529 0.182077
vt 0.964909 0.801553
vt 0.981994 0.801553
vt 0.960977 0.312947
vt 0.975599 0.307560
vt 0.492268 0.541456
vt 0.500385 0.545925
vt 0.464694 0.579151
vt 0.456508 0.573296
vt 0.020937 0.640837
vt 0.011732 0.636747
vt 0.009624 0.582449
vt 0.026698 0.582440
vt 0.270083 0.733199
vt 0.267564 0.741515
vt 0.248241 0.740693
vt 0.246498 0.729783
vt 0.521103 0.551371
vt 0.529061 0.570853
vt 0.512326 0.574591
vt 0.492744 0.576491
vt 0.546057 0.422719
vt 0.545565 0.432309
vt 0.522869 0.433602
vt 0.523652 0.424321
vt 0.533323 0.588196
vt 0.523561 0.590332
vt 0.508702 0.593896
vt 0.478587 0.424190
vt 0.477414 0.438248
vt 0.436155 0.440734
vt 0.438247 0.424832
vt 0.478436 0.418238
vt 0.438711 0.418216
vt 0.560160 0.420840
vt 0.559854 0.429223
vt 0.535079 0.474195
vt 0.541137 0.441683
vt 0.119470 0.750851
vt 0.121829 0.774218
vt 0.107575 0.773712
vt 0.105027 0.750039
vt 0.522768 0.712133
vt 0.540983 0.710767
vt 0.543948 0.724974
vt 0.524761 0.731636
vt 0.014229 0.543509
vt 0.027833 0.547288
vt 0.476499 0.598367
vt 0.506666 0.461047
vt 0.513525 0.466417
vt 0.491970 0.495816
vt 0.488528 0.489792
vt 0.522328 0.441553
vt 0.201603 0.782584
vt 0.201222 0.786927
vt 0.162121 0.795173
vt 0.163340 0.783934
vt 0.530147 0.629669
vt 0.540802 0.627696
vt 0.551464 0.663104
vt 0.545083 0.665153
vt 0.498787 0.634517
vt 0.521690 0.630984
vt 0.529624 0.668453
vt 0.517454 0.671760
vt 0.203016 0.746045
vt 0.201993 0.778193
vt 0.165444 0.775231
vt 0.163574 0.761813
vt 0.492806 0.634518
vt 0.505851 0.672537
vt 0.404940 0.595389
vt 0.411603 0.603537
vt 0.405203 0.614404
vt 0.392189 0.602014
vt 0.356095 0.717330
vt 0.360996 0.718921
vt 0.356601 0.728954
vt 0.350702 0.727691
vt 0.445590 0.624037
vt 0.433301 0.613295
vt 0.494656 0.500971
vt 0.449692 0.626931
vt 0.053234 0.584075
vt 0.043030 0.581514
vt 0.044133 0.553165
vt 0.051056 0.555288
vt 0.695291 0.024931
vt 0.687664 0.024051
vt 0.687539 0.012786
vt 0.695291 0.012873
vt 0.057538 0.426354
vt 0.049023 0.429774
vt 0.047686 0.419081
vt 0.058707 0.419359
vt 0.416693 0.608816
vt 0.409287 0.620895
vt 0.552355 0.708405
vt 0.561717 0.706549
vt 0.564313 0.721134
vt 0.553957 0.722926
vt 0.122897 0.791363
vt 0.120556 0.802881
vt 0.102043 0.803324
vt 0.108628 0.793652
vt 0.511933 0.714200
vt 0.512615 0.732886
vt 0.122635 0.781313
vt 0.111781 0.784002
vt 0.395952 0.422847
vt 0.395265 0.431524
vt 0.381020 0.434382
vt 0.381782 0.425018
vt 0.239817 0.790566
vt 0.242362 0.803324
vt 0.199094 0.794557
vt 0.200190 0.790723
vt 0.244041 0.759427
vt 0.238460 0.771089
vt 0.235035 0.782534
vt 0.201414 0.734837
vt 0.501748 0.715297
vt 0.502116 0.734179
vt 0.675248 0.024232
vt 0.674177 0.016657
vt 0.067867 0.587258
vt 0.059797 0.551805
vt 0.447795 0.568110
vt 0.423543 0.608142
vt 0.022013 0.425369
vt 0.013234 0.428881
vt 0.010490 0.417732
vt 0.021598 0.413535
vt 0.486898 0.634569
vt 0.496610 0.673044
vt 0.000413 0.636049
vt 0.000538 0.585314
vt 0.040559 0.427662
vt 0.028892 0.425606
vt 0.030101 0.413308
vt 0.041373 0.414105
vt 0.397966 0.589628
vt 0.389554 0.599138
vt 0.031941 0.580754
vt 0.035559 0.547626
vt 0.587993 0.313123
vt 0.577800 0.314404
vt 0.579899 0.276988
vt 0.595568 0.267894
vt 0.044321 0.647271
vt 0.040930 0.650970
vt 0.039687 0.636715
vt 0.034672 0.583927
vt 0.483578 0.482593
vt 0.461470 0.520084
vt 0.458709 0.516928
vt 0.577800 0.243414
vt 0.587676 0.243579
vt 0.409260 0.644826
vt 0.399914 0.641092
vt 0.052337 0.515520
vt 0.060012 0.514129
vt 0.476211 0.533380
vt 0.471045 0.529822
vt 0.017173 0.507026
vt 0.027015 0.511196
vt 0.046154 0.513741
vt 0.424705 0.658628
vt 0.413820 0.646949
vt 0.434885 0.544886
vt 0.437391 0.547716
vt 0.422722 0.563038
vt 0.420343 0.560370
vt 0.040064 0.483207
vt 0.027573 0.478809
vt 0.027553 0.459992
vt 0.038583 0.466257
vt 0.379722 0.665616
vt 0.388742 0.669073
vt 0.375576 0.683437
vt 0.367883 0.680702
vt 0.063388 0.481478
vt 0.053409 0.483684
vt 0.054882 0.464749
vt 0.064937 0.463322
vt 0.444674 0.554136
vt 0.452452 0.560774
vt 0.439713 0.574740
vt 0.430884 0.568511
vt 0.018524 0.476602
vt 0.019366 0.458527
vt 0.047651 0.481329
vt 0.048259 0.463293
vt 0.394876 0.673021
vt 0.403766 0.684897
vt 0.392470 0.700909
vt 0.382590 0.686065
vt 0.563462 0.416715
vt 0.562606 0.410079
vt 0.570143 0.408793
vt 0.569863 0.416969
vt 0.496509 0.531964
vt 0.499160 0.533688
vt 0.704957 0.255005
vt 0.704986 0.264433
vt 0.699876 0.262245
vt 0.700288 0.254127
vt 0.514193 0.533694
vt 0.486248 0.537674
vt 0.489330 0.531677
vt 0.134759 0.792207
vt 0.135696 0.780444
vt 0.511462 0.704274
vt 0.499071 0.704015
vt 0.546572 0.698029
vt 0.540371 0.697030
vt 0.409572 0.428222
vt 0.409865 0.419960
vt 0.135232 0.768022
vt 0.525971 0.700692
vt 0.132252 0.802167
vt 0.559161 0.696188
vt 0.407065 0.445566
vt 0.134113 0.752763
vt 0.493404 0.521444
vt 0.498605 0.520926
vt 0.510822 0.520980
vt 0.690992 0.265283
vt 0.691558 0.256874
vt 0.489075 0.522268
vt 0.579185 0.408720
vt 0.578903 0.417906
vt 0.698894 0.280787
vt 0.690170 0.279896
vt 0.410159 0.411698
vt 0.396640 0.414170
vt 0.439174 0.411599
vt 0.704986 0.285319
vt 0.560205 0.409445
vt 0.524352 0.413392
vt 0.478285 0.412286
vt 0.382544 0.415654
vt 0.546489 0.411645
vt 0.020768 0.442142
vt 0.028272 0.440085
vt 0.409079 0.584574
vt 0.406891 0.582150
vt 0.038684 0.440164
vt 0.362345 0.705916
vt 0.357968 0.697646
vt 0.057003 0.439344
vt 0.066568 0.437581
vt 0.425414 0.597537
vt 0.415132 0.591318
vt 0.049516 0.438510
vt 0.374406 0.717977
vt 0.367950 0.707852
vt 0.457796 0.541498
vt 0.448430 0.532692
vt 0.404255 0.660419
vt 0.400076 0.658204
vt 0.415536 0.672510
vt 0.046466 0.498815
vt 0.052796 0.500486
vt 0.017981 0.492499
vt 0.027953 0.495353
vt 0.463745 0.547215
vt 0.061265 0.499084
vt 0.390531 0.653784
vt 0.034878 0.513660
vt 0.037927 0.498367
vt 0.445796 0.529699
vt 0.347862 0.714861
vt 0.067867 0.424820
vt 0.364781 0.723883
vt 0.351417 0.739612
vt 0.344396 0.737530
vt 0.383236 0.612810
vt 0.379896 0.609163
vt 0.685466 0.000118
vt 0.694978 0.000563
vt 0.030066 0.399614
vt 0.044321 0.401163
vt 0.019276 0.399943
vt 0.671686 0.006428
vt 0.401973 0.633062
vt 0.395556 0.625683
vt 0.007667 0.405742
vt 0.044490 0.408082
vt 0.058237 0.407516
vt 0.373524 0.524106
vt 0.366446 0.484758
vt 0.379037 0.484676
vt 0.384352 0.524594
vt 0.682243 0.197997
vt 0.688031 0.255168
vt 0.670448 0.255103
vt 0.672748 0.202054
vt 0.546047 0.391776
vt 0.523326 0.395186
vt 0.523036 0.382104
vt 0.541874 0.379801
vt 0.536638 0.537627
vt 0.545761 0.566938
vt 0.584488 0.551732
vt 0.564350 0.560101
vt 0.546310 0.401518
vt 0.523892 0.404179
vt 0.543071 0.585867
vt 0.557236 0.582787
vt 0.478848 0.402294
vt 0.438591 0.395972
vt 0.436929 0.375765
vt 0.478052 0.384722
vt 0.478566 0.407290
vt 0.438883 0.403786
vt 0.560416 0.399360
vt 0.560344 0.388131
vt 0.536680 0.339787
vt 0.395719 0.393406
vt 0.381511 0.393179
vt 0.379726 0.365651
vt 0.393846 0.366795
vt 0.803138 0.270381
vt 0.798551 0.251251
vt 0.819476 0.251405
vt 0.821526 0.265787
vt 0.689295 0.287049
vt 0.675273 0.290753
vt 0.801989 0.412742
vt 0.802927 0.391629
vt 0.829362 0.386918
vt 0.823647 0.407677
vt 0.415188 0.347258
vt 0.411444 0.314466
vt 0.414362 0.308469
vt 0.426593 0.343606
vt 0.514883 0.352362
vt 0.142933 0.354698
vt 0.138491 0.312680
vt 0.149207 0.309790
vt 0.145797 0.353725
vt 0.551058 0.624883
vt 0.559736 0.661799
vt 0.804603 0.351917
vt 0.809188 0.310859
vt 0.823817 0.309726
vt 0.827707 0.347995
vt 0.436836 0.366770
vt 0.472129 0.359666
vt 0.560457 0.622111
vt 0.570877 0.659011
vt 0.798256 0.353949
vt 0.799708 0.313398
vt 0.348162 0.199112
vt 0.363238 0.196521
vt 0.358627 0.214968
vt 0.348120 0.212341
vt 0.372318 0.323446
vt 0.375401 0.313346
vt 0.381280 0.314854
vt 0.377573 0.324271
vt 0.370143 0.440693
vt 0.385042 0.435518
vt 0.494099 0.317026
vt 0.496902 0.312380
vt 0.576177 0.185461
vt 0.558514 0.224361
vt 0.551856 0.222938
vt 0.552859 0.192422
vt 0.393369 0.351116
vt 0.395692 0.323089
vt 0.402760 0.320674
vt 0.403878 0.348574
vt 0.574494 0.346924
vt 0.575038 0.360176
vt 0.567410 0.359946
vt 0.566692 0.347138
vt 0.389097 0.196198
vt 0.387926 0.189462
vt 0.399290 0.189242
vt 0.397890 0.199685
vt 0.416274 0.211352
vt 0.410105 0.202815
vt 0.414368 0.194315
vt 0.421493 0.205847
vt 0.571422 0.704041
vt 0.574496 0.718225
vt 0.772362 0.279268
vt 0.773120 0.264917
vt 0.775251 0.256196
vt 0.781506 0.274153
vt 0.792454 0.271779
vt 0.786401 0.253944
vt 0.382340 0.358048
vt 0.393380 0.358894
vt 0.396179 0.403788
vt 0.382027 0.404416
vt 0.581701 0.701447
vt 0.584488 0.715695
vt 0.791120 0.392341
vt 0.150549 0.396122
vt 0.156510 0.390953
vt 0.782695 0.389721
vt 0.791966 0.355910
vt 0.555121 0.356478
vt 0.555478 0.347736
vt 0.378358 0.354571
vt 0.386653 0.319477
vt 0.354059 0.484214
vt 0.357814 0.440286
vt 0.361894 0.320760
vt 0.361738 0.310626
vt 0.789363 0.316138
vt 0.661189 0.251030
vt 0.661149 0.201878
vt 0.765333 0.404142
vt 0.786827 0.358805
vt 0.789415 0.357347
vt 0.774818 0.395858
vt 0.766066 0.281492
vt 0.765333 0.270355
vt 0.702524 0.398335
vt 0.703349 0.411331
vt 0.691731 0.412189
vt 0.690491 0.400489
vt 0.351467 0.190550
vt 0.362907 0.190620
vt 0.780647 0.324238
vt 0.786495 0.320057
vt 0.510030 0.304982
vt 0.541701 0.335113
vt 0.706371 0.191347
vt 0.701541 0.202109
vt 0.702873 0.187916
vt 0.696292 0.253109
vt 0.237961 0.196672
vt 0.271948 0.196143
vt 0.271916 0.201638
vt 0.239556 0.209176
vt 0.479245 0.278626
vt 0.482967 0.273152
vt 0.358686 0.403162
vt 0.369976 0.404700
vt 0.386470 0.282477
vt 0.394397 0.283950
vt 0.473979 0.283460
vt 0.688499 0.320487
vt 0.678337 0.324759
vt 0.400697 0.281847
vt 0.571262 0.259403
vt 0.553262 0.260911
vt 0.572726 0.219843
vt 0.573950 0.257699
vt 0.269856 0.217451
vt 0.239940 0.216421
vt 0.302788 0.193427
vt 0.321122 0.191169
vt 0.321231 0.196151
vt 0.302850 0.198581
vt 0.456103 0.254201
vt 0.443714 0.238795
vt 0.451508 0.228605
vt 0.461423 0.245087
vt 0.357850 0.374904
vt 0.357735 0.357706
vt 0.366985 0.359364
vt 0.369021 0.376751
vt 0.383023 0.250391
vt 0.381465 0.232648
vt 0.391838 0.234135
vt 0.393368 0.252893
vt 0.448194 0.258528
vt 0.434739 0.244816
vt 0.689086 0.350890
vt 0.689048 0.368903
vt 0.680600 0.370506
vt 0.679727 0.353502
vt 0.398646 0.232624
vt 0.399219 0.250165
vt 0.573560 0.292323
vt 0.576177 0.309390
vt 0.557316 0.314145
vt 0.556609 0.294540
vt 0.375494 0.360758
vt 0.377029 0.376297
vt 0.318799 0.208912
vt 0.301306 0.210814
vt 0.682966 0.412049
vt 0.683399 0.400811
vt 0.563647 0.401180
vt 0.570089 0.397959
vt 0.373561 0.532841
vt 0.371014 0.533659
vt 0.564158 0.376555
vt 0.569265 0.379000
vt 0.569378 0.383120
vt 0.563960 0.383971
vt 0.523714 0.528068
vt 0.362788 0.529570
vt 0.362934 0.522642
vt 0.771229 0.294290
vt 0.778229 0.290488
vt 0.783079 0.285620
vt 0.796574 0.281069
vt 0.823479 0.279450
vt 0.827882 0.276795
vt 0.836565 0.308629
vt 0.410074 0.402444
vt 0.409989 0.393190
vt 0.407958 0.370623
vt 0.406509 0.360810
vt 0.810810 0.280044
vt 0.149412 0.280035
vt 0.156510 0.275992
vt 0.569990 0.692668
vt 0.573705 0.689400
vt 0.365907 0.543710
vt 0.361224 0.540687
vt 0.385042 0.538366
vt 0.375749 0.548476
vt 0.356904 0.537405
vt 0.351749 0.534086
vt 0.357195 0.525541
vt 0.579153 0.396924
vt 0.578740 0.387861
vt 0.689827 0.387183
vt 0.682079 0.385475
vt 0.340668 0.192399
vt 0.340848 0.197126
vt 0.429958 0.215993
vt 0.435224 0.211551
vt 0.359775 0.339362
vt 0.370322 0.335452
vt 0.379749 0.207058
vt 0.389623 0.208899
vt 0.419533 0.221857
vt 0.397332 0.208061
vt 0.575332 0.334454
vt 0.562209 0.337342
vt 0.376662 0.336467
vt 0.340208 0.208193
vt 0.287955 0.199114
vt 0.284962 0.212983
vt 0.370987 0.390004
vt 0.376197 0.390122
vt 0.375393 0.405017
vt 0.571926 0.275947
vt 0.553387 0.277611
vt 0.270553 0.189054
vt 0.285479 0.187528
vt 0.287939 0.193790
vt 0.301811 0.186010
vt 0.689477 0.335279
vt 0.679179 0.338349
vt 0.461024 0.270513
vt 0.467088 0.266551
vt 0.385220 0.267818
vt 0.393962 0.269296
vt 0.358951 0.388854
vt 0.696638 0.317597
vt 0.699801 0.331737
vt 0.702014 0.345883
vt 0.700589 0.386588
vt 0.378358 0.194192
vt 0.377590 0.303428
vt 0.384567 0.304491
vt 0.376312 0.191325
vt 0.376731 0.198806
vt 0.575492 0.373961
vt 0.566034 0.373902
vt 0.706371 0.423746
vt 0.691688 0.425208
vt 0.680566 0.425002
vt 0.554346 0.369193
vt 0.400681 0.195450
vt 0.407319 0.184205
vt 0.668728 0.417871
vt 0.671626 0.406680
vt 0.373144 0.217451
vt 0.388441 0.177923
vt 0.402614 0.178543
vt 0.948890 0.098338
vt 0.948039 0.094378
vt 0.952412 0.094161
vt 0.953090 0.098289
vt 0.944294 0.074075
vt 0.958449 0.068741
vt 0.562713 0.602038
vt 0.572848 0.602053
vt 0.566329 0.624152
vt 0.562694 0.624654
vt 0.945836 0.350489
vt 0.958419 0.350652
vt 0.959834 0.375346
vt 0.955937 0.374421
vt 0.960619 0.001207
vt 0.975069 0.002613
vt 0.974924 0.025174
vt 0.962210 0.026546
vt 0.942227 0.323331
vt 0.959834 0.323347
vt 0.562694 0.578516
vt 0.578947 0.579972
vt 0.943936 0.054747
vt 0.958449 0.045843
vt 0.975069 0.046856
vt 0.971359 0.048476
vt 0.155564 0.264468
vt 0.161793 0.264468
vt 0.162050 0.271468
vt 0.155511 0.271054
vt 0.976095 0.956553
vt 0.962622 0.957340
vt 0.969456 0.933829
vt 0.975694 0.937004
vt 0.096438 0.969137
vt 0.085836 0.973755
vt 0.091264 0.956094
vt 0.097397 0.958769
vt 0.874695 0.023133
vt 0.861327 0.021209
vt 0.857920 0.005074
vt 0.863559 0.001133
vt 0.986150 0.483379
vt 0.970803 0.478375
vt 0.972928 0.462883
vt 0.986150 0.464061
vt 0.876731 0.042936
vt 0.857920 0.040486
vt 0.102493 0.983583
vt 0.085836 0.990305
vt 0.976454 0.973495
vt 0.962622 0.977839
vt 0.974097 0.451363
vt 0.980277 0.448678
vt 0.247053 0.039613
vt 0.226515 0.035379
vt 0.228686 0.012700
vt 0.249128 0.019561
vt 0.109683 0.110779
vt 0.109058 0.096645
vt 0.124406 0.093449
vt 0.127192 0.108893
vt 0.040036 0.042449
vt 0.059203 0.041519
vt 0.059251 0.058300
vt 0.044397 0.061904
vt 0.116146 0.435160
vt 0.132069 0.436471
vt 0.136944 0.458580
vt 0.123965 0.458906
vt 0.144858 0.437023
vt 0.149086 0.458359
vt 0.227937 0.000120
vt 0.250200 0.003972
vt 0.074450 0.118182
vt 0.065608 0.091569
vt 0.090632 0.096274
vt 0.098666 0.113928
vt 0.067397 0.339478
vt 0.070785 0.360973
vt 0.052052 0.362014
vt 0.057428 0.339136
vt 0.648044 0.605116
vt 0.650525 0.626404
vt 0.633341 0.623218
vt 0.631840 0.602253
vt 0.157671 0.431718
vt 0.158381 0.459335
vt 0.038754 0.342282
vt 0.033069 0.366539
vt 0.012409 0.372015
vt 0.019327 0.346600
vt 0.022409 0.042120
vt 0.007626 0.042564
vt 0.007672 0.018343
vt 0.020535 0.017668
vt 0.918490 0.315833
vt 0.912940 0.297050
vt 0.933518 0.295057
vt 0.930467 0.316380
vt 0.929166 0.357436
vt 0.924842 0.338608
vt 0.928868 0.337604
vt 0.933518 0.356457
vt 0.070233 0.040242
vt 0.069217 0.056711
vt 0.150532 0.405077
vt 0.171466 0.405143
vt 0.176883 0.431616
vt 0.065203 0.016853
vt 0.081670 0.019789
vt 0.085654 0.037302
vt 0.669541 0.607737
vt 0.672942 0.622222
vt 0.000734 0.376551
vt 0.006898 0.350859
vt 0.108363 0.434387
vt 0.114347 0.459337
vt 0.542462 0.035419
vt 0.515240 0.045171
vt 0.514803 0.041212
vt 0.538865 0.018413
vt 0.039858 0.018549
vt 0.242636 0.059844
vt 0.220794 0.059808
vt 0.027835 0.061297
vt 0.015075 0.067460
vt 0.000017 0.066414
vt 0.000000 0.041971
vt 0.555534 0.018104
vt 0.560714 0.031968
vt 0.177812 0.459169
vt 0.058194 0.017435
vt 0.141150 0.415387
vt 0.126442 0.415580
vt 0.107505 0.409899
vt 0.501006 0.051934
vt 0.472489 0.042087
vt 0.479826 0.026588
vt 0.507749 0.034646
vt 0.377088 0.042508
vt 0.293182 0.051351
vt 0.296269 0.036693
vt 0.381814 0.027390
vt 0.045170 0.068135
vt 0.044775 0.092737
vt 0.028718 0.099372
vt 0.028669 0.069234
vt 0.051259 0.188568
vt 0.050792 0.282187
vt 0.032428 0.282412
vt 0.034194 0.189159
vt 0.015675 0.075645
vt 0.017950 0.106086
vt 0.006257 0.106438
vt 0.000931 0.075049
vt 0.020257 0.192602
vt 0.015059 0.284746
vt 0.001065 0.288323
vt 0.008219 0.194395
vt 0.674497 0.331721
vt 0.672877 0.361447
vt 0.657384 0.371208
vt 0.655216 0.343494
vt 0.661141 0.457941
vt 0.664601 0.548698
vt 0.647221 0.550294
vt 0.646034 0.465291
vt 0.633771 0.377820
vt 0.634133 0.351766
vt 0.631830 0.552242
vt 0.628063 0.470240
vt 0.120717 0.406412
vt 0.111817 0.370875
vt 0.128798 0.372363
vt 0.137456 0.407063
vt 0.095478 0.274473
vt 0.091680 0.176522
vt 0.107861 0.175872
vt 0.110760 0.272668
vt 0.058197 0.064682
vt 0.054898 0.091852
vt 0.061306 0.191015
vt 0.060818 0.283949
vt 0.102123 0.400909
vt 0.096023 0.368690
vt 0.073643 0.278090
vt 0.062424 0.181646
vt 0.530971 0.019341
vt 0.489395 0.022544
vt 0.501697 0.009103
vt 0.529725 0.012184
vt 0.388964 0.013293
vt 0.301648 0.018491
vt 0.306814 0.007165
vt 0.400029 0.000000
vt 0.140462 0.366500
vt 0.146748 0.397740
vt 0.120361 0.170501
vt 0.122169 0.265547
vt 0.266702 0.051561
vt 0.270922 0.035261
vt 0.634353 0.577652
vt 0.612743 0.596165
vt 0.618142 0.572160
vt 0.051872 0.311588
vt 0.033401 0.313026
vt 0.014991 0.316369
vt 0.001815 0.320293
vt 0.664650 0.576268
vt 0.649905 0.577694
vt 0.092587 0.144409
vt 0.109299 0.143049
vt 0.063776 0.312319
vt 0.065834 0.149089
vt 0.274383 0.012946
vt 0.277953 0.006043
vt 0.114522 0.141440
vt 0.053243 0.384498
vt 0.034363 0.393423
vt 0.015595 0.398368
vt 0.650036 0.650970
vt 0.634390 0.648517
vt 0.084982 0.079421
vt 0.107836 0.079727
vt 0.205499 0.010703
vt 0.201432 0.001157
vt 0.125163 0.078488
vt 0.005950 0.403677
vt 0.069626 0.387242
vt 0.202463 0.032024
vt 0.066893 0.063943
vt 0.674515 0.636499
vt 0.193916 0.056079
vt 0.064737 0.064548
vt 0.654407 0.336604
vt 0.634259 0.345176
vt 0.674515 0.324862
vt 0.507950 0.052701
vt 0.514158 0.164787
vt 0.512106 0.145139
vt 0.532153 0.137881
vt 0.534301 0.160059
vt 0.202129 0.109384
vt 0.183871 0.108037
vt 0.187283 0.092500
vt 0.203707 0.095216
vt 0.558159 0.083454
vt 0.538350 0.082010
vt 0.541111 0.065254
vt 0.557986 0.062334
vt 0.343875 0.248737
vt 0.344857 0.223588
vt 0.357555 0.221735
vt 0.358244 0.244795
vt 0.369155 0.219934
vt 0.368481 0.242225
vt 0.254529 0.078529
vt 0.258300 0.092412
vt 0.236472 0.093312
vt 0.235049 0.082168
vt 0.341094 0.577215
vt 0.361172 0.577720
vt 0.360897 0.596621
vt 0.341174 0.605334
vt 0.259239 0.102537
vt 0.236465 0.115645
vt 0.372243 0.579063
vt 0.375349 0.593370
vt 0.165536 0.112529
vt 0.153718 0.116641
vt 0.155130 0.094492
vt 0.167978 0.089942
vt 0.376754 0.217468
vt 0.378078 0.245679
vt 0.311769 0.570412
vt 0.325707 0.574453
vt 0.324539 0.602646
vt 0.306481 0.598116
vt 0.315788 0.252164
vt 0.318507 0.225785
vt 0.333374 0.224902
vt 0.331169 0.251169
vt 0.908312 0.322214
vt 0.894055 0.305448
vt 0.924903 0.358726
vt 0.920865 0.339711
vt 0.542132 0.054084
vt 0.558593 0.051509
vt 0.191178 0.431212
vt 0.189883 0.404483
vt 0.578554 0.033117
vt 0.582406 0.052616
vt 0.515514 0.048982
vt 0.582159 0.080934
vt 0.584283 0.097270
vt 0.559595 0.099385
vt 0.257250 0.119891
vt 0.233152 0.131904
vt 0.518643 0.189607
vt 0.540089 0.189751
vt 0.540008 0.096544
vt 0.324482 0.278173
vt 0.339268 0.275758
vt 0.193319 0.458808
vt 0.582232 0.060169
vt 0.313459 0.272387
vt 0.205628 0.414414
vt 0.200963 0.436176
vt 0.359200 0.266672
vt 0.371522 0.264526
vt 0.265196 0.188910
vt 0.258470 0.168479
vt 0.285913 0.161986
vt 0.293198 0.179828
vt 0.386735 0.175998
vt 0.382007 0.158322
vt 0.465956 0.166162
vt 0.469075 0.183380
vt 0.532039 0.082309
vt 0.531969 0.097502
vt 0.501692 0.101755
vt 0.507371 0.085404
vt 0.410680 0.093998
vt 0.411111 0.111305
vt 0.317667 0.121690
vt 0.316817 0.102113
vt 0.321527 0.287453
vt 0.334862 0.285795
vt 0.329388 0.319717
vt 0.317896 0.320355
vt 0.307182 0.414482
vt 0.319179 0.415312
vt 0.326684 0.514558
vt 0.313557 0.511825
vt 0.192069 0.397056
vt 0.175377 0.386280
vt 0.181381 0.356577
vt 0.193345 0.365701
vt 0.191394 0.264502
vt 0.175380 0.258327
vt 0.171740 0.169453
vt 0.189080 0.169464
vt 0.526380 0.108825
vt 0.495644 0.111636
vt 0.408522 0.124627
vt 0.316370 0.139354
vt 0.159799 0.379053
vt 0.166813 0.350973
vt 0.162325 0.254352
vt 0.159563 0.168555
vt 0.355051 0.276910
vt 0.368688 0.273603
vt 0.360702 0.310491
vt 0.346825 0.314694
vt 0.213900 0.272685
vt 0.202257 0.271287
vt 0.200151 0.174479
vt 0.213950 0.174676
vt 0.534764 0.067211
vt 0.507672 0.074339
vt 0.407646 0.083169
vt 0.314481 0.090879
vt 0.229178 0.275741
vt 0.236748 0.179014
vt 0.534560 0.058532
vt 0.493179 0.063859
vt 0.394539 0.074168
vt 0.307485 0.082221
vt 0.206815 0.406016
vt 0.205906 0.371199
vt 0.235667 0.153624
vt 0.276487 0.156942
vt 0.374992 0.145001
vt 0.460678 0.148879
vt 0.490810 0.163735
vt 0.495082 0.184054
vt 0.286894 0.123629
vt 0.287217 0.105268
vt 0.333295 0.547041
vt 0.319146 0.544268
vt 0.172750 0.140595
vt 0.191375 0.140279
vt 0.284689 0.140890
vt 0.254168 0.136707
vt 0.161678 0.141672
vt 0.200961 0.141665
vt 0.213753 0.142580
vt 0.353473 0.547708
vt 0.365028 0.546595
vt 0.285809 0.091814
vt 0.233034 0.146565
vt 0.455671 0.140508
vt 0.483961 0.137877
vt 0.487432 0.143211
vt 0.281175 0.087115
vt 0.206120 0.132461
vt 0.213841 0.116377
vt 0.325864 0.629995
vt 0.309410 0.625922
vt 0.158873 0.067550
vt 0.170630 0.063871
vt 0.378332 0.610594
vt 0.358171 0.614612
vt 0.210191 0.096793
vt 0.212301 0.084966
vt 0.186921 0.077556
vt 0.205565 0.078251
vt 0.341856 0.633386
vt 0.554901 0.135463
vt 0.557908 0.156757
vt 0.566482 0.186471
vt 0.264501 0.147484
vt 0.364200 0.134972
vt 0.336096 0.415620
vt 0.346815 0.415165
vt 0.509803 0.057081
vt 0.173892 0.393661
vt 0.159305 0.386024
vt 0.311388 0.281179
vt 0.258382 0.189751
vt 0.251488 0.172590
vt 0.894737 0.994460
vt 0.878093 0.988358
vt 0.878056 0.959078
vt 0.894737 0.964207
vt 0.541551 0.760388
vt 0.531960 0.760246
vt 0.528586 0.732578
vt 0.541551 0.733108
vt 0.865608 0.989150
vt 0.863650 0.962601
vt 0.725714 0.402516
vt 0.708783 0.404432
vt 0.708783 0.380651
vt 0.725762 0.380063
vt 0.426593 0.679421
vt 0.426580 0.705705
vt 0.406516 0.710526
vt 0.406516 0.685031
vt 0.704986 0.353976
vt 0.704986 0.382503
vt 0.692469 0.383657
vt 0.695864 0.354716
vt 0.385042 0.295014
vt 0.371018 0.295014
vt 0.372154 0.268337
vt 0.383740 0.266447
vt 0.285218 0.223217
vt 0.285319 0.247922
vt 0.269943 0.245751
vt 0.269943 0.219291
vt 0.495843 0.724872
vt 0.491703 0.722682
vt 0.490357 0.708489
vt 0.495845 0.711550
vt 0.493519 0.734494
vt 0.490357 0.736842
vt 0.491344 0.728942
vt 0.495139 0.729487
vt 0.330559 0.438302
vt 0.328037 0.437146
vt 0.328084 0.435976
vt 0.330528 0.436163
vt 0.328832 0.454143
vt 0.327359 0.453044
vt 0.328261 0.450219
vt 0.330220 0.450941
vt 0.329068 0.445109
vt 0.331025 0.446088
vt 0.327045 0.431153
vt 0.327685 0.431714
vt 0.324439 0.433058
vt 0.325745 0.430988
vt 0.327436 0.456062
vt 0.325194 0.457064
vt 0.324420 0.444046
vt 0.324535 0.438122
vt 0.324491 0.449207
vt 0.324420 0.451576
vt 0.542936 0.916242
vt 0.542556 0.922673
vt 0.540523 0.920594
vt 0.540523 0.910738
vt 0.542411 0.928283
vt 0.540916 0.927218
vt 0.542242 0.930631
vt 0.541197 0.930495
vt 0.542356 0.934903
vt 0.541607 0.933038
vt 0.105237 0.426120
vt 0.106648 0.438900
vt 0.101289 0.441828
vt 0.101289 0.429392
vt 0.127582 0.234843
vt 0.128809 0.239001
vt 0.124308 0.239612
vt 0.124308 0.232416
vt 0.145129 0.019011
vt 0.145429 0.024931
vt 0.141153 0.023613
vt 0.141153 0.016972
vt 0.279298 0.761579
vt 0.279271 0.763735
vt 0.276692 0.763920
vt 0.276637 0.762635
vt 0.277468 0.746803
vt 0.278932 0.749677
vt 0.276863 0.750298
vt 0.275909 0.747646
vt 0.279778 0.754048
vt 0.277712 0.754909
vt 0.276276 0.767967
vt 0.275602 0.768552
vt 0.274231 0.768698
vt 0.272853 0.766828
vt 0.275994 0.745014
vt 0.273635 0.744328
vt 0.272947 0.761966
vt 0.272803 0.755732
vt 0.272880 0.751101
vt 0.272803 0.748833
vt 0.065097 0.261577
vt 0.062611 0.267313
vt 0.062611 0.257814
vt 0.064666 0.254892
vt 0.062999 0.251121
vt 0.064545 0.249918
vt 0.063277 0.247765
vt 0.064383 0.247853
vt 0.063720 0.245521
vt 0.064534 0.244178
vt 0.145429 0.015217
vt 0.143514 0.015033
vt 0.143651 0.013350
vt 0.144888 0.013510
vt 0.130106 0.002912
vt 0.129008 0.003845
vt 0.128429 0.002364
vt 0.130194 0.001147
vt 0.145429 0.016620
vt 0.143514 0.016436
vt 0.130194 0.005282
vt 0.129413 0.005540
vt 0.497172 0.136449
vt 0.491664 0.132123
vt 0.493084 0.130333
vt 0.497165 0.132706
vt 0.492869 0.138604
vt 0.489147 0.134749
vt 0.497133 0.142379
vt 0.496105 0.142659
vt 0.501358 0.134340
vt 0.501385 0.135305
vt 0.487608 0.140694
vt 0.486707 0.139729
vt 0.496146 0.127095
vt 0.497170 0.127331
vt 0.486707 0.130607
vt 0.486860 0.129464
vt 0.487708 0.128923
vt 0.229993 0.139805
vt 0.226472 0.135962
vt 0.227380 0.134899
vt 0.229989 0.137158
vt 0.227242 0.140716
vt 0.224863 0.137461
vt 0.229969 0.143992
vt 0.229311 0.144044
vt 0.232670 0.138910
vt 0.232687 0.139596
vt 0.223879 0.141445
vt 0.223303 0.140635
vt 0.229338 0.133045
vt 0.229992 0.133358
vt 0.223303 0.134185
vt 0.223400 0.133399
vt 0.223942 0.133137
vt 0.074939 0.306094
vt 0.069525 0.300979
vt 0.070834 0.299606
vt 0.074821 0.302624
vt 0.070876 0.307227
vt 0.067190 0.302908
vt 0.075081 0.311581
vt 0.074103 0.311634
vt 0.078892 0.304981
vt 0.078947 0.305880
vt 0.065891 0.308107
vt 0.064998 0.307032
vt 0.073675 0.297221
vt 0.074664 0.297645
vt 0.064724 0.298580
vt 0.064836 0.297551
vt 0.065633 0.297221
vt 0.518603 0.832418
vt 0.548476 0.831216
vt 0.540687 0.857426
vt 0.524398 0.858455
vt 0.475864 0.855774
vt 0.475545 0.834850
vt 0.431410 0.858484
vt 0.431007 0.838055
vt 0.424031 0.858726
vt 0.424738 0.837347
vt 0.859218 0.289719
vt 0.844760 0.254936
vt 0.869066 0.260663
vt 0.880886 0.276958
vt 0.854719 0.306153
vt 0.876513 0.310249
vt 0.872884 0.200994
vt 0.880886 0.204310
vt 0.558099 0.462857
vt 0.554517 0.476141
vt 0.545529 0.475393
vt 0.550722 0.454388
vt 0.082512 0.480979
vt 0.107091 0.537127
vt 0.077464 0.545988
vt 0.073230 0.486417
vt 0.095008 0.567776
vt 0.068897 0.559538
vt 0.082577 0.461055
vt 0.074310 0.463327
vt 0.100067 0.580460
vt 0.076204 0.584488
vt 0.549982 0.503018
vt 0.540514 0.500070
vt 0.863902 0.692521
vt 0.835459 0.685985
vt 0.828760 0.665140
vt 0.862861 0.653836
vt 0.827087 0.601119
vt 0.865284 0.602379
vt 0.827334 0.584577
vt 0.865933 0.584100
vt 0.832515 0.554367
vt 0.863774 0.553263
vt 0.939673 0.290907
vt 0.944499 0.268944
vt 0.966759 0.267983
vt 0.966759 0.291833
vt 0.922741 0.291822
vt 0.927123 0.271999
vt 0.560624 0.504625
vt 0.562327 0.477981
vt 0.117639 0.560237
vt 0.118553 0.564762
vt 0.092054 0.461486
vt 0.095957 0.479479
vt 0.132964 0.523541
vt 0.862448 0.202161
vt 0.867269 0.187027
vt 0.875187 0.187105
vt 0.825403 0.251455
vt 0.838005 0.297316
vt 0.836129 0.290725
vt 0.562327 0.520608
vt 0.553028 0.523546
vt 0.425488 0.814374
vt 0.408173 0.836014
vt 0.410683 0.806506
vt 0.933726 0.318846
vt 0.956153 0.321330
vt 0.894737 0.584426
vt 0.887849 0.553783
vt 0.894362 0.602898
vt 0.894737 0.659214
vt 0.885999 0.683583
vt 0.068897 0.437926
vt 0.078993 0.439029
vt 0.430736 0.814179
vt 0.475519 0.813260
vt 0.526680 0.806506
vt 0.544229 0.810439
vt 0.056451 0.821978
vt 0.051145 0.847700
vt 0.034742 0.846176
vt 0.026382 0.820074
vt 0.099797 0.828520
vt 0.099895 0.849444
vt 0.144660 0.829872
vt 0.144664 0.850416
vt 0.150951 0.829094
vt 0.152092 0.850358
vt 0.466098 0.642300
vt 0.488920 0.649788
vt 0.476369 0.664299
vt 0.450423 0.673609
vt 0.461263 0.630734
vt 0.484085 0.626065
vt 0.487315 0.716253
vt 0.478232 0.723932
vt 0.488802 0.743952
vt 0.479497 0.741927
vt 0.392656 0.560015
vt 0.384273 0.556804
vt 0.391177 0.493459
vt 0.418872 0.499936
vt 0.383513 0.478115
vt 0.408577 0.465684
vt 0.391258 0.576177
vt 0.383513 0.574508
vt 0.391044 0.444995
vt 0.413702 0.448918
vt 0.478749 0.767313
vt 0.488920 0.766326
vt 0.688366 0.855851
vt 0.649642 0.855674
vt 0.660550 0.821723
vt 0.681489 0.828002
vt 0.598190 0.859969
vt 0.596469 0.821723
vt 0.579897 0.860256
vt 0.579913 0.821809
vt 0.549015 0.858949
vt 0.549751 0.828078
vt 0.941658 0.777492
vt 0.968144 0.780195
vt 0.963257 0.803324
vt 0.941625 0.802072
vt 0.924607 0.784030
vt 0.924842 0.803324
vt 0.467553 0.764905
vt 0.471234 0.742358
vt 0.428759 0.462222
vt 0.429825 0.457142
vt 0.660663 0.171302
vt 0.651603 0.171810
vt 0.648748 0.157493
vt 0.661849 0.157933
vt 0.441828 0.502445
vt 0.405056 0.557427
vt 0.466749 0.727355
vt 0.429451 0.682196
vt 0.443631 0.639550
vt 0.441554 0.645498
vt 0.662050 0.191599
vt 0.652717 0.198723
vt 0.149736 0.806294
vt 0.164474 0.796102
vt 0.167590 0.825462
vt 0.941456 0.751452
vt 0.963920 0.749824
vt 0.580571 0.889188
vt 0.549829 0.883226
vt 0.599061 0.889197
vt 0.655410 0.887675
vt 0.679689 0.878270
vt 0.643489 0.202216
vt 0.643489 0.171547
vt 0.144454 0.806010
vt 0.099390 0.807185
vt 0.047807 0.796102
vt 0.030236 0.799616
vt 0.407731 0.135149
vt 0.401452 0.137119
vt 0.401368 0.133961
vt 0.407647 0.131991
vt 0.455637 0.123902
vt 0.440922 0.124736
vt 0.440838 0.121578
vt 0.455553 0.120744
vt 0.482607 0.123750
vt 0.473224 0.122905
vt 0.473140 0.119748
vt 0.482522 0.120592
vt 0.521413 0.127902
vt 0.514920 0.126659
vt 0.514836 0.123501
vt 0.521329 0.124744
vt 0.434333 0.126803
vt 0.434249 0.123645
vt 0.416598 0.132367
vt 0.416514 0.129209
vt 0.462456 0.123515
vt 0.462372 0.120358
vt 0.507662 0.126006
vt 0.507578 0.122848
vt 0.491718 0.124570
vt 0.491634 0.121413
vt 0.556747 0.134968
vt 0.551181 0.133868
vt 0.551098 0.130714
vt 0.556692 0.131875
vt 0.544571 0.132499
vt 0.544487 0.129341
vt 0.425466 0.129585
vt 0.425382 0.126427
vt 0.499690 0.125288
vt 0.499606 0.122130
vt 0.533462 0.130262
vt 0.527907 0.129144
vt 0.527823 0.125987
vt 0.533377 0.127105
vt 0.539016 0.131381
vt 0.538932 0.128223
vt 0.567858 0.137119
vt 0.562299 0.136034
vt 0.562283 0.133031
vt 0.567867 0.134170
vt 0.292493 0.519773
vt 0.295638 0.519928
vt 0.292874 0.526316
vt 0.289729 0.526161
vt 0.306207 0.471527
vt 0.309352 0.471682
vt 0.310249 0.486161
vt 0.307104 0.486006
vt 0.304118 0.444813
vt 0.307263 0.444968
vt 0.308279 0.454378
vt 0.305134 0.454224
vt 0.299317 0.405869
vt 0.302462 0.406023
vt 0.303762 0.412559
vt 0.300617 0.412405
vt 0.307349 0.492864
vt 0.304204 0.492709
vt 0.296397 0.510752
vt 0.299542 0.510906
vt 0.308936 0.464972
vt 0.305791 0.464818
vt 0.304548 0.419839
vt 0.301403 0.419684
vt 0.303130 0.435675
vt 0.306275 0.435830
vt 0.291969 0.370289
vt 0.295051 0.370413
vt 0.296253 0.376047
vt 0.293111 0.375894
vt 0.297675 0.382706
vt 0.294530 0.382551
vt 0.303445 0.501885
vt 0.300300 0.501731
vt 0.305412 0.427834
vt 0.302267 0.427680
vt 0.296854 0.393738
vt 0.299999 0.393893
vt 0.301162 0.399487
vt 0.298017 0.399332
vt 0.298837 0.388299
vt 0.295692 0.388145
vt 0.289729 0.359102
vt 0.292672 0.359158
vt 0.293853 0.364781
vt 0.290858 0.364700
vt 0.677993 0.944219
vt 0.674454 0.943925
vt 0.680986 0.937820
vt 0.684331 0.938768
vt 0.708119 0.918520
vt 0.710526 0.919694
vt 0.348706 0.704891
vt 0.346284 0.706371
vt 0.345977 0.685295
vt 0.349030 0.683634
vt 0.345977 0.666386
vt 0.349030 0.664725
vt 0.083275 0.003467
vt 0.085301 0.001367
vt 0.085873 0.020097
vt 0.083275 0.020776
vt 0.403003 0.559491
vt 0.405853 0.559204
vt 0.407202 0.569071
vt 0.404543 0.569200
vt 0.675106 0.953519
vt 0.671373 0.953880
vt 0.677993 0.960756
vt 0.684331 0.964187
vt 0.680986 0.965985
vt 0.674454 0.961836
vt 0.710526 0.967986
vt 0.708119 0.970914
vt 0.320181 0.909913
vt 0.321091 0.888087
vt 0.324100 0.889695
vt 0.322388 0.911357
vt 0.320181 0.868679
vt 0.323190 0.870287
vt 0.173883 0.923268
vt 0.174006 0.904108
vt 0.175900 0.902820
vt 0.175900 0.926593
vt 0.403003 0.578884
vt 0.405853 0.578947
vt 0.453815 0.189011
vt 0.451833 0.186011
vt 0.464033 0.185329
vt 0.465374 0.188458
vt 0.149639 0.476121
vt 0.151814 0.473003
vt 0.152355 0.487974
vt 0.149639 0.490305
vt 0.002401 0.804930
vt 0.000216 0.807479
vt 0.002563 0.784615
vt 0.005540 0.783468
vt 0.000216 0.765077
vt 0.002964 0.766073
vt 0.448521 0.197397
vt 0.446018 0.194884
vt 0.448947 0.211111
vt 0.445787 0.209514
vt 0.456662 0.229825
vt 0.453318 0.229509
vt 0.465374 0.242100
vt 0.462532 0.243767
vt 0.305797 0.536314
vt 0.305194 0.552489
vt 0.287563 0.556040
vt 0.286864 0.542194
vt 0.305119 0.565522
vt 0.288162 0.568847
vt 0.305639 0.584393
vt 0.286483 0.584718
vt 0.908966 0.113574
vt 0.908073 0.097825
vt 0.927927 0.099464
vt 0.929091 0.113796
vt 0.908471 0.167176
vt 0.930064 0.167234
vt 0.929764 0.176706
vt 0.908073 0.178670
vt 0.306094 0.528145
vt 0.286194 0.532035
vt 0.909207 0.133945
vt 0.930748 0.135814
vt 0.305027 0.595178
vt 0.288072 0.595420
vt 0.929961 0.154679
vt 0.909549 0.152463
vt 0.953525 0.644806
vt 0.934291 0.644013
vt 0.933946 0.630302
vt 0.951692 0.629860
vt 0.933566 0.618111
vt 0.950577 0.619263
vt 0.306094 0.620499
vt 0.289037 0.618179
vt 0.286863 0.606150
vt 0.306013 0.605495
vt 0.953649 0.673130
vt 0.933566 0.671645
vt 0.934334 0.655996
vt 0.954294 0.657435
vt 0.646649 0.273722
vt 0.646570 0.260603
vt 0.667590 0.261696
vt 0.667554 0.273200
vt 0.646691 0.309683
vt 0.667504 0.307929
vt 0.666114 0.325667
vt 0.646570 0.326870
vt 0.667166 0.287123
vt 0.647418 0.289424
vt 0.721569 0.109779
vt 0.711721 0.129971
vt 0.708555 0.126028
vt 0.710566 0.112295
vt 0.727206 0.120548
vt 0.718912 0.133919
vt 0.729209 0.100532
vt 0.731302 0.102092
vt 0.708044 0.087450
vt 0.710396 0.086441
vt 0.731302 0.134606
vt 0.729218 0.137873
vt 0.696800 0.112727
vt 0.698226 0.110028
vt 0.720505 0.155903
vt 0.718001 0.157895
vt 0.715769 0.157298
vt 0.288491 0.393471
vt 0.293629 0.393471
vt 0.293540 0.411068
vt 0.288629 0.411357
vt 0.058821 0.068968
vt 0.063712 0.067243
vt 0.063712 0.077222
vt 0.058821 0.078947
vt 0.256473 0.139444
vt 0.261773 0.139491
vt 0.261773 0.146814
vt 0.256473 0.146767
vt 0.005540 0.144377
vt 0.005540 0.163435
vt 0.000516 0.163142
vt 0.001111 0.144491
vt 0.067112 0.010658
vt 0.067112 0.000716
vt 0.072022 0.002524
vt 0.072022 0.012465
vt 0.250995 0.195109
vt 0.250995 0.187699
vt 0.256233 0.187881
vt 0.256233 0.195291
vt 0.372271 0.550503
vt 0.376731 0.550275
vt 0.376731 0.571567
vt 0.371675 0.572022
vt 0.119781 0.060969
vt 0.124654 0.059436
vt 0.124654 0.066334
vt 0.119781 0.067867
vt 0.260407 0.038489
vt 0.265928 0.038676
vt 0.265928 0.045706
vt 0.260407 0.045520
vt 0.070637 0.481172
vt 0.070637 0.502770
vt 0.066151 0.502505
vt 0.065623 0.481248
vt 0.195931 0.020672
vt 0.195931 0.013813
vt 0.200831 0.015301
vt 0.200831 0.022161
vt 0.000207 0.207756
vt 0.000207 0.200478
vt 0.005540 0.200371
vt 0.005540 0.207648
vt 0.241391 0.557040
vt 0.246537 0.557205
vt 0.246537 0.577562
vt 0.241724 0.577555
vt 0.000438 0.164132
vt 0.005540 0.164955
vt 0.005540 0.174515
vt 0.000438 0.173692
vt 0.067016 0.313951
vt 0.072022 0.311953
vt 0.072022 0.324872
vt 0.067016 0.326870
vt 0.564995 0.522895
vt 0.565097 0.542936
vt 0.559942 0.542683
vt 0.559942 0.522845
vt 0.148655 0.088643
vt 0.148655 0.079049
vt 0.153740 0.078271
vt 0.153740 0.087865
vt 0.237389 0.229589
vt 0.237389 0.216637
vt 0.242382 0.218350
vt 0.242382 0.231302
vt 0.083856 0.351483
vt 0.075498 0.349605
vt 0.076036 0.326723
vt 0.084488 0.328610
vt 0.080097 0.382581
vt 0.071558 0.381802
vt 0.084488 0.407202
vt 0.075948 0.406424
vt 0.186981 0.547462
vt 0.178937 0.548476
vt 0.172431 0.531008
vt 0.180474 0.529993
vt 0.171740 0.487284
vt 0.179784 0.486269
vt 0.178937 0.461849
vt 0.186981 0.460835
vt 0.534486 0.313641
vt 0.526729 0.315789
vt 0.530226 0.280243
vt 0.540166 0.276213
vt 0.526729 0.248414
vt 0.535072 0.245398
vt 0.213450 0.274969
vt 0.221607 0.279164
vt 0.214547 0.318404
vt 0.205299 0.318228
vt 0.214037 0.362001
vt 0.221607 0.365651
vt 0.158661 0.255874
vt 0.156041 0.253176
vt 0.156716 0.252367
vt 0.158657 0.253935
vt 0.156614 0.256634
vt 0.154844 0.254328
vt 0.158642 0.258943
vt 0.158153 0.259003
vt 0.160652 0.255129
vt 0.160665 0.255632
vt 0.154111 0.257279
vt 0.153683 0.256705
vt 0.158173 0.250944
vt 0.158660 0.251151
vt 0.153683 0.251980
vt 0.153755 0.251400
vt 0.154159 0.251191
vt 0.214077 0.138009
vt 0.211477 0.135879
vt 0.212147 0.134912
vt 0.214074 0.136055
vt 0.212046 0.139233
vt 0.210289 0.137308
vt 0.214059 0.141104
vt 0.213574 0.141274
vt 0.216054 0.136811
vt 0.216067 0.137314
vt 0.209562 0.140446
vt 0.209136 0.139963
vt 0.213593 0.133151
vt 0.214076 0.133250
vt 0.209136 0.135203
vt 0.209209 0.134603
vt 0.209609 0.134301
vt 0.175335 0.060470
vt 0.172786 0.057836
vt 0.173443 0.056968
vt 0.175332 0.058477
vt 0.173344 0.061358
vt 0.171621 0.059082
vt 0.175317 0.063625
vt 0.174841 0.063712
vt 0.177273 0.059600
vt 0.177285 0.060115
vt 0.170908 0.062154
vt 0.170491 0.061586
vt 0.174860 0.055429
vt 0.175334 0.055617
vt 0.170491 0.056731
vt 0.170562 0.056131
vt 0.170954 0.055895
vt 0.237959 0.073444
vt 0.240287 0.076234
vt 0.239687 0.077209
vt 0.237962 0.075627
vt 0.239778 0.072397
vt 0.241351 0.074825
vt 0.237975 0.069989
vt 0.238410 0.069876
vt 0.236190 0.074470
vt 0.236178 0.073906
vt 0.242001 0.071435
vt 0.242382 0.072041
vt 0.238392 0.078947
vt 0.237960 0.078760
vt 0.242382 0.077358
vt 0.242318 0.078018
vt 0.241959 0.078291
vt 0.075144 0.011974
vt 0.077875 0.014112
vt 0.077171 0.015004
vt 0.075147 0.013834
vt 0.077277 0.010893
vt 0.079122 0.012801
vt 0.075163 0.009027
vt 0.075673 0.008885
vt 0.073068 0.013032
vt 0.073055 0.012552
vt 0.079886 0.009843
vt 0.080332 0.010320
vt 0.075652 0.016621
vt 0.075145 0.016505
vt 0.080332 0.014853
vt 0.080256 0.015422
vt 0.079836 0.015693
vt 0.258652 0.054599
vt 0.261062 0.051740
vt 0.261819 0.052477
vt 0.260429 0.054596
vt 0.257908 0.052366
vt 0.259978 0.050433
vt 0.255840 0.054579
vt 0.255773 0.054046
vt 0.259382 0.056773
vt 0.258922 0.056787
vt 0.257257 0.049634
vt 0.257773 0.049166
vt 0.263158 0.054067
vt 0.262979 0.054599
vt 0.262102 0.049166
vt 0.262635 0.049246
vt 0.262837 0.049686
vt 0.221203 0.139073
vt 0.218864 0.136472
vt 0.219467 0.135457
vt 0.221200 0.136900
vt 0.219376 0.140253
vt 0.217796 0.137956
vt 0.221186 0.142513
vt 0.220750 0.142659
vt 0.222980 0.137917
vt 0.222992 0.138477
vt 0.217142 0.141380
vt 0.216760 0.140806
vt 0.220767 0.133627
vt 0.221202 0.133781
vt 0.216760 0.135512
vt 0.216825 0.134851
vt 0.217184 0.134551
vt 0.201235 0.064470
vt 0.198142 0.061439
vt 0.198940 0.060579
vt 0.201231 0.062354
vt 0.198819 0.065231
vt 0.196729 0.062656
vt 0.201214 0.067818
vt 0.200636 0.067867
vt 0.203586 0.063724
vt 0.203601 0.064272
vt 0.195864 0.065852
vt 0.195358 0.065211
vt 0.200659 0.059074
vt 0.201234 0.059317
vt 0.195358 0.060056
vt 0.195444 0.059426
vt 0.195920 0.059210
vt 0.079629 0.005223
vt 0.076899 0.003073
vt 0.077603 0.002183
vt 0.079626 0.003362
vt 0.077496 0.006295
vt 0.075652 0.004379
vt 0.079610 0.008171
vt 0.079100 0.008310
vt 0.081704 0.004174
vt 0.081717 0.004654
vt 0.074889 0.007334
vt 0.074442 0.006855
vt 0.079121 0.000573
vt 0.079628 0.000690
vt 0.074442 0.002321
vt 0.074518 0.001752
vt 0.074938 0.001483
vt 0.256900 0.044038
vt 0.254150 0.041841
vt 0.254859 0.040973
vt 0.256896 0.042189
vt 0.254752 0.045054
vt 0.252895 0.043110
vt 0.256881 0.046964
vt 0.256367 0.047091
vt 0.258989 0.043042
vt 0.259003 0.043519
vt 0.252126 0.046028
vt 0.251676 0.045542
vt 0.256388 0.039408
vt 0.256899 0.039536
vt 0.251676 0.041039
vt 0.251753 0.040476
vt 0.252176 0.040218
vt 0.454238 0.470232
vt 0.444774 0.467934
vt 0.435401 0.442252
vt 0.444247 0.444819
vt 0.466759 0.498219
vt 0.457948 0.496920
vt 0.443600 0.526316
vt 0.435401 0.525129
vt 0.451524 0.352046
vt 0.444090 0.354571
vt 0.437005 0.336607
vt 0.444549 0.333993
vt 0.435883 0.288370
vt 0.443948 0.285385
vt 0.443960 0.265856
vt 0.451524 0.263239
vt 0.118260 0.075349
vt 0.110530 0.077562
vt 0.109863 0.040009
vt 0.119114 0.036445
vt 0.109863 0.002388
vt 0.118152 0.000482
vt 0.196753 0.451350
vt 0.204986 0.453941
vt 0.194208 0.494507
vt 0.185508 0.494145
vt 0.197411 0.549126
vt 0.204986 0.554017
vt 0.299005 0.315789
vt 0.291779 0.314572
vt 0.292768 0.286904
vt 0.299169 0.290425
vt 0.955930 0.471438
vt 0.962604 0.472760
vt 0.958418 0.496264
vt 0.951407 0.496627
vt 0.962604 0.518493
vt 0.956157 0.522161
vt 0.412742 0.300554
vt 0.405915 0.297925
vt 0.401237 0.271513
vt 0.407996 0.271686
vt 0.404269 0.228991
vt 0.412067 0.228857
vt 0.404944 0.208966
vt 0.412742 0.208832
vt 0.972299 0.176001
vt 0.966539 0.178670
vt 0.961352 0.151206
vt 0.971356 0.149083
vt 0.963611 0.131140
vt 0.972299 0.130113
vt 0.290890 0.215165
vt 0.299169 0.212586
vt 0.298350 0.245884
vt 0.289022 0.246032
vt 0.479649 0.354571
vt 0.483299 0.335855
vt 0.497230 0.334753
vt 0.494043 0.353449
vt 0.246755 0.397943
vt 0.247922 0.415512
vt 0.233717 0.415125
vt 0.233717 0.397468
vt 0.479649 0.319282
vt 0.492267 0.317414
vt 0.584488 0.198447
vt 0.584488 0.218837
vt 0.574136 0.218292
vt 0.572459 0.197260
vt 0.081259 0.777529
vt 0.092798 0.781405
vt 0.092798 0.804709
vt 0.081601 0.800955
vt 0.465554 0.211715
vt 0.452054 0.211911
vt 0.452054 0.194853
vt 0.466759 0.194769
vt 0.445983 0.128927
vt 0.445800 0.146814
vt 0.433133 0.145719
vt 0.432377 0.128927
vt 0.597157 0.019128
vt 0.585389 0.022161
vt 0.585389 0.002941
vt 0.598338 0.000709
vt 0.203690 0.109126
vt 0.204259 0.102007
vt 0.207756 0.103203
vt 0.207187 0.110322
vt 0.206872 0.114331
vt 0.203270 0.114863
vt 0.207756 0.115812
vt 0.204154 0.116343
vt 0.175900 0.054017
vt 0.170539 0.053202
vt 0.170539 0.044529
vt 0.175687 0.044889
vt 0.521697 0.208433
vt 0.526033 0.207455
vt 0.526955 0.213296
vt 0.522617 0.212516
vt 0.675372 0.881190
vt 0.680130 0.880796
vt 0.684210 0.899062
vt 0.680034 0.898955
vt 0.681038 0.918471
vt 0.676397 0.918582
vt 0.679775 0.933897
vt 0.675372 0.936288
vt 0.521697 0.192087
vt 0.525987 0.191409
vt 0.536011 0.202991
vt 0.535749 0.207957
vt 0.941744 0.846260
vt 0.936993 0.845629
vt 0.939410 0.823289
vt 0.945983 0.823250
vt 0.936993 0.803709
vt 0.943006 0.803873
vt 0.537662 0.318663
vt 0.543519 0.317914
vt 0.547021 0.330269
vt 0.541158 0.331025
vt 0.542624 0.275349
vt 0.548476 0.274599
vt 0.534005 0.234959
vt 0.539972 0.234048
vt 0.542910 0.192026
vt 0.548476 0.194205
vt 0.747733 0.642925
vt 0.749308 0.653651
vt 0.744828 0.655125
vt 0.743221 0.644768
vt 0.119883 0.159417
vt 0.120192 0.156100
vt 0.124654 0.155767
vt 0.124654 0.160665
vt 0.059341 0.141274
vt 0.063989 0.121736
vt 0.067867 0.121267
vt 0.063968 0.141058
vt 0.060923 0.100941
vt 0.065374 0.100511
vt 0.059341 0.082984
vt 0.063518 0.085042
vt 0.744802 0.628466
vt 0.749308 0.627030
vt 0.001359 0.035286
vt 0.000946 0.024042
vt 0.005540 0.025040
vt 0.005540 0.037396
vt 0.272245 0.740997
vt 0.269102 0.718385
vt 0.275843 0.718409
vt 0.277008 0.740370
vt 0.270869 0.699377
vt 0.277008 0.699204
vt 0.313069 0.303812
vt 0.315789 0.315789
vt 0.309746 0.314824
vt 0.307026 0.302854
vt 0.300065 0.257166
vt 0.306107 0.258124
vt 0.312201 0.213952
vt 0.315789 0.215492
vt 0.938189 0.215712
vt 0.940901 0.166313
vt 0.944598 0.163505
vt 0.944598 0.216066
vt 0.901994 0.855956
vt 0.893293 0.843310
vt 0.911213 0.831048
vt 0.909563 0.855455
vt 0.933796 0.821528
vt 0.923609 0.845769
vt 0.685715 0.124846
vt 0.675210 0.126039
vt 0.675210 0.097684
vt 0.687420 0.094956
vt 0.903512 0.787890
vt 0.894597 0.805191
vt 0.893293 0.769849
vt 0.902491 0.765759
vt 0.924622 0.397905
vt 0.928209 0.368495
vt 0.947368 0.361885
vt 0.941897 0.401112
vt 0.698061 0.097454
vt 0.693413 0.107392
vt 0.543371 0.473697
vt 0.534706 0.488597
vt 0.534857 0.478889
vt 0.551247 0.449260
vt 0.932680 0.808165
vt 0.936288 0.810789
vt 0.542242 0.511735
vt 0.532146 0.516503
vt 0.534555 0.498305
vt 0.538545 0.497705
vt 0.917411 0.783474
vt 0.915577 0.762441
vt 0.928662 0.759123
vt 0.931309 0.779058
vt 0.896883 0.425483
vt 0.896378 0.399378
vt 0.907540 0.393446
vt 0.913244 0.410660
vt 0.929286 0.422611
vt 0.947368 0.430748
vt 0.551247 0.528090
vt 0.539333 0.533241
vt 0.530520 0.494830
vt 0.527813 0.504302
vt 0.907995 0.373730
vt 0.530828 0.487452
vt 0.531135 0.480074
vt 0.924051 0.810005
vt 0.933944 0.098338
vt 0.926106 0.097606
vt 0.926949 0.072998
vt 0.941828 0.086205
vt 0.913834 0.087260
vt 0.902733 0.062957
vt 0.976454 0.531820
vt 0.976454 0.572022
vt 0.968493 0.567565
vt 0.967708 0.531627
vt 0.930905 0.030928
vt 0.932765 0.008891
vt 0.941828 0.013296
vt 0.940540 0.048323
vt 0.108033 0.037917
vt 0.091872 0.044884
vt 0.090674 0.001357
vt 0.102099 0.005734
vt 0.581927 0.664818
vt 0.572306 0.658536
vt 0.591237 0.636331
vt 0.585438 0.652784
vt 0.597381 0.695469
vt 0.603878 0.720222
vt 0.588969 0.690251
vt 0.589014 0.680493
vt 0.897132 0.052615
vt 0.900567 0.050162
vt 0.595821 0.657494
vt 0.593311 0.671280
vt 0.589059 0.670736
vt 0.914061 0.026433
vt 0.897218 0.021938
vt 0.898538 0.002421
vt 0.915652 0.005656
vt 0.909140 0.052304
vt 0.892772 0.040219
vt 0.106877 0.066341
vt 0.090674 0.078947
vt 0.885344 0.055534
vt 0.884374 0.029595
vt 0.603878 0.641330
vt 0.584799 0.674262
vt 0.878694 0.000608
vt 0.584923 0.681685
vt 0.585048 0.689108
vt 0.145066 0.026581
vt 0.145429 0.027394
vt 0.144232 0.027420
vt 0.144361 0.026597
vt 0.157158 0.134559
vt 0.157895 0.134221
vt 0.157895 0.135406
vt 0.157158 0.135257
vt 0.070291 0.059788
vt 0.070637 0.060609
vt 0.069413 0.060629
vt 0.069569 0.059799
vt 0.068412 0.060556
vt 0.068980 0.059757
vt 0.062212 0.156185
vt 0.061319 0.156510
vt 0.061264 0.155317
vt 0.062180 0.155482
vt 0.061514 0.154360
vt 0.062327 0.154918
vt 0.070955 0.120494
vt 0.070984 0.121124
vt 0.070176 0.121405
vt 0.069829 0.120886
vt 0.155978 0.134026
vt 0.155892 0.133317
vt 0.157065 0.133356
vt 0.156670 0.134049
vt 0.072022 0.120978
vt 0.071749 0.121471
vt 0.069413 0.061606
vt 0.069521 0.062327
vt 0.068803 0.062275
vt 0.068412 0.061533
vt 0.070637 0.061587
vt 0.070398 0.062313
vt 0.156898 0.066926
vt 0.157734 0.066808
vt 0.157895 0.067482
vt 0.157122 0.067867
vt 0.156943 0.065741
vt 0.157766 0.065958
vt 0.144232 0.028382
vt 0.144321 0.029086
vt 0.143594 0.029032
vt 0.143218 0.028307
vt 0.145429 0.028356
vt 0.060367 0.155317
vt 0.060618 0.154360
vt 0.060423 0.156510
vt 0.156221 0.067867
vt 0.155997 0.066926
vt 0.156041 0.065741
vt 0.143218 0.027345
vt 0.145179 0.029067
vt 0.070072 0.122922
vt 0.069799 0.122150
vt 0.072022 0.122243
vt 0.071645 0.122988
vt 0.070837 0.123269
vt 0.156670 0.135734
vt 0.155978 0.135711
vt 0.155490 0.135202
vt 0.155490 0.134504
vt 0.126940 0.025752
vt 0.127424 0.026834
vt 0.125830 0.026868
vt 0.126001 0.025772
vt 0.062732 0.145250
vt 0.063712 0.144801
vt 0.063712 0.146378
vt 0.062732 0.146179
vt 0.060481 0.011856
vt 0.060942 0.012949
vt 0.059312 0.012975
vt 0.059520 0.011871
vt 0.057980 0.012878
vt 0.058735 0.011814
vt 0.063559 0.151922
vt 0.062370 0.152355
vt 0.062296 0.150767
vt 0.063516 0.150987
vt 0.062629 0.149492
vt 0.063712 0.150236
vt 0.031821 0.012927
vt 0.031859 0.013765
vt 0.030784 0.014140
vt 0.030321 0.013449
vt 0.061161 0.144541
vt 0.061046 0.143597
vt 0.062608 0.143649
vt 0.062081 0.144571
vt 0.033241 0.013571
vt 0.032877 0.014227
vt 0.059312 0.014276
vt 0.059456 0.015235
vt 0.058501 0.015166
vt 0.057980 0.014179
vt 0.060942 0.014250
vt 0.060624 0.015217
vt 0.149643 0.091545
vt 0.150756 0.091388
vt 0.150970 0.092286
vt 0.149942 0.092798
vt 0.149702 0.089967
vt 0.150798 0.090257
vt 0.125830 0.028149
vt 0.125948 0.029086
vt 0.124980 0.029015
vt 0.124480 0.028049
vt 0.127424 0.028114
vt 0.061103 0.150767
vt 0.061436 0.149492
vt 0.061177 0.152355
vt 0.148741 0.092798
vt 0.148443 0.091545
vt 0.148502 0.089967
vt 0.124480 0.026769
vt 0.127090 0.029061
vt 0.030645 0.016159
vt 0.030281 0.015131
vt 0.033241 0.015255
vt 0.032738 0.016246
vt 0.031663 0.016620
vt 0.062081 0.146814
vt 0.061161 0.146784
vt 0.060510 0.146105
vt 0.060510 0.145176
vt 0.099324 0.000020
vt 0.099723 0.000913
vt 0.098409 0.000941
vt 0.098550 0.000037
vt 0.069829 0.013945
vt 0.070637 0.013575
vt 0.070637 0.014875
vt 0.069829 0.014711
vt 0.151974 0.094166
vt 0.152355 0.095068
vt 0.151011 0.095089
vt 0.151182 0.094178
vt 0.149912 0.095009
vt 0.150535 0.094131
vt 0.157769 0.139532
vt 0.156788 0.139889
vt 0.156727 0.138580
vt 0.157733 0.138761
vt 0.157002 0.137529
vt 0.157895 0.138142
vt 0.120712 0.001109
vt 0.120744 0.001801
vt 0.119857 0.002109
vt 0.119475 0.001540
vt 0.068533 0.013360
vt 0.068439 0.012582
vt 0.069726 0.012625
vt 0.069292 0.013386
vt 0.121884 0.001641
vt 0.121583 0.002182
vt 0.151011 0.096162
vt 0.151129 0.096953
vt 0.150341 0.096896
vt 0.149912 0.096082
vt 0.152355 0.096141
vt 0.152092 0.096938
vt 0.144335 0.068219
vt 0.145253 0.068089
vt 0.145429 0.068830
vt 0.144582 0.069252
vt 0.144384 0.066918
vt 0.145288 0.067157
vt 0.098409 0.001997
vt 0.098506 0.002770
vt 0.097708 0.002711
vt 0.097295 0.001915
vt 0.099723 0.001968
vt 0.155744 0.138580
vt 0.156018 0.137529
vt 0.155804 0.139889
vt 0.143592 0.069252
vt 0.143346 0.068219
vt 0.143394 0.066918
vt 0.097295 0.000859
vt 0.099448 0.002750
vt 0.119743 0.003774
vt 0.119443 0.002927
vt 0.121884 0.003029
vt 0.121469 0.003846
vt 0.120583 0.004155
vt 0.069292 0.015235
vt 0.068533 0.015210
vt 0.067997 0.014651
vt 0.067997 0.013885
vt 0.159143 0.193176
vt 0.156506 0.192666
vt 0.156617 0.190032
vt 0.159280 0.189845
vt 0.159280 0.198061
vt 0.156643 0.197551
vt 0.063605 0.235214
vt 0.066482 0.235414
vt 0.066405 0.237800
vt 0.063528 0.237600
vt 0.066482 0.242382
vt 0.063615 0.242231
vt 0.169028 0.030178
vt 0.171745 0.030438
vt 0.170830 0.034039
vt 0.168095 0.034004
vt 0.171745 0.038781
vt 0.169010 0.038746
vt 0.195119 0.040472
vt 0.192491 0.039934
vt 0.192630 0.037305
vt 0.195291 0.037148
vt 0.195291 0.044321
vt 0.192663 0.043784
vt 0.204880 0.117485
vt 0.207756 0.117686
vt 0.207679 0.120071
vt 0.204803 0.119871
vt 0.207756 0.124654
vt 0.204889 0.124502
vt 0.063700 0.224503
vt 0.066482 0.224495
vt 0.065915 0.228239
vt 0.063138 0.228477
vt 0.066482 0.231998
vt 0.063787 0.232687
vt 0.087217 0.054101
vt 0.090028 0.054490
vt 0.089872 0.056436
vt 0.087028 0.056787
vt 0.087028 0.050028
vt 0.089838 0.050418
vt 0.132056 0.000012
vt 0.134349 0.000213
vt 0.134349 0.004155
vt 0.132056 0.003955
vt 0.128809 0.067867
vt 0.126121 0.067676
vt 0.126115 0.063603
vt 0.128809 0.063725
vt 0.195465 0.034583
vt 0.193169 0.034626
vt 0.194259 0.030823
vt 0.196676 0.030618
vt 0.193169 0.026003
vt 0.195754 0.025472
vt 0.125776 0.059152
vt 0.126376 0.058621
vt 0.126824 0.059422
vt 0.126040 0.059623
vt 0.145139 0.063863
vt 0.145263 0.064619
vt 0.144329 0.064652
vt 0.144588 0.063882
vt 0.143502 0.064083
vt 0.144101 0.063547
vt 0.143266 0.063247
vt 0.143962 0.063054
vt 0.088599 0.010758
vt 0.087894 0.011080
vt 0.087792 0.010158
vt 0.088538 0.010214
vt 0.087968 0.009316
vt 0.088643 0.009718
vt 0.128247 0.022549
vt 0.128809 0.022894
vt 0.128490 0.023405
vt 0.127803 0.023262
vt 0.126824 0.060383
vt 0.126040 0.060190
vt 0.126376 0.060942
vt 0.125776 0.060519
vt 0.005305 0.040475
vt 0.004826 0.039964
vt 0.004994 0.039380
vt 0.005540 0.039660
vt 0.004459 0.041048
vt 0.004220 0.040375
vt 0.003498 0.041045
vt 0.003531 0.040373
vt 0.058747 0.080900
vt 0.059427 0.080846
vt 0.059557 0.081432
vt 0.058928 0.081717
vt 0.058830 0.079971
vt 0.059487 0.080181
vt 0.127803 0.024248
vt 0.128490 0.024112
vt 0.128809 0.024601
vt 0.128247 0.024931
vt 0.127200 0.024234
vt 0.127200 0.023248
vt 0.087088 0.010158
vt 0.087264 0.009316
vt 0.087190 0.011080
vt 0.005540 0.040978
vt 0.004694 0.041551
vt 0.144093 0.065097
vt 0.143266 0.064528
vt 0.058223 0.081717
vt 0.058041 0.080900
vt 0.058125 0.079971
vt 0.127424 0.059308
vt 0.127424 0.060269
vt 0.003332 0.039374
vt 0.003938 0.038963
vt 0.004626 0.038965
vt 0.003163 0.039958
vt 0.145290 0.063008
vt 0.145429 0.063501
vt 0.144253 0.062692
vt 0.144803 0.062673
vt 0.006500 0.194868
vt 0.004056 0.194905
vt 0.003796 0.189753
vt 0.006220 0.189585
vt 0.006925 0.198061
vt 0.004476 0.197542
vt 0.087556 0.067498
vt 0.090028 0.067188
vt 0.090028 0.070327
vt 0.087556 0.070637
vt 0.004502 0.187156
vt 0.006925 0.186988
vt 0.156329 0.150825
vt 0.157052 0.150498
vt 0.157119 0.151481
vt 0.156368 0.151404
vt 0.158243 0.011033
vt 0.158571 0.010436
vt 0.159280 0.011171
vt 0.158661 0.011467
vt 0.159280 0.012178
vt 0.158661 0.012060
vt 0.076761 0.066745
vt 0.077562 0.067082
vt 0.077116 0.067592
vt 0.076497 0.067046
vt 0.076207 0.068120
vt 0.075962 0.067357
vt 0.075369 0.068358
vt 0.075468 0.067497
vt 0.069252 0.106059
vt 0.068987 0.106530
vt 0.068321 0.106260
vt 0.068322 0.105683
vt 0.156981 0.152355
vt 0.156287 0.151919
vt 0.157653 0.011014
vt 0.157569 0.010403
vt 0.077492 0.068306
vt 0.077562 0.068873
vt 0.076911 0.069252
vt 0.076583 0.068834
vt 0.152937 0.091809
vt 0.152288 0.091873
vt 0.152265 0.091259
vt 0.152906 0.090952
vt 0.152924 0.092798
vt 0.152278 0.092582
vt 0.132120 0.007456
vt 0.132833 0.007336
vt 0.132964 0.007928
vt 0.132302 0.008282
vt 0.132120 0.006426
vt 0.132833 0.006598
vt 0.132302 0.005796
vt 0.132964 0.006145
vt 0.157828 0.150498
vt 0.157895 0.151481
vt 0.075744 0.069071
vt 0.153708 0.090952
vt 0.153740 0.091809
vt 0.153727 0.092798
vt 0.131504 0.008310
vt 0.131321 0.007484
vt 0.131321 0.006454
vt 0.157757 0.152355
vt 0.067643 0.106510
vt 0.067377 0.106031
vt 0.067352 0.107132
vt 0.069252 0.107161
vt 0.068960 0.107784
vt 0.068283 0.108033
vt 0.067617 0.107763
vt 0.157235 0.011420
vt 0.158243 0.012465
vt 0.157653 0.012446
vt 0.157235 0.012013
vt 0.158777 0.217060
vt 0.157080 0.217129
vt 0.157160 0.213398
vt 0.158840 0.213238
vt 0.159280 0.220222
vt 0.157569 0.219904
vt 0.001042 0.097969
vt 0.002770 0.097752
vt 0.002770 0.100891
vt 0.001042 0.101108
vt 0.157599 0.210281
vt 0.159280 0.210121
vt 0.059441 0.103615
vt 0.057315 0.103485
vt 0.057440 0.101206
vt 0.059557 0.101221
vt 0.059557 0.106648
vt 0.057463 0.106034
vt 0.040792 0.011614
vt 0.042936 0.011524
vt 0.042936 0.015145
vt 0.040792 0.015235
vt 0.145429 0.033309
vt 0.145429 0.036011
vt 0.143231 0.035611
vt 0.143231 0.032909
vt 0.125990 0.125493
vt 0.124352 0.126039
vt 0.124352 0.121493
vt 0.126039 0.121957
vt 0.034285 0.013371
vt 0.036011 0.012881
vt 0.035733 0.016324
vt 0.034285 0.016621
vt 0.027701 0.016025
vt 0.026253 0.016621
vt 0.026253 0.013193
vt 0.027701 0.012597
vt 0.108033 0.018006
vt 0.106414 0.017525
vt 0.106382 0.013182
vt 0.108033 0.013659
vt 0.127424 0.092798
vt 0.125727 0.092498
vt 0.125841 0.090168
vt 0.127424 0.089579
vt 0.124471 0.055242
vt 0.125211 0.054943
vt 0.125266 0.055945
vt 0.124504 0.055832
vt 0.157218 0.147079
vt 0.157895 0.147379
vt 0.157211 0.148130
vt 0.156815 0.147522
vt 0.156245 0.148199
vt 0.156246 0.147563
vt 0.073407 0.016101
vt 0.072723 0.016621
vt 0.072422 0.015893
vt 0.073230 0.015672
vt 0.072422 0.014842
vt 0.073230 0.015053
vt 0.072723 0.014082
vt 0.073407 0.014605
vt 0.153061 0.101000
vt 0.152677 0.100512
vt 0.153164 0.099950
vt 0.153740 0.100216
vt 0.125097 0.056787
vt 0.124404 0.056328
vt 0.157218 0.146494
vt 0.157895 0.146386
vt 0.152101 0.101108
vt 0.151989 0.100589
vt 0.140468 0.026688
vt 0.139803 0.026787
vt 0.139762 0.026208
vt 0.140411 0.025880
vt 0.140456 0.027701
vt 0.139795 0.027513
vt 0.084943 0.024169
vt 0.085679 0.024023
vt 0.085873 0.024564
vt 0.085214 0.024924
vt 0.084943 0.023123
vt 0.085679 0.023274
vt 0.085214 0.022398
vt 0.085873 0.022754
vt 0.125984 0.054943
vt 0.126039 0.055945
vt 0.071659 0.014834
vt 0.071960 0.014074
vt 0.071659 0.015885
vt 0.141217 0.025880
vt 0.141274 0.026688
vt 0.141262 0.027701
vt 0.084442 0.024931
vt 0.084171 0.024176
vt 0.084171 0.023130
vt 0.125870 0.056787
vt 0.153164 0.099233
vt 0.153740 0.099216
vt 0.152677 0.098780
vt 0.151503 0.100137
vt 0.151503 0.099420
vt 0.151989 0.098858
vt 0.156815 0.146109
vt 0.155843 0.147178
vt 0.155843 0.146592
vt 0.156246 0.146150
vt 0.066300 0.136959
vt 0.067039 0.136660
vt 0.067094 0.137663
vt 0.066332 0.137550
vt 0.155833 0.129074
vt 0.156510 0.129373
vt 0.155826 0.130125
vt 0.155430 0.129516
vt 0.154860 0.130194
vt 0.154861 0.129557
vt 0.063712 0.082583
vt 0.063027 0.083102
vt 0.062727 0.082375
vt 0.063535 0.082154
vt 0.062727 0.081324
vt 0.063535 0.081535
vt 0.063027 0.080564
vt 0.063712 0.081087
vt 0.157216 0.143936
vt 0.156833 0.143448
vt 0.157319 0.142886
vt 0.157895 0.143152
vt 0.066925 0.138504
vt 0.066232 0.138046
vt 0.155833 0.128488
vt 0.156510 0.128380
vt 0.156256 0.144044
vt 0.156145 0.143525
vt 0.108612 0.069624
vt 0.107947 0.069723
vt 0.107906 0.069145
vt 0.108555 0.068816
vt 0.108600 0.070637
vt 0.107939 0.070450
vt 0.100179 0.076801
vt 0.100914 0.076655
vt 0.101108 0.077196
vt 0.100449 0.077556
vt 0.100179 0.075755
vt 0.100914 0.075905
vt 0.100449 0.075030
vt 0.101108 0.075386
vt 0.067812 0.136660
vt 0.067867 0.137663
vt 0.061964 0.081316
vt 0.062265 0.080556
vt 0.061964 0.082367
vt 0.109361 0.068816
vt 0.109418 0.069624
vt 0.109406 0.070637
vt 0.099677 0.077562
vt 0.099407 0.076808
vt 0.099407 0.075761
vt 0.067698 0.138504
vt 0.157319 0.142169
vt 0.157895 0.142152
vt 0.156833 0.141717
vt 0.155658 0.143073
vt 0.155658 0.142356
vt 0.156145 0.141794
vt 0.155430 0.128103
vt 0.154458 0.129172
vt 0.154458 0.128587
vt 0.154861 0.128144
vt 0.187360 0.040271
vt 0.189637 0.040411
vt 0.191136 0.046313
vt 0.188913 0.046291
vt 0.002770 0.244579
vt 0.000220 0.245152
vt 0.000025 0.242667
vt 0.002535 0.242477
vt 0.000260 0.238933
vt 0.002770 0.238744
vt 0.189582 0.049861
vt 0.187360 0.049840
vt 0.133773 0.204331
vt 0.135734 0.204543
vt 0.135734 0.210526
vt 0.133971 0.210273
vt 0.177285 0.014884
vt 0.174992 0.015235
vt 0.174481 0.013341
vt 0.176995 0.012720
vt 0.174628 0.009320
vt 0.177285 0.008153
vt 0.073407 0.054811
vt 0.073407 0.056815
vt 0.070778 0.058172
vt 0.070937 0.055227
vt 0.125986 0.038344
vt 0.124224 0.038781
vt 0.124224 0.033893
vt 0.126039 0.034546
vt 0.127031 0.070610
vt 0.128760 0.070385
vt 0.128809 0.073407
vt 0.126928 0.073407
vt 0.159280 0.235411
vt 0.157393 0.235457
vt 0.157330 0.232525
vt 0.159217 0.232479
vt 0.018468 0.009804
vt 0.020584 0.009946
vt 0.020776 0.013475
vt 0.018667 0.013391
vt 0.157541 0.229845
vt 0.159280 0.228876
vt 0.020538 0.016562
vt 0.018468 0.016621
vt 0.106597 0.012078
vt 0.104906 0.012465
vt 0.104906 0.007373
vt 0.106648 0.008124
vt 0.048350 0.012076
vt 0.049812 0.011746
vt 0.049861 0.015236
vt 0.048158 0.015236
vt 0.047091 0.015235
vt 0.045292 0.015167
vt 0.044845 0.012209
vt 0.046644 0.012277
vt 0.086675 0.022111
vt 0.088764 0.022489
vt 0.090028 0.025861
vt 0.087911 0.025548
vt 0.045294 0.009345
vt 0.047091 0.008398
vt 0.088840 0.029086
vt 0.086675 0.028935
vt 0.842530 0.124878
vt 0.850416 0.124257
vt 0.847179 0.141612
vt 0.839293 0.142233
vt 0.850416 0.161429
vt 0.842530 0.162050
vt 0.141510 0.462310
vt 0.149585 0.461689
vt 0.147057 0.478227
vt 0.138983 0.478848
vt 0.149585 0.497994
vt 0.141510 0.498615
vt 0.257618 0.484157
vt 0.249622 0.484765
vt 0.244445 0.467606
vt 0.253260 0.468115
vt 0.244564 0.446616
vt 0.253406 0.447218
vt 0.248802 0.431939
vt 0.257618 0.432448
vt 0.131579 0.230276
vt 0.123745 0.231302
vt 0.123745 0.208346
vt 0.131344 0.209724
vt 0.172831 0.010397
vt 0.168388 0.009778
vt 0.169984 0.002860
vt 0.174515 0.002851
vt 0.066375 0.262652
vt 0.070637 0.262264
vt 0.070632 0.276643
vt 0.066375 0.277008
vt 0.000955 0.113161
vt 0.005393 0.113581
vt 0.004683 0.125704
vt 0.000245 0.125248
vt 0.005540 0.135538
vt 0.001164 0.135642
vt 0.004678 0.142659
vt 0.000245 0.141940
vt 0.266835 0.631816
vt 0.262135 0.632021
vt 0.261997 0.620089
vt 0.266706 0.619908
vt 0.174515 0.028511
vt 0.170015 0.029086
vt 0.168469 0.017842
vt 0.172934 0.017114
vt 0.262575 0.610051
vt 0.267313 0.609469
vt 0.267313 0.641046
vt 0.262623 0.641274
vt 0.210930 0.566688
vt 0.204698 0.561274
vt 0.205039 0.557257
vt 0.211315 0.562289
vt 0.206536 0.568508
vt 0.201809 0.563595
vt 0.211142 0.571869
vt 0.209824 0.572022
vt 0.214544 0.564907
vt 0.214681 0.566330
vt 0.200805 0.571427
vt 0.199405 0.570078
vt 0.210188 0.550499
vt 0.211998 0.551520
vt 0.199405 0.558131
vt 0.199479 0.556464
vt 0.200509 0.555757
vt 0.022652 0.005745
vt 0.026767 0.009300
vt 0.025706 0.010913
vt 0.022657 0.009004
vt 0.025867 0.003703
vt 0.028647 0.006916
vt 0.022681 0.000581
vt 0.023449 0.000297
vt 0.019524 0.007743
vt 0.019504 0.006903
vt 0.029798 0.001681
vt 0.030471 0.002486
vt 0.023418 0.013850
vt 0.022653 0.013684
vt 0.030471 0.010428
vt 0.030357 0.011430
vt 0.029723 0.011933
vt 0.000540 0.179407
vt 0.002770 0.180595
vt 0.002222 0.198044
vt 0.000540 0.198061
vt 0.955348 0.165215
vt 0.953531 0.166531
vt 0.950663 0.162983
vt 0.950909 0.159850
vt 0.933397 0.165919
vt 0.935012 0.168214
vt 0.937095 0.193332
vt 0.934810 0.191156
vt 0.936266 0.212663
vt 0.933397 0.213296
vt 0.690265 0.961219
vt 0.687158 0.960618
vt 0.692088 0.946621
vt 0.695291 0.946961
vt 0.687158 0.938966
vt 0.690092 0.937570
vt 0.572022 0.646760
vt 0.569336 0.646814
vt 0.566668 0.634400
vt 0.569961 0.634333
vt 0.568729 0.625941
vt 0.572022 0.625875
vt 0.004155 0.021513
vt 0.001277 0.022161
vt 0.001277 0.006111
vt 0.003743 0.002722
vt 0.961219 0.176899
vt 0.960076 0.180343
vt 0.942331 0.161052
vt 0.941136 0.158035
vt 0.698311 0.947695
vt 0.697022 0.947729
vt 0.697693 0.938250
vt 0.698991 0.938214
vt 0.699527 0.929716
vt 0.700831 0.929679
vt 0.092808 0.373421
vt 0.094183 0.373408
vt 0.093766 0.380599
vt 0.092385 0.380607
vt 0.093634 0.389269
vt 0.092250 0.389273
vt 0.093779 0.398136
vt 0.092394 0.398136
vt 0.094183 0.405817
vt 0.092799 0.405814
vt 0.090176 0.390810
vt 0.091413 0.390843
vt 0.088047 0.399092
vt 0.086815 0.399060
vt 0.086835 0.409065
vt 0.085609 0.409035
vt 0.088013 0.419209
vt 0.086796 0.419181
vt 0.091413 0.427978
vt 0.090205 0.427952
vt 0.099723 0.440443
vt 0.098373 0.440442
vt 0.097931 0.433131
vt 0.099271 0.433133
vt 0.097755 0.424343
vt 0.099088 0.424349
vt 0.097914 0.415465
vt 0.099244 0.415477
vt 0.098389 0.407880
vt 0.099723 0.407900
vt 0.174271 0.039807
vt 0.173574 0.041551
vt 0.172362 0.041511
vt 0.173057 0.039766
vt 0.700831 0.963956
vt 0.699562 0.963989
vt 0.697642 0.956733
vt 0.698920 0.956700
vt 0.174515 0.037669
vt 0.173299 0.037628
vt 0.176752 0.973704
vt 0.176752 0.971710
vt 0.192521 0.967369
vt 0.192487 0.976474
vt 0.123237 0.963381
vt 0.123241 0.961313
vt 0.138480 0.958071
vt 0.138504 0.967516
vt 0.176075 0.975569
vt 0.189482 0.985097
vt 0.122589 0.959395
vt 0.135571 0.949193
vt 0.174821 0.977020
vt 0.183887 0.991856
vt 0.121381 0.957920
vt 0.130155 0.942313
vt 0.173178 0.977833
vt 0.176461 0.995640
vt 0.119797 0.957116
vt 0.122982 0.938565
vt 0.171395 0.977882
vt 0.168310 0.995845
vt 0.118078 0.957109
vt 0.115123 0.938550
vt 0.169743 0.977159
vt 0.160705 0.992463
vt 0.116484 0.957899
vt 0.107802 0.942246
vt 0.168475 0.975776
vt 0.154850 0.986050
vt 0.115260 0.959364
vt 0.102173 0.949044
vt 0.167787 0.973948
vt 0.151673 0.977624
vt 0.114595 0.961277
vt 0.099119 0.957865
vt 0.167786 0.971954
vt 0.151673 0.968493
vt 0.114590 0.963345
vt 0.099114 0.967338
vt 0.168470 0.970098
vt 0.154846 0.960050
vt 0.115247 0.965254
vt 0.102152 0.976017
vt 0.169736 0.968660
vt 0.160692 0.953558
vt 0.116464 0.966714
vt 0.107761 0.982607
vt 0.171388 0.967857
vt 0.168295 0.949962
vt 0.118055 0.967507
vt 0.115072 0.986150
vt 0.173172 0.967809
vt 0.176466 0.949771
vt 0.119775 0.967514
vt 0.122949 0.986150
vt 0.174817 0.968523
vt 0.183930 0.952994
vt 0.121364 0.966734
vt 0.130164 0.982629
vt 0.176073 0.969892
vt 0.189548 0.959152
vt 0.122578 0.965284
vt 0.135612 0.976109
vt 0.145264 0.003947
vt 0.145386 0.005593
vt 0.144034 0.005602
vt 0.143911 0.003958
vt 0.145429 0.007526
vt 0.144077 0.007534
vt 0.145387 0.009452
vt 0.144033 0.009459
vt 0.145267 0.011074
vt 0.143911 0.011080
vt 0.063176 0.221607
vt 0.063639 0.219768
vt 0.064933 0.219738
vt 0.064469 0.221577
vt 0.063800 0.217680
vt 0.065097 0.217650
vt 0.063637 0.215661
vt 0.064935 0.215630
vt 0.063176 0.214019
vt 0.064476 0.213988
vt 0.069163 0.119110
vt 0.069242 0.117420
vt 0.070609 0.117425
vt 0.070531 0.119114
vt 0.069270 0.115478
vt 0.070637 0.115483
vt 0.069243 0.113578
vt 0.070609 0.113585
vt 0.069163 0.112009
vt 0.070528 0.112016
vt 0.173582 0.033517
vt 0.174273 0.035461
vt 0.173054 0.035419
vt 0.172362 0.033475
vt 0.029479 0.726453
vt 0.002022 0.721313
vt 0.000844 0.653773
vt 0.033052 0.672056
vt 0.000539 0.754049
vt 0.027846 0.758783
vt 0.041551 0.795014
vt 0.013734 0.790871
vt 0.449644 0.272932
vt 0.472954 0.287383
vt 0.479224 0.338092
vt 0.456388 0.322318
vt 0.882383 0.511568
vt 0.852093 0.519994
vt 0.851313 0.489561
vt 0.877337 0.485121
vt 0.467798 0.358726
vt 0.449644 0.339339
vt 0.863968 0.435275
vt 0.889197 0.424305
vt 0.352147 0.454102
vt 0.333621 0.473137
vt 0.331525 0.428358
vt 0.353186 0.411699
vt 0.019960 0.642195
vt 0.041551 0.660554
vt 0.309205 0.858743
vt 0.309184 0.826747
vt 0.317175 0.828029
vt 0.317175 0.860111
vt 0.865311 0.788089
vt 0.865311 0.706450
vt 0.871181 0.706185
vt 0.870856 0.787742
vt 0.970914 0.688597
vt 0.968853 0.709904
vt 0.961600 0.710071
vt 0.963646 0.688489
vt 0.970914 0.735160
vt 0.963610 0.735457
vt 0.889197 0.538213
vt 0.864290 0.545706
vt 0.900277 0.761075
vt 0.894365 0.674668
vt 0.898682 0.614213
vt 0.933518 0.606750
vt 0.927056 0.687176
vt 0.898682 0.688366
vt 0.957696 0.655658
vt 0.957704 0.608928
vt 0.963989 0.611149
vt 0.963989 0.657895
vt 0.155125 0.039398
vt 0.154616 0.075182
vt 0.146581 0.077562
vt 0.146918 0.041541
vt 0.155053 0.000980
vt 0.146581 0.002637
vt 0.008310 0.415100
vt 0.008310 0.490305
vt 0.000863 0.490183
vt 0.001185 0.415321
vt 0.833887 0.939641
vt 0.833887 0.912882
vt 0.869571 0.913887
vt 0.885042 0.933669
vt 0.835528 0.966759
vt 0.879723 0.957070
vt 0.943120 0.485071
vt 0.940276 0.458776
vt 0.947074 0.459756
vt 0.950139 0.486150
vt 0.973503 0.595801
vt 0.973684 0.639889
vt 0.966538 0.639780
vt 0.966538 0.595695
vt 0.943510 0.432125
vt 0.950139 0.432837
vt 0.291302 0.462604
vt 0.291128 0.426637
vt 0.297784 0.425181
vt 0.297784 0.461327
vt 0.179418 0.913718
vt 0.178107 0.913738
vt 0.178648 0.904253
vt 0.179965 0.904233
vt 0.180123 0.895496
vt 0.181440 0.895471
vt 0.213281 0.569623
vt 0.214681 0.569619
vt 0.214331 0.576481
vt 0.212929 0.576475
vt 0.214207 0.584868
vt 0.212805 0.584853
vt 0.214317 0.593539
vt 0.212916 0.593518
vt 0.214681 0.601108
vt 0.213284 0.601082
vt 0.212054 0.647419
vt 0.213296 0.647455
vt 0.210091 0.655490
vt 0.208855 0.655453
vt 0.208947 0.665306
vt 0.207718 0.665270
vt 0.210085 0.675378
vt 0.208864 0.675344
vt 0.213296 0.684210
vt 0.212082 0.684178
vt 0.300554 0.670330
vt 0.299198 0.670360
vt 0.298715 0.663196
vt 0.300064 0.663171
vt 0.298544 0.654603
vt 0.299889 0.654585
vt 0.298716 0.645966
vt 0.300064 0.645957
vt 0.299199 0.638671
vt 0.300554 0.638673
vt 0.056568 0.014949
vt 0.055941 0.016620
vt 0.054716 0.016583
vt 0.055340 0.014912
vt 0.181440 0.929335
vt 0.180156 0.929363
vt 0.178579 0.922499
vt 0.179877 0.922476
vt 0.056787 0.012853
vt 0.055557 0.012817
vt 0.569860 0.968001
vt 0.569855 0.969996
vt 0.554752 0.974884
vt 0.554814 0.965749
vt 0.024100 0.967863
vt 0.024093 0.965800
vt 0.038699 0.963115
vt 0.038781 0.972565
vt 0.570513 0.966108
vt 0.557619 0.956927
vt 0.023457 0.963857
vt 0.035936 0.954052
vt 0.571720 0.964610
vt 0.562908 0.949910
vt 0.022285 0.962336
vt 0.030774 0.946917
vt 0.573303 0.963740
vt 0.570027 0.945886
vt 0.020752 0.961473
vt 0.023868 0.942923
vt 0.575023 0.963631
vt 0.577923 0.945480
vt 0.019088 0.961402
vt 0.016242 0.942695
vt 0.576619 0.964299
vt 0.585338 0.948693
vt 0.017545 0.962132
vt 0.009103 0.946199
vt 0.577844 0.965639
vt 0.591067 0.954955
vt 0.016362 0.963546
vt 0.003597 0.952817
vt 0.578508 0.967441
vt 0.594183 0.963247
vt 0.015722 0.965427
vt 0.000605 0.961470
vt 0.578506 0.969431
vt 0.594183 0.972286
vt 0.015725 0.967484
vt 0.000605 0.970818
vt 0.577839 0.971305
vt 0.591063 0.980729
vt 0.016372 0.969407
vt 0.003608 0.979472
vt 0.576609 0.972784
vt 0.585317 0.987353
vt 0.017562 0.970907
vt 0.009151 0.986184
vt 0.575009 0.973644
vt 0.577867 0.991193
vt 0.019111 0.971759
vt 0.016354 0.989978
vt 0.573285 0.973758
vt 0.569919 0.991690
vt 0.020780 0.971836
vt 0.024053 0.990305
vt 0.571703 0.973108
vt 0.562754 0.988794
vt 0.022312 0.971126
vt 0.031005 0.987141
vt 0.570501 0.971788
vt 0.557472 0.982931
vt 0.023476 0.969732
vt 0.036139 0.980954
vt 0.088478 0.000012
vt 0.088600 0.001604
vt 0.087233 0.001591
vt 0.087110 0.000002
vt 0.088643 0.003478
vt 0.087276 0.003463
vt 0.088600 0.005348
vt 0.087233 0.005332
vt 0.088478 0.006925
vt 0.087110 0.006908
vt 0.156034 0.186981
vt 0.156446 0.185114
vt 0.157748 0.185084
vt 0.157335 0.186951
vt 0.156591 0.183028
vt 0.157895 0.182998
vt 0.156445 0.181038
vt 0.157751 0.181008
vt 0.156034 0.179450
vt 0.157342 0.179420
vt 0.088544 0.019391
vt 0.088618 0.017747
vt 0.090002 0.017728
vt 0.089927 0.019370
vt 0.088643 0.015863
vt 0.090028 0.015846
vt 0.088618 0.014026
vt 0.090002 0.014011
vt 0.088544 0.012511
vt 0.089927 0.012497
vt 0.055948 0.008671
vt 0.056569 0.010648
vt 0.055337 0.010612
vt 0.054716 0.008634
vt 0.156862 0.865290
vt 0.155219 0.865155
vt 0.155430 0.854954
vt 0.157068 0.855089
vt 0.156257 0.846720
vt 0.157895 0.846860
vt 0.223165 0.923280
vt 0.224817 0.923341
vt 0.226578 0.930949
vt 0.224916 0.930878
vt 0.227147 0.940581
vt 0.225468 0.940498
vt 0.226518 0.950726
vt 0.224818 0.950631
vt 0.224887 0.959834
vt 0.223165 0.959727
vt 0.949874 0.166477
vt 0.951523 0.166345
vt 0.949801 0.176099
vt 0.948139 0.176249
vt 0.949248 0.186820
vt 0.947576 0.186978
vt 0.949875 0.196893
vt 0.948200 0.197044
vt 0.951523 0.204853
vt 0.949853 0.204986
vt 0.703257 0.926666
vt 0.704986 0.926506
vt 0.703364 0.934220
vt 0.701657 0.934360
vt 0.702723 0.943735
vt 0.701036 0.943853
vt 0.703229 0.953643
vt 0.701556 0.953744
vt 0.704986 0.962512
vt 0.703324 0.962604
vt 0.118986 0.145915
vt 0.118629 0.148045
vt 0.116970 0.148200
vt 0.117329 0.146066
vt 0.157895 0.885042
vt 0.156234 0.884895
vt 0.155554 0.875694
vt 0.157206 0.875833
vt 0.119114 0.143551
vt 0.117460 0.143701
vt 0.327271 0.953931
vt 0.327281 0.956144
vt 0.310077 0.958529
vt 0.310077 0.948301
vt 0.503927 0.961302
vt 0.505396 0.962827
vt 0.496318 0.979549
vt 0.489543 0.972511
vt 0.328024 0.951917
vt 0.313617 0.938903
vt 0.507296 0.963648
vt 0.505172 0.983369
vt 0.329422 0.950413
vt 0.320118 0.931820
vt 0.509335 0.963637
vt 0.514697 0.983379
vt 0.331253 0.949650
vt 0.328553 0.928171
vt 0.511199 0.962796
vt 0.523383 0.979583
vt 0.333237 0.949745
vt 0.337634 0.928519
vt 0.512604 0.961253
vt 0.529884 0.972565
vt 0.335072 0.950680
vt 0.346006 0.932770
vt 0.513336 0.959246
vt 0.533241 0.963411
vt 0.336481 0.952308
vt 0.352427 0.940202
vt 0.513288 0.957081
vt 0.533006 0.953543
vt 0.337249 0.954379
vt 0.355923 0.949630
vt 0.512469 0.955090
vt 0.529258 0.944495
vt 0.337261 0.956577
vt 0.355956 0.959615
vt 0.511007 0.953576
vt 0.522576 0.937643
vt 0.336515 0.958571
vt 0.352519 0.968691
vt 0.509120 0.952766
vt 0.513950 0.933989
vt 0.335122 0.960061
vt 0.346132 0.975558
vt 0.507095 0.952781
vt 0.504654 0.934032
vt 0.333294 0.960825
vt 0.337751 0.979224
vt 0.505236 0.953618
vt 0.496067 0.937736
vt 0.331308 0.960744
vt 0.328635 0.979121
vt 0.503825 0.955150
vt 0.489480 0.944564
vt 0.329467 0.959829
vt 0.320160 0.975199
vt 0.503079 0.957147
vt 0.485896 0.953544
vt 0.328053 0.958215
vt 0.313628 0.967980
vt 0.503114 0.959307
vt 0.485896 0.963362
vt 0.072578 0.066363
vt 0.072934 0.064383
vt 0.074664 0.064506
vt 0.074302 0.066482
vt 0.073055 0.062196
vt 0.074792 0.062323
vt 0.072929 0.060133
vt 0.074672 0.060265
vt 0.072578 0.058505
vt 0.074327 0.058641
vt 0.155944 0.166018
vt 0.156114 0.164268
vt 0.157832 0.164460
vt 0.157661 0.166205
vt 0.156177 0.162084
vt 0.157895 0.162277
vt 0.156119 0.159794
vt 0.157834 0.159984
vt 0.155944 0.157744
vt 0.157655 0.157930
vt 0.001028 0.110803
vt 0.000647 0.108857
vt 0.002382 0.108753
vt 0.002770 0.110695
vt 0.000515 0.106670
vt 0.002242 0.106570
vt 0.000656 0.104576
vt 0.002377 0.104480
vt 0.001053 0.102896
vt 0.002770 0.102804
vt 0.118623 0.139551
vt 0.118988 0.141315
vt 0.117335 0.141465
vt 0.116970 0.139704
vt 0.042936 0.623169
vt 0.041739 0.623055
vt 0.041615 0.615605
vt 0.042808 0.615718
vt 0.041238 0.608962
vt 0.042426 0.609077
vt 0.040743 0.604215
vt 0.041929 0.604335
vt 0.002770 0.232687
vt 0.001635 0.232647
vt 0.001028 0.226911
vt 0.002165 0.226964
vt 0.001071 0.220353
vt 0.002214 0.220418
vt 0.001623 0.213937
vt 0.002770 0.214010
vt 0.266118 0.699353
vt 0.267313 0.699253
vt 0.267051 0.705004
vt 0.265855 0.705105
vt 0.267016 0.711882
vt 0.265822 0.711977
vt 0.267117 0.718941
vt 0.265927 0.719027
vt 0.267240 0.725229
vt 0.266052 0.725307
vt 0.267313 0.729846
vt 0.266122 0.729917
vt 0.059814 0.109961
vt 0.060942 0.109854
vt 0.060341 0.115810
vt 0.059209 0.115904
vt 0.060302 0.122436
vt 0.059164 0.122520
vt 0.060942 0.128731
vt 0.059798 0.128809
vt 0.090007 0.038806
vt 0.089989 0.040051
vt 0.088796 0.040166
vt 0.088814 0.038921
vt 0.041940 0.635734
vt 0.040743 0.635623
vt 0.041463 0.630100
vt 0.042663 0.630213
vt 0.090022 0.037262
vt 0.088829 0.037378
vt 0.667712 0.982688
vt 0.668669 0.981563
vt 0.679006 0.988740
vt 0.674519 0.993920
vt 0.086086 0.761036
vt 0.087021 0.762175
vt 0.080276 0.773760
vt 0.075916 0.768498
vt 0.666466 0.983335
vt 0.668700 0.996910
vt 0.088242 0.762823
vt 0.085961 0.776760
vt 0.665122 0.983404
vt 0.662494 0.997230
vt 0.089559 0.762879
vt 0.092058 0.777008
vt 0.663887 0.982883
vt 0.656898 0.994826
vt 0.090772 0.762333
vt 0.097590 0.774464
vt 0.662945 0.981853
vt 0.652752 0.990077
vt 0.091698 0.761271
vt 0.101712 0.769535
vt 0.662437 0.980471
vt 0.650584 0.983724
vt 0.092198 0.759855
vt 0.103878 0.763006
vt 0.662436 0.978950
vt 0.650599 0.976761
vt 0.092199 0.758304
vt 0.103865 0.755906
vt 0.662942 0.977523
vt 0.652779 0.970268
vt 0.091701 0.756855
vt 0.101689 0.749334
vt 0.663882 0.976405
vt 0.656913 0.965229
vt 0.090777 0.755726
vt 0.097585 0.744276
vt 0.665116 0.975765
vt 0.662491 0.962383
vt 0.089566 0.755088
vt 0.092076 0.741461
vt 0.666459 0.975700
vt 0.668690 0.962127
vt 0.088249 0.755036
vt 0.085986 0.741275
vt 0.667706 0.976218
vt 0.674512 0.964481
vt 0.087028 0.755576
vt 0.080294 0.743727
vt 0.668665 0.977241
vt 0.679003 0.969094
vt 0.086090 0.756628
vt 0.075922 0.748459
vt 0.669186 0.978615
vt 0.681440 0.975300
vt 0.085581 0.758034
vt 0.073558 0.754796
vt 0.669187 0.980133
vt 0.681440 0.982194
vt 0.085579 0.759582
vt 0.073558 0.761827
vt 0.106756 0.023455
vt 0.106892 0.022048
vt 0.108033 0.022140
vt 0.107898 0.023546
vt 0.106890 0.020604
vt 0.108030 0.020698
vt 0.106756 0.019342
vt 0.107896 0.019440
vt 0.087446 0.048379
vt 0.087299 0.047352
vt 0.088495 0.047451
vt 0.088643 0.048476
vt 0.087224 0.045945
vt 0.088420 0.046045
vt 0.087230 0.044367
vt 0.088427 0.044468
vt 0.087310 0.042854
vt 0.088506 0.042956
vt 0.087446 0.041633
vt 0.088643 0.041735
vt 0.019247 0.001361
vt 0.019388 0.002748
vt 0.018247 0.002826
vt 0.018107 0.001441
vt 0.019391 0.004189
vt 0.018250 0.004265
vt 0.019248 0.005467
vt 0.018107 0.005540
vt 0.089986 0.033234
vt 0.090016 0.034242
vt 0.088825 0.034359
vt 0.088796 0.033352
vt 0.090028 0.035658
vt 0.088835 0.035774
vt 0.042912 0.466177
vt 0.041827 0.466153
vt 0.041824 0.459107
vt 0.042907 0.459129
vt 0.041850 0.453159
vt 0.042929 0.453182
vt 0.047091 0.626039
vt 0.046023 0.625989
vt 0.045254 0.619713
vt 0.046320 0.619771
vt 0.045013 0.612654
vt 0.046078 0.612724
vt 0.045290 0.605865
vt 0.046356 0.605947
vt 0.046022 0.600314
vt 0.047091 0.600406
vt 0.043286 0.418672
vt 0.044363 0.418669
vt 0.045321 0.424530
vt 0.044240 0.424533
vt 0.045706 0.431503
vt 0.044623 0.431507
vt 0.045395 0.438547
vt 0.044311 0.438551
vt 0.044370 0.444595
vt 0.043286 0.444598
vt 0.122185 0.031810
vt 0.123269 0.031715
vt 0.122546 0.038071
vt 0.121461 0.038155
vt 0.122239 0.045383
vt 0.121153 0.045457
vt 0.122477 0.052445
vt 0.121391 0.052514
vt 0.123269 0.058106
vt 0.122185 0.058172
vt 0.088433 0.063782
vt 0.088643 0.065077
vt 0.087573 0.065097
vt 0.087364 0.063802
vt 0.042915 0.479224
vt 0.041824 0.479198
vt 0.041848 0.473217
vt 0.042936 0.473241
vt 0.088362 0.062242
vt 0.087294 0.062262
vt 0.729266 0.985120
vt 0.730305 0.986196
vt 0.722542 0.997210
vt 0.717766 0.992264
vt 0.978216 0.415055
vt 0.978810 0.416447
vt 0.967812 0.424662
vt 0.965088 0.418264
vt 0.728707 0.983722
vt 0.715181 0.985887
vt 0.979874 0.417507
vt 0.972665 0.429528
vt 0.728711 0.982218
vt 0.715163 0.979069
vt 0.981245 0.418076
vt 0.978883 0.432133
vt 0.729276 0.980835
vt 0.717692 0.972848
vt 0.982713 0.418067
vt 0.985502 0.432104
vt 0.730318 0.979781
vt 0.722377 0.968147
vt 0.984057 0.417483
vt 0.991528 0.429461
vt 0.731679 0.979215
vt 0.728534 0.965631
vt 0.985076 0.416413
vt 0.996097 0.424599
vt 0.733154 0.979219
vt 0.735274 0.965631
vt 0.985616 0.415017
vt 0.998578 0.418231
vt 0.734520 0.979795
vt 0.741599 0.968141
vt 0.985596 0.413507
vt 0.998615 0.411305
vt 0.735567 0.980858
vt 0.746522 0.972834
vt 0.985016 0.412114
vt 0.996150 0.404871
vt 0.736134 0.982248
vt 0.749242 0.979075
vt 0.983961 0.411049
vt 0.991478 0.399926
vt 0.736132 0.983757
vt 0.749307 0.985952
vt 0.982590 0.410476
vt 0.985261 0.397245
vt 0.735563 0.985153
vt 0.746710 0.992392
vt 0.981111 0.410483
vt 0.978461 0.397245
vt 0.734513 0.986220
vt 0.741879 0.997346
vt 0.979753 0.411069
vt 0.972177 0.399924
vt 0.733144 0.986794
vt 0.735584 1.000000
vt 0.978725 0.412144
vt 0.967423 0.404867
vt 0.731667 0.986785
vt 0.728796 0.999941
vt 0.978185 0.413544
vt 0.964941 0.411310
vt 0.061009 0.166133
vt 0.061198 0.164891
vt 0.062262 0.164965
vt 0.062073 0.166205
vt 0.061262 0.163357
vt 0.062327 0.163432
vt 0.061194 0.161767
vt 0.062259 0.161845
vt 0.061009 0.160367
vt 0.062074 0.160447
vt 0.057094 0.098329
vt 0.057060 0.097025
vt 0.058137 0.097034
vt 0.058172 0.098338
vt 0.057051 0.095494
vt 0.058127 0.095502
vt 0.057065 0.093967
vt 0.058140 0.093975
vt 0.057097 0.092676
vt 0.058172 0.092684
vt 0.069064 0.125814
vt 0.069202 0.127036
vt 0.068137 0.127113
vt 0.067998 0.125892
vt 0.069252 0.128545
vt 0.068187 0.128619
vt 0.069205 0.130115
vt 0.068140 0.130187
vt 0.069064 0.131509
vt 0.067998 0.131579
vt 0.088643 0.059371
vt 0.088436 0.060693
vt 0.087369 0.060712
vt 0.087575 0.059391
vt 0.024195 0.813403
vt 0.023077 0.813343
vt 0.023295 0.806200
vt 0.024410 0.806260
vt 0.023818 0.800251
vt 0.024931 0.800312
vt 0.349030 0.660545
vt 0.347913 0.660665
vt 0.346994 0.654559
vt 0.348110 0.654443
vt 0.346632 0.647507
vt 0.347746 0.647398
vt 0.346947 0.640606
vt 0.348061 0.640504
vt 0.347916 0.634919
vt 0.349030 0.634823
vt 0.159298 0.834915
vt 0.160400 0.834821
vt 0.160599 0.841199
vt 0.159496 0.841293
vt 0.160665 0.848482
vt 0.159558 0.848576
vt 0.160599 0.855560
vt 0.159488 0.855655
vt 0.160415 0.861401
vt 0.159298 0.861496
vt 0.001642 0.505028
vt 0.002770 0.505153
vt 0.002058 0.511285
vt 0.000926 0.511156
vt 0.001859 0.518221
vt 0.000725 0.518088
vt 0.002136 0.524939
vt 0.001004 0.524800
vt 0.002770 0.530471
vt 0.001643 0.530328
vt 0.235427 0.228442
vt 0.235457 0.229828
vt 0.234345 0.229917
vt 0.234316 0.228531
vt 0.024931 0.826870
vt 0.023806 0.826808
vt 0.023234 0.820579
vt 0.024355 0.820640
vt 0.235414 0.226844
vt 0.234304 0.226933
vt 0.388116 0.978753
vt 0.388691 0.977341
vt 0.401662 0.980245
vt 0.399132 0.986757
vt 0.208152 0.975853
vt 0.208715 0.977266
vt 0.197588 0.985438
vt 0.195096 0.978923
vt 0.387069 0.979828
vt 0.394405 0.991759
vt 0.209751 0.978336
vt 0.202262 0.990417
vt 0.385711 0.980400
vt 0.388201 0.994460
vt 0.211103 0.978897
vt 0.208410 0.993075
vt 0.384247 0.980381
vt 0.381482 0.994428
vt 0.212565 0.978863
vt 0.215085 0.992983
vt 0.382902 0.979774
vt 0.375297 0.991663
vt 0.213914 0.978239
vt 0.221256 0.990147
vt 0.381882 0.978673
vt 0.370599 0.986607
vt 0.214944 0.977122
vt 0.225977 0.985020
vt 0.381343 0.977248
vt 0.368091 0.980071
vt 0.215496 0.975683
vt 0.228532 0.978425
vt 0.381368 0.975718
vt 0.368149 0.973089
vt 0.215486 0.974145
vt 0.228532 0.971408
vt 0.381951 0.974315
vt 0.370777 0.966726
vt 0.214916 0.972740
vt 0.225962 0.965039
vt 0.383002 0.973251
vt 0.375573 0.961906
vt 0.213875 0.971682
vt 0.221218 0.960243
vt 0.384361 0.972685
vt 0.381764 0.959309
vt 0.212522 0.971128
vt 0.215059 0.957696
vt 0.385819 0.972702
vt 0.388380 0.959309
vt 0.211063 0.971160
vt 0.208449 0.957765
vt 0.387156 0.973300
vt 0.394445 0.961928
vt 0.209721 0.971776
vt 0.202370 0.960459
vt 0.388171 0.974391
vt 0.399094 0.966808
vt 0.208696 0.972882
vt 0.197705 0.965407
vt 0.388710 0.975809
vt 0.401636 0.973236
vt 0.208146 0.974314
vt 0.195145 0.971887
vt 0.000000 0.096953
vt 0.000196 0.095716
vt 0.001314 0.095561
vt 0.001118 0.096797
vt 0.000266 0.094217
vt 0.001385 0.094064
vt 0.000199 0.092684
vt 0.001317 0.092531
vt 0.000000 0.091348
vt 0.001117 0.091196
vt 0.199508 0.008222
vt 0.199664 0.006951
vt 0.200779 0.007040
vt 0.200625 0.008310
vt 0.199717 0.005401
vt 0.200831 0.005489
vt 0.199661 0.003806
vt 0.200775 0.003894
vt 0.199508 0.002409
vt 0.200621 0.002497
vt 0.057943 0.084418
vt 0.058113 0.085644
vt 0.056994 0.085501
vt 0.056824 0.084277
vt 0.058172 0.087141
vt 0.057053 0.086997
vt 0.058111 0.088681
vt 0.056992 0.088536
vt 0.057944 0.090028
vt 0.056824 0.089882
vt 0.235457 0.223980
vt 0.235424 0.225277
vt 0.234314 0.225366
vt 0.234348 0.224069
vt 0.353186 0.496595
vt 0.337793 0.518006
vt 0.104921 0.074221
vt 0.104115 0.070880
vt 0.106770 0.070880
vt 0.107928 0.073508
vt 0.101914 0.074935
vt 0.102015 0.072309
vt 0.102940 0.077234
vt 0.105727 0.077562
vt 0.108033 0.075908
vt 0.105498 0.002818
vt 0.104841 0.000096
vt 0.107004 0.000096
vt 0.107948 0.002237
vt 0.103048 0.003400
vt 0.103130 0.001260
vt 0.103884 0.005272
vt 0.106154 0.005540
vt 0.108033 0.004193
vt 0.875329 0.362675
vt 0.857219 0.351273
vt 0.863801 0.336188
vt 0.877614 0.341504
vt 0.853040 0.375672
vt 0.846058 0.361919
vt 0.865403 0.383439
vt 0.893439 0.374076
vt 0.895299 0.404966
vt 0.887449 0.407202
vt 0.894275 0.350087
vt 0.919668 0.362867
vt 0.917794 0.369699
vt 0.834935 0.406244
vt 0.832442 0.405327
vt 0.885259 0.297115
vt 0.888826 0.295751
vt 0.830862 0.340144
vt 0.831258 0.334974
vt 0.835195 0.332344
vt 0.891838 0.297076
vt 0.830862 0.403422
vt 0.230522 0.068807
vt 0.225552 0.073375
vt 0.223003 0.070280
vt 0.225999 0.065658
vt 0.233077 0.071981
vt 0.228041 0.076103
vt 0.235188 0.066455
vt 0.235457 0.067864
vt 0.228187 0.060842
vt 0.229308 0.061058
vt 0.231274 0.077585
vt 0.234419 0.074928
vt 0.235457 0.078091
vt 0.234270 0.078947
vt 0.219391 0.065379
vt 0.219770 0.064277
vt 0.222886 0.078342
vt 0.221609 0.077989
vt 0.220983 0.076592
vt 0.778914 0.580668
vt 0.774492 0.602548
vt 0.750319 0.600368
vt 0.757557 0.578557
vt 0.747694 0.258412
vt 0.746560 0.244134
vt 0.761986 0.240357
vt 0.765357 0.255884
vt 0.736927 0.601240
vt 0.740975 0.577466
vt 0.712275 0.267153
vt 0.702367 0.240544
vt 0.727883 0.244413
vt 0.736644 0.261988
vt 0.669344 0.491946
vt 0.665673 0.469233
vt 0.685434 0.468092
vt 0.679859 0.492295
vt 0.807471 0.782603
vt 0.806806 0.805324
vt 0.789228 0.799355
vt 0.790881 0.777124
vt 0.699581 0.488864
vt 0.705474 0.463272
vt 0.727283 0.457447
vt 0.720083 0.484253
vt 0.829670 0.788636
vt 0.831025 0.804358
vt 0.739612 0.452633
vt 0.733202 0.479732
vt 0.800486 0.585256
vt 0.800554 0.608494
vt 0.797629 0.488923
vt 0.791235 0.531617
vt 0.775605 0.528423
vt 0.767418 0.482528
vt 0.681917 0.600685
vt 0.687116 0.552069
vt 0.706499 0.551780
vt 0.700871 0.600188
vt 0.719554 0.597142
vt 0.724848 0.549285
vt 0.739612 0.545496
vt 0.735982 0.594074
vt 0.759696 0.367052
vt 0.760650 0.318354
vt 0.775623 0.313852
vt 0.771729 0.362801
vt 0.831025 0.681164
vt 0.824799 0.729935
vt 0.798559 0.724725
vt 0.814648 0.685959
vt 0.733783 0.374533
vt 0.731846 0.325374
vt 0.748199 0.324161
vt 0.748424 0.370857
vt 0.671278 0.598954
vt 0.676519 0.550289
vt 0.709931 0.379292
vt 0.702367 0.331632
vt 0.750225 0.476436
vt 0.756202 0.522832
vt 0.744106 0.517411
vt 0.736927 0.468555
vt 0.793377 0.558986
vt 0.774217 0.555339
vt 0.797521 0.751300
vt 0.771726 0.767810
vt 0.781116 0.743488
vt 0.685865 0.521209
vt 0.705341 0.519657
vt 0.724773 0.516082
vt 0.738682 0.511913
vt 0.753710 0.289220
vt 0.765285 0.288686
vt 0.829335 0.754904
vt 0.813627 0.754142
vt 0.731615 0.292990
vt 0.748482 0.291030
vt 0.673310 0.520479
vt 0.704673 0.298693
vt 0.750433 0.551777
vt 0.743063 0.548022
vt 0.684015 0.444389
vt 0.703924 0.434929
vt 0.723742 0.429668
vt 0.802442 0.831025
vt 0.786360 0.826059
vt 0.721547 0.227562
vt 0.744712 0.227058
vt 0.748251 0.625054
vt 0.738102 0.629439
vt 0.762212 0.225191
vt 0.733926 0.424043
vt 0.666706 0.441532
vt 0.770992 0.628162
vt 0.702636 0.212549
vt 0.830474 0.819583
vt 0.796675 0.637119
vt 0.758231 0.377256
vt 0.751273 0.387606
vt 0.309114 0.637171
vt 0.306983 0.627200
vt 0.316589 0.630253
vt 0.320339 0.644675
vt 0.764236 0.379037
vt 0.763869 0.393270
vt 0.376731 0.650043
vt 0.361039 0.659280
vt 0.351462 0.638263
vt 0.374954 0.634719
vt 0.682138 0.654490
vt 0.686947 0.636018
vt 0.700861 0.639116
vt 0.697385 0.655125
vt 0.717083 0.649634
vt 0.718326 0.629858
vt 0.731077 0.627892
vt 0.731631 0.643691
vt 0.701210 0.883283
vt 0.701517 0.872952
vt 0.712331 0.882531
vt 0.708088 0.892226
vt 0.686311 0.878135
vt 0.689657 0.868006
vt 0.358846 0.616264
vt 0.376731 0.613277
vt 0.331674 0.633638
vt 0.337950 0.650878
vt 0.718630 0.905754
vt 0.709095 0.899390
vt 0.722992 0.922193
vt 0.713099 0.920076
vt 0.673922 0.646619
vt 0.676656 0.628643
vt 0.683570 0.615160
vt 0.696861 0.619138
vt 0.693187 0.820561
vt 0.698873 0.822799
vt 0.297269 0.728532
vt 0.289226 0.727562
vt 0.300365 0.690834
vt 0.311301 0.692210
vt 0.291845 0.634093
vt 0.289226 0.620181
vt 0.726289 0.405433
vt 0.729036 0.417527
vt 0.717523 0.427978
vt 0.715765 0.412490
vt 0.742846 0.407049
vt 0.738666 0.398317
vt 0.686723 0.896125
vt 0.701637 0.901248
vt 0.700550 0.922438
vt 0.686311 0.921472
vt 0.822654 0.506005
vt 0.843530 0.505279
vt 0.849769 0.526970
vt 0.826197 0.527589
vt 0.281541 0.283417
vt 0.262014 0.280216
vt 0.267176 0.263821
vt 0.284599 0.268321
vt 0.085868 0.676331
vt 0.089325 0.690891
vt 0.066529 0.691027
vt 0.065452 0.679383
vt 0.408340 0.744777
vt 0.411018 0.723459
vt 0.431084 0.725778
vt 0.438242 0.747736
vt 0.089946 0.701456
vt 0.065709 0.714269
vt 0.413626 0.711803
vt 0.429170 0.710029
vt 0.241827 0.283293
vt 0.228702 0.286586
vt 0.232335 0.262881
vt 0.246615 0.259215
vt 0.397959 0.775283
vt 0.403758 0.760873
vt 0.433605 0.765175
vt 0.426856 0.783934
vt 0.087176 0.719487
vt 0.061669 0.731085
vt 0.796131 0.508896
vt 0.794422 0.531488
vt 0.798602 0.415097
vt 0.836684 0.411116
vt 0.824659 0.455197
vt 0.806262 0.457201
vt 0.197580 0.697595
vt 0.197561 0.717005
vt 0.149764 0.723635
vt 0.149601 0.703219
vt 0.284761 0.768266
vt 0.288167 0.751742
vt 0.340350 0.753304
vt 0.336058 0.766982
vt 0.264697 0.398936
vt 0.246904 0.393719
vt 0.244620 0.341438
vt 0.261739 0.346716
vt 0.195125 0.734340
vt 0.147781 0.741997
vt 0.229832 0.386289
vt 0.230030 0.342929
vt 0.286956 0.407191
vt 0.274295 0.403109
vt 0.273191 0.353103
vt 0.288036 0.354622
vt 0.195651 0.685898
vt 0.147633 0.691425
vt 0.290462 0.731136
vt 0.343451 0.731800
vt 0.186165 0.676331
vt 0.140677 0.682168
vt 0.853186 0.406234
vt 0.843265 0.450940
vt 0.825399 0.481511
vt 0.802129 0.483675
vt 0.117836 0.724482
vt 0.118833 0.705388
vt 0.375461 0.749790
vt 0.371001 0.764571
vt 0.246898 0.314154
vt 0.266987 0.315592
vt 0.114907 0.742382
vt 0.083347 0.736889
vt 0.785950 0.457424
vt 0.794651 0.484715
vt 0.233622 0.314752
vt 0.277182 0.318002
vt 0.290869 0.320205
vt 0.378339 0.728367
vt 0.378378 0.715959
vt 0.117870 0.691332
vt 0.312201 0.361521
vt 0.311261 0.326367
vt 0.852478 0.446294
vt 0.853186 0.476204
vt 0.847306 0.479464
vt 0.113224 0.686271
vt 0.033526 0.730603
vt 0.042146 0.714138
vt 0.462828 0.766829
vt 0.456737 0.783934
vt 0.238905 0.234238
vt 0.251930 0.231405
vt 0.447804 0.708725
vt 0.449925 0.730650
vt 0.039060 0.693611
vt 0.041685 0.681391
vt 0.268209 0.247699
vt 0.288218 0.250238
vt 0.468144 0.750152
vt 0.850752 0.551133
vt 0.828034 0.552723
vt 0.796026 0.559557
vt 0.273644 0.421116
vt 0.267936 0.410003
vt 0.239433 0.431783
vt 0.228809 0.441014
vt 0.231618 0.425190
vt 0.240222 0.420902
vt 0.257143 0.426624
vt 0.257826 0.411481
vt 0.631579 0.625790
vt 0.629083 0.643398
vt 0.604773 0.638873
vt 0.615579 0.615058
vt 0.251035 0.694118
vt 0.252078 0.709171
vt 0.236246 0.714099
vt 0.232759 0.701071
vt 0.835690 0.211911
vt 0.836328 0.195399
vt 0.852129 0.190991
vt 0.854571 0.204035
vt 0.256853 0.592832
vt 0.250973 0.602159
vt 0.244204 0.591747
vt 0.254437 0.581850
vt 0.267556 0.587376
vt 0.263184 0.576635
vt 0.247196 0.728405
vt 0.227630 0.730235
vt 0.631579 0.662050
vt 0.613213 0.657761
vt 0.628648 0.607542
vt 0.614096 0.601786
vt 0.249694 0.609626
vt 0.242564 0.616312
vt 0.246128 0.631260
vt 0.237160 0.633382
vt 0.243107 0.684678
vt 0.225292 0.689133
vt 0.216278 0.711726
vt 0.211956 0.699022
vt 0.243664 0.528368
vt 0.253659 0.526437
vt 0.234840 0.490944
vt 0.244226 0.488314
vt 0.854571 0.179350
vt 0.842157 0.183206
vt 0.281921 0.432503
vt 0.275717 0.441600
vt 0.289137 0.439980
vt 0.285797 0.452806
vt 0.618847 0.539330
vt 0.619114 0.565329
vt 0.606274 0.566482
vt 0.604668 0.544647
vt 0.619114 0.520841
vt 0.607051 0.526499
vt 0.177210 0.000149
vt 0.183610 0.002207
vt 0.185596 0.014037
vt 0.179227 0.012228
vt 0.183637 0.023546
vt 0.177210 0.021914
vt 0.777852 0.787887
vt 0.783934 0.787375
vt 0.779329 0.803309
vt 0.773240 0.804272
vt 0.783934 0.818448
vt 0.778247 0.819945
vt 0.891844 0.493075
vt 0.885014 0.492143
vt 0.887708 0.482390
vt 0.894737 0.482937
vt 0.885542 0.465373
vt 0.892702 0.465474
vt 0.885014 0.459615
vt 0.892108 0.459681
vt 0.090028 0.379698
vt 0.084180 0.380886
vt 0.084436 0.364151
vt 0.090028 0.362446
vt 0.968005 0.267955
vt 0.975111 0.266637
vt 0.980609 0.279150
vt 0.973117 0.280163
vt 0.977874 0.294419
vt 0.970297 0.295756
vt 0.975386 0.305839
vt 0.968005 0.307479
vt 0.297811 0.361745
vt 0.304709 0.362519
vt 0.304709 0.379501
vt 0.298336 0.378963
vt 0.362730 0.980609
vt 0.355266 0.979143
vt 0.359376 0.968886
vt 0.367001 0.970156
vt 0.360842 0.953513
vt 0.368421 0.954637
vt 0.355266 0.942353
vt 0.362608 0.943304
vt 0.121949 0.163477
vt 0.128809 0.162405
vt 0.128809 0.181038
vt 0.121851 0.181440
vt 0.138766 0.937618
vt 0.143176 0.937857
vt 0.149519 0.950574
vt 0.144980 0.949978
vt 0.149585 0.961886
vt 0.144982 0.961035
vt 0.141829 0.977839
vt 0.138766 0.974031
vt 0.008310 0.566301
vt 0.003012 0.566482
vt 0.000189 0.549631
vt 0.005023 0.549253
vt 0.003748 0.535664
vt 0.008310 0.535461
vt 0.231302 0.422438
vt 0.226666 0.421900
vt 0.226665 0.402907
vt 0.230992 0.403623
vt 0.227003 0.396346
vt 0.231302 0.397095
vt 0.074792 0.542500
vt 0.070721 0.544321
vt 0.070550 0.525961
vt 0.074792 0.524612
vt 0.417310 0.226851
vt 0.423823 0.230691
vt 0.419204 0.244490
vt 0.411980 0.245014
vt 0.421926 0.263626
vt 0.415170 0.264763
vt 0.193305 0.022561
vt 0.186987 0.020882
vt 0.189870 0.003748
vt 0.196676 0.000190
vt 0.224377 0.611416
vt 0.217718 0.612188
vt 0.217807 0.592888
vt 0.224377 0.591608
vt 0.185592 0.041834
vt 0.175547 0.039107
vt 0.183900 0.052082
vt 0.178483 0.051159
vt 0.192148 0.060414
vt 0.183237 0.065240
vt 0.196676 0.071827
vt 0.187865 0.076177
vt 0.156510 0.250693
vt 0.147289 0.245585
vt 0.146311 0.234985
vt 0.155855 0.238774
vt 0.148068 0.221877
vt 0.156510 0.224190
vt 0.422830 0.301939
vt 0.415242 0.294444
vt 0.418435 0.278622
vt 0.423823 0.282836
vt 0.278512 0.726023
vt 0.284790 0.726567
vt 0.286704 0.742382
vt 0.280435 0.741850
vt 0.493075 0.694177
vt 0.487013 0.695291
vt 0.482959 0.683151
vt 0.488999 0.682111
vt 0.487109 0.666293
vt 0.493075 0.665249
vt 0.069252 0.545560
vt 0.063328 0.545706
vt 0.062083 0.529841
vt 0.068084 0.529697
vt 0.063324 0.515256
vt 0.069252 0.515093
vt 0.669579 0.193906
vt 0.663539 0.193805
vt 0.664225 0.174661
vt 0.670360 0.174778
vt 0.663539 0.163975
vt 0.669692 0.164127
vt 0.280420 0.705613
vt 0.286704 0.706162
vt 0.390034 0.137835
vt 0.385697 0.135011
vt 0.386815 0.132993
vt 0.390029 0.134298
vt 0.386646 0.140860
vt 0.383716 0.138072
vt 0.390004 0.143448
vt 0.389194 0.143949
vt 0.393330 0.134880
vt 0.393352 0.135786
vt 0.382503 0.144044
vt 0.381794 0.143340
vt 0.389227 0.129229
vt 0.390033 0.129218
vt 0.381794 0.134718
vt 0.381914 0.133603
vt 0.382582 0.132897
vt 0.126179 0.467763
vt 0.130479 0.470293
vt 0.129370 0.472410
vt 0.126184 0.471330
vt 0.129538 0.464463
vt 0.132444 0.467061
vt 0.126209 0.462099
vt 0.127012 0.461534
vt 0.122911 0.470985
vt 0.122889 0.470073
vt 0.133646 0.460948
vt 0.134349 0.461607
vt 0.126980 0.476383
vt 0.126180 0.476454
vt 0.134349 0.470302
vt 0.134230 0.471436
vt 0.133568 0.472197
vt 0.151005 0.352581
vt 0.155360 0.357248
vt 0.154237 0.358779
vt 0.151010 0.356105
vt 0.154407 0.351017
vt 0.157350 0.355048
vt 0.151035 0.347004
vt 0.151848 0.346851
vt 0.147695 0.354113
vt 0.147673 0.353202
vt 0.158567 0.349619
vt 0.159280 0.350624
vt 0.151816 0.361496
vt 0.151006 0.361163
vt 0.159280 0.359209
vt 0.159159 0.360269
vt 0.158488 0.360686
vt 0.036444 0.010082
vt 0.040547 0.005156
vt 0.041907 0.006426
vt 0.039560 0.010076
vt 0.035044 0.006234
vt 0.038591 0.002905
vt 0.031513 0.010048
vt 0.031374 0.009128
vt 0.037817 0.013826
vt 0.037011 0.013850
vt 0.033785 0.001528
vt 0.034670 0.000722
vt 0.044321 0.009165
vt 0.044031 0.010081
vt 0.042260 0.000722
vt 0.043198 0.000859
vt 0.043570 0.001617
vt 0.435323 0.069508
vt 0.439476 0.074881
vt 0.438405 0.076364
vt 0.435328 0.073205
vt 0.438567 0.068242
vt 0.441373 0.072792
vt 0.435352 0.063663
vt 0.436127 0.063592
vt 0.432167 0.070753
vt 0.432146 0.069795
vt 0.442534 0.067233
vt 0.443213 0.068365
vt 0.436096 0.078947
vt 0.435324 0.078509
vt 0.443213 0.077369
vt 0.443098 0.078467
vt 0.442459 0.078831
vt 0.765101 0.755239
vt 0.771217 0.758605
vt 0.767515 0.764543
vt 0.761314 0.760544
vt 0.135734 0.199141
vt 0.122279 0.206371
vt 0.122279 0.183792
vt 0.129539 0.183305
vt 0.766038 0.743701
vt 0.775623 0.740597
vt 0.228532 0.488920
vt 0.218909 0.484284
vt 0.221938 0.466202
vt 0.228532 0.463378
vt 0.839335 0.756233
vt 0.826041 0.747729
vt 0.828416 0.729039
vt 0.839335 0.733085
vt 0.608908 0.206531
vt 0.627424 0.205956
vt 0.621972 0.226815
vt 0.608908 0.227147
vt 0.761314 0.725230
vt 0.775213 0.722641
vt 0.043893 0.753081
vt 0.031474 0.763158
vt 0.031474 0.739961
vt 0.044321 0.734671
vt 0.443656 0.505540
vt 0.443656 0.490350
vt 0.453249 0.489974
vt 0.455679 0.496579
vt 0.546238 0.119785
vt 0.545018 0.125755
vt 0.537577 0.120185
vt 0.538459 0.117583
vt 0.554017 0.121987
vt 0.554017 0.130194
vt 0.543261 0.108434
vt 0.551040 0.110636
vt 0.542904 0.099689
vt 0.546979 0.099650
vt 0.538477 0.102980
vt 0.538360 0.100102
vt 0.258493 0.072370
vt 0.264184 0.072540
vt 0.264543 0.078947
vt 0.258493 0.078406
vt 0.954208 0.114716
vt 0.966759 0.115150
vt 0.957133 0.149584
vt 0.951180 0.146101
vt 0.626781 0.471096
vt 0.612402 0.488949
vt 0.621736 0.459541
vt 0.627424 0.461469
vt 0.221607 0.939584
vt 0.203584 0.922159
vt 0.208911 0.904673
vt 0.214803 0.903347
vt 0.937158 0.117504
vt 0.951524 0.119268
vt 0.949321 0.143337
vt 0.932700 0.145115
vt 0.219544 0.957064
vt 0.203584 0.948198
vt 0.627424 0.496716
vt 0.612859 0.504155
vt 0.951180 0.100247
vt 0.963002 0.097997
vt 0.947198 0.153466
vt 0.940797 0.156510
vt 0.932700 0.100256
vt 0.946414 0.103235
vt 0.970311 0.764582
vt 0.976564 0.766545
vt 0.975903 0.772853
vt 0.969425 0.770320
vt 0.977491 0.663920
vt 0.963997 0.664186
vt 0.971718 0.641911
vt 0.977839 0.645193
vt 0.971340 0.753918
vt 0.981994 0.749433
vt 0.216066 0.083102
vt 0.204125 0.073661
vt 0.209235 0.060194
vt 0.216066 0.061526
vt 0.833795 0.987535
vt 0.818757 0.982827
vt 0.820888 0.966380
vt 0.833795 0.967300
vt 0.350907 0.681440
vt 0.350907 0.661221
vt 0.369806 0.660813
vt 0.369738 0.675189
vt 0.965494 0.737880
vt 0.981994 0.733197
vt 0.977839 0.681390
vt 0.964132 0.685596
vt 0.821717 0.955242
vt 0.827684 0.952485
vt 0.272853 0.074021
vt 0.272853 0.079267
vt 0.267639 0.080332
vt 0.267880 0.074712
vt 0.775623 0.434943
vt 0.763255 0.438074
vt 0.750600 0.405288
vt 0.755266 0.403775
vt 0.846146 0.738294
vt 0.829806 0.718089
vt 0.851699 0.691258
vt 0.853989 0.693156
vt 0.741096 0.455089
vt 0.747308 0.406495
vt 0.858726 0.742149
vt 0.858726 0.694893
vt 0.849095 0.774166
vt 0.837773 0.765403
vt 0.779333 0.987535
vt 0.779333 0.947801
vt 0.803847 0.950099
vt 0.817175 0.979961
vt 0.083102 0.950912
vt 0.083102 0.987535
vt 0.049301 0.979342
vt 0.061871 0.951002
vt 0.775623 0.468171
vt 0.764317 0.476454
vt 0.243767 0.958449
vt 0.226689 0.958449
vt 0.234494 0.907488
vt 0.238070 0.904978
vt 0.200831 0.888662
vt 0.200355 0.924211
vt 0.189462 0.922634
vt 0.190225 0.890661
vt 0.782831 0.928086
vt 0.782831 0.891736
vt 0.797582 0.892303
vt 0.797742 0.925002
vt 0.841620 0.789474
vt 0.831555 0.775802
vt 0.249307 0.075813
vt 0.244078 0.077562
vt 0.244921 0.070978
vt 0.249307 0.070932
vt 0.021143 0.830355
vt 0.000683 0.828035
vt 0.018632 0.800448
vt 0.022161 0.802267
vt 0.786018 0.946746
vt 0.807709 0.929145
vt 0.832410 0.941020
vt 0.830011 0.947368
vt 0.180725 0.931962
vt 0.200831 0.944243
vt 0.151059 0.950138
vt 0.149476 0.945545
vt 0.022161 0.842105
vt 0.008182 0.841678
vt 0.879112 0.068708
vt 0.894992 0.069284
vt 0.891550 0.083103
vt 0.876955 0.078398
vt 0.342105 0.890215
vt 0.326842 0.891572
vt 0.324946 0.879627
vt 0.339461 0.881494
vt 0.265952 0.770083
vt 0.248966 0.770083
vt 0.247876 0.753379
vt 0.263009 0.754604
vt 0.876955 0.059419
vt 0.894446 0.056984
vt 0.896122 0.063173
vt 0.880382 0.061920
vt 0.093400 0.586221
vt 0.109418 0.577079
vt 0.109418 0.596953
vt 0.095708 0.596514
vt 0.286503 0.069238
vt 0.301939 0.067611
vt 0.301417 0.078865
vt 0.284683 0.081436
vt 0.249439 0.743615
vt 0.271468 0.742869
vt 0.339551 0.900657
vt 0.324946 0.903047
vt 0.301939 0.089448
vt 0.287337 0.090028
vt 0.779407 0.441911
vt 0.796881 0.442752
vt 0.793747 0.455679
vt 0.777644 0.453066
vt 0.660665 0.009817
vt 0.642664 0.008764
vt 0.642388 0.000163
vt 0.659205 0.000163
vt 0.753173 0.147256
vt 0.735532 0.148200
vt 0.732748 0.129297
vt 0.749499 0.130236
vt 0.776931 0.427513
vt 0.795987 0.427513
vt 0.797784 0.435127
vt 0.780368 0.434114
vt 0.263158 0.490467
vt 0.262080 0.506882
vt 0.251148 0.509695
vt 0.251148 0.493566
vt 0.441828 0.787465
vt 0.441828 0.805589
vt 0.430109 0.804544
vt 0.428618 0.785324
vt 0.734208 0.118468
vt 0.754848 0.118468
vt 0.656347 0.020494
vt 0.640495 0.020776
vt 0.418473 0.808864
vt 0.419259 0.788086
vt 0.146443 0.577645
vt 0.163917 0.578486
vt 0.160783 0.591413
vt 0.144680 0.588800
vt 0.639889 0.009817
vt 0.621889 0.008764
vt 0.621613 0.000163
vt 0.638430 0.000163
vt 0.526026 0.763599
vt 0.508385 0.764543
vt 0.505601 0.745640
vt 0.522352 0.746580
vt 0.143967 0.563247
vt 0.163023 0.563247
vt 0.164820 0.570861
vt 0.147404 0.569848
vt 0.285319 0.455841
vt 0.284241 0.472255
vt 0.273309 0.475069
vt 0.273309 0.458940
vt 0.775623 0.966136
vt 0.775623 0.984260
vt 0.763904 0.983215
vt 0.762413 0.963994
vt 0.507061 0.734811
vt 0.527701 0.734811
vt 0.635572 0.020494
vt 0.619720 0.020776
vt 0.752268 0.987535
vt 0.753054 0.966757
vt 0.782008 0.846306
vt 0.799169 0.844730
vt 0.797370 0.857065
vt 0.780848 0.857341
vt 0.394737 0.589992
vt 0.377262 0.588322
vt 0.377262 0.576777
vt 0.394217 0.577823
vt 0.351801 0.542738
vt 0.334081 0.542936
vt 0.333156 0.528499
vt 0.349754 0.529735
vt 0.613573 0.110754
vt 0.609460 0.127673
vt 0.596099 0.130194
vt 0.596065 0.110754
vt 0.472299 0.239856
vt 0.472299 0.256233
vt 0.463412 0.255933
vt 0.462878 0.245931
vt 0.952909 0.965842
vt 0.952909 0.983995
vt 0.941322 0.983788
vt 0.940571 0.964451
vt 0.333901 0.520966
vt 0.351801 0.523662
vt 0.387831 0.598338
vt 0.378019 0.598023
vt 0.930466 0.987535
vt 0.931665 0.967319
vt 0.780848 0.830228
vt 0.798629 0.832147
s 1
usemtl 男bake1
f 5/1/5 6/2/6 4/3/4 3/4/3
f 71/5/71 72/6/72 6/2/6 5/1/5
f 46/7/46 43/8/43 8/9/8 7/10/7
f 36/11/36 4/12/4 10/13/10 38/14/38
f 72/15/72 2/16/2 9/17/9 73/18/73
f 4/19/4 6/20/6 11/21/11 10/22/10
f 31/23/31 32/24/32 14/25/14 15/26/15
f 32/24/32 33/27/33 13/28/13 14/25/14
f 31/23/31 15/26/15 20/29/20 34/30/34
f 73/18/73 9/17/9 16/31/16 74/32/74
f 38/14/38 10/13/10 17/33/17 39/34/39
f 10/35/10 11/36/11 18/37/18 17/38/17
f 34/30/34 20/29/20 25/39/25 35/40/35
f 74/32/74 16/31/16 21/41/21 75/42/75
f 39/34/39 17/33/17 22/43/22 40/44/40
f 17/33/17 18/45/18 23/46/23 22/43/22
f 58/47/58 57/48/57 26/49/26 27/50/27
f 60/51/60 59/52/59 28/53/28 29/54/29
f 59/52/59 58/47/58 27/50/27 28/53/28
f 61/55/61 48/56/48 42/57/42 56/58/56
f 16/59/16 34/30/34 35/40/35 21/60/21
f 9/61/9 31/23/31 34/30/34 16/59/16
f 2/62/2 1/63/1 33/64/33 32/65/32
f 9/61/9 2/66/2 32/24/32 31/23/31
f 62/67/62 52/68/52 30/69/30 55/70/55
f 44/71/44 38/14/38 39/34/39 45/72/45
f 43/8/43 36/11/36 38/14/38 44/71/44
f 3/4/3 4/3/4 36/73/36 37/74/37
f 45/72/45 47/75/47 41/76/41 19/77/19
f 39/34/39 24/78/24 47/75/47 45/72/45
f 8/9/8 43/8/43 44/71/44 12/79/12
f 12/79/12 44/71/44 45/72/45 19/77/19
f 55/70/55 30/69/30 48/80/48 61/81/61
f 37/82/37 36/11/36 43/8/43 46/7/46
f 54/83/54 53/84/53 39/34/39 40/44/40
f 51/85/51 53/86/53 49/87/49 20/88/20
f 25/89/25 20/88/20 49/87/49 50/90/50
f 24/78/24 39/34/39 53/84/53 51/91/51
f 50/90/50 49/87/49 53/86/53 54/92/54
f 60/93/60 29/94/29 52/68/52 62/67/62
f 20/95/20 60/93/60 62/67/62 51/96/51
f 24/78/24 55/97/55 61/55/61 47/75/47
f 51/96/51 62/67/62 55/70/55 24/98/24
f 47/75/47 61/55/61 56/58/56 41/76/41
f 15/26/15 14/25/14 58/47/58 59/52/59
f 20/29/20 15/26/15 59/52/59 60/51/60
f 14/25/14 13/28/13 57/48/57 58/47/58
f 75/42/75 21/41/21 63/99/63 76/100/76
f 25/101/25 50/102/50 69/103/69 66/104/66
f 54/83/54 40/44/40 68/105/68 70/106/70
f 50/102/50 54/107/54 70/108/70 69/103/69
f 22/43/22 23/46/23 65/109/65 64/110/64
f 35/40/35 25/39/25 66/111/66 67/112/67
f 40/44/40 22/43/22 64/110/64 68/105/68
f 21/60/21 35/40/35 67/112/67 63/113/63
f 23/114/23 75/42/75 76/100/76 65/115/65
f 18/116/18 74/32/74 75/42/75 23/114/23
f 11/21/11 73/18/73 74/32/74 18/116/18
f 6/20/6 72/15/72 73/18/73 11/21/11
f 1/63/1 2/62/2 72/6/72 71/5/71
f 76/100/76 63/99/63 77/117/77 78/118/77
f 63/113/63 67/112/67 80/119/78 79/120/78
f 67/112/67 66/111/66 81/121/79 82/122/79
f 64/110/64 65/109/65 84/123/80 83/124/80
f 68/105/68 64/110/64 85/125/81 86/126/81
f 70/106/70 68/105/68 87/127/82 88/128/82
f 69/103/69 70/108/70 90/129/83 89/130/83
f 66/104/66 69/103/69 92/131/84 91/132/84
f 65/133/65 76/134/76 94/135/85 93/136/85
f 99/137/90 97/138/88 98/139/89 100/140/91
f 158/141/149 99/142/90 100/143/91 159/144/150
f 134/145/125 7/10/7 8/9/8 131/146/122
f 126/147/117 128/148/119 102/149/93 98/139/89
f 159/150/150 160/151/151 101/152/92 96/153/87
f 98/154/89 102/155/93 103/156/94 100/157/91
f 121/158/112 106/159/97 105/160/96 122/161/113
f 122/162/113 105/163/96 104/164/95 123/165/114
f 121/166/112 124/167/115 110/168/101 106/169/97
f 160/170/151 161/171/152 107/172/98 101/173/92
f 128/148/119 129/174/120 108/175/99 102/149/93
f 102/149/93 108/175/99 109/176/100 103/177/94
f 124/167/115 125/178/116 115/179/106 110/168/101
f 161/171/152 162/180/153 111/181/102 107/172/98
f 129/174/120 130/182/121 112/183/103 108/175/99
f 108/175/99 112/183/103 113/184/104 109/176/100
f 145/185/136 117/186/108 116/187/107 144/188/135
f 147/189/138 119/190/110 118/191/109 146/192/137
f 146/192/137 118/191/109 117/186/108 145/185/136
f 148/193/139 56/58/56 42/57/42 136/194/127
f 107/172/98 111/181/102 125/178/116 124/167/115
f 101/173/92 107/172/98 124/167/115 121/166/112
f 96/195/87 122/162/113 123/165/114 95/196/86
f 101/197/92 121/158/112 122/161/113 96/198/87
f 149/199/140 143/200/134 120/201/111 140/202/131
f 132/203/123 133/204/124 129/174/120 128/148/119
f 131/146/122 132/203/123 128/148/119 126/147/117
f 97/138/88 127/205/118 126/147/117 98/139/89
f 133/204/124 19/77/19 41/76/41 135/206/126
f 129/174/120 133/204/124 135/206/126 114/207/105
f 8/9/8 12/79/12 132/203/123 131/146/122
f 12/79/12 19/77/19 133/204/124 132/203/123
f 143/208/134 148/193/139 136/194/127 120/209/111
f 127/205/118 134/145/125 131/146/122 126/147/117
f 142/210/133 130/211/121 129/212/120 141/213/132
f 139/214/130 110/215/101 137/216/128 141/217/132
f 115/218/106 138/219/129 137/216/128 110/215/101
f 114/207/105 139/220/130 141/221/132 129/174/120
f 138/219/129 142/222/133 141/217/132 137/216/128
f 147/189/138 149/199/140 140/202/131 119/190/110
f 110/168/101 139/223/130 149/199/140 147/189/138
f 114/207/105 135/206/126 148/193/139 143/208/134
f 139/220/130 114/207/105 143/208/134 149/224/140
f 135/206/126 41/76/41 56/58/56 148/193/139
f 106/159/97 146/225/137 145/226/136 105/160/96
f 110/168/101 147/189/138 146/192/137 106/169/97
f 105/163/96 145/185/136 144/188/135 104/164/95
f 162/180/153 163/227/154 150/228/141 111/181/102
f 115/229/106 153/230/144 156/231/147 138/232/129
f 142/210/133 157/233/148 155/234/146 130/211/121
f 138/235/129 156/236/147 157/233/148 142/210/133
f 112/183/103 151/237/142 152/238/143 113/184/104
f 125/239/116 154/240/145 153/230/144 115/229/106
f 130/211/121 155/234/146 151/241/142 112/242/103
f 111/181/102 150/228/141 154/243/145 125/178/116
f 113/244/104 152/245/143 163/246/154 162/247/153
f 109/248/100 113/244/104 162/247/153 161/249/152
f 103/156/94 109/248/100 161/249/152 160/151/151
f 100/157/91 103/156/94 160/151/151 159/150/150
f 95/196/86 158/141/149 159/144/150 96/195/87
f 163/227/154 165/250/155 164/251/155 150/228/141
f 150/252/141 166/253/156 167/254/156 154/255/145
f 154/240/145 169/256/157 168/257/157 153/230/144
f 151/237/142 170/258/158 171/259/158 152/238/143
f 155/234/146 173/260/159 172/261/159 151/241/142
f 157/233/148 175/262/160 174/263/160 155/234/146
f 156/236/147 176/264/161 177/265/161 157/233/148
f 153/230/144 178/266/162 179/267/162 156/231/147
f 152/245/143 180/268/163 181/269/163 163/246/154
f 240/270/222 228/271/210 188/272/170 209/273/191
f 246/274/228 229/275/211 189/276/171 224/277/206
f 231/278/213 230/279/212 187/280/169 186/281/168
f 209/282/191 188/283/170 192/284/174 210/285/192
f 224/286/206 189/287/171 193/288/175 225/289/207
f 186/290/168 187/291/169 191/292/173 190/293/172
f 210/285/192 192/284/174 196/294/178 211/295/193
f 225/289/207 193/288/175 197/296/179 226/297/208
f 190/293/172 191/292/173 195/298/177 194/299/176
f 239/300/221 232/301/214 200/302/182 212/303/194
f 245/304/227 233/305/215 201/306/183 227/307/209
f 235/308/217 234/309/216 199/310/181 198/311/180
f 238/312/220 236/313/218 203/314/185 204/315/186
f 236/313/218 237/316/219 202/317/184 203/314/185
f 228/318/210 184/319/166 202/317/184 237/316/219
f 232/301/214 238/312/220 204/315/186 200/302/182
f 192/320/174 188/321/170 207/322/189 205/323/187
f 196/324/178 192/320/174 205/323/187 206/325/188
f 244/326/226 239/327/221 212/328/194 222/329/204
f 220/330/202 210/285/192 211/295/193 221/331/203
f 219/332/201 209/282/191 210/285/192 220/330/202
f 243/333/225 240/270/222 209/273/191 219/334/201
f 234/309/216 241/335/223 217/336/199 199/310/181
f 191/292/173 215/337/197 216/338/198 195/298/177
f 187/291/169 214/339/196 215/337/197 191/292/173
f 230/279/212 242/340/224 214/341/196 187/280/169
f 229/275/211 243/333/225 219/334/201 189/276/171
f 189/287/171 219/332/201 220/330/202 193/288/175
f 193/288/175 220/330/202 221/331/203 197/296/179
f 233/305/215 244/326/226 222/329/204 201/306/183
f 241/335/223 245/304/227 227/307/209 217/336/199
f 215/337/197 225/289/207 226/297/208 216/338/198
f 214/339/196 224/286/206 225/289/207 215/337/197
f 242/340/224 246/274/228 224/277/206 214/341/196
f 213/342/195 223/343/205 246/274/228 242/340/224
f 216/338/198 226/297/208 245/304/227 241/335/223
f 197/296/179 221/331/203 244/326/226 233/305/215
f 185/344/167 218/345/200 243/333/225 229/275/211
f 183/346/165 213/342/195 242/340/224 230/279/212
f 195/298/177 216/338/198 241/335/223 234/309/216
f 218/345/200 208/347/190 240/270/222 243/333/225
f 221/331/203 211/295/193 239/327/221 244/326/226
f 196/324/178 206/325/188 238/312/220 232/301/214
f 188/321/170 228/318/210 237/316/219 207/322/189
f 205/323/187 207/322/189 237/316/219 236/313/218
f 206/325/188 205/323/187 236/313/218 238/312/220
f 194/299/176 195/298/177 234/309/216 235/308/217
f 226/297/208 197/296/179 233/305/215 245/304/227
f 211/295/193 196/294/178 232/348/214 239/327/221
f 182/349/164 183/346/165 230/279/212 231/278/213
f 223/343/205 185/344/167 229/275/211 246/274/228
f 208/347/190 184/350/166 228/271/210 240/270/222
f 286/351/268 262/352/244 249/353/231 274/354/256
f 292/355/274 271/356/253 250/357/232 275/358/257
f 277/359/259 247/360/229 248/361/230 276/362/258
f 262/352/244 263/363/245 253/364/235 249/353/231
f 271/356/253 272/365/254 254/366/236 250/357/232
f 247/360/229 251/367/233 252/368/234 248/361/230
f 263/369/245 264/370/246 257/371/239 253/372/235
f 272/373/254 273/374/255 258/375/240 254/376/236
f 251/377/233 255/378/237 256/379/238 252/380/234
f 285/381/267 212/382/194 200/383/182 278/384/260
f 291/385/273 227/386/209 201/387/183 279/388/261
f 281/389/263 198/390/180 199/391/181 280/392/262
f 284/393/266 204/315/186 203/314/185 282/394/264
f 282/394/264 203/314/185 202/317/184 283/395/265
f 274/396/256 283/395/265 202/317/184 184/319/166
f 278/397/260 200/302/182 204/315/186 284/393/266
f 253/398/235 259/399/241 261/400/243 249/401/231
f 257/402/239 260/403/242 259/399/241 253/398/235
f 290/404/272 222/405/204 212/382/194 285/381/267
f 269/406/251 270/407/252 264/370/246 263/369/245
f 268/408/250 269/409/251 263/363/245 262/352/244
f 289/410/271 268/408/250 262/352/244 286/351/268
f 280/392/262 199/391/181 217/411/199 287/412/269
f 252/380/234 256/379/238 267/413/249 266/414/248
f 248/361/230 252/368/234 266/415/248 265/416/247
f 276/362/258 248/361/230 265/416/247 288/417/270
f 275/358/257 250/357/232 268/408/250 289/410/271
f 250/357/232 254/366/236 269/409/251 268/408/250
f 254/376/236 258/375/240 270/407/252 269/406/251
f 279/388/261 201/387/183 222/405/204 290/404/272
f 287/412/269 217/411/199 227/386/209 291/385/273
f 266/414/248 267/413/249 273/374/255 272/373/254
f 265/416/247 266/415/248 272/365/254 271/356/253
f 288/417/270 265/416/247 271/356/253 292/355/274
f 213/418/195 288/417/270 292/355/274 223/419/205
f 267/413/249 287/412/269 291/385/273 273/374/255
f 258/375/240 279/388/261 290/404/272 270/407/252
f 185/420/167 275/358/257 289/410/271 218/421/200
f 183/422/165 276/362/258 288/417/270 213/418/195
f 256/379/238 280/392/262 287/412/269 267/413/249
f 218/421/200 289/410/271 286/351/268 208/423/190
f 270/407/252 290/404/272 285/381/267 264/370/246
f 257/402/239 278/397/260 284/393/266 260/403/242
f 249/401/231 261/400/243 283/395/265 274/396/256
f 259/399/241 282/394/264 283/395/265 261/400/243
f 260/403/242 284/393/266 282/394/264 259/399/241
f 255/378/237 281/389/263 280/392/262 256/379/238
f 273/374/255 291/385/273 279/388/261 258/375/240
f 264/370/246 285/381/267 278/384/260 257/371/239
f 182/424/164 277/359/259 276/362/258 183/422/165
f 223/419/205 292/355/274 275/358/257 185/420/167
f 208/423/190 286/351/268 274/354/256 184/425/166
f 304/426/286 300/427/282 296/428/278 303/429/285
f 300/427/282 295/430/277 297/431/279 301/432/283
f 296/428/278 300/427/282 301/432/283 298/433/280
f 302/434/284 295/430/277 300/427/282 304/426/286
f 293/435/275 302/434/284 304/426/286 299/436/281
f 299/436/281 304/426/286 303/429/285 294/437/276
f 316/438/298 315/439/297 308/440/290 312/441/294
f 312/442/294 313/443/295 309/444/291 307/445/289
f 308/440/290 310/446/292 313/447/295 312/441/294
f 314/448/296 316/449/298 312/442/294 307/445/289
f 305/450/287 311/451/293 316/449/298 314/448/296
f 311/452/293 306/453/288 315/439/297 316/438/298
f 332/454/314 326/455/308 320/456/302 330/457/312
f 328/458/310 327/459/309 322/460/304 319/461/301
f 317/462/299 321/463/303 325/464/307 323/465/305
f 329/466/311 318/467/300 324/468/306 331/469/313
f 323/470/305 325/471/307 327/472/309 328/473/310
f 331/474/313 324/475/306 326/455/308 332/454/314
f 325/476/307 331/474/313 332/454/314 327/459/309
f 321/463/303 329/466/311 331/469/313 325/464/307
f 327/459/309 332/454/314 330/457/312 322/460/304
f 326/477/308 324/478/306 334/479/316 335/480/317
f 320/456/302 326/455/308 335/481/317 333/482/315
f 324/478/306 318/483/300 334/479/316
f 352/484/331 351/485/330 337/486/319 339/487/321
f 353/488/332 352/484/331 339/487/321 338/489/320
f 354/490/333 353/488/332 338/489/320 336/491/318
f 339/487/321 337/486/319 340/492/322 342/493/324
f 338/489/320 339/487/321 342/493/324 341/494/323
f 338/489/320 341/494/323 336/491/318
f 319/495/301 322/496/304 344/497/325 343/498/325
f 320/499/302 333/500/315 345/501/326 348/502/328
f 330/457/312 320/456/302 349/503/329 350/504/329
f 322/460/304 330/457/312 347/505/327 346/506/327
f 317/507/299 323/470/305 353/488/332 354/490/333
f 323/470/305 328/473/310 352/484/331 353/488/332
f 328/473/310 319/508/301 351/485/330 352/484/331
f 366/509/345 364/510/343 356/511/335 361/512/340
f 363/513/342 355/514/334 357/515/336 362/516/341
f 317/462/299 358/517/337 360/518/339 321/463/303
f 329/466/311 365/519/344 359/520/338 318/467/300
f 358/521/337 363/513/342 362/516/341 360/522/339
f 365/523/344 366/509/345 361/512/340 359/524/338
f 360/525/339 362/526/341 366/509/345 365/523/344
f 321/463/303 360/518/339 365/519/344 329/466/311
f 362/516/341 357/515/336 364/527/343 366/528/345
f 361/512/340 335/480/317 334/479/316 359/524/338
f 356/511/335 333/500/315 335/480/317 361/512/340
f 359/524/338 334/479/316 318/483/300
f 378/529/354 369/530/348 367/531/346 377/532/353
f 379/533/355 368/534/347 369/530/348 378/529/354
f 354/490/333 336/491/318 368/535/347 379/536/355
f 369/537/348 342/493/324 340/492/322 367/538/346
f 368/535/347 341/494/323 342/493/324 369/537/348
f 368/535/347 336/491/318 341/494/323
f 355/514/334 370/539/349 371/540/349 357/515/336
f 356/511/335 374/541/351 345/501/326 333/500/315
f 364/510/343 376/542/352 375/543/352 356/511/335
f 357/515/336 372/544/350 373/545/350 364/527/343
f 317/462/299 354/546/333 379/547/355 358/517/337
f 358/521/337 379/533/355 378/529/354 363/513/342
f 363/513/342 378/529/354 377/532/353 355/514/334
f 380/548/356 382/549/358 383/550/359 381/551/357
f 385/552/361 386/553/362 387/554/363 384/555/360
f 390/556/366 391/557/367 387/558/363 386/559/362
f 388/560/364 389/561/365 385/552/361 384/555/360
f 391/557/367 388/562/364 384/563/360 387/558/363
f 389/561/365 390/564/366 386/553/362 385/552/361
f 389/561/365 380/565/356 392/566/368 395/567/371
f 383/568/359 382/569/358 388/570/364 391/571/367
f 389/561/365 388/560/364 402/572/378 403/573/379
f 383/574/359 391/575/367 399/576/375 397/577/373
f 392/578/368 393/579/369 394/580/370 395/581/371
f 381/582/357 390/583/366 394/584/370 393/585/369
f 390/564/366 389/561/365 395/567/371 394/586/370
f 380/548/356 381/551/357 393/587/369 392/588/368
f 396/589/372 397/577/373 399/576/375 398/590/374
f 381/551/357 383/550/359 397/591/373 396/592/372
f 390/593/366 381/594/357 396/595/372 398/596/374
f 391/597/367 390/598/366 398/599/374 399/600/375
f 400/601/376 401/602/377 403/573/379 402/572/378
f 380/603/356 389/604/365 403/605/379 401/606/377
f 382/549/358 380/548/356 401/607/377 400/608/376
f 388/560/364 382/609/358 400/601/376 402/572/378
f 404/610/380 405/611/381 407/612/383 406/613/382
f 405/614/381 404/615/380 408/616/384 409/617/384
f 406/613/382 407/612/383 411/618/386 410/619/385
f 441/620/412 442/621/413 412/622/387 413/623/388
f 413/624/388 412/625/387 414/626/389 415/627/389
f 418/628/392 419/629/393 417/630/391 416/631/390
f 406/613/382 410/619/385 419/629/393 418/628/392
f 406/613/382 418/628/392 421/632/395 420/633/394
f 420/634/394 421/635/395 423/636/397 422/637/396
f 442/638/413 407/639/383 424/640/398 443/641/414
f 418/628/392 416/631/390 426/642/400 427/643/401
f 418/628/392 427/643/401 423/644/397 421/632/395
f 423/645/397 427/646/401 429/647/402 428/648/402
f 426/642/400 416/631/390 430/649/403 432/650/405
f 416/631/390 417/630/391 431/651/404 430/649/403
f 426/652/400 432/653/405 434/654/406 433/655/406
f 430/649/403 431/651/404 436/656/408 435/657/407
f 430/649/403 435/657/407 438/658/410 437/659/409
f 437/660/409 438/661/410 440/662/411 439/663/411
f 412/664/387 442/665/413 443/666/414 425/667/399
f 411/668/386 407/669/383 442/621/413 441/620/412
f 448/670/419 447/671/418 444/672/415 446/673/417
f 447/671/418 449/674/420 445/675/416 444/672/415
f 435/657/407 436/656/408 449/674/420 447/671/418
f 438/658/410 435/657/407 447/671/418 448/670/419
f 448/676/419 446/677/417 450/678/421 451/679/422
f 451/679/422 450/678/421 452/680/423 453/681/423
f 459/682/429 460/683/430 461/684/431 458/685/428
f 463/686/433 462/687/432 461/688/431 460/689/430
f 465/690/435 464/691/434 459/692/429 458/693/428
f 462/694/432 465/695/435 458/696/428 461/697/431
f 464/698/434 463/699/433 460/700/430 459/701/429
f 469/702/439 466/703/436 463/699/433 464/698/434
f 468/704/438 467/705/437 465/695/435 462/694/432
f 467/706/437 469/707/439 464/691/434 465/690/435
f 466/708/436 468/709/438 462/710/432 463/711/433
f 456/712/426 457/713/427 471/714/441 470/715/440
f 454/716/424 455/717/425 469/707/439 467/706/437
f 457/718/427 454/716/424 467/706/437 468/719/438
f 455/720/425 456/721/426 466/703/436 469/702/439
f 473/722/443 472/723/442 476/724/446 477/725/447
f 468/726/438 466/727/436 472/723/442 473/722/443
f 457/718/427 468/719/438 473/728/443 471/729/441
f 466/730/436 456/731/426 470/732/440 472/733/442
f 474/734/444 475/735/445 477/725/447 476/724/446
f 472/736/442 470/737/440 474/738/444 476/739/446
f 471/740/441 473/741/443 477/742/447 475/743/445
f 470/715/440 471/714/441 475/744/445 474/745/444
f 482/746/452 483/747/453 485/748/455 484/749/454
f 487/750/457 486/751/456 485/752/455 483/753/453
f 488/754/458 487/755/457 483/756/453 482/757/452
f 486/758/456 489/759/459 484/760/454 485/761/455
f 489/762/459 488/763/458 482/764/452 484/765/454
f 480/766/450 478/767/448 488/763/458 489/762/459
f 481/768/451 480/769/450 489/759/459 486/758/456
f 478/770/448 479/771/449 487/755/457 488/754/458
f 479/772/449 481/773/451 486/751/456 487/750/457
f 494/774/464 495/775/465 497/776/467 496/777/466
f 499/778/469 498/779/468 497/780/467 495/781/465
f 500/782/470 499/783/469 495/784/465 494/785/464
f 498/786/468 501/787/471 496/777/466 497/776/467
f 501/788/471 500/789/470 494/790/464 496/791/466
f 505/792/475 503/793/473 500/789/470 501/788/471
f 504/794/474 505/795/475 501/787/471 498/786/468
f 503/796/473 502/797/472 499/798/469 500/799/470
f 502/800/472 504/801/474 498/779/468 499/778/469
f 511/802/481 510/803/480 507/804/477 506/805/476
f 490/806/460 491/807/461 502/808/472 503/809/473
f 493/810/463 492/811/462 505/795/475 504/794/474
f 492/812/462 490/813/460 503/793/473 505/792/475
f 506/814/476 507/815/477 509/816/479 508/817/478
f 513/818/483 512/819/482 508/820/478 509/821/479
f 510/822/480 513/818/483 509/821/479 507/823/477
f 512/824/482 511/802/481 506/805/476 508/825/478
f 502/808/472 491/807/461 511/826/481 512/827/482
f 493/828/463 504/829/474 513/830/483 510/831/480
f 504/832/474 502/833/472 512/819/482 513/818/483
f 521/834/491 520/835/490 528/836/498 529/837/499
f 523/838/493 522/839/492 521/840/491 519/841/489
f 524/842/494 523/843/493 519/844/489 518/845/488
f 522/846/492 525/847/495 520/835/490 521/834/491
f 525/848/495 524/849/494 518/850/488 520/851/490
f 516/852/486 514/853/484 524/842/494 525/854/495
f 517/855/487 516/856/486 525/847/495 522/846/492
f 514/853/484 515/857/485 523/843/493 524/842/494
f 515/858/485 517/859/487 522/860/492 523/861/493
f 526/862/496 527/863/497 529/864/499 528/865/498
f 520/851/490 518/850/488 526/866/496 528/867/498
f 519/868/489 521/869/491 529/864/499 527/863/497
f 518/870/488 519/868/489 527/863/497 526/862/496
f 531/871/501 530/872/500 533/873/503 532/874/502
f 532/875/502 533/876/503 535/877/505 534/878/504
f 534/878/504 535/877/505 537/879/506 536/880/506
f 530/872/500 531/871/501 539/881/507 538/882/507
f 541/883/509 540/884/508 542/885/510 543/886/511
f 542/885/510 540/884/508 544/887/512 545/888/512
f 540/889/508 541/890/509 547/891/513 546/892/513
f 570/893/536 561/894/527 551/895/517 565/896/531
f 571/897/537 563/898/529 555/899/521 566/900/532
f 569/901/535 559/902/525 553/903/519 567/904/533
f 568/905/534 557/906/523 549/907/515 564/908/530
f 566/909/532 555/910/521 559/911/525 569/912/535
f 567/904/533 553/903/519 557/913/523 568/914/534
f 564/908/530 549/907/515 561/915/527 570/916/536
f 565/896/531 551/895/517 563/898/529 571/897/537
f 550/917/516 565/896/531 571/897/537 562/918/528
f 548/919/514 564/908/530 570/916/536 560/920/526
f 552/921/518 567/904/533 568/914/534 556/922/522
f 554/923/520 566/909/532 569/912/535 558/924/524
f 556/925/522 568/905/534 564/908/530 548/919/514
f 558/926/524 569/901/535 567/904/533 552/921/518
f 562/918/528 571/897/537 566/900/532 554/927/520
f 560/920/526 570/916/536 565/928/531 550/929/516
f 649/930/615 582/931/548 573/932/539 647/933/613
f 664/934/630 584/935/550 576/936/542 662/937/628
f 595/938/561 593/939/559 578/940/544 585/941/551
f 582/931/548 575/942/541 581/943/547 586/944/552
f 573/932/539 582/931/548 586/944/552 580/945/546
f 594/946/560 595/947/561 585/948/551 579/949/545
f 663/950/629 577/951/543 584/935/550 664/934/630
f 648/952/614 575/942/541 582/931/548 649/930/615
f 586/944/552 581/943/547 588/953/554 589/954/555
f 580/945/546 586/944/552 589/954/555 587/955/553
f 627/956/593 626/957/592 590/958/556 592/959/558
f 628/960/594 627/956/593 592/959/558 591/961/557
f 574/962/540 583/963/549 595/964/561 594/965/560
f 583/963/549 572/966/538 593/967/559 595/964/561
f 592/959/558 590/958/556 598/968/564 596/969/562
f 605/970/571 602/971/568 620/972/586 623/973/589
f 662/937/628 576/936/542 608/974/574 667/975/633
f 573/932/539 580/945/546 587/955/553 599/976/565
f 665/977/631 601/978/567 613/979/579 668/980/634
f 578/981/544 593/982/559 572/983/538 601/984/567
f 673/985/639 630/986/596 606/987/572 666/988/632
f 631/989/597 632/990/598 603/991/569 604/992/570
f 633/993/599 634/994/600 602/971/568 605/970/571
f 626/995/592 629/996/595 607/997/573 590/998/556
f 634/994/600 631/989/597 604/992/570 602/971/568
f 657/999/623 633/993/599 605/970/571 652/1000/618
f 723/1001/689 718/1002/684 619/1003/585 671/1004/637
f 721/1005/687 717/1006/683 616/1007/582 655/1008/621
f 647/933/613 573/932/539 610/1009/576 653/1010/619
f 601/984/567 572/983/538 609/1011/575 613/1012/579
f 573/932/539 599/976/565 611/1013/577 610/1009/576
f 651/1014/617 600/1015/566 612/1016/578 654/1017/620
f 616/1018/582 617/1019/583 638/1020/604 637/1021/603
f 671/1004/637 619/1003/585 640/1022/606 674/1023/640
f 717/1024/683 719/1025/685 617/1019/583 616/1018/582
f 720/1026/686 725/1027/691 618/1028/584 656/1029/622
f 722/1030/688 724/1031/690 614/1032/580 669/1033/635
f 718/1002/684 726/1034/692 615/1035/581 619/1003/585
f 604/992/570 603/991/569 621/1036/587 622/1037/588
f 666/988/632 606/987/572 624/1038/590 672/1039/638
f 652/1000/618 605/970/571 623/973/589 650/1040/616
f 590/998/556 607/997/573 625/1041/591 598/1042/564
f 591/961/557 592/959/558 596/969/562 597/1043/563
f 602/971/568 604/992/570 622/1037/588 620/972/586
f 651/1044/617 599/1045/565 633/1046/599 657/1047/623
f 587/955/553 589/954/555 631/989/597 634/994/600
f 578/940/544 601/1048/567 629/996/595 626/995/592
f 599/976/565 587/955/553 634/994/600 633/993/599
f 589/954/555 588/953/554 632/990/598 631/989/597
f 665/1049/631 600/1050/566 630/986/596 673/985/639
f 579/949/545 585/948/551 627/956/593 628/960/594
f 585/941/551 578/940/544 626/995/592 627/1051/593
f 656/1029/622 618/1028/584 639/1052/605 659/1053/625
f 669/1033/635 614/1032/580 635/1054/601 670/1055/636
f 619/1003/585 615/1035/581 636/1056/602 640/1022/606
f 655/1057/621 616/1058/582 637/1059/603 658/1060/624
f 693/1061/659 694/1062/660 644/1063/610 643/1064/609
f 700/1065/666 693/1061/659 643/1064/609 660/1066/626
f 696/1067/662 697/1068/663 642/1069/608 646/1070/612
f 699/1071/665 698/1072/664 645/1073/611 661/1074/627
f 702/1075/668 695/1076/661 641/1077/607 675/1078/641
f 701/1079/667 696/1067/662 646/1070/612 676/1080/642
f 661/1081/627 660/1082/626 679/1083/645 680/1084/646
f 641/1085/607 645/1086/611 686/1087/652 685/1088/651
f 641/1089/607 660/1066/626 681/1090/647 682/1091/648
f 694/1092/660 699/1093/665 661/1094/627 644/1095/610
f 695/1096/661 700/1065/666 660/1066/626 641/1089/607
f 614/1032/580 655/1057/621 658/1060/624 635/1054/601
f 617/1019/583 656/1097/622 659/1098/625 638/1020/604
f 600/1050/566 651/1044/617 657/1047/623 630/986/596
f 606/1099/572 652/1000/618 650/1040/616 624/1100/590
f 719/1101/685 720/1026/686 656/1029/622 617/1102/583
f 599/1103/565 651/1014/617 654/1017/620 611/1104/577
f 576/1105/542 647/933/613 653/1010/619 608/1106/574
f 724/1107/690 721/1005/687 655/1008/621 614/1108/580
f 630/1109/596 657/999/623 652/1000/618 606/1099/572
f 577/951/543 648/1110/614 649/1111/615 584/935/550
f 584/935/550 649/1111/615 647/1112/613 576/936/542
f 646/1070/612 642/1069/608 690/1113/656 691/1114/657
f 698/1072/664 701/1115/667 676/1116/642 645/1073/611
f 697/1117/663 702/1075/668 675/1078/641 642/1118/608
f 615/1119/581 669/1033/635 670/1055/636 636/1120/602
f 601/1048/567 665/1049/631 673/985/639 629/996/595
f 607/997/573 666/988/632 672/1039/638 625/1041/591
f 726/1121/692 722/1030/688 669/1033/635 615/1119/581
f 618/1122/584 671/1004/637 674/1023/640 639/1123/605
f 725/1124/691 723/1001/689 671/1004/637 618/1122/584
f 629/996/595 673/985/639 666/988/632 607/997/573
f 600/1015/566 665/977/631 668/980/634 612/1016/578
f 572/1125/538 662/1126/628 667/1127/633 609/1128/575
f 574/962/540 663/950/629 664/934/630 583/963/549
f 583/963/549 664/934/630 662/937/628 572/966/538
f 679/1083/645 677/1129/643 678/1130/644 680/1084/646
f 660/1066/626 643/1064/609 677/1131/643 679/1132/645
f 644/1133/610 661/1134/627 680/1135/646 678/1136/644
f 643/1137/609 644/1138/610 678/1139/644 677/1140/643
f 682/1141/648 681/1142/647 683/1143/649 684/1144/650
f 645/1145/611 641/1146/607 682/1147/648 684/1148/650
f 660/1149/626 661/1150/627 683/1151/649 681/1152/647
f 661/1074/627 645/1073/611 684/1144/650 683/1143/649
f 687/1153/653 685/1154/651 686/1155/652 688/1156/654
f 645/1073/611 676/1116/642 688/1156/654 686/1155/652
f 676/1157/642 675/1158/641 687/1159/653 688/1160/654
f 675/1078/641 641/1077/607 685/1161/651 687/1162/653
f 690/1163/656 689/1164/655 692/1165/658 691/1166/657
f 675/1167/641 676/1168/642 692/1169/658 689/1170/655
f 642/1171/608 675/1172/641 689/1173/655 690/1174/656
f 676/1175/642 646/1176/612 691/1166/657 692/1165/658
f 636/1177/602 670/1178/636 702/1179/668 697/1180/663
f 639/1123/605 674/1023/640 701/1079/667 698/1181/664
f 635/1182/601 658/1183/624 700/1065/666 695/1096/661
f 638/1184/604 659/1053/625 699/1071/665 694/1185/660
f 674/1023/640 640/1022/606 696/1067/662 701/1079/667
f 670/1178/636 635/1186/601 695/1187/661 702/1179/668
f 659/1053/625 639/1052/605 698/1072/664 699/1071/665
f 640/1022/606 636/1056/602 697/1068/663 696/1067/662
f 658/1183/624 637/1188/603 693/1061/659 700/1065/666
f 693/1189/659 637/1190/603 703/1191/669 705/1192/671
f 703/1193/669 704/1194/670 706/1195/672 705/1196/671
f 637/1021/603 638/1020/604 704/1197/670 703/1198/669
f 638/1184/604 694/1185/660 706/1199/672 704/1200/670
f 694/1201/660 693/1189/659 705/1192/671 706/1202/672
f 612/1203/578 668/1204/634 716/1205/682 710/1206/676
f 609/1207/575 667/975/633 715/1208/681 712/1209/678
f 608/1106/574 653/1010/619 714/1210/680 708/1211/674
f 611/1104/577 654/1017/620 713/1212/679 711/1213/677
f 613/1012/579 609/1011/575 712/1214/678 709/1215/675
f 667/975/633 608/974/574 708/1216/674 715/1208/681
f 654/1017/620 612/1016/578 710/1217/676 713/1212/679
f 610/1009/576 611/1013/577 711/1218/677 707/1219/673
f 653/1010/619 610/1009/576 707/1219/673 714/1210/680
f 668/1204/634 613/1012/579 709/1215/675 716/1205/682
f 710/1206/676 716/1205/682 723/1001/689 725/1124/691
f 712/1209/678 715/1208/681 722/1030/688 726/1121/692
f 708/1211/674 714/1210/680 721/1005/687 724/1107/690
f 711/1213/677 713/1212/679 720/1026/686 719/1101/685
f 709/1215/675 712/1214/678 726/1034/692 718/1002/684
f 715/1208/681 708/1216/674 724/1031/690 722/1030/688
f 713/1212/679 710/1217/676 725/1027/691 720/1026/686
f 707/1219/673 711/1218/677 719/1220/685 717/1006/683
f 714/1210/680 707/1219/673 717/1006/683 721/1005/687
f 716/1205/682 709/1215/675 718/1002/684 723/1001/689
f 790/1221/756 789/1222/755 728/1223/694 732/1224/698
f 804/1225/770 803/1226/769 729/1227/695 734/1228/700
f 742/1229/708 735/1230/701 730/1231/696 741/1232/707
f 732/1233/698 736/1234/702 581/943/547 575/942/541
f 728/1235/694 731/1236/697 736/1234/702 732/1233/698
f 594/946/560 579/949/545 735/1230/701 742/1229/708
f 663/950/629 804/1225/770 734/1228/700 577/951/543
f 648/952/614 790/1237/756 732/1233/698 575/942/541
f 736/1234/702 738/1238/704 588/953/554 581/943/547
f 731/1236/697 737/1239/703 738/1238/704 736/1234/702
f 771/1240/737 740/1241/706 739/1242/705 770/1243/736
f 628/960/594 591/961/557 740/1241/706 771/1240/737
f 574/962/540 594/965/560 742/1244/708 733/1245/699
f 733/1246/699 742/1229/708 741/1232/707 727/1247/693
f 740/1241/706 743/1248/709 744/1249/710 739/1242/705
f 750/1250/716 767/1251/733 765/1252/731 748/1253/714
f 803/1226/769 807/1254/773 753/1255/719 729/1227/695
f 728/1256/694 745/1257/711 737/1258/703 731/1259/697
f 805/1260/771 808/1261/774 758/1262/724 747/1263/713
f 730/1231/696 747/1264/713 727/1247/693 741/1232/707
f 813/1265/779 806/1266/772 751/1267/717 773/1268/739
f 774/1269/740 749/1270/715 603/991/569 632/990/598
f 775/1271/741 750/1250/716 748/1253/714 776/1272/742
f 770/1243/736 739/1242/705 752/1273/718 772/1274/738
f 776/1272/742 748/1253/714 749/1275/715 774/1276/740
f 798/1277/764 793/1278/759 750/1250/716 775/1271/741
f 863/1279/829 811/1280/777 764/1281/730 858/1282/824
f 861/1283/827 796/1284/762 761/1285/727 857/1286/823
f 789/1222/755 794/1287/760 755/1288/721 728/1223/694
f 747/1264/713 758/1289/724 754/1290/720 727/1247/693
f 728/1291/694 755/1292/721 756/1293/722 745/1294/711
f 792/1295/758 795/1296/761 757/1297/723 746/1298/712
f 761/1299/727 779/1300/745 780/1301/746 762/1302/728
f 811/1303/777 814/1304/780 782/1305/748 764/1306/730
f 857/1307/823 761/1299/727 762/1302/728 859/1308/825
f 860/1309/826 797/1310/763 763/1311/729 865/1312/831
f 862/1313/828 809/1314/775 759/1315/725 864/1316/830
f 858/1282/824 764/1281/730 760/1317/726 866/1318/832
f 749/1270/715 766/1319/732 621/1036/587 603/991/569
f 806/1266/772 812/1320/778 768/1321/734 751/1267/717
f 793/1278/759 791/1322/757 767/1251/733 750/1250/716
f 739/1242/705 744/1249/710 769/1323/735 752/1273/718
f 591/961/557 597/1043/563 743/1248/709 740/1241/706
f 748/1253/714 765/1252/731 766/1324/732 749/1275/715
f 792/1325/758 798/1277/764 775/1271/741 745/1257/711
f 737/1239/703 776/1326/742 774/1269/740 738/1238/704
f 730/1231/696 770/1243/736 772/1274/738 747/1264/713
f 745/1257/711 775/1271/741 776/1272/742 737/1258/703
f 738/1238/704 774/1269/740 632/990/598 588/953/554
f 805/1327/771 813/1328/779 773/1329/739 746/1330/712
f 579/949/545 628/960/594 771/1240/737 735/1230/701
f 735/1230/701 771/1240/737 770/1243/736 730/1231/696
f 797/1331/763 800/1332/766 781/1333/747 763/1334/729
f 809/1314/775 810/1335/776 777/1336/743 759/1315/725
f 764/1281/730 782/1337/748 778/1338/744 760/1317/726
f 796/1339/762 799/1340/765 779/1341/745 761/1342/727
f 833/1343/799 785/1344/751 786/1345/752 834/1346/800
f 840/1347/806 801/1348/767 785/1349/751 833/1350/799
f 836/1351/802 788/1352/754 784/1353/750 837/1354/803
f 839/1355/805 802/1356/768 787/1357/753 838/1358/804
f 842/1359/808 815/1360/781 783/1361/749 835/1362/801
f 841/1363/807 816/1364/782 788/1365/754 836/1366/802
f 802/1367/768 820/1368/786 819/1369/785 801/1370/767
f 783/1371/749 825/1372/791 826/1373/792 787/1374/753
f 783/1375/749 822/1376/788 821/1377/787 801/1348/767
f 834/1378/800 786/1379/752 802/1356/768 839/1355/805
f 835/1380/801 783/1375/749 801/1348/767 840/1347/806
f 759/1315/725 777/1336/743 799/1340/765 796/1339/762
f 762/1302/728 780/1301/746 800/1381/766 797/1382/763
f 746/1330/712 773/1329/739 798/1277/764 792/1325/758
f 751/1383/717 768/1384/734 791/1322/757 793/1278/759
f 859/1308/825 762/1302/728 797/1382/763 860/1385/826
f 745/1386/711 756/1387/722 795/1388/761 792/1389/758
f 729/1390/695 753/1391/719 794/1287/760 789/1222/755
f 864/1392/830 759/1393/725 796/1284/762 861/1283/827
f 773/1329/739 751/1383/717 793/1278/759 798/1277/764
f 577/951/543 734/1228/700 790/1394/756 648/1110/614
f 734/1228/700 729/1227/695 789/1395/755 790/1394/756
f 788/1352/754 831/1396/797 830/1397/796 784/1353/750
f 838/1358/804 787/1357/753 816/1364/782 841/1363/807
f 837/1398/803 784/1399/750 815/1360/781 842/1359/808
f 760/1400/726 778/1401/744 810/1335/776 809/1314/775
f 747/1402/713 772/1403/738 813/1328/779 805/1327/771
f 752/1404/718 769/1405/735 812/1406/778 806/1407/772
f 866/1408/832 760/1400/726 809/1314/775 862/1313/828
f 763/1334/729 781/1333/747 814/1304/780 811/1303/777
f 865/1312/831 763/1311/729 811/1409/777 863/1410/829
f 772/1403/738 752/1404/718 806/1407/772 813/1328/779
f 746/1298/712 757/1297/723 808/1411/774 805/1412/771
f 727/1247/693 754/1290/720 807/1413/773 803/1414/769
f 574/962/540 733/1245/699 804/1225/770 663/950/629
f 733/1245/699 727/1415/693 803/1226/769 804/1225/770
f 819/1416/785 820/1417/786 818/1418/784 817/1419/783
f 801/1348/767 819/1420/785 817/1421/783 785/1349/751
f 786/1422/752 818/1418/784 820/1417/786 802/1423/768
f 785/1344/751 817/1424/783 818/1425/784 786/1345/752
f 822/1426/788 824/1427/790 823/1428/789 821/1429/787
f 787/1430/753 824/1431/790 822/1432/788 783/1433/749
f 801/1434/767 821/1435/787 823/1436/789 802/1437/768
f 802/1356/768 823/1438/789 824/1439/790 787/1357/753
f 827/1440/793 828/1441/794 826/1442/792 825/1443/791
f 787/1444/753 826/1442/792 828/1441/794 816/1445/782
f 816/1446/782 828/1447/794 827/1448/793 815/1449/781
f 815/1360/781 827/1450/793 825/1451/791 783/1361/749
f 830/1452/796 831/1453/797 832/1454/798 829/1455/795
f 815/1456/781 829/1457/795 832/1458/798 816/1459/782
f 784/1460/750 830/1461/796 829/1462/795 815/1463/781
f 816/1364/782 832/1464/798 831/1465/797 788/1365/754
f 778/1401/744 837/1398/803 842/1359/808 810/1335/776
f 781/1333/747 838/1358/804 841/1363/807 814/1304/780
f 777/1466/743 835/1380/801 840/1347/806 799/1467/765
f 780/1468/746 834/1469/800 839/1470/805 800/1471/766
f 814/1304/780 841/1363/807 836/1366/802 782/1305/748
f 810/1335/776 842/1359/808 835/1362/801 777/1336/743
f 800/1332/766 839/1355/805 838/1358/804 781/1333/747
f 782/1337/748 836/1351/802 837/1354/803 778/1338/744
f 799/1467/765 840/1347/806 833/1350/799 779/1472/745
f 833/1350/799 845/1473/811 843/1474/809 779/1472/745
f 843/1475/809 845/1476/811 846/1477/812 844/1478/810
f 779/1300/745 843/1479/809 844/1480/810 780/1301/746
f 780/1481/746 844/1482/810 846/1483/812 834/1484/800
f 834/1485/800 846/1486/812 845/1487/811 833/1488/799
f 757/1297/723 850/1489/816 856/1490/822 808/1411/774
f 754/1290/720 852/1491/818 855/1492/821 807/1413/773
f 753/1391/719 848/1493/814 854/1494/820 794/1287/760
f 756/1387/722 851/1495/817 853/1496/819 795/1388/761
f 758/1289/724 849/1497/815 852/1491/818 754/1290/720
f 807/1254/773 855/1498/821 848/1499/814 753/1255/719
f 795/1296/761 853/1500/819 850/1489/816 757/1297/723
f 755/1292/721 847/1501/813 851/1502/817 756/1293/722
f 794/1503/760 854/1504/820 847/1501/813 755/1292/721
f 808/1411/774 856/1490/822 849/1505/815 758/1506/724
f 850/1489/816 865/1507/831 863/1508/829 856/1490/822
f 852/1509/818 866/1408/832 862/1313/828 855/1498/821
f 848/1493/814 864/1392/830 861/1283/827 854/1494/820
f 851/1495/817 859/1510/825 860/1309/826 853/1496/819
f 849/1497/815 858/1282/824 866/1318/832 852/1491/818
f 855/1498/821 862/1313/828 864/1316/830 848/1499/814
f 853/1496/819 860/1309/826 865/1312/831 850/1511/816
f 847/1501/813 857/1307/823 859/1308/825 851/1502/817
f 854/1494/820 861/1283/827 857/1286/823 847/1512/813
f 856/1513/822 863/1279/829 858/1282/824 849/1497/815
f 871/1514/837 872/1515/838 874/1516/840 873/1517/839
f 876/1518/842 875/1519/841 874/1520/840 872/1521/838
f 877/1522/843 876/1523/842 872/1524/838 871/1525/837
f 875/1526/841 878/1527/844 873/1528/839 874/1529/840
f 878/1530/844 877/1531/843 871/1514/837 873/1517/839
f 869/1532/835 867/1533/833 877/1531/843 878/1530/844
f 870/1534/836 869/1535/835 878/1527/844 875/1526/841
f 867/1536/833 868/1537/834 876/1523/842 877/1522/843
f 868/1538/834 870/1539/836 875/1519/841 876/1518/842
f 942/1540/908 888/1541/854 880/1542/846 941/1543/907
f 953/1544/919 890/1545/856 883/1546/849 951/1547/917
f 901/1548/867 899/1549/865 884/1550/850 891/1551/857
f 888/1541/854 882/1552/848 887/1553/853 892/1554/858
f 880/1542/846 888/1541/854 892/1554/858 886/1555/852
f 1019/1556/985 901/1557/867 891/1558/857 1017/1559/983
f 892/1554/858 887/1553/853 894/1560/860 895/1561/861
f 886/1555/852 892/1554/858 895/1561/861 893/1562/859
f 933/1563/899 932/1564/898 896/1565/862 898/1566/864
f 1021/1567/987 933/1563/899 898/1566/864 1018/1568/984
f 1016/1569/982 889/1570/855 901/1557/867 1019/1556/985
f 889/1570/855 879/1571/845 899/1572/865 901/1557/867
f 1006/1573/972 1000/1574/966 904/1575/870 902/1576/868
f 1005/1577/971 999/1578/965 926/1579/892 929/1580/895
f 951/1547/917 883/1546/849 914/1581/880 956/1582/922
f 880/1542/846 886/1555/852 893/1562/859 905/1583/871
f 954/1584/920 907/1585/873 919/1586/885 957/1587/923
f 884/1588/850 899/1572/865 879/1571/845 907/1585/873
f 961/1589/927 936/1590/902 912/1591/878 955/1592/921
f 937/1593/903 938/1594/904 909/1595/875 910/1596/876
f 939/1597/905 940/1598/906 908/1599/874 911/1600/877
f 932/1601/898 935/1602/901 913/1603/879 896/1604/862
f 940/1598/906 937/1593/903 910/1596/876 908/1599/874
f 950/1605/916 939/1597/905 911/1600/877 945/1606/911
f 1063/1607/1029 1058/1608/1024 925/1609/891 959/1610/925
f 1061/1611/1027 1057/1612/1023 922/1613/888 948/1614/914
f 941/1543/907 880/1542/846 916/1615/882 946/1616/912
f 907/1585/873 879/1571/845 915/1617/881 919/1586/885
f 880/1542/846 905/1583/871 917/1618/883 916/1615/882
f 944/1619/910 906/1620/872 918/1621/884 947/1622/913
f 1057/1623/1023 1059/1624/1025 923/1625/889 922/1626/888
f 1060/1627/1026 1065/1628/1031 924/1629/890 949/1630/915
f 1058/1608/1024 1066/1631/1032 921/1632/887 925/1609/891
f 1008/1633/974 1007/1634/973 927/1635/893 928/1636/894
f 1004/1637/970 1001/1638/967 930/1639/896 960/1640/926
f 1003/1641/969 1005/1577/971 929/1580/895 943/1642/909
f 1000/1574/966 1009/1643/975 931/1644/897 904/1575/870
f 1025/1645/991 1006/1646/972 902/1647/868 1020/1648/986
f 999/1578/965 1008/1633/974 928/1636/894 926/1579/892
f 944/1649/910 905/1650/871 939/1651/905 950/1652/916
f 893/1562/859 895/1561/861 937/1593/903 940/1598/906
f 884/1550/850 907/1653/873 935/1602/901 932/1601/898
f 905/1583/871 893/1562/859 940/1598/906 939/1597/905
f 895/1561/861 894/1560/860 938/1594/904 937/1593/903
f 954/1654/920 906/1655/872 936/1590/902 961/1589/927
f 1017/1559/983 891/1558/857 933/1563/899 1021/1567/987
f 891/1551/857 884/1550/850 932/1601/898 933/1656/899
f 906/1655/872 944/1649/910 950/1652/916 936/1590/902
f 1001/1657/967 1003/1641/969 943/1642/909 930/1658/896
f 1059/1624/1025 1060/1659/1026 949/1660/915 923/1625/889
f 905/1661/871 944/1619/910 947/1622/913 917/1662/883
f 883/1663/849 941/1543/907 946/1616/912 914/1664/880
f 1064/1665/1030 1061/1666/1027 948/1667/914 920/1668/886
f 936/1669/902 950/1605/916 945/1606/911 912/1670/878
f 890/1545/856 942/1671/908 941/1672/907 883/1546/849
f 907/1653/873 954/1654/920 961/1589/927 935/1602/901
f 1009/1643/975 1004/1637/970 960/1640/926 931/1644/897
f 1066/1673/1032 1062/1674/1028 958/1675/924 921/1676/887
f 1065/1677/1031 1063/1607/1029 959/1610/925 924/1678/890
f 935/1602/901 961/1589/927 955/1592/921 913/1603/879
f 906/1620/872 954/1679/920 957/1680/923 918/1621/884
f 879/1681/845 951/1682/917 956/1683/922 915/1684/881
f 1016/1685/982 1022/1686/988 953/1544/919 889/1687/855
f 889/1687/855 953/1544/919 951/1547/917 879/1688/845
f 918/1689/884 957/1587/923 971/1690/937 965/1691/931
f 915/1684/881 956/1683/922 970/1692/936 967/1693/933
f 914/1664/880 946/1616/912 969/1694/935 963/1695/929
f 917/1662/883 947/1622/913 968/1696/934 966/1697/932
f 919/1586/885 915/1617/881 967/1698/933 964/1699/930
f 956/1582/922 914/1581/880 963/1700/929 970/1701/936
f 947/1622/913 918/1621/884 965/1702/931 968/1696/934
f 916/1615/882 917/1618/883 966/1703/932 962/1704/928
f 946/1616/912 916/1615/882 962/1704/928 969/1694/935
f 957/1587/923 919/1586/885 964/1699/930 971/1690/937
f 1039/1705/1005 1056/1706/1022 978/1707/944 980/1708/946
f 1041/1709/1007 1054/1710/1020 977/1711/943 981/1712/947
f 1037/1713/1003 1052/1714/1018 976/1715/942 979/1716/945
f 1048/1717/1014 1050/1718/1016 975/1719/941 974/1720/940
f 1046/1721/1012 1041/1722/1007 981/1723/947 973/1724/939
f 1054/1710/1020 1037/1725/1003 979/1726/945 977/1711/943
f 1050/1718/1016 1039/1727/1005 980/1728/946 975/1719/941
f 1044/1729/1010 1048/1730/1014 974/1731/940 972/1732/938
f 1052/1714/1018 1044/1729/1010 972/1732/938 976/1715/942
f 1056/1706/1022 1046/1721/1012 973/1724/939 978/1707/944
f 1062/1674/1028 1064/1665/1030 920/1668/886 958/1675/924
f 1022/1733/988 952/1734/918 986/1735/952 1023/1736/989
f 888/1541/854 942/1540/908 985/1737/951 983/1738/949
f 890/1739/856 953/1740/919 987/1741/953 984/1742/950
f 882/1552/848 888/1541/854 983/1738/949 982/1743/948
f 942/1540/908 890/1744/856 984/1745/950 985/1737/951
f 913/1603/879 955/1592/921 998/1746/964 995/1747/961
f 912/1670/878 945/1606/911 997/1748/963 994/1749/960
f 908/1599/874 910/1596/876 993/1750/959 988/1751/954
f 1018/1568/984 898/1566/864 991/1752/957 1024/1753/990
f 896/1604/862 913/1603/879 995/1747/961 990/1754/956
f 945/1606/911 911/1600/877 989/1755/955 997/1748/963
f 955/1592/921 912/1591/878 994/1756/960 998/1746/964
f 910/1596/876 909/1595/875 992/1757/958 993/1750/959
f 911/1600/877 908/1599/874 988/1751/954 989/1755/955
f 898/1566/864 896/1565/862 990/1758/956 991/1752/957
f 995/1747/961 998/1746/964 1004/1637/970 1009/1643/975
f 994/1749/960 997/1748/963 1003/1641/969 1001/1657/967
f 988/1751/954 993/1750/959 1008/1633/974 999/1578/965
f 1024/1753/990 991/1752/957 1006/1646/972 1025/1645/991
f 990/1754/956 995/1747/961 1009/1643/975 1000/1574/966
f 997/1748/963 989/1755/955 1005/1577/971 1003/1641/969
f 998/1746/964 994/1756/960 1001/1638/967 1004/1637/970
f 993/1750/959 992/1757/958 1007/1634/973 1008/1633/974
f 989/1755/955 988/1751/954 999/1578/965 1005/1577/971
f 991/1759/957 990/1754/956 1000/1574/966 1006/1573/972
f 983/1738/949 985/1737/951 1013/1760/979 1011/1761/977
f 982/1743/948 983/1738/949 1011/1761/977 1010/1762/976
f 984/1742/950 987/1741/953 1015/1763/981 1012/1764/978
f 985/1737/951 984/1745/950 1012/1765/978 1013/1760/979
f 1023/1736/989 986/1735/952 1014/1766/980 1026/1767/992
f 987/1741/953 1023/1768/989 1026/1769/992 1015/1763/981
f 996/1770/962 1024/1753/990 1025/1645/991 1002/1771/968
f 897/1772/863 1018/1568/984 1024/1753/990 996/1770/962
f 953/1740/919 1022/1773/988 1023/1768/989 987/1741/953
f 881/1774/847 952/1734/918 1022/1733/988 1016/1569/982
f 885/1775/851 1017/1559/983 1021/1567/987 934/1776/900
f 1002/1771/968 1025/1645/991 1020/1648/986 903/1777/869
f 881/1774/847 1016/1569/982 1019/1556/985 900/1778/866
f 934/1776/900 1021/1567/987 1018/1568/984 897/1772/863
f 900/1778/866 1019/1556/985 1017/1559/983 885/1775/851
f 977/1711/943 979/1726/945 1034/1779/1000 1032/1780/998
f 980/1708/946 978/1707/944 1033/1781/999 1035/1782/1001
f 981/1712/947 977/1711/943 1032/1780/998 1036/1783/1002
f 979/1716/945 976/1715/942 1031/1784/997 1034/1785/1000
f 974/1720/940 975/1719/941 1030/1786/996 1029/1787/995
f 973/1724/939 981/1723/947 1036/1788/1002 1028/1789/994
f 975/1719/941 980/1728/946 1035/1790/1001 1030/1786/996
f 972/1732/938 974/1731/940 1029/1791/995 1027/1792/993
f 976/1715/942 972/1732/938 1027/1792/993 1031/1784/997
f 978/1707/944 973/1724/939 1028/1789/994 1033/1781/999
f 971/1690/937 964/1699/930 1045/1793/1011 1055/1794/1021
f 1055/1794/1021 1045/1793/1011 1046/1721/1012 1056/1706/1022
f 969/1694/935 962/1704/928 1043/1795/1009 1051/1796/1017
f 1051/1796/1017 1043/1795/1009 1044/1729/1010 1052/1714/1018
f 962/1704/928 966/1703/932 1047/1797/1013 1043/1795/1009
f 1043/1795/1009 1047/1797/1013 1048/1730/1014 1044/1729/1010
f 968/1696/934 965/1702/931 1040/1798/1006 1049/1799/1015
f 1049/1799/1015 1040/1798/1006 1039/1727/1005 1050/1718/1016
f 970/1701/936 963/1700/929 1038/1800/1004 1053/1801/1019
f 1053/1801/1019 1038/1800/1004 1037/1725/1003 1054/1710/1020
f 964/1699/930 967/1698/933 1042/1802/1008 1045/1793/1011
f 1045/1793/1011 1042/1802/1008 1041/1722/1007 1046/1721/1012
f 966/1697/932 968/1696/934 1049/1799/1015 1047/1803/1013
f 1047/1803/1013 1049/1799/1015 1050/1718/1016 1048/1717/1014
f 963/1695/929 969/1694/935 1051/1796/1017 1038/1804/1004
f 1038/1804/1004 1051/1796/1017 1052/1714/1018 1037/1713/1003
f 967/1805/933 970/1701/936 1053/1801/1019 1042/1806/1008
f 1042/1806/1008 1053/1801/1019 1054/1710/1020 1041/1709/1007
f 965/1691/931 971/1690/937 1055/1794/1021 1040/1807/1006
f 1040/1807/1006 1055/1794/1021 1056/1706/1022 1039/1705/1005
f 1032/1780/998 1034/1779/1000 1064/1665/1030 1062/1674/1028
f 1035/1782/1001 1033/1781/999 1063/1607/1029 1065/1677/1031
f 1036/1783/1002 1032/1780/998 1062/1674/1028 1066/1673/1032
f 1034/1785/1000 1031/1784/997 1061/1611/1027 1064/1808/1030
f 1029/1787/995 1030/1786/996 1060/1627/1026 1059/1809/1025
f 1028/1789/994 1036/1788/1002 1066/1631/1032 1058/1608/1024
f 1030/1786/996 1035/1790/1001 1065/1628/1031 1060/1627/1026
f 1027/1792/993 1029/1791/995 1059/1810/1025 1057/1612/1023
f 1031/1784/997 1027/1792/993 1057/1612/1023 1061/1611/1027
f 1033/1781/999 1028/1789/994 1058/1608/1024 1063/1607/1029
f 948/1614/914 922/1613/888 1069/1811/1035 1073/1812/1039
f 924/1678/890 959/1610/925 1076/1813/1042 1071/1814/1037
f 922/1626/888 923/1625/889 1070/1815/1036 1069/1816/1035
f 921/1676/887 958/1675/924 1075/1817/1041 1068/1818/1034
f 958/1675/924 920/1668/886 1067/1819/1033 1075/1817/1041
f 923/1625/889 949/1660/915 1074/1820/1040 1070/1815/1036
f 925/1609/891 921/1632/887 1068/1821/1034 1072/1822/1038
f 920/1668/886 948/1667/914 1073/1823/1039 1067/1819/1033
f 959/1610/925 925/1609/891 1072/1822/1038 1076/1813/1042
f 949/1630/915 924/1629/890 1071/1824/1037 1074/1825/1040
f 1128/1826/1094 1127/1827/1093 1078/1828/1044 1082/1829/1048
f 1138/1830/1104 1137/1831/1103 1079/1832/1045 1084/1833/1050
f 1092/1834/1058 1085/1835/1051 1080/1836/1046 1091/1837/1057
f 1082/1838/1048 1086/1839/1052 887/1553/853 882/1552/848
f 1078/1840/1044 1081/1841/1047 1086/1839/1052 1082/1838/1048
f 1196/1842/1162 1194/1843/1160 1085/1835/1051 1092/1834/1058
f 1086/1839/1052 1088/1844/1054 894/1560/860 887/1553/853
f 1081/1841/1047 1087/1845/1053 1088/1844/1054 1086/1839/1052
f 1121/1846/1087 1090/1847/1056 1089/1848/1055 1120/1849/1086
f 1198/1850/1164 1195/1851/1161 1090/1847/1056 1121/1846/1087
f 1193/1852/1159 1196/1842/1162 1092/1834/1058 1083/1853/1049
f 1083/1853/1049 1092/1834/1058 1091/1837/1057 1077/1854/1043
f 1186/1855/1152 1093/1856/1059 1094/1857/1060 1181/1858/1147
f 1185/1859/1151 1117/1860/1083 1115/1861/1081 1180/1862/1146
f 1137/1831/1103 1141/1863/1107 1103/1864/1069 1079/1832/1045
f 1078/1865/1044 1095/1866/1061 1087/1867/1053 1081/1868/1047
f 1139/1869/1105 1142/1870/1108 1108/1871/1074 1097/1872/1063
f 1080/1836/1046 1097/1873/1063 1077/1854/1043 1091/1837/1057
f 1146/1874/1112 1140/1875/1106 1101/1876/1067 1123/1877/1089
f 1124/1878/1090 1099/1879/1065 909/1595/875 938/1594/904
f 1125/1880/1091 1100/1881/1066 1098/1882/1064 1126/1883/1092
f 1120/1849/1086 1089/1848/1055 1102/1884/1068 1122/1885/1088
f 1126/1886/1092 1098/1887/1064 1099/1879/1065 1124/1878/1090
f 1136/1888/1102 1131/1889/1097 1100/1881/1066 1125/1880/1091
f 1240/1890/1206 1144/1891/1110 1114/1892/1080 1235/1893/1201
f 1238/1894/1204 1134/1895/1100 1111/1896/1077 1234/1897/1200
f 1127/1827/1093 1132/1898/1098 1105/1899/1071 1078/1828/1044
f 1097/1873/1063 1108/1900/1074 1104/1901/1070 1077/1854/1043
f 1078/1902/1044 1105/1903/1071 1106/1904/1072 1095/1905/1061
f 1130/1906/1096 1133/1907/1099 1107/1908/1073 1096/1909/1062
f 1234/1910/1200 1111/1911/1077 1112/1912/1078 1236/1913/1202
f 1237/1914/1203 1135/1915/1101 1113/1916/1079 1242/1917/1208
f 1235/1918/1201 1114/1919/1080 1110/1920/1076 1243/1921/1209
f 1187/1922/1153 1116/1923/1082 927/1635/893 1007/1634/973
f 1184/1924/1150 1145/1925/1111 1118/1926/1084 1182/1927/1148
f 1183/1928/1149 1129/1929/1095 1117/1860/1083 1185/1859/1151
f 1181/1858/1147 1094/1857/1060 1119/1930/1085 1188/1931/1154
f 1202/1932/1168 1197/1933/1163 1093/1856/1059 1186/1855/1152
f 1180/1934/1146 1115/1935/1081 1116/1923/1082 1187/1922/1153
f 1130/1936/1096 1136/1888/1102 1125/1880/1091 1095/1866/1061
f 1087/1845/1053 1126/1886/1092 1124/1878/1090 1088/1844/1054
f 1080/1836/1046 1120/1849/1086 1122/1885/1088 1097/1873/1063
f 1095/1866/1061 1125/1880/1091 1126/1883/1092 1087/1867/1053
f 1088/1844/1054 1124/1878/1090 938/1594/904 894/1560/860
f 1139/1937/1105 1146/1874/1112 1123/1877/1089 1096/1938/1062
f 1194/1843/1160 1198/1850/1164 1121/1846/1087 1085/1835/1051
f 1085/1835/1051 1121/1846/1087 1120/1849/1086 1080/1836/1046
f 1096/1939/1062 1123/1940/1089 1136/1888/1102 1130/1936/1096
f 1182/1927/1148 1118/1926/1084 1129/1929/1095 1183/1928/1149
f 1236/1913/1202 1112/1912/1078 1135/1941/1101 1237/1942/1203
f 1095/1943/1061 1106/1944/1072 1133/1907/1099 1130/1906/1096
f 1079/1945/1045 1103/1946/1069 1132/1898/1098 1127/1827/1093
f 1241/1947/1207 1109/1948/1075 1134/1895/1100 1238/1894/1204
f 1123/1940/1089 1101/1949/1067 1131/1889/1097 1136/1888/1102
f 1084/1833/1050 1079/1832/1045 1127/1950/1093 1128/1951/1094
f 1097/1952/1063 1122/1953/1088 1146/1954/1112 1139/1955/1105
f 1188/1956/1154 1119/1957/1085 1145/1925/1111 1184/1924/1150
f 1243/1958/1209 1110/1959/1076 1143/1960/1109 1239/1961/1205
f 1242/1962/1208 1113/1963/1079 1144/1891/1110 1240/1890/1206
f 1122/1953/1088 1102/1964/1068 1140/1965/1106 1146/1954/1112
f 1096/1909/1062 1107/1908/1073 1142/1870/1108 1139/1869/1105
f 1077/1854/1043 1104/1901/1070 1141/1966/1107 1137/1967/1103
f 1193/1968/1159 1083/1969/1049 1138/1830/1104 1199/1970/1165
f 1083/1969/1049 1077/1971/1043 1137/1831/1103 1138/1830/1104
f 1107/1972/1073 1150/1973/1116 1156/1974/1122 1142/1975/1108
f 1104/1901/1070 1152/1976/1118 1155/1977/1121 1141/1966/1107
f 1103/1946/1069 1148/1978/1114 1154/1979/1120 1132/1898/1098
f 1106/1944/1072 1151/1980/1117 1153/1981/1119 1133/1907/1099
f 1108/1900/1074 1149/1982/1115 1152/1976/1118 1104/1901/1070
f 1141/1863/1107 1155/1983/1121 1148/1984/1114 1103/1864/1069
f 1133/1907/1099 1153/1981/1119 1150/1985/1116 1107/1908/1073
f 1105/1903/1071 1147/1986/1113 1151/1987/1117 1106/1904/1072
f 1132/1988/1098 1154/1989/1120 1147/1986/1113 1105/1903/1071
f 1142/1975/1108 1156/1974/1122 1149/1990/1115 1108/1991/1074
f 1216/1992/1182 1165/1993/1131 1163/1994/1129 1233/1995/1199
f 1218/1996/1184 1166/1997/1132 1162/1998/1128 1231/1999/1197
f 1214/2000/1180 1164/2001/1130 1161/2002/1127 1229/2003/1195
f 1225/2004/1191 1159/2005/1125 1160/2006/1126 1227/2007/1193
f 1223/2008/1189 1158/2009/1124 1166/1997/1132 1218/1996/1184
f 1231/2010/1197 1162/2011/1128 1164/2012/1130 1214/2013/1180
f 1227/2007/1193 1160/2006/1126 1165/2014/1131 1216/2015/1182
f 1221/2016/1187 1157/2017/1123 1159/2018/1125 1225/2019/1191
f 1229/2003/1195 1161/2002/1127 1157/2020/1123 1221/2021/1187
f 1233/1995/1199 1163/1994/1129 1158/2022/1124 1223/2023/1189
f 1239/1961/1205 1143/1960/1109 1109/2024/1075 1241/2025/1207
f 1199/2026/1165 1200/2027/1166 986/1735/952 952/1734/918
f 1082/1829/1048 1167/2028/1133 1169/2029/1135 1128/1826/1094
f 1084/2030/1050 1168/2031/1134 1170/2032/1136 1138/2033/1104
f 882/1552/848 982/1743/948 1167/2034/1133 1082/1838/1048
f 1128/1826/1094 1169/2029/1135 1168/2035/1134 1084/2036/1050
f 1102/1964/1068 1177/2037/1143 1179/2038/1145 1140/1965/1106
f 1101/1949/1067 1176/2039/1142 1178/2040/1144 1131/1889/1097
f 1098/1882/1064 1171/2041/1137 1175/2042/1141 1099/2043/1065
f 1195/1851/1161 1201/2044/1167 1174/2045/1140 1090/1847/1056
f 1089/1848/1055 1173/2046/1139 1177/2047/1143 1102/1884/1068
f 1131/1889/1097 1178/2040/1144 1172/2048/1138 1100/1881/1066
f 1140/1875/1106 1179/2049/1145 1176/2050/1142 1101/1876/1067
f 1099/1879/1065 1175/2051/1141 992/1757/958 909/1595/875
f 1100/1881/1066 1172/2048/1138 1171/2041/1137 1098/1882/1064
f 1090/1847/1056 1174/2045/1140 1173/2046/1139 1089/1848/1055
f 1177/2037/1143 1188/1956/1154 1184/1924/1150 1179/2038/1145
f 1176/2039/1142 1182/1927/1148 1183/1928/1149 1178/2040/1144
f 1171/2052/1137 1180/1934/1146 1187/1922/1153 1175/2051/1141
f 1201/2044/1167 1202/1932/1168 1186/1855/1152 1174/2045/1140
f 1173/2046/1139 1181/1858/1147 1188/1931/1154 1177/2047/1143
f 1178/2040/1144 1183/1928/1149 1185/1859/1151 1172/2048/1138
f 1179/2038/1145 1184/1924/1150 1182/1927/1148 1176/2039/1142
f 1175/2051/1141 1187/1922/1153 1007/1634/973 992/1757/958
f 1172/2048/1138 1185/1859/1151 1180/1862/1146 1171/2041/1137
f 1174/2045/1140 1186/1855/1152 1181/1858/1147 1173/2046/1139
f 1167/2028/1133 1189/2053/1155 1191/2054/1157 1169/2029/1135
f 982/2055/948 1010/2056/976 1189/2053/1155 1167/2028/1133
f 1168/2035/1134 1190/2057/1156 1192/2058/1158 1170/2059/1136
f 1169/2029/1135 1191/2054/1157 1190/2057/1156 1168/2035/1134
f 1200/2027/1166 1203/2060/1169 1014/1766/980 986/1735/952
f 1170/2032/1136 1192/2061/1158 1203/2060/1169 1200/2027/1166
f 996/1770/962 1002/1771/968 1202/1932/1168 1201/2044/1167
f 897/1772/863 996/1770/962 1201/2044/1167 1195/1851/1161
f 1138/2033/1104 1170/2032/1136 1200/2027/1166 1199/2026/1165
f 881/1774/847 1193/1852/1159 1199/2026/1165 952/1734/918
f 885/1775/851 934/1776/900 1198/1850/1164 1194/1843/1160
f 1002/1771/968 903/1777/869 1197/1933/1163 1202/1932/1168
f 881/1774/847 900/1778/866 1196/1842/1162 1193/1852/1159
f 934/1776/900 897/1772/863 1195/1851/1161 1198/1850/1164
f 900/1778/866 885/1775/851 1194/1843/1160 1196/1842/1162
f 1162/2011/1128 1209/2062/1175 1211/2063/1177 1164/2012/1130
f 1165/1993/1131 1212/2064/1178 1210/2065/1176 1163/1994/1129
f 1166/1997/1132 1213/2066/1179 1209/2067/1175 1162/1998/1128
f 1164/2001/1130 1211/2068/1177 1208/2069/1174 1161/2002/1127
f 1159/2005/1125 1206/2070/1172 1207/2071/1173 1160/2006/1126
f 1158/2009/1124 1205/2072/1171 1213/2066/1179 1166/1997/1132
f 1160/2006/1126 1207/2071/1173 1212/2073/1178 1165/2014/1131
f 1157/2017/1123 1204/2074/1170 1206/2075/1172 1159/2018/1125
f 1161/2002/1127 1208/2069/1174 1204/2076/1170 1157/2020/1123
f 1163/1994/1129 1210/2065/1176 1205/2077/1171 1158/2022/1124
f 1156/1974/1122 1232/2078/1198 1222/2079/1188 1149/1990/1115
f 1232/2078/1198 1233/1995/1199 1223/2023/1189 1222/2079/1188
f 1154/1979/1120 1228/2080/1194 1220/2081/1186 1147/2082/1113
f 1228/2080/1194 1229/2003/1195 1221/2021/1187 1220/2081/1186
f 1147/1986/1113 1220/2083/1186 1224/2084/1190 1151/1987/1117
f 1220/2083/1186 1221/2016/1187 1225/2019/1191 1224/2084/1190
f 1153/2085/1119 1226/2086/1192 1217/2087/1183 1150/1973/1116
f 1226/2086/1192 1227/2088/1193 1216/1992/1182 1217/2087/1183
f 1155/1983/1121 1230/2089/1196 1215/2090/1181 1148/1984/1114
f 1230/2089/1196 1231/2010/1197 1214/2013/1180 1215/2090/1181
f 1149/1982/1115 1222/2091/1188 1219/2092/1185 1152/1976/1118
f 1222/2091/1188 1223/2008/1189 1218/1996/1184 1219/2092/1185
f 1151/1980/1117 1224/2093/1190 1226/2094/1192 1153/1981/1119
f 1224/2093/1190 1225/2004/1191 1227/2007/1193 1226/2094/1192
f 1148/1978/1114 1215/2095/1181 1228/2080/1194 1154/1979/1120
f 1215/2095/1181 1214/2000/1180 1229/2003/1195 1228/2080/1194
f 1152/2096/1118 1219/2097/1185 1230/2089/1196 1155/1983/1121
f 1219/2097/1185 1218/2098/1184 1231/2010/1197 1230/2089/1196
f 1150/1973/1116 1217/2087/1183 1232/2078/1198 1156/1974/1122
f 1217/2087/1183 1216/1992/1182 1233/1995/1199 1232/2078/1198
f 1209/2062/1175 1239/1961/1205 1241/2025/1207 1211/2063/1177
f 1212/2064/1178 1242/1962/1208 1240/1890/1206 1210/2065/1176
f 1213/2099/1179 1243/1958/1209 1239/1961/1205 1209/2062/1175
f 1211/2068/1177 1241/1947/1207 1238/1894/1204 1208/2069/1174
f 1206/2070/1172 1236/2100/1202 1237/1914/1203 1207/2071/1173
f 1205/2072/1171 1235/1918/1201 1243/1921/1209 1213/2066/1179
f 1207/2071/1173 1237/1914/1203 1242/1917/1208 1212/2073/1178
f 1204/2074/1170 1234/1910/1200 1236/1913/1202 1206/2075/1172
f 1208/2069/1174 1238/1894/1204 1234/1897/1200 1204/2076/1170
f 1210/2065/1176 1240/1890/1206 1235/1893/1201 1205/2077/1171
f 1134/1895/1100 1250/2101/1216 1246/2102/1212 1111/1896/1077
f 1113/1963/1079 1248/2103/1214 1253/2104/1219 1144/1891/1110
f 1111/1911/1077 1246/2105/1212 1247/2106/1213 1112/1912/1078
f 1110/1959/1076 1245/2107/1211 1252/2108/1218 1143/1960/1109
f 1143/1960/1109 1252/2108/1218 1244/2109/1210 1109/2024/1075
f 1112/1912/1078 1247/2106/1213 1251/2110/1217 1135/1941/1101
f 1114/1919/1080 1249/2111/1215 1245/2112/1211 1110/1920/1076
f 1109/2024/1075 1244/2109/1210 1250/2113/1216 1134/2114/1100
f 1144/1891/1110 1253/2104/1219 1249/2115/1215 1114/1892/1080
f 1135/1915/1101 1251/2116/1217 1248/2117/1214 1113/1916/1079
f 1258/2118/1224 1259/2119/1225 1261/2120/1227 1260/2121/1226
f 1263/2122/1229 1262/2123/1228 1261/2120/1227 1259/2119/1225
f 1264/2124/1230 1263/2125/1229 1259/2126/1225 1258/2127/1224
f 1262/2128/1228 1265/2129/1231 1260/2130/1226 1261/2131/1227
f 1256/2132/1222 1254/2133/1220 1264/2134/1230 1265/2135/1231
f 1257/2136/1223 1256/2137/1222 1265/2129/1231 1262/2128/1228
f 1254/2138/1220 1255/2139/1221 1263/2125/1229 1264/2124/1230
f 1255/2140/1221 1257/2141/1223 1262/2123/1228 1263/2122/1229
f 1265/2135/1231 1264/2134/1230 1258/2142/1224 1260/2143/1226
f 1270/2144/1236 1271/2145/1237 1273/2146/1239 1272/2147/1238
f 1275/2148/1241 1274/2149/1240 1273/2150/1239 1271/2151/1237
f 1276/2152/1242 1275/2153/1241 1271/2154/1237 1270/2155/1236
f 1274/2156/1240 1277/2157/1243 1272/2158/1238 1273/2159/1239
f 1268/2160/1234 1266/2161/1232 1276/2162/1242 1277/2163/1243
f 1269/2164/1235 1268/2165/1234 1277/2157/1243 1274/2156/1240
f 1266/2166/1232 1267/2167/1233 1275/2153/1241 1276/2152/1242
f 1267/2168/1233 1269/2169/1235 1274/2149/1240 1275/2148/1241
f 1277/2163/1243 1276/2162/1242 1270/2170/1236 1272/2171/1238
f 1375/2172/1341 1316/2173/1282 1292/2174/1258 1365/2175/1331
f 1356/2176/1322 1295/2177/1261 1296/2178/1262 1367/2179/1333
f 1319/2180/1285 1320/2181/1286 1286/2182/1252 1284/2183/1250
f 1327/2184/1293 1321/2185/1287 1287/2186/1253 1307/2187/1273
f 1321/2185/1287 1322/2188/1288 1289/2189/1255 1287/2186/1253
f 1365/2175/1331 1292/2174/1258 1291/2190/1257 1363/2191/1329
f 1371/2192/1337 1310/2193/1276 1294/2194/1260 1354/2195/1320
f 1363/2196/1329 1291/2197/1257 1293/2198/1259 1361/2199/1327
f 1354/2195/1320 1294/2194/1260 1295/2177/1261 1356/2176/1322
f 1369/2200/1335 1308/2201/1274 1300/2202/1266 1360/2203/1326
f 1322/2188/1288 1326/2204/1292 1303/2205/1269 1289/2189/1255
f 1373/2206/1339 1314/2207/1280 1299/2208/1265 1358/2209/1324
f 1328/2210/1294 1324/2211/1290 1297/2212/1263 1315/2213/1281
f 1306/2214/1272 1279/2215/1245 1304/2216/1270 1311/2217/1277
f 1312/2218/1278 1278/2219/1244 1305/2220/1271 1317/2221/1283
f 1320/2181/1286 1325/2222/1291 1302/2223/1268 1286/2182/1252
f 1326/2204/1292 1304/2224/1270 1279/2225/1245 1323/2226/1289
f 1325/2222/1291 1301/2227/1267 1281/2228/1247 1318/2229/1284
f 1278/2219/1244 1306/2214/1272 1311/2217/1277 1305/2220/1271
f 1367/2230/1333 1296/2231/1262 1308/2201/1274 1369/2200/1335
f 1358/2209/1324 1299/2208/1265 1310/2232/1276 1371/2233/1337
f 1324/2234/1290 1327/2184/1293 1307/2187/1273 1297/2235/1263
f 1282/2236/1248 1312/2237/1278 1317/2238/1283 1302/2239/1268
f 1319/2180/1285 1328/2210/1294 1315/2213/1281 1283/2240/1249
f 1361/2199/1327 1293/2198/1259 1314/2207/1280 1373/2206/1339
f 1360/2241/1326 1300/2242/1266 1316/2173/1282 1375/2172/1341
f 1284/2183/1250 1313/2243/1279 1328/2210/1294 1319/2180/1285
f 1298/2244/1264 1309/2245/1275 1327/2246/1293 1324/2211/1290
f 1302/2239/1268 1325/2247/1291 1318/2248/1284 1282/2236/1248
f 1303/2205/1269 1326/2204/1292 1323/2226/1289 1280/2249/1246
f 1285/2250/1251 1301/2227/1267 1325/2222/1291 1320/2181/1286
f 1313/2243/1279 1298/2244/1264 1324/2211/1290 1328/2210/1294
f 1290/2251/1256 1304/2224/1270 1326/2204/1292 1322/2188/1288
f 1288/2252/1254 1290/2251/1256 1322/2188/1288 1321/2185/1287
f 1309/2253/1275 1288/2252/1254 1321/2185/1287 1327/2184/1293
f 1283/2240/1249 1285/2250/1251 1320/2181/1286 1319/2180/1285
f 1412/2254/1378 1339/2255/1305 1352/2256/1318 1408/2257/1374
f 1394/2258/1360 1340/2259/1306 1351/2260/1317 1400/2261/1366
f 1401/2262/1367 1332/2263/1298 1350/2264/1316 1407/2265/1373
f 1390/2266/1356 1331/2267/1297 1349/2268/1315 1399/2269/1365
f 1411/2270/1377 1337/2271/1303 1348/2272/1314 1406/2273/1372
f 1393/2274/1359 1338/2275/1304 1347/2276/1313 1398/2277/1364
f 1404/2278/1370 1344/2279/1310 1346/2280/1312 1405/2281/1371
f 1396/2282/1362 1343/2283/1309 1345/2284/1311 1397/2285/1363
f 1407/2265/1373 1350/2264/1316 1337/2271/1303 1411/2270/1377
f 1399/2269/1365 1349/2268/1315 1338/2275/1304 1393/2274/1359
f 1405/2281/1371 1346/2280/1312 1339/2286/1305 1412/2287/1378
f 1397/2285/1363 1345/2284/1311 1340/2288/1306 1394/2289/1360
f 1409/2290/1375 1329/2291/1295 1335/2292/1301 1410/2293/1376
f 1389/2294/1355 1330/2295/1296 1336/2296/1302 1392/2297/1358
f 1402/2298/1368 1334/2299/1300 1332/2263/1298 1401/2262/1367
f 1391/2300/1357 1333/2301/1299 1331/2267/1297 1390/2266/1356
f 1406/2302/1372 1348/2303/1314 1329/2291/1295 1409/2290/1375
f 1398/2304/1364 1347/2305/1313 1330/2295/1296 1389/2294/1355
f 1403/2306/1369 1342/2307/1308 1334/2308/1300 1402/2309/1368
f 1395/2310/1361 1341/2311/1307 1333/2312/1299 1391/2313/1357
f 1410/2293/1376 1335/2292/1301 1344/2314/1310 1404/2315/1370
f 1392/2297/1358 1336/2296/1302 1343/2316/1309 1396/2317/1362
f 1408/2257/1374 1352/2256/1318 1342/2307/1308 1403/2306/1369
f 1400/2261/1366 1351/2260/1317 1341/2311/1307 1395/2310/1361
f 1340/2259/1306 1359/2318/1325 1376/2319/1342 1351/2260/1317
f 1359/2320/1325 1360/2203/1326 1375/2321/1341 1376/2322/1342
f 1331/2267/1297 1362/2323/1328 1374/2324/1340 1349/2268/1315
f 1362/2323/1328 1361/2199/1327 1373/2206/1339 1374/2324/1340
f 1338/2275/1304 1357/2325/1323 1372/2326/1338 1347/2276/1313
f 1357/2325/1323 1358/2209/1324 1371/2233/1337 1372/2326/1338
f 1343/2283/1309 1368/2327/1334 1370/2328/1336 1345/2284/1311
f 1368/2327/1334 1367/2230/1333 1369/2200/1335 1370/2328/1336
f 1349/2268/1315 1374/2324/1340 1357/2325/1323 1338/2275/1304
f 1374/2324/1340 1373/2206/1339 1358/2209/1324 1357/2325/1323
f 1345/2284/1311 1370/2328/1336 1359/2320/1325 1340/2288/1306
f 1370/2328/1336 1369/2200/1335 1360/2203/1326 1359/2320/1325
f 1330/2295/1296 1353/2329/1319 1355/2330/1321 1336/2296/1302
f 1353/2329/1319 1354/2195/1320 1356/2176/1322 1355/2330/1321
f 1333/2301/1299 1364/2331/1330 1362/2323/1328 1331/2267/1297
f 1364/2331/1330 1363/2196/1329 1361/2199/1327 1362/2323/1328
f 1347/2305/1313 1372/2332/1338 1353/2329/1319 1330/2295/1296
f 1372/2332/1338 1371/2192/1337 1354/2195/1320 1353/2329/1319
f 1341/2311/1307 1366/2333/1332 1364/2334/1330 1333/2312/1299
f 1366/2333/1332 1365/2175/1331 1363/2191/1329 1364/2334/1330
f 1336/2296/1302 1355/2330/1321 1368/2335/1334 1343/2316/1309
f 1355/2330/1321 1356/2176/1322 1367/2179/1333 1368/2335/1334
f 1351/2260/1317 1376/2319/1342 1366/2333/1332 1341/2311/1307
f 1376/2319/1342 1375/2172/1341 1365/2175/1331 1366/2333/1332
f 1314/2207/1280 1293/2198/1259 1379/2336/1345 1387/2337/1353
f 1299/2208/1265 1314/2207/1280 1387/2337/1353 1383/2338/1349
f 1300/2202/1266 1308/2201/1274 1385/2339/1351 1384/2340/1350
f 1295/2177/1261 1294/2194/1260 1380/2341/1346 1381/2342/1347
f 1291/2190/1257 1292/2174/1258 1378/2343/1344 1377/2344/1343
f 1296/2178/1262 1295/2177/1261 1381/2342/1347 1382/2345/1348
f 1310/2232/1276 1299/2208/1265 1383/2338/1349 1386/2346/1352
f 1293/2198/1259 1291/2197/1257 1377/2347/1343 1379/2336/1345
f 1292/2174/1258 1316/2173/1282 1388/2348/1354 1378/2343/1344
f 1294/2194/1260 1310/2193/1276 1386/2349/1352 1380/2341/1346
f 1308/2201/1274 1296/2231/1262 1382/2350/1348 1385/2339/1351
f 1316/2173/1282 1300/2242/1266 1384/2351/1350 1388/2348/1354
f 1352/2256/1318 1400/2261/1366 1395/2310/1361 1342/2307/1308
f 1335/2292/1301 1392/2297/1358 1396/2317/1362 1344/2314/1310
f 1342/2307/1308 1395/2310/1361 1391/2313/1357 1334/2308/1300
f 1348/2303/1314 1398/2304/1364 1389/2294/1355 1329/2291/1295
f 1334/2299/1300 1391/2300/1357 1390/2266/1356 1332/2263/1298
f 1329/2291/1295 1389/2294/1355 1392/2297/1358 1335/2292/1301
f 1346/2280/1312 1397/2285/1363 1394/2289/1360 1339/2286/1305
f 1350/2264/1316 1399/2269/1365 1393/2274/1359 1337/2271/1303
f 1344/2279/1310 1396/2282/1362 1397/2285/1363 1346/2280/1312
f 1337/2271/1303 1393/2274/1359 1398/2277/1364 1348/2272/1314
f 1332/2263/1298 1390/2266/1356 1399/2269/1365 1350/2264/1316
f 1339/2255/1305 1394/2258/1360 1400/2261/1366 1352/2256/1318
f 1317/2238/1283 1408/2257/1374 1403/2306/1369 1302/2239/1268
f 1290/2251/1256 1410/2293/1376 1404/2315/1370 1304/2224/1270
f 1302/2223/1268 1403/2352/1369 1402/2298/1368 1286/2182/1252
f 1309/2253/1275 1406/2302/1372 1409/2290/1375 1288/2252/1254
f 1286/2182/1252 1402/2298/1368 1401/2262/1367 1284/2183/1250
f 1288/2252/1254 1409/2290/1375 1410/2293/1376 1290/2251/1256
f 1311/2353/1277 1405/2281/1371 1412/2287/1378 1305/2354/1271
f 1313/2243/1279 1407/2265/1373 1411/2270/1377 1298/2244/1264
f 1304/2355/1270 1404/2278/1370 1405/2281/1371 1311/2353/1277
f 1298/2244/1264 1411/2270/1377 1406/2273/1372 1309/2245/1275
f 1284/2183/1250 1401/2262/1367 1407/2265/1373 1313/2243/1279
f 1305/2356/1271 1412/2254/1378 1408/2257/1374 1317/2238/1283
f 1501/2357/1467 1491/2358/1457 1422/2359/1388 1444/2360/1410
f 1482/2361/1448 1493/2362/1459 1426/2363/1392 1425/2364/1391
f 1446/2365/1412 1414/2366/1380 1416/2367/1382 1447/2368/1413
f 1453/2369/1419 1436/2370/1402 1417/2371/1383 1448/2372/1414
f 1448/2372/1414 1417/2371/1383 1419/2373/1385 1449/2374/1415
f 1491/2375/1457 1489/2376/1455 1421/2377/1387 1422/2378/1388
f 1497/2379/1463 1480/2380/1446 1424/2381/1390 1439/2382/1405
f 1489/2376/1455 1487/2383/1453 1423/2384/1389 1421/2377/1387
f 1480/2380/1446 1482/2385/1448 1425/2386/1391 1424/2381/1390
f 1495/2387/1461 1486/2388/1452 1430/2389/1396 1437/2390/1403
f 1449/2374/1415 1419/2373/1385 1433/2391/1399 1452/2392/1418
f 1499/2393/1465 1484/2394/1450 1429/2395/1395 1442/2396/1408
f 1454/2397/1420 1443/2398/1409 1427/2399/1393 1450/2400/1416
f 1306/2214/1272 1440/2401/1406 1434/2402/1400 1279/2215/1245
f 1312/2218/1278 1445/2403/1411 1435/2404/1401 1278/2219/1244
f 1447/2368/1413 1416/2367/1382 1432/2405/1398 1451/2406/1417
f 1452/2407/1418 1323/2226/1289 1279/2225/1245 1434/2408/1400
f 1451/2406/1417 1318/2248/1284 1281/2409/1247 1431/2410/1397
f 1278/2219/1244 1435/2404/1401 1440/2401/1406 1306/2214/1272
f 1493/2362/1459 1495/2387/1461 1437/2390/1403 1426/2363/1392
f 1484/2394/1450 1497/2379/1463 1439/2382/1405 1429/2395/1395
f 1450/2400/1416 1427/2399/1393 1436/2370/1402 1453/2369/1419
f 1282/2236/1248 1432/2405/1398 1445/2411/1411 1312/2237/1278
f 1446/2365/1412 1413/2412/1379 1443/2413/1409 1454/2414/1420
f 1487/2383/1453 1499/2415/1465 1442/2416/1408 1423/2384/1389
f 1486/2417/1452 1501/2357/1467 1444/2360/1410 1430/2418/1396
f 1414/2366/1380 1446/2365/1412 1454/2414/1420 1441/2419/1407
f 1428/2420/1394 1450/2400/1416 1453/2369/1419 1438/2421/1404
f 1432/2405/1398 1282/2236/1248 1318/2248/1284 1451/2406/1417
f 1433/2422/1399 1280/2249/1246 1323/2226/1289 1452/2407/1418
f 1415/2423/1381 1447/2368/1413 1451/2406/1417 1431/2410/1397
f 1441/2424/1407 1454/2397/1420 1450/2400/1416 1428/2420/1394
f 1420/2425/1386 1449/2426/1415 1452/2407/1418 1434/2408/1400
f 1418/2427/1384 1448/2372/1414 1449/2374/1415 1420/2428/1386
f 1438/2421/1404 1453/2369/1419 1448/2372/1414 1418/2427/1384
f 1413/2412/1379 1446/2365/1412 1447/2368/1413 1415/2423/1381
f 1538/2429/1504 1534/2430/1500 1478/2431/1444 1465/2432/1431
f 1520/2433/1486 1526/2434/1492 1477/2435/1443 1466/2436/1432
f 1527/2437/1493 1533/2438/1499 1476/2439/1442 1458/2440/1424
f 1516/2441/1482 1525/2442/1491 1475/2443/1441 1457/2444/1423
f 1537/2445/1503 1532/2446/1498 1474/2447/1440 1463/2448/1429
f 1519/2449/1485 1524/2450/1490 1473/2451/1439 1464/2452/1430
f 1530/2453/1496 1531/2454/1497 1472/2455/1438 1470/2456/1436
f 1522/2457/1488 1523/2458/1489 1471/2459/1437 1469/2460/1435
f 1533/2438/1499 1537/2461/1503 1463/2462/1429 1476/2439/1442
f 1525/2442/1491 1519/2463/1485 1464/2464/1430 1475/2443/1441
f 1531/2454/1497 1538/2465/1504 1465/2466/1431 1472/2455/1438
f 1523/2458/1489 1520/2467/1486 1466/2468/1432 1471/2459/1437
f 1535/2469/1501 1536/2470/1502 1461/2471/1427 1455/2472/1421
f 1515/2473/1481 1518/2474/1484 1462/2475/1428 1456/2476/1422
f 1528/2477/1494 1527/2437/1493 1458/2440/1424 1460/2478/1426
f 1517/2479/1483 1516/2441/1482 1457/2444/1423 1459/2480/1425
f 1532/2446/1498 1535/2469/1501 1455/2472/1421 1474/2447/1440
f 1524/2481/1490 1515/2473/1481 1456/2476/1422 1473/2482/1439
f 1529/2483/1495 1528/2477/1494 1460/2478/1426 1468/2484/1434
f 1521/2485/1487 1517/2479/1483 1459/2480/1425 1467/2486/1433
f 1536/2487/1502 1530/2453/1496 1470/2456/1436 1461/2488/1427
f 1518/2474/1484 1522/2457/1488 1469/2460/1435 1462/2475/1428
f 1534/2430/1500 1529/2489/1495 1468/2490/1434 1478/2431/1444
f 1526/2434/1492 1521/2491/1487 1467/2492/1433 1477/2435/1443
f 1466/2436/1432 1477/2435/1443 1502/2493/1468 1485/2494/1451
f 1485/2494/1451 1502/2493/1468 1501/2357/1467 1486/2417/1452
f 1457/2444/1423 1475/2443/1441 1500/2495/1466 1488/2496/1454
f 1488/2496/1454 1500/2495/1466 1499/2415/1465 1487/2383/1453
f 1464/2452/1430 1473/2451/1439 1498/2497/1464 1483/2498/1449
f 1483/2498/1449 1498/2497/1464 1497/2379/1463 1484/2394/1450
f 1469/2460/1435 1471/2459/1437 1496/2499/1462 1494/2500/1460
f 1494/2500/1460 1496/2499/1462 1495/2387/1461 1493/2362/1459
f 1475/2443/1441 1464/2464/1430 1483/2501/1449 1500/2495/1466
f 1500/2495/1466 1483/2501/1449 1484/2502/1450 1499/2415/1465
f 1471/2459/1437 1466/2468/1432 1485/2503/1451 1496/2499/1462
f 1496/2499/1462 1485/2503/1451 1486/2388/1452 1495/2387/1461
f 1456/2476/1422 1462/2475/1428 1481/2504/1447 1479/2505/1445
f 1479/2506/1445 1481/2507/1447 1482/2385/1448 1480/2380/1446
f 1459/2480/1425 1457/2444/1423 1488/2496/1454 1490/2508/1456
f 1490/2508/1456 1488/2496/1454 1487/2383/1453 1489/2376/1455
f 1473/2482/1439 1456/2476/1422 1479/2505/1445 1498/2509/1464
f 1498/2497/1464 1479/2506/1445 1480/2380/1446 1497/2379/1463
f 1467/2492/1433 1459/2510/1425 1490/2511/1456 1492/2512/1458
f 1492/2513/1458 1490/2508/1456 1489/2376/1455 1491/2375/1457
f 1462/2475/1428 1469/2460/1435 1494/2500/1460 1481/2504/1447
f 1481/2504/1447 1494/2500/1460 1493/2362/1459 1482/2361/1448
f 1477/2435/1443 1467/2492/1433 1492/2512/1458 1502/2493/1468
f 1502/2493/1468 1492/2512/1458 1491/2358/1457 1501/2357/1467
f 1442/2416/1408 1513/2514/1479 1505/2515/1471 1423/2384/1389
f 1429/2395/1395 1509/2516/1475 1513/2517/1479 1442/2396/1408
f 1430/2389/1396 1510/2518/1476 1511/2519/1477 1437/2390/1403
f 1425/2386/1391 1507/2520/1473 1506/2521/1472 1424/2381/1390
f 1421/2377/1387 1503/2522/1469 1504/2523/1470 1422/2378/1388
f 1426/2363/1392 1508/2524/1474 1507/2525/1473 1425/2364/1391
f 1439/2382/1405 1512/2526/1478 1509/2516/1475 1429/2395/1395
f 1423/2384/1389 1505/2515/1471 1503/2522/1469 1421/2377/1387
f 1422/2359/1388 1504/2527/1470 1514/2528/1480 1444/2360/1410
f 1424/2381/1390 1506/2521/1472 1512/2526/1478 1439/2382/1405
f 1437/2390/1403 1511/2519/1477 1508/2524/1474 1426/2363/1392
f 1444/2360/1410 1514/2528/1480 1510/2529/1476 1430/2418/1396
f 1478/2431/1444 1468/2490/1434 1521/2491/1487 1526/2434/1492
f 1461/2488/1427 1470/2456/1436 1522/2457/1488 1518/2474/1484
f 1468/2490/1434 1460/2530/1426 1517/2531/1483 1521/2491/1487
f 1474/2447/1440 1455/2472/1421 1515/2532/1481 1524/2450/1490
f 1460/2478/1426 1458/2440/1424 1516/2441/1482 1517/2479/1483
f 1455/2472/1421 1461/2471/1427 1518/2533/1484 1515/2532/1481
f 1472/2455/1438 1465/2466/1431 1520/2467/1486 1523/2458/1489
f 1476/2439/1442 1463/2462/1429 1519/2463/1485 1525/2442/1491
f 1470/2456/1436 1472/2455/1438 1523/2458/1489 1522/2457/1488
f 1463/2448/1429 1474/2447/1440 1524/2450/1490 1519/2449/1485
f 1458/2440/1424 1476/2439/1442 1525/2442/1491 1516/2441/1482
f 1465/2432/1431 1478/2431/1444 1526/2434/1492 1520/2433/1486
f 1445/2411/1411 1432/2405/1398 1529/2483/1495 1534/2534/1500
f 1420/2425/1386 1434/2408/1400 1530/2453/1496 1536/2487/1502
f 1432/2405/1398 1416/2367/1382 1528/2477/1494 1529/2483/1495
f 1438/2421/1404 1418/2427/1384 1535/2469/1501 1532/2446/1498
f 1416/2367/1382 1414/2366/1380 1527/2437/1493 1528/2477/1494
f 1418/2427/1384 1420/2428/1386 1536/2470/1502 1535/2469/1501
f 1440/2535/1406 1435/2536/1401 1538/2465/1504 1531/2454/1497
f 1441/2424/1407 1428/2420/1394 1537/2445/1503 1533/2537/1499
f 1434/2408/1400 1440/2535/1406 1531/2454/1497 1530/2453/1496
f 1428/2420/1394 1438/2421/1404 1532/2446/1498 1537/2445/1503
f 1414/2366/1380 1441/2419/1407 1533/2438/1499 1527/2437/1493
f 1435/2538/1401 1445/2539/1411 1534/2430/1500 1538/2429/1504
f 1547/2540/1511 1540/2541/1506 1542/2542/1507 1548/2543/1512
f 1539/2544/1505 1543/2545/1508 1544/2546/1509 1541/2547/1505
f 1542/2542/1507 1540/2541/1506 1545/2548/1510 1546/2549/1510
f 1543/2550/1508 1547/2551/1511 1548/2552/1512 1544/2553/1509
f 1557/2554/1519 1558/2555/1520 1552/2556/1515 1550/2557/1514
f 1549/2558/1513 1551/2559/1513 1554/2560/1517 1553/2561/1516
f 1552/2562/1515 1556/2563/1518 1555/2564/1518 1550/2565/1514
f 1553/2566/1516 1554/2567/1517 1558/2568/1520 1557/2569/1519
f 1563/2570/1523 1566/2571/1526 1562/2572/1522 1561/2573/1522
f 1559/2574/1521 1560/2575/1521 1565/2576/1525 1564/2577/1524
f 1564/2577/1524 1565/2576/1525 1566/2571/1526 1563/2570/1523
f 1580/2578/1538 1579/2579/1537 1570/2580/1529 1569/2581/1528
f 1581/2582/1539 1582/2583/1540 1573/2584/1532 1572/2585/1531
f 1572/2585/1531 1573/2584/1532 1574/2586/1533 1571/2587/1530
f 1569/2581/1528 1570/2580/1529 1576/2588/1535 1575/2589/1534
f 1576/2588/1535 1570/2580/1529 1577/2590/1536 1578/2591/1536
f 1571/2587/1530 1574/2586/1533 1579/2579/1537 1580/2578/1538
f 1567/2592/1527 1568/2593/1527 1582/2583/1540 1581/2582/1539
f 1579/2579/1537 1574/2586/1533 1584/2594/1542 1585/2595/1543
f 1574/2586/1533 1573/2584/1532 1583/2596/1541 1584/2594/1542
f 1573/2584/1532 1582/2583/1540 1586/2597/1544 1583/2596/1541
f 1589/2598/1547 1588/2599/1546 1592/2600/1550 1593/2601/1547
f 1588/2599/1546 1587/2602/1545 1591/2603/1549 1592/2600/1550
f 1587/2602/1545 1590/2604/1548 1594/2605/1551 1591/2603/1549
f 1594/2605/1551 1590/2604/1548 1595/2606/1552 1596/2607/1552
f 1601/2608/1555 1599/2609/1554 1600/2610/1554 1604/2611/1558
f 1597/2612/1553 1602/2613/1556 1603/2614/1557 1598/2615/1553
f 1602/2616/1556 1601/2617/1555 1604/2618/1558 1603/2619/1557
f 1618/2620/1570 1607/2621/1560 1608/2622/1561 1617/2623/1569
f 1619/2624/1571 1610/2625/1563 1611/2626/1564 1620/2627/1572
f 1610/2625/1563 1609/2628/1562 1612/2629/1565 1611/2626/1564
f 1607/2621/1560 1613/2630/1566 1614/2631/1567 1608/2622/1561
f 1614/2631/1567 1616/2632/1568 1615/2633/1568 1608/2622/1561
f 1609/2628/1562 1618/2620/1570 1617/2623/1569 1612/2629/1565
f 1605/2634/1559 1619/2624/1571 1620/2627/1572 1606/2635/1559
f 1617/2623/1569 1623/2636/1575 1622/2637/1574 1612/2629/1565
f 1612/2629/1565 1622/2637/1574 1621/2638/1573 1611/2626/1564
f 1611/2626/1564 1621/2638/1573 1624/2639/1576 1620/2627/1572
f 1627/2640/1579 1631/2641/1579 1630/2642/1582 1626/2643/1578
f 1626/2643/1578 1630/2642/1582 1629/2644/1581 1625/2645/1577
f 1625/2645/1577 1629/2644/1581 1632/2646/1583 1628/2647/1580
f 1632/2646/1583 1634/2648/1584 1633/2649/1584 1628/2647/1580
f 1639/2650/1588 1642/2651/1591 1638/2652/1587 1637/2653/1587
f 1635/2654/1585 1636/2655/1586 1641/2656/1590 1640/2657/1589
f 1640/2658/1589 1641/2659/1590 1642/2651/1591 1639/2650/1588
f 1636/2655/1586 1635/2654/1585 1643/2660/1592 1644/2661/1592
f 1649/2662/1593 1650/2663/1593 1648/2664/1593 1647/2665/1593
f 1645/2666/1593 1646/2667/1593 1650/2663/1593 1649/2662/1593
f 1645/2666/1593 1649/2662/1593 1652/2668/1593 1651/2669/1593
f 1649/2662/1593 1647/2665/1593 1653/2670/1593 1654/2671/1593
f 1646/2667/1593 1645/2666/1593 1655/2672/1593 1656/2673/1593
f 1647/2665/1593 1648/2664/1593 1658/2674/1593 1657/2675/1593
f 1650/2663/1593 1646/2667/1593 1659/2676/1593 1661/2677/1593
f 1648/2664/1593 1650/2663/1593 1661/2677/1593 1660/2678/1593
f 1666/2679/1594 1667/2680/1594 1665/2681/1594 1664/2682/1594
f 1662/2683/1594 1663/2684/1594 1667/2680/1594 1666/2679/1594
f 1662/2683/1594 1666/2679/1594 1669/2685/1594 1668/2686/1594
f 1666/2679/1594 1664/2682/1594 1670/2687/1594 1671/2688/1594
f 1663/2684/1594 1662/2683/1594 1672/2689/1594 1673/2690/1594
f 1664/2682/1594 1665/2681/1594 1675/2691/1594 1674/2692/1594
f 1667/2680/1594 1663/2684/1594 1676/2693/1594 1678/2694/1594
f 1665/2681/1594 1667/2680/1594 1678/2694/1594 1677/2695/1594
f 1683/2696/1595 1684/2697/1595 1682/2698/1595 1681/2699/1595
f 1679/2700/1595 1680/2701/1595 1684/2697/1595 1683/2696/1595
f 1679/2700/1595 1683/2696/1595 1686/2702/1595 1685/2703/1595
f 1683/2696/1595 1681/2699/1595 1687/2704/1595 1688/2705/1595
f 1680/2701/1595 1679/2700/1595 1689/2706/1595 1690/2707/1595
f 1681/2699/1595 1682/2698/1595 1692/2708/1595 1691/2709/1595
f 1684/2697/1595 1680/2701/1595 1693/2710/1595 1695/2711/1595
f 1682/2698/1595 1684/2697/1595 1695/2711/1595 1694/2712/1595
f 1726/2713/1626 1727/2714/1627 1699/2715/1599 1698/2716/1598
f 1726/2713/1626 1698/2716/1598 1701/2717/1601 1728/2718/1628
f 1728/2718/1628 1701/2717/1601 1703/2719/1603 1729/2720/1629
f 1729/2720/1629 1703/2719/1603 1705/2721/1605 1730/2722/1630
f 1717/2723/1617 1716/2724/1616 1708/2725/1608 1709/2726/1609
f 1718/2727/1618 1717/2723/1617 1709/2726/1609 1710/2728/1610
f 1716/2724/1616 1719/2729/1619 1706/2730/1606 1708/2725/1608
f 1719/2731/1619 1720/2732/1620 1707/2733/1607 1706/2734/1606
f 1722/2735/1622 1721/2736/1621 1713/2737/1613 1711/2738/1611
f 1721/2736/1621 1723/2739/1623 1714/2740/1614 1713/2737/1613
f 1724/2741/1624 1722/2735/1622 1711/2738/1611 1712/2742/1612
f 1723/2739/1623 1725/2743/1625 1715/2744/1615 1714/2740/1614
f 1737/2745/1637 1731/2746/1631 1707/2733/1607 1720/2732/1620
f 1731/2747/1631 1712/2748/1612 1711/2749/1611 1732/2750/1632
f 1732/2750/1632 1711/2749/1611 1713/2751/1613 1733/2752/1633
f 1733/2752/1633 1713/2751/1613 1714/2753/1614 1734/2754/1634
f 1734/2754/1634 1714/2753/1614 1715/2755/1615 1735/2756/1635
f 1736/2757/1636 1718/2758/1618 1710/2759/1610 1735/2760/1635
f 1730/2761/1630 1705/2762/1605 1718/2758/1618 1736/2757/1636
f 1727/2763/1627 1737/2745/1637 1720/2732/1620 1699/2764/1599
f 1702/2765/1602 1704/2766/1604 1725/2743/1625 1723/2739/1623
f 1697/2767/1597 1696/2768/1596 1722/2735/1622 1724/2741/1624
f 1700/2769/1600 1702/2765/1602 1723/2739/1623 1721/2736/1621
f 1696/2768/1596 1700/2769/1600 1721/2736/1621 1722/2735/1622
f 1698/2770/1598 1699/2771/1599 1720/2772/1620 1719/2729/1619
f 1701/2773/1601 1698/2770/1598 1719/2729/1619 1716/2724/1616
f 1705/2774/1605 1703/2775/1603 1717/2723/1617 1718/2727/1618
f 1703/2775/1603 1701/2773/1601 1716/2724/1616 1717/2723/1617
f 1697/2776/1597 1724/2777/1624 1737/2745/1637 1727/2763/1627
f 1704/2778/1604 1730/2722/1630 1736/2779/1636 1725/2780/1625
f 1725/2781/1625 1736/2757/1636 1735/2760/1635 1715/2782/1615
f 1709/2783/1609 1734/2754/1634 1735/2756/1635 1710/2784/1610
f 1708/2785/1608 1733/2752/1633 1734/2754/1634 1709/2783/1609
f 1706/2786/1606 1732/2750/1632 1733/2752/1633 1708/2785/1608
f 1707/2787/1607 1731/2747/1631 1732/2750/1632 1706/2786/1606
f 1724/2741/1624 1712/2742/1612 1731/2788/1631 1737/2789/1637
f 1702/2790/1602 1729/2720/1629 1730/2722/1630 1704/2778/1604
f 1700/2791/1600 1728/2718/1628 1729/2720/1629 1702/2790/1602
f 1696/2792/1596 1726/2713/1626 1728/2718/1628 1700/2791/1600
f 1696/2792/1596 1697/2793/1597 1727/2714/1627 1726/2713/1626
f 1768/2794/1668 1740/2795/1640 1741/2796/1641 1769/2797/1669
f 1768/2794/1668 1770/2798/1670 1743/2799/1643 1740/2795/1640
f 1770/2798/1670 1771/2800/1671 1745/2801/1645 1743/2799/1643
f 1771/2800/1671 1772/2802/1672 1747/2803/1647 1745/2801/1645
f 1759/2804/1659 1751/2805/1651 1750/2806/1650 1758/2807/1658
f 1760/2808/1660 1752/2809/1652 1751/2805/1651 1759/2804/1659
f 1758/2807/1658 1750/2806/1650 1748/2810/1648 1761/2811/1661
f 1761/2811/1661 1748/2810/1648 1749/2812/1649 1762/2813/1662
f 1764/2814/1664 1753/2815/1653 1755/2816/1655 1763/2817/1663
f 1763/2817/1663 1755/2816/1655 1756/2818/1656 1765/2819/1665
f 1766/2820/1666 1754/2821/1654 1753/2815/1653 1764/2814/1664
f 1765/2819/1665 1756/2818/1656 1757/2822/1657 1767/2823/1667
f 1779/2824/1679 1762/2813/1662 1749/2812/1649 1773/2825/1673
f 1773/2826/1673 1774/2827/1674 1753/2828/1653 1754/2829/1654
f 1774/2827/1674 1775/2830/1675 1755/2831/1655 1753/2828/1653
f 1775/2830/1675 1776/2832/1676 1756/2833/1656 1755/2831/1655
f 1776/2832/1676 1777/2834/1677 1757/2835/1657 1756/2833/1656
f 1778/2836/1678 1777/2837/1677 1752/2838/1652 1760/2839/1660
f 1772/2840/1672 1778/2836/1678 1760/2839/1660 1747/2841/1647
f 1769/2842/1669 1741/2843/1641 1762/2813/1662 1779/2824/1679
f 1744/2844/1644 1765/2819/1665 1767/2823/1667 1746/2845/1646
f 1739/2846/1639 1766/2847/1666 1764/2848/1664 1738/2849/1638
f 1742/2850/1642 1763/2817/1663 1765/2819/1665 1744/2844/1644
f 1738/2851/1638 1764/2814/1664 1763/2817/1663 1742/2850/1642
f 1740/2852/1640 1761/2811/1661 1762/2813/1662 1741/2843/1641
f 1743/2853/1643 1758/2807/1658 1761/2811/1661 1740/2852/1640
f 1747/2854/1647 1760/2808/1660 1759/2804/1659 1745/2855/1645
f 1745/2855/1645 1759/2804/1659 1758/2807/1658 1743/2853/1643
f 1739/2846/1639 1769/2856/1669 1779/2857/1679 1766/2847/1666
f 1746/2858/1646 1767/2859/1667 1778/2860/1678 1772/2802/1672
f 1767/2861/1667 1757/2862/1657 1777/2837/1677 1778/2836/1678
f 1751/2863/1651 1752/2864/1652 1777/2834/1677 1776/2832/1676
f 1750/2865/1650 1751/2863/1651 1776/2832/1676 1775/2830/1675
f 1748/2866/1648 1750/2865/1650 1775/2830/1675 1774/2827/1674
f 1749/2867/1649 1748/2866/1648 1774/2827/1674 1773/2826/1673
f 1766/2847/1666 1779/2857/1679 1773/2868/1673 1754/2869/1654
f 1744/2870/1644 1746/2858/1646 1772/2802/1672 1771/2800/1671
f 1742/2871/1642 1744/2870/1644 1771/2800/1671 1770/2798/1670
f 1738/2872/1638 1742/2871/1642 1770/2798/1670 1768/2794/1668
f 1738/2872/1638 1768/2794/1668 1769/2797/1669 1739/2873/1639
f 1791/2874/1680 1780/2875/1680 1785/2876/1680 1793/2877/1680
f 1795/2878/1688 1783/2879/1683 1788/2880/1686 1797/2881/1688
f 1799/2882/1689 1781/2883/1681 1786/2884/1685 1801/2885/1689
f 1815/2886/1695 1784/2887/1684 1789/2888/1687 1817/2889/1695
f 1783/2879/1683 1790/2890/1680 1792/2891/1680 1788/2880/1686
f 1807/2892/1680 1791/2874/1680 1793/2877/1680 1809/2893/1680
f 1781/2883/1681 1794/2894/1688 1796/2895/1688 1786/2884/1685
f 1794/2894/1688 1795/2878/1688 1797/2881/1688 1796/2895/1688
f 1784/2887/1684 1798/2896/1689 1800/2897/1689 1789/2888/1687
f 1811/2898/1689 1799/2882/1689 1801/2885/1689 1813/2899/1689
f 1823/2900/1699 1802/2901/1690 1804/2902/1692 1825/2903/1701
f 1802/2901/1690 1803/2904/1691 1805/2905/1693 1804/2902/1692
f 1790/2890/1680 1806/2906/1680 1808/2907/1680 1792/2891/1680
f 1806/2906/1680 1807/2892/1680 1809/2893/1680 1808/2907/1680
f 1798/2896/1689 1810/2908/1689 1812/2909/1689 1800/2897/1689
f 1810/2908/1689 1811/2898/1689 1813/2899/1689 1812/2909/1689
f 1819/2910/1697 1814/2911/1694 1816/2912/1696 1821/2913/1697
f 1814/2911/1694 1815/2886/1695 1817/2889/1695 1816/2912/1696
f 1803/2904/1691 1818/2914/1697 1820/2915/1697 1805/2905/1693
f 1818/2914/1697 1819/2910/1697 1821/2913/1697 1820/2915/1697
f 1782/2916/1682 1822/2917/1698 1824/2918/1700 1787/2919/1682
f 1822/2917/1698 1823/2900/1699 1825/2903/1701 1824/2918/1700
f 1837/2920/1702 1839/2921/1702 1831/2922/1702 1826/2923/1702
f 1841/2924/1710 1843/2925/1710 1834/2926/1708 1829/2927/1705
f 1845/2928/1711 1847/2929/1711 1832/2930/1707 1827/2931/1703
f 1861/2932/1717 1863/2933/1717 1835/2934/1709 1830/2935/1706
f 1829/2927/1705 1834/2926/1708 1838/2936/1702 1836/2937/1702
f 1853/2938/1702 1855/2939/1702 1839/2921/1702 1837/2920/1702
f 1827/2931/1703 1832/2930/1707 1842/2940/1710 1840/2941/1710
f 1840/2941/1710 1842/2940/1710 1843/2925/1710 1841/2924/1710
f 1830/2935/1706 1835/2934/1709 1846/2942/1711 1844/2943/1711
f 1857/2944/1711 1859/2945/1711 1847/2929/1711 1845/2928/1711
f 1869/2946/1721 1871/2947/1723 1850/2948/1714 1848/2949/1712
f 1848/2949/1712 1850/2948/1714 1851/2950/1715 1849/2951/1713
f 1836/2937/1702 1838/2936/1702 1854/2952/1702 1852/2953/1702
f 1852/2953/1702 1854/2952/1702 1855/2939/1702 1853/2938/1702
f 1844/2943/1711 1846/2942/1711 1858/2954/1711 1856/2955/1711
f 1856/2955/1711 1858/2954/1711 1859/2945/1711 1857/2944/1711
f 1865/2956/1719 1867/2957/1719 1862/2958/1718 1860/2959/1716
f 1860/2959/1716 1862/2958/1718 1863/2933/1717 1861/2932/1717
f 1849/2951/1713 1851/2950/1715 1866/2960/1719 1864/2961/1719
f 1864/2961/1719 1866/2960/1719 1867/2957/1719 1865/2956/1719
f 1828/2962/1704 1833/2963/1704 1870/2964/1722 1868/2965/1720
f 1868/2965/1720 1870/2964/1722 1871/2947/1723 1869/2946/1721
f 1887/2966/1737 1886/2967/1736 1873/2968/1725 1872/2969/1724
f 1872/2969/1724 1873/2968/1725 1877/2970/1728 1876/2971/1727
f 1876/2972/1727 1877/2973/1728 1879/2974/1730 1878/2975/1729
f 1878/2975/1729 1879/2974/1730 1881/2976/1732 1880/2977/1731
f 1880/2978/1731 1881/2979/1732 1883/2980/1734 1882/2981/1733
f 1882/2982/1733 1883/2983/1734 1885/2984/1735 1884/2985/1735
f 1874/2986/1726 1875/2987/1726 1886/2967/1736 1887/2966/1737
f 1899/2988/1749 1888/2989/1738 1889/2990/1739 1898/2991/1748
f 1888/2989/1738 1890/2992/1740 1891/2993/1741 1889/2990/1739
f 1890/2994/1740 1892/2995/1742 1893/2996/1743 1891/2997/1741
f 1892/2995/1742 1894/2998/1744 1895/2999/1745 1893/2996/1743
f 1894/3000/1744 1896/3001/1746 1897/3002/1747 1895/3003/1745
f 1896/3004/1746 1884/2985/1735 1885/2984/1735 1897/3005/1747
f 1874/2986/1726 1899/2988/1749 1898/2991/1748 1875/2987/1726
f 1901/3006/1751 1902/3007/1751 1903/3008/1752 1904/3009/1753
f 1904/3010/1753 1903/3011/1752 1900/3012/1750 1905/3013/1754
f 1905/3014/1754 1900/3015/1750 1906/3016/1755 1907/3017/1756
f 1907/3017/1756 1906/3016/1755 1908/3018/1757 1909/3019/1757
f 1901/3006/1751 1912/3020/1760 1911/3021/1759 1902/3007/1751
f 1912/3020/1760 1913/3022/1761 1910/3023/1758 1911/3021/1759
f 1913/3022/1761 1915/3024/1763 1914/3025/1762 1910/3023/1758
f 1915/3024/1763 1917/3026/1764 1916/3027/1764 1914/3025/1762
f 1938/3028/1783 1932/3029/1778 1922/3030/1769 1927/3031/1774
f 1932/3029/1778 1933/3032/1779 1923/3033/1770 1922/3030/1769
f 1933/3032/1779 1937/3034/1782 1926/3035/1773 1923/3033/1770
f 1939/3036/1784 1935/3037/1780 1924/3038/1771 1928/3039/1775
f 1936/3040/1781 1925/3041/1772 1919/3042/1766 1929/3043/1766
f 1935/3044/1780 1938/3028/1783 1927/3031/1774 1924/3045/1771
f 1930/3046/1776 1939/3036/1784 1928/3039/1775 1920/3047/1767
f 1926/3035/1773 1937/3034/1782 1934/3048/1765 1918/3049/1765
f 1921/3050/1768 1925/3041/1772 1936/3040/1781 1931/3051/1777
f 1920/3047/1767 1921/3050/1768 1931/3051/1777 1930/3046/1776
f 1956/3052/1801 1947/3053/1792 1942/3054/1787 1951/3055/1796
f 1951/3055/1796 1942/3054/1787 1943/3056/1788 1952/3057/1797
f 1952/3058/1797 1943/3059/1788 1946/3060/1791 1955/3061/1800
f 1957/3062/1802 1948/3063/1793 1944/3064/1789 1953/3065/1798
f 1954/3066/1799 1929/3067/1766 1919/3068/1766 1945/3069/1790
f 1953/3065/1798 1944/3064/1789 1947/3053/1792 1956/3052/1801
f 1949/3070/1794 1940/3071/1785 1948/3072/1793 1957/3073/1802
f 1946/3060/1791 1918/3049/1765 1934/3048/1765 1955/3061/1800
f 1941/3074/1786 1950/3075/1795 1954/3066/1799 1945/3069/1790
f 1940/3071/1785 1949/3070/1794 1950/3075/1795 1941/3074/1786
f 1962/3076/1807 1963/3077/1808 1961/3078/1806 1960/3079/1805
f 1958/3080/1803 1959/3081/1804 1963/3077/1808 1962/3076/1807
f 1958/3080/1803 1962/3076/1807 1965/3082/1809 1964/3083/1809
f 1962/3076/1807 1960/3079/1805 1966/3084/1810 1967/3085/1810
f 1959/3081/1804 1958/3080/1803 1968/3086/1811 1969/3087/1811
f 1960/3079/1805 1961/3078/1806 1971/3088/1812 1970/3089/1812
f 1963/3077/1808 1959/3081/1804 1972/3090/1813 1974/3091/1815
f 1961/3078/1806 1963/3077/1808 1974/3091/1815 1973/3092/1814
f 1977/3093/1818 1978/3094/1819 1976/3095/1817 1975/3096/1816
f 1975/3097/1816 1976/3098/1817 1980/3099/1820 1979/3100/1820
f 1978/3101/1819 1977/3102/1818 1981/3103/1821 1982/3104/1821
f 1985/3105/1824 1983/3106/1822 1984/3107/1823 1986/3108/1825
f 1983/3109/1822 1987/3110/1826 1988/3111/1826 1984/3112/1823
f 1986/3113/1825 1990/3114/1827 1989/3115/1827 1985/3116/1824
f 1993/3117/1830 1994/3118/1831 1992/3119/1829 1991/3120/1828
f 1991/3121/1828 1992/3122/1829 1996/3123/1832 1995/3124/1832
f 1994/3125/1831 1993/3126/1830 1997/3127/1833 1998/3128/1833
f 2001/3129/1836 1999/3130/1834 2000/3131/1835 2002/3132/1837
f 1999/3133/1834 2003/3134/1838 2004/3135/1838 2000/3136/1835
f 2002/3137/1837 2006/3138/1839 2005/3139/1839 2001/3140/1836
f 2009/3141/1842 2010/3142/1843 2008/3143/1841 2007/3144/1840
f 2007/3145/1840 2008/3146/1841 2012/3147/1844 2011/3148/1844
f 2010/3149/1843 2009/3150/1842 2013/3151/1845 2014/3152/1845
f 2017/3153/1848 2015/3154/1846 2016/3155/1847 2018/3156/1849
f 2015/3157/1846 2019/3158/1850 2020/3159/1850 2016/3160/1847
f 2018/3161/1849 2022/3162/1851 2021/3163/1851 2017/3164/1848
f 2023/3165/1852 2024/3166/1853 2026/3167/1855 2025/3168/1854
f 2024/3166/1853 2023/3165/1852 2027/3169/1856 2028/3170/1857
f 2028/3170/1857 2027/3169/1856 2029/3171/1858 2030/3172/1859
f 2030/3173/1859 2029/3174/1858 2031/3175/1860 2032/3176/1861
f 2032/3176/1861 2031/3175/1860 2033/3177/1862 2034/3178/1863
f 2034/3178/1863 2033/3177/1862 2035/3179/1864 2036/3180/1865
f 2036/3181/1865 2035/3182/1864 2037/3183/1866 2038/3184/1867
f 2038/3184/1867 2037/3183/1866 2039/3185/1868 2040/3186/1869
f 2040/3187/1869 2039/3188/1868 2041/3189/1870 2042/3190/1871
f 2026/3191/1855 2042/3190/1871 2041/3189/1870 2025/3192/1854
f 2047/3193/1872 2048/3194/1872 2046/3195/1872 2045/3196/1872
f 2043/3197/1872 2044/3198/1872 2048/3194/1872 2047/3193/1872
f 2043/3197/1872 2047/3193/1872 2050/3199/1872 2049/3200/1872
f 2047/3193/1872 2045/3196/1872 2051/3201/1872 2052/3202/1872
f 2044/3198/1872 2043/3197/1872 2053/3203/1872 2054/3204/1872
f 2045/3196/1872 2046/3195/1872 2056/3205/1872 2055/3206/1872
f 2048/3194/1872 2044/3198/1872 2057/3207/1873 2059/3208/1872
f 2046/3195/1872 2048/3194/1872 2059/3208/1872 2058/3209/1872
f 2064/3210/1875 2065/3211/1875 2063/3212/1875 2062/3213/1875
f 2060/3214/1874 2061/3215/1875 2065/3211/1875 2064/3210/1875
f 2060/3214/1874 2064/3210/1875 2067/3216/1874 2066/3217/1874
f 2064/3210/1875 2062/3213/1875 2068/3218/1875 2069/3219/1875
f 2061/3215/1875 2060/3214/1874 2070/3220/1875 2071/3221/1874
f 2062/3213/1875 2063/3212/1875 2073/3222/1875 2072/3223/1875
f 2065/3211/1875 2061/3215/1875 2074/3224/1875 2076/3225/1875
f 2063/3212/1875 2065/3211/1875 2076/3225/1875 2075/3226/1875
f 2081/3227/1876 2082/3228/1876 2080/3229/1876 2079/3230/1876
f 2077/3231/1876 2078/3232/1876 2082/3228/1876 2081/3227/1876
f 2077/3231/1876 2081/3227/1876 2084/3233/1876 2083/3234/1876
f 2081/3227/1876 2079/3230/1876 2085/3235/1876 2086/3236/1876
f 2078/3232/1876 2077/3231/1876 2087/3237/1876 2088/3238/1876
f 2079/3230/1876 2080/3229/1876 2090/3239/1876 2089/3240/1876
f 2082/3228/1876 2078/3232/1876 2091/3241/1876 2093/3242/1876
f 2080/3229/1876 2082/3228/1876 2093/3242/1876 2092/3243/1876
f 2098/3244/1877 2099/3245/1877 2097/3246/1877 2096/3247/1877
f 2094/3248/1877 2095/3249/1877 2099/3245/1877 2098/3244/1877
f 2094/3248/1877 2098/3244/1877 2101/3250/1877 2100/3251/1877
f 2098/3244/1877 2096/3247/1877 2102/3252/1877 2103/3253/1877
f 2095/3249/1877 2094/3248/1877 2104/3254/1877 2105/3255/1877
f 2096/3247/1877 2097/3246/1877 2107/3256/1877 2106/3257/1877
f 2099/3245/1877 2095/3249/1877 2108/3258/1877 2110/3259/1877
f 2097/3246/1877 2099/3245/1877 2110/3259/1877 2109/3260/1877
f 2115/3261/1878 2116/3262/1878 2114/3263/1878 2113/3264/1878
f 2111/3265/1878 2112/3266/1878 2116/3262/1878 2115/3261/1878
f 2111/3265/1878 2115/3261/1878 2118/3267/1878 2117/3268/1878
f 2115/3261/1878 2113/3264/1878 2119/3269/1878 2120/3270/1878
f 2112/3266/1878 2111/3265/1878 2121/3271/1878 2122/3272/1878
f 2113/3264/1878 2114/3263/1878 2124/3273/1878 2123/3274/1878
f 2116/3262/1878 2112/3266/1878 2125/3275/1878 2127/3276/1878
f 2114/3263/1878 2116/3262/1878 2127/3276/1878 2126/3277/1878
f 2132/3278/1879 2133/3279/1879 2131/3280/1879 2130/3281/1879
f 2128/3282/1879 2129/3283/1879 2133/3279/1879 2132/3278/1879
f 2128/3282/1879 2132/3278/1879 2135/3284/1879 2134/3285/1879
f 2132/3278/1879 2130/3281/1879 2136/3286/1879 2137/3287/1879
f 2129/3283/1879 2128/3282/1879 2138/3288/1879 2139/3289/1879
f 2130/3281/1879 2131/3280/1879 2141/3290/1879 2140/3291/1879
f 2133/3279/1879 2129/3283/1879 2142/3292/1879 2144/3293/1879
f 2131/3280/1879 2133/3279/1879 2144/3293/1879 2143/3294/1879
f 2149/3295/1880 2150/3296/1880 2148/3297/1880 2147/3298/1880
f 2145/3299/1880 2146/3300/1880 2150/3296/1880 2149/3295/1880
f 2145/3299/1880 2149/3295/1880 2152/3301/1880 2151/3302/1880
f 2149/3295/1880 2147/3298/1880 2153/3303/1880 2154/3304/1880
f 2146/3300/1880 2145/3299/1880 2155/3305/1880 2156/3306/1880
f 2147/3298/1880 2148/3297/1880 2158/3307/1880 2157/3308/1880
f 2150/3296/1880 2146/3300/1880 2159/3309/1880 2161/3310/1880
f 2148/3297/1880 2150/3296/1880 2161/3310/1880 2160/3311/1880
f 2166/3312/1881 2167/3313/1881 2165/3314/1881 2164/3315/1881
f 2162/3316/1881 2163/3317/1881 2167/3313/1881 2166/3312/1881
f 2162/3316/1881 2166/3312/1881 2169/3318/1881 2168/3319/1881
f 2166/3312/1881 2164/3315/1881 2170/3320/1881 2171/3321/1881
f 2163/3317/1881 2162/3316/1881 2172/3322/1881 2173/3323/1881
f 2164/3315/1881 2165/3314/1881 2175/3324/1881 2174/3325/1881
f 2167/3313/1881 2163/3317/1881 2176/3326/1881 2178/3327/1881
f 2165/3314/1881 2167/3313/1881 2178/3327/1881 2177/3328/1881
f 2183/3329/1882 2184/3330/1882 2182/3331/1882 2181/3332/1882
f 2179/3333/1882 2180/3334/1882 2184/3330/1882 2183/3329/1882
f 2179/3333/1882 2183/3329/1882 2186/3335/1882 2185/3336/1882
f 2183/3329/1882 2181/3332/1882 2187/3337/1882 2188/3338/1882
f 2180/3334/1882 2179/3333/1882 2189/3339/1882 2190/3340/1882
f 2181/3332/1882 2182/3331/1882 2192/3341/1882 2191/3342/1882
f 2184/3330/1882 2180/3334/1882 2193/3343/1882 2195/3344/1882
f 2182/3331/1882 2184/3330/1882 2195/3344/1882 2194/3345/1882
f 2200/3346/1883 2201/3347/1883 2199/3348/1883 2198/3349/1883
f 2196/3350/1883 2197/3351/1883 2201/3347/1883 2200/3346/1883
f 2196/3350/1883 2200/3346/1883 2203/3352/1883 2202/3353/1883
f 2200/3346/1883 2198/3349/1883 2204/3354/1883 2205/3355/1883
f 2197/3351/1883 2196/3350/1883 2206/3356/1883 2207/3357/1883
f 2198/3349/1883 2199/3348/1883 2209/3358/1883 2208/3359/1883
f 2201/3347/1883 2197/3351/1883 2210/3360/1883 2212/3361/1883
f 2199/3348/1883 2201/3347/1883 2212/3361/1883 2211/3362/1883
f 2213/3363/1884 2214/3364/1885 2216/3365/1887 2215/3366/1886
f 2214/3364/1885 2213/3363/1884 2217/3367/1888 2218/3368/1889
f 2218/3368/1889 2217/3367/1888 2219/3369/1890 2220/3370/1891
f 2220/3371/1891 2219/3372/1890 2221/3373/1892 2222/3374/1893
f 2222/3374/1893 2221/3373/1892 2223/3375/1894 2224/3376/1895
f 2224/3376/1895 2223/3375/1894 2225/3377/1896 2226/3378/1897
f 2226/3379/1897 2225/3380/1896 2227/3381/1898 2228/3382/1899
f 2228/3382/1899 2227/3381/1898 2229/3383/1900 2230/3384/1901
f 2230/3385/1901 2229/3386/1900 2231/3387/1902 2232/3388/1903
f 2216/3389/1887 2232/3388/1903 2231/3387/1902 2215/3390/1886
f 2233/3391/1904 2234/3392/1905 2236/3393/1907 2235/3394/1906
f 2234/3395/1905 2233/3396/1904 2237/3397/1908 2238/3398/1909
f 2238/3398/1909 2237/3397/1908 2239/3399/1910 2240/3400/1911
f 2240/3401/1911 2239/3402/1910 2241/3403/1912 2242/3404/1913
f 2242/3404/1913 2241/3403/1912 2243/3405/1914 2244/3406/1915
f 2244/3406/1915 2243/3405/1914 2245/3407/1916 2246/3408/1917
f 2246/3409/1917 2245/3410/1916 2247/3411/1918 2248/3412/1919
f 2248/3412/1919 2247/3411/1918 2249/3413/1920 2250/3414/1921
f 2250/3415/1921 2249/3416/1920 2251/3417/1922 2252/3418/1923
f 2236/3393/1907 2252/3418/1923 2251/3417/1922 2235/3394/1906
f 2261/3419/1930 2254/3420/1925 2256/3421/1926 2262/3422/1931
f 2253/3423/1924 2257/3424/1927 2258/3425/1928 2255/3426/1924
f 2256/3421/1926 2254/3420/1925 2259/3427/1929 2260/3428/1929
f 2257/3429/1927 2261/3430/1930 2262/3431/1931 2258/3432/1928
f 2271/3433/1938 2272/3434/1939 2266/3435/1934 2264/3436/1933
f 2263/3437/1932 2265/3438/1932 2268/3439/1936 2267/3440/1935
f 2266/3441/1934 2270/3442/1937 2269/3443/1937 2264/3444/1933
f 2267/3445/1935 2268/3446/1936 2272/3447/1939 2271/3448/1938
f 2273/3449/1940 2274/3450/1941 2276/3451/1941 2275/3452/1942
f 2273/3449/1940 2275/3452/1942 2278/3453/1944 2277/3454/1943
f 2277/3454/1943 2278/3453/1944 2280/3455/1945 2279/3456/1945
f 2281/3457/1946 2282/3458/1947 2284/3459/1948 2283/3460/1948
f 2294/3461/1957 2293/3462/1956 2285/3463/1949 2286/3464/1950
f 2286/3465/1950 2285/3466/1949 2287/3467/1951 2288/3468/1952
f 2288/3468/1952 2287/3467/1951 2289/3469/1953 2290/3470/1954
f 2290/3470/1954 2289/3469/1953 2291/3471/1955 2292/3472/1955
f 2282/3473/1947 2281/3474/1946 2293/3462/1956 2294/3461/1957
f 2285/3463/1949 2293/3462/1956 2296/3475/1959 2295/3476/1958
f 2295/3477/1958 2296/3478/1959 2298/3479/1961 2297/3480/1960
f 2297/3480/1960 2298/3479/1961 2304/3481/1967 2301/3482/1964
f 2303/3483/1966 2302/3484/1965 2301/3485/1964 2304/3486/1967
f 2302/3484/1965 2303/3483/1966 2300/3487/1963 2299/3488/1962
f 2299/3488/1962 2300/3487/1963 2306/3489/1969 2305/3490/1968
f 2305/3490/1968 2306/3489/1969 2308/3491/1970 2307/3492/1970
f 2309/3493/1971 2311/3494/1973 2312/3495/1973 2310/3496/1972
f 2322/3497/1982 2314/3498/1975 2313/3499/1974 2321/3500/1981
f 2314/3501/1975 2316/3502/1977 2315/3503/1976 2313/3504/1974
f 2316/3502/1977 2318/3505/1979 2317/3506/1978 2315/3503/1976
f 2318/3505/1979 2320/3507/1980 2319/3508/1980 2317/3506/1978
f 2310/3496/1972 2322/3509/1982 2321/3510/1981 2309/3493/1971
f 2313/3511/1974 2323/3512/1983 2324/3513/1984 2321/3514/1981
f 2323/3515/1983 2325/3516/1985 2326/3517/1986 2324/3518/1984
f 2325/3516/1985 2329/3519/1989 2332/3520/1992 2326/3517/1986
f 2331/3521/1991 2332/3522/1992 2329/3523/1989 2330/3524/1990
f 2330/3524/1990 2327/3525/1987 2328/3526/1988 2331/3521/1991
f 2327/3525/1987 2333/3527/1993 2334/3528/1994 2328/3526/1988
f 2333/3529/1993 2335/3530/1995 2336/3531/1995 2334/3532/1994
f 2346/3533/2004 2337/3534/1996 2339/3535/1998 2347/3536/2005
f 2347/3536/2005 2339/3535/1998 2342/3537/2000 2348/3538/2006
f 2349/3539/2007 2338/3540/1997 2340/3541/1997 2350/3542/2008
f 2359/3543/2017 2358/3544/2016 2343/3545/2001 2344/3546/2002
f 2365/3547/2023 2361/3548/2019 2345/3549/2003 2357/3550/2015
f 2363/3551/2021 2362/3552/2020 2349/3539/2007 2350/3542/2008
f 2366/3553/2024 2368/3554/2026 2351/3555/2009 2339/3556/1998
f 2342/3537/2000 2339/3535/1998 2351/3557/2009 2352/3558/2010
f 2364/3559/2022 2362/3560/2020 2355/3561/2013 2353/3562/2011
f 2369/3563/2027 2367/3564/2025 2354/3565/2012 2360/3566/2018
f 2366/3567/2024 2369/3568/2027 2360/3569/2018 2353/3570/2011
f 2364/3571/2022 2365/3547/2023 2357/3550/2015 2341/3572/1999
f 2339/3535/1998 2337/3534/1996 2358/3544/2016 2359/3543/2017
f 2353/3570/2011 2360/3569/2018 2365/3547/2023 2364/3571/2022
f 2341/3573/1999 2349/3574/2007 2362/3560/2020 2364/3559/2022
f 2356/3575/2014 2355/3561/2013 2362/3560/2020 2363/3576/2021
f 2360/3569/2018 2354/3577/2012 2361/3548/2019 2365/3547/2023
f 2370/3578/2028 2368/3554/2026 2355/3561/2013 2356/3575/2014
f 2352/3579/2010 2351/3555/2009 2368/3554/2026 2370/3578/2028
f 2339/3535/1998 2359/3543/2017 2369/3563/2027 2366/3580/2024
f 2359/3543/2017 2344/3546/2002 2367/3564/2025 2369/3563/2027
f 2353/3562/2011 2355/3561/2013 2368/3554/2026 2366/3553/2024
f 2380/3581/2037 2381/3582/2038 2373/3583/2031 2371/3584/2029
f 2381/3582/2038 2382/3585/2039 2376/3586/2033 2373/3583/2031
f 2383/3587/2040 2384/3588/2041 2374/3589/2030 2372/3590/2030
f 2393/3591/2050 2378/3592/2035 2377/3593/2034 2392/3594/2049
f 2399/3595/2056 2391/3596/2048 2379/3597/2036 2395/3598/2052
f 2397/3599/2054 2384/3600/2041 2383/3601/2040 2396/3602/2053
f 2400/3603/2057 2373/3604/2031 2385/3605/2042 2402/3606/2059
f 2376/3586/2033 2386/3607/2043 2385/3608/2042 2373/3583/2031
f 2398/3609/2055 2387/3610/2044 2389/3611/2046 2396/3602/2053
f 2403/3612/2060 2394/3613/2051 2388/3614/2045 2401/3615/2058
f 2400/3616/2057 2387/3617/2044 2394/3613/2051 2403/3612/2060
f 2398/3618/2055 2375/3619/2032 2391/3596/2048 2399/3595/2056
f 2373/3583/2031 2393/3591/2050 2392/3594/2049 2371/3584/2029
f 2387/3617/2044 2398/3620/2055 2399/3621/2056 2394/3613/2051
f 2375/3622/2032 2398/3609/2055 2396/3602/2053 2383/3601/2040
f 2390/3623/2047 2397/3599/2054 2396/3602/2053 2389/3611/2046
f 2394/3613/2051 2399/3621/2056 2395/3624/2052 2388/3614/2045
f 2404/3625/2061 2390/3623/2047 2389/3611/2046 2402/3606/2059
f 2386/3626/2043 2404/3625/2061 2402/3606/2059 2385/3605/2042
f 2373/3583/2031 2400/3616/2057 2403/3612/2060 2393/3591/2050
f 2393/3591/2050 2403/3612/2060 2401/3615/2058 2378/3592/2035
f 2387/3610/2044 2400/3603/2057 2402/3606/2059 2389/3611/2046
f 2419/3627/2076 2435/3628/2092 2422/3629/2079 2405/3630/2062
f 2409/3631/2066 2425/3632/2082 2427/3633/2084 2411/3634/2068
f 2411/3635/2068 2427/3636/2084 2429/3637/2086 2413/3638/2070
f 2413/3638/2070 2429/3637/2086 2431/3639/2088 2415/3640/2072
f 2415/3641/2072 2431/3642/2088 2433/3643/2090 2417/3644/2074
f 2417/3644/2074 2433/3643/2090 2435/3645/2092 2419/3646/2076
f 2434/3647/2091 2418/3648/2075 2420/3649/2077 2436/3650/2093
f 2405/3651/2062 2422/3652/2079 2423/3653/2080 2407/3654/2064
f 2407/3654/2064 2423/3653/2080 2425/3632/2082 2409/3631/2066
f 2432/3655/2089 2416/3656/2073 2418/3648/2075 2434/3647/2091
f 2430/3657/2087 2414/3658/2071 2416/3659/2073 2432/3660/2089
f 2428/3661/2085 2412/3662/2069 2414/3658/2071 2430/3657/2087
f 2426/3663/2083 2410/3664/2067 2412/3665/2069 2428/3666/2085
f 2424/3667/2081 2408/3668/2065 2410/3664/2067 2426/3663/2083
f 2421/3669/2078 2406/3670/2063 2408/3671/2065 2424/3672/2081
f 2436/3673/2093 2421/3669/2078 2422/3629/2079 2435/3628/2092
f 2434/3674/2091 2436/3675/2093 2435/3645/2092 2433/3643/2090
f 2432/3676/2089 2434/3674/2091 2433/3643/2090 2431/3642/2088
f 2430/3657/2087 2432/3660/2089 2431/3639/2088 2429/3637/2086
f 2428/3661/2085 2430/3657/2087 2429/3637/2086 2427/3636/2084
f 2426/3663/2083 2428/3666/2085 2427/3677/2084 2425/3678/2082
f 2424/3667/2081 2426/3663/2083 2425/3678/2082 2423/3679/2080
f 2421/3669/2078 2424/3672/2081 2423/3680/2080 2422/3629/2079
f 2436/3673/2093 2420/3681/2077 2406/3670/2063 2421/3669/2078
f 2408/3682/2065 2406/3683/2063 2420/3649/2077 2418/3648/2075 2416/3656/2073 2414/3684/2071 2412/3685/2069 2410/3686/2067
f 2405/3651/2062 2407/3654/2064 2409/3631/2066 2411/3634/2068 2413/3687/2070 2415/3688/2072 2417/3689/2074 2419/3690/2076
f 2451/3691/2076 2467/3692/2092 2454/3693/2079 2437/3694/2062
f 2441/3695/2066 2457/3696/2082 2459/3697/2084 2443/3698/2068
f 2443/3699/2068 2459/3700/2084 2461/3701/2086 2445/3702/2070
f 2445/3702/2070 2461/3701/2086 2463/3703/2088 2447/3704/2072
f 2447/3705/2072 2463/3706/2088 2465/3707/2090 2449/3708/2074
f 2449/3708/2074 2465/3707/2090 2467/3709/2092 2451/3710/2076
f 2466/3711/2091 2450/3712/2075 2452/3713/2077 2468/3714/2093
f 2437/3715/2062 2454/3716/2079 2455/3717/2080 2439/3718/2064
f 2439/3718/2064 2455/3717/2080 2457/3696/2082 2441/3695/2066
f 2464/3719/2089 2448/3720/2073 2450/3712/2075 2466/3711/2091
f 2462/3721/2087 2446/3722/2071 2448/3723/2073 2464/3724/2089
f 2460/3725/2085 2444/3726/2069 2446/3722/2071 2462/3721/2087
f 2458/3727/2083 2442/3728/2067 2444/3729/2069 2460/3730/2085
f 2456/3731/2081 2440/3732/2065 2442/3728/2067 2458/3727/2083
f 2453/3733/2078 2438/3734/2063 2440/3735/2065 2456/3736/2081
f 2468/3737/2093 2453/3733/2078 2454/3693/2079 2467/3692/2092
f 2466/3738/2091 2468/3739/2093 2467/3709/2092 2465/3707/2090
f 2464/3740/2089 2466/3738/2091 2465/3707/2090 2463/3706/2088
f 2462/3721/2087 2464/3724/2089 2463/3703/2088 2461/3701/2086
f 2460/3725/2085 2462/3721/2087 2461/3701/2086 2459/3700/2084
f 2458/3727/2083 2460/3730/2085 2459/3741/2084 2457/3742/2082
f 2456/3731/2081 2458/3727/2083 2457/3742/2082 2455/3743/2080
f 2453/3733/2078 2456/3736/2081 2455/3744/2080 2454/3693/2079
f 2468/3737/2093 2452/3745/2077 2438/3734/2063 2453/3733/2078
f 2440/3746/2065 2438/3747/2063 2452/3713/2077 2450/3712/2075 2448/3720/2073 2446/3748/2071 2444/3749/2069 2442/3750/2067
f 2437/3715/2062 2439/3718/2064 2441/3695/2066 2443/3698/2068 2445/3751/2070 2447/3752/2072 2449/3753/2074 2451/3754/2076
f 2483/3755/2076 2499/3756/2092 2486/3757/2079 2469/3758/2062
f 2473/3759/2066 2489/3760/2082 2491/3761/2084 2475/3762/2068
f 2475/3763/2068 2491/3764/2084 2493/3765/2086 2477/3766/2070
f 2477/3766/2070 2493/3765/2086 2495/3767/2088 2479/3768/2072
f 2479/3769/2072 2495/3770/2088 2497/3771/2090 2481/3772/2074
f 2481/3772/2074 2497/3771/2090 2499/3773/2092 2483/3774/2076
f 2498/3775/2091 2482/3776/2075 2484/3777/2077 2500/3778/2093
f 2469/3779/2062 2486/3780/2079 2487/3781/2080 2471/3782/2064
f 2471/3782/2064 2487/3781/2080 2489/3760/2082 2473/3759/2066
f 2496/3783/2089 2480/3784/2073 2482/3776/2075 2498/3775/2091
f 2494/3785/2087 2478/3786/2071 2480/3787/2073 2496/3788/2089
f 2492/3789/2085 2476/3790/2069 2478/3786/2071 2494/3785/2087
f 2490/3791/2083 2474/3792/2067 2476/3793/2069 2492/3794/2085
f 2488/3795/2081 2472/3796/2065 2474/3792/2067 2490/3791/2083
f 2485/3797/2078 2470/3798/2063 2472/3799/2065 2488/3800/2081
f 2500/3801/2093 2485/3797/2078 2486/3757/2079 2499/3756/2092
f 2498/3802/2091 2500/3803/2093 2499/3773/2092 2497/3771/2090
f 2496/3804/2089 2498/3802/2091 2497/3771/2090 2495/3770/2088
f 2494/3785/2087 2496/3788/2089 2495/3767/2088 2493/3765/2086
f 2492/3789/2085 2494/3785/2087 2493/3765/2086 2491/3764/2084
f 2490/3791/2083 2492/3794/2085 2491/3805/2084 2489/3806/2082
f 2488/3795/2081 2490/3791/2083 2489/3806/2082 2487/3807/2080
f 2485/3797/2078 2488/3800/2081 2487/3808/2080 2486/3757/2079
f 2500/3801/2093 2484/3809/2077 2470/3798/2063 2485/3797/2078
f 2472/3810/2065 2470/3811/2063 2484/3777/2077 2482/3776/2075 2480/3784/2073 2478/3812/2071 2476/3813/2069 2474/3814/2067
f 2469/3779/2062 2471/3782/2064 2473/3759/2066 2475/3762/2068 2477/3815/2070 2479/3816/2072 2481/3817/2074 2483/3818/2076
f 2501/3819/2094 2502/3820/2095 2504/3821/2097 2503/3822/2096
f 2502/3820/2095 2501/3819/2094 2505/3823/2098 2506/3824/2098
f 2503/3825/2096 2504/3826/2097 2508/3827/2100 2507/3828/2099
f 2507/3828/2099 2508/3827/2100 2510/3829/2102 2509/3830/2101
f 2509/3831/2101 2510/3832/2102 2512/3833/2104 2511/3834/2103
f 2512/3833/2104 2514/3835/2105 2513/3836/2105 2511/3834/2103
f 2515/3837/2106 2516/3838/2107 2518/3839/2097 2517/3840/2096
f 2516/3838/2107 2515/3837/2106 2519/3841/2108 2520/3842/2108
f 2517/3843/2096 2518/3844/2097 2522/3845/2100 2521/3846/2099
f 2521/3846/2099 2522/3845/2100 2524/3847/2102 2523/3848/2101
f 2523/3849/2101 2524/3850/2102 2526/3851/2110 2525/3852/2109
f 2526/3851/2110 2528/3853/2111 2527/3854/2111 2525/3852/2109
f 2529/3855/2112 2530/3856/2113 2532/3857/2115 2531/3858/2114
f 2530/3856/2113 2529/3855/2112 2533/3859/2116 2534/3860/2116
f 2531/3861/2114 2532/3862/2115 2536/3863/2118 2535/3864/2117
f 2535/3865/2117 2536/3866/2118 2538/3867/2120 2537/3868/2119
f 2537/3869/2119 2538/3870/2120 2540/3871/2122 2539/3872/2121
f 2540/3871/2122 2542/3873/2123 2541/3874/2123 2539/3872/2121
f 2557/3875/2138 2573/3876/2154 2560/3877/2141 2543/3878/2124
f 2547/3879/2128 2563/3880/2144 2565/3881/2146 2549/3882/2130
f 2549/3882/2130 2565/3881/2146 2567/3883/2148 2551/3884/2132
f 2551/3884/2132 2567/3883/2148 2569/3885/2150 2553/3886/2134
f 2553/3887/2134 2569/3888/2150 2571/3889/2152 2555/3890/2136
f 2555/3890/2136 2571/3889/2152 2573/3891/2154 2557/3892/2138
f 2572/3893/2153 2556/3894/2137 2558/3895/2139 2574/3896/2155
f 2543/3878/2124 2560/3877/2141 2561/3897/2142 2545/3898/2126
f 2545/3898/2126 2561/3897/2142 2563/3899/2144 2547/3900/2128
f 2570/3901/2151 2554/3902/2135 2556/3903/2137 2572/3904/2153
f 2568/3905/2149 2552/3906/2133 2554/3902/2135 2570/3901/2151
f 2566/3907/2147 2550/3908/2131 2552/3906/2133 2568/3905/2149
f 2564/3909/2145 2548/3910/2129 2550/3911/2131 2566/3912/2147
f 2562/3913/2143 2546/3914/2127 2548/3910/2129 2564/3909/2145
f 2559/3915/2140 2544/3916/2125 2546/3917/2127 2562/3918/2143
f 2574/3896/2155 2559/3915/2140 2560/3919/2141 2573/3920/2154
f 2572/3921/2153 2574/3922/2155 2573/3891/2154 2571/3889/2152
f 2570/3923/2151 2572/3921/2153 2571/3889/2152 2569/3888/2150
f 2568/3905/2149 2570/3901/2151 2569/3924/2150 2567/3925/2148
f 2566/3926/2147 2568/3927/2149 2567/3883/2148 2565/3881/2146
f 2564/3909/2145 2566/3912/2147 2565/3928/2146 2563/3929/2144
f 2562/3913/2143 2564/3909/2145 2563/3929/2144 2561/3930/2142
f 2559/3931/2140 2562/3932/2143 2561/3897/2142 2560/3877/2141
f 2574/3896/2155 2558/3895/2139 2544/3916/2125 2559/3915/2140
f 2546/3933/2127 2544/3934/2125 2558/3935/2139 2556/3903/2137 2554/3902/2135 2552/3906/2133 2550/3908/2131 2548/3936/2129
f 2543/3937/2124 2545/3938/2126 2547/3879/2128 2549/3882/2130 2551/3884/2132 2553/3886/2134 2555/3939/2136 2557/3940/2138
f 2575/3941/2156 2576/3942/2157 2578/3943/2159 2577/3944/2158
f 2576/3942/2157 2575/3941/2156 2579/3945/2160 2580/3946/2161
f 2580/3947/2161 2579/3948/2160 2581/3949/2162 2582/3950/2162
f 2577/3944/2158 2578/3943/2159 2584/3951/2163 2583/3952/2163
f 2599/3953/2178 2615/3954/2194 2602/3955/2181 2585/3956/2164
f 2589/3957/2168 2605/3958/2184 2607/3959/2186 2591/3960/2170
f 2591/3960/2170 2607/3959/2186 2609/3961/2188 2593/3962/2172
f 2593/3963/2172 2609/3964/2188 2611/3965/2190 2595/3966/2174
f 2595/3966/2174 2611/3965/2190 2613/3967/2192 2597/3968/2176
f 2597/3968/2176 2613/3967/2192 2615/3969/2194 2599/3970/2178
f 2614/3971/2193 2598/3972/2177 2600/3973/2179 2616/3974/2195
f 2585/3956/2164 2602/3955/2181 2603/3975/2182 2587/3976/2166
f 2587/3977/2166 2603/3978/2182 2605/3958/2184 2589/3957/2168
f 2612/3979/2191 2596/3980/2175 2598/3981/2177 2614/3982/2193
f 2610/3983/2189 2594/3984/2173 2596/3985/2175 2612/3986/2191
f 2608/3987/2187 2592/3988/2171 2594/3984/2173 2610/3983/2189
f 2606/3989/2185 2590/3990/2169 2592/3991/2171 2608/3992/2187
f 2604/3993/2183 2588/3994/2167 2590/3990/2169 2606/3989/2185
f 2601/3995/2180 2586/3996/2165 2588/3994/2167 2604/3993/2183
f 2616/3997/2195 2601/3998/2180 2602/3955/2181 2615/3954/2194
f 2614/3982/2193 2616/3999/2195 2615/3969/2194 2613/3967/2192
f 2612/3979/2191 2614/3982/2193 2613/3967/2192 2611/3965/2190
f 2610/3983/2189 2612/3986/2191 2611/4000/2190 2609/4001/2188
f 2608/3987/2187 2610/3983/2189 2609/4001/2188 2607/4002/2186
f 2606/3989/2185 2608/3992/2187 2607/4003/2186 2605/4004/2184
f 2604/3993/2183 2606/3989/2185 2605/4004/2184 2603/4005/2182
f 2601/3998/2180 2604/4006/2183 2603/3975/2182 2602/3955/2181
f 2616/3974/2195 2600/3973/2179 2586/4007/2165 2601/4008/2180
f 2588/4009/2167 2586/4007/2165 2600/3973/2179 2598/3972/2177 2596/4010/2175 2594/4011/2173 2592/4012/2171 2590/4013/2169
f 2585/4014/2164 2587/3977/2166 2589/3957/2168 2591/3960/2170 2593/3962/2172 2595/4015/2174 2597/4016/2176 2599/4017/2178
f 2617/4018/2196 2618/4019/2197 2620/4020/2199 2619/4021/2198
f 2618/4019/2197 2617/4018/2196 2621/4022/2200 2622/4023/2201
f 2622/4024/2201 2621/4025/2200 2623/4026/2162 2624/4027/2162
f 2619/4021/2198 2620/4020/2199 2626/4028/2202 2625/4029/2202
f 2627/4030/2203 2628/4031/2204 2630/4032/2206 2629/4033/2205
f 2628/4031/2204 2627/4030/2203 2631/4034/2207 2632/4035/2208
f 2632/4036/2208 2631/4037/2207 2633/4038/2209 2634/4039/2209
f 2629/4040/2205 2630/4041/2206 2636/4042/2210 2635/4043/2210
f 2637/4044/2211 2638/4045/2212 2640/4046/2214 2639/4047/2213
f 2638/4048/2212 2637/4049/2211 2641/4050/2215 2642/4051/2216
f 2642/4052/2216 2641/4053/2215 2643/4054/2217 2644/4055/2218
f 2639/4056/2213 2640/4057/2214 2646/4058/2219 2645/4059/2219
f 2644/4060/2218 2643/4061/2217 2647/4062/2220 2648/4063/2220
f 2663/4064/2235 2679/4065/2251 2666/4066/2238 2649/4067/2221
f 2653/4068/2225 2669/4069/2241 2671/4070/2243 2655/4071/2227
f 2655/4071/2227 2671/4070/2243 2673/4072/2245 2657/4073/2229
f 2657/4074/2229 2673/4075/2245 2675/4076/2247 2659/4077/2231
f 2659/4077/2231 2675/4076/2247 2677/4078/2249 2661/4079/2233
f 2661/4079/2233 2677/4078/2249 2679/4080/2251 2663/4081/2235
f 2678/4082/2250 2662/4083/2234 2664/4084/2236 2680/4085/2252
f 2649/4067/2221 2666/4066/2238 2667/4086/2239 2651/4087/2223
f 2651/4088/2223 2667/4089/2239 2669/4069/2241 2653/4068/2225
f 2676/4090/2248 2660/4091/2232 2662/4083/2234 2678/4082/2250
f 2674/4092/2246 2658/4093/2230 2660/4094/2232 2676/4095/2248
f 2672/4096/2244 2656/4097/2228 2658/4093/2230 2674/4092/2246
f 2670/4098/2242 2654/4099/2226 2656/4100/2228 2672/4101/2244
f 2668/4102/2240 2652/4103/2224 2654/4099/2226 2670/4098/2242
f 2665/4104/2237 2650/4105/2222 2652/4103/2224 2668/4102/2240
f 2680/4106/2252 2665/4107/2237 2666/4066/2238 2679/4065/2251
f 2678/4108/2250 2680/4109/2252 2679/4080/2251 2677/4078/2249
f 2676/4110/2248 2678/4108/2250 2677/4078/2249 2675/4076/2247
f 2674/4092/2246 2676/4095/2248 2675/4111/2247 2673/4112/2245
f 2672/4096/2244 2674/4092/2246 2673/4112/2245 2671/4113/2243
f 2670/4098/2242 2672/4101/2244 2671/4114/2243 2669/4115/2241
f 2668/4102/2240 2670/4098/2242 2669/4115/2241 2667/4116/2239
f 2665/4107/2237 2668/4117/2240 2667/4086/2239 2666/4066/2238
f 2680/4085/2252 2664/4084/2236 2650/4118/2222 2665/4119/2237
f 2652/4120/2224 2650/4118/2222 2664/4084/2236 2662/4083/2234 2660/4091/2232 2658/4121/2230 2656/4122/2228 2654/4123/2226
f 2649/4124/2221 2651/4088/2223 2653/4068/2225 2655/4071/2227 2657/4073/2229 2659/4125/2231 2661/4126/2233 2663/4127/2235
f 2695/4128/2235 2711/4129/2251 2698/4130/2238 2681/4131/2221
f 2685/4132/2225 2701/4133/2241 2703/4134/2243 2687/4135/2227
f 2687/4135/2227 2703/4134/2243 2705/4136/2245 2689/4137/2229
f 2689/4138/2229 2705/4139/2245 2707/4140/2247 2691/4141/2231
f 2691/4141/2231 2707/4140/2247 2709/4142/2249 2693/4143/2233
f 2693/4143/2233 2709/4142/2249 2711/4144/2251 2695/4145/2235
f 2710/4146/2250 2694/4147/2234 2696/4148/2236 2712/4149/2252
f 2681/4131/2221 2698/4130/2238 2699/4150/2253 2683/4151/2223
f 2683/4152/2223 2699/4153/2253 2701/4133/2241 2685/4132/2225
f 2708/4154/2248 2692/4155/2232 2694/4147/2234 2710/4146/2250
f 2706/4156/2246 2690/4157/2230 2692/4158/2232 2708/4159/2248
f 2704/4160/2244 2688/4161/2228 2690/4157/2230 2706/4156/2246
f 2702/4162/2242 2686/4163/2226 2688/4164/2228 2704/4165/2244
f 2700/4166/2240 2684/4167/2224 2686/4163/2226 2702/4162/2242
f 2697/4168/2237 2682/4169/2222 2684/4167/2224 2700/4166/2240
f 2712/4170/2252 2697/4171/2237 2698/4130/2238 2711/4129/2251
f 2710/4172/2250 2712/4173/2252 2711/4144/2251 2709/4142/2249
f 2708/4174/2248 2710/4172/2250 2709/4142/2249 2707/4140/2247
f 2706/4156/2246 2708/4159/2248 2707/4175/2247 2705/4176/2245
f 2704/4160/2244 2706/4156/2246 2705/4176/2245 2703/4177/2243
f 2702/4162/2242 2704/4165/2244 2703/4178/2243 2701/4179/2241
f 2700/4166/2240 2702/4162/2242 2701/4179/2241 2699/4180/2253
f 2697/4171/2237 2700/4181/2240 2699/4150/2253 2698/4130/2238
f 2712/4149/2252 2696/4148/2236 2682/4182/2222 2697/4183/2237
f 2684/4184/2224 2682/4182/2222 2696/4148/2236 2694/4147/2234 2692/4155/2232 2690/4185/2230 2688/4186/2228 2686/4187/2226
f 2681/4188/2221 2683/4152/2223 2685/4132/2225 2687/4135/2227 2689/4137/2229 2691/4189/2231 2693/4190/2233 2695/4191/2235
f 2713/4192/2254 2714/4193/2255 2716/4194/2257 2715/4195/2256
f 2714/4196/2255 2713/4197/2254 2717/4198/2258 2718/4199/2259
f 2718/4199/2259 2717/4198/2258 2719/4200/2260 2720/4201/2260
f 2715/4195/2256 2716/4194/2257 2722/4202/2261 2721/4203/2261
f 2723/4204/2262 2724/4205/2263 2726/4206/2265 2725/4207/2264
f 2724/4208/2263 2723/4209/2262 2727/4210/2266 2728/4211/2267
f 2728/4211/2267 2727/4210/2266 2729/4212/2268 2730/4213/2268
f 2725/4214/2264 2726/4215/2265 2732/4216/2269 2731/4217/2269
f 2733/4218/2270 2734/4219/2271 2736/4220/2273 2735/4221/2272
f 2734/4222/2271 2733/4223/2270 2737/4224/2274 2738/4225/2275
f 2738/4226/2275 2737/4227/2274 2739/4228/2276 2740/4229/2277
f 2735/4230/2272 2736/4231/2273 2742/4232/2279 2741/4233/2278
f 2740/4229/2277 2739/4228/2276 2743/4234/2280 2744/4235/2281
f 2742/4232/2279 2744/4236/2281 2743/4237/2280 2741/4233/2278
f 2745/4238/2282 2746/4239/2283 2748/4240/2285 2747/4241/2284
f 2746/4242/2283 2745/4243/2282 2749/4244/2286 2750/4245/2287
f 2750/4246/2287 2749/4247/2286 2751/4248/2288 2752/4249/2289
f 2747/4250/2284 2748/4251/2285 2754/4252/2291 2753/4253/2290
f 2752/4249/2289 2751/4248/2288 2755/4254/2292 2756/4255/2293
f 2754/4252/2291 2756/4256/2293 2755/4257/2292 2753/4253/2290
f 2757/4258/2294 2758/4259/2295 2760/4260/2296 2759/4261/2296
f 2759/4261/2296 2760/4260/2296 2762/4262/2297 2761/4263/2297
f 2761/4264/2297 2762/4265/2297 2764/4266/2298 2763/4267/2298
f 2763/4267/2298 2764/4266/2298 2766/4268/2300 2765/4269/2299
f 2765/4270/2299 2766/4271/2300 2768/4272/2302 2767/4273/2301
f 2767/4273/2301 2768/4272/2302 2770/4274/2304 2769/4275/2303
f 2769/4275/2303 2770/4274/2304 2772/4276/2306 2771/4277/2305
f 2771/4278/2305 2772/4279/2306 2758/4280/2295 2757/4281/2294
f 2773/4282/2307 2774/4283/2308 2776/4284/2310 2775/4285/2309
f 2775/4286/2309 2776/4287/2310 2778/4288/2312 2777/4289/2311
f 2777/4290/2311 2778/4291/2312 2780/4292/2314 2779/4293/2313
f 2779/4293/2313 2780/4292/2314 2782/4294/2316 2781/4295/2315
f 2781/4295/2315 2782/4294/2316 2784/4296/2318 2783/4297/2317
f 2791/4298/2325 2792/4299/2326 2786/4300/2320 2785/4301/2319
f 2789/4302/2323 2790/4303/2324 2788/4304/2322 2787/4305/2321
f 2787/4305/2321 2788/4304/2322 2774/4283/2308 2773/4282/2307
f 2785/4301/2319 2786/4300/2320 2790/4306/2324 2789/4307/2323
f 2783/4308/2317 2784/4309/2318 2792/4299/2326 2791/4298/2325
f 2797/4310/2331 2798/4311/2332 2796/4312/2330 2795/4313/2329
f 2793/4314/2327 2794/4315/2328 2798/4311/2332 2797/4310/2331
f 2793/4314/2327 2797/4310/2331 2800/4316/2333 2799/4317/2333
f 2797/4310/2331 2795/4313/2329 2801/4318/2334 2802/4319/2334
f 2794/4315/2328 2793/4314/2327 2803/4320/2335 2804/4321/2335
f 2795/4313/2329 2796/4312/2330 2806/4322/2336 2805/4323/2336
f 2798/4311/2332 2794/4315/2328 2807/4324/2337 2809/4325/2339
f 2796/4312/2330 2798/4311/2332 2809/4325/2339 2808/4326/2338
f 2814/4327/2340 2815/4328/2340 2813/4329/2340 2812/4330/2340
f 2810/4331/2340 2811/4332/2340 2815/4328/2340 2814/4327/2340
f 2810/4331/2340 2814/4327/2340 2817/4333/2340 2816/4334/2340
f 2814/4327/2340 2812/4330/2340 2818/4335/2340 2819/4336/2340
f 2811/4332/2340 2810/4331/2340 2820/4337/2340 2821/4338/2340
f 2812/4330/2340 2813/4329/2340 2823/4339/2340 2822/4340/2340
f 2815/4328/2340 2811/4332/2340 2824/4341/2340 2826/4342/2340
f 2813/4329/2340 2815/4328/2340 2826/4342/2340 2825/4343/2340
f 2827/4344/2341 2828/4345/2342 2830/4346/2344 2829/4347/2343
f 2848/4348/2360 2847/4349/2359 2852/4350/2364 2849/4351/2361
f 2831/4352/2345 2832/4353/2346 2834/4354/2348 2833/4355/2347
f 2833/4355/2347 2834/4354/2348 2836/4356/2350 2835/4357/2349
f 2835/4358/2349 2836/4359/2350 2838/4360/2352 2837/4361/2351
f 2837/4361/2351 2838/4360/2352 2840/4362/2353 2839/4363/2353
f 2828/4364/2342 2827/4365/2341 2841/4366/2354 2842/4367/2355
f 2842/4367/2355 2841/4366/2354 2843/4368/2356 2844/4369/2356
f 2829/4370/2343 2830/4371/2344 2846/4372/2358 2845/4373/2357
f 2845/4374/2357 2846/4375/2358 2847/4349/2359 2848/4348/2360
f 2851/4376/2363 2850/4377/2362 2849/4351/2361 2852/4350/2364
f 2850/4377/2362 2851/4376/2363 2832/4353/2346 2831/4352/2345
f 2885/4378/2397 2888/4379/2400 2887/4380/2399 2886/4381/2398
f 2886/4381/2398 2887/4380/2399 2890/4382/2402 2889/4383/2401
f 2889/4384/2401 2890/4385/2402 2892/4386/2404 2891/4387/2403
f 2891/4387/2403 2892/4386/2404 2894/4388/2406 2893/4389/2405
f 2893/4389/2405 2894/4388/2406 2896/4390/2408 2895/4391/2407
f 2895/4391/2407 2896/4390/2408 2898/4392/2410 2897/4393/2409
f 2897/4394/2409 2898/4395/2410 2900/4396/2412 2899/4397/2411
f 2899/4397/2411 2900/4396/2412 2902/4398/2414 2901/4399/2413
f 2901/4399/2413 2902/4398/2414 2904/4400/2416 2903/4401/2415
f 2903/4401/2415 2904/4400/2416 2906/4402/2418 2905/4403/2417
f 2905/4404/2417 2906/4405/2418 2908/4406/2420 2907/4407/2419
f 2907/4407/2419 2908/4406/2420 2910/4408/2422 2909/4409/2421
f 2909/4409/2421 2910/4408/2422 2912/4410/2424 2911/4411/2423
f 2911/4411/2423 2912/4410/2424 2914/4412/2426 2913/4413/2425
f 2884/4414/2396 2882/4415/2394 2881/4416/2393 2883/4417/2395
f 2913/4418/2425 2914/4419/2426 2916/4420/2428 2915/4421/2427
f 2915/4421/2427 2916/4420/2428 2888/4379/2400 2885/4378/2397
f 2854/4422/2366 2884/4414/2396 2883/4417/2395 2853/4423/2365
f 2855/4424/2367 2853/4425/2365 2885/4426/2397 2886/4427/2398
f 2854/4428/2366 2856/4429/2368 2887/4430/2399 2888/4431/2400
f 2857/4432/2369 2855/4424/2367 2886/4427/2398 2889/4433/2401
f 2856/4429/2368 2858/4434/2370 2890/4435/2402 2887/4430/2399
f 2859/4436/2371 2857/4432/2369 2889/4433/2401 2891/4437/2403
f 2858/4434/2370 2860/4438/2372 2892/4439/2404 2890/4435/2402
f 2861/4440/2373 2859/4436/2371 2891/4437/2403 2893/4441/2405
f 2860/4438/2372 2862/4442/2374 2894/4443/2406 2892/4439/2404
f 2863/4444/2375 2861/4440/2373 2893/4441/2405 2895/4445/2407
f 2862/4442/2374 2864/4446/2376 2896/4447/2408 2894/4443/2406
f 2865/4448/2377 2863/4444/2375 2895/4445/2407 2897/4449/2409
f 2864/4446/2376 2866/4450/2378 2898/4451/2410 2896/4447/2408
f 2867/4452/2379 2865/4448/2377 2897/4449/2409 2899/4453/2411
f 2866/4450/2378 2868/4454/2380 2900/4455/2412 2898/4451/2410
f 2869/4456/2381 2867/4452/2379 2899/4453/2411 2901/4457/2413
f 2868/4454/2380 2870/4458/2382 2902/4459/2414 2900/4455/2412
f 2871/4460/2383 2869/4456/2381 2901/4457/2413 2903/4461/2415
f 2870/4458/2382 2872/4462/2384 2904/4463/2416 2902/4459/2414
f 2873/4464/2385 2871/4460/2383 2903/4461/2415 2905/4465/2417
f 2872/4462/2384 2874/4466/2386 2906/4467/2418 2904/4463/2416
f 2875/4468/2387 2873/4464/2385 2905/4465/2417 2907/4469/2419
f 2874/4466/2386 2876/4470/2388 2908/4471/2420 2906/4467/2418
f 2877/4472/2389 2875/4468/2387 2907/4469/2419 2909/4473/2421
f 2876/4470/2388 2878/4474/2390 2910/4475/2422 2908/4471/2420
f 2879/4476/2391 2877/4472/2389 2909/4473/2421 2911/4477/2423
f 2878/4474/2390 2880/4478/2392 2912/4479/2424 2910/4475/2422
f 2881/4480/2393 2879/4476/2391 2911/4477/2423 2913/4481/2425
f 2880/4478/2392 2882/4482/2394 2914/4483/2426 2912/4479/2424
f 2883/4484/2395 2881/4480/2393 2913/4481/2425 2915/4485/2427
f 2882/4482/2394 2884/4486/2396 2916/4487/2428 2914/4483/2426
f 2853/4425/2365 2883/4484/2395 2915/4485/2427 2885/4426/2397
f 2884/4486/2396 2854/4428/2366 2888/4431/2400 2916/4487/2428
f 2882/4488/2394 2880/4489/2392 2879/4490/2391 2881/4491/2393
f 2880/4489/2392 2878/4492/2390 2877/4493/2389 2879/4490/2391
f 2878/4492/2390 2876/4494/2388 2875/4495/2387 2877/4493/2389
f 2876/4494/2388 2874/4496/2386 2873/4497/2385 2875/4495/2387
f 2874/4498/2386 2872/4499/2384 2871/4500/2383 2873/4501/2385
f 2872/4499/2384 2870/4502/2382 2869/4503/2381 2871/4500/2383
f 2870/4502/2382 2868/4504/2380 2867/4505/2379 2869/4503/2381
f 2868/4504/2380 2866/4506/2378 2865/4507/2377 2867/4505/2379
f 2866/4508/2378 2864/4509/2376 2863/4510/2375 2865/4511/2377
f 2864/4509/2376 2862/4512/2374 2861/4513/2373 2863/4510/2375
f 2862/4512/2374 2860/4514/2372 2859/4515/2371 2861/4513/2373
f 2860/4514/2372 2858/4516/2370 2857/4517/2369 2859/4515/2371
f 2858/4518/2370 2856/4519/2368 2855/4520/2367 2857/4521/2369
f 2856/4519/2368 2854/4422/2366 2853/4423/2365 2855/4520/2367
f 2917/4522/2429 2918/4523/2430 2920/4524/2432 2919/4525/2431
f 2935/4526/2447 2936/4527/2448 2921/4528/2433 2922/4529/2434
f 2922/4530/2434 2921/4531/2433 2923/4532/2435 2924/4533/2436
f 2941/4534/2453 2940/4535/2452 2925/4536/2437 2926/4537/2438
f 2924/4533/2436 2923/4532/2435 2928/4538/2440 2927/4539/2439
f 2926/4537/2438 2925/4536/2437 2929/4540/2441 2930/4541/2442
f 3276/4542/2788 3275/4543/2787 2931/4544/2443 2932/4545/2444
f 2920/4524/2432 2932/4546/2444 2931/4547/2443 2919/4525/2431
f 2937/4548/2449 2933/4549/2445 2946/4550/2458 2945/4551/2457
f 2922/4552/2434 2934/4553/2446 2948/4554/2460 2947/4555/2459
f 2918/4523/2430 2917/4522/2429 2936/4527/2448 2935/4526/2447
f 2938/4556/2450 2942/4557/2454 2951/4558/2463 2954/4559/2466
f 2942/4557/2454 2939/4560/2451 2952/4561/2464 2951/4558/2463
f 2927/4562/2439 2928/4563/2440 2940/4535/2452 2941/4534/2453
f 2943/4564/2455 2947/4555/2459 2948/4554/2460 2945/4565/2457
f 2944/4566/2456 2943/4567/2455 2945/4568/2457 2946/4569/2458
f 2934/4570/2446 2937/4571/2449 2945/4572/2457 2948/4573/2460
f 2935/4574/2447 2922/4575/2434 2947/4576/2459 2943/4577/2455
f 2918/4578/2430 2935/4574/2447 2943/4577/2455 2944/4579/2456
f 2933/4580/2445 2918/4581/2430 2944/4582/2456 2946/4583/2458
f 2949/4584/2461 2953/4585/2465 2954/4586/2466 2951/4587/2463
f 2950/4588/2462 2949/4584/2461 2951/4587/2463 2952/4589/2464
f 2927/4590/2439 2941/4591/2453 2949/4592/2461 2950/4593/2462
f 2939/4594/2451 2927/4595/2439 2950/4596/2462 2952/4597/2464
f 2941/4591/2453 2926/4598/2438 2953/4599/2465 2949/4592/2461
f 2926/4600/2438 2938/4601/2450 2954/4602/2466 2953/4603/2465
f 2987/4604/2499 2990/4605/2502 2989/4606/2501 2988/4607/2500
f 2988/4607/2500 2989/4606/2501 2992/4608/2504 2991/4609/2503
f 2991/4610/2503 2992/4611/2504 2994/4612/2506 2993/4613/2505
f 2993/4613/2505 2994/4612/2506 2996/4614/2508 2995/4615/2507
f 2995/4615/2507 2996/4614/2508 2998/4616/2510 2997/4617/2509
f 2997/4617/2509 2998/4616/2510 3000/4618/2512 2999/4619/2511
f 2999/4620/2511 3000/4621/2512 3002/4622/2514 3001/4623/2513
f 3001/4623/2513 3002/4622/2514 3004/4624/2516 3003/4625/2515
f 3003/4625/2515 3004/4624/2516 3006/4626/2518 3005/4627/2517
f 3005/4627/2517 3006/4626/2518 3008/4628/2520 3007/4629/2519
f 3007/4630/2519 3008/4631/2520 3010/4632/2522 3009/4633/2521
f 3009/4633/2521 3010/4632/2522 3012/4634/2524 3011/4635/2523
f 3011/4635/2523 3012/4634/2524 3014/4636/2526 3013/4637/2525
f 3013/4637/2525 3014/4636/2526 3016/4638/2528 3015/4639/2527
f 2986/4640/2498 2984/4641/2496 2983/4642/2495 2985/4643/2497
f 3015/4644/2527 3016/4645/2528 3018/4646/2530 3017/4647/2529
f 3017/4647/2529 3018/4646/2530 2990/4605/2502 2987/4604/2499
f 2956/4648/2468 2986/4640/2498 2985/4643/2497 2955/4649/2467
f 2957/4650/2469 2955/4651/2467 2987/4652/2499 2988/4653/2500
f 2956/4654/2468 2958/4655/2470 2989/4656/2501 2990/4657/2502
f 2959/4658/2471 2957/4650/2469 2988/4653/2500 2991/4659/2503
f 2958/4655/2470 2960/4660/2472 2992/4661/2504 2989/4656/2501
f 2961/4662/2473 2959/4658/2471 2991/4659/2503 2993/4663/2505
f 2960/4660/2472 2962/4664/2474 2994/4665/2506 2992/4661/2504
f 2963/4666/2475 2961/4662/2473 2993/4663/2505 2995/4667/2507
f 2962/4664/2474 2964/4668/2476 2996/4669/2508 2994/4665/2506
f 2965/4670/2477 2963/4666/2475 2995/4667/2507 2997/4671/2509
f 2964/4668/2476 2966/4672/2478 2998/4673/2510 2996/4669/2508
f 2967/4674/2479 2965/4670/2477 2997/4671/2509 2999/4675/2511
f 2966/4672/2478 2968/4676/2480 3000/4677/2512 2998/4673/2510
f 2969/4678/2481 2967/4674/2479 2999/4675/2511 3001/4679/2513
f 2968/4676/2480 2970/4680/2482 3002/4681/2514 3000/4677/2512
f 2971/4682/2483 2969/4678/2481 3001/4679/2513 3003/4683/2515
f 2970/4680/2482 2972/4684/2484 3004/4685/2516 3002/4681/2514
f 2973/4686/2485 2971/4682/2483 3003/4683/2515 3005/4687/2517
f 2972/4684/2484 2974/4688/2486 3006/4689/2518 3004/4685/2516
f 2975/4690/2487 2973/4686/2485 3005/4687/2517 3007/4691/2519
f 2974/4688/2486 2976/4692/2488 3008/4693/2520 3006/4689/2518
f 2977/4694/2489 2975/4690/2487 3007/4691/2519 3009/4695/2521
f 2976/4692/2488 2978/4696/2490 3010/4697/2522 3008/4693/2520
f 2979/4698/2491 2977/4694/2489 3009/4695/2521 3011/4699/2523
f 2978/4696/2490 2980/4700/2492 3012/4701/2524 3010/4697/2522
f 2981/4702/2493 2979/4698/2491 3011/4699/2523 3013/4703/2525
f 2980/4700/2492 2982/4704/2494 3014/4705/2526 3012/4701/2524
f 2983/4706/2495 2981/4702/2493 3013/4703/2525 3015/4707/2527
f 2982/4704/2494 2984/4708/2496 3016/4709/2528 3014/4705/2526
f 2985/4710/2497 2983/4706/2495 3015/4707/2527 3017/4711/2529
f 2984/4708/2496 2986/4712/2498 3018/4713/2530 3016/4709/2528
f 2955/4651/2467 2985/4710/2497 3017/4711/2529 2987/4652/2499
f 2986/4712/2498 2956/4654/2468 2990/4657/2502 3018/4713/2530
f 2984/4714/2496 2982/4715/2494 2981/4716/2493 2983/4717/2495
f 2982/4715/2494 2980/4718/2492 2979/4719/2491 2981/4716/2493
f 2980/4718/2492 2978/4720/2490 2977/4721/2489 2979/4719/2491
f 2978/4720/2490 2976/4722/2488 2975/4723/2487 2977/4721/2489
f 2976/4724/2488 2974/4725/2486 2973/4726/2485 2975/4727/2487
f 2974/4725/2486 2972/4728/2484 2971/4729/2483 2973/4726/2485
f 2972/4728/2484 2970/4730/2482 2969/4731/2481 2971/4729/2483
f 2970/4730/2482 2968/4732/2480 2967/4733/2479 2969/4731/2481
f 2968/4734/2480 2966/4735/2478 2965/4736/2477 2967/4737/2479
f 2966/4735/2478 2964/4738/2476 2963/4739/2475 2965/4736/2477
f 2964/4738/2476 2962/4740/2474 2961/4741/2473 2963/4739/2475
f 2962/4740/2474 2960/4742/2472 2959/4743/2471 2961/4741/2473
f 2960/4744/2472 2958/4745/2470 2957/4746/2469 2959/4747/2471
f 2958/4745/2470 2956/4648/2468 2955/4649/2467 2957/4746/2469
f 3051/4748/2563 3054/4749/2566 3053/4750/2565 3052/4751/2564
f 3052/4751/2564 3053/4750/2565 3056/4752/2568 3055/4753/2567
f 3055/4754/2567 3056/4755/2568 3058/4756/2570 3057/4757/2569
f 3057/4757/2569 3058/4756/2570 3060/4758/2572 3059/4759/2571
f 3059/4759/2571 3060/4758/2572 3062/4760/2574 3061/4761/2573
f 3061/4761/2573 3062/4760/2574 3064/4762/2576 3063/4763/2575
f 3063/4764/2575 3064/4765/2576 3066/4766/2578 3065/4767/2577
f 3065/4767/2577 3066/4766/2578 3068/4768/2580 3067/4769/2579
f 3067/4769/2579 3068/4768/2580 3070/4770/2582 3069/4771/2581
f 3069/4771/2581 3070/4770/2582 3072/4772/2584 3071/4773/2583
f 3071/4774/2583 3072/4775/2584 3074/4776/2586 3073/4777/2585
f 3073/4777/2585 3074/4776/2586 3076/4778/2588 3075/4779/2587
f 3075/4779/2587 3076/4778/2588 3078/4780/2590 3077/4781/2589
f 3077/4781/2589 3078/4780/2590 3080/4782/2592 3079/4783/2591
f 3050/4784/2562 3048/4785/2560 3047/4786/2559 3049/4787/2561
f 3079/4788/2591 3080/4789/2592 3082/4790/2594 3081/4791/2593
f 3081/4791/2593 3082/4790/2594 3054/4749/2566 3051/4748/2563
f 3020/4792/2532 3050/4784/2562 3049/4787/2561 3019/4793/2531
f 3021/4794/2533 3019/4795/2531 3051/4796/2563 3052/4797/2564
f 3020/4798/2532 3022/4799/2534 3053/4800/2565 3054/4801/2566
f 3023/4802/2535 3021/4794/2533 3052/4797/2564 3055/4803/2567
f 3022/4799/2534 3024/4804/2536 3056/4805/2568 3053/4800/2565
f 3025/4806/2537 3023/4802/2535 3055/4803/2567 3057/4807/2569
f 3024/4804/2536 3026/4808/2538 3058/4809/2570 3056/4805/2568
f 3027/4810/2539 3025/4806/2537 3057/4807/2569 3059/4811/2571
f 3026/4808/2538 3028/4812/2540 3060/4813/2572 3058/4809/2570
f 3029/4814/2541 3027/4810/2539 3059/4811/2571 3061/4815/2573
f 3028/4812/2540 3030/4816/2542 3062/4817/2574 3060/4813/2572
f 3031/4818/2543 3029/4814/2541 3061/4815/2573 3063/4819/2575
f 3030/4816/2542 3032/4820/2544 3064/4821/2576 3062/4817/2574
f 3033/4822/2545 3031/4818/2543 3063/4819/2575 3065/4823/2577
f 3032/4820/2544 3034/4824/2546 3066/4825/2578 3064/4821/2576
f 3035/4826/2547 3033/4822/2545 3065/4823/2577 3067/4827/2579
f 3034/4824/2546 3036/4828/2548 3068/4829/2580 3066/4825/2578
f 3037/4830/2549 3035/4826/2547 3067/4827/2579 3069/4831/2581
f 3036/4828/2548 3038/4832/2550 3070/4833/2582 3068/4829/2580
f 3039/4834/2551 3037/4830/2549 3069/4831/2581 3071/4835/2583
f 3038/4832/2550 3040/4836/2552 3072/4837/2584 3070/4833/2582
f 3041/4838/2553 3039/4834/2551 3071/4835/2583 3073/4839/2585
f 3040/4836/2552 3042/4840/2554 3074/4841/2586 3072/4837/2584
f 3043/4842/2555 3041/4838/2553 3073/4839/2585 3075/4843/2587
f 3042/4840/2554 3044/4844/2556 3076/4845/2588 3074/4841/2586
f 3045/4846/2557 3043/4842/2555 3075/4843/2587 3077/4847/2589
f 3044/4844/2556 3046/4848/2558 3078/4849/2590 3076/4845/2588
f 3047/4850/2559 3045/4846/2557 3077/4847/2589 3079/4851/2591
f 3046/4848/2558 3048/4852/2560 3080/4853/2592 3078/4849/2590
f 3049/4854/2561 3047/4850/2559 3079/4851/2591 3081/4855/2593
f 3048/4852/2560 3050/4856/2562 3082/4857/2594 3080/4853/2592
f 3019/4795/2531 3049/4854/2561 3081/4855/2593 3051/4796/2563
f 3050/4856/2562 3020/4798/2532 3054/4801/2566 3082/4857/2594
f 3048/4858/2560 3046/4859/2558 3045/4860/2557 3047/4861/2559
f 3046/4859/2558 3044/4862/2556 3043/4863/2555 3045/4860/2557
f 3044/4862/2556 3042/4864/2554 3041/4865/2553 3043/4863/2555
f 3042/4864/2554 3040/4866/2552 3039/4867/2551 3041/4865/2553
f 3040/4868/2552 3038/4869/2550 3037/4870/2549 3039/4871/2551
f 3038/4869/2550 3036/4872/2548 3035/4873/2547 3037/4870/2549
f 3036/4872/2548 3034/4874/2546 3033/4875/2545 3035/4873/2547
f 3034/4874/2546 3032/4876/2544 3031/4877/2543 3033/4875/2545
f 3032/4878/2544 3030/4879/2542 3029/4880/2541 3031/4881/2543
f 3030/4879/2542 3028/4882/2540 3027/4883/2539 3029/4880/2541
f 3028/4882/2540 3026/4884/2538 3025/4885/2537 3027/4883/2539
f 3026/4884/2538 3024/4886/2536 3023/4887/2535 3025/4885/2537
f 3024/4888/2536 3022/4889/2534 3021/4890/2533 3023/4891/2535
f 3022/4889/2534 3020/4792/2532 3019/4793/2531 3021/4890/2533
f 3115/4892/2627 3118/4893/2630 3117/4894/2629 3116/4895/2628
f 3116/4895/2628 3117/4894/2629 3120/4896/2632 3119/4897/2631
f 3119/4897/2631 3120/4896/2632 3122/4898/2634 3121/4899/2633
f 3121/4900/2633 3122/4901/2634 3124/4902/2636 3123/4903/2635
f 3123/4903/2635 3124/4902/2636 3126/4904/2638 3125/4905/2637
f 3125/4905/2637 3126/4904/2638 3128/4906/2640 3127/4907/2639
f 3127/4908/2639 3128/4909/2640 3130/4910/2642 3129/4911/2641
f 3129/4911/2641 3130/4910/2642 3132/4912/2644 3131/4913/2643
f 3131/4913/2643 3132/4912/2644 3134/4914/2646 3133/4915/2645
f 3133/4915/2645 3134/4914/2646 3136/4916/2648 3135/4917/2647
f 3135/4917/2647 3136/4916/2648 3138/4918/2650 3137/4919/2649
f 3137/4920/2649 3138/4921/2650 3140/4922/2652 3139/4923/2651
f 3139/4923/2651 3140/4922/2652 3142/4924/2654 3141/4925/2653
f 3141/4925/2653 3142/4924/2654 3144/4926/2656 3143/4927/2655
f 3114/4928/2626 3112/4929/2624 3111/4930/2623 3113/4931/2625
f 3143/4932/2655 3144/4933/2656 3146/4934/2658 3145/4935/2657
f 3145/4935/2657 3146/4934/2658 3118/4893/2630 3115/4892/2627
f 3084/4936/2596 3114/4928/2626 3113/4931/2625 3083/4937/2595
f 3085/4938/2597 3083/4939/2595 3115/4940/2627 3116/4941/2628
f 3084/4942/2596 3086/4943/2598 3117/4944/2629 3118/4945/2630
f 3087/4946/2599 3085/4938/2597 3116/4941/2628 3119/4947/2631
f 3086/4943/2598 3088/4948/2600 3120/4949/2632 3117/4944/2629
f 3089/4950/2601 3087/4946/2599 3119/4947/2631 3121/4951/2633
f 3088/4948/2600 3090/4952/2602 3122/4953/2634 3120/4949/2632
f 3091/4954/2603 3089/4950/2601 3121/4951/2633 3123/4955/2635
f 3090/4952/2602 3092/4956/2604 3124/4957/2636 3122/4953/2634
f 3093/4958/2605 3091/4954/2603 3123/4955/2635 3125/4959/2637
f 3092/4956/2604 3094/4960/2606 3126/4961/2638 3124/4957/2636
f 3095/4962/2607 3093/4958/2605 3125/4959/2637 3127/4963/2639
f 3094/4960/2606 3096/4964/2608 3128/4965/2640 3126/4961/2638
f 3097/4966/2609 3095/4962/2607 3127/4963/2639 3129/4967/2641
f 3096/4964/2608 3098/4968/2610 3130/4969/2642 3128/4965/2640
f 3099/4970/2611 3097/4966/2609 3129/4967/2641 3131/4971/2643
f 3098/4968/2610 3100/4972/2612 3132/4973/2644 3130/4969/2642
f 3101/4974/2613 3099/4970/2611 3131/4971/2643 3133/4975/2645
f 3100/4972/2612 3102/4976/2614 3134/4977/2646 3132/4973/2644
f 3103/4978/2615 3101/4974/2613 3133/4975/2645 3135/4979/2647
f 3102/4976/2614 3104/4980/2616 3136/4981/2648 3134/4977/2646
f 3105/4982/2617 3103/4978/2615 3135/4979/2647 3137/4983/2649
f 3104/4980/2616 3106/4984/2618 3138/4985/2650 3136/4981/2648
f 3107/4986/2619 3105/4982/2617 3137/4983/2649 3139/4987/2651
f 3106/4984/2618 3108/4988/2620 3140/4989/2652 3138/4985/2650
f 3109/4990/2621 3107/4986/2619 3139/4987/2651 3141/4991/2653
f 3108/4988/2620 3110/4992/2622 3142/4993/2654 3140/4989/2652
f 3111/4994/2623 3109/4990/2621 3141/4991/2653 3143/4995/2655
f 3110/4992/2622 3112/4996/2624 3144/4997/2656 3142/4993/2654
f 3113/4998/2625 3111/4994/2623 3143/4995/2655 3145/4999/2657
f 3112/4996/2624 3114/5000/2626 3146/5001/2658 3144/4997/2656
f 3083/4939/2595 3113/4998/2625 3145/4999/2657 3115/4940/2627
f 3114/5000/2626 3084/4942/2596 3118/4945/2630 3146/5001/2658
f 3112/5002/2624 3110/5003/2622 3109/5004/2621 3111/5005/2623
f 3110/5003/2622 3108/5006/2620 3107/5007/2619 3109/5004/2621
f 3108/5006/2620 3106/5008/2618 3105/5009/2617 3107/5007/2619
f 3106/5010/2618 3104/5011/2616 3103/5012/2615 3105/5013/2617
f 3104/5011/2616 3102/5014/2614 3101/5015/2613 3103/5012/2615
f 3102/5014/2614 3100/5016/2612 3099/5017/2611 3101/5015/2613
f 3100/5016/2612 3098/5018/2610 3097/5019/2609 3099/5017/2611
f 3098/5018/2610 3096/5020/2608 3095/5021/2607 3097/5019/2609
f 3096/5022/2608 3094/5023/2606 3093/5024/2605 3095/5025/2607
f 3094/5023/2606 3092/5026/2604 3091/5027/2603 3093/5024/2605
f 3092/5026/2604 3090/5028/2602 3089/5029/2601 3091/5027/2603
f 3090/5030/2602 3088/5031/2600 3087/5032/2599 3089/5033/2601
f 3088/5031/2600 3086/5034/2598 3085/5035/2597 3087/5032/2599
f 3086/5034/2598 3084/4936/2596 3083/4937/2595 3085/5035/2597
f 3179/5036/2691 3182/5037/2694 3181/5038/2693 3180/5039/2692
f 3180/5039/2692 3181/5038/2693 3184/5040/2696 3183/5041/2695
f 3183/5042/2695 3184/5043/2696 3186/5044/2698 3185/5045/2697
f 3185/5045/2697 3186/5044/2698 3188/5046/2700 3187/5047/2699
f 3187/5047/2699 3188/5046/2700 3190/5048/2702 3189/5049/2701
f 3189/5049/2701 3190/5048/2702 3192/5050/2704 3191/5051/2703
f 3191/5052/2703 3192/5053/2704 3194/5054/2706 3193/5055/2705
f 3193/5055/2705 3194/5054/2706 3196/5056/2708 3195/5057/2707
f 3195/5057/2707 3196/5056/2708 3198/5058/2710 3197/5059/2709
f 3197/5059/2709 3198/5058/2710 3200/5060/2712 3199/5061/2711
f 3199/5062/2711 3200/5063/2712 3202/5064/2714 3201/5065/2713
f 3201/5065/2713 3202/5064/2714 3204/5066/2716 3203/5067/2715
f 3203/5067/2715 3204/5066/2716 3206/5068/2718 3205/5069/2717
f 3205/5069/2717 3206/5068/2718 3208/5070/2720 3207/5071/2719
f 3178/5072/2690 3176/5073/2688 3175/5074/2687 3177/5075/2689
f 3207/5076/2719 3208/5077/2720 3210/5078/2722 3209/5079/2721
f 3209/5079/2721 3210/5078/2722 3182/5037/2694 3179/5036/2691
f 3148/5080/2660 3178/5072/2690 3177/5075/2689 3147/5081/2659
f 3149/5082/2661 3147/5083/2659 3179/5084/2691 3180/5085/2692
f 3148/5086/2660 3150/5087/2662 3181/5088/2693 3182/5089/2694
f 3151/5090/2663 3149/5082/2661 3180/5085/2692 3183/5091/2695
f 3150/5087/2662 3152/5092/2664 3184/5093/2696 3181/5088/2693
f 3153/5094/2665 3151/5090/2663 3183/5091/2695 3185/5095/2697
f 3152/5092/2664 3154/5096/2666 3186/5097/2698 3184/5093/2696
f 3155/5098/2667 3153/5094/2665 3185/5095/2697 3187/5099/2699
f 3154/5096/2666 3156/5100/2668 3188/5101/2700 3186/5097/2698
f 3157/5102/2669 3155/5098/2667 3187/5099/2699 3189/5103/2701
f 3156/5100/2668 3158/5104/2670 3190/5105/2702 3188/5101/2700
f 3159/5106/2671 3157/5102/2669 3189/5103/2701 3191/5107/2703
f 3158/5104/2670 3160/5108/2672 3192/5109/2704 3190/5105/2702
f 3161/5110/2673 3159/5106/2671 3191/5107/2703 3193/5111/2705
f 3160/5108/2672 3162/5112/2674 3194/5113/2706 3192/5109/2704
f 3163/5114/2675 3161/5110/2673 3193/5111/2705 3195/5115/2707
f 3162/5112/2674 3164/5116/2676 3196/5117/2708 3194/5113/2706
f 3165/5118/2677 3163/5114/2675 3195/5115/2707 3197/5119/2709
f 3164/5116/2676 3166/5120/2678 3198/5121/2710 3196/5117/2708
f 3167/5122/2679 3165/5118/2677 3197/5119/2709 3199/5123/2711
f 3166/5120/2678 3168/5124/2680 3200/5125/2712 3198/5121/2710
f 3169/5126/2681 3167/5122/2679 3199/5123/2711 3201/5127/2713
f 3168/5124/2680 3170/5128/2682 3202/5129/2714 3200/5125/2712
f 3171/5130/2683 3169/5126/2681 3201/5127/2713 3203/5131/2715
f 3170/5128/2682 3172/5132/2684 3204/5133/2716 3202/5129/2714
f 3173/5134/2685 3171/5130/2683 3203/5131/2715 3205/5135/2717
f 3172/5132/2684 3174/5136/2686 3206/5137/2718 3204/5133/2716
f 3175/5138/2687 3173/5134/2685 3205/5135/2717 3207/5139/2719
f 3174/5136/2686 3176/5140/2688 3208/5141/2720 3206/5137/2718
f 3177/5142/2689 3175/5138/2687 3207/5139/2719 3209/5143/2721
f 3176/5140/2688 3178/5144/2690 3210/5145/2722 3208/5141/2720
f 3147/5083/2659 3177/5142/2689 3209/5143/2721 3179/5084/2691
f 3178/5144/2690 3148/5086/2660 3182/5089/2694 3210/5145/2722
f 3176/5146/2688 3174/5147/2686 3173/5148/2685 3175/5149/2687
f 3174/5147/2686 3172/5150/2684 3171/5151/2683 3173/5148/2685
f 3172/5150/2684 3170/5152/2682 3169/5153/2681 3171/5151/2683
f 3170/5152/2682 3168/5154/2680 3167/5155/2679 3169/5153/2681
f 3168/5156/2680 3166/5157/2678 3165/5158/2677 3167/5159/2679
f 3166/5157/2678 3164/5160/2676 3163/5161/2675 3165/5158/2677
f 3164/5160/2676 3162/5162/2674 3161/5163/2673 3163/5161/2675
f 3162/5162/2674 3160/5164/2672 3159/5165/2671 3161/5163/2673
f 3160/5166/2672 3158/5167/2670 3157/5168/2669 3159/5169/2671
f 3158/5167/2670 3156/5170/2668 3155/5171/2667 3157/5168/2669
f 3156/5170/2668 3154/5172/2666 3153/5173/2665 3155/5171/2667
f 3154/5172/2666 3152/5174/2664 3151/5175/2663 3153/5173/2665
f 3152/5176/2664 3150/5177/2662 3149/5178/2661 3151/5179/2663
f 3150/5177/2662 3148/5080/2660 3147/5081/2659 3149/5178/2661
f 3243/5180/2755 3246/5181/2758 3245/5182/2757 3244/5183/2756
f 3244/5183/2756 3245/5182/2757 3248/5184/2760 3247/5185/2759
f 3247/5186/2759 3248/5187/2760 3250/5188/2762 3249/5189/2761
f 3249/5189/2761 3250/5188/2762 3252/5190/2764 3251/5191/2763
f 3251/5191/2763 3252/5190/2764 3254/5192/2766 3253/5193/2765
f 3253/5193/2765 3254/5192/2766 3256/5194/2768 3255/5195/2767
f 3255/5196/2767 3256/5197/2768 3258/5198/2770 3257/5199/2769
f 3257/5199/2769 3258/5198/2770 3260/5200/2772 3259/5201/2771
f 3259/5201/2771 3260/5200/2772 3262/5202/2774 3261/5203/2773
f 3261/5203/2773 3262/5202/2774 3264/5204/2776 3263/5205/2775
f 3263/5206/2775 3264/5207/2776 3266/5208/2778 3265/5209/2777
f 3265/5209/2777 3266/5208/2778 3268/5210/2780 3267/5211/2779
f 3267/5211/2779 3268/5210/2780 3270/5212/2782 3269/5213/2781
f 3269/5213/2781 3270/5212/2782 3272/5214/2784 3271/5215/2783
f 3242/5216/2754 3240/5217/2752 3239/5218/2751 3241/5219/2753
f 3271/5220/2783 3272/5221/2784 3274/5222/2786 3273/5223/2785
f 3273/5223/2785 3274/5222/2786 3246/5181/2758 3243/5180/2755
f 3212/5224/2724 3242/5216/2754 3241/5219/2753 3211/5225/2723
f 3213/5226/2725 3211/5227/2723 3243/5228/2755 3244/5229/2756
f 3212/5230/2724 3214/5231/2726 3245/5232/2757 3246/5233/2758
f 3215/5234/2727 3213/5226/2725 3244/5229/2756 3247/5235/2759
f 3214/5231/2726 3216/5236/2728 3248/5237/2760 3245/5232/2757
f 3217/5238/2729 3215/5234/2727 3247/5235/2759 3249/5239/2761
f 3216/5236/2728 3218/5240/2730 3250/5241/2762 3248/5237/2760
f 3219/5242/2731 3217/5238/2729 3249/5239/2761 3251/5243/2763
f 3218/5240/2730 3220/5244/2732 3252/5245/2764 3250/5241/2762
f 3221/5246/2733 3219/5242/2731 3251/5243/2763 3253/5247/2765
f 3220/5244/2732 3222/5248/2734 3254/5249/2766 3252/5245/2764
f 3223/5250/2735 3221/5246/2733 3253/5247/2765 3255/5251/2767
f 3222/5248/2734 3224/5252/2736 3256/5253/2768 3254/5249/2766
f 3225/5254/2737 3223/5250/2735 3255/5251/2767 3257/5255/2769
f 3224/5252/2736 3226/5256/2738 3258/5257/2770 3256/5253/2768
f 3227/5258/2739 3225/5254/2737 3257/5255/2769 3259/5259/2771
f 3226/5256/2738 3228/5260/2740 3260/5261/2772 3258/5257/2770
f 3229/5262/2741 3227/5258/2739 3259/5259/2771 3261/5263/2773
f 3228/5260/2740 3230/5264/2742 3262/5265/2774 3260/5261/2772
f 3231/5266/2743 3229/5262/2741 3261/5263/2773 3263/5267/2775
f 3230/5264/2742 3232/5268/2744 3264/5269/2776 3262/5265/2774
f 3233/5270/2745 3231/5266/2743 3263/5267/2775 3265/5271/2777
f 3232/5268/2744 3234/5272/2746 3266/5273/2778 3264/5269/2776
f 3235/5274/2747 3233/5270/2745 3265/5271/2777 3267/5275/2779
f 3234/5272/2746 3236/5276/2748 3268/5277/2780 3266/5273/2778
f 3237/5278/2749 3235/5274/2747 3267/5275/2779 3269/5279/2781
f 3236/5276/2748 3238/5280/2750 3270/5281/2782 3268/5277/2780
f 3239/5282/2751 3237/5278/2749 3269/5279/2781 3271/5283/2783
f 3238/5280/2750 3240/5284/2752 3272/5285/2784 3270/5281/2782
f 3241/5286/2753 3239/5282/2751 3271/5283/2783 3273/5287/2785
f 3240/5284/2752 3242/5288/2754 3274/5289/2786 3272/5285/2784
f 3211/5227/2723 3241/5286/2753 3273/5287/2785 3243/5228/2755
f 3242/5288/2754 3212/5230/2724 3246/5233/2758 3274/5289/2786
f 3240/5290/2752 3238/5291/2750 3237/5292/2749 3239/5293/2751
f 3238/5291/2750 3236/5294/2748 3235/5295/2747 3237/5292/2749
f 3236/5294/2748 3234/5296/2746 3233/5297/2745 3235/5295/2747
f 3234/5296/2746 3232/5298/2744 3231/5299/2743 3233/5297/2745
f 3232/5300/2744 3230/5301/2742 3229/5302/2741 3231/5303/2743
f 3230/5301/2742 3228/5304/2740 3227/5305/2739 3229/5302/2741
f 3228/5304/2740 3226/5306/2738 3225/5307/2737 3227/5305/2739
f 3226/5306/2738 3224/5308/2736 3223/5309/2735 3225/5307/2737
f 3224/5310/2736 3222/5311/2734 3221/5312/2733 3223/5313/2735
f 3222/5311/2734 3220/5314/2732 3219/5315/2731 3221/5312/2733
f 3220/5314/2732 3218/5316/2730 3217/5317/2729 3219/5315/2731
f 3218/5316/2730 3216/5318/2728 3215/5319/2727 3217/5317/2729
f 3216/5320/2728 3214/5321/2726 3213/5322/2725 3215/5323/2727
f 3214/5321/2726 3212/5224/2724 3211/5225/2723 3213/5322/2725
f 2930/5324/2442 2929/5325/2441 3275/4543/2787 3276/4542/2788
f 3285/5326/2789 3282/5327/2789 3280/5328/2789 3284/5329/2789
f 3283/5330/2789 3278/5331/2789 3282/5327/2789 3285/5326/2789
f 3277/5332/2789 3283/5330/2789 3285/5326/2789 3281/5333/2789
f 3281/5333/2789 3285/5326/2789 3284/5329/2789 3279/5334/2789
f 3294/5335/2789 3291/5336/2789 3289/5337/2789 3293/5338/2789
f 3292/5339/2789 3287/5340/2789 3291/5336/2789 3294/5335/2789
f 3286/5341/2789 3292/5339/2789 3294/5335/2789 3290/5342/2789
f 3290/5342/2789 3294/5335/2789 3293/5338/2789 3288/5343/2789
f 3314/5344/2807 3300/5345/2795 3298/5346/2793 3313/5347/2806
f 3312/5348/2805 3296/5349/2791 3300/5345/2795 3314/5344/2807
f 3295/5350/2790 3299/5351/2794 3302/5352/2796 3301/5353/2796
f 3299/5351/2794 3297/5354/2792 3303/5355/2797 3304/5356/2797
f 3312/5348/2805 3295/5350/2790 3305/5357/2798 3315/5358/2808
f 3313/5347/2806 3298/5346/2793 3308/5359/2801 3316/5360/2809
f 3300/5345/2795 3296/5349/2791 3309/5361/2802 3311/5362/2804
f 3298/5346/2793 3300/5345/2795 3311/5362/2804 3310/5363/2803
f 3297/5354/2792 3313/5347/2806 3316/5360/2809 3307/5364/2800
f 3296/5349/2791 3312/5348/2805 3315/5358/2808 3306/5365/2799
f 3295/5350/2790 3312/5348/2805 3314/5344/2807 3299/5351/2794
f 3299/5351/2794 3314/5344/2807 3313/5347/2806 3297/5354/2792
f 3321/5366/2814 3322/5367/2815 3320/5368/2813 3319/5369/2812
f 3317/5370/2810 3318/5371/2811 3322/5367/2815 3321/5366/2814
f 3317/5370/2810 3321/5366/2814 3324/5372/2816 3323/5373/2816
f 3321/5366/2814 3319/5369/2812 3325/5374/2817 3326/5375/2817
f 3335/5376/2824 3334/5377/2823 3327/5378/2818 3328/5379/2818
f 3319/5369/2812 3320/5368/2813 3330/5380/2819 3329/5381/2819
f 3322/5367/2815 3318/5371/2811 3331/5382/2820 3333/5383/2822
f 3320/5368/2813 3322/5367/2815 3333/5383/2822 3332/5384/2821
f 3318/5371/2811 3317/5370/2810 3334/5377/2823 3335/5376/2824
f 3382/5385/2871 3347/5386/2836 3337/5387/2826 3372/5388/2861
f 3363/5389/2852 3340/5390/2829 3341/5391/2830 3374/5392/2863
f 3372/5388/2861 3337/5387/2826 3336/5393/2825 3370/5394/2859
f 3378/5395/2867 3345/5396/2834 3339/5397/2828 3361/5398/2850
f 3370/5399/2859 3336/5400/2825 3338/5401/2827 3368/5402/2857
f 3361/5398/2850 3339/5397/2828 3340/5390/2829 3363/5389/2852
f 3376/5403/2865 3344/5404/2833 3343/5405/2832 3367/5406/2856
f 3380/5407/2869 3346/5408/2835 3342/5409/2831 3365/5410/2854
f 3374/5411/2863 3341/5412/2830 3344/5404/2833 3376/5403/2865
f 3365/5410/2854 3342/5409/2831 3345/5413/2834 3378/5414/2867
f 3368/5402/2857 3338/5401/2827 3346/5408/2835 3380/5407/2869
f 3367/5415/2856 3343/5416/2832 3347/5386/2836 3382/5385/2871
f 3401/5417/2890 3353/5418/2842 3359/5419/2848 3407/5420/2896
f 3397/5421/2886 3349/5422/2838 3358/5423/2847 3406/5424/2895
f 3400/5425/2889 3352/5426/2841 3357/5427/2846 3405/5428/2894
f 3403/5429/2892 3355/5430/2844 3356/5431/2845 3404/5432/2893
f 3406/5424/2895 3358/5423/2847 3352/5426/2841 3400/5425/2889
f 3404/5433/2893 3356/5434/2845 3353/5435/2842 3401/5436/2890
f 3396/5437/2885 3348/5438/2837 3351/5439/2840 3399/5440/2888
f 3398/5441/2887 3350/5442/2839 3349/5422/2838 3397/5421/2886
f 3405/5443/2894 3357/5444/2846 3348/5438/2837 3396/5437/2885
f 3402/5445/2891 3354/5446/2843 3350/5447/2839 3398/5448/2887
f 3399/5440/2888 3351/5439/2840 3355/5430/2844 3403/5429/2892
f 3407/5420/2896 3359/5419/2848 3354/5446/2843 3402/5445/2891
f 3353/5418/2842 3366/5449/2855 3383/5450/2872 3359/5419/2848
f 3366/5451/2855 3367/5406/2856 3382/5452/2871 3383/5453/2872
f 3349/5422/2838 3369/5454/2858 3381/5455/2870 3358/5423/2847
f 3369/5454/2858 3368/5402/2857 3380/5407/2869 3381/5455/2870
f 3352/5426/2841 3364/5456/2853 3379/5457/2868 3357/5427/2846
f 3364/5456/2853 3365/5410/2854 3378/5414/2867 3379/5457/2868
f 3355/5430/2844 3375/5458/2864 3377/5459/2866 3356/5431/2845
f 3375/5460/2864 3374/5411/2863 3376/5403/2865 3377/5461/2866
f 3358/5423/2847 3381/5455/2870 3364/5456/2853 3352/5426/2841
f 3381/5455/2870 3380/5407/2869 3365/5410/2854 3364/5456/2853
f 3356/5434/2845 3377/5461/2866 3366/5451/2855 3353/5435/2842
f 3377/5461/2866 3376/5403/2865 3367/5406/2856 3366/5451/2855
f 3348/5438/2837 3360/5462/2849 3362/5463/2851 3351/5439/2840
f 3360/5462/2849 3361/5398/2850 3363/5389/2852 3362/5463/2851
f 3350/5442/2839 3371/5464/2860 3369/5454/2858 3349/5422/2838
f 3371/5464/2860 3370/5399/2859 3368/5402/2857 3369/5454/2858
f 3357/5444/2846 3379/5465/2868 3360/5462/2849 3348/5438/2837
f 3379/5465/2868 3378/5395/2867 3361/5398/2850 3360/5462/2849
f 3354/5446/2843 3373/5466/2862 3371/5467/2860 3350/5447/2839
f 3373/5466/2862 3372/5388/2861 3370/5394/2859 3371/5467/2860
f 3351/5439/2840 3362/5463/2851 3375/5458/2864 3355/5430/2844
f 3362/5463/2851 3363/5389/2852 3374/5392/2863 3375/5458/2864
f 3359/5419/2848 3383/5450/2872 3373/5466/2862 3354/5446/2843
f 3383/5450/2872 3382/5385/2871 3372/5388/2861 3373/5466/2862
f 3346/5408/2835 3338/5401/2827 3386/5468/2875 3394/5469/2883
f 3342/5409/2831 3346/5408/2835 3394/5469/2883 3390/5470/2879
f 3343/5405/2832 3344/5404/2833 3392/5471/2881 3391/5472/2880
f 3340/5390/2829 3339/5397/2828 3387/5473/2876 3388/5474/2877
f 3336/5393/2825 3337/5387/2826 3385/5475/2874 3384/5476/2873
f 3341/5391/2830 3340/5390/2829 3388/5474/2877 3389/5477/2878
f 3345/5413/2834 3342/5409/2831 3390/5470/2879 3393/5478/2882
f 3338/5401/2827 3336/5400/2825 3384/5479/2873 3386/5468/2875
f 3337/5387/2826 3347/5386/2836 3395/5480/2884 3385/5475/2874
f 3339/5397/2828 3345/5396/2834 3393/5481/2882 3387/5473/2876
f 3344/5404/2833 3341/5412/2830 3389/5482/2878 3392/5471/2881
f 3347/5386/2836 3343/5416/2832 3391/5483/2880 3395/5480/2884
f 3396/5437/2885 3399/5440/2888 3409/5484/2898 3408/5485/2897
f 3445/5486/2933 3444/5487/2932 3411/5488/2900 3410/5489/2899
f 3408/5485/2897 3409/5484/2898 3413/5490/2902 3412/5491/2901
f 3429/5492/2918 3428/5493/2917 3415/5494/2904 3414/5495/2903
f 3435/5496/2923 3434/5497/2922 3417/5498/2906 3416/5499/2905
f 3425/5500/2914 3424/5501/2913 3419/5502/2908 3418/5503/2907
f 3423/5504/2912 3422/5505/2911 3421/5506/2910 3420/5507/2909
f 3438/5508/2926 3439/5509/2927 3422/5505/2911 3423/5504/2912
f 3416/5499/2905 3417/5498/2906 3424/5501/2913 3425/5500/2914
f 3414/5495/2903 3415/5494/2904 3426/5510/2915 3427/5511/2916
f 3410/5489/2899 3411/5488/2900 3428/5512/2917 3429/5513/2918
f 3420/5507/2909 3421/5506/2910 3431/5514/2920 3430/5515/2919
f 3430/5515/2919 3431/5514/2920 3433/5516/2921 3432/5517/2921
f 3427/5518/2916 3426/5519/2915 3434/5497/2922 3435/5496/2923
f 3434/5497/2922 3426/5519/2915 3436/5520/2924 3437/5521/2925
f 3406/5424/2895 3437/5521/2925 3436/5520/2924 3397/5421/2886
f 3422/5505/2911 3439/5509/2927 3441/5522/2929 3440/5523/2928
f 3440/5524/2928 3441/5525/2929 3443/5526/2931 3442/5527/2930
f 3412/5528/2901 3413/5529/2902 3444/5487/2932 3445/5486/2933
f 3443/5526/2931 3445/5486/2933 3410/5489/2899 3442/5527/2930
f 3449/5530/2937 3448/5531/2936 3418/5532/2907 3419/5533/2908
f 3408/5485/2897 3412/5491/2901 3446/5534/2934 3447/5535/2935
f 3447/5535/2935 3446/5534/2934 3448/5531/2936 3449/5530/2937
f 3453/5536/2940 3452/5537/2939 3450/5538/2938 3451/5539/2938
f 3438/5508/2926 3423/5504/2912 3452/5537/2939 3453/5536/2940
f 3500/5540/2987 3490/5541/2977 3455/5542/2942 3465/5543/2952
f 3481/5544/2968 3492/5545/2979 3459/5546/2946 3458/5547/2945
f 3490/5548/2977 3488/5549/2975 3454/5550/2941 3455/5551/2942
f 3496/5552/2983 3479/5553/2966 3457/5554/2944 3463/5555/2950
f 3488/5549/2975 3486/5556/2973 3456/5557/2943 3454/5550/2941
f 3479/5553/2966 3481/5558/2968 3458/5559/2945 3457/5554/2944
f 3494/5560/2981 3485/5561/2972 3461/5562/2948 3462/5563/2949
f 3498/5564/2985 3483/5565/2970 3460/5566/2947 3464/5567/2951
f 3492/5545/2979 3494/5560/2981 3462/5563/2949 3459/5546/2946
f 3483/5565/2970 3496/5552/2983 3463/5555/2950 3460/5566/2947
f 3486/5556/2973 3498/5568/2985 3464/5569/2951 3456/5557/2943
f 3485/5570/2972 3500/5540/2987 3465/5543/2952 3461/5571/2948
f 3519/5572/3006 3525/5573/3012 3477/5574/2964 3471/5575/2958
f 3515/5576/3002 3524/5577/3011 3476/5578/2963 3467/5579/2954
f 3518/5580/3005 3523/5581/3010 3475/5582/2962 3470/5583/2957
f 3521/5584/3008 3522/5585/3009 3474/5586/2961 3473/5587/2960
f 3524/5577/3011 3518/5588/3005 3470/5589/2957 3476/5578/2963
f 3522/5585/3009 3519/5590/3006 3471/5591/2958 3474/5586/2961
f 3514/5592/3001 3517/5593/3004 3469/5594/2956 3466/5595/2953
f 3516/5596/3003 3515/5576/3002 3467/5579/2954 3468/5597/2955
f 3523/5581/3010 3514/5598/3001 3466/5599/2953 3475/5582/2962
f 3520/5600/3007 3516/5596/3003 3468/5597/2955 3472/5601/2959
f 3517/5593/3004 3521/5584/3008 3473/5587/2960 3469/5594/2956
f 3525/5573/3012 3520/5602/3007 3472/5603/2959 3477/5574/2964
f 3471/5575/2958 3477/5574/2964 3501/5604/2988 3484/5605/2971
f 3484/5605/2971 3501/5604/2988 3500/5540/2987 3485/5570/2972
f 3467/5579/2954 3476/5578/2963 3499/5606/2986 3487/5607/2974
f 3487/5607/2974 3499/5606/2986 3498/5568/2985 3486/5556/2973
f 3470/5583/2957 3475/5582/2962 3497/5608/2984 3482/5609/2969
f 3482/5609/2969 3497/5608/2984 3496/5552/2983 3483/5565/2970
f 3473/5587/2960 3474/5586/2961 3495/5610/2982 3493/5611/2980
f 3493/5611/2980 3495/5610/2982 3494/5560/2981 3492/5545/2979
f 3476/5578/2963 3470/5589/2957 3482/5612/2969 3499/5606/2986
f 3499/5606/2986 3482/5612/2969 3483/5613/2970 3498/5568/2985
f 3474/5614/2961 3471/5575/2958 3484/5605/2971 3495/5615/2982
f 3495/5610/2982 3484/5616/2971 3485/5561/2972 3494/5560/2981
f 3466/5595/2953 3469/5594/2956 3480/5617/2967 3478/5618/2965
f 3478/5619/2965 3480/5620/2967 3481/5558/2968 3479/5553/2966
f 3468/5597/2955 3467/5579/2954 3487/5607/2974 3489/5621/2976
f 3489/5621/2976 3487/5607/2974 3486/5556/2973 3488/5549/2975
f 3475/5622/2962 3466/5595/2953 3478/5618/2965 3497/5623/2984
f 3497/5608/2984 3478/5619/2965 3479/5553/2966 3496/5552/2983
f 3472/5603/2959 3468/5624/2955 3489/5625/2976 3491/5626/2978
f 3491/5627/2978 3489/5621/2976 3488/5549/2975 3490/5548/2977
f 3469/5594/2956 3473/5587/2960 3493/5611/2980 3480/5617/2967
f 3480/5617/2967 3493/5611/2980 3492/5545/2979 3481/5544/2968
f 3477/5574/2964 3472/5603/2959 3491/5626/2978 3501/5604/2988
f 3501/5604/2988 3491/5626/2978 3490/5541/2977 3500/5540/2987
f 3464/5569/2951 3512/5628/2999 3504/5629/2991 3456/5557/2943
f 3460/5566/2947 3508/5630/2995 3512/5631/2999 3464/5567/2951
f 3461/5562/2948 3509/5632/2996 3510/5633/2997 3462/5563/2949
f 3458/5559/2945 3506/5634/2993 3505/5635/2992 3457/5554/2944
f 3454/5550/2941 3502/5636/2989 3503/5637/2990 3455/5551/2942
f 3459/5546/2946 3507/5638/2994 3506/5639/2993 3458/5547/2945
f 3463/5555/2950 3511/5640/2998 3508/5630/2995 3460/5566/2947
f 3456/5557/2943 3504/5629/2991 3502/5636/2989 3454/5550/2941
f 3455/5542/2942 3503/5641/2990 3513/5642/3000 3465/5543/2952
f 3457/5554/2944 3505/5635/2992 3511/5640/2998 3463/5555/2950
f 3462/5563/2949 3510/5633/2997 3507/5638/2994 3459/5546/2946
f 3465/5543/2952 3513/5642/3000 3509/5643/2996 3461/5571/2948
f 3514/5592/3001 3526/5644/3013 3527/5645/3014 3517/5593/3004
f 3563/5646/3049 3528/5647/3015 3529/5648/3016 3562/5649/3048
f 3526/5644/3013 3530/5650/3017 3531/5651/3018 3527/5645/3014
f 3547/5652/3034 3532/5653/3019 3533/5654/3020 3546/5655/3033
f 3553/5656/3039 3534/5657/3021 3535/5658/3022 3552/5659/3038
f 3543/5660/3030 3536/5661/3023 3537/5662/3024 3542/5663/3029
f 3541/5664/3028 3538/5665/3025 3539/5666/3026 3540/5667/3027
f 3556/5668/3042 3541/5664/3028 3540/5667/3027 3557/5669/3043
f 3534/5657/3021 3543/5670/3030 3542/5671/3029 3535/5658/3022
f 3532/5653/3019 3545/5672/3032 3544/5673/3031 3533/5654/3020
f 3528/5674/3015 3547/5652/3034 3546/5655/3033 3529/5675/3016
f 3538/5665/3025 3548/5676/3035 3549/5677/3036 3539/5666/3026
f 3548/5676/3035 3550/5678/3037 3551/5679/3037 3549/5677/3036
f 3545/5680/3032 3553/5656/3039 3552/5659/3038 3544/5681/3031
f 3552/5659/3038 3555/5682/3041 3554/5683/3040 3544/5681/3031
f 3524/5577/3011 3515/5576/3002 3554/5683/3040 3555/5682/3041
f 3540/5667/3027 3558/5684/3044 3559/5685/3045 3557/5669/3043
f 3558/5684/3044 3560/5686/3046 3561/5687/3047 3559/5685/3045
f 3530/5650/3017 3563/5646/3049 3562/5649/3048 3531/5651/3018
f 3561/5687/3047 3560/5686/3046 3528/5647/3015 3563/5646/3049
f 3567/5688/3053 3537/5662/3024 3536/5661/3023 3566/5689/3052
f 3526/5644/3013 3565/5690/3051 3564/5691/3050 3530/5650/3017
f 3565/5690/3051 3567/5692/3053 3566/5693/3052 3564/5691/3050
f 3571/5694/3056 3569/5695/3054 3568/5696/3054 3570/5697/3055
f 3556/5698/3042 3571/5694/3056 3570/5697/3055 3541/5699/3028
f 3572/5700/3057 3573/5701/3058 3575/5702/3060 3574/5703/3059
f 3574/5703/3059 3575/5702/3060 3577/5704/3062 3576/5705/3061
f 3576/5706/3061 3577/5707/3062 3579/5708/3064 3578/5709/3063
f 3578/5709/3063 3579/5708/3064 3581/5710/3066 3580/5711/3065
f 3580/5712/3065 3581/5713/3066 3583/5714/3068 3582/5715/3067
f 3582/5715/3067 3583/5714/3068 3585/5716/3070 3584/5717/3069
f 3584/5717/3069 3585/5716/3070 3587/5718/3072 3586/5719/3071
f 3586/5720/3071 3587/5721/3072 3573/5722/3058 3572/5723/3057
f 3588/5724/3073 3589/5725/3074 3591/5726/3076 3590/5727/3075
f 3590/5727/3075 3591/5726/3076 3593/5728/3078 3592/5729/3077
f 3592/5729/3077 3593/5728/3078 3595/5730/3080 3594/5731/3079
f 3594/5732/3079 3595/5733/3080 3597/5734/3082 3596/5735/3081
f 3596/5736/3081 3597/5737/3082 3599/5738/3084 3598/5739/3083
f 3598/5739/3083 3599/5738/3084 3601/5740/3086 3600/5741/3085
f 3600/5741/3085 3601/5740/3086 3603/5742/3088 3602/5743/3087
f 3602/5744/3087 3603/5745/3088 3589/5746/3074 3588/5747/3073
f 3604/5748/3089 3605/5749/3090 3607/5750/3092 3606/5751/3091
f 3606/5751/3091 3607/5750/3092 3609/5752/3094 3608/5753/3093
f 3608/5753/3093 3609/5752/3094 3611/5754/3096 3610/5755/3095
f 3610/5756/3095 3611/5757/3096 3613/5758/3098 3612/5759/3097
f 3612/5759/3097 3613/5758/3098 3615/5760/3100 3614/5761/3099
f 3614/5762/3099 3615/5763/3100 3617/5764/3102 3616/5765/3101
f 3616/5765/3101 3617/5764/3102 3619/5766/3104 3618/5767/3103
f 3618/5768/3103 3619/5769/3104 3605/5770/3090 3604/5771/3089
f 3620/5772/3105 3621/5773/3106 3623/5774/3108 3622/5775/3107
f 3622/5775/3107 3623/5774/3108 3625/5776/3110 3624/5777/3109
f 3626/5778/3111 3627/5779/3112 3629/5780/3114 3628/5781/3113
f 3628/5782/3113 3629/5783/3114 3621/5784/3106 3620/5785/3105
f 3627/5779/3112 3626/5778/3111 3630/5786/3115 3631/5787/3116
f 3631/5787/3116 3630/5786/3115 3632/5788/3117 3633/5789/3118
f 3633/5789/3118 3632/5788/3117 3634/5790/3119 3635/5791/3120
f 3635/5791/3120 3634/5790/3119 3636/5792/3121 3637/5793/3122
f 3637/5794/3122 3636/5795/3121 3638/5796/3123 3639/5797/3124
f 3639/5797/3124 3638/5796/3123 3640/5798/3125 3641/5799/3126
f 3641/5800/3126 3640/5801/3125 3642/5802/3127 3643/5803/3128
f 3624/5777/3109 3625/5776/3110 3643/5803/3128 3642/5802/3127
f 3644/5804/3129 3645/5805/3130 3647/5806/3132 3646/5807/3131
f 3646/5808/3131 3647/5809/3132 3649/5810/3134 3648/5811/3133
f 3648/5811/3133 3649/5810/3134 3651/5812/3136 3650/5813/3135
f 3650/5814/3135 3651/5815/3136 3653/5816/3138 3652/5817/3137
f 3652/5817/3137 3653/5816/3138 3655/5818/3140 3654/5819/3139
f 3654/5820/3139 3655/5821/3140 3657/5822/3142 3656/5823/3141
f 3656/5823/3141 3657/5822/3142 3659/5824/3144 3658/5825/3143
f 3658/5826/3143 3659/5827/3144 3645/5805/3130 3644/5804/3129
f 3664/5828/3145 3665/5829/3145 3663/5830/3145 3662/5831/3145
f 3660/5832/3145 3661/5833/3145 3665/5829/3145 3664/5828/3145
f 3660/5832/3145 3664/5828/3145 3667/5834/3145 3666/5835/3145
f 3664/5828/3145 3662/5831/3145 3668/5836/3145 3669/5837/3145
f 3661/5833/3145 3660/5832/3145 3670/5838/3145 3671/5839/3145
f 3662/5831/3145 3663/5830/3145 3673/5840/3145 3672/5841/3145
f 3665/5829/3145 3661/5833/3145 3674/5842/3145 3676/5843/3145
f 3663/5830/3145 3665/5829/3145 3676/5843/3145 3675/5844/3145
f 3681/5845/3146 3682/5846/3146 3680/5847/3146 3679/5848/3146
f 3677/5849/3146 3678/5850/3146 3682/5846/3146 3681/5845/3146
f 3677/5849/3146 3681/5845/3146 3684/5851/3146 3683/5852/3146
f 3681/5845/3146 3679/5848/3146 3685/5853/3146 3686/5854/3146
f 3678/5850/3146 3677/5849/3146 3687/5855/3146 3688/5856/3146
f 3679/5848/3146 3680/5847/3146 3690/5857/3146 3689/5858/3146
f 3682/5846/3146 3678/5850/3146 3691/5859/3146 3693/5860/3146
f 3680/5847/3146 3682/5846/3146 3693/5860/3146 3692/5861/3146
f 3698/5862/3147 3699/5863/3147 3697/5864/3147 3696/5865/3147
f 3694/5866/3147 3695/5867/3147 3699/5863/3147 3698/5862/3147
f 3694/5866/3147 3698/5862/3147 3701/5868/3147 3700/5869/3147
f 3698/5862/3147 3696/5865/3147 3702/5870/3147 3703/5871/3147
f 3695/5867/3147 3694/5866/3147 3704/5872/3147 3705/5873/3147
f 3696/5865/3147 3697/5864/3147 3707/5874/3147 3706/5875/3147
f 3699/5863/3147 3695/5867/3147 3708/5876/3147 3710/5877/3147
f 3697/5864/3147 3699/5863/3147 3710/5877/3147 3709/5878/3147
f 3715/5879/3148 3716/5880/3148 3714/5881/3148 3713/5882/3148
f 3711/5883/3148 3712/5884/3148 3716/5880/3148 3715/5879/3148
f 3711/5883/3148 3715/5879/3148 3718/5885/3148 3717/5886/3148
f 3715/5879/3148 3713/5882/3148 3719/5887/3148 3720/5888/3148
f 3712/5884/3148 3711/5883/3148 3721/5889/3148 3722/5890/3148
f 3713/5882/3148 3714/5881/3148 3724/5891/3148 3723/5892/3148
f 3716/5880/3148 3712/5884/3148 3725/5893/3148 3727/5894/3148
f 3714/5881/3148 3716/5880/3148 3727/5894/3148 3726/5895/3148
f 3732/5896/3149 3733/5897/3149 3731/5898/3149 3730/5899/3149
f 3728/5900/3149 3729/5901/3149 3733/5897/3149 3732/5896/3149
f 3728/5900/3149 3732/5896/3149 3735/5902/3149 3734/5903/3149
f 3732/5896/3149 3730/5899/3149 3736/5904/3149 3737/5905/3149
f 3729/5901/3149 3728/5900/3149 3738/5906/3149 3739/5907/3149
f 3730/5899/3149 3731/5898/3149 3741/5908/3149 3740/5909/3149
f 3733/5897/3149 3729/5901/3149 3742/5910/3149 3744/5911/3149
f 3731/5898/3149 3733/5897/3149 3744/5911/3149 3743/5912/3149
f 3749/5913/3154 3750/5914/3155 3752/5915/3157 3751/5916/3156
f 3754/5917/3159 3753/5918/3158 3752/5919/3157 3750/5920/3155
f 3755/5921/3160 3754/5922/3159 3750/5914/3155 3749/5913/3154
f 3753/5923/3158 3756/5924/3161 3751/5925/3156 3752/5926/3157
f 3747/5927/3152 3745/5928/3150 3755/5929/3160 3756/5930/3161
f 3748/5931/3153 3747/5932/3152 3756/5933/3161 3753/5934/3158
f 3745/5935/3150 3746/5936/3151 3754/5922/3159 3755/5921/3160
f 3746/5937/3151 3748/5938/3153 3753/5939/3158 3754/5940/3159
f 3756/5941/3161 3755/5942/3160 3749/5943/3154 3751/5944/3156
f 3762/5945/3166 3761/5946/3165 3760/5947/3164 3759/5948/3163
f 3757/5949/3162 3758/5950/3162 3761/5946/3165 3762/5945/3166
f 3762/5945/3166 3759/5948/3163 3763/5951/3167 3764/5952/3168
f 3764/5952/3168 3763/5951/3167 3765/5953/3169 3766/5954/3170
f 3765/5953/3169 3763/5951/3167 3767/5955/3171 3768/5956/3171
f 3773/5957/3176 3774/5958/3177 3776/5959/3179 3775/5960/3178
f 3778/5961/3181 3777/5962/3180 3776/5963/3179 3774/5964/3177
f 3779/5965/3182 3778/5966/3181 3774/5967/3177 3773/5968/3176
f 3777/5969/3180 3780/5970/3183 3775/5971/3178 3776/5972/3179
f 3771/5973/3174 3769/5974/3172 3779/5975/3182 3780/5976/3183
f 3772/5977/3175 3771/5978/3174 3780/5970/3183 3777/5969/3180
f 3769/5979/3172 3770/5980/3173 3778/5966/3181 3779/5965/3182
f 3770/5981/3173 3772/5982/3175 3777/5962/3180 3778/5961/3181
f 3780/5976/3183 3779/5975/3182 3773/5983/3176 3775/5984/3178
f 3769/5974/3172 3771/5973/3174 3772/5985/3175 3770/5986/3173
f 3785/5987/3188 3786/5988/3189 3788/5989/3191 3787/5990/3190
f 3790/5991/3193 3789/5992/3192 3788/5993/3191 3786/5994/3189
f 3791/5995/3194 3790/5996/3193 3786/5988/3189 3785/5987/3188
f 3789/5997/3192 3792/5998/3195 3787/5999/3190 3788/6000/3191
f 3783/6001/3186 3781/6002/3184 3791/6003/3194 3792/6004/3195
f 3784/6005/3187 3783/6006/3186 3792/6007/3195 3789/6008/3192
f 3781/6009/3184 3782/6010/3185 3790/5996/3193 3791/5995/3194
f 3782/6011/3185 3784/6012/3187 3789/5992/3192 3790/5991/3193
f 3792/6004/3195 3791/6003/3194 3785/6013/3188 3787/6014/3190
f 3797/6015/3200 3798/6016/3201 3800/6017/3203 3799/6018/3202
f 3802/6019/3205 3801/6020/3204 3800/6021/3203 3798/6022/3201
f 3803/6023/3206 3802/6024/3205 3798/6025/3201 3797/6026/3200
f 3801/6020/3204 3804/6027/3207 3799/6028/3202 3800/6021/3203
f 3804/6029/3207 3803/6023/3206 3797/6026/3200 3799/6030/3202
f 3808/6031/3211 3806/6032/3209 3803/6023/3206 3804/6029/3207
f 3807/6033/3210 3808/6034/3211 3804/6035/3207 3801/6036/3204
f 3806/6037/3209 3805/6038/3208 3802/6039/3205 3803/6040/3206
f 3805/6041/3208 3807/6042/3210 3801/6020/3204 3802/6019/3205
f 3814/6043/3217 3813/6044/3216 3810/6045/3213 3809/6046/3212
f 3793/6047/3196 3794/6048/3197 3805/6049/3208 3806/6050/3209
f 3796/6051/3199 3795/6052/3198 3808/6053/3211 3807/6054/3210
f 3795/6055/3198 3793/6056/3196 3806/6032/3209 3808/6031/3211
f 3809/6057/3212 3810/6058/3213 3812/6059/3215 3811/6060/3214
f 3816/6061/3219 3815/6062/3218 3811/6063/3214 3812/6064/3215
f 3813/6065/3216 3816/6066/3219 3812/6067/3215 3810/6068/3213
f 3815/6069/3218 3814/6070/3217 3809/6071/3212 3811/6072/3214
f 3805/6049/3208 3794/6048/3197 3814/6070/3217 3815/6069/3218
f 3796/6051/3199 3807/6054/3210 3816/6066/3219 3813/6065/3216
f 3807/6073/3210 3805/6074/3208 3815/6062/3218 3816/6061/3219
f 3835/6075/3238 3836/6076/3239 3826/6077/3229 3825/6078/3228
f 3831/6079/3234 3832/6080/3235 3824/6081/3227 3823/6082/3226
f 3823/6083/3226 3824/6084/3227 3828/6085/3231 3827/6086/3230
f 3829/6087/3232 3830/6088/3233 3819/6089/3222 3820/6090/3223
f 3833/6091/3236 3834/6092/3237 3817/6093/3220 3818/6094/3221
f 3825/6095/3228 3826/6096/3229 3821/6097/3224 3822/6098/3225
f 3827/6086/3230 3828/6085/3231 3830/6099/3233 3829/6100/3232
f 3818/6101/3221 3817/6102/3220 3832/6080/3235 3831/6079/3234
f 3822/6098/3225 3821/6097/3224 3834/6103/3237 3833/6104/3236
f 3820/6090/3223 3819/6089/3222 3836/6076/3239 3835/6075/3238
f 3855/6105/3258 3856/6106/3259 3846/6107/3249 3845/6108/3248
f 3851/6109/3254 3852/6110/3255 3844/6111/3247 3843/6112/3246
f 3843/6113/3246 3844/6114/3247 3848/6115/3251 3847/6116/3250
f 3849/6117/3252 3850/6118/3253 3839/6119/3242 3840/6120/3243
f 3853/6121/3256 3854/6122/3257 3837/6123/3240 3838/6124/3241
f 3845/6125/3248 3846/6126/3249 3841/6127/3244 3842/6128/3245
f 3847/6116/3250 3848/6115/3251 3850/6129/3253 3849/6130/3252
f 3838/6131/3241 3837/6132/3240 3852/6110/3255 3851/6109/3254
f 3842/6128/3245 3841/6127/3244 3854/6133/3257 3853/6134/3256
f 3840/6120/3243 3839/6119/3242 3856/6106/3259 3855/6105/3258
f 3875/6135/3258 3876/6136/3259 3866/6137/3249 3865/6138/3248
f 3871/6139/3266 3872/6140/3267 3864/6141/3263 3863/6142/3262
f 3863/6143/3262 3864/6144/3263 3868/6145/3265 3867/6146/3264
f 3869/6147/3252 3870/6148/3253 3859/6149/3242 3860/6150/3243
f 3873/6151/3256 3874/6152/3257 3857/6153/3260 3858/6154/3261
f 3865/6155/3248 3866/6156/3249 3861/6157/3244 3862/6158/3245
f 3867/6146/3264 3868/6145/3265 3870/6159/3253 3869/6160/3252
f 3858/6161/3261 3857/6162/3260 3872/6140/3267 3871/6139/3266
f 3862/6158/3245 3861/6157/3244 3874/6163/3257 3873/6164/3256
f 3860/6150/3243 3859/6149/3242 3876/6136/3259 3875/6135/3258
f 3895/6165/3286 3896/6166/3287 3886/6167/3277 3885/6168/3276
f 3891/6169/3282 3892/6170/3283 3884/6171/3275 3883/6172/3274
f 3883/6173/3274 3884/6174/3275 3888/6175/3279 3887/6176/3278
f 3889/6177/3280 3890/6178/3281 3879/6179/3270 3880/6180/3271
f 3893/6181/3284 3894/6182/3285 3877/6183/3268 3878/6184/3269
f 3885/6185/3276 3886/6186/3277 3881/6187/3272 3882/6188/3273
f 3887/6176/3278 3888/6175/3279 3890/6189/3281 3889/6190/3280
f 3878/6191/3269 3877/6192/3268 3892/6170/3283 3891/6169/3282
f 3882/6188/3273 3881/6187/3272 3894/6193/3285 3893/6194/3284
f 3880/6195/3271 3879/6196/3270 3896/6166/3287 3895/6165/3286
