# Blender 4.4.3
# www.blender.org
mtllib 角色.mtl
o 222
v 0.067715 -0.588803 -0.271439
v -0.004277 -0.600928 -0.374257
v 0.041245 -0.572985 -0.153560
v 0.029602 -0.974653 -0.340439
v -0.008511 -1.402837 -0.421534
v -0.000057 -0.986051 -0.211590
v -0.051063 -0.949842 -0.452228
v -0.097848 -1.373698 -0.556501
v -0.190213 -0.923988 -0.504728
v -0.128467 -0.579313 -0.420177
v -0.251959 -1.345066 -0.630761
v -0.339962 -0.914438 -0.409898
v -0.262116 -0.527263 -0.331223
v -0.417808 -1.334821 -0.506534
v -0.376327 -0.932657 -0.216789
v -0.294571 -0.512376 -0.156439
v -0.458083 -1.363918 -0.309628
v -0.332331 -0.949684 -0.126873
v -0.255306 -0.525844 -0.076082
v -0.409357 -1.385742 -0.220427
v -0.214616 -0.971164 -0.085692
v -0.150246 -0.545015 -0.039328
v -0.278986 -1.409532 -0.174819
v -0.081413 -0.985186 -0.124274
v -0.031364 -0.560424 -0.074148
v -0.131461 -1.425061 -0.217549
v -0.181510 -1.815858 -0.174474
v -0.041359 -1.422117 -0.300595
v -0.082661 -1.839181 -0.326501
v -0.046624 -1.827701 -0.487979
v -0.176325 -1.868497 -0.314694
v -0.156841 -1.862289 -0.402001
v -0.229771 -1.855887 -0.232497
v -0.176325 -1.897820 -0.314694
v -0.156841 -1.891613 -0.402001
v -0.229771 -1.885210 -0.232497
v -0.317276 -1.863955 -0.182310
v -0.394608 -1.860206 -0.230735
v -0.317276 -1.834631 -0.182310
v -0.394608 -1.830882 -0.230735
v -0.343355 -1.734320 -0.109379
v -0.486382 -1.769612 -0.171216
v -0.539838 -1.768477 -0.320796
v -0.495654 -1.753129 -0.576294
v -0.423510 -1.830269 -0.311610
v -0.399621 -1.821970 -0.449751
v -0.423510 -1.859592 -0.311610
v -0.399620 -1.851294 -0.449751
v -0.301245 -1.855027 -0.516515
v -0.209833 -1.873755 -0.478495
v -0.301245 -1.825704 -0.516515
v -0.209832 -1.844431 -0.478495
v -0.313705 -1.761207 -0.686874
v -0.144634 -1.750685 -0.620660
v -0.990485 0.397759 -0.331569
v -0.578204 0.581891 -0.115785
v -0.933089 0.271292 -0.209378
v -0.994358 0.482781 -0.498186
v -0.556295 0.580816 -0.178541
v -0.902105 0.471936 -0.640043
v -0.534386 0.579740 -0.241297
v -0.715995 0.379029 -0.731966
v -0.453455 0.578700 -0.359257
v -0.422571 0.195536 -0.656633
v -0.324729 0.577194 -0.463519
v -0.382795 0.174564 -0.816256
v -0.198025 0.286911 -0.959472
v -0.260282 0.579645 -0.481604
v -0.195608 0.582616 -0.499584
v -0.227722 0.656623 -0.336733
v -0.190020 0.660801 -0.348612
v -0.265424 0.652442 -0.324855
v -0.341266 0.666187 -0.264117
v -0.390524 0.667581 -0.181155
v -0.406068 0.669023 -0.138078
v -0.421613 0.670465 -0.095001
v -0.423769 0.668601 -0.052137
v -0.579973 0.580501 -0.057893
v -0.425926 0.666736 -0.000000
v -0.581741 0.579110 -0.000000
v -0.423769 0.668601 0.052137
v -0.421613 0.670465 0.095000
v -0.579973 0.580501 0.057893
v -0.578204 0.581891 0.115784
v -0.933089 0.271292 0.209377
v -0.990485 0.397759 0.331569
v -0.834738 0.195536 0.000000
v -0.994357 0.482781 0.498186
v -0.556295 0.580816 0.178541
v -0.902104 0.471936 0.640042
v -0.534386 0.579740 0.241297
v -0.715995 0.379029 0.731966
v -0.453455 0.578700 0.359256
v -0.422571 0.195536 0.656633
v -0.324729 0.577195 0.463519
v -0.382795 0.174563 0.816256
v -0.260282 0.579645 0.481604
v -0.198024 0.286911 0.959472
v -0.195608 0.582616 0.499583
v -0.033789 0.314038 0.957847
v -0.103027 0.588504 0.481295
v 0.072863 0.294007 0.854048
v -0.011282 0.593343 0.463213
v 0.169685 0.203830 0.582168
v 0.124651 0.595156 0.395107
v 0.342698 0.195536 0.303975
v 0.225440 0.595968 0.295565
v 0.530565 0.294039 0.231621
v 0.257076 0.596222 0.230733
v 0.718432 0.419776 0.096094
v 0.288713 0.596477 0.165900
v 0.763555 0.465261 -0.000001
v 0.324090 0.597886 -0.000000
v 0.718432 0.419776 -0.096095
v 0.288713 0.596477 -0.165901
v 0.530565 0.294039 -0.231622
v 0.257076 0.596222 -0.230733
v 0.342698 0.195536 -0.303976
v 0.225440 0.595968 -0.295566
v 0.169685 0.203830 -0.582169
v 0.124651 0.595156 -0.395108
v 0.072863 0.294008 -0.854048
v -0.011282 0.593344 -0.463214
v -0.033789 0.314038 -0.957848
v -0.103027 0.588503 -0.481295
v -0.130132 0.680050 -0.349279
v -0.070245 0.685816 -0.337965
v 0.019582 0.688244 -0.298054
v 0.077650 0.689333 -0.228239
v 0.099975 0.689673 -0.180109
v 0.122300 0.690014 -0.131978
v 0.150819 0.691903 -0.000000
v 0.122300 0.690014 0.131978
v 0.099975 0.689673 0.180109
v 0.077650 0.689333 0.228239
v 0.019582 0.688244 0.298053
v -0.070245 0.685816 0.337964
v -0.130132 0.680050 0.349279
v -0.190020 0.674281 0.360593
v -0.227722 0.670103 0.348714
v -0.265424 0.665922 0.336836
v -0.341266 0.666187 0.264117
v -0.390524 0.667581 0.181154
v -0.406068 0.669023 0.138077
v 0.003867 1.975868 -0.483212
v 0.066449 1.988567 -0.470605
v 0.020375 1.975868 -0.565163
v -0.058718 1.988567 -0.495818
v -0.111774 2.024730 -0.506506
v -0.042210 1.988567 -0.577770
v -0.095266 2.024730 -0.588457
v -0.032993 1.998912 -0.601823
v -0.082488 2.032648 -0.611794
v 0.025390 1.987066 -0.590063
v -0.017444 2.037204 -0.598691
v -0.053758 2.061955 -0.606006
v 0.025390 2.028512 -0.590063
v 0.068224 2.037204 -0.581435
v 0.104538 2.061955 -0.574120
v 0.083773 1.998912 -0.578303
v 0.133268 2.032648 -0.568333
v 0.082957 1.988567 -0.552557
v 0.136014 2.024730 -0.541869
v 0.119506 2.024730 -0.459918
v 0.171465 2.078852 -0.534728
v 0.166339 2.083137 -0.561671
v 0.154957 2.078852 -0.452777
v 0.183914 2.142693 -0.532220
v 0.177953 2.142693 -0.559331
v 0.171466 2.206534 -0.534729
v 0.167406 2.142693 -0.450269
v 0.154957 2.206534 -0.452777
v 0.119506 2.260656 -0.459918
v 0.066449 2.296818 -0.470605
v 0.136014 2.260656 -0.541870
v 0.133268 2.252738 -0.568333
v 0.082958 2.296818 -0.552558
v 0.083773 2.286474 -0.578303
v 0.020375 2.309517 -0.565164
v 0.025390 2.298320 -0.590063
v -0.042209 2.296818 -0.577771
v 0.003867 2.309517 -0.483212
v -0.058718 2.296818 -0.495818
v -0.111774 2.260656 -0.506506
v -0.147225 2.206534 -0.513647
v -0.095266 2.260656 -0.588458
v -0.082488 2.252738 -0.611794
v -0.130717 2.206534 -0.595599
v -0.115560 2.202249 -0.618455
v -0.143166 2.142693 -0.598106
v -0.127172 2.142693 -0.620795
v -0.130717 2.078852 -0.595598
v -0.159674 2.142693 -0.516155
v -0.147225 2.078852 -0.513647
v -0.115560 2.083137 -0.618455
v -0.078022 2.098998 -0.610894
v -0.086542 2.142693 -0.612610
v -0.078022 2.186388 -0.610894
v -0.053758 2.223430 -0.606006
v -0.017444 2.248182 -0.598691
v 0.025390 2.256873 -0.590063
v -0.032993 2.286474 -0.601824
v 0.068224 2.248182 -0.581435
v 0.104538 2.223430 -0.574120
v 0.128801 2.186388 -0.569232
v 0.137322 2.142693 -0.567516
v 0.166339 2.202249 -0.561671
v 0.128801 2.098998 -0.569232
v 0.003867 1.975868 0.516856
v 0.066450 1.988567 0.504250
v 0.020375 1.975868 0.598808
v -0.058718 1.988567 0.529463
v -0.111774 2.024730 0.540151
v -0.042210 1.988567 0.611415
v -0.095266 2.024730 0.622102
v -0.032993 1.998913 0.635468
v -0.082488 2.032648 0.645438
v 0.025390 1.987066 0.623708
v -0.017444 2.037205 0.632336
v -0.053758 2.061956 0.639651
v 0.025390 2.028512 0.623708
v 0.068224 2.037205 0.615079
v 0.104538 2.061955 0.607765
v 0.083773 1.998913 0.611947
v 0.133268 2.032648 0.601977
v 0.082957 1.988567 0.586201
v 0.136014 2.024730 0.575514
v 0.119506 2.024730 0.493563
v 0.171465 2.078852 0.568373
v 0.166339 2.083137 0.595316
v 0.154957 2.078852 0.486421
v 0.183914 2.142693 0.565865
v 0.177953 2.142693 0.592976
v 0.171466 2.206534 0.568374
v 0.167406 2.142693 0.483914
v 0.154957 2.206534 0.486421
v 0.119506 2.260656 0.493563
v 0.066450 2.296818 0.504250
v 0.136014 2.260656 0.575515
v 0.133268 2.252738 0.601977
v 0.082958 2.296818 0.586202
v 0.083773 2.286474 0.611947
v 0.020375 2.309517 0.598809
v 0.025390 2.298320 0.623708
v -0.042209 2.296818 0.611415
v 0.003867 2.309517 0.516856
v -0.058718 2.296818 0.529463
v -0.111774 2.260656 0.540151
v -0.147225 2.206534 0.547292
v -0.095266 2.260656 0.622103
v -0.082488 2.252738 0.645438
v -0.130717 2.206534 0.629244
v -0.115560 2.202250 0.652100
v -0.143166 2.142693 0.631751
v -0.127172 2.142693 0.654439
v -0.130717 2.078852 0.629243
v -0.159674 2.142693 0.549799
v -0.147225 2.078852 0.547292
v -0.115560 2.083137 0.652100
v -0.078022 2.098998 0.644539
v -0.086542 2.142693 0.646255
v -0.078022 2.186388 0.644539
v -0.053758 2.223430 0.639651
v -0.017444 2.248182 0.632336
v 0.025390 2.256873 0.623708
v -0.032993 2.286474 0.635468
v 0.068224 2.248182 0.615079
v 0.104538 2.223430 0.607765
v 0.128801 2.186388 0.602877
v 0.137322 2.142693 0.601161
v 0.166339 2.202250 0.595316
v 0.128801 2.098998 0.602877
v -0.364396 2.690854 -0.136376
v -0.403238 2.610027 -0.321135
v -0.220314 2.728785 -0.182576
v -0.365576 2.725744 0.006817
v -0.487641 2.587960 -0.134783
v -0.521483 2.594959 0.006817
v -0.517351 2.499897 -0.251353
v -0.542922 2.380552 -0.274940
v -0.589478 2.479758 0.006817
v -0.640847 2.365842 0.006817
v -0.517351 2.499898 0.264988
v -0.403238 2.610027 0.334770
v -0.542922 2.380552 0.288574
v -0.487641 2.587960 0.148417
v -0.364396 2.690854 0.150011
v -0.220314 2.728785 0.196211
v -0.225114 2.635213 0.365350
v -0.218220 2.748693 0.006817
v -0.123584 2.728785 0.196211
v -0.121843 2.748692 0.006817
v -0.127572 2.635213 0.365350
v -0.131975 2.484514 0.477520
v -0.229554 2.484632 0.477521
v -0.136563 2.293768 0.560370
v -0.234677 2.293769 0.560370
v -0.132943 1.985323 0.560370
v -0.225657 1.991286 0.556570
v -0.436644 1.983885 0.457747
v -0.220266 1.688805 0.552771
v -0.431874 1.710495 0.449455
v -0.272603 1.296506 0.549283
v -0.379874 0.972740 0.550847
v -0.476590 1.315958 0.456834
v -0.504661 0.982577 0.492089
v -0.598892 1.765881 0.293446
v -0.464282 1.208305 0.459756
v -0.422353 0.716735 0.470058
v -0.630471 1.220285 0.283145
v -0.587713 0.685308 0.272844
v -0.593769 1.993375 0.297088
v -0.629315 1.765881 0.006817
v -0.645705 1.168067 0.286244
v -0.647386 0.578216 0.279042
v -0.689297 1.168067 0.006817
v -0.720739 0.592965 0.006817
v -0.645705 1.168066 -0.272609
v -0.709112 0.585001 -0.265406
v -0.598892 1.765881 -0.279812
v -0.431874 1.710495 -0.435820
v -0.593769 1.993375 -0.283452
v -0.630471 1.220285 -0.269510
v -0.693392 0.674688 -0.259209
v -0.464282 1.208305 -0.446121
v -0.528032 0.706116 -0.456423
v -0.436643 1.983885 -0.444111
v -0.655191 1.999109 0.006817
v -0.549948 2.229789 -0.287094
v -0.412898 2.262967 -0.452403
v -0.660470 2.210649 0.006817
v -0.549948 2.229789 0.300729
v -0.412898 2.262967 0.466039
v -0.386365 2.423263 0.417254
v -0.386365 2.423263 -0.403619
v -0.234677 2.293769 -0.546734
v -0.229554 2.484632 -0.463886
v -0.136563 2.293768 -0.546734
v -0.225657 1.991286 -0.542935
v -0.220266 1.688805 -0.539137
v -0.132943 1.985322 -0.546734
v -0.272603 1.320843 -0.550471
v -0.324939 0.981641 -0.623752
v -0.476590 1.340294 -0.458022
v -0.521306 0.998855 -0.542171
v -0.131975 2.484514 -0.463886
v -0.127572 2.635213 -0.351715
v -0.225114 2.635213 -0.351715
v -0.123584 2.728785 -0.182576
v 0.366258 2.112565 -0.145266
v 0.358823 2.107661 -0.214794
v 0.366258 2.093387 -0.145021
v 0.366258 2.104434 -0.132187
v 0.366258 2.095155 -0.131942
v 0.358823 2.089794 -0.213914
v 0.338903 2.085154 -0.271043
v 0.337777 2.102520 -0.273607
v 0.284713 2.072524 -0.322319
v 0.282459 2.088715 -0.326491
v 0.366258 2.112565 0.145266
v 0.358823 2.107661 0.214794
v 0.366258 2.093387 0.145021
v 0.366258 2.104434 0.132186
v 0.366258 2.095155 0.131941
v 0.358823 2.089794 0.213914
v 0.338903 2.085154 0.271043
v 0.337777 2.102520 0.273606
v 0.284713 2.072524 0.322319
v 0.282459 2.088715 0.326490
v 0.370789 2.061512 -0.118862
v 0.367926 2.065532 -0.140850
v 0.372201 2.030203 -0.111425
v 0.367730 2.035766 -0.141876
v 0.363258 2.043703 -0.177704
v 0.367687 2.003867 -0.141321
v 0.367687 1.983642 -0.147260
v 0.363210 1.990113 -0.179289
v 0.363210 1.954785 -0.180820
v 0.348846 1.990740 -0.225282
v 0.348601 2.042858 -0.224415
v 0.348846 1.949735 -0.224175
v 0.336180 1.995146 -0.252725
v 0.323514 1.999551 -0.280168
v 0.335984 2.037401 -0.252278
v 0.337780 1.958085 -0.248636
v 0.320301 1.966346 -0.271421
v 0.326554 1.941882 -0.268349
v 0.348846 1.932990 -0.226687
v 0.307369 1.945461 -0.299520
v 0.303902 1.927407 -0.299440
v 0.301449 1.932409 -0.304643
v 0.299924 1.955882 -0.312685
v 0.299924 1.964848 -0.305266
v 0.363210 1.940705 -0.173776
v 0.367687 1.972930 -0.135927
v 0.323514 2.022829 -0.280168
v 0.334861 2.066719 -0.249713
v 0.347833 2.069559 -0.221701
v 0.321889 2.059806 -0.277726
v 0.301732 2.040802 -0.310486
v 0.304341 2.006415 -0.297789
v 0.274695 1.999438 -0.331981
v 0.257375 2.031345 -0.354286
v 0.256836 2.021560 -0.362277
v 0.278319 1.978469 -0.311532
v 0.363362 2.069401 -0.174302
v 0.370789 2.061512 0.118861
v 0.367926 2.065532 0.140849
v 0.372201 2.030203 0.111425
v 0.367730 2.035766 0.141876
v 0.363258 2.043703 0.177704
v 0.367687 2.003867 0.141321
v 0.367687 1.983642 0.147260
v 0.363210 1.990113 0.179289
v 0.363210 1.954785 0.180819
v 0.348846 1.990740 0.225282
v 0.348601 2.042858 0.224414
v 0.348846 1.949735 0.224175
v 0.336180 1.995146 0.252725
v 0.323514 1.999551 0.280168
v 0.335984 2.037402 0.252277
v 0.337780 1.958085 0.248635
v 0.320301 1.966346 0.271420
v 0.326554 1.941882 0.268349
v 0.348846 1.932990 0.226687
v 0.307369 1.945461 0.299520
v 0.303902 1.927407 0.299440
v 0.301449 1.932410 0.304642
v 0.299924 1.955882 0.312684
v 0.299924 1.964848 0.305266
v 0.363210 1.940705 0.173776
v 0.367687 1.972930 0.135927
v 0.323514 2.022829 0.280168
v 0.334861 2.066719 0.249713
v 0.347833 2.069559 0.221700
v 0.321889 2.059806 0.277726
v 0.301732 2.040802 0.310485
v 0.304341 2.006415 0.297789
v 0.274695 1.999438 0.331981
v 0.257375 2.031345 0.354285
v 0.256836 2.021560 0.362276
v 0.278319 1.978469 0.311531
v 0.363362 2.069401 0.174302
v 0.174327 1.139461 -0.083802
v 0.099623 0.985058 -0.083802
v 0.174327 1.139461 -0.000000
v 0.174327 1.286295 -0.083802
v 0.102690 1.128294 -0.256086
v 0.040577 0.969098 -0.242910
v 0.115198 1.275127 -0.256086
v -0.012971 1.066162 -0.365579
v -0.031341 0.965158 -0.330819
v 0.000048 1.165054 -0.367767
v -0.170974 1.066219 -0.350053
v -0.328978 1.066275 -0.304830
v -0.161903 0.931323 -0.312375
v -0.166087 1.146068 -0.385218
v -0.328978 1.180070 -0.328861
v -0.163048 1.206781 -0.379280
v 0.009396 1.238508 -0.384190
v -0.332326 1.251544 -0.343620
v -0.387192 1.260002 -0.169510
v -0.385624 1.240905 -0.000000
v -0.376238 1.182324 -0.174638
v -0.382276 1.162530 -0.000000
v -0.362095 1.037589 -0.164492
v -0.371729 1.017106 -0.000000
v -0.356530 0.881544 -0.146966
v -0.292465 0.897489 -0.293932
v -0.377661 0.874198 -0.000000
v -0.343415 0.728567 -0.127897
v -0.382361 0.722108 -0.000000
v -0.322469 0.751150 -0.248893
v -0.418144 0.601126 -0.140191
v -0.471329 0.592307 -0.000000
v -0.389538 0.631967 -0.305427
v -0.218162 0.651257 -0.351900
v -0.046786 0.670547 -0.398372
v -0.196977 0.764727 -0.276890
v -0.071485 0.778304 -0.304888
v 0.016388 0.783573 -0.229735
v 0.065039 0.801729 -0.083802
v 0.073218 0.676245 -0.279264
v 0.160626 0.684564 -0.079973
v 0.174106 0.690555 -0.000000
v 0.065039 0.801729 -0.000000
v 0.160626 0.684564 0.079973
v 0.073218 0.676245 0.279264
v 0.065039 0.801729 0.083802
v 0.016388 0.783573 0.229734
v 0.099623 0.985058 0.083802
v 0.174327 1.139461 0.083802
v 0.040577 0.969098 0.242910
v 0.099623 0.985058 -0.000000
v 0.102690 1.128294 0.256086
v -0.031341 0.965158 0.330818
v -0.012970 1.066162 0.365578
v -0.071485 0.778304 0.304887
v -0.161903 0.931323 0.312375
v -0.292465 0.897489 0.293932
v -0.170974 1.066219 0.335204
v -0.196977 0.764727 0.276890
v -0.322469 0.751150 0.248892
v -0.218161 0.650508 0.343661
v -0.389538 0.631967 0.305427
v -0.046785 0.669049 0.381896
v -0.418144 0.601126 0.140191
v -0.343415 0.728567 0.127897
v -0.356530 0.881544 0.146966
v -0.362095 1.037589 0.164491
v -0.328978 1.066275 0.304830
v -0.376238 1.182324 0.174638
v -0.328978 1.180070 0.328861
v -0.387192 1.260002 0.169509
v -0.332325 1.251544 0.343619
v -0.162739 1.214247 0.390706
v -0.020850 1.234245 0.391977
v -0.164465 1.145287 0.365395
v -0.030044 1.161438 0.373975
v 0.123706 1.275127 0.256086
v 0.094595 1.335986 0.295132
v 0.174327 1.286295 0.083802
v 0.174327 1.286295 -0.000000
v 0.125934 1.376877 0.083802
v 0.125934 1.376877 -0.000000
v 0.125934 1.376877 -0.083802
v 0.086087 1.331698 -0.284412
v -0.814635 3.086805 -0.469216
v -0.817308 3.090654 -0.498753
v -0.795143 3.109034 -0.460217
v -0.193675 2.327949 -0.524702
v -0.115731 2.430717 -0.485124
v -0.214187 2.323761 -0.611059
v -0.140077 2.251325 -0.476309
v -0.149731 2.240961 -0.585909
v -0.062134 2.354093 -0.436730
v -0.022250 2.114433 -0.479381
v 0.055692 2.217201 -0.439803
v -0.030876 2.090787 -0.576018
v 0.082167 2.229065 -0.521213
v -0.036689 2.379238 -0.531103
v -0.101144 2.462039 -0.556254
v -0.797020 3.112158 -0.489754
v -0.814635 3.086805 0.502861
v -0.817308 3.090654 0.532397
v -0.795143 3.109034 0.493862
v -0.193675 2.327949 0.558347
v -0.115731 2.430717 0.518769
v -0.214187 2.323761 0.644703
v -0.140077 2.251325 0.509954
v -0.149731 2.240961 0.619553
v -0.062134 2.354093 0.470375
v -0.022250 2.114433 0.513026
v 0.055692 2.217201 0.473448
v -0.030876 2.090787 0.609663
v 0.082167 2.229065 0.554858
v -0.036689 2.379238 0.564748
v -0.101144 2.462039 0.589899
v -0.797020 3.112158 0.523398
v 0.433170 2.098698 -0.271706
v 0.423412 2.100591 -0.302776
v 0.458436 2.187887 -0.249520
v 0.478450 2.279389 -0.179733
v 0.478418 2.101536 -0.247946
v 0.434701 2.189624 -0.306199
v 0.519489 2.175224 0.014680
v 0.523135 2.242718 0.044429
v 0.515842 2.098969 0.009662
v 0.470424 2.437088 0.006817
v 0.489989 2.278370 0.171284
v 0.519489 2.184489 0.041190
v 0.515842 2.093529 0.041907
v 0.484204 2.186541 0.165712
v 0.478418 2.094711 0.160140
v 0.413327 2.190123 0.319834
v 0.410069 2.285424 0.324234
v 0.416585 2.094822 0.315435
v 0.369532 2.442703 0.298361
v 0.302818 2.292967 0.425292
v 0.414178 2.096448 0.332008
v 0.349677 2.096448 0.398076
v 0.267850 2.450122 0.388510
v 0.267428 2.094225 0.440305
v 0.129545 2.282910 0.482048
v 0.095222 2.097122 0.476495
v 0.100990 2.445779 0.435637
v 0.003836 2.282910 0.487623
v -0.027917 2.097122 0.492837
v -0.024470 2.445779 0.439607
v -0.073628 2.608646 0.374215
v -0.107496 2.644300 0.311741
v 0.051584 2.608646 0.371852
v 0.017716 2.644300 0.309377
v 0.212031 2.607279 0.334353
v 0.152055 2.667542 0.276205
v 0.308144 2.599982 0.255113
v 0.369921 2.599982 0.138098
v 0.184270 2.682660 0.179514
v 0.206635 2.699404 0.097585
v 0.007442 2.720270 0.142380
v 0.005248 2.716390 0.179037
v 0.003274 2.737984 0.083154
v -0.117770 2.720400 0.144742
v -0.121938 2.739072 0.085516
v -0.119965 2.716390 0.181400
v -0.124279 2.697249 0.232159
v 0.000935 2.697249 0.229797
v -0.115652 2.740088 0.006817
v 0.009561 2.739001 0.006817
v -0.121938 2.739072 -0.071882
v 0.003274 2.737984 -0.069518
v -0.117770 2.720400 -0.131108
v 0.007442 2.720270 -0.128744
v -0.119965 2.716390 -0.167765
v 0.005248 2.716390 -0.165403
v -0.124279 2.697249 -0.218524
v 0.000935 2.697249 -0.216161
v -0.107496 2.644300 -0.298105
v 0.017716 2.644300 -0.295743
v -0.073628 2.608646 -0.360580
v 0.051584 2.608646 -0.358217
v -0.024470 2.445779 -0.425972
v 0.100990 2.445779 -0.422003
v 0.003836 2.282910 -0.473988
v 0.129545 2.282910 -0.468413
v -0.027917 2.097121 -0.479202
v 0.095222 2.097121 -0.462860
v 0.267428 2.094225 -0.426670
v 0.302818 2.292967 -0.411657
v 0.410069 2.285424 -0.310599
v 0.267850 2.450122 -0.374876
v 0.326247 2.194707 -0.398049
v 0.319981 2.096341 -0.389562
v 0.412124 2.190936 -0.314486
v 0.414178 2.096448 -0.318372
v 0.369532 2.442703 -0.284727
v 0.212031 2.607279 -0.320718
v 0.308144 2.599982 -0.241478
v 0.152055 2.667542 -0.262570
v 0.184270 2.682660 -0.165879
v 0.206635 2.699404 -0.083950
v 0.369921 2.599982 -0.124463
v 0.225933 2.684970 0.006817
v 0.393610 2.599982 0.006817
v 0.440381 2.439176 -0.149745
v 0.440381 2.439176 0.163380
v -0.268672 1.544820 -0.074760
v -0.291578 1.549929 -0.002015
v -0.235394 1.745408 -0.087906
v -0.195127 1.528418 -0.097575
v -0.126671 1.513151 -0.074760
v -0.155087 1.738426 -0.114844
v -0.080338 1.731927 -0.087906
v -0.046214 1.726034 -0.002015
v -0.108220 1.509036 -0.002015
v -0.080338 1.731927 0.083877
v -0.126671 1.513151 0.070730
v -0.155087 1.738426 0.110816
v -0.195127 1.528418 0.093547
v -0.235394 1.745408 0.083877
v -0.268672 1.544820 0.070730
v -0.260405 1.747583 -0.002015
v -0.176153 2.412433 -0.541164
v -0.199185 2.428757 -0.565075
v -0.254251 2.308648 -0.536790
v -0.387177 2.547477 -0.444030
v -0.411388 2.566611 -0.464434
v -0.466348 2.444448 -0.446702
v -0.480886 2.638162 -0.251892
v -0.566113 2.540051 -0.251892
v -0.515862 2.675888 -0.086548
v -0.508813 2.662423 -0.251892
v -0.543791 2.700151 -0.086548
v -0.594043 2.564313 -0.251892
v -0.629020 2.602039 -0.086548
v -0.490558 2.463583 -0.467107
v -0.277284 2.324972 -0.560700
v -0.601091 2.577778 -0.086548
v -0.633961 2.616839 -0.004454
v -0.548731 2.714950 -0.004454
v -0.606031 2.592577 -0.004454
v -0.629020 2.602039 0.077639
v -0.600729 2.564313 0.252708
v -0.601091 2.577778 0.077639
v -0.543791 2.700151 0.077639
v -0.515862 2.675889 0.077639
v -0.515499 2.662423 0.252708
v -0.448509 2.773650 0.075780
v -0.432384 2.740354 0.075780
v -0.446444 2.787763 -0.004454
v -0.430319 2.754466 -0.004454
v -0.448509 2.773650 -0.084688
v -0.432384 2.740354 -0.084688
v -0.520802 2.690688 -0.004454
v -0.487571 2.638162 0.252708
v -0.411388 2.566611 0.455525
v -0.199185 2.428757 0.556165
v -0.490558 2.463583 0.458199
v -0.387177 2.547477 0.435120
v -0.176153 2.412433 0.532256
v -0.466348 2.444449 0.437794
v -0.254251 2.308648 0.527881
v -0.572799 2.540051 0.252708
v -0.277284 2.324972 0.551792
v -0.196045 2.409883 -0.539832
v -0.201273 2.383350 -0.549758
v -0.170920 2.422849 -0.531754
v -0.201356 2.425262 -0.563869
v -0.168937 2.441993 -0.553446
v -0.188888 2.427195 -0.589879
v -0.208103 2.391026 -0.576677
v -0.191216 2.359060 -0.585319
v -0.194116 2.400662 -0.599805
v -0.181029 2.375889 -0.606503
v -0.156509 2.408298 -0.605593
v -0.163763 2.440160 -0.581801
v -0.122367 2.407555 -0.587160
v -0.152718 2.368058 -0.605163
v -0.154685 2.348954 -0.583591
v -0.127595 2.381023 -0.597085
v -0.122267 2.365684 -0.573167
v -0.134752 2.363711 -0.547037
v -0.115521 2.399920 -0.560360
v -0.132407 2.431886 -0.551718
v -0.129523 2.390243 -0.537113
v -0.167343 2.382094 -0.529839
v -0.142611 2.415016 -0.530415
v -0.159876 2.350746 -0.555116
v -0.188187 2.358577 -0.556456
v -0.135453 2.432328 -0.580462
v -0.196045 2.409883 0.573477
v -0.201273 2.383350 0.583402
v -0.170920 2.422849 0.565399
v -0.201356 2.425262 0.597514
v -0.168937 2.441993 0.587091
v -0.188888 2.427195 0.623524
v -0.208103 2.391026 0.610322
v -0.191216 2.359060 0.618964
v -0.194116 2.400662 0.633450
v -0.181029 2.375889 0.640148
v -0.156509 2.408298 0.639238
v -0.163763 2.440160 0.615446
v -0.122367 2.407555 0.620804
v -0.152718 2.368058 0.638808
v -0.154685 2.348954 0.617236
v -0.127595 2.381023 0.630730
v -0.122267 2.365684 0.606812
v -0.134752 2.363711 0.580682
v -0.115521 2.399920 0.594005
v -0.132407 2.431886 0.585362
v -0.129523 2.390243 0.570757
v -0.167343 2.382094 0.563484
v -0.142611 2.415016 0.564059
v -0.159876 2.350746 0.588761
v -0.188187 2.358577 0.590100
v -0.135453 2.432328 0.614107
v -0.468233 2.729540 -0.096737
v -0.468233 2.729540 0.001849
v -0.474239 2.753514 -0.096737
v -0.397789 2.666971 -0.289933
v -0.444259 2.735548 -0.096737
v -0.444259 2.735548 0.001849
v -0.450265 2.759522 -0.096737
v -0.377245 2.677826 -0.281513
v -0.387257 2.700030 -0.285709
v -0.243364 2.578346 -0.408175
v -0.248992 2.598481 -0.421356
v -0.256719 2.564471 -0.423667
v -0.028541 2.473836 -0.469706
v -0.032869 2.491333 -0.486618
v 0.251666 2.401122 -0.436730
v -0.035835 2.456517 -0.485758
v -0.040163 2.474013 -0.502670
v 0.251258 2.378410 -0.446470
v 0.253916 2.388053 -0.469070
v 0.351812 2.366708 -0.373311
v 0.349230 2.389421 -0.364443
v 0.437403 2.350258 -0.307390
v 0.361042 2.376352 -0.392800
v 0.448595 2.359902 -0.326419
v 0.358459 2.399064 -0.383931
v 0.445151 2.382614 -0.317612
v 0.254323 2.410765 -0.459331
v 0.508730 2.366164 -0.223274
v 0.433960 2.372971 -0.298583
v 0.491698 2.356521 -0.208182
v 0.481645 2.362180 -0.198382
v 0.497879 2.333809 -0.215720
v 0.493180 2.319797 -0.212448
v 0.514911 2.343452 -0.230811
v 0.524965 2.337793 -0.240611
v 0.513430 2.380177 -0.226545
v 0.556728 2.334966 -0.188691
v 0.521910 2.316969 -0.164378
v 0.543650 2.377350 -0.176047
v 0.508832 2.359353 -0.151735
v -0.262346 2.584607 -0.436848
v -0.407802 2.689174 -0.294130
v -0.450265 2.759522 0.001849
v -0.474239 2.753514 0.001849
v -0.450265 2.759522 0.100434
v -0.444259 2.735548 0.100434
v -0.387257 2.700030 0.289407
v -0.474239 2.753514 0.100434
v -0.468233 2.729540 0.100434
v -0.407802 2.689175 0.297827
v -0.262346 2.584607 0.440545
v -0.397789 2.666971 0.293630
v -0.377245 2.677826 0.285210
v -0.256719 2.564471 0.427364
v -0.243364 2.578346 0.411872
v -0.035835 2.456517 0.489455
v -0.028541 2.473837 0.473403
v -0.040163 2.474013 0.506367
v 0.251258 2.378410 0.450167
v 0.251666 2.401122 0.440427
v 0.253916 2.388053 0.472767
v 0.351812 2.366708 0.377009
v 0.349230 2.389421 0.368140
v 0.437403 2.350259 0.311088
v 0.361042 2.376352 0.396497
v 0.448595 2.359902 0.330116
v 0.358459 2.399064 0.387629
v 0.445151 2.382614 0.321309
v 0.254323 2.410765 0.463028
v -0.032869 2.491333 0.490315
v -0.248992 2.598481 0.425053
v 0.508730 2.366164 0.226971
v 0.433960 2.372971 0.302280
v 0.491698 2.356521 0.211879
v 0.481645 2.362180 0.202079
v 0.497879 2.333809 0.219417
v 0.493180 2.319797 0.216146
v 0.514911 2.343452 0.234508
v 0.524965 2.337793 0.244308
v 0.513430 2.380177 0.230242
v 0.556728 2.334966 0.192388
v 0.521910 2.316969 0.168076
v 0.543650 2.377350 0.179745
v 0.508832 2.359353 0.155432
v -0.203260 2.791119 -0.136734
v -0.201305 2.775164 -0.028762
v -0.378789 2.740966 -0.136734
v -0.193291 2.663389 -0.359791
v -0.134841 2.791088 -0.135403
v -0.066422 2.791056 -0.134073
v -0.120475 2.665781 -0.348345
v -0.133174 2.775133 -0.028715
v -0.065043 2.775102 -0.028669
v -0.132926 2.767324 0.006817
v -0.064711 2.762189 0.006817
v -0.201141 2.772460 0.006817
v -0.133174 2.775133 0.042351
v -0.065043 2.775102 0.042304
v -0.201305 2.775164 0.042397
v -0.134841 2.791088 0.149039
v -0.066422 2.791057 0.147709
v -0.203260 2.791119 0.150369
v -0.120475 2.665781 0.361979
v -0.047658 2.668173 0.350533
v -0.193291 2.663390 0.373426
v -0.108771 2.501944 0.495272
v -0.023494 2.511963 0.475960
v -0.194049 2.491925 0.514583
v -0.118845 2.244458 0.554079
v -0.034727 2.253236 0.529784
v -0.202964 2.235681 0.578375
v -0.093284 1.995175 0.549708
v 0.005495 1.990785 0.519896
v -0.192062 1.999565 0.579521
v -0.067722 1.745891 0.545337
v 0.036344 1.789494 0.512312
v -0.182671 1.796170 0.580509
v -0.401996 2.223543 0.565049
v -0.235768 1.973840 0.582001
v -0.363775 1.970302 0.560325
v -0.352151 2.429025 0.515887
v -0.522696 2.203530 0.499424
v -0.376585 1.854993 0.565049
v -0.499303 1.834980 0.499424
v -0.593140 1.878735 0.418752
v -0.639851 2.180784 0.394471
v -0.647413 2.336781 0.362735
v -0.688982 2.145607 0.186530
v -0.622802 1.484168 0.391497
v -0.675249 1.448992 0.183556
v -0.695878 2.336781 0.184777
v -0.737277 2.147969 0.006817
v -0.693344 1.555053 0.149894
v -0.726792 1.557415 0.006817
v -0.693344 1.555053 -0.136258
v -0.688982 2.145607 -0.172896
v -0.695878 2.336781 -0.171141
v -0.639851 2.180784 -0.380836
v -0.675249 1.448992 -0.169921
v -0.622802 1.484168 -0.377861
v -0.522696 2.203530 -0.485789
v -0.647413 2.336781 -0.349100
v -0.593140 1.878735 -0.405118
v -0.499303 1.834980 -0.485789
v -0.376585 1.854993 -0.551414
v -0.401996 2.223543 -0.551414
v -0.202964 2.235681 -0.590214
v -0.352151 2.429025 -0.502252
v -0.363775 1.970302 -0.546690
v -0.235768 1.973840 -0.568367
v -0.194049 2.491925 -0.500948
v -0.347490 2.609877 -0.361705
v -0.474955 2.380465 -0.454510
v -0.480993 2.564927 -0.361705
v -0.471126 2.681920 -0.137368
v -0.604930 2.479013 -0.298964
v -0.571324 2.620935 -0.140478
v -0.678450 2.446048 -0.134035
v -0.711214 2.446047 0.006817
v -0.610844 2.581268 -0.059918
v -0.501986 2.685852 -0.028762
v -0.603250 2.600197 0.006817
v -0.502223 2.691022 0.006817
v -0.610844 2.581268 0.073553
v -0.501986 2.685852 0.042397
v -0.571324 2.620935 0.154113
v -0.678450 2.446048 0.147671
v -0.604930 2.479013 0.312599
v -0.480993 2.564927 0.375340
v -0.347490 2.609877 0.375340
v -0.474955 2.380465 0.468145
v -0.471126 2.681920 0.151003
v -0.378789 2.740966 0.150369
v -0.377778 2.759731 0.042397
v -0.377935 2.764902 0.006817
v -0.377778 2.759731 -0.028762
v -0.733503 2.339143 0.006817
v -0.108771 2.501944 -0.481637
v -0.023494 2.511963 -0.462325
v -0.118845 2.244458 -0.556700
v -0.034727 2.253235 -0.523185
v -0.067722 1.745891 -0.531702
v 0.045717 1.728333 -0.496372
v -0.181160 1.763449 -0.567033
v -0.055343 1.912849 -0.530160
v 0.077873 2.265347 -0.502248
v 0.190474 2.277459 -0.481311
v 0.063402 2.521996 -0.443037
v 0.074704 1.911455 -0.503219
v 0.123104 1.605575 -0.504189
v 0.204752 1.910061 -0.476277
v 0.262277 1.651971 -0.472115
v -0.021723 1.640924 -0.537135
v 0.150298 2.532030 -0.423748
v 0.026488 2.670565 -0.325452
v -0.047658 2.668173 -0.336899
v 0.100634 2.672957 -0.314006
v 0.003283 2.778677 -0.132743
v 0.072988 2.766299 -0.131413
v -0.002241 2.775070 -0.028622
v 0.060561 2.775038 -0.028575
v -0.002003 2.761579 0.006817
v 0.060706 2.760970 0.006817
v -0.002241 2.775070 0.042257
v 0.060561 2.775038 0.042210
v 0.003283 2.778677 0.146379
v 0.072988 2.766299 0.145048
v 0.026488 2.670565 0.339087
v 0.100634 2.672957 0.327641
v 0.063402 2.521996 0.456672
v 0.150298 2.532030 0.437383
v 0.077873 2.265347 0.512365
v 0.190474 2.277459 0.494945
v 0.162755 1.934585 0.491697
v 0.292802 1.933191 0.466514
v 0.032708 1.935979 0.516879
v 0.247637 1.603824 0.471029
v 0.096940 1.633790 0.504588
v 0.376673 1.651023 0.443211
v 0.269334 2.303349 0.430108
v 0.211496 2.522005 0.416125
v 0.151668 2.655341 0.278129
v 0.131518 2.734055 0.145048
v 0.119091 2.740996 0.042210
v 0.119236 2.735762 0.006817
v 0.119091 2.740996 -0.028575
v 0.131518 2.734055 -0.131413
v 0.151668 2.655341 -0.264494
v 0.211495 2.522005 -0.402490
v 0.269334 2.303349 -0.416473
v -0.000099 2.167838 -0.501677
v 0.022906 1.937471 -0.506758
v -0.037238 2.286609 -0.496558
v 0.067802 2.166898 -0.473040
v -0.051296 2.168764 -0.501677
v -0.102494 2.169690 -0.501677
v -0.088436 2.287535 -0.496558
v -0.040316 1.950895 -0.506740
v -0.103539 1.964318 -0.506722
v -0.029335 1.584582 -0.511803
v -0.104583 1.610504 -0.511767
v 0.045912 1.558660 -0.511839
v -0.037573 1.452572 -0.534527
v -0.108896 1.463544 -0.542559
v 0.033751 1.441599 -0.526496
v -0.045810 1.328956 -0.528470
v -0.110541 1.343651 -0.544570
v 0.022478 1.354271 -0.512371
v 0.093105 1.235422 -0.506265
v 0.123924 1.569102 -0.468696
v 0.201935 1.579544 -0.425554
v 0.095863 1.942222 -0.470868
v 0.166691 1.240643 -0.453211
v 0.240277 1.245863 -0.400158
v 0.194712 1.049854 -0.458077
v 0.224330 0.872507 -0.471363
v 0.116012 1.068858 -0.512558
v 0.260340 1.071340 -0.398120
v 0.277856 0.915933 -0.404502
v 0.136550 0.906977 -0.527270
v 0.168819 1.946973 -0.434977
v 0.135703 2.165959 -0.444402
v 0.098564 2.284730 -0.439283
v 0.030663 2.285670 -0.467920
v 0.093178 2.386696 -0.387308
v 0.025277 2.387635 -0.415945
v -0.042624 2.388575 -0.444583
v -0.093822 2.389501 -0.444583
v -0.145020 2.390427 -0.444583
v -0.139633 2.288461 -0.496558
v -0.000099 2.167838 0.487647
v 0.022906 1.937471 0.492727
v -0.037238 2.286609 0.482528
v 0.067802 2.166898 0.459009
v -0.051296 2.168764 0.487647
v -0.102494 2.169690 0.487647
v -0.088436 2.287535 0.482528
v -0.040316 1.950895 0.492709
v -0.103538 1.964319 0.492691
v -0.029335 1.584582 0.497772
v -0.104583 1.610504 0.497736
v 0.045912 1.558660 0.497808
v -0.037573 1.452571 0.537286
v -0.045810 1.320561 0.576800
v -0.104581 1.474828 0.545318
v 0.031958 1.448192 0.529254
v 0.018004 1.337724 0.560701
v -0.104313 1.342885 0.592899
v 0.089542 1.327510 0.498298
v 0.123924 1.569102 0.454665
v 0.201935 1.579544 0.411522
v 0.164603 1.334472 0.448548
v 0.095863 1.942222 0.456837
v 0.168819 1.946973 0.420947
v 0.135703 2.165959 0.430371
v 0.098564 2.284730 0.425252
v 0.030663 2.285670 0.453890
v 0.093178 2.386696 0.373277
v 0.025277 2.387635 0.401915
v -0.042624 2.388575 0.430552
v -0.093822 2.389501 0.430552
v -0.145020 2.390427 0.430553
v -0.139633 2.288461 0.482528
v 0.239665 1.341433 0.398798
v 0.232938 1.097998 0.444275
v 0.305050 1.101478 0.387918
v 0.160827 1.094517 0.500632
v 0.354653 0.891588 0.436314
v 0.381568 0.960149 0.372513
v 0.267640 0.887398 0.496796
v 0.147097 2.686418 -0.315015
v 0.204738 2.615838 -0.363730
v 0.114857 2.591982 -0.421383
v 0.058431 2.697257 -0.337593
v 0.080146 2.756906 -0.234476
v 0.257589 2.653874 -0.279337
v 0.141030 2.667225 -0.280463
v 0.082960 2.763516 -0.206281
v 0.269754 2.661445 -0.246321
v 0.137061 2.656712 -0.269927
v 0.078983 2.752980 -0.195722
v 0.129641 2.640169 -0.268663
v 0.265898 2.651227 -0.236081
v 0.246374 2.624162 -0.249558
v 0.286311 2.618623 -0.260984
v 0.251429 2.612723 -0.259068
v 0.207868 2.577271 -0.323036
v 0.290147 2.628786 -0.271169
v 0.262644 2.642436 -0.288848
v 0.211656 2.587306 -0.333094
v 0.211045 2.578404 -0.341882
v 0.203810 2.610401 -0.369505
v 0.264487 2.472298 -0.428270
v 0.207373 2.568672 -0.332128
v 0.186354 2.564151 -0.323153
v 0.260586 2.461963 -0.417912
v 0.230562 2.472210 -0.398240
v 0.222410 2.449043 -0.445266
v 0.212114 2.462114 -0.415260
v 0.104327 2.545243 -0.393769
v 0.226280 2.459298 -0.455543
v 0.223329 2.491827 -0.445040
v 0.108193 2.555480 -0.404031
v 0.007416 2.503571 -0.494615
v 0.016020 2.537450 -0.477592
v -0.022177 2.524243 -0.485043
v 0.003256 2.492550 -0.483571
v 0.004806 2.507737 -0.447813
v -0.026305 2.513308 -0.474084
v -0.008377 2.513025 -0.447502
v 0.014866 2.597598 -0.374583
v 0.023076 2.588808 -0.360044
v -0.086684 2.654858 -0.356082
v 0.018957 2.608434 -0.385443
v 0.040533 2.635056 -0.406396
v -0.082730 2.665333 -0.366579
v -0.051049 2.676599 -0.364013
v -0.074227 2.696860 -0.331894
v -0.047544 2.685729 -0.353585
v 0.039319 2.679674 -0.306471
v -0.078171 2.686410 -0.321421
v -0.058759 2.656014 -0.323805
v 0.035307 2.669045 -0.295818
v 0.040974 2.651008 -0.291241
v 0.050380 2.755141 -0.204317
v 0.054127 2.725964 -0.211498
v 0.054365 2.765696 -0.214896
v 0.065342 2.755678 -0.241278
v 0.068931 2.727193 -0.204697
v -0.062263 2.646887 -0.334234
v 0.002838 2.542738 -0.477281
v 0.097401 2.545733 -0.375031
v 0.241778 2.501923 -0.428019
v 0.187281 2.569589 -0.317378
v -0.118254 2.060085 -0.520266
v -0.197874 2.055189 -0.539331
v -0.100075 1.845843 -0.536805
v -0.141778 2.240636 -0.497863
v -0.207205 2.240636 -0.513018
v -0.272631 2.240636 -0.528173
v -0.277494 2.050293 -0.558397
v -0.272137 1.899336 -0.602488
v -0.178424 1.870285 -0.569647
v -0.251652 1.701851 -0.656853
v -0.175864 1.661671 -0.624011
v -0.126962 1.656828 -0.591170
v 0.008822 1.963112 0.535307
v 0.282380 2.029550 0.471913
v 0.027979 1.901277 0.531337
v 0.301537 1.967715 0.467943
v 0.056422 1.852377 0.530045
v 0.329981 1.918815 0.466652
v 0.075579 1.790543 0.526076
v 0.349138 1.856980 0.462682
v -0.136699 2.397016 -0.574032
v -0.163069 2.370946 -0.590578
v -0.066439 2.289288 -0.561129
v 0.032235 2.165730 -0.549859
v -0.093019 2.265999 -0.571852
v 0.007770 2.141550 -0.566027
v -0.136699 2.397016 0.607677
v -0.163069 2.370946 0.624223
v -0.066439 2.289288 0.594773
v 0.032235 2.165730 0.583504
v -0.093019 2.265999 0.605497
v 0.007770 2.141550 0.599672
v 0.017647 1.582223 0.030830
v -0.105636 1.643345 -0.114682
v 0.039882 1.557198 0.059368
v 0.029773 1.546617 -0.000382
v 0.041898 1.511011 -0.031594
v 0.055199 1.523104 0.028157
v -0.107702 1.607366 -0.138983
v -0.109768 1.571387 -0.163283
v -0.280182 1.596269 -0.114490
v -0.278116 1.632248 -0.090190
v -0.282248 1.560290 -0.138791
v -0.333467 1.592801 0.039329
v -0.315709 1.632468 0.038639
v -0.351224 1.553134 0.040018
v -0.154866 1.591894 0.135293
v -0.152800 1.628308 0.111649
v -0.156933 1.555480 0.158937
v 0.036541 1.519434 0.028736
v 0.016040 1.550846 0.006774
v 0.057042 1.488023 0.050698
v 0.071374 1.433356 -0.088699
v 0.050873 1.464767 -0.110660
v 0.095824 1.406037 -0.066737
v 0.127534 1.393198 -0.129456
v 0.071374 1.415889 -0.142726
v 0.050873 1.451854 -0.155972
v 0.148034 1.367095 -0.101391
v 0.070517 1.489010 -0.003055
v 0.029379 1.506329 0.028437
v 0.046657 1.476856 -0.002775
v 0.012101 1.535802 0.059648
v -0.094831 1.198663 -0.413115
v -0.115711 1.333748 -0.472751
v -0.106143 1.153672 -0.438789
v -0.094405 1.247749 -0.393025
v -0.147885 1.181919 -0.378379
v -0.260913 1.178447 -0.367770
v -0.163538 1.224330 -0.362673
v -0.158743 1.131685 -0.407042
v -0.271317 1.126071 -0.399423
v -0.167413 0.998053 -0.475708
v -0.295498 0.998643 -0.468088
v -0.114813 1.020040 -0.507455
v -0.179840 0.887794 -0.588437
v -0.286821 0.884209 -0.580818
v -0.127240 0.909781 -0.620185
v -0.147170 0.960756 -0.684284
v -0.250604 0.972274 -0.718428
v -0.134743 1.088204 -0.594810
v -0.238177 1.099722 -0.628955
v -0.126073 1.221837 -0.526145
v -0.229507 1.233354 -0.560289
v -0.211576 1.348479 -0.514796
v -0.311399 1.193092 -0.512624
v -0.293468 1.308217 -0.467132
v -0.329981 1.139899 -0.437597
v -0.320068 1.059459 -0.581290
v -0.338651 1.006266 -0.506263
v -0.309324 0.929905 -0.670764
v -0.327906 0.893901 -0.618992
v -0.312050 1.255024 -0.392104
v -0.312050 1.322649 -0.359158
v -0.296813 1.390058 -0.434186
v -0.268863 1.232061 -0.337132
v -0.355263 1.365999 -0.294134
v -0.293468 1.439261 -0.374179
v -0.325862 1.236915 -0.267335
v -0.395963 1.356172 -0.147067
v -0.309351 1.456581 -0.294134
v -0.350052 1.446753 -0.147067
v -0.293468 1.459942 -0.340055
v -0.353688 1.436926 -0.000071
v -0.399599 1.346344 -0.000071
v -0.350052 1.446754 0.146926
v -0.309351 1.456581 0.293992
v -0.395963 1.356172 0.146926
v -0.355263 1.365999 0.293992
v -0.366563 1.227087 0.133526
v -0.325862 1.236915 0.267193
v -0.366563 1.040233 0.106724
v -0.370199 1.217260 -0.000071
v -0.366563 1.227087 -0.133668
v -0.370199 1.030406 -0.000071
v -0.366563 1.040233 -0.106865
v -0.325862 1.050061 -0.240533
v -0.268863 1.051273 -0.292896
v -0.159230 1.074676 -0.331142
v -0.080618 1.087281 -0.349611
v -0.030158 1.118367 -0.341803
v -0.001437 1.284059 -0.356733
v 0.086354 1.132025 -0.261173
v 0.076597 1.290043 -0.300178
v 0.133626 1.139096 -0.151897
v 0.155634 1.148923 -0.000071
v 0.134478 1.297927 -0.166560
v 0.162925 1.307754 -0.000071
v 0.073431 1.406729 -0.155942
v 0.098355 1.416557 -0.000071
v 0.004803 1.396902 -0.311884
v -0.023080 1.472434 -0.156513
v 0.001845 1.482261 -0.000071
v -0.087516 1.447973 -0.360271
v -0.109690 1.398364 -0.439806
v -0.211576 1.481531 -0.416826
v -0.211576 1.443600 -0.471816
v -0.023080 1.472434 0.156371
v 0.073431 1.406729 0.155800
v -0.087516 1.447973 0.360130
v -0.001437 1.284059 0.356591
v -0.109690 1.398364 0.439664
v -0.211576 1.481531 0.416685
v 0.004803 1.396902 0.311742
v 0.076597 1.290043 0.300037
v 0.086354 1.132025 0.261031
v 0.134478 1.297927 0.166418
v 0.133626 1.139096 0.151755
v -0.030158 1.118367 0.341662
v -0.080618 1.094921 0.350846
v -0.159230 1.082400 0.325383
v -0.094405 1.247749 0.392883
v -0.094831 1.198663 0.412973
v -0.163538 1.224330 0.362532
v -0.268863 1.232061 0.336991
v -0.147885 1.181919 0.378237
v -0.260913 1.178447 0.367629
v -0.158743 1.131685 0.406901
v -0.271317 1.126071 0.399281
v -0.106143 1.153672 0.438648
v -0.167413 0.998053 0.475566
v -0.295498 0.998643 0.467947
v -0.114813 1.020040 0.507313
v -0.179840 0.903366 0.597801
v -0.289770 0.898517 0.590181
v -0.127240 0.925353 0.629548
v -0.147170 0.969250 0.669582
v -0.250604 0.980767 0.703727
v -0.134743 1.088205 0.594669
v -0.238177 1.099722 0.628813
v -0.126073 1.221837 0.526003
v -0.115711 1.333749 0.472610
v -0.229507 1.233354 0.560147
v -0.211576 1.348479 0.514655
v -0.311398 1.193092 0.512483
v -0.293468 1.308217 0.466990
v -0.329981 1.139899 0.437455
v -0.320068 1.059459 0.581149
v -0.338651 1.006267 0.506121
v -0.312273 0.937135 0.656062
v -0.330855 0.908209 0.628355
v -0.312050 1.255024 0.391963
v -0.312050 1.322649 0.359017
v -0.296813 1.390058 0.434045
v -0.211576 1.443600 0.471674
v -0.293468 1.439261 0.374037
v -0.293468 1.459942 0.339914
v -0.268863 1.056890 0.295563
v -0.325862 1.050061 0.240391
v 0.030007 1.575502 0.046331
v 0.025083 1.579209 -0.000535
v 0.064335 1.517849 0.052611
v -0.010087 1.641613 0.026622
v 0.036799 1.569680 0.103826
v 0.043649 1.558024 0.103562
v -0.010570 1.641810 0.020354
v -0.011053 1.642008 0.014086
v 0.023814 1.578344 -0.030954
v 0.055645 1.523161 -0.042502
v 0.021001 1.575203 -0.110710
v 0.025104 1.567665 -0.116479
v 0.081247 1.484348 0.004361
v 0.100159 1.443305 -0.085669
v 0.101951 1.441213 -0.076100
v 0.104766 1.447639 0.036765
v 0.105272 1.447883 0.047885
v -0.029274 1.480702 -0.227786
v -0.041818 1.461043 -0.308435
v 0.031771 1.445056 -0.197964
v -0.182203 1.548934 -0.232012
v -0.029274 1.504284 -0.154087
v 0.023341 1.464806 -0.122872
v -0.182203 1.574130 -0.152738
v -0.033697 1.529707 -0.077044
v -0.045546 1.527435 -0.000071
v -0.172689 1.586089 -0.076369
v 0.013319 1.481745 -0.061436
v 0.006709 1.480525 -0.000071
v 0.013319 1.481745 0.061294
v 0.023342 1.464806 0.122730
v -0.033697 1.529707 0.076902
v -0.029274 1.504284 0.153946
v -0.172689 1.586089 0.076228
v -0.182203 1.574130 0.152597
v -0.288468 1.550067 0.077775
v -0.170602 1.584512 -0.000071
v -0.284523 1.562247 -0.000071
v -0.288468 1.550067 -0.077917
v -0.382497 1.408846 -0.000071
v -0.388124 1.412434 -0.054114
v -0.388124 1.412434 0.053973
v -0.389474 1.405915 0.108086
v -0.383564 1.396683 0.187360
v -0.293545 1.529316 0.152335
v -0.299177 1.511667 0.217373
v -0.304833 1.489389 0.309575
v -0.182203 1.548934 0.231871
v -0.182202 1.535770 0.316242
v -0.029274 1.480702 0.227645
v -0.041818 1.461043 0.308294
v 0.031771 1.445056 0.197823
v 0.035383 1.400800 0.274988
v 0.026954 1.361665 0.371989
v -0.039409 1.449603 0.400479
v 0.026954 1.340223 0.413540
v -0.039409 1.399188 0.484729
v -0.179794 1.436931 0.514196
v -0.284999 1.422791 0.472559
v -0.179794 1.512867 0.406163
v -0.301472 1.469904 0.382201
v -0.342012 1.364074 0.358500
v -0.347659 1.386162 0.285199
v -0.318032 1.329813 0.419026
v -0.389474 1.405915 -0.108228
v -0.383564 1.396683 -0.187502
v -0.293545 1.529316 -0.152477
v -0.299177 1.511667 -0.217515
v -0.304833 1.489389 -0.309716
v -0.182203 1.535770 -0.316383
v -0.353726 1.386162 -0.285340
v -0.301472 1.469904 -0.382342
v -0.179794 1.512867 -0.406305
v -0.339653 1.366265 -0.358641
v -0.284999 1.422791 -0.472700
v -0.179794 1.436931 -0.514337
v -0.318032 1.329813 -0.419167
v -0.039409 1.399188 -0.484870
v 0.026954 1.340223 -0.413681
v -0.039409 1.449603 -0.400620
v 0.026954 1.361665 -0.372131
v 0.035383 1.400800 -0.275129
v -0.092456 0.989526 -0.495163
v -0.109383 1.068662 -0.635236
v -0.212709 0.909387 -0.457631
v -0.115021 0.986898 -0.517858
v -0.092456 1.028763 -0.462550
v -0.109383 1.107740 -0.602025
v -0.212709 0.948505 -0.424570
v -0.115831 1.062486 -0.460894
v -0.129881 1.128070 -0.576772
v -0.215649 0.995780 -0.429047
v -0.356928 1.037610 -0.484987
v -0.326092 1.099695 -0.569842
v -0.382909 0.998919 -0.492037
v -0.345761 1.073590 -0.593803
v -0.382909 0.959863 -0.525329
v -0.345761 1.034579 -0.627264
v -0.352159 0.962722 -0.542444
v -0.359566 0.719304 -0.726481
v -0.322159 1.023850 -0.626295
v -0.213357 0.921352 -0.487113
v -0.173953 0.662066 -0.654168
v -0.125511 0.338710 -0.896628
v -0.038852 0.751246 -0.693166
v 0.028679 0.440403 -0.940775
v -0.057869 0.839890 -0.849540
v -0.128863 1.051729 -0.632843
v 0.006975 0.540366 -1.114673
v -0.201089 0.881473 -0.897707
v -0.156481 0.587726 -1.169253
v -0.323434 0.801572 -0.840493
v -0.233109 1.082352 -0.669242
v -0.236863 1.106076 -0.679616
v -0.236863 1.145140 -0.646354
v -0.235699 1.159151 -0.613705
v -0.276814 0.524707 -1.105091
v -0.278662 0.359354 -1.222273
v -0.308211 0.471507 -0.977164
v -0.314031 0.262543 -1.086386
v -0.097445 0.191392 -1.000838
v -0.265720 0.259671 -1.122724
v -0.239088 0.332565 -1.225041
v -0.102641 0.206099 -1.058311
v -0.265720 0.233941 -1.135589
v -0.239088 0.306835 -1.237906
v -0.102641 0.180369 -1.071177
v -0.284601 0.221995 -1.140991
v -0.254322 0.304873 -1.257321
v -0.099186 0.161085 -1.067755
v -0.305415 0.193974 -1.149805
v -0.292100 0.279972 -1.300156
v -0.096948 0.125491 -1.067465
v -0.302198 0.131386 -1.192072
v -0.306770 0.107923 -1.168061
v -0.109964 0.043270 -1.090327
v -0.272834 0.211760 -1.304887
v 0.060696 0.229461 -1.112600
v -0.096948 0.045837 -1.105864
v 0.060696 0.149808 -1.150999
v 0.038506 0.331665 -1.290395
v 0.041026 0.253559 -1.107900
v 0.085373 0.150417 -1.174483
v 0.063183 0.252620 -1.352278
v 0.021289 0.344460 -1.266034
v 0.020680 0.261702 -1.106485
v 0.003322 0.341654 -1.245570
v 0.020680 0.287432 -1.093620
v 0.003322 0.367384 -1.232705
v 0.066339 0.299412 -1.047732
v 0.043284 0.405596 -1.232451
v -0.130343 0.455903 -1.290427
v -0.127411 0.405262 -1.276357
v -0.127411 0.379532 -1.289222
v -0.127349 0.387527 -1.315666
v -0.128612 0.380085 -1.346198
v -0.128612 0.318203 -1.420774
v -0.106817 0.297670 -1.406913
v -0.249576 0.204740 -1.341314
v 0.038506 0.269782 -1.364971
v -0.092456 0.989526 0.495021
v -0.109383 1.068663 0.635094
v -0.212709 0.909388 0.457490
v -0.115021 0.986898 0.517717
v -0.092456 1.028764 0.462408
v -0.109383 1.107740 0.601884
v -0.212709 0.948505 0.424429
v -0.115831 1.062486 0.460752
v -0.129881 1.128070 0.576631
v -0.215649 0.995780 0.428905
v -0.356928 1.037610 0.484846
v -0.326092 1.099695 0.569700
v -0.382909 0.998919 0.491896
v -0.345761 1.073591 0.593662
v -0.382909 0.959863 0.525188
v -0.345761 1.034580 0.627123
v -0.352159 0.962723 0.542302
v -0.359566 0.719304 0.726340
v -0.322159 1.023850 0.626154
v -0.213357 0.921352 0.486972
v -0.173953 0.662066 0.654026
v -0.125510 0.338710 0.896487
v -0.038852 0.751246 0.693025
v 0.028679 0.440403 0.940633
v -0.057869 0.839890 0.849399
v -0.128863 1.051729 0.632701
v 0.006975 0.540366 1.114532
v -0.201089 0.881474 0.897566
v -0.156481 0.587726 1.169111
v -0.323433 0.801572 0.840352
v -0.233109 1.082352 0.669101
v -0.236863 1.106076 0.679474
v -0.236863 1.145140 0.646213
v -0.235699 1.159151 0.613564
v -0.276814 0.524707 1.104950
v -0.278662 0.359354 1.222131
v -0.308211 0.471507 0.977023
v -0.314031 0.262543 1.086245
v -0.097445 0.191392 1.000697
v -0.265719 0.259671 1.122583
v -0.239088 0.332566 1.224899
v -0.102641 0.206099 1.058170
v -0.265719 0.233941 1.135448
v -0.239088 0.306835 1.237764
v -0.102641 0.180369 1.071035
v -0.284601 0.221995 1.140849
v -0.254322 0.304873 1.257179
v -0.099186 0.161085 1.067614
v -0.305414 0.193974 1.149664
v -0.292100 0.279972 1.300015
v -0.096948 0.125491 1.067324
v -0.302197 0.131386 1.191931
v -0.306770 0.107923 1.167920
v -0.109964 0.043270 1.090185
v -0.272833 0.211760 1.304746
v 0.060697 0.229461 1.112459
v -0.096948 0.045837 1.105722
v 0.060697 0.149808 1.150857
v 0.038507 0.331665 1.290254
v 0.041026 0.253559 1.107758
v 0.085373 0.150417 1.174341
v 0.063183 0.252620 1.352136
v 0.021290 0.344461 1.265893
v 0.020681 0.261702 1.106343
v 0.003322 0.341654 1.245428
v 0.020681 0.287433 1.093478
v 0.003322 0.367384 1.232563
v 0.066339 0.299412 1.047590
v 0.043285 0.405596 1.232310
v -0.130342 0.455903 1.290286
v -0.127411 0.405262 1.276216
v -0.127411 0.379532 1.289081
v -0.127349 0.387527 1.315525
v -0.128612 0.380085 1.346056
v -0.128612 0.318203 1.420632
v -0.106817 0.297670 1.406772
v -0.249576 0.204740 1.341173
v 0.038507 0.269782 1.364830
v 0.492106 0.188874 -0.323665
v 0.399979 0.217240 -0.255221
v 0.623101 0.344415 -0.161664
v 0.361112 0.120819 -0.485666
v 0.303025 0.148389 -0.380147
v 0.163232 0.228272 -0.762345
v 0.106292 0.257434 -0.601599
v 0.023746 0.224442 -0.853145
v -0.052249 0.253604 -0.658312
v -0.118691 0.236845 -0.907409
v -0.142507 0.266007 -0.669523
v -0.275229 0.203296 -0.846275
v -0.261158 0.269632 -0.654341
v -0.459851 0.115417 -0.757152
v -0.379102 0.191807 -0.637471
v -0.654545 0.323673 -0.710485
v -0.629872 0.387791 -0.568011
v -0.960659 0.345140 -0.588007
v -0.880641 0.444213 -0.498552
v -0.937440 0.205407 -0.292743
v -0.856296 0.328253 -0.271663
v -0.903923 0.121683 -0.013517
v -0.946306 0.205407 0.264502
v -0.794176 0.202504 -0.011770
v -0.864532 0.328253 0.246014
v -0.725247 0.316644 -0.010673
v -0.751100 0.416485 0.163592
v -0.628250 0.460016 -0.009131
v -0.745543 0.416485 -0.185674
v -0.607135 0.495699 -0.163159
v -0.729752 0.513288 -0.327698
v -0.575795 0.476023 -0.428440
v -0.587051 0.543532 -0.284803
v -0.487111 0.555237 -0.339118
v -0.387172 0.460016 -0.393433
v -0.421839 0.331833 -0.529182
v -0.327386 0.473782 -0.424096
v -0.266648 0.361996 -0.528738
v -0.183360 0.473698 -0.436399
v -0.123266 0.361912 -0.520800
v -0.023470 0.454044 -0.385369
v 0.037268 0.342257 -0.490011
v 0.028570 0.426224 -0.371363
v 0.122647 0.296616 -0.467032
v 0.093776 0.426224 -0.256600
v 0.227501 0.296616 -0.267577
v 0.162331 0.440553 -0.176336
v 0.301773 0.310945 -0.173654
v 0.230886 0.542367 -0.096071
v 0.376045 0.412758 -0.079731
v 0.256966 0.596235 0.004954
v 0.227685 0.542367 0.105099
v 0.375320 0.506496 0.006838
v 0.373290 0.412758 0.093385
v 0.524679 0.467314 0.009214
v 0.492508 0.373576 0.147770
v 0.647216 0.430326 0.011163
v 0.496933 0.373576 -0.130295
v 0.617615 0.344415 0.183137
v 0.481533 0.188874 0.340888
v 0.391629 0.217240 0.269548
v 0.345451 0.120819 0.498640
v 0.138868 0.228272 0.768883
v 0.290751 0.148389 0.391326
v 0.087071 0.257434 0.606407
v 0.218846 0.296616 0.276410
v 0.107700 0.296616 0.472428
v 0.085537 0.426224 0.261185
v 0.296068 0.310945 0.184897
v 0.156611 0.440553 0.183142
v 0.016713 0.426224 0.373815
v -0.035745 0.454044 0.386158
v 0.021632 0.342257 0.492679
v -0.197178 0.473699 0.432076
v -0.139800 0.361912 0.518345
v -0.340740 0.473782 0.415197
v -0.283362 0.361996 0.521718
v -0.399521 0.460016 0.382648
v -0.438487 0.331833 0.517224
v -0.497681 0.555237 0.325181
v -0.589161 0.476024 0.411636
v -0.595841 0.543532 0.267713
v -0.739835 0.513288 0.306046
v -0.612046 0.495699 0.145493
v -0.896084 0.444213 0.472014
v -0.647651 0.387791 0.549416
v -0.978907 0.345140 0.558879
v -0.676845 0.323673 0.691033
v -0.483733 0.115417 0.743870
v -0.399218 0.191807 0.626819
v -0.302040 0.203296 0.838822
v -0.281870 0.269632 0.647433
v -0.147526 0.236845 0.904905
v -0.163762 0.266007 0.666382
v -0.003435 0.224442 0.855200
v -0.073194 0.253604 0.658048
v -0.152587 0.307750 0.526725
v -0.296808 0.219096 0.651381
v -0.313414 0.327405 0.497507
v -0.064669 0.262109 0.536106
v -0.171469 0.419536 0.407216
v -0.339000 0.439191 0.397107
v -0.117882 0.391717 0.412934
v -0.015655 0.391717 0.329436
v 0.105098 0.262109 0.387932
v 0.077246 0.406046 0.279320
v 0.170148 0.507859 0.229205
v 0.208260 0.276437 0.327141
v 0.311422 0.378251 0.266349
v 0.270412 0.182733 0.438651
v 0.405915 0.339069 0.357132
v 0.331632 0.154367 0.535730
v 0.134910 0.113882 0.520171
v -0.128484 0.222926 0.655704
v 0.151002 0.086312 0.639542
v -0.133391 0.193765 0.826165
v -0.296245 0.189935 0.860509
v -0.448665 0.202338 0.859716
v -0.385029 0.231499 0.629265
v -0.572593 0.168788 0.746210
v -0.490206 0.235125 0.572288
v -0.712611 0.080910 0.596467
v -0.594115 0.157299 0.513991
v -0.877345 0.289166 0.482684
v -1.118632 0.310632 0.257991
v -0.802920 0.353283 0.358715
v -1.011725 0.409706 0.203440
v -0.702118 0.441515 0.248064
v -0.809345 0.478781 0.098551
v -0.587176 0.520729 0.196765
v -0.594892 0.297325 0.397577
v -0.449999 0.327488 0.453167
v -0.513573 0.425509 0.283486
v -0.468881 0.439275 0.333658
v -0.660780 0.509024 0.110044
v -0.635613 0.461191 -0.010651
v -0.772819 0.381977 -0.039602
v -0.599720 0.425509 -0.161920
v -0.690738 0.282136 -0.195484
v -0.528808 0.461191 -0.300275
v -0.651960 0.381977 -0.367337
v -0.469588 0.509024 -0.408413
v -0.590045 0.478781 -0.496127
v -0.357304 0.520729 -0.426583
v -0.411420 0.441515 -0.540226
v -0.245020 0.425509 -0.444754
v -0.232795 0.297325 -0.584325
v -0.178454 0.439275 -0.453898
v -0.086502 0.327488 -0.532534
v -0.038475 0.439191 -0.417831
v 0.046169 0.327405 -0.477581
v 0.095508 0.419536 -0.316751
v 0.187461 0.307750 -0.395387
v 0.139978 0.391717 -0.286308
v 0.260420 0.262108 -0.345441
v 0.163518 0.391717 -0.156431
v 0.293338 0.262108 -0.122522
v 0.201639 0.406046 -0.057997
v 0.332332 0.276437 -0.009308
v 0.239760 0.507859 0.040436
v 0.371326 0.378251 0.103906
v 0.230927 0.561728 0.144399
v 0.341986 0.471988 0.185353
v 0.482138 0.432806 0.237037
v 0.597121 0.395819 0.279440
v 0.502136 0.339069 0.096209
v 0.452002 0.182733 -0.053768
v 0.631576 0.309907 0.108373
v 0.561593 0.154367 -0.087857
v 0.491610 0.086312 -0.284088
v 0.401869 0.113882 -0.203745
v 0.396472 0.193764 -0.610671
v 0.289532 0.222926 -0.477836
v 0.294907 0.189935 -0.742524
v 0.158702 0.219096 -0.583833
v 0.178464 0.202337 -0.840880
v 0.077245 0.231499 -0.624289
v 0.010514 0.168788 -0.835010
v -0.039743 0.235125 -0.649239
v -0.193201 0.080910 -0.812026
v -0.156622 0.157299 -0.672362
v -0.392367 0.289166 -0.832438
v -0.416247 0.353283 -0.689830
v -0.721766 0.310632 -0.818197
v -0.675872 0.409706 -0.707297
v -0.797596 0.170899 -0.531893
v -0.728005 0.293745 -0.485140
v -0.858399 0.087176 -0.257313
v -0.990424 0.170899 -0.008998
v -0.755417 0.167996 -0.219336
v -0.907140 0.293745 0.000625
v 0.512262 0.309907 0.431919
v 0.036793 0.322884 -0.248405
v -0.030645 0.322168 -0.380255
v 0.011355 0.443488 -0.201750
v -0.007133 0.322905 -0.131952
v 0.034527 0.064342 -0.252128
v 0.032261 -0.194199 -0.255851
v -0.002092 0.064400 -0.144231
v -0.028871 0.063985 -0.367852
v -0.027098 -0.194199 -0.355449
v -0.166293 0.064067 -0.421398
v -0.185184 0.322248 -0.441077
v -0.147401 -0.194114 -0.401718
v -0.306047 0.064632 -0.331779
v -0.351476 0.323178 -0.341352
v -0.260617 -0.193913 -0.322207
v -0.325040 0.065186 -0.162586
v -0.273158 -0.193758 -0.169053
v -0.376922 0.324131 -0.156120
v -0.263548 0.039748 -0.078483
v -0.240317 -0.210115 -0.094418
v -0.286778 0.289611 -0.062548
v -0.172760 0.039469 -0.046997
v -0.154962 -0.210206 -0.064805
v -0.190558 0.289144 -0.029188
v -0.071029 0.039137 -0.076072
v -0.059330 -0.210337 -0.092378
v -0.082727 0.288610 -0.059765
v -0.090639 0.380157 -0.000071
v -0.190794 0.319740 -0.000071
v 0.010026 0.440500 -0.000071
v -0.082727 0.288610 0.059624
v -0.007133 0.322905 0.131810
v -0.190558 0.289144 0.029047
v -0.071029 0.039137 0.075930
v -0.059330 -0.210337 0.092237
v -0.172760 0.039469 0.046855
v -0.002092 0.064400 0.144090
v 0.002949 -0.194104 0.156369
v 0.034527 0.064342 0.251987
v 0.036793 0.322884 0.248264
v 0.032261 -0.194199 0.255710
v -0.028871 0.063985 0.367710
v -0.027098 -0.194199 0.355307
v -0.030645 0.322168 0.380114
v -0.166293 0.064067 0.421256
v -0.185184 0.322249 0.440935
v -0.147401 -0.194114 0.401577
v -0.306047 0.064632 0.331638
v -0.351476 0.323178 0.341211
v -0.260617 -0.193913 0.322065
v -0.325040 0.065186 0.162445
v -0.273158 -0.193758 0.168911
v -0.376922 0.324131 0.155979
v -0.263548 0.039748 0.078341
v -0.240317 -0.210115 0.094276
v -0.286778 0.289611 0.062407
v -0.325345 0.350429 -0.000071
v -0.450450 0.440250 -0.000071
v -0.400601 0.444406 -0.293948
v -0.455685 0.573378 -0.000071
v -0.400601 0.444406 0.293806
v -0.182425 0.443182 0.409846
v -0.419004 0.577712 0.237513
v -0.175902 0.576449 0.354553
v -0.324668 0.703639 0.222283
v -0.167755 0.702940 0.270969
v -0.362867 0.699947 -0.000071
v -0.289018 0.853163 0.221628
v -0.166437 0.852693 0.270521
v -0.326934 0.850351 -0.000071
v -0.289018 0.853163 -0.221769
v -0.166437 0.852693 -0.270662
v -0.324668 0.703639 -0.222424
v -0.419004 0.577712 -0.237654
v -0.167755 0.702940 -0.271111
v -0.175902 0.576449 -0.354694
v -0.064821 0.702568 -0.246479
v -0.039640 0.576196 -0.272284
v 0.011313 0.702488 -0.130261
v -0.063766 0.852429 -0.246138
v 0.015612 0.852374 -0.129924
v 0.048058 0.850350 -0.000071
v 0.039966 0.699947 -0.000071
v 0.015612 0.852374 0.129783
v -0.063766 0.852428 0.245997
v 0.011313 0.702488 0.130120
v 0.022476 0.576247 0.148278
v -0.064821 0.702568 0.246338
v -0.039640 0.576196 0.272143
v -0.029397 0.443104 0.332394
v 0.011355 0.443488 0.201608
v 0.028561 0.573379 -0.000071
v 0.022476 0.576247 -0.148420
v -0.029397 0.443104 -0.332536
v -0.182425 0.443182 -0.409987
v -0.154962 -0.210206 0.064664
v -0.231542 -0.428792 0.104964
v -0.222767 -0.647469 0.115652
v -0.147055 -0.428847 0.075654
v -0.264018 -0.420614 0.173934
v -0.254878 -0.647469 0.178957
v -0.246013 -0.420706 0.318479
v -0.231409 -0.647498 0.314893
v -0.137064 -0.420826 0.391603
v -0.126726 -0.647538 0.381629
v -0.027471 -0.420877 0.349979
v -0.027844 -0.647556 0.344651
v 0.031339 -0.420880 0.260827
v 0.030417 -0.647560 0.265944
v 0.006950 -0.420823 0.165805
v 0.010951 -0.647541 0.175242
v -0.052418 -0.428927 0.103011
v -0.045506 -0.647517 0.113784
v -0.139147 -0.647487 0.086643
v 0.002949 -0.194104 -0.156511
v -0.052418 -0.428927 -0.103152
v -0.045506 -0.647517 -0.113926
v 0.006950 -0.420823 -0.165947
v -0.147055 -0.428847 -0.075795
v -0.139147 -0.647488 -0.086785
v -0.231542 -0.428792 -0.105105
v -0.222767 -0.647469 -0.115793
v -0.264018 -0.420614 -0.174076
v -0.254878 -0.647469 -0.179099
v -0.246013 -0.420706 -0.318621
v -0.231409 -0.647498 -0.315035
v -0.137064 -0.420826 -0.391744
v -0.126726 -0.647538 -0.381770
v -0.027471 -0.420877 -0.350121
v -0.027844 -0.647556 -0.344793
v 0.031339 -0.420880 -0.260968
v 0.030417 -0.647560 -0.266085
v 0.010951 -0.647541 -0.175383
v -0.022978 0.333176 -1.122037
v -0.040078 0.374422 -1.168177
v -0.045544 0.323931 -1.108288
v -0.022978 0.237166 -1.195081
v 0.030655 0.260978 -1.170148
v -0.046862 0.386871 -1.086932
v -0.059685 0.417800 -1.121530
v -0.063783 0.379940 -1.076623
v -0.046862 0.590140 -0.911967
v -0.059685 0.621068 -0.946565
v -0.063783 0.583208 -0.901658
v -0.080704 0.576276 -0.891349
v -0.164442 0.575393 -0.886434
v -0.080704 0.373008 -1.066314
v -0.164442 0.372124 -1.061399
v -0.068110 0.314687 -1.094540
v -0.179784 0.313509 -1.087985
v -0.100616 0.226599 -1.170438
v -0.113618 0.191364 -1.200797
v -0.045544 0.230034 -1.185030
v -0.168332 0.225542 -1.173321
v -0.163751 0.190355 -1.207455
v -0.205044 0.223134 -1.184579
v -0.205044 0.319144 -1.111535
v -0.205044 0.184730 -1.213797
v -0.210636 0.233241 -1.203661
v -0.210636 0.194837 -1.232879
v -0.210636 0.329251 -1.130616
v -0.184480 0.260977 -1.237885
v -0.178635 0.225399 -1.270545
v -0.199092 0.349920 -1.156238
v -0.128827 0.287890 -1.270652
v -0.128827 0.383900 -1.197607
v -0.128827 0.249486 -1.299870
v -0.079699 0.277870 -1.250128
v -0.077798 0.237354 -1.277022
v -0.084452 0.379161 -1.182892
v -0.040078 0.278413 -1.241222
v -0.040078 0.240009 -1.270440
v 0.018318 0.247123 -1.208689
v 0.031115 0.275409 -1.185069
v 0.017858 0.232691 -1.193769
v -0.032800 0.132053 -1.322678
v -0.022978 0.198762 -1.224299
v -0.045544 0.192475 -1.215726
v -0.015700 0.123338 -1.309069
v -0.056698 0.111578 -1.308963
v -0.061448 0.126438 -1.333290
v -0.087245 0.100010 -1.312361
v -0.113692 0.100777 -1.311427
v -0.098576 0.115776 -1.333894
v -0.128077 0.113479 -1.330732
v -0.092958 0.421353 -1.132564
v -0.126232 0.424906 -1.143598
v -0.092958 0.624622 -0.957599
v -0.126232 0.628175 -0.968633
v -0.178920 0.602696 -0.937612
v -0.187576 0.587197 -0.918400
v -0.178920 0.399427 -1.112578
v -0.187576 0.383928 -1.093366
v -0.183383 0.376350 -1.079057
v -0.183383 0.579618 -0.904092
v -0.152771 0.114871 -1.319903
v -0.169852 0.106611 -1.309847
v -0.147556 0.094939 -1.285928
v -0.164748 0.094593 -1.288211
v -0.188506 0.135388 -1.290886
v -0.181296 0.118411 -1.260323
v -0.204009 0.120582 -1.272640
v -0.201299 0.115686 -1.263396
v -0.022977 0.333176 1.121895
v -0.040077 0.374422 1.168035
v -0.045543 0.323931 1.108146
v -0.022977 0.237166 1.194939
v 0.030656 0.260978 1.170006
v -0.046862 0.386871 1.086791
v -0.059684 0.417799 1.121389
v -0.063783 0.379940 1.076482
v -0.046862 0.590140 0.911825
v -0.059684 0.621068 0.946424
v -0.063783 0.583208 0.901516
v -0.080704 0.576276 0.891207
v -0.164442 0.575393 0.886292
v -0.080704 0.373008 1.066172
v -0.164442 0.372124 1.061257
v -0.068110 0.314687 1.094398
v -0.179784 0.313509 1.087844
v -0.100616 0.226599 1.170296
v -0.113618 0.191364 1.200655
v -0.045543 0.230034 1.184888
v -0.168332 0.225542 1.173179
v -0.163751 0.190355 1.207313
v -0.205043 0.223134 1.184438
v -0.205043 0.319144 1.111393
v -0.205043 0.184730 1.213655
v -0.210636 0.233241 1.203520
v -0.210636 0.194837 1.232738
v -0.210636 0.329251 1.130475
v -0.184479 0.260977 1.237744
v -0.178634 0.225400 1.270403
v -0.199092 0.349920 1.156096
v -0.128826 0.287890 1.270510
v -0.128827 0.383900 1.197465
v -0.128826 0.249487 1.299728
v -0.079699 0.277870 1.249986
v -0.077798 0.237354 1.276880
v -0.084452 0.379161 1.182750
v -0.040077 0.278412 1.241080
v -0.040077 0.240009 1.270298
v 0.018318 0.247123 1.208547
v 0.031116 0.275409 1.184927
v 0.017858 0.232691 1.193627
v -0.032800 0.132053 1.322536
v -0.022977 0.198762 1.224157
v -0.045543 0.192475 1.215585
v -0.015700 0.123338 1.308928
v -0.056698 0.111578 1.308821
v -0.061448 0.126438 1.333149
v -0.087245 0.100010 1.312219
v -0.113691 0.100777 1.311286
v -0.098575 0.115776 1.333753
v -0.128076 0.113479 1.330590
v -0.092958 0.421353 1.132422
v -0.126232 0.424906 1.143456
v -0.092958 0.624622 0.957457
v -0.126232 0.628175 0.968491
v -0.178919 0.602695 0.937471
v -0.187576 0.587197 0.918259
v -0.178919 0.399427 1.112436
v -0.187576 0.383928 1.093224
v -0.183382 0.376349 1.078916
v -0.183382 0.579618 0.903951
v -0.152771 0.114871 1.319762
v -0.169852 0.106611 1.309705
v -0.147555 0.094939 1.285786
v -0.164748 0.094593 1.288069
v -0.188506 0.135388 1.290745
v -0.181296 0.118411 1.260182
v -0.204008 0.120582 1.272498
v -0.201299 0.115686 1.263254
v 0.123547 1.045822 -0.138919
v 0.094883 1.001028 -0.214642
v 0.141357 0.947241 -0.053080
v 0.106058 1.161369 -0.268502
v 0.159025 1.098445 -0.044334
v 0.161717 1.076826 -0.029297
v 0.102298 1.154832 -0.278234
v 0.098537 1.148295 -0.287967
v 0.077077 0.965966 -0.259460
v 0.053814 0.767060 -0.212494
v -0.021126 0.766930 -0.423699
v -0.022701 0.746788 -0.422434
v 0.112495 0.781878 -0.055410
v 0.207623 0.648519 -0.084919
v 0.213802 0.655222 -0.067691
v 0.066647 0.761449 0.123055
v 0.079927 0.796497 0.146766
v 0.078990 0.815091 -0.095810
v 0.078990 0.803625 -0.006573
v 0.026757 0.823982 -0.252630
v 0.116119 0.926914 -0.081443
v 0.052727 0.938948 -0.252121
v 0.116119 0.915449 0.007794
v 0.116119 0.903983 0.097032
v 0.078990 0.792160 0.082664
v 0.052727 0.872479 0.265208
v 0.026757 0.761118 0.236638
v -0.024485 0.858048 0.358509
v -0.067584 0.747622 0.316253
v -0.304830 0.821819 0.313927
v -0.337042 0.738721 0.254498
v -0.373611 0.832201 0.156180
v -0.396297 0.847828 -0.000894
v -0.359531 0.741500 0.123885
v -0.401344 0.755059 -0.012813
v -0.359531 0.776497 -0.148499
v -0.337043 0.806827 -0.275572
v -0.373611 0.872417 -0.156816
v -0.304830 0.902250 -0.312064
v -0.024485 0.948573 -0.346039
v -0.067584 0.831051 -0.333071
v 0.050328 0.985357 0.312253
v 0.059897 0.975309 0.297878
v 0.036238 0.964625 0.325781
v 0.073981 1.010124 0.292844
v 0.038304 0.997192 0.330148
v 0.035741 0.992625 0.332437
v 0.075193 1.008665 0.290982
v 0.076406 1.007206 0.289120
v 0.065375 0.967523 0.289212
v 0.050218 0.924344 0.287674
v 0.080754 0.923982 0.251506
v 0.080141 0.919657 0.251359
v 0.028768 0.928385 0.316188
v 0.026018 0.880087 0.303837
v 0.023765 0.881623 0.307043
v -0.000953 0.922034 0.337234
v -0.003220 0.929687 0.342524
v 0.067716 -0.588803 0.271297
v -0.004277 -0.600928 0.374115
v 0.041245 -0.572985 0.153418
v 0.029602 -0.974653 0.340298
v -0.008511 -1.402837 0.421393
v -0.000057 -0.986051 0.211449
v -0.051062 -0.949842 0.452087
v -0.097848 -1.373698 0.556359
v -0.190213 -0.923988 0.504587
v -0.128467 -0.579313 0.420035
v -0.251959 -1.345066 0.630620
v -0.339962 -0.914438 0.409756
v -0.262116 -0.527263 0.331082
v -0.417808 -1.334821 0.506393
v -0.376327 -0.932657 0.216648
v -0.294571 -0.512376 0.156297
v -0.458083 -1.363918 0.309487
v -0.332331 -0.949684 0.126731
v -0.255306 -0.525844 0.075940
v -0.409357 -1.385742 0.220286
v -0.214616 -0.971164 0.085550
v -0.150246 -0.545015 0.039187
v -0.278986 -1.409532 0.174677
v -0.081413 -0.985186 0.124132
v -0.031364 -0.560424 0.074007
v -0.131461 -1.425061 0.217407
v -0.181510 -1.815858 0.174333
v -0.041359 -1.422117 0.300453
v -0.082661 -1.839181 0.326360
v -0.046624 -1.827701 0.487838
v -0.176325 -1.868497 0.314553
v -0.156841 -1.862290 0.401860
v -0.229770 -1.855887 0.232356
v -0.176325 -1.897820 0.314553
v -0.156841 -1.891613 0.401860
v -0.229770 -1.885210 0.232356
v -0.317276 -1.863955 0.182168
v -0.394608 -1.860206 0.230594
v -0.317276 -1.834631 0.182168
v -0.394608 -1.830882 0.230594
v -0.343355 -1.734320 0.109238
v -0.486382 -1.769612 0.171075
v -0.539838 -1.768477 0.320655
v -0.495654 -1.753129 0.576153
v -0.423510 -1.830269 0.311468
v -0.399620 -1.821970 0.449610
v -0.423510 -1.859592 0.311468
v -0.399620 -1.851294 0.449610
v -0.301245 -1.855027 0.516374
v -0.209832 -1.873755 0.478354
v -0.301245 -1.825704 0.516374
v -0.209832 -1.844431 0.478354
v -0.313705 -1.761207 0.686733
v -0.144634 -1.750686 0.620518
v -0.170733 -1.866935 -0.323114
v -0.159192 -1.863895 -0.449078
v -0.122595 -1.958930 -0.303780
v -0.283795 -1.853108 -0.204589
v -0.261560 -1.945647 -0.191035
v -0.363662 -1.841567 -0.231601
v -0.433521 -1.832995 -0.262209
v -0.344821 -1.946276 -0.192707
v -0.424774 -1.951816 -0.188162
v -0.332725 -2.045489 -0.199185
v -0.255275 -2.046600 -0.191695
v -0.415283 -2.054635 -0.191046
v -0.324978 -2.172011 -0.216611
v -0.215367 -2.181866 -0.218788
v -0.410177 -2.123859 -0.196081
v -0.315841 -2.175164 -0.359337
v -0.456545 -2.132865 -0.363860
v -0.132362 -2.278508 -0.286120
v -0.274697 -2.165926 -0.469260
v -0.403518 -2.115436 -0.498170
v -0.102815 -2.276873 -0.413559
v -0.264406 -2.119275 -0.538783
v -0.370749 -2.098870 -0.567651
v -0.120871 -2.201616 -0.493116
v -0.274785 -2.042531 -0.581319
v -0.376481 -2.043264 -0.596051
v -0.161584 -2.046174 -0.534851
v -0.276329 -1.939363 -0.579327
v -0.378704 -1.948510 -0.620510
v -0.167785 -1.936942 -0.538374
v -0.301871 -1.830876 -0.542580
v -0.232596 -1.841298 -0.536397
v -0.365839 -1.820273 -0.545722
v -0.391307 -1.812066 -0.485218
v -0.427008 -1.806839 -0.424004
v -0.449816 -1.956834 -0.531442
v -0.530635 -1.967423 -0.406680
v -0.467687 -2.064291 -0.534288
v -0.548963 -2.081401 -0.406347
v -0.112195 -1.946742 -0.420256
v -0.027974 -1.993981 -0.488381
v 0.028436 -2.009352 -0.392527
v 0.013490 -2.085476 -0.484081
v 0.050487 -2.103255 -0.378698
v -0.008288 -2.196314 -0.456771
v -0.000925 -2.208790 -0.380024
v -0.021844 -2.208483 -0.280777
v 0.034835 -2.097291 -0.264606
v -0.100766 -2.201121 -0.212784
v -0.070430 -2.070468 -0.181693
v -0.086895 -1.990570 -0.180000
v 0.012218 -2.007885 -0.259381
v -0.170733 -1.866935 0.322973
v -0.159192 -1.863895 0.448936
v -0.122595 -1.958930 0.303638
v -0.283795 -1.853108 0.204448
v -0.261560 -1.945647 0.190893
v -0.363662 -1.841567 0.231460
v -0.433521 -1.832995 0.262068
v -0.344821 -1.946276 0.192566
v -0.424774 -1.951816 0.188021
v -0.332725 -2.045489 0.199044
v -0.255275 -2.046600 0.191553
v -0.415283 -2.054636 0.190905
v -0.324978 -2.172011 0.216469
v -0.215367 -2.181866 0.218647
v -0.410177 -2.123859 0.195940
v -0.315841 -2.175164 0.359195
v -0.456545 -2.132865 0.363719
v -0.132362 -2.278508 0.285978
v -0.274697 -2.165926 0.469119
v -0.403518 -2.115436 0.498029
v -0.102815 -2.276873 0.413417
v -0.264406 -2.119275 0.538641
v -0.370749 -2.098871 0.567510
v -0.120871 -2.201616 0.492975
v -0.274785 -2.042531 0.581177
v -0.376481 -2.043264 0.595910
v -0.161584 -2.046174 0.534710
v -0.276329 -1.939363 0.579186
v -0.378703 -1.948510 0.620369
v -0.167784 -1.936942 0.538232
v -0.301871 -1.830876 0.542439
v -0.232596 -1.841298 0.536255
v -0.365839 -1.820273 0.545580
v -0.391307 -1.812066 0.485077
v -0.427008 -1.806839 0.423863
v -0.449816 -1.956834 0.531301
v -0.530634 -1.967423 0.406538
v -0.467686 -2.064291 0.534146
v -0.548963 -2.081401 0.406206
v -0.112195 -1.946742 0.420115
v -0.027974 -1.993981 0.488240
v 0.028436 -2.009352 0.392386
v 0.013490 -2.085477 0.483939
v 0.050487 -2.103255 0.378556
v -0.008288 -2.196314 0.456629
v -0.000925 -2.208790 0.379883
v -0.021844 -2.208483 0.280635
v 0.034835 -2.097291 0.264465
v -0.100766 -2.201122 0.212642
v -0.070430 -2.070468 0.181551
v -0.086895 -1.990570 0.179858
v 0.012218 -2.007885 0.259239
v 0.060516 -0.544195 -0.299908
v 0.046522 -0.552558 -0.344277
v 0.074839 -0.606116 -0.277494
v 0.045541 -0.462925 -0.342858
v 0.077960 -0.535342 -0.245108
v 0.080424 -0.548268 -0.241994
v 0.043734 -0.464373 -0.348706
v 0.041928 -0.465821 -0.354554
v 0.038152 -0.561594 -0.372134
v 0.026817 -0.668200 -0.387694
v -0.006491 -0.629545 -0.487388
v -0.006473 -0.639392 -0.490547
v 0.055441 -0.688157 -0.310234
v 0.039532 -0.790991 -0.366138
v 0.042680 -0.790756 -0.356694
v 0.061412 -0.735813 -0.237141
v 0.067150 -0.723050 -0.219323
v -0.005423 -0.805679 0.434475
v 0.013954 -0.812678 0.400696
v -0.011097 -0.857509 0.456005
v 0.012524 -0.737652 0.400897
v -0.029264 -0.798268 0.476295
v -0.029783 -0.809088 0.479578
v 0.015099 -0.738864 0.396468
v 0.017675 -0.740076 0.392039
v 0.026355 -0.820242 0.379744
v 0.029505 -0.909476 0.363940
v 0.071985 -0.877120 0.286893
v 0.073940 -0.885362 0.285113
v -0.001945 -0.926181 0.425495
v 0.023446 -1.012258 0.383994
v 0.019418 -1.012061 0.391288
v -0.043554 -0.966072 0.470627
v -0.051268 -0.955388 0.484265
v -0.021926 -1.685233 -0.519837
v -0.145293 -1.616051 -0.628107
v -0.013227 -1.718208 -0.339899
v -0.016943 -1.579790 -0.506032
v -0.007827 -1.613526 -0.331436
v -0.139176 -1.516845 -0.614903
v -0.305518 -1.518952 -0.682047
v -0.313591 -1.623322 -0.694449
v -0.484530 -1.516051 -0.569916
v -0.494709 -1.620617 -0.584114
v -0.528002 -1.545043 -0.324362
v -0.538691 -1.648185 -0.330821
v -0.475409 -1.555696 -0.183711
v -0.485479 -1.656518 -0.182154
v -0.334690 -1.531197 -0.123022
v -0.343106 -1.624406 -0.118972
v -0.175457 -1.600361 -0.170739
v -0.182000 -1.702049 -0.170027
v -0.021926 -1.685234 0.519696
v -0.145293 -1.616051 0.627966
v -0.013227 -1.718208 0.339758
v -0.016943 -1.579790 0.505890
v -0.007826 -1.613527 0.331295
v -0.139175 -1.516845 0.614762
v -0.305518 -1.518952 0.681906
v -0.313591 -1.623322 0.694308
v -0.484530 -1.516051 0.569775
v -0.494708 -1.620617 0.583972
v -0.528002 -1.545043 0.324221
v -0.538691 -1.648185 0.330679
v -0.475409 -1.555696 0.183570
v -0.485479 -1.656518 0.182012
v -0.334690 -1.531197 0.122881
v -0.343106 -1.624406 0.118830
v -0.175457 -1.600361 0.170597
v -0.182000 -1.702049 0.169885
v -0.007297 -1.470619 -0.504221
v -0.124445 -1.419955 -0.605253
v 0.010934 -1.491615 -0.329801
v -0.003331 -1.372385 -0.491469
v 0.014246 -1.394472 -0.321297
v -0.119508 -1.326715 -0.593560
v -0.269135 -1.335829 -0.647267
v -0.279373 -1.434812 -0.661669
v -0.449242 -1.327780 -0.558400
v -0.460514 -1.427765 -0.572697
v -0.490553 -1.334668 -0.356398
v -0.502406 -1.434388 -0.360954
v -0.434618 -1.331054 -0.236993
v -0.445789 -1.428216 -0.233609
v -0.304390 -1.315695 -0.168927
v -0.310746 -1.401799 -0.165975
v -0.146771 -1.383160 -0.192995
v -0.151047 -1.478448 -0.191624
v -0.007297 -1.470619 0.504079
v -0.124445 -1.419954 0.605111
v 0.010934 -1.491615 0.329659
v -0.003331 -1.372385 0.491327
v 0.014246 -1.394472 0.321156
v -0.119508 -1.326714 0.593419
v -0.269135 -1.335829 0.647126
v -0.279373 -1.434812 0.661528
v -0.449242 -1.327780 0.558259
v -0.460514 -1.427765 0.572555
v -0.490553 -1.334667 0.356256
v -0.502406 -1.434388 0.360813
v -0.434618 -1.331053 0.236852
v -0.445789 -1.428216 0.233468
v -0.304390 -1.315694 0.168786
v -0.310746 -1.401799 0.165834
v -0.146771 -1.383160 0.192853
v -0.151047 -1.478448 0.191483
v -0.007660 -1.539981 -0.498629
v -0.125080 -1.498448 -0.601164
v 0.009645 -1.564386 -0.319369
v -0.010826 -1.492472 -0.493674
v 0.005963 -1.516626 -0.317562
v -0.126928 -1.453552 -0.597309
v -0.272606 -1.443182 -0.647556
v -0.275528 -1.490387 -0.653821
v -0.451127 -1.432911 -0.555633
v -0.454995 -1.480716 -0.562257
v -0.493623 -1.445999 -0.344831
v -0.498197 -1.494952 -0.343169
v -0.440363 -1.452173 -0.217112
v -0.444541 -1.500975 -0.207953
v -0.314348 -1.451340 -0.142629
v -0.314570 -1.492857 -0.129147
v -0.154507 -1.498542 -0.162999
v -0.152021 -1.548496 -0.157938
v -0.007660 -1.539981 0.498487
v -0.125079 -1.498447 0.601022
v 0.009645 -1.564385 0.319227
v -0.010826 -1.492472 0.493533
v 0.005964 -1.516625 0.317420
v -0.126928 -1.453552 0.597168
v -0.272606 -1.443182 0.647414
v -0.275528 -1.490387 0.653680
v -0.451127 -1.432911 0.555491
v -0.454995 -1.480716 0.562115
v -0.493623 -1.445998 0.344690
v -0.498197 -1.494952 0.343027
v -0.440363 -1.452173 0.216970
v -0.444541 -1.500974 0.207811
v -0.314347 -1.451339 0.142487
v -0.314570 -1.492856 0.129006
v -0.154507 -1.498542 0.162858
v -0.152021 -1.548496 0.157797
v 0.042847 0.571135 -0.085363
v 0.058056 0.482282 -0.094714
v 0.041894 0.570865 -0.000000
v 0.003078 0.568958 -0.235904
v 0.018485 0.479400 -0.249853
v -0.092399 0.582774 -0.357695
v -0.092002 0.492082 -0.395100
v -0.279160 0.519139 -0.367706
v -0.278980 0.424764 -0.394987
v -0.419814 0.545169 -0.256205
v -0.447191 0.556002 -0.143765
v -0.419426 0.447142 -0.269815
v -0.447117 0.456093 -0.150912
v -0.465555 0.466067 0.000000
v -0.388197 0.330978 -0.105183
v -0.395175 0.339207 -0.000000
v -0.302241 0.298577 -0.059763
v -0.216104 0.266233 -0.031329
v -0.305816 0.303811 -0.000000
v -0.216456 0.268416 -0.000000
v -0.302241 0.298577 0.059763
v -0.216104 0.266233 0.031329
v -0.388197 0.330978 0.105183
v -0.447117 0.456093 0.150912
v -0.419426 0.447142 0.269815
v -0.447191 0.556002 0.143765
v -0.419814 0.545169 0.256205
v -0.459606 0.567122 0.000000
v -0.279159 0.519139 0.367706
v -0.278980 0.424764 0.394987
v -0.092399 0.582774 0.357695
v -0.092001 0.492082 0.395100
v 0.003078 0.568958 0.235904
v 0.018485 0.479400 0.249853
v 0.042847 0.571135 0.085362
v 0.058056 0.482282 0.094714
v 0.054635 0.481273 -0.000000
v 0.049609 0.409773 0.074219
v -0.002438 0.333569 0.083218
v 0.042989 0.408465 -0.000000
v 0.033885 0.430030 0.168817
v -0.007768 0.333227 -0.000000
v 0.049609 0.409773 -0.074219
v -0.002438 0.333569 -0.083218
v 0.033885 0.430030 -0.168818
v -0.128761 0.255979 -0.036618
v -0.131169 0.257936 -0.000000
v -0.128761 0.255979 0.036618
v 0.355883 2.427708 -0.171456
v 0.361221 2.442672 -0.000071
v 0.305778 2.404174 -0.282152
v 0.355884 1.796058 -0.197985
v 0.287396 1.736655 -0.187995
v 0.361222 1.764249 -0.000071
v 0.305778 1.835839 -0.298567
v 0.238563 1.775638 -0.282573
v 0.193886 1.872797 -0.357149
v 0.136202 1.824685 -0.338667
v -0.486805 1.945576 -0.375267
v 0.193886 2.409195 -0.340826
v -0.487496 2.402929 -0.359108
v -0.549585 2.402929 -0.000071
v -0.549152 1.947074 -0.000071
v -0.521044 2.402929 0.193631
v -0.458513 2.402929 0.353748
v -0.520482 1.946325 0.201710
v -0.457822 1.945576 0.369906
v -0.519411 1.888161 0.188811
v -0.461288 1.887475 0.344108
v -0.543544 1.888848 -0.000071
v -0.521247 1.855092 0.160085
v -0.539243 1.856084 -0.000071
v -0.469261 1.854101 0.286657
v -0.519386 1.838531 0.122199
v -0.536220 1.837806 0.000001
v -0.468561 1.839257 0.210813
v -0.518954 1.812651 0.106793
v -0.530352 1.811399 0.000920
v -0.473564 1.813904 0.179081
v -0.502099 1.775029 0.073760
v -0.510195 1.773613 0.001307
v -0.460013 1.776446 0.112628
v -0.462160 1.740130 0.044767
v -0.480621 1.739855 0.003146
v -0.409708 1.740405 0.052804
v -0.355135 1.725031 0.002850
v 0.127391 1.738380 0.158614
v 0.092521 1.761994 0.241017
v 0.120223 1.706202 -0.000071
v 0.287396 1.736655 0.187854
v 0.287719 1.704450 -0.000071
v 0.355884 1.796058 0.197843
v 0.238563 1.775638 0.282432
v 0.305778 1.835839 0.298425
v 0.136202 1.824685 0.338525
v 0.193886 1.872797 0.357007
v 0.033494 1.795761 0.301430
v 0.193886 2.409195 0.340684
v 0.305778 2.404174 0.282011
v 0.355883 2.427708 0.171314
v 0.127391 1.738381 -0.158756
v -0.354835 1.737243 -0.077059
v 0.092521 1.761994 -0.241159
v -0.388760 1.773624 -0.137653
v 0.033494 1.795761 -0.301572
v -0.471477 1.812115 -0.175155
v -0.498244 1.854101 -0.292017
v -0.497703 1.839225 -0.215568
v -0.490271 1.887475 -0.349468
v 0.362259 1.792857 0.015160
v 0.362259 1.793363 -0.004282
v 0.362259 1.799534 0.019285
v 0.362259 1.811471 0.018345
v 0.362259 1.804130 -0.001238
v 0.362259 1.820368 0.001256
v 0.362259 1.805290 -0.018521
v 0.362259 1.806451 -0.035804
v 0.362259 1.821571 -0.013260
v 0.362259 1.795252 -0.021376
v 0.362259 1.796843 -0.034897
v 0.362259 1.817265 -0.029811
v -0.273446 2.017922 0.584246
v -0.166121 2.017363 0.545293
v -0.253587 2.124810 0.575416
v -0.251070 1.907276 0.618604
v -0.188619 1.906951 0.595938
v -0.189880 1.816279 0.637410
v -0.164321 1.816146 0.628134
v -0.146599 2.133598 0.536522
v 0.173639 1.108772 -0.041166
v 0.155799 1.050403 0.042152
v 0.190230 1.190348 -0.151419
v 0.204133 1.194075 -0.005146
v 0.191633 1.264683 -0.091929
v 0.186294 1.135706 0.078173
v 0.150797 1.096991 0.156745
v 0.120303 1.011687 0.120725
v 0.081421 1.035674 0.307870
v 0.060092 0.953868 0.260715
v -0.039993 1.004626 0.356907
v -0.045470 0.918898 0.344834
v -0.289175 0.962180 0.318122
v -0.279738 0.876521 0.308191
v -0.399055 0.972459 0.195893
v -0.389618 0.886800 0.185963
v -0.373904 0.978278 -0.070310
v -0.379835 0.892305 -0.080240
v -0.364081 0.983874 -0.176625
v -0.358786 0.894701 -0.191603
v -0.308238 0.962925 -0.304488
v -0.391469 1.054514 -0.164428
v -0.357696 1.052081 -0.262081
v -0.413435 1.282031 -0.176997
v -0.379662 1.279598 -0.274651
v -0.350633 1.469327 -0.241323
v -0.342802 1.466894 -0.344355
v -0.241540 1.556398 -0.241323
v -0.120041 1.562668 -0.227767
v -0.233709 1.553964 -0.344355
v -0.112210 1.559112 -0.330767
v 0.045696 1.430449 -0.306352
v 0.037866 1.474973 -0.213405
v 0.142980 1.295593 -0.255512
v 0.135149 1.340117 -0.162565
v -0.332724 0.896120 -0.274931
v -0.213426 0.930321 -0.335093
v -0.232230 0.865538 -0.310778
v 0.222401 1.926912 -0.455647
v 0.240788 1.937279 -0.429742
v 0.190986 2.073810 -0.501456
v 0.172554 2.221693 -0.498089
v 0.236826 2.092300 -0.443215
v 0.227138 2.203048 -0.446979
v 0.239720 2.319038 -0.428155
v 0.146205 2.334020 -0.481401
v 0.239720 2.430714 -0.349982
v 0.146205 2.445697 -0.403227
v 0.222401 1.926912 0.489292
v 0.240788 1.937279 0.463387
v 0.190986 2.073810 0.535101
v 0.172554 2.221693 0.531733
v 0.236826 2.092300 0.476859
v 0.227138 2.203048 0.480623
v 0.239720 2.319038 0.461800
v 0.146205 2.334020 0.515046
v 0.239720 2.430714 0.383626
v 0.146205 2.445697 0.436872
v -0.234087 1.360570 -0.482236
v -0.232332 1.344074 -0.493033
v -0.220071 1.372790 -0.474337
v -0.241363 1.372925 -0.496099
v -0.223278 1.388693 -0.485905
v -0.234284 1.380663 -0.512967
v -0.239099 1.351639 -0.510031
v -0.221706 1.336038 -0.520343
v -0.232529 1.364167 -0.523764
v -0.219049 1.352077 -0.531756
v -0.209610 1.377658 -0.525706
v -0.220267 1.392883 -0.505067
v -0.186597 1.381423 -0.512776
v -0.198857 1.352708 -0.531472
v -0.195651 1.336853 -0.519978
v -0.184842 1.364928 -0.523573
v -0.177566 1.352620 -0.509783
v -0.184645 1.344834 -0.492841
v -0.179830 1.373905 -0.495852
v -0.197223 1.389507 -0.485539
v -0.186399 1.361330 -0.482045
v -0.209313 1.347244 -0.479191
v -0.199879 1.373421 -0.474053
v -0.198661 1.332615 -0.500742
v -0.218853 1.331983 -0.501026
v -0.200076 1.393514 -0.504784
v -0.234087 1.360570 0.478207
v -0.232332 1.344074 0.489004
v -0.220071 1.372790 0.470307
v -0.241363 1.372925 0.492070
v -0.223278 1.388693 0.481876
v -0.234284 1.380664 0.508938
v -0.239099 1.351640 0.506002
v -0.221706 1.336038 0.516314
v -0.232529 1.364168 0.519735
v -0.219049 1.352077 0.527727
v -0.209610 1.377658 0.521677
v -0.220267 1.392883 0.501038
v -0.186597 1.381423 0.508747
v -0.198857 1.352709 0.527443
v -0.195651 1.336853 0.515949
v -0.184842 1.364928 0.519544
v -0.177566 1.352620 0.505754
v -0.184645 1.344834 0.488812
v -0.179830 1.373905 0.491823
v -0.197223 1.389507 0.481510
v -0.186399 1.361330 0.478016
v -0.209313 1.347244 0.475162
v -0.199879 1.373421 0.470024
v -0.198661 1.332615 0.496713
v -0.218853 1.331983 0.496997
v -0.200076 1.393514 0.500754
v -0.385368 0.832634 0.425862
v -0.369706 0.909704 0.441976
v -0.369706 0.755563 0.409747
v -0.385368 0.849058 0.347309
v -0.372658 0.851609 0.335108
v -0.369706 0.926128 0.363423
v -0.369706 0.771987 0.331195
v -0.325105 0.706650 0.317534
v -0.357964 0.779299 0.319989
v -0.316119 0.717998 0.307172
v -0.253492 0.677037 0.298608
v -0.258355 0.662993 0.308406
v -0.179618 0.662654 0.295600
v -0.179618 0.647662 0.305200
v -0.105745 0.677037 0.298607
v -0.100881 0.662992 0.308405
v -0.043118 0.717997 0.307172
v -0.034131 0.706649 0.317534
v -0.001271 0.779298 0.319989
v 0.010470 0.771986 0.331195
v 0.013423 0.851608 0.335108
v 0.026132 0.849057 0.347309
v -0.001271 0.923918 0.350227
v 0.010471 0.926127 0.363423
v -0.043117 0.985219 0.363044
v -0.034130 0.991465 0.377084
v -0.105744 1.026180 0.371608
v -0.100880 1.035122 0.386212
v -0.179617 1.040563 0.374616
v -0.179617 1.050452 0.389418
v -0.253491 1.026180 0.371608
v -0.258354 1.035122 0.386213
v -0.316118 0.985220 0.363044
v -0.325105 0.991465 0.377084
v -0.357964 0.923919 0.350227
v -0.325105 0.975041 0.455637
v -0.258354 1.018698 0.464765
v -0.179617 1.034028 0.467970
v -0.100880 1.018698 0.464765
v -0.034130 0.975041 0.455637
v 0.010471 0.909703 0.441976
v 0.026132 0.832633 0.425861
v 0.010470 0.755562 0.409747
v -0.034131 0.690225 0.396086
v -0.034131 0.687802 0.414956
v -0.100881 0.646568 0.386958
v -0.325105 0.690226 0.396086
v -0.258355 0.646569 0.386958
v -0.325105 0.687803 0.414957
v -0.258355 0.644659 0.403649
v -0.369706 0.752353 0.431953
v -0.325105 0.680171 0.449073
v -0.317708 0.685104 0.460996
v -0.258355 0.637064 0.437617
v -0.369706 0.744684 0.466219
v -0.360041 0.746334 0.477270
v -0.385368 0.820779 0.486443
v -0.369706 0.896875 0.506667
v -0.374906 0.818561 0.496466
v -0.385368 0.828449 0.452177
v -0.369706 0.904544 0.472402
v -0.325105 0.969054 0.489547
v -0.258354 1.012159 0.501003
v -0.325105 0.961385 0.523812
v -0.317707 0.952017 0.531935
v -0.258354 1.004489 0.535269
v -0.254351 0.992930 0.542808
v -0.179617 1.019626 0.539292
v -0.179617 1.007297 0.546626
v -0.100880 1.004489 0.535269
v -0.179617 1.027295 0.505025
v -0.100880 1.012159 0.501003
v -0.034130 0.969054 0.489546
v 0.010471 0.904543 0.472401
v -0.034130 0.961384 0.523812
v -0.041528 0.952017 0.531934
v 0.010471 0.896874 0.506667
v 0.000805 0.890786 0.515661
v 0.026132 0.820778 0.486442
v 0.015671 0.818560 0.496465
v 0.010470 0.744683 0.466218
v 0.026132 0.828448 0.452177
v 0.010470 0.752352 0.431953
v 0.000805 0.746334 0.477270
v -0.034131 0.680170 0.449073
v -0.041528 0.685103 0.460996
v -0.100881 0.637064 0.437617
v -0.104885 0.644191 0.450123
v -0.179618 0.621928 0.433594
v -0.100881 0.644658 0.403649
v -0.179618 0.629522 0.399626
v -0.179618 0.631238 0.383753
v -0.179618 0.629824 0.446305
v -0.254352 0.644191 0.450123
v -0.104884 0.992930 0.542808
v -0.360040 0.890787 0.515661
v -0.179220 0.838553 0.454002
v -0.161381 0.841973 0.454949
v -0.197059 0.841973 0.454949
v -0.179220 0.692718 0.413593
v -0.179220 0.840768 0.446008
v -0.161381 0.844188 0.446955
v -0.197059 0.844188 0.446955
v -0.179220 0.694933 0.405599
v -0.103470 0.709454 0.409622
v -0.254970 0.709454 0.409622
v -0.319188 0.750805 0.421080
v -0.254970 0.707239 0.417617
v -0.319188 0.748590 0.429074
v -0.362098 0.810476 0.446222
v -0.212182 0.851711 0.457648
v -0.222287 0.866285 0.461686
v -0.212182 0.853926 0.449653
v -0.222287 0.868500 0.453692
v -0.225835 0.885691 0.458455
v -0.362098 0.812691 0.438228
v -0.377165 0.885691 0.458455
v -0.362098 0.958691 0.478682
v -0.377165 0.883476 0.466449
v -0.362098 0.956476 0.486676
v -0.225835 0.883476 0.466449
v -0.222287 0.900667 0.471213
v -0.212182 0.915241 0.475251
v -0.222287 0.902882 0.463218
v -0.212182 0.917456 0.467256
v -0.197059 0.927194 0.469955
v -0.319188 1.020577 0.495830
v -0.254970 1.061928 0.507287
v -0.319188 1.018362 0.503824
v -0.254970 1.059713 0.515282
v -0.179220 1.074234 0.519305
v -0.197059 0.924979 0.477949
v -0.179220 0.928399 0.478896
v -0.161381 0.924979 0.477949
v -0.179220 0.930614 0.470902
v -0.161381 0.927194 0.469955
v -0.179220 1.076449 0.511311
v -0.103470 1.061928 0.507287
v -0.039252 1.020577 0.495830
v -0.103470 1.059713 0.515282
v -0.039252 1.018362 0.503824
v 0.003657 0.956476 0.486676
v -0.146258 0.915241 0.475251
v -0.136153 0.900667 0.471213
v -0.146258 0.917456 0.467256
v -0.136153 0.902882 0.463218
v -0.132605 0.885691 0.458455
v 0.003657 0.958691 0.478682
v 0.018725 0.885691 0.458455
v 0.003657 0.812691 0.438228
v 0.018725 0.883476 0.466449
v 0.003657 0.810476 0.446222
v -0.132605 0.883476 0.466449
v -0.136153 0.866285 0.461686
v -0.146258 0.851711 0.457648
v -0.136153 0.868500 0.453692
v -0.146258 0.853926 0.449653
v -0.039252 0.750805 0.421080
v -0.039252 0.748590 0.429074
v -0.103470 0.707239 0.417617
v -0.179220 0.837878 0.443356
v -0.161381 0.841320 0.444219
v -0.197059 0.841320 0.444219
v -0.179220 0.691099 0.406521
v -0.179220 0.839897 0.435310
v -0.161381 0.843339 0.436173
v -0.197059 0.843339 0.436173
v -0.179220 0.693118 0.398475
v -0.103470 0.707733 0.402143
v -0.254970 0.707733 0.402143
v -0.319188 0.749352 0.412587
v -0.254970 0.705714 0.410189
v -0.319188 0.747332 0.420633
v -0.362098 0.809619 0.436264
v -0.212182 0.851121 0.446679
v -0.222287 0.865789 0.450360
v -0.212182 0.853140 0.438633
v -0.222287 0.867808 0.442314
v -0.225835 0.885110 0.446656
v -0.362098 0.811638 0.428218
v -0.377165 0.885110 0.446656
v -0.362098 0.958583 0.465094
v -0.377165 0.883091 0.454702
v -0.362098 0.956563 0.473140
v -0.225835 0.883091 0.454702
v -0.222287 0.900394 0.459044
v -0.212182 0.915062 0.462725
v -0.222287 0.902413 0.450998
v -0.212182 0.917081 0.454679
v -0.197059 0.926882 0.457139
v -0.319188 1.020869 0.480725
v -0.254970 1.062488 0.491169
v -0.319188 1.018850 0.488771
v -0.254970 1.060469 0.499215
v -0.179220 1.075083 0.502883
v -0.197059 0.924863 0.465185
v -0.179220 0.928305 0.466048
v -0.161381 0.924863 0.465185
v -0.179220 0.930324 0.458002
v -0.161381 0.926882 0.457139
v -0.179220 1.077102 0.494837
v -0.103470 1.062488 0.491169
v -0.039252 1.020869 0.480725
v -0.103470 1.060469 0.499215
v -0.039252 1.018850 0.488771
v 0.003657 0.956563 0.473140
v -0.146258 0.915062 0.462725
v -0.136153 0.900394 0.459044
v -0.146258 0.917081 0.454679
v -0.136153 0.902413 0.450998
v -0.132605 0.885110 0.446656
v 0.003657 0.958583 0.465094
v 0.018725 0.885110 0.446656
v 0.003657 0.811638 0.428218
v 0.018725 0.883091 0.454702
v 0.003657 0.809619 0.436264
v -0.132605 0.883091 0.454702
v -0.136153 0.865789 0.450360
v -0.146258 0.851121 0.446679
v -0.136153 0.867808 0.442314
v -0.146258 0.853140 0.438633
v -0.039252 0.749352 0.412587
v -0.039252 0.747332 0.420633
v -0.103470 0.705714 0.410189
v -0.179220 0.849917 0.432772
v -0.161381 0.853358 0.433635
v -0.197059 0.853358 0.433635
v -0.179220 0.703138 0.395937
v -0.179220 0.851936 0.424726
v -0.161381 0.855378 0.425589
v -0.197059 0.855378 0.425589
v -0.179220 0.705157 0.387891
v -0.103470 0.719772 0.391559
v -0.254970 0.719772 0.391559
v -0.319188 0.761390 0.402003
v -0.254970 0.717753 0.399605
v -0.319188 0.759371 0.410049
v -0.362098 0.821658 0.425680
v -0.212182 0.863159 0.436095
v -0.222287 0.877828 0.439776
v -0.212182 0.865179 0.428049
v -0.222287 0.879847 0.431730
v -0.225835 0.897149 0.436072
v -0.362098 0.823677 0.417634
v -0.377165 0.897149 0.436072
v -0.362098 0.970621 0.454510
v -0.377165 0.895130 0.444118
v -0.362098 0.968602 0.462556
v -0.225835 0.895130 0.444118
v -0.222287 0.912432 0.448460
v -0.212182 0.927101 0.452141
v -0.222287 0.914452 0.440414
v -0.212182 0.929120 0.444095
v -0.197059 0.938921 0.446555
v -0.319188 1.032908 0.470141
v -0.254970 1.074527 0.480585
v -0.319188 1.030889 0.478187
v -0.254970 1.072507 0.488631
v -0.179220 1.087122 0.492299
v -0.197059 0.936902 0.454601
v -0.179220 0.940343 0.455464
v -0.161381 0.936902 0.454601
v -0.179220 0.942362 0.447418
v -0.161381 0.938921 0.446555
v -0.179220 1.089141 0.484253
v -0.103470 1.074527 0.480585
v -0.039252 1.032908 0.470141
v -0.103470 1.072507 0.488631
v -0.039252 1.030889 0.478187
v 0.003657 0.968602 0.462556
v -0.146258 0.927101 0.452141
v -0.136153 0.912432 0.448460
v -0.146258 0.929120 0.444095
v -0.136153 0.914452 0.440414
v -0.132605 0.897149 0.436072
v 0.003657 0.970621 0.454510
v 0.018725 0.897149 0.436072
v 0.003657 0.823677 0.417634
v 0.018725 0.895130 0.444118
v 0.003657 0.821658 0.425680
v -0.132605 0.895130 0.444118
v -0.136153 0.877828 0.439776
v -0.146258 0.863159 0.436095
v -0.136153 0.879847 0.431730
v -0.146258 0.865179 0.428049
v -0.039252 0.761390 0.402003
v -0.039252 0.759371 0.410049
v -0.103470 0.717753 0.399605
v -0.097602 1.284487 -0.427366
v -0.097602 1.293060 -0.439336
v -0.093286 1.415590 -0.398192
v -0.090834 1.259624 -0.402535
v -0.103549 1.223794 -0.450743
v -0.105638 1.208475 -0.458779
v -0.103549 1.232366 -0.462713
v -0.096464 1.212665 -0.431608
v -0.099933 1.199724 -0.440632
v -0.095949 1.204905 -0.423691
v -0.093033 1.238291 -0.416707
v -0.092518 1.229634 -0.409635
v -0.090318 1.250727 -0.395074
v -0.088772 1.202830 -0.379787
v -0.043102 1.281616 -0.375297
v -0.018805 1.222723 -0.359448
v -0.051201 1.301247 -0.380580
v -0.013604 1.350267 -0.356435
v -0.064400 1.438621 -0.348863
v -0.090574 1.455066 -0.366188
v -0.120753 1.474612 -0.380746
v -0.097602 1.418461 -0.412114
v -0.120753 1.439394 -0.424942
v -0.114881 1.378411 -0.467724
v -0.184276 1.479727 -0.418516
v -0.228106 1.477993 -0.419804
v -0.181395 1.441579 -0.467897
v -0.187104 1.510367 -0.373142
v -0.234480 1.495004 -0.377436
v -0.282082 1.470491 -0.384975
v -0.337935 1.390738 -0.330108
v -0.282082 1.435272 -0.429170
v -0.280527 1.395389 -0.471953
v -0.314677 1.352786 -0.409012
v -0.309624 1.333136 -0.437140
v -0.316476 1.320252 -0.373142
v -0.318274 1.287719 -0.337271
v -0.361585 1.365852 -0.280430
v -0.312658 1.304278 -0.399181
v -0.315576 1.272868 -0.365276
v -0.287697 1.234925 -0.347398
v -0.329953 1.243792 -0.281835
v -0.287697 1.206727 -0.330710
v -0.329953 1.215594 -0.265147
v -0.368722 1.221765 -0.174526
v -0.368722 1.249962 -0.191215
v -0.366487 1.324548 -0.235415
v -0.221521 1.444194 -0.468967
v -0.099880 1.193124 -0.431991
v -0.105638 1.217047 -0.470750
v -0.126400 1.098002 -0.558175
v -0.126400 1.089430 -0.546205
v -0.097602 1.284487 0.423337
v -0.097602 1.293060 0.435307
v -0.093286 1.415590 0.394163
v -0.090834 1.259624 0.398506
v -0.103549 1.223794 0.446714
v -0.105638 1.208475 0.454751
v -0.103549 1.232366 0.458684
v -0.096464 1.212665 0.427579
v -0.099933 1.199724 0.436603
v -0.095949 1.204905 0.419662
v -0.093033 1.238291 0.412678
v -0.092518 1.229634 0.405606
v -0.090318 1.250727 0.391045
v -0.088772 1.202830 0.375758
v -0.043102 1.281616 0.371268
v -0.018805 1.222723 0.355419
v -0.051201 1.301247 0.376551
v -0.013604 1.350267 0.352406
v -0.064400 1.438621 0.344834
v -0.090574 1.455067 0.362159
v -0.120753 1.474612 0.376717
v -0.097602 1.418461 0.408085
v -0.120753 1.439394 0.420913
v -0.114881 1.378411 0.463695
v -0.184276 1.479727 0.414487
v -0.228106 1.477993 0.415775
v -0.181395 1.441579 0.463868
v -0.187104 1.510367 0.369113
v -0.234480 1.495004 0.373407
v -0.282082 1.470491 0.380946
v -0.337935 1.390739 0.326079
v -0.282082 1.435273 0.425141
v -0.280527 1.395389 0.467924
v -0.314677 1.352786 0.404983
v -0.309624 1.333136 0.433112
v -0.316476 1.320252 0.369113
v -0.318274 1.287719 0.333243
v -0.361585 1.365852 0.276401
v -0.312658 1.304278 0.395152
v -0.315576 1.272868 0.361247
v -0.287697 1.234925 0.343369
v -0.329953 1.243792 0.277806
v -0.287697 1.206727 0.326681
v -0.329953 1.215594 0.261118
v -0.368722 1.221765 0.170497
v -0.368722 1.249962 0.187186
v -0.366487 1.324548 0.231386
v -0.221521 1.444194 0.464938
v -0.099880 1.193124 0.427962
v -0.105638 1.217047 0.466721
v -0.126400 1.098002 0.554146
v -0.126400 1.089430 0.542176
v -0.273482 1.333575 -0.493935
v -0.273968 1.350124 -0.486206
v -0.233307 1.349503 -0.503003
v -0.305449 1.301359 -0.462483
v -0.304485 1.314386 -0.449709
v -0.320210 1.255489 -0.413927
v -0.317971 1.270968 -0.404481
v -0.315426 1.217046 -0.379556
v -0.313186 1.233773 -0.372555
v -0.272484 1.191334 -0.362230
v -0.270245 1.204204 -0.349455
v -0.206458 1.181695 -0.362230
v -0.204218 1.194565 -0.349455
v -0.235363 1.365035 -0.492716
v -0.165085 1.350037 -0.496275
v -0.167581 1.367159 -0.489071
v -0.115285 1.322825 -0.478048
v -0.113330 1.339754 -0.470246
v -0.103775 1.270847 -0.440428
v -0.101820 1.287777 -0.432626
v -0.273482 1.333575 0.493681
v -0.273968 1.350124 0.485952
v -0.233307 1.349503 0.502749
v -0.305449 1.301359 0.462229
v -0.304485 1.314386 0.449455
v -0.320210 1.255489 0.413673
v -0.317971 1.270968 0.404227
v -0.315426 1.217046 0.379302
v -0.313186 1.233773 0.372301
v -0.272484 1.191334 0.361975
v -0.270245 1.204204 0.349201
v -0.206458 1.181696 0.361976
v -0.204218 1.194565 0.349201
v -0.235363 1.365035 0.492462
v -0.165085 1.350037 0.496021
v -0.167581 1.367159 0.488817
v -0.115285 1.322825 0.477794
v -0.113330 1.339755 0.469992
v -0.103775 1.270847 0.440174
v -0.101820 1.287777 0.432372
v 0.204109 1.921231 0.361463
v 0.298304 1.924341 0.316204
v 0.205758 1.891068 0.353265
v 0.051034 1.921231 0.383611
v 0.197878 2.031512 0.361134
v 0.051034 2.031512 0.404689
v 0.197566 2.234449 0.347892
v 0.051034 2.234449 0.410970
v 0.197566 2.455411 0.331610
v 0.051034 2.455411 0.394689
v 0.052683 1.891068 0.375413
v 0.299953 1.893547 0.319712
v 0.348215 1.870412 0.269096
v 0.346248 1.901206 0.265756
v 0.375022 1.869918 0.189997
v 0.373055 1.900712 0.186657
v 0.388426 1.892390 0.112123
v 0.401830 1.892143 0.074642
v 0.386459 1.923184 0.108783
v 0.399863 1.922937 0.074642
v 0.280597 1.901139 -0.289741
v 0.272879 1.906072 -0.298493
v 0.283026 1.909756 -0.287027
v 0.293045 1.898125 -0.291316
v 0.281829 1.895178 -0.298144
v 0.277282 1.898085 -0.303301
v 0.289163 1.893402 -0.299072
v 0.294805 1.893106 -0.303180
v 0.285679 1.894482 -0.307599
v 0.284073 1.900121 -0.315844
v 0.295867 1.895117 -0.310515
v 0.304422 1.901036 -0.310737
v 0.290767 1.898179 -0.315670
v 0.295766 1.906233 -0.319486
v 0.298195 1.914850 -0.316771
v 0.284406 1.909529 -0.319781
v 0.273744 1.909749 -0.310938
v 0.286835 1.918146 -0.317066
v 0.276174 1.918366 -0.308223
v 0.290309 1.922119 -0.308813
v 0.296935 1.920197 -0.308640
v 0.284091 1.922247 -0.303655
v 0.293044 1.920600 -0.299372
v 0.295348 1.915469 -0.292212
v 0.301983 1.917166 -0.303538
v 0.283587 1.920103 -0.296398
v 0.275309 1.914689 -0.295778
v 0.288088 1.917226 -0.291294
v 0.300931 1.915176 -0.296279
v 0.306852 1.909653 -0.308022
v 0.305048 1.906240 -0.295574
v 0.302619 1.897623 -0.298289
v 0.295474 1.906743 -0.288601
v 0.277791 1.900251 -0.310633
v 0.295106 1.888575 -0.261528
v 0.291385 1.891910 -0.273169
v 0.296293 1.897590 -0.259325
v 0.307191 1.886064 -0.257765
v 0.299499 1.881655 -0.267889
v 0.297306 1.883620 -0.274748
v 0.306620 1.880175 -0.265672
v 0.313412 1.879658 -0.267215
v 0.306713 1.879954 -0.274943
v 0.308429 1.884385 -0.283875
v 0.317235 1.880759 -0.273783
v 0.325207 1.887055 -0.271531
v 0.314532 1.882848 -0.280875
v 0.320619 1.890601 -0.283568
v 0.321806 1.899616 -0.281365
v 0.310262 1.893209 -0.288659
v 0.297006 1.893990 -0.284711
v 0.311449 1.902224 -0.286456
v 0.298193 1.903005 -0.282508
v 0.311452 1.907413 -0.278146
v 0.317492 1.905891 -0.275177
v 0.303721 1.907868 -0.275844
v 0.310313 1.907277 -0.268267
v 0.309661 1.903246 -0.260129
v 0.320168 1.903824 -0.268157
v 0.300443 1.906655 -0.269112
v 0.292572 1.900925 -0.270966
v 0.302613 1.904710 -0.262323
v 0.316385 1.902733 -0.261657
v 0.326395 1.896070 -0.269329
v 0.319907 1.894201 -0.258182
v 0.318719 1.885186 -0.260385
v 0.308378 1.895079 -0.255562
v 0.300618 1.884845 -0.281549
v -0.325914 0.987512 -0.789578
v -0.328253 0.913305 -0.825772
v -0.230961 0.953334 -0.778035
v -0.421223 1.001559 -0.872513
v -0.386387 0.927352 -0.882606
v -0.433753 0.905750 -0.980872
v -0.348660 0.754260 -1.074889
v -0.373837 0.861857 -0.965885
v -0.298439 0.765753 -1.027043
v -0.147136 0.651118 -1.085306
v -0.160522 0.572797 -1.107862
v -0.243669 0.881541 -0.817583
v -0.358672 1.032941 -0.692676
v -0.361012 0.993396 -0.765153
v -0.241330 1.069155 -0.715778
v -0.471299 0.969045 -0.771041
v -0.402341 0.924715 -0.781133
v -0.512984 0.824273 -0.865422
v -0.287526 0.626764 -0.865422
v -0.439616 0.835828 -0.850436
v -0.263937 0.697191 -0.850436
v -0.243669 1.021002 -0.782845
v -0.111946 1.041235 -0.649983
v -0.099580 1.005891 -0.702075
v -0.090250 0.944883 -0.536725
v -0.070723 0.898682 -0.576722
v -0.186301 0.816316 -0.520791
v -0.166774 0.770115 -0.560788
v -0.331894 0.668463 -0.666287
v -0.312367 0.620230 -0.703809
v -0.380114 0.637595 -0.789095
v -0.360588 0.578650 -0.805215
v -0.331894 0.604051 -1.053259
v -0.312367 0.545106 -1.069379
v -0.141167 0.623170 -1.176098
v -0.121640 0.581545 -1.220838
v -0.010825 0.620468 -1.070980
v -0.006279 0.577627 -1.109896
v 0.033447 0.537483 -0.925411
v 0.042022 0.492312 -0.970151
v 0.014603 0.588637 -0.799715
v -0.016366 0.532805 -0.805993
v -0.095096 0.641709 -0.714385
v -0.126065 0.585877 -0.720663
v -0.169271 0.665244 -0.629677
v -0.201350 0.616787 -0.656853
v -0.176552 0.725264 -0.640851
v -0.208631 0.676808 -0.668026
v -0.237292 0.929573 0.889493
v -0.222182 0.988295 0.913639
v -0.165809 0.904248 0.767086
v -0.353637 0.885853 0.934963
v -0.369927 0.916937 0.989724
v -0.406619 0.797234 0.884640
v -0.459915 0.802045 0.919720
v -0.284041 0.705699 0.784543
v -0.308488 0.648635 0.797833
v -0.149941 0.966901 0.761583
v -0.284464 0.726447 1.075005
v -0.350262 0.762001 1.127789
v -0.273134 0.643166 1.122241
v -0.205246 0.819440 0.912426
v -0.275733 0.844204 0.965210
v -0.138593 0.849131 0.867076
v -0.204391 0.903133 0.878380
v -0.341222 0.650496 1.177808
v -0.208807 0.542147 1.106164
v -0.257232 0.530195 1.165350
v -0.145061 0.913913 -0.839060
v -0.143647 0.875684 -0.875594
v -0.200042 0.925686 -0.860359
v -0.199493 0.885869 -0.895387
v -0.303371 0.861572 -0.836264
v -0.302822 0.821755 -0.871292
v -0.381839 0.780025 -0.751187
v -0.381289 0.740208 -0.786215
v -0.344824 0.723019 -0.665468
v -0.344275 0.683201 -0.700496
v -0.236738 0.705954 -0.640024
v -0.236188 0.666137 -0.675051
v -0.125815 0.721921 -0.593008
v -0.125265 0.682104 -0.628036
v -0.035917 0.755182 -0.659940
v -0.035368 0.715365 -0.694968
v -0.021222 0.842051 -0.764508
v -0.020673 0.802234 -0.799536
v -0.065795 0.854155 -0.787997
v -0.065246 0.814338 -0.823025
v -0.130571 0.843474 -0.905561
v -0.127935 0.812115 -0.933756
v -0.179377 0.859340 -0.925028
v -0.177468 0.826741 -0.952013
v -0.258252 0.833693 -0.926717
v -0.256342 0.801094 -0.953701
v -0.348085 0.744479 -0.863062
v -0.346176 0.711880 -0.890046
v -0.354112 0.681622 -0.765488
v -0.352202 0.649023 -0.792473
v -0.219188 0.632720 -0.671676
v -0.217278 0.600121 -0.698661
v -0.155531 0.644657 -0.655919
v -0.110044 0.667696 -0.658900
v -0.153621 0.612058 -0.682904
v -0.108134 0.635097 -0.685885
v -0.015926 0.667426 -0.750073
v -0.017836 0.700025 -0.723089
v -0.025354 0.737807 -0.827754
v -0.027263 0.770406 -0.800769
v -0.041569 0.762274 -0.882108
v -0.043478 0.794873 -0.855123
v -0.040954 0.824283 -0.768501
v -0.054312 0.887220 -0.792394
v -0.023590 0.751085 -0.831887
v -0.057525 0.872526 -0.727978
v -0.075602 0.815887 -0.770560
v -0.084163 0.869127 -0.784861
v -0.058501 0.743607 -0.832628
v -0.091555 0.862463 -0.731971
v -0.101348 0.905348 -0.743004
v -0.140883 0.915089 -0.774596
v -0.073149 0.925976 -0.750388
v -0.125104 0.942280 -0.791535
v -0.167567 0.938221 -0.817999
v -0.114027 0.909513 -0.832892
v -0.159455 0.899580 -0.872738
v -0.098824 0.850247 -0.887354
v -0.139395 0.823931 -0.937662
v -0.038741 0.825701 -0.848658
v -0.074744 0.745891 -0.979505
v -0.123021 0.762183 -0.990655
v -0.016565 0.726572 -0.937499
v -0.092382 0.723148 -0.958367
v -0.136433 0.738614 -0.967421
v -0.046002 0.709810 -0.926197
v -0.116307 0.827228 -0.866385
v -0.152932 0.800304 -0.914559
v -0.069137 0.809656 -0.838973
v -0.130025 0.883780 -0.813996
v -0.172031 0.874111 -0.851095
v -0.177493 0.909769 -0.798838
v -0.046367 0.692447 -0.876812
v -0.011447 0.699892 -0.876217
v -0.067611 0.858734 -0.855228
v -0.098820 0.878496 -0.866222
v -0.047048 0.775803 -0.926896
v -0.074176 0.779769 -0.956269
v -0.114182 0.791266 -0.963060
v -0.134434 0.872293 -0.892915
vn 0.4145 0.7865 -0.4579
vn 0.7199 0.6709 -0.1778
vn 0.7439 0.6654 -0.0613
vn 0.0127 0.2903 -0.9568
vn 0.7481 0.6390 0.1789
vn 0.6378 0.6644 0.3895
vn 0.6541 -0.7303 -0.1969
vn 0.9721 -0.1187 -0.2023
vn 0.5105 -0.8207 0.2566
vn 0.0965 0.8051 -0.5852
vn -0.6231 0.3426 -0.7031
vn 0.5502 0.0595 -0.8329
vn -0.3987 0.8295 -0.3911
vn -0.9790 0.1915 0.0696
vn -0.3222 0.2066 -0.9239
vn -0.3009 0.7108 0.6358
vn -0.3426 0.9286 0.1428
vn -0.5594 -0.8276 0.0464
vn -0.2539 0.7232 0.6423
vn -0.0221 -0.2053 0.9784
vn -0.9392 0.3147 0.1371
vn 0.1961 0.6639 0.7216
vn 0.0361 0.6710 0.7406
vn -0.1003 -0.7300 0.6761
vn 0.5558 0.6391 0.5317
vn 0.9363 -0.1932 0.2934
vn -0.1039 0.0074 0.9946
vn 0.5082 0.5031 0.6990
vn 0.7476 -0.5147 -0.4197
vn 0.4800 -0.6237 0.6169
vn 0.3964 -0.2805 -0.8742
vn 0.8219 -0.5391 -0.1841
vn 0.4223 -0.6304 -0.6513
vn 0.5862 0.2228 0.7789
vn 0.5569 -0.7353 0.3862
vn 0.6742 -0.7108 -0.2005
vn 0.2988 -0.7079 0.6400
vn 0.4421 -0.6913 0.5715
vn -0.1998 -0.7630 0.6148
vn -0.7749 0.1627 0.6107
vn -0.5986 -0.7354 0.3177
vn -0.5616 0.5630 0.6063
vn -0.2888 -0.3255 0.9004
vn -0.4615 -0.5212 0.7179
vn -0.7331 0.4800 -0.4818
vn -0.7399 -0.1094 -0.6638
vn -0.5770 -0.7223 -0.3812
vn -0.5479 -0.6657 -0.5066
vn -0.1053 -0.1877 -0.9766
vn -0.1252 -0.7155 -0.6873
vn 0.4350 0.0467 -0.8992
vn 0.3397 -0.7240 -0.6003
vn -0.0376 0.3860 -0.9217
vn 0.5758 0.4586 -0.6769
vn -0.6108 0.7533 0.2439
vn -0.5438 0.8158 0.1970
vn -0.5419 0.7297 0.4170
vn -0.6775 0.5426 0.4966
vn -0.4006 0.9153 -0.0409
vn -0.2721 0.9617 0.0330
vn -0.2436 0.9407 -0.2363
vn -0.0537 0.9624 -0.2662
vn -0.1137 0.8733 -0.4738
vn 0.1132 0.8090 -0.5768
vn -0.2565 0.7822 -0.5678
vn -0.4137 0.6265 -0.6606
vn -0.4237 0.7753 -0.4684
vn -0.6512 0.5926 -0.4741
vn -0.2454 0.8284 -0.5035
vn -0.3479 0.7804 -0.5196
vn -0.2595 0.8058 -0.5323
vn -0.1659 0.7973 -0.5803
vn -0.3003 0.8257 -0.4776
vn -0.4413 0.8110 -0.3841
vn -0.5197 0.8125 -0.2641
vn -0.5405 0.8115 -0.2219
vn -0.5628 0.8191 -0.1108
vn -0.5844 0.8115 0.0035
vn -0.5810 0.8139 -0.0000
vn -0.6466 0.7629 -0.0000
vn -0.6108 0.7533 -0.2439
vn -0.5844 0.8115 -0.0035
vn -0.5438 0.8158 -0.1970
vn -0.5628 0.8191 0.1108
vn -0.6775 0.5426 -0.4966
vn -0.5419 0.7297 -0.4170
vn -0.8005 0.5993 -0.0000
vn -0.2721 0.9617 -0.0330
vn -0.4006 0.9153 0.0409
vn -0.0537 0.9624 0.2662
vn -0.2436 0.9407 0.2363
vn 0.1132 0.8090 0.5768
vn -0.1323 0.8703 0.4745
vn -0.4137 0.6265 0.6606
vn -0.2822 0.7579 0.5882
vn -0.6512 0.5926 0.4741
vn -0.4361 0.7396 0.5127
vn -0.3479 0.7804 0.5196
vn -0.2240 0.8141 0.5358
vn 0.1128 0.8512 0.5126
vn 0.1011 0.8376 0.5368
vn 0.5334 0.7082 0.4626
vn 0.3793 0.7691 0.5144
vn 0.7815 0.3992 0.4795
vn 0.5771 0.6532 0.4902
vn 0.6361 0.2833 0.7177
vn 0.5634 0.6305 0.5340
vn 0.4250 0.3751 0.8238
vn 0.4760 0.6917 0.5431
vn 0.3870 0.7925 0.4713
vn 0.4448 0.8078 0.3868
vn 0.3549 0.9349 -0.0000
vn 0.4095 0.9123 -0.0000
vn 0.4448 0.8078 -0.3868
vn 0.3870 0.7925 -0.4713
vn 0.4760 0.6917 -0.5431
vn 0.4250 0.3751 -0.8238
vn 0.5634 0.6305 -0.5340
vn 0.6361 0.2833 -0.7177
vn 0.5771 0.6532 -0.4902
vn 0.7815 0.3992 -0.4795
vn 0.3793 0.7691 -0.5144
vn 0.5334 0.7082 -0.4626
vn 0.1128 0.8512 -0.5126
vn 0.0680 0.8465 -0.5281
vn 0.0040 0.7267 -0.6869
vn 0.1668 0.7156 -0.6783
vn 0.3887 0.7525 -0.5316
vn 0.5281 0.7784 -0.3394
vn 0.5570 0.7880 -0.2624
vn 0.5687 0.7972 -0.2025
vn 0.5868 0.8097 -0.0000
vn 0.5687 0.7972 0.2025
vn 0.5570 0.7880 0.2624
vn 0.5281 0.7785 0.3393
vn 0.3887 0.7525 0.5316
vn 0.1668 0.7156 0.6783
vn 0.0613 0.7178 0.6935
vn -0.1106 0.7475 0.6550
vn -0.2804 0.7346 0.6179
vn -0.3537 0.7754 0.5231
vn -0.4731 0.7947 0.3803
vn -0.5197 0.8125 0.2641
vn -0.5405 0.8115 0.2219
vn -0.1138 -0.8172 0.5650
vn 0.0695 -0.9434 -0.3244
vn 0.4088 -0.8741 -0.2624
vn 0.1803 -0.7487 0.6379
vn -0.4131 -0.7488 0.5184
vn -0.2669 -0.8779 -0.3975
vn -0.6609 -0.5605 0.4990
vn -0.5629 -0.6795 -0.4706
vn 0.0909 -0.7427 -0.6634
vn -0.2263 -0.8566 -0.4636
vn 0.0826 -0.9084 -0.4099
vn -0.0052 0.4622 -0.8868
vn -0.0905 0.3152 -0.9447
vn -0.1511 0.1166 -0.9816
vn 0.1024 0.5480 -0.8302
vn 0.2267 0.5631 -0.7947
vn 0.3576 0.4995 -0.7890
vn 0.4736 0.3487 -0.8088
vn 0.5358 0.1228 -0.8354
vn 0.5194 -0.1166 -0.8465
vn 0.4492 -0.3152 -0.8360
vn 0.3481 -0.4622 -0.8156
vn 0.2271 -0.5479 -0.8051
vn 0.0986 -0.5631 -0.8205
vn -0.0243 -0.4996 -0.8659
vn -0.1236 -0.3488 -0.9290
vn -0.1706 -0.1228 -0.9777
vn 0.7302 -0.2214 -0.6464
vn 0.6675 -0.6971 -0.2617
vn 0.7013 -0.6794 -0.2159
vn 0.4162 -0.5605 0.7160
vn 0.8921 -0.4089 -0.1924
vn 0.9084 -0.3741 -0.1864
vn 0.5618 -0.2964 0.7724
vn 0.9867 -0.0000 -0.1628
vn 0.9843 -0.0096 -0.1761
vn 0.6101 -0.0000 0.7923
vn 0.8921 0.4089 -0.1925
vn 0.9157 0.3562 -0.1860
vn 0.5618 0.2963 0.7724
vn 0.7149 0.6654 -0.2149
vn 0.4162 0.5605 0.7160
vn 0.4178 0.8703 -0.2610
vn 0.1803 0.7487 0.6379
vn 0.6675 0.6971 -0.2617
vn 0.3882 0.8566 -0.3399
vn 0.0826 0.9084 -0.4099
vn 0.0749 0.9434 -0.3230
vn -0.1138 0.8172 0.5650
vn -0.2263 0.8566 -0.4637
vn -0.2670 0.8779 -0.3975
vn -0.4132 0.7487 0.5184
vn -0.5630 0.6794 -0.4706
vn -0.6609 0.5605 0.4990
vn -0.7654 0.3741 -0.5236
vn -0.8170 0.2963 0.4946
vn -0.5141 0.6970 -0.4998
vn -0.7480 0.4089 -0.5228
vn -0.8467 -0.0000 -0.5320
vn -0.8394 0.0097 -0.5435
vn -0.8693 -0.0000 0.4944
vn -0.7480 -0.4089 -0.5228
vn -0.7723 -0.3562 -0.5260
vn -0.8170 -0.2963 0.4946
vn -0.1138 -0.8172 -0.5651
vn 0.1802 -0.7487 -0.6379
vn 0.4109 -0.8732 0.2620
vn 0.0729 -0.9434 0.3235
vn -0.4130 -0.7488 -0.5184
vn -0.2648 -0.8789 0.3967
vn -0.6610 -0.5604 -0.4990
vn -0.5627 -0.6797 0.4705
vn 0.1264 -0.7040 0.6989
vn -0.2709 -0.8369 0.4756
vn 0.0644 -0.9080 0.4139
vn -0.0009 0.4648 0.8854
vn -0.1069 0.2896 0.9511
vn -0.1593 0.0637 0.9852
vn -0.1628 -0.1558 0.9743
vn -0.1269 -0.3440 0.9303
vn -0.0507 -0.4820 0.8747
vn 0.0607 -0.5543 0.8301
vn 0.1974 -0.5519 0.8102
vn 0.3436 -0.4648 0.8161
vn 0.4668 -0.2896 0.8356
vn 0.5283 -0.0637 0.8466
vn 0.5273 0.1558 0.8353
vn 0.4771 0.3440 0.8087
vn 0.3854 0.4820 0.7869
vn 0.2654 0.5543 0.7889
vn 0.1317 0.5519 0.8234
vn 0.7478 -0.2692 0.6069
vn 0.7150 -0.6506 0.2560
vn 0.7160 -0.6643 0.2147
vn 0.4162 -0.5604 -0.7160
vn 0.9152 -0.3574 0.1860
vn 0.9214 -0.3393 0.1895
vn 0.5617 -0.2964 -0.7724
vn 0.9843 -0.0075 0.1762
vn 0.9863 0.0263 0.1630
vn 0.6100 -0.0000 -0.7924
vn 0.9214 0.3420 0.1846
vn 0.9079 0.3735 0.1904
vn 0.5618 0.2963 -0.7724
vn 0.4162 0.5604 -0.7160
vn 0.7301 0.6498 0.2115
vn 0.1800 0.7488 -0.6379
vn 0.4324 0.8642 0.2573
vn 0.7132 0.6524 0.2562
vn 0.4339 0.8369 0.3337
vn 0.0783 0.9435 0.3220
vn 0.1008 0.9080 0.4065
vn -0.1140 0.8172 -0.5650
vn -0.2768 0.8735 0.4005
vn -0.2474 0.8479 0.4688
vn -0.4133 0.7487 -0.5184
vn -0.6609 0.5605 -0.4990
vn -0.5770 0.6643 0.4751
vn -0.8171 0.2961 -0.4947
vn -0.7718 0.3574 0.5259
vn -0.5601 0.6505 0.5130
vn -0.7761 0.3393 0.5315
vn -0.8394 0.0076 0.5435
vn -0.8463 -0.0263 0.5321
vn -0.8692 -0.0000 -0.4944
vn -0.7780 -0.3420 0.5269
vn -0.7633 -0.3736 0.5270
vn -0.8170 -0.2963 -0.4947
vn -0.4351 0.8651 -0.2497
vn -0.1213 0.9479 -0.2946
vn -0.1538 0.7509 -0.6422
vn -0.5135 0.6607 -0.5475
vn -0.7928 0.4275 -0.4345
vn -0.7294 0.6509 -0.2106
vn -0.4160 0.9094 -0.0000
vn -0.1116 0.9938 -0.0000
vn -0.7564 0.6541 -0.0000
vn -0.9047 0.4260 -0.0000
vn -0.5523 0.3258 -0.7674
vn -0.8332 0.2274 -0.5041
vn -0.9770 0.2134 -0.0000
vn -0.7928 0.4275 0.4345
vn -0.7294 0.6509 0.2106
vn -0.8332 0.2274 0.5041
vn -0.5135 0.6607 0.5475
vn -0.5523 0.3258 0.7674
vn -0.4351 0.8651 0.2497
vn -0.1538 0.7509 0.6422
vn -0.1213 0.9479 0.2946
vn 0.0002 0.7627 0.6468
vn -0.0000 0.9566 0.2915
vn -0.0000 1.0000 -0.0000
vn -0.1965 0.4700 0.8605
vn 0.0003 0.5045 0.8634
vn -0.2419 0.2023 0.9490
vn -0.0099 0.2042 0.9789
vn -0.0201 -0.0066 0.9998
vn -0.2988 -0.0135 0.9542
vn -0.5924 0.0080 0.8056
vn -0.5703 0.0159 0.8213
vn -0.4266 0.0170 0.9043
vn -0.6011 0.1531 0.7844
vn -0.4132 0.0937 0.9058
vn -0.4131 0.0941 0.9058
vn -0.4042 0.1339 0.9048
vn -0.8834 0.0258 0.4678
vn -0.8914 0.0149 0.4530
vn -0.7238 -0.0073 0.6899
vn -0.7258 -0.0120 0.6878
vn -0.7451 -0.0615 0.6641
vn -0.9998 0.0212 -0.0000
vn -0.9998 0.0192 -0.0000
vn -0.9971 0.0712 0.0273
vn -0.9840 0.0573 0.1684
vn -0.9970 0.0541 0.0554
vn -0.9778 0.0265 0.2080
vn -0.9898 0.0841 -0.1150
vn -0.9917 0.0806 -0.1004
vn -0.8914 0.0149 -0.4530
vn -0.5924 0.0080 -0.8056
vn -0.5697 0.0255 -0.8214
vn -0.8834 0.0258 -0.4678
vn -0.7255 0.0671 -0.6849
vn -0.7250 0.0665 -0.6855
vn -0.7474 0.0904 -0.6582
vn -0.6011 0.1531 -0.7844
vn -0.8555 0.1155 -0.5048
vn -0.9958 0.0915 -0.0000
vn -0.8555 0.1155 0.5048
vn -0.1965 0.4700 -0.8605
vn -0.2419 0.2023 -0.9490
vn -0.2988 -0.0135 -0.9542
vn 0.0003 0.5045 -0.8634
vn -0.0099 0.2042 -0.9789
vn -0.0201 -0.0066 -0.9998
vn -0.4246 0.0380 -0.9046
vn -0.3912 0.1810 -0.9023
vn -0.3932 0.1747 -0.9027
vn -0.3650 0.2589 -0.8943
vn 0.0002 0.7627 -0.6468
vn -0.0000 0.9566 -0.2915
vn 0.9977 -0.0020 -0.0672
vn 0.9984 -0.0017 -0.0573
vn 0.9744 -0.0028 -0.2247
vn 0.9762 -0.0029 -0.2167
vn 1.0000 -0.0000 -0.0000
vn 0.8389 -0.0397 -0.5428
vn 0.8465 -0.0375 -0.5311
vn 0.5191 -0.1381 -0.8435
vn 0.5254 -0.1360 -0.8399
vn 0.9977 -0.0020 0.0672
vn 0.9762 -0.0029 0.2167
vn 0.9744 -0.0028 0.2247
vn 0.9984 -0.0017 0.0573
vn 0.8465 -0.0375 0.5311
vn 0.8389 -0.0397 0.5428
vn 0.5254 -0.1360 0.8399
vn 0.5192 -0.1381 0.8435
vn 0.9905 0.0053 -0.1375
vn 0.9917 0.0033 -0.1287
vn 0.9912 0.0051 -0.1325
vn 0.9761 0.0165 -0.2168
vn 0.9759 0.0261 -0.2166
vn 0.9921 0.0059 -0.1249
vn 0.9762 0.0086 -0.2167
vn 0.9934 -0.0079 -0.1146
vn 0.9782 0.0167 -0.2070
vn 0.9326 0.0022 -0.3609
vn 0.9207 0.0121 -0.3900
vn 0.9310 0.0366 -0.3632
vn 0.9045 0.0426 -0.4243
vn 0.8915 -0.0323 -0.4519
vn 0.8902 -0.0448 -0.4534
vn 0.8841 -0.0451 -0.4651
vn 0.8431 0.0954 -0.5292
vn 0.8668 -0.0012 -0.4987
vn 0.8950 0.2018 -0.3979
vn 0.7880 0.2551 -0.5603
vn 0.8105 0.0938 -0.5782
vn 0.8439 0.0536 -0.5338
vn 0.8409 -0.0512 -0.5388
vn 0.8376 0.3035 -0.4542
vn 0.8797 0.1902 -0.4358
vn 0.9543 0.0425 -0.2958
vn 0.9955 -0.0566 -0.0764
vn 0.9309 0.0583 -0.3607
vn 0.9048 0.0594 -0.4216
vn 0.8743 0.0247 -0.4848
vn 0.7739 -0.1976 -0.6016
vn 0.7993 -0.1047 -0.5918
vn 0.7537 -0.2731 -0.5978
vn 0.7625 -0.1780 -0.6221
vn 0.7620 -0.0382 -0.6464
vn 0.9905 0.0053 0.1375
vn 0.9912 0.0051 0.1325
vn 0.9917 0.0033 0.1287
vn 0.9759 0.0261 0.2166
vn 0.9761 0.0165 0.2168
vn 0.9762 0.0086 0.2167
vn 0.9921 0.0059 0.1249
vn 0.9773 0.0162 0.2112
vn 0.9934 -0.0079 0.1146
vn 0.9326 0.0022 0.3609
vn 0.9205 0.0106 0.3907
vn 0.9310 0.0366 0.3632
vn 0.9045 0.0426 0.4243
vn 0.8915 -0.0323 0.4519
vn 0.8892 -0.0462 0.4553
vn 0.8841 -0.0451 0.4651
vn 0.8431 0.0954 0.5292
vn 0.8668 -0.0012 0.4987
vn 0.7880 0.2551 0.5603
vn 0.8950 0.2017 0.3979
vn 0.8105 0.0938 0.5782
vn 0.8409 -0.0512 0.5388
vn 0.8439 0.0535 0.5339
vn 0.8797 0.1902 0.4358
vn 0.8377 0.3034 0.4542
vn 0.9543 0.0425 0.2958
vn 0.9955 -0.0566 0.0764
vn 0.9309 0.0583 0.3607
vn 0.9048 0.0594 0.4216
vn 0.8743 0.0247 0.4848
vn 0.7993 -0.1047 0.5918
vn 0.7739 -0.1976 0.6016
vn 0.7625 -0.1780 0.6221
vn 0.7537 -0.2731 0.5978
vn 0.7620 -0.0382 0.6464
vn 0.9609 -0.2200 -0.1683
vn 0.9377 -0.3085 -0.1601
vn 0.8296 -0.2753 -0.4858
vn 0.8394 -0.2036 -0.5040
vn 0.9737 -0.2280 -0.0000
vn 0.9490 -0.3153 -0.0000
vn 0.9608 0.2241 -0.1634
vn 0.9686 0.2488 -0.0000
vn 0.8782 0.0838 -0.4710
vn 0.3578 -0.2825 -0.8900
vn 0.3837 -0.2729 -0.8822
vn 0.4276 -0.1188 -0.8961
vn -0.1459 -0.1969 -0.9695
vn -0.1493 -0.2406 -0.9591
vn -0.1344 -0.1683 -0.9765
vn -0.5905 -0.1801 -0.7867
vn -0.7046 -0.1908 -0.6835
vn -0.7050 -0.1443 -0.6944
vn 0.5671 -0.0978 -0.8178
vn -0.1187 -0.0744 -0.9901
vn -0.7319 -0.1012 -0.6738
vn -0.9817 -0.0949 -0.1650
vn -0.9824 -0.1010 -0.1570
vn -0.9961 -0.0885 -0.0000
vn -0.9959 -0.0905 -0.0000
vn -0.9766 -0.0897 -0.1957
vn -0.9991 -0.0416 -0.0000
vn -0.9705 -0.0468 -0.2366
vn -0.9997 -0.0236 -0.0000
vn -0.7181 0.3009 -0.6276
vn -0.9391 0.2780 -0.2020
vn -0.9548 0.2974 -0.0000
vn -0.8367 0.5225 -0.1641
vn -0.8381 0.5456 -0.0000
vn -0.6805 0.5968 -0.4251
vn -0.2198 0.2196 -0.9505
vn -0.2591 0.5642 -0.7839
vn 0.2269 0.2952 -0.9281
vn 0.1233 0.6452 -0.7540
vn 0.8018 0.2653 -0.5354
vn 0.6392 0.5968 -0.4850
vn 0.9437 0.2551 -0.2106
vn 0.7506 0.6290 -0.2025
vn 0.9571 0.2897 -0.0000
vn 0.7454 0.6666 -0.0000
vn 0.9437 0.2551 0.2106
vn 0.7506 0.6290 0.2025
vn 0.7977 0.2557 0.5462
vn 0.6351 0.5822 0.5077
vn 0.9377 -0.3085 0.1601
vn 0.8296 -0.2753 0.4858
vn 0.9604 -0.2269 0.1618
vn 0.8268 -0.1966 0.5270
vn 0.3551 -0.2516 0.9003
vn 0.3414 -0.2636 0.9022
vn 0.2228 0.2540 0.9412
vn -0.1589 -0.2107 0.9645
vn -0.1454 -0.1691 0.9748
vn -0.2059 0.1901 0.9599
vn -0.6813 -0.1775 0.7102
vn -0.5834 -0.1677 0.7947
vn -0.7132 0.2917 0.6374
vn -0.6798 0.5895 0.4362
vn -0.2391 0.5227 0.8183
vn 0.1347 0.5910 0.7953
vn -0.9391 0.2780 0.2020
vn -0.8367 0.5225 0.1641
vn -0.9705 -0.0468 0.2366
vn -0.9766 -0.0897 0.1957
vn -0.9817 -0.0949 0.1650
vn -0.6875 -0.2079 0.6958
vn -0.7198 -0.2068 0.6627
vn -0.9824 -0.1010 0.1570
vn -0.1420 -0.2824 0.9487
vn -0.1577 -0.2582 0.9531
vn 0.4755 -0.2442 0.8452
vn 0.3154 -0.1936 0.9290
vn 0.8736 0.0581 0.4832
vn 0.8568 0.1069 0.5045
vn 0.9658 0.2149 0.1452
vn 0.8919 0.4376 0.1143
vn 0.8820 0.4712 -0.0000
vn 0.8856 0.4437 -0.1369
vn 0.8672 0.1781 -0.4651
vn -0.8055 0.1851 -0.5629
vn -0.4732 -0.4630 -0.7494
vn -0.7427 -0.3777 0.5529
vn -0.7923 -0.1033 0.6013
vn -0.0512 0.6983 0.7140
vn -0.0572 0.9821 -0.1794
vn 0.3050 0.4551 0.8366
vn -0.6569 -0.3823 0.6499
vn 0.1684 0.4386 0.8828
vn -0.5229 -0.4947 -0.6942
vn -0.3449 -0.6258 -0.6996
vn -0.7272 -0.3507 0.5900
vn 0.3037 0.4683 0.8297
vn 0.7664 0.5460 -0.3385
vn 0.7567 0.4681 -0.4564
vn 0.6624 0.6136 -0.4298
vn -0.8055 0.1851 0.5629
vn -0.7923 -0.1033 -0.6013
vn -0.7427 -0.3777 -0.5529
vn -0.4732 -0.4630 0.7494
vn -0.0572 0.9821 0.1794
vn -0.0512 0.6983 -0.7140
vn 0.3050 0.4551 -0.8366
vn 0.1684 0.4386 -0.8828
vn -0.6569 -0.3823 -0.6499
vn -0.5229 -0.4947 0.6942
vn -0.7272 -0.3507 -0.5900
vn -0.3450 -0.6258 0.6995
vn 0.3037 0.4683 -0.8298
vn 0.7567 0.4681 0.4564
vn 0.7664 0.5460 0.3385
vn 0.6624 0.6136 0.4298
vn 0.9172 -0.0148 -0.3982
vn 0.9454 0.0100 -0.3258
vn 0.9110 -0.1481 -0.3850
vn 0.9300 -0.1520 -0.3347
vn 0.7860 0.2055 -0.5831
vn 0.9397 0.1669 -0.2984
vn 0.9949 0.0907 0.0446
vn 0.9792 0.0407 -0.1987
vn 0.9551 0.1133 -0.2736
vn 0.9781 0.1021 -0.1816
vn 0.8902 0.3460 -0.2964
vn 0.9383 0.3457 -0.0054
vn 0.8831 0.3587 0.3025
vn 0.9335 0.1383 0.3309
vn 0.9356 -0.0509 0.3494
vn 0.9577 -0.0665 0.2800
vn 0.9393 -0.0455 0.3401
vn 0.9562 -0.0570 0.2872
vn 0.7952 0.1561 0.5860
vn 0.9073 -0.0346 0.4191
vn 0.9184 -0.0334 0.3943
vn 0.7419 0.3633 0.5636
vn 0.4539 0.3660 0.8125
vn 0.4903 0.1753 0.8537
vn 0.6976 0.0562 0.7143
vn 0.1421 0.3400 0.9296
vn 0.1731 0.1328 0.9759
vn 0.1679 -0.0198 0.9856
vn 0.2602 -0.0234 0.9653
vn 0.0627 0.1362 0.9887
vn 0.0877 -0.0165 0.9960
vn 0.0292 0.3347 0.9419
vn 0.0851 0.6481 0.7568
vn 0.0153 0.7244 0.6892
vn 0.0292 0.8506 0.5250
vn 0.0100 0.8493 0.5278
vn 0.2075 0.8890 0.4082
vn 0.3606 0.6667 0.6523
vn 0.3017 0.9180 0.2573
vn 0.5960 0.6682 0.4453
vn 0.6905 0.6867 0.2273
vn 0.3221 0.9394 0.1175
vn 0.0949 0.9877 0.1246
vn 0.0907 0.9727 0.2137
vn 0.0688 0.9655 0.2512
vn 0.0063 0.9800 0.1989
vn 0.0047 0.9716 0.2364
vn 0.0096 0.9879 0.1551
vn 0.0085 0.8924 0.4512
vn 0.0156 0.8841 0.4670
vn 0.1177 0.9930 -0.0000
vn 0.0088 1.0000 -0.0000
vn 0.0949 0.9877 -0.1246
vn 0.0096 0.9879 -0.1551
vn 0.0907 0.9727 -0.2137
vn 0.0063 0.9800 -0.1989
vn 0.0688 0.9655 -0.2512
vn 0.0047 0.9716 -0.2364
vn 0.0156 0.8841 -0.4670
vn 0.0085 0.8924 -0.4512
vn 0.0292 0.8506 -0.5250
vn 0.0100 0.8493 -0.5278
vn 0.0851 0.6481 -0.7568
vn 0.0153 0.7244 -0.6892
vn 0.1421 0.3400 -0.9296
vn 0.0292 0.3347 -0.9419
vn 0.1731 0.1328 -0.9759
vn 0.0627 0.1362 -0.9887
vn 0.1679 -0.0198 -0.9856
vn 0.0877 -0.0165 -0.9960
vn 0.4887 0.1750 -0.8547
vn 0.2602 -0.0234 -0.9653
vn 0.6719 0.0106 -0.7406
vn 0.6740 0.0153 -0.7385
vn 0.7418 0.3633 -0.5636
vn 0.4539 0.3660 -0.8125
vn 0.6511 -0.0323 -0.7583
vn 0.5960 0.6682 -0.4453
vn 0.3606 0.6667 -0.6523
vn 0.3017 0.9180 -0.2573
vn 0.2075 0.8890 -0.4082
vn 0.6905 0.6867 -0.2273
vn 0.3221 0.9394 -0.1175
vn 0.7266 0.6871 -0.0000
vn 0.3728 0.9279 -0.0000
vn -0.7747 -0.6324 -0.0000
vn -0.6096 0.7927 -0.0000
vn -0.4371 0.7455 -0.5033
vn -0.6100 -0.6330 -0.4767
vn 0.0767 0.7234 -0.6862
vn -0.1331 -0.7344 -0.6655
vn 0.5564 0.6802 -0.4773
vn 0.3801 -0.7795 -0.4979
vn 0.7683 0.6400 -0.0000
vn 0.5279 -0.8493 -0.0000
vn 0.3800 -0.7795 0.4980
vn 0.5563 0.6802 0.4773
vn -0.1331 -0.7344 0.6655
vn 0.0767 0.7234 0.6862
vn -0.6100 -0.6330 0.4767
vn -0.4371 0.7455 0.5033
vn 0.5963 0.8024 0.0220
vn 0.5612 0.8253 0.0621
vn 0.6199 0.7847 -0.0064
vn 0.5013 -0.4093 -0.7623
vn 0.2821 -0.2068 0.9368
vn 0.5067 -0.4081 0.7594
vn 0.4596 -0.3654 0.8095
vn 0.6538 0.7556 -0.0399
vn 0.6509 0.7583 -0.0363
vn 0.6918 -0.5857 0.4224
vn 0.6832 -0.5769 0.4477
vn 0.6911 -0.6943 0.2011
vn 0.7338 -0.6374 0.2350
vn 0.6554 0.7545 -0.0335
vn -0.6916 0.6938 -0.2010
vn -0.6914 0.5928 -0.4129
vn -0.6845 0.5848 -0.4353
vn -0.7338 0.6374 -0.2350
vn -0.5182 0.4172 -0.7466
vn -0.4699 0.3734 -0.7999
vn -0.6542 -0.7530 0.0707
vn -0.6509 -0.7583 0.0362
vn -0.6534 -0.7559 0.0396
vn -0.6546 -0.7536 0.0595
vn -0.6202 -0.7844 0.0060
vn -0.5951 -0.8033 -0.0240
vn -0.2886 0.2118 -0.9337
vn -0.5602 -0.8259 -0.0636
vn -0.6558 -0.7549 -0.0000
vn -0.6691 0.7432 -0.0000
vn -0.7549 0.6558 -0.0000
vn -0.7377 0.6408 0.2127
vn -0.6935 0.6955 0.1880
vn -0.6540 -0.7529 -0.0732
vn -0.6537 -0.7525 -0.0798
vn -0.6834 0.5821 0.4406
vn -0.6951 0.5961 0.4018
vn -0.6488 -0.7602 -0.0339
vn -0.6513 -0.7572 -0.0494
vn 0.0131 0.0100 0.9999
vn 0.6548 0.7537 0.0566
vn 0.6519 0.7567 0.0498
vn 0.6494 0.7597 0.0346
vn -0.5873 0.7950 0.1520
vn -0.5942 0.8043 -0.0000
vn 0.9000 0.4358 -0.0000
vn 0.8956 0.4337 0.0993
vn 0.8956 0.4337 -0.0993
vn -0.5873 0.7950 -0.1520
vn 0.0131 0.0100 -0.9999
vn 0.5854 -0.7963 0.1522
vn 0.5923 -0.8057 -0.0000
vn 0.6681 -0.7440 -0.0000
vn 0.6930 -0.6960 -0.1881
vn 0.5854 -0.7963 -0.1522
vn 0.7549 -0.6558 -0.0000
vn 0.7377 -0.6408 -0.2127
vn 0.6178 0.7863 -0.0040
vn 0.5942 0.8038 -0.0289
vn -0.4595 0.3652 0.8096
vn -0.5042 0.4060 0.7622
vn 0.5612 0.8253 -0.0621
vn -0.2886 0.2118 0.9337
vn 0.2821 -0.2068 -0.9368
vn 0.4480 -0.3562 -0.8200
vn 0.4911 -0.3956 -0.7761
vn 0.6803 -0.5752 -0.4542
vn 0.6933 -0.5902 -0.4135
vn -0.5930 -0.8046 0.0307
vn -0.6181 -0.7861 0.0044
vn -0.5602 -0.8259 0.0636
vn 0.5013 -0.4093 0.7623
vn -0.7055 0.2059 0.6781
vn -0.7743 0.6272 0.0848
vn -0.9796 -0.1012 -0.1736
vn -0.7808 -0.3182 0.5377
vn -0.1327 -0.3407 0.9308
vn -0.1942 0.4978 0.8453
vn -0.1279 0.9546 0.2690
vn -0.0099 0.9187 -0.3948
vn -0.4897 0.6674 -0.5611
vn -0.5854 0.1818 -0.7901
vn -0.5679 -0.7597 -0.3169
vn -0.5280 -0.7697 0.3589
vn -0.3791 -0.3126 -0.8709
vn 0.1946 -0.4884 -0.8506
vn 0.1329 0.3376 -0.9319
vn 0.7727 0.3203 -0.5480
vn 0.5238 0.7666 -0.3715
vn 0.6988 -0.1960 -0.6879
vn 0.1281 -0.9542 -0.2703
vn 0.7745 -0.6266 -0.0862
vn 0.9798 0.1018 0.1721
vn 0.0114 -0.9223 0.3863
vn 0.4991 -0.6695 0.5502
vn 0.5960 -0.1770 0.7832
vn 0.5680 0.7602 0.3155
vn 0.3864 0.3234 0.8638
vn -0.7056 0.2059 -0.6781
vn -0.7808 -0.3182 -0.5377
vn -0.9796 -0.1012 0.1736
vn -0.7743 0.6272 -0.0848
vn -0.1942 0.4978 -0.8453
vn -0.1327 -0.3407 -0.9308
vn -0.1279 0.9546 -0.2690
vn -0.4897 0.6674 0.5611
vn -0.0099 0.9187 0.3948
vn -0.5854 0.1818 0.7901
vn -0.5280 -0.7697 -0.3589
vn -0.5679 -0.7597 0.3169
vn -0.3791 -0.3126 0.8709
vn 0.1946 -0.4884 0.8506
vn 0.1329 0.3376 0.9319
vn 0.7727 0.3203 0.5480
vn 0.5238 0.7666 0.3715
vn 0.6988 -0.1960 0.6879
vn 0.1281 -0.9542 0.2703
vn 0.7745 -0.6266 0.0862
vn 0.9798 0.1018 -0.1721
vn 0.0114 -0.9223 -0.3863
vn 0.4991 -0.6695 -0.5502
vn 0.5960 -0.1770 -0.7832
vn 0.3864 0.3234 -0.8638
vn 0.5680 0.7602 -0.3155
vn 0.2577 -0.9501 0.1758
vn 0.2590 -0.9451 0.1992
vn 0.2431 -0.9700 -0.0000
vn -0.9700 -0.2430 -0.0000
vn -0.9543 -0.2848 -0.0900
vn -0.9468 -0.2983 -0.1203
vn -0.8774 -0.3825 -0.2897
vn -0.8267 -0.4255 -0.3680
vn 0.1691 -0.8268 0.5364
vn 0.1845 -0.8384 0.5129
vn 0.9468 0.2982 0.1207
vn 0.9542 0.2851 0.0911
vn 0.9700 0.2430 -0.0000
vn 0.8282 0.4248 0.3655
vn 0.8778 0.3820 0.2890
vn 0.5943 0.5746 0.5626
vn 0.6774 0.5288 0.5113
vn -0.0353 -0.7044 0.7089
vn -0.0038 -0.7173 0.6968
vn 0.2779 0.7620 0.5849
vn 0.3719 0.7057 0.6030
vn -0.1834 -0.5769 0.7959
vn -0.1718 -0.5936 0.7862
vn -0.0383 0.8916 0.4513
vn 0.0327 0.8707 0.4908
vn -0.4282 -0.4163 0.8021
vn -0.4067 -0.4263 0.8080
vn -0.5926 -0.5747 -0.5644
vn -0.6749 -0.5292 -0.5142
vn -0.3722 -0.7048 -0.6039
vn -0.2757 -0.7627 -0.5851
vn -0.0332 -0.8704 -0.4912
vn 0.0386 -0.8917 -0.4510
vn -0.5994 -0.3442 0.7227
vn -0.5984 -0.3434 0.7238
vn 0.1481 -0.9131 -0.3799
vn 0.1418 -0.9129 -0.3828
vn -0.7272 -0.3524 0.5891
vn -0.7197 -0.3529 0.5979
vn 0.1687 -0.9157 -0.3647
vn 0.1931 -0.9167 -0.3498
vn 0.5915 0.3457 -0.7284
vn 0.5905 0.3451 -0.7295
vn 0.7089 0.3552 -0.6094
vn 0.7158 0.3548 -0.6015
vn 0.4208 0.4175 -0.8054
vn 0.3964 0.4289 -0.8117
vn -0.1492 0.9131 0.3795
vn -0.1427 0.9129 0.3824
vn -0.1947 0.9168 0.3486
vn -0.1694 0.9158 0.3642
vn 0.1780 0.5775 -0.7967
vn 0.1651 0.5966 -0.7854
vn -0.2392 0.9166 0.3203
vn 0.8014 0.3455 -0.4882
vn -0.8154 -0.3411 0.4678
vn -0.6801 0.0575 -0.7309
vn -0.6801 0.0575 -0.7308
vn -0.6801 0.0574 -0.7309
vn 0.2374 -0.9166 -0.3217
vn 0.8009 0.3787 -0.4638
vn 0.3091 -0.9205 -0.2391
vn 0.5914 -0.0575 0.8044
vn -0.3106 0.9205 0.2371
vn -0.8071 -0.3774 0.4540
vn 0.0280 0.7090 -0.7047
vn -0.0061 0.7232 -0.6906
vn -0.1755 0.8299 -0.5295
vn -0.1915 0.8421 -0.5041
vn -0.2583 0.9500 -0.1752
vn -0.2596 0.9458 -0.1954
vn -0.2431 0.9700 -0.0000
vn -0.2596 0.9458 0.1954
vn -0.2583 0.9500 0.1752
vn 0.9468 0.2982 -0.1207
vn 0.9542 0.2851 -0.0911
vn 0.8778 0.3820 -0.2890
vn 0.8282 0.4248 -0.3655
vn -0.1755 0.8299 0.5295
vn -0.1915 0.8421 0.5041
vn -0.9468 -0.2983 0.1203
vn -0.8267 -0.4255 0.3680
vn -0.8774 -0.3825 0.2897
vn -0.9543 -0.2848 0.0900
vn -0.5926 -0.5747 0.5644
vn -0.6749 -0.5292 0.5142
vn 0.0280 0.7090 0.7047
vn -0.0061 0.7232 0.6906
vn 0.2590 -0.9451 -0.1992
vn 0.1845 -0.8384 -0.5129
vn 0.1691 -0.8268 -0.5364
vn 0.2577 -0.9501 -0.1758
vn -0.0038 -0.7173 -0.6968
vn -0.0353 -0.7044 -0.7089
vn -0.1718 -0.5936 -0.7862
vn -0.1834 -0.5769 -0.7959
vn -0.2757 -0.7627 0.5851
vn -0.3722 -0.7048 0.6039
vn -0.4067 -0.4263 -0.8080
vn -0.4282 -0.4163 -0.8021
vn 0.0386 -0.8917 0.4510
vn -0.0332 -0.8704 0.4912
vn -0.5984 -0.3434 -0.7238
vn -0.5994 -0.3441 -0.7227
vn 0.1418 -0.9129 0.3828
vn 0.1481 -0.9131 0.3799
vn -0.7197 -0.3529 -0.5979
vn -0.7272 -0.3524 -0.5891
vn 0.1931 -0.9167 0.3498
vn 0.1687 -0.9157 0.3647
vn 0.5915 0.3457 0.7284
vn 0.7158 0.3548 0.6015
vn 0.7089 0.3552 0.6094
vn 0.5905 0.3451 0.7295
vn 0.4208 0.4175 0.8054
vn 0.3964 0.4289 0.8117
vn -0.1492 0.9131 -0.3795
vn -0.1694 0.9158 -0.3642
vn -0.1947 0.9168 -0.3486
vn -0.1427 0.9129 -0.3824
vn 0.0327 0.8707 -0.4908
vn -0.0383 0.8916 -0.4513
vn 0.1780 0.5775 0.7967
vn 0.1651 0.5966 0.7854
vn 0.3719 0.7057 -0.6030
vn 0.2779 0.7620 -0.5849
vn 0.6774 0.5288 -0.5113
vn 0.5943 0.5746 -0.5626
vn -0.2392 0.9166 -0.3203
vn 0.8014 0.3455 0.4882
vn -0.8154 -0.3411 -0.4678
vn -0.6801 0.0575 0.7309
vn -0.6801 0.0575 0.7308
vn -0.6801 0.0574 0.7309
vn 0.2374 -0.9166 0.3217
vn 0.8009 0.3787 0.4638
vn 0.3091 -0.9205 0.2391
vn 0.5914 -0.0575 -0.8044
vn -0.3106 0.9205 -0.2371
vn -0.8071 -0.3774 -0.4540
vn -0.0532 0.9966 0.0626
vn -0.1028 0.9722 -0.2101
vn -0.3431 0.8962 -0.2814
vn -0.3159 0.9453 -0.0809
vn 0.0154 0.9842 -0.1763
vn 0.0178 0.9835 0.1800
vn -0.0868 0.7660 -0.6370
vn -0.2977 0.7134 -0.6343
vn 0.0650 0.7650 -0.6408
vn 0.0568 0.9815 -0.1827
vn 0.0336 0.9755 0.2175
vn 0.0830 0.7645 -0.6392
vn 0.0378 0.9993 -0.0000
vn 0.0213 0.9998 -0.0000
vn -0.0138 0.9999 -0.0000
vn 0.0336 0.9755 -0.2175
vn 0.0178 0.9835 -0.1800
vn -0.0532 0.9966 -0.0626
vn 0.0568 0.9815 0.1827
vn 0.0154 0.9842 0.1763
vn -0.1028 0.9722 0.2101
vn 0.0650 0.7650 0.6408
vn 0.0830 0.7645 0.6392
vn -0.0868 0.7660 0.6370
vn 0.1633 0.4414 0.8823
vn 0.1442 0.4396 0.8865
vn -0.0038 0.4650 0.8853
vn 0.2538 0.1122 0.9607
vn 0.2123 0.1028 0.9718
vn 0.0812 0.1231 0.9891
vn 0.2888 0.0129 0.9573
vn 0.2893 0.0107 0.9572
vn 0.2886 0.0152 0.9573
vn 0.2942 0.0133 0.9557
vn 0.2939 0.0114 0.9558
vn 0.2945 0.0156 0.9555
vn -0.3051 0.1390 0.9421
vn -0.1063 -0.0032 0.9943
vn -0.2529 0.4117 0.8755
vn -0.4995 0.3517 0.7917
vn -0.5622 0.1084 0.8198
vn -0.5577 -0.0362 0.8292
vn -0.4704 -0.0311 0.8819
vn -0.8431 0.0357 0.5365
vn -0.6623 -0.0422 0.7480
vn -0.8158 0.2217 0.5341
vn -0.9588 0.1317 0.2516
vn -0.9703 -0.0149 0.2414
vn -0.9703 -0.0225 0.2408
vn -0.9943 0.1062 -0.0000
vn -0.9999 -0.0100 -0.0000
vn -0.9999 -0.0130 -0.0000
vn -0.9694 -0.0126 0.2453
vn -0.9703 -0.0149 -0.2414
vn -0.9694 -0.0126 -0.2453
vn -0.8158 0.2217 -0.5341
vn -0.8431 0.0357 -0.5365
vn -0.9588 0.1317 -0.2516
vn -0.9703 -0.0225 -0.2408
vn -0.5622 0.1084 -0.8198
vn -0.5577 -0.0362 -0.8292
vn -0.6623 -0.0422 -0.7480
vn -0.4995 0.3517 -0.7917
vn -0.3391 0.1392 -0.9304
vn -0.4704 -0.0311 -0.8819
vn 0.0641 0.1342 -0.9889
vn -0.1792 -0.0526 -0.9824
vn -0.2784 0.4280 -0.8598
vn -0.0063 0.4914 -0.8709
vn -0.4676 0.6322 -0.6178
vn -0.7341 0.4785 -0.4818
vn -0.5111 0.8100 -0.2876
vn -0.6693 0.7009 -0.2467
vn -0.8939 0.3863 -0.2275
vn -0.7717 0.6158 -0.1590
vn -0.9226 0.3858 -0.0000
vn -0.7387 0.6741 -0.0000
vn -0.5856 0.8106 -0.0000
vn -0.5832 0.8031 -0.1224
vn -0.7717 0.6158 0.1590
vn -0.5832 0.8031 0.1224
vn -0.8939 0.3863 0.2275
vn -0.6693 0.7009 0.2467
vn -0.5111 0.8100 0.2876
vn -0.7341 0.4785 0.4818
vn -0.4676 0.6322 0.6178
vn -0.3431 0.8962 0.2814
vn -0.2977 0.7134 0.6343
vn -0.3159 0.9453 0.0809
vn -0.2765 0.9610 -0.0000
vn 0.1820 0.4632 -0.8673
vn 0.2972 0.1277 -0.9462
vn 0.1566 0.4512 -0.8786
vn 0.2428 0.1140 -0.9633
vn 0.3288 -0.0055 -0.9444
vn 0.3286 -0.0124 -0.9444
vn 0.3281 -0.0222 -0.9444
vn 0.1818 0.1168 -0.9764
vn 0.2038 0.0203 -0.9788
vn 0.2056 0.0241 -0.9783
vn 0.1348 0.4513 -0.8821
vn 0.2741 0.1568 -0.9488
vn 0.2017 0.0168 -0.9793
vn 0.3341 0.5009 -0.7984
vn 0.2132 0.0387 -0.9762
vn 0.2183 0.0444 -0.9749
vn 0.2086 0.0337 -0.9774
vn 0.1024 0.7725 -0.6267
vn 0.2963 0.7760 -0.5567
vn 0.1014 0.9705 -0.2188
vn 0.2946 0.9319 -0.2115
vn 0.0502 0.9789 0.1980
vn 0.2426 0.9594 0.1442
vn 0.0050 1.0000 -0.0000
vn 0.2516 0.9678 -0.0000
vn 0.0502 0.9789 -0.1980
vn 0.2426 0.9594 -0.1442
vn 0.1014 0.9705 0.2188
vn 0.2946 0.9319 0.2115
vn 0.1024 0.7725 0.6267
vn 0.2963 0.7760 0.5567
vn 0.1278 0.4460 0.8859
vn 0.3308 0.4998 0.8005
vn 0.1646 0.1014 0.9811
vn 0.2585 0.1396 0.9559
vn 0.1872 -0.0070 0.9823
vn 0.1887 -0.0128 0.9819
vn 0.1906 -0.0182 0.9815
vn 0.2036 -0.0091 0.9790
vn 0.2028 -0.0144 0.9791
vn 0.2045 -0.0028 0.9789
vn 0.4909 0.2288 0.8407
vn 0.5156 0.4434 0.7331
vn 0.5120 0.7410 0.4346
vn 0.5131 0.8327 0.2082
vn 0.4697 0.8755 -0.1137
vn 0.4516 0.8922 -0.0000
vn 0.4697 0.8755 0.1137
vn 0.5131 0.8327 -0.2082
vn 0.5120 0.7410 -0.4346
vn 0.5156 0.4434 -0.7331
vn 0.4909 0.2288 -0.8407
vn 0.2158 0.0772 -0.9734
vn 0.2279 0.0353 -0.9730
vn 0.0036 0.0165 -0.9999
vn 0.0010 0.0318 -0.9995
vn 0.4110 0.0971 -0.9065
vn 0.4373 0.0301 -0.8988
vn 0.0220 0.1697 -0.9853
vn 0.2699 0.1612 -0.9493
vn 0.3485 0.2098 -0.9135
vn 0.0017 0.0359 -0.9994
vn 0.0031 0.2516 -0.9678
vn 0.0032 0.0192 -0.9998
vn 0.0159 0.1110 -0.9937
vn 0.0269 0.0467 -0.9985
vn 0.2809 0.0036 -0.9597
vn 0.1592 0.0419 -0.9864
vn 0.1317 0.0921 -0.9870
vn 0.1332 -0.0594 -0.9893
vn 0.1750 -0.0625 -0.9826
vn 0.1703 -0.0233 -0.9851
vn 0.1803 -0.1102 -0.9774
vn 0.4966 0.0611 -0.8658
vn 0.5572 0.0627 -0.8280
vn 0.5563 0.0769 -0.8274
vn 0.4972 0.0190 -0.8674
vn 0.5778 0.0508 -0.8146
vn 0.4448 0.0264 -0.8952
vn 0.6239 0.1285 -0.7709
vn 0.5800 0.1256 -0.8049
vn 0.6470 0.1094 -0.7546
vn 0.6322 0.1461 -0.7609
vn 0.5796 0.1518 -0.8006
vn 0.6851 0.1393 -0.7150
vn 0.4076 0.0626 -0.9110
vn 0.3781 0.2358 -0.8952
vn 0.3569 0.4391 -0.8245
vn 0.3542 0.4395 -0.8255
vn 0.1885 0.4538 -0.8709
vn 0.0082 0.4545 -0.8907
vn 0.2265 0.0786 0.9708
vn 0.0080 0.0324 0.9994
vn 0.0075 0.0111 0.9999
vn 0.2293 0.0114 0.9733
vn 0.4427 0.0232 0.8964
vn 0.4031 0.0810 0.9116
vn 0.3022 0.2197 0.9276
vn -0.0824 0.2397 0.9674
vn 0.4424 0.3276 0.8349
vn 0.0008 0.2179 0.9760
vn 0.0017 0.0359 0.9994
vn 0.0032 0.0199 0.9998
vn 0.0551 0.1085 0.9926
vn 0.0532 0.1176 0.9916
vn 0.2669 0.0490 0.9625
vn 0.1978 0.2849 0.9379
vn 0.1960 0.2745 0.9414
vn 0.1277 0.2678 0.9550
vn 0.2799 0.2932 0.9142
vn 0.2165 0.2805 0.9351
vn 0.1470 0.2654 0.9529
vn 0.5338 0.1967 0.8225
vn 0.5180 0.1105 0.8482
vn 0.4636 0.0770 0.8827
vn 0.5455 0.0948 0.8328
vn 0.4920 0.0472 0.8693
vn 0.4457 0.0259 0.8948
vn 0.4075 0.0628 0.9111
vn 0.3773 0.2495 0.8918
vn 0.3542 0.4395 0.8255
vn 0.2140 0.4516 0.8662
vn 0.0349 0.4500 0.8923
vn 0.0082 0.4545 0.8907
vn 0.5720 0.2592 0.7782
vn 0.6103 0.2378 0.7556
vn 0.5520 0.2906 0.7816
vn 0.5902 0.2978 0.7503
vn 0.6323 0.3129 0.7087
vn 0.5581 0.2862 0.7789
vn 0.5685 0.5048 -0.6496
vn 0.3956 0.8367 -0.3788
vn 0.4119 0.8640 -0.2894
vn 0.6309 0.4901 -0.6015
vn 0.6294 0.5316 -0.5668
vn 0.2546 0.4763 -0.8416
vn -0.0345 0.6085 -0.7928
vn -0.0065 0.8591 -0.5117
vn -0.1964 0.8747 -0.4430
vn 0.4340 0.8680 -0.2414
vn 0.4302 0.8383 0.3348
vn 0.4861 0.7555 0.4392
vn 0.4196 0.8446 0.3324
vn 0.2475 0.0621 0.9669
vn 0.2704 0.1926 0.9433
vn 0.2731 0.1704 0.9468
vn -0.0298 -0.4548 0.8901
vn -0.1609 -0.5641 0.8099
vn -0.0751 -0.4954 0.8654
vn 0.0759 -0.7754 0.6269
vn 0.6650 -0.6566 0.3558
vn 0.9707 0.0461 -0.2358
vn 0.0081 -0.7556 0.6550
vn 0.6056 -0.7579 0.2425
vn 0.9067 -0.2704 -0.3236
vn 0.9898 0.1153 0.0834
vn 0.7105 -0.3729 0.5968
vn 0.9435 0.0032 -0.3313
vn 0.6753 0.4930 -0.5485
vn 0.5928 -0.7559 0.2778
vn 0.0201 -0.6807 0.7323
vn 0.0582 -0.7118 0.6999
vn -0.3104 -0.8733 0.3754
vn -0.1179 -0.9657 -0.2314
vn 0.0790 -0.3780 -0.9224
vn -0.2399 -0.8040 0.5441
vn -0.1472 -0.9729 -0.1785
vn 0.1211 -0.3723 -0.9202
vn 0.1564 0.2811 -0.9468
vn 0.1969 -0.3956 -0.8971
vn 0.3182 0.2980 -0.9000
vn -0.0418 -0.9790 -0.1993
vn -0.6837 0.3085 -0.6613
vn -0.2506 0.6171 -0.7459
vn -0.8744 -0.4845 -0.0248
vn -0.1416 -0.8778 0.4576
vn -0.5550 -0.6381 0.5337
vn -0.4419 -0.6731 0.5930
vn -0.8859 -0.4631 0.0271
vn -0.7507 0.1556 -0.6420
vn -0.5015 -0.7301 0.4643
vn -0.8371 -0.5392 -0.0923
vn -0.6877 0.1961 -0.6990
vn -0.1693 0.5809 -0.7962
vn -0.3815 0.9179 0.1088
vn -0.0642 0.9112 -0.4070
vn -0.6692 0.2892 0.6845
vn -0.5235 0.8407 0.1382
vn -0.7087 0.1481 0.6898
vn -0.4293 -0.4582 0.7783
vn -0.3634 -0.5661 0.7399
vn -0.5850 -0.4385 0.6823
vn -0.7158 0.2835 0.6382
vn -0.4196 0.9063 0.0516
vn 0.2734 0.1446 -0.9510
vn 0.4229 0.1786 -0.8884
vn 0.3902 0.2048 -0.8977
vn 0.2701 0.1659 -0.9484
vn 0.2224 0.1479 -0.9637
vn 0.2223 0.1482 -0.9636
vn 0.2691 0.1909 -0.9440
vn 0.2224 0.1476 -0.9637
vn 0.3602 0.2391 -0.9017
vn 0.4666 0.2245 -0.8555
vn 0.4383 0.2556 -0.8617
vn 0.4856 0.2028 -0.8503
vn 0.2242 0.0069 0.9745
vn 0.3729 0.1090 -0.9214
vn 0.3498 0.1413 -0.9261
vn 0.3382 0.1571 -0.9278
vn 0.4346 -0.0485 -0.8993
vn 0.4650 -0.1239 -0.8766
vn 0.3729 0.1090 0.9214
vn 0.3382 0.1571 0.9278
vn 0.3498 0.1413 0.9261
vn 0.4649 -0.1239 0.8766
vn 0.4346 -0.0485 0.8993
vn 0.7802 0.5020 -0.3731
vn 0.7655 0.5200 -0.3791
vn 0.7178 0.4869 -0.4978
vn 0.7406 0.4736 -0.4766
vn 0.8163 0.5290 -0.2318
vn 0.7925 0.5494 -0.2650
vn 0.7461 0.5391 -0.3907
vn 0.7759 0.5621 -0.2865
vn 0.6940 0.4996 -0.5185
vn -0.1517 0.5592 -0.8150
vn -0.9013 0.3255 -0.2860
vn -0.8936 0.3294 -0.3050
vn -0.8946 0.3289 -0.3025
vn -0.8889 0.3316 -0.3161
vn -0.4071 0.3728 0.8339
vn -0.4405 0.3756 0.8154
vn -0.4388 0.3754 0.8164
vn -0.4635 0.3772 0.8018
vn 0.5804 0.5571 0.5939
vn 0.5574 0.5623 0.6109
vn 0.5478 0.5642 0.6177
vn 0.5298 0.5677 0.6301
vn 0.8646 0.4916 -0.1039
vn 0.8517 0.5116 -0.1131
vn 0.8309 0.5522 -0.0685
vn 0.8705 0.4769 -0.1212
vn 0.8312 0.5413 -0.1268
vn 0.7344 0.6745 0.0755
vn 0.8767 0.4600 -0.1407
vn 0.6600 0.7282 0.1846
vn 0.3378 -0.5656 0.7523
vn 0.3687 -0.5481 0.7507
vn 0.3600 -0.5531 0.7513
vn 0.3895 -0.5359 0.7491
vn 0.9232 -0.2180 0.3164
vn 0.7639 0.2210 -0.6063
vn 0.6035 0.3785 -0.7018
vn 0.8033 -0.1254 -0.5822
vn 0.9232 -0.2672 0.2762
vn 0.7455 0.2222 -0.6284
vn 0.3692 -0.4320 0.8228
vn 0.3387 -0.4886 0.8041
vn 0.0879 -0.9880 -0.1273
vn -0.2698 -0.4063 0.8730
vn -0.8762 -0.4655 -0.1245
vn -0.2855 -0.4126 0.8650
vn -0.3003 -0.5554 0.7755
vn 0.3295 -0.5876 0.7390
vn 0.9059 -0.2954 0.3033
vn -0.3017 -0.6882 0.6599
vn 0.3123 -0.6912 0.6517
vn 0.8962 -0.3682 0.2476
vn 0.7532 0.2979 -0.5865
vn 0.7568 0.3343 -0.5617
vn -0.1704 0.5045 -0.8465
vn -0.2641 0.5438 -0.7966
vn -0.1536 0.4317 -0.8888
vn -0.0842 0.3973 -0.9138
vn -0.8495 0.2989 -0.4348
vn -0.8371 0.2509 -0.4861
vn -0.8599 0.2797 -0.4271
vn -0.9284 -0.0718 0.3647
vn -0.9673 -0.0857 0.2387
vn -0.9229 -0.2399 0.3013
vn -0.8790 0.2510 -0.4054
vn -0.9386 -0.2894 0.1878
vn -0.9536 -0.1231 -0.2747
vn -0.7899 0.3127 -0.5276
vn -0.9403 0.0842 -0.3299
vn -0.8115 0.4353 -0.3899
vn -0.8716 -0.2135 -0.4413
vn -0.8655 0.4388 -0.2416
vn -0.8600 0.4361 -0.2650
vn -0.9765 -0.1350 -0.1681
vn -0.9831 0.1146 -0.1428
vn -0.8864 0.4493 -0.1114
vn -0.9942 0.1077 -0.0000
vn -0.8920 0.4521 -0.0000
vn -0.9831 0.1146 0.1428
vn -0.8864 0.4493 0.1114
vn -0.9403 0.0842 0.3299
vn -0.8655 0.4388 0.2416
vn -0.9765 -0.1350 0.1681
vn -0.8726 -0.2124 0.4399
vn -0.9942 -0.1078 -0.0000
vn -0.9891 -0.0197 0.1458
vn -0.8785 -0.0811 0.4708
vn -1.0000 -0.0022 -0.0000
vn -0.9891 -0.0197 -0.1458
vn -0.8733 -0.0845 -0.4797
vn -0.5500 -0.1743 -0.8168
vn -0.2579 -0.2283 -0.9388
vn -0.0282 -0.2294 -0.9729
vn 0.5753 0.0330 -0.8172
vn 0.4473 -0.1764 -0.8768
vn 0.7709 0.1582 -0.6170
vn 0.7842 -0.1055 -0.6114
vn 0.9271 0.2411 -0.2871
vn 0.9599 -0.0371 -0.2780
vn 0.9653 0.2612 -0.0000
vn 0.9995 -0.0328 -0.0000
vn 0.7064 0.6649 -0.2428
vn 0.7244 0.6893 -0.0000
vn 0.6448 0.5516 -0.5292
vn 0.5584 0.8013 -0.2147
vn 0.5631 0.8264 -0.0000
vn 0.5898 0.5490 -0.5922
vn -0.0740 0.6666 -0.7417
vn -0.0491 0.8008 -0.5969
vn 0.5584 0.8013 0.2147
vn 0.7064 0.6649 0.2428
vn 0.5898 0.5490 0.5922
vn 0.6448 0.5516 0.5292
vn 0.5753 0.0329 0.8173
vn 0.7709 0.1582 0.6170
vn 0.8015 -0.1317 0.5833
vn 0.6035 0.3785 0.7018
vn -0.0491 0.8008 0.5969
vn -0.0740 0.6666 0.7417
vn 0.9271 0.2411 0.2871
vn 0.7842 -0.1055 0.6114
vn 0.9599 -0.0371 0.2780
vn 0.4500 -0.1765 0.8754
vn -0.0311 -0.2447 0.9691
vn 0.0825 -0.9897 0.1169
vn -0.2489 -0.2490 0.9360
vn 0.9232 -0.2180 -0.3164
vn 0.7639 0.2210 0.6063
vn 0.3692 -0.4320 -0.8228
vn -0.8721 -0.4728 0.1263
vn -0.5472 -0.1794 0.8176
vn -0.2698 -0.4063 -0.8730
vn 0.3387 -0.4886 -0.8041
vn -0.2855 -0.4126 -0.8650
vn 0.9232 -0.2672 -0.2762
vn 0.3241 -0.6334 -0.7027
vn -0.2898 -0.5970 -0.7481
vn 0.8984 -0.3267 -0.2934
vn 0.3090 -0.7613 -0.5700
vn -0.2933 -0.7542 -0.5875
vn 0.8939 -0.4039 -0.1942
vn 0.7475 0.2904 0.5974
vn 0.7666 0.3079 0.5635
vn -0.1659 0.4850 0.8586
vn -0.2633 0.5052 0.8219
vn 0.7455 0.2222 0.6284
vn -0.1536 0.4317 0.8888
vn -0.0842 0.3973 0.9138
vn -0.8371 0.2509 0.4861
vn -0.8495 0.2989 0.4348
vn -0.8520 0.2842 0.4398
vn -0.9673 -0.0857 -0.2387
vn -0.9284 -0.0718 -0.3647
vn -0.9155 -0.2690 -0.2991
vn -0.8765 0.2559 0.4077
vn -0.9379 -0.3088 -0.1581
vn -0.7899 0.3127 0.5276
vn -0.9536 -0.1231 0.2747
vn -0.8115 0.4353 0.3899
vn -0.8600 0.4361 0.2650
vn 0.8605 0.5069 -0.0503
vn 0.5279 0.8103 -0.2543
vn 0.5687 0.7932 -0.2178
vn 0.0408 0.9760 -0.2140
vn 0.0372 0.9678 -0.2489
vn 0.6238 0.7388 -0.2550
vn 0.6953 0.6721 -0.2547
vn 0.5241 0.8236 -0.2170
vn 0.6525 0.7393 -0.1667
vn 0.0121 0.9692 -0.2458
vn 0.5336 0.8430 -0.0676
vn 0.6897 0.7239 -0.0185
vn 0.0607 0.9924 -0.1070
vn 0.0797 0.9968 -0.0000
vn 0.5311 0.8473 -0.0000
vn 0.6819 0.7315 -0.0000
vn 0.6897 0.7239 0.0185
vn 0.5336 0.8430 0.0676
vn 0.6525 0.7393 0.1667
vn 0.5241 0.8236 0.2170
vn 0.0607 0.9924 0.1070
vn 0.0121 0.9692 0.2458
vn -0.5563 0.8270 0.0814
vn -0.5817 0.7957 0.1687
vn -0.5145 0.8575 -0.0000
vn -0.5563 0.8270 -0.0814
vn -0.8185 0.5738 -0.0285
vn -0.8264 0.5631 -0.0000
vn -0.8185 0.5738 0.0285
vn -0.8084 0.5809 0.0953
vn -0.8374 0.5235 0.1571
vn -0.6037 0.7724 0.1972
vn 0.0372 0.9678 0.2489
vn -0.9001 0.3945 0.1849
vn -0.6496 0.7285 0.2174
vn 0.0408 0.9760 0.2140
vn 0.5279 0.8103 0.2543
vn 0.5687 0.7932 0.2178
vn 0.6953 0.6721 0.2547
vn 0.6238 0.7388 0.2550
vn 0.5730 0.7565 0.3153
vn 0.7782 0.5745 0.2536
vn 0.5859 0.6873 0.4295
vn 0.8000 0.5209 0.2976
vn 0.0293 0.9282 0.3710
vn 0.0286 0.8354 0.5489
vn -0.6683 0.6592 0.3447
vn -0.6517 0.5809 0.4876
vn -0.9271 0.2601 0.2699
vn -0.9137 0.2009 0.3533
vn -0.5817 0.7957 -0.1687
vn -0.8084 0.5809 -0.0953
vn -0.6010 0.7760 -0.1914
vn -0.8330 0.5334 -0.1466
vn -0.6432 0.7331 -0.2208
vn -0.8901 0.4110 -0.1969
vn 0.0293 0.9282 -0.3710
vn -0.6640 0.6580 -0.3553
vn -0.9231 0.2608 -0.2825
vn 0.0286 0.8354 -0.5489
vn -0.6552 0.5808 -0.4830
vn -0.9186 0.1984 -0.3418
vn 0.5730 0.7565 -0.3153
vn 0.5859 0.6873 -0.4295
vn 0.7782 0.5745 -0.2536
vn 0.8000 0.5209 -0.2976
vn 0.7985 -0.5994 0.0565
vn 0.7336 -0.0695 -0.6760
vn 0.7554 0.5899 -0.2852
vn 0.8088 0.0555 0.5854
vn 0.7768 -0.6139 -0.1401
vn 0.7154 -0.0669 -0.6955
vn 0.0920 -0.9673 0.2363
vn 0.0385 -0.4036 0.9141
vn 0.1449 -0.9734 0.1773
vn 0.6044 0.7840 -0.1417
vn 0.6884 0.4471 0.5712
vn -0.0428 0.0931 0.9947
vn -0.8662 0.0042 0.4997
vn -0.7475 0.4065 0.5253
vn -0.8109 0.5188 -0.2708
vn -0.7169 0.6800 -0.1539
vn -0.6790 -0.1532 -0.7179
vn -0.7003 -0.7125 -0.0441
vn -0.6206 -0.1516 -0.7693
vn -0.5666 -0.7701 -0.2932
vn -0.8345 0.3397 -0.4338
vn -0.9027 -0.3044 0.3040
vn -0.0072 -0.5944 0.8042
vn 0.8783 -0.1182 0.4633
vn -0.0280 -0.5615 0.8270
vn 0.8815 -0.1397 0.4511
vn -0.9312 -0.2720 0.2425
vn 0.7636 0.5399 -0.3540
vn 0.7688 0.5174 -0.3759
vn -0.0313 0.0359 -0.9989
vn -0.1068 0.7097 -0.6964
vn -0.1054 0.6640 -0.7403
vn -0.8237 0.3208 -0.4676
vn -0.0945 0.2927 -0.9515
vn -0.1178 0.8152 -0.5671
vn -0.0974 0.9165 -0.3879
vn -0.0595 0.3558 -0.9327
vn -0.7301 -0.1052 -0.6752
vn -0.7457 -0.6649 0.0421
vn 0.0812 -0.9436 0.3211
vn -0.6299 -0.1518 -0.7617
vn -0.6798 -0.7066 -0.1966
vn 0.1122 -0.9424 0.3151
vn -0.7590 0.6503 0.0318
vn -0.6842 0.2128 0.6975
vn -0.0833 -0.0515 0.9952
vn -0.5975 0.7841 0.1679
vn -0.6220 0.4290 0.6550
vn -0.0609 0.0551 0.9966
vn -0.8062 0.5092 -0.3014
vn -0.8384 0.0795 0.5392
vn 0.0244 -0.2143 0.9765
vn -0.9725 -0.0900 -0.2146
vn -0.4125 -0.1828 0.8924
vn 0.7688 0.1755 0.6149
vn 0.4781 -0.3814 0.7912
vn 0.5151 0.5135 0.6863
vn 0.6881 0.7021 -0.1830
vn 0.9617 0.2718 0.0362
vn 0.4609 0.8789 0.1228
vn 0.5934 0.8015 0.0747
vn 0.5913 0.2486 0.7671
vn 0.6455 -0.1777 -0.7428
vn 0.7766 -0.6096 -0.1589
vn 0.7770 0.0521 -0.6273
vn 0.8417 -0.5193 0.1479
vn -0.0288 -0.0225 -0.9993
vn -0.1817 0.9478 -0.2621
vn -0.0995 0.9950 0.0102
vn -0.0785 0.8734 -0.4807
vn 0.3998 0.7054 -0.5853
vn -0.4958 0.3195 -0.8075
vn 0.7985 -0.5994 -0.0565
vn 0.8088 0.0555 -0.5854
vn 0.7554 0.5899 0.2852
vn 0.7336 -0.0695 0.6760
vn 0.7154 -0.0669 0.6955
vn 0.7768 -0.6139 0.1401
vn 0.0920 -0.9673 -0.2363
vn 0.0385 -0.4036 -0.9141
vn 0.1449 -0.9734 -0.1773
vn 0.6884 0.4471 -0.5712
vn 0.6044 0.7840 0.1417
vn -0.0428 0.0931 -0.9947
vn -0.8662 0.0042 -0.4997
vn -0.7475 0.4065 -0.5253
vn -0.8109 0.5188 0.2708
vn -0.7169 0.6800 0.1539
vn -0.6790 -0.1532 0.7179
vn -0.7003 -0.7125 0.0441
vn -0.5666 -0.7701 0.2932
vn -0.6206 -0.1516 0.7693
vn -0.9027 -0.3044 -0.3040
vn -0.8345 0.3397 0.4338
vn -0.0072 -0.5944 -0.8042
vn 0.8783 -0.1182 -0.4633
vn 0.8815 -0.1397 -0.4511
vn -0.0280 -0.5615 -0.8270
vn -0.9312 -0.2720 -0.2425
vn 0.7636 0.5399 0.3540
vn 0.7688 0.5174 0.3758
vn -0.0313 0.0359 0.9989
vn -0.1068 0.7097 0.6964
vn -0.1054 0.6640 0.7403
vn -0.8237 0.3208 0.4676
vn -0.0945 0.2927 0.9515
vn -0.1178 0.8152 0.5671
vn -0.0974 0.9165 0.3879
vn -0.7301 -0.1052 0.6752
vn -0.0595 0.3558 0.9327
vn -0.7457 -0.6649 -0.0421
vn 0.0812 -0.9436 -0.3211
vn -0.6798 -0.7066 0.1966
vn -0.6299 -0.1518 0.7617
vn 0.1122 -0.9424 -0.3151
vn -0.6842 0.2128 -0.6975
vn -0.7590 0.6503 -0.0318
vn -0.0833 -0.0515 -0.9952
vn -0.6220 0.4290 -0.6550
vn -0.5975 0.7841 -0.1679
vn -0.0609 0.0551 -0.9966
vn -0.8384 0.0795 -0.5392
vn -0.8062 0.5092 0.3014
vn 0.0244 -0.2143 -0.9765
vn -0.9725 -0.0900 0.2146
vn -0.4125 -0.1828 -0.8924
vn 0.7688 0.1755 -0.6149
vn 0.4781 -0.3814 -0.7912
vn 0.5151 0.5135 -0.6863
vn 0.6881 0.7021 0.1830
vn 0.9617 0.2718 -0.0362
vn 0.4609 0.8789 -0.1228
vn 0.5934 0.8015 -0.0747
vn 0.5913 0.2486 -0.7671
vn 0.6455 -0.1777 0.7428
vn 0.7766 -0.6096 0.1589
vn 0.7770 0.0521 0.6273
vn 0.8417 -0.5193 -0.1479
vn -0.0288 -0.0225 0.9993
vn -0.1817 0.9478 0.2621
vn -0.0995 0.9950 -0.0102
vn -0.0785 0.8734 0.4807
vn 0.3998 0.7054 0.5853
vn -0.4958 0.3195 0.8075
vn 0.3174 0.8916 -0.3228
vn 0.0545 0.7958 -0.6031
vn -0.1042 0.8507 -0.5153
vn 0.2718 0.9520 -0.1409
vn 0.0258 0.7594 -0.6502
vn 0.0169 0.7923 -0.6099
vn 0.3533 0.9069 -0.2295
vn 0.2065 0.9744 -0.0887
vn 0.0928 0.9882 -0.1222
vn 0.1548 0.9412 -0.3002
vn -0.0047 0.9875 -0.1575
vn 0.0299 0.9354 -0.3523
vn -0.3308 0.9174 -0.2212
vn -0.2457 0.8498 -0.4663
vn -0.0240 0.8881 -0.4590
vn -0.1127 0.8417 -0.5280
vn 0.2572 0.7749 -0.5774
vn 0.1594 0.8017 -0.5760
vn -0.5559 0.8132 -0.1723
vn -0.4654 0.8701 -0.1624
vn -0.7595 0.5548 0.3398
vn -0.7625 0.5410 0.3547
vn -0.7482 0.6634 -0.0119
vn -0.7824 0.6226 -0.0124
vn -0.7483 0.5548 -0.3637
vn -0.7509 0.5410 -0.3788
vn -0.6521 0.6544 -0.3828
vn -0.7886 0.6148 -0.0125
vn -0.6639 0.6544 0.3619
vn -0.5174 0.7729 -0.3673
vn -0.7001 0.7139 -0.0111
vn -0.5288 0.7729 0.3506
vn -0.3913 0.9202 0.0046
vn -0.2937 0.9485 -0.1185
vn 0.0616 0.8187 -0.5709
vn -0.0022 0.8103 -0.5860
vn 0.0391 0.7024 -0.7107
vn 0.0137 0.6860 -0.7274
vn -0.1507 0.6667 -0.7300
vn -0.1257 0.7085 -0.6944
vn 0.0962 0.6725 -0.7338
vn 0.1296 0.7608 -0.6359
vn 0.3487 0.7157 -0.6052
vn 0.3468 0.7780 -0.5238
vn 0.5646 0.7118 -0.4179
vn 0.5661 0.7277 -0.3874
vn 0.6067 0.6646 -0.4361
vn 0.5544 0.6822 -0.4767
vn 0.4991 0.5143 -0.6974
vn 0.2871 0.6450 -0.7082
vn 0.5074 0.5392 -0.6722
vn 0.2310 0.6438 -0.7294
vn 0.6608 0.7505 0.0105
vn 0.4824 0.8759 0.0077
vn 0.4857 0.5392 0.6880
vn 0.2077 0.6438 0.7364
vn 0.0051 0.7594 0.6507
vn 0.1538 0.9881 0.0024
vn -0.0025 0.7923 0.6101
vn 0.1813 0.9834 0.0029
vn 0.0352 0.7958 0.6045
vn -0.1206 0.8507 0.5117
vn 0.3070 0.8916 0.3327
vn 0.2671 0.9520 0.1495
vn 0.3458 0.9069 0.2407
vn 0.2036 0.9744 0.0952
vn 0.5535 0.7277 0.4052
vn 0.5389 0.6822 0.4941
vn 0.2644 0.6450 0.7170
vn 0.5510 0.7118 0.4356
vn 0.5926 0.6646 0.4552
vn 0.4766 0.5143 0.7129
vn 0.3300 0.7780 0.5346
vn 0.3293 0.7157 0.6159
vn 0.1093 0.7608 0.6397
vn 0.0728 0.6725 0.7365
vn -0.1477 0.7085 0.6901
vn -0.1739 0.6667 0.7248
vn 0.0165 0.7024 0.7116
vn -0.0095 0.6860 0.7275
vn -0.0208 0.8103 0.5856
vn 0.0434 0.8187 0.5725
vn -0.2974 0.9485 0.1091
vn -0.3910 0.9202 -0.0171
vn 0.1410 0.8017 0.5808
vn -0.4703 0.8701 0.1475
vn 0.2387 0.7749 0.5853
vn -0.5611 0.8132 0.1545
vn -0.0386 0.8881 0.4580
vn -0.1295 0.8417 0.5242
vn -0.2605 0.8498 0.4583
vn -0.3377 0.9174 0.2106
vn 0.0187 0.9354 0.3531
vn -0.0097 0.9875 0.1573
vn 0.1452 0.9412 0.3050
vn 0.0889 0.9882 0.1251
vn 0.1344 0.7780 0.6137
vn 0.0360 0.9412 0.3359
vn 0.2466 0.9069 0.3415
vn 0.3881 0.7277 0.5655
vn -0.1086 0.7608 0.6398
vn -0.0992 0.9354 0.3394
vn 0.1068 0.7157 0.6902
vn -0.1751 0.6725 0.7191
vn 0.3757 0.7118 0.5935
vn 0.3450 0.6822 0.6447
vn 0.4085 0.6646 0.6257
vn 0.0121 0.6450 0.7641
vn 0.2138 0.5143 0.8305
vn -0.0478 0.6438 0.7637
vn 0.2306 0.5392 0.8100
vn -0.1668 0.7958 0.5821
vn -0.2105 0.7594 0.6157
vn 0.1796 0.8916 0.4156
vn -0.2832 0.8507 0.4429
vn -0.2043 0.7923 0.5749
vn 0.2026 0.9520 0.2295
vn 0.1606 0.9744 0.1573
vn 0.0424 0.9882 0.1475
vn -0.0612 0.9875 0.1452
vn -0.3975 0.8498 0.3462
vn -0.3883 0.9174 0.0869
vn -0.2957 0.8417 0.4517
vn -0.1880 0.8881 0.4194
vn -0.0592 0.8017 0.5947
vn 0.0315 0.7749 0.6313
vn -0.4926 0.8701 -0.0165
vn -0.5807 0.8132 -0.0399
vn -0.1486 0.8187 0.5546
vn -0.3633 0.9202 -0.1455
vn -0.2200 0.7024 0.6769
vn -0.2135 0.8103 0.5457
vn -0.3167 0.9485 0.0046
vn -0.2497 0.6860 0.6834
vn -0.3678 0.7085 0.6023
vn -0.4040 0.6667 0.6264
vn -0.3667 0.7729 -0.5179
vn -0.4886 0.6544 -0.5771
vn -0.6570 0.7139 -0.2423
vn -0.7400 0.6148 -0.2729
vn -0.7463 0.6544 0.1217
vn -0.6151 0.7729 0.1558
vn -0.3708 0.9202 -0.1252
vn -0.2379 0.9485 -0.2091
vn 0.2471 0.8187 -0.5183
vn 0.1919 0.8103 -0.5537
vn 0.2721 0.7024 -0.6577
vn 0.2537 0.6860 -0.6819
vn 0.0994 0.6667 -0.7387
vn 0.1113 0.7085 -0.6969
vn 0.3337 0.6725 -0.6606
vn 0.3328 0.7608 -0.5572
vn 0.5294 0.7157 -0.4556
vn 0.5006 0.7780 -0.3795
vn 0.6711 0.7118 -0.2074
vn 0.6624 0.7277 -0.1781
vn 0.7169 0.6646 -0.2107
vn 0.6809 0.6822 -0.2663
vn 0.7018 0.5143 -0.4929
vn 0.5053 0.6450 -0.5733
vn 0.7013 0.5392 -0.4663
vn 0.4595 0.6438 -0.6118
vn 0.6201 0.7505 0.2287
vn 0.4527 0.8759 0.1669
vn 0.1444 0.9881 0.0532
vn 0.2396 0.7594 -0.6050
vn 0.1702 0.9834 0.0628
vn 0.2179 0.7923 -0.5699
vn 0.2510 0.7958 -0.5510
vn 0.0722 0.8507 -0.5207
vn 0.4064 0.8916 -0.1995
vn 0.3031 0.9520 -0.0430
vn 0.4093 0.9069 -0.0997
vn 0.2243 0.9744 -0.0153
vn 0.1280 0.9882 -0.0846
vn 0.2455 0.9412 -0.2320
vn 0.0478 0.9875 -0.1502
vn 0.1449 0.9354 -0.3225
vn -0.2389 0.9174 -0.3182
vn -0.0775 0.8498 -0.5214
vn 0.1293 0.8881 -0.4411
vn 0.0684 0.8417 -0.5356
vn 0.4338 0.7749 -0.4597
vn 0.3411 0.8017 -0.4908
vn -0.4676 0.8132 -0.3466
vn -0.3854 0.8701 -0.3073
vn -0.8291 0.5548 0.0692
vn -0.8370 0.5410 0.0823
vn -0.7021 0.6634 -0.2589
vn -0.7342 0.6226 -0.2708
vn -0.5857 0.5548 -0.5909
vn -0.5831 0.5410 -0.6060
vn 0.6669 0.1236 -0.7349
vn 0.9916 0.0536 -0.1179
vn 0.9738 -0.2101 -0.0876
vn 0.7782 -0.0283 -0.6274
vn 0.7082 0.2803 -0.6480
vn 0.9860 0.0558 -0.1573
vn 0.9606 -0.2697 -0.0670
vn 0.9125 -0.1853 0.3647
vn 0.7067 -0.1118 0.6987
vn 0.7587 0.4608 0.4605
vn 0.9056 -0.0054 -0.4242
vn 0.5833 0.4048 -0.7042
vn -0.0876 -0.2861 -0.9542
vn -0.4119 -0.0744 -0.9082
vn -0.0766 0.0842 -0.9935
vn -0.7972 -0.0963 -0.5960
vn -0.7876 -0.3620 -0.4987
vn -0.9680 -0.1246 -0.2179
vn -0.9422 -0.1646 0.2919
vn -0.9663 -0.1890 -0.1748
vn -0.8361 0.5270 0.1524
vn -0.5850 -0.3094 0.7497
vn -0.4048 -0.0982 0.9091
vn -0.5253 -0.4918 0.6944
vn -0.1920 -0.0753 0.9785
vn -0.0394 0.3560 0.9336
vn 0.0016 -0.4288 0.9034
vn 0.4995 -0.2481 0.8300
vn 0.7619 0.0720 0.6437
vn 0.4974 -0.3015 0.8134
vn 0.5939 -0.8046 -0.0000
vn 0.0794 -0.9968 -0.0000
vn 0.4974 -0.3015 -0.8134
vn 0.0016 -0.4288 -0.9034
vn 0.9100 -0.1978 -0.3644
vn 0.7073 0.0803 -0.7024
vn 0.6245 -0.1330 -0.7696
vn -0.1324 -0.2340 -0.9632
vn 0.7695 -0.0239 -0.6382
vn -0.0446 0.3556 -0.9336
vn 0.7165 0.4432 -0.5388
vn 0.9916 0.0536 0.1179
vn 0.9689 -0.1538 0.1938
vn 0.9056 -0.0087 0.4241
vn 0.6669 0.1236 0.7349
vn 0.7368 -0.1794 0.6518
vn 0.5897 0.4049 0.6988
vn -0.2056 -0.2280 0.9517
vn -0.4122 -0.0534 0.9095
vn -0.0766 0.0842 0.9935
vn -0.7972 -0.0963 0.5960
vn -0.8599 -0.3082 0.4068
vn -0.9708 -0.0976 0.2190
vn -0.9308 -0.1899 -0.3124
vn -0.9886 0.0105 0.1503
vn -0.8581 0.5114 -0.0461
vn -0.5227 -0.2713 -0.8082
vn -0.4047 -0.1462 -0.9027
vn -0.5253 -0.4918 -0.6944
vn -0.5274 -0.8496 -0.0000
vn -0.7836 -0.3194 -0.5330
vn -0.8194 0.0176 -0.5729
vn -0.6292 0.7772 -0.0000
vn -0.7876 0.3632 -0.4977
vn -0.8194 0.0176 0.5729
vn -0.7876 0.3632 0.4977
vn -0.0194 0.3190 0.9476
vn 0.0165 0.4183 0.9082
vn -0.0122 0.2545 0.9670
vn -0.6903 0.4077 0.5977
vn -0.7864 0.4359 -0.4376
vn -0.0500 0.0234 0.9985
vn -0.7282 0.1529 0.6681
vn -0.6785 0.7346 -0.0000
vn -0.6903 0.4077 -0.5977
vn -0.7282 0.1529 -0.6681
vn -0.0122 0.2545 -0.9670
vn -0.0500 0.0234 -0.9985
vn 0.0165 0.4183 -0.9082
vn 0.6999 0.2884 -0.6534
vn 0.6141 0.1647 -0.7718
vn 0.5718 -0.0069 -0.8204
vn 0.9677 0.0580 -0.2454
vn 0.9343 0.0395 -0.3544
vn 0.9166 -0.0272 -0.3990
vn 0.9834 -0.1814 -0.0000
vn 0.9914 0.1306 -0.0000
vn 0.9166 -0.0272 0.3990
vn 0.9343 0.0395 0.3544
vn 0.5718 -0.0069 0.8204
vn 0.6141 0.1647 0.7718
vn 0.9677 0.0580 0.2454
vn 0.9962 -0.0488 -0.0717
vn 0.6999 0.2884 0.6534
vn 0.7082 0.2803 0.6480
vn 0.9860 0.0558 0.1573
vn -0.0194 0.3190 -0.9476
vn 0.4546 -0.0535 -0.8891
vn -0.5452 -0.5825 -0.6029
vn -0.6594 -0.1699 -0.7323
vn -0.0520 -0.7553 -0.6533
vn -0.4589 -0.7209 -0.5193
vn -0.4875 -0.7589 -0.4317
vn -0.5566 -0.7487 0.3600
vn -0.6731 -0.6070 0.4224
vn -0.0788 -0.5870 0.8058
vn -0.0680 -0.7319 0.6780
vn 0.1628 -0.0139 0.9866
vn 0.4100 -0.7448 0.5265
vn 0.6897 -0.7111 0.1365
vn 0.8176 -0.5573 0.1451
vn 0.9994 -0.0081 0.0329
vn 0.5512 -0.7443 -0.3771
vn 0.4302 -0.6050 -0.6700
vn 0.3178 -0.7491 -0.5813
vn 0.0422 -0.0263 0.9988
vn 0.6954 -0.6191 0.3649
vn -0.0090 -0.6151 0.7884
vn 0.3178 -0.7490 0.5813
vn 0.5512 -0.7443 0.3771
vn -0.0520 -0.7552 0.6534
vn -0.9263 0.0218 0.3762
vn -0.4590 -0.7208 0.5194
vn -0.6449 -0.7585 0.0939
vn -0.4876 -0.7589 0.4317
vn -0.5086 -0.0651 -0.8585
vn -0.5566 -0.7487 -0.3601
vn 0.3505 -0.0505 -0.9352
vn -0.0680 -0.7319 -0.6780
vn 0.5027 -0.6014 -0.6210
vn 0.4100 -0.7448 -0.5265
vn 0.9537 -0.0020 0.3007
vn 0.6898 -0.7111 -0.1365
vn 0.8198 0.0115 0.5726
vn 0.6375 0.6391 -0.4303
vn 0.6810 0.5704 -0.4592
vn 0.9225 -0.0521 0.3824
vn 0.7366 -0.3950 0.5491
vn 0.8805 0.3963 -0.2602
vn 0.5221 -0.4277 0.7379
vn 0.5907 -0.3979 0.7020
vn 0.3852 -0.5978 0.7031
vn 0.5749 -0.7504 0.3262
vn 0.3270 -0.9440 0.0437
vn 0.6767 0.4803 -0.5580
vn 0.9612 -0.1799 0.2089
vn 0.5891 -0.5272 0.6124
vn 0.3265 -0.4878 0.8096
vn 0.3349 -0.6147 0.7141
vn -0.3207 -0.4882 0.8117
vn -0.2910 -0.6241 0.7251
vn -0.2924 -0.4956 0.8178
vn 0.2723 -0.5327 0.8013
vn -0.1432 -0.6620 0.7357
vn 0.1325 -0.6674 0.7328
vn 0.0558 -0.7231 0.6885
vn 0.2512 -0.7243 0.6421
vn -0.0726 -0.6776 0.7319
vn -0.6854 -0.4737 0.5530
vn -0.6213 -0.4903 0.6112
vn -0.8110 -0.2387 0.5341
vn -0.9855 0.1688 0.0178
vn -0.9911 0.0671 -0.1150
vn -0.9825 0.0529 -0.1786
vn -0.7540 0.3853 -0.5319
vn -0.7181 0.2793 -0.6374
vn -0.7934 0.4692 -0.3878
vn -0.1150 0.5913 -0.7982
vn -0.1286 0.4246 -0.8962
vn -0.1484 0.7016 -0.6969
vn 0.2956 0.6673 -0.6836
vn 0.2983 0.5578 -0.7745
vn 0.2479 0.4288 -0.8688
vn 0.4781 0.4138 -0.7747
vn 0.6148 0.4391 -0.6552
vn 0.5841 -0.3631 -0.7259
vn 0.8777 -0.3353 0.3424
vn 0.7781 -0.6276 0.0242
vn 0.5789 -0.1150 -0.8072
vn -0.5202 -0.4070 -0.7508
vn -0.2494 -0.9644 0.0883
vn -0.3638 -0.9312 0.0247
vn 0.5224 -0.8508 -0.0570
vn 0.4883 -0.2560 -0.8343
vn -0.6169 -0.3640 -0.6978
vn 0.2921 0.6950 -0.6570
vn -0.1662 0.7228 -0.6708
vn 0.3056 0.6212 -0.7216
vn -0.1253 0.6472 -0.7519
vn -0.7888 0.4847 -0.3780
vn -0.7822 0.4064 -0.4722
vn -0.9816 0.1809 0.0602
vn -0.9981 0.0405 -0.0470
vn -0.8561 -0.1591 0.4918
vn -0.8334 -0.3606 0.4189
vn 0.2993 -0.2738 -0.9140
vn -0.6408 -0.5621 -0.5229
vn 0.4437 -0.8882 0.1189
vn -0.4099 -0.9065 0.1006
vn 0.5215 -0.8384 0.1586
vn 0.1428 -0.1727 -0.9746
vn -0.5983 -0.6488 -0.4701
vn -0.3351 -0.9347 0.1184
vn 0.8198 0.0115 -0.5726
vn 0.9225 -0.0521 -0.3824
vn 0.6810 0.5704 0.4592
vn 0.6375 0.6391 0.4303
vn 0.8805 0.3963 0.2602
vn 0.7366 -0.3950 -0.5491
vn 0.5221 -0.4277 -0.7379
vn 0.5907 -0.3979 -0.7020
vn 0.5749 -0.7504 -0.3262
vn 0.3852 -0.5978 -0.7031
vn 0.3270 -0.9440 -0.0437
vn 0.9612 -0.1799 -0.2089
vn 0.6767 0.4803 0.5580
vn 0.5891 -0.5272 -0.6124
vn 0.3265 -0.4878 -0.8096
vn 0.3349 -0.6147 -0.7141
vn -0.3207 -0.4882 -0.8117
vn -0.2910 -0.6241 -0.7251
vn -0.2924 -0.4956 -0.8178
vn 0.2723 -0.5327 -0.8013
vn 0.1325 -0.6674 -0.7328
vn -0.1432 -0.6620 -0.7357
vn 0.2512 -0.7243 -0.6421
vn 0.0558 -0.7231 -0.6885
vn -0.0726 -0.6776 -0.7319
vn -0.6213 -0.4903 -0.6112
vn -0.6854 -0.4737 -0.5530
vn -0.8110 -0.2387 -0.5341
vn -0.9911 0.0671 0.1150
vn -0.9855 0.1688 -0.0178
vn -0.9825 0.0529 0.1786
vn -0.7181 0.2793 0.6374
vn -0.7540 0.3853 0.5319
vn -0.7934 0.4692 0.3878
vn -0.1286 0.4246 0.8962
vn -0.1150 0.5913 0.7982
vn -0.1484 0.7016 0.6969
vn 0.2983 0.5578 0.7745
vn 0.2956 0.6673 0.6836
vn 0.2479 0.4288 0.8688
vn 0.6148 0.4391 0.6552
vn 0.4781 0.4138 0.7747
vn 0.5841 -0.3631 0.7259
vn 0.8777 -0.3354 -0.3424
vn 0.5789 -0.1150 0.8072
vn 0.7781 -0.6276 -0.0242
vn -0.5202 -0.4070 0.7508
vn -0.2494 -0.9644 -0.0883
vn 0.5224 -0.8508 0.0570
vn -0.3638 -0.9312 -0.0247
vn 0.4883 -0.2560 0.8343
vn -0.6169 -0.3640 0.6978
vn 0.2921 0.6950 0.6570
vn -0.1662 0.7228 0.6708
vn 0.3056 0.6212 0.7216
vn -0.1253 0.6472 0.7519
vn -0.7822 0.4064 0.4722
vn -0.7888 0.4847 0.3780
vn -0.9981 0.0405 0.0470
vn -0.9816 0.1809 -0.0602
vn -0.8334 -0.3606 -0.4189
vn -0.8561 -0.1591 -0.4918
vn -0.6408 -0.5622 0.5229
vn 0.2993 -0.2738 0.9140
vn 0.4437 -0.8882 -0.1189
vn -0.4099 -0.9065 -0.1006
vn 0.1429 -0.1727 0.9746
vn 0.5215 -0.8384 -0.1586
vn -0.5983 -0.6488 0.4702
vn -0.3351 -0.9347 -0.1184
vn 0.9384 -0.1394 -0.3163
vn 0.9510 -0.1560 -0.2671
vn 0.9482 -0.0932 -0.3038
vn 0.9534 -0.1532 -0.2601
vn 0.9275 -0.1776 -0.3290
vn 0.9350 -0.1670 -0.3129
vn 0.7268 0.5945 -0.3438
vn 0.9595 -0.2240 0.1708
vn 0.9498 -0.3103 -0.0399
vn 0.9424 -0.2741 -0.1915
vn 0.9428 -0.2748 -0.1888
vn 0.8134 -0.2411 -0.5294
vn 0.8145 -0.2411 -0.5277
vn 0.9442 -0.3136 0.1005
vn 0.9408 -0.3136 0.1289
vn 0.8223 -0.3633 0.4379
vn 0.8043 -0.3708 0.4643
vn 0.3949 -0.4539 0.7988
vn 0.2255 -0.4571 0.8603
vn -0.4833 -0.3428 0.8056
vn -0.7606 -0.2241 0.6093
vn -0.9638 -0.0764 0.2554
vn -0.9657 -0.0799 0.2470
vn -0.9974 -0.0703 -0.0182
vn -0.9974 -0.0727 0.0004
vn -0.9629 -0.0069 -0.2697
vn -0.9666 -0.0174 -0.2557
vn -0.4667 -0.1310 -0.8747
vn -0.7775 -0.0575 -0.6263
vn 0.3857 -0.2367 -0.8917
vn 0.2382 -0.2259 -0.9446
vn 0.7834 -0.2574 0.5657
vn 0.7409 -0.2073 0.6389
vn 0.7804 -0.1315 0.6113
vn 0.7357 -0.2034 0.6461
vn 0.7352 -0.2662 0.6234
vn 0.7392 -0.2644 0.6195
vn 0.7678 -0.1994 0.6088
vn 0.5943 -0.3206 0.7376
vn 0.4145 0.7865 0.4579
vn 0.0057 0.2123 0.9772
vn 0.7522 0.6584 0.0259
vn 0.7199 0.6710 0.1778
vn 0.6378 0.6645 -0.3895
vn 0.7481 0.6391 -0.1789
vn 0.9809 -0.0306 0.1921
vn 0.6468 -0.7204 0.2504
vn 0.5254 -0.8196 -0.2283
vn 0.0965 0.8051 0.5852
vn -0.6270 0.3269 0.7071
vn 0.5554 0.1532 0.8174
vn -0.3986 0.8296 0.3910
vn -0.9668 0.2445 -0.0745
vn -0.3188 0.2281 0.9200
vn -0.3009 0.7108 -0.6358
vn -0.3384 0.9237 -0.1797
vn -0.5693 -0.8219 0.0214
vn -0.2539 0.7232 -0.6423
vn -0.0130 -0.1207 -0.9926
vn -0.9557 0.2629 -0.1321
vn 0.1961 0.6640 -0.7216
vn 0.0952 0.6604 -0.7448
vn -0.1423 -0.7221 -0.6770
vn 0.5558 0.6391 -0.5316
vn 0.9361 -0.1943 -0.2932
vn -0.1093 -0.0602 -0.9922
vn 0.7307 -0.5370 0.4217
vn 0.6114 0.4731 -0.6343
vn 0.5414 -0.5368 -0.6471
vn 0.3112 -0.4042 0.8601
vn 0.4064 -0.6494 0.6428
vn 0.8198 -0.5421 0.1845
vn 0.6208 0.2158 -0.7537
vn 0.6742 -0.7108 0.2005
vn 0.5569 -0.7354 -0.3862
vn 0.2988 -0.7079 -0.6400
vn -0.1998 -0.7630 -0.6148
vn 0.4422 -0.6913 -0.5715
vn -0.5985 -0.7354 -0.3177
vn -0.7707 0.1640 -0.6158
vn -0.5475 0.5618 -0.6201
vn -0.4498 -0.5412 -0.7105
vn -0.2889 -0.3254 -0.9003
vn -0.7399 -0.1094 0.6638
vn -0.7331 0.4801 0.4818
vn -0.5479 -0.6657 0.5066
vn -0.5770 -0.7224 0.3811
vn -0.1253 -0.7155 0.6873
vn -0.0922 -0.1888 0.9777
vn 0.3397 -0.7240 0.6003
vn 0.4435 0.0469 0.8951
vn -0.0316 0.3853 0.9223
vn 0.6536 0.4328 0.6210
vn 0.7909 0.4527 0.4117
vn 0.5055 0.8301 0.2353
vn 0.6175 0.7842 -0.0606
vn 0.8484 0.4737 -0.2361
vn 0.2078 0.3150 0.9261
vn 0.1743 0.3051 0.9362
vn -0.1500 0.3564 0.9222
vn -0.0733 0.1537 0.9854
vn -0.7106 0.4539 0.5376
vn -0.5206 0.2355 0.8207
vn 0.0306 -0.0875 0.9957
vn -0.0583 -0.1073 0.9925
vn -0.4394 -0.1774 0.8806
vn -0.2760 -0.7574 0.5918
vn -0.1949 -0.6237 0.7570
vn -0.3788 -0.6330 0.6751
vn -0.0186 -0.9692 0.2456
vn -0.3834 -0.9228 -0.0388
vn -0.5251 -0.8508 0.0190
vn -0.3070 -0.8714 -0.3826
vn -0.3272 -0.8620 -0.3871
vn 0.0851 -0.9594 -0.2691
vn 0.0108 -0.6327 -0.7744
vn -0.1775 -0.7060 -0.6857
vn 0.0876 -0.6226 -0.7776
vn -0.2233 -0.3218 -0.9201
vn 0.2562 -0.2174 -0.9419
vn 0.2980 -0.1116 -0.9480
vn -0.2739 0.2058 -0.9395
vn 0.2886 0.1675 -0.9427
vn 0.5358 0.3630 -0.7623
vn 0.2452 0.3733 -0.8947
vn -0.4119 0.4949 -0.7651
vn 0.4595 0.3575 -0.8131
vn -0.7794 0.2517 -0.5738
vn -0.7633 0.4357 -0.4771
vn -0.9637 0.2605 -0.0594
vn -0.8743 0.4508 -0.1801
vn -0.6741 -0.4247 -0.6044
vn -0.9010 -0.4296 -0.0594
vn 0.7572 0.6473 -0.0875
vn 0.5780 0.5854 -0.5685
vn 0.7050 -0.0528 -0.7073
vn 0.9911 -0.1066 -0.0799
vn 0.7325 -0.6714 -0.1125
vn 0.5958 -0.5176 -0.6142
vn 0.8673 -0.1325 0.4799
vn 0.6125 -0.6547 0.4429
vn 0.3188 -0.1096 0.9414
vn 0.2056 -0.5076 0.8367
vn 0.6771 0.6338 0.3740
vn 0.3008 0.6188 0.7257
vn 0.7909 0.4527 -0.4117
vn 0.8484 0.4737 0.2361
vn 0.6175 0.7842 0.0606
vn 0.5055 0.8301 -0.2353
vn 0.1743 0.3051 -0.9362
vn 0.2078 0.3150 -0.9261
vn -0.1500 0.3564 -0.9222
vn -0.0733 0.1537 -0.9854
vn -0.7106 0.4539 -0.5376
vn -0.5206 0.2355 -0.8207
vn -0.0583 -0.1073 -0.9925
vn 0.0306 -0.0875 -0.9957
vn -0.4394 -0.1774 -0.8806
vn -0.1949 -0.6237 -0.7570
vn -0.2760 -0.7574 -0.5918
vn -0.3788 -0.6330 -0.6751
vn -0.0186 -0.9692 -0.2456
vn -0.3834 -0.9228 0.0388
vn -0.5251 -0.8508 -0.0190
vn -0.3070 -0.8714 0.3826
vn -0.3272 -0.8620 0.3871
vn 0.0851 -0.9594 0.2691
vn 0.0108 -0.6327 0.7744
vn -0.1775 -0.7060 0.6857
vn 0.0876 -0.6226 0.7776
vn -0.2233 -0.3218 0.9201
vn 0.2562 -0.2174 0.9419
vn 0.2980 -0.1116 0.9480
vn -0.2739 0.2058 0.9395
vn 0.2886 0.1675 0.9427
vn 0.5358 0.3630 0.7623
vn 0.2452 0.3733 0.8947
vn -0.4119 0.4949 0.7651
vn 0.4595 0.3575 0.8131
vn -0.7633 0.4357 0.4771
vn -0.7794 0.2517 0.5738
vn -0.8743 0.4508 0.1801
vn -0.9637 0.2605 0.0594
vn -0.9010 -0.4296 0.0594
vn -0.6741 -0.4247 0.6044
vn 0.5780 0.5854 0.5685
vn 0.7572 0.6473 0.0875
vn 0.7050 -0.0528 0.7073
vn 0.9911 -0.1066 0.0799
vn 0.5958 -0.5176 0.6142
vn 0.7325 -0.6714 0.1125
vn 0.6125 -0.6547 -0.4429
vn 0.8673 -0.1325 -0.4799
vn 0.2056 -0.5076 -0.8367
vn 0.3188 -0.1096 -0.9414
vn 0.6771 0.6338 -0.3740
vn 0.3008 0.6188 -0.7257
vn 0.9194 -0.0042 -0.3932
vn 0.9529 0.0152 -0.3028
vn 0.9428 0.1034 -0.3168
vn 0.9558 0.0159 -0.2935
vn 0.9432 -0.0386 -0.3301
vn 0.9418 -0.0349 -0.3344
vn 0.9412 0.0369 -0.3357
vn 0.9698 -0.1581 -0.1856
vn 0.9122 -0.0042 0.4098
vn 0.8684 0.0152 0.4957
vn 0.8719 0.1034 0.4787
vn 0.8635 0.0159 0.5041
vn 0.8818 -0.0386 0.4700
vn 0.8841 -0.0349 0.4660
vn 0.8847 0.0369 0.4647
vn 0.7936 -0.1581 0.5875
vn 0.4426 0.7499 -0.4917
vn 0.7135 0.6826 -0.1579
vn 0.5873 -0.6686 -0.4562
vn 0.2923 -0.6664 -0.6859
vn 0.6144 0.7691 0.1760
vn 0.5024 -0.8156 0.2872
vn -0.0427 0.7876 -0.6147
vn -0.0699 -0.6335 -0.7706
vn -0.5207 0.7967 -0.3070
vn -0.6184 -0.6406 -0.4552
vn -0.4015 0.6843 0.6087
vn -0.6131 -0.5707 -0.5463
vn -0.3843 0.7945 0.4701
vn -0.5752 -0.7118 0.4030
vn 0.1750 0.7408 0.6485
vn -0.2028 -0.7304 0.6522
vn 0.5625 0.6816 0.4680
vn 0.0985 -0.6943 0.7129
vn 0.4425 0.7499 0.4917
vn 0.2923 -0.6665 0.6859
vn 0.5872 -0.6686 0.4562
vn 0.7135 0.6826 0.1578
vn 0.5024 -0.8156 -0.2871
vn 0.6144 0.7691 -0.1760
vn -0.0427 0.7877 0.6146
vn -0.0699 -0.6336 0.7705
vn -0.5206 0.7967 0.3070
vn -0.6184 -0.6407 0.4551
vn -0.4015 0.6843 -0.6087
vn -0.6131 -0.5707 0.5462
vn -0.3841 0.7945 -0.4703
vn -0.5752 -0.7119 -0.4030
vn 0.1750 0.7408 -0.6485
vn -0.2028 -0.7304 -0.6522
vn 0.5627 0.6815 -0.4679
vn 0.0985 -0.6944 -0.7128
vn 0.3926 0.7650 -0.5106
vn 0.6808 0.7032 -0.2052
vn 0.5865 -0.6779 -0.4432
vn 0.3102 -0.6729 -0.6715
vn 0.5976 0.7859 0.1590
vn 0.4888 -0.8163 0.3079
vn -0.0264 0.7818 -0.6230
vn -0.0423 -0.6108 -0.7906
vn -0.4641 0.8130 -0.3516
vn -0.6107 -0.6321 -0.4770
vn -0.3456 0.7671 0.5405
vn -0.5942 -0.6381 -0.4896
vn -0.3931 0.7894 0.4715
vn -0.5638 -0.6983 0.4410
vn 0.1207 0.7354 0.6668
vn -0.2798 -0.7108 0.6454
vn 0.5016 0.6916 0.5197
vn 0.0184 -0.6894 0.7242
vn 0.3925 0.7650 0.5105
vn 0.3102 -0.6730 0.6715
vn 0.5864 -0.6780 0.4432
vn 0.6808 0.7032 0.2051
vn 0.4887 -0.8163 -0.3078
vn 0.5976 0.7859 -0.1589
vn -0.0264 0.7818 0.6230
vn -0.0423 -0.6109 0.7906
vn -0.4641 0.8131 0.3515
vn -0.6106 -0.6321 0.4770
vn -0.3456 0.7671 -0.5405
vn -0.5942 -0.6381 0.4896
vn -0.3930 0.7895 -0.4715
vn -0.5638 -0.6984 -0.4410
vn 0.1207 0.7354 -0.6668
vn -0.2798 -0.7108 -0.6453
vn 0.5018 0.6915 -0.5196
vn 0.0185 -0.6894 -0.7241
vn 0.4078 0.7704 -0.4901
vn 0.6380 0.7459 -0.1911
vn 0.6402 -0.6322 -0.4364
vn 0.3044 -0.6538 -0.6927
vn 0.5478 0.8283 0.1175
vn 0.5777 -0.7493 0.3238
vn -0.0020 0.7768 -0.6298
vn -0.0820 -0.6234 -0.7776
vn -0.4882 0.7975 -0.3546
vn -0.5963 -0.6528 -0.4672
vn -0.3831 0.7190 0.5799
vn -0.6107 -0.5983 -0.5187
vn -0.3585 0.8202 0.4458
vn -0.6642 -0.6214 0.4156
vn 0.1025 0.8253 0.5553
vn -0.3152 -0.6141 0.7236
vn 0.4642 0.7914 0.3977
vn 0.1324 -0.6235 0.7705
vn 0.2974 0.9374 0.1813
vn 0.5362 0.1052 0.8375
vn 0.7033 -0.5151 0.4900
vn 0.4871 0.8731 0.0219
vn 0.4796 -0.8532 -0.2050
vn 0.6553 0.7119 -0.2527
vn 0.0398 0.9581 0.2836
vn -0.0539 0.1357 0.9893
vn -0.3310 0.9301 0.1593
vn -0.7351 -0.2711 0.6214
vn -0.3359 0.8193 -0.4647
vn -0.4798 -0.7725 0.4161
vn -0.6688 0.3958 -0.6294
vn -0.5568 -0.8011 -0.2196
vn -0.2158 0.2342 -0.9479
vn -0.3247 -0.8465 -0.4219
vn 0.4390 0.1488 -0.8861
vn -0.0111 -0.8005 -0.5993
vn 0.9787 0.1752 -0.1074
vn 0.9934 0.0252 -0.1121
vn 0.9076 0.1539 -0.3905
vn 0.8799 0.2183 -0.4222
vn 0.9882 0.1535 -0.0000
vn 0.9999 0.0113 -0.0000
vn 0.3060 0.3269 -0.8941
vn 0.4798 0.3078 -0.8216
vn -0.3831 0.2520 -0.8887
vn -0.3612 0.2589 -0.8958
vn -0.8158 0.1072 -0.5684
vn -0.8694 0.0859 -0.4866
vn -0.9807 -0.1358 -0.1409
vn -0.9861 0.0281 -0.1635
vn -0.9772 -0.2124 -0.0000
vn -0.6908 -0.7230 -0.0059
vn -0.6660 -0.7460 -0.0000
vn -0.9995 0.0330 -0.0000
vn -0.3702 -0.9273 0.0552
vn -0.3706 -0.9288 -0.0000
vn -0.2476 -0.9671 0.0582
vn -0.2456 -0.9694 -0.0000
vn -0.3702 -0.9273 -0.0552
vn -0.6908 -0.7230 0.0059
vn -0.2476 -0.9671 -0.0582
vn -0.9807 -0.1358 0.1409
vn -0.9861 0.0281 0.1635
vn -0.8694 0.0859 0.4866
vn -0.8158 0.1072 0.5684
vn -0.3612 0.2589 0.8958
vn -0.3831 0.2520 0.8887
vn 0.4798 0.3078 0.8216
vn 0.3060 0.3269 0.8941
vn 0.8799 0.2183 0.4222
vn 0.9076 0.1539 0.3905
vn 0.9787 0.1752 0.1074
vn 0.9934 0.0252 0.1121
vn 0.9266 -0.3676 0.0786
vn 0.9289 -0.3704 -0.0000
vn 0.9455 -0.2276 0.2327
vn 0.7286 -0.6850 0.0054
vn 0.6794 -0.7337 -0.0000
vn 0.7286 -0.6850 -0.0054
vn 0.9266 -0.3676 -0.0786
vn 0.9455 -0.2276 -0.2327
vn 0.1942 -0.9810 -0.0000
vn 0.2466 -0.9677 0.0531
vn 0.2466 -0.9677 -0.0531
vn 1.0000 0.0006 -0.0000
vn 0.8670 -0.4983 -0.0000
vn 0.8426 -0.4373 -0.3144
vn 0.9789 0.0071 -0.2044
vn 0.6268 -0.3181 -0.7113
vn 0.7377 0.0215 -0.6748
vn 0.3035 -0.9049 -0.2984
vn 0.1917 -0.7962 -0.5738
vn 0.2877 -0.9577 -0.0000
vn 0.0297 -0.6335 -0.7732
vn 0.2284 -0.2149 -0.9495
vn 0.2526 0.0302 -0.9671
vn -0.5759 -0.4778 -0.6634
vn -0.6021 -0.1277 -0.7882
vn -0.6376 0.0227 -0.7700
vn -0.9995 -0.0308 -0.0120
vn -0.9999 0.0010 -0.0121
vn -0.9681 0.0042 0.2504
vn -0.9666 -0.0407 0.2528
vn -0.5608 0.0249 0.8276
vn -0.5328 -0.1254 0.8369
vn -0.9526 -0.1657 0.2550
vn -0.9973 -0.0717 -0.0125
vn -0.5087 -0.4850 0.7113
vn -0.8217 -0.5250 0.2218
vn -0.4871 -0.7415 0.4615
vn -0.9766 -0.2149 -0.0131
vn -0.9249 -0.3790 -0.0293
vn -0.8924 -0.3730 0.2540
vn -0.3818 -0.8643 0.3275
vn -0.8282 -0.5554 -0.0750
vn -0.8225 -0.4800 0.3051
vn -0.4485 -0.7652 0.4619
vn -0.6496 -0.7499 -0.1249
vn -0.6178 -0.7286 0.2957
vn -0.2631 -0.8665 0.4243
vn -0.4146 -0.9037 -0.1072
vn -0.2999 -0.9149 0.2704
vn -0.1026 -0.9574 0.2700
vn -0.0648 -0.9978 0.0136
vn -0.0459 -0.9640 0.2620
vn -0.0331 -0.9994 0.0070
vn -0.0655 -0.9072 0.4156
vn 0.1917 -0.7962 0.5738
vn 0.3035 -0.9049 0.2984
vn 0.8426 -0.4373 0.3144
vn 0.6268 -0.3181 0.7113
vn 0.2256 -0.2147 0.9503
vn 0.0261 -0.6319 0.7746
vn -0.0933 -0.8415 0.5322
vn 0.2494 0.0303 0.9679
vn 0.7377 0.0215 0.6748
vn 0.9789 0.0071 0.2044
vn -0.0422 -0.9652 -0.2579
vn -0.1565 -0.9404 -0.3018
vn -0.0631 -0.9034 -0.4241
vn -0.2565 -0.8759 -0.4086
vn -0.0897 -0.8387 -0.5371
vn -0.4392 -0.8454 -0.3039
vn -0.6050 -0.6850 -0.4059
vn -0.6014 -0.7591 -0.2493
vn 0.3225 0.3396 0.8836
vn 0.3409 0.0140 0.9400
vn 0.3158 0.3910 0.8645
vn 0.9312 -0.3591 0.0621
vn 0.9177 -0.3787 0.1198
vn 0.9633 -0.2638 -0.0488
vn 0.9754 -0.2100 -0.0675
vn 0.9883 0.0486 -0.1445
vn 0.9755 0.1410 -0.1688
vn 0.8907 -0.3998 0.2164
vn 0.8902 -0.3976 0.2223
vn 0.7814 -0.3962 0.4822
vn 0.7380 -0.3916 0.5495
vn 0.0157 0.0086 0.9998
vn 0.0040 -0.8343 0.5514
vn -0.6359 0.2566 0.7279
vn -0.4882 -0.7499 0.4464
vn -0.9359 0.3391 0.0951
vn -0.7141 -0.6992 -0.0335
vn -0.9626 0.1185 -0.2436
vn -0.9455 -0.3217 0.0494
vn -0.9545 -0.1065 -0.2785
vn -0.9633 0.0540 -0.2631
vn -0.7680 -0.1601 -0.6202
vn -0.7492 -0.0688 -0.6587
vn -0.8728 -0.4850 -0.0558
vn -0.5796 -0.3000 -0.7576
vn -0.9765 -0.2109 0.0448
vn -0.6967 -0.3158 -0.6441
vn -0.9271 0.3276 0.1822
vn -0.8022 0.0666 -0.5933
vn -0.5178 0.8302 0.2065
vn -0.4656 0.7054 -0.5345
vn 0.0587 0.9907 0.1230
vn 0.0520 0.8190 -0.5715
vn 0.4825 0.8728 0.0733
vn 0.4754 0.6305 -0.6136
vn 0.7066 0.7075 -0.0114
vn 0.6384 0.3331 -0.6939
vn -0.3814 -0.2400 -0.8927
vn 0.7871 0.0259 -0.6163
vn 0.7674 0.0329 -0.6403
vn 0.7987 -0.0245 -0.6012
vn 0.8054 0.0042 -0.5927
vn 0.6684 0.1292 -0.7325
vn 0.6830 0.1095 -0.7222
vn 0.5473 0.3475 -0.7614
vn 0.5534 0.3363 -0.7620
vn 0.4893 0.4958 -0.7175
vn 0.4928 0.5006 -0.7118
vn 0.7871 0.0259 0.6163
vn 0.8054 0.0042 0.5927
vn 0.7987 -0.0245 0.6012
vn 0.7674 0.0329 0.6403
vn 0.6684 0.1292 0.7325
vn 0.6830 0.1095 0.7222
vn 0.5473 0.3475 0.7614
vn 0.5534 0.3363 0.7620
vn 0.4928 0.5006 0.7118
vn 0.4893 0.4958 0.7175
vn -0.7000 -0.1971 0.6865
vn -0.9336 0.3051 0.1879
vn -0.9051 -0.3661 -0.2162
vn -0.6206 -0.6614 0.4213
vn 0.0065 -0.5688 0.8224
vn -0.2937 0.1873 0.9374
vn -0.3802 0.7992 0.4655
vn -0.2648 0.9406 -0.2123
vn -0.6684 0.6100 -0.4256
vn -0.6438 0.1646 -0.7473
vn -0.3516 -0.8113 -0.4670
vn -0.2632 -0.9501 0.1675
vn -0.3040 -0.2201 -0.9269
vn 0.2914 -0.1754 -0.9404
vn -0.0064 0.5648 -0.8252
vn 0.6124 0.6626 -0.4312
vn 0.2597 0.9488 -0.1799
vn 0.6890 0.2073 -0.6945
vn 0.3803 -0.7984 -0.4668
vn 0.9337 -0.3041 -0.1892
vn 0.9051 0.3670 0.2149
vn 0.2667 -0.9423 0.2025
vn 0.6790 -0.6065 0.4137
vn 0.6523 -0.1543 0.7421
vn 0.3515 0.8121 0.4657
vn 0.3076 0.2339 0.9223
vn -0.7000 -0.1971 -0.6864
vn -0.8021 -0.5248 -0.2851
vn -0.9051 -0.3661 0.2162
vn -0.9336 0.3051 -0.1879
vn -0.2937 0.1873 -0.9374
vn -0.2337 -0.1818 -0.9552
vn -0.3802 0.7992 -0.4655
vn -0.9001 0.3776 0.2174
vn -0.2961 0.9543 -0.0409
vn -0.6765 -0.2335 0.6984
vn -0.3429 -0.9390 0.0255
vn -0.3516 -0.8113 0.4670
vn -0.3040 -0.2201 0.9269
vn 0.2914 -0.1754 0.9404
vn 0.2164 0.1630 0.9626
vn 0.7995 0.5222 0.2967
vn 0.3510 0.9362 -0.0170
vn 0.6890 0.2073 0.6945
vn 0.3803 -0.7984 0.4668
vn 0.9337 -0.3041 0.1892
vn 0.9051 0.3670 -0.2149
vn 0.2841 -0.9577 0.0459
vn 0.9058 -0.3665 -0.2124
vn 0.6674 0.2426 -0.7041
vn 0.3076 0.2339 -0.9223
vn 0.3515 0.8121 -0.4657
vn -0.7352 -0.1485 0.6614
vn -0.6845 -0.4284 0.5898
vn -0.7682 -0.5307 0.3581
vn 0.7682 -0.5307 0.3581
vn 0.6845 -0.4284 0.5898
vn 0.7352 -0.1485 0.6614
vn 0.6929 0.1394 0.7074
vn 0.5523 0.4115 0.7250
vn 0.3110 0.6206 0.7198
vn -0.0000 0.7012 0.7130
vn -0.3110 0.6206 0.7198
vn -0.5523 0.4115 0.7250
vn -0.6929 0.1394 0.7074
vn -0.8505 0.4376 -0.2919
vn -0.9269 0.0811 -0.3665
vn -0.8568 -0.2785 -0.4339
vn -0.4079 0.1911 -0.8928
vn -0.3819 0.0413 -0.9233
vn -0.3842 0.3408 -0.8580
vn -0.6536 -0.5836 -0.4819
vn -0.3041 -0.0979 -0.9476
vn -0.3078 0.4801 -0.8214
vn -0.1753 0.5878 -0.7898
vn -0.0000 0.6303 -0.7763
vn 0.1753 0.5878 -0.7898
vn 0.3078 0.4801 -0.8214
vn 0.3842 0.3408 -0.8580
vn 0.4079 0.1911 -0.8928
vn 0.3819 0.0413 -0.9233
vn 0.3041 -0.0979 -0.9476
vn 0.1724 -0.2057 -0.9633
vn -0.0000 -0.2484 -0.9686
vn -0.1724 -0.2057 -0.9633
vn -0.3522 -0.7879 -0.5052
vn -0.0000 -0.8599 -0.5105
vn 0.3522 -0.7879 -0.5052
vn 0.6536 -0.5836 -0.4819
vn 0.8568 -0.2785 -0.4339
vn 0.9269 0.0811 -0.3665
vn 0.8505 0.4376 -0.2919
vn 0.6428 0.7328 -0.2231
vn 0.3431 0.9233 -0.1724
vn -0.0000 0.9882 -0.1531
vn -0.3431 0.9233 -0.1724
vn -0.6428 0.7328 -0.2231
vn -0.7761 -0.3030 -0.5531
vn 0.7761 -0.3030 -0.5531
vn 0.3780 -0.9128 -0.1544
vn 0.3712 -0.9166 -0.1483
vn -0.3712 -0.9166 -0.1483
vn -0.3780 -0.9128 -0.1544
vn -0.3398 -0.9280 0.1526
vn -0.6374 -0.7423 0.2066
vn 0.6955 -0.1058 -0.7107
vn -0.6955 -0.1058 -0.7107
vn -0.7335 0.1818 -0.6549
vn -0.6787 0.4566 -0.5752
vn -0.5311 0.6971 -0.4816
vn -0.2944 0.8686 -0.3985
vn -0.0000 0.9314 -0.3639
vn 0.2944 0.8686 -0.3985
vn 0.5311 0.6971 -0.4816
vn 0.6787 0.4566 -0.5752
vn 0.7335 0.1818 -0.6549
vn -0.8462 -0.4529 0.2808
vn -0.3033 -0.5192 0.7990
vn -0.3811 -0.3846 0.8407
vn -0.1718 -0.6218 0.7641
vn -0.9266 -0.1000 0.3625
vn -0.4074 -0.2377 0.8818
vn -0.8605 0.2602 0.4379
vn -0.3839 -0.0886 0.9191
vn -0.6584 0.5684 0.4934
vn -0.3552 0.7755 0.5219
vn -0.3074 0.0518 0.9502
vn -0.1750 0.1616 0.9712
vn -0.0000 0.8485 0.5292
vn -0.0000 0.2053 0.9787
vn 0.3552 0.7755 0.5219
vn 0.1750 0.1616 0.9712
vn 0.6584 0.5684 0.4934
vn 0.8605 0.2602 0.4379
vn 0.3074 0.0518 0.9502
vn 0.3839 -0.0886 0.9191
vn 0.9266 -0.1000 0.3625
vn 0.4074 -0.2377 0.8818
vn 0.8462 -0.4529 0.2808
vn 0.3811 -0.3846 0.8407
vn 0.6374 -0.7423 0.2066
vn 0.3033 -0.5192 0.7990
vn 0.3398 -0.9280 0.1526
vn 0.1718 -0.6218 0.7641
vn -0.0000 -0.9912 0.1323
vn -0.0000 -0.6619 0.7496
vn -0.0000 -0.9864 -0.1645
vn -0.0000 -0.9876 -0.1573
vn -0.3828 0.8903 0.2467
vn -0.0000 0.9637 0.2670
vn -0.3681 0.8960 0.2483
vn -0.0000 -0.2670 0.9637
vn 0.3828 0.8903 0.2467
vn 0.3681 0.8960 0.2483
vn -0.0000 0.2670 -0.9637
vn -0.0000 -0.9637 -0.2670
vn 0.3828 -0.8903 -0.2467
vn 0.3681 -0.8960 -0.2483
vn -0.3681 -0.8960 -0.2483
vn -0.3828 -0.8903 -0.2467
vn -0.6908 -0.6968 -0.1931
vn -0.7101 -0.6785 -0.1880
vn -0.9152 -0.3884 -0.1076
vn -0.9280 -0.3590 -0.0995
vn 0.7101 0.6785 0.1880
vn 0.9280 0.3590 0.0995
vn 0.9152 0.3884 0.1076
vn 0.6908 0.6968 0.1931
vn 0.9998 -0.0168 -0.0047
vn 0.9998 0.0168 0.0047
vn -0.9998 -0.0168 -0.0047
vn -0.9998 0.0168 0.0047
vn -0.9280 0.3590 0.0995
vn -0.9152 0.3884 0.1076
vn 0.9152 -0.3884 -0.1076
vn 0.9280 -0.3590 -0.0995
vn 0.6908 -0.6968 -0.1931
vn 0.7101 -0.6785 -0.1880
vn -0.6908 0.6968 0.1931
vn -0.7101 0.6785 0.1880
vn -0.3821 0.8963 0.2249
vn -0.0000 0.9699 0.2434
vn -0.3686 0.9016 0.2263
vn -0.0000 -0.2434 0.9699
vn 0.3821 0.8963 0.2249
vn 0.3686 0.9016 0.2263
vn -0.0000 0.2434 -0.9699
vn -0.0000 -0.9699 -0.2434
vn 0.3821 -0.8963 -0.2249
vn 0.3686 -0.9016 -0.2263
vn -0.3686 -0.9016 -0.2263
vn -0.3821 -0.8963 -0.2249
vn -0.6915 -0.7006 -0.1758
vn -0.7093 -0.6837 -0.1716
vn -0.9157 -0.3898 -0.0978
vn -0.9275 -0.3626 -0.0910
vn 0.7093 0.6837 0.1716
vn 0.9275 0.3626 0.0910
vn 0.9157 0.3898 0.0978
vn 0.6915 0.7006 0.1758
vn 0.9999 -0.0155 -0.0039
vn 0.9999 0.0155 0.0039
vn -0.9999 -0.0155 -0.0039
vn -0.9999 0.0155 0.0039
vn -0.9275 0.3626 0.0910
vn -0.9157 0.3898 0.0978
vn 0.9157 -0.3898 -0.0978
vn 0.9275 -0.3626 -0.0910
vn 0.6915 -0.7006 -0.1758
vn 0.7093 -0.6837 -0.1716
vn -0.6915 0.7006 0.1758
vn -0.7093 0.6837 0.1716
vn 0.9249 -0.0135 -0.3800
vn 0.9877 -0.0610 -0.1442
vn 0.9946 -0.0846 -0.0606
vn 0.9875 0.0093 -0.1576
vn 0.8745 0.2703 -0.4028
vn 0.8122 0.2284 -0.5368
vn 0.6504 0.0180 -0.7594
vn 0.7497 -0.0975 -0.6546
vn 0.9760 -0.0622 -0.2087
vn 0.9658 -0.0881 -0.2439
vn 0.9837 -0.0662 -0.1669
vn 0.9917 -0.1044 -0.0748
vn 0.9785 -0.1284 -0.1617
vn 0.9700 -0.1661 -0.1774
vn 0.9926 -0.0394 -0.1152
vn 0.9910 -0.0495 -0.1242
vn 0.7422 -0.1391 -0.6556
vn 0.4876 -0.1865 -0.8529
vn 0.3847 -0.1713 -0.9070
vn 0.6885 0.3042 -0.6583
vn 0.5951 0.2346 -0.7686
vn 0.7214 0.4695 -0.5090
vn 0.5992 0.5756 -0.5564
vn 0.5002 0.6850 -0.5297
vn 0.8189 0.3075 -0.4846
vn 0.2884 0.7225 -0.6284
vn 0.1751 0.8032 -0.5695
vn 0.0961 0.8445 -0.5268
vn -0.2443 0.8057 -0.5397
vn -0.2581 0.8312 -0.4924
vn -0.2489 0.7588 -0.6019
vn -0.6967 0.5370 -0.4757
vn -0.6151 0.6362 -0.4658
vn -0.9506 0.1224 -0.2853
vn -0.9322 0.0922 -0.3499
vn -0.8008 0.4253 -0.4218
vn -0.9727 0.0922 -0.2127
vn -0.9926 -0.0511 -0.1099
vn -0.9688 -0.1107 -0.2215
vn -0.9236 -0.1992 -0.3276
vn -0.9270 -0.2534 -0.2764
vn -0.9091 -0.2325 -0.3457
vn -0.9430 -0.2567 -0.2119
vn -0.8425 -0.3684 -0.3930
vn -0.8788 -0.2696 -0.3937
vn -0.8218 -0.2902 -0.4904
vn -0.8710 -0.2502 -0.4227
vn -0.9049 -0.2121 -0.3690
vn -0.9023 -0.2196 -0.3711
vn 0.9903 -0.1132 -0.0811
vn 0.9249 -0.0135 0.3800
vn 0.9875 0.0093 0.1576
vn 0.9946 -0.0846 0.0606
vn 0.9877 -0.0610 0.1442
vn 0.8122 0.2284 0.5368
vn 0.8745 0.2703 0.4028
vn 0.7497 -0.0975 0.6546
vn 0.6504 0.0180 0.7594
vn 0.9837 -0.0662 0.1669
vn 0.9658 -0.0881 0.2439
vn 0.9760 -0.0622 0.2087
vn 0.9917 -0.1044 0.0748
vn 0.9700 -0.1661 0.1774
vn 0.9785 -0.1284 0.1617
vn 0.9926 -0.0394 0.1152
vn 0.9910 -0.0495 0.1242
vn 0.7422 -0.1391 0.6556
vn 0.4876 -0.1865 0.8529
vn 0.3847 -0.1713 0.9070
vn 0.5951 0.2346 0.7686
vn 0.6885 0.3042 0.6583
vn 0.7214 0.4695 0.5090
vn 0.5002 0.6850 0.5297
vn 0.5992 0.5756 0.5564
vn 0.8189 0.3075 0.4846
vn 0.1751 0.8032 0.5695
vn 0.2884 0.7225 0.6284
vn 0.0961 0.8445 0.5268
vn -0.2581 0.8312 0.4924
vn -0.2443 0.8057 0.5397
vn -0.2489 0.7588 0.6019
vn -0.6151 0.6362 0.4658
vn -0.6967 0.5370 0.4757
vn -0.9322 0.0922 0.3499
vn -0.9506 0.1224 0.2853
vn -0.8008 0.4253 0.4218
vn -0.9727 0.0922 0.2127
vn -0.9688 -0.1107 0.2215
vn -0.9926 -0.0511 0.1099
vn -0.9236 -0.1992 0.3276
vn -0.9091 -0.2325 0.3457
vn -0.9270 -0.2534 0.2764
vn -0.9430 -0.2567 0.2119
vn -0.8788 -0.2696 0.3937
vn -0.8425 -0.3684 0.3930
vn -0.8710 -0.2502 0.4227
vn -0.8218 -0.2902 0.4904
vn -0.9049 -0.2121 0.3690
vn -0.9023 -0.2196 0.3711
vn 0.9903 -0.1132 0.0811
vn -0.5401 0.4188 -0.7300
vn -0.6806 0.3862 -0.6226
vn -0.9333 0.2528 -0.2549
vn -0.9097 0.2743 -0.3117
vn -0.1260 0.4700 -0.8736
vn -0.1536 0.4674 -0.8706
vn -0.9917 0.0952 0.0859
vn -0.9894 0.1448 -0.0098
vn -0.7606 -0.2727 0.5892
vn -0.9098 -0.1162 0.3985
vn -0.3265 -0.5825 0.7444
vn -0.3666 -0.5577 0.7447
vn -0.1010 -0.6920 0.7148
vn 0.2243 0.4428 -0.8681
vn 0.3070 0.4201 -0.8540
vn 0.6715 0.2742 -0.6884
vn 0.8551 0.1478 -0.4969
vn 0.9617 0.0150 -0.2735
vn -0.5401 0.4188 0.7300
vn -0.9097 0.2743 0.3117
vn -0.9333 0.2528 0.2549
vn -0.6806 0.3862 0.6226
vn -0.1260 0.4700 0.8736
vn -0.1536 0.4674 0.8706
vn -0.9894 0.1448 0.0098
vn -0.9917 0.0952 -0.0859
vn -0.9098 -0.1162 -0.3985
vn -0.7606 -0.2727 -0.5892
vn -0.3666 -0.5577 -0.7447
vn -0.3265 -0.5825 -0.7444
vn -0.1010 -0.6920 -0.7148
vn 0.3070 0.4201 0.8540
vn 0.2243 0.4428 0.8681
vn 0.8551 0.1478 0.4969
vn 0.6715 0.2742 0.6884
vn 0.9617 0.0150 0.2735
vn 0.2441 -0.1349 0.9603
vn 0.2711 -0.1493 0.9509
vn 0.6011 0.0429 0.7980
vn 0.5602 0.0240 0.8280
vn 0.1775 -0.1679 0.9697
vn 0.1385 -0.2527 0.9576
vn 0.2778 -0.0352 0.9600
vn 0.2793 -0.0340 0.9596
vn 0.3687 0.0423 0.9286
vn 0.3682 0.0419 0.9288
vn 0.3945 0.0675 0.9164
vn 0.8727 0.1065 0.4765
vn 0.8515 0.1089 0.5130
vn 0.9594 0.0903 0.2673
vn 0.9648 0.0885 0.2475
vn 0.9620 0.0815 0.2608
vn 0.9551 0.0808 0.2852
vn 0.9338 0.0786 0.3490
vn -0.4468 -0.5049 0.7386
vn -0.2859 0.1775 0.9417
vn -0.7507 0.4993 0.4325
vn -0.9510 -0.1847 0.2479
vn -0.6873 -0.7246 -0.0507
vn -0.4048 -0.8761 0.2617
vn 0.1899 -0.6687 0.7189
vn 0.3667 -0.0305 0.9298
vn -0.0544 -0.9732 0.2234
vn -0.2543 -0.9264 -0.2777
vn 0.6541 -0.6905 0.3089
vn 0.2280 -0.9735 0.0153
vn 0.2616 -0.8749 -0.4075
vn -0.3509 -0.6011 -0.7180
vn 0.0354 -0.6980 -0.7152
vn -0.6846 -0.5739 -0.4494
vn 0.7690 -0.4849 -0.4164
vn 0.3305 -0.1707 -0.9282
vn -0.3260 0.0397 -0.9445
vn 0.4913 0.5051 -0.7096
vn 0.9514 0.2047 -0.2302
vn -0.1416 0.6955 -0.7045
vn -0.8890 0.0432 -0.4559
vn -0.6672 0.7041 -0.2432
vn 0.0871 0.9774 -0.1928
vn 0.4342 0.8769 -0.2061
vn -0.2110 0.9767 0.0381
vn 0.2527 0.9240 0.2870
vn 0.6687 0.7405 0.0680
vn -0.2216 0.8835 0.4127
vn 0.3699 0.6228 0.6894
vn 0.6443 0.5982 0.4766
vn 0.0090 0.7080 0.7062
vn 0.8563 -0.0334 0.5155
vn -0.7044 -0.4223 0.5705
vn -0.6245 0.2920 0.7244
vn -0.8588 0.5104 0.0432
vn -0.9723 -0.2031 -0.1159
vn -0.6121 -0.7614 -0.2138
vn -0.4771 -0.8559 0.1994
vn -0.1042 -0.5542 0.8259
vn -0.0214 0.1215 0.9924
vn -0.1375 -0.9405 0.3106
vn -0.1263 -0.9662 -0.2248
vn 0.4899 -0.6045 0.6282
vn 0.2052 -0.9514 0.2294
vn 0.3980 -0.9038 -0.1573
vn -0.0454 -0.7109 -0.7019
vn 0.3057 -0.7818 -0.5434
vn -0.4509 -0.6665 -0.5937
vn 0.8699 -0.4926 -0.0246
vn 0.6612 -0.2786 -0.6966
vn 0.0650 -0.1131 -0.9915
vn 0.7326 0.4299 -0.5278
vn 0.9655 0.2253 0.1302
vn 0.1444 0.5844 -0.7985
vn -0.6417 -0.0746 -0.7633
vn -0.5279 0.6262 -0.5738
vn 0.1557 0.9499 -0.2712
vn 0.4806 0.8658 -0.1391
vn -0.2098 0.9619 -0.1752
vn 0.1211 0.9651 0.2322
vn 0.5882 0.7779 0.2212
vn -0.3629 0.9154 0.1742
vn 0.0738 0.7288 0.6807
vn 0.4038 0.6916 0.5989
vn -0.2609 0.7926 0.5511
vn 0.5882 0.0920 0.8035
vn 0.4887 0.3961 -0.7773
vn 0.4507 0.4029 -0.7966
vn 0.6929 0.4652 -0.5509
vn 0.6855 0.4286 -0.5885
vn 0.2517 0.4251 -0.8694
vn 0.5692 0.6358 -0.5212
vn 0.6523 0.5826 -0.4848
vn 0.3704 0.6018 -0.7075
vn 0.3740 0.6038 -0.7039
vn 0.2146 0.5039 -0.8367
vn -0.2490 0.7735 -0.5828
vn -0.1903 0.7295 -0.6570
vn 0.0482 0.5879 -0.8075
vn 0.0041 0.6091 -0.7931
vn 0.0796 0.8403 -0.5363
vn -0.0108 0.8449 -0.5349
vn 0.1533 0.3666 -0.9177
vn 0.1533 0.3705 -0.9161
vn 0.1496 0.1786 -0.9725
vn 0.7360 0.6204 -0.2710
vn 0.7260 0.6279 -0.2805
vn 0.9401 0.0764 0.3323
vn 0.8364 -0.1274 0.5331
vn 0.4298 -0.4733 0.7689
vn 0.1242 -0.6034 0.7877
vn -0.2738 -0.6444 0.7140
vn -0.5823 -0.5711 0.5786
vn -0.8560 -0.4442 0.2645
vn -0.9212 -0.3791 0.0869
vn -0.8940 -0.0743 -0.4419
vn -0.8210 0.0300 -0.5701
vn -0.0855 0.5599 -0.8241
vn 0.0382 0.6070 -0.7938
vn 0.7853 0.5042 -0.3592
vn 0.7469 0.5371 -0.3921
vn 0.9734 -0.1410 0.1807
vn 0.9956 0.0940 0.0014
vn 0.6494 -0.3729 0.6628
vn 0.7237 -0.3767 0.5782
vn 0.4852 -0.4467 0.7517
vn 0.4824 -0.4317 0.7622
vn -0.3160 -0.2141 0.9243
vn 0.2041 -0.4491 0.8699
vn -0.6892 0.0509 0.7228
vn 0.5350 -0.5537 0.6381
vn 0.8282 -0.2855 0.4823
vn 0.4378 -0.6652 0.6049
vn 0.5723 -0.0977 0.8142
vn 0.6594 0.4860 0.5736
vn 0.6513 0.3924 0.6495
vn 0.5457 0.3110 0.7782
vn 0.6505 0.3490 0.6746
vn 0.3765 0.6312 -0.6781
vn -0.1228 0.6628 -0.7387
vn 0.0061 0.6712 -0.7413
vn -0.7196 0.4530 -0.5263
vn -0.6463 0.4990 -0.5774
vn -0.9982 0.0314 -0.0513
vn -0.9834 0.1120 -0.1428
vn -0.6433 -0.5107 0.5704
vn -0.6842 -0.4870 0.5428
vn -0.2468 -0.6420 0.7259
vn -0.2414 -0.6428 0.7270
vn 0.1732 -0.6492 0.7407
vn 0.2758 -0.6327 0.7236
vn 0.8562 -0.3345 0.3937
vn 0.8845 -0.3012 0.3563
vn 0.9012 0.2932 -0.3191
vn 0.8530 0.3513 -0.3859
vn 0.4979 0.5767 -0.6477
vn 0.4418 0.6038 -0.6635
vn 0.1194 0.6457 -0.7542
vn 0.1532 0.6448 -0.7488
vn -0.5566 0.5101 -0.6557
vn -0.4205 0.5638 -0.7108
vn -0.9479 0.1683 -0.2703
vn -0.9051 0.2384 -0.3521
vn -0.8840 -0.3277 0.3333
vn -0.9112 -0.2931 0.2896
vn -0.3717 -0.6048 0.7043
vn -0.3289 -0.6135 0.7179
vn 0.0892 -0.6320 0.7698
vn 0.1847 -0.6202 0.7624
vn 0.4652 -0.5481 0.6951
vn 0.4998 -0.5348 0.6814
vn 0.8839 -0.2664 0.3844
vn 0.9270 -0.2055 0.3138
vn 0.9830 0.1478 -0.1089
vn 0.9796 0.1592 -0.1230
vn 0.9584 0.2133 -0.1899
vn 0.7422 -0.2979 0.6004
vn 0.8252 0.5184 -0.2245
vn 0.3905 0.8398 0.3772
vn 0.5781 0.0576 0.8139
vn 0.7495 -0.3243 0.5772
vn 0.8430 0.4576 -0.2828
vn -0.5933 -0.6091 0.5263
vn -0.5973 -0.5999 0.5323
vn -0.6400 -0.3578 0.6800
vn -0.5499 0.1003 0.8292
vn -0.8260 -0.5189 0.2201
vn -0.8456 -0.4546 0.2798
vn 0.0459 0.9955 0.0824
vn -0.5848 -0.0143 0.8111
vn -0.4221 -0.7311 0.5360
vn 0.4444 0.7245 -0.5269
vn -0.4190 0.8986 -0.1299
vn -0.8546 -0.1443 0.4988
vn -0.3537 0.6501 -0.6725
vn 0.4888 0.6452 -0.5872
vn -0.3285 0.5666 -0.7557
vn 0.3940 -0.0823 -0.9154
vn -0.2733 0.1573 -0.9490
vn 0.7813 -0.2532 -0.5705
vn -0.2462 -0.9592 -0.1388
vn -0.6323 -0.7598 -0.1517
vn -0.2156 -0.9402 -0.2636
vn -0.4687 -0.6490 0.5993
vn -0.8860 -0.4154 0.2061
vn -0.9005 -0.3945 0.1827
vn -0.3258 -0.9336 0.1493
vn 0.6646 -0.7214 0.1947
vn 0.6038 0.6086 -0.5148
vn 0.4827 0.6465 -0.5908
vn 0.4686 0.6499 -0.5984
vn 0.3387 0.6717 -0.6588
vt 0.216370 0.441285
vt 0.219909 0.455011
vt 0.152028 0.449962
vt 0.154758 0.434616
vt 0.223402 0.470427
vt 0.150858 0.467125
vt 0.076697 0.443770
vt 0.079917 0.425273
vt 0.074067 0.459959
vt 0.008146 0.509713
vt 0.008905 0.492639
vt 0.070017 0.490447
vt 0.068903 0.509628
vt 0.144192 0.486560
vt 0.143166 0.507938
vt 0.000657 0.527661
vt 0.068855 0.528532
vt 0.142921 0.528705
vt 0.553383 0.483311
vt 0.531436 0.479736
vt 0.525304 0.415416
vt 0.549859 0.413666
vt 0.517209 0.345516
vt 0.542354 0.341996
vt 0.563418 0.481713
vt 0.561104 0.411556
vt 0.553531 0.339101
vt 0.449040 0.482935
vt 0.449933 0.496662
vt 0.378619 0.496493
vt 0.377618 0.481112
vt 0.304853 0.496144
vt 0.303744 0.479110
vt 0.448252 0.467742
vt 0.377271 0.464164
vt 0.303360 0.460339
vt 0.225634 0.480641
vt 0.151052 0.478493
vt 0.073493 0.470778
vt 0.005571 0.480641
vt 0.001092 0.460969
vt 0.250102 0.479388
vt 0.238924 0.457325
vt 0.002062 0.439488
vt 0.884565 0.285953
vt 0.885594 0.264221
vt 0.897139 0.259785
vt 0.896582 0.271535
vt 0.895301 0.243220
vt 0.902387 0.248430
vt 0.747541 0.100494
vt 0.748007 0.089091
vt 0.753004 0.088754
vt 0.752539 0.100158
vt 0.745584 0.078661
vt 0.750581 0.078324
vt 0.230903 0.462586
vt 0.233365 0.473941
vt 0.228563 0.473251
vt 0.226100 0.461897
vt 0.232100 0.483855
vt 0.227298 0.483166
vt 0.241139 0.496662
vt 0.935092 0.237144
vt 0.945260 0.255042
vt 0.929399 0.254822
vt 0.923901 0.245145
vt 0.544865 0.275270
vt 0.563418 0.276194
vt 0.945260 0.289058
vt 0.929399 0.273214
vt 0.512470 0.276139
vt 0.590973 0.463346
vt 0.591455 0.480641
vt 0.586695 0.480391
vt 0.586213 0.463097
vt 0.591455 0.453441
vt 0.586695 0.453191
vt 0.256708 0.575434
vt 0.256048 0.563088
vt 0.261023 0.562207
vt 0.261682 0.574553
vt 0.256708 0.550348
vt 0.261682 0.549467
vt 0.924073 0.307076
vt 0.900898 0.302758
vt 0.905273 0.280577
vt 0.918102 0.283863
vt 0.209893 0.483534
vt 0.215689 0.505787
vt 0.216288 0.528705
vt 0.013544 0.420747
vt 0.745584 0.110814
vt 0.750582 0.110478
vt 0.063449 0.764515
vt 0.057926 0.771478
vt 0.008926 0.770576
vt 0.001558 0.740206
vt 0.051514 0.778802
vt 0.005464 0.801068
vt 0.815261 0.871777
vt 0.824007 0.875427
vt 0.839123 0.938585
vt 0.815261 0.934944
vt 0.843897 0.878645
vt 0.869159 0.922847
vt 0.129146 0.831091
vt 0.143635 0.821856
vt 0.176235 0.889186
vt 0.122254 0.889186
vt 0.819141 0.660302
vt 0.857615 0.591297
vt 0.860015 0.593176
vt 0.831393 0.680990
vt 0.862483 0.594979
vt 0.862483 0.683578
vt 0.713135 0.818062
vt 0.720606 0.801705
vt 0.726082 0.801409
vt 0.722511 0.818337
vt 0.522852 0.776717
vt 0.526666 0.756962
vt 0.531375 0.759718
vt 0.531375 0.781041
vt 0.131779 0.807014
vt 0.141791 0.803435
vt 0.064316 0.791271
vt 0.055815 0.801068
vt 0.033144 0.800238
vt 0.045103 0.786125
vt 0.068826 0.786332
vt 0.073335 0.781393
vt 0.077297 0.776125
vt 0.082178 0.769772
vt 0.068971 0.757552
vt 0.074915 0.750970
vt 0.087624 0.763926
vt 0.080859 0.744387
vt 0.092152 0.759165
vt 0.043029 0.691216
vt 0.074600 0.692995
vt 0.010539 0.706435
vt 0.104139 0.684502
vt 0.086877 0.737026
vt 0.263756 0.675846
vt 0.199755 0.688919
vt 0.190481 0.668788
vt 0.258226 0.669084
vt 0.195735 0.636914
vt 0.250584 0.652517
vt 0.259366 0.897833
vt 0.265688 0.947931
vt 0.209155 0.947931
vt 0.245000 0.884510
vt 0.806165 0.275705
vt 0.818463 0.254819
vt 0.847025 0.345704
vt 0.844986 0.347129
vt 0.849132 0.253592
vt 0.849132 0.344359
vt 0.208858 0.562528
vt 0.219763 0.548409
vt 0.261026 0.609811
vt 0.252649 0.617214
vt 0.239522 0.543855
vt 0.269351 0.602398
vt 0.521517 0.884911
vt 0.577751 0.830225
vt 0.592790 0.868908
vt 0.519795 0.894092
vt 0.591935 0.907877
vt 0.518455 0.907877
vt 0.118825 0.856858
vt 0.118825 0.931909
vt 0.089683 0.920884
vt 0.114929 0.858439
vt 0.059874 0.905623
vt 0.111033 0.860020
vt 0.323852 0.594364
vt 0.366795 0.543855
vt 0.379528 0.549667
vt 0.345038 0.602908
vt 0.361354 0.618241
vt 0.388518 0.557686
vt 0.743878 0.877112
vt 0.748777 0.877414
vt 0.798398 0.919290
vt 0.767781 0.936195
vt 0.738978 0.876809
vt 0.738978 0.947931
vt 0.166146 0.857363
vt 0.165011 0.843085
vt 0.237337 0.843085
vt 0.237650 0.882645
vt 0.167722 0.867353
vt 0.222316 0.921228
vt 0.519397 0.275033
vt 0.519397 0.204637
vt 0.530362 0.207939
vt 0.539386 0.268947
vt 0.713135 0.881175
vt 0.736491 0.817873
vt 0.737748 0.877503
vt 0.735148 0.798275
vt 0.744208 0.797603
vt 0.750334 0.817606
vt 0.353168 0.672710
vt 0.354872 0.661135
vt 0.375822 0.650859
vt 0.374062 0.669066
vt 0.351012 0.650450
vt 0.371598 0.633790
vt 0.347124 0.644804
vt 0.366476 0.626016
vt 0.343236 0.639159
vt 0.330260 0.626981
vt 0.313402 0.620164
vt 0.306409 0.618882
vt 0.314318 0.592807
vt 0.299417 0.617601
vt 0.304784 0.591251
vt 0.287495 0.618238
vt 0.286506 0.593993
vt 0.276769 0.624068
vt 0.271464 0.628749
vt 0.266159 0.633430
vt 0.250241 0.624683
vt 0.264983 0.637704
vt 0.247846 0.632175
vt 0.263806 0.641978
vt 0.266712 0.654729
vt 0.272604 0.665673
vt 0.096174 0.754024
vt 0.092896 0.729666
vt 0.100197 0.748884
vt 0.829105 0.622983
vt 0.818151 0.623315
vt 0.817466 0.615017
vt 0.828420 0.614686
vt 0.829105 0.631587
vt 0.818151 0.631919
vt 0.828420 0.639187
vt 0.817466 0.639519
vt 0.813882 0.638668
vt 0.814521 0.631577
vt 0.814521 0.623551
vt 0.817164 0.978991
vt 0.822236 0.982201
vt 0.821240 0.988602
vt 0.814326 0.984226
vt 0.827727 0.982727
vt 0.828723 0.989319
vt 0.813281 0.973584
vt 0.811180 0.966806
vt 0.811180 0.959686
vt 0.813281 0.953310
vt 0.817163 0.948648
vt 0.822236 0.946409
vt 0.827726 0.946935
vt 0.832799 0.950146
vt 0.836681 0.955552
vt 0.838782 0.962331
vt 0.838782 0.969451
vt 0.836681 0.975827
vt 0.832799 0.980489
vt 0.835637 0.986268
vt 0.840928 0.979913
vt 0.973483 0.149235
vt 0.974713 0.143158
vt 0.978155 0.144353
vt 0.976836 0.150868
vt 0.813882 0.615810
vt 0.816201 0.608289
vt 0.827155 0.607958
vt 0.975379 0.134418
vt 0.978869 0.134985
vt 0.988605 0.144148
vt 0.989319 0.134779
vt 0.975380 0.124346
vt 0.978869 0.124189
vt 0.989319 0.123983
vt 0.974713 0.114476
vt 0.978155 0.113609
vt 0.988605 0.113403
vt 0.976836 0.104855
vt 0.987286 0.104649
vt 0.809486 0.818432
vt 0.820416 0.818405
vt 0.820466 0.827506
vt 0.809535 0.827532
vt 0.823719 0.818715
vt 0.823765 0.827205
vt 0.973483 0.106310
vt 0.823765 0.835075
vt 0.820466 0.835942
vt 0.809535 0.835969
vt 0.823719 0.841127
vt 0.820416 0.842430
vt 0.809486 0.842457
vt 0.968494 0.440017
vt 0.979357 0.440258
vt 0.980371 0.446636
vt 0.969508 0.446395
vt 0.980920 0.456063
vt 0.970056 0.455822
vt 0.983467 0.448054
vt 0.983979 0.456848
vt 0.814326 0.942869
vt 0.809034 0.949223
vt 0.807472 0.947906
vt 0.813144 0.941094
vt 0.983979 0.467149
vt 0.980920 0.467105
vt 0.970056 0.466863
vt 0.983467 0.477387
vt 0.980371 0.478079
vt 0.969508 0.477838
vt 0.979357 0.487316
vt 0.968494 0.487075
vt 0.982521 0.486004
vt 0.809034 0.976857
vt 0.806171 0.967618
vt 0.806171 0.957914
vt 0.821239 0.939818
vt 0.828723 0.940535
vt 0.835636 0.944911
vt 0.840928 0.952279
vt 0.843792 0.961519
vt 0.843792 0.971223
vt 0.802281 0.016207
vt 0.802659 0.024770
vt 0.791616 0.024774
vt 0.791237 0.016211
vt 0.802659 0.007654
vt 0.791616 0.007658
vt 0.803738 0.000411
vt 0.792694 0.000415
vt 0.971788 0.102588
vt 0.973681 0.103843
vt 0.968047 0.110764
vt 0.966533 0.109043
vt 0.788569 0.008237
vt 0.788215 0.016217
vt 0.967570 0.098447
vt 0.963715 0.103183
vt 0.959666 0.112150
vt 0.958677 0.105462
vt 0.953224 0.104936
vt 0.948186 0.101686
vt 0.944330 0.096206
vt 0.942244 0.089330
vt 0.942244 0.082106
vt 0.944330 0.075633
vt 0.948186 0.070896
vt 0.953224 0.068618
vt 0.958677 0.069143
vt 0.963715 0.072394
vt 0.967571 0.077874
vt 0.969657 0.084749
vt 0.969657 0.091974
vt 0.952234 0.111433
vt 0.945368 0.107002
vt 0.000555 0.003615
vt 0.003895 0.001971
vt 0.004927 0.008460
vt 0.001517 0.009669
vt 0.788569 0.024205
vt 0.803738 0.032039
vt 0.792695 0.032043
vt 0.005485 0.017804
vt 0.002038 0.018386
vt 0.015463 0.008623
vt 0.016021 0.017968
vt 0.005485 0.028581
vt 0.002038 0.028439
vt 0.016021 0.028744
vt 0.004927 0.039149
vt 0.001517 0.038299
vt 0.015463 0.039313
vt 0.014431 0.048064
vt 0.003895 0.047901
vt 0.824273 0.361816
vt 0.823493 0.352900
vt 0.834144 0.352554
vt 0.834924 0.361470
vt 0.838451 0.360981
vt 0.837724 0.352664
vt 0.000555 0.046462
vt 0.834144 0.344124
vt 0.837724 0.344799
vt 0.823493 0.344470
vt 0.834924 0.337463
vt 0.838451 0.338585
vt 0.824273 0.337808
vt 0.966661 0.946595
vt 0.968096 0.940127
vt 0.978921 0.939791
vt 0.977486 0.946259
vt 0.968872 0.930588
vt 0.979697 0.930251
vt 0.981919 0.938334
vt 0.982644 0.929436
vt 0.959667 0.062647
vt 0.960687 0.061029
vt 0.968047 0.065778
vt 0.966533 0.067077
vt 0.979697 0.919094
vt 0.982644 0.919027
vt 0.968872 0.919430
vt 0.978921 0.908016
vt 0.981919 0.908692
vt 0.968096 0.908353
vt 0.966661 0.899042
vt 0.977486 0.898705
vt 0.980581 0.900006
vt 0.974633 0.083918
vt 0.974633 0.093765
vt 0.971789 0.074547
vt 0.952234 0.061930
vt 0.945368 0.065036
vt 0.940112 0.071492
vt 0.937268 0.080315
vt 0.937268 0.090162
vt 0.940112 0.099533
vt 0.783960 0.642327
vt 0.799701 0.650627
vt 0.806942 0.673606
vt 0.785656 0.667581
vt 0.079172 0.006773
vt 0.102710 0.020893
vt 0.092922 0.039650
vt 0.078182 0.024451
vt 0.780869 0.622078
vt 0.798302 0.623417
vt 0.060726 0.000594
vt 0.059733 0.023067
vt 0.059161 0.042722
vt 0.113011 0.052655
vt 0.095578 0.059965
vt 0.058666 0.062125
vt 0.026128 0.038678
vt 0.041547 0.023918
vt 0.022682 0.058905
vt 0.166911 0.008855
vt 0.180330 0.030129
vt 0.181575 0.050828
vt 0.161185 0.040013
vt 0.042125 0.006233
vt 0.017862 0.019658
vt 0.783960 0.600645
vt 0.785656 0.572118
vt 0.806942 0.569242
vt 0.799701 0.595497
vt 0.819760 0.569868
vt 0.812412 0.596117
vt 0.810966 0.624035
vt 0.141297 0.026718
vt 0.128374 0.025476
vt 0.130750 0.000602
vt 0.143666 0.001864
vt 0.138411 0.058864
vt 0.125420 0.057595
vt 0.119598 0.110858
vt 0.131990 0.111068
vt 0.160106 0.116158
vt 0.154765 0.163438
vt 0.126049 0.163318
vt 0.161770 0.067526
vt 0.153829 0.232124
vt 0.126194 0.231835
vt 0.151662 0.289720
vt 0.134786 0.289162
vt 0.181575 0.118309
vt 0.178325 0.157734
vt 0.173088 0.252551
vt 0.150326 0.250538
vt 0.272363 0.185131
vt 0.272363 0.285714
vt 0.244936 0.278942
vt 0.247763 0.186574
vt 0.057293 0.163747
vt 0.020347 0.163146
vt 0.020439 0.124587
vt 0.057733 0.124286
vt 0.055611 0.265150
vt 0.019655 0.264536
vt 0.054108 0.362648
vt 0.019180 0.364486
vt 0.091949 0.265588
vt 0.089355 0.364486
vt 0.094504 0.164225
vt 0.116986 0.127272
vt 0.115286 0.173565
vt 0.095537 0.125680
vt 0.115284 0.258731
vt 0.091738 0.256705
vt 0.115146 0.343960
vt 0.088835 0.349248
vt 0.118825 0.079958
vt 0.096762 0.085545
vt 0.058212 0.088458
vt 0.020721 0.084438
vt 0.006823 0.051110
vt 0.000015 0.078229
vt 0.000322 0.125575
vt 0.185367 0.038999
vt 0.204483 0.028158
vt 0.205102 0.061565
vt 0.183197 0.066969
vt 0.209572 0.112759
vt 0.183207 0.114382
vt 0.217143 0.027460
vt 0.217830 0.060842
vt 0.221629 0.113133
vt 0.213572 0.163980
vt 0.186854 0.160619
vt 0.210647 0.226914
vt 0.184840 0.224008
vt 0.206831 0.285714
vt 0.181935 0.283262
vt 0.204485 0.001238
vt 0.217140 0.000519
vt 0.812412 0.651247
vt 0.819760 0.674232
vt 0.181935 0.006455
vt 0.014269 0.193561
vt 0.017356 0.193829
vt 0.017153 0.202389
vt 0.014269 0.202219
vt 0.015735 0.192078
vt 0.017231 0.192193
vt 0.017351 0.209564
vt 0.014535 0.209613
vt 0.316066 0.031880
vt 0.319092 0.032757
vt 0.319092 0.041388
vt 0.316227 0.040755
vt 0.173134 0.099984
vt 0.173132 0.091326
vt 0.176030 0.091144
vt 0.176235 0.099703
vt 0.176110 0.101348
vt 0.174607 0.101469
vt 0.173407 0.084019
vt 0.176235 0.084052
vt 0.224299 0.141010
vt 0.224135 0.149120
vt 0.221000 0.149533
vt 0.221000 0.141623
vt 0.721249 0.143916
vt 0.726553 0.144025
vt 0.724890 0.147670
vt 0.720045 0.146546
vt 0.722700 0.151909
vt 0.718583 0.150624
vt 0.730124 0.148666
vt 0.731427 0.153897
vt 0.733280 0.150085
vt 0.737168 0.155269
vt 0.730241 0.159698
vt 0.736978 0.160929
vt 0.721738 0.157849
vt 0.722001 0.161576
vt 0.728901 0.163043
vt 0.735059 0.163762
vt 0.727562 0.166388
vt 0.733242 0.166418
vt 0.723754 0.165611
vt 0.739653 0.161803
vt 0.737280 0.166822
vt 0.736025 0.170691
vt 0.739005 0.171300
vt 0.738070 0.171796
vt 0.734033 0.172025
vt 0.732757 0.170797
vt 0.739653 0.154858
vt 0.735324 0.149025
vt 0.717444 0.156621
vt 0.717278 0.160281
vt 0.717778 0.164077
vt 0.726118 0.168452
vt 0.720184 0.168904
vt 0.730517 0.171226
vt 0.726585 0.173101
vt 0.722310 0.176235
vt 0.720911 0.174906
vt 0.741121 0.435247
vt 0.739902 0.432613
vt 0.744790 0.431452
vt 0.746473 0.435100
vt 0.738421 0.428528
vt 0.742574 0.427208
vt 0.751379 0.425151
vt 0.750071 0.430417
vt 0.757170 0.423734
vt 0.753253 0.428966
vt 0.750184 0.419384
vt 0.756982 0.418103
vt 0.741606 0.421300
vt 0.741878 0.417610
vt 0.748839 0.416089
vt 0.755051 0.415319
vt 0.747495 0.412794
vt 0.753233 0.412753
vt 0.743652 0.413600
vt 0.757300 0.412284
vt 0.759680 0.417206
vt 0.756048 0.408499
vt 0.758116 0.407409
vt 0.759059 0.407889
vt 0.752758 0.408456
vt 0.754043 0.407208
vt 0.759680 0.424136
vt 0.755320 0.430027
vt 0.737276 0.422569
vt 0.737115 0.418951
vt 0.737626 0.415192
vt 0.740068 0.410425
vt 0.746057 0.410834
vt 0.746554 0.406317
vt 0.750524 0.408169
vt 0.740844 0.404631
vt 0.742253 0.403283
vt 0.757388 0.755746
vt 0.759764 0.728937
vt 0.780890 0.727455
vt 0.780210 0.755122
vt 0.746493 0.754862
vt 0.748869 0.728052
vt 0.755399 0.780701
vt 0.744504 0.779816
vt 0.778174 0.780172
vt 0.792647 0.727166
vt 0.795728 0.744838
vt 0.794623 0.761767
vt 0.822225 0.338973
vt 0.821330 0.355617
vt 0.805157 0.362074
vt 0.802128 0.340001
vt 0.822759 0.322337
vt 0.801531 0.327009
vt 0.788984 0.368531
vt 0.782306 0.340676
vt 0.780803 0.321905
vt 0.822978 0.310159
vt 0.801292 0.316748
vt 0.779433 0.310137
vt 0.424566 0.703426
vt 0.422740 0.715133
vt 0.403241 0.714859
vt 0.402546 0.702150
vt 0.381363 0.718115
vt 0.381342 0.705277
vt 0.419742 0.733783
vt 0.402044 0.738551
vt 0.381421 0.741927
vt 0.399888 0.764114
vt 0.381408 0.765361
vt 0.418547 0.761372
vt 0.412798 0.785416
vt 0.397570 0.789159
vt 0.381402 0.790296
vt 0.398806 0.810196
vt 0.381039 0.811749
vt 0.419601 0.805084
vt 0.787203 0.392735
vt 0.802867 0.389823
vt 0.800740 0.409882
vt 0.779433 0.413885
vt 0.818531 0.386912
vt 0.822046 0.405878
vt 0.781783 0.695601
vt 0.791959 0.694830
vt 0.830420 0.384456
vt 0.838451 0.402580
vt 0.762379 0.697517
vt 0.763104 0.678291
vt 0.789459 0.678315
vt 0.893534 0.606350
vt 0.896554 0.595408
vt 0.918101 0.600189
vt 0.914128 0.610147
vt 0.899574 0.584467
vt 0.919893 0.589263
vt 0.900624 0.563648
vt 0.917574 0.559940
vt 0.737974 0.727168
vt 0.740589 0.695748
vt 0.751484 0.696632
vt 0.717730 0.722327
vt 0.722048 0.690751
vt 0.735598 0.753977
vt 0.713624 0.749716
vt 0.700671 0.737121
vt 0.706629 0.720182
vt 0.712684 0.688394
vt 0.785101 0.458424
vt 0.805187 0.460117
vt 0.802511 0.482546
vt 0.786338 0.475622
vt 0.805084 0.510729
vt 0.789280 0.507095
vt 0.825272 0.461809
vt 0.818684 0.489470
vt 0.820887 0.514362
vt 0.827770 0.534045
vt 0.806189 0.529083
vt 0.784607 0.524121
vt 0.893534 0.550499
vt 0.907892 0.541984
vt 0.365561 0.789159
vt 0.363719 0.810196
vt 0.343159 0.805084
vt 0.350505 0.785416
vt 0.363105 0.764114
vt 0.344982 0.761372
vt 0.343450 0.733783
vt 0.360875 0.738551
vt 0.359533 0.714859
vt 0.340433 0.715133
vt 0.338565 0.703426
vt 0.360122 0.702150
vt 0.805723 0.435028
vt 0.827770 0.430847
vt 0.826546 0.442771
vt 0.805204 0.446692
vt 0.788009 0.430467
vt 0.788365 0.442755
vt 0.771566 0.448282
vt 0.770652 0.423853
vt 0.711555 0.774831
vt 0.705765 0.784540
vt 0.694993 0.765349
vt 0.698354 0.753095
vt 0.733609 0.778932
vt 0.732567 0.793959
vt 0.743462 0.794843
vt 0.754357 0.795728
vt 0.781201 0.789864
vt 0.795728 0.774496
vt 0.121321 0.296761
vt 0.255851 0.283499
vt 0.254666 0.295005
vt 0.121855 0.300748
vt 0.117855 0.301736
vt 0.117446 0.297749
vt 0.388461 0.041761
vt 0.405875 0.050980
vt 0.393134 0.189586
vt 0.389087 0.187764
vt 0.387903 0.027963
vt 0.405317 0.037182
vt 0.270202 0.287088
vt 0.267842 0.301736
vt 0.296395 0.288780
vt 0.291756 0.301607
vt 0.388462 0.001284
vt 0.405875 0.010503
vt 0.029114 0.371020
vt 0.040930 0.395194
vt 0.012675 0.395091
vt 0.000859 0.370917
vt 0.362617 0.203478
vt 0.349567 0.203642
vt 0.350314 0.179133
vt 0.361539 0.177696
vt 0.365821 0.217755
vt 0.355929 0.216379
vt 0.044540 0.370917
vt 0.056356 0.395091
vt 0.353461 0.349800
vt 0.349567 0.349052
vt 0.189258 0.374087
vt 0.190921 0.378135
vt 0.411284 0.012155
vt 0.415243 0.012847
vt 0.409912 0.144421
vt 0.398265 0.145130
vt 0.412599 0.008352
vt 0.416555 0.008918
vt 0.001828 0.278278
vt 0.000231 0.128619
vt 0.004157 0.126816
vt 0.018692 0.269110
vt 0.017094 0.283839
vt 0.000231 0.293007
vt 0.416555 0.157768
vt 0.401842 0.159518
vt 0.416548 0.181496
vt 0.403561 0.185581
vt 0.017911 0.311259
vt 0.001048 0.320427
vt 0.146428 0.328332
vt 0.117395 0.328438
vt 0.129095 0.304916
vt 0.158128 0.304811
vt 0.253562 0.029372
vt 0.255456 0.002943
vt 0.267023 0.000964
vt 0.267023 0.025038
vt 0.256539 0.377215
vt 0.271028 0.380159
vt 0.269494 0.392523
vt 0.256939 0.386409
vt 0.162494 0.327989
vt 0.174194 0.304467
vt 0.118538 0.392523
vt 0.118180 0.388492
vt 0.309443 0.328438
vt 0.311081 0.324492
vt 0.345181 0.887304
vt 0.352538 0.887335
vt 0.349788 0.902537
vt 0.345763 0.902336
vt 0.344350 0.871416
vt 0.361382 0.871722
vt 0.390387 0.877233
vt 0.386689 0.888633
vt 0.352973 0.901676
vt 0.386184 0.901472
vt 0.364801 0.845150
vt 0.385009 0.845058
vt 0.405025 0.844734
vt 0.406511 0.871336
vt 0.405960 0.886808
vt 0.390076 0.887043
vt 0.405409 0.902279
vt 0.390337 0.902343
vt 0.425901 0.870572
vt 0.425535 0.886555
vt 0.425169 0.902537
vt 0.422141 0.844515
vt 0.757915 0.822236
vt 0.770610 0.819043
vt 0.767886 0.845727
vt 0.754521 0.849106
vt 0.764429 0.879860
vt 0.756359 0.881175
vt 0.792144 0.817623
vt 0.790281 0.845115
vt 0.797143 0.876389
vt 0.774952 0.878983
vt 0.806608 0.843790
vt 0.813084 0.874981
vt 0.808447 0.816317
vt 0.796805 0.790095
vt 0.813084 0.788808
vt 0.823131 0.021720
vt 0.808526 0.023670
vt 0.813342 0.014029
vt 0.827947 0.012078
vt 0.837962 0.024230
vt 0.847660 0.013929
vt 0.776131 0.792324
vt 0.843164 0.036422
vt 0.861409 0.022074
vt 0.863815 0.001291
vt 0.878505 0.010722
vt 0.871643 0.035868
vt 0.846722 0.046961
vt 0.401243 0.818317
vt 0.416086 0.818643
vt 0.820757 0.053618
vt 0.820943 0.045465
vt 0.820003 0.040719
vt 0.806328 0.047420
vt 0.805398 0.042669
vt 0.806075 0.055601
vt 0.804921 0.035704
vt 0.819526 0.033754
vt 0.823410 0.063259
vt 0.808790 0.065543
vt 0.824746 0.073065
vt 0.810188 0.075650
vt 0.828028 0.080000
vt 0.813537 0.082557
vt 0.829005 0.084592
vt 0.814523 0.087145
vt 0.831181 0.090559
vt 0.816699 0.093111
vt 0.103855 0.409214
vt 0.114820 0.407636
vt 0.114820 0.425658
vt 0.103855 0.427236
vt 0.531375 0.805205
vt 0.522680 0.813084
vt 0.522680 0.796219
vt 0.531375 0.788340
vt 0.811118 0.700756
vt 0.815291 0.729014
vt 0.799239 0.728087
vt 0.795114 0.699815
vt 0.816987 0.756925
vt 0.800886 0.756014
vt 0.811001 0.787624
vt 0.795114 0.786848
vt 0.839788 0.755979
vt 0.833333 0.789052
vt 0.854473 0.756990
vt 0.853847 0.772825
vt 0.842041 0.772422
vt 0.850981 0.730138
vt 0.837121 0.729074
vt 0.853222 0.788660
vt 0.840449 0.788709
vt 0.845012 0.702940
vt 0.831977 0.701824
vt 0.852191 0.080418
vt 0.874387 0.085329
vt 0.864779 0.097370
vt 0.852042 0.092858
vt 0.825476 0.690678
vt 0.807774 0.693875
vt 0.838945 0.098798
vt 0.878505 0.069313
vt 0.851466 0.070084
vt 0.877825 0.052165
vt 0.852354 0.057741
vt 0.367514 0.818666
vt 0.384451 0.818306
vt 0.347238 0.845290
vt 0.352294 0.819303
vt 0.429614 0.210156
vt 0.429728 0.177683
vt 0.440587 0.177989
vt 0.438819 0.210948
vt 0.163092 0.988195
vt 0.161938 0.955125
vt 0.171895 0.955075
vt 0.172484 0.989752
vt 0.181575 0.954382
vt 0.181575 0.990654
vt 0.043824 0.956869
vt 0.045394 0.993324
vt 0.034444 0.992612
vt 0.034582 0.956331
vt 0.025456 0.956869
vt 0.023707 0.993324
vt 0.598092 0.989310
vt 0.589272 0.990654
vt 0.589272 0.954271
vt 0.598630 0.954424
vt 0.607676 0.988362
vt 0.608812 0.955174
vt 0.420603 0.210948
vt 0.419079 0.177989
vt 0.332013 0.051799
vt 0.347129 0.084112
vt 0.342242 0.083519
vt 0.327185 0.050680
vt 0.750015 0.285411
vt 0.750334 0.289424
vt 0.730960 0.293725
vt 0.730642 0.289712
vt 0.680419 0.036163
vt 0.680352 0.001248
vt 0.699599 0.004981
vt 0.699599 0.040053
vt 0.336988 0.023192
vt 0.333428 0.019763
vt 0.548600 0.709488
vt 0.575100 0.693719
vt 0.574836 0.712356
vt 0.547984 0.728972
vt 0.598072 0.687125
vt 0.597808 0.705762
vt 0.347129 0.004210
vt 0.343569 0.000780
vt 0.207307 0.715127
vt 0.183659 0.708191
vt 0.184056 0.689751
vt 0.207704 0.696687
vt 0.153004 0.690596
vt 0.152992 0.671256
vt 0.183920 0.685303
vt 0.207568 0.692239
vt 0.155772 0.667753
vt 0.750334 0.249785
vt 0.730857 0.253901
vt 0.412216 0.363920
vt 0.412550 0.395684
vt 0.408038 0.397864
vt 0.408038 0.366379
vt 0.219386 0.699428
vt 0.219250 0.694980
vt 0.218989 0.717868
vt 0.231018 0.696687
vt 0.230620 0.715127
vt 0.230882 0.692239
vt 0.255737 0.689736
vt 0.255340 0.708176
vt 0.255601 0.685288
vt 0.184246 0.175895
vt 0.179082 0.176235
vt 0.179089 0.161764
vt 0.184246 0.159385
vt 0.328438 0.083189
vt 0.325046 0.086782
vt 0.313653 0.066564
vt 0.317045 0.062971
vt 0.229909 0.729013
vt 0.218508 0.731642
vt 0.609812 0.672052
vt 0.609748 0.666107
vt 0.620955 0.668702
vt 0.621019 0.674646
vt 0.598599 0.674646
vt 0.598535 0.668702
vt 0.207124 0.729013
vt 0.116328 0.195911
vt 0.116328 0.179413
vt 0.121487 0.181797
vt 0.121495 0.196262
vt 0.609521 0.684464
vt 0.621011 0.687125
vt 0.609257 0.703101
vt 0.620747 0.705762
vt 0.308706 0.034569
vt 0.313358 0.033409
vt 0.284379 0.671256
vt 0.283632 0.690596
vt 0.323695 0.001055
vt 0.328438 0.000471
vt 0.966395 0.948417
vt 0.986023 0.951233
vt 0.986109 0.986586
vt 0.966395 0.983562
vt 0.228902 0.952022
vt 0.248331 0.949376
vt 0.248211 0.984179
vt 0.228902 0.986649
vt 0.671431 0.709488
vt 0.671562 0.728972
vt 0.645314 0.712413
vt 0.645578 0.693775
vt 0.281364 0.667753
vt 0.850047 0.973298
vt 0.846361 0.971260
vt 0.846361 0.936209
vt 0.850467 0.937812
vt 0.986649 0.990654
vt 0.966934 0.987630
vt 0.216885 0.268892
vt 0.220645 0.267066
vt 0.220809 0.273326
vt 0.217012 0.273743
vt 0.126836 0.275764
vt 0.122595 0.277443
vt 0.120490 0.270746
vt 0.124452 0.271677
vt 0.119212 0.267949
vt 0.124323 0.269151
vt 0.220166 0.263841
vt 0.223800 0.265079
vt 0.224172 0.267578
vt 0.224299 0.272429
vt 0.220645 0.279039
vt 0.216885 0.278171
vt 0.224172 0.276857
vt 0.218793 0.309746
vt 0.215041 0.309059
vt 0.212782 0.305208
vt 0.217211 0.303280
vt 0.212782 0.300660
vt 0.215619 0.297943
vt 0.221629 0.302481
vt 0.219371 0.298630
vt 0.221629 0.307029
vt 0.312558 0.082777
vt 0.308979 0.081975
vt 0.308792 0.077979
vt 0.312317 0.077621
vt 0.308979 0.074499
vt 0.312558 0.073130
vt 0.310199 0.012016
vt 0.306538 0.010266
vt 0.306718 0.005525
vt 0.310430 0.005899
vt 0.316235 0.077781
vt 0.316422 0.074300
vt 0.313572 0.011636
vt 0.313752 0.006895
vt 0.310199 0.000485
vt 0.313572 0.002699
vt 0.306538 0.001330
vt 0.123841 0.283044
vt 0.119880 0.282113
vt 0.117495 0.278026
vt 0.117495 0.273362
vt 0.301736 0.330889
vt 0.301559 0.334018
vt 0.296434 0.334018
vt 0.297764 0.330889
vt 0.126836 0.280428
vt 0.316422 0.081776
vt 0.301035 0.337784
vt 0.297063 0.337784
vt 0.214344 0.124529
vt 0.214302 0.119661
vt 0.218178 0.119896
vt 0.218232 0.126178
vt 0.233856 0.271532
vt 0.233856 0.267031
vt 0.236785 0.264504
vt 0.238157 0.271447
vt 0.213866 0.127108
vt 0.217614 0.129506
vt 0.120604 0.239035
vt 0.121741 0.235896
vt 0.125501 0.236332
vt 0.124620 0.238764
vt 0.221587 0.120677
vt 0.221629 0.125546
vt 0.213866 0.115274
vt 0.217614 0.114236
vt 0.221150 0.116291
vt 0.216030 0.238085
vt 0.216578 0.231050
vt 0.221629 0.232464
vt 0.219823 0.236716
vt 0.217682 0.225738
vt 0.220998 0.227930
vt 0.212084 0.231360
vt 0.213890 0.227108
vt 0.212714 0.235894
vt 0.221256 0.239888
vt 0.216362 0.241656
vt 0.212084 0.238827
vt 0.227423 0.298241
vt 0.227578 0.304328
vt 0.223925 0.304680
vt 0.223804 0.299964
vt 0.342363 0.026378
vt 0.343124 0.029778
vt 0.339598 0.030708
vt 0.338616 0.026320
vt 0.230854 0.298666
vt 0.230975 0.303383
vt 0.230854 0.307583
vt 0.227423 0.309746
vt 0.223804 0.308880
vt 0.240062 0.276368
vt 0.242991 0.269341
vt 0.242990 0.273841
vt 0.240659 0.265399
vt 0.236801 0.260916
vt 0.241800 0.262071
vt 0.236188 0.275474
vt 0.343124 0.022748
vt 0.339598 0.021637
vt 0.121741 0.244326
vt 0.125501 0.242864
vt 0.729276 0.662024
vt 0.726101 0.661601
vt 0.728619 0.648739
vt 0.731794 0.649162
vt 0.789001 0.057054
vt 0.793057 0.057026
vt 0.793057 0.069803
vt 0.789001 0.069831
vt 0.782275 0.095680
vt 0.778528 0.095182
vt 0.715022 0.683578
vt 0.712515 0.682288
vt 0.762482 0.633851
vt 0.758439 0.633876
vt 0.758439 0.621008
vt 0.762482 0.620983
vt 0.771801 0.657742
vt 0.768092 0.658327
vt 0.787717 0.673824
vt 0.784326 0.675567
vt 0.435247 0.170624
vt 0.432259 0.172230
vt 0.423086 0.147399
vt 0.426202 0.146889
vt 0.755845 0.117490
vt 0.754322 0.114712
vt 0.770737 0.082128
vt 0.772822 0.084656
vt 0.418558 0.112702
vt 0.421860 0.113181
vt 0.776573 0.041106
vt 0.779706 0.042330
vt 0.423702 0.072505
vt 0.427366 0.074214
vt 0.785047 0.504430
vt 0.783073 0.506008
vt 0.767982 0.478435
vt 0.770418 0.476907
vt 0.761820 0.437756
vt 0.765077 0.437007
vt 0.428609 0.059687
vt 0.432088 0.061751
vt 0.767231 0.420535
vt 0.770375 0.420767
vt 0.431819 0.048281
vt 0.435247 0.050447
vt 0.772353 0.406190
vt 0.775523 0.406694
vt 0.422857 0.164390
vt 0.426320 0.162342
vt 0.429906 0.174086
vt 0.426496 0.176235
vt 0.417187 0.150575
vt 0.420839 0.148883
vt 0.773253 0.026249
vt 0.770306 0.025925
vt 0.764466 0.012120
vt 0.767421 0.012191
vt 0.412502 0.109119
vt 0.415829 0.108684
vt 0.754322 0.000769
vt 0.756953 0.000002
vt 0.297730 0.275033
vt 0.293599 0.274601
vt 0.293599 0.261416
vt 0.297676 0.261675
vt 0.027389 0.419226
vt 0.023132 0.418981
vt 0.024699 0.406435
vt 0.028895 0.406829
vt 0.029823 0.409460
vt 0.030309 0.405861
vt 0.032043 0.410770
vt 0.022480 0.405124
vt 0.025628 0.409065
vt 0.024214 0.410034
vt 0.782127 0.393360
vt 0.785047 0.394784
vt 0.345474 0.056075
vt 0.345664 0.048463
vt 0.352470 0.047195
vt 0.352470 0.054752
vt 0.348388 0.185520
vt 0.342831 0.186916
vt 0.342831 0.179099
vt 0.348465 0.178322
vt 0.121495 0.293725
vt 0.116274 0.291870
vt 0.116274 0.283917
vt 0.121495 0.285772
vt 0.174900 0.012016
vt 0.170079 0.009266
vt 0.170005 0.001266
vt 0.174900 0.003320
vt 0.024282 0.398888
vt 0.032043 0.399800
vt 0.417325 0.074579
vt 0.420473 0.075125
vt 0.764831 0.114820
vt 0.761425 0.113138
vt 0.426903 0.049837
vt 0.429906 0.051436
vt 0.322409 0.061363
vt 0.325184 0.061632
vt 0.339119 0.089836
vt 0.337245 0.090788
vt 0.322409 0.046311
vt 0.325184 0.046580
vt 0.325184 0.031529
vt 0.322409 0.031259
vt 0.762482 0.608114
vt 0.758439 0.608139
vt 0.768092 0.583257
vt 0.771801 0.583767
vt 0.337245 0.000411
vt 0.339119 0.002030
vt 0.789001 0.044278
vt 0.778528 0.019552
vt 0.782275 0.018963
vt 0.793057 0.044249
vt 0.761425 0.002845
vt 0.764831 0.001110
vt 0.411658 0.291318
vt 0.418139 0.318267
vt 0.415188 0.318838
vt 0.408672 0.293044
vt 0.731138 0.635876
vt 0.726993 0.608349
vt 0.729929 0.607442
vt 0.734312 0.636300
vt 0.712515 0.585466
vt 0.714681 0.583365
vt 0.216326 0.222055
vt 0.219912 0.186200
vt 0.222964 0.185687
vt 0.219176 0.222588
vt 0.421282 0.320654
vt 0.424566 0.357551
vt 0.421734 0.355543
vt 0.215831 0.144970
vt 0.219468 0.143185
vt 0.419975 0.400509
vt 0.417937 0.400030
vt 0.213113 0.131967
vt 0.216586 0.129806
vt 0.614152 0.902613
vt 0.612172 0.919607
vt 0.609580 0.918957
vt 0.611841 0.900993
vt 0.671562 0.527939
vt 0.671183 0.538034
vt 0.666823 0.537876
vt 0.667197 0.527769
vt 0.610689 0.934300
vt 0.607965 0.933898
vt 0.414077 0.414687
vt 0.412113 0.427236
vt 0.408672 0.424938
vt 0.410583 0.412498
vt 0.414265 0.398222
vt 0.597656 0.843836
vt 0.599466 0.860725
vt 0.597072 0.862072
vt 0.595390 0.845437
vt 0.595612 0.824414
vt 0.593601 0.827027
vt 0.418600 0.355061
vt 0.217000 0.188053
vt 0.213716 0.145289
vt 0.213113 0.224299
vt 0.784326 0.565085
vt 0.787717 0.566782
vt 0.596093 0.878182
vt 0.593601 0.878505
vt 0.272363 0.001279
vt 0.272310 0.014396
vt 0.268159 0.014686
vt 0.268159 0.001727
vt 0.671562 0.551375
vt 0.667255 0.551402
vt 0.249610 0.176264
vt 0.248382 0.173852
vt 0.253672 0.176396
vt 0.252444 0.177627
vt 0.253672 0.184246
vt 0.252444 0.181834
vt 0.248382 0.181701
vt 0.249610 0.180470
vt 0.614152 0.948699
vt 0.611299 0.949266
vt 0.338924 0.121758
vt 0.345794 0.123149
vt 0.345794 0.130841
vt 0.339105 0.129506
vt 0.204199 0.299376
vt 0.204272 0.306899
vt 0.198892 0.307076
vt 0.198892 0.298892
vt 0.302847 0.340454
vt 0.302847 0.332992
vt 0.308411 0.330942
vt 0.308411 0.338404
vt 0.097463 0.000053
vt 0.097463 0.009454
vt 0.092935 0.010681
vt 0.093004 0.002047
vt 0.352279 0.220693
vt 0.346008 0.221629
vt 0.346008 0.214098
vt 0.352470 0.213117
vt 0.699542 0.100461
vt 0.698015 0.115721
vt 0.680014 0.113823
vt 0.678633 0.099127
vt 0.706605 0.115955
vt 0.708096 0.100872
vt 0.593990 0.551664
vt 0.569682 0.551023
vt 0.560422 0.531057
vt 0.585306 0.528932
vt 0.594058 0.560582
vt 0.570283 0.560609
vt 0.715194 0.116188
vt 0.716649 0.101282
vt 0.594125 0.569500
vt 0.570883 0.570195
vt 0.708754 0.095805
vt 0.717729 0.096139
vt 0.699780 0.095472
vt 0.716649 0.091416
vt 0.708096 0.090992
vt 0.699542 0.090569
vt 0.715194 0.077016
vt 0.706605 0.076412
vt 0.698015 0.075808
vt 0.718477 0.044842
vt 0.727424 0.046919
vt 0.709530 0.042766
vt 0.635660 0.435667
vt 0.634399 0.409380
vt 0.645422 0.409458
vt 0.644969 0.434753
vt 0.626352 0.436582
vt 0.623377 0.409302
vt 0.627973 0.367080
vt 0.638795 0.366921
vt 0.617151 0.367239
vt 0.625945 0.324950
vt 0.638335 0.322295
vt 0.613555 0.327606
vt 0.623917 0.282821
vt 0.637982 0.288069
vt 0.610458 0.293465
vt 0.591353 0.368371
vt 0.590859 0.325368
vt 0.607431 0.324053
vt 0.601819 0.401415
vt 0.584821 0.394868
vt 0.575133 0.366387
vt 0.570327 0.304402
vt 0.586804 0.306353
vt 0.559101 0.363507
vt 0.558815 0.312486
vt 0.484688 0.072148
vt 0.507146 0.072248
vt 0.506969 0.104122
vt 0.480692 0.098154
vt 0.561266 0.389398
vt 0.507470 0.220294
vt 0.481207 0.214319
vt 0.529650 0.071931
vt 0.529652 0.103828
vt 0.529750 0.202314
vt 0.511670 0.202639
vt 0.552748 0.104122
vt 0.548116 0.202639
vt 0.575351 0.072148
vt 0.579439 0.098154
vt 0.552477 0.072248
vt 0.579196 0.214319
vt 0.552491 0.220294
vt 0.486915 0.493786
vt 0.489674 0.507935
vt 0.426959 0.511813
vt 0.435259 0.500307
vt 0.520193 0.514060
vt 0.513829 0.492766
vt 0.492425 0.522943
vt 0.429712 0.527084
vt 0.494211 0.548432
vt 0.449865 0.544973
vt 0.449405 0.528538
vt 0.528011 0.529456
vt 0.538866 0.549904
vt 0.552658 0.513783
vt 0.538654 0.498474
vt 0.575170 0.517042
vt 0.549107 0.014215
vt 0.577648 0.033751
vt 0.569134 0.048336
vt 0.549080 0.024594
vt 0.547816 0.053986
vt 0.538654 0.031291
vt 0.529736 0.054053
vt 0.530185 0.028118
vt 0.530609 0.012761
vt 0.535142 0.013623
vt 0.521654 0.031291
vt 0.526079 0.013623
vt 0.511937 0.053986
vt 0.511559 0.024594
vt 0.512379 0.014215
vt 0.491243 0.048336
vt 0.483775 0.033751
vt 0.587459 0.424900
vt 0.569446 0.411983
vt 0.680014 0.073910
vt 0.673170 0.072288
vt 0.681332 0.039122
vt 0.694476 0.040677
vt 0.605496 0.430206
vt 0.526604 0.001045
vt 0.512850 0.004177
vt 0.678633 0.089234
vt 0.531135 0.000182
vt 0.678198 0.094264
vt 0.535668 0.001045
vt 0.549417 0.004177
vt 0.540866 0.561172
vt 0.496163 0.559695
vt 0.542866 0.572441
vt 0.498114 0.570957
vt 0.409143 0.582882
vt 0.411628 0.567726
vt 0.414114 0.552570
vt 0.500512 0.585793
vt 0.440259 0.586172
vt 0.440076 0.568975
vt 0.544870 0.583920
vt 0.502910 0.600630
vt 0.440442 0.603370
vt 0.546874 0.595399
vt 0.388222 0.593154
vt 0.393737 0.573896
vt 0.396607 0.611482
vt 0.571485 0.579954
vt 0.572087 0.589713
vt 0.724938 0.116228
vt 0.736538 0.141387
vt 0.727424 0.142484
vt 0.734681 0.116267
vt 0.745652 0.140289
vt 0.724534 0.101660
vt 0.732419 0.102038
vt 0.725648 0.096513
vt 0.733568 0.096888
vt 0.724534 0.091806
vt 0.732419 0.092197
vt 0.724938 0.077425
vt 0.734681 0.077834
vt 0.736538 0.049004
vt 0.745651 0.051088
vt 0.656652 0.409512
vt 0.654447 0.433816
vt 0.667883 0.409566
vt 0.663926 0.432879
vt 0.653369 0.366916
vt 0.667942 0.366910
vt 0.640642 0.312656
vt 0.657121 0.310030
vt 0.673600 0.307403
vt 0.660873 0.253144
vt 0.678238 0.258630
vt 0.642400 0.260968
vt 0.678238 0.369306
vt 0.675389 0.406673
vt 0.763209 0.033825
vt 0.771696 0.036991
vt 0.753472 0.057995
vt 0.744618 0.077663
vt 0.742501 0.091997
vt 0.742939 0.096833
vt 0.742501 0.101838
vt 0.744618 0.116097
vt 0.753472 0.133430
vt 0.763209 0.153538
vt 0.771696 0.150793
vt 0.545464 0.603599
vt 0.508132 0.611482
vt 0.368186 0.039065
vt 0.367888 0.077386
vt 0.360101 0.074456
vt 0.361745 0.038334
vt 0.377041 0.039694
vt 0.377535 0.077058
vt 0.358739 0.018266
vt 0.365181 0.018997
vt 0.374035 0.019626
vt 0.355303 0.037603
vt 0.352297 0.017535
vt 0.352314 0.071527
vt 0.356431 0.135070
vt 0.347299 0.129943
vt 0.365563 0.140197
vt 0.353346 0.156990
vt 0.344418 0.154457
vt 0.362274 0.159524
vt 0.350686 0.177231
vt 0.342553 0.174240
vt 0.359813 0.173660
vt 0.376003 0.138914
vt 0.377078 0.193431
vt 0.367160 0.194005
vt 0.386444 0.137631
vt 0.386995 0.192857
vt 0.387183 0.076731
vt 0.377954 0.225276
vt 0.367707 0.221809
vt 0.387164 0.221858
vt 0.379124 0.255007
vt 0.367928 0.248900
vt 0.387183 0.247762
vt 0.385896 0.040323
vt 0.382890 0.020255
vt 0.375306 0.002210
vt 0.384161 0.002838
vt 0.366451 0.001581
vt 0.360010 0.000850
vt 0.353568 0.000119
vt 0.236731 0.040482
vt 0.243306 0.039289
vt 0.247529 0.076142
vt 0.239729 0.079681
vt 0.230405 0.080704
vt 0.228165 0.042291
vt 0.238458 0.019784
vt 0.245033 0.018591
vt 0.229892 0.021593
vt 0.251608 0.017399
vt 0.249881 0.038097
vt 0.255329 0.072602
vt 0.264639 0.132098
vt 0.255614 0.137985
vt 0.246589 0.143872
vt 0.267899 0.154481
vt 0.259886 0.159662
vt 0.251083 0.161884
vt 0.271028 0.176240
vt 0.264159 0.181338
vt 0.255578 0.179896
vt 0.246975 0.183665
vt 0.237399 0.184492
vt 0.236505 0.144109
vt 0.227824 0.185319
vt 0.226422 0.144346
vt 0.221080 0.081727
vt 0.219599 0.044099
vt 0.221325 0.023401
vt 0.219661 0.006627
vt 0.228227 0.004818
vt 0.236793 0.003009
vt 0.243368 0.001817
vt 0.249943 0.000624
vt 0.234766 0.225727
vt 0.225699 0.227144
vt 0.243834 0.224310
vt 0.224492 0.263017
vt 0.219599 0.252634
vt 0.235475 0.261379
vt 0.675704 0.944500
vt 0.663883 0.953440
vt 0.667078 0.937702
vt 0.669091 0.936835
vt 0.676736 0.944539
vt 0.682187 0.956316
vt 0.675863 0.967084
vt 0.663883 0.965642
vt 0.472630 0.389853
vt 0.460132 0.388181
vt 0.460935 0.374929
vt 0.462922 0.374764
vt 0.502163 0.321981
vt 0.504224 0.318603
vt 0.507728 0.337302
vt 0.502021 0.337784
vt 0.343761 0.110814
vt 0.339114 0.108907
vt 0.339114 0.092427
vt 0.343014 0.094289
vt 0.510013 0.337784
vt 0.506514 0.319085
vt 0.760986 0.942891
vt 0.760752 0.941164
vt 0.778070 0.942915
vt 0.778311 0.944691
vt 0.788177 0.928258
vt 0.788904 0.933010
vt 0.778888 0.947680
vt 0.762951 0.948089
vt 0.762025 0.950084
vt 0.757545 0.948441
vt 0.457944 0.230542
vt 0.455766 0.229922
vt 0.454986 0.223523
vt 0.457176 0.224146
vt 0.209174 0.269616
vt 0.212283 0.273381
vt 0.211621 0.284379
vt 0.209174 0.282600
vt 0.455909 0.242011
vt 0.453758 0.241399
vt 0.343145 0.088270
vt 0.344459 0.093101
vt 0.452489 0.229690
vt 0.447466 0.239974
vt 0.453770 0.243359
vt 0.447431 0.241209
vt 0.455856 0.243953
vt 0.455729 0.264716
vt 0.452653 0.260760
vt 0.457944 0.265346
vt 0.767111 0.957740
vt 0.769640 0.959387
vt 0.769645 0.960411
vt 0.766990 0.959340
vt 0.761728 0.976360
vt 0.757545 0.977801
vt 0.946333 0.108895
vt 0.949618 0.112617
vt 0.948131 0.115537
vt 0.944100 0.114809
vt 0.456490 0.269693
vt 0.454292 0.269067
vt 0.954606 0.131295
vt 0.951851 0.130864
vt 0.011112 0.349541
vt 0.013348 0.348340
vt 0.013351 0.368623
vt 0.011112 0.369826
vt 0.695594 0.937361
vt 0.700318 0.933630
vt 0.703605 0.938607
vt 0.697892 0.939704
vt 0.688395 0.956154
vt 0.700356 0.969011
vt 0.694118 0.968554
vt 0.180240 0.116155
vt 0.177705 0.116079
vt 0.177705 0.099620
vt 0.180060 0.099690
vt 0.697182 0.973353
vt 0.693434 0.970427
vt 0.699004 0.973537
vt 0.702193 0.969196
vt 0.948504 0.145740
vt 0.944100 0.146791
vt 0.948784 0.147621
vt 0.945672 0.150868
vt 0.123757 0.267023
vt 0.120736 0.265303
vt 0.117341 0.247970
vt 0.119753 0.247598
vt 0.121978 0.246675
vt 0.126002 0.266091
vt 0.018692 0.224573
vt 0.016354 0.225634
vt 0.015248 0.213266
vt 0.018692 0.210004
vt 0.674048 0.983979
vt 0.672302 0.983803
vt 0.680580 0.969107
vt 0.682387 0.969289
vt 0.669754 0.979861
vt 0.126836 0.262771
vt 0.126836 0.244029
vt 0.666242 0.983149
vt 0.667976 0.979531
vt 0.208640 0.298401
vt 0.210948 0.297883
vt 0.210948 0.305222
vt 0.208635 0.305741
vt 0.257970 0.043231
vt 0.254282 0.046729
vt 0.254282 0.031130
vt 0.259012 0.031090
vt 0.792188 0.944718
vt 0.791945 0.942922
vt 0.807504 0.942320
vt 0.807744 0.944086
vt 0.205557 0.304963
vt 0.205522 0.302806
vt 0.804429 0.949020
vt 0.790982 0.947687
vt 0.365305 0.459162
vt 0.362577 0.460614
vt 0.366123 0.444683
vt 0.369386 0.440872
vt 0.371650 0.440835
vt 0.367585 0.459125
vt 0.792050 0.928506
vt 0.790857 0.933572
vt 0.787936 0.926478
vt 0.791808 0.926723
vt 0.460132 0.370720
vt 0.464121 0.371065
vt 0.372497 0.460453
vt 0.372497 0.444579
vt 0.792020 0.959558
vt 0.781140 0.965818
vt 0.804699 0.950782
vt 0.794573 0.974240
vt 0.792695 0.974917
vt 0.763975 0.978638
vt 0.833111 0.176593
vt 0.833111 0.211840
vt 0.823249 0.207544
vt 0.822947 0.176926
vt 0.823869 0.146346
vt 0.832176 0.146734
vt 0.812782 0.177259
vt 0.815561 0.145958
vt 0.811518 0.202368
vt 0.820966 0.242134
vt 0.811577 0.235293
vt 0.827351 0.242991
vt 0.667557 0.805794
vt 0.657215 0.806408
vt 0.657215 0.771162
vt 0.667557 0.770547
vt 0.778371 0.632229
vt 0.768029 0.632844
vt 0.768029 0.597597
vt 0.778371 0.596982
vt 0.006676 0.614482
vt 0.005790 0.634019
vt 0.000912 0.635716
vt 0.001517 0.616613
vt 0.006676 0.657566
vt 0.001879 0.659546
vt 0.478912 0.442146
vt 0.483840 0.444208
vt 0.484646 0.464088
vt 0.479870 0.462405
vt 0.483477 0.488652
vt 0.478912 0.486745
vt 0.973950 0.560249
vt 0.981705 0.560727
vt 0.983203 0.583031
vt 0.975752 0.583445
vt 0.975680 0.554479
vt 0.983167 0.555104
vt 0.989461 0.561206
vt 0.990654 0.555728
vt 0.990654 0.582617
vt 0.753792 0.060269
vt 0.760074 0.061192
vt 0.760074 0.083190
vt 0.753792 0.082267
vt 0.766355 0.062115
vt 0.766355 0.084112
vt 0.167312 0.270921
vt 0.161169 0.273645
vt 0.161625 0.253919
vt 0.168224 0.254460
vt 0.155025 0.276368
vt 0.155025 0.253377
vt 0.624833 0.146095
vt 0.617873 0.148481
vt 0.618686 0.124029
vt 0.624833 0.123852
vt 0.610914 0.150868
vt 0.612539 0.124205
vt 0.919694 0.439904
vt 0.924466 0.440668
vt 0.923824 0.474759
vt 0.918409 0.471547
vt 0.929239 0.441431
vt 0.929239 0.477971
vt 0.976177 0.289999
vt 0.982069 0.290902
vt 0.983991 0.311723
vt 0.978099 0.310820
vt 0.987962 0.291806
vt 0.989319 0.312166
vt 0.981977 0.319092
vt 0.976177 0.316818
vt 0.173514 0.048788
vt 0.178463 0.051646
vt 0.178905 0.061415
vt 0.173514 0.059400
vt 0.019365 0.013590
vt 0.019365 0.006973
vt 0.023543 0.008768
vt 0.023054 0.014686
vt 0.019365 0.000356
vt 0.024032 0.002851
vt 0.581656 0.457108
vt 0.565865 0.439619
vt 0.565496 0.428061
vt 0.580799 0.448608
vt 0.581594 0.465351
vt 0.566932 0.459455
vt 0.890659 0.389431
vt 0.897370 0.392631
vt 0.898077 0.401857
vt 0.891506 0.397714
vt 0.891356 0.380629
vt 0.900121 0.385243
vt 0.912404 0.394525
vt 0.914263 0.384920
vt 0.913025 0.404153
vt 0.914358 0.427471
vt 0.897231 0.426067
vt 0.890659 0.421923
vt 0.911650 0.448598
vt 0.897418 0.446727
vt 0.582294 0.489251
vt 0.587450 0.491464
vt 0.581472 0.514019
vt 0.576316 0.511806
vt 0.567632 0.483355
vt 0.565496 0.507377
vt 0.858924 0.511534
vt 0.873164 0.511983
vt 0.872641 0.535380
vt 0.858401 0.534931
vt 0.858659 0.487365
vt 0.872899 0.487814
vt 0.873052 0.467591
vt 0.859694 0.466600
vt 0.848841 0.494649
vt 0.849876 0.473885
vt 0.849105 0.518819
vt 0.641060 0.574213
vt 0.621786 0.580266
vt 0.612675 0.570710
vt 0.631948 0.564656
vt 0.599471 0.589377
vt 0.590359 0.579821
vt 0.606494 0.595731
vt 0.585249 0.607477
vt 0.577921 0.601227
vt 0.571739 0.594607
vt 0.920382 0.427097
vt 0.917432 0.447837
vt 0.921228 0.402888
vt 0.920601 0.382052
vt 0.643236 0.560258
vt 0.654726 0.569763
vt 0.619158 0.561956
vt 0.628081 0.557856
vt 0.650295 0.551627
vt 0.662876 0.561959
vt 0.628640 0.548654
vt 0.665596 0.551587
vt 0.666282 0.557532
vt 0.626647 0.531376
vt 0.648276 0.532631
vt 0.663577 0.532591
vt 0.646337 0.513802
vt 0.661638 0.513763
vt 0.647712 0.494954
vt 0.663013 0.494914
vt 0.649165 0.476255
vt 0.664466 0.476215
vt 0.626134 0.497133
vt 0.627614 0.480151
vt 0.624734 0.514264
vt 0.594824 0.501055
vt 0.596303 0.484073
vt 0.593372 0.514751
vt 0.595234 0.528428
vt 0.597227 0.545706
vt 0.597652 0.552658
vt 0.296716 0.913332
vt 0.310187 0.915904
vt 0.309480 0.941323
vt 0.295246 0.943925
vt 0.319188 0.912842
vt 0.319740 0.940078
vt 0.332190 0.907059
vt 0.326789 0.935112
vt 0.343124 0.906131
vt 0.343124 0.932956
vt 0.706275 0.906382
vt 0.679818 0.911462
vt 0.678044 0.894118
vt 0.704721 0.892197
vt 0.676173 0.872644
vt 0.702899 0.872627
vt 0.660250 0.892972
vt 0.658406 0.872873
vt 0.662433 0.913218
vt 0.875834 0.294086
vt 0.873705 0.313533
vt 0.857866 0.314048
vt 0.859996 0.294529
vt 0.852291 0.339119
vt 0.866580 0.332745
vt 0.322617 0.878135
vt 0.334721 0.887233
vt 0.318297 0.887323
vt 0.415220 0.190610
vt 0.413005 0.208176
vt 0.405055 0.208278
vt 0.405055 0.187707
vt 0.663966 0.574810
vt 0.670227 0.567664
vt 0.858631 0.449537
vt 0.873164 0.455887
vt 0.848479 0.459291
vt 0.857866 0.274438
vt 0.873705 0.274068
vt 0.852291 0.247918
vt 0.866580 0.253796
vt 0.206786 0.604890
vt 0.196604 0.604889
vt 0.205362 0.585754
vt 0.217082 0.575828
vt 0.219268 0.610296
vt 0.220022 0.583505
vt 0.511348 0.314853
vt 0.500132 0.317757
vt 0.501336 0.298618
vt 0.509796 0.298618
vt 0.679818 0.834358
vt 0.678044 0.851343
vt 0.660250 0.852925
vt 0.662433 0.833106
vt 0.706275 0.839298
vt 0.704721 0.853190
vt 0.211858 0.633719
vt 0.196604 0.632855
vt 0.218708 0.637413
vt 0.228790 0.614290
vt 0.229393 0.639405
vt 0.656596 0.212190
vt 0.655885 0.220741
vt 0.640998 0.241656
vt 0.641198 0.230053
vt 0.451846 0.619102
vt 0.449174 0.611828
vt 0.458697 0.606865
vt 0.459279 0.615369
vt 0.242893 0.612604
vt 0.244326 0.643525
vt 0.436356 0.620521
vt 0.434486 0.611390
vt 0.451101 0.627766
vt 0.435723 0.629527
vt 0.458396 0.623138
vt 0.451802 0.650789
vt 0.434253 0.651535
vt 0.459097 0.646161
vt 0.408142 0.989504
vt 0.410994 0.969758
vt 0.426331 0.971873
vt 0.426047 0.991989
vt 0.656783 0.179940
vt 0.648364 0.159353
vt 0.653798 0.157173
vt 0.662216 0.177760
vt 0.642306 0.186138
vt 0.640998 0.164084
vt 0.880408 0.593186
vt 0.880737 0.613738
vt 0.866569 0.615487
vt 0.866241 0.594935
vt 0.641977 0.210136
vt 0.656454 0.203938
vt 0.880706 0.569961
vt 0.866539 0.571710
vt 0.866348 0.552193
vt 0.879477 0.549730
vt 0.890520 0.558020
vt 0.891749 0.578251
vt 0.891451 0.601476
vt 0.639266 0.454499
vt 0.630443 0.464173
vt 0.610995 0.458566
vt 0.619818 0.448892
vt 0.588415 0.450077
vt 0.597239 0.440403
vt 0.576580 0.431154
vt 0.583943 0.425196
vt 0.604079 0.434540
vt 0.571739 0.434701
vt 0.432577 0.967341
vt 0.432577 0.987415
vt 0.428682 0.649954
vt 0.427982 0.626931
vt 0.428941 0.606865
vt 0.653059 0.458493
vt 0.641856 0.468219
vt 0.626786 0.471463
vt 0.617746 0.467710
vt 0.661440 0.466070
vt 0.662155 0.453896
vt 0.668627 0.460845
vt 0.880514 0.533174
vt 0.891856 0.543753
vt 0.664976 0.470389
vt 0.866241 0.540948
vt 0.597465 0.477228
vt 0.181959 0.733381
vt 0.182978 0.723879
vt 0.190178 0.719708
vt 0.187809 0.735202
vt 0.183175 0.744798
vt 0.182383 0.744603
vt 0.174821 0.730942
vt 0.175222 0.729060
vt 0.191710 0.735853
vt 0.183966 0.744993
vt 0.194921 0.727215
vt 0.202937 0.736350
vt 0.201965 0.737420
vt 0.201785 0.714815
vt 0.202937 0.715403
vt 0.185787 0.712668
vt 0.187210 0.712918
vt 0.699555 0.230107
vt 0.699561 0.240557
vt 0.676728 0.241978
vt 0.675706 0.230851
vt 0.709729 0.225897
vt 0.713604 0.235585
vt 0.697724 0.220579
vt 0.707172 0.216071
vt 0.673749 0.220599
vt 0.695213 0.210604
vt 0.704641 0.208025
vt 0.673974 0.210584
vt 0.674350 0.200320
vt 0.693952 0.200156
vt 0.703934 0.199722
vt 0.704641 0.191536
vt 0.695213 0.189920
vt 0.707172 0.183072
vt 0.697724 0.179192
vt 0.673974 0.190082
vt 0.673749 0.179575
vt 0.662727 0.188617
vt 0.663723 0.178240
vt 0.662260 0.199293
vt 0.662727 0.209536
vt 0.715621 0.354417
vt 0.713561 0.364414
vt 0.690169 0.360934
vt 0.689576 0.354008
vt 0.690169 0.347032
vt 0.713561 0.344388
vt 0.689068 0.340066
vt 0.710055 0.334778
vt 0.687525 0.329896
vt 0.707070 0.326390
vt 0.675706 0.168524
vt 0.664411 0.169189
vt 0.685827 0.317467
vt 0.703305 0.314508
vt 0.665455 0.156414
vt 0.676728 0.156980
vt 0.699555 0.168916
vt 0.699561 0.157695
vt 0.713604 0.161672
vt 0.709729 0.172720
vt 0.700741 0.145142
vt 0.715621 0.147969
vt 0.164852 0.288384
vt 0.164852 0.273900
vt 0.178429 0.275220
vt 0.178905 0.281990
vt 0.678799 0.144549
vt 0.684696 0.128831
vt 0.704657 0.133023
vt 0.112622 0.367156
vt 0.103139 0.367156
vt 0.100608 0.349475
vt 0.114820 0.345018
vt 0.667376 0.146367
vt 0.682118 0.308065
vt 0.676396 0.300387
vt 0.692128 0.293636
vt 0.700030 0.305183
vt 0.710055 0.373985
vt 0.689068 0.367889
vt 0.707070 0.382327
vt 0.687525 0.378112
vt 0.663723 0.219194
vt 0.664411 0.227620
vt 0.703305 0.394164
vt 0.685815 0.390827
vt 0.665455 0.239621
vt 0.678799 0.253711
vt 0.667376 0.249090
vt 0.700030 0.403522
vt 0.682492 0.400318
vt 0.483139 0.019994
vt 0.477533 0.000542
vt 0.493992 0.004134
vt 0.493992 0.020027
vt 0.692128 0.415220
vt 0.676396 0.408200
vt 0.700741 0.252776
vt 0.704657 0.263297
vt 0.684696 0.267023
vt 0.258153 0.299423
vt 0.272363 0.305396
vt 0.271891 0.312093
vt 0.258153 0.313752
vt 0.715621 0.247947
vt 0.457442 0.651976
vt 0.456597 0.673764
vt 0.448967 0.673879
vt 0.449833 0.652169
vt 0.459564 0.654061
vt 0.458887 0.671934
vt 0.964740 0.717989
vt 0.975942 0.700370
vt 0.983041 0.699240
vt 0.971822 0.716859
vt 0.391444 0.610185
vt 0.404539 0.621437
vt 0.400736 0.623303
vt 0.390021 0.614104
vt 0.444606 0.673075
vt 0.445321 0.655040
vt 0.989319 0.701507
vt 0.979996 0.716133
vt 0.983057 0.738523
vt 0.989319 0.734116
vt 0.747049 0.850438
vt 0.749326 0.831416
vt 0.754339 0.836191
vt 0.752421 0.852027
vt 0.739203 0.847997
vt 0.741492 0.828955
vt 0.975983 0.739653
vt 0.404539 0.646640
vt 0.388407 0.648865
vt 0.387485 0.645759
vt 0.400717 0.643866
vt 0.009375 0.687882
vt 0.006063 0.672722
vt 0.053828 0.668405
vt 0.058207 0.688919
vt 0.691761 0.703341
vt 0.673261 0.712951
vt 0.665064 0.667180
vt 0.689746 0.653966
vt 0.706830 0.712951
vt 0.710445 0.667044
vt 0.686935 0.592048
vt 0.710559 0.606962
vt 0.664498 0.618777
vt 0.502237 0.675243
vt 0.503220 0.650893
vt 0.562212 0.648363
vt 0.560934 0.675567
vt 0.491990 0.633507
vt 0.497535 0.618762
vt 0.538858 0.612165
vt 0.531307 0.632403
vt 0.596650 0.607310
vt 0.588046 0.630405
vt 0.045939 0.654126
vt 0.108292 0.649502
vt 0.113194 0.663041
vt 0.000359 0.662150
vt 0.499708 0.648865
vt 0.487792 0.634047
vt 0.501739 0.645623
vt 0.494568 0.616017
vt 0.480305 0.633521
vt 0.487078 0.615492
vt 0.741549 0.862688
vt 0.749381 0.865153
vt 0.122830 0.113195
vt 0.122830 0.132176
vt 0.118642 0.131834
vt 0.118625 0.116069
vt 0.754339 0.864271
vt 0.112298 0.682497
vt 0.598235 0.646645
vt 0.613524 0.628651
vt 0.629640 0.648865
vt 0.145829 0.664619
vt 0.150868 0.688919
vt 0.657823 0.579982
vt 0.686521 0.563787
vt 0.563418 0.264935
vt 0.542531 0.269693
vt 0.540634 0.264516
vt 0.556361 0.260934
vt 0.563418 0.232401
vt 0.556361 0.236438
vt 0.723631 0.953406
vt 0.723620 0.972425
vt 0.719104 0.970599
vt 0.719115 0.951580
vt 0.967496 0.411694
vt 0.978638 0.431744
vt 0.974210 0.432380
vt 0.963069 0.412330
vt 0.717087 0.972208
vt 0.717099 0.950584
vt 0.972485 0.435090
vt 0.959817 0.412294
vt 0.709978 0.973262
vt 0.712690 0.947981
vt 0.968071 0.438420
vt 0.953828 0.412790
vt 0.700679 0.965609
vt 0.700691 0.944639
vt 0.953526 0.440587
vt 0.940080 0.416391
vt 0.968071 0.390554
vt 0.940135 0.414751
vt 0.954378 0.392515
vt 0.972485 0.392517
vt 0.974596 0.180240
vt 0.974596 0.152566
vt 0.989319 0.151135
vt 0.989319 0.178809
vt 0.329537 0.567290
vt 0.319998 0.545848
vt 0.323053 0.543117
vt 0.333778 0.567225
vt 0.326223 0.566752
vt 0.317833 0.547893
vt 0.974210 0.394935
vt 0.592714 0.672033
vt 0.593736 0.650275
vt 0.598131 0.649262
vt 0.597109 0.671020
vt 0.978638 0.394299
vt 0.587182 0.675567
vt 0.588539 0.646670
vt 0.545868 0.216699
vt 0.543147 0.224614
vt 0.711615 0.579629
vt 0.622664 0.604120
vt 0.629442 0.609821
vt 0.622561 0.628292
vt 0.634695 0.643513
vt 0.634266 0.610068
vt 0.627385 0.628538
vt 0.639519 0.643759
vt 0.317833 0.583618
vt 0.319998 0.586466
vt 0.723631 0.984961
vt 0.722234 0.988538
vt 0.323053 0.588785
vt 0.718464 0.990654
vt 0.976022 0.347129
vt 0.976022 0.321444
vt 0.987984 0.318157
vt 0.987984 0.343842
vt 0.742731 0.170488
vt 0.742731 0.142746
vt 0.756309 0.150467
vt 0.757009 0.174900
vt 0.022906 0.643450
vt 0.015285 0.643204
vt 0.014535 0.621594
vt 0.022177 0.621763
vt 0.024389 0.623706
vt 0.024970 0.641497
vt 0.596796 0.281838
vt 0.590190 0.281399
vt 0.577588 0.262885
vt 0.584220 0.263332
vt 0.443750 0.921228
vt 0.440886 0.917609
vt 0.444857 0.904308
vt 0.448598 0.904963
vt 0.010706 0.640422
vt 0.010088 0.622471
vt 0.581682 0.280733
vt 0.571203 0.265359
vt 0.577561 0.302635
vt 0.571203 0.298362
vt 0.047002 0.818071
vt 0.052528 0.816407
vt 0.054740 0.832207
vt 0.049630 0.837051
vt 0.039143 0.820787
vt 0.041784 0.839786
vt 0.584154 0.303071
vt 0.111770 0.041389
vt 0.110409 0.037523
vt 0.118212 0.028481
vt 0.121275 0.030286
vt 0.440886 0.883475
vt 0.443741 0.879420
vt 0.360008 0.459279
vt 0.312377 0.459279
vt 0.317213 0.439632
vt 0.363670 0.444786
vt 0.419010 0.673426
vt 0.372319 0.674865
vt 0.387225 0.651031
vt 0.429906 0.655584
vt 0.429525 0.689216
vt 0.386569 0.696496
vt 0.330720 0.701671
vt 0.314477 0.676990
vt 0.942587 0.359146
vt 0.942814 0.309717
vt 0.973298 0.307754
vt 0.973298 0.355883
vt 0.068090 0.620344
vt 0.127121 0.620103
vt 0.128256 0.647180
vt 0.068944 0.644581
vt 0.622879 0.268358
vt 0.617095 0.228794
vt 0.637938 0.221024
vt 0.638184 0.262825
vt 0.613769 0.177870
vt 0.637519 0.168966
vt 0.681625 0.734965
vt 0.693663 0.783660
vt 0.672333 0.778975
vt 0.658832 0.727507
vt 0.325719 0.426783
vt 0.369826 0.435258
vt 0.121675 0.013296
vt 0.125501 0.011722
vt 0.110409 0.004243
vt 0.111730 0.000648
vt 0.403204 0.210948
vt 0.397311 0.209651
vt 0.397305 0.189915
vt 0.403204 0.191208
vt 0.041846 0.806451
vt 0.049689 0.803712
vt 0.392525 0.206879
vt 0.392536 0.190487
vt 0.054740 0.804458
vt 0.260029 0.452345
vt 0.259683 0.433591
vt 0.705178 0.811404
vt 0.677580 0.802429
vt 0.222296 0.457809
vt 0.227847 0.434477
vt 0.287941 0.678723
vt 0.306149 0.651031
vt 0.343333 0.655477
vt 0.718291 0.827494
vt 0.711729 0.830441
vt 0.701856 0.818326
vt 0.388518 0.615322
vt 0.381260 0.613586
vt 0.376906 0.589922
vt 0.382736 0.583894
vt 0.316422 0.578280
vt 0.311963 0.580232
vt 0.311591 0.561392
vt 0.316050 0.559440
vt 0.957963 0.753803
vt 0.962223 0.754148
vt 0.949888 0.773652
vt 0.945628 0.773308
vt 0.309858 0.581161
vt 0.309434 0.559741
vt 0.965603 0.754105
vt 0.951578 0.776281
vt 0.305395 0.583752
vt 0.302065 0.558641
vt 0.971717 0.754497
vt 0.955948 0.779429
vt 0.293526 0.587450
vt 0.293116 0.566677
vt 0.985314 0.757503
vt 0.970427 0.781041
vt 0.955948 0.731437
vt 0.969149 0.732520
vt 0.984917 0.755579
vt 0.951578 0.733595
vt 0.344085 0.964011
vt 0.359145 0.965371
vt 0.359145 0.993324
vt 0.344085 0.991964
vt 0.340618 0.965337
vt 0.340618 0.990200
vt 0.122500 0.972269
vt 0.125706 0.972048
vt 0.116983 0.991989
vt 0.114828 0.989808
vt 0.949888 0.736109
vt 0.158917 0.623875
vt 0.163312 0.624918
vt 0.164219 0.646575
vt 0.159824 0.645532
vt 0.945628 0.735764
vt 0.153542 0.620103
vt 0.154748 0.648865
vt 0.382736 0.636849
vt 0.376906 0.629795
vt 0.305194 0.704940
vt 0.681076 0.811568
vt 0.666799 0.826059
vt 0.658619 0.821675
vt 0.612957 0.154648
vt 0.638184 0.145189
vt 0.682876 0.815949
vt 0.668599 0.830441
vt 0.703656 0.822707
vt 0.114828 0.954354
vt 0.116983 0.951679
vt 0.314927 0.544095
vt 0.316422 0.547631
vt 0.120408 0.949258
vt 0.130215 0.972160
vt 0.311095 0.542077
vt 0.131715 0.945717
vt 0.141522 0.968619
vt 0.559412 0.753502
vt 0.545686 0.757009
vt 0.546586 0.731024
vt 0.559412 0.724740
vt 0.793019 0.204174
vt 0.788067 0.188604
vt 0.804187 0.186954
vt 0.809079 0.208857
vt 0.618224 0.889011
vt 0.644902 0.869912
vt 0.657169 0.882899
vt 0.625903 0.899867
vt 0.788245 0.248008
vt 0.809079 0.258280
vt 0.803856 0.277589
vt 0.778237 0.265272
vt 0.794387 0.294421
vt 0.770000 0.273870
vt 0.775752 0.297730
vt 0.757182 0.281348
vt 0.399204 0.956902
vt 0.407210 0.987984
vt 0.384065 0.987984
vt 0.384887 0.964382
vt 0.660400 0.435242
vt 0.706060 0.424337
vt 0.716764 0.433801
vt 0.670160 0.452445
vt 0.726227 0.387858
vt 0.739653 0.406013
vt 0.647537 0.157543
vt 0.622517 0.117191
vt 0.644747 0.114669
vt 0.665500 0.145647
vt 0.607573 0.079080
vt 0.622322 0.079342
vt 0.622517 0.040777
vt 0.644747 0.043681
vt 0.660832 0.055496
vt 0.642962 0.079504
vt 0.660832 0.103390
vt 0.675357 0.058614
vt 0.668911 0.079732
vt 0.675357 0.100938
vt 0.267587 0.951185
vt 0.267250 0.926348
vt 0.278792 0.921913
vt 0.282836 0.941493
vt 0.678238 0.122923
vt 0.301736 0.978638
vt 0.259838 0.978638
vt 0.296002 0.959765
vt 0.297885 0.946924
vt 0.696942 0.457652
vt 0.730045 0.448612
vt 0.739653 0.466587
vt 0.717972 0.472510
vt 0.717035 0.480713
vt 0.694161 0.479742
vt 0.709587 0.499190
vt 0.686898 0.498429
vt 0.698480 0.519359
vt 0.675606 0.518388
vt 0.767843 0.247086
vt 0.747533 0.247933
vt 0.752626 0.240923
vt 0.776198 0.235585
vt 0.748860 0.224449
vt 0.768845 0.207582
vt 0.598893 0.836082
vt 0.609555 0.837827
vt 0.615497 0.867361
vt 0.603941 0.865321
vt 0.627564 0.825747
vt 0.634400 0.855576
vt 0.636746 0.818365
vt 0.643486 0.840232
vt 0.907738 0.829564
vt 0.908552 0.800633
vt 0.922145 0.808170
vt 0.922843 0.830441
vt 0.901277 0.782258
vt 0.922404 0.786086
vt 0.658211 0.856123
vt 0.896870 0.763990
vt 0.922541 0.767575
vt 0.940301 0.782257
vt 0.945260 0.763990
vt 0.951936 0.594667
vt 0.948674 0.607830
vt 0.916529 0.608812
vt 0.921896 0.591361
vt 0.752523 0.580054
vt 0.769139 0.578174
vt 0.757866 0.600801
vt 0.742572 0.596278
vt 0.754738 0.537108
vt 0.777036 0.530570
vt 0.739782 0.547949
vt 0.726811 0.574693
vt 0.721639 0.588936
vt 0.715577 0.540348
vt 0.708463 0.556203
vt 0.704283 0.568754
vt 0.936512 0.545322
vt 0.945799 0.574431
vt 0.925512 0.573658
vt 0.916529 0.543796
vt 0.733336 0.535526
vt 0.711648 0.532777
vt 0.723848 0.516590
vt 0.704283 0.512205
vt 0.701670 0.930542
vt 0.683941 0.940501
vt 0.681812 0.919112
vt 0.699730 0.909309
vt 0.723619 0.924739
vt 0.708546 0.907725
vt 0.712682 0.885978
vt 0.730307 0.891809
vt 0.041580 0.859934
vt 0.056552 0.860672
vt 0.058745 0.874139
vt 0.046281 0.886063
vt 0.589108 0.303138
vt 0.598601 0.279956
vt 0.606142 0.290994
vt 0.606142 0.320427
vt 0.021936 0.851848
vt 0.017236 0.889185
vt 0.665500 0.012556
vt 0.678238 0.036019
vt 0.003021 0.842157
vt 0.003021 0.885815
vt 0.647537 0.000274
vt 0.010354 0.800149
vt 0.028953 0.803144
vt 0.792685 0.567423
vt 0.778402 0.559880
vt 0.777037 0.535805
vt 0.799733 0.535805
vt 0.743400 0.507185
vt 0.733136 0.496926
vt 0.755748 0.482883
vt 0.771245 0.491014
vt 0.749440 0.517390
vt 0.776601 0.509817
vt 0.714396 0.502209
vt 0.730307 0.949266
vt 0.708602 0.944623
vt 0.038654 0.825096
vt 0.598893 0.894285
vt 0.663845 0.498540
vt 0.670469 0.487496
vt 0.677246 0.472580
vt 0.120903 0.738462
vt 0.134374 0.721136
vt 0.141846 0.740001
vt 0.127851 0.751076
vt 0.109579 0.720228
vt 0.127329 0.711349
vt 0.825913 0.816855
vt 0.813188 0.796730
vt 0.832694 0.791673
vt 0.845985 0.812520
vt 0.104375 0.742935
vt 0.100140 0.735247
vt 0.116539 0.778419
vt 0.098278 0.759097
vt 0.182685 0.887900
vt 0.188251 0.916579
vt 0.177117 0.925908
vt 0.172410 0.896104
vt 0.153985 0.924290
vt 0.150138 0.893359
vt 0.182757 0.943696
vt 0.149294 0.938749
vt 0.141000 0.784617
vt 0.133437 0.799965
vt 0.112664 0.792545
vt 0.179692 0.953271
vt 0.142277 0.953271
vt 0.157815 0.781973
vt 0.149414 0.803738
vt 0.164219 0.732348
vt 0.161800 0.712068
vt 0.154704 0.693775
vt 0.115618 0.702034
vt 0.136833 0.687741
vt 0.128171 0.802331
vt 0.121729 0.818425
vt 0.101967 0.818424
vt 0.101332 0.790837
vt 0.087202 0.766496
vt 0.104230 0.769572
vt 0.091695 0.819947
vt 0.073864 0.809381
vt 0.085653 0.859813
vt 0.073864 0.856809
vt 0.109523 0.828477
vt 0.113660 0.856746
vt 0.813188 0.867163
vt 0.836552 0.857491
vt 0.866681 0.861945
vt 0.858308 0.881175
vt 0.122665 0.828895
vt 0.125501 0.843857
vt 0.852997 0.837797
vt 0.873164 0.841003
vt 0.833663 0.835403
vt 0.853169 0.830346
vt 0.821042 0.846820
vt 0.098278 0.706868
vt 0.831650 0.533087
vt 0.851865 0.521246
vt 0.857143 0.531309
vt 0.841054 0.552330
vt 0.339688 0.811077
vt 0.353805 0.815143
vt 0.338353 0.830133
vt 0.313991 0.821341
vt 0.318164 0.850404
vt 0.334783 0.849896
vt 0.324683 0.874234
vt 0.335078 0.867072
vt 0.856920 0.388621
vt 0.854061 0.362172
vt 0.868999 0.370257
vt 0.870494 0.383939
vt 0.877679 0.888395
vt 0.871698 0.853464
vt 0.887146 0.845076
vt 0.890615 0.867678
vt 0.899378 0.870550
vt 0.898027 0.894405
vt 0.915888 0.880696
vt 0.913993 0.903931
vt 0.729189 0.373071
vt 0.709927 0.377917
vt 0.717338 0.357412
vt 0.738743 0.354199
vt 0.721199 0.349765
vt 0.745078 0.341653
vt 0.714049 0.333988
vt 0.732037 0.315035
vt 0.709927 0.321577
vt 0.726915 0.300940
vt 0.870395 0.622346
vt 0.887509 0.611195
vt 0.887836 0.640584
vt 0.870395 0.651698
vt 0.919893 0.985026
vt 0.905151 0.985314
vt 0.906546 0.963121
vt 0.919893 0.956102
vt 0.139131 0.916128
vt 0.137906 0.893383
vt 0.130520 0.935562
vt 0.896608 0.624728
vt 0.907877 0.642272
vt 0.897171 0.657470
vt 0.956522 0.263765
vt 0.974633 0.258930
vt 0.970990 0.282095
vt 0.952629 0.282186
vt 0.956522 0.302592
vt 0.974633 0.307076
vt 0.871802 0.675322
vt 0.907808 0.672785
vt 0.879688 0.688918
vt 0.757344 0.309059
vt 0.747656 0.293253
vt 0.762999 0.288678
vt 0.774010 0.310853
vt 0.759986 0.352282
vt 0.782376 0.358718
vt 0.781860 0.379311
vt 0.754554 0.371829
vt 0.776451 0.398030
vt 0.748476 0.382004
vt 0.760595 0.405874
vt 0.738085 0.392172
vt 0.255007 0.710563
vt 0.255007 0.745246
vt 0.234834 0.748999
vt 0.240497 0.720784
vt 0.845699 0.453939
vt 0.825948 0.416213
vt 0.840945 0.401701
vt 0.862137 0.446032
vt 0.339119 0.934667
vt 0.339119 0.982643
vt 0.318232 0.976683
vt 0.325319 0.937861
vt 0.277581 0.897196
vt 0.274750 0.851004
vt 0.296807 0.856369
vt 0.300172 0.892825
vt 0.279813 0.811077
vt 0.294781 0.814042
vt 0.820671 0.600765
vt 0.826406 0.573856
vt 0.853556 0.595370
vt 0.842488 0.615487
vt 0.857143 0.570633
vt 0.951712 0.843875
vt 0.971963 0.840356
vt 0.970467 0.876830
vt 0.951712 0.890521
vt 0.806536 0.552617
vt 0.825948 0.367170
vt 0.864525 0.422580
vt 0.892788 0.912193
vt 0.871698 0.915363
vt 0.906168 0.921228
vt 0.279930 0.334342
vt 0.280578 0.351588
vt 0.236901 0.351165
vt 0.236345 0.336015
vt 0.300362 0.340481
vt 0.300745 0.357506
vt 0.300231 0.383558
vt 0.280238 0.366495
vt 0.236625 0.364989
vt 0.193011 0.363483
vt 0.193224 0.350742
vt 0.192760 0.337687
vt 0.286291 0.137782
vt 0.304773 0.137878
vt 0.303772 0.181794
vt 0.287599 0.181701
vt 0.284983 0.093864
vt 0.305774 0.093962
vt 0.264353 0.091777
vt 0.269013 0.136001
vt 0.273673 0.180225
vt 0.437083 0.299958
vt 0.460614 0.300064
vt 0.459620 0.342789
vt 0.438145 0.342736
vt 0.458626 0.385514
vt 0.439206 0.385513
vt 0.427774 0.346823
vt 0.429910 0.388155
vt 0.425637 0.305491
vt 0.592678 0.210424
vt 0.580871 0.209786
vt 0.585195 0.167714
vt 0.596295 0.168343
vt 0.589062 0.252505
vt 0.576547 0.251857
vt 0.605670 0.210468
vt 0.608506 0.168412
vt 0.602835 0.252523
vt 0.231820 0.373584
vt 0.189783 0.371576
vt 0.612108 0.257837
vt 0.614152 0.214279
vt 0.614152 0.279039
vt 0.601528 0.268499
vt 0.588969 0.257949
vt 0.010189 0.597112
vt 0.025131 0.595608
vt 0.025166 0.609969
vt 0.020281 0.610252
vt 0.000111 0.583906
vt 0.018623 0.584967
vt 0.062550 0.584575
vt 0.067487 0.594293
vt 0.067552 0.607844
vt 0.109843 0.592978
vt 0.109938 0.605720
vt 0.106478 0.584182
vt 0.280578 0.415755
vt 0.236901 0.416293
vt 0.236625 0.402238
vt 0.280238 0.400571
vt 0.193224 0.416832
vt 0.193011 0.403905
vt 0.279930 0.432577
vt 0.236345 0.431044
vt 0.192760 0.429512
vt 0.325216 0.211213
vt 0.324495 0.166963
vt 0.339927 0.165343
vt 0.342840 0.209358
vt 0.325936 0.255463
vt 0.345753 0.253373
vt 0.303826 0.256193
vt 0.306603 0.211731
vt 0.309381 0.167269
vt 0.397618 0.299958
vt 0.397044 0.342736
vt 0.375731 0.342789
vt 0.374304 0.300064
vt 0.396471 0.385513
vt 0.377158 0.385514
vt 0.407943 0.346823
vt 0.406049 0.388155
vt 0.409837 0.305491
vt 0.109413 0.616537
vt 0.066963 0.619350
vt 0.024512 0.622163
vt 0.102337 0.408572
vt 0.093816 0.425901
vt 0.089123 0.424080
vt 0.090273 0.409662
vt 0.112150 0.392889
vt 0.084405 0.392889
vt 0.571475 0.262576
vt 0.417028 0.280878
vt 0.417568 0.295498
vt 0.454400 0.280088
vt 0.416993 0.258841
vt 0.447192 0.258049
vt 0.380079 0.280088
vt 0.387107 0.258049
vt 0.327590 0.275675
vt 0.329764 0.297703
vt 0.297578 0.299043
vt 0.298652 0.276782
vt 0.331932 0.318279
vt 0.311285 0.319395
vt 0.389422 0.237002
vt 0.417377 0.237691
vt 0.333890 0.343710
vt 0.317708 0.344459
vt 0.389643 0.212167
vt 0.417516 0.212710
vt 0.445656 0.237002
vt 0.445711 0.212167
vt 0.291052 0.027116
vt 0.271106 0.025683
vt 0.276551 0.000343
vt 0.292019 0.001570
vt 0.288443 0.049584
vt 0.257980 0.046870
vt 0.307076 0.049382
vt 0.304731 0.027413
vt 0.305663 0.001848
vt 0.323251 0.364398
vt 0.322757 0.348199
vt 0.343900 0.351422
vt 0.344482 0.366677
vt 0.369215 0.351432
vt 0.369826 0.366696
vt 0.344277 0.383587
vt 0.369738 0.383575
vt 0.369826 0.400249
vt 0.344482 0.400316
vt 0.369215 0.415013
vt 0.343900 0.415091
vt 0.323251 0.402729
vt 0.322814 0.383583
vt 0.322757 0.418536
vt 0.347096 0.295539
vt 0.345204 0.316993
vt 0.347129 0.342445
vt 0.347129 0.273432
vt 0.300745 0.409617
vt 0.300362 0.426385
vt 0.307076 0.072807
vt 0.286308 0.072901
vt 0.259085 0.070328
vt 0.147092 0.604907
vt 0.146578 0.615614
vt 0.404755 0.424352
vt 0.395895 0.423064
vt 0.184246 0.604093
vt 0.183743 0.614691
vt 0.403460 0.460549
vt 0.395319 0.460614
vt 0.378229 0.460571
vt 0.377693 0.423042
vt 0.308555 0.128555
vt 0.323084 0.128238
vt 0.307729 0.089841
vt 0.321673 0.089514
vt 0.337144 0.126772
vt 0.334362 0.088202
vt 0.154478 0.428879
vt 0.116197 0.428246
vt 0.116651 0.418262
vt 0.154938 0.417547
vt 0.154757 0.405194
vt 0.116502 0.406482
vt 0.145018 0.583906
vt 0.146989 0.592297
vt 0.116065 0.398364
vt 0.152924 0.396896
vt 0.184135 0.591615
vt 0.152924 0.370261
vt 0.154757 0.362333
vt 0.598490 0.131511
vt 0.610574 0.131587
vt 0.116065 0.368946
vt 0.116502 0.361184
vt 0.600686 0.094678
vt 0.612642 0.094761
vt 0.587503 0.130882
vt 0.589812 0.094050
vt 0.431318 0.424352
vt 0.439901 0.423064
vt 0.440595 0.460614
vt 0.432726 0.460549
vt 0.458255 0.423042
vt 0.457884 0.460571
vt 0.287855 0.220317
vt 0.274418 0.218947
vt 0.288111 0.258933
vt 0.275163 0.257669
vt 0.302583 0.220403
vt 0.301394 0.259012
vt 0.154478 0.338431
vt 0.154938 0.350134
vt 0.116651 0.349527
vt 0.116197 0.339175
vt 0.427696 0.440735
vt 0.419206 0.438043
vt 0.420585 0.429034
vt 0.426952 0.431052
vt 0.428571 0.453638
vt 0.425725 0.452564
vt 0.843515 0.204176
vt 0.840538 0.202642
vt 0.843802 0.192798
vt 0.846035 0.193948
vt 0.843537 0.221641
vt 0.840538 0.220441
vt 0.834979 0.221136
vt 0.833234 0.215843
vt 0.422205 0.388907
vt 0.428571 0.390925
vt 0.843719 0.154892
vt 0.845952 0.156043
vt 0.848267 0.195099
vt 0.848184 0.157193
vt 0.859605 0.195372
vt 0.859522 0.157467
vt 0.861613 0.206075
vt 0.846492 0.205710
vt 0.860134 0.222560
vt 0.850938 0.222203
vt 0.852717 0.228801
vt 0.843545 0.228628
vt 0.859543 0.229154
vt 0.865153 0.223184
vt 0.865153 0.230304
vt 0.865153 0.205384
vt 0.460080 0.469257
vt 0.460216 0.449361
vt 0.463355 0.449127
vt 0.463219 0.469023
vt 0.460026 0.477216
vt 0.463165 0.476981
vt 0.469908 0.467135
vt 0.470546 0.474900
vt 0.468313 0.447725
vt 0.476500 0.465286
vt 0.476445 0.473245
vt 0.476635 0.445390
vt 0.581558 0.045468
vt 0.587559 0.045895
vt 0.588279 0.064056
vt 0.581558 0.062816
vt 0.588566 0.071321
vt 0.581558 0.069754
vt 0.593560 0.063668
vt 0.593561 0.070607
vt 0.593561 0.046321
vt 0.603471 0.063174
vt 0.601771 0.068371
vt 0.185096 0.582437
vt 0.193591 0.585272
vt 0.193591 0.592645
vt 0.185096 0.589810
vt 0.017356 0.185929
vt 0.012408 0.192256
vt 0.012408 0.182341
vt 0.014490 0.180970
vt 0.428441 0.459279
vt 0.425595 0.458205
vt 0.190574 0.608812
vt 0.188371 0.608570
vt 0.594806 0.089721
vt 0.590985 0.090948
vt 0.840538 0.227561
vt 0.845188 0.243993
vt 0.839663 0.241827
vt 0.262769 0.032382
vt 0.260422 0.034713
vt 0.260422 0.028916
vt 0.264352 0.028429
vt 0.117612 0.138236
vt 0.128171 0.137707
vt 0.121518 0.156208
vt 0.117612 0.156041
vt 0.852897 0.246049
vt 0.849310 0.246141
vt 0.070671 0.394277
vt 0.081442 0.395042
vt 0.081442 0.415220
vt 0.077658 0.414952
vt 0.225634 0.281882
vt 0.222189 0.283044
vt 0.222519 0.279543
vt 0.225634 0.277947
vt 0.586186 0.092961
vt 0.582362 0.093458
vt 0.008540 0.396430
vt 0.024032 0.396430
vt 0.013550 0.416366
vt 0.010447 0.416555
vt 0.586620 0.038094
vt 0.591120 0.038414
vt 0.582120 0.037775
vt 0.586818 0.001125
vt 0.591318 0.001445
vt 0.582318 0.000805
vt 0.474020 0.435307
vt 0.467779 0.437057
vt 0.465674 0.393520
vt 0.471914 0.391770
vt 0.464062 0.438108
vt 0.461956 0.394572
vt 0.461708 0.438284
vt 0.459602 0.394747
vt 0.862260 0.194854
vt 0.862177 0.156949
vt 0.419911 0.621719
vt 0.425901 0.616833
vt 0.425901 0.641849
vt 0.423847 0.643525
vt 0.405187 0.444720
vt 0.420561 0.445581
vt 0.420561 0.464619
vt 0.415288 0.464324
vt 0.260610 0.094793
vt 0.260610 0.089775
vt 0.262787 0.090400
vt 0.263017 0.093611
vt 0.859710 0.246996
vt 0.857369 0.246875
vt 0.001119 0.482217
vt 0.010681 0.481660
vt 0.004398 0.500476
vt 0.001119 0.500668
vt 0.273466 0.303252
vt 0.283044 0.304268
vt 0.283044 0.317757
vt 0.278404 0.317265
vt 0.464698 0.490200
vt 0.461123 0.491208
vt 0.248429 0.169559
vt 0.248429 0.164942
vt 0.250933 0.165846
vt 0.251001 0.167251
vt 0.459602 0.491322
vt 0.864634 0.243065
vt 0.861915 0.242508
vt 0.368587 0.295508
vt 0.367293 0.305733
vt 0.360548 0.307475
vt 0.359593 0.297831
vt 0.367012 0.282730
vt 0.370072 0.281794
vt 0.886516 0.137688
vt 0.884121 0.127798
vt 0.886634 0.126554
vt 0.889867 0.136029
vt 0.889867 0.152529
vt 0.886576 0.153764
vt 0.897196 0.148920
vt 0.895453 0.153661
vt 0.366337 0.348058
vt 0.359593 0.349800
vt 0.369227 0.305442
vt 0.368271 0.347767
vt 0.371162 0.305151
vt 0.370206 0.347476
vt 0.869981 0.128628
vt 0.869750 0.093930
vt 0.881377 0.094344
vt 0.881608 0.129043
vt 0.867658 0.138795
vt 0.883164 0.139348
vt 0.878776 0.154139
vt 0.869448 0.153786
vt 0.886600 0.160194
vt 0.877020 0.160055
vt 0.870164 0.159783
vt 0.864486 0.160414
vt 0.864486 0.153814
vt 0.864486 0.137314
vt 0.738144 0.618331
vt 0.741349 0.618339
vt 0.742749 0.638256
vt 0.739545 0.638248
vt 0.737584 0.610364
vt 0.740788 0.610372
vt 0.748075 0.612157
vt 0.747974 0.619943
vt 0.747720 0.639407
vt 0.206254 0.939075
vt 0.205979 0.945281
vt 0.198404 0.941388
vt 0.197790 0.934726
vt 0.206943 0.923562
vt 0.196256 0.918070
vt 0.191279 0.937541
vt 0.190267 0.919790
vt 0.191685 0.944641
vt 0.186425 0.944827
vt 0.185811 0.938165
vt 0.184277 0.921509
vt 0.363222 0.425913
vt 0.369965 0.416546
vt 0.373832 0.418086
vt 0.373832 0.436582
vt 0.623058 0.676902
vt 0.623058 0.669470
vt 0.631509 0.666571
vt 0.631509 0.674004
vt 0.181575 0.218063
vt 0.178882 0.222964
vt 0.176643 0.221421
vt 0.176643 0.211651
vt 0.367317 0.276834
vt 0.370377 0.275898
vt 0.626313 0.650540
vt 0.628435 0.650245
vt 0.191342 0.964439
vt 0.187306 0.963986
vt 0.889867 0.159129
vt 0.179634 0.212844
vt 0.177115 0.198565
vt 0.182911 0.197767
vt 0.182911 0.213618
vt 0.191119 0.967469
vt 0.185182 0.965983
vt 0.170900 0.081138
vt 0.170900 0.063440
vt 0.174802 0.063233
vt 0.181575 0.081442
vt 0.209285 0.263017
vt 0.211166 0.246164
vt 0.214803 0.245544
vt 0.218959 0.263017
vt 0.270995 0.392523
vt 0.277945 0.371586
vt 0.281709 0.371233
vt 0.281709 0.391518
vt 0.196715 0.965779
vt 0.200880 0.965762
vt 0.199246 0.968500
vt 0.195580 0.969049
vt 0.032557 0.417891
vt 0.034548 0.397907
vt 0.037729 0.398038
vt 0.048064 0.417891
vt 0.162884 0.289720
vt 0.154366 0.286718
vt 0.154366 0.282059
vt 0.162884 0.283507
vt 0.154366 0.277401
vt 0.162884 0.277295
vt 0.973291 0.873164
vt 0.973291 0.837301
vt 0.977967 0.836400
vt 0.977967 0.872263
vt 0.982643 0.835498
vt 0.982643 0.871362
vt 0.753673 0.651861
vt 0.754330 0.695594
vt 0.748365 0.693962
vt 0.747709 0.650228
vt 0.744638 0.693099
vt 0.743982 0.649365
vt 0.755674 0.641584
vt 0.742235 0.693093
vt 0.741579 0.649359
vt 0.739753 0.693909
vt 0.739096 0.650176
vt 0.736234 0.639337
vt 0.206943 0.966567
vt 0.204345 0.965232
vt 0.052734 0.415220
vt 0.062824 0.395477
vt 0.068091 0.395120
vt 0.068091 0.414181
vt 0.206598 0.969058
vt 0.204214 0.969292
vt 0.872467 0.176235
vt 0.870116 0.176141
vt 0.105202 0.019539
vt 0.105202 0.001195
vt 0.108500 0.001362
vt 0.114820 0.020027
vt 0.234785 0.311081
vt 0.239704 0.296963
vt 0.244326 0.296421
vt 0.244326 0.309962
vt 0.737786 0.596288
vt 0.741316 0.597153
vt 0.026256 0.006854
vt 0.029372 0.009288
vt 0.029284 0.010419
vt 0.026256 0.010681
vt 0.736234 0.596284
vt 0.867720 0.172037
vt 0.864969 0.172343
vt 0.895334 0.032822
vt 0.910789 0.044669
vt 0.919166 0.070865
vt 0.888601 0.043089
vt 0.872927 0.021509
vt 0.873751 0.020067
vt 0.903917 0.020522
vt 0.906853 0.023281
vt 0.885065 0.050510
vt 0.872102 0.022951
vt 0.901105 0.079939
vt 0.876993 0.092123
vt 0.875786 0.089010
vt 0.924388 0.090336
vt 0.922673 0.092123
vt 0.942590 0.060772
vt 0.941582 0.067311
vt 0.867265 0.224067
vt 0.886335 0.222481
vt 0.886540 0.234090
vt 0.867471 0.235675
vt 0.889186 0.254228
vt 0.870015 0.257677
vt 0.867059 0.212459
vt 0.886129 0.210873
vt 0.868822 0.190380
vt 0.888057 0.190582
vt 0.869643 0.178296
vt 0.889186 0.180280
vt 0.838451 0.474261
vt 0.838451 0.510019
vt 0.825279 0.516689
vt 0.821288 0.482954
vt 0.889186 0.386635
vt 0.887501 0.406048
vt 0.872210 0.407635
vt 0.874499 0.391564
vt 0.886737 0.425725
vt 0.871510 0.424660
vt 0.887501 0.445707
vt 0.872210 0.442149
vt 0.889186 0.465955
vt 0.874499 0.458730
vt 0.271748 0.550117
vt 0.291234 0.556784
vt 0.292390 0.591455
vt 0.276824 0.586685
vt 0.292390 0.543716
vt 0.273045 0.539157
vt 0.733117 0.669482
vt 0.735620 0.673027
vt 0.735433 0.679871
vt 0.731468 0.671559
vt 0.729482 0.665563
vt 0.729691 0.665265
vt 0.735191 0.667020
vt 0.735647 0.667813
vt 0.730528 0.673125
vt 0.729273 0.665861
vt 0.731661 0.681098
vt 0.726847 0.682554
vt 0.726731 0.681763
vt 0.735647 0.688584
vt 0.735258 0.688919
vt 0.308765 0.019301
vt 0.312417 0.013502
vt 0.312417 0.021792
vt 0.311225 0.022697
vt 0.478879 0.438143
vt 0.472313 0.377205
vt 0.486962 0.374450
vt 0.492009 0.441598
vt 0.504124 0.373278
vt 0.507443 0.445041
vt 0.463044 0.303181
vt 0.480751 0.299932
vt 0.496965 0.297319
vt 0.221227 0.518384
vt 0.280466 0.518721
vt 0.282979 0.537467
vt 0.223210 0.535082
vt 0.352340 0.520991
vt 0.355302 0.541709
vt 0.215684 0.499357
vt 0.282560 0.498578
vt 0.354928 0.498639
vt 0.208278 0.571745
vt 0.138677 0.568197
vt 0.140237 0.543969
vt 0.204542 0.550138
vt 0.067020 0.560693
vt 0.070344 0.535893
vt 0.206787 0.582109
vt 0.136688 0.579815
vt 0.064250 0.572291
vt 0.464436 0.222403
vt 0.462433 0.150875
vt 0.477597 0.153000
vt 0.477971 0.224299
vt 0.459789 0.077847
vt 0.476584 0.080200
vt 0.448626 0.222264
vt 0.444796 0.151254
vt 0.440256 0.078267
vt 0.515894 0.373485
vt 0.518024 0.447263
vt 0.433667 0.153568
vt 0.428135 0.081309
vt 0.497909 0.225123
vt 0.518024 0.229564
vt 0.508244 0.296770
vt 0.437990 0.011750
vt 0.461059 0.021812
vt 0.476433 0.226101
vt 0.431043 0.855450
vt 0.440967 0.870903
vt 0.439027 0.882726
vt 0.427454 0.877318
vt 0.441586 0.896213
vt 0.432189 0.902263
vt 0.742216 0.014806
vt 0.747204 0.015126
vt 0.747663 0.026627
vt 0.742675 0.026307
vt 0.745226 0.037383
vt 0.740237 0.037063
vt 0.442737 0.004997
vt 0.442061 0.000109
vt 0.454133 0.001556
vt 0.454809 0.006444
vt 0.463677 0.001492
vt 0.464353 0.006380
vt 0.449100 0.921228
vt 0.450099 0.907670
vt 0.462467 0.905640
vt 0.470808 0.919699
vt 0.477971 0.014308
vt 0.470311 0.896940
vt 0.485317 0.903608
vt 0.001490 0.582110
vt 0.000384 0.563144
vt 0.474280 0.878543
vt 0.492657 0.869581
vt 0.001002 0.531163
vt 0.376008 0.615775
vt 0.371252 0.616029
vt 0.371746 0.598945
vt 0.376502 0.598691
vt 0.376502 0.625914
vt 0.371746 0.626168
vt 0.540156 0.229639
vt 0.535201 0.228925
vt 0.537102 0.215926
vt 0.542056 0.216641
vt 0.535201 0.203735
vt 0.540156 0.204450
vt 0.475059 0.846062
vt 0.465119 0.864966
vt 0.451570 0.864510
vt 0.449938 0.846062
vt 0.424139 0.522956
vt 0.420034 0.544726
vt 0.427236 0.498578
vt 0.458576 0.237527
vt 0.740237 0.004852
vt 0.745226 0.005172
vt 0.417388 0.004582
vt 0.432577 0.000142
vt 0.432084 0.015729
vt 0.418602 0.021242
vt 0.853173 0.793377
vt 0.858935 0.779921
vt 0.869493 0.791704
vt 0.861559 0.807762
vt 0.863949 0.770568
vt 0.876140 0.783178
vt 0.868614 0.762565
vt 0.883123 0.775479
vt 0.888607 0.794663
vt 0.882588 0.802751
vt 0.896241 0.787055
vt 0.905207 0.808544
vt 0.897939 0.820882
vt 0.905207 0.794726
vt 0.906314 0.477716
vt 0.916864 0.485963
vt 0.923094 0.499590
vt 0.905176 0.506284
vt 0.929239 0.509847
vt 0.911542 0.524697
vt 0.889155 0.507419
vt 0.891658 0.525849
vt 0.888993 0.481121
vt 0.878901 0.510796
vt 0.880882 0.525916
vt 0.878406 0.489063
vt 0.063240 0.953288
vt 0.076014 0.951721
vt 0.079009 0.963573
vt 0.065167 0.961926
vt 0.090568 0.950344
vt 0.098706 0.974633
vt 0.061101 0.938188
vt 0.074038 0.934928
vt 0.087859 0.932688
vt 0.069277 0.917153
vt 0.061101 0.916265
vt 0.078137 0.917910
vt 0.973337 0.049312
vt 0.950545 0.058745
vt 0.949229 0.046442
vt 0.974923 0.041117
vt 0.947611 0.029300
vt 0.975968 0.032767
vt 0.930311 0.046293
vt 0.927558 0.028695
vt 0.933989 0.055079
vt 0.910296 0.539386
vt 0.889600 0.536683
vt 0.876350 0.529164
vt 0.951282 0.000547
vt 0.933235 0.000547
vt 0.918848 0.023204
vt 0.921073 0.000956
vt 0.971889 0.010933
vt 0.432577 0.031642
vt 0.416587 0.033378
vt 0.667756 0.563418
vt 0.677578 0.550973
vt 0.697843 0.551921
vt 0.688132 0.561675
vt 0.106688 0.939626
vt 0.113485 0.953946
vt 0.610359 0.961239
vt 0.622739 0.962869
vt 0.625177 0.978148
vt 0.611630 0.976016
vt 0.625571 0.995995
vt 0.615763 0.994368
vt 0.112941 0.971929
vt 0.876350 0.473205
vt 0.885641 0.467838
vt 0.639519 0.976722
vt 0.638060 0.995617
vt 0.898972 0.464954
vt 0.867381 0.838145
vt 0.871161 0.824263
vt 0.891457 0.834679
vt 0.886969 0.843792
vt 0.905136 0.839608
vt 0.857074 0.826588
vt 0.861688 0.814331
vt 0.680491 0.536773
vt 0.667756 0.519172
vt 0.689922 0.523096
vt 0.699600 0.535538
vt 0.639519 0.962096
vt 0.701662 0.035935
vt 0.702907 0.019126
vt 0.716484 0.024333
vt 0.716956 0.040053
vt 0.863347 0.357030
vt 0.873017 0.343194
vt 0.882819 0.359560
vt 0.871303 0.370684
vt 0.875016 0.380281
vt 0.888853 0.368418
vt 0.878371 0.388518
vt 0.895427 0.376467
vt 0.896440 0.349320
vt 0.901727 0.357708
vt 0.909045 0.365702
vt 0.912040 0.332175
vt 0.918558 0.344856
vt 0.918259 0.358587
vt 0.895351 0.185956
vt 0.910168 0.208094
vt 0.892229 0.215511
vt 0.887877 0.201076
vt 0.915905 0.226752
vt 0.892128 0.228156
vt 0.922151 0.198141
vt 0.930261 0.214326
vt 0.910295 0.176631
vt 0.929350 0.194496
vt 0.937250 0.207321
vt 0.889450 0.751136
vt 0.892329 0.727553
vt 0.899660 0.732579
vt 0.897719 0.762326
vt 0.892933 0.707617
vt 0.899436 0.715040
vt 0.883547 0.717063
vt 0.873951 0.728255
vt 0.881396 0.695777
vt 0.871200 0.704383
vt 0.861245 0.714379
vt 0.860797 0.688976
vt 0.865422 0.681716
vt 0.855688 0.696722
vt 0.906709 0.925577
vt 0.908231 0.933482
vt 0.882776 0.927557
vt 0.884164 0.916001
vt 0.909212 0.941446
vt 0.881059 0.943824
vt 0.861170 0.944165
vt 0.864015 0.927456
vt 0.889932 0.690567
vt 0.904594 0.701958
vt 0.924101 0.237650
vt 0.936390 0.221838
vt 0.905207 0.714314
vt 0.884551 0.973298
vt 0.866659 0.973298
vt 0.854603 0.972881
vt 0.852518 0.950395
vt 0.905041 0.963018
vt 0.700842 0.007419
vt 0.716956 0.008712
vt 0.730106 0.437299
vt 0.750617 0.438786
vt 0.760503 0.448712
vt 0.740157 0.450085
vt 0.862975 0.749565
vt 0.855688 0.734558
vt 0.047133 1.000000
vt 0.048291 0.985196
vt 0.061651 0.983219
vt 0.059200 0.998504
vt 0.052742 0.966867
vt 0.062536 0.965358
vt 0.878722 0.761138
vt 0.880343 0.763685
vt 0.075172 0.965900
vt 0.076101 0.984833
vt 0.887877 0.172932
vt 0.899650 0.165916
vt 0.881613 0.313294
vt 0.900945 0.308799
vt 0.906597 0.318085
vt 0.886663 0.327275
vt 0.918558 0.313994
vt 0.870843 0.324199
vt 0.876725 0.336613
vt 0.743079 0.463918
vt 0.762350 0.465078
vt 0.752550 0.477119
vt 0.730106 0.480641
vt 0.076101 0.999494
vt 0.493102 0.476913
vt 0.496121 0.466934
vt 0.506949 0.457764
vt 0.498605 0.478703
vt 0.491294 0.491133
vt 0.490539 0.490945
vt 0.486436 0.474499
vt 0.487234 0.472520
vt 0.502391 0.479307
vt 0.492050 0.491322
vt 0.513529 0.465628
vt 0.522029 0.476410
vt 0.520827 0.477552
vt 0.520994 0.446725
vt 0.522029 0.447318
vt 0.500387 0.446852
vt 0.503429 0.446275
vt 0.949956 0.385161
vt 0.952004 0.375983
vt 0.961331 0.367810
vt 0.954277 0.386450
vt 0.948396 0.397738
vt 0.947804 0.397613
vt 0.944715 0.383378
vt 0.945276 0.381545
vt 0.957231 0.386772
vt 0.948987 0.397864
vt 0.966693 0.374531
vt 0.973298 0.383565
vt 0.972399 0.384666
vt 0.972477 0.357380
vt 0.973298 0.357854
vt 0.957483 0.359315
vt 0.959904 0.358664
vt 0.917657 0.327776
vt 0.924325 0.309091
vt 0.942590 0.306765
vt 0.934875 0.325776
vt 0.447812 0.894526
vt 0.448077 0.872510
vt 0.464619 0.869656
vt 0.464619 0.892278
vt 0.922478 0.349970
vt 0.940608 0.348067
vt 0.924357 0.372497
vt 0.942590 0.370877
vt 0.965941 0.461597
vt 0.966622 0.492657
vt 0.949505 0.492107
vt 0.949181 0.460122
vt 0.966622 0.444276
vt 0.950369 0.441866
vt 0.938585 0.894089
vt 0.930004 0.911882
vt 0.912442 0.909711
vt 0.922402 0.891959
vt 0.930341 0.870833
vt 0.912714 0.868170
vt 0.930657 0.848642
vt 0.912442 0.845743
vt 0.926569 0.707244
vt 0.909457 0.704730
vt 0.899399 0.686361
vt 0.917552 0.689233
vt 0.503859 0.855008
vt 0.520694 0.857251
vt 0.520694 0.879840
vt 0.504126 0.876986
vt 0.922788 0.729012
vt 0.904728 0.726587
vt 0.917527 0.753004
vt 0.899399 0.750846
vt 0.964552 0.688867
vt 0.947799 0.690266
vt 0.948178 0.658673
vt 0.965287 0.658194
vt 0.965287 0.706608
vt 0.949041 0.708945
vt 0.904985 0.660047
vt 0.920986 0.657906
vt 0.929239 0.674690
vt 0.911945 0.676903
vt 0.911901 0.636690
vt 0.929239 0.633985
vt 0.907638 0.613335
vt 0.925328 0.610307
vt 0.935611 0.169892
vt 0.940427 0.153049
vt 0.957276 0.151746
vt 0.951616 0.168804
vt 0.275258 0.283044
vt 0.275513 0.261889
vt 0.291055 0.260588
vt 0.291055 0.282232
vt 0.939939 0.189569
vt 0.957025 0.189080
vt 0.940008 0.212283
vt 0.957276 0.211907
vt 0.852246 0.115818
vt 0.853137 0.141312
vt 0.836689 0.142857
vt 0.835855 0.116141
vt 0.853137 0.101105
vt 0.837180 0.100441
vt 0.949266 0.723299
vt 0.942403 0.739653
vt 0.925806 0.737611
vt 0.934653 0.721033
vt 0.941924 0.700628
vt 0.925806 0.697769
vt 0.942956 0.679722
vt 0.926443 0.676691
vt 0.951936 0.628136
vt 0.935975 0.626535
vt 0.928262 0.610197
vt 0.945051 0.612047
vt 0.000181 0.323406
vt 0.016021 0.324211
vt 0.016021 0.345794
vt 0.000436 0.344503
vt 0.948287 0.647449
vt 0.931275 0.646402
vt 0.945465 0.671562
vt 0.928262 0.670627
vt 0.788156 0.135120
vt 0.771788 0.134715
vt 0.772626 0.108389
vt 0.789052 0.110009
vt 0.789052 0.150282
vt 0.773117 0.150868
vt 0.923300 0.421219
vt 0.937749 0.418561
vt 0.945260 0.434089
vt 0.928834 0.436582
vt 0.929378 0.398386
vt 0.945260 0.395082
vt 0.924677 0.376652
vt 0.940704 0.373081
vt 0.937075 0.454562
vt 0.939916 0.437634
vt 0.947931 0.435937
vt 0.944661 0.453099
vt 0.459977 0.649979
vt 0.462889 0.625941
vt 0.471295 0.625734
vt 0.468364 0.650200
vt 0.938964 0.474074
vt 0.947069 0.473182
vt 0.939700 0.496662
vt 0.947931 0.495879
vt 0.173303 0.720830
vt 0.173565 0.747429
vt 0.165698 0.747663
vt 0.165325 0.720016
vt 0.173565 0.705078
vt 0.165681 0.703334
vt 0.420561 0.634099
vt 0.416459 0.650200
vt 0.408377 0.649097
vt 0.413831 0.632727
vt 0.416527 0.612306
vt 0.408377 0.610328
vt 0.459977 0.605711
vt 0.468732 0.604560
vt 0.942590 0.114348
vt 0.935008 0.112658
vt 0.929610 0.096177
vt 0.937594 0.098125
vt 0.116560 0.210670
vt 0.124166 0.211343
vt 0.124166 0.233645
vt 0.116589 0.232586
vt 0.941395 0.133643
vt 0.933329 0.132499
vt 0.937797 0.157543
vt 0.929610 0.156503
vt 0.740696 0.222427
vt 0.732725 0.223209
vt 0.733130 0.195955
vt 0.740988 0.196214
vt 0.740988 0.238606
vt 0.733112 0.240320
vt 0.798550 0.924151
vt 0.805782 0.922759
vt 0.809624 0.938741
vt 0.801107 0.939920
vt 0.801938 0.901501
vt 0.810414 0.899383
vt 0.798550 0.878812
vt 0.806528 0.876567
vt 0.792889 0.132156
vt 0.807647 0.133284
vt 0.808436 0.153278
vt 0.793562 0.151562
vt 0.792942 0.121226
vt 0.807842 0.121164
vt 0.807169 0.172230
vt 0.791989 0.167463
vt 0.716597 0.000816
vt 0.732535 0.003049
vt 0.740988 0.028908
vt 0.724526 0.026688
vt 0.733548 0.045394
vt 0.716597 0.043286
vt 0.928404 0.158506
vt 0.912394 0.160214
vt 0.913800 0.145269
vt 0.930118 0.144368
vt 0.915392 0.126370
vt 0.893484 0.139824
vt 0.894814 0.126677
vt 0.931909 0.126386
vt 0.176020 0.617960
vt 0.189586 0.618934
vt 0.182745 0.630547
vt 0.175054 0.630042
vt 0.178135 0.642184
vt 0.174088 0.642124
vt 0.167064 0.630547
vt 0.161986 0.618934
vt 0.169915 0.642184
vt 0.893484 0.113589
vt 0.913800 0.107629
vt 0.930118 0.108511
vt 0.928404 0.094604
vt 0.912394 0.092917
vt 0.978822 0.238171
vt 0.985314 0.256312
vt 0.968831 0.259012
vt 0.963094 0.240713
vt 0.985314 0.212173
vt 0.970303 0.214521
vt 0.793562 0.091132
vt 0.791989 0.075834
vt 0.807169 0.071020
vt 0.808436 0.089275
vt 0.792889 0.110290
vt 0.807647 0.109022
vt 0.819851 0.111656
vt 0.820122 0.121182
vt 0.816582 0.099593
vt 0.833012 0.110647
vt 0.833111 0.121322
vt 0.833012 0.131964
vt 0.819851 0.130668
vt 0.816582 0.142838
vt 0.176122 0.669520
vt 0.173844 0.653526
vt 0.178593 0.653858
vt 0.187054 0.670227
vt 0.168984 0.653858
vt 0.165217 0.670227
vt 0.547396 0.715270
vt 0.436163 0.712813
vt 0.441924 0.688086
vt 0.545410 0.693702
vt 0.448367 0.675451
vt 0.541502 0.679569
vt 0.277256 0.708287
vt 0.264310 0.715527
vt 0.260069 0.707262
vt 0.273803 0.699812
vt 0.425807 0.712358
vt 0.431640 0.688902
vt 0.512574 0.854473
vt 0.499397 0.847103
vt 0.506321 0.839577
vt 0.520694 0.844976
vt 0.520694 0.753106
vt 0.506329 0.752860
vt 0.422003 0.836694
vt 0.422167 0.827602
vt 0.422110 0.753640
vt 0.163335 0.841121
vt 0.161236 0.766726
vt 0.208099 0.766814
vt 0.208189 0.840968
vt 0.232130 0.841009
vt 0.233042 0.766733
vt 0.251756 0.841121
vt 0.253672 0.766723
vt 0.231424 0.757275
vt 0.208064 0.757353
vt 0.250470 0.757267
vt 0.227857 0.751894
vt 0.243361 0.751827
vt 0.208040 0.752032
vt 0.208033 0.749065
vt 0.223140 0.749207
vt 0.340454 0.804937
vt 0.324481 0.812529
vt 0.320054 0.812411
vt 0.331095 0.805220
vt 0.208117 0.744781
vt 0.221220 0.744999
vt 0.230010 0.745288
vt 0.233935 0.749419
vt 0.208074 0.738675
vt 0.217039 0.738915
vt 0.315487 0.810022
vt 0.320158 0.804290
vt 0.327758 0.805899
vt 0.318798 0.812273
vt 0.208172 0.733242
vt 0.213265 0.733321
vt 0.312456 0.804748
vt 0.313113 0.797848
vt 0.307230 0.807419
vt 0.306724 0.790929
vt 0.323009 0.727018
vt 0.303519 0.728731
vt 0.333206 0.731216
vt 0.337125 0.711975
vt 0.325694 0.705924
vt 0.302385 0.706842
vt 0.440753 0.737736
vt 0.430529 0.736045
vt 0.561870 0.833111
vt 0.553404 0.823138
vt 0.559433 0.815699
vt 0.567760 0.825861
vt 0.573374 0.809265
vt 0.580548 0.817451
vt 0.593504 0.822764
vt 0.586219 0.828795
vt 0.655392 0.798454
vt 0.655755 0.808248
vt 0.656876 0.814313
vt 0.340454 0.738778
vt 0.575002 0.721473
vt 0.656876 0.723624
vt 0.561156 0.722671
vt 0.544396 0.736696
vt 0.539834 0.750334
vt 0.446602 0.750334
vt 0.282107 0.729013
vt 0.296078 0.791476
vt 0.271066 0.734248
vt 0.287479 0.796538
vt 0.262742 0.742569
vt 0.282142 0.807841
vt 0.256416 0.729586
vt 0.266082 0.812360
vt 0.276352 0.811707
vt 0.257677 0.811909
vt 0.171606 0.751816
vt 0.181096 0.749391
vt 0.164443 0.757265
vt 0.186001 0.745030
vt 0.306247 0.811525
vt 0.305270 0.814419
vt 0.120205 0.329633
vt 0.121320 0.330018
vt 0.121495 0.332390
vt 0.119745 0.332207
vt 0.118322 0.329955
vt 0.117133 0.332187
vt 0.119788 0.334328
vt 0.117133 0.333972
vt 0.121420 0.334500
vt 0.119831 0.336449
vt 0.118035 0.335909
vt 0.121346 0.336171
vt 0.603107 0.020363
vt 0.616822 0.020333
vt 0.613127 0.038525
vt 0.605146 0.038542
vt 0.601333 0.000778
vt 0.614948 0.002323
vt 0.604599 0.053397
vt 0.601333 0.053405
vt 0.640211 0.612452
vt 0.653329 0.604989
vt 0.654467 0.619322
vt 0.641349 0.626785
vt 0.655541 0.638794
vt 0.641670 0.642803
vt 0.637454 0.600866
vt 0.650573 0.593403
vt 0.630692 0.580187
vt 0.644392 0.574138
vt 0.948314 0.218075
vt 0.961282 0.211767
vt 0.960559 0.227759
vt 0.946764 0.232042
vt 0.961282 0.260598
vt 0.947042 0.263017
vt 0.788241 0.172949
vt 0.790387 0.187162
vt 0.775356 0.189532
vt 0.773210 0.175319
vt 0.741355 0.192536
vt 0.739270 0.178235
vt 0.727808 0.194282
vt 0.725002 0.179510
vt 0.711061 0.191860
vt 0.714278 0.180425
vt 0.730171 0.205928
vt 0.717551 0.206324
vt 0.730890 0.243975
vt 0.718269 0.244371
vt 0.724259 0.275883
vt 0.711061 0.276259
vt 0.724658 0.290679
vt 0.711460 0.291055
vt 0.741003 0.974235
vt 0.754339 0.974177
vt 0.754164 0.987984
vt 0.740814 0.987957
vt 0.740814 0.949190
vt 0.752492 0.945924
vt 0.640271 0.657874
vt 0.653872 0.660407
vt 0.644292 0.680908
vt 0.630692 0.678375
vt 0.180240 0.267793
vt 0.168851 0.269693
vt 0.169394 0.256078
vt 0.180240 0.253659
vt 0.272363 0.564885
vt 0.263961 0.568184
vt 0.263503 0.540083
vt 0.267252 0.538244
vt 0.270612 0.591455
vt 0.263503 0.588161
vt 0.300635 0.964559
vt 0.313752 0.966118
vt 0.312691 0.986649
vt 0.304767 0.984253
vt 0.300635 0.944117
vt 0.313752 0.945676
vt 0.129506 0.918106
vt 0.124453 0.945260
vt 0.120757 0.943359
vt 0.121252 0.914682
vt 0.127643 0.890986
vt 0.120757 0.894294
vt 0.726302 0.631775
vt 0.722822 0.652656
vt 0.715310 0.656876
vt 0.713216 0.635447
vt 0.713216 0.615460
vt 0.726302 0.611788
vt 0.238989 0.252878
vt 0.241581 0.251771
vt 0.241590 0.255945
vt 0.238996 0.256113
vt 0.114820 0.028935
vt 0.111594 0.029005
vt 0.111903 0.024260
vt 0.114292 0.025966
vt 0.111738 0.021556
vt 0.114820 0.023757
vt 0.241688 0.248689
vt 0.244326 0.249181
vt 0.244243 0.251570
vt 0.244250 0.254805
vt 0.241688 0.259012
vt 0.239071 0.258490
vt 0.244326 0.257181
vt 0.130174 0.289783
vt 0.127525 0.289769
vt 0.125931 0.287528
vt 0.129002 0.285382
vt 0.125931 0.284574
vt 0.127933 0.282482
vt 0.132176 0.284738
vt 0.130582 0.282496
vt 0.132176 0.287691
vt 0.127188 0.292372
vt 0.130606 0.292390
vt 0.120161 0.209613
vt 0.117514 0.207827
vt 0.117492 0.205292
vt 0.120134 0.206342
vt 0.117494 0.202043
vt 0.120136 0.202150
vt 0.122830 0.209147
vt 0.122809 0.206612
vt 0.122811 0.203363
vt 0.120161 0.199210
vt 0.122830 0.201085
vt 0.214448 0.271028
vt 0.211961 0.270177
vt 0.212352 0.267570
vt 0.214953 0.267664
vt 0.110955 0.032043
vt 0.108566 0.030337
vt 0.108038 0.027368
vt 0.109241 0.024799
vt 0.108303 0.022251
vt 0.113617 0.031504
vt 0.020027 0.039679
vt 0.017584 0.040053
vt 0.017584 0.036863
vt 0.020027 0.037206
vt 0.211961 0.265299
vt 0.214448 0.264733
vt 0.174973 0.248092
vt 0.174970 0.244859
vt 0.177626 0.245005
vt 0.177629 0.249176
vt 0.341057 0.067544
vt 0.339934 0.065003
vt 0.341066 0.062546
vt 0.343757 0.066348
vt 0.174940 0.250541
vt 0.177587 0.252336
vt 0.180240 0.249411
vt 0.180207 0.251861
vt 0.180237 0.246179
vt 0.174940 0.242533
vt 0.177587 0.242003
vt 0.346312 0.118319
vt 0.343295 0.120160
vt 0.343737 0.117243
vt 0.346076 0.115816
vt 0.341176 0.116380
vt 0.343799 0.112671
vt 0.345943 0.110757
vt 0.347130 0.113242
vt 0.236481 0.277092
vt 0.235262 0.279673
vt 0.233302 0.281097
vt 0.233302 0.277218
vt 0.339990 0.113896
vt 0.341044 0.111322
vt 0.339990 0.119047
vt 0.341813 0.131388
vt 0.341731 0.134557
vt 0.339196 0.135649
vt 0.339259 0.133192
vt 0.341813 0.138690
vt 0.339259 0.138852
vt 0.344459 0.131818
vt 0.344396 0.134274
vt 0.344459 0.137477
vt 0.346007 0.063093
vt 0.343620 0.061689
vt 0.343230 0.058735
vt 0.346309 0.060547
vt 0.238985 0.277877
vt 0.237412 0.281207
vt 0.345998 0.068091
vt 0.347129 0.065634
vt 0.339934 0.059842
vt 0.191016 0.303066
vt 0.192256 0.305031
vt 0.188724 0.305741
vt 0.188485 0.302173
vt 0.188990 0.299797
vt 0.192256 0.300950
vt 0.234882 0.283044
vt 0.491322 0.964954
vt 0.489437 0.977418
vt 0.484008 0.987984
vt 0.448421 0.987984
vt 0.442940 0.977418
vt 0.440994 0.964954
vt 0.442878 0.952491
vt 0.448307 0.941925
vt 0.456453 0.934865
vt 0.466077 0.932386
vt 0.475713 0.934865
vt 0.483894 0.941925
vt 0.489375 0.952491
vt 0.593685 0.928582
vt 0.593685 0.915153
vt 0.604296 0.913939
vt 0.604296 0.927368
vt 0.593831 0.941968
vt 0.604443 0.940753
vt 0.606004 0.927162
vt 0.606142 0.939720
vt 0.606004 0.914562
vt 0.020612 0.947843
vt 0.013524 0.938088
vt 0.014682 0.936828
vt 0.021332 0.945981
vt 0.594102 0.953271
vt 0.604714 0.952056
vt 0.011083 0.925358
vt 0.011083 0.913318
vt 0.014682 0.902539
vt 0.021332 0.894663
vt 0.030020 0.890890
vt 0.039424 0.891793
vt 0.048113 0.897235
vt 0.054763 0.906387
vt 0.058362 0.917857
vt 0.058362 0.929898
vt 0.054763 0.940677
vt 0.048113 0.948552
vt 0.039424 0.952326
vt 0.030020 0.951423
vt 0.029873 0.953644
vt 0.039896 0.954606
vt 0.049157 0.950584
vt 0.056244 0.942190
vt 0.060080 0.930702
vt 0.060080 0.917868
vt 0.056244 0.905644
vt 0.049157 0.895888
vt 0.039896 0.890088
vt 0.029873 0.889126
vt 0.020612 0.893148
vt 0.013524 0.901542
vt 0.604443 0.902509
vt 0.606142 0.903838
vt 0.593831 0.903724
vt 0.594102 0.896035
vt 0.604714 0.894820
vt 0.153318 0.956011
vt 0.153538 0.964006
vt 0.143143 0.963417
vt 0.142923 0.955422
vt 0.153538 0.974296
vt 0.143143 0.973707
vt 0.153318 0.985314
vt 0.142923 0.984725
vt 0.973186 0.164750
vt 0.973269 0.175297
vt 0.963057 0.174174
vt 0.962975 0.163627
vt 0.973298 0.188033
vt 0.963086 0.186911
vt 0.973269 0.201021
vt 0.963057 0.199899
vt 0.973186 0.212283
vt 0.962975 0.211160
vt 0.371369 0.399139
vt 0.371369 0.365408
vt 0.373832 0.365467
vt 0.373832 0.399199
vt 0.216256 0.987967
vt 0.213726 0.987967
vt 0.213952 0.979386
vt 0.216183 0.979388
vt 0.226896 0.979354
vt 0.226969 0.987933
vt 0.216183 0.958580
vt 0.216256 0.949519
vt 0.226969 0.949485
vt 0.226896 0.958546
vt 0.213952 0.958579
vt 0.213726 0.949519
vt 0.209305 0.958596
vt 0.209058 0.949536
vt 0.984625 0.542224
vt 0.979078 0.552737
vt 0.943478 0.552737
vt 0.938112 0.542224
vt 0.936304 0.529829
vt 0.938328 0.517434
vt 0.943876 0.506926
vt 0.952104 0.499905
vt 0.961759 0.497439
vt 0.971370 0.499905
vt 0.979476 0.506926
vt 0.984841 0.517434
vt 0.986649 0.529829
vt 0.000753 0.953271
vt 0.000478 0.942152
vt 0.005086 0.941735
vt 0.005340 0.952856
vt 0.659700 0.944959
vt 0.652583 0.954618
vt 0.651774 0.953558
vt 0.658529 0.944390
vt 0.643285 0.960350
vt 0.642949 0.958998
vt 0.663551 0.932844
vt 0.662185 0.932891
vt 0.000327 0.928992
vt 0.004934 0.928575
vt 0.663551 0.920117
vt 0.662184 0.920812
vt 0.000322 0.915795
vt 0.004930 0.915377
vt 0.000465 0.904569
vt 0.005072 0.904151
vt 0.000733 0.897023
vt 0.005340 0.896606
vt 0.652584 0.900376
vt 0.659700 0.908716
vt 0.658529 0.909990
vt 0.651774 0.902074
vt 0.643286 0.896366
vt 0.642949 0.898268
vt 0.980895 0.181630
vt 0.981308 0.189639
vt 0.976755 0.189393
vt 0.976342 0.181384
vt 0.633221 0.897298
vt 0.633397 0.899153
vt 0.981308 0.199934
vt 0.976755 0.199688
vt 0.980895 0.210948
vt 0.976342 0.210702
vt 0.914494 0.229846
vt 0.914558 0.240460
vt 0.910016 0.240069
vt 0.909952 0.229456
vt 0.616807 0.912688
vt 0.623923 0.903030
vt 0.624572 0.904593
vt 0.617817 0.913760
vt 0.612956 0.924803
vt 0.614162 0.925259
vt 0.914576 0.253282
vt 0.910035 0.252891
vt 0.914547 0.266360
vt 0.915888 0.253477
vt 0.915860 0.265891
vt 0.910005 0.265969
vt 0.914474 0.277704
vt 0.909952 0.277316
vt 0.616807 0.948932
vt 0.612956 0.937530
vt 0.614161 0.937339
vt 0.617817 0.948161
vt 0.623923 0.957272
vt 0.624572 0.956077
vt 0.209058 0.987984
vt 0.209305 0.979404
vt 0.633221 0.961282
vt 0.633397 0.959882
vt 0.214038 0.969067
vt 0.209391 0.969084
vt 0.216157 0.969069
vt 0.226871 0.969035
vt 0.295318 0.302984
vt 0.295215 0.301159
vt 0.296292 0.301246
vt 0.296395 0.303071
vt 0.944795 0.818101
vt 0.946870 0.818996
vt 0.943225 0.842457
vt 0.934415 0.838657
vt 0.949116 0.818790
vt 0.952761 0.841584
vt 0.295215 0.298814
vt 0.296292 0.298901
vt 0.564661 0.949792
vt 0.566730 0.948886
vt 0.577084 0.969454
vt 0.568296 0.973298
vt 0.562421 0.949594
vt 0.558785 0.972460
vt 0.958836 0.173997
vt 0.959947 0.173991
vt 0.959842 0.183961
vt 0.958731 0.183967
vt 0.958731 0.163865
vt 0.959842 0.163859
vt 0.560351 0.948325
vt 0.549997 0.967070
vt 0.958432 0.155113
vt 0.959543 0.155107
vt 0.951190 0.817516
vt 0.961571 0.836172
vt 0.952778 0.815366
vt 0.968313 0.827045
vt 0.068073 0.834431
vt 0.069165 0.834272
vt 0.069426 0.844968
vt 0.068335 0.845127
vt 0.089725 0.011866
vt 0.089710 0.009492
vt 0.090773 0.009642
vt 0.090788 0.012016
vt 0.295318 0.296306
vt 0.296395 0.296393
vt 0.558767 0.946176
vt 0.543271 0.957946
vt 0.089705 0.006623
vt 0.090768 0.006773
vt 0.557910 0.943476
vt 0.539631 0.946479
vt 0.067932 0.821773
vt 0.069023 0.821614
vt 0.557910 0.940635
vt 0.539631 0.934413
vt 0.067932 0.809079
vt 0.069023 0.808920
vt 0.953638 0.812669
vt 0.953638 0.809835
vt 0.971963 0.803558
vt 0.971963 0.815593
vt 0.089710 0.003697
vt 0.090773 0.003847
vt 0.089725 0.001159
vt 0.090788 0.001308
vt 0.952778 0.807295
vt 0.968313 0.792773
vt 0.558767 0.938085
vt 0.543271 0.923587
vt 0.301736 0.310339
vt 0.301665 0.312291
vt 0.300555 0.312297
vt 0.300625 0.310345
vt 0.560351 0.936215
vt 0.549997 0.915648
vt 0.068335 0.791028
vt 0.069426 0.790869
vt 0.069165 0.798124
vt 0.068073 0.798283
vt 0.951190 0.805437
vt 0.961571 0.784880
vt 0.949116 0.804542
vt 0.952761 0.781081
vt 0.002670 0.764438
vt 0.001593 0.764351
vt 0.001156 0.756602
vt 0.002234 0.756689
vt 0.301641 0.314639
vt 0.300530 0.314645
vt 0.301665 0.317025
vt 0.300555 0.317031
vt 0.946870 0.804747
vt 0.943225 0.781953
vt 0.564661 0.935507
vt 0.562421 0.935310
vt 0.558785 0.911804
vt 0.568296 0.912641
vt 0.002670 0.774396
vt 0.001593 0.774309
vt 0.566730 0.936777
vt 0.577084 0.918032
vt 0.002234 0.785047
vt 0.001156 0.784960
vt 0.944795 0.806022
vt 0.934415 0.787365
vt 0.943207 0.808171
vt 0.927672 0.796492
vt 0.658189 0.657538
vt 0.657126 0.657389
vt 0.657064 0.647306
vt 0.658127 0.647455
vt 0.124071 0.175352
vt 0.124132 0.177871
vt 0.123041 0.178030
vt 0.122979 0.175511
vt 0.301736 0.319086
vt 0.300625 0.319092
vt 0.568314 0.938925
vt 0.583810 0.927156
vt 0.124166 0.180852
vt 0.123074 0.181011
vt 0.569171 0.941626
vt 0.587450 0.938623
vt 0.658211 0.669720
vt 0.657148 0.669570
vt 0.569171 0.944467
vt 0.587450 0.950688
vt 0.658189 0.682146
vt 0.657126 0.681996
vt 0.942348 0.810868
vt 0.942348 0.813702
vt 0.924023 0.819980
vt 0.924023 0.807945
vt 0.124166 0.183841
vt 0.123074 0.184000
vt 0.124132 0.186383
vt 0.123041 0.186542
vt 0.943207 0.816242
vt 0.927672 0.830764
vt 0.568314 0.947017
vt 0.583810 0.961515
vt 0.124071 0.188092
vt 0.122979 0.188251
vt 0.959543 0.192250
vt 0.958432 0.192256
vt 0.658127 0.692924
vt 0.657064 0.692774
vt 0.116414 0.269616
vt 0.116331 0.267797
vt 0.117407 0.267874
vt 0.117490 0.269693
vt 0.939480 0.944847
vt 0.941553 0.945741
vt 0.937911 0.969292
vt 0.929110 0.965498
vt 0.943796 0.945530
vt 0.947438 0.968397
vt 0.116331 0.265458
vt 0.117407 0.265535
vt 0.420485 0.944363
vt 0.422553 0.943461
vt 0.432899 0.964126
vt 0.424118 0.967957
vt 0.418246 0.944159
vt 0.414613 0.967090
vt 0.000226 0.874970
vt 0.001335 0.874965
vt 0.001280 0.884914
vt 0.000170 0.884919
vt 0.000170 0.864859
vt 0.001280 0.864853
vt 0.416178 0.942879
vt 0.405832 0.961656
vt 0.000012 0.856124
vt 0.001122 0.856118
vt 0.945869 0.944247
vt 0.956240 0.962948
vt 0.947456 0.942087
vt 0.962976 0.953775
vt 0.006663 0.934546
vt 0.007751 0.934400
vt 0.008011 0.945114
vt 0.006923 0.945260
vt 0.017632 0.146725
vt 0.017616 0.144345
vt 0.018675 0.144482
vt 0.018692 0.146862
vt 0.116414 0.262955
vt 0.117490 0.263032
vt 0.414595 0.940719
vt 0.399110 0.952483
vt 0.017610 0.141469
vt 0.018670 0.141606
vt 0.413739 0.938007
vt 0.395473 0.940967
vt 0.006522 0.921862
vt 0.007610 0.921717
vt 0.413739 0.935156
vt 0.395473 0.928862
vt 0.006522 0.909141
vt 0.007610 0.908996
vt 0.948314 0.939378
vt 0.948314 0.936534
vt 0.966622 0.930197
vt 0.966622 0.942274
vt 0.017616 0.138536
vt 0.018675 0.138673
vt 0.017632 0.135993
vt 0.018692 0.136130
vt 0.947456 0.933987
vt 0.962976 0.919381
vt 0.414595 0.932601
vt 0.399110 0.918010
vt 0.257677 0.060691
vt 0.257640 0.062639
vt 0.256530 0.062645
vt 0.256567 0.060697
vt 0.416178 0.930730
vt 0.405831 0.910064
vt 0.006923 0.891044
vt 0.008011 0.890898
vt 0.007751 0.898173
vt 0.006663 0.898319
vt 0.945869 0.932125
vt 0.956240 0.911475
vt 0.943796 0.931231
vt 0.947438 0.907680
vt 0.002670 0.703070
vt 0.001594 0.702993
vt 0.001243 0.695269
vt 0.002320 0.695346
vt 0.257627 0.064982
vt 0.256517 0.064988
vt 0.257640 0.067364
vt 0.256530 0.067369
vt 0.941553 0.931442
vt 0.937911 0.908576
vt 0.420485 0.930032
vt 0.418246 0.929827
vt 0.414613 0.906233
vt 0.424118 0.907101
vt 0.002670 0.713003
vt 0.001594 0.712926
vt 0.422553 0.931311
vt 0.432899 0.912535
vt 0.002320 0.723632
vt 0.001243 0.723555
vt 0.939480 0.932726
vt 0.929110 0.914025
vt 0.937894 0.934886
vt 0.922373 0.923198
vt 0.707586 0.263598
vt 0.706526 0.263461
vt 0.706458 0.253353
vt 0.707518 0.253490
vt 0.244231 0.234082
vt 0.244293 0.236606
vt 0.243205 0.236751
vt 0.243143 0.234228
vt 0.257677 0.069421
vt 0.256567 0.069426
vt 0.424135 0.933471
vt 0.439620 0.921708
vt 0.244326 0.239592
vt 0.243238 0.239738
vt 0.424992 0.936183
vt 0.443258 0.933223
vt 0.707610 0.275810
vt 0.706550 0.275672
vt 0.424992 0.939034
vt 0.443258 0.945328
vt 0.707586 0.288264
vt 0.706526 0.288127
vt 0.937035 0.937594
vt 0.937035 0.940438
vt 0.918727 0.946776
vt 0.918727 0.934699
vt 0.244326 0.242588
vt 0.243238 0.242734
vt 0.244293 0.245137
vt 0.243205 0.245283
vt 0.937894 0.942985
vt 0.922373 0.957591
vt 0.424135 0.941590
vt 0.439620 0.956180
vt 0.244231 0.246850
vt 0.243143 0.246996
vt 0.001122 0.893186
vt 0.000012 0.893191
vt 0.707518 0.299065
vt 0.706458 0.298928
vt 0.017615 0.236238
vt 0.017533 0.234419
vt 0.018609 0.234496
vt 0.018692 0.236315
vt 0.510909 0.946183
vt 0.512982 0.947076
vt 0.509340 0.970627
vt 0.500538 0.966833
vt 0.515225 0.946865
vt 0.518867 0.969732
vt 0.017533 0.232080
vt 0.018609 0.232157
vt 0.369750 0.943028
vt 0.371818 0.942126
vt 0.382165 0.962791
vt 0.373384 0.966622
vt 0.367512 0.942824
vt 0.363879 0.965755
vt 0.733203 0.908348
vt 0.734312 0.908342
vt 0.734257 0.918292
vt 0.733148 0.918297
vt 0.733148 0.898236
vt 0.734257 0.898231
vt 0.365444 0.941544
vt 0.355097 0.960321
vt 0.732990 0.889501
vt 0.734099 0.889496
vt 0.517298 0.945582
vt 0.527668 0.964283
vt 0.518884 0.943422
vt 0.534405 0.955110
vt 0.869146 0.901168
vt 0.870234 0.901022
vt 0.870494 0.911737
vt 0.869406 0.911882
vt 0.120435 0.071959
vt 0.120419 0.069579
vt 0.121479 0.069716
vt 0.121495 0.072096
vt 0.017615 0.229577
vt 0.018692 0.229654
vt 0.363861 0.939384
vt 0.348376 0.951147
vt 0.120414 0.066703
vt 0.121474 0.066840
vt 0.363005 0.936672
vt 0.344739 0.939632
vt 0.869005 0.888485
vt 0.870093 0.888339
vt 0.363004 0.933821
vt 0.344739 0.927527
vt 0.869005 0.875764
vt 0.870093 0.875618
vt 0.519743 0.940713
vt 0.519743 0.937869
vt 0.538051 0.931532
vt 0.538051 0.943609
vt 0.120419 0.063770
vt 0.121479 0.063907
vt 0.120435 0.061226
vt 0.121495 0.061363
vt 0.518884 0.935322
vt 0.534405 0.920717
vt 0.363861 0.931266
vt 0.348376 0.916675
vt 0.214953 0.276980
vt 0.214916 0.278928
vt 0.213807 0.278933
vt 0.213844 0.276985
vt 0.365444 0.929394
vt 0.355097 0.908729
vt 0.869406 0.857666
vt 0.870494 0.857520
vt 0.870234 0.864796
vt 0.869146 0.864942
vt 0.517298 0.933460
vt 0.527668 0.912810
vt 0.515225 0.932567
vt 0.518867 0.909015
vt 0.660881 0.669692
vt 0.659805 0.669615
vt 0.659454 0.661891
vt 0.660531 0.661968
vt 0.214903 0.281271
vt 0.213794 0.281276
vt 0.214916 0.283652
vt 0.213807 0.283657
vt 0.512982 0.932778
vt 0.509340 0.909911
vt 0.369750 0.928696
vt 0.367512 0.928492
vt 0.363879 0.904898
vt 0.373384 0.905766
vt 0.660881 0.679625
vt 0.659805 0.679548
vt 0.371818 0.929976
vt 0.382165 0.911199
vt 0.660531 0.690254
vt 0.659454 0.690177
vt 0.510909 0.934061
vt 0.500538 0.915360
vt 0.509322 0.936221
vt 0.493802 0.924533
vt 0.288360 0.638765
vt 0.287301 0.638628
vt 0.287232 0.628519
vt 0.288292 0.628657
vt 0.221534 0.127273
vt 0.221596 0.129796
vt 0.220508 0.129942
vt 0.220446 0.127419
vt 0.214953 0.285709
vt 0.213844 0.285714
vt 0.373401 0.932136
vt 0.388886 0.920373
vt 0.221629 0.132783
vt 0.220541 0.132929
vt 0.374258 0.934848
vt 0.392523 0.931888
vt 0.288384 0.650976
vt 0.287325 0.650839
vt 0.374258 0.937699
vt 0.392523 0.943993
vt 0.288360 0.663431
vt 0.287301 0.663294
vt 0.508464 0.938929
vt 0.508464 0.941774
vt 0.490156 0.948111
vt 0.490156 0.936034
vt 0.221629 0.135779
vt 0.220541 0.135925
vt 0.221596 0.138328
vt 0.220508 0.138473
vt 0.509322 0.944321
vt 0.493802 0.958926
vt 0.373401 0.940254
vt 0.388886 0.954845
vt 0.221534 0.140041
vt 0.220446 0.140187
vt 0.734099 0.926563
vt 0.732990 0.926569
vt 0.288292 0.674232
vt 0.287232 0.674095
vt 0.062673 0.862720
vt 0.062193 0.873419
vt 0.060347 0.872385
vt 0.060827 0.861685
vt 0.059164 0.840329
vt 0.061029 0.840335
vt 0.973673 0.615079
vt 0.973798 0.591644
vt 0.980292 0.611402
vt 0.974977 0.619129
vt 0.065048 0.874593
vt 0.064437 0.877017
vt 0.061804 0.876190
vt 0.059958 0.875156
vt 0.066354 0.875615
vt 0.065786 0.877831
vt 0.065881 0.869913
vt 0.067118 0.871108
vt 0.066796 0.865968
vt 0.068091 0.867190
vt 0.981548 0.614764
vt 0.975172 0.620602
vt 0.985314 0.624850
vt 0.975809 0.628838
vt 0.978050 0.586893
vt 0.985314 0.602355
vt 0.063444 0.832868
vt 0.066310 0.834808
vt 0.056684 0.837491
vt 0.060794 0.830369
vt 0.053799 0.848736
vt 0.701503 0.281401
vt 0.702270 0.293725
vt 0.692059 0.281774
vt 0.691947 0.273761
vt 0.226796 0.279039
vt 0.226531 0.267420
vt 0.232310 0.264044
vt 0.232310 0.275670
vt 0.685471 0.274274
vt 0.684895 0.270449
vt 0.691844 0.267251
vt 0.686106 0.281431
vt 0.677659 0.282847
vt 0.677933 0.275458
vt 0.960930 0.654962
vt 0.955765 0.641877
vt 0.967687 0.641703
vt 0.968829 0.656876
vt 0.677659 0.291112
vt 0.952760 0.652304
vt 0.950974 0.641067
vt 0.952458 0.634406
vt 0.956692 0.634848
vt 0.970835 0.634713
vt 0.957620 0.627819
vt 0.971963 0.625814
vt 0.953278 0.627665
vt 0.951717 0.621229
vt 0.959645 0.617811
vt 0.950974 0.616129
vt 0.958902 0.612712
vt 0.970008 0.612313
vt 0.969264 0.607213
vt 0.055645 0.898531
vt 0.053799 0.897497
vt 0.497803 0.883735
vt 0.495901 0.884801
vt 0.495428 0.873760
vt 0.497330 0.872694
vt 0.496114 0.906843
vt 0.494218 0.906854
vt 0.502008 0.880375
vt 0.502917 0.888386
vt 0.496937 0.869834
vt 0.499616 0.868976
vt 0.500227 0.871474
vt 0.495035 0.870901
vt 0.501005 0.868137
vt 0.501569 0.870419
vt 0.501072 0.876303
vt 0.502342 0.875070
vt 0.503338 0.879113
vt 0.253633 0.302912
vt 0.254060 0.304442
vt 0.246798 0.301398
vt 0.246799 0.297853
vt 0.256342 0.312417
vt 0.246799 0.312033
vt 0.161549 0.846462
vt 0.154086 0.839285
vt 0.156771 0.821436
vt 0.161549 0.824004
vt 0.501385 0.912512
vt 0.498598 0.914553
vt 0.805880 0.310365
vt 0.798768 0.308582
vt 0.800446 0.303146
vt 0.807282 0.305713
vt 0.491811 0.909818
vt 0.488782 0.898192
vt 0.805675 0.294540
vt 0.813286 0.297675
vt 0.814419 0.311081
vt 0.798768 0.291989
vt 0.799722 0.287230
vt 0.805940 0.289157
vt 0.813432 0.292412
vt 0.486133 0.445719
vt 0.487195 0.442601
vt 0.495143 0.447195
vt 0.495327 0.454064
vt 0.962933 0.558125
vt 0.970938 0.556241
vt 0.969280 0.571339
vt 0.957385 0.571191
vt 0.495327 0.461949
vt 0.485207 0.452292
vt 0.952568 0.572002
vt 0.954659 0.560770
vt 0.958266 0.578309
vt 0.954005 0.578746
vt 0.972249 0.578330
vt 0.973298 0.587328
vt 0.959146 0.585427
vt 0.954771 0.585566
vt 0.961047 0.595523
vt 0.953353 0.592206
vt 0.960262 0.600684
vt 0.952568 0.597367
vt 0.971217 0.600981
vt 0.970432 0.606142
vt 0.488782 0.847854
vt 0.490684 0.846788
vt 0.342687 0.961282
vt 0.340270 0.959697
vt 0.340297 0.952956
vt 0.342867 0.953703
vt 0.002362 0.403891
vt 0.005056 0.403497
vt 0.008011 0.408314
vt 0.005162 0.408545
vt 0.340647 0.943202
vt 0.343124 0.944528
vt 0.340270 0.935576
vt 0.342626 0.937251
vt 0.175777 0.000362
vt 0.178681 0.001309
vt 0.180240 0.008487
vt 0.177892 0.007818
vt 0.178125 0.017356
vt 0.175777 0.016687
vt 0.001277 0.395239
vt 0.004195 0.394738
vt 0.005073 0.387752
vt 0.008011 0.387828
vt 0.118825 0.243732
vt 0.116619 0.245661
vt 0.116619 0.236064
vt 0.118825 0.234135
vt 0.133280 0.902256
vt 0.133295 0.909720
vt 0.130711 0.910479
vt 0.130864 0.903864
vt 0.349935 0.029828
vt 0.346785 0.034713
vt 0.344010 0.034339
vt 0.347385 0.029256
vt 0.133511 0.918876
vt 0.131015 0.920210
vt 0.133083 0.926219
vt 0.130711 0.927904
vt 0.118061 0.177570
vt 0.120701 0.169507
vt 0.122830 0.168637
vt 0.120944 0.176393
vt 0.118061 0.160037
vt 0.120190 0.159166
vt 0.348281 0.020236
vt 0.351135 0.020884
vt 0.344010 0.013217
vt 0.346881 0.013274
vt 0.130841 0.269421
vt 0.130841 0.279039
vt 0.128640 0.277076
vt 0.128640 0.267458
vt 0.532036 0.849384
vt 0.531856 0.854473
vt 0.520019 0.854424
vt 0.520245 0.849350
vt 0.551402 0.849121
vt 0.551222 0.854210
vt 0.532838 0.831087
vt 0.551327 0.830609
vt 0.532947 0.797548
vt 0.551318 0.796872
vt 0.533031 0.761048
vt 0.551402 0.760373
vt 0.250087 0.950285
vt 0.255286 0.949720
vt 0.258949 0.956061
vt 0.253752 0.956606
vt 0.259012 0.966239
vt 0.253815 0.966783
vt 0.255284 0.976377
vt 0.250087 0.976921
vt 0.255310 0.981198
vt 0.250105 0.981308
vt 0.219868 0.004059
vt 0.219868 0.002490
vt 0.221178 0.001917
vt 0.221177 0.003486
vt 0.221511 0.005003
vt 0.220740 0.005340
vt 0.241348 0.282292
vt 0.240641 0.280872
vt 0.242132 0.279927
vt 0.242839 0.281347
vt 0.242991 0.282488
vt 0.242112 0.283044
vt 0.032491 0.009094
vt 0.031701 0.008130
vt 0.032673 0.007332
vt 0.033041 0.008265
vt 0.032117 0.005629
vt 0.033378 0.006595
vt 0.031931 0.006763
vt 0.030901 0.006942
vt 0.030567 0.008739
vt 0.030371 0.007843
vt 0.031480 0.009346
vt 0.030371 0.005932
vt 0.218574 0.281167
vt 0.218902 0.279679
vt 0.220294 0.280401
vt 0.220101 0.281277
vt 0.218566 0.282833
vt 0.220096 0.282259
vt 0.216978 0.281384
vt 0.217306 0.279896
vt 0.216969 0.283050
vt 0.218902 0.284162
vt 0.220294 0.283042
vt 0.217306 0.284379
vt 0.032629 0.003913
vt 0.031399 0.002820
vt 0.032180 0.002136
vt 0.032897 0.002773
vt 0.031275 0.001004
vt 0.032108 0.001077
vt 0.033381 0.001495
vt 0.034004 0.002827
vt 0.032874 0.000397
vt 0.034584 0.001192
vt 0.034713 0.002094
vt 0.033924 0.000397
vt 0.242991 0.278909
vt 0.241177 0.278857
vt 0.241677 0.278263
vt 0.222964 0.001665
vt 0.221516 0.000996
vt 0.222558 0.000848
vt 0.240307 0.279408
vt 0.222964 0.003233
vt 0.024032 0.037238
vt 0.022375 0.037045
vt 0.022626 0.035748
vt 0.023593 0.035861
vt 0.034527 0.004005
vt 0.022375 0.038526
vt 0.024032 0.038718
vt 0.240162 0.282761
vt 0.239455 0.281342
vt 0.239616 0.279682
vt 0.222564 0.004854
vt 0.007435 0.003994
vt 0.007435 0.002378
vt 0.009062 0.002087
vt 0.009062 0.003703
vt 0.009037 0.005169
vt 0.008078 0.005340
vt 0.027737 0.004229
vt 0.027737 0.002652
vt 0.029372 0.002427
vt 0.029372 0.004004
vt 0.028694 0.005194
vt 0.027730 0.005327
vt 0.036646 0.005623
vt 0.036246 0.006767
vt 0.035143 0.006438
vt 0.035693 0.005650
vt 0.026223 0.004253
vt 0.026838 0.005340
vt 0.035770 0.008011
vt 0.035082 0.007317
vt 0.037383 0.007293
vt 0.036772 0.007930
vt 0.037383 0.006263
vt 0.037502 0.002082
vt 0.037428 0.000557
vt 0.038674 0.001148
vt 0.038718 0.002047
vt 0.037428 0.003817
vt 0.038674 0.003069
vt 0.014568 0.003724
vt 0.016021 0.003962
vt 0.015398 0.005340
vt 0.014542 0.005200
vt 0.035817 0.004005
vt 0.035891 0.002270
vt 0.014568 0.002136
vt 0.016021 0.002374
vt 0.012851 0.003726
vt 0.013531 0.005201
vt 0.012851 0.002137
vt 0.021301 0.032386
vt 0.021362 0.033972
vt 0.020263 0.033952
vt 0.020228 0.033027
vt 0.013541 0.001143
vt 0.014542 0.001142
vt 0.018991 0.033567
vt 0.019531 0.032222
vt 0.019579 0.034713
vt 0.018601 0.034637
vt 0.018016 0.032917
vt 0.018554 0.032222
vt 0.017905 0.033908
vt 0.008088 0.001209
vt 0.009036 0.001040
vt 0.010681 0.002000
vt 0.009981 0.000989
vt 0.027730 0.001292
vt 0.028684 0.001160
vt 0.010681 0.003616
vt 0.018431 0.031006
vt 0.020106 0.031006
vt 0.035817 0.000745
vt 0.026223 0.002676
vt 0.026847 0.001305
vt 0.009991 0.005118
vt 0.647011 0.973470
vt 0.659692 0.969463
vt 0.660881 0.977869
vt 0.650271 0.986649
vt 0.648072 0.959514
vt 0.660881 0.956963
vt 0.749132 0.001280
vt 0.757009 0.012426
vt 0.755947 0.029372
vt 0.749132 0.025085
vt 0.536430 0.953227
vt 0.543391 0.962916
vt 0.543391 0.982643
vt 0.535187 0.979995
vt 0.275921 0.626749
vt 0.282956 0.629068
vt 0.285714 0.656696
vt 0.275921 0.666222
vt 0.260353 0.837063
vt 0.259815 0.844703
vt 0.255051 0.856932
vt 0.245648 0.849785
vt 0.275033 0.830254
vt 0.274644 0.839297
vt 0.250545 0.873221
vt 0.240964 0.875943
vt 0.275033 0.895501
vt 0.272613 0.907877
vt 0.009346 0.369826
vt 0.000021 0.368847
vt 0.001207 0.348103
vt 0.009346 0.347486
vt 0.556742 0.702270
vt 0.548123 0.702109
vt 0.548098 0.680963
vt 0.556742 0.678814
vt 0.164069 0.054265
vt 0.170895 0.048453
vt 0.169228 0.074407
vt 0.162403 0.080219
vt 0.170895 0.108736
vt 0.163876 0.114820
vt 0.942405 0.849827
vt 0.949266 0.843295
vt 0.947406 0.859676
vt 0.938193 0.863901
vt 0.949266 0.894306
vt 0.940053 0.898531
vt 0.628838 0.026181
vt 0.617376 0.026702
vt 0.620249 0.001052
vt 0.628838 0.000322
vt 0.344459 0.056607
vt 0.335992 0.057410
vt 0.336144 0.034719
vt 0.342662 0.034719
vt 0.297395 0.659546
vt 0.289688 0.655718
vt 0.300247 0.635343
vt 0.308411 0.639837
vt 0.289688 0.620857
vt 0.299207 0.620342
vt 0.981902 0.834446
vt 0.971807 0.830206
vt 0.975038 0.812430
vt 0.985133 0.816669
vt 0.978478 0.801869
vt 0.987984 0.805154
vt 0.971807 0.793501
vt 0.981312 0.796786
vt 0.914135 0.481094
vt 0.913824 0.469682
vt 0.932107 0.485404
vt 0.928965 0.491362
vt 0.375206 0.254542
vt 0.376502 0.271028
vt 0.365478 0.270004
vt 0.365478 0.249720
vt 0.941255 0.509457
vt 0.933705 0.509476
vt 0.915406 0.535380
vt 0.913824 0.524494
vt 0.002765 0.958639
vt 0.015658 0.964091
vt 0.022697 0.989319
vt 0.010057 0.983602
vt 0.011713 0.947705
vt 0.022697 0.954417
vt 0.299065 0.320427
vt 0.288507 0.317317
vt 0.285400 0.307345
vt 0.299065 0.306611
vt 0.957383 0.889450
vt 0.965287 0.882842
vt 0.965287 0.910027
vt 0.958270 0.911882
vt 0.652692 0.571649
vt 0.659546 0.574851
vt 0.654734 0.581652
vt 0.647670 0.578242
vt 0.659546 0.599466
vt 0.652482 0.596056
vt 0.017356 0.160214
vt 0.009477 0.158439
vt 0.008127 0.140606
vt 0.016006 0.142380
vt 0.009477 0.126233
vt 0.017356 0.128008
vt 0.983979 0.288187
vt 0.976713 0.288385
vt 0.973742 0.273984
vt 0.981008 0.273786
vt 0.976713 0.259015
vt 0.983979 0.258817
vt 0.684795 0.708528
vt 0.692959 0.707073
vt 0.694259 0.717740
vt 0.686095 0.719195
vt 0.692959 0.738198
vt 0.684795 0.739653
vt 0.352470 0.037764
vt 0.352470 0.045394
vt 0.345984 0.043703
vt 0.345984 0.036073
vt 0.012915 0.160812
vt 0.018692 0.161432
vt 0.015527 0.167911
vt 0.009560 0.167183
vt 0.018692 0.178905
vt 0.012725 0.178178
vt 0.982643 0.078772
vt 0.976452 0.076725
vt 0.973432 0.059467
vt 0.979623 0.061513
vt 0.976452 0.043246
vt 0.982643 0.045293
vt 0.970627 0.161198
vt 0.964237 0.161549
vt 0.954599 0.142518
vt 0.960989 0.142167
vt 0.956259 0.133179
vt 0.962649 0.132829
vt 0.959990 0.126370
vt 0.966380 0.126020
vt 0.964237 0.113092
vt 0.970627 0.112741
vt 0.116730 0.037799
vt 0.122830 0.036685
vt 0.121062 0.051405
vt 0.114962 0.052519
vt 0.122830 0.058966
vt 0.116730 0.060080
vt 0.681861 0.325072
vt 0.673649 0.318453
vt 0.674410 0.310476
vt 0.681594 0.315914
vt 0.682086 0.339162
vt 0.673530 0.330497
vt 0.967023 0.693057
vt 0.966802 0.678728
vt 0.971878 0.679448
vt 0.972099 0.693591
vt 0.967375 0.669175
vt 0.972428 0.670232
vt 0.910782 0.929704
vt 0.910972 0.920816
vt 0.915916 0.915842
vt 0.916997 0.923573
vt 0.917223 0.935251
vt 0.910674 0.943642
vt 0.968049 0.659350
vt 0.972545 0.662342
vt 0.975015 0.655586
vt 0.977929 0.659964
vt 0.116639 0.303295
vt 0.122830 0.302743
vt 0.122048 0.311116
vt 0.116639 0.312417
vt 0.989319 0.011222
vt 0.978299 0.008529
vt 0.979222 0.001657
vt 0.989195 0.003246
vt 0.981195 0.655586
vt 0.983322 0.660309
vt 0.970911 0.008679
vt 0.973049 0.000442
vt 0.989319 0.021420
vt 0.978290 0.018400
vt 0.981126 0.357553
vt 0.981308 0.368970
vt 0.974624 0.373522
vt 0.974246 0.358987
vt 0.981308 0.388988
vt 0.974932 0.385386
vt 0.989249 0.037383
vt 0.978422 0.035135
vt 0.978684 0.392523
vt 0.972892 0.389117
vt 0.179254 0.242991
vt 0.175179 0.233792
vt 0.179559 0.233871
vt 0.182911 0.240991
vt 0.977775 0.677414
vt 0.983979 0.681920
vt 0.983903 0.694035
vt 0.978208 0.697790
vt 0.971597 0.681436
vt 0.971981 0.700976
vt 0.977625 0.666301
vt 0.983979 0.667438
vt 0.971528 0.669745
vt 0.736983 0.936811
vt 0.736027 0.951766
vt 0.731275 0.953098
vt 0.732197 0.938498
vt 0.735311 0.927523
vt 0.730488 0.929796
vt 0.917223 0.954606
vt 0.910623 0.953524
vt 0.735247 0.963973
vt 0.730488 0.965287
vt 0.178721 0.225520
vt 0.182911 0.227610
vt 0.967178 0.703078
vt 0.972254 0.703605
vt 0.682243 0.349016
vt 0.673530 0.349800
vt 0.183845 0.181279
vt 0.184246 0.194727
vt 0.178480 0.194927
vt 0.178480 0.178408
vt 0.104139 0.001246
vt 0.104139 0.020027
vt 0.098935 0.017343
vt 0.098886 0.001969
s 1
usemtl BAKE
f 2/1/1 1/2/2 4/3/3 7/4/4
f 1/2/2 3/5/5 6/6/6 4/3/3
f 7/4/4 4/3/3 5/7/7 8/8/8
f 4/3/3 6/6/6 28/9/9 5/7/7
f 10/10/10 2/11/1 7/12/4 9/13/11
f 9/13/11 7/12/4 8/14/8 11/15/12
f 13/16/13 10/10/10 9/13/11 12/17/14
f 12/17/14 9/13/11 11/15/12 14/18/15
f 16/19/16 13/20/13 12/21/14 15/22/17
f 15/22/17 12/21/14 14/23/15 17/24/18
f 19/25/19 16/19/16 15/22/17 18/26/20
f 18/26/20 15/22/17 17/24/18 20/27/21
f 22/28/22 19/29/19 18/30/20 21/31/23
f 21/31/23 18/30/20 20/32/21 23/33/24
f 25/34/25 22/28/22 21/31/23 24/35/26
f 24/35/26 21/31/23 23/33/24 26/36/27
f 3/5/5 25/37/25 24/38/26 6/6/6
f 6/6/6 24/38/26 26/39/27 28/9/9
f 28/9/9 26/39/27 27/40/28 29/41/29
f 26/36/27 23/33/24 41/42/30 27/43/28
f 5/7/7 28/9/9 29/41/29 30/44/31
f 30/45/31 29/46/29 31/47/32 32/48/33
f 29/46/29 27/49/28 33/50/34 31/47/32
f 32/51/33 31/52/32 34/53/35 35/54/36
f 31/52/32 33/55/34 36/56/37 34/53/35
f 33/57/34 39/58/38 37/59/39 36/60/37
f 39/58/38 40/61/40 38/62/41 37/59/39
f 41/42/30 42/63/42 40/61/40 39/58/38
f 27/43/28 41/42/30 39/58/38 33/57/34
f 23/33/24 20/32/21 42/63/42 41/42/30
f 42/64/42 43/65/43 45/66/44 40/67/40
f 20/27/21 17/24/18 43/68/43 42/69/42
f 43/65/43 44/70/45 46/71/46 45/66/44
f 17/24/18 14/23/15 44/72/45 43/68/43
f 45/73/44 46/74/46 48/75/47 47/76/48
f 40/77/40 45/73/44 47/76/48 38/78/41
f 46/79/46 51/80/49 49/81/50 48/82/47
f 51/80/49 52/83/51 50/84/52 49/81/50
f 53/85/53 54/86/54 52/87/51 51/88/49
f 44/70/45 53/85/53 51/88/49 46/71/46
f 11/15/12 8/14/8 54/89/54 53/90/53
f 14/18/15 11/15/12 53/90/53 44/91/45
f 54/86/54 30/45/31 32/48/33 52/87/51
f 8/8/8 5/7/7 30/44/31 54/92/54
f 52/93/51 32/51/33 35/54/36 50/94/52
f 78/95/55 56/96/56 55/97/57 57/98/58
f 56/96/56 59/99/59 58/100/60 55/97/57
f 59/101/59 61/102/61 60/103/62 58/104/60
f 61/102/61 63/105/63 62/106/64 60/103/62
f 63/107/63 65/108/65 64/109/66 62/110/64
f 64/111/66 65/112/65 68/113/67 66/114/68
f 66/114/68 68/113/67 69/115/69 67/116/70
f 68/117/67 70/118/71 71/119/72 69/120/69
f 65/121/65 72/122/73 70/123/71 68/124/67
f 73/125/74 72/126/73 65/108/65 63/107/63
f 74/127/75 73/128/74 63/129/63 61/130/61
f 75/131/76 74/127/75 61/130/61 59/99/59
f 76/132/77 75/131/76 59/99/59 56/96/56
f 77/133/78 76/132/77 56/96/56 78/95/55
f 79/134/79 77/133/78 78/95/55 80/135/80
f 79/134/79 80/135/80 83/136/81 81/137/82
f 81/137/82 83/136/81 84/138/83 82/139/84
f 83/136/81 85/140/85 86/141/86 84/138/83
f 80/135/80 87/142/87 85/140/85 83/136/81
f 80/135/80 78/95/55 57/98/58 87/142/87
f 84/138/83 86/141/86 88/143/88 89/144/89
f 89/145/89 88/146/88 90/147/90 91/148/91
f 91/148/91 90/147/90 92/149/92 93/150/93
f 93/151/93 92/152/92 94/153/94 95/154/95
f 94/155/94 96/156/96 97/157/97 95/158/95
f 96/156/96 98/159/98 99/160/99 97/157/97
f 98/161/98 100/162/100 101/163/101 99/164/99
f 100/162/100 102/165/102 103/166/103 101/163/101
f 103/167/103 102/168/102 104/169/104 105/170/105
f 105/170/105 104/169/104 106/171/106 107/172/107
f 107/173/107 106/174/106 108/175/108 109/176/109
f 109/176/109 108/175/108 110/177/110 111/178/111
f 111/179/111 110/180/110 112/181/112 113/182/113
f 115/183/114 113/182/113 112/181/112 114/184/115
f 117/185/116 115/186/114 114/187/115 116/188/117
f 119/189/118 117/185/116 116/188/117 118/190/119
f 121/191/120 119/192/118 118/193/119 120/194/121
f 123/195/122 121/191/120 120/194/121 122/196/123
f 124/197/124 125/198/125 123/199/122 122/200/123
f 67/201/70 69/120/69 125/202/125 124/203/124
f 125/202/125 126/204/126 127/205/127 123/206/122
f 69/120/69 71/119/72 126/204/126 125/202/125
f 127/207/127 128/208/128 121/209/120 123/210/122
f 128/208/128 129/211/129 119/212/118 121/209/120
f 129/211/129 130/213/130 117/214/116 119/212/118
f 130/213/130 131/215/131 115/183/114 117/214/116
f 131/215/131 132/216/132 113/182/113 115/183/114
f 133/217/133 111/179/111 113/182/113 132/216/132
f 134/218/134 109/219/109 111/179/111 133/217/133
f 135/220/135 107/221/107 109/219/109 134/218/134
f 136/222/136 105/223/105 107/221/107 135/220/135
f 137/224/137 103/166/103 105/223/105 136/222/136
f 101/163/101 103/166/103 137/224/137 138/225/138
f 99/164/99 101/163/101 138/225/138 139/226/139
f 97/227/97 99/164/99 139/226/139 140/228/140
f 95/229/95 97/227/97 140/228/140 141/230/141
f 142/231/142 93/150/93 95/229/95 141/230/141
f 143/232/143 91/148/91 93/150/93 142/231/142
f 144/233/144 89/144/89 91/234/91 143/235/143
f 82/139/84 84/138/83 89/144/89 144/233/144
f 145/236/145 147/237/146 162/238/147 146/239/148
f 148/240/149 150/241/150 147/237/146 145/236/145
f 149/242/151 151/243/152 150/241/150 148/240/149
f 153/244/153 152/245/154 150/241/150 151/243/152
f 152/245/154 154/246/155 147/237/146 150/241/150
f 156/247/156 155/248/157 152/249/154 153/250/153
f 155/248/157 157/251/158 154/252/155 152/249/154
f 156/247/156 196/253/159 197/254/160 198/255/161 199/256/162 200/257/163 201/258/164 203/259/165 204/260/166 205/261/167 206/262/168 208/263/169 159/264/170 158/265/171 157/251/158 155/248/157
f 157/251/158 158/265/171 160/266/172 154/252/155
f 158/265/171 159/264/170 161/267/173 160/266/172
f 160/268/172 161/269/173 163/270/174 162/271/147
f 154/246/155 160/272/172 162/238/147 147/237/146
f 146/239/148 162/238/147 163/273/174 164/274/175
f 161/269/173 166/275/176 165/276/177 163/270/174
f 164/277/175 163/270/174 165/276/177 167/278/178
f 166/275/176 169/279/179 168/280/180 165/276/177
f 167/278/178 165/276/177 168/280/180 171/281/181
f 169/279/179 207/282/182 170/283/183 168/280/180
f 171/281/181 168/280/180 170/283/183 172/284/184
f 172/284/184 170/283/183 175/285/185 173/286/186
f 173/287/186 175/288/185 177/289/187 174/290/188
f 176/291/189 178/292/190 177/289/187 175/288/185
f 207/282/182 176/293/189 175/285/185 170/283/183
f 178/292/190 180/294/191 179/295/192 177/289/187
f 174/290/188 177/289/187 179/295/192 182/296/193
f 180/294/191 202/297/194 181/298/195 179/295/192
f 182/296/193 179/295/192 181/298/195 183/299/196
f 183/300/196 181/301/195 186/302/197 184/303/198
f 184/303/198 186/302/197 188/304/199 185/305/200
f 187/306/201 189/307/202 188/304/199 186/302/197
f 202/308/194 187/309/201 186/310/197 181/311/195
f 189/307/202 191/312/203 190/313/204 188/304/199
f 185/305/200 188/304/199 190/313/204 193/314/205
f 191/312/203 195/315/206 192/316/207 190/313/204
f 193/314/205 190/313/204 192/316/207 194/317/208
f 194/317/208 192/316/207 151/318/152 149/319/151
f 195/315/206 153/320/153 151/318/152 192/316/207
f 197/254/160 196/253/159 195/321/206 191/322/203
f 196/253/159 156/247/156 153/250/153 195/321/206
f 198/255/161 197/254/160 191/322/203 189/323/202
f 199/256/162 198/255/161 189/323/202 187/309/201
f 200/257/163 199/256/162 187/309/201 202/308/194
f 201/258/164 200/257/163 202/308/194 180/324/191
f 203/259/165 201/258/164 180/324/191 178/325/190
f 204/260/166 203/259/165 178/325/190 176/326/189
f 205/261/167 204/260/166 176/326/189 207/327/182
f 206/262/168 205/261/167 207/327/182 169/328/179
f 208/263/169 206/262/168 169/328/179 166/329/176
f 159/264/170 208/263/169 166/329/176 161/267/173
f 209/330/209 210/331/210 226/332/211 211/333/212
f 212/334/213 209/330/209 211/333/212 214/335/214
f 213/336/215 212/334/213 214/335/214 215/337/216
f 217/338/217 215/339/216 214/340/214 216/341/218
f 216/342/218 214/335/214 211/333/212 218/343/219
f 220/344/220 217/338/217 216/341/218 219/345/221
f 219/345/221 216/341/218 218/346/219 221/347/222
f 220/344/220 219/345/221 221/347/222 222/348/223 223/349/224 272/350/225 270/351/226 269/352/227 268/353/228 267/354/229 265/355/230 264/356/231 263/357/232 262/358/233 261/359/234 260/360/235
f 221/347/222 218/346/219 224/361/236 222/348/223
f 222/348/223 224/361/236 225/362/237 223/349/224
f 224/363/236 226/364/211 227/365/238 225/366/237
f 218/343/219 211/333/212 226/332/211 224/367/236
f 210/331/210 228/368/239 227/369/238 226/332/211
f 225/366/237 227/365/238 229/370/240 230/371/241
f 228/372/239 231/373/242 229/370/240 227/365/238
f 230/371/241 229/370/240 232/374/243 233/375/244
f 231/373/242 235/376/245 232/374/243 229/370/240
f 233/375/244 232/374/243 234/377/246 271/378/247
f 235/376/245 236/379/248 234/377/246 232/374/243
f 236/379/248 237/380/249 239/381/250 234/377/246
f 237/382/249 238/383/251 241/384/252 239/385/250
f 240/386/253 239/385/250 241/384/252 242/387/254
f 271/378/247 234/377/246 239/381/250 240/388/253
f 242/387/254 241/384/252 243/389/255 244/390/256
f 238/383/251 246/391/257 243/389/255 241/384/252
f 244/390/256 243/389/255 245/392/258 266/393/259
f 246/391/257 247/394/260 245/392/258 243/389/255
f 247/395/260 248/396/261 250/397/262 245/398/258
f 248/396/261 249/399/263 252/400/264 250/397/262
f 251/401/265 250/397/262 252/400/264 253/402/266
f 266/403/259 245/404/258 250/405/262 251/406/265
f 253/402/266 252/400/264 254/407/267 255/408/268
f 249/399/263 257/409/269 254/407/267 252/400/264
f 255/408/268 254/407/267 256/410/270 259/411/271
f 257/409/269 258/412/272 256/410/270 254/407/267
f 258/412/272 213/413/215 215/414/216 256/410/270
f 259/411/271 256/410/270 215/414/216 217/415/217
f 261/359/234 255/416/268 259/417/271 260/360/235
f 260/360/235 259/417/271 217/338/217 220/344/220
f 262/358/233 253/418/266 255/416/268 261/359/234
f 263/357/232 251/406/265 253/418/266 262/358/233
f 264/356/231 266/403/259 251/406/265 263/357/232
f 265/355/230 244/419/256 266/403/259 264/356/231
f 267/354/229 242/420/254 244/419/256 265/355/230
f 268/353/228 240/421/253 242/420/254 267/354/229
f 269/352/227 271/422/247 240/421/253 268/353/228
f 270/351/226 233/423/244 271/422/247 269/352/227
f 272/350/225 230/424/241 233/423/244 270/351/226
f 223/349/224 225/362/237 230/424/241 272/350/225
f 273/425/273 275/426/274 348/427/275 274/428/276
f 273/429/273 274/430/276 279/431/277 277/432/278
f 275/426/274 273/425/273 276/433/279 290/434/280
f 276/435/279 273/429/273 277/432/278 278/436/281
f 281/437/282 278/436/281 277/432/278 279/431/277
f 274/430/276 335/438/283 280/439/284 279/431/277
f 282/440/285 281/437/282 279/431/277 280/439/284
f 281/437/282 283/441/286 286/442/287 278/436/281
f 282/440/285 285/443/288 283/441/286 281/437/282
f 284/444/289 283/445/286 285/446/288 334/447/290
f 287/448/291 286/442/287 283/441/286 284/449/289
f 276/435/279 278/436/281 286/442/287 287/448/291
f 287/450/291 284/451/289 289/452/292 288/453/293
f 288/453/293 290/434/280 276/433/279 287/450/291
f 289/452/292 293/454/294 291/455/295 288/453/293
f 288/453/293 291/455/295 292/456/296 290/434/280
f 295/457/297 294/458/298 293/459/294 289/460/292
f 297/461/299 296/462/300 294/458/298 295/457/297
f 298/463/301 296/462/300 297/461/299 299/464/302
f 300/465/303 302/466/304 301/467/305 299/464/302
f 333/468/306 300/465/303 299/464/302 297/461/299
f 302/466/304 305/469/307 303/470/308 301/467/305
f 305/469/307 306/471/309 304/472/309 303/470/308
f 300/465/303 312/473/310 307/474/311 302/466/304
f 307/474/311 310/475/312 308/476/313 302/466/304
f 310/477/312 311/478/314 309/479/314 308/480/313
f 313/481/315 307/482/311 312/483/310 328/484/316
f 313/481/315 316/485/317 314/486/318 307/482/311
f 316/485/317 317/487/319 315/488/320 314/486/318
f 316/485/317 318/489/321 319/490/322 317/487/319
f 313/481/315 320/491/323 318/489/321 316/485/317
f 327/492/324 321/493/325 320/491/323 322/494/326
f 320/491/323 321/493/325 325/495/327 323/496/328
f 313/481/315 328/484/316 322/494/326 320/491/323
f 323/496/328 325/495/327 326/497/329 324/498/329
f 330/499/330 327/492/324 322/494/326 329/500/331
f 328/484/316 331/501/332 329/500/331 322/494/326
f 335/438/283 330/499/330 329/500/331 280/439/284
f 331/501/332 282/440/285 280/439/284 329/500/331
f 331/501/332 332/502/333 285/443/288 282/440/285
f 328/484/316 312/483/310 332/502/333 331/501/332
f 334/503/290 285/443/288 332/502/333 333/504/306
f 333/504/306 332/502/333 312/483/310 300/505/303
f 334/447/290 333/468/306 297/461/299 295/457/297
f 284/444/289 334/447/290 295/457/297 289/460/292
f 335/506/283 337/507/334 336/508/335 330/509/330
f 330/509/330 336/508/335 339/510/336 327/511/324
f 336/508/335 337/507/334 346/512/337 338/513/338
f 341/514/339 339/510/336 336/508/335 338/513/338
f 327/511/324 339/510/336 340/515/340 321/516/325
f 321/516/325 340/515/340 342/517/341 344/518/342
f 344/518/342 342/517/341 343/519/343 345/520/343
f 337/507/334 348/521/275 347/522/344 346/512/337
f 348/427/275 275/426/274 349/523/345 347/524/344
f 275/426/274 290/434/280 292/456/296 349/523/345
f 274/525/276 348/521/275 337/507/334 335/506/283
f 350/526/346 352/527/347 355/528/348 351/529/349
f 352/527/347 350/526/346 353/530/350 354/531/350
f 351/529/349 355/528/348 356/532/351 357/533/352
f 357/534/352 356/535/351 358/536/353 359/537/354
f 360/538/355 361/539/356 365/540/357 362/541/358
f 362/541/358 364/542/350 363/543/350 360/538/355
f 361/539/356 367/544/359 366/545/360 365/540/357
f 367/546/359 369/547/361 368/548/362 366/549/360
f 370/550/363 372/551/363 373/552/364 371/553/365
f 371/553/365 373/552/364 374/554/366 406/555/367
f 374/554/366 373/552/364 375/556/368 377/557/369
f 377/557/369 375/556/368 376/558/370 378/559/371
f 379/560/372 377/557/369 378/559/371 381/561/373
f 380/562/374 374/554/366 377/557/369 379/560/372
f 384/563/375 380/562/374 379/560/372 382/564/376
f 382/564/376 379/560/372 381/561/373 385/565/377
f 383/566/378 382/564/376 385/565/377 386/567/379
f 396/568/380 384/563/375 382/564/376 383/566/378
f 385/565/377 381/561/373 388/569/381 387/570/382
f 386/567/379 385/565/377 387/570/382 389/571/383
f 389/571/383 387/570/382 390/572/384 391/573/385
f 386/567/379 389/571/383 392/574/386 393/575/387
f 381/561/373 378/559/371 394/576/388 388/569/381
f 378/559/371 376/558/370 395/577/389 394/576/388
f 398/578/390 380/562/374 384/563/375 397/579/391
f 397/579/391 384/563/375 396/568/380 399/580/392
f 399/580/392 396/568/380 401/581/393 400/582/394
f 400/582/394 401/581/393 405/583/395 402/584/396
f 400/582/394 402/584/396 404/585/397 403/586/397
f 406/555/367 374/554/366 380/562/374 398/578/390
f 407/587/398 408/588/399 410/589/400 409/590/398
f 408/588/399 443/591/401 411/592/402 410/589/400
f 411/592/402 414/593/403 412/594/404 410/589/400
f 414/593/403 415/595/405 413/596/406 412/594/404
f 416/597/407 418/598/408 415/595/405 414/593/403
f 417/599/409 416/597/407 414/593/403 411/592/402
f 421/600/410 419/601/411 416/597/407 417/599/409
f 419/601/411 422/602/412 418/598/408 416/597/407
f 420/603/413 423/604/414 422/602/412 419/601/411
f 433/605/415 420/603/413 419/601/411 421/600/410
f 422/602/412 424/606/416 425/607/417 418/598/408
f 423/604/414 426/608/418 424/606/416 422/602/412
f 426/608/418 428/609/419 427/610/420 424/606/416
f 423/604/414 430/611/421 429/612/422 426/608/418
f 418/598/408 425/607/417 431/613/423 415/595/405
f 415/595/405 431/613/423 432/614/424 413/596/406
f 435/615/425 434/616/426 421/600/410 417/599/409
f 434/616/426 436/617/427 433/605/415 421/600/410
f 436/617/427 437/618/428 438/619/429 433/605/415
f 437/618/428 439/620/430 442/621/431 438/619/429
f 437/618/428 440/622/432 441/623/432 439/620/430
f 443/591/401 435/615/425 417/599/409 411/592/402
f 444/624/433 445/625/434 449/626/435 448/627/436
f 446/628/437 494/629/438 445/625/434 444/624/433
f 446/628/437 444/624/433 447/630/439 523/631/440
f 444/624/433 448/627/436 450/632/441 447/630/439
f 449/626/435 452/633/442 451/634/443 448/627/436
f 448/627/436 451/634/443 453/635/444 450/632/441
f 451/636/443 452/637/442 456/638/445 454/639/446
f 453/640/444 451/636/443 454/639/446 457/641/447
f 454/639/446 456/638/445 469/642/448 455/643/449
f 457/641/447 454/639/446 455/643/449 458/644/450
f 460/645/451 453/640/444 457/641/447 459/646/452
f 459/646/452 457/641/447 458/644/450 461/647/453
f 461/648/453 458/649/450 464/650/454 462/651/455
f 462/651/455 464/650/454 465/652/456 463/653/457
f 458/649/450 455/654/449 466/655/458 464/650/454
f 464/650/454 466/655/458 467/656/459 465/652/456
f 466/655/458 468/657/460 470/658/461 467/656/459
f 455/654/449 469/659/448 468/657/460 466/655/458
f 469/659/448 473/660/462 471/661/463 468/657/460
f 468/657/460 471/661/463 472/662/464 470/658/461
f 472/662/464 471/661/463 474/663/465 475/664/466
f 471/661/463 473/660/462 476/665/467 474/663/465
f 473/666/462 479/667/468 477/668/469 476/669/467
f 479/667/468 480/670/470 478/671/471 477/668/469
f 456/638/445 479/667/468 473/666/462 469/642/448
f 452/637/442 480/670/470 479/667/468 456/638/445
f 481/672/472 480/673/470 452/633/442 449/626/435
f 480/670/470 481/674/472 483/675/473 478/671/471
f 481/672/472 482/676/474 484/677/475 483/678/473
f 482/676/474 481/672/472 449/626/435 445/625/434
f 482/679/474 486/680/476 485/681/477 484/682/475
f 489/683/478 487/684/479 485/681/477 486/680/476
f 490/685/480 488/686/481 487/684/479 489/683/478
f 494/629/438 491/687/482 489/688/478 486/689/476
f 489/688/478 491/687/482 493/690/483 490/691/480
f 492/692/484 495/693/485 493/690/483 491/687/482
f 446/628/437 492/692/484 491/687/482 494/629/438
f 494/629/438 486/689/476 482/676/474 445/625/434
f 493/690/483 495/693/485 497/694/486 496/695/487
f 490/691/480 493/690/483 496/695/487 498/696/488
f 497/697/486 501/698/489 499/699/490 496/700/487
f 496/700/487 499/699/490 502/701/491 498/702/488
f 501/698/489 511/703/492 500/704/493 499/699/490
f 499/699/490 500/704/493 503/705/494 502/701/491
f 503/705/494 505/706/495 504/707/496 502/701/491
f 502/701/491 504/707/496 506/708/497 498/702/488
f 498/709/488 506/710/497 488/686/481 490/685/480
f 508/711/498 507/712/499 505/713/495 503/714/494
f 472/662/464 475/664/466 507/712/499 508/711/498
f 509/715/500 470/658/461 472/662/464 508/711/498
f 500/716/493 509/715/500 508/711/498 503/714/494
f 511/717/492 510/718/501 509/715/500 500/716/493
f 510/718/501 467/656/459 470/658/461 509/715/500
f 512/719/502 465/652/456 467/656/459 510/718/501
f 513/720/503 512/719/502 510/718/501 511/717/492
f 515/721/504 514/722/505 512/719/502 513/720/503
f 514/722/505 463/653/457 465/652/456 512/719/502
f 516/723/506 515/724/504 513/725/503 518/726/507
f 517/727/508 516/723/506 518/726/507 519/728/509
f 519/728/509 518/726/507 501/698/489 497/697/486
f 518/726/507 513/725/503 511/703/492 501/698/489
f 495/729/485 520/730/510 519/728/509 497/697/486
f 520/731/510 521/732/511 517/733/508 519/734/509
f 492/692/484 522/735/512 520/731/510 495/693/485
f 522/735/512 524/736/513 521/732/511 520/731/510
f 523/631/440 525/737/514 524/736/513 522/735/512
f 446/628/437 523/631/440 522/735/512 492/692/484
f 523/631/440 447/630/439 526/738/515 525/737/514
f 447/630/439 450/632/441 527/739/516 526/738/515
f 450/632/441 453/635/444 460/740/451 527/739/516
f 529/741/517 533/742/518 531/743/519 528/744/520
f 528/744/520 530/745/521 543/746/522 529/741/517
f 531/747/519 532/748/523 530/749/521 528/750/520
f 532/748/523 531/747/519 534/751/524 536/752/525
f 531/743/519 533/742/518 535/753/526 534/754/524
f 534/754/524 535/753/526 539/755/527 537/756/528
f 536/752/525 534/751/524 537/757/528 538/758/529
f 535/759/526 541/760/530 540/761/531 539/762/527
f 541/763/530 536/764/525 538/765/529 540/766/531
f 542/767/532 532/768/523 536/764/525 541/763/530
f 533/769/518 542/770/532 541/760/530 535/759/526
f 542/767/532 543/771/522 530/772/521 532/768/523
f 529/773/517 543/774/522 542/770/532 533/769/518
f 545/775/533 544/776/534 547/777/535 549/778/536
f 544/776/534 545/775/533 559/779/537 546/780/538
f 547/781/535 544/782/534 546/783/538 548/784/539
f 548/784/539 552/785/540 550/786/541 547/781/535
f 547/777/535 550/787/541 551/788/542 549/778/536
f 550/787/541 553/789/543 555/790/544 551/788/542
f 552/785/540 554/791/545 553/792/543 550/786/541
f 551/793/542 555/794/544 556/795/546 557/796/547
f 557/797/547 556/798/546 554/799/545 552/800/540
f 558/801/548 557/802/547 552/803/540 548/804/539
f 549/805/536 551/793/542 557/796/547 558/806/548
f 558/801/548 548/804/539 546/807/538 559/808/537
f 545/809/533 549/805/536 558/806/548 559/810/537
f 565/811/549 562/812/550 560/813/551 561/814/552
f 562/812/550 565/811/549 630/815/553 563/816/554
f 562/812/550 563/816/554 567/817/555 566/818/556
f 564/819/557 562/812/550 566/818/556 568/820/558
f 567/817/555 563/816/554 645/821/559 569/822/560
f 567/817/555 569/822/560 646/823/561 570/824/562
f 573/825/563 571/826/564 567/817/555 570/824/562
f 574/827/565 572/828/566 571/826/564 573/825/563
f 573/825/563 570/824/562 576/829/567 575/830/568
f 574/827/565 573/825/563 575/830/568 577/831/569
f 570/824/562 646/823/561 578/832/570 576/829/567
f 578/833/570 582/834/571 579/835/572 576/836/567
f 579/835/572 581/837/573 580/838/573 576/836/567
f 582/834/571 586/839/574 584/840/575 579/835/572
f 579/835/572 584/840/575 585/841/576 583/842/577
f 584/840/575 587/843/578 588/844/579 585/841/576
f 586/839/574 589/845/580 587/843/578 584/840/575
f 592/846/581 590/847/582 589/845/580 586/839/574
f 593/848/583 591/849/584 590/850/582 592/851/581
f 595/852/585 593/848/583 592/851/581 594/853/586
f 594/854/586 592/846/581 586/839/574 582/834/571
f 598/855/587 595/852/585 594/853/586 596/856/588
f 596/856/588 594/853/586 582/857/571 578/858/570
f 597/859/589 599/860/590 598/855/587 596/856/588
f 646/823/561 597/861/589 596/862/588 578/832/570
f 599/860/590 602/863/591 600/864/592 598/855/587
f 598/855/587 600/864/592 601/865/593 595/852/585
f 600/864/592 603/866/594 605/867/595 601/865/593
f 602/863/591 604/868/596 603/866/594 600/864/592
f 601/865/593 605/867/595 606/869/597 607/870/598
f 607/870/598 606/869/597 591/849/584 593/848/583
f 601/865/593 607/870/598 593/848/583 595/852/585
f 609/871/599 608/872/600 604/868/596 602/863/591
f 609/871/599 611/873/601 610/874/602 608/872/600
f 611/873/601 613/875/603 612/876/604 610/874/602
f 613/875/603 615/877/605 614/878/606 612/876/604
f 615/877/605 617/879/607 616/880/608 614/878/606
f 617/881/607 619/882/609 618/883/610 616/884/608
f 619/885/609 621/886/611 620/887/612 618/888/610
f 621/889/611 623/890/613 622/891/614 620/892/612
f 623/890/613 625/893/615 624/894/616 622/891/614
f 625/893/615 627/895/617 626/896/618 624/894/616
f 629/897/619 628/898/620 627/895/617 625/893/615
f 629/897/619 630/899/553 634/900/621 632/901/622
f 636/902/623 630/899/553 629/897/619 631/903/624
f 631/903/624 629/897/619 625/893/615 623/890/613
f 632/901/622 634/900/621 635/904/625 633/905/625
f 638/906/626 636/902/623 631/903/624 637/907/627
f 637/907/627 631/903/624 623/890/613 621/889/611
f 640/908/628 638/909/626 637/910/627 639/911/629
f 639/912/629 637/907/627 621/889/611 619/913/609
f 640/908/628 639/911/629 615/877/605 613/875/603
f 615/877/605 639/911/629 619/914/609 617/879/607
f 642/915/630 638/909/626 640/908/628 641/916/631
f 641/916/631 640/908/628 613/875/603 611/873/601
f 644/917/632 642/915/630 641/916/631 643/918/633
f 643/918/633 641/916/631 611/873/601 609/871/599
f 644/917/632 643/918/633 599/860/590 597/859/589
f 643/918/633 609/871/599 602/863/591 599/860/590
f 569/822/560 645/821/559 642/919/630 644/920/632
f 569/822/560 644/920/632 597/861/589 646/823/561
f 645/821/559 636/921/623 638/922/626 642/919/630
f 563/816/554 630/815/553 636/921/623 645/821/559
f 648/923/634 662/924/635 649/925/636 647/926/637
f 647/927/637 649/928/636 652/929/638 650/930/639
f 650/930/639 652/929/638 653/931/640 651/932/641
f 651/933/641 653/934/640 654/935/642 655/936/643
f 657/937/644 655/936/643 654/935/642 656/938/645
f 659/939/646 657/940/644 656/941/645 658/942/647
f 661/943/648 659/939/646 658/942/647 660/944/649
f 648/923/634 661/945/648 660/946/649 662/924/635
f 666/947/650 663/948/651 664/949/651 667/950/652
f 664/951/653 663/952/653 665/953/653 677/954/653
f 663/955/654 666/956/655 668/957/656 665/958/654
f 669/959/657 666/947/650 667/950/652 672/960/658
f 666/961/655 669/962/659 670/963/660 668/964/656
f 669/962/659 671/965/661 678/966/662 670/963/660
f 671/967/663 669/959/657 672/960/658 673/968/663
f 673/969/664 672/970/665 674/971/666 675/972/667
f 672/970/665 667/973/668 676/974/669 674/971/666
f 675/972/670 674/971/671 670/975/672 678/976/673
f 674/971/671 676/974/674 668/977/675 670/975/672
f 667/978/668 664/951/676 677/954/676 676/979/669
f 676/980/674 677/981/677 665/982/677 668/983/675
f 679/984/678 675/972/670 678/976/673 681/985/678
f 680/986/679 673/969/664 675/972/667 679/984/680
f 680/986/679 679/984/680 682/987/681 685/988/682
f 679/984/678 681/985/678 684/989/683 682/987/684
f 685/988/682 682/987/681 683/990/685 687/991/686
f 682/987/684 684/989/683 703/992/687 683/990/688
f 685/993/689 686/994/689 689/995/689 688/996/689
f 686/997/690 685/998/690 687/999/691 695/1000/692
f 680/986/679 685/988/682 688/1001/693 690/1002/694
f 691/1003/695 690/1004/695 688/1005/696 689/1006/696
f 691/1003/695 693/1007/697 692/1008/697 690/1004/695
f 680/986/679 690/1002/694 692/1009/698 673/969/664
f 673/1010/699 692/1011/699 693/1012/699 671/1013/699
f 671/965/661 693/1007/700 691/1003/701 694/1014/702
f 686/1015/703 694/1014/702 691/1003/701 689/1006/704
f 671/965/661 694/1014/702 681/1016/705 678/966/662
f 686/1015/703 684/1017/706 681/1016/705 694/1014/702
f 695/1000/692 687/999/691 696/1018/707 699/1019/708
f 687/991/686 683/990/685 698/1020/709 696/1021/710
f 699/1019/708 696/1018/707 697/1022/711 700/1023/711
f 696/1024/710 698/1025/709 704/1026/712 697/1027/712
f 700/1028/713 702/1029/713 701/1030/714 699/1031/715
f 699/1032/715 701/1033/714 703/1034/716 695/1035/717
f 683/990/688 703/992/687 701/1036/718 698/1020/719
f 698/1037/719 701/1038/718 702/1039/720 704/1040/720
f 695/1035/717 703/1034/716 684/1017/706 686/1015/703
f 697/1027/721 704/1026/721 702/1041/721 700/1042/721
f 705/1043/722 708/1044/723 711/1045/724 706/1046/725
f 706/1047/725 726/1048/726 707/1049/727 705/1050/722
f 707/1049/727 709/1051/728 708/1052/723 705/1050/722
f 709/1053/728 716/1054/729 710/1055/730 708/1044/723
f 708/1044/723 710/1055/730 713/1056/731 711/1045/724
f 706/1046/725 711/1045/724 712/1057/732 729/1058/733
f 711/1045/724 713/1056/731 714/1059/734 712/1057/732
f 718/1060/735 714/1061/734 713/1062/731 715/1063/736
f 715/1063/736 713/1062/731 710/1064/730 716/1065/729
f 717/1066/737 715/1063/736 716/1065/729 730/1067/738
f 720/1068/739 718/1060/735 715/1063/736 717/1066/737
f 712/1069/732 714/1070/734 718/1071/735 719/1072/740
f 719/1072/740 718/1071/735 720/1073/739 721/1074/741
f 721/1075/741 720/1076/739 717/1077/737 723/1078/742
f 728/1079/743 719/1072/740 721/1074/741 722/1080/744
f 722/1081/744 721/1075/741 723/1078/742 725/1082/745
f 725/1082/745 723/1078/742 724/1083/746 727/1084/747
f 723/1078/742 717/1077/737 730/1085/738 724/1083/746
f 728/1086/743 722/1087/744 725/1088/745 726/1048/726
f 726/1048/726 725/1088/745 727/1089/747 707/1049/727
f 727/1090/747 724/1091/746 709/1092/728 707/1093/727
f 729/1094/733 728/1086/743 726/1048/726 706/1047/725
f 729/1095/733 712/1069/732 719/1072/740 728/1079/743
f 724/1091/746 730/1096/738 716/1097/729 709/1092/728
f 731/1098/748 732/1099/749 737/1100/750 734/1101/751
f 732/1102/749 731/1103/748 733/1104/752 752/1105/753
f 733/1106/752 731/1098/748 734/1101/751 735/1107/754
f 735/1108/754 734/1109/751 736/1110/755 742/1111/756
f 734/1101/751 737/1100/750 739/1112/757 736/1113/755
f 732/1099/749 755/1114/758 738/1115/759 737/1100/750
f 737/1100/750 738/1115/759 740/1116/760 739/1112/757
f 744/1117/761 741/1118/762 739/1119/757 740/1120/760
f 741/1118/762 742/1121/756 736/1122/755 739/1119/757
f 743/1123/763 756/1124/764 742/1121/756 741/1118/762
f 746/1125/765 743/1123/763 741/1118/762 744/1117/761
f 738/1126/759 745/1127/766 744/1117/761 740/1120/760
f 745/1127/766 747/1128/767 746/1125/765 744/1117/761
f 747/1129/767 749/1130/768 743/1131/763 746/1132/765
f 754/1133/769 748/1134/770 747/1135/767 745/1136/766
f 748/1137/770 751/1138/771 749/1130/768 747/1129/767
f 751/1138/771 753/1139/772 750/1140/773 749/1130/768
f 749/1130/768 750/1140/773 756/1141/764 743/1131/763
f 754/1142/769 752/1105/753 751/1143/771 748/1144/770
f 752/1105/753 733/1104/752 753/1145/772 751/1143/771
f 753/1145/772 733/1104/752 735/1146/754 750/1147/773
f 755/1148/758 732/1102/749 752/1105/753 754/1142/769
f 755/1149/758 754/1133/769 745/1136/766 738/1150/759
f 750/1151/773 735/1108/754 742/1111/756 756/1152/764
f 757/1153/774 761/1154/775 762/1155/776 758/1156/776
f 758/1157/777 800/1158/777 759/1159/778 757/1160/779
f 757/1160/779 759/1159/778 798/1161/780 760/1162/781
f 761/1154/775 757/1153/774 760/1163/782 764/1164/783
f 761/1165/784 763/1166/785 799/1167/786 762/1168/786
f 763/1166/785 761/1165/784 764/1169/787 765/1170/788
f 765/1170/788 764/1169/787 766/1171/789 767/1172/790
f 764/1173/783 760/1174/782 768/1175/791 766/1176/792
f 767/1177/790 766/1178/789 769/1179/793 770/1180/794
f 766/1176/792 768/1175/791 772/1181/795 769/1182/796
f 770/1180/794 769/1179/793 771/1183/797 783/1184/798
f 769/1182/796 772/1181/795 774/1185/799 771/1186/800
f 768/1187/801 797/1188/802 773/1189/803 772/1190/804
f 772/1190/804 773/1189/803 775/1191/805 774/1192/806
f 771/1186/800 774/1185/799 776/1193/807 777/1194/808
f 774/1192/806 775/1191/805 779/1195/809 776/1196/810
f 777/1194/808 776/1193/807 778/1197/811 785/1198/812
f 776/1196/810 779/1195/809 780/1199/813 778/1200/814
f 779/1201/815 781/1202/816 782/1203/817 780/1204/818
f 775/1205/819 783/1206/820 781/1202/816 779/1201/815
f 781/1207/821 777/1208/822 785/1209/823 782/1210/824
f 783/1184/798 771/1183/797 777/1208/822 781/1207/821
f 773/1211/825 770/1212/826 783/1206/820 775/1205/819
f 782/1210/824 785/1209/823 786/1213/827 784/1214/827
f 780/1215/818 782/1216/817 784/1217/828 790/1218/828
f 785/1219/812 778/1220/811 788/1221/829 786/1222/829
f 784/1223/830 786/1222/831 787/1224/831 792/1225/830
f 786/1222/831 788/1221/832 789/1226/832 787/1224/831
f 788/1221/832 790/1227/830 791/1228/830 789/1226/832
f 778/1200/814 780/1199/813 790/1229/833 788/1230/833
f 790/1227/830 784/1223/830 792/1225/830 791/1228/830
f 791/1231/834 792/1232/834 795/1233/834 793/1234/834
f 789/1235/835 791/1236/835 793/1237/835 794/1238/835
f 794/1239/836 793/1240/836 795/1241/836 796/1242/836
f 792/1243/837 787/1244/837 796/1245/837 795/1246/837
f 787/1224/838 789/1226/838 794/1247/838 796/1248/838
f 797/1249/839 767/1250/840 770/1212/826 773/1211/825
f 760/1162/781 798/1161/780 797/1251/802 768/1252/801
f 798/1253/841 765/1254/842 767/1250/840 797/1249/839
f 759/1255/843 763/1256/844 765/1257/842 798/1258/841
f 763/1256/844 759/1255/843 800/1259/845 799/1260/845
f 801/1261/846 799/1260/845 800/1259/845 804/1262/847
f 802/1263/848 762/1168/786 799/1167/786 801/1264/849
f 801/1264/849 803/1265/850 809/1266/851 802/1263/848
f 804/1262/847 806/1267/852 803/1268/853 801/1261/846
f 805/1269/854 808/1270/855 806/1271/856 804/1272/857
f 758/1157/777 805/1269/854 804/1272/857 800/1158/777
f 808/1270/855 810/1273/858 807/1274/859 806/1271/856
f 806/1275/852 807/1276/860 827/1277/861 803/1278/853
f 802/1279/862 809/1280/863 808/1281/864 805/1282/865
f 809/1280/863 811/1283/866 810/1284/867 808/1281/864
f 811/1285/866 813/1286/868 812/1287/869 810/1288/867
f 810/1289/858 812/1290/870 814/1291/871 807/1276/859
f 813/1286/868 816/1292/872 815/1293/873 812/1287/869
f 812/1290/870 815/1294/874 817/1295/875 814/1291/871
f 816/1292/872 819/1296/876 818/1297/877 815/1293/873
f 815/1298/874 818/1299/878 821/1300/879 817/1301/875
f 819/1302/876 829/1303/880 820/1304/881 818/1305/877
f 818/1299/878 820/1306/882 822/1307/883 821/1300/879
f 821/1308/884 822/1309/885 824/1310/886 823/1311/887
f 817/1295/888 821/1308/884 823/1311/887 825/1312/889
f 823/1313/890 824/1314/891 829/1315/892 819/1316/893
f 825/1317/894 823/1313/890 819/1316/893 816/1318/895
f 814/1291/896 817/1295/888 825/1312/889 826/1319/897
f 826/1320/898 825/1321/894 816/1292/895 813/1286/899
f 827/1322/900 826/1320/898 813/1286/899 811/1285/901
f 807/1276/860 814/1291/896 826/1319/897 827/1277/861
f 803/1265/850 827/1323/900 811/1324/901 809/1266/851
f 824/1314/891 828/1325/902 830/1326/902 829/1315/892
f 822/1327/885 834/1328/903 828/1329/903 824/1330/886
f 829/1303/880 830/1331/904 832/1332/904 820/1304/881
f 828/1333/905 836/1334/905 831/1335/906 830/1336/906
f 830/1336/906 831/1335/906 833/1337/907 832/1338/907
f 832/1338/907 833/1337/907 835/1339/907 834/1340/905
f 820/1306/882 832/1341/908 834/1342/908 822/1307/883
f 834/1340/905 835/1339/907 836/1334/905 828/1333/905
f 835/1343/909 837/1344/909 839/1345/909 836/1346/909
f 833/1347/910 838/1348/910 837/1349/910 835/1350/910
f 838/1351/911 840/1352/911 839/1353/911 837/1354/911
f 836/1355/912 839/1356/912 840/1357/912 831/1358/912
f 831/1359/913 840/1360/913 838/1361/913 833/1362/913
f 805/1282/865 758/1156/776 762/1155/776 802/1279/862
f 842/1363/914 841/1364/915 843/1365/916 932/1366/917
f 845/1367/918 841/1364/915 842/1363/914 848/1368/919
f 841/1369/915 844/1370/920 908/1371/921 843/1372/916
f 841/1369/915 845/1373/918 847/1374/922 844/1370/920
f 846/1375/923 845/1367/918 848/1368/919 849/1376/924
f 845/1373/918 846/1377/923 952/1378/925 847/1374/922
f 849/1376/924 848/1368/919 850/1379/926 851/1380/927
f 848/1368/919 842/1363/914 852/1381/928 850/1379/926
f 854/1382/929 851/1380/927 850/1379/926 853/1383/930
f 853/1383/930 850/1379/926 852/1381/928 855/1384/931
f 857/1385/932 854/1382/929 853/1383/930 856/1386/933
f 856/1386/933 853/1383/930 855/1384/931 858/1387/934
f 856/1386/933 859/1388/935 860/1389/936 857/1385/932
f 858/1387/934 861/1390/937 859/1388/935 856/1386/933
f 859/1391/935 862/1392/938 863/1393/939 860/1394/936
f 861/1395/937 864/1396/940 862/1392/938 859/1391/935
f 862/1392/938 865/1397/941 866/1398/942 863/1393/939
f 864/1396/940 867/1399/943 865/1397/941 862/1392/938
f 865/1397/941 868/1400/944 869/1401/945 866/1398/942
f 867/1399/943 870/1402/946 868/1400/944 865/1397/941
f 868/1400/944 871/1403/947 872/1404/948 869/1401/945
f 870/1402/946 873/1405/949 871/1403/947 868/1400/944
f 874/1406/950 876/1407/951 875/1408/951 867/1399/943
f 874/1406/950 867/1399/943 864/1396/940 877/1409/952
f 877/1409/952 927/1410/953 878/1411/954 874/1406/950
f 878/1411/954 880/1412/955 879/1413/956 874/1406/950
f 882/1414/957 881/1415/958 880/1412/955 878/1411/954
f 883/1416/959 887/1417/960 884/1418/961 882/1419/957
f 927/1410/953 883/1420/959 882/1414/957 878/1411/954
f 884/1418/961 886/1421/962 885/1422/962 882/1419/957
f 887/1417/960 933/1423/963 888/1424/964 884/1418/961
f 888/1424/964 890/1425/965 889/1426/966 884/1418/961
f 888/1424/964 892/1427/967 891/1428/968 890/1425/965
f 898/1429/969 894/1430/970 892/1427/967 893/1431/971
f 893/1431/971 892/1427/967 888/1424/964 933/1423/963
f 892/1427/967 894/1430/970 896/1432/972 895/1433/972
f 894/1434/970 897/1435/973 900/1436/974 899/1437/975
f 909/1438/976 897/1435/973 894/1434/970 898/1439/969
f 897/1435/973 902/1440/977 901/1441/978 900/1436/974
f 902/1440/977 903/1442/979 906/1443/980 905/1444/980
f 902/1440/977 904/1445/981 907/1446/982 903/1442/979
f 904/1445/981 902/1440/977 897/1435/973 909/1438/976
f 904/1445/981 908/1371/921 844/1370/920 907/1446/982
f 908/1371/921 904/1445/981 909/1438/976 910/1447/983
f 910/1447/983 909/1438/976 898/1439/969 912/1448/984
f 843/1372/916 908/1371/921 910/1447/983 911/1449/985
f 911/1450/985 910/1451/983 912/1452/984 913/1453/986
f 912/1452/984 898/1429/969 893/1431/971 914/1454/987
f 912/1452/984 914/1454/987 916/1455/988 913/1453/986
f 916/1455/988 914/1454/987 915/1456/989 918/1457/990
f 914/1454/987 893/1431/971 933/1423/963 915/1456/989
f 919/1458/991 917/1459/992 916/1455/988 918/1457/990
f 917/1459/992 911/1450/985 913/1453/986 916/1455/988
f 919/1458/991 918/1457/990 920/1460/993 921/1461/994
f 920/1460/993 918/1457/990 915/1456/989 923/1462/995
f 921/1461/994 920/1460/993 922/1463/996 928/1464/997
f 924/1465/998 922/1463/996 920/1460/993 923/1462/995
f 924/1465/998 923/1462/995 887/1417/960 883/1416/959
f 923/1462/995 915/1456/989 933/1423/963 887/1417/960
f 928/1464/997 922/1463/996 924/1465/998 925/1466/999
f 925/1467/999 924/1468/998 883/1420/959 927/1410/953
f 929/1469/1000 928/1470/997 925/1471/999 926/1472/1001
f 926/1473/1001 925/1467/999 927/1410/953 877/1409/952
f 930/1474/1002 921/1461/994 928/1464/997 929/1475/1000
f 855/1384/931 930/1476/1002 929/1469/1000 858/1387/934
f 858/1387/934 929/1469/1000 926/1472/1001 861/1390/937
f 931/1477/1003 919/1458/991 921/1461/994 930/1474/1002
f 852/1381/928 931/1478/1003 930/1476/1002 855/1384/931
f 852/1381/928 842/1363/914 932/1366/917 931/1478/1003
f 931/1477/1003 932/1479/917 917/1459/992 919/1458/991
f 932/1479/917 843/1480/916 911/1450/985 917/1459/992
f 877/1409/952 864/1396/940 861/1395/937 926/1473/1001
f 844/1370/920 847/1374/922 934/1481/1004 907/1446/982
f 907/1446/982 934/1481/1004 936/1482/1005 903/1442/979
f 847/1374/922 952/1378/925 935/1483/1006 934/1481/1004
f 934/1481/1004 935/1483/1006 937/1484/1007 936/1482/1005
f 936/1482/1005 937/1484/1007 939/1485/1008 938/1486/1009
f 903/1442/979 936/1482/1005 938/1486/1009 940/1487/1010
f 937/1484/1007 942/1488/1011 945/1489/1012 941/1490/1013
f 935/1483/1006 944/1491/1014 942/1488/1011 937/1484/1007
f 942/1488/1011 943/1492/1015 947/1493/1016 945/1489/1012
f 944/1491/1014 950/1494/1017 943/1492/1015 942/1488/1011
f 941/1490/1013 945/1489/1012 946/1495/1018 949/1496/1019
f 945/1489/1012 947/1493/1016 948/1497/1020 946/1495/1018
f 952/1378/925 951/1498/1021 944/1491/1014 935/1483/1006
f 951/1498/1021 953/1499/1022 950/1494/1017 944/1491/1014
f 846/1375/923 954/1500/1023 951/1501/1021 952/1502/925
f 954/1500/1023 955/1503/1024 953/1504/1022 951/1501/1021
f 954/1500/1023 846/1375/923 849/1376/924 956/1505/1025
f 955/1503/1024 954/1500/1023 956/1505/1025 957/1506/1026
f 956/1505/1025 849/1376/924 851/1380/927 958/1507/1027
f 957/1506/1026 956/1505/1025 958/1507/1027 959/1508/1028
f 960/1509/1029 958/1507/1027 851/1380/927 854/1382/929
f 961/1510/1030 959/1508/1028 958/1507/1027 960/1509/1029
f 962/1511/1031 960/1509/1029 854/1382/929 857/1385/932
f 963/1512/1032 961/1510/1030 960/1509/1029 962/1511/1031
f 857/1385/932 860/1389/936 964/1513/1033 962/1511/1031
f 962/1511/1031 964/1513/1033 965/1514/1034 963/1512/1032
f 860/1394/936 863/1393/939 966/1515/1035 964/1516/1033
f 964/1516/1033 966/1515/1035 967/1517/1036 965/1518/1034
f 863/1393/939 866/1398/942 968/1519/1037 966/1515/1035
f 966/1515/1035 968/1519/1037 969/1520/1038 967/1517/1036
f 866/1398/942 972/1521/1039 970/1522/1040 968/1519/1037
f 968/1519/1037 970/1522/1040 971/1523/1041 969/1520/1038
f 970/1522/1040 973/1524/1042 975/1525/1043 971/1523/1041
f 972/1521/1039 974/1526/1044 973/1524/1042 970/1522/1040
f 969/1520/1038 976/1527/1045 977/1528/1046 967/1517/1036
f 967/1529/1036 977/1530/1046 978/1531/1047 965/1514/1034
f 965/1514/1034 978/1531/1047 979/1532/1048 963/1512/1032
f 963/1512/1032 979/1532/1048 980/1533/1049 961/1510/1030
f 961/1510/1030 980/1533/1049 981/1534/1050 959/1508/1028
f 957/1506/1026 959/1508/1028 981/1534/1050 982/1535/1051
f 955/1503/1024 957/1506/1026 982/1535/1051 983/1536/1052
f 953/1504/1022 955/1503/1024 983/1536/1052 984/1537/1053
f 950/1538/1017 953/1504/1022 984/1537/1053 985/1539/1054
f 943/1492/1015 950/1494/1017 985/1540/1054 986/1541/1055
f 987/1542/1056 988/1543/1057 994/1544/1058 991/1545/1059
f 987/1542/1056 990/1546/1060 1008/1547/1061 988/1543/1057
f 987/1542/1056 991/1545/1059 993/1548/1062 989/1549/1063
f 990/1546/1060 987/1542/1056 989/1549/1063 1020/1550/1064
f 991/1545/1059 992/1551/1065 1026/1552/1066 993/1548/1062
f 991/1545/1059 994/1544/1058 995/1553/1067 992/1551/1065
f 994/1544/1058 996/1554/1068 997/1555/1069 995/1553/1067
f 988/1543/1057 998/1556/1070 996/1554/1068 994/1544/1058
f 997/1555/1069 996/1554/1068 999/1557/1071 1000/1558/1072
f 996/1554/1068 998/1556/1070 1001/1559/1073 999/1557/1071
f 1000/1558/1072 999/1557/1071 1002/1560/1074 1003/1561/1075
f 999/1557/1071 1001/1559/1073 1004/1562/1076 1002/1560/1074
f 998/1556/1070 1006/1563/1077 1009/1564/1078 1005/1565/1079
f 988/1543/1057 1008/1547/1061 1006/1563/1077 998/1556/1070
f 1006/1563/1077 1007/1566/1080 1010/1567/1081 1009/1564/1078
f 1008/1547/1061 1017/1568/1082 1007/1566/1080 1006/1563/1077
f 1005/1565/1079 1009/1564/1078 1011/1569/1083 1013/1570/1084
f 1009/1564/1078 1010/1567/1081 1014/1571/1085 1011/1569/1083
f 1013/1570/1084 1011/1569/1083 1012/1572/1086 1016/1573/1087
f 1011/1569/1083 1014/1571/1085 1015/1574/1088 1012/1572/1086
f 990/1546/1060 1018/1575/1089 1017/1568/1082 1008/1547/1061
f 1018/1575/1089 990/1546/1060 1020/1550/1064 1019/1576/1090
f 1019/1576/1090 1020/1550/1064 1022/1577/1091 1021/1578/1092
f 1020/1550/1064 989/1549/1063 1023/1579/1093 1022/1577/1091
f 989/1549/1063 993/1548/1062 1024/1580/1094 1023/1579/1093
f 993/1548/1062 1026/1552/1066 1025/1581/1094 1024/1580/1094
f 1027/1582/1095 1031/1583/1096 1034/1584/1097 1028/1585/1098
f 1027/1582/1095 1028/1585/1098 1049/1586/1099 1030/1587/1100
f 1027/1582/1095 1029/1588/1101 1033/1589/1102 1031/1583/1096
f 1030/1587/1100 1053/1590/1103 1029/1588/1101 1027/1582/1095
f 1031/1583/1096 1033/1589/1102 1059/1591/1104 1032/1592/1105
f 1031/1583/1096 1032/1592/1105 1035/1593/1106 1034/1584/1097
f 1034/1584/1097 1035/1593/1106 1037/1594/1107 1036/1595/1108
f 1028/1585/1098 1034/1584/1097 1036/1595/1108 1038/1596/1109
f 1037/1594/1107 1041/1597/1110 1039/1598/1111 1036/1595/1108
f 1036/1595/1108 1039/1598/1111 1042/1599/1112 1038/1596/1109
f 1041/1597/1110 1044/1600/1113 1040/1601/1114 1039/1598/1111
f 1039/1598/1111 1040/1601/1114 1043/1602/1115 1042/1599/1112
f 1038/1596/1109 1045/1603/1116 1048/1604/1117 1046/1605/1118
f 1028/1585/1098 1038/1596/1109 1046/1605/1118 1049/1586/1099
f 1046/1605/1118 1048/1604/1117 1060/1606/1119 1047/1607/1120
f 1049/1586/1099 1046/1605/1118 1047/1607/1120 1050/1608/1121
f 1030/1587/1100 1049/1586/1099 1050/1608/1121 1051/1609/1122
f 1051/1609/1122 1052/1610/1123 1053/1590/1103 1030/1587/1100
f 1052/1610/1123 1054/1611/1124 1055/1612/1124 1053/1590/1103
f 1053/1590/1103 1055/1612/1124 1056/1613/1125 1029/1588/1101
f 1029/1588/1101 1056/1613/1125 1057/1614/1126 1033/1589/1102
f 1033/1589/1102 1057/1614/1126 1058/1615/1127 1059/1591/1104
f 1048/1604/1117 1061/1616/1128 1062/1617/1129 1060/1606/1119
f 1045/1603/1116 1063/1618/1130 1061/1616/1128 1048/1604/1117
f 1061/1616/1128 1064/1619/1131 1065/1620/1132 1062/1617/1129
f 1063/1618/1130 1066/1621/1133 1064/1619/1131 1061/1616/1128
f 1068/1622/1134 1067/1623/1135 1072/1624/1136 1085/1625/1137
f 1067/1623/1135 1068/1622/1134 1088/1626/1138 1069/1627/1139
f 1067/1623/1135 1069/1627/1139 1111/1628/1140 1070/1629/1141
f 1067/1630/1135 1070/1631/1141 1124/1632/1142 1071/1633/1143
f 1071/1634/1143 1074/1635/1144 1073/1636/1145 1067/1637/1135
f 1067/1638/1135 1073/1639/1145 1075/1640/1146 1072/1641/1136
f 1076/1642/1147 1073/1636/1145 1074/1635/1144 1077/1643/1148
f 1079/1644/1149 1075/1645/1146 1073/1646/1145 1076/1647/1147
f 1077/1648/1148 1125/1649/1150 1078/1650/1151 1076/1647/1147
f 1076/1647/1147 1078/1650/1151 1080/1651/1152 1079/1644/1149
f 1079/1644/1149 1080/1651/1152 1082/1652/1153 1081/1653/1154
f 1081/1654/1154 1084/1655/1155 1075/1656/1146 1079/1657/1149
f 1081/1658/1154 1082/1659/1153 1130/1660/1156 1083/1661/1157
f 1083/1662/1157 1086/1663/1158 1084/1655/1155 1081/1654/1154
f 1072/1641/1136 1075/1640/1146 1084/1664/1155 1085/1665/1137
f 1085/1666/1137 1084/1655/1155 1086/1663/1158 1068/1667/1134
f 1068/1667/1134 1086/1663/1158 1087/1668/1159 1088/1669/1138
f 1090/1670/1160 1087/1668/1159 1086/1663/1158 1083/1662/1157
f 1088/1669/1138 1087/1668/1159 1089/1671/1161 1129/1672/1162
f 1092/1673/1163 1089/1671/1161 1087/1668/1159 1090/1670/1160
f 1083/1674/1157 1130/1675/1156 1091/1676/1164 1090/1677/1160
f 1090/1677/1160 1091/1676/1164 1093/1678/1165 1092/1679/1163
f 1092/1680/1163 1093/1681/1165 1095/1682/1166 1094/1683/1167
f 1094/1684/1167 1097/1685/1168 1089/1671/1161 1092/1673/1163
f 1094/1683/1167 1095/1682/1166 1128/1686/1169 1096/1687/1170
f 1096/1688/1170 1099/1689/1171 1097/1690/1168 1094/1691/1167
f 1129/1692/1162 1089/1693/1161 1097/1694/1168 1098/1695/1172
f 1098/1695/1172 1097/1694/1168 1099/1696/1171 1069/1627/1139
f 1069/1627/1139 1099/1696/1171 1100/1697/1173 1101/1698/1174
f 1103/1699/1175 1100/1700/1173 1099/1701/1171 1096/1702/1170
f 1101/1698/1174 1100/1697/1173 1102/1703/1176 1127/1704/1177
f 1105/1705/1178 1102/1703/1176 1100/1697/1173 1103/1706/1175
f 1096/1687/1170 1128/1686/1169 1104/1707/1179 1103/1708/1175
f 1103/1708/1175 1104/1707/1179 1106/1709/1180 1105/1710/1178
f 1105/1711/1178 1106/1712/1180 1108/1713/1181 1107/1714/1182
f 1107/1714/1182 1110/1715/1183 1102/1716/1176 1105/1711/1178
f 1107/1717/1182 1108/1718/1181 1126/1719/1184 1109/1720/1185
f 1109/1721/1185 1112/1722/1186 1110/1723/1183 1107/1724/1182
f 1111/1628/1140 1110/1723/1183 1112/1722/1186 1113/1725/1187
f 1127/1726/1177 1102/1716/1176 1110/1715/1183 1111/1727/1140
f 1113/1725/1187 1112/1722/1186 1114/1728/1188 1115/1729/1189
f 1117/1730/1190 1114/1731/1188 1112/1732/1186 1109/1733/1185
f 1115/1734/1189 1114/1735/1188 1116/1736/1191 1070/1737/1141
f 1119/1738/1192 1116/1739/1191 1114/1740/1188 1117/1741/1190
f 1109/1733/1185 1126/1742/1184 1118/1743/1193 1117/1730/1190
f 1117/1741/1190 1118/1744/1193 1120/1745/1194 1119/1738/1192
f 1119/1746/1192 1120/1747/1194 1122/1748/1195 1121/1749/1196
f 1121/1749/1196 1123/1750/1197 1116/1751/1191 1119/1746/1192
f 1121/1752/1196 1122/1753/1195 1125/1649/1150 1077/1648/1148
f 1077/1648/1148 1074/1754/1144 1123/1755/1197 1121/1752/1196
f 1124/1632/1142 1123/1756/1197 1074/1757/1144 1071/1633/1143
f 1070/1758/1141 1116/1751/1191 1123/1750/1197 1124/1759/1142
f 1078/1650/1151 1125/1649/1150 1122/1753/1195 1120/1745/1194
f 1078/1650/1151 1120/1745/1194 1108/1760/1181 1128/1761/1169
f 1120/1745/1194 1118/1744/1193 1126/1762/1184 1108/1760/1181
f 1070/1629/1141 1111/1628/1140 1113/1725/1187 1115/1729/1189
f 1111/1628/1140 1069/1627/1139 1101/1698/1174 1127/1704/1177
f 1108/1760/1181 1106/1763/1180 1104/1764/1179 1128/1761/1169
f 1078/1650/1151 1128/1761/1169 1091/1676/1164 1130/1675/1156
f 1128/1761/1169 1095/1765/1166 1093/1678/1165 1091/1676/1164
f 1069/1627/1139 1088/1626/1138 1129/1692/1162 1098/1695/1172
f 1130/1675/1156 1082/1652/1153 1080/1651/1152 1078/1650/1151
f 1131/1766/1198 1133/1767/1199 1139/1768/1200 1132/1769/1201
f 1131/1766/1198 1132/1769/1201 1135/1770/1202 1134/1771/1203
f 1132/1769/1201 1137/1772/1204 1136/1773/1205 1135/1770/1202
f 1132/1769/1201 1139/1768/1200 1138/1774/1206 1137/1772/1204
f 1138/1774/1206 1139/1768/1200 1141/1775/1207 1140/1776/1208
f 1139/1768/1200 1133/1767/1199 1142/1777/1209 1141/1775/1207
f 1143/1778/1210 1145/1779/1210 1146/1780/1210 1144/1781/1210
f 1147/1782/1210 1149/1783/1210 1150/1784/1210 1148/1785/1210
f 1151/1786/1211 1153/1787/1212 1155/1788/1213 1152/1789/1211
f 1153/1787/1212 1154/1790/1214 1156/1791/1215 1155/1788/1213
f 1157/1792/1216 1158/1793/1216 1161/1794/1217 1159/1795/1218
f 1159/1795/1218 1161/1794/1217 1162/1796/1219 1160/1797/1220
f 1163/1798/1221 1166/1799/1222 1169/1800/1223 1164/1801/1224
f 1166/1799/1222 1163/1798/1221 1165/1802/1225 1168/1803/1226
f 1167/1804/1227 1166/1799/1222 1168/1803/1226 1190/1805/1228
f 1166/1799/1222 1167/1804/1227 1170/1806/1229 1169/1800/1223
f 1164/1807/1230 1169/1808/1230 1171/1809/1230 1172/1810/1230
f 1169/1808/1230 1170/1811/1230 1173/1812/1230 1171/1809/1230
f 1172/1813/1231 1171/1814/1232 1174/1815/1233 1175/1816/1231
f 1171/1814/1232 1173/1817/1234 1176/1818/1234 1174/1815/1233
f 1175/1819/1235 1174/1820/1236 1177/1821/1237 1178/1822/1235
f 1174/1820/1236 1176/1823/1238 1179/1824/1238 1177/1821/1237
f 1178/1825/1239 1177/1826/1240 1180/1827/1241 1181/1828/1239
f 1177/1826/1240 1179/1829/1242 1182/1830/1242 1180/1827/1241
f 1181/1831/1243 1180/1832/1244 1183/1833/1245 1184/1834/1246
f 1180/1832/1244 1182/1835/1247 1185/1836/1248 1183/1833/1245
f 1184/1834/1246 1183/1833/1245 1187/1837/1249 1188/1838/1249
f 1183/1839/1245 1185/1840/1248 1189/1841/1250 1186/1842/1250
f 1190/1843/1251 1168/1844/1252 1191/1845/1253 1192/1846/1251
f 1168/1844/1252 1165/1847/1254 1193/1848/1254 1191/1845/1253
f 1194/1849/1255 1195/1850/1256 1265/1851/1257 1197/1852/1258
f 1194/1849/1255 1196/1853/1259 1213/1854/1260 1195/1850/1256
f 1194/1855/1255 1198/1856/1261 1201/1857/1262 1196/1858/1259
f 1198/1856/1261 1194/1855/1255 1197/1859/1258 1200/1860/1263
f 1199/1861/1264 1198/1856/1261 1200/1860/1263 1226/1862/1265
f 1198/1856/1261 1199/1861/1264 1202/1863/1266 1201/1857/1262
f 1201/1857/1262 1202/1863/1266 1204/1864/1267 1203/1865/1268
f 1196/1858/1259 1201/1857/1262 1203/1865/1268 1205/1866/1269
f 1203/1865/1268 1204/1864/1267 1207/1867/1270 1206/1868/1271
f 1205/1869/1269 1203/1870/1268 1206/1871/1271 1208/1872/1272
f 1211/1873/1273 1205/1869/1269 1208/1872/1272 1209/1874/1274
f 1212/1875/1275 1211/1876/1273 1209/1877/1274 1210/1878/1276
f 1213/1854/1260 1196/1853/1259 1205/1869/1269 1211/1873/1273
f 1214/1879/1277 1213/1880/1260 1211/1876/1273 1212/1875/1275
f 1195/1881/1256 1213/1880/1260 1214/1879/1277 1215/1882/1278
f 1215/1882/1278 1214/1879/1277 1216/1883/1279 1217/1884/1280
f 1216/1883/1279 1214/1879/1277 1212/1875/1275 1219/1885/1281
f 1217/1886/1280 1216/1887/1279 1218/1888/1282 1223/1889/1283
f 1218/1888/1282 1216/1887/1279 1219/1890/1281 1220/1891/1284
f 1219/1890/1281 1212/1892/1275 1210/1893/1276 1221/1894/1285
f 1220/1891/1284 1219/1890/1281 1221/1894/1285 1222/1895/1286
f 1204/1864/1267 1220/1896/1284 1222/1897/1286 1207/1867/1270
f 1202/1863/1266 1218/1898/1282 1220/1896/1284 1204/1864/1267
f 1223/1899/1283 1218/1898/1282 1202/1863/1266 1199/1861/1264
f 1217/1886/1280 1223/1889/1283 1224/1900/1287 1225/1901/1288
f 1223/1889/1283 1199/1902/1264 1226/1903/1265 1224/1900/1287
f 1225/1901/1288 1224/1900/1287 1227/1904/1289 1228/1905/1290
f 1224/1900/1287 1226/1903/1265 1229/1906/1291 1227/1904/1289
f 1228/1905/1290 1227/1904/1289 1231/1907/1292 1233/1908/1293
f 1227/1904/1289 1229/1906/1291 1244/1909/1294 1230/1910/1295
f 1227/1904/1289 1230/1910/1295 1232/1911/1296 1231/1907/1292
f 1230/1910/1295 1235/1912/1297 1234/1913/1298 1232/1911/1296
f 1238/1914/1299 1236/1915/1300 1234/1913/1298 1235/1912/1297
f 1239/1916/1301 1237/1917/1302 1236/1915/1300 1238/1914/1299
f 1239/1916/1301 1238/1914/1299 1240/1918/1303 1241/1919/1304
f 1238/1914/1299 1235/1912/1297 1243/1920/1305 1240/1918/1303
f 1240/1918/1303 1242/1921/1306 1319/1922/1307 1241/1919/1304
f 1243/1920/1305 1245/1923/1308 1242/1921/1306 1240/1918/1303
f 1230/1910/1295 1244/1909/1294 1243/1920/1305 1235/1912/1297
f 1243/1920/1305 1244/1909/1294 1246/1924/1309 1245/1923/1308
f 1244/1909/1294 1229/1906/1291 1247/1925/1310 1246/1924/1309
f 1229/1906/1291 1226/1903/1265 1248/1926/1311 1247/1925/1310
f 1226/1927/1265 1200/1928/1263 1249/1929/1312 1248/1930/1311
f 1200/1928/1263 1197/1931/1258 1250/1932/1313 1249/1929/1312
f 1197/1931/1258 1252/1933/1314 1251/1934/1315 1250/1932/1313
f 1251/1934/1315 1252/1933/1314 1254/1935/1316 1253/1936/1317
f 1253/1937/1317 1254/1938/1316 1257/1939/1318 1255/1940/1319
f 1255/1940/1319 1257/1939/1318 1258/1941/1320 1256/1942/1321
f 1257/1939/1318 1259/1943/1322 1260/1944/1323 1258/1941/1320
f 1254/1938/1316 1261/1945/1324 1259/1943/1322 1257/1939/1318
f 1260/1946/1323 1259/1947/1322 1262/1948/1325 1263/1949/1326
f 1264/1950/1327 1262/1948/1325 1259/1947/1322 1261/1951/1324
f 1252/1933/1314 1264/1952/1327 1261/1953/1324 1254/1935/1316
f 1197/1931/1258 1265/1954/1257 1264/1952/1327 1252/1933/1314
f 1265/1955/1257 1267/1956/1328 1266/1957/1329 1264/1958/1327
f 1267/1959/1328 1225/1901/1288 1228/1905/1290 1266/1960/1329
f 1195/1881/1256 1215/1882/1278 1267/1961/1328 1265/1962/1257
f 1215/1882/1278 1217/1884/1280 1225/1963/1288 1267/1961/1328
f 1260/1946/1323 1263/1949/1326 1268/1964/1330 1269/1965/1331
f 1270/1966/1332 1274/1967/1333 1269/1965/1331 1268/1964/1330
f 1271/1968/1334 1275/1969/1335 1274/1970/1333 1270/1971/1332
f 1282/1972/1336 1271/1968/1334 1270/1971/1332 1272/1973/1337
f 1272/1974/1337 1270/1975/1332 1273/1976/1338 1315/1977/1339
f 1275/1978/1335 1277/1979/1340 1269/1980/1331 1274/1981/1333
f 1276/1982/1341 1278/1983/1342 1277/1979/1340 1275/1978/1335
f 1279/1984/1343 1276/1985/1341 1275/1969/1335 1271/1968/1334
f 1277/1979/1340 1258/1941/1320 1260/1944/1323 1269/1980/1331
f 1278/1983/1342 1256/1942/1321 1258/1941/1320 1277/1979/1340
f 1282/1972/1336 1280/1986/1344 1279/1984/1343 1271/1968/1334
f 1284/1987/1345 1281/1988/1346 1280/1986/1344 1282/1972/1336
f 1283/1989/1347 1282/1990/1336 1272/1991/1337 1302/1992/1348
f 1286/1993/1349 1284/1994/1345 1282/1995/1336 1283/1996/1347
f 1285/1997/1350 1318/1998/1351 1281/1988/1346 1284/1987/1345
f 1287/1999/1352 1285/2000/1350 1284/1994/1345 1286/1993/1349
f 1286/1993/1349 1288/2001/1353 1289/2002/1354 1287/1999/1352
f 1283/1996/1347 1290/2003/1355 1288/2001/1353 1286/1993/1349
f 1288/2001/1353 1291/2004/1356 1292/2005/1357 1289/2002/1354
f 1290/2003/1355 1293/2006/1358 1291/2004/1356 1288/2001/1353
f 1291/2007/1356 1294/2008/1359 1295/2009/1360 1292/2010/1357
f 1293/2011/1358 1296/2012/1361 1294/2013/1359 1291/2014/1356
f 1299/2015/1362 1297/2016/1363 1296/2012/1361 1293/2011/1358
f 1300/2017/1364 1298/2018/1365 1297/2019/1363 1299/2020/1362
f 1301/2021/1366 1299/2015/1362 1293/2011/1358 1290/2022/1355
f 1303/2023/1367 1300/2017/1364 1299/2020/1362 1301/2024/1366
f 1283/1989/1347 1302/1992/1348 1301/2021/1366 1290/2022/1355
f 1302/2025/1348 1304/2026/1368 1303/2023/1367 1301/2024/1366
f 1304/2026/1368 1306/2027/1369 1305/2028/1370 1303/2023/1367
f 1305/2028/1370 1308/2029/1371 1300/2017/1364 1303/2023/1367
f 1306/2030/1369 1312/2031/1372 1307/2032/1373 1305/2033/1370
f 1307/2032/1373 1309/2034/1374 1308/2035/1371 1305/2033/1370
f 1308/2035/1371 1310/2036/1375 1298/2037/1365 1300/2038/1364
f 1309/2034/1374 1311/2039/1376 1310/2036/1375 1308/2035/1371
f 1292/2010/1357 1295/2009/1360 1311/2040/1376 1309/2041/1374
f 1289/2002/1354 1292/2005/1357 1309/2042/1374 1307/2043/1373
f 1312/2044/1372 1287/1999/1352 1289/2002/1354 1307/2043/1373
f 1306/2030/1369 1314/2045/1377 1313/2046/1378 1312/2031/1372
f 1312/2031/1372 1313/2046/1378 1285/2047/1350 1287/2048/1352
f 1314/2045/1377 1316/2049/1379 1239/1916/1301 1313/2046/1378
f 1313/2046/1378 1239/1916/1301 1241/1919/1304 1285/2047/1350
f 1315/2050/1339 1273/2051/1338 1316/2049/1379 1314/2045/1377
f 1304/2026/1368 1315/2052/1339 1314/2053/1377 1306/2027/1369
f 1316/2049/1379 1317/2054/1380 1237/1917/1302 1239/1916/1301
f 1302/2025/1348 1272/2055/1337 1315/2052/1339 1304/2026/1368
f 1241/1919/1304 1319/1922/1307 1318/2056/1351 1285/2047/1350
s 0
f 1320/2057/1381 1322/2058/1381 1332/2059/1381 1321/2060/1381
f 1320/2057/1381 1321/2060/1381 1326/2061/1381 1323/2062/1381
f 1322/2058/1381 1320/2057/1381 1324/2063/1381 1325/2064/1381
f 1321/2060/1381 1328/2065/1381 1327/2066/1381 1326/2061/1381
f 1328/2065/1381 1329/2067/1381 1331/2068/1381 1330/2069/1381
f 1321/2060/1381 1332/2059/1381 1329/2067/1381 1328/2065/1381
f 1329/2067/1381 1332/2059/1381 1334/2070/1381 1333/2071/1381
f 1332/2059/1381 1322/2058/1381 1336/2072/1381 1335/2073/1381
s 1
f 1337/2074/1382 1338/2075/1383 1389/2076/1384 1340/2077/1385
f 1337/2074/1382 1339/2078/1386 1401/2079/1387 1338/2075/1383
f 1339/2078/1386 1337/2074/1382 1341/2080/1388 1342/2081/1389
f 1337/2074/1382 1340/2077/1385 1343/2082/1390 1341/2080/1388
f 1342/2081/1389 1341/2080/1388 1344/2083/1391 1347/2084/1392
f 1346/2085/1393 1344/2083/1391 1341/2080/1388 1343/2082/1390
f 1356/2086/1394 1345/2087/1395 1344/2083/1391 1346/2085/1393
f 1347/2084/1392 1344/2083/1391 1345/2087/1395 1348/2088/1396
f 1349/2089/1397 1348/2088/1396 1345/2087/1395 1351/2090/1398
f 1350/2091/1399 1349/2089/1397 1351/2090/1398 1352/2092/1400
f 1353/2093/1401 1354/2094/1402 1352/2092/1400 1351/2090/1398
f 1356/2086/1394 1353/2093/1401 1351/2090/1398 1345/2087/1395
f 1355/2095/1403 1364/2096/1404 1354/2094/1402 1353/2093/1401
f 1357/2097/1405 1355/2095/1403 1353/2093/1401 1356/2086/1394
f 1357/2097/1405 1356/2086/1394 1346/2085/1393 1358/2098/1406
f 1357/2099/1405 1358/2100/1406 1360/2101/1407 1359/2102/1408
f 1357/2099/1405 1359/2102/1408 1361/2103/1409 1355/2104/1403
f 1355/2104/1403 1361/2103/1409 1362/2105/1410 1364/2106/1404
f 1364/2106/1404 1362/2105/1410 1363/2107/1411 1365/2108/1412
f 1367/2109/1413 1354/2094/1402 1364/2096/1404 1365/2110/1412
f 1365/2108/1412 1363/2107/1411 1382/2111/1414 1366/2112/1415
f 1367/2109/1413 1365/2110/1412 1366/2113/1415 1368/2114/1416
f 1369/2115/1417 1367/2109/1413 1368/2114/1416 1370/2116/1418
f 1369/2115/1417 1352/2092/1400 1354/2094/1402 1367/2109/1413
f 1369/2115/1417 1370/2116/1418 1372/2117/1419 1371/2118/1420
f 1371/2118/1420 1350/2091/1399 1352/2092/1400 1369/2115/1417
f 1370/2116/1418 1374/2119/1421 1373/2120/1422 1372/2117/1419
f 1374/2121/1421 1376/2122/1423 1375/2123/1424 1373/2124/1422
f 1379/2125/1425 1377/2126/1426 1376/2127/1423 1374/2119/1421
f 1380/2128/1427 1378/2129/1428 1377/2130/1426 1379/2131/1425
f 1368/2114/1416 1379/2125/1425 1374/2119/1421 1370/2116/1418
f 1366/2113/1415 1380/2132/1427 1379/2125/1425 1368/2114/1416
f 1381/2133/1429 1383/2134/1430 1378/2135/1428 1380/2136/1427
f 1382/2111/1414 1381/2133/1429 1380/2136/1427 1366/2112/1415
f 1358/2100/1406 1386/2137/1431 1384/2138/1432 1360/2101/1407
f 1386/2137/1431 1387/2139/1433 1385/2140/1434 1384/2138/1432
f 1358/2098/1406 1346/2085/1393 1343/2082/1390 1386/2141/1431
f 1340/2077/1385 1387/2142/1433 1386/2141/1431 1343/2082/1390
f 1387/2139/1433 1388/2143/1435 1390/2144/1436 1385/2140/1434
f 1340/2077/1385 1389/2076/1384 1388/2145/1435 1387/2142/1433
f 1388/2145/1435 1389/2076/1384 1392/2146/1437 1391/2147/1438
f 1390/2144/1436 1388/2143/1435 1391/2148/1438 1393/2149/1439
f 1391/2150/1438 1392/2151/1437 1395/2152/1440 1394/2153/1441
f 1393/2149/1439 1391/2148/1438 1394/2154/1441 1396/2155/1442
f 1392/2146/1437 1399/2156/1443 1397/2157/1444 1395/2158/1440
f 1399/2159/1443 1400/2160/1445 1398/2161/1446 1397/2162/1444
f 1338/2075/1383 1401/2079/1387 1400/2163/1445 1399/2156/1443
f 1389/2076/1384 1338/2075/1383 1399/2156/1443 1392/2146/1437
f 1402/2164/1447 1403/2165/1448 1407/2166/1449 1406/2167/1450
f 1403/2165/1448 1402/2164/1447 1405/2168/1451 1427/2169/1452
f 1404/2170/1453 1402/2171/1447 1406/2172/1450 1408/2173/1454
f 1402/2174/1447 1404/2175/1453 1421/2176/1455 1405/2177/1451
f 1406/2167/1450 1407/2166/1449 1410/2178/1456 1409/2179/1457
f 1408/2173/1454 1406/2172/1450 1409/2180/1457 1411/2181/1458
f 1414/2182/1459 1408/2173/1454 1411/2181/1458 1412/2183/1460
f 1415/2184/1461 1414/2185/1459 1412/2186/1460 1413/2187/1462
f 1417/2188/1463 1416/2189/1464 1414/2185/1459 1415/2184/1461
f 1416/2190/1464 1404/2170/1453 1408/2173/1454 1414/2182/1459
f 1416/2191/1464 1417/2192/1463 1420/2193/1465 1418/2194/1466
f 1404/2175/1453 1416/2191/1464 1418/2194/1466 1421/2176/1455
f 1418/2195/1466 1420/2196/1465 1431/2197/1467 1419/2198/1468
f 1421/2199/1455 1418/2200/1466 1419/2201/1468 1422/2202/1469
f 1405/2203/1451 1421/2199/1455 1422/2202/1469 1424/2204/1470
f 1424/2204/1470 1422/2202/1469 1423/2205/1471 1425/2206/1472
f 1422/2202/1469 1419/2201/1468 1438/2207/1473 1423/2205/1471
f 1426/2208/1474 1424/2209/1470 1425/2210/1472 1428/2211/1475
f 1427/2169/1452 1405/2168/1451 1424/2209/1470 1426/2208/1474
f 1432/2212/1476 1427/2213/1452 1426/2214/1474 1429/2215/1477
f 1429/2215/1477 1426/2214/1474 1428/2216/1475 1430/2217/1478
f 1431/2197/1467 1429/2218/1477 1430/2219/1478 1436/2220/1479
f 1420/2196/1465 1432/2221/1476 1429/2218/1477 1431/2197/1467
f 1417/2222/1463 1433/2223/1480 1432/2212/1476 1420/2224/1465
f 1433/2223/1480 1403/2225/1448 1427/2213/1452 1432/2212/1476
f 1403/2225/1448 1433/2223/1480 1434/2226/1481 1407/2227/1449
f 1433/2228/1480 1417/2188/1463 1415/2184/1461 1434/2229/1481
f 1407/2230/1449 1434/2231/1481 1435/2232/1482 1410/2233/1456
f 1434/2229/1481 1415/2184/1461 1413/2187/1462 1435/2234/1482
f 1419/2198/1468 1431/2197/1467 1436/2220/1479 1438/2235/1473
f 1436/2236/1479 1430/2217/1478 1471/2237/1483 1437/2238/1484
f 1438/2235/1473 1436/2220/1479 1437/2239/1484 1439/2240/1485
f 1423/2205/1471 1438/2207/1473 1439/2241/1485 1440/2242/1486
f 1439/2243/1485 1437/2244/1484 1442/2245/1487 1441/2246/1488
f 1440/2247/1486 1439/2243/1485 1441/2246/1488 1443/2248/1489
f 1441/2249/1488 1442/2250/1487 1445/2251/1490 1444/2252/1491
f 1443/2253/1489 1441/2254/1488 1444/2255/1491 1446/2256/1492
f 1444/2252/1491 1445/2251/1490 1448/2257/1493 1447/2258/1494
f 1446/2256/1492 1444/2255/1491 1447/2259/1494 1449/2260/1495
f 1447/2258/1494 1448/2257/1493 1451/2261/1496 1450/2262/1497
f 1449/2260/1495 1447/2259/1494 1450/2263/1497 1452/2264/1498
f 1450/2262/1497 1451/2261/1496 1456/2265/1499 1453/2266/1499
f 1452/2264/1498 1450/2263/1497 1454/2267/1500 1455/2268/1500
f 1457/2269/1501 1452/2264/1498 1458/2270/1502 1459/2271/1502
f 1461/2272/1503 1449/2260/1495 1452/2264/1498 1457/2269/1501
f 1460/2273/1504 1457/2274/1501 1462/2275/1505 1463/2276/1505
f 1464/2277/1506 1461/2278/1503 1457/2279/1501 1460/2280/1504
f 1466/2281/1507 1465/2282/1508 1461/2278/1503 1464/2277/1506
f 1465/2283/1508 1446/2256/1492 1449/2260/1495 1461/2272/1503
f 1468/2284/1509 1467/2285/1510 1465/2286/1508 1466/2287/1507
f 1467/2288/1510 1443/2253/1489 1446/2256/1492 1465/2283/1508
f 1470/2289/1511 1469/2290/1512 1467/2285/1510 1468/2284/1509
f 1469/2291/1512 1440/2247/1486 1443/2248/1489 1467/2292/1510
f 1428/2211/1475 1425/2210/1472 1469/2290/1512 1470/2289/1511
f 1425/2206/1472 1423/2205/1471 1440/2242/1486 1469/2293/1512
f 1471/2237/1483 1470/2294/1511 1468/2295/1509 1472/2296/1513
f 1430/2217/1478 1428/2216/1475 1470/2294/1511 1471/2237/1483
f 1437/2238/1484 1471/2237/1483 1472/2296/1513 1442/2297/1487
f 1472/2296/1513 1468/2295/1509 1466/2298/1507 1473/2299/1514
f 1442/2297/1487 1472/2296/1513 1473/2299/1514 1445/2300/1490
f 1473/2301/1514 1466/2281/1507 1464/2277/1506 1474/2302/1515
f 1445/2251/1490 1473/2303/1514 1474/2304/1515 1448/2257/1493
f 1474/2302/1515 1464/2277/1506 1460/2280/1504 1475/2305/1516
f 1448/2257/1493 1474/2304/1515 1475/2306/1516 1451/2261/1496
f 1475/2307/1516 1460/2308/1504 1479/2309/1517 1476/2310/1517
f 1451/2311/1496 1475/2312/1516 1477/2313/1518 1478/2314/1518
f 1480/2315/1519 1484/2316/1520 1485/2317/1521 1481/2318/1522
f 1481/2318/1522 1505/2319/1523 1483/2320/1524 1480/2315/1519
f 1482/2321/1525 1486/2322/1526 1484/2323/1520 1480/2324/1519
f 1480/2325/1519 1483/2326/1524 1499/2327/1527 1482/2328/1525
f 1484/2316/1520 1487/2329/1528 1488/2330/1529 1485/2317/1521
f 1486/2322/1526 1489/2331/1530 1487/2332/1528 1484/2323/1520
f 1492/2333/1531 1490/2334/1532 1489/2331/1530 1486/2322/1526
f 1493/2335/1533 1491/2336/1534 1490/2337/1532 1492/2338/1531
f 1495/2339/1535 1493/2335/1533 1492/2338/1531 1494/2340/1536
f 1494/2341/1536 1492/2333/1531 1486/2322/1526 1482/2321/1525
f 1494/2342/1536 1496/2343/1537 1498/2344/1538 1495/2345/1535
f 1482/2328/1525 1499/2327/1527 1496/2346/1537 1494/2347/1536
f 1496/2348/1537 1497/2349/1539 1509/2350/1540 1498/2351/1538
f 1499/2352/1527 1500/2353/1541 1497/2354/1539 1496/2355/1537
f 1483/2356/1524 1502/2357/1542 1500/2353/1541 1499/2352/1527
f 1502/2357/1542 1503/2358/1543 1501/2359/1544 1500/2353/1541
f 1500/2360/1541 1501/2361/1544 1516/2362/1545 1497/2363/1539
f 1504/2364/1546 1506/2365/1547 1503/2366/1543 1502/2367/1542
f 1505/2319/1523 1504/2364/1546 1502/2367/1542 1483/2320/1524
f 1510/2368/1548 1507/2369/1549 1504/2370/1546 1505/2371/1523
f 1507/2369/1549 1508/2372/1550 1506/2373/1547 1504/2370/1546
f 1509/2374/1540 1514/2375/1551 1508/2376/1550 1507/2377/1549
f 1498/2351/1538 1509/2350/1540 1507/2378/1549 1510/2379/1548
f 1495/2345/1535 1498/2344/1538 1510/2380/1548 1511/2381/1552
f 1511/2381/1552 1510/2380/1548 1505/2382/1523 1481/2383/1522
f 1481/2384/1522 1485/2385/1521 1512/2386/1553 1511/2387/1552
f 1511/2388/1552 1512/2389/1553 1493/2335/1533 1495/2339/1535
f 1485/2385/1521 1488/2390/1529 1513/2391/1554 1512/2386/1553
f 1512/2389/1553 1513/2392/1554 1491/2336/1534 1493/2335/1533
f 1497/2349/1539 1516/2393/1545 1514/2394/1551 1509/2350/1540
f 1514/2375/1551 1515/2395/1555 1549/2396/1556 1508/2376/1550
f 1516/2393/1545 1517/2397/1557 1515/2398/1555 1514/2394/1551
f 1501/2359/1544 1518/2399/1558 1517/2400/1557 1516/2401/1545
f 1517/2402/1557 1519/2403/1559 1520/2404/1560 1515/2395/1555
f 1518/2405/1558 1521/2406/1561 1519/2407/1559 1517/2408/1557
f 1519/2409/1559 1522/2410/1562 1523/2411/1563 1520/2412/1560
f 1521/2413/1561 1524/2414/1564 1522/2415/1562 1519/2416/1559
f 1522/2410/1562 1525/2417/1565 1526/2418/1566 1523/2411/1563
f 1524/2414/1564 1527/2419/1567 1525/2420/1565 1522/2415/1562
f 1525/2417/1565 1528/2421/1568 1529/2422/1569 1526/2418/1566
f 1527/2419/1567 1530/2423/1570 1528/2424/1568 1525/2420/1565
f 1528/2421/1568 1531/2425/1571 1534/2426/1571 1529/2422/1569
f 1530/2423/1570 1533/2427/1572 1532/2428/1572 1528/2424/1568
f 1535/2429/1573 1537/2430/1574 1536/2431/1574 1530/2423/1570
f 1539/2432/1575 1535/2429/1573 1530/2423/1570 1527/2419/1567
f 1538/2433/1576 1541/2434/1577 1540/2435/1577 1535/2436/1573
f 1542/2437/1578 1538/2433/1576 1535/2436/1573 1539/2438/1575
f 1544/2439/1579 1542/2440/1578 1539/2441/1575 1543/2442/1580
f 1543/2443/1580 1539/2432/1575 1527/2419/1567 1524/2414/1564
f 1546/2444/1581 1544/2445/1579 1543/2446/1580 1545/2447/1582
f 1545/2448/1582 1543/2443/1580 1524/2414/1564 1521/2413/1561
f 1548/2449/1583 1546/2444/1581 1545/2447/1582 1547/2450/1584
f 1547/2451/1584 1545/2452/1582 1521/2406/1561 1518/2405/1558
f 1506/2365/1547 1548/2449/1583 1547/2450/1584 1503/2366/1543
f 1503/2358/1543 1547/2453/1584 1518/2399/1558 1501/2359/1544
f 1549/2396/1556 1550/2454/1585 1546/2455/1581 1548/2456/1583
f 1508/2372/1550 1549/2457/1556 1548/2458/1583 1506/2373/1547
f 1515/2395/1555 1520/2404/1560 1550/2454/1585 1549/2396/1556
f 1550/2454/1585 1551/2459/1586 1544/2460/1579 1546/2455/1581
f 1520/2404/1560 1523/2461/1563 1551/2459/1586 1550/2454/1585
f 1551/2462/1586 1552/2463/1587 1542/2440/1578 1544/2439/1579
f 1523/2411/1563 1526/2418/1566 1552/2464/1587 1551/2465/1586
f 1552/2463/1587 1553/2466/1588 1538/2467/1576 1542/2440/1578
f 1526/2418/1566 1529/2422/1569 1553/2468/1588 1552/2464/1587
f 1553/2466/1588 1554/2469/1589 1557/2470/1589 1538/2467/1576
f 1529/2471/1569 1556/2472/1590 1555/2473/1590 1553/2474/1588
f 1562/2475/1591 1559/2476/1592 1558/2477/1593 1561/2478/1594
f 1559/2479/1592 1615/2480/1595 1560/2481/1596 1558/2482/1593
f 1564/2483/1597 1562/2475/1591 1561/2478/1594 1563/2484/1598
f 1564/2483/1597 1563/2484/1598 1565/2485/1599 1566/2486/1600
f 1566/2486/1600 1565/2485/1599 1567/2487/1601 1568/2488/1602
f 1568/2488/1602 1567/2487/1601 1569/2489/1603 1570/2490/1604
f 1570/2491/1604 1569/2492/1603 1571/2493/1605 1572/2494/1606
f 1571/2495/1605 1573/2496/1607 1574/2497/1608 1572/2498/1606
f 1573/2496/1607 1575/2499/1609 1576/2500/1610 1574/2497/1608
f 1575/2501/1609 1577/2502/1611 1578/2503/1612 1576/2504/1610
f 1577/2502/1611 1579/2505/1613 1581/2506/1614 1578/2503/1612
f 1580/2507/1615 1582/2508/1616 1581/2506/1614 1579/2505/1613
f 1582/2508/1616 1584/2509/1617 1583/2510/1618 1581/2506/1614
f 1578/2503/1612 1581/2506/1614 1583/2510/1618 1586/2511/1619
f 1584/2509/1617 1641/2512/1620 1585/2513/1621 1583/2510/1618
f 1586/2511/1619 1583/2510/1618 1585/2513/1621 1587/2514/1622
f 1588/2515/1623 1586/2516/1619 1587/2517/1622 1590/2518/1624
f 1576/2504/1610 1578/2503/1612 1586/2511/1619 1588/2519/1623
f 1574/2520/1608 1576/2521/1610 1588/2515/1623 1589/2522/1625
f 1589/2522/1625 1588/2515/1623 1590/2518/1624 1591/2523/1626
f 1593/2524/1627 1589/2525/1625 1591/2526/1626 1592/2527/1628
f 1593/2524/1627 1592/2527/1628 1594/2528/1629 1595/2529/1630
f 1595/2529/1630 1594/2528/1629 1596/2530/1631 1597/2531/1632
f 1597/2531/1632 1596/2530/1631 1598/2532/1633 1599/2533/1634
f 1599/2534/1634 1598/2535/1633 1600/2536/1635 1601/2537/1636
f 1600/2536/1635 1602/2538/1637 1603/2539/1638 1601/2537/1636
f 1602/2540/1637 1604/2541/1639 1605/2542/1640 1603/2543/1638
f 1604/2541/1639 1606/2544/1641 1607/2545/1642 1605/2542/1640
f 1606/2544/1641 1608/2546/1643 1610/2547/1644 1607/2545/1642
f 1609/2548/1645 1611/2549/1646 1610/2550/1644 1608/2551/1643
f 1611/2549/1646 1613/2552/1647 1612/2553/1648 1610/2550/1644
f 1607/2545/1642 1610/2547/1644 1612/2554/1648 1615/2480/1595
f 1613/2552/1647 1616/2555/1649 1614/2556/1650 1612/2553/1648
f 1615/2557/1595 1612/2553/1648 1614/2556/1650 1560/2558/1596
f 1605/2542/1640 1607/2545/1642 1615/2480/1595 1559/2479/1592
f 1618/2559/1651 1617/2560/1652 1616/2561/1649 1613/2562/1647
f 1621/2563/1653 1619/2564/1654 1617/2565/1652 1618/2566/1651
f 1622/2567/1655 1620/2568/1656 1619/2564/1654 1621/2563/1653
f 1624/2569/1657 1622/2567/1655 1621/2563/1653 1623/2570/1658
f 1623/2570/1658 1621/2563/1653 1618/2566/1651 1626/2571/1659
f 1628/2572/1660 1624/2569/1657 1623/2570/1658 1625/2573/1661
f 1625/2573/1661 1623/2570/1658 1626/2571/1659 1627/2574/1662
f 1627/2575/1662 1626/2576/1659 1611/2577/1646 1609/2578/1645
f 1626/2576/1659 1618/2559/1651 1613/2562/1647 1611/2577/1646
f 1630/2579/1663 1624/2569/1657 1628/2572/1660 1629/2580/1664
f 1632/2581/1665 1630/2579/1663 1629/2580/1664 1631/2582/1666
f 1634/2583/1667 1632/2584/1665 1631/2585/1666 1633/2586/1668
f 1636/2587/1669 1634/2583/1667 1633/2586/1668 1635/2588/1670
f 1636/2587/1669 1635/2588/1670 1637/2589/1671 1638/2590/1672
f 1638/2591/1672 1637/2592/1671 1639/2593/1673 1640/2594/1674
f 1640/2595/1674 1639/2596/1673 1641/2597/1620 1584/2598/1617
f 1643/2599/1675 1638/2591/1672 1640/2594/1674 1642/2600/1676
f 1642/2601/1676 1640/2602/1674 1584/2509/1617 1582/2508/1616
f 1645/2603/1677 1643/2599/1675 1642/2600/1676 1644/2604/1678
f 1644/2605/1678 1642/2601/1676 1582/2508/1616 1580/2507/1615
f 1646/2606/1679 1647/2607/1680 1643/2599/1675 1645/2603/1677
f 1649/2608/1681 1647/2609/1680 1646/2610/1679 1648/2611/1682
f 1651/2612/1683 1649/2613/1681 1648/2614/1682 1650/2615/1684
f 1653/2616/1685 1651/2612/1683 1650/2615/1684 1652/2617/1686
f 1622/2567/1655 1653/2616/1685 1652/2617/1686 1620/2568/1656
f 1630/2579/1663 1653/2616/1685 1622/2567/1655 1624/2569/1657
f 1630/2579/1663 1632/2581/1665 1651/2612/1683 1653/2616/1685
f 1632/2581/1665 1634/2618/1667 1649/2613/1681 1651/2612/1683
f 1634/2583/1667 1636/2587/1669 1647/2619/1680 1649/2620/1681
f 1647/2607/1680 1636/2621/1669 1638/2591/1672 1643/2599/1675
f 1603/2543/1638 1605/2542/1640 1559/2479/1592 1562/2622/1591
f 1601/2537/1636 1603/2539/1638 1562/2475/1591 1564/2483/1597
f 1599/2534/1634 1601/2537/1636 1564/2483/1597 1566/2486/1600
f 1599/2533/1634 1566/2623/1600 1568/2624/1602 1597/2531/1632
f 1597/2531/1632 1568/2624/1602 1570/2625/1604 1595/2529/1630
f 1595/2529/1630 1570/2625/1604 1572/2498/1606 1593/2524/1627
f 1572/2498/1606 1574/2497/1608 1589/2525/1625 1593/2524/1627
f 1654/2626/1687 1655/2627/1688 1671/2628/1689 1657/2629/1690
f 1654/2626/1687 1656/2630/1691 1676/2631/1692 1655/2627/1688
f 1656/2632/1691 1654/2633/1687 1658/2634/1693 1659/2635/1694
f 1654/2626/1687 1657/2629/1690 1660/2636/1695 1658/2637/1693
f 1660/2636/1695 1657/2629/1690 1662/2638/1696 1661/2639/1697
f 1661/2640/1697 1662/2641/1696 1665/2642/1698 1663/2643/1699
f 1663/2643/1699 1665/2642/1698 1666/2644/1700 1664/2645/1701
f 1665/2642/1698 1667/2646/1702 1668/2647/1703 1666/2644/1700
f 1662/2638/1696 1670/2648/1704 1667/2649/1702 1665/2650/1698
f 1667/2646/1702 1669/2651/1705 1749/2652/1706 1668/2647/1703
f 1670/2648/1704 1672/2653/1707 1669/2654/1705 1667/2649/1702
f 1657/2629/1690 1671/2628/1689 1670/2648/1704 1662/2638/1696
f 1671/2628/1689 1673/2655/1708 1672/2653/1707 1670/2648/1704
f 1671/2628/1689 1655/2627/1688 1674/2656/1709 1673/2655/1708
f 1655/2627/1688 1676/2631/1692 1675/2657/1710 1674/2656/1709
f 1676/2631/1692 1678/2658/1711 1677/2659/1712 1675/2657/1710
f 1678/2660/1711 1680/2661/1713 1679/2662/1714 1677/2663/1712
f 1679/2664/1714 1680/2665/1713 1683/2666/1715 1681/2667/1716
f 1681/2667/1716 1683/2666/1715 1684/2668/1717 1682/2669/1718
f 1683/2666/1715 1685/2670/1719 1686/2671/1720 1684/2668/1717
f 1680/2672/1713 1688/2673/1721 1685/2674/1719 1683/2675/1715
f 1685/2670/1719 1687/2676/1722 1692/2677/1723 1686/2671/1720
f 1688/2673/1721 1690/2678/1724 1687/2679/1722 1685/2674/1719
f 1688/2673/1721 1689/2680/1725 1691/2681/1726 1690/2678/1724
f 1689/2680/1725 1688/2673/1721 1680/2672/1713 1678/2682/1711
f 1689/2680/1725 1656/2632/1691 1659/2635/1694 1691/2681/1726
f 1656/2630/1691 1689/2683/1725 1678/2658/1711 1676/2631/1692
f 1686/2684/1720 1692/2685/1723 1693/2686/1727 1694/2687/1728
f 1694/2688/1728 1693/2689/1727 1695/2690/1729 1696/2691/1730
f 1698/2692/1731 1696/2691/1730 1695/2690/1729 1697/2693/1732
f 1700/2694/1733 1698/2692/1731 1697/2693/1732 1699/2695/1734
f 1702/2696/1735 1700/2697/1733 1699/2698/1734 1701/2699/1736
f 1704/2700/1737 1702/2701/1735 1701/2702/1736 1703/2703/1738
f 1704/2700/1737 1703/2703/1738 1705/2704/1739 1706/2705/1740
f 1706/2705/1740 1705/2704/1739 1707/2706/1741 1708/2707/1742
f 1708/2708/1742 1707/2709/1741 1709/2710/1743 1710/2711/1744
f 1710/2711/1744 1709/2710/1743 1711/2712/1745 1712/2713/1746
f 1711/2712/1745 1713/2714/1747 1714/2715/1748 1712/2713/1746
f 1713/2714/1747 1715/2716/1749 1716/2717/1750 1714/2715/1748
f 1715/2718/1749 1717/2719/1751 1718/2720/1752 1716/2721/1750
f 1717/2722/1751 1719/2723/1753 1720/2724/1754 1718/2725/1752
f 1664/2645/1701 1666/2644/1700 1720/2726/1754 1719/2727/1753
f 1666/2644/1700 1668/2647/1703 1721/2728/1755 1720/2726/1754
f 1718/2720/1752 1720/2729/1754 1721/2730/1755 1723/2731/1756
f 1668/2732/1703 1749/2733/1706 1722/2734/1757 1721/2735/1755
f 1723/2736/1756 1721/2735/1755 1722/2734/1757 1725/2737/1758
f 1716/2721/1750 1718/2720/1752 1723/2731/1756 1724/2738/1759
f 1724/2738/1759 1723/2731/1756 1725/2739/1758 1726/2740/1760
f 1728/2741/1761 1724/2742/1759 1726/2743/1760 1727/2744/1762
f 1730/2745/1763 1728/2741/1761 1727/2744/1762 1729/2746/1764
f 1730/2745/1763 1729/2746/1764 1731/2747/1765 1732/2748/1766
f 1732/2748/1766 1731/2747/1765 1733/2749/1767 1734/2750/1768
f 1734/2750/1768 1733/2749/1767 1735/2751/1769 1736/2752/1770
f 1736/2753/1770 1735/2754/1769 1737/2755/1771 1738/2756/1772
f 1737/2757/1771 1739/2758/1773 1740/2759/1774 1738/2760/1772
f 1739/2761/1773 1741/2762/1775 1742/2763/1776 1740/2764/1774
f 1741/2765/1775 1743/2766/1777 1744/2767/1778 1742/2768/1776
f 1743/2766/1777 1745/2769/1779 1747/2770/1780 1744/2767/1778
f 1746/2771/1781 1748/2772/1782 1747/2773/1780 1745/2774/1779
f 1748/2772/1782 1694/2687/1728 1696/2775/1730 1747/2773/1780
f 1744/2767/1778 1747/2770/1780 1696/2691/1730 1698/2692/1731
f 1682/2776/1718 1684/2777/1717 1748/2778/1782 1746/2779/1781
f 1684/2780/1717 1686/2684/1720 1694/2687/1728 1748/2772/1782
f 1742/2768/1776 1744/2767/1778 1698/2692/1731 1700/2694/1733
f 1740/2759/1774 1742/2781/1776 1700/2697/1733 1702/2696/1735
f 1738/2760/1772 1740/2759/1774 1702/2696/1735 1704/2782/1737
f 1706/2705/1740 1736/2783/1770 1738/2784/1772 1704/2700/1737
f 1708/2707/1742 1734/2785/1768 1736/2783/1770 1706/2705/1740
f 1710/2711/1744 1732/2748/1766 1734/2750/1768 1708/2708/1742
f 1710/2711/1744 1712/2713/1746 1730/2745/1763 1732/2748/1766
f 1712/2713/1746 1714/2715/1748 1728/2741/1761 1730/2745/1763
f 1714/2715/1748 1716/2717/1750 1724/2742/1759 1728/2741/1761
f 1751/2786/1783 1750/2787/1784 1754/2788/1785 1757/2789/1786
f 1751/2786/1783 1843/2790/1787 1752/2791/1788 1750/2787/1784
f 1750/2787/1784 1752/2791/1788 1779/2792/1789 1753/2793/1790
f 1750/2787/1784 1753/2793/1790 1756/2794/1791 1754/2788/1785
f 1754/2788/1785 1756/2794/1791 1864/2795/1792 1755/2796/1793
f 1757/2789/1786 1754/2788/1785 1755/2796/1793 1758/2797/1794
f 1759/2798/1795 1757/2799/1786 1758/2800/1794 1761/2801/1796
f 1760/2802/1797 1751/2803/1783 1757/2799/1786 1759/2798/1795
f 1763/2804/1798 1760/2802/1797 1759/2798/1795 1762/2805/1799
f 1762/2805/1799 1759/2798/1795 1761/2801/1796 1764/2806/1800
f 1767/2807/1801 1763/2808/1798 1762/2809/1799 1765/2810/1802
f 1765/2810/1802 1762/2809/1799 1764/2811/1800 1766/2812/1803
f 1768/2813/1804 1765/2810/1802 1766/2812/1803 1769/2814/1805
f 1770/2815/1806 1767/2807/1801 1765/2810/1802 1768/2813/1804
f 1771/2816/1807 1768/2817/1804 1769/2818/1805 1772/2819/1808
f 1773/2820/1809 1770/2821/1806 1768/2817/1804 1771/2816/1807
f 1774/2822/1810 1771/2816/1807 1772/2819/1808 1775/2823/1811
f 1776/2824/1812 1773/2820/1809 1771/2816/1807 1774/2822/1810
f 1756/2794/1791 1774/2825/1810 1775/2826/1811 1864/2795/1792
f 1753/2827/1790 1776/2824/1812 1774/2822/1810 1756/2828/1791
f 1779/2829/1789 1777/2830/1813 1776/2824/1812 1753/2827/1790
f 1777/2830/1813 1778/2831/1814 1773/2820/1809 1776/2824/1812
f 1777/2832/1813 1780/2833/1815 1782/2834/1816 1778/2835/1814
f 1779/2836/1789 1781/2837/1817 1780/2833/1815 1777/2832/1813
f 1781/2837/1817 1786/2838/1818 1783/2839/1819 1780/2833/1815
f 1780/2833/1815 1783/2839/1819 1785/2840/1820 1782/2834/1816
f 1783/2839/1819 1784/2841/1821 1845/2842/1822 1785/2840/1820
f 1786/2838/1818 1787/2843/1823 1784/2841/1821 1783/2839/1819
f 1789/2844/1824 1788/2845/1825 1786/2846/1818 1781/2847/1817
f 1788/2845/1825 1790/2848/1826 1787/2849/1823 1786/2846/1818
f 1793/2850/1827 1791/2851/1828 1788/2845/1825 1789/2844/1824
f 1791/2851/1828 1792/2852/1829 1790/2848/1826 1788/2845/1825
f 1794/2853/1830 1796/2854/1831 1792/2855/1829 1791/2856/1828
f 1795/2857/1832 1794/2853/1830 1791/2856/1828 1793/2858/1827
f 1798/2859/1833 1797/2860/1834 1794/2853/1830 1795/2857/1832
f 1797/2860/1834 1799/2861/1835 1796/2854/1831 1794/2853/1830
f 1802/2862/1836 1800/2863/1837 1797/2864/1834 1798/2865/1833
f 1800/2863/1837 1801/2866/1838 1799/2867/1835 1797/2864/1834
f 1803/2868/1839 1804/2869/1840 1801/2866/1838 1800/2863/1837
f 1805/2870/1841 1803/2868/1839 1800/2863/1837 1802/2862/1836
f 1785/2840/1820 1845/2842/1822 1804/2871/1840 1803/2872/1839
f 1782/2834/1816 1785/2840/1820 1803/2872/1839 1805/2873/1841
f 1806/2874/1842 1778/2875/1814 1782/2876/1816 1805/2877/1841
f 1807/2878/1843 1806/2874/1842 1805/2877/1841 1802/2879/1836
f 1806/2880/1842 1770/2821/1806 1773/2820/1809 1778/2831/1814
f 1807/2881/1843 1767/2807/1801 1770/2815/1806 1806/2882/1842
f 1808/2883/1844 1807/2881/1843 1809/2884/1845 1823/2885/1846
f 1808/2883/1844 1763/2808/1798 1767/2807/1801 1807/2881/1843
f 1810/2886/1847 1812/2887/1848 1809/2884/1845 1807/2881/1843
f 1810/2886/1847 1807/2881/1843 1802/2862/1836 1798/2865/1833
f 1811/2888/1849 1813/2889/1850 1812/2890/1848 1810/2891/1847
f 1811/2888/1849 1810/2891/1847 1798/2859/1833 1795/2857/1832
f 1813/2889/1850 1815/2892/1851 1814/2893/1852 1812/2890/1848
f 1812/2887/1848 1814/2894/1852 1816/2895/1853 1809/2884/1845
f 1815/2892/1851 1818/2896/1854 1817/2897/1855 1814/2893/1852
f 1814/2894/1852 1817/2898/1855 1819/2899/1856 1816/2895/1853
f 1822/2900/1857 1816/2895/1853 1819/2899/1856 1820/2901/1858
f 1824/2902/1859 1822/2903/1857 1820/2904/1858 1821/2905/1860
f 1823/2885/1846 1809/2884/1845 1816/2895/1853 1822/2900/1857
f 1825/2906/1861 1823/2907/1846 1822/2903/1857 1824/2902/1859
f 1827/2908/1862 1825/2906/1861 1824/2902/1859 1826/2909/1863
f 1826/2909/1863 1824/2902/1859 1821/2905/1860 1829/2910/1864
f 1842/2911/1865 1827/2912/1862 1826/2913/1863 1828/2914/1866
f 1828/2914/1866 1826/2913/1863 1829/2915/1864 1830/2916/1867
f 1832/2917/1868 1828/2914/1866 1830/2916/1867 1831/2918/1869
f 1832/2917/1868 1831/2918/1869 1833/2919/1870 1835/2920/1871
f 1835/2920/1871 1833/2919/1870 1834/2921/1872 1837/2922/1873
f 1836/2923/1874 1841/2924/1875 1832/2917/1868 1835/2920/1871
f 1836/2923/1874 1835/2920/1871 1837/2922/1873 1838/2925/1876
f 1838/2926/1876 1837/2927/1873 1815/2892/1851 1813/2889/1850
f 1837/2927/1873 1834/2928/1872 1818/2896/1854 1815/2892/1851
f 1839/2929/1877 1838/2926/1876 1813/2889/1850 1811/2888/1849
f 1840/2930/1878 1836/2923/1874 1838/2925/1876 1839/2931/1877
f 1839/2929/1877 1811/2888/1849 1795/2857/1832 1793/2858/1827
f 1793/2850/1827 1789/2844/1824 1840/2930/1878 1839/2931/1877
f 1789/2844/1824 1781/2847/1817 1779/2792/1789 1840/2930/1878
f 1840/2930/1878 1779/2792/1789 1841/2924/1875 1836/2923/1874
f 1752/2791/1788 1842/2911/1865 1841/2924/1875 1779/2792/1789
f 1842/2911/1865 1828/2914/1866 1832/2917/1868 1841/2924/1875
f 1752/2791/1788 1843/2790/1787 1827/2912/1862 1842/2911/1865
f 1843/2932/1787 1844/2933/1879 1825/2906/1861 1827/2908/1862
f 1843/2932/1787 1751/2803/1783 1760/2802/1797 1844/2933/1879
f 1844/2933/1879 1760/2802/1797 1763/2804/1798 1808/2934/1844
f 1844/2933/1879 1808/2934/1844 1823/2907/1846 1825/2906/1861
f 1845/2842/1822 1848/2935/1880 1846/2936/1881 1804/2871/1840
f 1804/2869/1840 1846/2937/1881 1849/2938/1882 1801/2866/1838
f 1848/2935/1880 1863/2939/1883 1847/2940/1884 1846/2936/1881
f 1846/2937/1881 1847/2941/1884 1850/2942/1885 1849/2938/1882
f 1849/2938/1882 1850/2942/1885 1852/2943/1886 1851/2944/1887
f 1801/2866/1838 1849/2938/1882 1851/2944/1887 1799/2867/1835
f 1799/2861/1835 1851/2945/1887 1853/2946/1888 1796/2854/1831
f 1851/2945/1887 1852/2947/1886 1854/2948/1889 1853/2946/1888
f 1796/2854/1831 1853/2946/1888 1855/2949/1890 1792/2855/1829
f 1853/2946/1888 1854/2948/1889 1856/2950/1891 1855/2949/1890
f 1855/2951/1890 1856/2952/1891 1858/2953/1892 1857/2954/1893
f 1792/2852/1829 1855/2951/1890 1857/2954/1893 1790/2848/1826
f 1790/2848/1826 1857/2954/1893 1859/2955/1894 1787/2849/1823
f 1857/2954/1893 1858/2953/1892 1860/2956/1895 1859/2955/1894
f 1787/2843/1823 1859/2957/1894 1861/2958/1896 1784/2841/1821
f 1859/2955/1894 1860/2956/1895 1862/2959/1897 1861/2960/1896
f 1861/2958/1896 1862/2961/1897 1863/2939/1883 1848/2935/1880
f 1784/2841/1821 1861/2958/1896 1848/2935/1880 1845/2842/1822
f 1864/2795/1792 1775/2826/1811 1865/2962/1898 1867/2963/1899
f 1775/2823/1811 1772/2819/1808 1868/2964/1900 1865/2965/1898
f 1867/2963/1899 1865/2962/1898 1866/2966/1901 1882/2967/1902
f 1865/2965/1898 1868/2964/1900 1869/2968/1903 1866/2969/1901
f 1868/2964/1900 1870/2970/1904 1871/2971/1905 1869/2968/1903
f 1772/2819/1808 1769/2818/1805 1870/2970/1904 1868/2964/1900
f 1870/2972/1904 1872/2973/1906 1873/2974/1907 1871/2975/1905
f 1769/2814/1805 1766/2812/1803 1872/2973/1906 1870/2972/1904
f 1872/2973/1906 1874/2976/1908 1875/2977/1909 1873/2974/1907
f 1766/2812/1803 1764/2811/1800 1874/2976/1908 1872/2973/1906
f 1764/2806/1800 1761/2801/1796 1876/2978/1910 1874/2979/1908
f 1874/2979/1908 1876/2978/1910 1877/2980/1911 1875/2981/1909
f 1761/2801/1796 1758/2800/1794 1878/2982/1912 1876/2978/1910
f 1876/2978/1910 1878/2982/1912 1879/2983/1913 1877/2980/1911
f 1878/2984/1912 1880/2985/1914 1881/2986/1915 1879/2987/1913
f 1758/2797/1794 1755/2796/1793 1880/2985/1914 1878/2984/1912
f 1755/2796/1793 1864/2795/1792 1867/2963/1899 1880/2985/1914
f 1880/2985/1914 1867/2963/1899 1882/2967/1902 1881/2986/1915
f 1883/2988/1916 1884/2989/1917 1889/2990/1918 1888/2991/1919
f 1884/2989/1917 1883/2988/1916 1887/2992/1920 1923/2993/1921
f 1885/2994/1922 1883/2995/1916 1888/2996/1919 1890/2997/1923
f 1883/2995/1916 1885/2994/1922 1902/2998/1924 1886/2999/1925
f 1883/2995/1916 1886/2999/1925 1924/3000/1926 1887/3001/1920
f 1888/2991/1919 1889/2990/1918 1892/3002/1927 1891/3003/1928
f 1890/2997/1923 1888/2996/1919 1891/3004/1928 1893/3005/1929
f 1896/3006/1930 1890/2997/1923 1893/3005/1929 1894/3007/1931
f 1897/3008/1932 1896/3006/1930 1894/3007/1931 1895/3009/1933
f 1899/3010/1934 1898/3011/1935 1896/3006/1930 1897/3008/1932
f 1898/3011/1935 1885/2994/1922 1890/2997/1923 1896/3006/1930
f 1898/3011/1935 1899/3010/1934 1903/3012/1936 1900/3013/1937
f 1885/2994/1922 1898/3011/1935 1900/3013/1937 1902/2998/1924
f 1902/2998/1924 1900/3013/1937 1901/3014/1938 1927/3015/1939
f 1900/3013/1937 1903/3012/1936 1904/3016/1940 1901/3014/1938
f 1903/3012/1936 1905/3017/1941 1907/3018/1942 1904/3016/1940
f 1899/3010/1934 1906/3019/1943 1905/3017/1941 1903/3012/1936
f 1905/3020/1941 1906/3021/1943 1910/3022/1944 1908/3023/1945
f 1907/3024/1942 1905/3020/1941 1908/3023/1945 1909/3025/1946
f 1908/3023/1945 1911/3026/1947 1912/3027/1948 1909/3025/1946
f 1910/3022/1944 1913/3028/1949 1911/3026/1947 1908/3023/1945
f 1911/3026/1947 1914/3029/1950 1916/3030/1951 1912/3027/1948
f 1913/3028/1949 1915/3031/1952 1914/3029/1950 1911/3026/1947
f 1915/3032/1952 1919/3033/1953 1917/3034/1954 1914/3035/1950
f 1914/3035/1950 1917/3034/1954 1918/3036/1955 1916/3037/1951
f 1917/3034/1954 1920/3038/1956 1921/3039/1957 1918/3036/1955
f 1919/3033/1953 1884/3040/1917 1920/3038/1956 1917/3034/1954
f 1920/3038/1956 1884/3040/1917 1923/3041/1921 1922/3042/1958
f 1920/3043/1956 1886/3044/1925 1926/3045/1959 1921/3046/1957
f 1886/3047/1925 1920/3048/1956 1922/3049/1958 1924/3050/1926
f 1923/2993/1921 1887/2992/1920 1924/3051/1926 1922/3052/1958
f 1921/3046/1957 1926/3045/1959 1928/3053/1960 1925/3054/1961
f 1918/3036/1955 1921/3039/1957 1925/3055/1961 1930/3056/1962
f 1886/2999/1925 1902/2998/1924 1927/3015/1939 1926/3057/1959
f 1926/3057/1959 1927/3015/1939 1929/3058/1963 1928/3059/1960
f 1925/3060/1961 1928/3061/1960 1929/3062/1963 1930/3063/1962
f 1927/3064/1939 1918/3065/1955 1930/3066/1962 1929/3067/1963
f 1927/3015/1939 1901/3014/1938 1932/3068/1964 1931/3069/1965
f 1918/3070/1955 1927/3071/1939 1931/3072/1965 1933/3073/1966
f 1933/3074/1966 1931/3075/1965 1932/3076/1964 1934/3077/1967
f 1916/3037/1951 1918/3036/1955 1933/3078/1966 1934/3079/1967
f 1901/3080/1938 1916/3081/1951 1934/3082/1967 1932/3083/1964
f 1884/3040/1917 1919/3033/1953 1935/3084/1968 1889/3085/1918
f 1919/3033/1953 1915/3032/1952 1936/3086/1969 1935/3084/1968
f 1889/3085/1918 1935/3084/1968 1937/3087/1970 1892/3088/1927
f 1935/3084/1968 1936/3086/1969 1938/3089/1971 1937/3087/1970
f 1936/3090/1969 1941/3091/1972 1939/3092/1973 1938/3093/1971
f 1941/3091/1972 1942/3094/1974 1940/3095/1975 1939/3092/1973
f 1915/3031/1952 1913/3028/1949 1941/3091/1972 1936/3090/1969
f 1913/3028/1949 1910/3022/1944 1942/3094/1974 1941/3091/1972
f 1942/3094/1974 1943/3096/1976 1944/3097/1977 1940/3095/1975
f 1910/3022/1944 1906/3021/1943 1943/3096/1976 1942/3094/1974
f 1943/3098/1976 1897/3008/1932 1895/3009/1933 1944/3099/1977
f 1906/3019/1943 1899/3010/1934 1897/3008/1932 1943/3098/1976
f 1912/3100/1948 1916/3101/1951 1945/3102/1978 1946/3103/1979
f 1916/3104/1951 1901/3105/1938 1947/3106/1980 1945/3107/1978
f 1945/3108/1978 1947/3109/1980 1948/3110/1981 1946/3111/1979
f 1901/3014/1938 1904/3016/1940 1948/3112/1981 1947/3113/1980
f 1904/3114/1940 1912/3115/1948 1946/3116/1979 1948/3117/1981
f 1912/3118/1948 1904/3119/1940 1950/3120/1982 1949/3121/1983
f 1909/3025/1946 1912/3027/1948 1949/3122/1983 1951/3123/1984
f 1949/3124/1983 1950/3125/1982 1952/3126/1985 1951/3127/1984
f 1907/3024/1942 1909/3025/1946 1951/3123/1984 1952/3128/1985
f 1904/3016/1940 1907/3018/1942 1952/3129/1985 1950/3130/1982
f 1953/3131/1986 1958/3132/1987 1959/3133/1988 1954/3134/1989
f 1954/3134/1989 1993/3135/1990 1957/3136/1991 1953/3131/1986
f 1955/3137/1992 1960/3138/1993 1958/3139/1987 1953/3140/1986
f 1953/3140/1986 1956/3141/1994 1972/3142/1995 1955/3137/1992
f 1953/3140/1986 1957/3143/1991 1994/3144/1996 1956/3141/1994
f 1958/3132/1987 1961/3145/1997 1962/3146/1998 1959/3133/1988
f 1960/3147/1993 1963/3148/1999 1961/3145/1997 1958/3132/1987
f 1966/3149/2000 1964/3150/2001 1963/3148/1999 1960/3147/1993
f 1967/3151/2002 1965/3152/2003 1964/3153/2001 1966/3154/2000
f 1969/3155/2004 1967/3151/2002 1966/3154/2000 1968/3156/2005
f 1968/3156/2005 1966/3154/2000 1960/3138/1993 1955/3137/1992
f 1968/3156/2005 1970/3157/2006 1973/3158/2007 1969/3155/2004
f 1955/3137/1992 1972/3142/1995 1970/3157/2006 1968/3156/2005
f 1972/3142/1995 1997/3159/2008 1971/3160/2009 1970/3157/2006
f 1970/3157/2006 1971/3160/2009 1974/3161/2010 1973/3158/2007
f 1973/3158/2007 1974/3161/2010 1977/3162/2011 1975/3163/2012
f 1969/3155/2004 1973/3158/2007 1975/3163/2012 1976/3164/2013
f 1975/3165/2012 1978/3166/2014 1980/3167/2015 1976/3168/2013
f 1977/3169/2011 1979/3170/2016 1978/3166/2014 1975/3165/2012
f 1978/3166/2014 1979/3170/2016 1982/3171/2017 1981/3172/2018
f 1980/3167/2015 1978/3166/2014 1981/3172/2018 1983/3173/2019
f 1981/3174/2018 1982/3175/2017 1986/3176/2020 1984/3177/2021
f 1983/3178/2019 1981/3174/2018 1984/3177/2021 1985/3179/2022
f 1985/3179/2022 1984/3177/2021 1987/3180/2023 1989/3181/2024
f 1984/3177/2021 1986/3176/2020 1988/3182/2025 1987/3180/2023
f 1987/3180/2023 1988/3182/2025 1991/3183/2026 1990/3184/2027
f 1989/3181/2024 1987/3180/2023 1990/3184/2027 1954/3185/1989
f 1990/3186/2027 1992/3187/2028 1993/3188/1990 1954/3189/1989
f 1990/3190/2027 1991/3191/2026 1996/3192/2029 1956/3193/1994
f 1956/3194/1994 1994/3195/1996 1992/3196/2028 1990/3197/2027
f 1993/3135/1990 1992/3198/2028 1994/3199/1996 1957/3136/1991
f 1991/3191/2026 1995/3200/2030 1998/3201/2031 1996/3192/2029
f 1988/3182/2025 2000/3202/2032 1995/3203/2030 1991/3183/2026
f 1956/3141/1994 1996/3204/2029 1997/3159/2008 1972/3142/1995
f 1996/3205/2029 1998/3206/2031 1999/3207/2033 1997/3208/2008
f 1995/3203/2030 2000/3202/2032 1999/3209/2033 1998/3210/2031
f 1997/3211/2008 1999/3212/2033 2000/3213/2032 1988/3214/2025
f 1997/3215/2008 2001/3216/2034 2002/3217/2035 1971/3218/2009
f 1988/3219/2025 2003/3220/2036 2001/3221/2034 1997/3222/2008
f 2003/3223/2036 2004/3224/2037 2002/3225/2035 2001/3226/2034
f 1986/3176/2020 2004/3224/2037 2003/3223/2036 1988/3182/2025
f 1971/3227/2009 2002/3228/2035 2004/3229/2037 1986/3230/2020
f 1954/3231/1989 1959/3232/1988 2005/3233/2038 1989/3234/2024
f 1989/3234/2024 2005/3233/2038 2006/3235/2039 1985/3236/2022
f 1959/3237/1988 1962/3238/1998 2007/3239/2040 2005/3240/2038
f 2005/3240/2038 2007/3239/2040 2008/3241/2041 2006/3242/2039
f 2006/3243/2039 2008/3244/2041 2009/3245/2042 2011/3246/2043
f 2011/3246/2043 2009/3245/2042 2010/3247/2044 2012/3248/2045
f 1985/3249/2022 2006/3243/2039 2011/3246/2043 1983/3173/2019
f 1983/3173/2019 2011/3246/2043 2012/3248/2045 1980/3167/2015
f 2012/3248/2045 2010/3247/2044 2014/3250/2046 2013/3251/2047
f 1980/3167/2015 2012/3248/2045 2013/3251/2047 1976/3168/2013
f 2013/3251/2047 2014/3250/2046 1965/3252/2003 1967/3253/2002
f 1976/3168/2013 2013/3251/2047 1967/3253/2002 1969/3254/2004
f 1982/3175/2017 2016/3255/2048 2015/3256/2049 1986/3176/2020
f 1986/3257/2020 2015/3258/2049 2017/3259/2050 1971/3260/2009
f 2015/3256/2049 2016/3255/2048 2018/3261/2051 2017/3262/2050
f 1971/3160/2009 2017/3263/2050 2018/3264/2051 1974/3161/2010
f 1974/3265/2010 2018/3266/2051 2016/3267/2048 1982/3268/2017
f 1982/3269/2017 2019/3270/2052 2020/3271/2053 1974/3272/2010
f 1979/3170/2016 2021/3273/2054 2019/3274/2052 1982/3171/2017
f 2019/3275/2052 2021/3276/2054 2022/3277/2055 2020/3278/2053
f 1977/3169/2011 2022/3279/2055 2021/3273/2054 1979/3170/2016
f 1974/3161/2010 2020/3280/2053 2022/3281/2055 1977/3162/2011
s 0
f 2023/3282/2056 2025/3283/2056 2035/3284/2056 2024/3285/2056
f 2023/3282/2057 2024/3285/2057 2029/3286/2057 2026/3287/2057
f 2025/3283/2058 2023/3282/2058 2027/3288/2058 2028/3289/2058
f 2024/3285/2059 2031/3290/2059 2030/3291/2059 2029/3286/2059
f 2031/3290/2060 2032/3292/2060 2034/3293/2060 2033/3294/2060
f 2024/3285/2061 2035/3284/2061 2032/3292/2061 2031/3290/2061
f 2032/3292/2062 2035/3284/2062 2037/3295/2062 2036/3296/2062
f 2035/3284/2063 2025/3283/2063 2039/3297/2063 2038/3298/2063
s 1
f 2045/3299/2064 2041/3300/2064 2040/3301/2065 2043/3302/2066
f 2040/3301/2065 2042/3303/2067 2044/3304/2068 2043/3302/2066
f 2045/3299/2064 2046/3305/2069 2047/3306/2070 2041/3300/2064
f 2047/3306/2070 2046/3305/2069 2048/3307/2071 2049/3308/2072
f 2049/3308/2072 2048/3307/2071 2050/3309/2073 2051/3310/2074
f 2050/3311/2073 2052/3312/2075 2053/3313/2076 2051/3314/2074
f 2052/3315/2075 2054/3316/2077 2056/3317/2078 2053/3318/2076
f 2054/3316/2077 2055/3319/2079 2057/3320/2080 2056/3317/2078
f 2060/3321/2081 2058/3322/2082 2057/3320/2080 2055/3319/2079
f 2061/3323/2083 2059/3324/2084 2058/3322/2082 2060/3321/2081
f 2062/3325/2085 2063/3326/2086 2059/3327/2084 2061/3328/2083
f 2042/3329/2067 2063/3326/2086 2062/3325/2085 2044/3330/2068
s 0
f 2064/3331/2087 2066/3332/2087 2076/3333/2087 2065/3334/2087
f 2064/3331/2088 2065/3334/2088 2070/3335/2088 2067/3336/2088
f 2066/3332/2089 2064/3331/2089 2068/3337/2089 2069/3338/2089
f 2065/3334/2090 2072/3339/2090 2071/3340/2090 2070/3335/2090
f 2072/3339/2091 2073/3341/2091 2075/3342/2091 2074/3343/2091
f 2065/3334/2092 2076/3333/2092 2073/3341/2092 2072/3339/2092
f 2073/3341/2093 2076/3333/2093 2078/3344/2093 2077/3345/2093
f 2076/3346/2094 2066/3347/2094 2080/3348/2094 2079/3349/2094
s 1
f 2082/3350/2095 2087/3351/2096 2084/3352/2097 2081/3353/2098
f 2081/3353/2098 2084/3352/2097 2086/3354/2099 2083/3355/2100
f 2087/3351/2096 2088/3356/2101 2085/3357/2102 2084/3352/2097
f 2084/3352/2097 2085/3357/2102 2108/3358/2103 2086/3354/2099
f 2090/3359/2104 2089/3360/2105 2087/3361/2096 2082/3362/2095
f 2089/3360/2105 2091/3363/2106 2088/3364/2101 2087/3361/2096
f 2093/3365/2107 2092/3366/2108 2089/3360/2105 2090/3359/2104
f 2092/3366/2108 2094/3367/2109 2091/3363/2106 2089/3360/2105
f 2096/3368/2110 2095/3369/2111 2092/3370/2108 2093/3371/2107
f 2095/3369/2111 2097/3372/2112 2094/3373/2109 2092/3370/2108
f 2099/3374/2113 2098/3375/2114 2095/3369/2111 2096/3368/2110
f 2098/3375/2114 2100/3376/2115 2097/3372/2112 2095/3369/2111
f 2102/3377/2116 2101/3378/2117 2098/3379/2114 2099/3380/2113
f 2101/3378/2117 2103/3381/2118 2100/3382/2115 2098/3379/2114
f 2105/3383/2119 2104/3384/2120 2101/3378/2117 2102/3377/2116
f 2104/3384/2120 2106/3385/2121 2103/3381/2118 2101/3378/2117
f 2083/3355/2100 2086/3354/2099 2104/3386/2120 2105/3387/2119
f 2086/3388/2099 2108/3389/2103 2106/3385/2121 2104/3384/2120
f 2108/3358/2103 2109/3390/2122 2107/3391/2123 2106/3392/2121
f 2106/3385/2121 2107/3393/2123 2121/3394/2124 2103/3381/2118
f 2085/3357/2102 2110/3395/2125 2109/3390/2122 2108/3358/2103
f 2110/3396/2125 2112/3397/2126 2111/3398/2127 2109/3399/2122
f 2109/3399/2122 2111/3398/2127 2113/3400/2128 2107/3401/2123
f 2112/3402/2126 2115/3403/2129 2114/3404/2130 2111/3405/2127
f 2111/3405/2127 2114/3404/2130 2116/3406/2131 2113/3407/2128
f 2113/3408/2128 2116/3409/2131 2117/3410/2132 2119/3411/2133
f 2119/3411/2133 2117/3410/2132 2118/3412/2134 2120/3413/2135
f 2121/3414/2124 2119/3415/2133 2120/3416/2135 2122/3417/2136
f 2107/3393/2123 2113/3408/2128 2119/3411/2133 2121/3394/2124
f 2103/3381/2118 2121/3394/2124 2122/3418/2136 2100/3382/2115
f 2122/3417/2136 2120/3416/2135 2125/3419/2137 2123/3420/2138
f 2100/3376/2115 2122/3421/2136 2123/3422/2138 2097/3372/2112
f 2123/3420/2138 2125/3419/2137 2126/3423/2139 2124/3424/2140
f 2097/3372/2112 2123/3422/2138 2124/3425/2140 2094/3373/2109
f 2125/3426/2137 2127/3427/2141 2128/3428/2142 2126/3429/2139
f 2120/3430/2135 2118/3431/2134 2127/3427/2141 2125/3426/2137
f 2126/3432/2139 2128/3433/2142 2129/3434/2143 2131/3435/2144
f 2131/3435/2144 2129/3434/2143 2130/3436/2145 2132/3437/2146
f 2133/3438/2147 2131/3439/2144 2132/3440/2146 2134/3441/2148
f 2124/3424/2140 2126/3423/2139 2131/3439/2144 2133/3438/2147
f 2091/3363/2106 2133/3442/2147 2134/3443/2148 2088/3364/2101
f 2094/3367/2109 2124/3444/2140 2133/3442/2147 2091/3363/2106
f 2134/3441/2148 2132/3440/2146 2112/3397/2126 2110/3396/2125
f 2088/3356/2101 2134/3445/2148 2110/3395/2125 2085/3357/2102
f 2132/3446/2146 2130/3447/2145 2115/3403/2129 2112/3402/2126
f 2135/3448/2149 2137/3449/2150 2174/3450/2151 2136/3451/2152
f 2135/3452/2149 2138/3453/2153 2139/3454/2154 2137/3455/2150
f 2140/3456/2155 2142/3457/2156 2139/3454/2154 2138/3453/2153
f 2141/3458/2157 2143/3459/2158 2142/3457/2156 2140/3456/2155
f 2139/3454/2154 2142/3457/2156 2144/3460/2159 2145/3461/2160
f 2142/3457/2156 2143/3459/2158 2146/3462/2161 2144/3460/2159
f 2145/3461/2160 2144/3460/2159 2147/3463/2162 2148/3464/2163
f 2144/3460/2159 2146/3462/2161 2149/3465/2164 2147/3463/2162
f 2152/3466/2165 2148/3467/2163 2147/3468/2162 2150/3469/2166
f 2150/3469/2166 2147/3468/2162 2149/3470/2164 2151/3471/2167
f 2153/3472/2168 2150/3469/2166 2151/3471/2167 2154/3473/2169
f 2155/3474/2170 2152/3466/2165 2150/3469/2166 2153/3472/2168
f 2156/3475/2171 2153/3472/2168 2154/3473/2169 2157/3476/2172
f 2158/3477/2173 2155/3474/2170 2153/3472/2168 2156/3475/2171
f 2160/3478/2174 2159/3479/2175 2156/3480/2171 2157/3481/2172
f 2159/3479/2175 2161/3482/2176 2158/3483/2173 2156/3480/2171
f 2163/3484/2177 2162/3485/2178 2159/3479/2175 2160/3478/2174
f 2162/3485/2178 2164/3486/2179 2161/3482/2176 2159/3479/2175
f 2165/3487/2180 2162/3485/2178 2163/3484/2177 2167/3488/2181
f 2166/3489/2182 2164/3486/2179 2162/3485/2178 2165/3487/2180
f 2167/3490/2181 2163/3491/2177 2170/3492/2183 2168/3493/2184
f 2168/3493/2184 2170/3492/2183 2171/3494/2185 2169/3495/2186
f 2171/3494/2185 2170/3492/2183 2172/3496/2187 2173/3497/2188
f 2170/3492/2183 2163/3491/2177 2160/3498/2174 2172/3496/2187
f 2173/3499/2188 2172/3500/2187 2154/3473/2169 2151/3471/2167
f 2172/3500/2187 2160/3501/2174 2157/3476/2172 2154/3473/2169
f 2143/3502/2158 2171/3494/2185 2173/3497/2188 2146/3503/2161
f 2146/3503/2161 2173/3497/2188 2151/3504/2167 2149/3505/2164
f 2169/3495/2186 2171/3494/2185 2143/3502/2158 2141/3506/2157
f 2136/3451/2152 2174/3450/2151 2164/3507/2179 2166/3508/2182
f 2164/3509/2179 2174/3510/2151 2176/3511/2189 2175/3512/2190
f 2161/3482/2176 2164/3486/2179 2175/3513/2190 2177/3514/2191
f 2175/3515/2190 2176/3516/2189 2178/3517/2192 2177/3518/2191
f 2177/3518/2191 2178/3517/2192 2180/3519/2193 2179/3520/2194
f 2161/3482/2176 2177/3514/2191 2179/3521/2194 2158/3483/2173
f 2155/3474/2170 2158/3477/2173 2179/3522/2194 2180/3523/2193
f 2178/3517/2192 2182/3524/2195 2181/3525/2196 2180/3519/2193
f 2152/3466/2165 2155/3474/2170 2180/3523/2193 2181/3526/2196
f 2182/3527/2195 2184/3528/2197 2183/3529/2198 2181/3530/2196
f 2148/3464/2163 2152/3531/2165 2181/3530/2196 2183/3529/2198
f 2184/3528/2197 2145/3461/2160 2148/3464/2163 2183/3529/2198
f 2186/3532/2199 2185/3533/2200 2184/3528/2197 2182/3527/2195
f 2139/3454/2154 2145/3461/2160 2184/3528/2197 2185/3533/2200
f 2137/3534/2150 2139/3535/2154 2185/3536/2200 2186/3537/2199
f 2176/3516/2189 2186/3538/2199 2182/3524/2195 2178/3517/2192
f 2174/3510/2151 2137/3534/2150 2186/3537/2199 2176/3511/2189
f 2187/3539/2201 2188/3540/2202 2226/3541/2203 2189/3542/2204
f 2187/3543/2201 2189/3544/2204 2191/3545/2205 2190/3546/2206
f 2192/3547/2207 2190/3546/2206 2191/3545/2205 2194/3548/2208
f 2193/3549/2209 2192/3547/2207 2194/3548/2208 2195/3550/2210
f 2191/3545/2205 2197/3551/2211 2196/3552/2212 2194/3548/2208
f 2194/3548/2208 2196/3552/2212 2198/3553/2213 2195/3550/2210
f 2197/3551/2211 2200/3554/2214 2199/3555/2215 2196/3552/2212
f 2196/3552/2212 2199/3555/2215 2201/3556/2216 2198/3553/2213
f 2204/3557/2217 2202/3558/2218 2199/3559/2215 2200/3560/2214
f 2202/3558/2218 2203/3561/2219 2201/3562/2216 2199/3559/2215
f 2205/3563/2220 2206/3564/2221 2203/3561/2219 2202/3558/2218
f 2207/3565/2222 2205/3563/2220 2202/3558/2218 2204/3557/2217
f 2208/3566/2223 2209/3567/2224 2206/3564/2221 2205/3563/2220
f 2210/3568/2225 2208/3569/2223 2205/3570/2220 2207/3571/2222
f 2212/3572/2226 2209/3573/2224 2208/3569/2223 2211/3574/2227
f 2211/3574/2227 2208/3569/2223 2210/3568/2225 2213/3575/2228
f 2215/3576/2229 2212/3572/2226 2211/3574/2227 2214/3577/2230
f 2214/3577/2230 2211/3574/2227 2213/3575/2228 2216/3578/2231
f 2217/3579/2232 2219/3580/2233 2215/3576/2229 2214/3577/2230
f 2218/3581/2234 2217/3579/2232 2214/3577/2230 2216/3578/2231
f 2219/3582/2233 2220/3583/2235 2222/3584/2236 2215/3585/2229
f 2220/3583/2235 2221/3586/2237 2223/3587/2238 2222/3584/2236
f 2223/3587/2238 2225/3588/2239 2224/3589/2240 2222/3584/2236
f 2222/3590/2236 2224/3591/2240 2212/3572/2226 2215/3576/2229
f 2225/3592/2239 2203/3561/2219 2206/3564/2221 2224/3593/2240
f 2224/3591/2240 2206/3594/2221 2209/3573/2224 2212/3572/2226
f 2195/3595/2210 2198/3596/2213 2225/3588/2239 2223/3587/2238
f 2198/3596/2213 2201/3597/2216 2203/3598/2219 2225/3588/2239
f 2221/3586/2237 2193/3599/2209 2195/3595/2210 2223/3587/2238
f 2188/3540/2202 2218/3600/2234 2216/3601/2231 2226/3541/2203
f 2216/3602/2231 2227/3603/2241 2228/3604/2242 2226/3605/2203
f 2213/3575/2228 2229/3606/2243 2227/3607/2241 2216/3578/2231
f 2227/3608/2241 2229/3609/2243 2230/3610/2244 2228/3611/2242
f 2229/3609/2243 2231/3612/2245 2232/3613/2246 2230/3610/2244
f 2213/3575/2228 2210/3568/2225 2231/3614/2245 2229/3606/2243
f 2207/3571/2222 2232/3615/2246 2231/3614/2245 2210/3568/2225
f 2230/3610/2244 2232/3613/2246 2233/3616/2247 2234/3617/2248
f 2204/3557/2217 2233/3618/2247 2232/3619/2246 2207/3565/2222
f 2234/3620/2248 2233/3621/2247 2235/3622/2249 2236/3623/2250
f 2200/3554/2214 2235/3622/2249 2233/3621/2247 2204/3624/2217
f 2236/3623/2250 2235/3622/2249 2200/3554/2214 2197/3551/2211
f 2238/3625/2251 2234/3620/2248 2236/3623/2250 2237/3626/2252
f 2191/3545/2205 2237/3626/2252 2236/3623/2250 2197/3551/2211
f 2189/3627/2204 2238/3628/2251 2237/3629/2252 2191/3630/2205
f 2228/3611/2242 2230/3610/2244 2234/3617/2248 2238/3631/2251
f 2226/3605/2203 2228/3604/2242 2238/3628/2251 2189/3627/2204
s 0
f 2239/3632/2253 2241/3633/2253 2251/3634/2253 2240/3635/2253
f 2239/3632/2254 2240/3635/2254 2245/3636/2254 2242/3637/2254
f 2241/3633/2255 2239/3632/2255 2243/3638/2255 2244/3639/2255
f 2240/3635/2256 2247/3640/2256 2246/3641/2256 2245/3636/2256
f 2247/3640/2257 2248/3642/2257 2250/3643/2257 2249/3644/2257
f 2240/3635/2258 2251/3634/2258 2248/3642/2258 2247/3640/2258
f 2248/3642/2259 2251/3634/2259 2253/3645/2259 2252/3646/2259
f 2251/3634/2260 2241/3633/2260 2255/3647/2260 2254/3648/2260
f 2256/3649/2261 2258/3650/2261 2268/3651/2261 2257/3652/2261
f 2256/3649/2262 2257/3652/2262 2262/3653/2262 2259/3654/2262
f 2258/3650/2263 2256/3649/2263 2260/3655/2263 2261/3656/2263
f 2257/3652/2264 2264/3657/2264 2263/3658/2264 2262/3653/2264
f 2264/3657/2265 2265/3659/2265 2267/3660/2265 2266/3661/2265
f 2257/3652/2266 2268/3651/2266 2265/3659/2266 2264/3657/2266
f 2265/3659/2267 2268/3651/2267 2270/3662/2267 2269/3663/2267
f 2268/3651/2268 2258/3650/2268 2272/3664/2268 2271/3665/2268
s 1
f 2278/3666/2269 2276/3667/2270 2273/3668/2271 2274/3669/2272
f 2276/3670/2270 2277/3671/2273 2275/3672/2274 2273/3673/2271
f 2279/3674/2275 2278/3666/2269 2274/3669/2272 2280/3675/2276
f 2281/3676/2277 2279/3674/2275 2280/3675/2276 2282/3677/2278
f 2283/3678/2279 2281/3679/2277 2282/3680/2278 2284/3681/2280
f 2285/3682/2281 2283/3678/2279 2284/3681/2280 2286/3683/2282
f 2287/3684/2283 2285/3685/2281 2286/3686/2282 2288/3687/2284
f 2289/3688/2285 2287/3684/2283 2288/3687/2284 2290/3689/2286
f 2277/3690/2273 2289/3688/2285 2290/3689/2286 2275/3691/2274
f 2296/3692/2287 2292/3693/2288 2291/3694/2289 2294/3695/2290
f 2294/3696/2290 2291/3697/2289 2293/3698/2291 2295/3699/2292
f 2297/3700/2293 2298/3701/2294 2292/3693/2288 2296/3692/2287
f 2299/3702/2295 2300/3703/2296 2298/3701/2294 2297/3700/2293
f 2301/3704/2297 2302/3705/2298 2300/3706/2296 2299/3707/2295
f 2303/3708/2299 2304/3709/2300 2302/3705/2298 2301/3704/2297
f 2305/3710/2301 2306/3711/2302 2304/3712/2300 2303/3713/2299
f 2307/3714/2303 2308/3715/2304 2306/3711/2302 2305/3710/2301
f 2295/3716/2292 2293/3717/2291 2308/3715/2304 2307/3714/2303
f 2314/3718/2305 2312/3719/2306 2309/3720/2307 2310/3721/2308
f 2312/3722/2306 2313/3723/2309 2311/3724/2310 2309/3725/2307
f 2315/3726/2311 2314/3718/2305 2310/3721/2308 2316/3727/2312
f 2317/3728/2313 2315/3726/2311 2316/3727/2312 2318/3729/2314
f 2319/3730/2315 2317/3731/2313 2318/3732/2314 2320/3733/2316
f 2321/3734/2317 2319/3730/2315 2320/3733/2316 2322/3735/2318
f 2323/3736/2319 2321/3737/2317 2322/3738/2318 2324/3739/2320
f 2325/3740/2321 2323/3736/2319 2324/3739/2320 2326/3741/2322
f 2313/3742/2309 2325/3740/2321 2326/3741/2322 2311/3743/2310
f 2332/3744/2323 2328/3745/2324 2327/3746/2325 2330/3747/2326
f 2330/3748/2326 2327/3749/2325 2329/3750/2327 2331/3751/2328
f 2333/3752/2329 2334/3753/2330 2328/3745/2324 2332/3744/2323
f 2335/3754/2331 2336/3755/2332 2334/3753/2330 2333/3752/2329
f 2337/3756/2333 2338/3757/2334 2336/3758/2332 2335/3759/2331
f 2339/3760/2335 2340/3761/2336 2338/3757/2334 2337/3756/2333
f 2341/3762/2337 2342/3763/2338 2340/3764/2336 2339/3765/2335
f 2343/3766/2339 2344/3767/2340 2342/3763/2338 2341/3762/2337
f 2331/3768/2328 2329/3769/2327 2344/3767/2340 2343/3766/2339
f 2350/3770/2341 2348/3771/2342 2345/3772/2343 2346/3773/2344
f 2348/3774/2342 2349/3775/2345 2347/3776/2346 2345/3777/2343
f 2351/3778/2347 2350/3770/2341 2346/3773/2344 2352/3779/2348
f 2353/3780/2349 2351/3778/2347 2352/3779/2348 2354/3781/2350
f 2355/3782/2351 2353/3783/2349 2354/3784/2350 2356/3785/2352
f 2357/3786/2353 2355/3782/2351 2356/3785/2352 2358/3787/2354
f 2359/3788/2355 2357/3789/2353 2358/3790/2354 2360/3791/2356
f 2361/3792/2357 2359/3788/2355 2360/3791/2356 2362/3793/2358
f 2349/3775/2345 2361/3794/2357 2362/3795/2358 2347/3776/2346
f 2368/3796/2359 2364/3797/2360 2363/3798/2361 2366/3799/2362
f 2366/3800/2362 2363/3801/2361 2365/3802/2363 2367/3803/2364
f 2369/3804/2365 2370/3805/2366 2364/3797/2360 2368/3796/2359
f 2371/3806/2367 2372/3807/2368 2370/3805/2366 2369/3804/2365
f 2373/3808/2369 2374/3809/2370 2372/3810/2368 2371/3811/2367
f 2375/3812/2371 2376/3813/2372 2374/3809/2370 2373/3808/2369
f 2377/3814/2373 2378/3815/2374 2376/3816/2372 2375/3817/2371
f 2379/3818/2375 2380/3819/2376 2378/3815/2374 2377/3814/2373
f 2367/3820/2364 2365/3821/2363 2380/3819/2376 2379/3818/2375
f 2381/3822/2377 2382/3823/2378 2385/3824/2379 2384/3825/2380
f 2383/3826/2381 2417/3827/2382 2382/3823/2378 2381/3822/2377
f 2384/3825/2380 2385/3824/2379 2387/3828/2383 2386/3829/2384
f 2386/3830/2384 2387/3831/2383 2389/3832/2385 2388/3833/2386
f 2388/3833/2386 2389/3832/2385 2392/3834/2387 2390/3835/2388
f 2390/3836/2388 2392/3837/2387 2393/3838/2389 2391/3839/2390
f 2394/3840/2391 2393/3838/2389 2395/3841/2392 2396/3842/2393
f 2391/3839/2390 2393/3838/2389 2394/3840/2391 2408/3843/2394
f 2396/3844/2393 2395/3845/2392 2397/3846/2395 2399/3847/2396
f 2399/3847/2396 2397/3846/2395 2398/3848/2397 2400/3849/2398
f 2396/3844/2393 2399/3847/2396 2401/3850/2399 2403/3851/2400
f 2399/3847/2396 2400/3849/2398 2402/3852/2401 2401/3850/2399
f 2394/3840/2391 2396/3842/2393 2403/3853/2400 2404/3854/2402
f 2406/3855/2403 2408/3843/2394 2394/3840/2391 2404/3854/2402
f 2407/3856/2404 2406/3855/2403 2404/3854/2402 2405/3857/2405
f 2409/3858/2406 2407/3859/2404 2405/3860/2405 2410/3861/2407
f 2411/3862/2408 2409/3858/2406 2410/3861/2407 2412/3863/2409
f 2413/3864/2410 2411/3865/2408 2412/3866/2409 2414/3867/2411
f 2415/3868/2412 2413/3864/2410 2414/3867/2411 2416/3869/2413
f 2383/3826/2381 2415/3868/2412 2416/3869/2413 2417/3827/2382
f 2417/3827/2382 2416/3869/2413 2418/3870/2414 2420/3871/2415
f 2414/3867/2411 2421/3872/2416 2418/3870/2414 2416/3869/2413
f 2419/3873/2417 2418/3870/2414 2421/3872/2416
f 2420/3871/2415 2418/3870/2414 2419/3873/2417 2422/3874/2418
f 2420/3871/2415 2422/3874/2418 2424/3875/2419 2423/3876/2420
f 2417/3827/2382 2420/3871/2415 2423/3876/2420 2382/3823/2378
f 2424/3875/2419 2425/3877/2421 2423/3876/2420
f 2385/3824/2379 2382/3823/2378 2423/3876/2420 2425/3877/2421
f 2422/3878/2418 2427/3879/2422 2426/3880/2423 2424/3881/2419
f 2400/3849/2398 2398/3848/2397 2426/3880/2423 2427/3879/2422
f 2400/3849/2398 2427/3879/2422 2428/3882/2424 2402/3852/2401
f 2422/3878/2418 2419/3883/2417 2428/3882/2424 2427/3879/2422
f 2430/3884/2425 2434/3885/2426 2432/3886/2427 2429/3887/2428
f 2429/3887/2428 2432/3886/2427 2435/3888/2429 2431/3889/2430
f 2433/3890/2431 2436/3891/2432 2435/3892/2429 2432/3893/2427
f 2471/3894/2433 2433/3895/2431 2432/3886/2427 2434/3885/2426
f 2436/3896/2432 2438/3897/2434 2437/3898/2435 2435/3899/2429
f 2431/3900/2430 2435/3899/2429 2437/3898/2435 2440/3901/2436
f 2438/3897/2434 2489/3902/2437 2439/3903/2438 2437/3898/2435
f 2440/3901/2436 2437/3898/2435 2439/3903/2438 2441/3904/2439
f 2441/3905/2439 2439/3906/2438 2443/3907/2440 2442/3908/2441
f 2444/3909/2442 2442/3908/2441 2443/3907/2440 2446/3910/2443
f 2445/3911/2444 2444/3909/2442 2446/3910/2443 2447/3912/2445
f 2448/3913/2446 2446/3910/2443 2443/3907/2440 2450/3914/2447
f 2449/3915/2448 2447/3912/2445 2446/3910/2443 2448/3913/2446
f 2449/3915/2448 2448/3913/2446 2451/3916/2449 2453/3917/2450
f 2448/3913/2446 2450/3914/2447 2452/3918/2451 2451/3916/2449
f 2451/3916/2449 2452/3918/2451 2455/3919/2452 2454/3920/2453
f 2453/3921/2450 2451/3922/2449 2454/3923/2453 2456/3924/2454
f 2458/3925/2455 2457/3926/2456 2454/3920/2453 2455/3919/2452
f 2457/3926/2456 2459/3927/2457 2456/3928/2454 2454/3920/2453
f 2461/3929/2458 2460/3930/2459 2457/3926/2456 2458/3925/2455
f 2460/3931/2459 2462/3932/2460 2459/3933/2457 2457/3934/2456
f 2464/3935/2461 2463/3936/2462 2460/3930/2459 2461/3929/2458
f 2463/3937/2462 2465/3938/2463 2462/3932/2460 2460/3931/2459
f 2465/3938/2463 2463/3937/2462 2464/3939/2461 2466/3940/2464
f 2467/3941/2465 2465/3938/2463 2466/3940/2464 2469/3942/2466
f 2468/3943/2467 2462/3932/2460 2465/3938/2463 2467/3941/2465
f 2473/3944/2468 2468/3943/2467 2467/3941/2465 2470/3945/2469
f 2470/3945/2469 2467/3941/2465 2469/3942/2466 2471/3946/2433
f 2471/3894/2433 2434/3885/2426 2472/3947/2470 2470/3948/2469
f 2470/3949/2469 2472/3950/2470 2474/3951/2471 2473/3952/2468
f 2473/3952/2468 2474/3951/2471 2476/3953/2472 2475/3954/2473
f 2475/3954/2473 2477/3955/2474 2468/3956/2467 2473/3952/2468
f 2475/3954/2473 2476/3953/2472 2447/3957/2445 2449/3958/2448
f 2449/3958/2448 2453/3959/2450 2477/3955/2474 2475/3954/2473
f 2453/3921/2450 2456/3924/2454 2459/3933/2457 2477/3960/2474
f 2477/3960/2474 2459/3933/2457 2462/3932/2460 2468/3943/2467
f 2478/3961/2475 2445/3962/2444 2447/3957/2445 2476/3953/2472
f 2479/3963/2476 2478/3961/2475 2476/3953/2472 2474/3951/2471
f 2480/3964/2477 2479/3965/2476 2474/3966/2471 2472/3947/2470
f 2430/3884/2425 2480/3964/2477 2472/3947/2470 2434/3885/2426
f 2433/3890/2431 2471/3946/2433 2469/3942/2466 2481/3967/2478
f 2481/3967/2478 2469/3942/2466 2466/3940/2464 2482/3968/2479
f 2483/3969/2480 2481/3967/2478 2482/3968/2479 2484/3970/2481
f 2436/3891/2432 2433/3890/2431 2481/3967/2478 2483/3969/2480
f 2485/3971/2482 2483/3969/2480 2484/3970/2481 2486/3972/2483
f 2438/3973/2434 2436/3891/2432 2483/3969/2480 2485/3971/2482
f 2487/3974/2484 2485/3971/2482 2486/3972/2483 2488/3975/2485
f 2489/3976/2437 2438/3973/2434 2485/3971/2482 2487/3974/2484
f 2487/3977/2484 2488/3978/2485 2455/3919/2452 2452/3918/2451
f 2489/3979/2437 2487/3977/2484 2452/3918/2451 2450/3914/2447
f 2489/3979/2437 2450/3914/2447 2443/3907/2440 2439/3906/2438
f 2458/3925/2455 2455/3919/2452 2488/3978/2485 2486/3980/2483
f 2461/3981/2458 2458/3982/2455 2486/3972/2483 2484/3970/2481
f 2464/3939/2461 2461/3981/2458 2484/3970/2481 2482/3968/2479
f 2482/3968/2479 2466/3940/2464 2464/3939/2461
f 2492/3983/350 2490/3984/350 2491/3985/350 2494/3986/350
f 2493/3987/350 2492/3983/350 2494/3986/350 2495/3988/350
f 2495/3988/350 2494/3986/350 2496/3989/350 2498/3990/350
f 2494/3986/350 2491/3985/350 2499/3991/350 2496/3989/350
f 2498/3990/350 2496/3989/350 2497/3992/350 2501/3993/350
f 2496/3989/350 2499/3991/350 2500/3994/350 2497/3992/350
s 0
f 2503/3995/2486 2502/3996/2486 2505/3997/2486 2506/3998/2486
f 2502/3996/2487 2503/3995/2487 2509/3999/2487 2504/4000/2487
f 2506/3998/2488 2505/3997/2488 2507/4001/2488 2508/4002/2488
s 1
f 2515/4003/2489 2511/4004/2490 2510/4005/2491 2513/4006/2492
f 2510/4005/2491 2512/4007/2493 2514/4008/2494 2513/4006/2492
f 2515/4003/2489 2516/4009/2495 2517/4010/2496 2511/4004/2490
f 2517/4010/2496 2516/4009/2495 2518/4011/2497 2519/4012/2498
f 2519/4013/2498 2518/4014/2497 2520/4015/2499 2521/4016/2500
f 2521/4016/2500 2520/4015/2499 2522/4017/2501 2523/4018/2502
f 2523/4019/2502 2522/4020/2501 2524/4021/2503 2525/4022/2504
f 2525/4022/2504 2524/4021/2503 2526/4023/2505 2527/4024/2506
f 2527/4024/2506 2526/4023/2505 2528/4025/2507 2529/4026/2508
f 2529/4026/2508 2528/4025/2507 2530/4027/2509 2545/4028/2510
f 2528/4025/2507 2531/4029/2511 2532/4030/2512 2530/4027/2509
f 2533/4031/2513 2534/4032/2514 2532/4030/2512 2531/4029/2511
f 2535/4033/2515 2536/4034/2516 2534/4032/2514 2533/4031/2513
f 2537/4035/2517 2539/4036/2518 2536/4034/2516 2535/4033/2515
f 2538/4037/2519 2540/4038/2520 2539/4039/2518 2537/4040/2517
f 2542/4041/2521 2541/4042/2522 2540/4038/2520 2538/4037/2519
f 2544/4043/2523 2543/4044/2524 2541/4045/2522 2542/4046/2521
f 2512/4007/2493 2543/4044/2524 2544/4043/2523 2514/4008/2494
f 2545/4047/2510 2530/4048/2509 2546/4049/2525 2547/4050/2525
f 2550/4051/2526 2552/4052/2527 2549/4053/2528 2548/4054/2529
f 2551/4055/2530 2553/4056/2531 2552/4052/2527 2550/4051/2526
f 2555/4057/2532 2554/4058/2533 2553/4059/2531 2551/4060/2530
f 2554/4058/2533 2555/4057/2532 2557/4061/2534 2556/4062/2535
f 2560/4063/2536 2558/4064/2537 2559/4065/2538 2562/4066/2539
f 2561/4067/2540 2560/4063/2536 2562/4066/2539 2563/4068/2541
f 2565/4069/2542 2561/4070/2540 2563/4071/2541 2564/4072/2543
f 2564/4072/2543 2566/4073/2544 2567/4074/2545 2565/4069/2542
f 2568/4075/2546 2571/4076/2547 2574/4077/2548 2569/4078/2549
f 2569/4079/2549 2589/4080/2550 2570/4081/2551 2568/4082/2546
f 2570/4081/2551 2572/4083/2552 2571/4084/2547 2568/4082/2546
f 2572/4085/2552 2579/4086/2553 2573/4087/2554 2571/4076/2547
f 2571/4076/2547 2573/4087/2554 2576/4088/2555 2574/4077/2548
f 2569/4078/2549 2574/4077/2548 2575/4089/2556 2592/4090/2557
f 2574/4077/2548 2576/4088/2555 2577/4091/2558 2575/4089/2556
f 2581/4092/2559 2577/4093/2558 2576/4094/2555 2578/4095/2560
f 2578/4095/2560 2576/4094/2555 2573/4096/2554 2579/4097/2553
f 2580/4098/2561 2578/4095/2560 2579/4097/2553 2593/4099/2562
f 2583/4100/2563 2581/4092/2559 2578/4095/2560 2580/4098/2561
f 2575/4101/2556 2577/4093/2558 2581/4092/2559 2582/4102/2564
f 2582/4103/2564 2581/4104/2559 2583/4105/2563 2584/4106/2565
f 2584/4106/2565 2583/4105/2563 2580/4107/2561 2586/4108/2566
f 2591/4109/2567 2582/4103/2564 2584/4106/2565 2585/4110/2568
f 2585/4110/2568 2584/4106/2565 2586/4108/2566 2588/4111/2569
f 2588/4111/2569 2586/4108/2566 2587/4112/2570 2590/4113/2571
f 2586/4114/2566 2580/4115/2561 2593/4116/2562 2587/4117/2570
f 2591/4118/2567 2585/4119/2568 2588/4120/2569 2589/4080/2550
f 2589/4080/2550 2588/4120/2569 2590/4121/2571 2570/4081/2551
f 2590/4121/2571 2587/4122/2570 2572/4083/2552 2570/4081/2551
f 2592/4123/2557 2591/4118/2567 2589/4080/2550 2569/4079/2549
f 2592/4124/2557 2575/4125/2556 2582/4126/2564 2591/4127/2567
f 2587/4117/2570 2593/4116/2562 2579/4128/2553 2572/4129/2552
f 2594/4130/2572 2595/4131/2573 2600/4132/2574 2597/4133/2575
f 2595/4134/2573 2594/4135/2572 2596/4136/2576 2615/4137/2577
f 2596/4138/2576 2594/4130/2572 2597/4133/2575 2598/4139/2578
f 2598/4139/2578 2597/4133/2575 2599/4140/2579 2605/4141/2580
f 2597/4133/2575 2600/4132/2574 2602/4142/2581 2599/4140/2579
f 2595/4131/2573 2618/4143/2582 2601/4144/2583 2600/4132/2574
f 2600/4145/2574 2601/4146/2583 2603/4147/2584 2602/4148/2581
f 2607/4149/2585 2604/4150/2586 2602/4148/2581 2603/4147/2584
f 2604/4150/2586 2605/4151/2580 2599/4152/2579 2602/4148/2581
f 2606/4153/2587 2619/4154/2588 2605/4155/2580 2604/4156/2586
f 2609/4157/2589 2606/4158/2587 2604/4150/2586 2607/4149/2585
f 2601/4146/2583 2608/4159/2590 2607/4149/2585 2603/4147/2584
f 2608/4160/2590 2610/4161/2591 2609/4162/2589 2607/4163/2585
f 2610/4161/2591 2612/4164/2592 2606/4165/2587 2609/4162/2589
f 2617/4166/2593 2611/4167/2594 2610/4161/2591 2608/4160/2590
f 2611/4167/2594 2614/4168/2595 2612/4164/2592 2610/4161/2591
f 2614/4169/2595 2616/4170/2596 2613/4171/2597 2612/4172/2592
f 2612/4173/2592 2613/4174/2597 2619/4154/2588 2606/4153/2587
f 2617/4175/2593 2615/4137/2577 2614/4169/2595 2611/4176/2594
f 2615/4137/2577 2596/4136/2576 2616/4170/2596 2614/4169/2595
f 2616/4170/2596 2596/4136/2576 2598/4177/2578 2613/4171/2597
f 2618/4178/2582 2595/4179/2573 2615/4180/2577 2617/4181/2593
f 2618/4178/2582 2617/4181/2593 2608/4182/2590 2601/4183/2583
f 2613/4174/2597 2598/4184/2578 2605/4155/2580 2619/4154/2588
f 2620/4185/2598 2622/4186/2599 2666/4187/2600 2663/4188/2601 2662/4189/2602 2661/4190/2603 2660/4191/2604 2659/4192/2605 2658/4193/2606 2657/4194/2607 2656/4195/2608 2655/4196/2609 2621/4197/2610
f 2620/4198/2598 2621/4199/2610 2625/4200/2611 2623/4201/2612
f 2622/4202/2599 2620/4198/2598 2623/4201/2612 2626/4203/2613
f 2626/4203/2613 2623/4201/2612 2624/4204/2614 2628/4205/2615
f 2623/4201/2612 2625/4200/2611 2654/4206/2616 2624/4204/2614
f 2627/4207/2617 2626/4208/2613 2628/4209/2615 2629/4210/2618
f 2666/4211/2600 2622/4202/2599 2626/4203/2613 2627/4212/2617
f 2624/4213/2614 2654/4214/2616 2652/4215/2619 2650/4216/2620 2648/4217/2621 2646/4218/2622 2644/4219/2623 2642/4220/2624 2640/4221/2625 2638/4222/2626 2636/4223/2627 2634/4224/2628 2632/4225/2629 2630/4226/2630 2629/4210/2618 2628/4209/2615
f 2631/4227/2631 2627/4207/2617 2629/4210/2618 2630/4226/2630
f 2633/4228/2632 2631/4227/2631 2630/4226/2630 2632/4225/2629
f 2635/4229/2633 2633/4228/2632 2632/4225/2629 2634/4224/2628
f 2637/4230/2634 2635/4229/2633 2634/4224/2628 2636/4223/2627
f 2639/4231/2635 2637/4230/2634 2636/4223/2627 2638/4222/2626
f 2641/4232/2636 2639/4231/2635 2638/4222/2626 2640/4221/2625
f 2643/4233/2637 2641/4232/2636 2640/4221/2625 2642/4220/2624
f 2645/4234/2638 2643/4233/2637 2642/4220/2624 2644/4219/2623
f 2647/4235/2639 2645/4234/2638 2644/4219/2623 2646/4218/2622
f 2649/4236/2640 2647/4235/2639 2646/4218/2622 2648/4217/2621
f 2651/4237/2641 2649/4236/2640 2648/4217/2621 2650/4216/2620
f 2653/4238/2642 2651/4237/2641 2650/4216/2620 2652/4215/2619
f 2625/4200/2611 2653/4239/2642 2652/4240/2619 2654/4206/2616
f 2621/4199/2610 2655/4241/2609 2653/4239/2642 2625/4200/2611
f 2655/4241/2609 2656/4242/2608 2651/4243/2641 2653/4239/2642
f 2656/4244/2608 2657/4245/2607 2649/4246/2640 2651/4247/2641
f 2657/4245/2607 2658/4248/2606 2647/4249/2639 2649/4246/2640
f 2658/4248/2606 2659/4250/2605 2645/4251/2638 2647/4249/2639
f 2659/4252/2605 2660/4253/2604 2643/4254/2637 2645/4255/2638
f 2660/4253/2604 2661/4256/2603 2641/4257/2636 2643/4254/2637
f 2661/4256/2603 2662/4258/2602 2639/4259/2635 2641/4257/2636
f 2662/4258/2602 2663/4260/2601 2637/4261/2634 2639/4259/2635
f 2663/4262/2601 2666/4263/2600 2668/4264/2643 2664/4265/2644
f 2663/4266/2601 2664/4267/2644 2709/4268/2645 2665/4269/2646
f 2663/4266/2601 2665/4269/2646 2635/4270/2633 2637/4271/2634
f 2667/4272/2647 2666/4273/2600 2627/4274/2617 2631/4275/2631
f 2667/4272/2647 2669/4276/2648 2668/4277/2643 2666/4273/2600
f 2668/4277/2643 2669/4276/2648 2673/4278/2649 2671/4279/2650
f 2702/4280/2651 2664/4281/2644 2668/4282/2643 2670/4283/2652 2679/4284/2653 2680/4285/2654 2681/4286/2655 2682/4287/2656 2690/4288/2657 2691/4289/2658 2692/4290/2659 2693/4291/2660 2701/4292/2661
f 2671/4293/2650 2674/4294/2662 2670/4295/2652 2668/4296/2643
f 2674/4297/2662 2671/4298/2650 2672/4299/2663 2675/4300/2664
f 2671/4298/2650 2673/4301/2649 2713/4302/2665 2672/4299/2663
f 2676/4303/2666 2674/4297/2662 2675/4300/2664 2678/4304/2667
f 2674/4294/2662 2676/4305/2666 2679/4306/2653 2670/4295/2652
f 2677/4307/2668 2676/4303/2666 2678/4304/2667 2715/4308/2669
f 2676/4305/2666 2677/4309/2668 2680/4310/2654 2679/4306/2653
f 2677/4309/2668 2683/4311/2670 2681/4312/2655 2680/4310/2654
f 2683/4311/2670 2685/4313/2671 2682/4314/2656 2681/4312/2655
f 2685/4315/2671 2683/4316/2670 2684/4317/2672 2686/4318/2673
f 2683/4316/2670 2677/4307/2668 2715/4308/2669 2684/4317/2672
f 2687/4319/2674 2685/4315/2671 2686/4318/2673 2688/4320/2675
f 2685/4321/2671 2687/4322/2674 2690/4323/2657 2682/4324/2656
f 2689/4325/2676 2687/4319/2674 2688/4320/2675 2714/4326/2677
f 2687/4322/2674 2689/4327/2676 2691/4328/2658 2690/4323/2657
f 2689/4327/2676 2694/4329/2678 2692/4330/2659 2691/4328/2658
f 2694/4331/2678 2696/4332/2679 2693/4333/2660 2692/4334/2659
f 2696/4335/2679 2694/4336/2678 2695/4337/2680 2697/4338/2681
f 2694/4336/2678 2689/4325/2676 2714/4326/2677 2695/4337/2680
f 2698/4339/2682 2696/4335/2679 2697/4338/2681 2699/4340/2683
f 2696/4332/2679 2698/4341/2682 2701/4342/2661 2693/4333/2660
f 2700/4343/2684 2698/4341/2682 2699/4344/2683 2703/4345/2685
f 2698/4341/2682 2700/4343/2684 2702/4346/2651 2701/4342/2661
f 2700/4343/2684 2704/4347/2686 2664/4348/2644 2702/4346/2651
f 2704/4349/2686 2700/4350/2684 2703/4351/2685 2705/4352/2687
f 2706/4353/2688 2704/4349/2686 2705/4352/2687 2707/4354/2689
f 2709/4268/2645 2664/4267/2644 2704/4355/2686 2706/4356/2688
f 2708/4357/2690 2706/4353/2688 2707/4354/2689 2712/4358/2691
f 2710/4359/2692 2709/4268/2645 2706/4356/2688 2708/4360/2690
f 2665/4269/2646 2709/4268/2645 2710/4359/2692 2711/4361/2693
f 2711/4361/2693 2710/4359/2692 2669/4276/2648 2667/4272/2647
f 2669/4276/2648 2710/4359/2692 2708/4360/2690 2673/4278/2649
f 2665/4269/2646 2711/4361/2693 2633/4362/2632 2635/4270/2633
f 2711/4361/2693 2667/4272/2647 2631/4275/2631 2633/4362/2632
f 2673/4301/2649 2708/4357/2690 2712/4358/2691 2713/4302/2665
f 2715/4308/2669 2678/4304/2667 2675/4300/2664 2672/4299/2663 2713/4302/2665 2712/4358/2691 2707/4354/2689 2705/4352/2687 2703/4351/2685 2699/4340/2683 2697/4338/2681 2695/4337/2680 2714/4326/2677 2688/4320/2675 2686/4318/2673 2684/4317/2672
f 2721/4363/2694 2720/4364/2695 2716/4365/2695 2717/4366/2696
f 2717/4367/2697 2716/4368/2697 2719/4369/2697 2779/4370/2697
f 2716/4368/2697 2718/4371/2697 2727/4372/2697 2719/4369/2697
f 2720/4364/2695 2722/4373/2698 2718/4374/2699 2716/4365/2695
f 2720/4375/2700 2721/4376/2700 2724/4377/2700 2723/4378/2700
f 2722/4379/2700 2720/4375/2700 2723/4378/2700 2725/4380/2700
f 2719/4381/2701 2723/4382/2701 2724/4383/2702 2779/4384/2703
f 2727/4385/2704 2725/4386/2705 2723/4382/2701 2719/4381/2701
f 2732/4387/2700 2722/4379/2700 2725/4380/2700 2726/4388/2700
f 2728/4389/2706 2726/4390/2707 2725/4386/2705 2727/4385/2704
f 2718/4371/2697 2730/4391/2697 2728/4392/2697 2727/4372/2697
f 2730/4391/2697 2731/4393/2697 2729/4394/2697 2728/4392/2697
f 2729/4395/2708 2735/4396/2709 2726/4397/2707 2728/4398/2706
f 2732/4399/2710 2733/4400/2711 2731/4401/2712 2730/4402/2713
f 2722/4373/2698 2732/4403/2710 2730/4404/2713 2718/4374/2699
f 2733/4405/2700 2732/4387/2700 2726/4388/2700 2735/4406/2700
f 2733/4400/2711 2734/4407/2714 2740/4408/2715 2731/4401/2712
f 2734/4409/2700 2733/4405/2700 2735/4406/2700 2736/4410/2700
f 2738/4411/2716 2736/4412/2717 2735/4396/2709 2729/4395/2708
f 2743/4413/2700 2734/4409/2700 2736/4410/2700 2737/4414/2700
f 2739/4415/2718 2737/4416/2719 2736/4412/2717 2738/4411/2716
f 2740/4417/2697 2741/4418/2697 2739/4419/2697 2738/4420/2697
f 2731/4393/2697 2740/4417/2697 2738/4420/2697 2729/4394/2697
f 2734/4407/2714 2743/4421/2720 2741/4422/2721 2740/4408/2715
f 2743/4421/2720 2744/4423/2722 2742/4424/2723 2741/4422/2721
f 2741/4418/2697 2742/4425/2697 2748/4426/2697 2739/4419/2697
f 2744/4427/2700 2743/4413/2700 2737/4414/2700 2746/4428/2700
f 2744/4429/2722 2745/4430/2703 2751/4431/2702 2742/4432/2723
f 2745/4433/2700 2744/4427/2700 2746/4428/2700 2747/4434/2700
f 2749/4435/2694 2747/4436/2696 2746/4437/2724 2748/4438/2725
f 2748/4438/2725 2746/4437/2724 2737/4416/2719 2739/4415/2718
f 2742/4425/2697 2751/4439/2697 2749/4440/2697 2748/4426/2697
f 2751/4439/2697 2752/4441/2697 2750/4442/2697 2749/4440/2697
f 2750/4443/2695 2756/4444/2695 2747/4445/2696 2749/4446/2694
f 2745/4430/2703 2754/4447/2701 2752/4448/2701 2751/4431/2702
f 2754/4447/2701 2755/4449/2704 2753/4450/2705 2752/4448/2701
f 2752/4441/2697 2753/4451/2697 2759/4452/2697 2750/4442/2697
f 2755/4453/2700 2754/4454/2700 2756/4455/2700 2757/4456/2700
f 2754/4454/2700 2745/4433/2700 2747/4434/2700 2756/4455/2700
f 2759/4457/2698 2757/4458/2699 2756/4444/2695 2750/4443/2695
f 2764/4459/2700 2755/4453/2700 2757/4456/2700 2758/4460/2700
f 2760/4461/2710 2758/4462/2713 2757/4458/2699 2759/4457/2698
f 2753/4451/2697 2762/4463/2697 2760/4464/2697 2759/4452/2697
f 2762/4463/2697 2763/4465/2697 2761/4466/2697 2760/4464/2697
f 2761/4467/2711 2767/4468/2712 2758/4469/2713 2760/4470/2710
f 2764/4471/2706 2765/4472/2708 2763/4473/2709 2762/4474/2707
f 2755/4449/2704 2764/4475/2706 2762/4476/2707 2753/4450/2705
f 2765/4477/2700 2764/4459/2700 2758/4460/2700 2767/4478/2700
f 2765/4472/2708 2766/4479/2716 2772/4480/2717 2763/4473/2709
f 2766/4481/2700 2765/4477/2700 2767/4478/2700 2768/4482/2700
f 2770/4483/2714 2768/4484/2715 2767/4468/2712 2761/4467/2711
f 2775/4485/2700 2766/4481/2700 2768/4482/2700 2769/4486/2700
f 2771/4487/2720 2769/4488/2721 2768/4484/2715 2770/4483/2714
f 2772/4489/2697 2773/4490/2697 2771/4491/2697 2770/4492/2697
f 2763/4465/2697 2772/4489/2697 2770/4492/2697 2761/4466/2697
f 2766/4479/2716 2775/4493/2718 2773/4494/2719 2772/4480/2717
f 2775/4493/2718 2776/4495/2725 2774/4496/2724 2773/4494/2719
f 2773/4490/2697 2774/4497/2697 2778/4498/2697 2771/4491/2697
f 2776/4499/2700 2775/4485/2700 2769/4486/2700 2777/4500/2700
f 2776/4495/2725 2721/4501/2694 2717/4502/2696 2774/4496/2724
f 2721/4376/2700 2776/4499/2700 2777/4500/2700 2724/4377/2700
f 2779/4384/2703 2724/4383/2702 2777/4503/2723 2778/4504/2722
f 2778/4505/2722 2777/4506/2723 2769/4488/2721 2771/4487/2720
f 2774/4497/2697 2717/4367/2697 2779/4370/2697 2778/4498/2697
f 2785/4507/2726 2784/4508/2727 2780/4509/2727 2781/4510/2728
f 2781/4511/2729 2780/4512/2729 2783/4513/2729 2843/4514/2729
f 2780/4512/2729 2782/4515/2729 2791/4516/2729 2783/4513/2729
f 2784/4508/2727 2786/4517/2730 2782/4518/2731 2780/4509/2727
f 2784/4519/2732 2785/4520/2732 2788/4521/2732 2787/4522/2732
f 2786/4523/2732 2784/4519/2732 2787/4522/2732 2789/4524/2732
f 2783/4525/2733 2787/4526/2733 2788/4527/2734 2843/4528/2735
f 2791/4529/2736 2789/4530/2737 2787/4526/2733 2783/4525/2733
f 2796/4531/2732 2786/4523/2732 2789/4524/2732 2790/4532/2732
f 2792/4533/2738 2790/4534/2739 2789/4530/2737 2791/4529/2736
f 2782/4515/2729 2794/4535/2729 2792/4536/2729 2791/4516/2729
f 2794/4535/2729 2795/4537/2729 2793/4538/2729 2792/4536/2729
f 2793/4539/2740 2799/4540/2741 2790/4541/2739 2792/4542/2738
f 2796/4543/2742 2797/4544/2743 2795/4545/2744 2794/4546/2745
f 2786/4517/2730 2796/4547/2742 2794/4548/2745 2782/4518/2731
f 2797/4549/2732 2796/4531/2732 2790/4532/2732 2799/4550/2732
f 2797/4544/2743 2798/4551/2746 2804/4552/2747 2795/4545/2744
f 2798/4553/2732 2797/4549/2732 2799/4550/2732 2800/4554/2732
f 2802/4555/2748 2800/4556/2749 2799/4540/2741 2793/4539/2740
f 2807/4557/2732 2798/4553/2732 2800/4554/2732 2801/4558/2732
f 2803/4559/2750 2801/4560/2751 2800/4556/2749 2802/4555/2748
f 2804/4561/2729 2805/4562/2729 2803/4563/2729 2802/4564/2729
f 2795/4537/2729 2804/4561/2729 2802/4564/2729 2793/4538/2729
f 2798/4551/2746 2807/4565/2752 2805/4566/2753 2804/4552/2747
f 2807/4565/2752 2808/4567/2754 2806/4568/2755 2805/4566/2753
f 2805/4562/2729 2806/4569/2729 2812/4570/2729 2803/4563/2729
f 2808/4571/2732 2807/4557/2732 2801/4558/2732 2810/4572/2732
f 2808/4573/2754 2809/4574/2735 2815/4575/2734 2806/4576/2755
f 2809/4577/2732 2808/4571/2732 2810/4572/2732 2811/4578/2732
f 2813/4579/2726 2811/4580/2728 2810/4581/2756 2812/4582/2757
f 2812/4582/2757 2810/4581/2756 2801/4560/2751 2803/4559/2750
f 2806/4569/2729 2815/4583/2729 2813/4584/2729 2812/4570/2729
f 2815/4583/2729 2816/4585/2729 2814/4586/2729 2813/4584/2729
f 2814/4587/2727 2820/4588/2727 2811/4589/2728 2813/4590/2726
f 2809/4574/2735 2818/4591/2733 2816/4592/2733 2815/4575/2734
f 2818/4591/2733 2819/4593/2736 2817/4594/2737 2816/4592/2733
f 2816/4585/2729 2817/4595/2729 2823/4596/2729 2814/4586/2729
f 2819/4597/2732 2818/4598/2732 2820/4599/2732 2821/4600/2732
f 2818/4598/2732 2809/4577/2732 2811/4578/2732 2820/4599/2732
f 2823/4601/2730 2821/4602/2731 2820/4588/2727 2814/4587/2727
f 2828/4603/2732 2819/4597/2732 2821/4600/2732 2822/4604/2732
f 2824/4605/2742 2822/4606/2745 2821/4602/2731 2823/4601/2730
f 2817/4595/2729 2826/4607/2729 2824/4608/2729 2823/4596/2729
f 2826/4607/2729 2827/4609/2729 2825/4610/2729 2824/4608/2729
f 2825/4611/2743 2831/4612/2744 2822/4613/2745 2824/4614/2742
f 2828/4615/2738 2829/4616/2740 2827/4617/2741 2826/4618/2739
f 2819/4593/2736 2828/4619/2738 2826/4620/2739 2817/4594/2737
f 2829/4621/2732 2828/4603/2732 2822/4604/2732 2831/4622/2732
f 2829/4616/2740 2830/4623/2748 2836/4624/2749 2827/4617/2741
f 2830/4625/2732 2829/4621/2732 2831/4622/2732 2832/4626/2732
f 2834/4627/2746 2832/4628/2747 2831/4612/2744 2825/4611/2743
f 2839/4629/2732 2830/4625/2732 2832/4626/2732 2833/4630/2732
f 2835/4631/2752 2833/4632/2753 2832/4628/2747 2834/4627/2746
f 2836/4633/2729 2837/4634/2729 2835/4635/2729 2834/4636/2729
f 2827/4609/2729 2836/4633/2729 2834/4636/2729 2825/4610/2729
f 2830/4623/2748 2839/4637/2750 2837/4638/2751 2836/4624/2749
f 2839/4637/2750 2840/4639/2757 2838/4640/2756 2837/4638/2751
f 2837/4634/2729 2838/4641/2729 2842/4642/2729 2835/4635/2729
f 2840/4643/2732 2839/4629/2732 2833/4630/2732 2841/4644/2732
f 2840/4639/2757 2785/4645/2726 2781/4646/2728 2838/4640/2756
f 2785/4520/2732 2840/4643/2732 2841/4644/2732 2788/4521/2732
f 2843/4528/2735 2788/4527/2734 2841/4647/2755 2842/4648/2754
f 2842/4649/2754 2841/4650/2755 2833/4632/2753 2835/4631/2752
f 2838/4641/2729 2781/4511/2729 2843/4514/2729 2842/4642/2729
f 2849/4651/2726 2848/4652/2727 2844/4653/2727 2845/4654/2728
f 2845/4655/2729 2844/4656/2729 2847/4657/2729 2907/4658/2729
f 2844/4656/2729 2846/4659/2729 2855/4660/2729 2847/4657/2729
f 2848/4652/2727 2850/4661/2730 2846/4662/2731 2844/4653/2727
f 2848/4663/2732 2849/4664/2732 2852/4665/2732 2851/4666/2732
f 2850/4667/2732 2848/4663/2732 2851/4666/2732 2853/4668/2732
f 2847/4669/2733 2851/4670/2733 2852/4671/2734 2907/4672/2735
f 2855/4673/2736 2853/4674/2737 2851/4670/2733 2847/4669/2733
f 2860/4675/2732 2850/4667/2732 2853/4668/2732 2854/4676/2732
f 2856/4677/2738 2854/4678/2739 2853/4674/2737 2855/4673/2736
f 2846/4659/2729 2858/4679/2729 2856/4680/2729 2855/4660/2729
f 2858/4679/2729 2859/4681/2729 2857/4682/2729 2856/4680/2729
f 2857/4683/2740 2863/4684/2741 2854/4685/2739 2856/4686/2738
f 2860/4687/2742 2861/4688/2743 2859/4689/2744 2858/4690/2745
f 2850/4661/2730 2860/4691/2742 2858/4692/2745 2846/4662/2731
f 2861/4693/2732 2860/4675/2732 2854/4676/2732 2863/4694/2732
f 2861/4688/2743 2862/4695/2746 2868/4696/2747 2859/4689/2744
f 2862/4697/2732 2861/4693/2732 2863/4694/2732 2864/4698/2732
f 2866/4699/2748 2864/4700/2749 2863/4684/2741 2857/4683/2740
f 2871/4701/2732 2862/4697/2732 2864/4698/2732 2865/4702/2732
f 2867/4703/2750 2865/4704/2751 2864/4700/2749 2866/4699/2748
f 2868/4705/2729 2869/4706/2729 2867/4707/2729 2866/4708/2729
f 2859/4681/2729 2868/4705/2729 2866/4708/2729 2857/4682/2729
f 2862/4695/2746 2871/4709/2752 2869/4710/2753 2868/4696/2747
f 2871/4709/2752 2872/4711/2754 2870/4712/2755 2869/4710/2753
f 2869/4706/2729 2870/4713/2729 2876/4714/2729 2867/4707/2729
f 2872/4715/2732 2871/4701/2732 2865/4702/2732 2874/4716/2732
f 2872/4717/2754 2873/4718/2735 2879/4719/2734 2870/4720/2755
f 2873/4721/2732 2872/4715/2732 2874/4716/2732 2875/4722/2732
f 2877/4723/2726 2875/4724/2728 2874/4725/2756 2876/4726/2757
f 2876/4726/2757 2874/4725/2756 2865/4704/2751 2867/4703/2750
f 2870/4713/2729 2879/4727/2729 2877/4728/2729 2876/4714/2729
f 2879/4727/2729 2880/4729/2729 2878/4730/2729 2877/4728/2729
f 2878/4731/2727 2884/4732/2727 2875/4733/2728 2877/4734/2726
f 2873/4718/2735 2882/4735/2733 2880/4736/2733 2879/4719/2734
f 2882/4735/2733 2883/4737/2736 2881/4738/2737 2880/4736/2733
f 2880/4729/2729 2881/4739/2729 2887/4740/2729 2878/4730/2729
f 2883/4741/2732 2882/4742/2732 2884/4743/2732 2885/4744/2732
f 2882/4742/2732 2873/4721/2732 2875/4722/2732 2884/4743/2732
f 2887/4745/2730 2885/4746/2731 2884/4732/2727 2878/4731/2727
f 2892/4747/2732 2883/4741/2732 2885/4744/2732 2886/4748/2732
f 2888/4749/2742 2886/4750/2745 2885/4746/2731 2887/4745/2730
f 2881/4739/2729 2890/4751/2729 2888/4752/2729 2887/4740/2729
f 2890/4751/2729 2891/4753/2729 2889/4754/2729 2888/4752/2729
f 2889/4755/2743 2895/4756/2744 2886/4757/2745 2888/4758/2742
f 2892/4759/2738 2893/4760/2740 2891/4761/2741 2890/4762/2739
f 2883/4737/2736 2892/4763/2738 2890/4764/2739 2881/4738/2737
f 2893/4765/2732 2892/4747/2732 2886/4748/2732 2895/4766/2732
f 2893/4760/2740 2894/4767/2748 2900/4768/2749 2891/4761/2741
f 2894/4769/2732 2893/4765/2732 2895/4766/2732 2896/4770/2732
f 2898/4771/2746 2896/4772/2747 2895/4756/2744 2889/4755/2743
f 2903/4773/2732 2894/4769/2732 2896/4770/2732 2897/4774/2732
f 2899/4775/2752 2897/4776/2753 2896/4772/2747 2898/4771/2746
f 2900/4777/2729 2901/4778/2729 2899/4779/2729 2898/4780/2729
f 2891/4753/2729 2900/4777/2729 2898/4780/2729 2889/4754/2729
f 2894/4767/2748 2903/4781/2750 2901/4782/2751 2900/4768/2749
f 2903/4781/2750 2904/4783/2757 2902/4784/2756 2901/4782/2751
f 2901/4778/2729 2902/4785/2729 2906/4786/2729 2899/4779/2729
f 2904/4787/2732 2903/4773/2732 2897/4774/2732 2905/4788/2732
f 2904/4783/2757 2849/4789/2726 2845/4790/2728 2902/4784/2756
f 2849/4664/2732 2904/4787/2732 2905/4788/2732 2852/4665/2732
f 2907/4672/2735 2852/4671/2734 2905/4791/2755 2906/4792/2754
f 2906/4793/2754 2905/4794/2755 2897/4776/2753 2899/4775/2752
f 2902/4785/2729 2845/4655/2729 2907/4658/2729 2906/4786/2729
f 2908/4795/2758 2912/4796/2759 2914/4797/2760 2909/4798/2761
f 2908/4795/2758 2909/4798/2761 2929/4799/2762 2910/4800/2763
f 2908/4801/2758 2910/4802/2763 2924/4803/2764 2911/4804/2765
f 2912/4796/2759 2915/4805/2766 2916/4806/2767 2913/4807/2768
f 2912/4796/2759 2913/4807/2768 2957/4808/2769 2914/4797/2760
f 2915/4805/2766 2917/4809/2770 2956/4810/2771 2916/4806/2767
f 2918/4811/2772 2919/4812/2773 2917/4809/2770 2915/4805/2766
f 2911/4813/2765 2920/4814/2774 2919/4812/2773 2918/4811/2772
f 2911/4804/2765 2924/4803/2764 2922/4815/2775 2920/4816/2774
f 2920/4816/2774 2922/4815/2775 2923/4817/2776 2921/4818/2776
f 2924/4803/2764 2910/4802/2763 2926/4819/2777 2925/4820/2778
f 2910/4800/2763 2929/4799/2762 2927/4821/2779 2926/4822/2777
f 2929/4799/2762 2930/4823/2780 2928/4824/2781 2927/4821/2779
f 2929/4799/2762 2909/4798/2761 2931/4825/2782 2930/4823/2780
f 2930/4826/2780 2931/4827/2782 2934/4828/2783 2932/4829/2784
f 2930/4830/2780 2932/4831/2784 2935/4832/2785 2928/4833/2781
f 2932/4829/2784 2933/4834/2786 2936/4835/2787 2935/4836/2785
f 2955/4837/2788 2933/4834/2786 2932/4829/2784 2934/4828/2783
f 2933/4834/2786 2939/4838/2789 2937/4839/2790 2936/4835/2787
f 2939/4840/2789 2941/4841/2791 2938/4842/2792 2937/4843/2790
f 2933/4834/2786 2955/4837/2788 2940/4844/2793 2939/4838/2789
f 2939/4840/2789 2940/4845/2793 2942/4846/2794 2941/4841/2791
f 2941/4841/2791 2942/4846/2794 2946/4847/2795 2943/4848/2796
f 2941/4841/2791 2943/4848/2796 2945/4849/2797 2938/4842/2792
f 2943/4848/2796 2944/4850/2798 2954/4851/2799 2945/4849/2797
f 2943/4848/2796 2946/4847/2795 2947/4852/2800 2944/4850/2798
f 2944/4850/2798 2947/4852/2800 2948/4853/2801 2949/4854/2802
f 2949/4854/2802 2948/4853/2801 2950/4855/2803 2951/4856/2804
f 2953/4857/2805 2949/4854/2802 2951/4856/2804 2952/4858/2806
f 2944/4850/2798 2949/4854/2802 2953/4857/2805 2954/4851/2799
f 2913/4807/2768 2959/4859/2807 2958/4860/2807 2957/4808/2769
f 2960/4861/2808 2961/4862/2809 2966/4863/2810 2964/4864/2811
f 2960/4861/2808 2962/4865/2812 2981/4866/2813 2961/4862/2809
f 2960/4861/2808 2963/4867/2814 2976/4868/2815 2962/4865/2812
f 2964/4864/2811 2965/4869/2816 2968/4870/2817 2967/4871/2818
f 2964/4864/2811 2966/4863/2810 3009/4872/2819 2965/4869/2816
f 2967/4871/2818 2968/4870/2817 3008/4873/2820 2969/4874/2821
f 2970/4875/2822 2967/4871/2818 2969/4874/2821 2971/4876/2823
f 2963/4867/2814 2970/4875/2822 2971/4876/2823 2972/4877/2824
f 2963/4878/2814 2972/4879/2824 2974/4880/2825 2976/4881/2815
f 2972/4879/2824 2973/4882/2826 2975/4883/2826 2974/4880/2825
f 2976/4884/2815 2977/4885/2827 2978/4886/2828 2962/4887/2812
f 2962/4865/2812 2978/4888/2828 2979/4889/2829 2981/4866/2813
f 2981/4890/2813 2979/4891/2829 2980/4892/2830 2982/4893/2831
f 2981/4866/2813 2982/4894/2831 2983/4895/2832 2961/4862/2809
f 2982/4893/2831 2984/4896/2833 2986/4897/2834 2983/4898/2832
f 2982/4893/2831 2980/4892/2830 2987/4899/2835 2984/4896/2833
f 2984/4896/2833 2987/4899/2835 2988/4900/2836 2985/4901/2837
f 3007/4902/2838 2986/4897/2834 2984/4896/2833 2985/4901/2837
f 2985/4903/2837 2988/4904/2836 2989/4905/2839 2991/4906/2840
f 2991/4907/2840 2989/4908/2839 2990/4909/2841 2993/4910/2842
f 2985/4903/2837 2991/4906/2840 2992/4911/2843 3007/4912/2838
f 2991/4907/2840 2993/4910/2842 2994/4913/2844 2992/4914/2843
f 2993/4910/2842 2995/4915/2845 2998/4916/2846 2994/4913/2844
f 2993/4910/2842 2990/4909/2841 2997/4917/2847 2995/4915/2845
f 2995/4915/2845 2997/4917/2847 3006/4918/2848 2996/4919/2849
f 2995/4915/2845 2996/4919/2849 2999/4920/2850 2998/4916/2846
f 2996/4919/2849 3001/4921/2851 3000/4922/2852 2999/4920/2850
f 3001/4921/2851 3003/4923/2853 3002/4924/2854 3000/4922/2852
f 3005/4925/2855 3004/4926/2856 3003/4923/2853 3001/4921/2851
f 2996/4919/2849 3006/4918/2848 3005/4925/2855 3001/4921/2851
f 2965/4869/2816 3009/4872/2819 3010/4927/2857 3011/4928/2857
f 3013/4929/2858 3012/4930/2859 3015/4931/2860 3016/4932/2861
f 3025/4933/2862 3014/4934/2863 3012/4935/2859 3013/4936/2858
f 3016/4932/2861 3015/4931/2860 3017/4937/2864 3018/4938/2865
f 3018/4938/2865 3017/4937/2864 3019/4939/2866 3020/4940/2867
f 3020/4941/2867 3019/4942/2866 3021/4943/2868 3022/4944/2869
f 3022/4944/2869 3021/4943/2868 3023/4945/2870 3024/4946/2870
f 3014/4934/2863 3025/4933/2862 3027/4947/2871 3026/4948/2872
f 3026/4948/2872 3027/4947/2871 3029/4949/2873 3028/4950/2874
f 3028/4951/2874 3029/4952/2873 3031/4953/2875 3030/4954/2875
f 3033/4955/2876 3036/4956/2877 3035/4957/2878 3032/4958/2879
f 3045/4959/2880 3033/4960/2876 3032/4961/2879 3034/4962/2881
f 3036/4956/2877 3038/4963/2882 3037/4964/2883 3035/4957/2878
f 3038/4963/2882 3040/4965/2884 3039/4966/2885 3037/4964/2883
f 3040/4967/2884 3042/4968/2886 3041/4969/2887 3039/4970/2885
f 3042/4968/2886 3044/4971/2888 3043/4972/2888 3041/4969/2887
f 3034/4962/2881 3046/4973/2889 3047/4974/2890 3045/4959/2880
f 3046/4973/2889 3048/4975/2891 3049/4976/2892 3047/4974/2890
f 3048/4977/2891 3050/4978/2893 3051/4979/2893 3049/4980/2892
f 3052/4981/2894 3054/4982/2895 3063/4983/2896 3053/4984/2897
f 3054/4982/2895 3052/4981/2894 3055/4985/2898 3062/4986/2899
f 3055/4985/2898 3052/4981/2894 3056/4987/2900 3057/4988/2901
f 3057/4988/2901 3056/4987/2900 3058/4989/2902 3059/4990/2903
f 3059/4990/2903 3058/4989/2902 3060/4991/2904 3061/4992/2904
f 3053/4993/2897 3063/4994/2896 3064/4995/2905 3065/4996/2906
f 3065/4996/2906 3064/4995/2905 3066/4997/2907 3067/4998/2908
f 3067/4998/2908 3066/4997/2907 3068/4999/2909 3070/5000/2910
f 3070/5000/2910 3068/4999/2909 3069/5001/2911 3071/5002/2911
f 3072/5003/2912 3074/5004/2913 3098/5005/2914 3073/5006/2915
f 3072/5003/2912 3073/5006/2915 3077/5007/2916 3076/5008/2917
f 3075/5009/2918 3104/5010/2919 3074/5011/2913 3072/5012/2912
f 3075/5009/2918 3072/5012/2912 3076/5013/2917 3078/5014/2920
f 3077/5015/2916 3080/5016/2921 3078/5017/2920 3076/5018/2917
f 3103/5019/2922 3075/5020/2918 3078/5017/2920 3079/5021/2923
f 3080/5016/2921 3082/5022/2924 3079/5021/2923 3078/5017/2920
f 3081/5023/2925 3084/5024/2926 3082/5022/2924 3080/5016/2921
f 3105/5025/2927 3081/5023/2925 3080/5016/2921 3077/5015/2916
f 3083/5026/2928 3103/5019/2922 3079/5021/2923 3082/5022/2924
f 3085/5027/2929 3083/5028/2928 3082/5029/2924 3084/5030/2926
f 3087/5031/2930 3085/5027/2929 3084/5030/2926 3081/5032/2925
f 3085/5027/2929 3086/5033/2931 3101/5034/2932 3083/5028/2928
f 3087/5031/2930 3089/5035/2933 3086/5033/2931 3085/5027/2929
f 3088/5036/2934 3087/5031/2930 3081/5032/2925 3105/5037/2927
f 3088/5036/2934 3090/5038/2935 3089/5035/2933 3087/5031/2930
f 3086/5039/2931 3089/5040/2933 3091/5041/2936 3092/5042/2937
f 3089/5040/2933 3090/5043/2935 3093/5044/2938 3091/5041/2936
f 3092/5042/2937 3091/5041/2936 3094/5045/2939 3096/5046/2940
f 3091/5041/2936 3093/5044/2938 3097/5047/2941 3094/5045/2939
f 3096/5046/2940 3094/5045/2939 3095/5048/2942 3100/5049/2943
f 3094/5045/2939 3097/5047/2941 3099/5050/2944 3095/5048/2942
f 3098/5051/2914 3074/5011/2913 3099/5052/2944 3097/5053/2941
f 3090/5054/2935 3098/5005/2914 3097/5055/2941 3093/5056/2938
f 3074/5011/2913 3104/5010/2919 3095/5057/2942 3099/5052/2944
f 3073/5006/2915 3098/5005/2914 3090/5054/2935 3088/5058/2934
f 3102/5059/2945 3101/5060/2932 3096/5061/2940 3100/5062/2943
f 3101/5063/2932 3086/5039/2931 3092/5042/2937 3096/5046/2940
f 3083/5064/2928 3101/5060/2932 3102/5059/2945 3103/5065/2922
f 3103/5066/2922 3102/5067/2945 3104/5010/2919 3075/5009/2918
f 3104/5010/2919 3102/5067/2945 3100/5068/2943 3095/5057/2942
f 3073/5006/2915 3088/5058/2934 3105/5069/2927 3077/5007/2916
f 3106/5070/2946 3108/5071/2947 3132/5072/2948 3107/5073/2949
f 3106/5070/2946 3107/5073/2949 3111/5074/2950 3110/5075/2951
f 3109/5076/2952 3138/5077/2953 3108/5078/2947 3106/5079/2946
f 3109/5076/2952 3106/5079/2946 3110/5080/2951 3112/5081/2954
f 3111/5082/2950 3114/5083/2955 3112/5084/2954 3110/5085/2951
f 3137/5086/2956 3109/5076/2952 3112/5081/2954 3113/5087/2957
f 3114/5083/2955 3116/5088/2958 3113/5089/2957 3112/5084/2954
f 3115/5090/2959 3118/5091/2960 3116/5088/2958 3114/5083/2955
f 3139/5092/2961 3115/5090/2959 3114/5083/2955 3111/5082/2950
f 3117/5093/2962 3137/5094/2956 3113/5095/2957 3116/5096/2958
f 3119/5097/2963 3117/5093/2962 3116/5096/2958 3118/5098/2960
f 3121/5099/2964 3119/5100/2963 3118/5101/2960 3115/5102/2959
f 3119/5097/2963 3120/5103/2965 3135/5104/2966 3117/5093/2962
f 3121/5099/2964 3123/5105/2967 3120/5106/2965 3119/5100/2963
f 3122/5107/2968 3121/5099/2964 3115/5102/2959 3139/5108/2961
f 3122/5107/2968 3124/5109/2969 3123/5105/2967 3121/5099/2964
f 3120/5110/2965 3123/5111/2967 3125/5112/2970 3126/5113/2971
f 3123/5105/2967 3124/5109/2969 3127/5114/2972 3125/5115/2970
f 3126/5113/2971 3125/5112/2970 3128/5116/2973 3130/5117/2974
f 3125/5112/2970 3127/5118/2972 3131/5119/2975 3128/5116/2973
f 3130/5117/2974 3128/5116/2973 3129/5120/2976 3134/5121/2977
f 3128/5116/2973 3131/5119/2975 3133/5122/2978 3129/5120/2976
f 3132/5072/2948 3108/5071/2947 3133/5123/2978 3131/5124/2975
f 3124/5125/2969 3132/5072/2948 3131/5124/2975 3127/5126/2972
f 3108/5078/2947 3138/5077/2953 3129/5127/2976 3133/5128/2978
f 3107/5073/2949 3132/5072/2948 3124/5125/2969 3122/5129/2968
f 3136/5130/2979 3135/5131/2966 3130/5117/2974 3134/5121/2977
f 3135/5131/2966 3120/5110/2965 3126/5113/2971 3130/5117/2974
f 3117/5093/2962 3135/5104/2966 3136/5132/2979 3137/5094/2956
f 3137/5086/2956 3136/5133/2979 3138/5077/2953 3109/5076/2952
f 3138/5077/2953 3136/5133/2979 3134/5134/2977 3129/5127/2976
f 3107/5073/2949 3122/5129/2968 3139/5135/2961 3111/5074/2950
f 3140/5136/2980 3141/5137/2981 3144/5138/2982 3143/5139/2983
f 3140/5136/2980 3142/5140/2984 3151/5141/2984 3141/5137/2981
f 3143/5142/2983 3144/5143/2982 3147/5144/2985 3145/5145/2986
f 3145/5146/2986 3147/5147/2985 3148/5148/2987 3146/5149/2988
f 3146/5150/2988 3148/5151/2987 3149/5152/2989 3150/5153/2989
f 3152/5154/2990 3153/5155/2991 3156/5156/2992 3155/5157/2993
f 3152/5154/2990 3154/5158/2994 3161/5159/2995 3153/5155/2991
f 3155/5157/2993 3156/5156/2992 3159/5160/2996 3157/5161/2997
f 3157/5161/2997 3159/5160/2996 3160/5162/2998 3158/5163/2998
f 3161/5164/2995 3154/5165/2994 3162/5166/2999 3163/5167/3000
f 3163/5168/3000 3162/5169/2999 3164/5170/3001 3165/5171/3002
f 3165/5172/3002 3164/5173/3001 3166/5174/3003 3167/5175/3004
f 3167/5175/3004 3166/5174/3003 3168/5176/3005 3169/5177/3006
f 3169/5178/3006 3168/5179/3005 3170/5180/3007 3171/5181/3008
f 3171/5181/3008 3170/5180/3007 3172/5182/3009 3173/5183/3010
f 3173/5184/3010 3172/5185/3009 3174/5186/3011 3175/5187/3012
f 3175/5188/3012 3174/5189/3011 3176/5190/3013 3177/5191/3014
f 3177/5192/3014 3176/5193/3013 3178/5194/3015 3179/5195/3016
f 3179/5195/3016 3178/5194/3015 3180/5196/3017 3181/5197/3018
f 3181/5198/3018 3180/5199/3017 3182/5200/3019 3183/5201/3020
f 3183/5201/3020 3182/5200/3019 3184/5202/3021 3185/5203/3022
f 3185/5203/3022 3184/5202/3021 3186/5204/3023 3187/5205/3023
s 0
f 3188/5206/3024 3189/5207/3024 3192/5208/3024 3191/5209/3024
f 3188/5210/3025 3190/5211/3025 3197/5212/3025 3189/5213/3025
f 3191/5209/3026 3192/5208/3026 3194/5214/3026 3193/5215/3026
f 3193/5215/3027 3194/5214/3027 3196/5216/3027 3195/5217/3027
f 3199/5218/3028 3198/5219/3028 3201/5220/3028 3202/5221/3028
f 3198/5219/3029 3199/5218/3029 3205/5222/3029 3200/5223/3029
f 3202/5224/3030 3201/5225/3030 3203/5226/3030 3204/5227/3030
f 3200/5228/3031 3205/5229/3031 3207/5230/3031 3206/5231/3031
s 1
f 3208/5232/3032 3209/5233/3032 3211/5234/3033 3210/5235/3034
f 3210/5235/3034 3211/5234/3033 3213/5236/3035 3212/5237/3036
f 3212/5238/3036 3213/5239/3035 3215/5240/3037 3214/5241/3038
f 3214/5241/3038 3215/5240/3037 3217/5242/3039 3216/5243/3040
f 3216/5244/3040 3217/5245/3039 3219/5246/3041 3218/5247/3042
f 3218/5247/3042 3219/5246/3041 3221/5248/3043 3220/5249/3044
f 3220/5250/3044 3221/5251/3043 3223/5252/3045 3222/5253/3046
f 3222/5253/3046 3223/5252/3045 3225/5254/3047 3224/5255/3048
f 3224/5256/3048 3225/5257/3047 3227/5258/3049 3226/5259/3049
f 3228/5260/3050 3229/5261/3050 3231/5262/3051 3230/5263/3052
f 3230/5263/3052 3231/5262/3051 3233/5264/3053 3232/5265/3054
f 3232/5266/3054 3233/5267/3053 3235/5268/3055 3234/5269/3056
f 3234/5269/3056 3235/5268/3055 3237/5270/3057 3236/5271/3058
f 3236/5272/3058 3237/5273/3057 3239/5274/3059 3238/5275/3060
f 3238/5275/3060 3239/5274/3059 3242/5276/3061 3240/5277/3062
f 3240/5277/3062 3242/5276/3061 3243/5278/3063 3241/5279/3064
f 3241/5279/3064 3243/5278/3063 3244/5280/3065 3245/5281/3066
f 3245/5282/3066 3244/5283/3065 3246/5284/3067 3247/5285/3068
f 3247/5285/3068 3246/5284/3067 3248/5286/3069 3249/5287/3069
f 3250/5288/3070 3251/5289/3071 3260/5290/3072 3253/5291/3073
f 3250/5288/3070 3252/5292/3074 3267/5293/3075 3251/5289/3071
f 3252/5294/3074 3250/5295/3070 3254/5296/3076 3256/5297/3077
f 3250/5295/3070 3253/5298/3073 3257/5299/3078 3254/5296/3076
f 3254/5300/3076 3257/5301/3078 3258/5302/3079 3255/5303/3080
f 3254/5300/3076 3255/5303/3080 3276/5304/3081 3256/5305/3077
f 3253/5298/3073 3260/5306/3072 3258/5307/3079 3257/5299/3078
f 3260/5306/3072 3261/5308/3082 3259/5309/3083 3258/5307/3079
f 3255/5310/3080 3258/5311/3079 3259/5312/3083 3277/5313/3084
f 3251/5314/3071 3263/5315/3085 3261/5316/3082 3260/5317/3072
f 3261/5308/3082 3262/5318/3086 3279/5319/3087 3259/5309/3083
f 3263/5315/3085 3264/5320/3088 3262/5321/3086 3261/5316/3082
f 3251/5314/3071 3267/5322/3075 3265/5323/3089 3263/5315/3085
f 3263/5324/3085 3265/5325/3089 3266/5326/3090 3264/5327/3088
f 3265/5325/3089 3268/5328/3091 3269/5329/3092 3266/5326/3090
f 3267/5322/3075 3270/5330/3093 3268/5331/3091 3265/5323/3089
f 3269/5329/3092 3268/5328/3091 3271/5332/3094 3272/5333/3095
f 3268/5334/3091 3270/5335/3093 3273/5336/3096 3271/5337/3094
f 3274/5338/3097 3275/5339/3098 3272/5340/3095 3271/5341/3094
f 3276/5342/3081 3274/5338/3097 3271/5341/3094 3273/5343/3096
f 3277/5344/3084 3278/5345/3099 3275/5339/3098 3274/5338/3097
f 3255/5346/3080 3277/5344/3084 3274/5338/3097 3276/5342/3081
f 3277/5344/3084 3259/5309/3083 3279/5319/3087 3278/5345/3099
f 3264/5347/3088 3266/5348/3090 3275/5349/3098 3278/5350/3099
f 3262/5351/3086 3264/5347/3088 3278/5350/3099 3279/5352/3087
f 3256/5305/3077 3276/5304/3081 3273/5353/3096 3280/5354/3100
f 3266/5348/3090 3269/5355/3092 3272/5356/3095 3275/5349/3098
f 3270/5335/3093 3281/5357/3101 3280/5358/3100 3273/5336/3096
f 3281/5359/3101 3252/5294/3074 3256/5297/3077 3280/5360/3100
f 3252/5292/3074 3281/5361/3101 3270/5362/3093 3267/5293/3075
f 3282/5363/3102 3284/5364/3102 3285/5365/3103 3283/5366/3104
f 3283/5367/3104 3285/5368/3103 3286/5369/3105 3287/5370/3105
